t_pc_s,salto_ms,t_ms,dN,dE,dS,dO,pN,pE,pS,pO,nr0,nr1,nr2,nr3,mr0,mr1,mr2,mr3,ret,mem,roll,pitch,yaw,yaw_ref,corr,cm_tramo,celdas,estado,cmd,ev,err_giro,imu_ok,hab,rpm_DI,rpm_DD,rpm_TI,rpm_TD,obj_DI,obj_DD,obj_TI,obj_TD,pwm_DI,pwm_DD,pwm_TI,pwm_TD,desp_DI,desp_DD,desp_TI,desp_TD,agc_DI,agc_DD,agc_TI,agc_TD,vivas,cortadas,ciclo_ms
0.009,,214963.0,600.0,249.0,750.0,600.0,0.0,1.0,0.0,0.0,0.5,0.147,0.623,0.5,0.509,0.163,0.635,0.517,0.0,0.0,-2.02,-5.82,0.02,0.0,0.0,0.0,0.0,0.0,0.0,0.0,0.0,1.0,0.0,0.0,0.0,0.0,-0.0,0.0,0.0,0.0,0.0,0.0,0.0,0.0,0.0,170.0,141.0,170.0,170.0,12.0,11.0,78.0,5.0,15.0,0.0,0.0
0.094,96,215059.0,600.0,248.0,750.0,600.0,0.0,1.0,0.0,0.0,0.5,0.147,0.623,0.5,0.509,0.163,0.635,0.517,0.0,0.0,-2.02,-5.82,0.02,0.0,0.0,0.0,0.0,0.0,0.0,0.0,0.0,1.0,0.0,0.0,0.0,0.0,-0.0,0.0,0.0,0.0,0.0,0.0,0.0,0.0,0.0,170.0,141.0,170.0,170.0,12.0,11.0,78.0,5.0,15.0,0.0,1.0
0.151,53,215112.0,600.0,248.0,702.0,600.0,0.0,1.0,0.0,0.0,0.5,0.147,0.623,0.5,0.509,0.163,0.635,0.517,0.0,0.0,-2.02,-5.82,0.02,0.0,0.0,0.0,0.0,0.0,0.0,0.0,0.0,1.0,0.0,0.0,-0.0,0.0,-0.0,0.0,0.0,0.0,0.0,0.0,0.0,0.0,0.0,170.0,141.0,170.0,170.0,12.0,11.0,78.0,5.0,15.0,0.0,0.0
0.18,37,215149.0,600.0,248.0,702.0,600.0,0.0,1.0,0.0,0.0,0.5,0.147,0.599,0.5,0.509,0.163,0.612,0.516,0.0,0.0,-2.02,-5.82,0.02,0.0,0.0,0.0,0.0,0.0,0.0,0.0,0.0,1.0,0.0,0.0,-0.0,0.0,-0.0,0.0,0.0,0.0,0.0,0.0,0.0,0.0,0.0,170.0,141.0,170.0,170.0,12.0,11.0,78.0,5.0,15.0,0.0,0.0
0.294,100,215249.0,600.0,246.0,702.0,600.0,0.0,1.0,0.0,0.0,0.5,0.147,0.599,0.5,0.509,0.163,0.612,0.516,0.0,0.0,-2.02,-5.82,0.02,0.0,0.0,0.0,0.0,0.0,0.0,0.0,0.0,1.0,0.0,0.0,0.1,0.0,-0.0,0.0,0.0,0.0,0.0,0.0,0.0,0.0,0.0,170.0,141.0,170.0,170.0,12.0,11.0,78.0,5.0,15.0,0.0,0.0
0.323,51,215300.0,600.0,246.0,662.0,600.0,0.0,1.0,0.0,0.0,0.5,0.147,0.599,0.5,0.509,0.163,0.612,0.516,0.0,0.0,-2.02,-5.82,0.02,0.0,0.0,0.0,0.0,0.0,0.0,0.0,0.0,1.0,0.0,0.0,0.1,0.0,-0.0,0.0,0.0,0.0,0.0,0.0,0.0,0.0,0.0,170.0,141.0,170.0,170.0,12.0,11.0,78.0,5.0,15.0,0.0,0.0
0.38,37,215337.0,600.0,246.0,662.0,600.0,0.0,1.0,0.0,0.0,0.5,0.145,0.572,0.5,0.509,0.161,0.586,0.516,0.0,0.0,-2.02,-5.82,0.02,0.0,0.0,0.0,0.0,0.0,0.0,0.0,0.0,1.0,0.0,0.0,0.0,0.0,-0.0,0.0,0.0,0.0,0.0,0.0,0.0,0.0,0.0,170.0,141.0,170.0,170.0,12.0,11.0,78.0,5.0,15.0,0.0,0.0
0.466,100,215437.0,600.0,247.0,662.0,600.0,0.0,1.0,0.0,0.0,0.5,0.145,0.572,0.5,0.509,0.161,0.586,0.516,0.0,0.0,-2.02,-5.82,0.02,0.0,0.0,0.0,0.0,0.0,0.0,0.0,0.0,1.0,0.0,0.0,-0.3,0.0,-0.0,0.0,0.0,0.0,0.0,0.0,0.0,0.0,0.0,170.0,141.0,170.0,170.0,12.0,11.0,78.0,5.0,15.0,0.0,0.0
0.523,51,215488.0,600.0,247.0,645.0,600.0,0.0,1.0,0.0,0.0,0.5,0.145,0.572,0.5,0.509,0.161,0.586,0.516,0.0,0.0,-2.02,-5.82,0.02,0.0,0.0,0.0,0.0,0.0,0.0,0.0,0.0,1.0,0.0,0.0,-0.3,0.0,-0.0,0.0,0.0,0.0,0.0,0.0,0.0,0.0,0.0,170.0,141.0,170.0,170.0,12.0,11.0,78.0,5.0,15.0,0.0,0.0
0.551,38,215526.0,600.0,247.0,645.0,600.0,0.0,1.0,0.0,0.0,0.5,0.145,0.553,0.5,0.509,0.16,0.565,0.515,0.0,0.0,-2.02,-5.82,0.02,0.0,0.0,0.0,0.0,0.0,0.0,0.0,0.0,1.0,0.0,0.0,-0.2,0.0,-0.0,0.0,0.0,0.0,0.0,0.0,0.0,0.0,0.0,170.0,141.0,170.0,170.0,12.0,11.0,78.0,5.0,15.0,0.0,0.0
0.665,98,215624.0,600.0,247.0,645.0,600.0,0.0,1.0,0.0,0.0,0.5,0.145,0.553,0.5,0.509,0.16,0.565,0.515,0.0,0.0,-2.02,-5.82,0.02,0.0,0.0,0.0,0.0,0.0,0.0,0.0,0.0,1.0,0.0,0.0,0.2,0.0,-0.0,0.0,0.0,0.0,0.0,0.0,0.0,0.0,0.0,170.0,141.0,170.0,170.0,12.0,11.0,78.0,5.0,15.0,0.0,0.0
0.723,51,215675.0,600.0,247.0,645.0,600.0,0.0,1.0,0.0,0.0,0.5,0.145,0.553,0.5,0.509,0.16,0.565,0.515,0.0,0.0,-2.02,-5.82,0.02,0.0,0.0,0.0,0.0,0.0,0.0,0.0,0.0,1.0,0.0,0.0,0.2,0.0,-0.0,0.0,0.0,0.0,0.0,0.0,0.0,0.0,0.0,170.0,141.0,170.0,170.0,12.0,11.0,78.0,5.0,15.0,0.0,0.0
0.751,38,215713.0,600.0,247.0,645.0,600.0,0.0,1.0,0.0,0.0,0.5,0.145,0.544,0.5,0.509,0.16,0.555,0.515,0.0,0.0,-2.02,-5.82,0.02,0.0,0.0,0.0,0.0,0.0,0.0,0.0,0.0,1.0,0.0,0.0,0.2,0.0,-0.0,0.0,0.0,0.0,0.0,0.0,0.0,0.0,0.0,170.0,141.0,170.0,170.0,12.0,11.0,78.0,5.0,15.0,0.0,1.0
0.836,100,215813.0,600.0,249.0,645.0,600.0,0.0,1.0,0.0,0.0,0.5,0.145,0.544,0.5,0.509,0.16,0.555,0.515,0.0,0.0,-2.02,-5.82,0.02,0.0,0.0,0.0,0.0,0.0,0.0,0.0,0.0,1.0,0.0,0.0,0.1,0.0,-0.0,0.0,0.0,0.0,0.0,0.0,0.0,0.0,0.0,170.0,141.0,170.0,170.0,12.0,11.0,78.0,5.0,15.0,0.0,0.0
0.894,51,215864.0,600.0,249.0,645.0,600.0,0.0,1.0,0.0,0.0,0.5,0.145,0.544,0.5,0.509,0.16,0.555,0.515,0.0,0.0,-2.02,-5.82,0.02,0.0,0.0,0.0,0.0,0.0,0.0,0.0,0.0,1.0,0.0,0.0,0.1,0.0,-0.0,0.0,0.0,0.0,0.0,0.0,0.0,0.0,0.0,170.0,141.0,170.0,170.0,12.0,11.0,78.0,5.0,15.0,0.0,0.0
0.951,37,215901.0,600.0,249.0,645.0,600.0,0.0,1.0,0.0,0.0,0.5,0.146,0.54,0.5,0.509,0.161,0.55,0.515,0.0,0.0,-2.02,-5.82,0.02,0.0,0.0,0.0,0.0,0.0,0.0,0.0,0.0,1.0,0.0,0.0,0.0,0.0,-0.0,0.0,0.0,0.0,0.0,0.0,0.0,0.0,0.0,170.0,141.0,170.0,170.0,12.0,11.0,78.0,5.0,15.0,0.0,0.0
1.036,99,216000.0,600.0,247.0,645.0,600.0,0.0,1.0,0.0,0.0,0.5,0.146,0.54,0.5,0.509,0.161,0.55,0.515,0.0,0.0,-2.02,-5.82,0.02,0.0,0.0,0.0,0.0,0.0,0.0,0.0,0.0,1.0,0.0,0.0,0.0,0.0,-0.0,0.0,0.0,0.0,0.0,0.0,0.0,0.0,0.0,170.0,141.0,170.0,170.0,12.0,11.0,78.0,5.0,15.0,0.0,1.0
1.093,52,216052.0,600.0,247.0,645.0,600.0,0.0,1.0,0.0,0.0,0.5,0.146,0.54,0.5,0.509,0.161,0.55,0.515,0.0,0.0,-2.02,-5.82,0.02,0.0,0.0,0.0,0.0,0.0,0.0,0.0,0.0,1.0,0.0,0.0,0.0,0.0,-0.0,0.0,0.0,0.0,0.0,0.0,0.0,0.0,0.0,170.0,141.0,170.0,170.0,12.0,11.0,78.0,5.0,15.0,0.0,0.0
1.122,38,216090.0,600.0,247.0,645.0,600.0,0.0,1.0,0.0,0.0,0.5,0.146,0.538,0.5,0.509,0.161,0.547,0.515,0.0,0.0,-2.02,-5.82,0.02,0.0,0.0,0.0,0.0,0.0,0.0,0.0,0.0,1.0,0.0,0.0,0.1,0.0,-0.0,0.0,0.0,0.0,0.0,0.0,0.0,0.0,0.0,170.0,141.0,170.0,170.0,12.0,11.0,78.0,5.0,15.0,0.0,0.0
1.236,96,216186.0,600.0,248.0,645.0,600.0,0.0,1.0,0.0,0.0,0.5,0.146,0.538,0.5,0.509,0.161,0.547,0.515,0.0,0.0,-2.02,-5.82,0.02,0.0,0.0,0.0,0.0,0.0,0.0,0.0,0.0,1.0,0.0,0.0,-0.3,0.0,-0.0,0.0,0.0,0.0,0.0,0.0,0.0,0.0,0.0,170.0,141.0,170.0,170.0,12.0,11.0,78.0,5.0,15.0,0.0,0.0
1.264,52,216238.0,600.0,248.0,696.0,600.0,0.0,1.0,0.0,0.0,0.5,0.146,0.538,0.5,0.509,0.161,0.547,0.515,0.0,0.0,-2.02,-5.82,0.02,0.0,0.0,0.0,0.0,0.0,0.0,0.0,0.0,1.0,0.0,0.0,-0.3,0.0,-0.0,0.0,0.0,0.0,0.0,0.0,0.0,0.0,0.0,170.0,141.0,170.0,170.0,12.0,11.0,78.0,5.0,15.0,0.0,0.0
1.321,37,216275.0,600.0,248.0,696.0,600.0,0.0,1.0,0.0,0.0,0.5,0.146,0.557,0.5,0.509,0.161,0.563,0.515,0.0,0.0,-2.02,-5.82,0.02,0.0,0.0,0.0,0.0,0.0,0.0,0.0,0.0,1.0,0.0,0.0,-0.2,0.0,-0.0,0.0,0.0,0.0,0.0,0.0,0.0,0.0,0.0,170.0,141.0,170.0,170.0,12.0,11.0,78.0,5.0,15.0,0.0,0.0
1.406,101,216376.0,600.0,248.0,696.0,600.0,0.0,1.0,0.0,0.0,0.5,0.146,0.557,0.5,0.509,0.161,0.563,0.515,0.0,0.0,-2.02,-5.82,0.02,0.0,0.0,0.0,0.0,0.0,0.0,0.0,0.0,1.0,0.0,0.0,-0.1,0.0,-0.0,0.0,0.0,0.0,0.0,0.0,0.0,0.0,0.0,170.0,141.0,170.0,170.0,12.0,11.0,78.0,5.0,15.0,0.0,0.0
1.464,54,216430.0,600.0,248.0,651.0,600.0,0.0,1.0,0.0,0.0,0.5,0.146,0.557,0.5,0.509,0.161,0.563,0.515,0.0,0.0,-2.02,-5.82,0.02,0.0,0.0,0.0,0.0,0.0,0.0,0.0,0.0,1.0,0.0,0.0,-0.0,0.0,-0.0,0.0,0.0,0.0,0.0,0.0,0.0,0.0,0.0,170.0,141.0,170.0,170.0,12.0,11.0,78.0,5.0,15.0,0.0,0.0
1.492,37,216467.0,600.0,248.0,651.0,600.0,0.0,1.0,0.0,0.0,0.5,0.146,0.548,0.5,0.509,0.161,0.559,0.515,0.0,0.0,-2.02,-5.82,0.02,0.0,0.0,0.0,0.0,0.0,0.0,0.0,0.0,1.0,0.0,0.0,-0.0,0.0,-0.0,0.0,0.0,0.0,0.0,0.0,0.0,0.0,0.0,170.0,141.0,170.0,170.0,12.0,11.0,78.0,5.0,15.0,0.0,0.0
1.606,99,216566.0,600.0,248.0,651.0,600.0,0.0,1.0,0.0,0.0,0.5,0.146,0.548,0.5,0.509,0.161,0.559,0.515,0.0,0.0,-2.02,-5.82,0.02,0.0,0.0,0.0,0.0,0.0,0.0,0.0,0.0,1.0,0.0,0.0,-0.2,0.0,-0.0,0.0,0.0,0.0,0.0,0.0,0.0,0.0,0.0,170.0,141.0,170.0,170.0,12.0,11.0,78.0,5.0,15.0,0.0,0.0
1.663,52,216618.0,600.0,248.0,651.0,600.0,0.0,1.0,0.0,0.0,0.5,0.146,0.548,0.5,0.509,0.161,0.559,0.515,0.0,0.0,-2.02,-5.82,0.02,0.0,0.0,0.0,0.0,0.0,0.0,0.0,0.0,1.0,0.0,0.0,-0.2,0.0,-0.0,0.0,0.0,0.0,0.0,0.0,0.0,0.0,0.0,170.0,141.0,170.0,170.0,12.0,11.0,78.0,5.0,15.0,0.0,0.0
1.692,37,216655.0,600.0,248.0,651.0,600.0,0.0,1.0,0.0,0.0,0.5,0.146,0.544,0.5,0.509,0.161,0.554,0.515,0.0,0.0,-2.02,-5.82,0.02,0.0,0.0,0.0,0.0,0.0,0.0,0.0,0.0,1.0,0.0,0.0,-0.1,0.0,-0.0,0.0,0.0,0.0,0.0,0.0,0.0,0.0,0.0,170.0,141.0,170.0,170.0,12.0,11.0,78.0,5.0,15.0,0.0,0.0
1.805,101,216756.0,600.0,247.0,651.0,600.0,0.0,1.0,0.0,0.0,0.5,0.146,0.544,0.5,0.509,0.161,0.554,0.515,0.0,0.0,-2.02,-5.82,0.02,0.0,0.0,0.0,0.0,0.0,0.0,0.0,0.0,1.0,0.0,0.0,-0.2,0.0,-0.0,0.0,0.0,0.0,0.0,0.0,0.0,0.0,0.0,170.0,141.0,170.0,170.0,12.0,11.0,78.0,5.0,15.0,0.0,1.0
1.834,52,216808.0,600.0,247.0,651.0,600.0,0.0,1.0,0.0,0.0,0.5,0.146,0.544,0.5,0.509,0.161,0.554,0.515,0.0,0.0,-2.02,-5.82,0.02,0.0,0.0,0.0,0.0,0.0,0.0,0.0,0.0,1.0,0.0,0.0,-0.1,0.0,-0.0,0.0,0.0,0.0,0.0,0.0,0.0,0.0,0.0,170.0,141.0,170.0,170.0,12.0,11.0,78.0,5.0,15.0,0.0,0.0
1.891,37,216845.0,600.0,247.0,651.0,600.0,0.0,1.0,0.0,0.0,0.5,0.145,0.542,0.5,0.509,0.16,0.552,0.515,0.0,0.0,-2.02,-5.82,0.02,0.0,0.0,0.0,0.0,0.0,0.0,0.0,0.0,1.0,0.0,0.0,-0.1,0.0,-0.0,0.0,0.0,0.0,0.0,0.0,0.0,0.0,0.0,170.0,141.0,170.0,170.0,12.0,11.0,78.0,5.0,15.0,0.0,0.0
1.977,99,216944.0,600.0,249.0,651.0,600.0,0.0,1.0,0.0,0.0,0.5,0.145,0.542,0.5,0.509,0.16,0.552,0.515,0.0,0.0,-2.02,-5.82,0.02,0.0,0.0,0.0,0.0,0.0,0.0,0.0,0.0,1.0,0.0,0.0,-0.1,0.0,-0.0,0.0,0.0,0.0,0.0,0.0,0.0,0.0,0.0,170.0,141.0,170.0,170.0,12.0,11.0,78.0,5.0,15.0,0.0,1.0
2.034,51,216995.0,600.0,249.0,651.0,600.0,0.0,1.0,0.0,0.0,0.5,0.145,0.542,0.5,0.509,0.16,0.552,0.515,0.0,0.0,-2.02,-5.82,0.02,0.0,0.0,0.0,0.0,0.0,0.0,0.0,0.0,1.0,0.0,0.0,-0.1,0.0,-0.0,0.0,0.0,0.0,0.0,0.0,0.0,0.0,0.0,170.0,141.0,170.0,170.0,12.0,11.0,78.0,5.0,15.0,0.0,0.0
2.063,39,217034.0,600.0,249.0,651.0,600.0,0.0,1.0,0.0,0.0,0.5,0.146,0.541,0.5,0.509,0.161,0.551,0.515,0.0,0.0,-2.02,-5.82,0.02,0.0,0.0,0.0,0.0,0.0,0.0,0.0,0.0,1.0,0.0,0.0,-0.0,0.0,-0.0,0.0,0.0,0.0,0.0,0.0,0.0,0.0,0.0,170.0,141.0,170.0,170.0,12.0,11.0,78.0,5.0,15.0,0.0,0.0
2.177,99,217133.0,600.0,250.0,651.0,600.0,0.0,1.0,0.0,0.0,0.5,0.146,0.541,0.5,0.509,0.161,0.551,0.515,0.0,0.0,-2.02,-5.82,0.02,0.0,0.0,0.0,0.0,0.0,0.0,0.0,0.0,1.0,0.0,0.0,-0.1,0.0,-0.0,0.0,0.0,0.0,0.0,0.0,0.0,0.0,0.0,170.0,141.0,170.0,170.0,12.0,11.0,78.0,5.0,15.0,0.0,1.0
2.234,54,217187.0,600.0,250.0,642.0,600.0,0.0,1.0,0.0,0.0,0.5,0.146,0.541,0.5,0.509,0.161,0.551,0.515,0.0,0.0,-2.02,-5.82,0.02,0.0,0.0,0.0,0.0,0.0,0.0,0.0,0.0,1.0,0.0,0.0,0.1,0.0,-0.0,0.0,0.0,0.0,0.0,0.0,0.0,0.0,0.0,170.0,141.0,170.0,170.0,12.0,11.0,78.0,5.0,15.0,0.0,1.0
2.262,38,217225.0,600.0,250.0,642.0,600.0,0.0,1.0,0.0,0.0,0.5,0.147,0.537,0.5,0.509,0.162,0.547,0.515,0.0,0.0,-2.02,-5.82,0.02,0.0,0.0,0.0,0.0,0.0,0.0,0.0,0.0,1.0,0.0,0.0,0.1,0.0,-0.0,0.0,0.0,0.0,0.0,0.0,0.0,0.0,0.0,170.0,141.0,170.0,170.0,12.0,11.0,78.0,5.0,15.0,0.0,0.0
2.348,96,217321.0,600.0,248.0,642.0,600.0,0.0,1.0,0.0,0.0,0.5,0.147,0.537,0.5,0.509,0.162,0.547,0.515,0.0,0.0,-2.02,-5.82,0.02,0.0,0.0,0.0,0.0,0.0,0.0,0.0,0.0,1.0,0.0,0.0,0.0,0.0,-0.0,0.0,0.0,0.0,0.0,0.0,0.0,0.0,0.0,170.0,141.0,170.0,170.0,12.0,11.0,78.0,5.0,15.0,0.0,1.0
2.405,52,217373.0,600.0,248.0,642.0,600.0,0.0,1.0,0.0,0.0,0.5,0.147,0.537,0.5,0.509,0.162,0.547,0.515,0.0,0.0,-2.02,-5.82,0.02,0.0,0.0,0.0,0.0,0.0,0.0,0.0,0.0,1.0,0.0,0.0,0.0,0.0,-0.0,0.0,0.0,0.0,0.0,0.0,0.0,0.0,0.0,170.0,141.0,170.0,170.0,12.0,11.0,78.0,5.0,15.0,0.0,0.0
2.462,37,217410.0,600.0,248.0,642.0,600.0,0.0,1.0,0.0,0.0,0.5,0.146,0.535,0.5,0.509,0.162,0.545,0.515,0.0,0.0,-2.02,-5.82,0.02,0.0,0.0,0.0,0.0,0.0,0.0,0.0,0.0,1.0,0.0,0.0,0.1,0.0,-0.0,0.0,0.0,0.0,0.0,0.0,0.0,0.0,0.0,170.0,141.0,170.0,170.0,12.0,11.0,78.0,5.0,15.0,0.0,0.0
2.547,98,217508.0,600.0,248.0,642.0,600.0,0.0,1.0,0.0,0.0,0.5,0.146,0.535,0.5,0.509,0.162,0.545,0.515,0.0,0.0,-2.02,-5.82,0.02,0.0,0.0,0.0,0.0,0.0,0.0,0.0,0.0,1.0,0.0,0.0,0.1,0.0,-0.0,0.0,0.0,0.0,0.0,0.0,0.0,0.0,0.0,170.0,141.0,170.0,170.0,12.0,11.0,78.0,5.0,15.0,0.0,0.0
2.604,52,217560.0,600.0,248.0,642.0,600.0,0.0,1.0,0.0,0.0,0.5,0.146,0.535,0.5,0.509,0.162,0.545,0.515,0.0,0.0,-2.02,-5.82,0.02,0.0,0.0,0.0,0.0,0.0,0.0,0.0,0.0,1.0,0.0,0.0,0.0,0.0,-0.0,0.0,0.0,0.0,0.0,0.0,0.0,0.0,0.0,170.0,141.0,170.0,170.0,12.0,11.0,78.0,5.0,15.0,0.0,0.0
2.633,37,217597.0,600.0,248.0,642.0,600.0,0.0,1.0,0.0,0.0,0.5,0.146,0.535,0.5,0.509,0.161,0.544,0.515,0.0,0.0,-2.02,-5.82,0.02,0.0,0.0,0.0,0.0,0.0,0.0,0.0,0.0,1.0,0.0,0.0,0.0,0.0,-0.0,0.0,0.0,0.0,0.0,0.0,0.0,0.0,0.0,170.0,141.0,170.0,170.0,12.0,11.0,78.0,5.0,15.0,0.0,0.0
2.747,102,217699.0,600.0,249.0,642.0,600.0,0.0,1.0,0.0,0.0,0.5,0.146,0.535,0.5,0.509,0.161,0.544,0.515,0.0,0.0,-2.02,-5.82,0.02,0.0,0.0,0.0,0.0,0.0,0.0,0.0,0.0,1.0,0.0,0.0,-0.3,0.0,-0.0,0.0,0.0,0.0,0.0,0.0,0.0,0.0,0.0,170.0,141.0,170.0,170.0,12.0,11.0,78.0,5.0,15.0,0.0,1.0
2.775,51,217750.0,600.0,249.0,642.0,600.0,0.0,1.0,0.0,0.0,0.5,0.146,0.535,0.5,0.509,0.161,0.544,0.515,0.0,0.0,-2.02,-5.82,0.02,0.0,0.0,0.0,0.0,0.0,0.0,0.0,0.0,1.0,0.0,0.0,-0.2,0.0,-0.0,0.0,0.0,0.0,0.0,0.0,0.0,0.0,0.0,170.0,141.0,170.0,170.0,12.0,11.0,78.0,5.0,15.0,0.0,0.0
2.832,37,217787.0,600.0,249.0,642.0,600.0,0.0,1.0,0.0,0.0,0.5,0.147,0.534,0.5,0.509,0.162,0.544,0.515,0.0,0.0,-2.02,-5.82,0.02,0.0,0.0,0.0,0.0,0.0,0.0,0.0,0.0,1.0,0.0,0.0,-0.3,0.1,-0.0,0.0,0.0,0.0,0.0,0.0,0.0,0.0,0.0,170.0,141.0,170.0,170.0,12.0,11.0,78.0,5.0,15.0,0.0,0.0
2.918,99,217886.0,600.0,251.0,642.0,600.0,0.0,1.0,0.0,0.0,0.5,0.147,0.534,0.5,0.509,0.162,0.544,0.515,0.0,0.0,-2.02,-5.82,0.02,0.0,0.0,0.0,0.0,0.0,0.0,0.0,0.0,1.0,0.0,0.0,-0.1,0.0,-0.0,0.0,0.0,0.0,0.0,0.0,0.0,0.0,0.0,170.0,141.0,170.0,170.0,12.0,11.0,78.0,5.0,15.0,0.0,0.0
2.975,51,217937.0,600.0,251.0,642.0,600.0,0.0,1.0,0.0,0.0,0.5,0.147,0.534,0.5,0.509,0.162,0.544,0.515,0.0,0.0,-2.02,-5.82,0.02,0.0,0.0,0.0,0.0,0.0,0.0,0.0,0.0,1.0,0.0,0.0,-0.1,0.0,-0.0,0.0,0.0,0.0,0.0,0.0,0.0,0.0,0.0,170.0,141.0,170.0,170.0,12.0,11.0,78.0,5.0,15.0,0.0,1.0
3.004,38,217975.0,600.0,251.0,642.0,600.0,0.0,1.0,0.0,0.0,0.5,0.148,0.534,0.5,0.509,0.163,0.543,0.515,0.0,0.0,-2.02,-5.82,0.02,0.0,0.0,0.0,0.0,0.0,0.0,0.0,0.0,1.0,0.0,0.0,-0.1,0.0,-0.0,0.0,0.0,0.0,0.0,0.0,0.0,0.0,0.0,170.0,141.0,170.0,170.0,12.0,11.0,78.0,5.0,15.0,0.0,0.0
3.122,99,218074.0,600.0,249.0,642.0,600.0,0.0,1.0,0.0,0.0,0.5,0.148,0.534,0.5,0.509,0.163,0.543,0.515,0.0,0.0,-2.02,-5.82,0.02,0.0,0.0,0.0,0.0,0.0,0.0,0.0,0.0,1.0,0.0,0.0,-0.1,0.1,-0.0,0.0,0.0,0.0,0.0,0.0,0.0,0.0,0.0,170.0,141.0,170.0,170.0,12.0,11.0,78.0,5.0,15.0,0.0,0.0
3.157,52,218126.0,600.0,249.0,600.0,600.0,0.0,1.0,0.0,0.0,0.5,0.148,0.534,0.5,0.509,0.163,0.543,0.515,0.0,0.0,-2.02,-5.82,0.02,0.0,0.0,0.0,0.0,0.0,0.0,0.0,0.0,1.0,0.0,0.0,-0.1,0.1,-0.0,0.0,0.0,0.0,0.0,0.0,0.0,0.0,0.0,170.0,141.0,170.0,170.0,12.0,11.0,78.0,5.0,15.0,0.0,0.0
3.224,38,218164.0,600.0,249.0,600.0,600.0,0.0,1.0,0.0,0.0,0.5,0.147,0.516,0.5,0.509,0.162,0.528,0.515,0.0,0.0,-2.02,-5.82,0.02,0.0,0.0,0.0,0.0,0.0,0.0,0.0,0.0,1.0,0.0,0.0,-0.0,0.1,-0.0,0.0,0.0,0.0,0.0,0.0,0.0,0.0,0.0,170.0,141.0,170.0,170.0,12.0,11.0,78.0,5.0,15.0,0.0,1.0
3.29,98,218262.0,600.0,249.0,600.0,600.0,0.0,1.0,0.0,0.0,0.5,0.147,0.516,0.5,0.509,0.162,0.528,0.515,0.0,0.0,-2.02,-5.82,0.02,0.0,0.0,0.0,0.0,0.0,0.0,0.0,0.0,1.0,0.0,0.0,-0.1,0.1,-0.0,0.0,0.0,0.0,0.0,0.0,0.0,0.0,0.0,170.0,141.0,170.0,170.0,12.0,11.0,78.0,5.0,15.0,0.0,0.0
3.355,52,218314.0,600.0,249.0,654.0,600.0,0.0,1.0,0.0,0.0,0.5,0.147,0.516,0.5,0.509,0.162,0.528,0.515,0.0,0.0,-2.02,-5.82,0.02,0.0,0.0,0.0,0.0,0.0,0.0,0.0,0.0,1.0,0.0,0.0,-0.1,0.1,-0.0,0.0,0.0,0.0,0.0,0.0,0.0,0.0,0.0,170.0,141.0,170.0,170.0,12.0,11.0,78.0,5.0,15.0,0.0,0.0
3.388,38,218352.0,600.0,249.0,654.0,600.0,0.0,1.0,0.0,0.0,0.5,0.147,0.53,0.5,0.509,0.162,0.538,0.515,0.0,0.0,-2.02,-5.82,0.02,0.0,0.0,0.0,0.0,0.0,0.0,0.0,0.0,1.0,0.0,0.0,0.0,0.1,-0.0,0.0,0.0,0.0,0.0,0.0,0.0,0.0,0.0,170.0,141.0,170.0,170.0,12.0,11.0,78.0,5.0,15.0,0.0,0.0
3.486,97,218449.0,600.0,252.0,654.0,600.0,0.0,1.0,0.0,0.0,0.5,0.147,0.53,0.5,0.509,0.162,0.538,0.515,0.0,0.0,-2.02,-5.82,0.02,0.0,0.0,0.0,0.0,0.0,0.0,0.0,0.0,1.0,0.0,0.0,-0.0,0.0,-0.0,0.0,0.0,0.0,0.0,0.0,0.0,0.0,0.0,170.0,141.0,170.0,170.0,12.0,11.0,78.0,5.0,15.0,0.0,0.0
3.553,52,218501.0,600.0,252.0,654.0,600.0,0.0,1.0,0.0,0.0,0.5,0.147,0.53,0.5,0.509,0.162,0.538,0.515,0.0,0.0,-2.02,-5.82,0.02,0.0,0.0,0.0,0.0,0.0,0.0,0.0,0.0,1.0,0.0,0.0,-0.0,0.0,-0.0,0.0,0.0,0.0,0.0,0.0,0.0,0.0,0.0,170.0,141.0,170.0,170.0,12.0,11.0,78.0,5.0,15.0,0.0,0.0
3.585,38,218539.0,600.0,252.0,654.0,600.0,0.0,1.0,0.0,0.0,0.5,0.149,0.537,0.5,0.51,0.164,0.545,0.515,0.0,0.0,-2.02,-5.82,0.02,0.0,0.0,0.0,0.0,0.0,0.0,0.0,0.0,1.0,0.0,0.0,0.1,0.0,-0.0,0.0,0.0,0.0,0.0,0.0,0.0,0.0,0.0,170.0,141.0,170.0,170.0,12.0,11.0,78.0,5.0,15.0,0.0,0.0
3.681,99,218638.0,600.0,251.0,654.0,600.0,0.0,1.0,0.0,0.0,0.5,0.149,0.537,0.5,0.51,0.164,0.545,0.515,0.0,0.0,-2.02,-5.82,0.02,0.0,0.0,0.0,0.0,0.0,0.0,0.0,0.0,1.0,0.0,0.0,-0.1,0.0,-0.0,0.0,0.0,0.0,0.0,0.0,0.0,0.0,0.0,170.0,141.0,170.0,170.0,12.0,11.0,78.0,5.0,15.0,0.0,1.0
3.741,53,218691.0,600.0,251.0,654.0,600.0,0.0,1.0,0.0,0.0,0.5,0.149,0.537,0.5,0.51,0.164,0.545,0.515,0.0,0.0,-2.02,-5.82,0.02,0.0,0.0,0.0,0.0,0.0,0.0,0.0,0.0,1.0,0.0,0.0,0.1,0.0,-0.0,0.0,0.0,0.0,0.0,0.0,0.0,0.0,0.0,170.0,141.0,170.0,170.0,12.0,11.0,78.0,5.0,15.0,0.0,0.0
3.774,37,218728.0,600.0,251.0,654.0,600.0,0.0,1.0,0.0,0.0,0.5,0.149,0.54,0.5,0.51,0.164,0.549,0.515,0.0,0.0,-2.02,-5.82,0.02,0.0,0.0,0.0,0.0,0.0,0.0,0.0,0.0,1.0,0.0,0.0,0.1,0.0,-0.0,0.0,0.0,0.0,0.0,0.0,0.0,0.0,0.0,170.0,141.0,170.0,170.0,12.0,11.0,78.0,5.0,15.0,0.0,0.0
3.86,98,218826.0,600.0,247.0,654.0,600.0,0.0,1.0,0.0,0.0,0.5,0.149,0.54,0.5,0.51,0.164,0.549,0.515,0.0,0.0,-2.02,-5.82,0.02,0.0,0.0,0.0,0.0,0.0,0.0,0.0,0.0,1.0,0.0,0.0,-0.3,0.0,-0.0,0.0,0.0,0.0,0.0,0.0,0.0,0.0,0.0,170.0,141.0,170.0,170.0,12.0,11.0,78.0,5.0,15.0,0.0,0.0
3.918,51,218877.0,600.0,247.0,654.0,600.0,0.0,1.0,0.0,0.0,0.5,0.149,0.54,0.5,0.51,0.164,0.549,0.515,0.0,0.0,-2.02,-5.82,0.02,0.0,0.0,0.0,0.0,0.0,0.0,0.0,0.0,1.0,0.0,0.0,-0.3,0.0,-0.0,0.0,0.0,0.0,0.0,0.0,0.0,0.0,0.0,170.0,141.0,170.0,170.0,12.0,11.0,78.0,5.0,15.0,0.0,0.0
3.947,39,218916.0,600.0,247.0,654.0,600.0,0.0,1.0,0.0,0.0,0.5,0.147,0.542,0.5,0.509,0.163,0.551,0.515,0.0,0.0,-2.02,-5.82,0.02,0.0,0.0,0.0,0.0,0.0,0.0,0.0,0.0,1.0,0.0,0.0,-0.2,0.0,-0.0,0.0,0.0,0.0,0.0,0.0,0.0,0.0,0.0,170.0,141.0,170.0,170.0,12.0,11.0,78.0,5.0,15.0,0.0,1.0
4.061,99,219015.0,600.0,249.0,654.0,600.0,0.0,1.0,0.0,0.0,0.5,0.147,0.542,0.5,0.509,0.163,0.551,0.515,0.0,0.0,-2.02,-5.82,0.02,0.0,0.0,0.0,0.0,0.0,0.0,0.0,0.0,1.0,0.0,0.0,-0.2,0.0,-0.0,0.0,0.0,0.0,0.0,0.0,0.0,0.0,0.0,170.0,141.0,170.0,170.0,12.0,11.0,78.0,5.0,15.0,0.0,1.0
4.09,51,219066.0,600.0,249.0,703.0,600.0,0.0,1.0,0.0,0.0,0.5,0.147,0.542,0.5,0.509,0.163,0.551,0.515,0.0,0.0,-2.02,-5.82,0.02,0.0,0.0,0.0,0.0,0.0,0.0,0.0,0.0,1.0,0.0,0.0,-0.2,0.0,-0.0,0.0,0.0,0.0,0.0,0.0,0.0,0.0,0.0,170.0,141.0,170.0,170.0,12.0,11.0,78.0,5.0,15.0,0.0,0.0
4.147,37,219103.0,600.0,249.0,703.0,600.0,0.0,1.0,0.0,0.0,0.5,0.147,0.561,0.5,0.509,0.163,0.568,0.516,0.0,0.0,-2.02,-5.82,0.02,0.0,0.0,0.0,0.0,0.0,0.0,0.0,0.0,1.0,0.0,0.0,-0.1,0.0,-0.0,0.0,0.0,0.0,0.0,0.0,0.0,0.0,0.0,170.0,141.0,170.0,170.0,12.0,11.0,78.0,5.0,15.0,0.0,0.0
4.232,98,219201.0,600.0,253.0,703.0,600.0,0.0,1.0,0.0,0.0,0.5,0.147,0.561,0.5,0.509,0.163,0.568,0.516,0.0,0.0,-2.02,-5.82,0.02,0.0,0.0,0.0,0.0,0.0,0.0,0.0,0.0,1.0,0.0,0.0,-0.1,0.0,-0.0,0.0,0.0,0.0,0.0,0.0,0.0,0.0,0.0,170.0,141.0,170.0,170.0,12.0,11.0,78.0,5.0,15.0,0.0,0.0
4.289,51,219252.0,600.0,253.0,700.0,600.0,0.0,1.0,0.0,0.0,0.5,0.147,0.561,0.5,0.509,0.163,0.568,0.516,0.0,0.0,-2.03,-5.82,0.02,0.0,0.0,0.0,0.0,0.0,0.0,0.0,0.0,1.0,0.0,0.0,-0.0,0.0,-0.0,0.0,0.0,0.0,0.0,0.0,0.0,0.0,0.0,170.0,141.0,170.0,170.0,12.0,11.0,78.0,5.0,15.0,0.0,0.0
4.318,37,219289.0,600.0,253.0,700.0,600.0,0.0,1.0,0.0,0.0,0.5,0.149,0.569,0.5,0.51,0.164,0.578,0.516,0.0,0.0,-2.03,-5.83,0.02,0.0,0.0,0.0,0.0,0.0,0.0,0.0,0.0,1.0,0.0,0.0,-0.1,0.0,-0.0,0.0,0.0,0.0,0.0,0.0,0.0,0.0,0.0,170.0,141.0,170.0,170.0,12.0,11.0,78.0,5.0,15.0,0.0,0.0
4.432,99,219388.0,600.0,251.0,700.0,600.0,0.0,1.0,0.0,0.0,0.5,0.149,0.569,0.5,0.51,0.164,0.578,0.516,0.0,0.0,-2.04,-5.83,0.02,0.0,0.0,0.0,0.0,0.0,0.0,0.0,0.0,1.0,0.0,0.0,0.0,0.0,-0.0,0.0,0.0,0.0,0.0,0.0,0.0,0.0,0.0,170.0,141.0,170.0,170.0,12.0,11.0,78.0,5.0,15.0,0.0,1.0
4.489,52,219440.0,600.0,251.0,742.0,600.0,0.0,1.0,0.0,0.0,0.5,0.149,0.569,0.5,0.51,0.164,0.578,0.516,0.0,0.0,-2.05,-5.82,0.02,0.0,0.0,0.0,0.0,0.0,0.0,0.0,0.0,1.0,0.0,0.0,0.0,0.0,-0.0,0.0,0.0,0.0,0.0,0.0,0.0,0.0,0.0,170.0,141.0,170.0,170.0,12.0,11.0,78.0,5.0,15.0,0.0,0.0
4.518,37,219477.0,600.0,251.0,742.0,600.0,0.0,1.0,0.0,0.0,0.5,0.149,0.588,0.5,0.51,0.165,0.595,0.516,0.0,0.0,-2.05,-5.81,0.03,0.0,0.0,0.0,0.0,0.0,0.0,0.0,0.0,1.0,0.0,0.0,0.1,0.0,-0.0,0.0,0.0,0.0,0.0,0.0,0.0,0.0,0.0,170.0,141.0,170.0,170.0,12.0,11.0,78.0,5.0,15.0,0.0,0.0
4.603,100,219577.0,600.0,251.0,742.0,600.0,0.0,1.0,0.0,0.0,0.5,0.149,0.588,0.5,0.51,0.165,0.595,0.516,0.0,0.0,-2.05,-5.81,0.03,0.0,0.0,0.0,0.0,0.0,0.0,0.0,0.0,1.0,0.0,0.0,-0.1,0.0,-0.0,0.0,0.0,0.0,0.0,0.0,0.0,0.0,0.0,170.0,141.0,170.0,170.0,12.0,11.0,78.0,5.0,15.0,0.0,0.0
4.66,53,219630.0,600.0,251.0,789.0,600.0,0.0,1.0,0.0,0.0,0.5,0.149,0.588,0.5,0.51,0.165,0.595,0.516,0.0,0.0,-2.05,-5.81,0.03,0.0,0.0,0.0,0.0,0.0,0.0,0.0,0.0,1.0,0.0,0.0,-0.0,0.0,-0.0,0.0,0.0,0.0,0.0,0.0,0.0,0.0,0.0,170.0,141.0,170.0,170.0,12.0,11.0,78.0,5.0,15.0,0.0,0.0
4.717,37,219667.0,600.0,251.0,789.0,600.0,0.0,1.0,0.0,0.0,0.5,0.149,0.613,0.5,0.51,0.165,0.618,0.516,0.0,0.0,-2.05,-5.81,0.03,0.0,0.0,0.0,0.0,0.0,0.0,0.0,0.0,1.0,0.0,0.0,0.0,0.0,-0.0,0.0,0.0,0.0,0.0,0.0,0.0,0.0,0.0,170.0,141.0,170.0,170.0,12.0,11.0,78.0,5.0,15.0,0.0,0.0
4.803,96,219763.0,600.0,253.0,789.0,600.0,0.0,1.0,0.0,0.0,0.5,0.149,0.613,0.5,0.51,0.165,0.618,0.516,0.0,0.0,-2.05,-5.81,0.03,0.0,0.0,0.0,0.0,0.0,0.0,0.0,0.0,1.0,0.0,0.0,-0.0,0.0,-0.0,0.0,0.0,0.0,0.0,0.0,0.0,0.0,0.0,170.0,141.0,170.0,170.0,12.0,11.0,78.0,5.0,15.0,0.0,1.0
4.861,52,219815.0,600.0,253.0,789.0,600.0,0.0,1.0,0.0,0.0,0.5,0.149,0.613,0.5,0.51,0.165,0.618,0.516,0.0,0.0,-2.05,-5.82,0.03,0.0,0.0,0.0,0.0,0.0,0.0,0.0,0.0,1.0,0.0,0.0,0.0,0.0,-0.0,0.0,0.0,0.0,0.0,0.0,0.0,0.0,0.0,170.0,141.0,170.0,170.0,12.0,11.0,78.0,5.0,15.0,0.0,0.0
4.889,37,219852.0,600.0,253.0,789.0,600.0,0.0,1.0,0.0,0.0,0.5,0.15,0.624,0.5,0.51,0.166,0.632,0.516,0.0,0.0,-2.05,-5.82,0.04,0.0,0.0,0.0,0.0,0.0,0.0,0.0,0.0,1.0,0.0,0.0,-0.0,0.0,-0.0,0.0,0.0,0.0,0.0,0.0,0.0,0.0,0.0,170.0,141.0,170.0,170.0,12.0,11.0,78.0,5.0,15.0,0.0,0.0
4.975,99,219951.0,600.0,255.0,789.0,600.0,0.0,1.0,0.0,0.0,0.5,0.15,0.624,0.5,0.51,0.166,0.632,0.516,0.0,0.0,-2.05,-5.81,0.03,0.0,0.0,0.0,0.0,0.0,0.0,0.0,0.0,1.0,0.0,0.0,-0.0,-0.4,-0.0,0.0,0.0,0.0,0.0,0.0,0.0,0.0,0.0,170.0,141.0,170.0,170.0,12.0,11.0,78.0,5.0,15.0,0.0,0.0
5.032,52,220003.0,600.0,255.0,776.0,600.0,0.0,1.0,0.0,0.0,0.5,0.15,0.624,0.5,0.51,0.166,0.632,0.516,0.0,0.0,-2.05,-5.81,0.03,0.0,0.0,0.0,0.0,0.0,0.0,0.0,0.0,1.0,0.0,0.0,0.0,-0.3,-0.0,0.0,0.0,0.0,0.0,0.0,0.0,0.0,0.0,170.0,141.0,170.0,170.0,12.0,11.0,78.0,5.0,15.0,0.0,0.0
5.089,37,220040.0,600.0,255.0,776.0,600.0,0.0,1.0,0.0,0.0,0.5,0.151,0.625,0.5,0.51,0.168,0.634,0.516,0.0,0.0,-2.05,-5.81,0.03,0.0,0.0,0.0,0.0,0.0,0.0,0.0,0.0,1.0,0.0,0.0,0.0,-0.3,-0.0,0.0,0.0,0.0,0.0,0.0,0.0,0.0,0.0,170.0,141.0,170.0,170.0,12.0,11.0,78.0,5.0,15.0,0.0,0.0
5.174,100,220140.0,600.0,252.0,776.0,600.0,0.0,1.0,0.0,0.0,0.5,0.151,0.625,0.5,0.51,0.168,0.634,0.516,0.0,0.0,-2.05,-5.81,0.03,0.0,0.0,0.0,0.0,0.0,0.0,0.0,0.0,1.0,0.0,0.0,0.0,-0.2,-0.0,0.0,0.0,0.0,0.0,0.0,0.0,0.0,0.0,170.0,141.0,170.0,170.0,12.0,11.0,78.0,5.0,15.0,0.0,1.0
5.232,54,220194.0,600.0,252.0,759.0,600.0,0.0,1.0,0.0,0.0,0.5,0.151,0.625,0.5,0.51,0.168,0.634,0.516,0.0,0.0,-2.05,-5.81,0.03,0.0,0.0,0.0,0.0,0.0,0.0,0.0,0.0,1.0,0.0,0.0,-0.2,-0.2,-0.0,0.0,0.0,0.0,0.0,0.0,0.0,0.0,0.0,170.0,141.0,170.0,170.0,12.0,11.0,78.0,5.0,15.0,0.0,0.0
5.26,37,220231.0,600.0,252.0,759.0,600.0,0.0,1.0,0.0,0.0,0.5,0.15,0.62,0.5,0.51,0.167,0.63,0.516,0.0,0.0,-2.05,-5.81,0.03,0.0,0.0,0.0,0.0,0.0,0.0,0.0,0.0,1.0,0.0,0.0,-0.1,-0.2,-0.0,0.0,0.0,0.0,0.0,0.0,0.0,0.0,0.0,170.0,141.0,170.0,170.0,12.0,11.0,78.0,5.0,15.0,0.0,0.0
5.374,97,220328.0,600.0,251.0,759.0,600.0,0.0,1.0,0.0,0.0,0.5,0.15,0.62,0.5,0.51,0.167,0.63,0.516,0.0,0.0,-2.05,-5.81,0.03,0.0,0.0,0.0,0.0,0.0,0.0,0.0,0.0,1.0,0.0,0.0,-0.5,-0.1,-0.0,0.0,0.0,0.0,0.0,0.0,0.0,0.0,0.0,170.0,141.0,170.0,170.0,12.0,11.0,78.0,5.0,15.0,0.0,0.0
5.431,51,220379.0,600.0,251.0,773.0,600.0,0.0,1.0,0.0,0.0,0.5,0.15,0.62,0.5,0.51,0.167,0.63,0.516,0.0,0.0,-2.05,-5.81,0.03,0.0,0.0,0.0,0.0,0.0,0.0,0.0,0.0,1.0,0.0,0.0,-0.5,-0.1,-0.0,0.0,0.0,0.0,0.0,0.0,0.0,0.0,0.0,170.0,141.0,170.0,170.0,12.0,11.0,78.0,5.0,15.0,0.0,1.0
5.46,38,220417.0,600.0,251.0,773.0,600.0,0.0,1.0,0.0,0.0,0.5,0.15,0.622,0.5,0.51,0.166,0.631,0.516,0.0,0.0,-2.04,-5.81,0.03,0.0,0.0,0.0,0.0,0.0,0.0,0.0,0.0,1.0,0.0,0.0,-0.4,-0.1,-0.0,0.0,0.0,0.0,0.0,0.0,0.0,0.0,0.0,170.0,141.0,170.0,170.0,12.0,11.0,78.0,5.0,15.0,0.0,0.0
5.545,99,220516.0,600.0,251.0,773.0,600.0,0.0,1.0,0.0,0.0,0.5,0.15,0.622,0.5,0.51,0.166,0.631,0.516,0.0,0.0,-2.04,-5.81,0.02,0.0,0.0,0.0,0.0,0.0,0.0,0.0,0.0,1.0,0.0,0.0,-0.3,-0.1,-0.0,0.0,0.0,0.0,0.0,0.0,0.0,0.0,0.0,170.0,141.0,170.0,170.0,12.0,11.0,78.0,5.0,15.0,0.0,0.0
5.603,52,220568.0,600.0,251.0,776.0,600.0,0.0,1.0,0.0,0.0,0.5,0.15,0.622,0.5,0.51,0.166,0.631,0.516,0.0,0.0,-2.04,-5.81,0.02,0.0,0.0,0.0,0.0,0.0,0.0,0.0,0.0,1.0,0.0,0.0,-0.3,-0.0,-0.0,0.0,0.0,0.0,0.0,0.0,0.0,0.0,0.0,170.0,141.0,170.0,170.0,12.0,11.0,78.0,5.0,15.0,0.0,0.0
5.631,38,220606.0,600.0,251.0,776.0,600.0,0.0,1.0,0.0,0.0,0.5,0.149,0.624,0.5,0.51,0.166,0.633,0.516,0.0,0.0,-2.04,-5.81,0.02,0.0,0.0,0.0,0.0,0.0,0.0,0.0,0.0,1.0,0.0,0.0,-0.2,-0.0,-0.0,0.0,0.0,0.0,0.0,0.0,0.0,0.0,0.0,170.0,141.0,170.0,170.0,12.0,11.0,78.0,5.0,15.0,0.0,0.0
5.745,98,220704.0,600.0,251.0,776.0,600.0,0.0,1.0,0.0,0.0,0.5,0.149,0.624,0.5,0.51,0.166,0.633,0.516,0.0,0.0,-2.04,-5.81,0.02,0.0,0.0,0.0,0.0,0.0,0.0,0.0,0.0,1.0,0.0,0.0,-0.2,-0.0,-0.0,0.0,0.0,0.0,0.0,0.0,0.0,0.0,0.0,170.0,141.0,170.0,170.0,12.0,11.0,78.0,5.0,15.0,0.0,1.0
5.802,52,220756.0,600.0,251.0,817.0,600.0,0.0,1.0,0.0,0.0,0.5,0.149,0.624,0.5,0.51,0.166,0.633,0.516,0.0,0.0,-2.04,-5.81,0.02,0.0,0.0,0.0,0.0,0.0,0.0,0.0,0.0,1.0,0.0,0.0,-0.3,-0.0,-0.0,0.0,0.0,0.0,0.0,0.0,0.0,0.0,0.0,170.0,141.0,170.0,170.0,12.0,11.0,78.0,5.0,15.0,0.0,0.0
5.831,37,220793.0,600.0,251.0,817.0,600.0,0.0,1.0,0.0,0.0,0.5,0.149,0.638,0.5,0.51,0.166,0.645,0.517,0.0,0.0,-2.03,-5.81,0.02,0.0,0.0,0.0,0.0,0.0,0.0,0.0,0.0,1.0,0.0,0.0,-0.3,-0.0,-0.0,0.0,0.0,0.0,0.0,0.0,0.0,0.0,0.0,170.0,141.0,170.0,170.0,12.0,11.0,78.0,5.0,15.0,0.0,0.0
5.916,97,220890.0,600.0,248.0,817.0,600.0,0.0,1.0,0.0,0.0,0.5,0.149,0.638,0.5,0.51,0.166,0.645,0.517,0.0,0.0,-2.03,-5.81,0.02,0.0,0.0,0.0,0.0,0.0,0.0,0.0,0.0,1.0,0.0,0.0,-0.7,-0.0,-0.0,0.0,0.0,0.0,0.0,0.0,0.0,0.0,0.0,170.0,141.0,170.0,170.0,12.0,11.0,78.0,5.0,15.0,0.0,0.0
5.973,52,220942.0,600.0,248.0,781.0,600.0,0.0,1.0,0.0,0.0,0.5,0.149,0.638,0.5,0.51,0.166,0.645,0.517,0.0,0.0,-2.03,-5.82,0.02,0.0,0.0,0.0,0.0,0.0,0.0,0.0,0.0,1.0,0.0,0.0,-0.6,-0.0,-0.0,0.0,0.0,0.0,0.0,0.0,0.0,0.0,0.0,170.0,141.0,170.0,170.0,12.0,11.0,78.0,5.0,15.0,0.0,0.0
6.031,37,220979.0,600.0,248.0,781.0,600.0,0.0,1.0,0.0,0.0,0.5,0.147,0.633,0.5,0.509,0.164,0.643,0.517,0.0,0.0,-2.03,-5.82,0.02,0.0,0.0,0.0,0.0,0.0,0.0,0.0,0.0,1.0,0.0,0.0,-0.6,-0.0,-0.0,0.0,0.0,0.0,0.0,0.0,0.0,0.0,0.0,170.0,141.0,170.0,170.0,12.0,11.0,78.0,5.0,15.0,0.0,0.0
6.116,101,221080.0,600.0,249.0,781.0,600.0,0.0,1.0,0.0,0.0,0.5,0.147,0.633,0.5,0.509,0.164,0.643,0.517,0.0,0.0,-2.03,-5.82,0.02,0.0,0.0,0.0,0.0,0.0,0.0,0.0,0.0,1.0,0.0,0.0,-0.4,-0.0,-0.0,0.0,0.0,0.0,0.0,0.0,0.0,0.0,0.0,170.0,141.0,170.0,170.0,12.0,11.0,78.0,5.0,15.0,0.0,1.0
6.173,52,221132.0,600.0,249.0,790.0,600.0,0.0,1.0,0.0,0.0,0.5,0.147,0.633,0.5,0.509,0.164,0.643,0.517,0.0,0.0,-2.03,-5.82,0.02,0.0,0.0,0.0,0.0,0.0,0.0,0.0,0.0,1.0,0.0,0.0,-0.1,-0.0,-0.0,0.0,0.0,0.0,0.0,0.0,0.0,0.0,0.0,170.0,141.0,170.0,170.0,12.0,11.0,78.0,5.0,15.0,0.0,1.0
6.202,37,221169.0,600.0,249.0,790.0,600.0,0.0,1.0,0.0,0.0,0.5,0.147,0.633,0.5,0.509,0.164,0.643,0.517,0.0,0.0,-2.03,-5.82,0.02,0.0,0.0,0.0,0.0,0.0,0.0,0.0,0.0,1.0,0.0,0.0,-0.1,-0.0,-0.0,0.0,0.0,0.0,0.0,0.0,0.0,0.0,0.0,170.0,141.0,170.0,170.0,12.0,11.0,78.0,5.0,15.0,0.0,0.0
6.316,99,221268.0,600.0,249.0,790.0,600.0,0.0,1.0,0.0,0.0,0.5,0.147,0.633,0.5,0.509,0.164,0.643,0.517,0.0,0.0,-2.03,-5.82,0.02,0.0,0.0,0.0,0.0,0.0,0.0,0.0,0.0,1.0,0.0,0.0,-0.1,-0.0,-0.0,0.0,0.0,0.0,0.0,0.0,0.0,0.0,0.0,170.0,141.0,170.0,170.0,12.0,11.0,78.0,5.0,15.0,0.0,0.0
6.345,51,221319.0,600.0,249.0,775.0,600.0,0.0,1.0,0.0,0.0,0.5,0.147,0.633,0.5,0.509,0.164,0.643,0.517,0.0,0.0,-2.03,-5.82,0.02,0.0,0.0,0.0,0.0,0.0,0.0,0.0,0.0,1.0,0.0,0.0,-0.1,-0.0,-0.0,0.0,0.0,0.0,0.0,0.0,0.0,0.0,0.0,170.0,141.0,170.0,170.0,12.0,11.0,78.0,5.0,15.0,0.0,1.0
6.402,38,221357.0,600.0,249.0,775.0,600.0,0.0,1.0,0.0,0.0,0.5,0.147,0.629,0.5,0.509,0.164,0.639,0.517,0.0,0.0,-2.03,-5.82,0.02,0.0,0.0,0.0,0.0,0.0,0.0,0.0,0.0,1.0,0.0,0.0,-0.1,-0.0,-0.0,0.0,0.0,0.0,0.0,0.0,0.0,0.0,0.0,170.0,141.0,170.0,170.0,12.0,11.0,78.0,5.0,15.0,0.0,0.0
6.487,99,221456.0,600.0,248.0,775.0,600.0,0.0,1.0,0.0,0.0,0.5,0.147,0.629,0.5,0.509,0.164,0.639,0.517,0.0,0.0,-2.03,-5.82,0.02,0.0,0.0,0.0,0.0,0.0,0.0,0.0,0.0,1.0,0.0,0.0,0.0,-0.0,-0.0,0.0,0.0,0.0,0.0,0.0,0.0,0.0,0.0,170.0,141.0,170.0,170.0,12.0,11.0,78.0,5.0,15.0,0.0,0.0
6.544,52,221508.0,600.0,248.0,725.0,600.0,0.0,1.0,0.0,0.0,0.5,0.147,0.629,0.5,0.509,0.164,0.639,0.517,0.0,0.0,-2.03,-5.82,0.02,0.0,0.0,0.0,0.0,0.0,0.0,0.0,0.0,1.0,0.0,0.0,0.0,-0.0,-0.0,0.0,0.0,0.0,0.0,0.0,0.0,0.0,0.0,170.0,141.0,170.0,170.0,12.0,11.0,78.0,5.0,15.0,0.0,1.0
6.573,37,221545.0,600.0,248.0,725.0,600.0,0.0,1.0,0.0,0.0,0.5,0.146,0.61,0.5,0.509,0.163,0.623,0.516,0.0,0.0,-2.03,-5.82,0.02,0.0,0.0,0.0,0.0,0.0,0.0,0.0,0.0,1.0,0.0,0.0,0.1,-0.0,-0.0,0.0,0.0,0.0,0.0,0.0,0.0,0.0,0.0,170.0,141.0,170.0,170.0,12.0,11.0,78.0,5.0,15.0,0.0,0.0
6.687,100,221645.0,600.0,247.0,725.0,600.0,0.0,1.0,0.0,0.0,0.5,0.146,0.61,0.5,0.509,0.163,0.623,0.516,0.0,0.0,-2.02,-5.82,0.02,0.0,0.0,0.0,0.0,0.0,0.0,0.0,0.0,1.0,0.0,0.0,-0.1,-0.0,-0.0,0.0,0.0,0.0,0.0,0.0,0.0,0.0,0.0,170.0,141.0,170.0,170.0,12.0,11.0,78.0,5.0,15.0,0.0,0.0
6.744,52,221697.0,600.0,247.0,739.0,600.0,0.0,1.0,0.0,0.0,0.5,0.146,0.61,0.5,0.509,0.163,0.623,0.516,0.0,0.0,-2.02,-5.82,0.02,0.0,0.0,0.0,0.0,0.0,0.0,0.0,0.0,1.0,0.0,0.0,-0.1,-0.0,-0.0,0.0,0.0,0.0,0.0,0.0,0.0,0.0,0.0,170.0,141.0,170.0,170.0,12.0,11.0,78.0,5.0,15.0,0.0,0.0
6.773,41,221738.0,600.0,247.0,739.0,600.0,0.0,1.0,0.0,0.0,0.5,0.146,0.606,0.5,0.509,0.162,0.616,0.516,0.0,0.0,-2.02,-5.82,0.02,0.0,0.0,0.0,0.0,0.0,0.0,0.0,0.0,1.0,0.0,0.0,-0.0,-0.0,-0.0,0.0,0.0,0.0,0.0,0.0,0.0,0.0,0.0,170.0,141.0,170.0,170.0,12.0,11.0,78.0,5.0,15.0,0.0,0.0
6.887,98,221836.0,600.0,249.0,739.0,600.0,0.0,1.0,0.0,0.0,0.5,0.146,0.606,0.5,0.509,0.162,0.616,0.516,0.0,0.0,-2.02,-5.82,0.02,0.0,0.0,0.0,0.0,0.0,0.0,0.0,0.0,1.0,0.0,0.0,-0.0,-0.0,-0.0,0.0,0.0,0.0,0.0,0.0,0.0,0.0,0.0,170.0,141.0,170.0,170.0,12.0,11.0,78.0,5.0,15.0,0.0,0.0
6.915,52,221888.0,600.0,249.0,739.0,600.0,0.0,1.0,0.0,0.0,0.5,0.146,0.606,0.5,0.509,0.162,0.616,0.516,0.0,0.0,-2.02,-5.82,0.02,0.0,0.0,0.0,0.0,0.0,0.0,0.0,0.0,1.0,0.0,0.0,-0.0,-0.0,-0.0,0.0,0.0,0.0,0.0,0.0,0.0,0.0,0.0,170.0,141.0,170.0,170.0,12.0,11.0,78.0,5.0,15.0,0.0,0.0
6.973,38,221926.0,600.0,249.0,739.0,600.0,0.0,1.0,0.0,0.0,0.5,0.146,0.604,0.5,0.509,0.163,0.614,0.516,0.0,0.0,-2.02,-5.82,0.02,0.0,0.0,0.0,0.0,0.0,0.0,0.0,0.0,1.0,0.0,0.0,0.0,-0.0,-0.0,0.0,0.0,0.0,0.0,0.0,0.0,0.0,0.0,170.0,141.0,170.0,170.0,12.0,11.0,78.0,5.0,15.0,0.0,0.0
7.058,96,222022.0,600.0,248.0,739.0,600.0,0.0,1.0,0.0,0.0,0.5,0.146,0.604,0.5,0.509,0.163,0.614,0.516,0.0,0.0,-2.02,-5.82,0.02,0.0,0.0,0.0,0.0,0.0,0.0,0.0,0.0,1.0,0.0,0.0,-0.0,-0.0,-0.0,0.0,0.0,0.0,0.0,0.0,0.0,0.0,0.0,170.0,141.0,170.0,170.0,12.0,11.0,78.0,5.0,15.0,0.0,1.0
7.115,52,222074.0,600.0,248.0,749.0,600.0,0.0,1.0,0.0,0.0,0.5,0.146,0.604,0.5,0.509,0.163,0.614,0.516,0.0,0.0,-2.02,-5.82,0.02,0.0,0.0,0.0,0.0,0.0,0.0,0.0,0.0,1.0,0.0,0.0,-0.0,-0.0,-0.0,0.0,0.0,0.0,0.0,0.0,0.0,0.0,0.0,170.0,141.0,170.0,170.0,12.0,11.0,78.0,5.0,15.0,0.0,0.0
7.144,37,222111.0,600.0,248.0,749.0,600.0,0.0,1.0,0.0,0.0,0.5,0.146,0.607,0.5,0.509,0.162,0.616,0.516,0.0,0.0,-2.02,-5.82,0.02,0.0,0.0,0.0,0.0,0.0,0.0,0.0,0.0,1.0,0.0,0.0,-0.0,-0.0,-0.0,0.0,0.0,0.0,0.0,0.0,0.0,0.0,0.0,170.0,141.0,170.0,170.0,12.0,11.0,78.0,5.0,15.0,0.0,0.0
7.257,98,222209.0,600.0,248.0,749.0,600.0,0.0,1.0,0.0,0.0,0.5,0.146,0.607,0.5,0.509,0.162,0.616,0.516,0.0,0.0,-2.02,-5.82,0.02,0.0,0.0,0.0,0.0,0.0,0.0,0.0,0.0,1.0,0.0,0.0,0.4,-0.0,-0.0,0.0,0.0,0.0,0.0,0.0,0.0,0.0,0.0,170.0,141.0,170.0,170.0,12.0,11.0,78.0,5.0,15.0,0.0,0.0
7.286,52,222261.0,600.0,248.0,729.0,600.0,0.0,1.0,0.0,0.0,0.5,0.146,0.607,0.5,0.509,0.162,0.616,0.516,0.0,0.0,-2.02,-5.82,0.02,0.0,0.0,0.0,0.0,0.0,0.0,0.0,0.0,1.0,0.0,0.0,0.4,-0.0,-0.0,0.0,0.0,0.0,0.0,0.0,0.0,0.0,0.0,170.0,141.0,170.0,170.0,12.0,11.0,78.0,5.0,15.0,0.0,0.0
7.343,38,222299.0,600.0,248.0,729.0,600.0,0.0,1.0,0.0,0.0,0.5,0.146,0.601,0.5,0.509,0.162,0.612,0.516,0.0,0.0,-2.02,-5.82,0.02,0.0,0.0,0.0,0.0,0.0,0.0,0.0,0.0,1.0,0.0,0.0,0.3,-0.0,-0.0,0.0,0.0,0.0,0.0,0.0,0.0,0.0,0.0,170.0,141.0,170.0,170.0,12.0,11.0,78.0,5.0,15.0,0.0,0.0
7.428,101,222400.0,600.0,249.0,729.0,600.0,0.0,1.0,0.0,0.0,0.5,0.146,0.601,0.5,0.509,0.162,0.612,0.516,0.0,0.0,-2.02,-5.82,0.02,0.0,0.0,0.0,0.0,0.0,0.0,0.0,0.0,1.0,0.0,0.0,0.2,-0.0,-0.0,0.0,0.0,0.0,0.0,0.0,0.0,0.0,0.0,170.0,141.0,170.0,170.0,12.0,11.0,78.0,5.0,15.0,0.0,1.0
7.486,52,222452.0,600.0,249.0,729.0,600.0,0.0,1.0,0.0,0.0,0.5,0.146,0.601,0.5,0.509,0.162,0.612,0.516,0.0,0.0,-2.02,-5.82,0.02,0.0,0.0,0.0,0.0,0.0,0.0,0.0,0.0,1.0,0.0,0.0,0.1,-0.0,-0.0,0.0,0.0,0.0,0.0,0.0,0.0,0.0,0.0,170.0,141.0,170.0,170.0,12.0,11.0,78.0,5.0,15.0,0.0,0.0
7.514,37,222489.0,600.0,249.0,729.0,600.0,0.0,1.0,0.0,0.0,0.5,0.146,0.599,0.5,0.509,0.163,0.608,0.516,0.0,0.0,-2.02,-5.82,0.02,0.0,0.0,0.0,0.0,0.0,0.0,0.0,0.0,1.0,0.0,0.0,0.1,-0.0,-0.0,0.0,0.0,0.0,0.0,0.0,0.0,0.0,0.0,170.0,141.0,170.0,170.0,12.0,11.0,78.0,5.0,15.0,0.0,0.0
7.628,99,222588.0,600.0,249.0,729.0,600.0,0.0,1.0,0.0,0.0,0.5,0.146,0.599,0.5,0.509,0.163,0.608,0.516,0.0,0.0,-2.02,-5.82,0.02,0.0,0.0,0.0,0.0,0.0,0.0,0.0,0.0,1.0,0.0,0.0,0.1,-0.0,-0.0,0.0,0.0,0.0,0.0,0.0,0.0,0.0,0.0,170.0,141.0,170.0,170.0,12.0,11.0,78.0,5.0,15.0,0.0,0.0
7.686,51,222639.0,600.0,249.0,729.0,600.0,0.0,1.0,0.0,0.0,0.5,0.146,0.599,0.5,0.509,0.163,0.608,0.516,0.0,0.0,-2.02,-5.82,0.02,0.0,0.0,0.0,0.0,0.0,0.0,0.0,0.0,1.0,0.0,0.0,0.1,-0.0,-0.0,0.0,0.0,0.0,0.0,0.0,0.0,0.0,0.0,170.0,141.0,170.0,170.0,12.0,11.0,78.0,5.0,15.0,0.0,0.0
7.714,39,222678.0,600.0,249.0,729.0,600.0,0.0,1.0,0.0,0.0,0.5,0.147,0.597,0.5,0.509,0.163,0.607,0.516,0.0,0.0,-2.02,-5.82,0.02,0.0,0.0,0.0,0.0,0.0,0.0,0.0,0.0,1.0,0.0,0.0,0.1,-0.0,-0.0,0.0,0.0,0.0,0.0,0.0,0.0,0.0,0.0,170.0,141.0,170.0,170.0,12.0,11.0,78.0,5.0,15.0,0.0,1.0
7.828,101,222779.0,600.0,249.0,729.0,600.0,0.0,1.0,0.0,0.0,0.5,0.147,0.597,0.5,0.509,0.163,0.607,0.516,0.0,0.0,-2.02,-5.82,0.02,0.0,0.0,0.0,0.0,0.0,0.0,0.0,0.0,1.0,0.0,0.0,0.0,-0.0,-0.0,0.0,0.0,0.0,0.0,0.0,0.0,0.0,0.0,170.0,141.0,170.0,170.0,12.0,11.0,78.0,5.0,15.0,0.0,0.0
7.857,53,222832.0,600.0,249.0,729.0,600.0,0.0,1.0,0.0,0.0,0.5,0.147,0.597,0.5,0.509,0.163,0.607,0.516,0.0,0.0,-2.02,-5.82,0.02,0.0,0.0,0.0,0.0,0.0,0.0,0.0,0.0,1.0,0.0,0.0,-0.1,-0.0,-0.0,0.0,0.0,0.0,0.0,0.0,0.0,0.0,0.0,170.0,141.0,170.0,170.0,12.0,11.0,78.0,5.0,15.0,0.0,1.0
7.914,37,222869.0,600.0,249.0,729.0,600.0,0.0,1.0,0.0,0.0,0.5,0.147,0.597,0.5,0.509,0.163,0.606,0.516,0.0,0.0,-2.02,-5.82,0.02,0.0,0.0,0.0,0.0,0.0,0.0,0.0,0.0,1.0,0.0,0.0,-0.1,-0.0,-0.0,0.0,0.0,0.0,0.0,0.0,0.0,0.0,0.0,170.0,141.0,170.0,170.0,12.0,11.0,78.0,5.0,15.0,0.0,0.0
8.0,99,222968.0,600.0,249.0,729.0,600.0,0.0,1.0,0.0,0.0,0.5,0.147,0.597,0.5,0.509,0.163,0.606,0.516,0.0,0.0,-2.02,-5.82,0.02,0.0,0.0,0.0,0.0,0.0,0.0,0.0,0.0,1.0,0.0,0.0,-0.1,-0.0,-0.0,0.0,0.0,0.0,0.0,0.0,0.0,0.0,0.0,170.0,141.0,170.0,170.0,12.0,11.0,78.0,5.0,15.0,0.0,0.0
8.057,52,223020.0,600.0,249.0,704.0,600.0,0.0,1.0,0.0,0.0,0.5,0.147,0.597,0.5,0.509,0.163,0.606,0.516,0.0,0.0,-2.02,-5.82,0.02,0.0,0.0,0.0,0.0,0.0,0.0,0.0,0.0,1.0,0.0,0.0,-0.1,-0.0,-0.0,0.0,0.0,0.0,0.0,0.0,0.0,0.0,0.0,170.0,141.0,170.0,170.0,12.0,11.0,78.0,5.0,15.0,0.0,0.0
8.086,38,223058.0,600.0,249.0,704.0,600.0,0.0,1.0,0.0,0.0,0.5,0.147,0.587,0.5,0.509,0.163,0.598,0.516,0.0,0.0,-2.02,-5.82,0.02,0.0,0.0,0.0,0.0,0.0,0.0,0.0,0.0,1.0,0.0,0.0,-0.0,-0.0,-0.0,0.0,0.0,0.0,0.0,0.0,0.0,0.0,0.0,170.0,141.0,170.0,170.0,12.0,11.0,78.0,5.0,15.0,0.0,0.0
8.2,99,223157.0,600.0,249.0,704.0,600.0,0.0,1.0,0.0,0.0,0.5,0.147,0.587,0.5,0.509,0.163,0.598,0.516,0.0,0.0,-2.02,-5.82,0.02,0.0,0.0,0.0,0.0,0.0,0.0,0.0,0.0,1.0,0.0,0.0,0.4,-0.0,-0.0,0.0,0.0,0.0,0.0,0.0,0.0,0.0,0.0,170.0,141.0,170.0,170.0,12.0,11.0,78.0,5.0,15.0,0.0,0.0
8.257,52,223209.0,600.0,249.0,706.0,600.0,0.0,1.0,0.0,0.0,0.5,0.147,0.587,0.5,0.509,0.163,0.598,0.516,0.0,0.0,-2.02,-5.82,0.02,0.0,0.0,0.0,0.0,0.0,0.0,0.0,0.0,1.0,0.0,0.0,0.3,-0.0,-0.0,0.0,0.0,0.0,0.0,0.0,0.0,0.0,0.0,170.0,141.0,170.0,170.0,12.0,11.0,78.0,5.0,15.0,0.0,0.0
8.286,38,223247.0,600.0,249.0,706.0,600.0,0.0,1.0,0.0,0.0,0.5,0.147,0.584,0.5,0.509,0.163,0.594,0.516,0.0,0.0,-2.02,-5.82,0.02,0.0,0.0,0.0,0.0,0.0,0.0,0.0,0.0,1.0,0.0,0.0,0.3,-0.0,-0.0,0.0,0.0,0.0,0.0,0.0,0.0,0.0,0.0,170.0,141.0,170.0,170.0,12.0,11.0,78.0,5.0,15.0,0.0,0.0
8.371,97,223344.0,600.0,249.0,706.0,600.0,0.0,1.0,0.0,0.0,0.5,0.147,0.584,0.5,0.509,0.163,0.594,0.516,0.0,0.0,-2.02,-5.82,0.02,0.0,0.0,0.0,0.0,0.0,0.0,0.0,0.0,1.0,0.0,0.0,0.2,-0.0,-0.0,0.0,0.0,0.0,0.0,0.0,0.0,0.0,0.0,170.0,141.0,170.0,170.0,12.0,11.0,78.0,5.0,15.0,0.0,0.0
8.428,52,223396.0,600.0,249.0,706.0,600.0,0.0,1.0,0.0,0.0,0.5,0.147,0.584,0.5,0.509,0.163,0.594,0.516,0.0,0.0,-2.02,-5.82,0.02,0.0,0.0,0.0,0.0,0.0,0.0,0.0,0.0,1.0,0.0,0.0,0.2,-0.0,-0.0,0.0,0.0,0.0,0.0,0.0,0.0,0.0,0.0,170.0,141.0,170.0,170.0,12.0,11.0,78.0,5.0,15.0,0.0,0.0
8.457,37,223433.0,600.0,249.0,706.0,600.0,0.0,1.0,0.0,0.0,0.5,0.147,0.582,0.5,0.509,0.163,0.592,0.516,0.0,0.0,-2.02,-5.82,0.02,0.0,0.0,0.0,0.0,0.0,0.0,0.0,0.0,1.0,0.0,0.0,0.2,-0.0,-0.0,0.0,0.0,0.0,0.0,0.0,0.0,0.0,0.0,170.0,141.0,170.0,170.0,12.0,11.0,78.0,5.0,15.0,0.0,0.0
8.571,98,223531.0,600.0,250.0,706.0,600.0,0.0,1.0,0.0,0.0,0.5,0.147,0.582,0.5,0.509,0.163,0.592,0.516,0.0,0.0,-2.02,-5.82,0.02,0.0,0.0,0.0,0.0,0.0,0.0,0.0,0.0,1.0,0.0,0.0,0.5,-0.0,-0.0,0.0,0.0,0.0,0.0,0.0,0.0,0.0,0.0,170.0,141.0,170.0,170.0,12.0,11.0,78.0,5.0,15.0,0.0,0.0
8.633,52,223583.0,600.0,250.0,653.0,600.0,0.0,1.0,0.0,0.0,0.5,0.147,0.582,0.5,0.509,0.163,0.592,0.516,0.0,0.0,-2.02,-5.82,0.02,0.0,0.0,0.0,0.0,0.0,0.0,0.0,0.0,1.0,0.0,0.0,0.4,-0.0,-0.0,0.0,0.0,0.0,0.0,0.0,0.0,0.0,0.0,170.0,141.0,170.0,170.0,12.0,11.0,78.0,5.0,15.0,0.0,0.0
8.666,37,223620.0,600.0,250.0,653.0,600.0,0.0,1.0,0.0,0.0,0.5,0.147,0.561,0.5,0.509,0.163,0.574,0.516,0.0,0.0,-2.02,-5.82,0.02,0.0,0.0,0.0,0.0,0.0,0.0,0.0,0.0,1.0,0.0,0.0,0.4,-0.0,-0.0,0.0,0.0,0.0,0.0,0.0,0.0,0.0,0.0,170.0,141.0,170.0,170.0,12.0,11.0,78.0,5.0,15.0,0.0,0.0
8.764,101,223721.0,600.0,251.0,653.0,600.0,0.0,1.0,0.0,0.0,0.5,0.147,0.561,0.5,0.509,0.163,0.574,0.516,0.0,0.0,-2.02,-5.82,0.02,0.0,0.0,0.0,0.0,0.0,0.0,0.0,0.0,1.0,0.0,0.0,0.3,-0.0,-0.0,0.0,0.0,0.0,0.0,0.0,0.0,0.0,0.0,170.0,141.0,170.0,170.0,12.0,11.0,78.0,5.0,15.0,0.0,0.0
8.829,52,223773.0,600.0,251.0,712.0,600.0,0.0,1.0,0.0,0.0,0.5,0.147,0.561,0.5,0.509,0.163,0.574,0.516,0.0,0.0,-2.02,-5.83,0.02,0.0,0.0,0.0,0.0,0.0,0.0,0.0,0.0,1.0,0.0,0.0,0.5,-0.0,-0.0,0.0,0.0,0.0,0.0,0.0,0.0,0.0,0.0,170.0,141.0,170.0,170.0,12.0,11.0,78.0,5.0,15.0,0.0,0.0
8.862,37,223810.0,600.0,251.0,712.0,600.0,0.0,1.0,0.0,0.0,0.5,0.148,0.574,0.5,0.51,0.164,0.581,0.516,0.0,0.0,-2.02,-5.83,0.02,0.0,0.0,0.0,0.0,0.0,0.0,0.0,0.0,1.0,0.0,0.0,0.4,-0.0,-0.0,0.0,0.0,0.0,0.0,0.0,0.0,0.0,0.0,170.0,141.0,170.0,170.0,12.0,11.0,78.0,5.0,15.0,0.0,0.0
8.959,98,223908.0,600.0,252.0,712.0,600.0,0.0,1.0,0.0,0.0,0.5,0.148,0.574,0.5,0.51,0.164,0.581,0.516,0.0,0.0,-2.02,-5.83,0.02,0.0,0.0,0.0,0.0,0.0,0.0,0.0,0.0,1.0,0.0,0.0,-0.2,-0.0,-0.0,0.0,0.0,0.0,0.0,0.0,0.0,0.0,0.0,170.0,141.0,170.0,170.0,12.0,11.0,78.0,5.0,15.0,0.0,0.0
8.991,51,223959.0,600.0,252.0,743.0,600.0,0.0,1.0,0.0,0.0,0.5,0.148,0.574,0.5,0.51,0.164,0.581,0.516,0.0,0.0,-2.02,-5.83,0.02,0.0,0.0,0.0,0.0,0.0,0.0,0.0,0.0,1.0,0.0,0.0,-0.1,-0.0,-0.0,0.0,0.0,0.0,0.0,0.0,0.0,0.0,0.0,170.0,141.0,170.0,170.0,12.0,11.0,78.0,5.0,15.0,0.0,0.0
9.055,38,223997.0,600.0,252.0,743.0,600.0,0.0,1.0,0.0,0.0,0.5,0.149,0.591,0.5,0.51,0.165,0.598,0.516,0.0,0.0,-2.02,-5.83,0.02,0.0,0.0,0.0,0.0,0.0,0.0,0.0,0.0,1.0,0.0,0.0,-0.1,-0.0,-0.0,0.0,0.0,0.0,0.0,0.0,0.0,0.0,0.0,170.0,141.0,170.0,170.0,12.0,11.0,78.0,5.0,15.0,0.0,0.0
9.152,97,224094.0,600.0,253.0,743.0,600.0,0.0,1.0,0.0,0.0,0.5,0.149,0.591,0.5,0.51,0.165,0.598,0.516,0.0,0.0,-2.02,-5.83,0.02,0.0,0.0,0.0,0.0,0.0,0.0,0.0,0.0,1.0,0.0,0.0,-0.1,-0.0,-0.0,0.0,0.0,0.0,0.0,0.0,0.0,0.0,0.0,170.0,141.0,170.0,170.0,12.0,11.0,78.0,5.0,15.0,0.0,0.0
9.185,52,224146.0,600.0,253.0,771.0,600.0,0.0,1.0,0.0,0.0,0.5,0.149,0.591,0.5,0.51,0.165,0.598,0.516,0.0,0.0,-2.02,-5.83,0.02,0.0,0.0,0.0,0.0,0.0,0.0,0.0,0.0,1.0,0.0,0.0,-0.1,-0.0,-0.0,0.0,0.0,0.0,0.0,0.0,0.0,0.0,0.0,170.0,141.0,170.0,170.0,12.0,11.0,78.0,5.0,15.0,0.0,0.0
9.217,37,224183.0,600.0,253.0,771.0,600.0,0.0,1.0,0.0,0.0,0.5,0.15,0.608,0.5,0.51,0.166,0.615,0.516,0.0,0.0,-2.02,-5.83,0.02,0.0,0.0,0.0,0.0,0.0,0.0,0.0,0.0,1.0,0.0,0.0,-0.0,-0.0,-0.0,0.0,0.0,0.0,0.0,0.0,0.0,0.0,0.0,170.0,141.0,170.0,170.0,12.0,11.0,78.0,5.0,15.0,0.0,0.0
9.315,98,224281.0,600.0,253.0,771.0,600.0,0.0,1.0,0.0,0.0,0.5,0.15,0.608,0.5,0.51,0.166,0.615,0.516,0.0,0.0,-2.02,-5.83,0.02,0.0,0.0,0.0,0.0,0.0,0.0,0.0,0.0,1.0,0.0,0.0,0.0,-0.0,-0.0,0.0,0.0,0.0,0.0,0.0,0.0,0.0,0.0,170.0,141.0,170.0,170.0,12.0,11.0,78.0,5.0,15.0,0.0,0.0
9.382,54,224335.0,600.0,253.0,771.0,600.0,0.0,1.0,0.0,0.0,0.5,0.15,0.608,0.5,0.51,0.166,0.615,0.516,0.0,0.0,-2.02,-5.83,0.02,0.0,0.0,0.0,0.0,0.0,0.0,0.0,0.0,1.0,0.0,0.0,-0.2,-0.0,-0.0,0.0,0.0,0.0,0.0,0.0,0.0,0.0,0.0,170.0,141.0,170.0,170.0,12.0,11.0,78.0,5.0,15.0,0.0,0.0
9.415,38,224373.0,600.0,253.0,771.0,600.0,0.0,1.0,0.0,0.0,0.5,0.15,0.616,0.5,0.51,0.167,0.624,0.516,0.0,0.0,-2.02,-5.83,0.02,0.0,0.0,0.0,0.0,0.0,0.0,0.0,0.0,1.0,0.0,0.0,-0.2,-0.0,-0.0,0.0,0.0,0.0,0.0,0.0,0.0,0.0,0.0,170.0,141.0,170.0,170.0,12.0,11.0,78.0,5.0,15.0,0.0,0.0
9.513,97,224470.0,600.0,254.0,771.0,600.0,0.0,1.0,0.0,0.0,0.5,0.15,0.616,0.5,0.51,0.167,0.624,0.516,0.0,0.0,-2.02,-5.83,0.02,0.0,0.0,0.0,0.0,0.0,0.0,0.0,0.0,1.0,0.0,0.0,-0.2,-0.0,-0.0,0.0,0.0,0.0,0.0,0.0,0.0,0.0,0.0,170.0,141.0,170.0,170.0,12.0,11.0,78.0,5.0,15.0,0.0,0.0
9.579,51,224521.0,600.0,254.0,803.0,600.0,0.0,1.0,0.0,0.0,0.5,0.15,0.616,0.5,0.51,0.167,0.624,0.516,0.0,0.0,-2.02,-5.82,0.02,0.0,0.0,0.0,0.0,0.0,0.0,0.0,0.0,1.0,0.0,0.0,-0.1,-0.0,-0.0,0.0,0.0,0.0,0.0,0.0,0.0,0.0,0.0,170.0,141.0,170.0,170.0,12.0,11.0,78.0,5.0,15.0,0.0,0.0
9.612,38,224559.0,600.0,254.0,803.0,600.0,0.0,1.0,0.0,0.0,0.5,0.151,0.63,0.5,0.51,0.167,0.637,0.517,0.0,0.0,-2.02,-5.82,0.02,0.0,0.0,0.0,0.0,0.0,0.0,0.0,0.0,1.0,0.0,0.0,-0.2,-0.0,-0.0,0.0,0.0,0.0,0.0,0.0,0.0,0.0,0.0,170.0,141.0,170.0,170.0,12.0,11.0,78.0,5.0,15.0,0.0,0.0
9.71,99,224658.0,600.0,252.0,803.0,600.0,0.0,1.0,0.0,0.0,0.5,0.151,0.63,0.5,0.51,0.167,0.637,0.517,0.0,0.0,-2.02,-5.82,0.02,0.0,0.0,0.0,0.0,0.0,0.0,0.0,0.0,1.0,0.0,0.0,-0.2,-0.0,-0.0,0.0,0.0,0.0,0.0,0.0,0.0,0.0,0.0,170.0,141.0,170.0,170.0,12.0,11.0,78.0,5.0,15.0,0.0,0.0
9.743,51,224709.0,600.0,252.0,743.0,600.0,0.0,1.0,0.0,0.0,0.5,0.151,0.63,0.5,0.51,0.167,0.637,0.517,0.0,0.0,-2.02,-5.82,0.02,0.0,0.0,0.0,0.0,0.0,0.0,0.0,0.0,1.0,0.0,0.0,-0.1,-0.0,-0.0,0.0,0.0,0.0,0.0,0.0,0.0,0.0,0.0,170.0,141.0,170.0,170.0,12.0,11.0,78.0,5.0,15.0,0.0,0.0
9.775,37,224746.0,600.0,252.0,743.0,600.0,0.0,1.0,0.0,0.0,0.5,0.15,0.617,0.5,0.51,0.167,0.628,0.516,0.0,0.0,-2.02,-5.82,0.02,0.0,0.0,0.0,0.0,0.0,0.0,0.0,0.0,1.0,0.0,0.0,-0.1,-0.0,-0.0,0.0,0.0,0.0,0.0,0.0,0.0,0.0,0.0,170.0,141.0,170.0,170.0,12.0,11.0,78.0,5.0,15.0,0.0,0.0
9.873,101,224847.0,600.0,253.0,743.0,600.0,0.0,1.0,0.0,0.0,0.5,0.15,0.617,0.5,0.51,0.167,0.628,0.516,0.0,0.0,-2.02,-5.82,0.02,0.0,0.0,0.0,0.0,0.0,0.0,0.0,0.0,1.0,0.0,0.0,-0.1,-0.0,-0.0,0.0,0.0,0.0,0.0,0.0,0.0,0.0,0.0,170.0,141.0,170.0,170.0,12.0,11.0,78.0,5.0,15.0,0.0,1.0
9.936,52,224899.0,600.0,253.0,735.0,600.0,0.0,1.0,0.0,0.0,0.5,0.15,0.617,0.5,0.51,0.167,0.628,0.516,0.0,0.0,-2.02,-5.82,0.02,0.0,0.0,0.0,0.0,0.0,0.0,0.0,0.0,1.0,0.0,0.0,-0.1,-0.0,-0.0,0.0,0.0,0.0,0.0,0.0,0.0,0.0,0.0,170.0,141.0,170.0,170.0,12.0,11.0,78.0,5.0,15.0,0.0,0.0
9.968,37,224936.0,600.0,253.0,735.0,600.0,0.0,1.0,0.0,0.0,0.5,0.15,0.608,0.5,0.51,0.167,0.619,0.516,0.0,0.0,-2.02,-5.82,0.02,0.0,0.0,0.0,0.0,0.0,0.0,0.0,0.0,1.0,0.0,0.0,-0.1,-0.0,-0.0,0.0,0.0,0.0,0.0,0.0,0.0,0.0,0.0,170.0,141.0,170.0,170.0,12.0,11.0,78.0,5.0,15.0,0.0,0.0
10.063,100,225036.0,600.0,253.0,735.0,600.0,0.0,1.0,0.0,0.0,0.5,0.15,0.608,0.5,0.51,0.167,0.619,0.516,0.0,0.0,-2.02,-5.82,0.02,0.0,0.0,0.0,0.0,0.0,0.0,0.0,0.0,1.0,0.0,0.0,-0.1,-0.0,-0.0,0.0,0.0,0.0,0.0,0.0,0.0,0.0,0.0,170.0,141.0,170.0,170.0,12.0,11.0,78.0,5.0,15.0,0.0,0.0
10.13,51,225087.0,600.0,253.0,748.0,600.0,0.0,1.0,0.0,0.0,0.5,0.15,0.608,0.5,0.51,0.167,0.619,0.516,0.0,0.0,-2.02,-5.82,0.02,0.0,0.0,0.0,0.0,0.0,0.0,0.0,0.0,1.0,0.0,0.0,-0.1,-0.0,-0.0,0.0,0.0,0.0,0.0,0.0,0.0,0.0,0.0,170.0,141.0,170.0,170.0,12.0,11.0,78.0,5.0,15.0,0.0,0.0
10.163,37,225124.0,600.0,253.0,748.0,600.0,0.0,1.0,0.0,0.0,0.5,0.151,0.608,0.5,0.51,0.167,0.618,0.516,0.0,0.0,-2.02,-5.82,0.02,0.0,0.0,0.0,0.0,0.0,0.0,0.0,0.0,1.0,0.0,0.0,-0.0,-0.0,-0.0,0.0,0.0,0.0,0.0,0.0,0.0,0.0,0.0,170.0,141.0,170.0,170.0,12.0,11.0,78.0,5.0,15.0,0.0,0.0
10.261,97,225221.0,600.0,255.0,748.0,600.0,0.0,1.0,0.0,0.0,0.5,0.151,0.608,0.5,0.51,0.167,0.618,0.516,0.0,0.0,-2.02,-5.82,0.02,0.0,0.0,0.0,0.0,0.0,0.0,0.0,0.0,1.0,0.0,0.0,-0.0,-0.0,-0.0,0.0,0.0,0.0,0.0,0.0,0.0,0.0,0.0,170.0,141.0,170.0,170.0,12.0,11.0,78.0,5.0,15.0,0.0,1.0
10.327,53,225274.0,600.0,255.0,748.0,600.0,0.0,1.0,0.0,0.0,0.5,0.151,0.608,0.5,0.51,0.167,0.618,0.516,0.0,0.0,-2.02,-5.82,0.02,0.0,0.0,0.0,0.0,0.0,0.0,0.0,0.0,1.0,0.0,0.0,0.0,-0.0,-0.0,0.0,0.0,0.0,0.0,0.0,0.0,0.0,0.0,170.0,141.0,170.0,170.0,12.0,11.0,78.0,5.0,15.0,0.0,0.0
10.36,37,225311.0,600.0,255.0,748.0,600.0,0.0,1.0,0.0,0.0,0.5,0.152,0.609,0.5,0.51,0.168,0.618,0.516,0.0,0.0,-2.02,-5.82,0.02,0.0,0.0,0.0,0.0,0.0,0.0,0.0,0.0,1.0,0.0,0.0,-0.1,-0.0,-0.0,0.0,0.0,0.0,0.0,0.0,0.0,0.0,0.0,170.0,141.0,170.0,170.0,12.0,11.0,78.0,5.0,15.0,0.0,0.0
10.459,99,225410.0,600.0,252.0,748.0,600.0,0.0,1.0,0.0,0.0,0.5,0.152,0.609,0.5,0.51,0.168,0.618,0.516,0.0,0.0,-2.02,-5.82,0.02,0.0,0.0,0.0,0.0,0.0,0.0,0.0,0.0,1.0,0.0,0.0,-0.0,-0.0,-0.0,0.0,0.0,0.0,0.0,0.0,0.0,0.0,0.0,170.0,141.0,170.0,170.0,12.0,11.0,78.0,5.0,15.0,0.0,0.0
10.491,52,225462.0,600.0,252.0,716.0,600.0,0.0,1.0,0.0,0.0,0.5,0.152,0.609,0.5,0.51,0.168,0.618,0.516,0.0,0.0,-2.02,-5.82,0.02,0.0,0.0,0.0,0.0,0.0,0.0,0.0,0.0,1.0,0.0,0.0,-0.0,-0.0,-0.0,0.0,0.0,0.0,0.0,0.0,0.0,0.0,0.0,170.0,141.0,170.0,170.0,12.0,11.0,78.0,5.0,15.0,0.0,1.0
10.557,38,225500.0,600.0,252.0,716.0,600.0,0.0,1.0,0.0,0.0,0.5,0.151,0.597,0.5,0.51,0.167,0.609,0.516,0.0,0.0,-2.02,-5.82,0.02,0.0,0.0,0.0,0.0,0.0,0.0,0.0,0.0,1.0,0.0,0.0,-0.0,-0.0,-0.0,0.0,0.0,0.0,0.0,0.0,0.0,0.0,0.0,170.0,141.0,170.0,170.0,12.0,11.0,78.0,5.0,15.0,0.0,0.0
10.655,99,225599.0,600.0,251.0,716.0,600.0,0.0,1.0,0.0,0.0,0.5,0.151,0.597,0.5,0.51,0.167,0.609,0.516,0.0,0.0,-2.02,-5.82,0.02,0.0,0.0,0.0,0.0,0.0,0.0,0.0,0.0,1.0,0.0,0.0,-0.0,-0.0,-0.0,0.0,0.0,0.0,0.0,0.0,0.0,0.0,0.0,170.0,141.0,170.0,170.0,12.0,11.0,78.0,5.0,15.0,0.0,1.0
10.687,52,225651.0,600.0,251.0,716.0,600.0,0.0,1.0,0.0,0.0,0.5,0.151,0.597,0.5,0.51,0.167,0.609,0.516,0.0,0.0,-2.02,-5.82,0.02,0.0,0.0,0.0,0.0,0.0,0.0,0.0,0.0,1.0,0.0,0.0,0.0,-0.0,-0.0,0.0,0.0,0.0,0.0,0.0,0.0,0.0,0.0,170.0,141.0,170.0,170.0,12.0,11.0,78.0,5.0,15.0,0.0,0.0
10.719,39,225690.0,600.0,251.0,716.0,600.0,0.0,1.0,0.0,0.0,0.5,0.15,0.592,0.5,0.51,0.166,0.602,0.516,0.0,0.0,-2.02,-5.82,0.02,0.0,0.0,0.0,0.0,0.0,0.0,0.0,0.0,1.0,0.0,0.0,-0.0,-0.0,-0.0,0.0,0.0,0.0,0.0,0.0,0.0,0.0,0.0,170.0,141.0,170.0,170.0,12.0,11.0,78.0,5.0,15.0,0.0,0.0
10.816,98,225788.0,600.0,249.0,716.0,600.0,0.0,1.0,0.0,0.0,0.5,0.15,0.592,0.5,0.51,0.166,0.602,0.516,0.0,0.0,-2.02,-5.82,0.02,0.0,0.0,0.0,0.0,0.0,0.0,0.0,0.0,1.0,0.0,0.0,-0.0,-0.0,-0.0,0.0,0.0,0.0,0.0,0.0,0.0,0.0,0.0,170.0,141.0,170.0,170.0,12.0,11.0,78.0,5.0,15.0,0.0,0.0
10.883,51,225839.0,600.0,249.0,722.0,600.0,0.0,1.0,0.0,0.0,0.5,0.15,0.592,0.5,0.51,0.166,0.602,0.516,0.0,0.0,-2.02,-5.82,0.02,0.0,0.0,0.0,0.0,0.0,0.0,0.0,0.0,1.0,0.0,0.0,-0.0,-0.0,-0.0,0.0,0.0,0.0,0.0,0.0,0.0,0.0,0.0,170.0,141.0,170.0,170.0,12.0,11.0,78.0,5.0,15.0,0.0,0.0
10.916,37,225876.0,600.0,249.0,722.0,600.0,0.0,1.0,0.0,0.0,0.5,0.148,0.592,0.5,0.51,0.164,0.601,0.516,0.0,0.0,-2.02,-5.82,0.02,0.0,0.0,0.0,0.0,0.0,0.0,0.0,0.0,1.0,0.0,0.0,0.0,-0.0,-0.0,0.0,0.0,0.0,0.0,0.0,0.0,0.0,0.0,170.0,141.0,170.0,170.0,12.0,11.0,78.0,5.0,15.0,0.0,0.0
11.014,97,225973.0,600.0,246.0,722.0,600.0,0.0,1.0,0.0,0.0,0.5,0.148,0.592,0.5,0.51,0.164,0.601,0.516,0.0,0.0,-2.02,-5.81,0.02,0.0,0.0,0.0,0.0,0.0,0.0,0.0,0.0,1.0,0.0,0.0,-0.4,-0.0,-0.0,0.0,0.0,0.0,0.0,0.0,0.0,0.0,0.0,170.0,141.0,170.0,170.0,12.0,11.0,78.0,5.0,15.0,0.0,0.0
11.08,51,226024.0,600.0,246.0,695.0,600.0,0.0,1.0,0.0,0.0,0.5,0.148,0.592,0.5,0.51,0.164,0.601,0.516,0.0,0.0,-2.02,-5.81,0.02,0.0,0.0,0.0,0.0,0.0,0.0,0.0,0.0,1.0,0.0,0.0,-0.4,-0.0,-0.0,0.0,0.0,0.0,0.0,0.0,0.0,0.0,0.0,170.0,141.0,170.0,170.0,12.0,11.0,78.0,5.0,15.0,0.0,0.0
11.112,38,226062.0,600.0,246.0,695.0,600.0,0.0,1.0,0.0,0.0,0.5,0.146,0.582,0.5,0.509,0.162,0.593,0.516,0.0,0.0,-2.02,-5.81,0.02,0.0,0.0,0.0,0.0,0.0,0.0,0.0,0.0,1.0,0.0,0.0,-0.3,-0.0,-0.0,0.0,0.0,0.0,0.0,0.0,0.0,0.0,0.0,170.0,141.0,170.0,170.0,12.0,11.0,78.0,5.0,15.0,0.0,0.0
11.211,101,226163.0,600.0,245.0,695.0,600.0,0.0,1.0,0.0,0.0,0.5,0.146,0.582,0.5,0.509,0.162,0.593,0.516,0.0,0.0,-2.02,-5.81,0.02,0.0,0.0,0.0,0.0,0.0,0.0,0.0,0.0,1.0,0.0,0.0,-0.1,-0.0,-0.0,0.0,0.0,0.0,0.0,0.0,0.0,0.0,0.0,170.0,141.0,170.0,170.0,12.0,11.0,78.0,5.0,15.0,0.0,1.0
11.244,52,226215.0,600.0,245.0,740.0,600.0,0.0,1.0,0.0,0.0,0.5,0.146,0.582,0.5,0.509,0.162,0.593,0.516,0.0,0.0,-2.02,-5.81,0.02,0.0,0.0,0.0,0.0,0.0,0.0,0.0,0.0,1.0,0.0,0.0,-0.3,-0.0,-0.0,0.0,0.0,0.0,0.0,0.0,0.0,0.0,0.0,170.0,141.0,170.0,170.0,12.0,11.0,78.0,5.0,15.0,0.0,0.0
11.309,37,226252.0,600.0,245.0,740.0,600.0,0.0,1.0,0.0,0.0,0.5,0.144,0.593,0.5,0.509,0.161,0.601,0.516,0.0,0.0,-2.03,-5.81,0.02,0.0,0.0,0.0,0.0,0.0,0.0,0.0,0.0,1.0,0.0,0.0,-0.3,-0.0,-0.0,0.0,0.0,0.0,0.0,0.0,0.0,0.0,0.0,170.0,141.0,170.0,170.0,12.0,11.0,78.0,5.0,15.0,0.0,0.0
11.409,100,226352.0,600.0,247.0,740.0,600.0,0.0,1.0,0.0,0.0,0.5,0.144,0.593,0.5,0.509,0.161,0.601,0.516,0.0,0.0,-2.03,-5.81,0.02,0.0,0.0,0.0,0.0,0.0,0.0,0.0,0.0,1.0,0.0,0.0,-0.2,-0.0,-0.0,0.0,0.0,0.0,0.0,0.0,0.0,0.0,0.0,170.0,141.0,170.0,170.0,12.0,11.0,78.0,5.0,15.0,0.0,0.0
11.441,52,226404.0,600.0,247.0,740.0,600.0,0.0,1.0,0.0,0.0,0.5,0.144,0.593,0.5,0.509,0.161,0.601,0.516,0.0,0.0,-2.02,-5.81,0.03,0.0,0.0,0.0,0.0,0.0,0.0,0.0,0.0,1.0,0.0,0.0,-0.2,-0.0,-0.0,0.0,0.0,0.0,0.0,0.0,0.0,0.0,0.0,170.0,141.0,170.0,170.0,12.0,11.0,78.0,5.0,15.0,0.0,0.0
11.474,38,226442.0,600.0,247.0,740.0,600.0,0.0,1.0,0.0,0.0,0.5,0.145,0.599,0.5,0.509,0.161,0.607,0.516,0.0,0.0,-2.02,-5.81,0.03,0.0,0.0,0.0,0.0,0.0,0.0,0.0,0.0,1.0,0.0,0.0,-0.1,-0.0,-0.0,0.0,0.0,0.0,0.0,0.0,0.0,0.0,0.0,170.0,141.0,170.0,170.0,12.0,11.0,78.0,5.0,15.0,0.0,0.0
11.572,98,226540.0,600.0,246.0,740.0,600.0,0.0,1.0,0.0,0.0,0.5,0.145,0.599,0.5,0.509,0.161,0.607,0.516,0.0,0.0,-2.02,-5.81,0.03,0.0,0.0,0.0,0.0,0.0,0.0,0.0,0.0,1.0,0.0,0.0,-0.1,-0.0,-0.0,0.0,0.0,0.0,0.0,0.0,0.0,0.0,0.0,170.0,141.0,170.0,170.0,12.0,11.0,78.0,5.0,15.0,0.0,0.0
11.638,52,226592.0,600.0,246.0,783.0,600.0,0.0,1.0,0.0,0.0,0.5,0.145,0.599,0.5,0.509,0.161,0.607,0.516,0.0,0.0,-2.02,-5.81,0.03,0.0,0.0,0.0,0.0,0.0,0.0,0.0,0.0,1.0,0.0,0.0,-0.3,-0.0,-0.0,0.0,0.0,0.0,0.0,0.0,0.0,0.0,0.0,170.0,141.0,170.0,170.0,12.0,11.0,78.0,5.0,15.0,0.0,0.0
11.671,38,226630.0,600.0,246.0,783.0,600.0,0.0,1.0,0.0,0.0,0.5,0.144,0.616,0.5,0.509,0.161,0.622,0.516,0.0,0.0,-2.02,-5.81,0.03,0.0,0.0,0.0,0.0,0.0,0.0,0.0,0.0,1.0,0.0,0.0,-0.3,-0.0,-0.0,0.0,0.0,0.0,0.0,0.0,0.0,0.0,0.0,170.0,141.0,170.0,170.0,12.0,11.0,78.0,5.0,15.0,0.0,0.0
11.769,96,226726.0,600.0,247.0,783.0,600.0,0.0,1.0,0.0,0.0,0.5,0.144,0.616,0.5,0.509,0.161,0.622,0.516,0.0,0.0,-2.02,-5.81,0.03,0.0,0.0,0.0,0.0,0.0,0.0,0.0,0.0,1.0,0.0,0.0,-0.2,-0.0,-0.0,0.0,0.0,0.0,0.0,0.0,0.0,0.0,0.0,170.0,141.0,170.0,170.0,12.0,11.0,78.0,5.0,15.0,0.0,0.0
11.835,52,226778.0,600.0,247.0,726.0,600.0,0.0,1.0,0.0,0.0,0.5,0.144,0.616,0.5,0.509,0.161,0.622,0.516,0.0,0.0,-2.02,-5.81,0.03,0.0,0.0,0.0,0.0,0.0,0.0,0.0,0.0,1.0,0.0,0.0,-0.2,-0.0,-0.0,0.0,0.0,0.0,0.0,0.0,0.0,0.0,0.0,170.0,141.0,170.0,170.0,12.0,11.0,78.0,5.0,15.0,0.0,0.0
11.868,37,226815.0,600.0,247.0,726.0,600.0,0.0,1.0,0.0,0.0,0.5,0.145,0.604,0.5,0.509,0.161,0.615,0.516,0.0,0.0,-2.02,-5.81,0.03,0.0,0.0,0.0,0.0,0.0,0.0,0.0,0.0,1.0,0.0,0.0,-0.2,-0.0,-0.0,0.0,0.0,0.0,0.0,0.0,0.0,0.0,0.0,170.0,141.0,170.0,170.0,12.0,11.0,78.0,5.0,15.0,0.0,0.0
11.966,98,226913.0,600.0,251.0,726.0,600.0,0.0,1.0,0.0,0.0,0.5,0.145,0.604,0.5,0.509,0.161,0.615,0.516,0.0,0.0,-2.02,-5.81,0.03,0.0,0.0,0.0,0.0,0.0,0.0,0.0,0.0,1.0,0.0,0.0,-0.2,-0.0,-0.0,0.0,0.0,0.0,0.0,0.0,0.0,0.0,0.0,170.0,141.0,170.0,170.0,12.0,11.0,78.0,5.0,15.0,0.0,0.0
11.998,52,226965.0,600.0,251.0,741.0,600.0,0.0,1.0,0.0,0.0,0.5,0.145,0.604,0.5,0.509,0.161,0.615,0.516,0.0,0.0,-2.02,-5.81,0.03,0.0,0.0,0.0,0.0,0.0,0.0,0.0,0.0,1.0,0.0,0.0,-0.1,-0.0,-0.0,0.0,0.0,0.0,0.0,0.0,0.0,0.0,0.0,170.0,141.0,170.0,170.0,12.0,11.0,78.0,5.0,15.0,0.0,0.0
12.03,37,227002.0,600.0,251.0,741.0,600.0,0.0,1.0,0.0,0.0,0.5,0.147,0.604,0.5,0.509,0.163,0.613,0.516,0.0,0.0,-2.02,-5.81,0.03,0.0,0.0,0.0,0.0,0.0,0.0,0.0,0.0,1.0,0.0,0.0,-0.1,-0.0,-0.0,0.0,0.0,0.0,0.0,0.0,0.0,0.0,0.0,170.0,141.0,170.0,170.0,12.0,11.0,78.0,5.0,15.0,0.0,0.0
12.159,101,227103.0,600.0,252.0,741.0,600.0,0.0,1.0,0.0,0.0,0.5,0.147,0.604,0.5,0.509,0.163,0.613,0.516,0.0,0.0,-2.02,-5.81,0.03,0.0,0.0,0.0,0.0,0.0,0.0,0.0,0.0,1.0,0.0,0.0,-0.2,-0.0,-0.0,0.0,0.0,0.0,0.0,0.0,0.0,0.0,0.0,170.0,141.0,170.0,170.0,12.0,11.0,78.0,5.0,15.0,0.0,0.0
12.192,52,227155.0,600.0,252.0,749.0,600.0,0.0,1.0,0.0,0.0,0.5,0.147,0.604,0.5,0.509,0.163,0.613,0.516,0.0,0.0,-2.02,-5.81,0.03,0.0,0.0,0.0,0.0,0.0,0.0,0.0,0.0,1.0,0.0,0.0,0.0,-0.0,-0.0,0.0,0.0,0.0,0.0,0.0,0.0,0.0,0.0,170.0,141.0,170.0,170.0,12.0,11.0,78.0,5.0,15.0,0.0,0.0
12.225,37,227192.0,600.0,252.0,749.0,600.0,0.0,1.0,0.0,0.0,0.5,0.149,0.607,0.5,0.51,0.165,0.616,0.516,0.0,0.0,-2.02,-5.81,0.03,0.0,0.0,0.0,0.0,0.0,0.0,0.0,0.0,1.0,0.0,0.0,0.1,-0.0,-0.0,0.0,0.0,0.0,0.0,0.0,0.0,0.0,0.0,170.0,141.0,170.0,170.0,12.0,11.0,78.0,5.0,15.0,0.0,0.0
12.323,100,227292.0,600.0,252.0,749.0,600.0,0.0,1.0,0.0,0.0,0.5,0.149,0.607,0.5,0.51,0.165,0.616,0.516,0.0,0.0,-2.02,-5.81,0.03,0.0,0.0,0.0,0.0,0.0,0.0,0.0,0.0,1.0,0.0,0.0,0.1,-0.0,-0.0,0.0,0.0,0.0,0.0,0.0,0.0,0.0,0.0,170.0,141.0,170.0,170.0,12.0,11.0,78.0,5.0,15.0,0.0,0.0
12.389,51,227343.0,600.0,252.0,749.0,600.0,0.0,1.0,0.0,0.0,0.5,0.149,0.607,0.5,0.51,0.165,0.616,0.516,0.0,0.0,-2.02,-5.81,0.03,0.0,0.0,0.0,0.0,0.0,0.0,0.0,0.0,1.0,0.0,0.0,0.1,-0.0,-0.0,0.0,0.0,0.0,0.0,0.0,0.0,0.0,0.0,170.0,141.0,170.0,170.0,12.0,11.0,78.0,5.0,15.0,0.0,0.0
12.422,39,227382.0,600.0,252.0,749.0,600.0,0.0,1.0,0.0,0.0,0.5,0.149,0.608,0.5,0.51,0.165,0.617,0.516,0.0,0.0,-2.02,-5.81,0.03,0.0,0.0,0.0,0.0,0.0,0.0,0.0,0.0,1.0,0.0,0.0,0.0,-0.0,-0.0,0.0,0.0,0.0,0.0,0.0,0.0,0.0,0.0,170.0,141.0,170.0,170.0,12.0,11.0,78.0,5.0,15.0,0.0,0.0
12.52,98,227480.0,600.0,254.0,749.0,600.0,0.0,1.0,0.0,0.0,0.5,0.149,0.608,0.5,0.51,0.165,0.617,0.516,0.0,0.0,-2.02,-5.81,0.03,0.0,0.0,0.0,0.0,0.0,0.0,0.0,0.0,1.0,0.0,0.0,0.0,-0.0,-0.0,0.0,0.0,0.0,0.0,0.0,0.0,0.0,0.0,170.0,141.0,170.0,170.0,12.0,11.0,78.0,5.0,15.0,0.0,1.0
12.586,52,227532.0,600.0,254.0,753.0,600.0,0.0,1.0,0.0,0.0,0.5,0.149,0.608,0.5,0.51,0.165,0.617,0.516,0.0,0.0,-2.02,-5.82,0.03,0.0,0.0,0.0,0.0,0.0,0.0,0.0,0.0,1.0,0.0,0.0,0.0,-0.0,-0.0,0.0,0.0,0.0,0.0,0.0,0.0,0.0,0.0,170.0,141.0,170.0,170.0,12.0,11.0,78.0,5.0,15.0,0.0,0.0
12.619,37,227569.0,600.0,254.0,753.0,600.0,0.0,1.0,0.0,0.0,0.5,0.151,0.61,0.5,0.51,0.167,0.619,0.516,0.0,0.0,-2.02,-5.82,0.03,0.0,0.0,0.0,0.0,0.0,0.0,0.0,0.0,1.0,0.0,0.0,0.1,-0.0,-0.0,0.0,0.0,0.0,0.0,0.0,0.0,0.0,0.0,170.0,141.0,170.0,170.0,12.0,11.0,78.0,5.0,15.0,0.0,0.0
12.717,99,227668.0,600.0,254.0,753.0,600.0,0.0,1.0,0.0,0.0,0.5,0.151,0.61,0.5,0.51,0.167,0.619,0.516,0.0,0.0,-2.02,-5.82,0.03,0.0,0.0,0.0,0.0,0.0,0.0,0.0,0.0,1.0,0.0,0.0,0.5,-0.0,-0.0,0.0,0.0,0.0,0.0,0.0,0.0,0.0,0.0,170.0,141.0,170.0,170.0,12.0,11.0,78.0,5.0,15.0,0.0,0.0
12.75,52,227720.0,600.0,254.0,790.0,600.0,0.0,1.0,0.0,0.0,0.5,0.151,0.61,0.5,0.51,0.167,0.619,0.516,0.0,0.0,-2.02,-5.82,0.03,0.0,0.0,0.0,0.0,0.0,0.0,0.0,0.0,1.0,0.0,0.0,0.4,-0.0,-0.0,0.0,0.0,0.0,0.0,0.0,0.0,0.0,0.0,170.0,141.0,170.0,170.0,12.0,11.0,78.0,5.0,15.0,0.0,0.0
12.816,38,227758.0,600.0,254.0,790.0,600.0,0.0,1.0,0.0,0.0,0.5,0.152,0.623,0.5,0.51,0.168,0.631,0.516,0.0,0.0,-2.02,-5.82,0.03,0.0,0.0,0.0,0.0,0.0,0.0,0.0,0.0,1.0,0.0,0.0,0.3,-0.0,-0.0,0.0,0.0,0.0,0.0,0.0,0.0,0.0,0.0,170.0,141.0,170.0,170.0,12.0,11.0,78.0,5.0,15.0,0.0,0.0
12.882,96,227854.0,600.0,254.0,790.0,600.0,0.0,1.0,0.0,0.0,0.5,0.152,0.623,0.5,0.51,0.168,0.631,0.516,0.0,0.0,-2.02,-5.82,0.03,0.0,0.0,0.0,0.0,0.0,0.0,0.0,0.0,1.0,0.0,0.0,0.2,-0.0,-0.0,0.0,0.0,0.0,0.0,0.0,0.0,0.0,0.0,170.0,141.0,170.0,170.0,12.0,11.0,78.0,5.0,15.0,0.0,0.0
12.949,51,227905.0,600.0,254.0,786.0,600.0,0.0,1.0,0.0,0.0,0.5,0.152,0.623,0.5,0.51,0.168,0.631,0.516,0.0,0.0,-2.02,-5.82,0.03,0.0,0.0,0.0,0.0,0.0,0.0,0.0,0.0,1.0,0.0,0.0,0.2,-0.0,-0.0,0.0,0.0,0.0,0.0,0.0,0.0,0.0,0.0,170.0,141.0,170.0,170.0,12.0,11.0,78.0,5.0,15.0,0.0,1.0
12.982,38,227943.0,600.0,254.0,786.0,600.0,0.0,1.0,0.0,0.0,0.5,0.152,0.628,0.5,0.51,0.169,0.637,0.517,0.0,0.0,-2.02,-5.82,0.03,0.0,0.0,0.0,0.0,0.0,0.0,0.0,0.0,1.0,0.0,0.0,0.2,-0.0,-0.0,0.0,0.0,0.0,0.0,0.0,0.0,0.0,0.0,170.0,141.0,170.0,170.0,12.0,11.0,78.0,5.0,15.0,0.0,0.0
13.08,99,228042.0,600.0,254.0,786.0,600.0,0.0,1.0,0.0,0.0,0.5,0.152,0.628,0.5,0.51,0.169,0.637,0.517,0.0,0.0,-2.02,-5.82,0.03,0.0,0.0,0.0,0.0,0.0,0.0,0.0,0.0,1.0,0.0,0.0,0.1,-0.0,-0.0,0.0,0.0,0.0,0.0,0.0,0.0,0.0,0.0,170.0,141.0,170.0,170.0,12.0,11.0,78.0,5.0,15.0,0.0,0.0
13.146,51,228093.0,600.0,254.0,771.0,600.0,0.0,1.0,0.0,0.0,0.5,0.152,0.628,0.5,0.51,0.169,0.637,0.517,0.0,0.0,-2.02,-5.82,0.03,0.0,0.0,0.0,0.0,0.0,0.0,0.0,0.0,1.0,0.0,0.0,0.1,-0.0,-0.0,0.0,0.0,0.0,0.0,0.0,0.0,0.0,0.0,170.0,141.0,170.0,170.0,12.0,11.0,78.0,5.0,15.0,0.0,1.0
13.179,37,228130.0,600.0,254.0,771.0,600.0,0.0,1.0,0.0,0.0,0.5,0.152,0.625,0.5,0.51,0.169,0.635,0.517,0.0,0.0,-2.02,-5.82,0.03,0.0,0.0,0.0,0.0,0.0,0.0,0.0,0.0,1.0,0.0,0.0,0.1,-0.0,-0.0,0.0,0.0,0.0,0.0,0.0,0.0,0.0,0.0,170.0,141.0,170.0,170.0,12.0,11.0,78.0,5.0,15.0,0.0,0.0
13.277,98,228228.0,600.0,253.0,771.0,600.0,0.0,1.0,0.0,0.0,0.5,0.152,0.625,0.5,0.51,0.169,0.635,0.517,0.0,0.0,-2.02,-5.82,0.03,0.0,0.0,0.0,0.0,0.0,0.0,0.0,0.0,1.0,0.0,0.0,0.1,-0.0,-0.0,0.0,0.0,0.0,0.0,0.0,0.0,0.0,0.0,170.0,141.0,170.0,170.0,12.0,11.0,78.0,5.0,15.0,0.0,0.0
13.31,52,228280.0,600.0,253.0,808.0,600.0,0.0,1.0,0.0,0.0,0.5,0.152,0.625,0.5,0.51,0.169,0.635,0.517,0.0,0.0,-2.02,-5.82,0.02,0.0,0.0,0.0,0.0,0.0,0.0,0.0,0.0,1.0,0.0,0.0,0.1,-0.0,-0.0,0.0,0.0,0.0,0.0,0.0,0.0,0.0,0.0,170.0,141.0,170.0,170.0,12.0,11.0,78.0,5.0,15.0,0.0,0.0
13.375,37,228317.0,600.0,253.0,808.0,600.0,0.0,1.0,0.0,0.0,0.5,0.151,0.636,0.5,0.51,0.168,0.643,0.517,0.0,0.0,-2.02,-5.82,0.02,0.0,0.0,0.0,0.0,0.0,0.0,0.0,0.0,1.0,0.0,0.0,0.1,-0.0,-0.0,0.0,0.0,0.0,0.0,0.0,0.0,0.0,0.0,170.0,141.0,170.0,170.0,12.0,11.0,78.0,5.0,15.0,0.0,0.0
13.44,98,228415.0,600.0,254.0,808.0,600.0,0.0,1.0,0.0,0.0,0.5,0.151,0.636,0.5,0.51,0.168,0.643,0.517,0.0,0.0,-2.02,-5.82,0.02,0.0,0.0,0.0,0.0,0.0,0.0,0.0,0.0,1.0,0.0,0.0,0.1,-0.0,-0.0,0.0,0.0,0.0,0.0,0.0,0.0,0.0,0.0,170.0,141.0,170.0,170.0,12.0,11.0,78.0,5.0,15.0,0.0,0.0
13.504,52,228467.0,600.0,254.0,761.0,600.0,0.0,1.0,0.0,0.0,0.5,0.151,0.636,0.5,0.51,0.168,0.643,0.517,0.0,0.0,-2.02,-5.82,0.02,0.0,0.0,0.0,0.0,0.0,0.0,0.0,0.0,1.0,0.0,0.0,0.0,-0.0,-0.0,0.0,0.0,0.0,0.0,0.0,0.0,0.0,0.0,170.0,141.0,170.0,170.0,12.0,11.0,78.0,5.0,15.0,0.0,0.0
13.537,37,228504.0,600.0,254.0,761.0,600.0,0.0,1.0,0.0,0.0,0.5,0.151,0.625,0.5,0.51,0.168,0.636,0.517,0.0,0.0,-2.02,-5.82,0.02,0.0,0.0,0.0,0.0,0.0,0.0,0.0,0.0,1.0,0.0,0.0,0.0,-0.0,-0.0,0.0,0.0,0.0,0.0,0.0,0.0,0.0,0.0,170.0,141.0,170.0,170.0,12.0,11.0,78.0,5.0,15.0,0.0,0.0
13.634,99,228603.0,600.0,254.0,761.0,600.0,0.0,1.0,0.0,0.0,0.5,0.151,0.625,0.5,0.51,0.168,0.636,0.517,0.0,0.0,-2.02,-5.82,0.02,0.0,0.0,0.0,0.0,0.0,0.0,0.0,0.0,1.0,0.0,0.0,0.3,-0.0,-0.0,0.0,0.0,0.0,0.0,0.0,0.0,0.0,0.0,170.0,141.0,170.0,170.0,12.0,11.0,78.0,5.0,15.0,0.0,1.0
13.701,52,228655.0,600.0,254.0,780.0,600.0,0.0,1.0,0.0,0.0,0.5,0.151,0.625,0.5,0.51,0.168,0.636,0.517,0.0,0.0,-2.02,-5.82,0.02,0.0,0.0,0.0,0.0,0.0,0.0,0.0,0.0,1.0,0.0,0.0,0.3,-0.0,-0.0,0.0,0.0,0.0,0.0,0.0,0.0,0.0,0.0,170.0,141.0,170.0,170.0,12.0,11.0,78.0,5.0,15.0,0.0,0.0
13.733,37,228692.0,600.0,254.0,780.0,600.0,0.0,1.0,0.0,0.0,0.5,0.152,0.627,0.5,0.51,0.168,0.636,0.517,0.0,0.0,-2.02,-5.82,0.02,0.0,0.0,0.0,0.0,0.0,0.0,0.0,0.0,1.0,0.0,0.0,0.2,-0.0,-0.0,0.0,0.0,0.0,0.0,0.0,0.0,0.0,0.0,170.0,141.0,170.0,170.0,12.0,11.0,78.0,5.0,15.0,0.0,0.0
13.832,98,228790.0,600.0,253.0,780.0,600.0,0.0,1.0,0.0,0.0,0.5,0.152,0.627,0.5,0.51,0.168,0.636,0.517,0.0,0.0,-2.02,-5.82,0.02,0.0,0.0,0.0,0.0,0.0,0.0,0.0,0.0,1.0,0.0,0.0,0.3,-0.0,-0.0,0.0,0.0,0.0,0.0,0.0,0.0,0.0,0.0,170.0,141.0,170.0,170.0,12.0,11.0,78.0,5.0,15.0,0.0,0.0
13.899,52,228842.0,600.0,253.0,775.0,600.0,0.0,1.0,0.0,0.0,0.5,0.152,0.627,0.5,0.51,0.168,0.636,0.517,0.0,0.0,-2.02,-5.82,0.02,0.0,0.0,0.0,0.0,0.0,0.0,0.0,0.0,1.0,0.0,0.0,0.2,-0.0,-0.0,0.0,0.0,0.0,0.0,0.0,0.0,0.0,0.0,170.0,141.0,170.0,170.0,12.0,11.0,78.0,5.0,15.0,0.0,0.0
13.932,38,228880.0,600.0,253.0,775.0,600.0,0.0,1.0,0.0,0.0,0.5,0.152,0.626,0.5,0.51,0.168,0.636,0.517,0.0,0.0,-2.02,-5.82,0.02,0.0,0.0,0.0,0.0,0.0,0.0,0.0,0.0,1.0,0.0,0.0,0.3,0.1,-0.0,0.0,0.0,0.0,0.0,0.0,0.0,0.0,0.0,170.0,141.0,170.0,170.0,12.0,11.0,78.0,5.0,15.0,0.0,0.0
14.031,97,228977.0,600.0,252.0,775.0,600.0,0.0,1.0,0.0,0.0,0.5,0.152,0.626,0.5,0.51,0.168,0.636,0.517,0.0,0.0,-2.02,-5.82,0.02,0.0,0.0,0.0,0.0,0.0,0.0,0.0,0.0,1.0,0.0,0.0,0.2,0.0,-0.0,0.0,0.0,0.0,0.0,0.0,0.0,0.0,0.0,170.0,141.0,170.0,170.0,12.0,11.0,78.0,5.0,15.0,0.0,0.0
14.064,53,229030.0,600.0,252.0,781.0,600.0,0.0,1.0,0.0,0.0,0.5,0.152,0.626,0.5,0.51,0.168,0.636,0.517,0.0,0.0,-2.02,-5.82,0.02,0.0,0.0,0.0,0.0,0.0,0.0,0.0,0.0,1.0,0.0,0.0,0.2,0.0,-0.0,0.0,0.0,0.0,0.0,0.0,0.0,0.0,0.0,170.0,141.0,170.0,170.0,12.0,11.0,78.0,5.0,15.0,0.0,0.0
14.096,38,229068.0,600.0,252.0,781.0,600.0,0.0,1.0,0.0,0.0,0.5,0.151,0.627,0.5,0.51,0.167,0.637,0.517,0.0,0.0,-2.02,-5.82,0.02,0.0,0.0,0.0,0.0,0.0,0.0,0.0,0.0,1.0,0.0,0.0,0.1,0.0,-0.0,0.0,0.0,0.0,0.0,0.0,0.0,0.0,0.0,170.0,141.0,170.0,170.0,12.0,11.0,78.0,5.0,15.0,0.0,0.0
14.194,100,229168.0,600.0,251.0,781.0,600.0,0.0,1.0,0.0,0.0,0.5,0.151,0.627,0.5,0.51,0.167,0.637,0.517,0.0,0.0,-2.02,-5.82,0.02,0.0,0.0,0.0,0.0,0.0,0.0,0.0,0.0,1.0,0.0,0.0,0.1,0.0,-0.0,0.0,0.0,0.0,0.0,0.0,0.0,0.0,0.0,170.0,141.0,170.0,170.0,12.0,11.0,78.0,5.0,15.0,0.0,1.0
14.26,51,229219.0,600.0,251.0,769.0,600.0,0.0,1.0,0.0,0.0,0.5,0.151,0.627,0.5,0.51,0.167,0.637,0.517,0.0,0.0,-2.02,-5.82,0.02,0.0,0.0,0.0,0.0,0.0,0.0,0.0,0.0,1.0,0.0,0.0,0.1,0.0,-0.0,0.0,0.0,0.0,0.0,0.0,0.0,0.0,0.0,170.0,141.0,170.0,170.0,12.0,11.0,78.0,5.0,15.0,0.0,0.0
14.293,37,229256.0,600.0,251.0,769.0,600.0,0.0,1.0,0.0,0.0,0.5,0.15,0.624,0.5,0.51,0.166,0.634,0.516,0.0,0.0,-2.02,-5.82,0.02,0.0,0.0,0.0,0.0,0.0,0.0,0.0,0.0,1.0,0.0,0.0,0.1,0.0,-0.0,0.0,0.0,0.0,0.0,0.0,0.0,0.0,0.0,170.0,141.0,170.0,170.0,12.0,11.0,78.0,5.0,15.0,0.0,0.0
14.391,99,229355.0,600.0,249.0,769.0,600.0,0.0,1.0,0.0,0.0,0.5,0.15,0.624,0.5,0.51,0.166,0.634,0.516,0.0,0.0,-2.02,-5.82,0.02,0.0,0.0,0.0,0.0,0.0,0.0,0.0,0.0,1.0,0.0,0.0,-0.3,0.0,-0.0,0.0,0.0,0.0,0.0,0.0,0.0,0.0,0.0,170.0,141.0,170.0,170.0,12.0,11.0,78.0,5.0,15.0,0.0,0.0
14.457,51,229406.0,600.0,249.0,805.0,600.0,0.0,1.0,0.0,0.0,0.5,0.15,0.624,0.5,0.51,0.166,0.634,0.516,0.0,0.0,-2.02,-5.82,0.02,0.0,0.0,0.0,0.0,0.0,0.0,0.0,0.0,1.0,0.0,0.0,-0.3,0.0,-0.0,0.0,0.0,0.0,0.0,0.0,0.0,0.0,0.0,170.0,141.0,170.0,170.0,12.0,11.0,78.0,5.0,15.0,0.0,1.0
14.49,38,229444.0,600.0,249.0,805.0,600.0,0.0,1.0,0.0,0.0,0.5,0.148,0.634,0.5,0.51,0.165,0.642,0.517,0.0,0.0,-2.02,-5.82,0.02,0.0,0.0,0.0,0.0,0.0,0.0,0.0,0.0,1.0,0.0,0.0,-0.2,0.0,-0.0,0.0,0.0,0.0,0.0,0.0,0.0,0.0,0.0,170.0,141.0,170.0,170.0,12.0,11.0,78.0,5.0,15.0,0.0,0.0
14.589,99,229543.0,600.0,248.0,805.0,600.0,0.0,1.0,0.0,0.0,0.5,0.148,0.634,0.5,0.51,0.165,0.642,0.517,0.0,0.0,-2.02,-5.82,0.02,0.0,0.0,0.0,0.0,0.0,0.0,0.0,0.0,1.0,0.0,0.0,-0.3,0.0,-0.0,0.0,0.0,0.0,0.0,0.0,0.0,0.0,0.0,170.0,141.0,170.0,170.0,12.0,11.0,78.0,5.0,15.0,0.0,0.0
14.621,51,229594.0,600.0,248.0,777.0,600.0,0.0,1.0,0.0,0.0,0.5,0.148,0.634,0.5,0.51,0.165,0.642,0.517,0.0,0.0,-2.02,-5.82,0.02,0.0,0.0,0.0,0.0,0.0,0.0,0.0,0.0,1.0,0.0,0.0,-0.3,0.0,-0.0,0.0,0.0,0.0,0.0,0.0,0.0,0.0,0.0,170.0,141.0,170.0,170.0,12.0,11.0,78.0,5.0,15.0,0.0,1.0
14.687,37,229631.0,600.0,248.0,777.0,600.0,0.0,1.0,0.0,0.0,0.5,0.147,0.63,0.5,0.509,0.164,0.64,0.517,0.0,0.0,-2.02,-5.82,0.02,0.0,0.0,0.0,0.0,0.0,0.0,0.0,0.0,1.0,0.0,0.0,-0.2,0.0,-0.0,0.0,0.0,0.0,0.0,0.0,0.0,0.0,0.0,170.0,141.0,170.0,170.0,12.0,11.0,78.0,5.0,15.0,0.0,0.0
14.785,98,229729.0,600.0,246.0,777.0,600.0,0.0,1.0,0.0,0.0,0.5,0.147,0.63,0.5,0.509,0.164,0.64,0.517,0.0,0.0,-2.02,-5.82,0.02,0.0,0.0,0.0,0.0,0.0,0.0,0.0,0.0,1.0,0.0,0.0,0.3,0.0,-0.0,0.0,0.0,0.0,0.0,0.0,0.0,0.0,0.0,170.0,141.0,170.0,170.0,12.0,11.0,78.0,5.0,15.0,0.0,0.0
14.817,52,229781.0,600.0,246.0,772.0,600.0,0.0,1.0,0.0,0.0,0.5,0.147,0.63,0.5,0.509,0.164,0.64,0.517,0.0,0.0,-2.02,-5.82,0.02,0.0,0.0,0.0,0.0,0.0,0.0,0.0,0.0,1.0,0.0,0.0,0.2,0.0,-0.0,0.0,0.0,0.0,0.0,0.0,0.0,0.0,0.0,170.0,141.0,170.0,170.0,12.0,11.0,78.0,5.0,15.0,0.0,0.0
14.849,37,229818.0,600.0,246.0,772.0,600.0,0.0,1.0,0.0,0.0,0.5,0.145,0.626,0.5,0.509,0.162,0.636,0.517,0.0,0.0,-2.02,-5.82,0.02,0.0,0.0,0.0,0.0,0.0,0.0,0.0,0.0,1.0,0.0,0.0,0.2,0.0,-0.0,0.0,0.0,0.0,0.0,0.0,0.0,0.0,0.0,170.0,141.0,170.0,170.0,12.0,11.0,78.0,5.0,15.0,0.0,0.0
14.944,97,229915.0,600.0,248.0,772.0,600.0,0.0,1.0,0.0,0.0,0.5,0.145,0.626,0.5,0.509,0.162,0.636,0.517,0.0,0.0,-2.02,-5.82,0.02,0.0,0.0,0.0,0.0,0.0,0.0,0.0,0.0,1.0,0.0,0.0,0.2,0.0,-0.0,0.0,0.0,0.0,0.0,0.0,0.0,0.0,0.0,170.0,141.0,170.0,170.0,12.0,11.0,78.0,5.0,15.0,0.0,0.0
15.009,52,229967.0,600.0,248.0,758.0,600.0,0.0,1.0,0.0,0.0,0.5,0.145,0.626,0.5,0.509,0.162,0.636,0.517,0.0,0.0,-2.02,-5.82,0.02,0.0,0.0,0.0,0.0,0.0,0.0,0.0,0.0,1.0,0.0,0.0,0.2,0.0,-0.0,0.0,0.0,0.0,0.0,0.0,0.0,0.0,0.0,170.0,141.0,170.0,170.0,12.0,11.0,78.0,5.0,15.0,0.0,0.0
15.042,39,230006.0,600.0,248.0,758.0,600.0,0.0,1.0,0.0,0.0,0.5,0.146,0.62,0.5,0.509,0.162,0.631,0.516,0.0,0.0,-2.02,-5.82,0.02,0.0,0.0,0.0,0.0,0.0,0.0,0.0,0.0,1.0,0.0,0.0,0.1,0.0,-0.0,0.0,0.0,0.0,0.0,0.0,0.0,0.0,0.0,170.0,141.0,170.0,170.0,12.0,11.0,78.0,5.0,15.0,0.0,0.0
15.139,97,230103.0,600.0,251.0,758.0,600.0,0.0,1.0,0.0,0.0,0.5,0.146,0.62,0.5,0.509,0.162,0.631,0.516,0.0,0.0,-2.02,-5.82,0.02,0.0,0.0,0.0,0.0,0.0,0.0,0.0,0.0,1.0,0.0,0.0,0.1,0.0,-0.0,0.0,0.0,0.0,0.0,0.0,0.0,0.0,0.0,170.0,141.0,170.0,170.0,12.0,11.0,78.0,5.0,15.0,0.0,0.0
15.206,52,230155.0,600.0,251.0,733.0,600.0,0.0,1.0,0.0,0.0,0.5,0.146,0.62,0.5,0.509,0.162,0.631,0.516,0.0,0.0,-2.02,-5.82,0.02,0.0,0.0,0.0,0.0,0.0,0.0,0.0,0.0,1.0,0.0,0.0,-0.2,0.0,-0.0,0.0,0.0,0.0,0.0,0.0,0.0,0.0,0.0,170.0,141.0,170.0,170.0,12.0,11.0,78.0,5.0,15.0,0.0,0.0
15.239,37,230192.0,600.0,251.0,733.0,600.0,0.0,1.0,0.0,0.0,0.5,0.147,0.609,0.5,0.509,0.163,0.62,0.516,0.0,0.0,-2.02,-5.82,0.02,0.0,0.0,0.0,0.0,0.0,0.0,0.0,0.0,1.0,0.0,0.0,-0.1,0.0,-0.0,0.0,0.0,0.0,0.0,0.0,0.0,0.0,0.0,170.0,141.0,170.0,170.0,12.0,11.0,78.0,5.0,15.0,0.0,0.0
15.338,98,230290.0,600.0,253.0,733.0,600.0,0.0,1.0,0.0,0.0,0.5,0.147,0.609,0.5,0.509,0.163,0.62,0.516,0.0,0.0,-2.02,-5.82,0.02,0.0,0.0,0.0,0.0,0.0,0.0,0.0,0.0,1.0,0.0,0.0,0.3,0.0,-0.0,0.0,0.0,0.0,0.0,0.0,0.0,0.0,0.0,170.0,141.0,170.0,170.0,12.0,11.0,78.0,5.0,15.0,0.0,0.0
15.371,52,230342.0,600.0,253.0,697.0,600.0,0.0,1.0,0.0,0.0,0.5,0.147,0.609,0.5,0.509,0.163,0.62,0.516,0.0,0.0,-2.02,-5.82,0.02,0.0,0.0,0.0,0.0,0.0,0.0,0.0,0.0,1.0,0.0,0.0,0.2,0.0,-0.0,0.0,0.0,0.0,0.0,0.0,0.0,0.0,0.0,170.0,141.0,170.0,170.0,12.0,11.0,78.0,5.0,15.0,0.0,0.0
15.436,37,230379.0,600.0,253.0,697.0,600.0,0.0,1.0,0.0,0.0,0.5,0.149,0.59,0.5,0.51,0.165,0.603,0.516,0.0,0.0,-2.02,-5.82,0.02,0.0,0.0,0.0,0.0,0.0,0.0,0.0,0.0,1.0,0.0,0.0,0.2,0.0,-0.0,0.0,0.0,0.0,0.0,0.0,0.0,0.0,0.0,170.0,141.0,170.0,170.0,12.0,11.0,78.0,5.0,15.0,0.0,0.0
15.535,98,230477.0,600.0,253.0,697.0,600.0,0.0,1.0,0.0,0.0,0.5,0.149,0.59,0.5,0.51,0.165,0.603,0.516,0.0,0.0,-2.02,-5.82,0.02,0.0,0.0,0.0,0.0,0.0,0.0,0.0,0.0,1.0,0.0,0.0,0.2,0.0,-0.0,0.0,0.0,0.0,0.0,0.0,0.0,0.0,0.0,170.0,141.0,170.0,170.0,12.0,11.0,78.0,5.0,15.0,0.0,1.0
15.568,52,230529.0,600.0,253.0,669.0,600.0,0.0,1.0,0.0,0.0,0.5,0.149,0.59,0.5,0.51,0.165,0.603,0.516,0.0,0.0,-2.02,-5.82,0.02,0.0,0.0,0.0,0.0,0.0,0.0,0.0,0.0,1.0,0.0,0.0,0.1,0.0,-0.0,0.0,0.0,0.0,0.0,0.0,0.0,0.0,0.0,170.0,141.0,170.0,170.0,12.0,11.0,78.0,5.0,15.0,0.0,0.0
15.601,37,230566.0,600.0,253.0,669.0,600.0,0.0,1.0,0.0,0.0,0.5,0.15,0.571,0.5,0.51,0.166,0.584,0.516,0.0,0.0,-2.02,-5.82,0.02,0.0,0.0,0.0,0.0,0.0,0.0,0.0,0.0,1.0,0.0,0.0,0.2,0.0,-0.0,0.0,0.0,0.0,0.0,0.0,0.0,0.0,0.0,170.0,141.0,170.0,170.0,12.0,11.0,78.0,5.0,15.0,0.0,0.0
15.699,102,230668.0,600.0,252.0,669.0,600.0,0.0,1.0,0.0,0.0,0.5,0.15,0.571,0.5,0.51,0.166,0.584,0.516,0.0,0.0,-2.02,-5.82,0.02,0.0,0.0,0.0,0.0,0.0,0.0,0.0,0.0,1.0,0.0,0.0,0.1,0.0,-0.0,0.0,0.0,0.0,0.0,0.0,0.0,0.0,0.0,170.0,141.0,170.0,170.0,12.0,11.0,78.0,5.0,15.0,0.0,0.0
15.764,52,230720.0,600.0,252.0,664.0,600.0,0.0,1.0,0.0,0.0,0.5,0.15,0.571,0.5,0.51,0.166,0.584,0.516,0.0,0.0,-2.02,-5.82,0.02,0.0,0.0,0.0,0.0,0.0,0.0,0.0,0.0,1.0,0.0,0.0,0.1,0.0,-0.0,0.0,0.0,0.0,0.0,0.0,0.0,0.0,0.0,170.0,141.0,170.0,170.0,12.0,11.0,78.0,5.0,15.0,0.0,0.0
15.797,38,230758.0,600.0,252.0,664.0,600.0,0.0,1.0,0.0,0.0,0.5,0.15,0.56,0.5,0.51,0.166,0.571,0.516,0.0,0.0,-2.02,-5.82,0.02,0.0,0.0,0.0,0.0,0.0,0.0,0.0,0.0,1.0,0.0,0.0,0.1,0.0,-0.0,0.0,0.0,0.0,0.0,0.0,0.0,0.0,0.0,170.0,141.0,170.0,170.0,12.0,11.0,78.0,5.0,15.0,0.0,0.0
15.896,98,230856.0,600.0,251.0,664.0,600.0,0.0,1.0,0.0,0.0,0.5,0.15,0.56,0.5,0.51,0.166,0.571,0.516,0.0,0.0,-2.02,-5.82,0.02,0.0,0.0,0.0,0.0,0.0,0.0,0.0,0.0,1.0,0.0,0.0,0.1,0.0,-0.0,0.0,0.0,0.0,0.0,0.0,0.0,0.0,0.0,170.0,141.0,170.0,170.0,12.0,11.0,78.0,5.0,15.0,0.0,0.0
15.962,51,230907.0,600.0,251.0,673.0,600.0,0.0,1.0,0.0,0.0,0.5,0.15,0.56,0.5,0.51,0.166,0.571,0.516,0.0,0.0,-2.02,-5.82,0.02,0.0,0.0,0.0,0.0,0.0,0.0,0.0,0.0,1.0,0.0,0.0,0.1,0.0,-0.0,0.0,0.0,0.0,0.0,0.0,0.0,0.0,0.0,170.0,141.0,170.0,170.0,12.0,11.0,78.0,5.0,15.0,0.0,0.0
15.995,37,230944.0,600.0,251.0,673.0,600.0,0.0,1.0,0.0,0.0,0.5,0.15,0.559,0.5,0.51,0.165,0.568,0.516,0.0,0.0,-2.02,-5.82,0.02,0.0,0.0,0.0,0.0,0.0,0.0,0.0,0.0,1.0,0.0,0.0,0.1,0.0,-0.0,0.0,0.0,0.0,0.0,0.0,0.0,0.0,0.0,170.0,141.0,170.0,170.0,12.0,11.0,78.0,5.0,15.0,0.0,0.0
16.093,98,231042.0,600.0,252.0,673.0,600.0,0.0,1.0,0.0,0.0,0.5,0.15,0.559,0.5,0.51,0.165,0.568,0.516,0.0,0.0,-2.02,-5.82,0.02,0.0,0.0,0.0,0.0,0.0,0.0,0.0,0.0,1.0,0.0,0.0,0.1,0.0,-0.0,0.0,0.0,0.0,0.0,0.0,0.0,0.0,0.0,170.0,141.0,170.0,170.0,12.0,11.0,78.0,5.0,15.0,0.0,1.0
16.125,53,231095.0,600.0,252.0,707.0,600.0,0.0,1.0,0.0,0.0,0.5,0.15,0.559,0.5,0.51,0.165,0.568,0.516,0.0,0.0,-2.02,-5.82,0.02,0.0,0.0,0.0,0.0,0.0,0.0,0.0,0.0,1.0,0.0,0.0,-0.1,0.0,-0.0,0.0,0.0,0.0,0.0,0.0,0.0,0.0,0.0,170.0,141.0,170.0,170.0,12.0,11.0,78.0,5.0,15.0,0.0,0.0
16.188,37,231132.0,600.0,252.0,707.0,600.0,0.0,1.0,0.0,0.0,0.5,0.15,0.571,0.5,0.51,0.165,0.578,0.516,0.0,0.0,-2.02,-5.82,0.02,0.0,0.0,0.0,0.0,0.0,0.0,0.0,0.0,1.0,0.0,0.0,-0.1,0.0,-0.0,0.0,0.0,0.0,0.0,0.0,0.0,0.0,0.0,170.0,141.0,170.0,170.0,12.0,11.0,78.0,5.0,15.0,0.0,0.0
16.284,98,231230.0,600.0,250.0,707.0,600.0,0.0,1.0,0.0,0.0,0.5,0.15,0.571,0.5,0.51,0.165,0.578,0.516,0.0,0.0,-2.02,-5.82,0.02,0.0,0.0,0.0,0.0,0.0,0.0,0.0,0.0,1.0,0.0,0.0,-0.0,0.0,-0.0,0.0,0.0,0.0,0.0,0.0,0.0,0.0,0.0,170.0,141.0,170.0,170.0,12.0,11.0,78.0,5.0,15.0,0.0,0.0
16.316,53,231283.0,600.0,250.0,707.0,600.0,0.0,1.0,0.0,0.0,0.5,0.15,0.571,0.5,0.51,0.165,0.578,0.516,0.0,0.0,-2.02,-5.82,0.02,0.0,0.0,0.0,0.0,0.0,0.0,0.0,0.0,1.0,0.0,0.0,-0.1,0.0,-0.0,0.0,0.0,0.0,0.0,0.0,0.0,0.0,0.0,170.0,141.0,170.0,170.0,12.0,11.0,78.0,5.0,15.0,0.0,0.0
16.349,37,231320.0,600.0,250.0,707.0,600.0,0.0,1.0,0.0,0.0,0.5,0.149,0.576,0.5,0.51,0.165,0.585,0.516,0.0,0.0,-2.02,-5.82,0.02,0.0,0.0,0.0,0.0,0.0,0.0,0.0,0.0,1.0,0.0,0.0,-0.1,0.0,-0.0,0.0,0.0,0.0,0.0,0.0,0.0,0.0,0.0,170.0,141.0,170.0,170.0,12.0,11.0,78.0,5.0,15.0,0.0,0.0
16.447,98,231418.0,600.0,249.0,707.0,600.0,0.0,1.0,0.0,0.0,0.5,0.149,0.576,0.5,0.51,0.165,0.585,0.516,0.0,0.0,-2.02,-5.82,0.02,0.0,0.0,0.0,0.0,0.0,0.0,0.0,0.0,1.0,0.0,0.0,-0.0,0.0,-0.0,0.0,0.0,0.0,0.0,0.0,0.0,0.0,0.0,170.0,141.0,170.0,170.0,12.0,11.0,78.0,5.0,15.0,0.0,0.0
16.513,51,231469.0,600.0,249.0,707.0,600.0,0.0,1.0,0.0,0.0,0.5,0.149,0.576,0.5,0.51,0.165,0.585,0.516,0.0,0.0,-2.02,-5.82,0.02,0.0,0.0,0.0,0.0,0.0,0.0,0.0,0.0,1.0,0.0,0.0,-0.0,0.0,-0.0,0.0,0.0,0.0,0.0,0.0,0.0,0.0,0.0,170.0,141.0,170.0,170.0,12.0,11.0,78.0,5.0,15.0,0.0,1.0
16.545,37,231506.0,600.0,249.0,707.0,600.0,0.0,1.0,0.0,0.0,0.5,0.148,0.579,0.5,0.509,0.164,0.588,0.516,0.0,0.0,-2.02,-5.82,0.02,0.0,0.0,0.0,0.0,0.0,0.0,0.0,0.0,1.0,0.0,0.0,0.0,0.0,-0.0,0.0,0.0,0.0,0.0,0.0,0.0,0.0,0.0,170.0,141.0,170.0,170.0,12.0,11.0,78.0,5.0,15.0,0.0,0.0
16.643,102,231608.0,600.0,249.0,707.0,600.0,0.0,1.0,0.0,0.0,0.5,0.148,0.579,0.5,0.509,0.164,0.588,0.516,0.0,0.0,-2.02,-5.82,0.02,0.0,0.0,0.0,0.0,0.0,0.0,0.0,0.0,1.0,0.0,0.0,-0.1,0.0,-0.0,0.0,0.0,0.0,0.0,0.0,0.0,0.0,0.0,170.0,141.0,170.0,170.0,12.0,11.0,78.0,5.0,15.0,0.0,1.0
16.709,52,231660.0,600.0,249.0,722.0,600.0,0.0,1.0,0.0,0.0,0.5,0.148,0.579,0.5,0.509,0.164,0.588,0.516,0.0,0.0,-2.02,-5.82,0.02,0.0,0.0,0.0,0.0,0.0,0.0,0.0,0.0,1.0,0.0,0.0,0.2,0.0,-0.0,0.0,0.0,0.0,0.0,0.0,0.0,0.0,0.0,170.0,141.0,170.0,170.0,12.0,11.0,78.0,5.0,15.0,0.0,0.0
16.742,37,231697.0,600.0,249.0,722.0,600.0,0.0,1.0,0.0,0.0,0.5,0.147,0.586,0.5,0.509,0.163,0.594,0.516,0.0,0.0,-2.02,-5.82,0.02,0.0,0.0,0.0,0.0,0.0,0.0,0.0,0.0,1.0,0.0,0.0,0.2,0.0,-0.0,0.0,0.0,0.0,0.0,0.0,0.0,0.0,0.0,170.0,141.0,170.0,170.0,12.0,11.0,78.0,5.0,15.0,0.0,0.0
16.84,99,231796.0,600.0,248.0,722.0,600.0,0.0,1.0,0.0,0.0,0.5,0.147,0.586,0.5,0.509,0.163,0.594,0.516,0.0,0.0,-2.02,-5.82,0.02,0.0,0.0,0.0,0.0,0.0,0.0,0.0,0.0,1.0,0.0,0.0,0.1,0.0,-0.0,0.0,0.0,0.0,0.0,0.0,0.0,0.0,0.0,170.0,141.0,170.0,170.0,12.0,11.0,78.0,5.0,15.0,0.0,0.0
16.905,51,231847.0,600.0,248.0,682.0,600.0,0.0,1.0,0.0,0.0,0.5,0.147,0.586,0.5,0.509,0.163,0.594,0.516,0.0,0.0,-2.02,-5.82,0.02,0.0,0.0,0.0,0.0,0.0,0.0,0.0,0.0,1.0,0.0,0.0,0.1,0.0,-0.0,0.0,0.0,0.0,0.0,0.0,0.0,0.0,0.0,170.0,141.0,170.0,170.0,12.0,11.0,78.0,5.0,15.0,0.0,0.0
16.937,39,231886.0,600.0,248.0,682.0,600.0,0.0,1.0,0.0,0.0,0.5,0.146,0.574,0.5,0.509,0.162,0.585,0.516,0.0,0.0,-2.02,-5.82,0.02,0.0,0.0,0.0,0.0,0.0,0.0,0.0,0.0,1.0,0.0,0.0,0.1,0.0,-0.0,0.0,0.0,0.0,0.0,0.0,0.0,0.0,0.0,170.0,141.0,170.0,170.0,12.0,11.0,78.0,5.0,15.0,0.0,0.0
17.034,99,231985.0,600.0,247.0,682.0,600.0,0.0,1.0,0.0,0.0,0.5,0.146,0.574,0.5,0.509,0.162,0.585,0.516,0.0,0.0,-2.02,-5.82,0.02,0.0,0.0,0.0,0.0,0.0,0.0,0.0,0.0,1.0,0.0,0.0,0.2,0.0,-0.0,0.0,0.0,0.0,0.0,0.0,0.0,0.0,0.0,170.0,141.0,170.0,170.0,12.0,11.0,78.0,5.0,15.0,0.0,0.0
17.066,53,232038.0,600.0,247.0,649.0,600.0,0.0,1.0,0.0,0.0,0.5,0.146,0.574,0.5,0.509,0.162,0.585,0.516,0.0,0.0,-2.02,-5.82,0.02,0.0,0.0,0.0,0.0,0.0,0.0,0.0,0.0,1.0,0.0,0.0,-0.1,0.0,-0.0,0.0,0.0,0.0,0.0,0.0,0.0,0.0,0.0,170.0,141.0,170.0,170.0,12.0,11.0,78.0,5.0,15.0,0.0,0.0
17.132,37,232075.0,600.0,247.0,649.0,600.0,0.0,1.0,0.0,0.0,0.5,0.146,0.555,0.5,0.509,0.161,0.568,0.516,0.0,0.0,-2.02,-5.82,0.02,0.0,0.0,0.0,0.0,0.0,0.0,0.0,0.0,1.0,0.0,0.0,-0.1,0.0,-0.0,0.0,0.0,0.0,0.0,0.0,0.0,0.0,0.0,170.0,141.0,170.0,170.0,12.0,11.0,78.0,5.0,15.0,0.0,0.0
17.229,98,232173.0,600.0,246.0,649.0,600.0,0.0,1.0,0.0,0.0,0.5,0.146,0.555,0.5,0.509,0.161,0.568,0.516,0.0,0.0,-2.02,-5.82,0.02,0.0,0.0,0.0,0.0,0.0,0.0,0.0,0.0,1.0,0.0,0.0,-0.1,0.0,-0.0,0.0,0.0,0.0,0.0,0.0,0.0,0.0,0.0,170.0,141.0,170.0,170.0,12.0,11.0,78.0,5.0,15.0,0.0,1.0
17.261,52,232225.0,600.0,246.0,649.0,600.0,0.0,1.0,0.0,0.0,0.5,0.146,0.555,0.5,0.509,0.161,0.568,0.516,0.0,0.0,-2.02,-5.82,0.02,0.0,0.0,0.0,0.0,0.0,0.0,0.0,0.0,1.0,0.0,0.0,-0.1,0.0,-0.0,0.0,0.0,0.0,0.0,0.0,0.0,0.0,0.0,170.0,141.0,170.0,170.0,12.0,11.0,78.0,5.0,15.0,0.0,0.0
17.293,37,232262.0,600.0,246.0,649.0,600.0,0.0,1.0,0.0,0.0,0.5,0.145,0.546,0.5,0.509,0.16,0.557,0.515,0.0,0.0,-2.02,-5.82,0.02,0.0,0.0,0.0,0.0,0.0,0.0,0.0,0.0,1.0,0.0,0.0,-0.1,0.0,-0.0,0.0,0.0,0.0,0.0,0.0,0.0,0.0,0.0,170.0,141.0,170.0,170.0,12.0,11.0,78.0,5.0,15.0,0.0,0.0
17.39,98,232360.0,600.0,246.0,649.0,600.0,0.0,1.0,0.0,0.0,0.5,0.145,0.546,0.5,0.509,0.16,0.557,0.515,0.0,0.0,-2.02,-5.82,0.02,0.0,0.0,0.0,0.0,0.0,0.0,0.0,0.0,1.0,0.0,0.0,-0.4,0.0,-0.0,0.0,0.0,0.0,0.0,0.0,0.0,0.0,0.0,170.0,141.0,170.0,170.0,12.0,11.0,78.0,5.0,15.0,0.0,0.0
17.456,52,232412.0,600.0,246.0,706.0,600.0,0.0,1.0,0.0,0.0,0.5,0.145,0.546,0.5,0.509,0.16,0.557,0.515,0.0,0.0,-2.02,-5.82,0.02,0.0,0.0,0.0,0.0,0.0,0.0,0.0,0.0,1.0,0.0,0.0,-0.4,0.0,-0.0,0.0,0.0,0.0,0.0,0.0,0.0,0.0,0.0,170.0,141.0,170.0,170.0,12.0,11.0,78.0,5.0,15.0,0.0,0.0
17.488,38,232450.0,600.0,246.0,706.0,600.0,0.0,1.0,0.0,0.0,0.5,0.144,0.565,0.5,0.509,0.16,0.571,0.516,0.0,0.0,-2.02,-5.83,0.02,0.0,0.0,0.0,0.0,0.0,0.0,0.0,0.0,1.0,0.0,0.0,-0.4,0.0,-0.0,0.0,0.0,0.0,0.0,0.0,0.0,0.0,0.0,170.0,141.0,170.0,170.0,12.0,11.0,78.0,5.0,15.0,0.0,0.0
17.586,100,232550.0,600.0,247.0,706.0,600.0,0.0,1.0,0.0,0.0,0.5,0.144,0.565,0.5,0.509,0.16,0.571,0.516,0.0,0.0,-2.02,-5.83,0.02,0.0,0.0,0.0,0.0,0.0,0.0,0.0,0.0,1.0,0.0,0.0,-0.2,0.0,-0.0,0.0,0.0,0.0,0.0,0.0,0.0,0.0,0.0,170.0,141.0,170.0,170.0,12.0,11.0,78.0,5.0,15.0,0.0,0.0
17.652,54,232604.0,600.0,247.0,712.0,600.0,0.0,1.0,0.0,0.0,0.5,0.144,0.565,0.5,0.509,0.16,0.571,0.516,0.0,0.0,-2.02,-5.83,0.02,0.0,0.0,0.0,0.0,0.0,0.0,0.0,0.0,1.0,0.0,0.0,-0.4,0.0,-0.0,0.0,0.0,0.0,0.0,0.0,0.0,0.0,0.0,170.0,141.0,170.0,170.0,12.0,11.0,78.0,5.0,15.0,0.0,1.0
17.685,37,232641.0,600.0,247.0,712.0,600.0,0.0,1.0,0.0,0.0,0.5,0.145,0.576,0.5,0.509,0.16,0.583,0.516,0.0,0.0,-2.02,-5.83,0.02,0.0,0.0,0.0,0.0,0.0,0.0,0.0,0.0,1.0,0.0,0.0,-0.3,0.0,-0.0,0.0,0.0,0.0,0.0,0.0,0.0,0.0,0.0,170.0,141.0,170.0,170.0,12.0,11.0,78.0,5.0,15.0,0.0,0.0
17.783,98,232739.0,600.0,246.0,712.0,600.0,0.0,1.0,0.0,0.0,0.5,0.145,0.576,0.5,0.509,0.16,0.583,0.516,0.0,0.0,-2.02,-5.82,0.02,0.0,0.0,0.0,0.0,0.0,0.0,0.0,0.0,1.0,0.0,0.0,-0.2,0.0,-0.0,0.0,0.0,0.0,0.0,0.0,0.0,0.0,0.0,170.0,141.0,170.0,170.0,12.0,11.0,78.0,5.0,15.0,0.0,0.0
17.85,51,232790.0,600.0,246.0,712.0,600.0,0.0,1.0,0.0,0.0,0.5,0.145,0.576,0.5,0.509,0.16,0.583,0.516,0.0,0.0,-2.02,-5.82,0.02,0.0,0.0,0.0,0.0,0.0,0.0,0.0,0.0,1.0,0.0,0.0,-0.2,0.0,-0.0,0.0,0.0,0.0,0.0,0.0,0.0,0.0,0.0,170.0,141.0,170.0,170.0,12.0,11.0,78.0,5.0,15.0,0.0,0.0
17.883,37,232827.0,600.0,246.0,712.0,600.0,0.0,1.0,0.0,0.0,0.5,0.144,0.581,0.5,0.509,0.16,0.589,0.516,0.0,0.0,-2.02,-5.82,0.02,0.0,0.0,0.0,0.0,0.0,0.0,0.0,0.0,1.0,0.0,0.0,-0.2,0.0,-0.0,0.0,0.0,0.0,0.0,0.0,0.0,0.0,0.0,170.0,141.0,170.0,170.0,12.0,11.0,78.0,5.0,15.0,0.0,0.0
17.981,103,232930.0,600.0,248.0,712.0,600.0,0.0,1.0,0.0,0.0,0.5,0.144,0.581,0.5,0.509,0.16,0.589,0.516,0.0,0.0,-2.02,-5.82,0.02,0.0,0.0,0.0,0.0,0.0,0.0,0.0,0.0,1.0,0.0,0.0,-0.2,0.0,-0.0,0.0,0.0,0.0,0.0,0.0,0.0,0.0,0.0,170.0,141.0,170.0,170.0,12.0,11.0,78.0,5.0,15.0,0.0,0.0
18.014,51,232981.0,600.0,248.0,712.0,600.0,0.0,1.0,0.0,0.0,0.5,0.144,0.581,0.5,0.509,0.16,0.589,0.516,0.0,0.0,-2.02,-5.82,0.02,0.0,0.0,0.0,0.0,0.0,0.0,0.0,0.0,1.0,0.0,0.0,-0.1,0.0,-0.0,0.0,0.0,0.0,0.0,0.0,0.0,0.0,0.0,170.0,141.0,170.0,170.0,12.0,11.0,78.0,5.0,15.0,0.0,0.0
18.047,37,233018.0,600.0,248.0,712.0,600.0,0.0,1.0,0.0,0.0,0.5,0.145,0.583,0.5,0.509,0.161,0.592,0.516,0.0,0.0,-2.02,-5.82,0.02,0.0,0.0,0.0,0.0,0.0,0.0,0.0,0.0,1.0,0.0,0.0,-0.1,0.0,-0.0,0.0,0.0,0.0,0.0,0.0,0.0,0.0,0.0,170.0,141.0,170.0,170.0,12.0,11.0,78.0,5.0,15.0,0.0,0.0
18.178,101,233119.0,600.0,246.0,712.0,600.0,0.0,1.0,0.0,0.0,0.5,0.145,0.583,0.5,0.509,0.161,0.592,0.516,0.0,0.0,-2.02,-5.82,0.02,0.0,0.0,0.0,0.0,0.0,0.0,0.0,0.0,1.0,0.0,0.0,-0.1,0.0,-0.0,0.0,0.0,0.0,0.0,0.0,0.0,0.0,0.0,170.0,141.0,170.0,170.0,12.0,11.0,78.0,5.0,15.0,0.0,0.0
18.211,51,233170.0,600.0,246.0,712.0,600.0,0.0,1.0,0.0,0.0,0.5,0.145,0.583,0.5,0.509,0.161,0.592,0.516,0.0,0.0,-2.02,-5.82,0.02,0.0,0.0,0.0,0.0,0.0,0.0,0.0,0.0,1.0,0.0,0.0,-0.1,0.0,-0.0,0.0,0.0,0.0,0.0,0.0,0.0,0.0,0.0,170.0,141.0,170.0,170.0,12.0,11.0,78.0,5.0,15.0,0.0,1.0
18.243,37,233207.0,600.0,246.0,712.0,600.0,0.0,1.0,0.0,0.0,0.5,0.145,0.584,0.5,0.509,0.16,0.593,0.516,0.0,0.0,-2.02,-5.82,0.02,0.0,0.0,0.0,0.0,0.0,0.0,0.0,0.0,1.0,0.0,0.0,-0.0,0.0,-0.0,0.0,0.0,0.0,0.0,0.0,0.0,0.0,0.0,170.0,141.0,170.0,170.0,12.0,11.0,78.0,5.0,15.0,0.0,0.0
18.339,98,233305.0,600.0,248.0,712.0,600.0,0.0,1.0,0.0,0.0,0.5,0.145,0.584,0.5,0.509,0.16,0.593,0.516,0.0,0.0,-2.02,-5.82,0.02,0.0,0.0,0.0,0.0,0.0,0.0,0.0,0.0,1.0,0.0,0.0,-0.0,0.0,-0.0,0.0,0.0,0.0,0.0,0.0,0.0,0.0,0.0,170.0,141.0,170.0,170.0,12.0,11.0,78.0,5.0,15.0,0.0,0.0
18.405,52,233357.0,600.0,248.0,655.0,600.0,0.0,1.0,0.0,0.0,0.5,0.145,0.584,0.5,0.509,0.16,0.593,0.516,0.0,0.0,-2.02,-5.82,0.02,0.0,0.0,0.0,0.0,0.0,0.0,0.0,0.0,1.0,0.0,0.0,-0.0,0.0,-0.0,0.0,0.0,0.0,0.0,0.0,0.0,0.0,0.0,170.0,141.0,170.0,170.0,12.0,11.0,78.0,5.0,15.0,0.0,0.0
18.437,38,233395.0,600.0,248.0,655.0,600.0,0.0,1.0,0.0,0.0,0.5,0.145,0.562,0.5,0.509,0.161,0.575,0.516,0.0,0.0,-2.02,-5.82,0.02,0.0,0.0,0.0,0.0,0.0,0.0,0.0,0.0,1.0,0.0,0.0,-0.0,0.0,-0.0,0.0,0.0,0.0,0.0,0.0,0.0,0.0,0.0,170.0,141.0,170.0,170.0,12.0,11.0,78.0,5.0,15.0,0.0,0.0
18.533,96,233491.0,600.0,249.0,655.0,600.0,0.0,1.0,0.0,0.0,0.5,0.145,0.562,0.5,0.509,0.161,0.575,0.516,0.0,0.0,-2.02,-5.82,0.02,0.0,0.0,0.0,0.0,0.0,0.0,0.0,0.0,1.0,0.0,0.0,-0.0,0.0,-0.0,0.0,0.0,0.0,0.0,0.0,0.0,0.0,0.0,170.0,141.0,170.0,170.0,12.0,11.0,78.0,5.0,15.0,0.0,0.0
18.6,51,233542.0,600.0,249.0,600.0,600.0,0.0,1.0,0.0,0.0,0.5,0.145,0.562,0.5,0.509,0.161,0.575,0.516,0.0,0.0,-2.02,-5.82,0.02,0.0,0.0,0.0,0.0,0.0,0.0,0.0,0.0,1.0,0.0,0.0,-0.0,0.0,-0.0,0.0,0.0,0.0,0.0,0.0,0.0,0.0,0.0,170.0,141.0,170.0,170.0,12.0,11.0,78.0,5.0,15.0,0.0,0.0
18.632,38,233580.0,600.0,249.0,600.0,600.0,0.0,1.0,0.0,0.0,0.5,0.146,0.529,0.5,0.509,0.161,0.544,0.515,0.0,0.0,-2.02,-5.82,0.02,0.0,0.0,0.0,0.0,0.0,0.0,1.0,0.0,1.0,0.0,0.0,-0.0,0.0,-0.0,0.0,0.0,0.0,0.0,0.0,0.0,0.0,0.0,170.0,141.0,170.0,170.0,12.0,11.0,78.0,5.0,15.0,0.0,0.0
18.728,97,233677.0,600.0,251.0,600.0,600.0,0.0,1.0,0.0,0.0,0.5,0.146,0.529,0.5,0.509,0.161,0.544,0.515,0.0,0.0,-2.02,-5.82,0.02,0.0,0.0,0.0,0.0,0.0,0.0,0.0,0.0,1.0,0.0,0.0,-0.3,0.0,-0.0,0.0,0.0,0.0,0.0,0.0,0.0,0.0,0.0,170.0,141.0,170.0,170.0,12.0,11.0,78.0,5.0,15.0,0.0,0.0
29.642,10942,244619.0,600.0,254.0,751.0,600.0,0.0,1.0,0.0,0.0,0.5,0.152,0.613,0.5,0.51,0.168,0.623,0.516,0.0,0.0,-2.02,-5.82,0.01,0.0,0.0,0.0,0.0,0.0,0.0,0.0,0.0,1.0,0.0,0.0,-0.1,0.0,-0.0,0.0,0.0,0.0,0.0,0.0,0.0,0.0,0.0,170.0,141.0,170.0,170.0,12.0,11.0,78.0,5.0,15.0,0.0,1.0
29.692,51,244670.0,600.0,254.0,775.0,600.0,0.0,1.0,0.0,0.0,0.5,0.152,0.613,0.5,0.51,0.168,0.623,0.516,0.0,0.0,-2.02,-5.82,0.01,0.0,0.0,0.0,0.0,0.0,0.0,0.0,0.0,1.0,0.0,0.0,-0.0,0.0,-0.0,0.0,0.0,0.0,0.0,0.0,0.0,0.0,0.0,170.0,141.0,170.0,170.0,12.0,11.0,78.0,5.0,15.0,0.0,0.0
29.741,39,244709.0,600.0,254.0,775.0,600.0,0.0,1.0,0.0,0.0,0.5,0.152,0.62,0.5,0.51,0.168,0.628,0.516,0.0,0.0,-2.02,-5.82,0.01,0.0,0.0,0.0,0.0,0.0,0.0,0.0,0.0,1.0,0.0,0.0,-0.1,0.0,-0.0,0.0,0.0,0.0,0.0,0.0,0.0,0.0,0.0,170.0,141.0,170.0,170.0,12.0,11.0,78.0,5.0,15.0,0.0,0.0
29.841,104,244813.0,600.0,254.0,775.0,600.0,0.0,1.0,0.0,0.0,0.5,0.152,0.62,0.5,0.51,0.168,0.628,0.516,0.0,0.0,-2.02,-5.82,0.01,0.0,0.0,0.0,0.0,0.0,0.0,0.0,0.0,1.0,0.0,0.0,-0.1,0.0,-0.0,0.0,0.0,0.0,0.0,0.0,0.0,0.0,0.0,170.0,141.0,170.0,170.0,12.0,11.0,78.0,5.0,15.0,0.0,0.0
29.89,54,244867.0,600.0,254.0,721.0,600.0,0.0,1.0,0.0,0.0,0.5,0.152,0.62,0.5,0.51,0.168,0.628,0.516,0.0,0.0,-2.02,-5.82,0.01,0.0,0.0,0.0,0.0,0.0,0.0,0.0,0.0,1.0,0.0,0.0,-0.1,0.0,-0.0,0.0,0.0,0.0,0.0,0.0,0.0,0.0,0.0,170.0,141.0,170.0,170.0,12.0,11.0,78.0,5.0,15.0,0.0,1.0
29.94,40,244907.0,600.0,254.0,721.0,600.0,0.0,1.0,0.0,0.0,0.5,0.152,0.604,0.5,0.51,0.168,0.616,0.516,0.0,0.0,-2.02,-5.82,0.01,0.0,0.0,0.0,0.0,0.0,0.0,0.0,0.0,1.0,0.0,0.0,-0.1,0.1,-0.0,0.0,0.0,0.0,0.0,0.0,0.0,0.0,0.0,170.0,141.0,170.0,170.0,12.0,11.0,78.0,5.0,15.0,0.0,0.0
30.039,100,245007.0,600.0,255.0,721.0,600.0,0.0,1.0,0.0,0.0,0.5,0.152,0.604,0.5,0.51,0.168,0.616,0.516,0.0,0.0,-2.02,-5.82,0.01,0.0,0.0,0.0,0.0,0.0,0.0,0.0,0.0,1.0,0.0,0.0,-0.1,-0.1,-0.0,0.0,0.0,0.0,0.0,0.0,0.0,0.0,0.0,170.0,141.0,170.0,170.0,12.0,11.0,78.0,5.0,15.0,0.0,0.0
30.089,54,245061.0,600.0,255.0,779.0,600.0,0.0,1.0,0.0,0.0,0.5,0.152,0.604,0.5,0.51,0.168,0.616,0.516,0.0,0.0,-2.02,-5.82,0.01,0.0,0.0,0.0,0.0,0.0,0.0,0.0,0.0,1.0,0.0,0.0,-0.1,-0.1,-0.0,0.0,0.0,0.0,0.0,0.0,0.0,0.0,0.0,170.0,141.0,170.0,170.0,12.0,11.0,78.0,5.0,15.0,0.0,0.0
30.138,40,245101.0,600.0,255.0,779.0,600.0,0.0,1.0,0.0,0.0,0.5,0.153,0.617,0.5,0.51,0.169,0.624,0.516,0.0,0.0,-2.02,-5.82,0.01,0.0,0.0,0.0,0.0,0.0,0.0,0.0,0.0,1.0,0.0,0.0,-0.1,-0.1,-0.0,0.0,0.0,0.0,0.0,0.0,0.0,0.0,0.0,170.0,141.0,170.0,170.0,12.0,11.0,78.0,5.0,15.0,0.0,0.0
30.237,101,245202.0,600.0,251.0,779.0,600.0,0.0,1.0,0.0,0.0,0.5,0.153,0.617,0.5,0.51,0.169,0.624,0.516,0.0,0.0,-2.02,-5.82,0.01,0.0,0.0,0.0,0.0,0.0,0.0,0.0,0.0,1.0,0.0,0.0,0.5,-0.0,-0.0,0.0,0.0,0.0,0.0,0.0,0.0,0.0,0.0,170.0,141.0,170.0,170.0,12.0,11.0,78.0,5.0,15.0,0.0,0.0
30.287,54,245256.0,600.0,251.0,719.0,600.0,0.0,1.0,0.0,0.0,0.5,0.153,0.617,0.5,0.51,0.169,0.624,0.516,0.0,0.0,-2.02,-5.82,0.01,0.0,0.0,0.0,0.0,0.0,0.0,0.0,0.0,1.0,0.0,0.0,0.5,-0.0,-0.0,0.0,0.0,0.0,0.0,0.0,0.0,0.0,0.0,170.0,141.0,170.0,170.0,12.0,11.0,78.0,5.0,15.0,0.0,0.0
30.337,41,245297.0,600.0,251.0,719.0,600.0,0.0,1.0,0.0,0.0,0.5,0.151,0.602,0.5,0.51,0.167,0.614,0.516,0.0,0.0,-2.02,-5.82,0.01,0.0,0.0,0.0,0.0,0.0,0.0,0.0,0.0,1.0,0.0,0.0,0.3,-0.0,-0.0,0.0,0.0,0.0,0.0,0.0,0.0,0.0,0.0,170.0,141.0,170.0,170.0,12.0,11.0,78.0,5.0,15.0,0.0,1.0
30.436,96,245393.0,600.0,250.0,719.0,600.0,0.0,1.0,0.0,0.0,0.5,0.151,0.602,0.5,0.51,0.167,0.614,0.516,0.0,0.0,-2.02,-5.82,0.01,0.0,0.0,0.0,0.0,0.0,0.0,0.0,0.0,1.0,0.0,0.0,0.2,-0.0,-0.0,0.0,0.0,0.0,0.0,0.0,0.0,0.0,0.0,170.0,141.0,170.0,170.0,12.0,11.0,78.0,5.0,15.0,0.0,0.0
30.485,51,245444.0,600.0,250.0,776.0,600.0,0.0,1.0,0.0,0.0,0.5,0.151,0.602,0.5,0.51,0.167,0.614,0.516,0.0,0.0,-2.02,-5.82,0.01,0.0,0.0,0.0,0.0,0.0,0.0,0.0,0.0,1.0,0.0,0.0,0.2,-0.0,-0.0,0.0,0.0,0.0,0.0,0.0,0.0,0.0,0.0,170.0,141.0,170.0,170.0,12.0,11.0,78.0,5.0,15.0,0.0,0.0
30.51,37,245481.0,600.0,250.0,776.0,600.0,0.0,1.0,0.0,0.0,0.5,0.149,0.615,0.5,0.51,0.166,0.622,0.516,0.0,0.0,-2.02,-5.82,0.01,0.0,0.0,0.0,0.0,0.0,0.0,0.0,0.0,1.0,0.0,0.0,0.2,-0.0,-0.0,0.0,0.0,0.0,0.0,0.0,0.0,0.0,0.0,170.0,141.0,170.0,170.0,12.0,11.0,78.0,5.0,15.0,0.0,0.0
30.609,98,245579.0,600.0,251.0,776.0,600.0,0.0,1.0,0.0,0.0,0.5,0.149,0.615,0.5,0.51,0.166,0.622,0.516,0.0,0.0,-2.02,-5.82,0.01,0.0,0.0,0.0,0.0,0.0,0.0,0.0,0.0,1.0,0.0,0.0,0.2,-0.0,-0.0,0.0,0.0,0.0,0.0,0.0,0.0,0.0,0.0,170.0,141.0,170.0,170.0,12.0,11.0,78.0,5.0,15.0,0.0,0.0
30.659,53,245632.0,600.0,251.0,766.0,600.0,0.0,1.0,0.0,0.0,0.5,0.149,0.615,0.5,0.51,0.166,0.622,0.516,0.0,0.0,-2.02,-5.82,0.01,0.0,0.0,0.0,0.0,0.0,0.0,0.0,0.0,1.0,0.0,0.0,-0.1,-0.0,-0.0,0.0,0.0,0.0,0.0,0.0,0.0,0.0,0.0,170.0,141.0,170.0,170.0,12.0,11.0,78.0,5.0,15.0,0.0,0.0
30.709,37,245669.0,600.0,251.0,766.0,600.0,0.0,1.0,0.0,0.0,0.5,0.149,0.618,0.5,0.51,0.166,0.627,0.516,0.0,0.0,-2.02,-5.82,0.01,0.0,0.0,0.0,0.0,0.0,0.0,0.0,0.0,1.0,0.0,0.0,-0.0,-0.0,-0.0,0.0,0.0,0.0,0.0,0.0,0.0,0.0,0.0,170.0,141.0,170.0,170.0,12.0,11.0,78.0,5.0,15.0,0.0,0.0
30.808,98,245767.0,600.0,251.0,766.0,600.0,0.0,1.0,0.0,0.0,0.5,0.149,0.618,0.5,0.51,0.166,0.627,0.516,0.0,0.0,-2.02,-5.82,0.01,0.0,0.0,0.0,0.0,0.0,0.0,0.0,0.0,1.0,0.0,0.0,-0.3,-0.3,-0.0,0.0,0.0,0.0,0.0,0.0,0.0,0.0,0.0,170.0,141.0,170.0,170.0,12.0,11.0,78.0,5.0,15.0,0.0,1.0
30.859,53,245820.0,600.0,251.0,817.0,600.0,0.0,1.0,0.0,0.0,0.5,0.149,0.618,0.5,0.51,0.166,0.627,0.516,0.0,0.0,-2.02,-5.82,0.01,0.0,0.0,0.0,0.0,0.0,0.0,0.0,0.0,1.0,0.0,0.0,-0.3,-0.3,-0.0,0.0,0.0,0.0,0.0,0.0,0.0,0.0,0.0,170.0,141.0,170.0,170.0,12.0,11.0,78.0,5.0,15.0,0.0,1.0
30.883,37,245857.0,600.0,251.0,817.0,600.0,0.0,1.0,0.0,0.0,0.5,0.149,0.635,0.5,0.51,0.166,0.642,0.517,0.0,0.0,-2.02,-5.82,0.01,0.0,0.0,0.0,0.0,0.0,0.0,0.0,0.0,1.0,0.0,0.0,-0.3,-0.2,-0.0,0.0,0.0,0.0,0.0,0.0,0.0,0.0,0.0,170.0,141.0,170.0,170.0,12.0,11.0,78.0,5.0,15.0,0.0,0.0
30.983,100,245957.0,600.0,250.0,817.0,600.0,0.0,1.0,0.0,0.0,0.5,0.149,0.635,0.5,0.51,0.166,0.642,0.517,0.0,0.0,-2.02,-5.82,0.01,0.0,0.0,0.0,0.0,0.0,0.0,0.0,0.0,1.0,0.0,0.0,-0.4,-0.2,-0.0,0.0,0.0,0.0,0.0,0.0,0.0,0.0,0.0,170.0,141.0,170.0,170.0,12.0,11.0,78.0,5.0,15.0,0.0,0.0
31.033,51,246008.0,600.0,250.0,820.0,600.0,0.0,1.0,0.0,0.0,0.5,0.149,0.635,0.5,0.51,0.166,0.642,0.517,0.0,0.0,-2.02,-5.82,0.01,0.0,0.0,0.0,0.0,0.0,0.0,0.0,0.0,1.0,0.0,0.0,-0.3,-0.1,-0.0,0.0,0.0,0.0,0.0,0.0,0.0,0.0,0.0,170.0,141.0,170.0,170.0,12.0,11.0,78.0,5.0,15.0,0.0,0.0
31.082,38,246046.0,600.0,250.0,820.0,600.0,0.0,1.0,0.0,0.0,0.5,0.148,0.644,0.5,0.51,0.165,0.652,0.517,0.0,0.0,-2.02,-5.82,0.01,0.0,0.0,0.0,0.0,0.0,0.0,0.0,0.0,1.0,0.0,0.0,-0.3,-0.1,-0.0,0.0,0.0,0.0,0.0,0.0,0.0,0.0,0.0,170.0,141.0,170.0,170.0,12.0,11.0,78.0,5.0,15.0,0.0,0.0
31.182,98,246144.0,600.0,252.0,820.0,600.0,0.0,1.0,0.0,0.0,0.5,0.148,0.644,0.5,0.51,0.165,0.652,0.517,0.0,0.0,-2.02,-5.82,0.01,0.0,0.0,0.0,0.0,0.0,0.0,0.0,0.0,1.0,0.0,0.0,-0.2,-0.1,-0.0,0.0,0.0,0.0,0.0,0.0,0.0,0.0,0.0,170.0,141.0,170.0,170.0,12.0,11.0,78.0,5.0,15.0,0.0,1.0
31.232,51,246195.0,600.0,252.0,820.0,600.0,0.0,1.0,0.0,0.0,0.5,0.148,0.644,0.5,0.51,0.165,0.652,0.517,0.0,0.0,-2.02,-5.82,0.01,0.0,0.0,0.0,0.0,0.0,0.0,0.0,0.0,1.0,0.0,0.0,-0.2,-0.1,-0.0,0.0,0.0,0.0,0.0,0.0,0.0,0.0,0.0,170.0,141.0,170.0,170.0,12.0,11.0,78.0,5.0,15.0,0.0,0.0
31.257,37,246232.0,600.0,252.0,820.0,600.0,0.0,1.0,0.0,0.0,0.5,0.149,0.648,0.5,0.51,0.166,0.656,0.517,0.0,0.0,-2.02,-5.82,0.01,0.0,0.0,0.0,0.0,0.0,0.0,0.0,0.0,1.0,0.0,0.0,-0.2,-0.1,-0.0,0.0,0.0,0.0,0.0,0.0,0.0,0.0,0.0,170.0,141.0,170.0,170.0,12.0,11.0,78.0,5.0,15.0,0.0,0.0
31.356,99,246331.0,600.0,250.0,820.0,600.0,0.0,1.0,0.0,0.0,0.5,0.149,0.648,0.5,0.51,0.166,0.656,0.517,0.0,0.0,-2.02,-5.82,0.01,0.0,0.0,0.0,0.0,0.0,0.0,0.0,0.0,1.0,0.0,0.0,-0.2,-0.1,-0.0,0.0,0.0,0.0,0.0,0.0,0.0,0.0,0.0,170.0,141.0,170.0,170.0,12.0,11.0,78.0,5.0,15.0,0.0,0.0
31.406,52,246383.0,600.0,250.0,816.0,600.0,0.0,1.0,0.0,0.0,0.5,0.149,0.648,0.5,0.51,0.166,0.656,0.517,0.0,0.0,-2.02,-5.82,0.01,0.0,0.0,0.0,0.0,0.0,0.0,0.0,0.0,1.0,0.0,0.0,-0.1,-0.0,-0.0,0.0,0.0,0.0,0.0,0.0,0.0,0.0,0.0,170.0,141.0,170.0,170.0,12.0,11.0,78.0,5.0,15.0,0.0,0.0
31.456,37,246420.0,600.0,250.0,816.0,600.0,0.0,1.0,0.0,0.0,0.5,0.149,0.648,0.5,0.51,0.165,0.658,0.517,0.0,0.0,-2.02,-5.82,0.01,0.0,0.0,0.0,0.0,0.0,0.0,0.0,0.0,1.0,0.0,0.0,-0.1,-0.0,-0.0,0.0,0.0,0.0,0.0,0.0,0.0,0.0,0.0,170.0,141.0,170.0,170.0,12.0,11.0,78.0,5.0,15.0,0.0,0.0
31.556,101,246521.0,600.0,249.0,816.0,600.0,0.0,1.0,0.0,0.0,0.5,0.149,0.648,0.5,0.51,0.165,0.658,0.517,0.0,0.0,-2.02,-5.82,0.01,0.0,0.0,0.0,0.0,0.0,0.0,0.0,0.0,1.0,0.0,0.0,-0.1,-0.0,-0.0,0.0,0.0,0.0,0.0,0.0,0.0,0.0,0.0,170.0,141.0,170.0,170.0,12.0,11.0,78.0,5.0,15.0,0.0,0.0
31.606,52,246573.0,600.0,249.0,816.0,600.0,0.0,1.0,0.0,0.0,0.5,0.149,0.648,0.5,0.51,0.165,0.658,0.517,0.0,0.0,-2.02,-5.82,0.01,0.0,0.0,0.0,0.0,0.0,0.0,0.0,0.0,1.0,0.0,0.0,-0.4,-0.0,-0.0,0.0,0.0,0.0,0.0,0.0,0.0,0.0,0.0,170.0,141.0,170.0,170.0,12.0,11.0,78.0,5.0,15.0,0.0,0.0
31.631,37,246610.0,600.0,249.0,816.0,600.0,0.0,1.0,0.0,0.0,0.5,0.148,0.649,0.5,0.509,0.165,0.658,0.517,0.0,0.0,-2.02,-5.82,0.01,0.0,0.0,0.0,0.0,0.0,0.0,0.0,0.0,1.0,0.0,0.0,-0.4,-0.0,-0.0,0.0,0.0,0.0,0.0,0.0,0.0,0.0,0.0,170.0,141.0,170.0,170.0,12.0,11.0,78.0,5.0,15.0,0.0,0.0
31.73,98,246708.0,600.0,250.0,816.0,600.0,0.0,1.0,0.0,0.0,0.5,0.148,0.649,0.5,0.509,0.165,0.658,0.517,0.0,0.0,-2.02,-5.82,0.01,0.0,0.0,0.0,0.0,0.0,0.0,0.0,0.0,1.0,0.0,0.0,-0.4,-0.0,-0.0,0.0,0.0,0.0,0.0,0.0,0.0,0.0,0.0,170.0,141.0,170.0,170.0,12.0,11.0,78.0,5.0,15.0,0.0,1.0
31.78,52,246760.0,600.0,250.0,819.0,600.0,0.0,1.0,0.0,0.0,0.5,0.148,0.649,0.5,0.509,0.165,0.658,0.517,0.0,0.0,-2.02,-5.82,0.01,0.0,0.0,0.0,0.0,0.0,0.0,0.0,0.0,1.0,0.0,0.0,-0.4,-0.0,-0.0,0.0,0.0,0.0,0.0,0.0,0.0,0.0,0.0,170.0,141.0,170.0,170.0,12.0,11.0,78.0,5.0,15.0,0.0,0.0
31.83,38,246798.0,600.0,250.0,819.0,600.0,0.0,1.0,0.0,0.0,0.5,0.148,0.65,0.5,0.509,0.165,0.659,0.517,0.0,0.0,-2.02,-5.82,0.01,0.0,0.0,0.0,0.0,0.0,0.0,0.0,0.0,1.0,0.0,0.0,-0.3,-0.0,-0.0,0.0,0.0,0.0,0.0,0.0,0.0,0.0,0.0,170.0,141.0,170.0,170.0,12.0,11.0,78.0,5.0,15.0,0.0,0.0
31.933,99,246897.0,600.0,252.0,819.0,600.0,0.0,1.0,0.0,0.0,0.5,0.148,0.65,0.5,0.509,0.165,0.659,0.517,0.0,0.0,-2.02,-5.82,0.01,0.0,0.0,0.0,0.0,0.0,0.0,0.0,0.0,1.0,0.0,0.0,-0.2,-0.0,-0.0,0.0,0.0,0.0,0.0,0.0,0.0,0.0,0.0,170.0,141.0,170.0,170.0,12.0,11.0,78.0,5.0,15.0,0.0,0.0
31.983,52,246949.0,600.0,252.0,811.0,600.0,0.0,1.0,0.0,0.0,0.5,0.148,0.65,0.5,0.509,0.165,0.659,0.517,0.0,0.0,-2.02,-5.82,0.01,0.0,0.0,0.0,0.0,0.0,0.0,0.0,0.0,1.0,0.0,0.0,-0.2,-0.0,-0.0,0.0,0.0,0.0,0.0,0.0,0.0,0.0,0.0,170.0,141.0,170.0,170.0,12.0,11.0,78.0,5.0,15.0,0.0,0.0
32.009,37,246986.0,600.0,252.0,811.0,600.0,0.0,1.0,0.0,0.0,0.5,0.149,0.648,0.5,0.51,0.166,0.658,0.517,0.0,0.0,-2.02,-5.82,0.01,0.0,0.0,0.0,0.0,0.0,0.0,0.0,0.0,1.0,0.0,0.0,-0.2,-0.0,-0.0,0.0,0.0,0.0,0.0,0.0,0.0,0.0,0.0,170.0,141.0,170.0,170.0,12.0,11.0,78.0,5.0,15.0,0.0,0.0
32.109,98,247084.0,600.0,253.0,811.0,600.0,0.0,1.0,0.0,0.0,0.5,0.149,0.648,0.5,0.51,0.166,0.658,0.517,0.0,0.0,-2.02,-5.82,0.01,0.0,0.0,0.0,0.0,0.0,0.0,0.0,0.0,1.0,0.0,0.0,0.3,-0.0,-0.0,0.0,0.0,0.0,0.0,0.0,0.0,0.0,0.0,170.0,141.0,170.0,170.0,12.0,11.0,78.0,5.0,15.0,0.0,0.0
32.159,51,247135.0,600.0,253.0,846.0,600.0,0.0,1.0,0.0,0.0,0.5,0.149,0.648,0.5,0.51,0.166,0.658,0.517,0.0,0.0,-2.02,-5.82,0.01,0.0,0.0,0.0,0.0,0.0,0.0,0.0,0.0,1.0,0.0,0.0,0.2,-0.0,-0.0,0.0,0.0,0.0,0.0,0.0,0.0,0.0,0.0,170.0,141.0,170.0,170.0,12.0,11.0,78.0,5.0,15.0,0.0,0.0
32.21,37,247172.0,600.0,253.0,846.0,600.0,0.0,1.0,0.0,0.0,0.5,0.15,0.657,0.5,0.51,0.167,0.665,0.517,0.0,0.0,-2.02,-5.82,0.01,0.0,0.0,0.0,0.0,0.0,0.0,0.0,0.0,1.0,0.0,0.0,0.2,-0.0,-0.0,0.0,0.0,0.0,0.0,0.0,0.0,0.0,0.0,170.0,141.0,170.0,170.0,12.0,11.0,78.0,5.0,15.0,0.0,0.0
32.311,98,247270.0,600.0,255.0,846.0,600.0,0.0,1.0,0.0,0.0,0.5,0.15,0.657,0.5,0.51,0.167,0.665,0.517,0.0,0.0,-2.02,-5.82,0.01,0.0,0.0,0.0,0.0,0.0,0.0,0.0,0.0,1.0,0.0,0.0,0.1,-0.0,-0.0,0.0,0.0,0.0,0.0,0.0,0.0,0.0,0.0,170.0,141.0,170.0,170.0,12.0,11.0,78.0,5.0,15.0,0.0,1.0
32.362,52,247322.0,600.0,255.0,793.0,600.0,0.0,1.0,0.0,0.0,0.5,0.15,0.657,0.5,0.51,0.167,0.665,0.517,0.0,0.0,-2.02,-5.82,0.01,0.0,0.0,0.0,0.0,0.0,0.0,0.0,0.0,1.0,0.0,0.0,0.1,-0.0,-0.0,0.0,0.0,0.0,0.0,0.0,0.0,0.0,0.0,170.0,141.0,170.0,170.0,12.0,11.0,78.0,5.0,15.0,0.0,0.0
32.387,38,247360.0,600.0,255.0,793.0,600.0,0.0,1.0,0.0,0.0,0.5,0.152,0.646,0.5,0.51,0.168,0.657,0.517,0.0,0.0,-2.02,-5.82,0.01,0.0,0.0,0.0,0.0,0.0,0.0,0.0,0.0,1.0,0.0,0.0,0.1,-0.0,-0.0,0.0,0.0,0.0,0.0,0.0,0.0,0.0,0.0,170.0,141.0,170.0,170.0,12.0,11.0,78.0,5.0,15.0,0.0,0.0
32.487,101,247461.0,600.0,256.0,793.0,600.0,0.0,1.0,0.0,0.0,0.5,0.152,0.646,0.5,0.51,0.168,0.657,0.517,0.0,0.0,-2.02,-5.82,0.01,0.0,0.0,0.0,0.0,0.0,0.0,0.0,0.0,1.0,0.0,0.0,0.0,-0.0,-0.0,0.0,0.0,0.0,0.0,0.0,0.0,0.0,0.0,170.0,141.0,170.0,170.0,12.0,11.0,78.0,5.0,15.0,0.0,0.0
32.538,52,247513.0,600.0,256.0,798.0,600.0,0.0,1.0,0.0,0.0,0.5,0.152,0.646,0.5,0.51,0.168,0.657,0.517,0.0,0.0,-2.02,-5.82,0.01,0.0,0.0,0.0,0.0,0.0,0.0,0.0,0.0,1.0,0.0,0.0,0.2,-0.0,-0.0,0.0,0.0,0.0,0.0,0.0,0.0,0.0,0.0,170.0,141.0,170.0,170.0,12.0,11.0,78.0,5.0,15.0,0.0,1.0
32.588,37,247550.0,600.0,256.0,798.0,600.0,0.0,1.0,0.0,0.0,0.5,0.153,0.642,0.5,0.51,0.17,0.652,0.517,0.0,0.0,-2.02,-5.82,0.01,0.0,0.0,0.0,0.0,0.0,0.0,0.0,0.0,1.0,0.0,0.0,0.2,-0.0,-0.0,0.0,0.0,0.0,0.0,0.0,0.0,0.0,0.0,170.0,141.0,170.0,170.0,12.0,11.0,78.0,5.0,15.0,0.0,0.0
32.689,99,247649.0,600.0,254.0,798.0,600.0,0.0,1.0,0.0,0.0,0.5,0.153,0.642,0.5,0.51,0.17,0.652,0.517,0.0,0.0,-2.02,-5.82,0.01,0.0,0.0,0.0,0.0,0.0,0.0,0.0,0.0,1.0,0.0,0.0,0.3,-0.0,-0.0,0.0,0.0,0.0,0.0,0.0,0.0,0.0,0.0,170.0,141.0,170.0,170.0,12.0,11.0,78.0,5.0,15.0,0.0,0.0
32.739,52,247701.0,600.0,254.0,744.0,600.0,0.0,1.0,0.0,0.0,0.5,0.153,0.642,0.5,0.51,0.17,0.652,0.517,0.0,0.0,-2.02,-5.82,0.01,0.0,0.0,0.0,0.0,0.0,0.0,0.0,0.0,1.0,0.0,0.0,0.3,-0.0,-0.0,0.0,0.0,0.0,0.0,0.0,0.0,0.0,0.0,170.0,141.0,170.0,170.0,12.0,11.0,78.0,5.0,15.0,0.0,0.0
32.765,39,247740.0,600.0,254.0,744.0,600.0,0.0,1.0,0.0,0.0,0.5,0.152,0.623,0.5,0.51,0.169,0.635,0.517,0.0,0.0,-2.02,-5.83,0.01,0.0,0.0,0.0,0.0,0.0,0.0,0.0,0.0,1.0,0.0,0.0,0.2,-0.0,-0.0,0.0,0.0,0.0,0.0,0.0,0.0,0.0,0.0,170.0,141.0,170.0,170.0,12.0,11.0,78.0,5.0,15.0,0.0,0.0
32.869,97,247837.0,600.0,251.0,744.0,600.0,0.0,1.0,0.0,0.0,0.5,0.152,0.623,0.5,0.51,0.169,0.635,0.517,0.0,0.0,-2.02,-5.83,0.01,0.0,0.0,0.0,0.0,0.0,0.0,0.0,0.0,1.0,0.0,0.0,0.2,-0.0,-0.0,0.0,0.0,0.0,0.0,0.0,0.0,0.0,0.0,170.0,141.0,170.0,170.0,12.0,11.0,78.0,5.0,15.0,0.0,1.0
32.919,52,247889.0,600.0,251.0,748.0,600.0,0.0,1.0,0.0,0.0,0.5,0.152,0.623,0.5,0.51,0.169,0.635,0.517,0.0,0.0,-2.02,-5.83,0.01,0.0,0.0,0.0,0.0,0.0,0.0,0.0,0.0,1.0,0.0,0.0,0.2,-0.0,-0.0,0.0,0.0,0.0,0.0,0.0,0.0,0.0,0.0,170.0,141.0,170.0,170.0,12.0,11.0,78.0,5.0,15.0,0.0,1.0
32.969,38,247927.0,600.0,251.0,748.0,600.0,0.0,1.0,0.0,0.0,0.5,0.15,0.615,0.5,0.51,0.167,0.626,0.516,0.0,0.0,-2.02,-5.83,0.01,0.0,0.0,0.0,0.0,0.0,0.0,0.0,0.0,1.0,0.0,0.0,0.1,-0.0,-0.0,0.0,0.0,0.0,0.0,0.0,0.0,0.0,0.0,170.0,141.0,170.0,170.0,12.0,11.0,78.0,5.0,15.0,0.0,0.0
33.045,97,248024.0,600.0,249.0,748.0,600.0,0.0,1.0,0.0,0.0,0.5,0.15,0.615,0.5,0.51,0.167,0.626,0.516,0.0,0.0,-2.02,-5.83,0.01,0.0,0.0,0.0,0.0,0.0,0.0,0.0,0.0,1.0,0.0,0.0,0.1,-0.0,-0.0,0.0,0.0,0.0,0.0,0.0,0.0,0.0,0.0,170.0,141.0,170.0,170.0,12.0,11.0,78.0,5.0,15.0,0.0,0.0
33.097,52,248076.0,600.0,249.0,764.0,600.0,0.0,1.0,0.0,0.0,0.5,0.15,0.615,0.5,0.51,0.167,0.626,0.516,0.0,0.0,-2.02,-5.83,0.01,0.0,0.0,0.0,0.0,0.0,0.0,0.0,0.0,1.0,0.0,0.0,0.4,-0.0,-0.0,0.0,0.0,0.0,0.0,0.0,0.0,0.0,0.0,170.0,141.0,170.0,170.0,12.0,11.0,78.0,5.0,15.0,0.0,0.0
33.148,37,248113.0,600.0,249.0,764.0,600.0,0.0,1.0,0.0,0.0,0.5,0.149,0.617,0.5,0.51,0.165,0.626,0.516,0.0,0.0,-2.02,-5.83,0.01,0.0,0.0,0.0,0.0,0.0,0.0,0.0,0.0,1.0,0.0,0.0,0.4,-0.0,-0.0,0.0,0.0,0.0,0.0,0.0,0.0,0.0,0.0,170.0,141.0,170.0,170.0,12.0,11.0,78.0,5.0,15.0,0.0,0.0
33.249,98,248211.0,600.0,251.0,764.0,600.0,0.0,1.0,0.0,0.0,0.5,0.149,0.617,0.5,0.51,0.165,0.626,0.516,0.0,0.0,-2.02,-5.83,0.01,0.0,0.0,0.0,0.0,0.0,0.0,0.0,0.0,1.0,0.0,0.0,0.3,-0.0,-0.0,0.0,0.0,0.0,0.0,0.0,0.0,0.0,0.0,170.0,141.0,170.0,170.0,12.0,11.0,78.0,5.0,15.0,0.0,0.0
33.3,51,248262.0,600.0,251.0,814.0,600.0,0.0,1.0,0.0,0.0,0.5,0.149,0.617,0.5,0.51,0.165,0.626,0.516,0.0,0.0,-2.02,-5.83,0.0,0.0,0.0,0.0,0.0,0.0,0.0,0.0,0.0,1.0,0.0,0.0,0.3,-0.0,-0.0,0.0,0.0,0.0,0.0,0.0,0.0,0.0,0.0,170.0,141.0,170.0,170.0,12.0,11.0,78.0,5.0,15.0,0.0,1.0
33.325,37,248299.0,600.0,251.0,814.0,600.0,0.0,1.0,0.0,0.0,0.5,0.149,0.633,0.5,0.51,0.165,0.64,0.517,0.0,0.0,-2.02,-5.83,0.0,0.0,0.0,0.0,0.0,0.0,0.0,0.0,0.0,1.0,0.0,0.0,0.1,-0.0,-0.0,0.0,0.0,0.0,0.0,0.0,0.0,0.0,0.0,170.0,141.0,170.0,170.0,12.0,11.0,78.0,5.0,15.0,0.0,0.0
33.426,99,248398.0,600.0,250.0,814.0,600.0,0.0,1.0,0.0,0.0,0.5,0.149,0.633,0.5,0.51,0.165,0.64,0.517,0.0,0.0,-2.02,-5.83,0.0,0.0,0.0,0.0,0.0,0.0,0.0,0.0,0.0,1.0,0.0,0.0,0.1,-0.0,-0.0,0.0,0.0,0.0,0.0,0.0,0.0,0.0,0.0,170.0,141.0,170.0,170.0,12.0,11.0,78.0,5.0,15.0,0.0,0.0
33.477,52,248450.0,600.0,250.0,809.0,600.0,0.0,1.0,0.0,0.0,0.5,0.149,0.633,0.5,0.51,0.165,0.64,0.517,0.0,0.0,-2.02,-5.83,0.0,0.0,0.0,0.0,0.0,0.0,0.0,0.0,0.0,1.0,0.0,0.0,0.3,-0.0,-0.0,0.0,0.0,0.0,0.0,0.0,0.0,0.0,0.0,170.0,141.0,170.0,170.0,12.0,11.0,78.0,5.0,15.0,0.0,0.0
33.528,37,248487.0,600.0,250.0,809.0,600.0,0.0,1.0,0.0,0.0,0.5,0.149,0.64,0.5,0.51,0.165,0.648,0.517,0.0,0.0,-2.02,-5.83,0.0,0.0,0.0,0.0,0.0,0.0,0.0,0.0,0.0,1.0,0.0,0.0,0.3,-0.0,-0.0,0.0,0.0,0.0,0.0,0.0,0.0,0.0,0.0,170.0,141.0,170.0,170.0,12.0,11.0,78.0,5.0,15.0,0.0,0.0
33.629,100,248587.0,600.0,251.0,809.0,600.0,0.0,1.0,0.0,0.0,0.5,0.149,0.64,0.5,0.51,0.165,0.648,0.517,0.0,0.0,-2.02,-5.83,0.01,0.0,0.0,0.0,0.0,0.0,0.0,0.0,0.0,1.0,0.0,0.0,0.2,-0.0,-0.0,0.0,0.0,0.0,0.0,0.0,0.0,0.0,0.0,170.0,141.0,170.0,170.0,12.0,11.0,78.0,5.0,15.0,0.0,1.0
33.68,52,248639.0,600.0,251.0,809.0,600.0,0.0,1.0,0.0,0.0,0.5,0.149,0.64,0.5,0.51,0.165,0.648,0.517,0.0,0.0,-2.02,-5.83,0.01,0.0,0.0,0.0,0.0,0.0,0.0,0.0,0.0,1.0,0.0,0.0,0.2,-0.0,-0.0,0.0,0.0,0.0,0.0,0.0,0.0,0.0,0.0,170.0,141.0,170.0,170.0,12.0,11.0,78.0,5.0,15.0,0.0,0.0
33.706,38,248677.0,600.0,251.0,809.0,600.0,0.0,1.0,0.0,0.0,0.5,0.149,0.643,0.5,0.51,0.166,0.652,0.517,0.0,0.0,-2.02,-5.82,0.01,0.0,0.0,0.0,0.0,0.0,0.0,0.0,0.0,1.0,0.0,0.0,0.1,-0.0,-0.0,0.0,0.0,0.0,0.0,0.0,0.0,0.0,0.0,170.0,141.0,170.0,170.0,12.0,11.0,78.0,5.0,15.0,0.0,1.0
33.807,101,248778.0,600.0,251.0,809.0,600.0,0.0,1.0,0.0,0.0,0.5,0.149,0.643,0.5,0.51,0.166,0.652,0.517,0.0,0.0,-2.02,-5.82,0.02,0.0,0.0,0.0,0.0,0.0,0.0,0.0,0.0,1.0,0.0,0.0,0.1,-0.0,-0.0,0.0,0.0,0.0,0.0,0.0,0.0,0.0,0.0,170.0,141.0,170.0,170.0,12.0,11.0,78.0,5.0,15.0,0.0,0.0
33.857,52,248830.0,600.0,251.0,754.0,600.0,0.0,1.0,0.0,0.0,0.5,0.149,0.643,0.5,0.51,0.166,0.652,0.517,0.0,0.0,-2.02,-5.82,0.02,0.0,0.0,0.0,0.0,0.0,0.0,0.0,0.0,1.0,0.0,0.0,0.3,-0.0,-0.0,0.0,0.0,0.0,0.0,0.0,0.0,0.0,0.0,170.0,141.0,170.0,170.0,12.0,11.0,78.0,5.0,15.0,0.0,0.0
33.908,38,248868.0,600.0,251.0,754.0,600.0,0.0,1.0,0.0,0.0,0.5,0.149,0.626,0.5,0.51,0.166,0.638,0.517,0.0,0.0,-2.02,-5.82,0.02,0.0,0.0,0.0,0.0,0.0,0.0,0.0,0.0,1.0,0.0,0.0,0.2,-0.0,-0.0,0.0,0.0,0.0,0.0,0.0,0.0,0.0,0.0,170.0,141.0,170.0,170.0,12.0,11.0,78.0,5.0,15.0,0.0,0.0
33.994,96,248964.0,600.0,253.0,754.0,600.0,0.0,1.0,0.0,0.0,0.5,0.149,0.626,0.5,0.51,0.166,0.638,0.517,0.0,0.0,-2.02,-5.82,0.02,0.0,0.0,0.0,0.0,0.0,0.0,0.0,0.0,1.0,0.0,0.0,0.6,-0.0,-0.0,0.0,0.0,0.0,0.0,0.0,0.0,0.0,0.0,170.0,141.0,170.0,170.0,12.0,11.0,78.0,5.0,15.0,0.0,0.0
34.05,53,249017.0,600.0,253.0,749.0,600.0,0.0,1.0,0.0,0.0,0.5,0.149,0.626,0.5,0.51,0.166,0.638,0.517,0.0,0.0,-2.02,-5.83,0.02,0.0,0.0,0.0,0.0,0.0,0.0,0.0,0.0,1.0,0.0,0.0,0.5,-0.0,-0.0,0.0,0.0,0.0,0.0,0.0,0.0,0.0,0.0,170.0,141.0,170.0,170.0,12.0,11.0,78.0,5.0,15.0,0.0,0.0
34.077,38,249055.0,600.0,253.0,749.0,600.0,0.0,1.0,0.0,0.0,0.5,0.15,0.617,0.5,0.51,0.166,0.628,0.516,0.0,0.0,-2.02,-5.83,0.02,0.0,0.0,0.0,0.0,0.0,0.0,0.0,0.0,1.0,0.0,0.0,0.4,-0.0,-0.0,0.0,0.0,0.0,0.0,0.0,0.0,0.0,0.0,170.0,141.0,170.0,170.0,12.0,11.0,78.0,5.0,15.0,0.0,0.0
34.195,96,249151.0,600.0,252.0,749.0,600.0,0.0,1.0,0.0,0.0,0.5,0.15,0.617,0.5,0.51,0.166,0.628,0.516,0.0,0.0,-2.02,-5.83,0.02,0.0,0.0,0.0,0.0,0.0,0.0,0.0,0.0,1.0,0.0,0.0,0.3,-0.0,-0.0,0.0,0.0,0.0,0.0,0.0,0.0,0.0,0.0,170.0,141.0,170.0,170.0,12.0,11.0,78.0,5.0,15.0,0.0,0.0
34.251,51,249202.0,600.0,252.0,699.0,600.0,0.0,1.0,0.0,0.0,0.5,0.15,0.617,0.5,0.51,0.166,0.628,0.516,0.0,0.0,-2.02,-5.83,0.02,0.0,0.0,0.0,0.0,0.0,0.0,0.0,0.0,1.0,0.0,0.0,0.3,-0.0,-0.0,0.0,0.0,0.0,0.0,0.0,0.0,0.0,0.0,170.0,141.0,170.0,170.0,12.0,11.0,78.0,5.0,15.0,0.0,1.0
34.279,38,249240.0,600.0,252.0,699.0,600.0,0.0,1.0,0.0,0.0,0.5,0.15,0.595,0.5,0.51,0.166,0.608,0.516,0.0,0.0,-2.02,-5.83,0.01,0.0,0.0,0.0,0.0,0.0,0.0,0.0,0.0,1.0,0.0,0.0,0.3,0.1,-0.0,0.0,0.0,0.0,0.0,0.0,0.0,0.0,0.0,170.0,141.0,170.0,170.0,12.0,11.0,78.0,5.0,15.0,0.0,0.0
34.364,99,249339.0,600.0,251.0,699.0,600.0,0.0,1.0,0.0,0.0,0.5,0.15,0.595,0.5,0.51,0.166,0.608,0.516,0.0,0.0,-2.02,-5.83,0.01,0.0,0.0,0.0,0.0,0.0,0.0,0.0,0.0,1.0,0.0,0.0,0.2,-0.1,-0.0,0.0,0.0,0.0,0.0,0.0,0.0,0.0,0.0,170.0,141.0,170.0,170.0,12.0,11.0,78.0,5.0,15.0,0.0,0.0
34.421,51,249390.0,600.0,251.0,698.0,600.0,0.0,1.0,0.0,0.0,0.5,0.15,0.595,0.5,0.51,0.166,0.608,0.516,0.0,0.0,-2.02,-5.83,0.01,0.0,0.0,0.0,0.0,0.0,0.0,0.0,0.0,1.0,0.0,0.0,0.2,-0.1,-0.0,0.0,0.0,0.0,0.0,0.0,0.0,0.0,0.0,170.0,141.0,170.0,170.0,12.0,11.0,78.0,5.0,15.0,0.0,0.0
34.45,38,249428.0,600.0,251.0,698.0,600.0,0.0,1.0,0.0,0.0,0.5,0.149,0.584,0.5,0.51,0.165,0.595,0.516,0.0,0.0,-2.02,-5.83,0.01,0.0,0.0,0.0,0.0,0.0,0.0,0.0,0.0,1.0,0.0,0.0,0.2,-0.0,-0.0,0.0,0.0,0.0,0.0,0.0,0.0,0.0,0.0,170.0,141.0,170.0,170.0,12.0,11.0,78.0,5.0,15.0,0.0,0.0
34.562,98,249526.0,600.0,249.0,698.0,600.0,0.0,1.0,0.0,0.0,0.5,0.149,0.584,0.5,0.51,0.165,0.595,0.516,0.0,0.0,-2.02,-5.83,0.02,0.0,0.0,0.0,0.0,0.0,0.0,0.0,0.0,1.0,0.0,0.0,0.1,-0.0,-0.0,0.0,0.0,0.0,0.0,0.0,0.0,0.0,0.0,170.0,141.0,170.0,170.0,12.0,11.0,78.0,5.0,15.0,0.0,0.0
34.619,52,249578.0,600.0,249.0,760.0,600.0,0.0,1.0,0.0,0.0,0.5,0.149,0.584,0.5,0.51,0.165,0.595,0.516,0.0,0.0,-2.02,-5.83,0.02,0.0,0.0,0.0,0.0,0.0,0.0,0.0,0.0,1.0,0.0,0.0,0.1,-0.0,-0.0,0.0,0.0,0.0,0.0,0.0,0.0,0.0,0.0,170.0,141.0,170.0,170.0,12.0,11.0,78.0,5.0,15.0,0.0,0.0
34.647,38,249616.0,600.0,249.0,760.0,600.0,0.0,1.0,0.0,0.0,0.5,0.148,0.601,0.5,0.51,0.164,0.608,0.516,0.0,0.0,-2.02,-5.83,0.01,0.0,0.0,0.0,0.0,0.0,0.0,0.0,0.0,1.0,0.0,0.0,0.1,-0.0,-0.0,0.0,0.0,0.0,0.0,0.0,0.0,0.0,0.0,170.0,141.0,170.0,170.0,12.0,11.0,78.0,5.0,15.0,0.0,1.0
34.759,100,249716.0,600.0,250.0,760.0,600.0,0.0,1.0,0.0,0.0,0.5,0.148,0.601,0.5,0.51,0.164,0.608,0.516,0.0,0.0,-2.02,-5.82,0.01,0.0,0.0,0.0,0.0,0.0,0.0,0.0,0.0,1.0,0.0,0.0,-0.0,-0.0,-0.0,0.0,0.0,0.0,0.0,0.0,0.0,0.0,0.0,170.0,141.0,170.0,170.0,12.0,11.0,78.0,5.0,15.0,0.0,0.0
34.815,51,249767.0,600.0,250.0,760.0,600.0,0.0,1.0,0.0,0.0,0.5,0.148,0.601,0.5,0.51,0.164,0.608,0.516,0.0,0.0,-2.02,-5.82,0.01,0.0,0.0,0.0,0.0,0.0,0.0,0.0,0.0,1.0,0.0,0.0,-0.0,-0.0,-0.0,0.0,0.0,0.0,0.0,0.0,0.0,0.0,0.0,170.0,141.0,170.0,170.0,12.0,11.0,78.0,5.0,15.0,0.0,0.0
34.845,37,249804.0,600.0,250.0,760.0,600.0,0.0,1.0,0.0,0.0,0.5,0.148,0.609,0.5,0.51,0.164,0.618,0.516,0.0,0.0,-2.02,-5.82,0.01,0.0,0.0,0.0,0.0,0.0,0.0,0.0,0.0,1.0,0.0,0.0,-0.0,-0.0,-0.0,0.0,0.0,0.0,0.0,0.0,0.0,0.0,0.0,170.0,141.0,170.0,170.0,12.0,11.0,78.0,5.0,15.0,0.0,0.0
34.928,102,249906.0,600.0,249.0,760.0,600.0,0.0,1.0,0.0,0.0,0.5,0.148,0.609,0.5,0.51,0.164,0.618,0.516,0.0,0.0,-2.02,-5.82,0.01,0.0,0.0,0.0,0.0,0.0,0.0,0.0,0.0,1.0,0.0,0.0,-0.0,-0.0,-0.0,0.0,0.0,0.0,0.0,0.0,0.0,0.0,0.0,170.0,141.0,170.0,170.0,12.0,11.0,78.0,5.0,15.0,0.0,0.0
34.984,52,249958.0,600.0,249.0,767.0,600.0,0.0,1.0,0.0,0.0,0.5,0.148,0.609,0.5,0.51,0.164,0.618,0.516,0.0,0.0,-2.02,-5.82,0.01,0.0,0.0,0.0,0.0,0.0,0.0,0.0,0.0,1.0,0.0,0.0,-0.0,-0.0,-0.0,0.0,0.0,0.0,0.0,0.0,0.0,0.0,0.0,170.0,141.0,170.0,170.0,12.0,11.0,78.0,5.0,15.0,0.0,0.0
35.041,38,249996.0,600.0,249.0,767.0,600.0,0.0,1.0,0.0,0.0,0.5,0.147,0.615,0.5,0.509,0.164,0.624,0.516,0.0,0.0,-2.02,-5.82,0.01,0.0,0.0,0.0,0.0,0.0,0.0,0.0,0.0,1.0,0.0,0.0,-0.0,-0.0,-0.0,0.0,0.0,0.0,0.0,0.0,0.0,0.0,0.0,170.0,141.0,170.0,170.0,12.0,11.0,78.0,5.0,15.0,0.0,0.0
35.127,97,250093.0,600.0,248.0,767.0,600.0,0.0,1.0,0.0,0.0,0.5,0.147,0.615,0.5,0.509,0.164,0.624,0.516,0.0,0.0,-2.02,-5.82,0.01,0.0,0.0,0.0,0.0,0.0,0.0,0.0,0.0,1.0,0.0,0.0,0.4,-0.0,-0.0,0.0,0.0,0.0,0.0,0.0,0.0,0.0,0.0,170.0,141.0,170.0,170.0,12.0,11.0,78.0,5.0,15.0,0.0,0.0
35.185,52,250145.0,600.0,248.0,831.0,600.0,0.0,1.0,0.0,0.0,0.5,0.147,0.615,0.5,0.509,0.164,0.624,0.516,0.0,0.0,-2.02,-5.82,0.01,0.0,0.0,0.0,0.0,0.0,0.0,0.0,0.0,1.0,0.0,0.0,0.4,-0.0,-0.0,0.0,0.0,0.0,0.0,0.0,0.0,0.0,0.0,170.0,141.0,170.0,170.0,12.0,11.0,78.0,5.0,15.0,0.0,0.0
35.213,38,250183.0,600.0,248.0,831.0,600.0,0.0,1.0,0.0,0.0,0.5,0.147,0.638,0.5,0.509,0.164,0.644,0.517,0.0,0.0,-2.02,-5.82,0.01,0.0,0.0,0.0,0.0,0.0,0.0,0.0,0.0,1.0,0.0,0.0,0.3,-0.0,-0.0,0.0,0.0,0.0,0.0,0.0,0.0,0.0,0.0,170.0,141.0,170.0,170.0,12.0,11.0,78.0,5.0,15.0,0.0,0.0
35.328,99,250282.0,600.0,249.0,831.0,600.0,0.0,1.0,0.0,0.0,0.5,0.147,0.638,0.5,0.509,0.164,0.644,0.517,0.0,0.0,-2.02,-5.82,0.01,0.0,0.0,0.0,0.0,0.0,0.0,0.0,0.0,1.0,0.0,0.0,0.2,-0.0,-0.0,0.0,0.0,0.0,0.0,0.0,0.0,0.0,0.0,170.0,141.0,170.0,170.0,12.0,11.0,78.0,5.0,15.0,0.0,0.0
35.358,53,250335.0,600.0,249.0,780.0,600.0,0.0,1.0,0.0,0.0,0.5,0.147,0.638,0.5,0.509,0.164,0.644,0.517,0.0,0.0,-2.02,-5.82,0.02,0.0,0.0,0.0,0.0,0.0,0.0,0.0,0.0,1.0,0.0,0.0,-0.1,-0.0,-0.0,0.0,0.0,0.0,0.0,0.0,0.0,0.0,0.0,170.0,141.0,170.0,170.0,12.0,11.0,78.0,5.0,15.0,0.0,1.0
35.416,37,250372.0,600.0,249.0,780.0,600.0,0.0,1.0,0.0,0.0,0.5,0.147,0.633,0.5,0.509,0.163,0.643,0.517,0.0,0.0,-2.02,-5.82,0.02,0.0,0.0,0.0,0.0,0.0,0.0,0.0,0.0,1.0,0.0,0.0,-0.1,-0.0,-0.0,0.0,0.0,0.0,0.0,0.0,0.0,0.0,0.0,170.0,141.0,170.0,170.0,12.0,11.0,78.0,5.0,15.0,0.0,0.0
35.5,99,250471.0,600.0,249.0,780.0,600.0,0.0,1.0,0.0,0.0,0.5,0.147,0.633,0.5,0.509,0.163,0.643,0.517,0.0,0.0,-2.02,-5.82,0.02,0.0,0.0,0.0,0.0,0.0,0.0,0.0,0.0,1.0,0.0,0.0,0.0,-0.0,-0.0,0.0,0.0,0.0,0.0,0.0,0.0,0.0,0.0,170.0,141.0,170.0,170.0,12.0,11.0,78.0,5.0,15.0,0.0,0.0
35.557,53,250524.0,600.0,249.0,756.0,600.0,0.0,1.0,0.0,0.0,0.5,0.147,0.633,0.5,0.509,0.163,0.643,0.517,0.0,0.0,-2.02,-5.82,0.01,0.0,0.0,0.0,0.0,6.0,0.0,0.0,0.0,1.0,1.0,0.0,0.0,-0.0,-0.0,0.0,0.0,0.0,0.0,0.0,0.0,0.0,0.0,170.0,141.0,170.0,170.0,12.0,11.0,78.0,5.0,15.0,0.0,0.0
35.613,38,250562.0,600.0,249.0,756.0,600.0,0.0,1.0,0.0,0.0,0.5,0.147,0.623,0.5,0.509,0.163,0.634,0.516,0.0,0.0,-2.02,-5.82,0.01,0.0,-0.03,0.0,0.0,6.0,0.0,0.0,0.0,1.0,1.0,0.0,1.0,-3.7,-1.5,-6.3,-6.3,-6.3,-6.3,170.0,143.0,170.0,170.0,170.0,141.0,170.0,170.0,12.0,11.0,78.0,5.0,15.0,0.0,0.0
35.697,103,250665.0,600.0,246.0,756.0,600.0,0.0,1.0,0.0,0.0,0.5,0.147,0.623,0.5,0.509,0.163,0.634,0.516,0.0,0.0,-1.79,-5.75,0.02,0.0,-0.57,0.0,0.0,6.0,0.0,0.0,0.0,1.0,1.0,-15.8,21.5,7.9,-17.8,-15.5,-12.6,-15.5,-12.6,94.0,80.0,170.0,94.0,170.0,145.0,170.0,170.0,12.0,11.0,78.0,5.0,15.0,0.0,0.0
35.758,53,250718.0,600.0,246.0,756.0,600.0,0.0,1.0,0.0,0.0,0.5,0.147,0.623,0.5,0.509,0.163,0.634,0.516,0.0,0.0,-1.73,-5.35,-0.69,0.0,1.46,0.0,0.0,6.0,0.0,0.0,0.0,1.0,1.0,-21.5,28.6,10.7,-24.9,-20.6,-15.1,-20.6,-15.1,94.0,80.0,94.0,94.0,170.0,145.0,170.0,170.0,12.0,11.0,78.0,5.0,15.0,0.0,0.0
35.786,38,250756.0,600.0,246.0,756.0,600.0,0.0,1.0,0.0,0.0,0.5,0.145,0.618,0.5,0.509,0.162,0.628,0.516,0.0,0.0,-2.13,-5.51,-1.1,0.0,2.76,0.0,0.0,6.0,0.0,0.0,0.0,1.0,1.0,-25.4,35.5,14.9,-42.5,-23.9,-16.8,-23.9,-16.8,94.0,80.0,94.0,94.0,170.0,145.0,170.0,170.0,12.0,11.0,78.0,5.0,15.0,0.0,0.0
35.901,99,250855.0,600.0,247.0,756.0,600.0,0.0,1.0,0.0,0.0,0.5,0.145,0.618,0.5,0.509,0.162,0.628,0.516,0.0,0.0,-1.51,-5.6,-1.1,0.0,4.23,0.0,0.0,6.0,0.0,0.0,0.0,1.0,1.0,-32.6,39.6,22.8,-52.1,-33.8,-21.6,-33.8,-21.6,94.0,133.0,146.0,94.0,170.0,145.0,170.0,170.0,12.0,11.0,78.0,5.0,15.0,0.0,0.0
35.931,52,250907.0,600.0,247.0,703.0,600.0,0.0,1.0,0.0,0.0,0.5,0.145,0.618,0.5,0.509,0.162,0.628,0.516,0.0,0.0,-1.69,-5.51,-1.55,0.0,6.09,0.0,0.0,6.0,0.0,0.0,0.0,1.0,1.0,-35.8,41.0,30.0,-53.7,-38.5,-24.6,-38.5,-24.6,94.0,166.0,188.0,94.0,170.0,145.0,170.0,170.0,12.0,11.0,78.0,5.0,15.0,0.0,0.0
35.988,39,250946.0,600.0,247.0,703.0,600.0,0.0,1.0,0.0,0.0,0.5,0.145,0.597,0.5,0.509,0.161,0.61,0.516,0.0,0.0,-1.48,-5.45,-2.05,0.0,6.95,0.0,0.0,6.0,0.0,0.0,0.0,1.0,1.0,-39.1,44.7,38.0,-56.7,-41.2,-26.3,-41.2,-26.3,94.0,185.0,215.0,94.0,170.0,145.0,170.0,170.0,68.0,23.0,113.0,38.0,15.0,0.0,0.0
37.073,1076,252022.0,600.0,317.0,703.0,600.0,0.0,0.0,0.0,0.0,0.5,0.145,0.597,0.5,0.509,0.161,0.61,0.516,0.0,0.0,-1.25,-5.57,-2.22,0.0,7.43,0.0,0.0,6.0,0.0,0.0,0.0,1.0,1.0,-39.1,44.7,38.0,-56.7,-41.2,-26.3,-41.2,-26.3,94.0,185.0,215.0,94.0,170.0,145.0,170.0,170.0,68.0,23.0,113.0,38.0,15.0,0.0,1.0
37.102,53,252075.0,600.0,317.0,639.0,600.0,0.0,0.0,0.0,0.0,0.5,0.145,0.597,0.5,0.509,0.161,0.61,0.516,0.0,0.0,-1.08,-5.56,-2.44,0.0,8.4,0.0,0.0,6.0,0.0,0.0,0.0,1.0,1.0,-37.9,48.8,35.6,-65.1,-66.2,-42.3,-66.2,-42.3,255.0,255.0,255.0,94.0,170.0,145.0,170.0,170.0,33.0,22.0,12.0,40.0,15.0,0.0,0.0
37.163,38,252113.0,600.0,317.0,639.0,600.0,0.0,0.0,0.0,0.0,0.5,0.184,0.562,0.5,0.51,0.194,0.577,0.516,0.0,0.0,0.09,-5.36,-13.16,0.0,11.93,0.0,0.0,6.0,0.0,0.0,0.0,1.0,1.0,-41.7,67.2,35.0,-80.1,-66.2,-42.3,-66.2,-42.3,255.0,255.0,255.0,94.0,170.0,145.0,170.0,170.0,33.0,22.0,12.0,40.0,15.0,0.0,0.0
37.221,67,252180.0,600.0,315.0,639.0,600.0,0.0,0.0,0.0,0.0,0.5,0.184,0.562,0.5,0.51,0.194,0.577,0.516,0.0,0.0,-0.01,-5.33,-13.46,0.0,11.93,0.0,0.0,6.0,0.0,0.0,0.0,1.0,1.0,-65.1,84.1,36.8,-102.8,-66.2,-42.3,-66.2,-42.3,255.0,255.0,255.0,94.0,170.0,145.0,170.0,170.0,33.0,22.0,12.0,40.0,15.0,0.0,0.0
37.334,125,252305.0,600.0,287.0,639.0,600.0,0.0,0.0,0.0,0.0,0.5,0.202,0.545,0.5,0.51,0.214,0.558,0.515,0.0,0.0,-0.22,-5.37,-9.38,0.0,11.93,0.0,0.0,6.0,0.0,0.0,0.0,1.0,1.0,-89.2,100.2,61.6,-169.1,-66.2,-42.3,-66.2,-42.3,255.0,255.0,255.0,94.0,170.0,145.0,170.0,170.0,33.0,22.0,12.0,40.0,15.0,0.0,0.0
37.451,100,252405.0,600.0,287.0,647.0,675.0,0.0,0.0,0.0,0.0,0.5,0.193,0.541,0.532,0.511,0.21,0.553,0.542,0.0,0.0,0.22,-5.32,-7.47,0.0,11.26,0.0,0.0,6.0,0.0,0.0,0.0,1.0,1.0,-105.7,109.4,71.6,-187.0,-63.4,0.0,-63.4,-45.1,255.0,0.0,255.0,94.0,170.0,145.0,170.0,170.0,33.0,22.0,12.0,40.0,15.0,0.0,1.0
37.508,72,252477.0,600.0,262.0,647.0,675.0,0.0,1.0,0.0,0.0,0.5,0.193,0.541,0.532,0.511,0.21,0.553,0.542,0.0,0.0,-0.5,-5.56,-3.78,0.0,7.66,0.0,0.0,6.0,0.0,0.0,0.0,1.0,1.0,-107.3,114.5,69.3,-189.3,-61.9,0.0,-61.9,-46.6,255.0,0.0,255.0,94.0,170.0,145.0,170.0,170.0,33.0,22.0,12.0,40.0,15.0,2.0,0.0
37.626,104,252581.0,600.0,262.0,619.0,742.0,0.0,1.0,0.0,0.0,0.5,0.176,0.528,0.571,0.511,0.194,0.541,0.579,0.0,0.0,-0.92,-5.93,-1.63,0.0,6.98,0.0,0.0,6.0,0.0,9.0,0.0,1.0,1.0,-113.9,119.8,61.1,-155.5,-58.9,0.0,0.0,-49.6,214.0,0.0,0.0,94.0,170.0,145.0,170.0,170.0,30.0,18.0,21.0,82.0,15.0,6.0,1.0
37.684,72,252653.0,600.0,237.0,619.0,742.0,0.0,1.0,0.0,0.0,0.5,0.176,0.528,0.571,0.511,0.194,0.541,0.579,0.0,0.0,-1.05,-6.0,4.11,0.0,3.23,0.0,0.0,6.0,0.0,0.0,0.0,1.0,1.0,-115.7,116.0,61.2,-137.1,-57.5,0.0,0.0,-51.0,185.0,0.0,0.0,94.0,170.0,145.0,170.0,170.0,30.0,18.0,21.0,82.0,15.0,6.0,0.0
37.798,101,252754.0,600.0,237.0,573.0,784.0,0.0,1.0,0.0,0.0,0.5,0.154,0.5,0.603,0.511,0.172,0.516,0.612,0.0,0.0,-1.63,-6.11,6.69,0.0,2.58,0.0,0.0,6.0,0.0,0.0,0.0,1.0,1.0,-113.5,108.5,58.6,-115.0,-54.7,0.0,0.0,-53.8,128.0,0.0,0.0,94.0,170.0,145.0,170.0,170.0,30.0,18.0,21.0,82.0,15.0,6.0,1.0
37.857,71,252825.0,600.0,150.0,573.0,784.0,0.0,1.0,0.0,0.0,0.5,0.154,0.5,0.603,0.511,0.172,0.516,0.612,0.0,0.0,-1.83,-6.03,11.5,0.0,-1.07,0.0,0.0,6.0,0.0,0.0,0.0,1.0,1.0,-110.6,101.8,59.8,-100.2,-53.2,0.0,0.0,-55.3,98.0,0.0,0.0,94.0,170.0,145.0,170.0,170.0,30.0,18.0,21.0,82.0,15.0,6.0,0.0
37.972,101,252926.0,600.0,150.0,521.0,784.0,0.0,1.0,0.0,0.0,0.5,0.103,0.463,0.618,0.511,0.125,0.479,0.63,0.0,0.0,-1.68,-6.0,12.09,0.0,-1.74,0.0,0.0,6.0,0.0,0.0,0.0,1.0,1.0,-90.9,78.9,52.1,-73.2,-50.3,0.0,0.0,-58.2,94.0,0.0,0.0,96.0,170.0,145.0,170.0,170.0,30.0,18.0,21.0,82.0,15.0,6.0,0.0
38.03,72,252998.0,600.0,137.0,521.0,784.0,0.0,1.0,0.0,0.0,0.5,0.103,0.463,0.618,0.511,0.125,0.479,0.63,0.0,0.0,-2.1,-5.96,13.3,0.0,-5.34,0.0,0.0,6.0,0.0,0.0,0.0,1.0,1.0,-85.9,71.3,49.6,-68.8,-48.9,0.0,0.0,-59.6,94.0,0.0,0.0,96.0,170.0,145.0,170.0,170.0,30.0,18.0,21.0,82.0,15.0,6.0,0.0
38.143,100,253098.0,600.0,137.0,466.0,818.0,0.0,1.0,0.0,0.0,0.5,0.074,0.416,0.635,0.51,0.093,0.434,0.646,0.0,0.0,-1.91,-5.89,13.46,0.0,-6.02,0.0,0.0,6.0,0.0,0.0,0.0,1.0,1.0,-68.4,49.5,41.3,-49.3,-45.9,0.0,0.0,-62.6,94.0,0.0,0.0,115.0,170.0,145.0,170.0,170.0,12.0,12.0,8.0,54.0,15.0,6.0,0.0
38.202,72,253170.0,600.0,150.0,466.0,818.0,0.0,1.0,0.0,0.0,0.5,0.074,0.416,0.635,0.51,0.093,0.434,0.646,0.0,0.0,-2.16,-5.86,13.07,0.0,-9.67,0.0,0.0,6.0,0.0,0.0,0.0,1.0,1.0,-64.0,43.5,40.0,-47.4,-44.6,0.0,0.0,-63.9,94.0,0.0,0.0,125.0,170.0,145.0,170.0,170.0,12.0,12.0,8.0,54.0,15.0,6.0,0.0
38.318,99,253269.0,600.0,150.0,361.0,768.0,0.0,1.0,0.0,0.0,0.5,0.066,0.335,0.627,0.51,0.08,0.359,0.641,0.0,0.0,-1.91,-5.76,12.83,0.0,-10.32,0.0,0.0,6.0,0.0,0.0,0.0,1.0,1.0,-52.2,30.3,35.8,-33.0,-42.3,0.0,0.0,-66.2,94.0,0.0,0.0,160.0,170.0,145.0,170.0,170.0,12.0,12.0,8.0,54.0,15.0,6.0,1.0
38.347,52,253321.0,600.0,150.0,361.0,768.0,0.0,1.0,0.0,0.0,0.5,0.066,0.335,0.627,0.51,0.08,0.359,0.641,0.0,0.0,-2.19,-5.89,11.79,0.0,-11.93,0.0,0.0,6.0,0.0,0.0,0.0,1.0,1.0,-49.3,26.6,37.4,-30.9,-42.3,0.0,0.0,-66.2,94.0,0.0,0.0,176.0,170.0,145.0,170.0,170.0,12.0,12.0,8.0,54.0,15.0,6.0,0.0
38.375,20,253341.0,600.0,160.0,361.0,768.0,0.0,1.0,0.0,0.0,0.5,0.066,0.335,0.627,0.51,0.08,0.359,0.641,0.0,0.0,-2.2,-5.88,11.51,0.0,-11.93,0.0,0.0,6.0,0.0,0.0,0.0,1.0,1.0,-49.3,26.6,37.4,-30.9,-42.3,0.0,0.0,-66.2,94.0,0.0,0.0,176.0,170.0,145.0,170.0,170.0,12.0,12.0,8.0,54.0,15.0,6.0,0.0
38.489,99,253440.0,600.0,160.0,327.0,727.0,0.0,1.0,0.0,0.0,0.5,0.066,0.278,0.61,0.51,0.078,0.298,0.624,0.0,0.0,-1.82,-5.72,11.1,0.0,-11.93,0.0,0.0,6.0,0.0,0.0,0.0,1.0,1.0,-40.5,18.1,54.8,-27.7,-42.3,0.0,0.0,-66.2,94.0,0.0,0.0,212.0,170.0,145.0,170.0,170.0,12.0,12.0,8.0,54.0,15.0,6.0,0.0
38.518,52,253492.0,600.0,160.0,327.0,727.0,0.0,1.0,0.0,0.0,0.5,0.066,0.278,0.61,0.51,0.078,0.298,0.624,0.0,0.0,-2.07,-5.76,9.94,0.0,-11.93,0.0,0.0,6.0,0.0,0.0,0.0,1.0,1.0,-37.8,15.4,66.1,-27.9,-42.3,0.0,0.0,-66.2,94.0,0.0,0.0,229.0,170.0,145.0,170.0,170.0,12.0,12.0,8.0,54.0,15.0,6.0,1.0
38.547,19,253511.0,600.0,162.0,327.0,727.0,0.0,1.0,0.0,0.0,0.5,0.066,0.278,0.61,0.51,0.078,0.298,0.624,0.0,0.0,-1.97,-5.69,8.77,0.0,-11.93,0.0,0.0,6.0,0.0,0.0,0.0,1.0,1.0,-37.8,15.4,66.1,-27.9,-42.3,0.0,0.0,-66.2,94.0,0.0,0.0,229.0,170.0,145.0,170.0,170.0,12.0,12.0,8.0,54.0,15.0,6.0,0.0
38.66,103,253614.0,600.0,162.0,308.0,723.0,0.0,1.0,0.0,0.0,0.5,0.067,0.241,0.6,0.51,0.078,0.257,0.613,0.0,0.0,-2.06,-5.7,6.37,0.0,-11.26,0.0,0.0,6.0,0.0,0.0,0.0,1.0,1.0,-44.8,11.5,74.6,-26.8,-45.3,0.0,0.0,-63.2,94.0,0.0,0.0,255.0,170.0,145.0,170.0,170.0,38.0,10.0,5.0,24.0,15.0,6.0,1.0
38.717,71,253685.0,600.0,153.0,308.0,723.0,0.0,1.0,0.0,0.0,0.5,0.067,0.241,0.6,0.51,0.078,0.257,0.613,0.0,0.0,-1.82,-5.72,1.43,0.0,-7.56,0.0,0.0,6.0,0.0,0.0,0.0,1.0,1.0,-44.9,9.1,78.1,-27.8,-46.7,0.0,0.0,-61.8,94.0,0.0,0.0,255.0,170.0,145.0,170.0,170.0,38.0,10.0,5.0,24.0,15.0,6.0,0.0
38.831,102,253787.0,600.0,153.0,289.0,763.0,0.0,1.0,1.0,0.0,0.5,0.064,0.213,0.61,0.51,0.075,0.227,0.619,0.0,0.0,-1.74,-5.64,-1.79,0.0,-6.88,0.0,0.0,6.0,0.0,0.0,0.0,1.0,1.0,-44.5,6.9,84.1,-32.0,-49.6,0.0,0.0,-58.9,104.0,0.0,0.0,255.0,170.0,145.0,170.0,170.0,38.0,10.0,5.0,24.0,15.0,6.0,0.0
38.888,71,253858.0,600.0,138.0,289.0,763.0,0.0,1.0,1.0,0.0,0.5,0.064,0.213,0.61,0.51,0.075,0.227,0.619,0.0,0.0,-1.49,-5.5,-7.65,0.0,-3.31,0.0,0.0,6.0,0.0,0.0,0.0,1.0,1.0,-43.8,6.0,87.8,-33.5,-50.9,0.0,0.0,-57.5,110.0,0.0,0.0,255.0,170.0,145.0,170.0,170.0,38.0,10.0,5.0,24.0,15.0,6.0,0.0
39.003,100,253958.0,600.0,138.0,269.0,777.0,0.0,1.0,1.0,0.0,0.5,0.056,0.188,0.619,0.51,0.068,0.202,0.627,0.0,0.0,-0.97,-5.34,-9.83,0.0,-2.61,0.0,0.0,6.0,0.0,0.0,0.0,1.0,1.0,-42.8,5.5,92.6,-38.1,-53.8,0.0,0.0,-54.7,125.0,0.0,0.0,255.0,170.0,145.0,170.0,170.0,38.0,10.0,5.0,24.0,15.0,6.0,1.0
39.06,71,254029.0,600.0,124.0,269.0,777.0,0.0,1.0,1.0,0.0,0.5,0.056,0.188,0.619,0.51,0.068,0.202,0.627,0.0,0.0,-1.16,-5.34,-15.68,0.0,0.99,0.0,0.0,6.0,0.0,0.0,0.0,1.0,1.0,-42.8,4.6,104.0,-42.0,-55.2,0.0,0.0,-53.2,133.0,0.0,0.0,255.0,170.0,145.0,170.0,170.0,38.0,10.0,5.0,24.0,15.0,6.0,0.0
39.175,102,254131.0,600.0,124.0,247.0,786.0,0.0,1.0,1.0,0.0,0.5,0.048,0.165,0.626,0.51,0.059,0.179,0.634,0.0,0.0,-0.81,-5.36,-18.66,0.0,1.67,0.0,0.0,6.0,0.0,0.0,0.0,1.0,1.0,-50.0,3.9,106.1,-49.7,-58.3,0.0,0.0,-50.2,147.0,0.0,0.0,255.0,170.0,145.0,170.0,170.0,26.0,12.0,16.0,4.0,15.0,6.0,0.0
39.232,72,254203.0,600.0,114.0,247.0,786.0,0.0,1.0,1.0,0.0,0.5,0.048,0.165,0.626,0.51,0.059,0.179,0.634,0.0,0.0,-0.56,-5.25,-25.74,0.0,5.32,0.0,0.0,6.0,0.0,0.0,0.0,1.0,1.0,-52.9,3.5,111.3,-50.6,-59.6,0.0,0.0,-48.9,152.0,0.0,0.0,255.0,170.0,145.0,170.0,170.0,26.0,12.0,16.0,4.0,15.0,6.0,0.0
39.349,99,254302.0,600.0,114.0,227.0,761.0,0.0,1.0,1.0,0.0,0.5,0.041,0.144,0.621,0.51,0.052,0.157,0.631,0.0,0.0,-0.74,-5.08,-26.93,0.0,5.97,0.0,0.0,6.0,0.0,0.0,0.0,1.0,1.0,-58.9,3.0,124.8,-68.1,-62.5,0.0,0.0,-46.0,160.0,0.0,0.0,255.0,170.0,145.0,170.0,170.0,26.0,12.0,16.0,4.0,15.0,6.0,1.0
39.408,71,254373.0,600.0,125.0,227.0,761.0,0.0,1.0,1.0,0.0,0.5,0.041,0.144,0.621,0.51,0.052,0.157,0.631,0.0,0.0,-0.45,-5.02,-31.06,0.0,9.62,0.0,0.0,6.0,0.0,0.0,0.0,1.0,1.0,-60.0,2.5,121.6,-65.7,-63.9,0.0,0.0,-44.6,164.0,0.0,0.0,255.0,170.0,145.0,170.0,170.0,26.0,12.0,16.0,4.0,15.0,6.0,0.0
39.522,104,254477.0,600.0,125.0,216.0,721.0,0.0,1.0,1.0,0.0,0.5,0.041,0.128,0.605,0.51,0.051,0.14,0.617,0.0,0.0,-0.32,-4.97,-33.15,0.0,10.32,0.0,0.0,6.0,0.0,0.0,0.0,1.0,1.0,-63.0,1.4,132.1,-66.5,-66.2,0.0,0.0,-42.3,171.0,0.0,0.0,239.0,170.0,145.0,170.0,170.0,26.0,12.0,16.0,4.0,15.0,6.0,1.0
39.581,71,254548.0,600.0,162.0,216.0,721.0,0.0,1.0,1.0,0.0,0.5,0.041,0.128,0.605,0.51,0.051,0.14,0.617,0.0,0.0,-0.54,-4.89,-37.54,0.0,11.93,0.0,0.0,6.0,0.0,0.0,0.0,1.0,1.0,-64.8,1.0,125.3,-66.2,-66.2,0.0,0.0,-42.3,171.0,0.0,0.0,228.0,170.0,145.0,170.0,170.0,26.0,12.0,16.0,4.0,15.0,6.0,0.0
39.704,103,254651.0,600.0,162.0,217.0,681.0,0.0,1.0,1.0,0.0,0.5,0.056,0.122,0.582,0.509,0.062,0.132,0.595,0.0,0.0,1.21,-4.68,-38.75,0.0,11.93,0.0,0.0,6.0,0.0,0.0,0.0,1.0,1.0,-69.5,-0.2,115.7,-54.8,-66.2,0.0,0.0,-42.3,167.0,0.0,0.0,214.0,170.0,145.0,170.0,170.0,38.0,16.0,18.0,58.0,15.0,6.0,0.0
39.736,52,254703.0,600.0,162.0,217.0,681.0,0.0,1.0,1.0,0.0,0.5,0.056,0.122,0.582,0.509,0.062,0.132,0.595,0.0,0.0,0.79,-4.83,-37.72,0.0,11.93,0.0,0.0,6.0,0.0,0.0,0.0,1.0,1.0,-69.5,-0.2,115.7,-54.8,-66.2,0.0,0.0,-42.3,165.0,0.0,0.0,214.0,170.0,145.0,170.0,170.0,38.0,16.0,18.0,58.0,15.0,6.0,1.0
39.769,19,254722.0,600.0,202.0,217.0,681.0,0.0,1.0,1.0,0.0,0.5,0.056,0.122,0.582,0.509,0.062,0.132,0.595,0.0,0.0,-0.09,-4.75,-39.89,0.0,11.93,0.0,0.0,6.0,0.0,0.0,0.0,1.0,1.0,-70.0,0.6,116.4,-47.5,-66.2,0.0,0.0,-42.3,165.0,0.0,0.0,214.0,170.0,145.0,170.0,170.0,38.0,16.0,18.0,58.0,15.0,6.0,0.0
39.864,99,254821.0,600.0,202.0,293.0,635.0,0.0,1.0,1.0,0.0,0.5,0.08,0.16,0.553,0.509,0.086,0.163,0.568,0.0,0.0,-0.19,-5.0,-39.66,0.0,11.93,0.0,0.0,6.0,0.0,0.0,0.0,1.0,1.0,-67.7,3.3,112.6,-36.1,-66.2,0.0,0.0,-42.3,164.0,0.0,0.0,219.0,170.0,145.0,170.0,170.0,38.0,16.0,18.0,58.0,15.0,6.0,0.0
39.927,71,254892.0,600.0,240.0,293.0,635.0,0.0,1.0,1.0,0.0,0.5,0.08,0.16,0.553,0.509,0.086,0.163,0.568,0.0,0.0,-0.32,-4.81,-41.36,0.0,11.93,0.0,0.0,6.0,0.0,0.0,0.0,1.0,1.0,-67.7,2.9,109.7,-35.8,-66.2,0.0,0.0,-42.3,163.0,0.0,0.0,222.0,170.0,145.0,170.0,170.0,38.0,16.0,18.0,58.0,15.0,6.0,0.0
40.028,101,254993.0,600.0,240.0,373.0,600.0,0.0,1.0,0.0,0.0,0.5,0.111,0.223,0.525,0.509,0.117,0.222,0.54,0.0,0.0,-0.24,-4.72,-42.09,0.0,11.93,0.0,0.0,6.0,0.0,0.0,0.0,1.0,1.0,-72.5,1.9,115.2,-40.6,-66.2,0.0,0.0,-42.3,158.0,0.0,0.0,228.0,170.0,145.0,170.0,170.0,38.0,16.0,18.0,58.0,15.0,6.0,0.0
40.091,72,255065.0,600.0,270.0,373.0,600.0,0.0,1.0,0.0,0.0,0.5,0.111,0.223,0.525,0.509,0.117,0.222,0.54,0.0,0.0,-0.0,-4.67,-45.52,0.0,11.93,0.0,0.0,6.0,0.0,0.0,0.0,1.0,1.0,-74.3,2.5,121.9,-38.5,-66.2,0.0,0.0,-42.3,154.0,0.0,0.0,230.0,170.0,145.0,170.0,170.0,38.0,16.0,18.0,58.0,15.0,6.0,0.0
40.217,100,255165.0,600.0,270.0,454.0,600.0,0.0,1.0,0.0,0.0,0.5,0.142,0.299,0.511,0.51,0.148,0.296,0.525,0.0,0.0,-0.33,-4.75,-46.1,0.0,11.93,0.0,0.0,6.0,0.0,0.0,0.0,1.0,1.0,-74.1,-0.6,90.8,-34.4,-66.2,0.0,0.0,-42.3,147.0,0.0,0.0,237.0,170.0,145.0,170.0,170.0,10.0,13.0,24.0,9.0,15.0,6.0,0.0
40.249,52,255217.0,600.0,270.0,454.0,600.0,0.0,1.0,0.0,0.0,0.5,0.142,0.299,0.511,0.51,0.148,0.296,0.525,0.0,0.0,-0.33,-4.75,-47.57,0.0,11.93,0.0,0.0,6.0,0.0,0.0,0.0,1.0,1.0,-73.0,-0.3,94.9,-34.8,-66.2,0.0,0.0,-42.3,144.0,0.0,0.0,240.0,170.0,145.0,170.0,170.0,10.0,13.0,24.0,9.0,15.0,6.0,1.0
40.281,19,255236.0,600.0,268.0,454.0,600.0,0.0,1.0,0.0,0.0,0.5,0.142,0.299,0.511,0.51,0.148,0.296,0.525,0.0,0.0,-0.09,-4.72,-48.58,0.0,11.93,0.0,0.0,6.0,0.0,0.0,0.0,1.0,1.0,-73.0,-0.3,94.9,-34.8,-66.2,0.0,0.0,-42.3,144.0,0.0,0.0,240.0,170.0,145.0,170.0,170.0,10.0,13.0,24.0,9.0,15.0,6.0,0.0
40.376,102,255338.0,600.0,268.0,531.0,600.0,0.0,1.0,0.0,0.0,0.5,0.155,0.374,0.505,0.51,0.166,0.372,0.519,0.0,0.0,-0.25,-4.56,-50.02,0.0,11.93,0.0,0.0,6.0,0.0,0.0,0.0,1.0,1.0,-69.6,-0.0,108.9,-37.6,-66.2,0.0,0.0,-42.3,141.0,0.0,0.0,244.0,170.0,145.0,170.0,170.0,10.0,13.0,24.0,9.0,15.0,6.0,1.0
40.44,71,255409.0,600.0,247.0,531.0,600.0,0.0,1.0,0.0,0.0,0.5,0.155,0.374,0.505,0.51,0.166,0.372,0.519,0.0,0.0,-0.05,-4.56,-54.16,0.0,11.93,0.0,0.0,6.0,0.0,0.0,0.0,1.0,1.0,-72.1,0.6,107.4,-38.6,-66.2,0.0,0.0,-42.3,138.0,0.0,0.0,245.0,170.0,145.0,170.0,170.0,10.0,13.0,24.0,9.0,15.0,6.0,0.0
40.569,101,255510.0,600.0,247.0,600.0,600.0,0.0,1.0,0.0,0.0,0.5,0.15,0.442,0.502,0.51,0.164,0.44,0.517,0.0,0.0,-0.01,-4.34,-56.38,0.0,11.93,0.0,0.0,6.0,0.0,0.0,0.0,1.0,1.0,-72.8,2.1,110.9,-43.5,-66.2,0.0,0.0,-42.3,130.0,0.0,0.0,244.0,170.0,145.0,170.0,170.0,10.0,13.0,24.0,9.0,15.0,6.0,0.0
40.603,53,255563.0,600.0,247.0,600.0,600.0,0.0,1.0,0.0,0.0,0.5,0.15,0.442,0.502,0.51,0.164,0.44,0.517,0.0,0.0,0.47,-4.41,-60.17,0.0,11.93,0.0,0.0,0.0,0.0,0.0,0.0,1.0,1.0,-70.1,1.7,116.6,-45.3,0.0,0.0,0.0,0.0,0.0,0.0,0.0,0.0,170.0,145.0,170.0,170.0,10.0,13.0,24.0,9.0,15.0,6.0,0.0
40.634,19,255582.0,600.0,224.0,600.0,600.0,0.0,1.0,0.0,0.0,0.5,0.15,0.442,0.502,0.51,0.164,0.44,0.517,0.0,0.0,0.07,-4.27,-60.91,0.0,0.0,0.0,0.0,0.0,0.0,0.0,0.0,1.0,1.0,-70.1,1.7,116.6,-45.3,0.0,0.0,0.0,0.0,0.0,0.0,0.0,0.0,170.0,145.0,170.0,170.0,10.0,13.0,24.0,9.0,15.0,6.0,0.0
40.731,101,255683.0,600.0,224.0,600.0,600.0,0.0,1.0,0.0,0.0,0.5,0.135,0.473,0.501,0.509,0.152,0.477,0.516,0.0,0.0,-0.1,-4.3,-63.46,0.0,0.0,0.0,0.0,0.0,0.0,0.0,0.0,1.0,1.0,-52.1,1.3,93.2,-43.1,0.0,0.0,0.0,0.0,0.0,0.0,0.0,0.0,170.0,145.0,170.0,170.0,28.0,17.0,32.0,7.0,15.0,6.0,0.0
40.764,52,255735.0,600.0,224.0,600.0,600.0,0.0,1.0,0.0,0.0,0.5,0.135,0.473,0.501,0.509,0.152,0.477,0.516,0.0,0.0,-0.1,-4.3,-65.74,0.0,0.0,0.0,0.0,0.0,0.0,0.0,0.0,1.0,1.0,-45.9,1.1,83.3,-38.6,0.0,0.0,0.0,0.0,0.0,0.0,0.0,0.0,170.0,145.0,170.0,170.0,28.0,17.0,32.0,7.0,15.0,6.0,0.0
40.796,19,255754.0,600.0,203.0,600.0,600.0,0.0,1.0,0.0,0.0,0.5,0.135,0.473,0.501,0.509,0.152,0.477,0.516,0.0,0.0,0.33,-4.18,-67.11,0.0,0.0,0.0,0.0,0.0,0.0,0.0,0.0,1.0,1.0,-45.9,1.1,83.3,-38.6,0.0,0.0,0.0,0.0,0.0,0.0,0.0,0.0,170.0,145.0,170.0,170.0,28.0,17.0,32.0,7.0,15.0,6.0,0.0
40.893,102,255856.0,600.0,203.0,513.0,600.0,0.0,1.0,0.0,0.0,0.5,0.118,0.446,0.501,0.509,0.135,0.459,0.515,0.0,0.0,0.37,-4.31,-67.93,0.0,0.0,0.0,0.0,0.0,0.0,0.0,0.0,1.0,1.0,-35.5,0.7,65.1,-30.5,0.0,0.0,0.0,0.0,0.0,0.0,0.0,0.0,170.0,145.0,170.0,170.0,28.0,17.0,32.0,7.0,15.0,6.0,0.0
40.967,71,255927.0,600.0,191.0,513.0,600.0,0.0,1.0,0.0,0.0,0.5,0.118,0.446,0.501,0.509,0.135,0.459,0.515,0.0,0.0,0.27,-4.4,-68.13,0.0,0.0,0.0,0.0,0.0,0.0,0.0,0.0,1.0,1.0,-31.2,0.7,57.3,-26.8,0.0,0.0,0.0,0.0,0.0,0.0,0.0,0.0,170.0,145.0,170.0,170.0,28.0,17.0,32.0,7.0,15.0,6.0,0.0
41.062,101,256028.0,600.0,191.0,513.0,600.0,0.0,1.0,0.0,0.0,0.5,0.104,0.433,0.5,0.509,0.12,0.444,0.514,0.0,0.0,0.25,-4.42,-68.13,0.0,0.0,0.0,0.0,0.0,0.0,0.0,0.0,1.0,1.0,-21.3,0.4,39.1,-18.3,0.0,0.0,0.0,0.0,0.0,0.0,0.0,0.0,170.0,145.0,170.0,170.0,28.0,17.0,32.0,7.0,15.0,6.0,1.0
41.132,71,256099.0,600.0,195.0,513.0,600.0,0.0,1.0,0.0,0.0,0.5,0.104,0.433,0.5,0.509,0.12,0.444,0.514,0.0,0.0,0.14,-4.49,-68.13,0.0,0.0,0.0,0.0,0.0,0.0,0.0,0.0,1.0,1.0,-18.7,0.4,34.4,-16.1,0.0,0.0,0.0,0.0,0.0,0.0,0.0,0.0,170.0,145.0,170.0,170.0,28.0,17.0,32.0,7.0,15.0,6.0,0.0
41.248,101,256200.0,600.0,195.0,513.0,600.0,0.0,1.0,0.0,0.0,0.5,0.099,0.427,0.5,0.509,0.114,0.437,0.514,0.0,0.0,0.02,-4.55,-68.12,0.0,0.0,0.0,0.0,0.0,0.0,0.0,0.0,1.0,1.0,-16.5,0.5,23.4,-11.0,0.0,0.0,0.0,0.0,0.0,0.0,0.0,0.0,170.0,145.0,170.0,170.0,30.0,15.0,34.0,5.0,15.0,6.0,0.0
41.282,52,256252.0,600.0,195.0,513.0,600.0,0.0,1.0,0.0,0.0,0.5,0.099,0.427,0.5,0.509,0.114,0.437,0.514,0.0,0.0,0.02,-4.55,-68.12,0.0,0.0,0.0,0.0,0.0,0.0,0.0,0.0,1.0,1.0,-11.2,0.4,20.6,-9.6,0.0,0.0,0.0,0.0,0.0,0.0,0.0,0.0,170.0,145.0,170.0,170.0,30.0,15.0,34.0,5.0,15.0,6.0,0.0
41.315,19,256271.0,600.0,196.0,513.0,600.0,0.0,1.0,0.0,0.0,0.5,0.099,0.427,0.5,0.509,0.114,0.437,0.514,0.0,0.0,-0.01,-4.57,-68.11,0.0,0.0,0.0,0.0,0.0,0.0,0.0,0.0,1.0,1.0,-11.2,0.4,20.6,-9.6,0.0,0.0,0.0,0.0,0.0,0.0,0.0,0.0,170.0,145.0,170.0,170.0,30.0,15.0,34.0,5.0,15.0,6.0,0.0
41.415,101,256372.0,600.0,196.0,513.0,600.0,0.0,1.0,0.0,0.0,0.5,0.098,0.424,0.5,0.509,0.112,0.434,0.514,0.0,0.0,-0.37,-4.75,-68.09,0.0,0.0,0.0,0.0,0.0,0.0,0.0,0.0,1.0,1.0,-7.7,0.3,14.1,-6.6,0.0,0.0,0.0,0.0,0.0,0.0,0.0,0.0,170.0,145.0,170.0,170.0,30.0,15.0,34.0,5.0,15.0,6.0,1.0
41.453,51,256423.0,600.0,196.0,513.0,600.0,0.0,1.0,0.0,0.0,0.5,0.098,0.424,0.5,0.509,0.112,0.434,0.514,0.0,0.0,-0.74,-4.93,-68.06,0.0,0.0,0.0,0.0,0.0,0.0,0.0,0.0,1.0,1.0,-6.7,0.3,12.4,-5.8,0.0,0.0,0.0,0.0,0.0,0.0,0.0,0.0,170.0,145.0,170.0,170.0,30.0,15.0,34.0,5.0,15.0,6.0,0.0
41.486,19,256442.0,600.0,199.0,513.0,600.0,0.0,1.0,0.0,0.0,0.5,0.098,0.424,0.5,0.509,0.112,0.434,0.514,0.0,0.0,-0.8,-4.97,-68.05,0.0,0.0,0.0,0.0,0.0,0.0,0.0,0.0,1.0,1.0,-6.7,0.3,12.4,-5.8,0.0,0.0,0.0,0.0,0.0,0.0,0.0,0.0,170.0,145.0,170.0,170.0,30.0,15.0,34.0,5.0,15.0,6.0,0.0
41.59,101,256543.0,600.0,199.0,513.0,600.0,0.0,1.0,0.0,0.0,0.5,0.099,0.423,0.5,0.509,0.112,0.432,0.514,0.0,0.0,-0.93,-5.04,-68.04,0.0,0.0,0.0,0.0,0.0,0.0,0.0,0.0,1.0,1.0,-5.2,0.2,9.6,-4.5,0.0,0.0,0.0,0.0,0.0,0.0,0.0,0.0,170.0,145.0,170.0,170.0,30.0,15.0,34.0,5.0,15.0,6.0,1.0
41.628,52,256595.0,510.0,199.0,513.0,600.0,0.0,1.0,0.0,0.0,0.5,0.099,0.423,0.5,0.509,0.112,0.432,0.514,0.0,0.0,-0.97,-5.06,-68.04,0.0,0.0,0.0,0.0,0.0,0.0,0.0,0.0,1.0,1.0,-4.6,0.2,8.4,-3.9,0.0,0.0,0.0,0.0,0.0,0.0,0.0,0.0,170.0,145.0,170.0,170.0,30.0,15.0,34.0,5.0,15.0,6.0,0.0
41.663,19,256614.0,510.0,204.0,513.0,600.0,0.0,1.0,0.0,0.0,0.5,0.099,0.423,0.5,0.509,0.112,0.432,0.514,0.0,0.0,-1.01,-5.08,-68.03,0.0,0.0,0.0,0.0,0.0,0.0,0.0,0.0,1.0,1.0,-4.6,0.2,8.4,-3.9,0.0,0.0,0.0,0.0,0.0,0.0,0.0,0.0,170.0,145.0,170.0,170.0,30.0,15.0,34.0,5.0,15.0,6.0,0.0
41.773,100,256714.0,510.0,204.0,600.0,600.0,0.0,1.0,0.0,0.0,0.457,0.102,0.464,0.5,0.472,0.115,0.467,0.514,0.0,0.0,-1.08,-5.12,-68.03,0.0,0.0,0.0,0.0,0.0,0.0,0.0,0.0,1.0,1.0,-2.8,0.1,5.7,-2.7,0.0,0.0,0.0,0.0,0.0,0.0,0.0,0.0,170.0,145.0,170.0,170.0,30.0,15.0,34.0,5.0,15.0,6.0,0.0
41.809,51,256765.0,408.0,204.0,600.0,600.0,0.0,1.0,0.0,0.0,0.457,0.102,0.464,0.5,0.472,0.115,0.467,0.514,0.0,0.0,-1.12,-5.15,-68.03,0.0,0.0,0.0,0.0,0.0,0.0,0.0,0.0,1.0,1.0,-2.8,0.1,5.7,-2.4,0.0,0.0,0.0,0.0,0.0,0.0,0.0,0.0,170.0,145.0,170.0,170.0,30.0,15.0,34.0,5.0,15.0,6.0,0.0
41.843,20,256785.0,408.0,204.0,600.0,600.0,0.0,1.0,0.0,0.0,0.457,0.102,0.464,0.5,0.472,0.115,0.467,0.514,0.0,0.0,-1.18,-5.2,-68.01,0.0,0.0,0.0,0.0,0.0,0.0,0.0,0.0,1.0,1.0,-2.5,0.2,5.1,-2.4,0.0,0.0,0.0,0.0,0.0,0.0,0.0,0.0,170.0,145.0,170.0,170.0,30.0,15.0,34.0,5.0,15.0,6.0,0.0
41.961,100,256885.0,408.0,204.0,600.0,600.0,0.0,1.0,0.0,0.0,0.381,0.103,0.484,0.5,0.403,0.115,0.489,0.513,0.0,0.0,-1.21,-5.26,-67.94,0.0,0.0,0.0,0.0,0.0,0.0,0.0,0.0,1.0,1.0,-3.8,0.2,3.2,-1.6,0.0,0.0,0.0,0.0,0.0,0.0,0.0,0.0,170.0,145.0,170.0,170.0,30.0,15.0,34.0,5.0,15.0,6.0,0.0
41.996,71,256956.0,307.0,206.0,600.0,600.0,0.0,1.0,0.0,0.0,0.381,0.103,0.484,0.5,0.403,0.115,0.489,0.513,0.0,0.0,-1.29,-5.28,-67.26,0.0,0.0,0.0,0.0,0.0,0.0,0.0,0.0,1.0,1.0,-4.2,-1.2,2.6,-1.6,0.0,0.0,0.0,0.0,0.0,0.0,0.0,0.0,170.0,145.0,170.0,170.0,30.0,15.0,34.0,5.0,15.0,6.0,0.0
42.097,100,257056.0,307.0,206.0,600.0,600.0,0.0,1.0,0.0,0.0,0.288,0.104,0.492,0.5,0.312,0.115,0.5,0.512,0.0,0.0,-1.47,-5.35,-66.1,0.0,0.0,0.0,0.0,0.0,0.0,0.0,0.0,1.0,1.0,-3.5,-3.1,4.3,-0.4,0.0,0.0,0.0,0.0,0.0,0.0,0.0,0.0,170.0,145.0,170.0,170.0,30.0,15.0,34.0,5.0,15.0,6.0,0.0
42.166,71,257127.0,207.0,206.0,600.0,600.0,1.0,1.0,0.0,0.0,0.288,0.104,0.492,0.5,0.312,0.115,0.5,0.512,0.0,0.0,-1.55,-5.44,-61.47,0.0,0.0,0.0,0.0,0.0,0.0,0.0,0.0,1.0,1.0,-3.1,-2.7,4.6,-0.4,0.0,0.0,0.0,0.0,0.0,0.0,0.0,0.0,170.0,145.0,170.0,170.0,30.0,15.0,34.0,5.0,15.0,6.0,0.0
42.274,101,257228.0,207.0,206.0,600.0,600.0,1.0,1.0,0.0,0.0,0.19,0.105,0.496,0.5,0.215,0.115,0.505,0.51,0.0,0.0,-1.9,-5.42,-60.96,0.0,0.0,0.0,0.0,0.0,0.0,0.0,0.0,1.0,1.0,-2.8,-1.7,2.7,-0.2,0.0,0.0,0.0,0.0,0.0,0.0,0.0,0.0,170.0,145.0,170.0,170.0,22.0,13.0,14.0,57.0,15.0,6.0,0.0
42.311,52,257280.0,109.0,206.0,600.0,600.0,1.0,1.0,0.0,0.0,0.19,0.105,0.496,0.5,0.215,0.115,0.505,0.51,0.0,0.0,-1.85,-5.45,-57.45,0.0,0.0,0.0,0.0,0.0,0.0,0.0,0.0,1.0,1.0,-2.1,-1.5,2.7,-0.3,0.0,0.0,0.0,0.0,0.0,0.0,0.0,0.0,170.0,145.0,170.0,170.0,22.0,13.0,14.0,57.0,15.0,6.0,0.0
42.348,19,257299.0,109.0,204.0,600.0,600.0,1.0,1.0,0.0,0.0,0.19,0.105,0.496,0.5,0.215,0.115,0.505,0.51,0.0,0.0,-1.94,-5.46,-56.51,0.0,0.0,0.0,0.0,0.0,0.0,0.0,0.0,1.0,1.0,-2.1,-1.5,2.7,-0.3,0.0,0.0,0.0,0.0,0.0,0.0,0.0,0.0,170.0,145.0,170.0,170.0,22.0,13.0,14.0,57.0,15.0,6.0,0.0
42.457,125,257424.0,101.0,204.0,600.0,600.0,1.0,1.0,0.0,0.0,0.105,0.104,0.498,0.5,0.128,0.113,0.507,0.509,0.0,0.0,-2.33,-5.44,-53.8,0.0,0.0,0.0,0.0,0.0,0.0,0.0,0.0,1.0,1.0,-0.8,-0.8,2.0,-0.4,0.0,0.0,0.0,0.0,0.0,0.0,0.0,0.0,170.0,145.0,170.0,170.0,22.0,13.0,14.0,57.0,15.0,6.0,1.0
42.484,19,257443.0,101.0,205.0,600.0,600.0,1.0,1.0,0.0,0.0,0.105,0.104,0.498,0.5,0.128,0.113,0.507,0.509,0.0,0.0,-2.36,-5.46,-47.81,0.0,0.0,0.0,0.0,0.0,0.0,0.0,0.0,1.0,1.0,-0.8,-0.8,2.0,-0.4,0.0,0.0,0.0,0.0,0.0,0.0,0.0,0.0,170.0,145.0,170.0,170.0,22.0,13.0,14.0,57.0,15.0,6.0,0.0
42.59,100,257543.0,101.0,205.0,600.0,575.0,1.0,1.0,0.0,0.0,0.064,0.105,0.499,0.489,0.079,0.113,0.508,0.499,0.0,0.0,-3.19,-5.18,-44.69,0.0,0.0,0.0,0.0,0.0,0.0,0.0,0.0,1.0,1.0,-3.1,0.2,1.7,-1.8,0.0,0.0,0.0,0.0,0.0,0.0,0.0,0.0,170.0,145.0,170.0,170.0,22.0,13.0,14.0,57.0,15.0,6.0,0.0
42.616,52,257595.0,104.0,205.0,600.0,575.0,1.0,1.0,0.0,0.0,0.064,0.105,0.499,0.489,0.079,0.113,0.508,0.499,0.0,0.0,-3.19,-5.18,-38.58,0.0,0.0,0.0,0.0,0.0,0.0,0.0,0.0,1.0,1.0,-3.1,0.2,1.7,-1.8,0.0,0.0,0.0,0.0,0.0,0.0,0.0,0.0,170.0,145.0,170.0,170.0,22.0,13.0,14.0,57.0,15.0,6.0,0.0
42.643,20,257615.0,104.0,201.0,600.0,575.0,1.0,1.0,0.0,0.0,0.064,0.105,0.499,0.489,0.079,0.113,0.508,0.499,0.0,0.0,-3.62,-5.14,-34.71,0.0,0.0,0.0,0.0,0.0,0.0,0.0,0.0,1.0,1.0,-5.9,1.3,1.0,0.4,0.0,0.0,0.0,0.0,0.0,0.0,0.0,0.0,170.0,145.0,170.0,170.0,22.0,13.0,14.0,57.0,15.0,6.0,0.0
42.749,101,257716.0,104.0,201.0,600.0,540.0,1.0,1.0,0.0,0.0,0.045,0.103,0.5,0.467,0.057,0.111,0.508,0.478,0.0,0.0,-3.92,-4.92,-27.69,0.0,0.0,0.0,0.0,0.0,0.0,0.0,0.0,1.0,1.0,-12.7,1.4,1.0,0.3,0.0,0.0,0.0,0.0,0.0,0.0,0.0,0.0,170.0,145.0,170.0,170.0,11.0,15.0,10.0,44.0,15.0,6.0,1.0
42.802,52,257768.0,107.0,201.0,600.0,540.0,1.0,1.0,0.0,0.0,0.045,0.103,0.5,0.467,0.057,0.111,0.508,0.478,0.0,0.0,-3.92,-4.92,-20.51,0.0,0.0,0.0,0.0,0.0,0.0,0.0,0.0,1.0,1.0,-12.7,1.4,1.0,0.3,0.0,0.0,0.0,0.0,0.0,0.0,0.0,0.0,170.0,145.0,170.0,170.0,11.0,15.0,10.0,44.0,15.0,6.0,0.0
42.829,19,257787.0,107.0,199.0,600.0,540.0,1.0,1.0,0.0,0.0,0.045,0.103,0.5,0.467,0.057,0.111,0.508,0.478,0.0,0.0,-4.64,-4.52,-9.96,0.0,0.0,0.0,0.0,0.0,0.0,0.0,0.0,1.0,1.0,-15.7,1.2,1.1,-0.4,0.0,0.0,0.0,0.0,0.0,0.0,0.0,0.0,170.0,145.0,170.0,170.0,11.0,15.0,10.0,44.0,15.0,6.0,0.0
42.908,101,257888.0,107.0,199.0,600.0,466.0,1.0,1.0,0.0,0.0,0.037,0.101,0.5,0.418,0.046,0.109,0.508,0.434,0.0,0.0,-4.65,-4.37,-7.92,0.0,0.0,0.0,0.0,0.0,0.0,0.0,0.0,1.0,1.0,-17.4,0.7,0.4,0.5,0.0,0.0,0.0,0.0,0.0,0.0,0.0,0.0,170.0,145.0,170.0,170.0,11.0,15.0,10.0,44.0,15.0,6.0,1.0
42.962,52,257940.0,108.0,199.0,600.0,466.0,1.0,1.0,0.0,0.0,0.037,0.101,0.5,0.418,0.046,0.109,0.508,0.434,0.0,0.0,-4.64,-4.26,-2.35,0.0,0.0,0.0,0.0,0.0,0.0,0.0,0.0,1.0,1.0,-18.9,-1.8,0.4,0.6,0.0,0.0,0.0,0.0,0.0,0.0,0.0,0.0,170.0,145.0,170.0,170.0,11.0,15.0,10.0,44.0,15.0,6.0,0.0
42.989,19,257959.0,108.0,179.0,600.0,466.0,1.0,1.0,0.0,0.0,0.037,0.101,0.5,0.418,0.046,0.109,0.508,0.434,0.0,0.0,-4.85,-4.16,0.63,0.0,0.0,0.0,0.0,0.0,0.0,0.0,0.0,1.0,1.0,-18.9,-1.8,0.4,0.6,0.0,0.0,0.0,0.0,0.0,0.0,0.0,0.0,170.0,145.0,170.0,170.0,11.0,15.0,10.0,44.0,15.0,6.0,0.0
43.094,102,258061.0,108.0,179.0,571.0,390.0,1.0,1.0,0.0,0.0,0.034,0.091,0.487,0.353,0.041,0.1,0.495,0.372,0.0,0.0,-4.7,-4.16,1.99,0.0,0.0,0.0,0.0,0.0,0.0,0.0,0.0,1.0,1.0,-14.8,0.4,0.5,-1.1,0.0,0.0,0.0,0.0,0.0,0.0,0.0,0.0,170.0,145.0,170.0,170.0,11.0,15.0,10.0,44.0,15.0,6.0,0.0
43.148,52,258113.0,114.0,179.0,571.0,390.0,1.0,1.0,0.0,0.0,0.034,0.091,0.487,0.353,0.041,0.1,0.495,0.372,0.0,0.0,-4.7,-4.32,1.13,0.0,0.0,0.0,0.0,0.0,0.0,0.0,0.0,1.0,1.0,-10.5,0.8,0.3,-0.8,0.0,0.0,0.0,0.0,0.0,0.0,0.0,0.0,170.0,145.0,170.0,170.0,11.0,15.0,10.0,44.0,15.0,6.0,0.0
43.175,19,258132.0,114.0,161.0,571.0,390.0,1.0,1.0,0.0,0.0,0.034,0.091,0.487,0.353,0.041,0.1,0.495,0.372,0.0,0.0,-4.81,-4.37,0.97,0.0,0.0,0.0,0.0,0.0,0.0,0.0,0.0,1.0,1.0,-10.5,0.8,0.3,-0.8,0.0,0.0,0.0,0.0,0.0,0.0,0.0,0.0,170.0,145.0,170.0,170.0,11.0,15.0,10.0,44.0,15.0,6.0,0.0
43.255,101,258233.0,114.0,161.0,546.0,314.0,1.0,1.0,0.0,1.0,0.035,0.078,0.469,0.279,0.04,0.088,0.477,0.299,0.0,0.0,-4.76,-4.38,0.93,0.0,0.0,0.0,0.0,0.0,0.0,0.0,0.0,1.0,1.0,-8.8,0.6,0.2,-0.5,0.0,0.0,0.0,0.0,0.0,0.0,0.0,0.0,170.0,145.0,170.0,170.0,51.0,11.0,12.0,5.0,15.0,6.0,1.0
43.308,52,258285.0,213.0,161.0,546.0,314.0,1.0,1.0,0.0,1.0,0.035,0.078,0.469,0.279,0.04,0.088,0.477,0.299,0.0,0.0,-4.75,-4.39,0.94,0.0,0.0,0.0,0.0,0.0,0.0,0.0,0.0,1.0,1.0,-5.9,0.5,0.2,-0.4,0.0,0.0,0.0,0.0,0.0,0.0,0.0,0.0,170.0,145.0,170.0,170.0,51.0,11.0,12.0,5.0,15.0,6.0,0.0
43.335,19,258304.0,213.0,137.0,546.0,314.0,1.0,1.0,0.0,1.0,0.035,0.078,0.469,0.279,0.04,0.088,0.477,0.299,0.0,0.0,-4.73,-4.4,0.93,0.0,0.0,0.0,0.0,0.0,0.0,0.0,0.0,1.0,1.0,-5.9,0.5,0.2,-0.4,0.0,0.0,0.0,0.0,0.0,0.0,0.0,0.0,170.0,145.0,170.0,170.0,51.0,11.0,12.0,5.0,15.0,6.0,0.0
43.441,100,258404.0,213.0,137.0,521.0,263.0,1.0,1.0,0.0,1.0,0.076,0.063,0.448,0.216,0.074,0.073,0.456,0.234,0.0,0.0,-4.71,-4.41,0.93,0.0,0.0,0.0,0.0,0.0,0.0,0.0,0.0,1.0,1.0,-5.2,0.4,0.1,-0.3,0.0,0.0,0.0,0.0,0.0,0.0,0.0,0.0,170.0,145.0,170.0,170.0,51.0,11.0,12.0,5.0,15.0,6.0,0.0
43.495,52,258456.0,311.0,137.0,521.0,263.0,0.0,1.0,0.0,1.0,0.076,0.063,0.448,0.216,0.074,0.073,0.456,0.234,0.0,0.0,-4.7,-4.42,0.93,0.0,0.0,0.0,0.0,0.0,0.0,0.0,0.0,1.0,1.0,-3.1,0.3,0.1,-0.3,0.0,0.0,0.0,0.0,0.0,0.0,0.0,0.0,170.0,145.0,170.0,170.0,51.0,11.0,12.0,5.0,15.0,6.0,0.0
43.522,20,258476.0,311.0,122.0,521.0,263.0,0.0,1.0,0.0,1.0,0.076,0.063,0.448,0.216,0.074,0.073,0.456,0.234,0.0,0.0,-4.68,-4.42,0.93,0.0,0.0,0.0,0.0,0.0,0.0,0.0,0.0,1.0,1.0,-3.1,0.3,0.1,-0.3,0.0,0.0,0.0,0.0,0.0,0.0,0.0,0.0,170.0,145.0,170.0,170.0,51.0,11.0,12.0,5.0,15.0,6.0,0.0
43.604,100,258576.0,311.0,122.0,496.0,221.0,0.0,1.0,0.0,1.0,0.149,0.051,0.426,0.164,0.141,0.061,0.433,0.181,0.0,0.0,-4.64,-4.45,0.93,0.0,0.0,0.0,0.0,0.0,0.0,0.0,0.0,1.0,1.0,-2.2,0.2,0.1,-0.2,0.0,0.0,0.0,0.0,0.0,0.0,0.0,0.0,170.0,145.0,170.0,170.0,51.0,11.0,12.0,5.0,15.0,6.0,0.0
43.658,52,258628.0,410.0,122.0,496.0,221.0,0.0,1.0,0.0,1.0,0.149,0.051,0.426,0.164,0.141,0.061,0.433,0.181,0.0,0.0,-4.61,-4.45,0.93,0.0,0.0,0.0,0.0,0.0,0.0,0.0,0.0,1.0,1.0,-2.2,0.2,0.1,-0.2,0.0,0.0,0.0,0.0,0.0,0.0,0.0,0.0,170.0,145.0,170.0,170.0,51.0,11.0,12.0,5.0,15.0,6.0,1.0
43.684,19,258647.0,410.0,103.0,496.0,221.0,0.0,1.0,0.0,1.0,0.149,0.051,0.426,0.164,0.141,0.061,0.433,0.181,0.0,0.0,-3.81,-4.76,0.86,0.0,0.0,0.0,0.0,0.0,0.0,0.0,0.0,1.0,1.0,-1.9,0.2,0.1,-0.2,0.0,0.0,0.0,0.0,0.0,0.0,0.0,0.0,170.0,145.0,170.0,170.0,51.0,11.0,12.0,5.0,15.0,6.0,0.0
43.791,101,258748.0,410.0,103.0,471.0,218.0,0.0,1.0,0.0,1.0,0.24,0.039,0.402,0.139,0.228,0.05,0.408,0.152,0.0,0.0,-3.32,-4.95,0.84,0.0,0.0,0.0,0.0,0.0,0.0,0.0,0.0,1.0,1.0,-1.7,0.1,0.0,-0.1,0.0,0.0,0.0,0.0,0.0,0.0,0.0,0.0,170.0,145.0,170.0,170.0,51.0,11.0,12.0,5.0,15.0,6.0,0.0
43.845,71,258819.0,508.0,103.0,471.0,218.0,0.0,1.0,0.0,1.0,0.24,0.039,0.402,0.139,0.228,0.05,0.408,0.152,0.0,0.0,-3.15,-5.01,0.79,0.0,0.0,0.0,0.0,0.0,0.0,0.0,0.0,1.0,1.0,-1.2,0.1,0.0,-0.1,0.0,0.0,0.0,0.0,0.0,0.0,0.0,0.0,170.0,145.0,170.0,170.0,51.0,11.0,12.0,5.0,15.0,6.0,0.0
43.951,101,258920.0,508.0,103.0,472.0,219.0,0.0,1.0,0.0,1.0,0.335,0.033,0.391,0.127,0.322,0.045,0.396,0.14,0.0,0.0,-2.88,-5.12,0.78,0.0,0.0,0.0,0.0,0.0,0.0,0.0,0.0,1.0,1.0,-0.9,0.1,0.0,-0.1,0.0,0.0,0.0,0.0,0.0,0.0,0.0,0.0,170.0,145.0,170.0,170.0,51.0,11.0,12.0,5.0,15.0,6.0,0.0
44.005,52,258972.0,600.0,103.0,472.0,219.0,0.0,1.0,0.0,1.0,0.335,0.033,0.391,0.127,0.322,0.045,0.396,0.14,0.0,0.0,-2.76,-5.17,0.76,0.0,0.0,0.0,0.0,0.0,0.0,0.0,0.0,1.0,1.0,-0.8,0.1,0.0,-0.1,0.0,0.0,0.0,0.0,0.0,0.0,0.0,0.0,170.0,145.0,170.0,170.0,51.0,11.0,12.0,5.0,15.0,6.0,0.0
44.031,19,258991.0,600.0,105.0,472.0,219.0,0.0,1.0,0.0,1.0,0.335,0.033,0.391,0.127,0.322,0.045,0.396,0.14,0.0,0.0,-2.6,-5.24,0.75,0.0,0.0,0.0,0.0,0.0,0.0,0.0,0.0,1.0,1.0,-0.8,0.1,0.0,-0.1,0.0,0.0,0.0,0.0,0.0,0.0,0.0,0.0,170.0,145.0,170.0,170.0,51.0,11.0,12.0,5.0,15.0,6.0,0.0
44.138,101,259092.0,600.0,105.0,467.0,218.0,0.0,1.0,0.0,1.0,0.424,0.031,0.384,0.122,0.411,0.043,0.387,0.134,0.0,0.0,-2.51,-5.28,0.74,0.0,0.0,0.0,0.0,0.0,0.0,0.0,0.0,1.0,1.0,-0.5,0.1,0.0,-0.0,0.0,0.0,0.0,0.0,0.0,0.0,0.0,0.0,170.0,145.0,170.0,170.0,51.0,11.0,12.0,5.0,15.0,6.0,1.0
44.165,52,259144.0,600.0,105.0,467.0,218.0,0.0,1.0,0.0,1.0,0.424,0.031,0.384,0.122,0.411,0.043,0.387,0.134,0.0,0.0,-2.43,-5.31,0.73,0.0,0.0,0.0,0.0,0.0,0.0,0.0,0.0,1.0,1.0,-0.5,0.1,0.0,-0.0,0.0,0.0,0.0,0.0,0.0,0.0,0.0,0.0,170.0,145.0,170.0,170.0,51.0,11.0,12.0,5.0,15.0,6.0,0.0
44.192,19,259163.0,600.0,106.0,467.0,218.0,0.0,1.0,0.0,1.0,0.424,0.031,0.384,0.122,0.411,0.043,0.387,0.134,0.0,0.0,-2.42,-5.32,0.73,0.0,0.0,0.0,0.0,0.0,0.0,0.0,0.0,1.0,1.0,-0.5,0.1,0.0,-0.0,0.0,0.0,0.0,0.0,0.0,0.0,0.0,0.0,170.0,145.0,170.0,170.0,51.0,11.0,12.0,5.0,15.0,6.0,0.0
44.298,100,259263.0,600.0,106.0,463.0,219.0,0.0,1.0,0.0,1.0,0.465,0.031,0.378,0.12,0.46,0.043,0.382,0.132,0.0,0.0,-2.36,-5.35,0.72,0.0,0.0,0.0,0.0,0.0,0.0,0.0,0.0,1.0,1.0,-0.3,0.0,0.0,-0.0,0.0,0.0,0.0,0.0,0.0,0.0,0.0,0.0,170.0,145.0,170.0,170.0,51.0,11.0,12.0,5.0,15.0,6.0,0.0
44.352,51,259314.0,600.0,106.0,463.0,219.0,0.0,1.0,0.0,1.0,0.465,0.031,0.378,0.12,0.46,0.043,0.382,0.132,0.0,0.0,-2.32,-5.37,0.71,0.0,0.0,0.0,0.0,0.0,0.0,0.0,0.0,1.0,1.0,-0.3,0.0,0.0,-0.0,0.0,0.0,0.0,0.0,0.0,0.0,0.0,0.0,170.0,145.0,170.0,170.0,51.0,11.0,12.0,5.0,15.0,6.0,0.0
44.379,20,259334.0,600.0,110.0,463.0,219.0,0.0,1.0,0.0,1.0,0.465,0.031,0.378,0.12,0.46,0.043,0.382,0.132,0.0,0.0,-2.28,-5.39,0.71,0.0,0.0,0.0,0.0,0.0,0.0,0.0,0.0,1.0,1.0,-0.3,0.0,0.0,-0.0,0.0,0.0,0.0,0.0,0.0,0.0,0.0,0.0,170.0,145.0,170.0,170.0,51.0,11.0,12.0,5.0,15.0,6.0,0.0
44.459,100,259434.0,600.0,110.0,457.0,220.0,0.0,1.0,0.0,1.0,0.484,0.032,0.372,0.119,0.483,0.044,0.376,0.132,0.0,0.0,-2.22,-5.41,0.7,0.0,0.0,0.0,0.0,0.0,0.0,0.0,0.0,1.0,1.0,-0.2,0.0,0.0,-0.0,0.0,0.0,0.0,0.0,0.0,0.0,0.0,0.0,170.0,145.0,170.0,170.0,51.0,11.0,12.0,5.0,15.0,6.0,0.0
44.512,52,259486.0,600.0,110.0,457.0,220.0,0.0,1.0,0.0,1.0,0.484,0.032,0.372,0.119,0.483,0.044,0.376,0.132,0.0,0.0,-2.17,-5.43,0.7,0.0,0.0,0.0,0.0,0.0,0.0,0.0,0.0,1.0,1.0,-0.2,0.0,0.0,-0.0,0.0,0.0,0.0,0.0,0.0,0.0,0.0,0.0,170.0,145.0,170.0,170.0,51.0,11.0,12.0,5.0,15.0,6.0,0.0
44.539,19,259505.0,600.0,110.0,457.0,220.0,0.0,1.0,0.0,1.0,0.484,0.032,0.372,0.119,0.483,0.044,0.376,0.132,0.0,0.0,-2.15,-5.44,0.7,0.0,0.0,0.0,0.0,0.0,0.0,0.0,0.0,1.0,1.0,-0.2,0.0,0.0,-0.0,0.0,0.0,0.0,0.0,0.0,0.0,0.0,0.0,170.0,145.0,170.0,170.0,51.0,11.0,12.0,5.0,15.0,6.0,0.0
44.646,101,259606.0,600.0,110.0,451.0,221.0,0.0,1.0,0.0,1.0,0.492,0.032,0.367,0.119,0.493,0.045,0.37,0.132,0.0,0.0,-2.11,-5.46,0.7,0.0,0.0,0.0,0.0,0.0,0.0,0.0,0.0,1.0,1.0,-0.1,0.0,0.0,-0.0,0.0,0.0,0.0,0.0,0.0,0.0,0.0,0.0,170.0,145.0,170.0,170.0,51.0,11.0,12.0,5.0,15.0,6.0,0.0
44.7,71,259677.0,600.0,109.0,451.0,221.0,0.0,1.0,0.0,1.0,0.492,0.032,0.367,0.119,0.493,0.045,0.37,0.132,0.0,0.0,-2.06,-5.47,0.69,0.0,0.0,0.0,0.0,0.0,0.0,0.0,0.0,1.0,1.0,-0.1,0.0,0.0,-0.0,0.0,0.0,0.0,0.0,0.0,0.0,0.0,0.0,170.0,145.0,170.0,170.0,51.0,11.0,12.0,5.0,15.0,6.0,0.0
44.807,102,259779.0,600.0,109.0,447.0,220.0,0.0,1.0,0.0,1.0,0.497,0.032,0.362,0.119,0.498,0.045,0.365,0.131,0.0,0.0,-2.0,-5.5,0.69,0.0,0.0,0.0,0.0,0.0,0.0,0.0,0.0,1.0,1.0,-0.1,0.0,0.0,-0.0,0.0,0.0,0.0,0.0,0.0,0.0,0.0,0.0,170.0,145.0,170.0,170.0,51.0,11.0,12.0,5.0,15.0,6.0,0.0
44.86,52,259831.0,600.0,109.0,447.0,220.0,0.0,1.0,0.0,1.0,0.497,0.032,0.362,0.119,0.498,0.045,0.365,0.131,0.0,0.0,-2.0,-5.5,0.69,0.0,0.0,0.0,0.0,0.0,0.0,0.0,0.0,1.0,1.0,-0.1,0.0,0.0,-0.0,0.0,0.0,0.0,0.0,0.0,0.0,0.0,0.0,170.0,145.0,170.0,170.0,51.0,11.0,12.0,5.0,15.0,6.0,0.0
44.887,20,259851.0,600.0,109.0,447.0,220.0,0.0,1.0,0.0,1.0,0.497,0.032,0.362,0.119,0.498,0.045,0.365,0.131,0.0,0.0,-1.96,-5.51,0.68,0.0,0.0,0.0,0.0,0.0,0.0,0.0,0.0,1.0,1.0,-0.1,0.0,0.0,-0.0,0.0,0.0,0.0,0.0,0.0,0.0,0.0,0.0,170.0,145.0,170.0,170.0,51.0,11.0,12.0,5.0,15.0,6.0,1.0
44.995,102,259953.0,600.0,109.0,443.0,221.0,0.0,1.0,0.0,1.0,0.498,0.032,0.357,0.119,0.5,0.045,0.36,0.132,0.0,0.0,-1.93,-5.52,0.68,0.0,0.0,0.0,0.0,0.0,0.0,0.0,0.0,1.0,1.0,-0.1,0.0,0.0,-0.0,0.0,0.0,0.0,0.0,0.0,0.0,0.0,0.0,170.0,145.0,170.0,170.0,51.0,11.0,12.0,5.0,15.0,6.0,1.0
45.049,71,260024.0,600.0,110.0,443.0,221.0,0.0,1.0,0.0,1.0,0.498,0.032,0.357,0.119,0.5,0.045,0.36,0.132,0.0,0.0,-1.92,-5.53,0.68,0.0,0.0,0.0,0.0,0.0,0.0,0.0,0.0,1.0,1.0,-0.0,0.0,0.0,-0.0,0.0,0.0,0.0,0.0,0.0,0.0,0.0,0.0,170.0,145.0,170.0,170.0,51.0,11.0,12.0,5.0,15.0,6.0,0.0
45.159,101,260125.0,600.0,110.0,436.0,221.0,0.0,1.0,0.0,1.0,0.499,0.032,0.351,0.119,0.501,0.045,0.354,0.132,0.0,0.0,-1.89,-5.54,0.68,0.0,0.0,0.0,0.0,0.0,0.0,0.0,0.0,1.0,1.0,-0.0,0.0,0.0,-0.0,0.0,0.0,0.0,0.0,0.0,0.0,0.0,0.0,170.0,145.0,170.0,170.0,51.0,11.0,12.0,5.0,15.0,6.0,0.0
45.214,52,260177.0,600.0,110.0,436.0,221.0,0.0,1.0,0.0,1.0,0.499,0.032,0.351,0.119,0.501,0.045,0.354,0.132,0.0,0.0,-1.87,-5.54,0.67,0.0,0.0,0.0,0.0,0.0,0.0,0.0,0.0,1.0,1.0,-0.0,0.0,0.0,-0.0,0.0,0.0,0.0,0.0,0.0,0.0,0.0,0.0,170.0,145.0,170.0,170.0,51.0,11.0,12.0,5.0,15.0,6.0,0.0
45.241,20,260197.0,600.0,106.0,436.0,221.0,0.0,1.0,0.0,1.0,0.499,0.032,0.351,0.119,0.501,0.045,0.354,0.132,0.0,0.0,-1.87,-5.55,0.67,0.0,0.0,0.0,0.0,0.0,0.0,0.0,0.0,1.0,1.0,-0.0,0.0,0.0,-0.0,0.0,0.0,0.0,0.0,0.0,0.0,0.0,0.0,170.0,145.0,170.0,170.0,51.0,11.0,12.0,5.0,15.0,6.0,0.0
45.322,100,260297.0,600.0,106.0,432.0,221.0,0.0,1.0,0.0,1.0,0.5,0.031,0.346,0.12,0.502,0.044,0.349,0.132,0.0,0.0,-1.85,-5.56,0.67,0.0,0.0,0.0,0.0,0.0,0.0,0.0,0.0,1.0,1.0,-0.0,0.0,0.0,-0.0,0.0,0.0,0.0,0.0,0.0,0.0,0.0,0.0,170.0,145.0,170.0,170.0,51.0,11.0,12.0,5.0,15.0,6.0,0.0
45.381,52,260349.0,600.0,106.0,432.0,221.0,0.0,1.0,0.0,1.0,0.5,0.031,0.346,0.12,0.502,0.044,0.349,0.132,0.0,0.0,-1.84,-5.56,0.67,0.0,0.0,0.0,0.0,0.0,0.0,0.0,0.0,1.0,1.0,-0.0,0.0,0.0,-0.0,0.0,0.0,0.0,0.0,0.0,0.0,0.0,0.0,170.0,145.0,170.0,170.0,51.0,11.0,12.0,5.0,15.0,6.0,1.0
45.408,19,260368.0,600.0,108.0,432.0,221.0,0.0,1.0,0.0,1.0,0.5,0.031,0.346,0.12,0.502,0.044,0.349,0.132,0.0,0.0,-1.81,-5.57,0.67,0.0,0.0,0.0,0.0,0.0,0.0,0.0,0.0,1.0,1.0,-0.0,0.0,0.0,-0.0,0.0,0.0,0.0,0.0,0.0,0.0,0.0,0.0,170.0,145.0,170.0,170.0,51.0,11.0,12.0,5.0,15.0,6.0,0.0
45.49,101,260469.0,600.0,108.0,430.0,221.0,0.0,1.0,0.0,1.0,0.5,0.031,0.342,0.12,0.502,0.044,0.345,0.132,0.0,0.0,-1.8,-5.57,0.67,0.0,0.0,0.0,0.0,0.0,0.0,0.0,0.0,1.0,1.0,-0.0,0.0,0.0,-0.0,0.0,0.0,0.0,0.0,0.0,0.0,0.0,0.0,170.0,145.0,170.0,170.0,51.0,11.0,12.0,5.0,15.0,6.0,0.0
45.544,52,260521.0,600.0,108.0,430.0,221.0,0.0,1.0,0.0,1.0,0.5,0.031,0.342,0.12,0.502,0.044,0.345,0.132,0.0,0.0,-1.8,-5.57,0.67,0.0,0.0,0.0,0.0,0.0,0.0,0.0,0.0,1.0,1.0,-0.0,0.0,0.0,-0.0,0.0,0.0,0.0,0.0,0.0,0.0,0.0,0.0,170.0,145.0,170.0,170.0,51.0,11.0,12.0,5.0,15.0,6.0,0.0
45.572,19,260540.0,600.0,108.0,430.0,221.0,0.0,1.0,0.0,1.0,0.5,0.031,0.342,0.12,0.502,0.044,0.345,0.132,0.0,0.0,-1.79,-5.57,0.66,0.0,0.0,0.0,0.0,0.0,0.0,0.0,0.0,1.0,1.0,-0.0,0.0,0.0,-0.0,0.0,0.0,0.0,0.0,0.0,0.0,0.0,0.0,170.0,145.0,170.0,170.0,51.0,11.0,12.0,5.0,15.0,6.0,0.0
45.68,102,260642.0,600.0,108.0,426.0,221.0,0.0,1.0,0.0,1.0,0.5,0.031,0.339,0.119,0.502,0.044,0.341,0.132,0.0,0.0,-1.77,-5.57,0.66,0.0,0.0,0.0,0.0,0.0,0.0,0.0,0.0,1.0,1.0,-0.0,0.0,0.0,-0.0,0.0,0.0,0.0,0.0,0.0,0.0,0.0,0.0,170.0,145.0,170.0,170.0,51.0,11.0,12.0,5.0,15.0,6.0,0.0
45.734,71,260713.0,600.0,108.0,426.0,221.0,0.0,1.0,0.0,1.0,0.5,0.031,0.339,0.119,0.502,0.044,0.341,0.132,0.0,0.0,-1.76,-5.57,0.66,0.0,0.0,0.0,0.0,0.0,0.0,0.0,0.0,1.0,1.0,-0.0,0.0,0.0,-0.0,0.0,0.0,0.0,0.0,0.0,0.0,0.0,0.0,170.0,145.0,170.0,170.0,51.0,11.0,12.0,5.0,15.0,6.0,0.0
45.844,102,260815.0,600.0,108.0,426.0,220.0,0.0,1.0,0.0,1.0,0.5,0.031,0.337,0.119,0.502,0.044,0.339,0.131,0.0,0.0,-1.75,-5.57,0.66,0.0,0.0,0.0,0.0,0.0,0.0,0.0,0.0,1.0,1.0,-0.0,0.0,0.0,-0.0,0.0,0.0,0.0,0.0,0.0,0.0,0.0,0.0,170.0,145.0,170.0,170.0,51.0,11.0,12.0,5.0,15.0,6.0,1.0
45.899,53,260868.0,600.0,108.0,426.0,220.0,0.0,1.0,0.0,1.0,0.5,0.031,0.337,0.119,0.502,0.044,0.339,0.131,0.0,0.0,-1.74,-5.57,0.66,0.0,0.0,0.0,0.0,0.0,0.0,0.0,0.0,1.0,1.0,-0.0,0.0,0.0,-0.0,0.0,0.0,0.0,0.0,0.0,0.0,0.0,0.0,170.0,145.0,170.0,170.0,51.0,11.0,12.0,5.0,15.0,6.0,0.0
45.925,19,260887.0,600.0,106.0,426.0,220.0,0.0,1.0,0.0,1.0,0.5,0.031,0.337,0.119,0.502,0.044,0.339,0.131,0.0,0.0,-1.73,-5.57,0.66,0.0,0.0,0.0,0.0,0.0,0.0,0.0,0.0,1.0,1.0,-0.0,0.0,0.0,-0.0,0.0,0.0,0.0,0.0,0.0,0.0,0.0,0.0,170.0,145.0,170.0,170.0,51.0,11.0,12.0,5.0,15.0,6.0,0.0
46.01,101,260988.0,600.0,106.0,425.0,221.0,0.0,1.0,0.0,1.0,0.5,0.031,0.335,0.119,0.502,0.043,0.338,0.131,0.0,0.0,-1.73,-5.58,0.66,0.0,0.0,0.0,0.0,0.0,0.0,0.0,0.0,1.0,1.0,-0.0,0.0,0.0,0.0,0.0,0.0,0.0,0.0,0.0,0.0,0.0,0.0,170.0,145.0,170.0,170.0,51.0,11.0,12.0,5.0,15.0,6.0,0.0
46.064,52,261040.0,600.0,106.0,425.0,221.0,0.0,1.0,0.0,1.0,0.5,0.031,0.335,0.119,0.502,0.043,0.338,0.131,0.0,0.0,-1.73,-5.58,0.66,0.0,0.0,0.0,0.0,0.0,0.0,0.0,0.0,1.0,1.0,-0.0,0.0,0.0,0.0,0.0,0.0,0.0,0.0,0.0,0.0,0.0,0.0,170.0,145.0,170.0,170.0,51.0,11.0,12.0,5.0,15.0,6.0,1.0
46.091,20,261060.0,600.0,102.0,425.0,221.0,0.0,1.0,0.0,1.0,0.5,0.031,0.335,0.119,0.502,0.043,0.338,0.131,0.0,0.0,-1.73,-5.58,0.66,0.0,0.0,0.0,0.0,0.0,0.0,0.0,0.0,1.0,1.0,-0.0,0.0,0.0,0.0,0.0,0.0,0.0,0.0,0.0,0.0,0.0,0.0,170.0,145.0,170.0,170.0,51.0,11.0,12.0,5.0,15.0,6.0,0.0
46.199,102,261162.0,600.0,102.0,426.0,220.0,0.0,1.0,0.0,1.0,0.5,0.029,0.335,0.119,0.502,0.042,0.337,0.131,0.0,0.0,-1.72,-5.58,0.65,0.0,0.0,0.0,0.0,0.0,0.0,0.0,0.0,1.0,1.0,-0.0,0.0,0.0,0.0,0.0,0.0,0.0,0.0,0.0,0.0,0.0,0.0,170.0,145.0,170.0,170.0,51.0,11.0,12.0,5.0,15.0,6.0,0.0
46.258,71,261233.0,600.0,101.0,426.0,220.0,0.0,1.0,0.0,1.0,0.5,0.029,0.335,0.119,0.502,0.042,0.337,0.131,0.0,0.0,-1.71,-5.58,0.65,0.0,0.0,0.0,0.0,0.0,0.0,0.0,0.0,1.0,1.0,-0.0,0.0,0.0,0.0,0.0,0.0,0.0,0.0,0.0,0.0,0.0,0.0,170.0,145.0,170.0,170.0,51.0,11.0,12.0,5.0,15.0,6.0,0.0
46.382,101,261334.0,600.0,101.0,426.0,221.0,0.0,1.0,0.0,1.0,0.5,0.028,0.335,0.119,0.502,0.041,0.337,0.132,0.0,0.0,-1.7,-5.58,0.65,0.0,0.0,0.0,0.0,0.0,0.0,0.0,0.0,1.0,1.0,-0.0,0.0,0.0,0.0,0.0,0.0,0.0,0.0,0.0,0.0,0.0,0.0,170.0,145.0,170.0,170.0,51.0,11.0,12.0,5.0,15.0,6.0,0.0
46.413,52,261386.0,600.0,101.0,426.0,221.0,0.0,1.0,0.0,1.0,0.5,0.028,0.335,0.119,0.502,0.041,0.337,0.132,0.0,0.0,-1.7,-5.58,0.65,0.0,0.0,0.0,0.0,0.0,0.0,0.0,0.0,1.0,1.0,-0.0,0.0,0.0,0.0,0.0,0.0,0.0,0.0,0.0,0.0,0.0,0.0,170.0,145.0,170.0,170.0,51.0,11.0,12.0,5.0,15.0,6.0,0.0
46.444,19,261405.0,600.0,99.0,426.0,221.0,0.0,1.0,0.0,1.0,0.5,0.028,0.335,0.119,0.502,0.041,0.337,0.132,0.0,0.0,-1.7,-5.58,0.65,0.0,0.0,0.0,0.0,0.0,0.0,0.0,0.0,1.0,1.0,-0.0,0.0,0.0,0.0,0.0,0.0,0.0,0.0,0.0,0.0,0.0,0.0,170.0,145.0,170.0,170.0,51.0,11.0,12.0,5.0,15.0,6.0,0.0
46.534,101,261506.0,600.0,99.0,425.0,222.0,0.0,1.0,0.0,1.0,0.5,0.027,0.335,0.12,0.502,0.04,0.337,0.132,0.0,0.0,-1.69,-5.58,0.65,0.0,0.0,0.0,0.0,0.0,0.0,0.0,0.0,1.0,1.0,-0.0,0.0,0.0,0.0,0.0,0.0,0.0,0.0,0.0,0.0,0.0,0.0,170.0,145.0,170.0,170.0,51.0,11.0,12.0,5.0,15.0,6.0,0.0
46.603,71,261577.0,600.0,99.0,425.0,222.0,0.0,1.0,0.0,1.0,0.5,0.027,0.335,0.12,0.502,0.04,0.337,0.132,0.0,0.0,-1.68,-5.59,0.65,0.0,0.0,0.0,0.0,0.0,0.0,0.0,0.0,1.0,1.0,-0.0,0.0,0.0,0.0,0.0,0.0,0.0,0.0,0.0,0.0,0.0,0.0,170.0,145.0,170.0,170.0,51.0,11.0,12.0,5.0,15.0,6.0,0.0
46.724,101,261678.0,600.0,99.0,424.0,223.0,0.0,1.0,0.0,1.0,0.5,0.027,0.334,0.121,0.502,0.039,0.336,0.133,0.0,0.0,-1.68,-5.59,0.65,0.0,0.0,0.0,0.0,0.0,0.0,0.0,0.0,1.0,1.0,-0.0,0.0,0.0,0.0,0.0,0.0,0.0,0.0,0.0,0.0,0.0,0.0,170.0,145.0,170.0,170.0,51.0,11.0,12.0,5.0,15.0,6.0,0.0
46.762,52,261730.0,600.0,99.0,424.0,223.0,0.0,1.0,0.0,1.0,0.5,0.027,0.334,0.121,0.502,0.039,0.336,0.133,0.0,0.0,-1.68,-5.59,0.65,0.0,0.0,0.0,0.0,0.0,0.0,0.0,0.0,1.0,1.0,-0.0,0.0,0.0,0.0,0.0,0.0,0.0,0.0,0.0,0.0,0.0,0.0,170.0,145.0,170.0,170.0,51.0,11.0,12.0,5.0,15.0,6.0,0.0
46.792,19,261749.0,600.0,101.0,424.0,223.0,0.0,1.0,0.0,1.0,0.5,0.027,0.334,0.121,0.502,0.039,0.336,0.133,0.0,0.0,-1.68,-5.6,0.65,0.0,0.0,0.0,0.0,0.0,0.0,0.0,0.0,1.0,1.0,-0.0,0.0,0.0,0.0,0.0,0.0,0.0,0.0,0.0,0.0,0.0,0.0,170.0,145.0,170.0,170.0,51.0,11.0,12.0,5.0,15.0,6.0,0.0
46.884,101,261850.0,600.0,101.0,425.0,222.0,0.0,1.0,0.0,1.0,0.5,0.027,0.334,0.12,0.502,0.039,0.336,0.133,0.0,0.0,-1.67,-5.6,0.65,0.0,0.0,0.0,0.0,0.0,0.0,0.0,0.0,1.0,1.0,-0.0,0.0,0.0,0.0,0.0,0.0,0.0,0.0,0.0,0.0,0.0,0.0,170.0,145.0,170.0,170.0,51.0,11.0,12.0,5.0,15.0,6.0,0.0
46.945,52,261902.0,600.0,101.0,425.0,222.0,0.0,1.0,0.0,1.0,0.5,0.027,0.334,0.12,0.502,0.039,0.336,0.133,0.0,0.0,-1.67,-5.6,0.65,0.0,0.0,0.0,0.0,0.0,0.0,0.0,0.0,1.0,1.0,-0.0,0.0,0.0,0.0,0.0,0.0,0.0,0.0,0.0,0.0,0.0,0.0,170.0,145.0,170.0,170.0,51.0,11.0,12.0,5.0,15.0,6.0,0.0
46.976,19,261921.0,600.0,103.0,425.0,222.0,0.0,1.0,0.0,1.0,0.5,0.027,0.334,0.12,0.502,0.039,0.336,0.133,0.0,0.0,-1.67,-5.6,0.65,0.0,0.0,0.0,0.0,0.0,0.0,0.0,0.0,1.0,1.0,-0.0,0.0,0.0,0.0,0.0,0.0,0.0,0.0,0.0,0.0,0.0,0.0,170.0,145.0,170.0,170.0,51.0,11.0,12.0,5.0,15.0,6.0,0.0
47.065,103,262024.0,600.0,103.0,423.0,222.0,0.0,1.0,0.0,1.0,0.5,0.028,0.333,0.12,0.502,0.04,0.335,0.133,0.0,0.0,-1.67,-5.61,0.65,0.0,0.0,0.0,0.0,0.0,0.0,0.0,0.0,1.0,1.0,-0.0,0.0,0.0,0.0,0.0,0.0,0.0,0.0,0.0,0.0,0.0,0.0,170.0,145.0,170.0,170.0,51.0,11.0,12.0,5.0,15.0,6.0,1.0
47.126,71,262095.0,600.0,103.0,423.0,222.0,0.0,1.0,0.0,1.0,0.5,0.028,0.333,0.12,0.502,0.04,0.335,0.133,0.0,0.0,-1.67,-5.61,0.65,0.0,0.0,0.0,0.0,0.0,0.0,0.0,0.0,1.0,1.0,-0.0,0.0,0.0,0.0,0.0,0.0,0.0,0.0,0.0,0.0,0.0,0.0,170.0,145.0,170.0,170.0,51.0,11.0,12.0,5.0,15.0,6.0,0.0
47.223,100,262195.0,600.0,103.0,421.0,220.0,0.0,1.0,0.0,1.0,0.5,0.028,0.331,0.119,0.502,0.041,0.334,0.132,0.0,0.0,-1.66,-5.62,0.65,0.0,0.0,0.0,0.0,0.0,0.0,0.0,0.0,1.0,1.0,-0.0,0.0,0.0,0.0,0.0,0.0,0.0,0.0,0.0,0.0,0.0,0.0,170.0,145.0,170.0,170.0,51.0,11.0,12.0,5.0,15.0,6.0,1.0
47.285,52,262247.0,600.0,103.0,421.0,220.0,0.0,1.0,0.0,1.0,0.5,0.028,0.331,0.119,0.502,0.041,0.334,0.132,0.0,0.0,-1.66,-5.62,0.65,0.0,0.0,0.0,0.0,0.0,0.0,0.0,0.0,1.0,1.0,-0.0,0.0,0.0,0.0,0.0,0.0,0.0,0.0,0.0,0.0,0.0,0.0,170.0,145.0,170.0,170.0,51.0,11.0,12.0,5.0,15.0,6.0,0.0
47.316,19,262266.0,600.0,105.0,421.0,220.0,0.0,1.0,0.0,1.0,0.5,0.028,0.331,0.119,0.502,0.041,0.334,0.132,0.0,0.0,-1.66,-5.62,0.65,0.0,0.0,0.0,0.0,0.0,0.0,0.0,0.0,1.0,1.0,-0.0,0.0,0.0,0.0,0.0,0.0,0.0,0.0,0.0,0.0,0.0,0.0,170.0,145.0,170.0,170.0,51.0,11.0,12.0,5.0,15.0,6.0,0.0
47.407,102,262368.0,600.0,105.0,424.0,220.0,0.0,1.0,0.0,1.0,0.5,0.029,0.332,0.119,0.502,0.041,0.334,0.131,0.0,0.0,-1.66,-5.62,0.65,0.0,0.0,0.0,0.0,0.0,0.0,0.0,0.0,1.0,1.0,-0.0,0.0,0.0,0.0,0.0,0.0,0.0,0.0,0.0,0.0,0.0,0.0,170.0,145.0,170.0,170.0,51.0,11.0,12.0,5.0,15.0,6.0,0.0
47.467,70,262438.0,600.0,106.0,424.0,220.0,0.0,1.0,0.0,1.0,0.5,0.029,0.332,0.119,0.502,0.041,0.334,0.131,0.0,0.0,-1.66,-5.62,0.65,0.0,0.0,0.0,0.0,0.0,0.0,0.0,0.0,1.0,1.0,-0.0,0.0,0.0,0.0,0.0,0.0,0.0,0.0,0.0,0.0,0.0,0.0,170.0,145.0,170.0,170.0,51.0,11.0,12.0,5.0,15.0,6.0,0.0
47.589,99,262537.0,600.0,106.0,421.0,219.0,0.0,1.0,0.0,1.0,0.5,0.03,0.331,0.118,0.502,0.042,0.333,0.131,0.0,0.0,-1.66,-5.62,0.65,0.0,0.0,0.0,0.0,0.0,0.0,0.0,0.0,1.0,1.0,-0.0,0.0,0.0,0.0,0.0,0.0,0.0,0.0,0.0,0.0,0.0,0.0,170.0,145.0,170.0,170.0,51.0,11.0,12.0,5.0,15.0,6.0,0.0
47.62,52,262589.0,600.0,106.0,421.0,219.0,0.0,1.0,0.0,1.0,0.5,0.03,0.331,0.118,0.502,0.042,0.333,0.131,0.0,0.0,-1.66,-5.62,0.65,0.0,0.0,0.0,0.0,0.0,0.0,0.0,0.0,1.0,1.0,-0.0,0.0,0.0,0.0,0.0,0.0,0.0,0.0,0.0,0.0,0.0,0.0,170.0,145.0,170.0,170.0,51.0,11.0,12.0,5.0,15.0,6.0,0.0
47.651,20,262609.0,600.0,107.0,421.0,219.0,0.0,1.0,0.0,1.0,0.5,0.03,0.331,0.118,0.502,0.042,0.333,0.131,0.0,0.0,-1.66,-5.62,0.65,0.0,0.0,0.0,0.0,0.0,0.0,0.0,0.0,1.0,1.0,-0.0,0.0,0.0,0.0,0.0,0.0,0.0,0.0,0.0,0.0,0.0,0.0,170.0,145.0,170.0,170.0,51.0,11.0,12.0,5.0,15.0,6.0,0.0
47.743,100,262709.0,600.0,107.0,421.0,220.0,0.0,1.0,0.0,1.0,0.5,0.03,0.33,0.118,0.502,0.043,0.333,0.131,0.0,0.0,-1.66,-5.62,0.65,0.0,0.0,0.0,0.0,0.0,0.0,0.0,0.0,1.0,1.0,-0.0,0.0,0.0,0.0,0.0,0.0,0.0,0.0,0.0,0.0,0.0,0.0,170.0,145.0,170.0,170.0,51.0,11.0,12.0,5.0,15.0,6.0,0.0
47.805,72,262781.0,600.0,110.0,421.0,220.0,0.0,1.0,0.0,1.0,0.5,0.03,0.33,0.118,0.502,0.043,0.333,0.131,0.0,0.0,-1.67,-5.62,0.65,0.0,0.0,0.0,0.0,0.0,0.0,0.0,0.0,1.0,1.0,-0.0,0.0,0.0,0.0,0.0,0.0,0.0,0.0,0.0,0.0,0.0,0.0,170.0,145.0,170.0,170.0,51.0,11.0,12.0,5.0,15.0,6.0,0.0
47.933,99,262880.0,600.0,110.0,422.0,220.0,0.0,1.0,0.0,1.0,0.5,0.032,0.331,0.119,0.502,0.044,0.333,0.131,0.0,0.0,-1.67,-5.62,0.65,0.0,0.0,0.0,0.0,0.0,0.0,0.0,0.0,1.0,1.0,-0.0,0.0,0.0,0.0,0.0,0.0,0.0,0.0,0.0,0.0,0.0,0.0,170.0,145.0,170.0,170.0,51.0,11.0,12.0,5.0,15.0,6.0,0.0
47.974,52,262932.0,600.0,110.0,422.0,220.0,0.0,1.0,0.0,1.0,0.5,0.032,0.331,0.119,0.502,0.044,0.333,0.131,0.0,0.0,-1.66,-5.62,0.65,0.0,0.0,0.0,0.0,0.0,0.0,0.0,0.0,1.0,1.0,-0.0,0.0,0.0,0.0,0.0,0.0,0.0,0.0,0.0,0.0,0.0,0.0,170.0,145.0,170.0,170.0,51.0,11.0,12.0,5.0,15.0,6.0,1.0
48.006,19,262951.0,600.0,109.0,422.0,220.0,0.0,1.0,0.0,1.0,0.5,0.032,0.331,0.119,0.502,0.044,0.333,0.131,0.0,0.0,-1.67,-5.62,0.65,0.0,0.0,0.0,0.0,0.0,0.0,0.0,0.0,1.0,1.0,-0.0,0.0,0.0,0.0,0.0,0.0,0.0,0.0,0.0,0.0,0.0,0.0,170.0,145.0,170.0,170.0,51.0,11.0,12.0,5.0,15.0,6.0,0.0
48.098,100,263051.0,600.0,109.0,423.0,222.0,0.0,1.0,0.0,1.0,0.5,0.032,0.331,0.12,0.502,0.044,0.333,0.132,0.0,0.0,-1.67,-5.62,0.65,0.0,0.0,0.0,0.0,0.0,0.0,0.0,0.0,1.0,1.0,-0.0,0.0,0.0,0.0,0.0,0.0,0.0,0.0,0.0,0.0,0.0,0.0,170.0,145.0,170.0,170.0,51.0,11.0,12.0,5.0,15.0,6.0,0.0
48.131,52,263103.0,600.0,109.0,423.0,222.0,0.0,1.0,0.0,1.0,0.5,0.032,0.331,0.12,0.502,0.044,0.333,0.132,0.0,0.0,-1.67,-5.62,0.65,0.0,0.0,0.0,0.0,0.0,0.0,0.0,0.0,1.0,1.0,-0.0,0.0,0.0,0.0,0.0,0.0,0.0,0.0,0.0,0.0,0.0,0.0,170.0,145.0,170.0,170.0,51.0,11.0,12.0,5.0,15.0,6.0,0.0
48.164,19,263122.0,600.0,107.0,423.0,222.0,0.0,1.0,0.0,1.0,0.5,0.032,0.331,0.12,0.502,0.044,0.333,0.132,0.0,0.0,-1.67,-5.62,0.65,0.0,0.0,0.0,0.0,0.0,0.0,0.0,0.0,1.0,1.0,-0.0,0.0,0.0,0.0,0.0,0.0,0.0,0.0,0.0,0.0,0.0,0.0,170.0,145.0,170.0,170.0,51.0,11.0,12.0,5.0,15.0,6.0,0.0
48.258,102,263224.0,600.0,107.0,421.0,222.0,0.0,1.0,0.0,1.0,0.5,0.031,0.33,0.12,0.502,0.044,0.333,0.132,0.0,0.0,-1.68,-5.62,0.65,0.0,0.0,0.0,0.0,0.0,0.0,0.0,0.0,1.0,1.0,-0.0,0.0,0.0,0.0,0.0,0.0,0.0,0.0,0.0,0.0,0.0,0.0,170.0,145.0,170.0,170.0,51.0,11.0,12.0,5.0,15.0,6.0,0.0
48.321,71,263295.0,600.0,107.0,421.0,222.0,0.0,1.0,0.0,1.0,0.5,0.031,0.33,0.12,0.502,0.044,0.333,0.132,0.0,0.0,-1.68,-5.62,0.65,0.0,0.0,0.0,0.0,0.0,0.0,0.0,0.0,1.0,1.0,-0.0,0.0,0.0,0.0,0.0,0.0,0.0,0.0,0.0,0.0,0.0,0.0,170.0,145.0,170.0,170.0,51.0,11.0,12.0,5.0,15.0,6.0,0.0
48.447,101,263396.0,600.0,107.0,420.0,223.0,0.0,1.0,0.0,1.0,0.5,0.031,0.33,0.121,0.502,0.043,0.332,0.133,0.0,0.0,-1.67,-5.62,0.65,0.0,0.0,0.0,0.0,0.0,0.0,0.0,0.0,1.0,1.0,-0.0,0.0,0.0,0.0,0.0,0.0,0.0,0.0,0.0,0.0,0.0,0.0,170.0,145.0,170.0,170.0,51.0,11.0,12.0,5.0,15.0,6.0,0.0
48.478,52,263448.0,600.0,107.0,420.0,223.0,0.0,1.0,0.0,1.0,0.5,0.031,0.33,0.121,0.502,0.043,0.332,0.133,0.0,0.0,-1.67,-5.62,0.65,0.0,0.0,0.0,0.0,0.0,0.0,0.0,0.0,1.0,1.0,-0.0,0.0,0.0,0.0,0.0,0.0,0.0,0.0,0.0,0.0,0.0,0.0,170.0,145.0,170.0,170.0,51.0,11.0,12.0,5.0,15.0,6.0,0.0
48.508,19,263467.0,600.0,106.0,420.0,223.0,0.0,1.0,0.0,1.0,0.5,0.031,0.33,0.121,0.502,0.043,0.332,0.133,0.0,0.0,-1.67,-5.62,0.65,0.0,0.0,0.0,0.0,0.0,0.0,0.0,0.0,1.0,1.0,-0.0,0.0,0.0,0.0,0.0,0.0,0.0,0.0,0.0,0.0,0.0,0.0,170.0,145.0,170.0,170.0,51.0,11.0,12.0,5.0,15.0,6.0,0.0
48.601,101,263568.0,600.0,106.0,421.0,223.0,0.0,1.0,0.0,1.0,0.5,0.031,0.33,0.121,0.502,0.043,0.332,0.133,0.0,0.0,-1.67,-5.62,0.65,0.0,0.0,0.0,0.0,0.0,0.0,0.0,0.0,1.0,1.0,-0.0,0.0,0.0,0.0,0.0,0.0,0.0,0.0,0.0,0.0,0.0,0.0,170.0,145.0,170.0,170.0,51.0,11.0,12.0,5.0,15.0,6.0,0.0
48.662,71,263639.0,600.0,106.0,421.0,223.0,0.0,1.0,0.0,1.0,0.5,0.031,0.33,0.121,0.502,0.043,0.332,0.133,0.0,0.0,-1.67,-5.62,0.65,0.0,0.0,0.0,0.0,0.0,0.0,0.0,0.0,1.0,1.0,-0.0,0.0,0.0,0.0,0.0,0.0,0.0,0.0,0.0,0.0,0.0,0.0,170.0,145.0,170.0,170.0,51.0,11.0,12.0,5.0,15.0,6.0,0.0
48.785,103,263742.0,600.0,106.0,420.0,223.0,0.0,1.0,0.0,1.0,0.5,0.03,0.33,0.121,0.502,0.043,0.332,0.134,0.0,0.0,-1.66,-5.62,0.65,0.0,0.0,0.0,0.0,0.0,0.0,0.0,0.0,1.0,1.0,-0.0,0.0,0.0,0.0,0.0,0.0,0.0,0.0,0.0,0.0,0.0,0.0,170.0,145.0,170.0,170.0,51.0,11.0,12.0,5.0,15.0,6.0,0.0
48.848,71,263813.0,600.0,107.0,420.0,223.0,0.0,1.0,0.0,1.0,0.5,0.03,0.33,0.121,0.502,0.043,0.332,0.134,0.0,0.0,-1.66,-5.62,0.65,0.0,0.0,0.0,0.0,0.0,0.0,0.0,0.0,1.0,1.0,-0.0,0.0,0.0,0.0,0.0,0.0,0.0,0.0,0.0,0.0,0.0,0.0,170.0,145.0,170.0,170.0,51.0,11.0,12.0,5.0,15.0,6.0,0.0
48.94,101,263914.0,600.0,107.0,417.0,222.0,0.0,1.0,0.0,1.0,0.5,0.03,0.327,0.121,0.502,0.043,0.33,0.133,0.0,0.0,-1.66,-5.62,0.65,0.0,0.0,0.0,0.0,0.0,0.0,0.0,0.0,1.0,1.0,-0.0,0.0,0.0,0.0,0.0,0.0,0.0,0.0,0.0,0.0,0.0,0.0,170.0,145.0,170.0,170.0,51.0,11.0,12.0,5.0,15.0,6.0,0.0
49.004,52,263966.0,600.0,107.0,417.0,222.0,0.0,1.0,0.0,1.0,0.5,0.03,0.327,0.121,0.502,0.043,0.33,0.133,0.0,0.0,-1.66,-5.62,0.65,0.0,0.0,0.0,0.0,0.0,0.0,0.0,0.0,1.0,1.0,-0.0,0.0,0.0,0.0,0.0,0.0,0.0,0.0,0.0,0.0,0.0,0.0,170.0,145.0,170.0,170.0,51.0,11.0,12.0,5.0,15.0,6.0,0.0
49.035,19,263985.0,600.0,106.0,417.0,222.0,0.0,1.0,0.0,1.0,0.5,0.03,0.327,0.121,0.502,0.043,0.33,0.133,0.0,0.0,-1.66,-5.62,0.65,0.0,0.0,0.0,0.0,0.0,0.0,0.0,0.0,1.0,1.0,-0.0,0.0,0.0,0.0,0.0,0.0,0.0,0.0,0.0,0.0,0.0,0.0,170.0,145.0,170.0,170.0,51.0,11.0,12.0,5.0,15.0,6.0,0.0
49.126,101,264086.0,600.0,106.0,417.0,221.0,0.0,1.0,0.0,1.0,0.5,0.03,0.326,0.12,0.502,0.042,0.329,0.132,0.0,0.0,-1.66,-5.62,0.65,0.0,0.0,0.0,0.0,0.0,0.0,0.0,0.0,1.0,1.0,-0.0,0.0,0.0,0.0,0.0,0.0,0.0,0.0,0.0,0.0,0.0,0.0,170.0,145.0,170.0,170.0,51.0,11.0,12.0,5.0,15.0,6.0,1.0
49.188,71,264157.0,600.0,102.0,417.0,221.0,0.0,1.0,0.0,1.0,0.5,0.03,0.326,0.12,0.502,0.042,0.329,0.132,0.0,0.0,-1.66,-5.62,0.65,0.0,0.0,0.0,0.0,0.0,0.0,0.0,0.0,1.0,1.0,-0.0,0.0,0.0,0.0,0.0,0.0,0.0,0.0,0.0,0.0,0.0,0.0,170.0,145.0,170.0,170.0,51.0,11.0,12.0,5.0,15.0,6.0,0.0
49.28,101,264258.0,600.0,102.0,418.0,220.0,0.0,1.0,0.0,1.0,0.5,0.029,0.327,0.12,0.502,0.041,0.329,0.132,0.0,0.0,-1.66,-5.62,0.65,0.0,0.0,0.0,0.0,0.0,0.0,0.0,0.0,1.0,1.0,-0.0,0.0,0.0,0.0,0.0,0.0,0.0,0.0,0.0,0.0,0.0,0.0,170.0,145.0,170.0,170.0,51.0,11.0,12.0,5.0,15.0,6.0,1.0
49.342,52,264310.0,600.0,102.0,418.0,220.0,0.0,1.0,0.0,1.0,0.5,0.029,0.327,0.12,0.502,0.041,0.329,0.132,0.0,0.0,-1.66,-5.62,0.65,0.0,0.0,0.0,0.0,0.0,0.0,0.0,0.0,1.0,1.0,-0.0,0.0,0.0,0.0,0.0,0.0,0.0,0.0,0.0,0.0,0.0,0.0,170.0,145.0,170.0,170.0,51.0,11.0,12.0,5.0,15.0,6.0,0.0
49.373,20,264330.0,600.0,105.0,418.0,220.0,0.0,1.0,0.0,1.0,0.5,0.029,0.327,0.12,0.502,0.041,0.329,0.132,0.0,0.0,-1.66,-5.62,0.65,0.0,0.0,0.0,0.0,0.0,0.0,0.0,0.0,1.0,1.0,-0.0,0.0,0.0,0.0,0.0,0.0,0.0,0.0,0.0,0.0,0.0,0.0,170.0,145.0,170.0,170.0,51.0,11.0,12.0,5.0,15.0,6.0,0.0
49.467,100,264430.0,600.0,105.0,419.0,218.0,0.0,1.0,0.0,1.0,0.5,0.029,0.327,0.118,0.502,0.042,0.329,0.131,0.0,0.0,-1.66,-5.62,0.65,0.0,0.0,0.0,0.0,0.0,0.0,0.0,0.0,1.0,1.0,-0.0,0.0,0.0,0.0,0.0,0.0,0.0,0.0,0.0,0.0,0.0,0.0,170.0,145.0,170.0,170.0,51.0,11.0,12.0,5.0,15.0,6.0,0.0
49.53,72,264502.0,600.0,104.0,419.0,218.0,0.0,1.0,0.0,1.0,0.5,0.029,0.327,0.118,0.502,0.042,0.329,0.131,0.0,0.0,-1.66,-5.62,0.65,0.0,0.0,0.0,0.0,0.0,0.0,0.0,0.0,1.0,1.0,-0.0,0.0,0.0,0.0,0.0,0.0,0.0,0.0,0.0,0.0,0.0,0.0,170.0,145.0,170.0,170.0,51.0,11.0,12.0,5.0,15.0,6.0,0.0
49.652,100,264602.0,600.0,104.0,420.0,219.0,0.0,1.0,0.0,1.0,0.5,0.029,0.328,0.118,0.502,0.041,0.33,0.13,0.0,0.0,-1.66,-5.62,0.65,0.0,0.0,0.0,0.0,0.0,0.0,0.0,0.0,1.0,1.0,-0.0,0.0,0.0,-0.0,0.0,0.0,0.0,0.0,0.0,0.0,0.0,0.0,170.0,145.0,170.0,170.0,51.0,11.0,12.0,5.0,15.0,6.0,0.0
49.685,52,264654.0,600.0,104.0,420.0,219.0,0.0,1.0,0.0,1.0,0.5,0.029,0.328,0.118,0.502,0.041,0.33,0.13,0.0,0.0,-1.66,-5.62,0.65,0.0,0.0,0.0,0.0,0.0,0.0,0.0,0.0,1.0,1.0,-0.0,0.0,0.0,-0.0,0.0,0.0,0.0,0.0,0.0,0.0,0.0,0.0,170.0,145.0,170.0,170.0,51.0,11.0,12.0,5.0,15.0,6.0,0.0
49.716,20,264674.0,600.0,104.0,420.0,219.0,0.0,1.0,0.0,1.0,0.5,0.029,0.328,0.118,0.502,0.041,0.33,0.13,0.0,0.0,-1.66,-5.62,0.65,0.0,0.0,0.0,0.0,0.0,0.0,0.0,0.0,1.0,1.0,-0.0,0.0,0.0,-0.0,0.0,0.0,0.0,0.0,0.0,0.0,0.0,0.0,170.0,145.0,170.0,170.0,51.0,11.0,12.0,5.0,15.0,6.0,1.0
49.81,100,264774.0,600.0,104.0,422.0,219.0,0.0,1.0,0.0,1.0,0.5,0.029,0.329,0.118,0.502,0.041,0.331,0.13,0.0,0.0,-1.66,-5.62,0.65,0.0,0.0,0.0,0.0,0.0,0.0,0.0,0.0,1.0,1.0,-0.0,0.0,0.0,-0.0,0.0,0.0,0.0,0.0,0.0,0.0,0.0,0.0,170.0,145.0,170.0,170.0,51.0,11.0,12.0,5.0,15.0,6.0,0.0
49.875,71,264845.0,600.0,104.0,422.0,219.0,0.0,1.0,0.0,1.0,0.5,0.029,0.329,0.118,0.502,0.041,0.331,0.13,0.0,0.0,-1.66,-5.62,0.65,0.0,0.0,0.0,0.0,0.0,0.0,0.0,0.0,1.0,1.0,-0.0,0.0,0.0,-0.0,0.0,0.0,0.0,0.0,0.0,0.0,0.0,0.0,170.0,145.0,170.0,170.0,51.0,11.0,12.0,5.0,15.0,6.0,0.0
49.972,102,264947.0,600.0,104.0,421.0,219.0,0.0,1.0,0.0,1.0,0.5,0.029,0.33,0.118,0.502,0.041,0.332,0.13,0.0,0.0,-1.66,-5.62,0.65,0.0,0.0,0.0,0.0,0.0,0.0,0.0,0.0,1.0,1.0,-0.0,0.0,0.0,-0.0,0.0,0.0,0.0,0.0,0.0,0.0,0.0,0.0,170.0,145.0,170.0,170.0,51.0,11.0,12.0,5.0,15.0,6.0,0.0
50.035,52,264999.0,600.0,104.0,421.0,219.0,0.0,1.0,0.0,1.0,0.5,0.029,0.33,0.118,0.502,0.041,0.332,0.13,0.0,0.0,-1.66,-5.62,0.65,0.0,0.0,0.0,0.0,0.0,0.0,0.0,0.0,1.0,1.0,-0.0,0.0,0.0,-0.0,0.0,0.0,0.0,0.0,0.0,0.0,0.0,0.0,170.0,145.0,170.0,170.0,51.0,11.0,12.0,5.0,15.0,6.0,0.0
50.066,19,265018.0,600.0,106.0,421.0,219.0,0.0,1.0,0.0,1.0,0.5,0.029,0.33,0.118,0.502,0.041,0.332,0.13,0.0,0.0,-1.67,-5.62,0.65,0.0,0.0,0.0,0.0,0.0,0.0,0.0,0.0,1.0,1.0,-0.0,0.0,0.0,-0.0,0.0,0.0,0.0,0.0,0.0,0.0,0.0,0.0,170.0,145.0,170.0,170.0,51.0,11.0,12.0,5.0,15.0,6.0,0.0
50.16,101,265119.0,600.0,106.0,422.0,220.0,0.0,1.0,0.0,1.0,0.5,0.03,0.331,0.118,0.502,0.042,0.333,0.13,0.0,0.0,-1.67,-5.62,0.65,0.0,0.0,0.0,0.0,0.0,0.0,0.0,0.0,1.0,1.0,-0.0,0.0,0.0,-0.0,0.0,0.0,0.0,0.0,0.0,0.0,0.0,0.0,170.0,145.0,170.0,170.0,51.0,11.0,12.0,5.0,15.0,6.0,0.0
50.223,71,265190.0,600.0,104.0,422.0,220.0,0.0,1.0,0.0,1.0,0.5,0.03,0.331,0.118,0.502,0.042,0.333,0.13,0.0,0.0,-1.68,-5.62,0.65,0.0,0.0,0.0,0.0,0.0,0.0,0.0,0.0,1.0,1.0,-0.0,0.0,0.0,-0.0,0.0,0.0,0.0,0.0,0.0,0.0,0.0,0.0,170.0,145.0,170.0,170.0,51.0,11.0,12.0,5.0,15.0,6.0,0.0
50.314,101,265291.0,600.0,104.0,422.0,222.0,0.0,1.0,0.0,1.0,0.5,0.029,0.331,0.12,0.502,0.042,0.333,0.131,0.0,0.0,-1.68,-5.62,0.65,0.0,0.0,0.0,0.0,0.0,0.0,0.0,0.0,1.0,1.0,-0.0,0.0,0.0,-0.0,0.0,0.0,0.0,0.0,0.0,0.0,0.0,0.0,170.0,145.0,170.0,170.0,51.0,11.0,12.0,5.0,15.0,6.0,0.0
50.377,52,265343.0,600.0,104.0,422.0,222.0,0.0,1.0,0.0,1.0,0.5,0.029,0.331,0.12,0.502,0.042,0.333,0.131,0.0,0.0,-1.68,-5.62,0.65,0.0,0.0,0.0,0.0,0.0,0.0,0.0,0.0,1.0,1.0,-0.0,0.0,0.0,-0.0,0.0,0.0,0.0,0.0,0.0,0.0,0.0,0.0,170.0,145.0,170.0,170.0,51.0,11.0,12.0,5.0,15.0,6.0,0.0
50.409,20,265363.0,600.0,103.0,422.0,222.0,0.0,1.0,0.0,1.0,0.5,0.029,0.331,0.12,0.502,0.042,0.333,0.131,0.0,0.0,-1.68,-5.62,0.65,0.0,0.0,0.0,0.0,0.0,0.0,0.0,0.0,1.0,1.0,-0.0,0.0,0.0,-0.0,0.0,0.0,0.0,0.0,0.0,0.0,0.0,0.0,170.0,145.0,170.0,170.0,51.0,11.0,12.0,5.0,15.0,6.0,0.0
50.503,103,265466.0,600.0,103.0,422.0,222.0,0.0,1.0,0.0,1.0,0.5,0.029,0.331,0.12,0.502,0.041,0.333,0.132,0.0,0.0,-1.67,-5.62,0.65,0.0,0.0,0.0,0.0,0.0,0.0,0.0,0.0,1.0,1.0,-0.0,0.0,0.0,-0.0,0.0,0.0,0.0,0.0,0.0,0.0,0.0,0.0,170.0,145.0,170.0,170.0,51.0,11.0,12.0,5.0,15.0,6.0,0.0
50.568,71,265537.0,600.0,102.0,422.0,222.0,0.0,1.0,0.0,1.0,0.5,0.029,0.331,0.12,0.502,0.041,0.333,0.132,0.0,0.0,-1.67,-5.62,0.65,0.0,0.0,0.0,0.0,0.0,0.0,0.0,0.0,1.0,1.0,-0.0,0.0,0.0,-0.0,0.0,0.0,0.0,0.0,0.0,0.0,0.0,0.0,170.0,145.0,170.0,170.0,51.0,11.0,12.0,5.0,15.0,6.0,0.0
50.693,102,265639.0,600.0,102.0,422.0,222.0,0.0,1.0,0.0,1.0,0.5,0.028,0.331,0.12,0.502,0.041,0.333,0.132,0.0,0.0,-1.66,-5.62,0.65,0.0,0.0,0.0,0.0,0.0,0.0,0.0,0.0,1.0,1.0,-0.0,0.0,0.0,-0.0,0.0,0.0,0.0,0.0,0.0,0.0,0.0,0.0,170.0,145.0,170.0,170.0,51.0,11.0,12.0,5.0,15.0,6.0,1.0
50.725,51,265690.0,600.0,102.0,422.0,222.0,0.0,1.0,0.0,1.0,0.5,0.028,0.331,0.12,0.502,0.041,0.333,0.132,0.0,0.0,-1.66,-5.63,0.65,0.0,0.0,0.0,0.0,0.0,0.0,0.0,0.0,1.0,1.0,-0.0,0.0,0.0,-0.0,0.0,0.0,0.0,0.0,0.0,0.0,0.0,0.0,170.0,145.0,170.0,170.0,51.0,11.0,12.0,5.0,15.0,6.0,0.0
50.757,19,265709.0,600.0,102.0,422.0,222.0,0.0,1.0,0.0,1.0,0.5,0.028,0.331,0.12,0.502,0.041,0.333,0.132,0.0,0.0,-1.66,-5.63,0.65,0.0,0.0,0.0,0.0,0.0,0.0,0.0,0.0,1.0,1.0,-0.0,0.0,0.0,-0.0,0.0,0.0,0.0,0.0,0.0,0.0,0.0,0.0,170.0,145.0,170.0,170.0,51.0,11.0,12.0,5.0,15.0,6.0,0.0
50.851,101,265810.0,600.0,102.0,424.0,223.0,0.0,1.0,0.0,1.0,0.5,0.028,0.332,0.121,0.502,0.04,0.334,0.133,0.0,0.0,-1.66,-5.63,0.65,0.0,0.0,0.0,0.0,0.0,0.0,0.0,0.0,1.0,1.0,-0.0,0.0,0.0,-0.0,0.0,0.0,0.0,0.0,0.0,0.0,0.0,0.0,170.0,145.0,170.0,170.0,51.0,11.0,12.0,5.0,15.0,6.0,0.0
50.913,70,265880.0,600.0,101.0,424.0,223.0,0.0,1.0,0.0,1.0,0.5,0.028,0.332,0.121,0.502,0.04,0.334,0.133,0.0,0.0,-1.66,-5.63,0.65,0.0,0.0,0.0,0.0,0.0,0.0,0.0,0.0,1.0,1.0,-0.0,0.0,0.0,-0.0,0.0,0.0,0.0,0.0,0.0,0.0,0.0,0.0,170.0,145.0,170.0,170.0,51.0,11.0,12.0,5.0,15.0,6.0,0.0
51.006,99,265979.0,600.0,101.0,425.0,223.0,0.0,1.0,0.0,1.0,0.5,0.028,0.333,0.121,0.502,0.04,0.335,0.133,0.0,0.0,-1.66,-5.63,0.65,0.0,0.0,0.0,0.0,0.0,0.0,0.0,0.0,1.0,1.0,-0.0,0.0,0.0,-0.0,0.0,0.0,0.0,0.0,0.0,0.0,0.0,0.0,170.0,145.0,170.0,170.0,51.0,11.0,12.0,5.0,15.0,6.0,1.0
51.07,52,266031.0,600.0,101.0,425.0,223.0,0.0,1.0,0.0,1.0,0.5,0.028,0.333,0.121,0.502,0.04,0.335,0.133,0.0,0.0,-1.66,-5.63,0.65,0.0,0.0,0.0,0.0,0.0,0.0,0.0,0.0,1.0,1.0,-0.0,0.0,0.0,-0.0,0.0,0.0,0.0,0.0,0.0,0.0,0.0,0.0,170.0,145.0,170.0,170.0,51.0,11.0,12.0,5.0,15.0,6.0,0.0
51.102,19,266050.0,600.0,101.0,425.0,223.0,0.0,1.0,0.0,1.0,0.5,0.028,0.333,0.121,0.502,0.04,0.335,0.133,0.0,0.0,-1.66,-5.63,0.65,0.0,0.0,0.0,0.0,0.0,0.0,0.0,0.0,1.0,1.0,-0.0,0.0,0.0,-0.0,0.0,0.0,0.0,0.0,0.0,0.0,0.0,0.0,170.0,145.0,170.0,170.0,51.0,11.0,12.0,5.0,15.0,6.0,0.0
51.198,101,266151.0,600.0,101.0,425.0,222.0,0.0,1.0,0.0,1.0,0.5,0.028,0.333,0.121,0.502,0.04,0.336,0.133,0.0,0.0,-1.66,-5.63,0.65,0.0,0.0,0.0,0.0,0.0,0.0,0.0,0.0,1.0,1.0,-0.0,0.0,0.0,-0.0,0.0,0.0,0.0,0.0,0.0,0.0,0.0,0.0,170.0,145.0,170.0,170.0,51.0,11.0,12.0,5.0,15.0,6.0,0.0
51.229,52,266203.0,600.0,101.0,425.0,222.0,0.0,1.0,0.0,1.0,0.5,0.028,0.333,0.121,0.502,0.04,0.336,0.133,0.0,0.0,-1.66,-5.63,0.65,0.0,0.0,0.0,0.0,0.0,0.0,0.0,0.0,1.0,1.0,-0.0,0.0,0.0,-0.0,0.0,0.0,0.0,0.0,0.0,0.0,0.0,0.0,170.0,145.0,170.0,170.0,51.0,11.0,12.0,5.0,15.0,6.0,0.0
51.26,20,266223.0,600.0,101.0,425.0,222.0,0.0,1.0,0.0,1.0,0.5,0.028,0.333,0.121,0.502,0.04,0.336,0.133,0.0,0.0,-1.66,-5.63,0.65,0.0,0.0,0.0,0.0,0.0,0.0,0.0,0.0,1.0,1.0,-0.0,0.0,0.0,-0.0,0.0,0.0,0.0,0.0,0.0,0.0,0.0,0.0,170.0,145.0,170.0,170.0,51.0,11.0,12.0,5.0,15.0,6.0,0.0
51.36,101,266324.0,600.0,101.0,421.0,222.0,0.0,1.0,0.0,1.0,0.5,0.028,0.332,0.121,0.502,0.04,0.334,0.133,0.0,0.0,-1.66,-5.63,0.65,0.0,0.0,0.0,0.0,0.0,0.0,0.0,0.0,1.0,1.0,-0.0,0.0,0.0,-0.0,0.0,0.0,0.0,0.0,0.0,0.0,0.0,0.0,170.0,145.0,170.0,170.0,51.0,11.0,12.0,5.0,15.0,6.0,0.0
51.423,71,266395.0,600.0,103.0,421.0,222.0,0.0,1.0,0.0,1.0,0.5,0.028,0.332,0.121,0.502,0.04,0.334,0.133,0.0,0.0,-1.66,-5.63,0.65,0.0,0.0,0.0,0.0,0.0,0.0,0.0,0.0,1.0,1.0,-0.0,0.0,0.0,-0.0,0.0,0.0,0.0,0.0,0.0,0.0,0.0,0.0,170.0,145.0,170.0,170.0,51.0,11.0,12.0,5.0,15.0,6.0,1.0
51.549,101,266496.0,600.0,103.0,420.0,223.0,0.0,1.0,0.0,1.0,0.5,0.028,0.33,0.121,0.502,0.04,0.332,0.133,0.0,0.0,-1.66,-5.63,0.65,0.0,0.0,0.0,0.0,0.0,0.0,0.0,0.0,1.0,1.0,-0.0,0.0,0.0,-0.0,0.0,0.0,0.0,0.0,0.0,0.0,0.0,0.0,170.0,145.0,170.0,170.0,51.0,11.0,12.0,5.0,15.0,6.0,0.0
51.582,52,266548.0,600.0,103.0,420.0,223.0,0.0,1.0,0.0,1.0,0.5,0.028,0.33,0.121,0.502,0.04,0.332,0.133,0.0,0.0,-1.66,-5.63,0.65,0.0,0.0,0.0,0.0,0.0,0.0,0.0,0.0,1.0,1.0,-0.0,0.0,0.0,-0.0,0.0,0.0,0.0,0.0,0.0,0.0,0.0,0.0,170.0,145.0,170.0,170.0,51.0,11.0,12.0,5.0,15.0,6.0,0.0
51.613,19,266567.0,600.0,105.0,420.0,223.0,0.0,1.0,0.0,1.0,0.5,0.028,0.33,0.121,0.502,0.04,0.332,0.133,0.0,0.0,-1.66,-5.63,0.65,0.0,0.0,0.0,0.0,0.0,0.0,0.0,0.0,1.0,1.0,-0.0,0.0,0.0,-0.0,0.0,0.0,0.0,0.0,0.0,0.0,0.0,0.0,170.0,145.0,170.0,170.0,51.0,11.0,12.0,5.0,15.0,6.0,0.0
51.707,101,266668.0,600.0,105.0,416.0,221.0,0.0,1.0,0.0,1.0,0.5,0.029,0.327,0.12,0.502,0.041,0.33,0.133,0.0,0.0,-1.66,-5.64,0.65,0.0,0.0,0.0,0.0,0.0,0.0,0.0,0.0,1.0,1.0,-0.0,0.0,0.0,-0.0,0.0,0.0,0.0,0.0,0.0,0.0,0.0,0.0,170.0,145.0,170.0,170.0,51.0,11.0,12.0,5.0,15.0,6.0,0.0
51.771,70,266738.0,600.0,107.0,416.0,221.0,0.0,1.0,0.0,1.0,0.5,0.029,0.327,0.12,0.502,0.041,0.33,0.133,0.0,0.0,-1.66,-5.64,0.65,0.0,0.0,0.0,0.0,0.0,0.0,0.0,0.0,1.0,1.0,-0.0,0.0,0.0,-0.0,0.0,0.0,0.0,0.0,0.0,0.0,0.0,0.0,170.0,145.0,170.0,170.0,51.0,11.0,12.0,5.0,15.0,6.0,0.0
51.863,102,266840.0,600.0,107.0,416.0,221.0,0.0,1.0,0.0,1.0,0.5,0.03,0.326,0.12,0.502,0.042,0.328,0.132,0.0,0.0,-1.66,-5.64,0.65,0.0,0.0,0.0,0.0,0.0,0.0,0.0,0.0,1.0,1.0,-0.0,0.0,0.0,-0.0,0.0,0.0,0.0,0.0,0.0,0.0,0.0,0.0,170.0,145.0,170.0,170.0,51.0,11.0,12.0,5.0,15.0,6.0,1.0
51.927,52,266892.0,600.0,107.0,416.0,221.0,0.0,1.0,0.0,1.0,0.5,0.03,0.326,0.12,0.502,0.042,0.328,0.132,0.0,0.0,-1.66,-5.63,0.65,0.0,0.0,0.0,0.0,0.0,0.0,0.0,0.0,1.0,1.0,-0.0,0.0,0.0,-0.0,0.0,0.0,0.0,0.0,0.0,0.0,0.0,0.0,170.0,145.0,170.0,170.0,51.0,11.0,12.0,5.0,15.0,6.0,0.0
51.963,19,266911.0,600.0,108.0,416.0,221.0,0.0,1.0,0.0,1.0,0.5,0.03,0.326,0.12,0.502,0.042,0.328,0.132,0.0,0.0,-1.66,-5.63,0.65,0.0,0.0,0.0,0.0,0.0,0.0,0.0,0.0,1.0,1.0,-0.0,0.0,0.0,-0.0,0.0,0.0,0.0,0.0,0.0,0.0,0.0,0.0,170.0,145.0,170.0,170.0,51.0,11.0,12.0,5.0,15.0,6.0,0.0
52.059,101,267012.0,600.0,108.0,417.0,222.0,0.0,1.0,0.0,1.0,0.5,0.031,0.326,0.12,0.502,0.043,0.328,0.132,0.0,0.0,-1.66,-5.63,0.65,0.0,0.0,0.0,0.0,0.0,0.0,0.0,0.0,1.0,1.0,-0.0,0.0,0.0,-0.0,0.0,0.0,0.0,0.0,0.0,0.0,0.0,0.0,170.0,145.0,170.0,170.0,51.0,11.0,12.0,5.0,15.0,6.0,1.0
52.091,52,267064.0,600.0,108.0,417.0,222.0,0.0,1.0,0.0,1.0,0.5,0.031,0.326,0.12,0.502,0.043,0.328,0.132,0.0,0.0,-1.66,-5.62,0.65,0.0,0.0,0.0,0.0,0.0,0.0,0.0,0.0,1.0,1.0,-0.0,0.0,0.0,-0.0,0.0,0.0,0.0,0.0,0.0,0.0,0.0,0.0,170.0,145.0,170.0,170.0,51.0,11.0,12.0,5.0,15.0,6.0,0.0
52.123,20,267084.0,600.0,109.0,417.0,222.0,0.0,1.0,0.0,1.0,0.5,0.031,0.326,0.12,0.502,0.043,0.328,0.132,0.0,0.0,-1.66,-5.62,0.65,0.0,0.0,0.0,0.0,0.0,0.0,0.0,0.0,1.0,1.0,-0.0,0.0,0.0,-0.0,0.0,0.0,0.0,0.0,0.0,0.0,0.0,0.0,170.0,145.0,170.0,170.0,51.0,11.0,12.0,5.0,15.0,6.0,0.0
52.224,101,267185.0,600.0,109.0,422.0,222.0,0.0,1.0,0.0,1.0,0.5,0.032,0.328,0.12,0.502,0.044,0.33,0.132,0.0,0.0,-1.66,-5.62,0.65,0.0,0.0,0.0,0.0,0.0,0.0,0.0,0.0,1.0,1.0,-0.0,0.0,0.0,-0.0,0.0,0.0,0.0,0.0,0.0,0.0,0.0,0.0,170.0,145.0,170.0,170.0,51.0,11.0,12.0,5.0,15.0,6.0,0.0
52.288,71,267256.0,600.0,108.0,422.0,222.0,0.0,1.0,0.0,1.0,0.5,0.032,0.328,0.12,0.502,0.044,0.33,0.132,0.0,0.0,-1.66,-5.62,0.65,0.0,0.0,0.0,0.0,0.0,0.0,0.0,0.0,1.0,1.0,-0.0,0.0,0.0,-0.0,0.0,0.0,0.0,0.0,0.0,0.0,0.0,0.0,170.0,145.0,170.0,170.0,51.0,11.0,12.0,5.0,15.0,6.0,0.0
52.384,101,267357.0,600.0,108.0,425.0,223.0,0.0,1.0,0.0,1.0,0.5,0.032,0.331,0.121,0.502,0.044,0.333,0.133,0.0,0.0,-1.65,-5.62,0.65,0.0,0.0,0.0,0.0,0.0,0.0,0.0,0.0,1.0,1.0,-0.0,0.0,0.0,-0.0,0.0,0.0,0.0,0.0,0.0,0.0,0.0,0.0,170.0,145.0,170.0,170.0,51.0,11.0,12.0,5.0,15.0,6.0,0.0
52.448,52,267409.0,600.0,108.0,425.0,223.0,0.0,1.0,0.0,1.0,0.5,0.032,0.331,0.121,0.502,0.044,0.333,0.133,0.0,0.0,-1.65,-5.62,0.65,0.0,0.0,0.0,0.0,0.0,0.0,0.0,0.0,1.0,1.0,-0.0,0.0,0.0,-0.0,0.0,0.0,0.0,0.0,0.0,0.0,0.0,0.0,170.0,145.0,170.0,170.0,51.0,11.0,12.0,5.0,15.0,6.0,0.0
52.48,19,267428.0,600.0,108.0,425.0,223.0,0.0,1.0,0.0,1.0,0.5,0.032,0.331,0.121,0.502,0.044,0.333,0.133,0.0,0.0,-1.65,-5.62,0.65,0.0,0.0,0.0,0.0,0.0,0.0,0.0,0.0,1.0,1.0,-0.0,0.0,0.0,-0.0,0.0,0.0,0.0,0.0,0.0,0.0,0.0,0.0,170.0,145.0,170.0,170.0,51.0,11.0,12.0,5.0,15.0,6.0,0.0
52.576,101,267529.0,600.0,108.0,426.0,224.0,0.0,1.0,0.0,1.0,0.5,0.032,0.334,0.121,0.502,0.044,0.335,0.133,0.0,0.0,-1.64,-5.62,0.65,0.0,0.0,0.0,0.0,0.0,0.0,0.0,0.0,1.0,1.0,-0.0,0.0,0.0,-0.0,0.0,0.0,0.0,0.0,0.0,0.0,0.0,0.0,170.0,145.0,170.0,170.0,51.0,11.0,12.0,5.0,15.0,6.0,1.0
52.608,52,267581.0,600.0,108.0,426.0,224.0,0.0,1.0,0.0,1.0,0.5,0.032,0.334,0.121,0.502,0.044,0.335,0.133,0.0,0.0,-1.64,-5.62,0.65,0.0,0.0,0.0,0.0,0.0,0.0,0.0,0.0,1.0,1.0,-0.0,0.0,0.0,-0.0,0.0,0.0,0.0,0.0,0.0,0.0,0.0,0.0,170.0,145.0,170.0,170.0,51.0,11.0,12.0,5.0,15.0,6.0,0.0
52.639,19,267600.0,600.0,108.0,426.0,224.0,0.0,1.0,0.0,1.0,0.5,0.032,0.334,0.121,0.502,0.044,0.335,0.133,0.0,0.0,-1.64,-5.62,0.65,0.0,0.0,0.0,0.0,0.0,0.0,0.0,0.0,1.0,1.0,-0.0,0.0,0.0,-0.0,0.0,0.0,0.0,0.0,0.0,0.0,0.0,0.0,170.0,145.0,170.0,170.0,51.0,11.0,12.0,5.0,15.0,6.0,0.0
52.734,100,267700.0,600.0,108.0,424.0,223.0,0.0,1.0,0.0,1.0,0.5,0.031,0.333,0.122,0.502,0.044,0.336,0.134,0.0,0.0,-1.63,-5.62,0.65,0.0,0.0,0.0,0.0,0.0,0.0,0.0,0.0,1.0,1.0,-0.0,0.0,0.0,-0.0,0.0,0.0,0.0,0.0,0.0,0.0,0.0,0.0,170.0,145.0,170.0,170.0,51.0,11.0,12.0,5.0,15.0,6.0,0.0
52.801,71,267771.0,600.0,109.0,424.0,223.0,0.0,1.0,0.0,1.0,0.5,0.031,0.333,0.122,0.502,0.044,0.336,0.134,0.0,0.0,-1.63,-5.62,0.64,0.0,0.0,0.0,0.0,0.0,0.0,0.0,0.0,1.0,1.0,-0.0,0.0,0.0,-0.0,0.0,0.0,0.0,0.0,0.0,0.0,0.0,0.0,170.0,145.0,170.0,170.0,51.0,11.0,12.0,5.0,15.0,6.0,0.0
52.897,100,267871.0,600.0,109.0,424.0,223.0,0.0,1.0,0.0,1.0,0.5,0.032,0.333,0.121,0.502,0.044,0.335,0.134,0.0,0.0,-1.63,-5.61,0.64,0.0,0.0,0.0,0.0,0.0,0.0,0.0,0.0,1.0,1.0,-0.0,0.0,0.0,-0.0,0.0,0.0,0.0,0.0,0.0,0.0,0.0,0.0,170.0,145.0,170.0,170.0,51.0,11.0,12.0,5.0,15.0,6.0,1.0
52.969,72,267943.0,600.0,107.0,424.0,223.0,0.0,1.0,0.0,1.0,0.5,0.032,0.333,0.121,0.502,0.044,0.335,0.134,0.0,0.0,-1.63,-5.61,0.64,0.0,0.0,0.0,0.0,0.0,0.0,0.0,0.0,1.0,1.0,-0.0,0.0,0.0,-0.0,0.0,0.0,0.0,0.0,0.0,0.0,0.0,0.0,170.0,145.0,170.0,170.0,51.0,11.0,12.0,5.0,15.0,6.0,0.0
53.064,94,268037.0,600.0,107.0,421.0,221.0,0.0,1.0,0.0,1.0,0.5,0.031,0.332,0.12,0.502,0.043,0.334,0.133,0.0,0.0,-1.63,-5.61,0.64,0.0,0.0,0.0,0.0,0.0,0.0,0.0,0.0,1.0,1.0,-0.0,0.0,0.0,-0.0,0.0,0.0,0.0,0.0,0.0,0.0,0.0,0.0,170.0,145.0,170.0,170.0,51.0,11.0,12.0,5.0,15.0,6.0,1.0
53.129,53,268090.0,600.0,107.0,421.0,221.0,0.0,1.0,0.0,1.0,0.5,0.031,0.332,0.12,0.502,0.043,0.334,0.133,0.0,0.0,-1.63,-5.62,0.64,0.0,0.0,0.0,0.0,0.0,0.0,0.0,0.0,1.0,1.0,-0.0,0.0,0.0,-0.0,0.0,0.0,0.0,0.0,0.0,0.0,0.0,0.0,170.0,145.0,170.0,170.0,51.0,11.0,12.0,5.0,15.0,6.0,0.0
53.165,19,268109.0,600.0,107.0,421.0,221.0,0.0,1.0,0.0,1.0,0.5,0.031,0.332,0.12,0.502,0.043,0.334,0.133,0.0,0.0,-1.63,-5.62,0.64,0.0,0.0,0.0,0.0,0.0,0.0,0.0,0.0,1.0,1.0,-0.0,0.0,0.0,-0.0,0.0,0.0,0.0,0.0,0.0,0.0,0.0,0.0,170.0,145.0,170.0,170.0,51.0,11.0,12.0,5.0,15.0,6.0,0.0
53.261,100,268209.0,600.0,107.0,420.0,220.0,0.0,1.0,0.0,1.0,0.5,0.031,0.33,0.12,0.502,0.043,0.333,0.132,0.0,0.0,-1.63,-5.62,0.64,0.0,0.0,0.0,0.0,0.0,0.0,0.0,0.0,1.0,1.0,-0.0,0.0,0.0,-0.0,0.0,0.0,0.0,0.0,0.0,0.0,0.0,0.0,170.0,145.0,170.0,170.0,51.0,11.0,12.0,5.0,15.0,6.0,1.0
53.294,52,268261.0,600.0,107.0,420.0,220.0,0.0,1.0,0.0,1.0,0.5,0.031,0.33,0.12,0.502,0.043,0.333,0.132,0.0,0.0,-1.63,-5.62,0.64,0.0,0.0,0.0,0.0,0.0,0.0,0.0,0.0,1.0,1.0,-0.0,0.0,0.0,-0.0,0.0,0.0,0.0,0.0,0.0,0.0,0.0,0.0,170.0,145.0,170.0,170.0,51.0,11.0,12.0,5.0,15.0,6.0,0.0
53.326,19,268280.0,600.0,107.0,420.0,220.0,0.0,1.0,0.0,1.0,0.5,0.031,0.33,0.12,0.502,0.043,0.333,0.132,0.0,0.0,-1.63,-5.62,0.64,0.0,0.0,0.0,0.0,0.0,0.0,0.0,0.0,1.0,1.0,-0.0,0.0,0.0,-0.0,0.0,0.0,0.0,0.0,0.0,0.0,0.0,0.0,170.0,145.0,170.0,170.0,51.0,11.0,12.0,5.0,15.0,6.0,0.0
53.427,101,268381.0,600.0,107.0,420.0,221.0,0.0,1.0,0.0,1.0,0.5,0.031,0.33,0.119,0.502,0.043,0.332,0.132,0.0,0.0,-1.64,-5.62,0.65,0.0,0.0,0.0,0.0,0.0,0.0,0.0,0.0,1.0,1.0,-0.0,0.0,0.0,-0.0,0.0,0.0,0.0,0.0,0.0,0.0,0.0,0.0,170.0,145.0,170.0,170.0,51.0,11.0,12.0,5.0,15.0,6.0,0.0
53.46,52,268433.0,600.0,107.0,420.0,221.0,0.0,1.0,0.0,1.0,0.5,0.031,0.33,0.119,0.502,0.043,0.332,0.132,0.0,0.0,-1.64,-5.62,0.65,0.0,0.0,0.0,0.0,0.0,0.0,0.0,0.0,1.0,1.0,-0.0,0.0,0.0,-0.0,0.0,0.0,0.0,0.0,0.0,0.0,0.0,0.0,170.0,145.0,170.0,170.0,51.0,11.0,12.0,5.0,15.0,6.0,0.0
53.492,19,268452.0,600.0,106.0,420.0,221.0,0.0,1.0,0.0,1.0,0.5,0.031,0.33,0.119,0.502,0.043,0.332,0.132,0.0,0.0,-1.64,-5.62,0.65,0.0,0.0,0.0,0.0,0.0,0.0,0.0,0.0,1.0,1.0,-0.0,0.0,0.0,-0.0,0.0,0.0,0.0,0.0,0.0,0.0,0.0,0.0,170.0,145.0,170.0,170.0,51.0,11.0,12.0,5.0,15.0,6.0,0.0
53.589,102,268554.0,600.0,106.0,423.0,221.0,0.0,1.0,0.0,1.0,0.5,0.031,0.331,0.119,0.502,0.043,0.333,0.131,0.0,0.0,-1.64,-5.62,0.65,0.0,0.0,0.0,0.0,0.0,0.0,0.0,0.0,1.0,1.0,-0.0,0.0,0.0,-0.0,0.0,0.0,0.0,0.0,0.0,0.0,0.0,0.0,170.0,145.0,170.0,170.0,51.0,11.0,12.0,5.0,15.0,6.0,1.0
53.654,71,268625.0,600.0,106.0,423.0,221.0,0.0,1.0,0.0,1.0,0.5,0.031,0.331,0.119,0.502,0.043,0.333,0.131,0.0,0.0,-1.64,-5.62,0.65,0.0,0.0,0.0,0.0,0.0,0.0,0.0,0.0,1.0,1.0,-0.0,0.0,0.0,-0.0,0.0,0.0,0.0,0.0,0.0,0.0,0.0,0.0,170.0,145.0,170.0,170.0,51.0,11.0,12.0,5.0,15.0,6.0,0.0
53.751,99,268724.0,600.0,106.0,420.0,221.0,0.0,1.0,0.0,1.0,0.5,0.03,0.33,0.119,0.502,0.043,0.332,0.131,0.0,0.0,-1.64,-5.62,0.65,0.0,0.0,0.0,0.0,0.0,0.0,0.0,0.0,1.0,1.0,-0.0,0.0,0.0,-0.0,0.0,0.0,0.0,0.0,0.0,0.0,0.0,0.0,170.0,145.0,170.0,170.0,51.0,11.0,12.0,5.0,15.0,6.0,0.0
53.816,52,268776.0,600.0,106.0,420.0,221.0,0.0,1.0,0.0,1.0,0.5,0.03,0.33,0.119,0.502,0.043,0.332,0.131,0.0,0.0,-1.64,-5.62,0.65,0.0,0.0,0.0,0.0,0.0,0.0,0.0,0.0,1.0,1.0,-0.0,0.0,0.0,-0.0,0.0,0.0,0.0,0.0,0.0,0.0,0.0,0.0,170.0,145.0,170.0,170.0,51.0,11.0,12.0,5.0,15.0,6.0,0.0
53.849,20,268796.0,600.0,107.0,420.0,221.0,0.0,1.0,0.0,1.0,0.5,0.03,0.33,0.119,0.502,0.043,0.332,0.131,0.0,0.0,-1.65,-5.63,0.65,0.0,0.0,0.0,0.0,0.0,0.0,0.0,0.0,1.0,1.0,-0.0,0.0,0.0,-0.0,0.0,0.0,0.0,0.0,0.0,0.0,0.0,0.0,170.0,145.0,170.0,170.0,51.0,11.0,12.0,5.0,15.0,6.0,0.0
53.946,99,268895.0,600.0,107.0,421.0,222.0,0.0,1.0,0.0,1.0,0.5,0.031,0.33,0.12,0.502,0.043,0.332,0.132,0.0,0.0,-1.65,-5.63,0.65,0.0,0.0,0.0,0.0,0.0,0.0,0.0,0.0,1.0,1.0,-0.0,0.0,0.0,-0.0,0.0,0.0,0.0,0.0,0.0,0.0,0.0,0.0,170.0,145.0,170.0,170.0,51.0,11.0,12.0,5.0,15.0,6.0,0.0
53.98,52,268947.0,600.0,107.0,421.0,222.0,0.0,1.0,0.0,1.0,0.5,0.031,0.33,0.12,0.502,0.043,0.332,0.132,0.0,0.0,-1.65,-5.63,0.65,0.0,0.0,0.0,0.0,0.0,0.0,0.0,0.0,1.0,1.0,-0.0,0.0,0.0,-0.0,0.0,0.0,0.0,0.0,0.0,0.0,0.0,0.0,170.0,145.0,170.0,170.0,51.0,11.0,12.0,5.0,15.0,6.0,0.0
54.012,19,268966.0,600.0,106.0,421.0,222.0,0.0,1.0,0.0,1.0,0.5,0.031,0.33,0.12,0.502,0.043,0.332,0.132,0.0,0.0,-1.65,-5.63,0.65,0.0,0.0,0.0,0.0,0.0,0.0,0.0,0.0,1.0,1.0,-0.0,0.0,0.0,-0.0,0.0,0.0,0.0,0.0,0.0,0.0,0.0,0.0,170.0,145.0,170.0,170.0,51.0,11.0,12.0,5.0,15.0,6.0,0.0
54.109,96,269062.0,600.0,106.0,420.0,223.0,0.0,1.0,0.0,1.0,0.5,0.03,0.329,0.12,0.502,0.043,0.332,0.132,0.0,0.0,-1.65,-5.63,0.65,0.0,0.0,0.0,0.0,0.0,0.0,0.0,0.0,1.0,1.0,-0.0,0.0,0.0,-0.0,0.0,0.0,0.0,0.0,0.0,0.0,0.0,0.0,170.0,145.0,170.0,170.0,51.0,11.0,12.0,5.0,15.0,6.0,0.0
54.142,53,269115.0,600.0,106.0,420.0,223.0,0.0,1.0,0.0,1.0,0.5,0.03,0.329,0.12,0.502,0.043,0.332,0.132,0.0,0.0,-1.65,-5.63,0.65,0.0,0.0,0.0,0.0,6.0,0.0,0.0,0.0,1.0,1.0,-0.0,0.0,0.0,-0.0,0.0,0.0,0.0,0.0,0.0,0.0,0.0,0.0,170.0,145.0,170.0,170.0,51.0,11.0,12.0,5.0,15.0,6.0,0.0
54.175,21,269136.0,600.0,106.0,420.0,223.0,0.0,1.0,0.0,1.0,0.5,0.03,0.329,0.12,0.502,0.043,0.332,0.132,0.0,0.0,-1.65,-5.63,0.65,0.0,-0.86,0.0,0.0,6.0,0.0,0.0,0.0,1.0,1.0,-0.0,0.0,0.0,-0.0,4.8,0.0,0.0,3.1,170.0,0.0,0.0,170.0,170.0,145.0,170.0,170.0,51.0,11.0,12.0,5.0,15.0,6.0,0.0
54.269,100,269236.0,600.0,106.0,420.0,222.0,0.0,1.0,0.0,1.0,0.5,0.03,0.329,0.121,0.502,0.043,0.331,0.133,0.0,0.0,-1.66,-5.62,0.65,0.0,-1.27,0.0,0.0,6.0,0.0,0.0,0.0,1.0,1.0,5.1,-1.1,-3.0,0.2,12.8,0.0,0.0,12.1,170.0,0.0,0.0,170.0,170.0,145.0,170.0,170.0,51.0,11.0,12.0,5.0,15.0,6.0,0.0
54.334,71,269307.0,600.0,106.0,420.0,222.0,0.0,1.0,0.0,1.0,0.5,0.03,0.329,0.121,0.502,0.043,0.331,0.133,0.0,0.0,-1.57,-5.51,0.32,0.0,-0.27,0.0,0.0,6.0,0.0,0.0,0.0,1.0,1.0,10.5,-1.0,-8.3,1.0,16.6,0.0,0.0,16.1,94.0,0.0,0.0,170.0,170.0,145.0,170.0,170.0,51.0,11.0,12.0,5.0,15.0,6.0,0.0
54.463,103,269410.0,600.0,106.0,419.0,227.0,0.0,1.0,0.0,1.0,0.5,0.03,0.329,0.123,0.502,0.042,0.331,0.135,0.0,0.0,-1.69,-5.41,0.65,0.0,-0.59,0.0,0.0,6.0,0.0,0.0,0.0,1.0,1.0,21.5,0.1,-18.5,2.4,27.8,0.0,0.0,22.0,94.0,0.0,0.0,170.0,170.0,145.0,170.0,170.0,51.0,11.0,12.0,5.0,15.0,6.0,0.0
54.496,52,269462.0,600.0,106.0,419.0,227.0,0.0,1.0,0.0,1.0,0.5,0.03,0.329,0.123,0.502,0.042,0.331,0.135,0.0,0.0,-1.69,-5.41,0.87,0.0,-2.89,0.0,0.0,6.0,0.0,0.0,0.0,1.0,1.0,25.4,-1.0,-27.1,3.9,33.3,0.0,0.0,24.7,94.0,0.0,0.0,170.0,170.0,145.0,170.0,170.0,51.0,11.0,12.0,5.0,15.0,6.0,1.0
54.528,19,269481.0,600.0,105.0,419.0,227.0,0.0,1.0,0.0,1.0,0.5,0.03,0.329,0.123,0.502,0.042,0.331,0.135,0.0,0.0,-1.89,-5.4,1.74,0.0,-4.29,0.0,0.0,6.0,0.0,0.0,0.0,1.0,1.0,25.4,-1.0,-27.1,3.9,33.3,0.0,0.0,24.7,94.0,0.0,0.0,170.0,170.0,145.0,170.0,170.0,51.0,11.0,12.0,5.0,15.0,6.0,0.0
54.631,101,269582.0,600.0,105.0,421.0,234.0,0.0,1.0,0.0,1.0,0.5,0.03,0.329,0.128,0.502,0.042,0.331,0.139,0.0,0.0,-1.81,-5.47,2.39,0.0,-4.97,0.0,0.0,6.0,0.0,0.0,0.0,1.0,1.0,24.5,-0.6,-49.6,6.2,44.7,0.0,0.0,30.2,103.0,0.0,0.0,170.0,170.0,145.0,170.0,170.0,30.0,13.0,58.0,61.0,15.0,6.0,0.0
54.664,52,269634.0,600.0,105.0,421.0,234.0,0.0,1.0,0.0,1.0,0.5,0.03,0.329,0.128,0.502,0.042,0.331,0.139,0.0,0.0,-2.02,-5.41,4.3,0.0,-7.22,0.0,0.0,6.0,0.0,0.0,0.0,1.0,1.0,24.5,-0.6,-49.6,6.2,44.7,0.0,0.0,30.2,103.0,0.0,0.0,170.0,170.0,145.0,170.0,170.0,30.0,13.0,58.0,61.0,15.0,6.0,0.0
54.697,22,269656.0,600.0,104.0,421.0,234.0,0.0,1.0,0.0,1.0,0.5,0.03,0.329,0.128,0.502,0.042,0.331,0.139,0.0,0.0,-2.26,-5.4,5.67,0.0,-8.67,0.0,0.0,6.0,0.0,0.0,0.0,1.0,1.0,26.2,-0.4,-49.2,5.9,50.3,0.0,0.0,33.0,125.0,0.0,0.0,170.0,170.0,145.0,170.0,170.0,30.0,13.0,58.0,61.0,15.0,6.0,0.0
54.799,101,269757.0,600.0,104.0,421.0,243.0,0.0,1.0,0.0,1.0,0.5,0.029,0.33,0.135,0.502,0.042,0.332,0.146,0.0,0.0,-2.0,-5.41,6.03,0.0,-9.34,0.0,0.0,6.0,0.0,0.0,0.0,1.0,1.0,35.5,-0.1,-47.1,2.1,61.2,0.0,0.0,39.2,169.0,0.0,0.0,170.0,170.0,145.0,170.0,170.0,30.0,13.0,58.0,61.0,15.0,6.0,0.0
54.864,71,269828.0,600.0,104.0,421.0,243.0,0.0,1.0,0.0,1.0,0.5,0.029,0.33,0.135,0.502,0.042,0.332,0.146,0.0,0.0,-2.45,-5.17,6.2,0.0,-11.89,0.0,0.0,6.0,0.0,0.0,0.0,1.0,1.0,42.4,-0.3,-45.6,2.9,65.9,0.0,0.0,42.2,186.0,0.0,0.0,170.0,170.0,145.0,170.0,170.0,30.0,13.0,58.0,61.0,15.0,6.0,0.0
54.967,102,269930.0,600.0,104.0,428.0,264.0,0.0,1.0,0.0,1.0,0.5,0.029,0.333,0.149,0.503,0.041,0.335,0.159,0.0,0.0,-2.23,-5.16,5.82,0.0,-11.93,0.0,0.0,6.0,0.0,0.0,0.0,1.0,1.0,49.5,0.4,-59.0,2.4,66.2,0.0,0.0,42.3,200.0,0.0,0.0,170.0,170.0,145.0,170.0,170.0,30.0,13.0,58.0,61.0,15.0,6.0,0.0
55.032,71,270001.0,600.0,101.0,428.0,264.0,0.0,1.0,0.0,1.0,0.5,0.029,0.333,0.149,0.503,0.041,0.335,0.159,0.0,0.0,-2.34,-5.24,4.85,0.0,-11.93,0.0,0.0,6.0,0.0,0.0,0.0,1.0,1.0,53.1,0.4,-71.4,2.3,66.2,0.0,0.0,42.3,205.0,0.0,0.0,170.0,170.0,145.0,170.0,170.0,30.0,13.0,58.0,61.0,15.0,6.0,0.0
55.129,101,270102.0,600.0,101.0,439.0,310.0,0.0,1.0,0.0,1.0,0.5,0.028,0.342,0.183,0.503,0.041,0.343,0.189,0.0,0.0,-2.41,-5.19,4.51,0.0,-11.82,0.0,0.0,6.0,0.0,0.0,0.0,1.0,1.0,68.0,0.0,-71.9,1.6,63.8,0.0,0.0,44.6,198.0,0.0,0.0,170.0,170.0,145.0,170.0,170.0,16.0,11.0,33.0,59.0,15.0,6.0,0.0
55.199,52,270154.0,600.0,101.0,439.0,310.0,0.0,1.0,0.0,1.0,0.5,0.028,0.342,0.183,0.503,0.041,0.343,0.189,0.0,0.0,-2.49,-5.18,3.01,0.0,-9.6,0.0,0.0,6.0,0.0,0.0,0.0,1.0,1.0,73.4,0.2,-68.9,1.4,62.4,0.0,0.0,46.0,189.0,0.0,0.0,170.0,170.0,145.0,170.0,170.0,16.0,11.0,33.0,59.0,15.0,6.0,0.0
55.231,19,270173.0,600.0,101.0,439.0,310.0,0.0,1.0,0.0,1.0,0.5,0.028,0.342,0.183,0.503,0.041,0.343,0.189,0.0,0.0,-2.4,-5.16,2.77,0.0,-8.2,0.0,0.0,6.0,0.0,0.0,0.0,1.0,1.0,73.4,0.2,-68.9,1.4,62.4,0.0,0.0,46.0,189.0,0.0,0.0,170.0,170.0,145.0,170.0,170.0,16.0,11.0,33.0,59.0,15.0,6.0,0.0
55.329,100,270273.0,600.0,101.0,453.0,367.0,0.0,1.0,0.0,0.0,0.5,0.028,0.353,0.231,0.504,0.041,0.355,0.236,0.0,0.0,-2.25,-5.11,2.61,0.0,-7.52,0.0,0.0,6.0,0.0,0.0,0.0,1.0,1.0,73.5,-0.0,-51.2,0.5,59.5,0.0,0.0,49.0,170.0,0.0,0.0,170.0,170.0,145.0,170.0,170.0,16.0,11.0,33.0,59.0,15.0,6.0,0.0
55.372,52,270325.0,600.0,101.0,453.0,367.0,0.0,1.0,0.0,0.0,0.5,0.028,0.353,0.231,0.504,0.041,0.355,0.236,0.0,0.0,-2.63,-5.17,1.94,0.0,-5.27,0.0,0.0,6.0,0.0,0.0,0.0,1.0,1.0,71.9,0.0,-54.8,0.4,58.2,0.0,0.0,50.3,161.0,0.0,0.0,170.0,170.0,145.0,170.0,170.0,16.0,11.0,33.0,59.0,15.0,6.0,0.0
55.404,19,270344.0,600.0,101.0,453.0,367.0,0.0,1.0,0.0,0.0,0.5,0.028,0.353,0.231,0.504,0.041,0.355,0.236,0.0,0.0,-2.52,-5.07,1.52,0.0,-3.92,0.0,0.0,6.0,0.0,0.0,0.0,1.0,1.0,71.9,0.0,-54.8,0.4,58.2,0.0,0.0,50.3,161.0,0.0,0.0,170.0,170.0,145.0,170.0,170.0,16.0,11.0,33.0,59.0,15.0,6.0,0.0
55.47,100,270444.0,600.0,101.0,471.0,419.0,0.0,1.0,0.0,0.0,0.5,0.028,0.368,0.283,0.504,0.041,0.37,0.287,0.0,0.0,-2.55,-4.92,1.53,0.0,-3.25,0.0,0.0,6.0,0.0,0.0,0.0,1.0,1.0,71.5,0.2,-71.3,0.3,55.2,0.0,0.0,53.2,142.0,0.0,0.0,170.0,170.0,145.0,170.0,170.0,16.0,11.0,33.0,59.0,15.0,6.0,0.0
55.535,52,270496.0,600.0,101.0,471.0,419.0,0.0,1.0,0.0,0.0,0.5,0.028,0.368,0.283,0.504,0.041,0.37,0.287,0.0,0.0,-2.78,-5.11,1.16,0.0,-1.0,0.0,0.0,6.0,0.0,0.0,0.0,1.0,1.0,71.5,0.2,-71.3,0.3,54.9,0.0,0.0,53.5,133.0,0.0,0.0,170.0,170.0,145.0,170.0,170.0,16.0,11.0,33.0,59.0,15.0,6.0,0.0
55.568,19,270515.0,600.0,101.0,471.0,419.0,0.0,1.0,0.0,0.0,0.5,0.028,0.368,0.283,0.504,0.041,0.37,0.287,0.0,0.0,-2.89,-4.97,0.96,0.0,-0.69,0.0,0.0,6.0,0.0,0.0,0.0,1.0,1.0,73.3,0.2,-70.3,0.3,54.9,0.0,0.0,53.5,133.0,0.0,0.0,170.0,170.0,145.0,170.0,170.0,16.0,11.0,33.0,59.0,15.0,6.0,0.0
55.664,102,270617.0,600.0,101.0,490.0,466.0,0.0,1.0,0.0,0.0,0.5,0.028,0.385,0.333,0.505,0.041,0.388,0.338,0.0,0.0,-2.74,-4.93,0.98,0.0,-1.34,0.0,0.0,6.0,0.0,0.0,0.0,1.0,1.0,75.0,0.7,-62.5,2.6,57.0,0.0,0.0,51.5,124.0,0.0,0.0,170.0,170.0,145.0,170.0,170.0,18.0,11.0,4.0,59.0,15.0,6.0,0.0
55.728,71,270688.0,600.0,101.0,490.0,466.0,0.0,1.0,0.0,0.0,0.5,0.028,0.385,0.333,0.505,0.041,0.388,0.338,0.0,0.0,-2.78,-4.9,1.08,0.0,-4.2,0.0,0.0,6.0,0.0,0.0,0.0,1.0,1.0,66.6,0.7,-58.6,2.5,58.4,0.0,0.0,50.0,123.0,0.0,0.0,170.0,170.0,145.0,170.0,170.0,18.0,11.0,4.0,59.0,15.0,6.0,0.0
55.83,102,270790.0,600.0,101.0,506.0,502.0,0.0,1.0,0.0,0.0,0.5,0.028,0.402,0.375,0.506,0.041,0.405,0.381,0.0,0.0,-2.84,-4.87,1.19,0.0,-4.85,0.0,0.0,6.0,0.0,0.0,0.0,1.0,1.0,59.3,1.0,-54.4,1.7,61.4,0.0,0.0,47.1,130.0,0.0,0.0,170.0,170.0,145.0,170.0,170.0,18.0,11.0,4.0,59.0,15.0,6.0,0.0
55.896,72,270862.0,600.0,101.0,506.0,502.0,0.0,1.0,0.0,0.0,0.5,0.028,0.402,0.375,0.506,0.041,0.405,0.381,0.0,0.0,-2.83,-4.73,1.63,0.0,-7.74,0.0,0.0,6.0,0.0,0.0,0.0,1.0,1.0,57.9,1.2,-59.7,1.6,62.0,0.0,0.0,46.5,133.0,0.0,0.0,170.0,170.0,145.0,170.0,170.0,18.0,11.0,4.0,59.0,15.0,6.0,0.0
55.992,100,270962.0,600.0,101.0,521.0,516.0,0.0,1.0,0.0,0.0,0.5,0.028,0.417,0.402,0.506,0.041,0.421,0.411,0.0,0.0,-2.83,-4.65,1.89,0.0,-8.06,0.0,0.0,6.0,0.0,0.0,0.0,1.0,1.0,59.2,0.8,-70.1,2.1,61.2,0.0,0.0,47.3,133.0,0.0,0.0,170.0,170.0,145.0,170.0,170.0,18.0,11.0,4.0,59.0,15.0,6.0,0.0
56.058,52,271014.0,600.0,101.0,521.0,516.0,0.0,1.0,0.0,0.0,0.5,0.028,0.417,0.402,0.506,0.041,0.421,0.411,0.0,0.0,-3.19,-4.85,1.76,0.0,-5.76,0.0,0.0,6.0,0.0,0.0,0.0,1.0,1.0,57.9,0.8,-61.2,1.4,59.3,0.0,0.0,49.2,131.0,0.0,0.0,170.0,170.0,145.0,170.0,170.0,18.0,11.0,4.0,59.0,15.0,6.0,0.0
56.091,19,271033.0,600.0,103.0,521.0,516.0,0.0,1.0,0.0,0.0,0.5,0.028,0.417,0.402,0.506,0.041,0.421,0.411,0.0,0.0,-3.05,-4.81,1.75,0.0,-5.03,0.0,0.0,6.0,0.0,0.0,0.0,1.0,1.0,57.9,0.8,-61.2,1.4,59.3,0.0,0.0,49.2,131.0,0.0,0.0,170.0,170.0,145.0,170.0,170.0,18.0,11.0,4.0,59.0,15.0,6.0,0.0
56.189,100,271133.0,600.0,103.0,534.0,513.0,0.0,1.0,0.0,0.0,0.5,0.028,0.431,0.413,0.506,0.042,0.435,0.425,0.0,0.0,-2.86,-4.75,1.42,0.0,-5.16,0.0,0.0,6.0,0.0,0.0,0.0,1.0,1.0,59.8,1.0,-52.0,1.0,60.7,0.0,0.0,47.8,133.0,0.0,0.0,170.0,170.0,145.0,170.0,170.0,40.0,11.0,14.0,57.0,15.0,6.0,0.0
56.222,52,271185.0,600.0,103.0,534.0,513.0,0.0,1.0,0.0,0.0,0.5,0.028,0.431,0.413,0.506,0.042,0.435,0.425,0.0,0.0,-3.04,-4.72,1.72,0.0,-6.48,0.0,0.0,6.0,0.0,0.0,0.0,1.0,1.0,58.4,0.9,-49.7,0.9,61.6,0.0,0.0,46.9,137.0,0.0,0.0,170.0,170.0,145.0,170.0,170.0,40.0,11.0,14.0,57.0,15.0,6.0,0.0
56.254,19,271204.0,600.0,104.0,534.0,513.0,0.0,1.0,0.0,0.0,0.5,0.028,0.431,0.413,0.506,0.042,0.435,0.425,0.0,0.0,-2.8,-4.66,1.49,0.0,-7.36,0.0,0.0,6.0,0.0,0.0,0.0,1.0,1.0,58.4,0.9,-49.7,0.9,61.6,0.0,0.0,46.9,137.0,0.0,0.0,170.0,170.0,145.0,170.0,170.0,40.0,11.0,14.0,57.0,15.0,6.0,0.0
56.352,100,271304.0,600.0,104.0,546.0,518.0,0.0,1.0,0.0,0.0,0.5,0.029,0.442,0.421,0.507,0.042,0.447,0.433,0.0,0.0,-3.01,-4.72,1.72,0.0,-7.28,0.0,0.0,6.0,0.0,0.0,0.0,1.0,1.0,55.9,1.6,-54.7,-2.7,60.1,0.0,0.0,48.3,138.0,0.0,0.0,170.0,170.0,145.0,170.0,170.0,40.0,11.0,14.0,57.0,15.0,6.0,0.0
56.385,52,271356.0,600.0,104.0,546.0,518.0,0.0,1.0,0.0,0.0,0.5,0.029,0.442,0.421,0.507,0.042,0.447,0.433,0.0,0.0,-2.66,-4.66,1.38,0.0,-5.91,0.0,0.0,6.0,0.0,0.0,0.0,1.0,1.0,54.8,0.7,-54.3,-2.2,61.4,0.0,0.0,47.0,144.0,0.0,0.0,170.0,170.0,145.0,170.0,170.0,40.0,11.0,14.0,57.0,15.0,6.0,0.0
56.417,19,271375.0,600.0,108.0,546.0,518.0,0.0,1.0,0.0,0.0,0.5,0.029,0.442,0.421,0.507,0.042,0.447,0.433,0.0,0.0,-3.11,-4.84,1.68,0.0,-7.21,0.0,0.0,6.0,0.0,0.0,0.0,1.0,1.0,54.8,0.7,-54.3,-2.2,61.4,0.0,0.0,47.0,144.0,0.0,0.0,170.0,170.0,145.0,170.0,170.0,40.0,11.0,14.0,57.0,15.0,6.0,0.0
56.515,100,271475.0,600.0,108.0,558.0,529.0,0.0,1.0,0.0,0.0,0.5,0.03,0.454,0.43,0.507,0.044,0.459,0.442,0.0,0.0,-3.08,-4.96,1.51,0.0,-6.95,0.0,0.0,6.0,0.0,0.0,0.0,1.0,1.0,61.9,-0.9,-70.8,-3.9,63.2,0.0,0.0,45.3,151.0,0.0,0.0,170.0,170.0,145.0,170.0,170.0,40.0,11.0,14.0,57.0,15.0,6.0,0.0
56.579,71,271546.0,600.0,113.0,558.0,529.0,0.0,1.0,0.0,0.0,0.5,0.03,0.454,0.43,0.507,0.044,0.459,0.442,0.0,0.0,-2.37,-4.7,1.51,0.0,-7.55,0.0,0.0,6.0,0.0,0.0,0.0,1.0,1.0,63.8,-0.7,-68.9,-3.6,61.8,0.0,0.0,46.7,147.0,0.0,0.0,170.0,170.0,145.0,170.0,170.0,40.0,11.0,14.0,57.0,15.0,6.0,0.0
56.674,101,271647.0,600.0,113.0,572.0,539.0,0.0,1.0,0.0,0.0,0.5,0.032,0.466,0.439,0.507,0.046,0.471,0.451,0.0,0.0,-2.94,-4.83,1.47,0.0,-6.9,0.0,0.0,6.0,0.0,0.0,0.0,1.0,1.0,64.0,-0.6,-59.0,-2.4,58.9,0.0,0.0,49.6,135.0,0.0,0.0,170.0,170.0,145.0,170.0,170.0,23.0,11.0,11.0,74.0,15.0,6.0,0.0
56.739,52,271699.0,600.0,113.0,572.0,539.0,0.0,1.0,0.0,0.0,0.5,0.032,0.466,0.439,0.507,0.046,0.471,0.451,0.0,0.0,-2.6,-4.9,1.04,0.0,-4.65,0.0,0.0,6.0,0.0,0.0,0.0,1.0,1.0,64.0,-0.6,-59.0,-2.4,58.9,0.0,0.0,49.6,135.0,0.0,0.0,170.0,170.0,145.0,170.0,170.0,23.0,11.0,11.0,74.0,15.0,6.0,1.0
56.772,20,271719.0,600.0,120.0,572.0,539.0,0.0,1.0,0.0,0.0,0.5,0.032,0.466,0.439,0.507,0.046,0.471,0.451,0.0,0.0,-2.51,-4.76,0.79,0.0,-3.28,0.0,0.0,6.0,0.0,0.0,0.0,1.0,1.0,64.3,-0.7,-54.9,-1.9,57.5,0.0,0.0,51.0,129.0,0.0,0.0,170.0,170.0,145.0,170.0,170.0,23.0,11.0,11.0,74.0,15.0,6.0,0.0
56.873,100,271819.0,600.0,120.0,588.0,550.0,0.0,1.0,0.0,0.0,0.5,0.036,0.478,0.448,0.507,0.049,0.483,0.461,0.0,0.0,-2.86,-4.92,0.78,0.0,-2.98,0.0,0.0,6.0,0.0,0.0,0.0,1.0,1.0,55.5,-0.1,-60.6,-0.1,59.5,0.0,0.0,49.0,135.0,0.0,0.0,170.0,170.0,145.0,170.0,170.0,23.0,11.0,11.0,74.0,15.0,6.0,0.0
56.906,52,271871.0,600.0,120.0,588.0,550.0,0.0,1.0,0.0,0.0,0.5,0.036,0.478,0.448,0.507,0.049,0.483,0.461,0.0,0.0,-2.71,-4.81,1.69,0.0,-5.25,0.0,0.0,6.0,0.0,0.0,0.0,1.0,1.0,55.6,0.1,-67.9,0.3,60.8,0.0,0.0,47.7,140.0,0.0,0.0,170.0,170.0,145.0,170.0,170.0,23.0,11.0,11.0,74.0,15.0,6.0,0.0
56.938,19,271890.0,600.0,125.0,588.0,550.0,0.0,1.0,0.0,0.0,0.5,0.036,0.478,0.448,0.507,0.049,0.483,0.461,0.0,0.0,-2.88,-4.91,1.91,0.0,-6.58,0.0,0.0,6.0,0.0,0.0,0.0,1.0,1.0,55.6,0.1,-67.9,0.3,60.8,0.0,0.0,47.7,140.0,0.0,0.0,170.0,170.0,145.0,170.0,170.0,23.0,11.0,11.0,74.0,15.0,6.0,0.0
57.035,102,271992.0,600.0,125.0,605.0,566.0,0.0,1.0,0.0,0.0,0.5,0.039,0.492,0.46,0.507,0.053,0.497,0.473,0.0,0.0,-2.77,-4.96,2.16,0.0,-7.23,0.0,0.0,6.0,0.0,0.0,0.0,1.0,1.0,55.5,1.3,-74.7,1.9,63.8,0.0,0.0,44.6,152.0,0.0,0.0,170.0,170.0,145.0,170.0,170.0,23.0,11.0,11.0,74.0,15.0,6.0,0.0
57.098,71,272063.0,600.0,129.0,605.0,566.0,0.0,1.0,0.0,0.0,0.5,0.039,0.492,0.46,0.507,0.053,0.497,0.473,0.0,0.0,-2.7,-4.78,1.91,0.0,-10.68,0.0,0.0,6.0,0.0,0.0,0.0,1.0,1.0,58.5,1.0,-70.8,1.5,64.9,0.0,0.0,43.6,156.0,0.0,0.0,170.0,170.0,145.0,170.0,170.0,23.0,11.0,11.0,74.0,15.0,6.0,0.0
57.2,101,272164.0,600.0,129.0,622.0,597.0,0.0,1.0,0.0,0.0,0.5,0.042,0.506,0.48,0.508,0.056,0.511,0.492,0.0,0.0,-2.5,-4.96,1.95,0.0,-11.36,0.0,0.0,6.0,0.0,0.0,0.0,1.0,1.0,55.4,0.7,-67.4,0.5,63.3,0.0,0.0,45.1,160.0,0.0,0.0,170.0,170.0,145.0,170.0,170.0,24.0,7.0,20.0,60.0,15.0,6.0,1.0
57.265,71,272235.0,600.0,137.0,622.0,597.0,0.0,1.0,0.0,0.0,0.5,0.042,0.506,0.48,0.508,0.056,0.511,0.492,0.0,0.0,-2.86,-5.05,1.59,0.0,-7.73,0.0,0.0,6.0,0.0,0.0,0.0,1.0,1.0,57.5,0.5,-61.0,0.5,62.0,0.0,0.0,46.5,159.0,0.0,0.0,170.0,170.0,145.0,170.0,170.0,24.0,7.0,20.0,60.0,15.0,6.0,0.0
57.398,102,272337.0,600.0,137.0,639.0,666.0,0.0,1.0,0.0,0.0,0.5,0.046,0.52,0.519,0.508,0.06,0.526,0.527,0.0,0.0,-2.69,-4.94,1.19,0.0,-7.06,0.0,0.0,6.0,0.0,0.0,0.0,1.0,1.0,55.6,-0.0,-71.7,0.5,59.0,0.0,0.0,49.5,158.0,0.0,0.0,170.0,170.0,145.0,170.0,170.0,24.0,7.0,20.0,60.0,15.0,6.0,0.0
57.431,52,272389.0,600.0,137.0,639.0,666.0,0.0,1.0,0.0,0.0,0.5,0.046,0.52,0.519,0.508,0.06,0.526,0.527,0.0,0.0,-2.69,-4.94,1.24,0.0,-4.78,0.0,0.0,6.0,0.0,0.0,0.0,1.0,1.0,56.7,-0.2,-81.0,0.6,57.6,0.0,0.0,50.8,155.0,0.0,0.0,170.0,170.0,145.0,170.0,170.0,24.0,7.0,20.0,60.0,15.0,6.0,1.0
57.463,19,272408.0,600.0,142.0,639.0,666.0,0.0,1.0,0.0,0.0,0.5,0.046,0.52,0.519,0.508,0.06,0.526,0.527,0.0,0.0,-2.57,-4.98,0.78,0.0,-3.41,0.0,0.0,6.0,0.0,0.0,0.0,1.0,1.0,56.7,-0.2,-81.0,0.6,57.6,0.0,0.0,50.8,155.0,0.0,0.0,170.0,170.0,145.0,170.0,170.0,24.0,7.0,20.0,60.0,15.0,6.0,0.0
57.565,101,272509.0,600.0,142.0,659.0,674.0,0.0,1.0,0.0,0.0,0.5,0.05,0.534,0.54,0.509,0.064,0.54,0.551,0.0,0.0,-2.46,-4.91,0.68,0.0,-2.73,0.0,0.0,6.0,0.0,0.0,0.0,1.0,1.0,58.7,0.7,-77.5,-0.7,54.7,0.0,0.0,53.8,141.0,0.0,0.0,170.0,170.0,145.0,170.0,170.0,24.0,7.0,20.0,60.0,15.0,6.0,0.0
57.597,52,272561.0,600.0,142.0,659.0,674.0,0.0,1.0,0.0,0.0,0.5,0.05,0.534,0.54,0.509,0.064,0.54,0.551,0.0,0.0,-2.66,-5.02,0.27,0.0,-0.46,0.0,0.0,6.0,0.0,0.0,0.0,1.0,1.0,66.0,0.6,-72.7,-0.3,53.4,0.0,0.0,55.1,133.0,0.0,0.0,170.0,170.0,145.0,170.0,170.0,24.0,7.0,20.0,60.0,15.0,6.0,1.0
57.63,20,272581.0,600.0,147.0,659.0,674.0,0.0,1.0,0.0,0.0,0.5,0.05,0.534,0.54,0.509,0.064,0.54,0.551,0.0,0.0,-2.61,-4.97,0.03,0.0,0.87,0.0,0.0,6.0,0.0,0.0,0.0,1.0,1.0,66.0,0.6,-72.7,-0.3,53.4,0.0,0.0,55.1,133.0,0.0,0.0,170.0,170.0,145.0,170.0,170.0,24.0,7.0,20.0,60.0,15.0,6.0,0.0
57.695,82,272663.0,600.0,147.0,674.0,678.0,0.0,1.0,0.0,0.0,0.5,0.053,0.547,0.551,0.509,0.068,0.554,0.565,0.0,0.0,-2.39,-4.97,-0.06,0.0,1.52,0.0,0.0,6.0,0.0,0.0,0.0,1.0,1.0,64.7,-0.2,-63.3,1.4,54.2,0.0,0.0,54.2,126.0,0.0,0.0,170.0,170.0,145.0,170.0,170.0,20.0,11.0,18.0,74.0,15.0,6.0,1.0
57.764,65,272728.0,600.0,153.0,674.0,678.0,0.0,1.0,0.0,0.0,0.5,0.053,0.547,0.551,0.509,0.068,0.554,0.565,0.0,0.0,-2.46,-5.02,0.04,0.0,0.01,0.0,0.0,6.0,0.0,0.0,0.0,1.0,1.0,60.8,0.1,-61.3,2.6,55.6,0.0,0.0,52.8,127.0,0.0,0.0,170.0,170.0,145.0,170.0,170.0,20.0,11.0,18.0,74.0,15.0,6.0,0.0
57.86,82,272810.0,600.0,153.0,698.0,679.0,0.0,1.0,0.0,0.0,0.5,0.057,0.562,0.557,0.509,0.072,0.568,0.571,0.0,0.0,-2.47,-4.94,0.59,0.0,-1.41,0.0,0.0,6.0,0.0,0.0,0.0,1.0,1.0,61.5,0.2,-75.7,2.5,58.0,0.0,0.0,50.5,129.0,0.0,0.0,170.0,170.0,145.0,170.0,170.0,20.0,11.0,18.0,74.0,15.0,6.0,0.0
57.925,63,272873.0,600.0,161.0,698.0,679.0,0.0,1.0,0.0,0.0,0.5,0.057,0.562,0.557,0.509,0.072,0.568,0.571,0.0,0.0,-2.48,-4.95,1.28,0.0,-3.74,0.0,0.0,6.0,0.0,0.0,0.0,1.0,1.0,60.3,-0.9,-81.4,3.2,59.3,0.0,0.0,49.2,132.0,0.0,0.0,170.0,170.0,145.0,170.0,170.0,20.0,11.0,18.0,74.0,15.0,6.0,0.0
57.99,83,272956.0,600.0,161.0,725.0,661.0,0.0,1.0,0.0,0.0,0.5,0.063,0.579,0.552,0.509,0.077,0.585,0.569,0.0,0.0,-2.18,-5.14,1.33,0.0,-5.04,0.0,0.0,6.0,0.0,0.0,0.0,1.0,1.0,60.8,-1.2,-74.1,5.4,59.9,0.0,0.0,48.5,131.0,0.0,0.0,170.0,170.0,145.0,170.0,170.0,20.0,11.0,18.0,74.0,15.0,6.0,1.0
58.054,68,273024.0,600.0,169.0,725.0,661.0,0.0,1.0,0.0,0.0,0.5,0.063,0.579,0.552,0.509,0.077,0.585,0.569,0.0,0.0,-2.09,-5.16,1.68,0.0,-5.69,0.0,0.0,6.0,0.0,0.0,0.0,1.0,1.0,63.0,-0.9,-70.4,7.0,59.8,0.0,0.0,48.6,129.0,0.0,0.0,170.0,170.0,145.0,170.0,170.0,20.0,11.0,18.0,74.0,15.0,6.0,0.0
58.158,81,273105.0,600.0,169.0,757.0,600.0,0.0,1.0,0.0,0.0,0.5,0.068,0.598,0.524,0.509,0.083,0.603,0.545,0.0,0.0,-2.21,-5.13,1.56,0.0,-5.59,0.0,0.0,6.0,0.0,0.0,0.0,1.0,1.0,64.0,0.4,-63.4,7.2,62.0,0.0,0.0,46.4,132.0,0.0,0.0,170.0,170.0,145.0,170.0,170.0,20.0,11.0,18.0,74.0,15.0,6.0,1.0
58.223,65,273170.0,600.0,178.0,757.0,600.0,0.0,1.0,0.0,0.0,0.5,0.068,0.598,0.524,0.509,0.083,0.603,0.545,0.0,0.0,-2.56,-5.22,2.14,0.0,-7.81,0.0,0.0,6.0,0.0,0.0,0.0,1.0,1.0,60.9,-0.0,-57.9,6.5,63.5,0.0,0.0,45.0,137.0,0.0,0.0,170.0,170.0,145.0,170.0,170.0,30.0,9.0,39.0,70.0,15.0,6.0,0.0
58.288,84,273254.0,600.0,178.0,786.0,600.0,0.0,1.0,0.0,0.0,0.5,0.075,0.616,0.511,0.509,0.09,0.622,0.53,0.0,0.0,-2.49,-5.28,2.38,0.0,-9.24,0.0,0.0,6.0,0.0,0.0,0.0,1.0,1.0,60.9,-0.5,-54.8,10.1,65.8,0.0,0.0,42.7,149.0,0.0,0.0,95.0,170.0,145.0,170.0,170.0,30.0,9.0,39.0,70.0,15.0,6.0,0.0
58.353,64,273318.0,600.0,188.0,786.0,600.0,0.0,1.0,0.0,0.0,0.5,0.075,0.616,0.511,0.509,0.09,0.622,0.53,0.0,0.0,-2.56,-5.17,2.56,0.0,-11.56,0.0,0.0,6.0,0.0,0.0,0.0,1.0,1.0,53.6,-1.2,-58.5,7.1,66.2,0.0,0.0,42.3,155.0,0.0,0.0,170.0,170.0,145.0,170.0,170.0,30.0,9.0,39.0,70.0,15.0,6.0,0.0
58.45,84,273402.0,600.0,188.0,814.0,600.0,0.0,1.0,0.0,0.0,0.5,0.083,0.633,0.505,0.509,0.098,0.639,0.523,0.0,0.0,-2.58,-5.26,1.68,0.0,-11.93,0.0,0.0,6.0,0.0,0.0,0.0,1.0,1.0,57.3,-0.9,-65.5,4.1,63.9,0.0,0.0,44.6,156.0,0.0,0.0,170.0,170.0,145.0,170.0,170.0,30.0,9.0,39.0,70.0,15.0,6.0,0.0
58.516,64,273466.0,600.0,195.0,814.0,600.0,0.0,1.0,0.0,0.0,0.5,0.083,0.633,0.505,0.509,0.098,0.639,0.523,0.0,0.0,-1.94,-5.12,1.48,0.0,-9.63,0.0,0.0,6.0,0.0,0.0,0.0,1.0,1.0,57.3,-0.8,-65.6,5.2,62.5,0.0,0.0,46.0,155.0,0.0,0.0,170.0,170.0,145.0,170.0,170.0,30.0,9.0,39.0,70.0,15.0,6.0,0.0
58.58,83,273549.0,600.0,195.0,841.0,600.0,0.0,1.0,0.0,0.0,0.5,0.09,0.649,0.502,0.509,0.105,0.655,0.52,0.0,0.0,-2.38,-5.29,1.2,0.0,-8.23,0.0,0.0,6.0,0.0,0.0,0.0,1.0,1.0,61.9,-0.8,-61.8,8.1,60.1,0.0,0.0,48.3,148.0,0.0,0.0,170.0,170.0,145.0,170.0,170.0,30.0,9.0,39.0,70.0,15.0,6.0,1.0
58.645,65,273614.0,600.0,205.0,841.0,600.0,0.0,1.0,0.0,0.0,0.5,0.09,0.649,0.502,0.509,0.105,0.655,0.52,0.0,0.0,-2.41,-5.21,1.42,0.0,-5.91,0.0,0.0,6.0,0.0,0.0,0.0,1.0,1.0,60.6,-0.5,-58.9,10.6,58.8,0.0,0.0,49.7,145.0,0.0,0.0,127.0,170.0,145.0,170.0,170.0,30.0,9.0,39.0,70.0,15.0,6.0,0.0
58.742,82,273696.0,600.0,205.0,857.0,600.0,0.0,1.0,0.0,0.0,0.5,0.098,0.661,0.501,0.509,0.113,0.668,0.518,0.0,0.0,-2.21,-5.32,1.23,0.0,-4.53,0.0,0.0,6.0,0.0,0.0,0.0,1.0,1.0,60.6,-0.6,-55.3,11.5,56.5,0.0,0.0,52.0,138.0,0.0,0.0,161.0,170.0,145.0,170.0,170.0,13.0,13.0,17.0,62.0,15.0,6.0,1.0
58.807,65,273761.0,600.0,206.0,857.0,600.0,0.0,1.0,0.0,0.0,0.5,0.098,0.661,0.501,0.509,0.113,0.668,0.518,0.0,0.0,-2.16,-5.31,0.77,0.0,-2.28,0.0,0.0,6.0,0.0,0.0,0.0,1.0,1.0,61.4,-0.5,-52.6,13.6,55.1,0.0,0.0,53.4,133.0,0.0,0.0,181.0,170.0,145.0,170.0,170.0,13.0,13.0,17.0,62.0,15.0,6.0,0.0
58.871,83,273844.0,600.0,206.0,876.0,600.0,0.0,1.0,0.0,0.0,0.5,0.102,0.671,0.501,0.509,0.118,0.679,0.518,0.0,0.0,-2.08,-5.2,0.52,0.0,-0.86,0.0,0.0,6.0,0.0,0.0,0.0,1.0,1.0,58.7,-0.5,-72.1,12.1,57.1,0.0,0.0,51.4,135.0,0.0,0.0,206.0,170.0,145.0,170.0,170.0,13.0,13.0,17.0,62.0,15.0,6.0,1.0
58.934,63,273907.0,600.0,207.0,876.0,600.0,0.0,1.0,0.0,0.0,0.5,0.102,0.671,0.501,0.509,0.118,0.679,0.518,0.0,0.0,-2.22,-5.15,0.95,0.0,-2.83,0.0,0.0,6.0,0.0,0.0,0.0,1.0,1.0,59.6,-0.1,-78.1,11.3,58.4,0.0,0.0,50.1,137.0,0.0,0.0,220.0,170.0,145.0,170.0,170.0,13.0,13.0,17.0,62.0,15.0,6.0,0.0
59.037,82,273989.0,600.0,207.0,899.0,600.0,0.0,1.0,0.0,0.0,0.5,0.104,0.682,0.5,0.509,0.121,0.689,0.518,0.0,0.0,-2.16,-5.13,1.32,0.0,-4.16,0.0,0.0,6.0,0.0,0.0,0.0,1.0,1.0,59.6,0.0,-76.8,10.8,60.6,0.0,0.0,47.8,140.0,0.0,0.0,243.0,170.0,145.0,170.0,170.0,13.0,13.0,17.0,62.0,15.0,6.0,1.0
59.102,65,274054.0,600.0,207.0,899.0,600.0,0.0,1.0,0.0,0.0,0.5,0.104,0.682,0.5,0.509,0.121,0.689,0.518,0.0,0.0,-2.39,-5.29,1.45,0.0,-6.41,0.0,0.0,6.0,0.0,0.0,0.0,1.0,1.0,62.2,0.3,-73.6,10.7,62.1,0.0,0.0,46.4,143.0,0.0,0.0,255.0,170.0,145.0,170.0,170.0,13.0,13.0,17.0,62.0,15.0,6.0,0.0
59.168,81,274135.0,600.0,207.0,939.0,600.0,0.0,1.0,0.0,0.0,0.5,0.105,0.697,0.5,0.509,0.123,0.704,0.518,0.0,0.0,-2.5,-5.29,2.25,0.0,-7.83,0.0,0.0,0.0,0.0,0.0,0.0,1.0,1.0,69.5,0.3,-64.7,14.4,0.0,0.0,0.0,0.0,0.0,0.0,0.0,0.0,170.0,145.0,170.0,170.0,13.0,13.0,17.0,62.0,15.0,6.0,1.0
59.232,65,274200.0,600.0,212.0,939.0,600.0,0.0,1.0,0.0,0.0,0.5,0.105,0.697,0.5,0.509,0.123,0.704,0.518,0.0,0.0,-2.38,-5.37,3.76,0.0,0.0,0.0,0.0,0.0,0.0,0.0,0.0,1.0,1.0,69.5,-1.1,-68.3,15.0,0.0,0.0,0.0,0.0,0.0,0.0,0.0,0.0,170.0,145.0,170.0,170.0,21.0,13.0,128.0,62.0,15.0,6.0,0.0
59.329,83,274283.0,600.0,212.0,978.0,600.0,0.0,1.0,0.0,0.0,0.5,0.108,0.713,0.5,0.509,0.126,0.719,0.518,0.0,0.0,-2.15,-5.17,4.23,0.0,0.0,0.0,0.0,0.0,0.0,0.0,0.0,1.0,1.0,58.2,-0.3,-56.4,13.6,0.0,0.0,0.0,0.0,0.0,0.0,0.0,0.0,170.0,145.0,170.0,170.0,21.0,13.0,128.0,62.0,15.0,6.0,0.0
59.4,65,274348.0,600.0,211.0,978.0,600.0,0.0,1.0,0.0,0.0,0.5,0.108,0.713,0.5,0.509,0.126,0.719,0.518,0.0,0.0,-2.19,-5.2,5.95,0.0,0.0,0.0,0.0,0.0,0.0,0.0,0.0,1.0,1.0,44.1,0.2,-46.8,11.6,0.0,0.0,0.0,0.0,0.0,0.0,0.0,0.0,170.0,145.0,170.0,170.0,21.0,13.0,128.0,62.0,15.0,6.0,1.0
59.465,81,274429.0,600.0,211.0,1015.0,600.0,0.0,1.0,0.0,0.0,0.5,0.109,0.728,0.5,0.509,0.127,0.734,0.518,0.0,0.0,-2.22,-5.22,5.79,0.0,0.0,0.0,0.0,0.0,0.0,0.0,0.0,1.0,1.0,34.6,0.1,-36.9,9.0,0.0,0.0,0.0,0.0,0.0,0.0,0.0,0.0,170.0,145.0,170.0,170.0,21.0,13.0,128.0,62.0,15.0,6.0,0.0
59.53,64,274493.0,600.0,212.0,1015.0,600.0,0.0,1.0,0.0,0.0,0.5,0.109,0.728,0.5,0.509,0.127,0.734,0.518,0.0,0.0,-2.2,-5.23,5.72,0.0,0.0,0.0,0.0,0.0,0.0,0.0,0.0,1.0,1.0,30.5,0.1,-32.0,7.9,0.0,0.0,0.0,0.0,0.0,0.0,0.0,0.0,170.0,145.0,170.0,170.0,21.0,13.0,128.0,62.0,15.0,6.0,0.0
59.628,84,274577.0,600.0,212.0,1036.0,600.0,0.0,1.0,0.0,0.0,0.5,0.11,0.739,0.5,0.509,0.128,0.746,0.518,0.0,0.0,-2.18,-5.27,5.73,0.0,0.0,0.0,0.0,0.0,0.0,0.0,0.0,1.0,1.0,30.5,0.1,-24.9,6.1,0.0,0.0,0.0,0.0,0.0,0.0,0.0,0.0,170.0,145.0,170.0,170.0,21.0,13.0,128.0,62.0,15.0,6.0,1.0
59.693,65,274642.0,600.0,214.0,1036.0,600.0,0.0,1.0,0.0,0.0,0.5,0.11,0.739,0.5,0.509,0.128,0.746,0.518,0.0,0.0,-2.18,-5.28,5.72,0.0,0.0,0.0,0.0,0.0,0.0,0.0,0.0,1.0,1.0,20.8,0.1,-22.0,5.4,0.0,0.0,0.0,0.0,0.0,0.0,0.0,0.0,170.0,145.0,170.0,170.0,21.0,13.0,128.0,62.0,15.0,6.0,0.0
59.764,83,274725.0,600.0,214.0,1051.0,600.0,0.0,1.0,0.0,0.0,0.5,0.112,0.747,0.5,0.509,0.13,0.755,0.518,0.0,0.0,-2.14,-5.31,5.72,0.0,0.0,0.0,0.0,0.0,0.0,0.0,0.0,1.0,1.0,18.3,0.1,-17.0,4.2,0.0,0.0,0.0,0.0,0.0,0.0,0.0,0.0,170.0,145.0,170.0,170.0,19.0,7.0,128.0,52.0,15.0,6.0,0.0
59.829,65,274790.0,600.0,212.0,1051.0,600.0,0.0,1.0,0.0,0.0,0.5,0.112,0.747,0.5,0.509,0.13,0.755,0.518,0.0,0.0,-2.13,-5.31,5.72,0.0,0.0,0.0,0.0,0.0,0.0,0.0,0.0,1.0,1.0,14.1,0.1,-14.9,3.7,0.0,0.0,0.0,0.0,0.0,0.0,0.0,0.0,170.0,145.0,170.0,170.0,19.0,7.0,128.0,52.0,15.0,6.0,0.0
59.922,80,274870.0,600.0,212.0,1056.0,600.0,0.0,1.0,0.0,0.0,0.5,0.111,0.752,0.5,0.509,0.13,0.76,0.518,0.0,0.0,-2.09,-5.33,5.71,0.0,0.0,0.0,0.0,0.0,0.0,0.0,0.0,1.0,1.0,14.1,0.0,-13.1,3.2,0.0,0.0,0.0,0.0,0.0,0.0,0.0,0.0,170.0,145.0,170.0,170.0,19.0,7.0,128.0,52.0,15.0,6.0,0.0
59.988,65,274935.0,600.0,209.0,1056.0,600.0,0.0,1.0,0.0,0.0,0.5,0.111,0.752,0.5,0.509,0.13,0.76,0.518,0.0,0.0,-2.07,-5.33,5.71,0.0,0.0,0.0,0.0,0.0,0.0,0.0,0.0,1.0,1.0,11.0,0.0,-11.6,2.8,0.0,0.0,0.0,0.0,0.0,0.0,0.0,0.0,170.0,145.0,170.0,170.0,19.0,7.0,128.0,52.0,15.0,6.0,0.0
60.052,81,275016.0,600.0,209.0,1031.0,600.0,0.0,1.0,0.0,0.0,0.5,0.11,0.749,0.5,0.509,0.128,0.759,0.518,0.0,0.0,-2.0,-5.34,5.7,0.0,0.0,0.0,0.0,0.0,0.0,0.0,0.0,1.0,1.0,9.6,0.0,-10.2,2.5,0.0,0.0,0.0,0.0,0.0,0.0,0.0,0.0,170.0,145.0,170.0,170.0,19.0,7.0,128.0,52.0,15.0,6.0,0.0
60.117,65,275081.0,600.0,208.0,1031.0,600.0,0.0,1.0,0.0,0.0,0.5,0.11,0.749,0.5,0.509,0.128,0.759,0.518,0.0,0.0,-1.99,-5.34,5.69,0.0,0.0,0.0,0.0,0.0,0.0,0.0,0.0,1.0,1.0,8.5,0.0,-9.0,2.2,0.0,0.0,0.0,0.0,0.0,0.0,0.0,0.0,170.0,145.0,170.0,170.0,19.0,7.0,128.0,52.0,15.0,6.0,0.0
60.216,82,275163.0,600.0,208.0,940.0,600.0,0.0,1.0,0.0,0.0,0.5,0.109,0.728,0.5,0.509,0.127,0.741,0.518,0.0,0.0,-1.93,-5.34,5.69,0.0,0.0,0.0,0.0,0.0,0.0,0.0,0.0,1.0,1.0,8.5,0.0,-6.9,1.7,0.0,0.0,0.0,0.0,0.0,0.0,0.0,0.0,170.0,145.0,170.0,170.0,19.0,7.0,128.0,52.0,15.0,6.0,0.0
60.281,64,275227.0,600.0,208.0,940.0,600.0,0.0,1.0,0.0,0.0,0.5,0.109,0.728,0.5,0.509,0.127,0.741,0.518,0.0,0.0,-1.91,-5.34,5.69,0.0,0.0,0.0,0.0,0.0,0.0,0.0,0.0,1.0,1.0,6.6,0.0,-6.1,1.5,0.0,0.0,0.0,0.0,0.0,0.0,0.0,0.0,170.0,145.0,170.0,170.0,19.0,7.0,128.0,52.0,15.0,6.0,0.0
60.345,83,275310.0,600.0,208.0,946.0,600.0,0.0,1.0,0.0,0.0,0.5,0.108,0.72,0.5,0.509,0.126,0.731,0.518,0.0,0.0,-1.86,-5.34,5.68,0.0,0.0,0.0,0.0,0.0,0.0,0.0,0.0,1.0,1.0,5.8,0.0,-5.4,1.3,0.0,0.0,0.0,0.0,0.0,0.0,0.0,0.0,170.0,145.0,170.0,170.0,19.0,7.0,128.0,52.0,15.0,6.0,1.0
60.409,66,275376.0,600.0,209.0,946.0,600.0,0.0,1.0,0.0,0.0,0.5,0.108,0.72,0.5,0.509,0.126,0.731,0.518,0.0,0.0,-1.84,-5.34,5.68,0.0,0.0,0.0,0.0,0.0,0.0,0.0,0.0,1.0,1.0,4.5,0.0,-4.7,1.2,0.0,0.0,0.0,0.0,0.0,0.0,0.0,0.0,170.0,145.0,170.0,170.0,19.0,7.0,128.0,52.0,15.0,6.0,0.0
60.505,81,275457.0,600.0,209.0,941.0,600.0,0.0,1.0,0.0,0.0,0.5,0.108,0.715,0.5,0.509,0.126,0.725,0.518,0.0,0.0,-1.79,-5.35,5.67,0.0,0.0,0.0,0.0,0.0,0.0,0.0,0.0,1.0,1.0,4.5,0.0,-4.2,1.0,0.0,0.0,0.0,0.0,0.0,0.0,0.0,0.0,170.0,145.0,170.0,170.0,19.0,7.0,128.0,52.0,15.0,6.0,0.0
60.571,65,275522.0,600.0,209.0,941.0,600.0,0.0,1.0,0.0,0.0,0.5,0.108,0.715,0.5,0.509,0.126,0.725,0.518,0.0,0.0,-1.79,-5.35,5.67,0.0,0.0,0.0,0.0,0.0,0.0,0.0,0.0,1.0,1.0,3.9,0.0,-3.7,0.9,0.0,0.0,0.0,0.0,0.0,0.0,0.0,0.0,170.0,145.0,170.0,170.0,19.0,7.0,128.0,52.0,15.0,6.0,0.0
60.636,76,275598.0,600.0,209.0,934.0,600.0,0.0,1.0,0.0,0.0,0.5,0.108,0.711,0.5,0.509,0.126,0.721,0.518,0.0,0.0,-1.79,-5.35,5.67,0.0,0.0,0.0,0.0,0.0,0.0,0.0,0.0,1.0,1.0,3.1,0.0,-3.2,0.8,0.0,0.0,0.0,0.0,0.0,0.0,0.0,0.0,170.0,145.0,170.0,170.0,19.0,7.0,128.0,52.0,15.0,6.0,0.0
60.699,64,275662.0,600.0,209.0,934.0,600.0,0.0,1.0,0.0,0.0,0.5,0.108,0.711,0.5,0.509,0.126,0.721,0.518,0.0,0.0,-1.72,-5.35,5.66,0.0,0.0,0.0,0.0,0.0,0.0,0.0,0.0,1.0,1.0,3.1,0.0,-2.8,0.7,0.0,0.0,0.0,0.0,0.0,0.0,0.0,0.0,170.0,145.0,170.0,170.0,19.0,7.0,128.0,52.0,15.0,6.0,0.0
60.803,82,275744.0,600.0,209.0,928.0,600.0,0.0,1.0,0.0,0.0,0.5,0.108,0.708,0.5,0.509,0.126,0.717,0.518,0.0,0.0,-1.69,-5.35,5.66,0.0,0.0,0.0,0.0,0.0,0.0,0.0,0.0,1.0,1.0,2.4,0.0,-2.2,0.5,0.0,0.0,0.0,0.0,0.0,0.0,0.0,0.0,170.0,145.0,170.0,170.0,19.0,7.0,128.0,52.0,15.0,6.0,0.0
60.836,64,275808.0,600.0,208.0,928.0,600.0,0.0,1.0,0.0,0.0,0.5,0.108,0.708,0.5,0.509,0.126,0.717,0.518,0.0,0.0,-1.68,-5.35,5.66,0.0,0.0,0.0,0.0,0.0,0.0,0.0,0.0,1.0,1.0,2.1,0.0,-1.9,0.5,0.0,0.0,0.0,0.0,0.0,0.0,0.0,0.0,170.0,145.0,170.0,170.0,19.0,7.0,128.0,52.0,15.0,6.0,0.0
60.931,82,275890.0,600.0,208.0,1014.0,600.0,0.0,1.0,0.0,0.0,0.5,0.108,0.726,0.5,0.509,0.126,0.732,0.518,0.0,0.0,-1.67,-5.35,5.66,0.0,0.0,0.0,0.0,0.0,0.0,0.0,0.0,1.0,1.0,1.4,0.0,-1.5,0.4,0.0,0.0,0.0,0.0,0.0,0.0,0.0,0.0,170.0,145.0,170.0,170.0,19.0,7.0,128.0,52.0,15.0,6.0,0.0
60.996,63,275953.0,600.0,207.0,1014.0,600.0,0.0,1.0,0.0,0.0,0.5,0.108,0.726,0.5,0.509,0.126,0.732,0.518,0.0,0.0,-1.64,-5.36,5.65,0.0,0.0,0.0,0.0,0.0,0.0,0.0,0.0,1.0,1.0,1.2,0.0,-1.3,0.3,0.0,0.0,0.0,0.0,0.0,0.0,0.0,0.0,170.0,145.0,170.0,170.0,19.0,7.0,128.0,52.0,15.0,6.0,0.0
61.061,81,276034.0,600.0,207.0,1019.0,600.0,0.0,1.0,0.0,0.0,0.5,0.107,0.735,0.5,0.509,0.125,0.742,0.518,0.0,0.0,-1.62,-5.36,5.65,0.0,0.0,0.0,0.0,0.0,0.0,0.0,0.0,1.0,1.0,1.0,0.0,-1.0,0.3,0.0,0.0,0.0,0.0,0.0,0.0,0.0,0.0,170.0,145.0,170.0,170.0,19.0,7.0,128.0,52.0,15.0,6.0,0.0
61.126,58,276092.0,600.0,208.0,1019.0,600.0,0.0,1.0,0.0,0.0,0.5,0.107,0.735,0.5,0.509,0.125,0.742,0.518,0.0,0.0,-1.62,-5.36,5.65,0.0,0.0,0.0,0.0,0.0,0.0,0.0,0.0,1.0,1.0,1.0,0.0,-0.9,0.2,0.0,0.0,0.0,0.0,0.0,0.0,0.0,0.0,170.0,145.0,170.0,170.0,19.0,7.0,128.0,52.0,15.0,6.0,1.0
61.224,80,276172.0,600.0,208.0,1027.0,600.0,0.0,1.0,0.0,0.0,0.5,0.107,0.74,0.5,0.509,0.125,0.748,0.518,0.0,0.0,-1.6,-5.36,5.65,0.0,0.0,0.0,0.0,0.0,0.0,0.0,0.0,1.0,1.0,0.8,0.0,-0.8,0.2,0.0,0.0,0.0,0.0,0.0,0.0,0.0,0.0,170.0,145.0,170.0,170.0,19.0,7.0,128.0,52.0,15.0,6.0,0.0
61.289,64,276236.0,600.0,208.0,1027.0,600.0,0.0,1.0,0.0,0.0,0.5,0.107,0.74,0.5,0.509,0.125,0.748,0.518,0.0,0.0,-1.59,-5.36,5.65,0.0,0.0,0.0,0.0,0.0,0.0,0.0,0.0,1.0,1.0,0.7,0.0,-0.7,0.2,0.0,0.0,0.0,0.0,0.0,0.0,0.0,0.0,170.0,145.0,170.0,170.0,19.0,7.0,128.0,52.0,15.0,6.0,1.0
61.356,85,276321.0,600.0,208.0,940.0,600.0,0.0,1.0,0.0,0.0,0.5,0.107,0.724,0.5,0.509,0.125,0.736,0.518,0.0,0.0,-1.57,-5.37,5.64,0.0,0.0,0.0,0.0,0.0,0.0,0.0,0.0,1.0,1.0,0.6,0.0,-0.6,0.2,0.0,0.0,0.0,0.0,0.0,0.0,0.0,0.0,170.0,145.0,170.0,170.0,19.0,7.0,128.0,52.0,15.0,6.0,1.0
61.421,63,276384.0,600.0,208.0,940.0,600.0,0.0,1.0,0.0,0.0,0.5,0.107,0.724,0.5,0.509,0.125,0.736,0.518,0.0,0.0,-1.57,-5.37,5.64,0.0,0.0,0.0,0.0,0.0,0.0,0.0,0.0,1.0,1.0,0.6,0.0,-0.5,0.1,0.0,0.0,0.0,0.0,0.0,0.0,0.0,0.0,170.0,145.0,170.0,170.0,19.0,7.0,128.0,52.0,15.0,6.0,0.0
61.516,83,276467.0,600.0,208.0,873.0,600.0,0.0,1.0,0.0,0.0,0.5,0.107,0.7,0.5,0.509,0.125,0.713,0.518,0.0,0.0,-1.54,-5.37,5.64,0.0,0.0,0.0,0.0,0.0,0.0,0.0,0.0,1.0,1.0,0.5,0.0,-0.4,0.1,0.0,0.0,0.0,0.0,0.0,0.0,0.0,0.0,170.0,145.0,170.0,170.0,19.0,7.0,128.0,52.0,15.0,6.0,1.0
61.58,63,276530.0,600.0,207.0,873.0,600.0,0.0,1.0,0.0,0.0,0.5,0.107,0.7,0.5,0.509,0.125,0.713,0.518,0.0,0.0,-1.53,-5.37,5.64,0.0,0.0,0.0,0.0,0.0,0.0,0.0,0.0,1.0,1.0,0.3,0.0,-0.4,0.1,0.0,0.0,0.0,0.0,0.0,0.0,0.0,0.0,170.0,145.0,170.0,170.0,19.0,7.0,128.0,52.0,15.0,6.0,0.0
61.646,81,276611.0,600.0,207.0,875.0,600.0,0.0,1.0,0.0,0.0,0.5,0.107,0.689,0.5,0.509,0.124,0.7,0.517,0.0,0.0,-1.53,-5.37,5.64,0.0,0.0,0.0,0.0,0.0,0.0,0.0,0.0,1.0,1.0,0.3,0.0,-0.3,0.1,0.0,0.0,0.0,0.0,0.0,0.0,0.0,0.0,170.0,145.0,170.0,170.0,19.0,7.0,128.0,52.0,15.0,6.0,0.0
61.708,63,276674.0,600.0,209.0,875.0,600.0,0.0,1.0,0.0,0.0,0.5,0.107,0.689,0.5,0.509,0.124,0.7,0.517,0.0,0.0,-1.52,-5.36,5.63,0.0,0.0,0.0,0.0,0.0,0.0,0.0,0.0,1.0,1.0,0.2,0.0,-0.2,0.1,0.0,0.0,0.0,0.0,0.0,0.0,0.0,0.0,170.0,145.0,170.0,170.0,19.0,7.0,128.0,52.0,15.0,6.0,0.0
61.809,82,276756.0,600.0,209.0,869.0,600.0,0.0,1.0,0.0,0.0,0.5,0.107,0.683,0.5,0.509,0.125,0.693,0.517,0.0,0.0,-1.51,-5.37,5.63,0.0,0.0,0.0,0.0,0.0,0.0,0.0,0.0,1.0,1.0,0.2,0.0,-0.2,0.0,0.0,0.0,0.0,0.0,0.0,0.0,0.0,0.0,170.0,145.0,170.0,170.0,19.0,7.0,128.0,52.0,15.0,6.0,0.0
61.875,64,276820.0,600.0,205.0,869.0,600.0,0.0,1.0,0.0,0.0,0.5,0.107,0.683,0.5,0.509,0.125,0.693,0.517,0.0,0.0,-1.5,-5.37,5.64,0.0,0.0,0.0,0.0,0.0,0.0,0.0,0.0,1.0,1.0,0.2,0.0,-0.2,0.0,0.0,0.0,0.0,0.0,0.0,0.0,0.0,0.0,170.0,145.0,170.0,170.0,19.0,7.0,128.0,52.0,15.0,6.0,0.0
61.941,83,276903.0,600.0,205.0,874.0,600.0,0.0,1.0,0.0,0.0,0.5,0.106,0.681,0.5,0.509,0.124,0.69,0.517,0.0,0.0,-1.5,-5.37,5.64,0.0,0.0,0.0,0.0,0.0,0.0,0.0,0.0,1.0,1.0,0.1,0.0,-0.1,0.0,0.0,0.0,0.0,0.0,0.0,0.0,0.0,0.0,170.0,145.0,170.0,170.0,19.0,7.0,128.0,52.0,15.0,6.0,0.0
62.01,64,276967.0,600.0,208.0,874.0,600.0,0.0,1.0,0.0,0.0,0.5,0.106,0.681,0.5,0.509,0.124,0.69,0.517,0.0,0.0,-1.5,-5.38,5.64,0.0,0.0,0.0,0.0,0.0,0.0,0.0,0.0,1.0,1.0,0.1,0.0,-0.1,0.0,0.0,0.0,0.0,0.0,0.0,0.0,0.0,0.0,170.0,145.0,170.0,170.0,19.0,7.0,128.0,52.0,15.0,6.0,0.0
62.106,82,277049.0,600.0,208.0,874.0,600.0,0.0,1.0,0.0,0.0,0.5,0.107,0.68,0.5,0.509,0.124,0.689,0.517,0.0,0.0,-1.49,-5.38,5.64,0.0,0.0,0.0,0.0,0.0,0.0,0.0,0.0,1.0,1.0,0.1,0.0,-0.1,0.0,0.0,0.0,0.0,0.0,0.0,0.0,0.0,0.0,170.0,145.0,170.0,170.0,19.0,7.0,128.0,52.0,15.0,6.0,1.0
62.139,64,277113.0,600.0,210.0,874.0,600.0,0.0,1.0,0.0,0.0,0.5,0.107,0.68,0.5,0.509,0.124,0.689,0.517,0.0,0.0,-1.49,-5.38,5.64,0.0,0.0,0.0,0.0,0.0,0.0,0.0,0.0,1.0,1.0,0.1,0.0,-0.1,0.0,0.0,0.0,0.0,0.0,0.0,0.0,0.0,0.0,170.0,145.0,170.0,170.0,19.0,7.0,128.0,52.0,15.0,6.0,1.0
62.234,81,277194.0,600.0,210.0,955.0,600.0,0.0,1.0,0.0,0.0,0.5,0.108,0.7,0.5,0.509,0.125,0.706,0.518,0.0,0.0,-1.48,-5.38,5.63,0.0,0.0,0.0,0.0,0.0,0.0,0.0,0.0,1.0,1.0,0.1,0.0,-0.1,0.0,0.0,0.0,0.0,0.0,0.0,0.0,0.0,0.0,170.0,145.0,170.0,170.0,19.0,7.0,128.0,52.0,15.0,6.0,0.0
62.298,66,277260.0,600.0,210.0,955.0,600.0,0.0,1.0,0.0,0.0,0.5,0.108,0.7,0.5,0.509,0.125,0.706,0.518,0.0,0.0,-1.48,-5.38,5.63,0.0,0.0,0.0,0.0,0.0,0.0,0.0,0.0,1.0,1.0,0.1,0.0,-0.1,0.0,0.0,0.0,0.0,0.0,0.0,0.0,0.0,0.0,170.0,145.0,170.0,170.0,19.0,7.0,128.0,52.0,15.0,6.0,1.0
62.396,84,277344.0,600.0,210.0,866.0,600.0,0.0,1.0,0.0,0.0,0.5,0.108,0.687,0.5,0.509,0.126,0.698,0.517,0.0,0.0,-1.48,-5.38,5.63,0.0,0.0,0.0,0.0,0.0,0.0,0.0,0.0,1.0,1.0,0.0,0.0,-0.0,0.0,0.0,0.0,0.0,0.0,0.0,0.0,0.0,0.0,170.0,145.0,170.0,170.0,19.0,7.0,128.0,52.0,15.0,6.0,0.0
62.461,65,277409.0,600.0,210.0,866.0,600.0,0.0,1.0,0.0,0.0,0.5,0.108,0.687,0.5,0.509,0.126,0.698,0.517,0.0,0.0,-1.48,-5.38,5.63,0.0,0.0,0.0,0.0,0.0,0.0,0.0,0.0,1.0,1.0,0.0,0.0,-0.0,0.0,0.0,0.0,0.0,0.0,0.0,0.0,0.0,0.0,170.0,145.0,170.0,170.0,19.0,7.0,128.0,52.0,15.0,6.0,0.0
62.524,83,277492.0,600.0,210.0,884.0,600.0,0.0,1.0,0.0,0.0,0.5,0.109,0.686,0.5,0.509,0.126,0.695,0.517,0.0,0.0,-1.48,-5.38,5.63,0.0,0.0,0.0,0.0,0.0,0.0,0.0,0.0,1.0,1.0,0.0,0.0,-0.0,0.0,0.0,0.0,0.0,0.0,0.0,0.0,0.0,0.0,170.0,145.0,170.0,170.0,19.0,7.0,128.0,52.0,15.0,6.0,1.0
62.587,65,277557.0,600.0,210.0,884.0,600.0,0.0,1.0,0.0,0.0,0.5,0.109,0.686,0.5,0.509,0.126,0.695,0.517,0.0,0.0,-1.48,-5.38,5.63,0.0,0.0,0.0,0.0,0.0,0.0,0.0,0.0,1.0,1.0,0.0,0.0,-0.0,0.0,0.0,0.0,0.0,0.0,0.0,0.0,0.0,0.0,170.0,145.0,170.0,170.0,19.0,7.0,128.0,52.0,15.0,6.0,1.0
62.682,81,277638.0,600.0,210.0,896.0,600.0,0.0,1.0,0.0,0.0,0.5,0.109,0.688,0.5,0.509,0.127,0.697,0.517,0.0,0.0,-1.48,-5.38,5.63,0.0,0.0,0.0,0.0,0.0,0.0,0.0,0.0,1.0,1.0,0.0,0.0,-0.0,0.0,0.0,0.0,0.0,0.0,0.0,0.0,0.0,0.0,170.0,145.0,170.0,170.0,19.0,7.0,128.0,52.0,15.0,6.0,0.0
62.747,65,277703.0,600.0,209.0,896.0,600.0,0.0,1.0,0.0,0.0,0.5,0.109,0.688,0.5,0.509,0.127,0.697,0.517,0.0,0.0,-1.48,-5.38,5.63,0.0,0.0,0.0,0.0,0.0,0.0,0.0,0.0,1.0,1.0,0.0,0.0,-0.0,0.0,0.0,0.0,0.0,0.0,0.0,0.0,0.0,0.0,170.0,145.0,170.0,170.0,19.0,7.0,128.0,52.0,15.0,6.0,0.0
62.811,83,277786.0,600.0,209.0,989.0,600.0,0.0,1.0,0.0,0.0,0.5,0.109,0.711,0.5,0.509,0.127,0.717,0.518,0.0,0.0,-1.47,-5.38,5.63,0.0,0.0,0.0,0.0,0.0,0.0,0.0,0.0,1.0,1.0,0.0,0.0,-0.0,0.0,0.0,0.0,0.0,0.0,0.0,0.0,0.0,0.0,170.0,145.0,170.0,170.0,19.0,7.0,128.0,52.0,15.0,6.0,1.0
62.878,64,277850.0,600.0,210.0,989.0,600.0,0.0,1.0,0.0,0.0,0.5,0.109,0.711,0.5,0.509,0.127,0.717,0.518,0.0,0.0,-1.47,-5.38,5.63,0.0,0.0,0.0,0.0,0.0,0.0,0.0,0.0,1.0,1.0,0.0,0.0,-0.0,0.0,0.0,0.0,0.0,0.0,0.0,0.0,0.0,0.0,170.0,145.0,170.0,170.0,19.0,7.0,128.0,52.0,15.0,6.0,0.0
62.979,81,277931.0,600.0,210.0,996.0,600.0,0.0,1.0,0.0,0.0,0.5,0.109,0.723,0.5,0.509,0.127,0.73,0.518,0.0,0.0,-1.46,-5.37,5.63,0.0,0.0,0.0,0.0,0.0,0.0,0.0,0.0,1.0,1.0,0.0,0.0,-0.0,0.0,0.0,0.0,0.0,0.0,0.0,0.0,0.0,0.0,170.0,145.0,170.0,170.0,19.0,7.0,128.0,52.0,15.0,6.0,0.0
63.041,64,277995.0,600.0,210.0,996.0,600.0,0.0,1.0,0.0,0.0,0.5,0.109,0.723,0.5,0.509,0.127,0.73,0.518,0.0,0.0,-1.46,-5.37,5.63,0.0,0.0,0.0,0.0,0.0,0.0,0.0,0.0,1.0,1.0,0.0,0.0,-0.0,0.0,0.0,0.0,0.0,0.0,0.0,0.0,0.0,0.0,170.0,145.0,170.0,170.0,19.0,7.0,128.0,52.0,15.0,6.0,0.0
63.104,83,278078.0,600.0,210.0,1095.0,600.0,0.0,1.0,0.0,0.0,0.5,0.109,0.748,0.5,0.509,0.127,0.753,0.518,0.0,0.0,-1.45,-5.37,5.63,0.0,0.0,0.0,0.0,0.0,0.0,0.0,0.0,1.0,1.0,0.0,0.0,-0.0,0.0,0.0,0.0,0.0,0.0,0.0,0.0,0.0,0.0,170.0,145.0,170.0,170.0,19.0,7.0,128.0,52.0,15.0,6.0,0.0
63.202,68,278146.0,600.0,209.0,1095.0,600.0,0.0,1.0,0.0,0.0,0.5,0.109,0.748,0.5,0.509,0.127,0.753,0.518,0.0,0.0,-1.45,-5.37,5.63,0.0,0.0,0.0,0.0,0.0,0.0,0.0,0.0,1.0,1.0,0.0,0.0,0.0,0.0,0.0,0.0,0.0,0.0,0.0,0.0,0.0,0.0,170.0,145.0,170.0,170.0,19.0,7.0,128.0,52.0,15.0,6.0,0.0
63.265,82,278228.0,600.0,209.0,1074.0,600.0,0.0,1.0,0.0,0.0,0.5,0.109,0.756,0.5,0.509,0.127,0.763,0.518,0.0,0.0,-1.45,-5.36,5.63,0.0,0.0,0.0,0.0,0.0,0.0,0.0,0.0,1.0,1.0,0.0,0.0,-0.0,0.0,0.0,0.0,0.0,0.0,0.0,0.0,0.0,0.0,170.0,145.0,170.0,170.0,19.0,7.0,128.0,52.0,15.0,6.0,1.0
63.331,65,278293.0,600.0,211.0,1074.0,600.0,0.0,1.0,0.0,0.0,0.5,0.109,0.756,0.5,0.509,0.127,0.763,0.518,0.0,0.0,-1.44,-5.36,5.63,0.0,0.0,0.0,0.0,0.0,0.0,0.0,0.0,1.0,1.0,0.0,0.0,0.0,0.0,0.0,0.0,0.0,0.0,0.0,0.0,0.0,0.0,170.0,145.0,170.0,170.0,19.0,7.0,128.0,52.0,15.0,6.0,0.0
63.432,82,278375.0,600.0,211.0,1030.0,600.0,0.0,1.0,0.0,0.0,0.5,0.109,0.751,0.5,0.509,0.128,0.76,0.518,0.0,0.0,-1.44,-5.36,5.63,0.0,0.0,0.0,0.0,0.0,0.0,0.0,0.0,1.0,1.0,0.0,0.0,0.0,0.0,0.0,0.0,0.0,0.0,0.0,0.0,0.0,0.0,170.0,145.0,170.0,170.0,19.0,7.0,128.0,52.0,15.0,6.0,0.0
63.464,65,278440.0,600.0,210.0,1030.0,600.0,0.0,1.0,0.0,0.0,0.5,0.109,0.751,0.5,0.509,0.128,0.76,0.518,0.0,0.0,-1.44,-5.36,5.63,0.0,0.0,0.0,0.0,0.0,0.0,0.0,0.0,1.0,1.0,0.0,0.0,0.0,0.0,0.0,0.0,0.0,0.0,0.0,0.0,0.0,0.0,170.0,145.0,170.0,170.0,19.0,7.0,128.0,52.0,15.0,6.0,1.0
63.57,84,278524.0,600.0,210.0,1033.0,600.0,0.0,1.0,0.0,0.0,0.5,0.109,0.749,0.5,0.509,0.128,0.758,0.518,0.0,0.0,-1.44,-5.36,5.63,0.0,0.0,0.0,0.0,0.0,0.0,0.0,0.0,1.0,1.0,0.0,0.0,0.0,0.0,0.0,0.0,0.0,0.0,0.0,0.0,0.0,0.0,170.0,145.0,170.0,170.0,19.0,7.0,128.0,52.0,15.0,6.0,0.0
63.635,65,278589.0,600.0,208.0,1033.0,600.0,0.0,1.0,0.0,0.0,0.5,0.109,0.749,0.5,0.509,0.128,0.758,0.518,0.0,0.0,-1.44,-5.36,5.63,0.0,0.0,0.0,0.0,0.0,0.0,0.0,0.0,1.0,1.0,0.0,0.0,-0.0,0.0,0.0,0.0,0.0,0.0,0.0,0.0,0.0,0.0,170.0,145.0,170.0,170.0,19.0,7.0,128.0,52.0,15.0,6.0,0.0
63.699,84,278673.0,600.0,208.0,1023.0,600.0,0.0,1.0,0.0,0.0,0.5,0.108,0.746,0.5,0.509,0.127,0.756,0.518,0.0,0.0,-1.43,-5.36,5.63,0.0,0.0,0.0,0.0,0.0,0.0,0.0,0.0,1.0,1.0,0.0,0.0,0.0,0.0,0.0,0.0,0.0,0.0,0.0,0.0,0.0,0.0,170.0,145.0,170.0,170.0,19.0,7.0,128.0,52.0,15.0,6.0,1.0
63.765,65,278738.0,600.0,209.0,1023.0,600.0,0.0,1.0,0.0,0.0,0.5,0.108,0.746,0.5,0.509,0.127,0.756,0.518,0.0,0.0,-1.43,-5.36,5.63,0.0,0.0,0.0,0.0,0.0,0.0,0.0,0.0,1.0,1.0,0.0,0.0,-0.0,0.0,0.0,0.0,0.0,0.0,0.0,0.0,0.0,0.0,170.0,145.0,170.0,170.0,19.0,7.0,128.0,52.0,15.0,6.0,0.0
63.862,82,278820.0,600.0,209.0,1006.0,600.0,0.0,1.0,0.0,0.0,0.5,0.108,0.742,0.5,0.509,0.126,0.751,0.518,0.0,0.0,-1.44,-5.36,5.63,0.0,0.0,0.0,0.0,0.0,0.0,0.0,0.0,1.0,1.0,0.0,0.0,0.3,0.0,0.0,0.0,0.0,0.0,0.0,0.0,0.0,0.0,170.0,145.0,170.0,170.0,19.0,7.0,128.0,52.0,15.0,6.0,0.0
63.928,65,278885.0,600.0,209.0,1006.0,600.0,0.0,1.0,0.0,0.0,0.5,0.108,0.742,0.5,0.509,0.126,0.751,0.518,0.0,0.0,-1.44,-5.36,5.63,0.0,0.0,0.0,0.0,0.0,0.0,0.0,0.0,1.0,1.0,0.0,0.0,0.2,0.0,0.0,0.0,0.0,0.0,0.0,0.0,0.0,0.0,170.0,145.0,170.0,170.0,19.0,7.0,128.0,52.0,15.0,6.0,0.0
64.001,83,278968.0,600.0,209.0,1008.0,600.0,0.0,1.0,0.0,0.0,0.5,0.108,0.74,0.5,0.509,0.126,0.749,0.518,0.0,0.0,-1.44,-5.36,5.63,0.0,0.0,0.0,0.0,0.0,0.0,0.0,0.0,1.0,1.0,0.0,0.0,-0.1,0.0,0.0,0.0,0.0,0.0,0.0,0.0,0.0,0.0,170.0,145.0,170.0,170.0,19.0,7.0,128.0,52.0,15.0,6.0,1.0
64.066,63,279031.0,600.0,209.0,1008.0,600.0,0.0,1.0,0.0,0.0,0.5,0.108,0.74,0.5,0.509,0.126,0.749,0.518,0.0,0.0,-1.44,-5.36,5.63,0.0,0.0,0.0,0.0,0.0,0.0,0.0,0.0,1.0,1.0,0.0,0.0,-0.1,0.0,0.0,0.0,0.0,0.0,0.0,0.0,0.0,0.0,170.0,145.0,170.0,170.0,19.0,7.0,128.0,52.0,15.0,6.0,0.0
64.169,81,279112.0,600.0,209.0,1029.0,600.0,0.0,1.0,0.0,0.0,0.5,0.108,0.743,0.5,0.509,0.126,0.752,0.518,0.0,0.0,-1.45,-5.36,5.63,0.0,0.0,0.0,0.0,0.0,0.0,0.0,0.0,1.0,1.0,0.0,0.0,-0.5,0.0,0.0,0.0,0.0,0.0,0.0,0.0,0.0,0.0,170.0,145.0,170.0,170.0,19.0,7.0,128.0,52.0,15.0,6.0,0.0
64.203,65,279177.0,600.0,209.0,1029.0,600.0,0.0,1.0,0.0,0.0,0.5,0.108,0.743,0.5,0.509,0.126,0.752,0.518,0.0,0.0,-1.45,-5.36,5.63,0.0,0.0,0.0,0.0,0.0,0.0,0.0,0.0,1.0,1.0,0.0,0.0,-0.4,0.0,0.0,0.0,0.0,0.0,0.0,0.0,0.0,0.0,170.0,145.0,170.0,170.0,19.0,7.0,128.0,52.0,15.0,6.0,0.0
64.3,82,279259.0,600.0,209.0,1014.0,600.0,0.0,1.0,0.0,0.0,0.5,0.108,0.742,0.5,0.509,0.126,0.751,0.518,0.0,0.0,-1.45,-5.36,5.63,0.0,0.0,0.0,0.0,0.0,0.0,0.0,0.0,1.0,1.0,0.0,0.0,-0.7,0.0,0.0,0.0,0.0,0.0,0.0,0.0,0.0,0.0,170.0,145.0,170.0,170.0,19.0,7.0,128.0,52.0,15.0,6.0,0.0
64.373,65,279324.0,600.0,207.0,1014.0,600.0,0.0,1.0,0.0,0.0,0.5,0.108,0.742,0.5,0.509,0.126,0.751,0.518,0.0,0.0,-1.45,-5.36,5.63,0.0,0.0,0.0,0.0,0.0,0.0,0.0,0.0,1.0,1.0,0.0,0.0,-0.6,0.0,0.0,0.0,0.0,0.0,0.0,0.0,0.0,0.0,170.0,145.0,170.0,170.0,19.0,7.0,128.0,52.0,15.0,6.0,0.0
64.437,84,279408.0,600.0,207.0,1027.0,600.0,0.0,1.0,0.0,0.0,0.5,0.107,0.744,0.5,0.509,0.126,0.753,0.518,0.0,0.0,-1.45,-5.36,5.63,0.0,0.0,0.0,0.0,0.0,0.0,0.0,0.0,1.0,1.0,0.0,0.0,-0.5,0.0,0.0,0.0,0.0,0.0,0.0,0.0,0.0,0.0,170.0,145.0,170.0,170.0,19.0,7.0,128.0,52.0,15.0,6.0,0.0
64.502,65,279473.0,600.0,210.0,1027.0,600.0,0.0,1.0,0.0,0.0,0.5,0.107,0.744,0.5,0.509,0.126,0.753,0.518,0.0,0.0,-1.44,-5.36,5.63,0.0,0.0,0.0,0.0,0.0,0.0,0.0,0.0,1.0,1.0,0.0,0.0,-0.4,0.0,0.0,0.0,0.0,0.0,0.0,0.0,0.0,0.0,170.0,145.0,170.0,170.0,19.0,7.0,128.0,52.0,15.0,6.0,0.0
64.601,80,279553.0,600.0,210.0,1058.0,600.0,0.0,1.0,0.0,0.0,0.5,0.108,0.751,0.5,0.509,0.127,0.759,0.518,0.0,0.0,-1.44,-5.36,5.63,0.0,0.0,0.0,0.0,0.0,0.0,0.0,0.0,1.0,1.0,0.0,0.0,-0.4,0.0,0.0,0.0,0.0,0.0,0.0,0.0,0.0,0.0,170.0,145.0,170.0,170.0,19.0,7.0,128.0,52.0,15.0,6.0,1.0
64.664,64,279617.0,600.0,211.0,1058.0,600.0,0.0,1.0,0.0,0.0,0.5,0.108,0.751,0.5,0.509,0.127,0.759,0.518,0.0,0.0,-1.44,-5.36,5.63,0.0,0.0,0.0,0.0,0.0,0.0,0.0,0.0,1.0,1.0,0.0,0.0,-0.3,0.0,0.0,0.0,0.0,0.0,0.0,0.0,0.0,0.0,170.0,145.0,170.0,170.0,19.0,7.0,128.0,52.0,15.0,6.0,0.0
64.726,82,279699.0,600.0,211.0,1060.0,600.0,0.0,1.0,0.0,0.0,0.5,0.109,0.754,0.5,0.509,0.127,0.763,0.518,0.0,0.0,-1.44,-5.36,5.63,0.0,0.0,0.0,0.0,0.0,0.0,0.0,0.0,1.0,1.0,0.0,0.0,-0.3,0.0,0.0,0.0,0.0,0.0,0.0,0.0,0.0,0.0,170.0,145.0,170.0,170.0,19.0,7.0,128.0,52.0,15.0,6.0,0.0
64.789,64,279763.0,600.0,210.0,1060.0,600.0,0.0,1.0,0.0,0.0,0.5,0.109,0.754,0.5,0.509,0.127,0.763,0.518,0.0,0.0,-1.44,-5.36,5.63,0.0,0.0,0.0,0.0,0.0,0.0,0.0,0.0,1.0,1.0,0.0,0.0,-0.2,0.0,0.0,0.0,0.0,0.0,0.0,0.0,0.0,0.0,170.0,145.0,170.0,170.0,19.0,7.0,128.0,52.0,15.0,6.0,0.0
64.887,83,279846.0,600.0,210.0,1062.0,600.0,0.0,1.0,0.0,0.0,0.5,0.109,0.756,0.5,0.509,0.128,0.765,0.518,0.0,0.0,-1.45,-5.36,5.63,0.0,0.0,0.0,0.0,0.0,0.0,0.0,0.0,1.0,1.0,0.0,0.0,-0.2,0.0,0.0,0.0,0.0,0.0,0.0,0.0,0.0,0.0,170.0,145.0,170.0,170.0,19.0,7.0,128.0,52.0,15.0,6.0,0.0
64.952,64,279910.0,600.0,210.0,1062.0,600.0,0.0,1.0,0.0,0.0,0.5,0.109,0.756,0.5,0.509,0.128,0.765,0.518,0.0,0.0,-1.45,-5.36,5.63,0.0,0.0,0.0,0.0,0.0,0.0,0.0,0.0,1.0,1.0,0.0,0.0,-0.2,0.0,0.0,0.0,0.0,0.0,0.0,0.0,0.0,0.0,170.0,145.0,170.0,170.0,19.0,7.0,128.0,52.0,15.0,6.0,0.0
65.017,82,279992.0,600.0,210.0,1069.0,600.0,0.0,1.0,0.0,0.0,0.5,0.109,0.759,0.5,0.509,0.128,0.767,0.518,0.0,0.0,-1.45,-5.36,5.63,0.0,0.0,0.0,0.0,0.0,0.0,0.0,0.0,1.0,1.0,0.0,0.0,-0.1,0.0,0.0,0.0,0.0,0.0,0.0,0.0,0.0,0.0,170.0,145.0,170.0,170.0,19.0,7.0,128.0,52.0,15.0,6.0,1.0
65.082,63,280055.0,600.0,211.0,1069.0,600.0,0.0,1.0,0.0,0.0,0.5,0.109,0.759,0.5,0.509,0.128,0.767,0.518,0.0,0.0,-1.45,-5.36,5.63,0.0,0.0,0.0,0.0,0.0,0.0,0.0,0.0,1.0,1.0,0.0,0.0,-0.1,0.0,0.0,0.0,0.0,0.0,0.0,0.0,0.0,0.0,170.0,145.0,170.0,170.0,19.0,7.0,128.0,52.0,15.0,6.0,0.0
65.18,81,280136.0,600.0,211.0,1059.0,600.0,0.0,1.0,0.0,0.0,0.5,0.11,0.758,0.5,0.509,0.128,0.767,0.518,0.0,0.0,-1.45,-5.36,5.63,0.0,0.0,0.0,0.0,0.0,0.0,0.0,0.0,1.0,1.0,0.0,0.0,-0.1,0.0,0.0,0.0,0.0,0.0,0.0,0.0,0.0,0.0,170.0,145.0,170.0,170.0,19.0,7.0,128.0,52.0,15.0,6.0,0.0
65.244,66,280202.0,600.0,211.0,1059.0,600.0,0.0,1.0,0.0,0.0,0.5,0.11,0.758,0.5,0.509,0.128,0.767,0.518,0.0,0.0,-1.45,-5.36,5.63,0.0,0.0,0.0,0.0,0.0,0.0,0.0,0.0,1.0,1.0,0.0,0.0,-0.1,0.0,0.0,0.0,0.0,0.0,0.0,0.0,0.0,0.0,170.0,145.0,170.0,170.0,19.0,7.0,128.0,52.0,15.0,6.0,0.0
65.339,83,280285.0,600.0,211.0,1036.0,600.0,0.0,1.0,0.0,0.0,0.5,0.11,0.753,0.5,0.509,0.128,0.763,0.518,0.0,0.0,-1.45,-5.36,5.63,0.0,0.0,0.0,0.0,0.0,0.0,0.0,0.0,1.0,1.0,0.0,0.0,-0.1,0.0,0.0,0.0,0.0,0.0,0.0,0.0,0.0,0.0,170.0,145.0,170.0,170.0,19.0,7.0,128.0,52.0,15.0,6.0,0.0
65.411,64,280349.0,600.0,209.0,1036.0,600.0,0.0,1.0,0.0,0.0,0.5,0.11,0.753,0.5,0.509,0.128,0.763,0.518,0.0,0.0,-1.45,-5.36,5.63,0.0,0.0,0.0,0.0,0.0,0.0,0.0,0.0,1.0,1.0,0.0,0.0,-0.0,0.0,0.0,0.0,0.0,0.0,0.0,0.0,0.0,0.0,170.0,145.0,170.0,170.0,19.0,7.0,128.0,52.0,15.0,6.0,0.0
65.476,82,280431.0,600.0,209.0,1010.0,600.0,0.0,1.0,0.0,0.0,0.5,0.109,0.745,0.5,0.509,0.127,0.756,0.518,0.0,0.0,-1.46,-5.36,5.63,0.0,0.0,0.0,0.0,0.0,0.0,0.0,0.0,1.0,1.0,0.0,0.0,0.2,0.0,0.0,0.0,0.0,0.0,0.0,0.0,0.0,0.0,170.0,145.0,170.0,170.0,19.0,7.0,128.0,52.0,15.0,6.0,1.0
65.541,58,280489.0,600.0,207.0,1010.0,600.0,0.0,1.0,0.0,0.0,0.5,0.109,0.745,0.5,0.509,0.127,0.756,0.518,0.0,0.0,-1.46,-5.36,5.63,0.0,0.0,0.0,0.0,0.0,0.0,0.0,0.0,1.0,1.0,0.0,0.0,0.2,0.0,0.0,0.0,0.0,0.0,0.0,0.0,0.0,0.0,170.0,145.0,170.0,170.0,19.0,7.0,128.0,52.0,15.0,6.0,0.0
65.606,81,280570.0,600.0,207.0,923.0,600.0,0.0,1.0,0.0,0.0,0.5,0.108,0.723,0.5,0.509,0.126,0.735,0.518,0.0,0.0,-1.46,-5.36,5.63,0.0,0.0,0.0,0.0,0.0,0.0,0.0,0.0,1.0,1.0,0.0,0.0,0.1,0.0,0.0,0.0,0.0,0.0,0.0,0.0,0.0,0.0,170.0,145.0,170.0,170.0,19.0,7.0,128.0,52.0,15.0,6.0,0.0
65.669,64,280634.0,600.0,209.0,923.0,600.0,0.0,1.0,0.0,0.0,0.5,0.108,0.723,0.5,0.509,0.126,0.735,0.518,0.0,0.0,-1.46,-5.36,5.63,0.0,0.0,0.0,0.0,0.0,0.0,0.0,0.0,1.0,1.0,0.0,0.0,0.2,0.0,0.0,0.0,0.0,0.0,0.0,0.0,0.0,0.0,170.0,145.0,170.0,170.0,19.0,7.0,128.0,52.0,15.0,6.0,0.0
65.77,81,280715.0,600.0,209.0,933.0,600.0,0.0,1.0,0.0,0.0,0.5,0.108,0.714,0.5,0.509,0.126,0.725,0.518,0.0,0.0,-1.46,-5.36,5.63,0.0,0.0,0.0,0.0,0.0,0.0,0.0,0.0,1.0,1.0,0.0,0.0,0.1,0.0,0.0,0.0,0.0,0.0,0.0,0.0,0.0,0.0,170.0,145.0,170.0,170.0,19.0,7.0,128.0,52.0,15.0,6.0,0.0
65.805,64,280779.0,600.0,210.0,933.0,600.0,0.0,1.0,0.0,0.0,0.5,0.108,0.714,0.5,0.509,0.126,0.725,0.518,0.0,0.0,-1.46,-5.36,5.63,0.0,0.0,0.0,0.0,0.0,0.0,0.0,0.0,1.0,1.0,0.0,0.0,0.1,0.0,0.0,0.0,0.0,0.0,0.0,0.0,0.0,0.0,170.0,145.0,170.0,170.0,19.0,7.0,128.0,52.0,15.0,6.0,0.0
65.9,82,280861.0,600.0,210.0,852.0,600.0,0.0,1.0,0.0,0.0,0.5,0.108,0.69,0.5,0.509,0.126,0.703,0.518,0.0,0.0,-1.46,-5.36,5.63,0.0,0.0,0.0,0.0,0.0,0.0,0.0,0.0,1.0,1.0,0.0,0.0,0.5,0.0,0.0,0.0,0.0,0.0,0.0,0.0,0.0,0.0,170.0,145.0,170.0,170.0,19.0,7.0,128.0,52.0,15.0,6.0,0.0
65.967,65,280926.0,600.0,208.0,852.0,600.0,0.0,1.0,0.0,0.0,0.5,0.108,0.69,0.5,0.509,0.126,0.703,0.518,0.0,0.0,-1.46,-5.36,5.63,0.0,0.0,0.0,0.0,0.0,0.0,0.0,0.0,1.0,1.0,0.0,0.0,0.4,0.0,0.0,0.0,0.0,0.0,0.0,0.0,0.0,0.0,170.0,145.0,170.0,170.0,19.0,7.0,128.0,52.0,15.0,6.0,0.0
66.032,82,281008.0,600.0,208.0,857.0,600.0,0.0,1.0,0.0,0.0,0.5,0.108,0.68,0.5,0.509,0.125,0.69,0.517,0.0,0.0,-1.47,-5.36,5.63,0.0,0.0,0.0,0.0,0.0,0.0,0.0,0.0,1.0,1.0,0.0,0.0,0.3,0.0,0.0,0.0,0.0,0.0,0.0,0.0,0.0,0.0,170.0,145.0,170.0,170.0,19.0,7.0,128.0,52.0,15.0,6.0,0.0
66.097,63,281071.0,600.0,208.0,857.0,600.0,0.0,1.0,0.0,0.0,0.5,0.108,0.68,0.5,0.509,0.125,0.69,0.517,0.0,0.0,-1.47,-5.36,5.63,0.0,0.0,0.0,0.0,0.0,0.0,0.0,0.0,1.0,1.0,0.0,0.0,0.2,0.0,0.0,0.0,0.0,0.0,0.0,0.0,0.0,0.0,170.0,145.0,170.0,170.0,19.0,7.0,128.0,52.0,15.0,6.0,0.0
66.198,83,281154.0,600.0,208.0,875.0,600.0,0.0,1.0,0.0,0.0,0.5,0.107,0.68,0.5,0.509,0.125,0.689,0.517,0.0,0.0,-1.46,-5.36,5.63,0.0,0.0,0.0,0.0,0.0,0.0,0.0,0.0,1.0,1.0,0.0,0.0,-0.2,0.0,0.0,0.0,0.0,0.0,0.0,0.0,0.0,0.0,170.0,145.0,170.0,170.0,19.0,7.0,128.0,52.0,15.0,6.0,0.0
66.263,64,281218.0,600.0,208.0,875.0,600.0,0.0,1.0,0.0,0.0,0.5,0.107,0.68,0.5,0.509,0.125,0.689,0.517,0.0,0.0,-1.46,-5.36,5.63,0.0,0.0,0.0,0.0,0.0,0.0,0.0,0.0,1.0,1.0,0.0,0.0,-0.1,0.0,0.0,0.0,0.0,0.0,0.0,0.0,0.0,0.0,170.0,145.0,170.0,170.0,19.0,7.0,128.0,52.0,15.0,6.0,0.0
66.328,82,281300.0,600.0,208.0,875.0,600.0,0.0,1.0,0.0,0.0,0.5,0.107,0.68,0.5,0.509,0.124,0.689,0.517,0.0,0.0,-1.45,-5.36,5.63,0.0,0.0,0.0,0.0,0.0,0.0,0.0,0.0,1.0,1.0,0.0,0.0,-0.1,0.0,0.0,0.0,0.0,0.0,0.0,0.0,0.0,0.0,170.0,145.0,170.0,170.0,19.0,7.0,128.0,52.0,15.0,6.0,0.0
66.392,65,281365.0,600.0,208.0,875.0,600.0,0.0,1.0,0.0,0.0,0.5,0.107,0.68,0.5,0.509,0.124,0.689,0.517,0.0,0.0,-1.45,-5.36,5.63,0.0,0.0,0.0,0.0,0.0,0.0,0.0,0.0,1.0,1.0,0.0,0.0,-0.1,0.0,0.0,0.0,0.0,0.0,0.0,0.0,0.0,0.0,170.0,145.0,170.0,170.0,19.0,7.0,128.0,52.0,15.0,6.0,0.0
66.49,83,281448.0,600.0,208.0,861.0,600.0,0.0,1.0,0.0,0.0,0.5,0.107,0.676,0.5,0.509,0.124,0.686,0.517,0.0,0.0,-1.45,-5.35,5.63,0.0,0.0,0.0,0.0,0.0,0.0,0.0,0.0,1.0,1.0,0.0,0.0,-0.1,0.0,0.0,0.0,0.0,0.0,0.0,0.0,0.0,0.0,170.0,145.0,170.0,170.0,19.0,7.0,128.0,52.0,15.0,6.0,0.0
66.555,65,281513.0,600.0,206.0,861.0,600.0,0.0,1.0,0.0,0.0,0.5,0.107,0.676,0.5,0.509,0.124,0.686,0.517,0.0,0.0,-1.45,-5.35,5.63,0.0,0.0,0.0,0.0,0.0,0.0,0.0,0.0,1.0,1.0,0.0,0.0,-0.1,0.0,0.0,0.0,0.0,0.0,0.0,0.0,0.0,0.0,170.0,145.0,170.0,170.0,19.0,7.0,128.0,52.0,15.0,6.0,0.0
66.62,82,281595.0,600.0,206.0,947.0,600.0,0.0,1.0,0.0,0.0,0.5,0.106,0.696,0.5,0.509,0.124,0.702,0.517,0.0,0.0,-1.45,-5.34,5.63,0.0,0.0,0.0,0.0,0.0,0.0,0.0,0.0,1.0,1.0,0.0,0.0,0.3,0.0,0.0,0.0,0.0,0.0,0.0,0.0,0.0,0.0,170.0,145.0,170.0,170.0,19.0,7.0,128.0,52.0,15.0,6.0,0.0
66.685,64,281659.0,600.0,206.0,947.0,600.0,0.0,1.0,0.0,0.0,0.5,0.106,0.696,0.5,0.509,0.124,0.702,0.517,0.0,0.0,-1.44,-5.34,5.63,0.0,0.0,0.0,0.0,0.0,0.0,0.0,0.0,1.0,1.0,0.0,0.0,0.3,0.0,0.0,0.0,0.0,0.0,0.0,0.0,0.0,0.0,170.0,145.0,170.0,170.0,19.0,7.0,128.0,52.0,15.0,6.0,0.0
66.78,83,281742.0,600.0,206.0,854.0,600.0,0.0,1.0,0.0,0.0,0.5,0.106,0.682,0.5,0.509,0.123,0.693,0.517,0.0,0.0,-1.44,-5.34,5.63,0.0,0.0,0.0,0.0,0.0,0.0,0.0,0.0,1.0,1.0,0.0,0.0,0.2,0.0,0.0,0.0,0.0,0.0,0.0,0.0,0.0,0.0,170.0,145.0,170.0,170.0,19.0,7.0,128.0,52.0,15.0,6.0,0.0
66.847,65,281807.0,600.0,206.0,854.0,600.0,0.0,1.0,0.0,0.0,0.5,0.106,0.682,0.5,0.509,0.123,0.693,0.517,0.0,0.0,-1.44,-5.34,5.63,0.0,0.0,0.0,0.0,0.0,0.0,0.0,0.0,1.0,1.0,0.0,0.0,0.2,0.0,0.0,0.0,0.0,0.0,0.0,0.0,0.0,0.0,170.0,145.0,170.0,170.0,19.0,7.0,128.0,52.0,15.0,6.0,0.0
66.942,83,281890.0,600.0,206.0,771.0,600.0,0.0,1.0,0.0,0.0,0.5,0.105,0.65,0.5,0.509,0.122,0.664,0.517,0.0,0.0,-1.44,-5.35,5.63,0.0,0.0,0.0,0.0,0.0,0.0,0.0,0.0,1.0,1.0,0.0,0.0,-0.1,0.0,0.0,0.0,0.0,0.0,0.0,0.0,0.0,0.0,170.0,145.0,170.0,170.0,19.0,7.0,128.0,52.0,15.0,6.0,1.0
67.011,64,281954.0,600.0,207.0,771.0,600.0,0.0,1.0,0.0,0.0,0.5,0.105,0.65,0.5,0.509,0.122,0.664,0.517,0.0,0.0,-1.43,-5.35,5.63,0.0,0.0,0.0,0.0,0.0,0.0,0.0,0.0,1.0,1.0,0.0,0.0,-0.0,0.0,0.0,0.0,0.0,0.0,0.0,0.0,0.0,0.0,170.0,145.0,170.0,170.0,19.0,7.0,128.0,52.0,15.0,6.0,0.0
67.076,81,282035.0,600.0,207.0,882.0,600.0,0.0,1.0,0.0,0.0,0.5,0.106,0.668,0.5,0.509,0.123,0.674,0.517,0.0,0.0,-1.43,-5.35,5.63,0.0,0.0,0.0,0.0,0.0,0.0,0.0,0.0,1.0,1.0,0.0,0.0,-0.4,0.0,0.0,0.0,0.0,0.0,0.0,0.0,0.0,0.0,170.0,145.0,170.0,170.0,19.0,7.0,128.0,52.0,15.0,6.0,0.0
67.141,64,282099.0,600.0,205.0,882.0,600.0,0.0,1.0,0.0,0.0,0.5,0.106,0.668,0.5,0.509,0.123,0.674,0.517,0.0,0.0,-1.43,-5.35,5.63,0.0,0.0,0.0,0.0,0.0,0.0,0.0,0.0,1.0,1.0,0.0,0.0,-0.4,0.0,0.0,0.0,0.0,0.0,0.0,0.0,0.0,0.0,170.0,145.0,170.0,170.0,19.0,7.0,128.0,52.0,15.0,6.0,0.0
67.207,82,282181.0,600.0,205.0,797.0,600.0,0.0,1.0,0.0,0.0,0.5,0.105,0.652,0.5,0.509,0.122,0.664,0.517,0.0,0.0,-1.43,-5.35,5.63,0.0,0.0,0.0,0.0,0.0,0.0,0.0,0.0,1.0,1.0,0.0,0.0,-0.7,0.0,0.0,0.0,0.0,0.0,0.0,0.0,0.0,0.0,170.0,145.0,170.0,170.0,19.0,7.0,128.0,52.0,15.0,6.0,0.0
67.269,64,282245.0,600.0,206.0,797.0,600.0,0.0,1.0,0.0,0.0,0.5,0.105,0.652,0.5,0.509,0.122,0.664,0.517,0.0,0.0,-1.43,-5.35,5.63,0.0,0.0,0.0,0.0,0.0,0.0,0.0,0.0,1.0,1.0,0.0,0.0,-0.6,0.0,0.0,0.0,0.0,0.0,0.0,0.0,0.0,0.0,170.0,145.0,170.0,170.0,19.0,7.0,128.0,52.0,15.0,6.0,0.0
67.373,82,282327.0,600.0,206.0,795.0,600.0,0.0,1.0,0.0,0.0,0.5,0.105,0.644,0.5,0.509,0.122,0.654,0.517,0.0,0.0,-1.43,-5.35,5.63,0.0,0.0,0.0,0.0,0.0,0.0,0.0,0.0,1.0,1.0,0.0,0.0,-0.2,0.0,0.0,0.0,0.0,0.0,0.0,0.0,0.0,0.0,170.0,145.0,170.0,170.0,19.0,7.0,128.0,52.0,15.0,6.0,1.0
67.439,64,282391.0,600.0,204.0,795.0,600.0,0.0,1.0,0.0,0.0,0.5,0.105,0.644,0.5,0.509,0.122,0.654,0.517,0.0,0.0,-1.43,-5.36,5.63,0.0,0.0,0.0,0.0,0.0,0.0,0.0,0.0,1.0,1.0,0.0,0.0,-0.2,0.0,0.0,0.0,0.0,0.0,0.0,0.0,0.0,0.0,170.0,145.0,170.0,170.0,19.0,7.0,128.0,52.0,15.0,6.0,0.0
67.503,82,282473.0,600.0,204.0,882.0,600.0,0.0,1.0,0.0,0.0,0.5,0.105,0.665,0.5,0.509,0.122,0.671,0.517,0.0,0.0,-1.43,-5.36,5.63,0.0,0.0,0.0,0.0,0.0,0.0,0.0,0.0,1.0,1.0,0.0,0.0,-0.1,0.0,0.0,0.0,0.0,0.0,0.0,0.0,0.0,0.0,170.0,145.0,170.0,170.0,19.0,7.0,128.0,52.0,15.0,6.0,0.0
67.576,63,282536.0,600.0,205.0,882.0,600.0,0.0,1.0,0.0,0.0,0.5,0.105,0.665,0.5,0.509,0.122,0.671,0.517,0.0,0.0,-1.43,-5.36,5.63,0.0,0.0,0.0,0.0,0.0,0.0,0.0,0.0,1.0,1.0,0.0,0.0,-0.2,0.0,0.0,0.0,0.0,0.0,0.0,0.0,0.0,0.0,170.0,145.0,170.0,170.0,19.0,7.0,128.0,52.0,15.0,6.0,0.0
67.673,80,282616.0,600.0,205.0,978.0,600.0,0.0,1.0,0.0,0.0,0.5,0.105,0.698,0.5,0.509,0.122,0.702,0.517,0.0,0.0,-1.43,-5.36,5.63,0.0,0.0,0.0,0.0,0.0,0.0,0.0,0.0,1.0,1.0,0.0,0.0,-0.1,0.0,0.0,0.0,0.0,0.0,0.0,0.0,0.0,0.0,170.0,145.0,170.0,170.0,19.0,7.0,128.0,52.0,15.0,6.0,0.0
67.705,65,282681.0,600.0,205.0,978.0,600.0,0.0,1.0,0.0,0.0,0.5,0.105,0.698,0.5,0.509,0.122,0.702,0.517,0.0,0.0,-1.43,-5.36,5.63,0.0,0.0,0.0,0.0,0.0,0.0,0.0,0.0,1.0,1.0,0.0,0.0,-0.1,0.0,0.0,0.0,0.0,0.0,0.0,0.0,0.0,0.0,170.0,145.0,170.0,170.0,19.0,7.0,128.0,52.0,15.0,6.0,0.0
67.812,81,282762.0,600.0,205.0,958.0,600.0,0.0,1.0,0.0,0.0,0.5,0.105,0.709,0.5,0.509,0.122,0.716,0.518,0.0,0.0,-1.43,-5.36,5.63,0.0,0.0,0.0,0.0,0.0,0.0,0.0,0.0,1.0,1.0,0.0,0.0,-0.1,0.0,0.0,0.0,0.0,0.0,0.0,0.0,0.0,0.0,170.0,145.0,170.0,170.0,19.0,7.0,128.0,52.0,15.0,6.0,0.0
67.88,63,282825.0,600.0,204.0,958.0,600.0,0.0,1.0,0.0,0.0,0.5,0.105,0.709,0.5,0.509,0.122,0.716,0.518,0.0,0.0,-1.43,-5.36,5.63,0.0,0.0,0.0,0.0,0.0,0.0,0.0,0.0,1.0,1.0,0.0,0.0,-0.1,0.0,0.0,0.0,0.0,0.0,0.0,0.0,0.0,0.0,170.0,145.0,170.0,170.0,19.0,7.0,128.0,52.0,15.0,6.0,0.0
67.945,84,282909.0,600.0,204.0,958.0,600.0,0.0,1.0,0.0,0.0,0.5,0.104,0.714,0.5,0.509,0.122,0.722,0.518,0.0,0.0,-1.44,-5.36,5.63,0.0,0.0,0.0,0.0,0.0,0.0,0.0,0.0,1.0,1.0,0.0,0.0,-0.5,0.0,0.0,0.0,0.0,0.0,0.0,0.0,0.0,0.0,170.0,145.0,170.0,170.0,19.0,7.0,128.0,52.0,15.0,6.0,0.0
68.008,65,282974.0,600.0,206.0,958.0,600.0,0.0,1.0,0.0,0.0,0.5,0.104,0.714,0.5,0.509,0.122,0.722,0.518,0.0,0.0,-1.44,-5.36,5.63,0.0,0.0,0.0,0.0,0.0,0.0,0.0,0.0,1.0,1.0,0.0,0.0,-0.4,0.0,0.0,0.0,0.0,0.0,0.0,0.0,0.0,0.0,170.0,145.0,170.0,170.0,19.0,7.0,128.0,52.0,15.0,6.0,0.0
68.107,81,283055.0,600.0,206.0,941.0,600.0,0.0,1.0,0.0,0.0,0.5,0.105,0.712,0.5,0.509,0.123,0.721,0.518,0.0,0.0,-1.45,-5.36,5.63,0.0,0.0,0.0,0.0,0.0,0.0,0.0,0.0,1.0,1.0,0.0,0.0,-0.3,0.0,0.0,0.0,0.0,0.0,0.0,0.0,0.0,0.0,170.0,145.0,170.0,170.0,19.0,7.0,128.0,52.0,15.0,6.0,0.0
68.173,63,283118.0,600.0,207.0,941.0,600.0,0.0,1.0,0.0,0.0,0.5,0.105,0.712,0.5,0.509,0.123,0.721,0.518,0.0,0.0,-1.45,-5.36,5.63,0.0,0.0,0.0,0.0,0.0,0.0,0.0,0.0,1.0,1.0,0.0,0.0,-0.3,0.0,0.0,0.0,0.0,0.0,0.0,0.0,0.0,0.0,170.0,145.0,170.0,170.0,19.0,7.0,128.0,52.0,15.0,6.0,0.0
68.237,81,283199.0,600.0,207.0,937.0,600.0,0.0,1.0,0.0,0.0,0.5,0.106,0.711,0.5,0.509,0.123,0.72,0.518,0.0,0.0,-1.45,-5.36,5.63,0.0,0.0,0.0,0.0,0.0,0.0,0.0,0.0,1.0,1.0,0.0,0.0,-0.2,0.0,0.0,0.0,0.0,0.0,0.0,0.0,0.0,0.0,170.0,145.0,170.0,170.0,19.0,7.0,128.0,52.0,15.0,6.0,0.0
68.3,65,283264.0,600.0,207.0,937.0,600.0,0.0,1.0,0.0,0.0,0.5,0.106,0.711,0.5,0.509,0.123,0.72,0.518,0.0,0.0,-1.45,-5.36,5.63,0.0,0.0,0.0,0.0,0.0,0.0,0.0,0.0,1.0,1.0,0.0,0.0,-0.2,0.0,0.0,0.0,0.0,0.0,0.0,0.0,0.0,0.0,170.0,145.0,170.0,170.0,19.0,7.0,128.0,52.0,15.0,6.0,0.0
68.407,81,283345.0,600.0,207.0,927.0,600.0,0.0,1.0,0.0,0.0,0.5,0.106,0.707,0.5,0.509,0.124,0.717,0.518,0.0,0.0,-1.44,-5.37,5.63,0.0,0.0,0.0,0.0,0.0,0.0,0.0,0.0,1.0,1.0,0.0,0.0,0.2,0.0,0.0,0.0,0.0,0.0,0.0,0.0,0.0,0.0,170.0,145.0,170.0,170.0,19.0,7.0,128.0,52.0,15.0,6.0,0.0
68.439,66,283411.0,600.0,208.0,927.0,600.0,0.0,1.0,0.0,0.0,0.5,0.106,0.707,0.5,0.509,0.124,0.717,0.518,0.0,0.0,-1.44,-5.37,5.63,0.0,0.0,0.0,0.0,0.0,0.0,0.0,0.0,1.0,1.0,0.0,0.0,0.2,0.0,0.0,0.0,0.0,0.0,0.0,0.0,0.0,0.0,170.0,145.0,170.0,170.0,19.0,7.0,128.0,52.0,15.0,6.0,0.0
68.536,82,283493.0,600.0,208.0,923.0,600.0,0.0,1.0,0.0,0.0,0.5,0.107,0.705,0.5,0.509,0.124,0.714,0.518,0.0,0.0,-1.44,-5.37,5.63,0.0,0.0,0.0,0.0,0.0,0.0,0.0,0.0,1.0,1.0,0.0,0.0,0.2,0.0,0.0,0.0,0.0,0.0,0.0,0.0,0.0,0.0,170.0,145.0,170.0,170.0,19.0,7.0,128.0,52.0,15.0,6.0,1.0
68.611,64,283557.0,600.0,209.0,923.0,600.0,0.0,1.0,0.0,0.0,0.5,0.107,0.705,0.5,0.509,0.124,0.714,0.518,0.0,0.0,-1.44,-5.37,5.63,0.0,0.0,0.0,0.0,0.0,0.0,0.0,0.0,1.0,1.0,0.0,0.0,0.1,0.0,0.0,0.0,0.0,0.0,0.0,0.0,0.0,0.0,170.0,145.0,170.0,170.0,19.0,7.0,128.0,52.0,15.0,6.0,0.0
68.675,81,283638.0,600.0,209.0,1022.0,600.0,0.0,1.0,0.0,0.0,0.5,0.107,0.726,0.5,0.509,0.125,0.731,0.518,0.0,0.0,-1.45,-5.37,5.63,0.0,0.0,0.0,0.0,0.0,0.0,0.0,0.0,1.0,1.0,0.0,0.0,0.1,0.0,0.0,0.0,0.0,0.0,0.0,0.0,0.0,0.0,170.0,145.0,170.0,170.0,19.0,7.0,128.0,52.0,15.0,6.0,1.0
68.741,66,283704.0,600.0,206.0,1022.0,600.0,0.0,1.0,0.0,0.0,0.5,0.107,0.726,0.5,0.509,0.125,0.731,0.518,0.0,0.0,-1.45,-5.37,5.63,0.0,0.0,0.0,0.0,0.0,0.0,0.0,0.0,1.0,1.0,0.0,0.0,0.1,0.0,0.0,0.0,0.0,0.0,0.0,0.0,0.0,0.0,170.0,145.0,170.0,170.0,19.0,7.0,128.0,52.0,15.0,6.0,0.0
68.838,81,283785.0,600.0,206.0,1070.0,600.0,0.0,1.0,0.0,0.0,0.5,0.107,0.745,0.5,0.509,0.125,0.75,0.518,0.0,0.0,-1.45,-5.36,5.63,0.0,0.0,0.0,0.0,0.0,0.0,0.0,0.0,1.0,1.0,0.0,0.0,-0.3,0.0,0.0,0.0,0.0,0.0,0.0,0.0,0.0,0.0,170.0,145.0,170.0,170.0,19.0,7.0,128.0,52.0,15.0,6.0,0.0
68.901,65,283850.0,600.0,205.0,1070.0,600.0,0.0,1.0,0.0,0.0,0.5,0.107,0.745,0.5,0.509,0.125,0.75,0.518,0.0,0.0,-1.45,-5.36,5.63,0.0,0.0,0.0,0.0,0.0,0.0,0.0,0.0,1.0,1.0,0.0,0.0,-0.3,0.0,0.0,0.0,0.0,0.0,0.0,0.0,0.0,0.0,170.0,145.0,170.0,170.0,19.0,7.0,128.0,52.0,15.0,6.0,0.0
68.975,83,283933.0,600.0,205.0,987.0,600.0,0.0,1.0,0.0,0.0,0.5,0.106,0.737,0.5,0.509,0.124,0.747,0.518,0.0,0.0,-1.45,-5.36,5.63,0.0,0.0,0.0,0.0,0.0,0.0,0.0,0.0,1.0,1.0,0.0,0.0,-0.2,0.0,0.0,0.0,0.0,0.0,0.0,0.0,0.0,0.0,170.0,145.0,170.0,170.0,19.0,7.0,128.0,52.0,15.0,6.0,0.0
69.039,65,283998.0,600.0,207.0,987.0,600.0,0.0,1.0,0.0,0.0,0.5,0.106,0.737,0.5,0.509,0.124,0.747,0.518,0.0,0.0,-1.45,-5.36,5.63,0.0,0.0,0.0,0.0,0.0,0.0,0.0,0.0,1.0,1.0,0.0,0.0,-0.2,0.0,0.0,0.0,0.0,0.0,0.0,0.0,0.0,0.0,170.0,145.0,170.0,170.0,19.0,7.0,128.0,52.0,15.0,6.0,0.0
69.104,80,284078.0,600.0,207.0,973.0,600.0,0.0,1.0,0.0,0.0,0.5,0.106,0.73,0.5,0.509,0.124,0.74,0.518,0.0,0.0,-1.44,-5.35,5.63,0.0,0.0,0.0,0.0,0.0,0.0,0.0,0.0,1.0,1.0,0.0,0.0,-0.2,0.0,0.0,0.0,0.0,0.0,0.0,0.0,0.0,0.0,170.0,145.0,170.0,170.0,19.0,7.0,128.0,52.0,15.0,6.0,0.0
69.176,64,284142.0,600.0,206.0,973.0,600.0,0.0,1.0,0.0,0.0,0.5,0.106,0.73,0.5,0.509,0.124,0.74,0.518,0.0,0.0,-1.44,-5.35,5.63,0.0,0.0,0.0,0.0,0.0,0.0,0.0,0.0,1.0,1.0,0.0,0.0,-0.1,0.0,0.0,0.0,0.0,0.0,0.0,0.0,0.0,0.0,170.0,145.0,170.0,170.0,19.0,7.0,128.0,52.0,15.0,6.0,0.0
69.273,81,284223.0,600.0,206.0,885.0,600.0,0.0,1.0,0.0,0.0,0.5,0.106,0.706,0.5,0.509,0.124,0.719,0.518,0.0,0.0,-1.44,-5.35,5.63,0.0,0.0,0.0,0.0,0.0,0.0,0.0,0.0,1.0,1.0,0.0,0.0,-0.1,0.0,0.0,0.0,0.0,0.0,0.0,0.0,0.0,0.0,170.0,145.0,170.0,170.0,19.0,7.0,128.0,52.0,15.0,6.0,0.0
69.338,66,284289.0,600.0,206.0,885.0,600.0,0.0,1.0,0.0,0.0,0.5,0.106,0.706,0.5,0.509,0.124,0.719,0.518,0.0,0.0,-1.43,-5.35,5.63,0.0,0.0,0.0,0.0,0.0,0.0,0.0,0.0,1.0,1.0,0.0,0.0,-0.1,0.0,0.0,0.0,0.0,0.0,0.0,0.0,0.0,0.0,170.0,145.0,170.0,170.0,19.0,7.0,128.0,52.0,15.0,6.0,0.0
69.408,82,284371.0,600.0,206.0,786.0,600.0,0.0,1.0,0.0,0.0,0.5,0.106,0.666,0.5,0.509,0.123,0.682,0.517,0.0,0.0,-1.43,-5.35,5.63,0.0,0.0,0.0,0.0,0.0,0.0,0.0,0.0,1.0,1.0,0.0,0.0,-0.1,0.0,0.0,0.0,0.0,0.0,0.0,0.0,0.0,0.0,170.0,145.0,170.0,170.0,19.0,7.0,128.0,52.0,15.0,6.0,1.0
69.473,64,284435.0,600.0,206.0,786.0,600.0,0.0,1.0,0.0,0.0,0.5,0.106,0.666,0.5,0.509,0.123,0.682,0.517,0.0,0.0,-1.43,-5.35,5.63,0.0,0.0,0.0,0.0,0.0,0.0,0.0,0.0,1.0,1.0,0.0,0.0,-0.1,0.0,0.0,0.0,0.0,0.0,0.0,0.0,0.0,0.0,170.0,145.0,170.0,170.0,19.0,7.0,128.0,52.0,15.0,6.0,0.0
69.572,82,284517.0,600.0,206.0,671.0,600.0,0.0,1.0,0.0,0.0,0.5,0.106,0.607,0.5,0.509,0.122,0.626,0.516,0.0,0.0,-1.44,-5.36,5.63,0.0,0.0,0.0,0.0,0.0,0.0,0.0,0.0,1.0,1.0,0.0,0.0,-0.1,0.0,0.0,0.0,0.0,0.0,0.0,0.0,0.0,0.0,170.0,145.0,170.0,170.0,19.0,7.0,128.0,52.0,15.0,6.0,0.0
69.637,65,284582.0,600.0,207.0,671.0,600.0,0.0,1.0,0.0,0.0,0.5,0.106,0.607,0.5,0.509,0.122,0.626,0.516,0.0,0.0,-1.44,-5.36,5.63,0.0,0.0,0.0,0.0,0.0,0.0,0.0,0.0,1.0,1.0,0.0,0.0,-0.0,0.0,0.0,0.0,0.0,0.0,0.0,0.0,0.0,0.0,170.0,145.0,170.0,170.0,19.0,7.0,128.0,52.0,15.0,6.0,0.0
69.701,82,284664.0,600.0,207.0,754.0,600.0,0.0,1.0,0.0,0.0,0.5,0.106,0.61,0.5,0.509,0.122,0.619,0.516,0.0,0.0,-1.45,-5.36,5.63,0.0,0.0,0.0,0.0,0.0,0.0,0.0,0.0,1.0,1.0,0.0,0.0,-0.0,0.0,0.0,0.0,0.0,0.0,0.0,0.0,0.0,0.0,170.0,145.0,170.0,170.0,19.0,7.0,128.0,52.0,15.0,6.0,0.0
69.772,65,284729.0,600.0,205.0,754.0,600.0,0.0,1.0,0.0,0.0,0.5,0.106,0.61,0.5,0.509,0.122,0.619,0.516,0.0,0.0,-1.45,-5.36,5.63,0.0,0.0,0.0,0.0,0.0,0.0,0.0,0.0,1.0,1.0,0.0,0.0,-0.0,0.0,0.0,0.0,0.0,0.0,0.0,0.0,0.0,0.0,170.0,145.0,170.0,170.0,19.0,7.0,128.0,52.0,15.0,6.0,0.0
69.837,83,284812.0,600.0,205.0,747.0,600.0,0.0,1.0,0.0,0.0,0.5,0.105,0.609,0.5,0.509,0.122,0.618,0.516,0.0,0.0,-1.45,-5.36,5.63,0.0,0.0,0.0,0.0,0.0,0.0,0.0,0.0,1.0,1.0,0.0,0.0,-0.0,0.0,0.0,0.0,0.0,0.0,0.0,0.0,0.0,0.0,170.0,145.0,170.0,170.0,19.0,7.0,128.0,52.0,15.0,6.0,0.0
69.902,63,284875.0,600.0,205.0,747.0,600.0,0.0,1.0,0.0,0.0,0.5,0.105,0.609,0.5,0.509,0.122,0.618,0.516,0.0,0.0,-1.45,-5.36,5.63,0.0,0.0,0.0,0.0,0.0,0.0,0.0,0.0,1.0,1.0,0.0,0.0,-0.0,0.0,0.0,0.0,0.0,0.0,0.0,0.0,0.0,0.0,170.0,145.0,170.0,170.0,19.0,7.0,128.0,52.0,15.0,6.0,0.0
70.0,83,284958.0,600.0,205.0,747.0,600.0,0.0,1.0,0.0,0.0,0.5,0.105,0.608,0.5,0.509,0.121,0.617,0.516,0.0,0.0,-1.45,-5.36,5.63,0.0,0.0,0.0,0.0,0.0,0.0,0.0,0.0,1.0,1.0,0.0,0.0,-0.0,0.0,0.0,0.0,0.0,0.0,0.0,0.0,0.0,0.0,170.0,145.0,170.0,170.0,19.0,7.0,128.0,52.0,15.0,6.0,0.0
70.065,65,285023.0,600.0,205.0,747.0,600.0,0.0,1.0,0.0,0.0,0.5,0.105,0.608,0.5,0.509,0.121,0.617,0.516,0.0,0.0,-1.45,-5.36,5.63,0.0,0.0,0.0,0.0,0.0,0.0,0.0,0.0,1.0,1.0,0.0,0.0,-0.0,0.0,0.0,0.0,0.0,0.0,0.0,0.0,0.0,0.0,170.0,145.0,170.0,170.0,19.0,7.0,128.0,52.0,15.0,6.0,1.0
70.131,82,285105.0,600.0,205.0,747.0,600.0,0.0,1.0,0.0,0.0,0.5,0.105,0.608,0.5,0.509,0.121,0.617,0.516,0.0,0.0,-1.45,-5.36,5.63,0.0,0.0,0.0,0.0,0.0,0.0,0.0,0.0,1.0,1.0,0.0,0.0,-0.0,0.0,0.0,0.0,0.0,0.0,0.0,0.0,0.0,0.0,170.0,145.0,170.0,170.0,19.0,7.0,128.0,52.0,15.0,6.0,0.0
70.205,65,285170.0,600.0,206.0,747.0,600.0,0.0,1.0,0.0,0.0,0.5,0.105,0.608,0.5,0.509,0.121,0.617,0.516,0.0,0.0,-1.45,-5.36,5.63,0.0,0.0,0.0,0.0,0.0,0.0,0.0,0.0,1.0,1.0,0.0,0.0,-0.0,0.0,0.0,0.0,0.0,0.0,0.0,0.0,0.0,0.0,170.0,145.0,170.0,170.0,19.0,7.0,128.0,52.0,15.0,6.0,0.0
70.302,105,285275.0,600.0,206.0,747.0,600.0,0.0,1.0,0.0,0.0,0.5,0.105,0.608,0.5,0.509,0.122,0.617,0.516,0.0,0.0,-1.46,-5.37,5.63,0.0,0.0,0.0,0.0,0.0,0.0,0.0,0.0,1.0,1.0,0.0,0.0,-0.0,0.0,0.0,0.0,0.0,0.0,0.0,0.0,0.0,0.0,170.0,145.0,170.0,170.0,19.0,7.0,128.0,52.0,15.0,6.0,0.0
70.335,19,285294.0,600.0,207.0,747.0,600.0,0.0,1.0,0.0,0.0,0.5,0.105,0.608,0.5,0.509,0.122,0.617,0.516,0.0,0.0,-1.46,-5.37,5.63,0.0,0.0,0.0,0.0,0.0,0.0,0.0,0.0,1.0,1.0,0.0,0.0,-0.0,0.0,0.0,0.0,0.0,0.0,0.0,0.0,0.0,0.0,170.0,145.0,170.0,170.0,19.0,7.0,128.0,52.0,15.0,6.0,0.0
70.433,105,285399.0,600.0,207.0,664.0,600.0,0.0,1.0,0.0,0.0,0.5,0.106,0.577,0.5,0.509,0.121,0.591,0.516,0.0,0.0,-1.46,-5.38,5.63,0.0,0.0,0.0,0.0,0.0,0.0,0.0,0.0,1.0,1.0,0.0,0.0,-0.0,0.0,0.0,0.0,0.0,0.0,0.0,0.0,0.0,0.0,170.0,145.0,170.0,170.0,19.0,7.0,128.0,52.0,15.0,6.0,0.0
70.465,19,285418.0,600.0,208.0,664.0,600.0,0.0,1.0,0.0,0.0,0.5,0.106,0.577,0.5,0.509,0.121,0.591,0.516,0.0,0.0,-1.46,-5.38,5.63,0.0,0.0,0.0,0.0,0.0,0.0,0.0,0.0,1.0,1.0,0.0,0.0,-0.0,0.0,0.0,0.0,0.0,0.0,0.0,0.0,0.0,0.0,170.0,145.0,170.0,170.0,19.0,7.0,128.0,52.0,15.0,6.0,0.0
70.566,103,285521.0,600.0,208.0,600.0,600.0,0.0,1.0,0.0,0.0,0.5,0.106,0.536,0.5,0.509,0.122,0.551,0.515,0.0,0.0,-1.46,-5.38,5.63,0.0,0.0,0.0,0.0,0.0,0.0,0.0,0.0,1.0,1.0,0.0,0.0,-0.0,0.0,0.0,0.0,0.0,0.0,0.0,0.0,0.0,0.0,170.0,145.0,170.0,170.0,19.0,7.0,128.0,52.0,15.0,6.0,0.0
70.599,19,285540.0,600.0,209.0,600.0,600.0,0.0,1.0,0.0,0.0,0.5,0.106,0.536,0.5,0.509,0.122,0.551,0.515,0.0,0.0,-1.46,-5.38,5.63,0.0,0.0,0.0,0.0,0.0,0.0,0.0,0.0,1.0,1.0,0.0,0.0,-0.0,0.0,0.0,0.0,0.0,0.0,0.0,0.0,0.0,0.0,170.0,145.0,170.0,170.0,19.0,7.0,128.0,52.0,15.0,6.0,0.0
70.694,126,285666.0,600.0,212.0,600.0,600.0,0.0,1.0,0.0,0.0,0.5,0.107,0.517,0.5,0.509,0.122,0.529,0.515,0.0,0.0,-1.47,-5.37,5.63,0.0,0.0,0.0,0.0,0.0,0.0,0.0,0.0,1.0,1.0,0.0,0.0,-0.0,0.0,0.0,0.0,0.0,0.0,0.0,0.0,0.0,0.0,170.0,145.0,170.0,170.0,19.0,7.0,128.0,52.0,15.0,6.0,0.0
70.828,125,285791.0,600.0,212.0,600.0,600.0,0.0,1.0,0.0,0.0,0.5,0.109,0.508,0.5,0.509,0.124,0.518,0.515,0.0,0.0,-1.47,-5.37,5.63,0.0,0.0,0.0,0.0,0.0,0.0,0.0,0.0,1.0,1.0,0.0,0.0,-0.0,0.0,0.0,0.0,0.0,0.0,0.0,0.0,0.0,0.0,170.0,145.0,170.0,170.0,19.0,7.0,128.0,52.0,15.0,6.0,0.0
70.925,104,285895.0,600.0,212.0,600.0,600.0,0.0,1.0,0.0,0.0,0.5,0.11,0.504,0.5,0.509,0.125,0.513,0.515,0.0,0.0,-1.47,-5.37,5.63,0.0,0.0,0.0,0.0,0.0,0.0,0.0,0.0,1.0,1.0,0.0,0.0,-0.0,0.0,0.0,0.0,0.0,0.0,0.0,0.0,0.0,0.0,170.0,145.0,170.0,170.0,19.0,7.0,128.0,52.0,15.0,6.0,0.0
70.965,19,285914.0,600.0,213.0,600.0,600.0,0.0,1.0,0.0,0.0,0.5,0.11,0.504,0.5,0.509,0.125,0.513,0.515,0.0,0.0,-1.47,-5.37,5.63,0.0,0.0,0.0,0.0,0.0,0.0,0.0,0.0,1.0,1.0,0.0,0.0,-0.0,0.0,0.0,0.0,0.0,0.0,0.0,0.0,0.0,0.0,170.0,145.0,170.0,170.0,19.0,7.0,128.0,52.0,15.0,6.0,0.0
71.062,106,286020.0,600.0,213.0,600.0,600.0,0.0,1.0,0.0,0.0,0.5,0.111,0.502,0.5,0.509,0.126,0.511,0.515,0.0,0.0,-1.47,-5.37,5.63,0.0,0.0,0.0,0.0,0.0,0.0,0.0,0.0,1.0,1.0,0.0,0.0,-0.0,0.0,0.0,0.0,0.0,0.0,0.0,0.0,0.0,0.0,170.0,145.0,170.0,170.0,19.0,7.0,128.0,52.0,15.0,6.0,1.0
71.095,20,286040.0,600.0,214.0,600.0,600.0,0.0,1.0,0.0,0.0,0.5,0.111,0.502,0.5,0.509,0.126,0.511,0.515,0.0,0.0,-1.47,-5.37,5.63,0.0,0.0,0.0,0.0,0.0,0.0,0.0,0.0,1.0,1.0,0.0,0.0,-0.0,0.0,0.0,0.0,0.0,0.0,0.0,0.0,0.0,0.0,170.0,145.0,170.0,170.0,19.0,7.0,128.0,52.0,15.0,6.0,0.0
71.197,125,286165.0,600.0,214.0,600.0,600.0,0.0,1.0,0.0,0.0,0.5,0.112,0.501,0.5,0.509,0.127,0.51,0.515,0.0,0.0,-1.47,-5.37,5.63,0.0,0.0,0.0,0.0,0.0,0.0,0.0,0.0,1.0,1.0,0.0,0.0,0.0,0.0,0.0,0.0,0.0,0.0,0.0,0.0,0.0,0.0,170.0,145.0,170.0,170.0,19.0,7.0,128.0,52.0,15.0,6.0,0.0
71.327,127,286292.0,600.0,213.0,600.0,600.0,0.0,1.0,0.0,0.0,0.5,0.112,0.5,0.5,0.509,0.127,0.509,0.515,0.0,0.0,-1.47,-5.37,5.63,0.0,0.0,0.0,0.0,0.0,0.0,0.0,0.0,1.0,1.0,0.0,0.0,0.0,0.0,0.0,0.0,0.0,0.0,0.0,0.0,0.0,0.0,170.0,145.0,170.0,170.0,19.0,7.0,128.0,52.0,15.0,6.0,0.0
71.4,82,286374.0,600.0,213.0,600.0,600.0,0.0,1.0,0.0,0.0,0.5,0.112,0.5,0.5,0.509,0.127,0.509,0.515,0.0,0.0,-1.47,-5.37,5.63,0.0,0.0,0.0,0.0,0.0,0.0,0.0,0.0,1.0,1.0,0.0,0.0,0.0,0.0,0.0,0.0,0.0,0.0,0.0,0.0,0.0,0.0,170.0,145.0,170.0,170.0,19.0,7.0,128.0,52.0,15.0,6.0,0.0
71.465,66,286440.0,600.0,212.0,600.0,600.0,0.0,1.0,0.0,0.0,0.5,0.112,0.5,0.5,0.509,0.127,0.509,0.515,0.0,0.0,-1.47,-5.37,5.63,0.0,0.0,0.0,0.0,0.0,0.0,0.0,0.0,1.0,1.0,0.0,0.0,0.0,0.0,0.0,0.0,0.0,0.0,0.0,0.0,0.0,0.0,170.0,145.0,170.0,170.0,19.0,7.0,128.0,52.0,15.0,6.0,0.0
71.601,122,286562.0,600.0,210.0,600.0,600.0,0.0,1.0,0.0,0.0,0.5,0.112,0.5,0.5,0.509,0.126,0.509,0.515,0.0,0.0,-1.47,-5.38,5.63,0.0,0.0,0.0,0.0,0.0,0.0,0.0,0.0,1.0,1.0,0.0,0.0,0.0,0.0,0.0,0.0,0.0,0.0,0.0,0.0,0.0,0.0,170.0,145.0,170.0,170.0,19.0,7.0,128.0,52.0,15.0,6.0,0.0
71.699,87,286649.0,600.0,210.0,600.0,600.0,0.0,1.0,0.0,0.0,0.5,0.11,0.5,0.5,0.509,0.125,0.509,0.515,0.0,0.0,-1.47,-5.38,5.63,0.0,0.0,0.0,0.0,0.0,0.0,0.0,0.0,1.0,1.0,0.0,0.0,0.4,0.0,0.0,0.0,0.0,0.0,0.0,0.0,0.0,0.0,170.0,145.0,170.0,170.0,19.0,7.0,128.0,52.0,15.0,6.0,0.0
71.765,65,286714.0,600.0,208.0,600.0,600.0,0.0,1.0,0.0,0.0,0.5,0.11,0.5,0.5,0.509,0.125,0.509,0.515,0.0,0.0,-1.47,-5.38,5.63,0.0,0.0,0.0,0.0,0.0,0.0,0.0,0.0,1.0,1.0,0.0,0.0,0.3,0.0,0.0,0.0,0.0,0.0,0.0,0.0,0.0,0.0,170.0,145.0,170.0,170.0,19.0,7.0,128.0,52.0,15.0,6.0,0.0
71.83,83,286797.0,600.0,208.0,600.0,600.0,0.0,1.0,0.0,0.0,0.5,0.109,0.5,0.5,0.509,0.124,0.509,0.515,0.0,0.0,-1.47,-5.38,5.63,0.0,0.0,0.0,0.0,6.0,0.0,0.0,0.0,1.0,1.0,0.0,0.0,0.3,0.0,-5.2,0.0,0.0,-8.1,170.0,0.0,0.0,170.0,170.0,145.0,170.0,170.0,19.0,7.0,128.0,52.0,15.0,6.0,1.0
71.896,65,286862.0,600.0,209.0,600.0,600.0,0.0,1.0,0.0,0.0,0.5,0.109,0.5,0.5,0.509,0.124,0.509,0.515,0.0,0.0,-1.47,-5.38,5.63,0.0,-1.47,0.0,0.0,6.0,0.0,0.0,0.0,1.0,1.0,-2.6,0.8,1.5,0.0,-8.4,0.0,0.0,-13.2,170.0,0.0,0.0,170.0,170.0,145.0,170.0,170.0,19.0,7.0,128.0,52.0,15.0,6.0,0.0
71.995,104,286966.0,600.0,209.0,600.0,600.0,0.0,1.0,0.0,0.0,0.5,0.108,0.5,0.5,0.509,0.123,0.509,0.515,0.0,0.0,-1.13,-5.25,5.65,0.0,-3.08,0.0,0.0,6.0,0.0,0.0,0.0,1.0,1.0,-30.2,0.7,20.1,-2.1,-15.0,0.0,0.0,-23.4,94.0,0.0,0.0,170.0,170.0,145.0,170.0,170.0,19.0,7.0,128.0,52.0,15.0,6.0,0.0
72.027,19,286985.0,600.0,208.0,600.0,600.0,0.0,1.0,0.0,0.0,0.5,0.108,0.5,0.5,0.509,0.123,0.509,0.515,0.0,0.0,-1.73,-5.51,5.14,0.0,-4.22,0.0,0.0,6.0,0.0,0.0,0.0,1.0,1.0,-30.2,0.7,20.1,-2.1,-15.0,0.0,0.0,-23.4,94.0,0.0,0.0,170.0,170.0,145.0,170.0,170.0,19.0,7.0,128.0,52.0,15.0,6.0,0.0
72.125,106,287091.0,600.0,208.0,600.0,600.0,0.0,1.0,0.0,0.0,0.5,0.108,0.5,0.5,0.509,0.123,0.509,0.515,0.0,0.0,-1.24,-5.38,4.99,0.0,-4.65,0.0,0.0,6.0,0.0,0.0,0.0,1.0,1.0,-41.1,0.1,36.1,-2.7,-22.3,0.0,0.0,-34.1,94.0,0.0,0.0,170.0,170.0,145.0,170.0,170.0,25.0,11.0,15.0,10.0,15.0,6.0,1.0
72.166,19,287110.0,600.0,211.0,600.0,600.0,0.0,1.0,0.0,0.0,0.5,0.108,0.5,0.5,0.509,0.123,0.509,0.515,0.0,0.0,-1.42,-5.31,3.35,0.0,-5.91,0.0,0.0,6.0,0.0,0.0,0.0,1.0,1.0,-41.1,0.1,36.1,-2.7,-22.3,0.0,0.0,-34.1,94.0,0.0,0.0,170.0,170.0,145.0,170.0,170.0,25.0,11.0,15.0,10.0,15.0,6.0,0.0
72.264,125,287235.0,600.0,216.0,600.0,600.0,0.0,1.0,0.0,0.0,0.5,0.109,0.5,0.5,0.509,0.124,0.509,0.515,0.0,0.0,-1.45,-5.43,1.04,0.0,-3.19,0.0,0.0,6.0,0.0,0.0,0.0,1.0,1.0,-40.1,0.2,50.1,-11.5,-34.1,0.0,0.0,-40.5,94.0,0.0,0.0,99.0,170.0,145.0,170.0,170.0,25.0,11.0,15.0,10.0,15.0,6.0,0.0
72.362,84,287319.0,600.0,216.0,600.0,600.0,0.0,1.0,0.0,0.0,0.5,0.112,0.5,0.5,0.509,0.126,0.509,0.515,0.0,0.0,-1.24,-5.37,0.61,0.0,-2.46,0.0,0.0,6.0,0.0,0.0,0.0,1.0,1.0,-40.4,0.9,66.3,-15.6,-43.8,0.0,0.0,-45.2,94.0,0.0,0.0,131.0,170.0,145.0,170.0,170.0,25.0,11.0,15.0,10.0,15.0,6.0,1.0
72.428,65,287384.0,600.0,217.0,600.0,600.0,0.0,1.0,0.0,0.0,0.5,0.112,0.5,0.5,0.509,0.126,0.509,0.515,0.0,0.0,-1.43,-5.41,-0.18,0.0,-0.71,0.0,0.0,6.0,0.0,0.0,0.0,1.0,1.0,-39.0,0.7,61.9,-15.9,-49.3,0.0,0.0,-47.9,94.0,0.0,0.0,152.0,170.0,145.0,170.0,170.0,25.0,11.0,15.0,10.0,15.0,6.0,0.0
72.492,82,287466.0,600.0,217.0,635.0,600.0,0.0,1.0,0.0,0.0,0.5,0.114,0.515,0.5,0.509,0.129,0.522,0.515,0.0,0.0,-1.24,-5.31,-1.02,0.0,0.71,0.0,0.0,6.0,0.0,0.0,0.0,1.0,1.0,-37.7,0.2,57.0,-14.4,-57.2,0.0,0.0,-51.2,120.0,0.0,0.0,185.0,170.0,145.0,170.0,170.0,25.0,11.0,15.0,10.0,15.0,6.0,0.0
72.595,65,287531.0,600.0,219.0,635.0,600.0,0.0,1.0,0.0,0.0,0.5,0.114,0.515,0.5,0.509,0.129,0.522,0.515,0.0,0.0,-1.15,-5.3,-1.85,0.0,3.01,0.0,0.0,6.0,0.0,0.0,0.0,1.0,1.0,-37.7,0.1,56.8,-15.7,-58.6,0.0,0.0,-49.8,132.0,0.0,0.0,197.0,170.0,145.0,170.0,170.0,13.0,11.0,7.0,16.0,15.0,6.0,0.0
72.66,84,287615.0,600.0,219.0,663.0,600.0,0.0,1.0,0.0,0.0,0.5,0.116,0.534,0.5,0.509,0.131,0.54,0.515,0.0,0.0,-1.01,-5.35,-2.11,0.0,4.39,0.0,0.0,6.0,0.0,0.0,0.0,1.0,1.0,-38.4,1.9,53.5,-19.2,-60.9,0.0,0.0,-47.5,153.0,0.0,0.0,214.0,170.0,145.0,170.0,170.0,13.0,11.0,7.0,16.0,15.0,6.0,1.0
72.726,65,287680.0,600.0,218.0,663.0,600.0,0.0,1.0,0.0,0.0,0.5,0.116,0.534,0.5,0.509,0.131,0.54,0.515,0.0,0.0,-1.01,-5.32,-4.69,0.0,6.69,0.0,0.0,6.0,0.0,0.0,0.0,1.0,1.0,-40.8,1.5,61.5,-21.0,-62.3,0.0,0.0,-46.1,165.0,0.0,0.0,222.0,170.0,145.0,170.0,170.0,13.0,11.0,7.0,16.0,15.0,6.0,0.0
72.791,81,287761.0,600.0,218.0,693.0,600.0,0.0,1.0,0.0,0.0,0.5,0.117,0.554,0.5,0.509,0.132,0.56,0.515,0.0,0.0,-1.04,-5.42,-5.88,0.0,8.11,0.0,0.0,6.0,0.0,0.0,0.0,1.0,1.0,-40.8,1.3,73.3,-23.3,-64.6,0.0,0.0,-43.9,180.0,0.0,0.0,231.0,170.0,145.0,170.0,170.0,13.0,11.0,7.0,16.0,15.0,6.0,0.0
72.856,64,287825.0,600.0,212.0,693.0,600.0,0.0,1.0,0.0,0.0,0.5,0.117,0.554,0.5,0.509,0.132,0.56,0.515,0.0,0.0,-0.85,-5.46,-7.4,0.0,10.34,0.0,0.0,6.0,0.0,0.0,0.0,1.0,1.0,-50.7,1.3,69.8,-25.2,-66.0,0.0,0.0,-42.5,189.0,0.0,0.0,236.0,170.0,145.0,170.0,170.0,13.0,11.0,7.0,16.0,15.0,6.0,0.0
72.95,100,287925.0,600.0,212.0,725.0,565.0,0.0,1.0,0.0,0.0,0.5,0.113,0.575,0.484,0.509,0.13,0.58,0.502,0.0,0.0,-0.78,-5.45,-9.23,0.0,11.74,0.0,0.0,6.0,0.0,0.0,0.0,1.0,1.0,-53.0,-1.3,70.6,-26.0,-66.2,0.0,0.0,-42.3,200.0,0.0,0.0,249.0,170.0,145.0,170.0,170.0,13.0,11.0,7.0,16.0,15.0,6.0,0.0
73.016,52,287977.0,600.0,212.0,725.0,565.0,0.0,1.0,0.0,0.0,0.5,0.113,0.575,0.484,0.509,0.13,0.58,0.502,0.0,0.0,-0.78,-5.45,-10.68,0.0,11.93,0.0,0.0,6.0,0.0,0.0,0.0,1.0,1.0,-55.3,-1.0,88.2,-29.2,-66.2,0.0,0.0,-42.3,204.0,0.0,0.0,254.0,170.0,145.0,170.0,170.0,13.0,11.0,7.0,16.0,15.0,6.0,0.0
73.048,20,287997.0,600.0,195.0,725.0,565.0,0.0,1.0,0.0,0.0,0.5,0.113,0.575,0.484,0.509,0.13,0.58,0.502,0.0,0.0,-0.51,-5.29,-11.4,0.0,11.93,0.0,0.0,6.0,0.0,0.0,0.0,1.0,1.0,-55.3,-1.0,88.2,-29.2,-66.2,0.0,0.0,-42.3,204.0,0.0,0.0,254.0,170.0,145.0,170.0,170.0,13.0,11.0,7.0,16.0,15.0,6.0,0.0
73.146,99,288096.0,600.0,195.0,752.0,531.0,0.0,1.0,0.0,0.0,0.5,0.104,0.595,0.46,0.508,0.121,0.6,0.48,0.0,0.0,-0.62,-5.3,-12.78,0.0,11.93,0.0,0.0,6.0,0.0,0.0,0.0,1.0,1.0,-64.4,-0.3,97.0,-29.0,-66.2,0.0,0.0,-42.3,205.0,0.0,0.0,255.0,170.0,145.0,170.0,170.0,26.0,19.0,21.0,30.0,15.0,6.0,1.0
73.179,53,288149.0,600.0,195.0,752.0,531.0,0.0,1.0,0.0,0.0,0.5,0.104,0.595,0.46,0.508,0.121,0.6,0.48,0.0,0.0,-0.37,-5.21,-15.29,0.0,11.93,0.0,0.0,6.0,0.0,0.0,0.0,1.0,1.0,-74.4,2.6,93.1,-37.4,-66.2,0.0,0.0,-42.3,198.0,0.0,0.0,255.0,170.0,145.0,170.0,170.0,26.0,19.0,21.0,30.0,15.0,6.0,0.0
73.212,19,288168.0,600.0,174.0,752.0,531.0,0.0,1.0,0.0,0.0,0.5,0.104,0.595,0.46,0.508,0.121,0.6,0.48,0.0,0.0,-0.64,-5.08,-15.65,0.0,11.93,0.0,0.0,6.0,0.0,0.0,0.0,1.0,1.0,-74.4,2.6,93.1,-37.4,-66.2,0.0,0.0,-42.3,198.0,0.0,0.0,255.0,170.0,145.0,170.0,170.0,26.0,19.0,21.0,30.0,15.0,6.0,0.0
73.308,101,288269.0,600.0,174.0,743.0,492.0,0.0,1.0,0.0,0.0,0.5,0.09,0.6,0.429,0.508,0.108,0.607,0.45,0.0,0.0,-0.75,-5.25,-16.33,0.0,11.93,0.0,0.0,6.0,0.0,0.0,0.0,1.0,1.0,-83.9,2.2,119.5,-37.0,-66.2,0.0,0.0,-42.3,182.0,0.0,0.0,255.0,170.0,145.0,170.0,170.0,26.0,19.0,21.0,30.0,15.0,6.0,0.0
73.372,71,288340.0,600.0,149.0,743.0,492.0,0.0,1.0,0.0,0.0,0.5,0.09,0.6,0.429,0.508,0.108,0.607,0.45,0.0,0.0,-0.53,-5.07,-18.83,0.0,11.93,0.0,0.0,6.0,0.0,0.0,0.0,1.0,1.0,-85.5,1.6,115.8,-40.8,-66.2,0.0,0.0,-42.3,174.0,0.0,0.0,255.0,170.0,145.0,170.0,170.0,26.0,19.0,21.0,30.0,15.0,6.0,0.0
73.469,100,288440.0,600.0,149.0,714.0,448.0,0.0,1.0,0.0,0.0,0.5,0.073,0.593,0.391,0.507,0.092,0.601,0.413,0.0,0.0,-0.39,-5.24,-20.14,0.0,11.93,0.0,0.0,6.0,0.0,0.0,0.0,1.0,1.0,-86.7,1.2,134.1,-51.8,-66.2,0.0,0.0,-42.3,155.0,0.0,0.0,255.0,170.0,145.0,170.0,170.0,26.0,19.0,21.0,30.0,15.0,6.0,0.0
73.534,52,288492.0,600.0,149.0,714.0,448.0,0.0,1.0,0.0,0.0,0.5,0.073,0.593,0.391,0.507,0.092,0.601,0.413,0.0,0.0,-0.38,-5.02,-21.76,0.0,11.93,0.0,0.0,6.0,0.0,0.0,0.0,1.0,1.0,-86.7,1.2,134.1,-51.8,-66.2,0.0,0.0,-42.3,155.0,0.0,0.0,255.0,170.0,145.0,170.0,170.0,26.0,19.0,21.0,30.0,15.0,6.0,1.0
73.567,19,288511.0,600.0,128.0,714.0,448.0,0.0,1.0,0.0,0.0,0.5,0.073,0.593,0.391,0.507,0.092,0.601,0.413,0.0,0.0,-0.21,-5.05,-25.12,0.0,11.93,0.0,0.0,6.0,0.0,0.0,0.0,1.0,1.0,-86.5,1.5,130.4,-48.6,-66.2,0.0,0.0,-42.3,146.0,0.0,0.0,255.0,170.0,145.0,170.0,170.0,26.0,19.0,21.0,30.0,15.0,6.0,0.0
73.665,103,288614.0,600.0,128.0,683.0,404.0,0.0,1.0,0.0,0.0,0.5,0.057,0.578,0.348,0.506,0.076,0.586,0.371,0.0,0.0,-0.62,-4.68,-25.82,0.0,11.93,0.0,0.0,6.0,0.0,0.0,0.0,1.0,1.0,-79.2,0.3,123.1,-46.0,-66.2,0.0,0.0,-42.3,139.0,0.0,0.0,255.0,170.0,145.0,170.0,170.0,14.0,21.0,12.0,11.0,15.0,6.0,0.0
73.696,53,288667.0,600.0,128.0,683.0,404.0,0.0,1.0,0.0,0.0,0.5,0.057,0.578,0.348,0.506,0.076,0.586,0.371,0.0,0.0,0.1,-5.0,-27.64,0.0,11.93,0.0,0.0,6.0,0.0,0.0,0.0,1.0,1.0,-78.0,1.9,120.0,-39.4,-66.2,0.0,0.0,-42.3,130.0,0.0,0.0,255.0,170.0,145.0,170.0,170.0,14.0,21.0,12.0,11.0,15.0,6.0,0.0
73.728,19,288686.0,600.0,112.0,683.0,404.0,0.0,1.0,0.0,0.0,0.5,0.057,0.578,0.348,0.506,0.076,0.586,0.371,0.0,0.0,0.17,-4.93,-26.56,0.0,11.93,0.0,0.0,6.0,0.0,0.0,0.0,1.0,1.0,-78.0,1.9,120.0,-39.4,-66.2,0.0,0.0,-42.3,130.0,0.0,0.0,255.0,170.0,145.0,170.0,170.0,14.0,21.0,12.0,11.0,15.0,6.0,0.0
73.826,102,288788.0,600.0,112.0,652.0,397.0,0.0,1.0,0.0,0.0,0.5,0.044,0.558,0.325,0.506,0.062,0.567,0.345,0.0,0.0,-0.38,-4.81,-24.91,0.0,11.93,0.0,0.0,6.0,0.0,0.0,0.0,1.0,1.0,-68.2,6.8,102.9,-45.1,-66.2,0.0,0.0,-42.3,127.0,0.0,0.0,255.0,170.0,145.0,170.0,170.0,14.0,21.0,12.0,11.0,15.0,6.0,0.0
73.891,72,288860.0,600.0,103.0,652.0,397.0,0.0,1.0,0.0,0.0,0.5,0.044,0.558,0.325,0.506,0.062,0.567,0.345,0.0,0.0,-0.35,-4.66,-29.25,0.0,11.93,0.0,0.0,6.0,0.0,0.0,0.0,1.0,1.0,-69.5,6.7,101.3,-49.7,-66.2,0.0,0.0,-42.3,125.0,0.0,0.0,255.0,170.0,145.0,170.0,170.0,14.0,21.0,12.0,11.0,15.0,6.0,0.0
73.991,100,288960.0,600.0,103.0,624.0,385.0,0.0,1.0,0.0,0.0,0.5,0.036,0.538,0.307,0.505,0.053,0.546,0.325,0.0,0.0,-0.3,-4.62,-31.6,0.0,11.93,0.0,0.0,6.0,0.0,0.0,0.0,1.0,1.0,-67.0,5.4,110.8,-53.8,-66.2,0.0,0.0,-42.3,125.0,0.0,0.0,247.0,170.0,145.0,170.0,170.0,14.0,21.0,12.0,11.0,15.0,6.0,1.0
74.054,52,289012.0,600.0,103.0,624.0,385.0,0.0,1.0,0.0,0.0,0.5,0.036,0.538,0.307,0.505,0.053,0.546,0.325,0.0,0.0,-0.4,-4.61,-34.49,0.0,11.93,0.0,0.0,6.0,0.0,0.0,0.0,1.0,1.0,-67.0,5.4,110.8,-53.8,-66.2,0.0,0.0,-42.3,126.0,0.0,0.0,241.0,170.0,145.0,170.0,170.0,14.0,21.0,12.0,11.0,15.0,6.0,0.0
74.087,19,289031.0,600.0,103.0,624.0,385.0,0.0,1.0,0.0,0.0,0.5,0.036,0.538,0.307,0.505,0.053,0.546,0.325,0.0,0.0,-0.12,-4.53,-39.28,0.0,11.93,0.0,0.0,6.0,0.0,0.0,0.0,1.0,1.0,-65.1,4.3,108.7,-54.5,-66.2,0.0,0.0,-42.3,126.0,0.0,0.0,241.0,170.0,145.0,170.0,170.0,14.0,21.0,12.0,11.0,15.0,6.0,0.0
74.186,101,289132.0,600.0,103.0,599.0,375.0,0.0,1.0,0.0,0.0,0.5,0.032,0.517,0.293,0.505,0.048,0.525,0.31,0.0,0.0,0.1,-4.49,-40.12,0.0,11.93,0.0,0.0,6.0,0.0,0.0,0.0,1.0,1.0,-62.4,3.6,103.8,-53.6,-66.2,0.0,0.0,-42.3,131.0,0.0,0.0,233.0,170.0,145.0,170.0,170.0,14.0,17.0,96.0,7.0,15.0,6.0,0.0
74.219,52,289184.0,600.0,103.0,599.0,375.0,0.0,1.0,0.0,0.0,0.5,0.032,0.517,0.293,0.505,0.048,0.525,0.31,0.0,0.0,0.23,-4.3,-44.39,0.0,11.93,0.0,0.0,6.0,0.0,0.0,0.0,1.0,1.0,-60.6,3.2,127.4,-47.2,-66.2,0.0,0.0,-42.3,133.0,0.0,0.0,232.0,170.0,145.0,170.0,170.0,14.0,17.0,96.0,7.0,15.0,6.0,1.0
74.252,19,289203.0,600.0,108.0,599.0,375.0,0.0,1.0,0.0,0.0,0.5,0.032,0.517,0.293,0.505,0.048,0.525,0.31,0.0,0.0,0.28,-4.34,-45.3,0.0,11.93,0.0,0.0,6.0,0.0,0.0,0.0,1.0,1.0,-60.6,3.2,127.4,-47.2,-66.2,0.0,0.0,-42.3,133.0,0.0,0.0,232.0,170.0,145.0,170.0,170.0,14.0,17.0,96.0,7.0,15.0,6.0,0.0
74.351,103,289306.0,600.0,108.0,600.0,365.0,0.0,1.0,0.0,0.0,0.5,0.032,0.508,0.281,0.505,0.047,0.514,0.298,0.0,0.0,0.29,-4.27,-46.76,0.0,11.93,0.0,0.0,6.0,0.0,0.0,0.0,1.0,1.0,-65.0,3.0,113.9,-59.5,-66.2,0.0,0.0,-42.3,136.0,0.0,0.0,216.0,170.0,145.0,170.0,170.0,14.0,17.0,96.0,7.0,15.0,6.0,0.0
74.414,71,289377.0,600.0,105.0,600.0,365.0,0.0,1.0,0.0,0.0,0.5,0.032,0.508,0.281,0.505,0.047,0.514,0.298,0.0,0.0,0.39,-4.34,-51.91,0.0,11.93,0.0,0.0,6.0,0.0,0.0,0.0,1.0,1.0,-66.5,2.8,107.0,-64.4,-66.2,0.0,0.0,-42.3,135.0,0.0,0.0,205.0,170.0,145.0,170.0,170.0,14.0,17.0,96.0,7.0,15.0,6.0,0.0
74.51,101,289478.0,600.0,105.0,600.0,357.0,0.0,1.0,0.0,0.0,0.5,0.031,0.504,0.271,0.504,0.046,0.509,0.287,0.0,0.0,0.58,-4.06,-52.36,0.0,11.93,0.0,0.0,6.0,0.0,0.0,0.0,1.0,1.0,-68.2,1.9,102.2,-62.7,-66.2,0.0,0.0,-42.3,133.0,0.0,0.0,185.0,170.0,145.0,170.0,170.0,14.0,17.0,96.0,7.0,15.0,6.0,1.0
74.576,52,289530.0,600.0,105.0,600.0,357.0,0.0,1.0,0.0,0.0,0.5,0.031,0.504,0.271,0.504,0.046,0.509,0.287,0.0,0.0,0.63,-4.21,-50.33,0.0,11.93,0.0,0.0,6.0,0.0,0.0,0.0,1.0,1.0,-68.2,1.9,102.2,-62.7,-66.2,0.0,0.0,-42.3,133.0,0.0,0.0,185.0,170.0,145.0,170.0,170.0,14.0,17.0,96.0,7.0,15.0,6.0,0.0
74.608,21,289551.0,600.0,102.0,600.0,357.0,0.0,1.0,0.0,0.0,0.5,0.031,0.504,0.271,0.504,0.046,0.509,0.287,0.0,0.0,0.01,-4.47,-45.18,0.0,11.93,0.0,0.0,6.0,0.0,0.0,0.0,1.0,1.0,-70.2,2.7,94.5,-59.2,-66.2,0.0,0.0,-42.3,131.0,0.0,0.0,178.0,170.0,145.0,170.0,170.0,14.0,17.0,96.0,7.0,15.0,6.0,0.0
74.705,103,289654.0,600.0,102.0,600.0,347.0,0.0,1.0,0.0,1.0,0.5,0.029,0.502,0.26,0.504,0.044,0.506,0.276,0.0,0.0,0.11,-4.82,-43.65,0.0,11.93,0.0,0.0,6.0,0.0,0.0,0.0,1.0,1.0,-72.0,3.0,91.9,-62.6,-66.2,0.0,0.0,-42.3,125.0,0.0,0.0,161.0,170.0,145.0,170.0,170.0,31.0,14.0,30.0,15.0,15.0,6.0,1.0
74.738,52,289706.0,600.0,102.0,600.0,347.0,0.0,1.0,0.0,1.0,0.5,0.029,0.502,0.26,0.504,0.044,0.506,0.276,0.0,0.0,0.1,-4.78,-43.45,0.0,11.93,0.0,0.0,6.0,0.0,0.0,0.0,1.0,1.0,-70.4,3.2,85.9,-63.5,-66.2,0.0,0.0,-42.3,123.0,0.0,0.0,152.0,170.0,145.0,170.0,170.0,31.0,14.0,30.0,15.0,15.0,6.0,1.0
74.772,20,289726.0,600.0,102.0,600.0,347.0,0.0,1.0,0.0,1.0,0.5,0.029,0.502,0.26,0.504,0.044,0.506,0.276,0.0,0.0,0.45,-4.74,-44.4,0.0,11.93,0.0,0.0,6.0,0.0,0.0,0.0,1.0,1.0,-70.4,3.2,85.9,-63.5,-66.2,0.0,0.0,-42.3,123.0,0.0,0.0,152.0,170.0,145.0,170.0,170.0,31.0,14.0,30.0,15.0,15.0,6.0,0.0
74.87,100,289826.0,600.0,102.0,600.0,344.0,0.0,1.0,0.0,1.0,0.5,0.029,0.501,0.253,0.504,0.044,0.505,0.269,0.0,0.0,0.26,-4.7,-45.69,0.0,11.93,0.0,0.0,6.0,0.0,0.0,0.0,1.0,1.0,-62.5,2.6,74.4,-57.1,-66.2,0.0,0.0,-42.3,126.0,0.0,0.0,137.0,170.0,145.0,170.0,170.0,31.0,14.0,30.0,15.0,15.0,6.0,0.0
74.936,71,289897.0,600.0,97.0,600.0,344.0,0.0,1.0,0.0,1.0,0.5,0.029,0.501,0.253,0.504,0.044,0.505,0.269,0.0,0.0,0.33,-4.67,-48.68,0.0,11.93,0.0,0.0,6.0,0.0,0.0,0.0,1.0,1.0,-58.9,2.1,78.1,-53.9,-66.2,0.0,0.0,-42.3,130.0,0.0,0.0,133.0,170.0,145.0,170.0,170.0,31.0,14.0,30.0,15.0,15.0,6.0,0.0
75.044,102,289999.0,600.0,97.0,600.0,342.0,0.0,1.0,0.0,1.0,0.5,0.027,0.5,0.249,0.504,0.042,0.504,0.264,0.0,0.0,0.38,-4.78,-49.59,0.0,11.93,0.0,0.0,6.0,0.0,0.0,0.0,1.0,1.0,-57.8,1.5,82.8,-39.3,-66.2,0.0,0.0,-42.3,141.0,0.0,0.0,135.0,170.0,145.0,170.0,170.0,31.0,14.0,30.0,15.0,15.0,6.0,0.0
75.109,71,290070.0,600.0,89.0,600.0,342.0,0.0,1.0,0.0,1.0,0.5,0.027,0.5,0.249,0.504,0.042,0.504,0.264,0.0,0.0,0.4,-4.84,-50.06,0.0,11.93,0.0,0.0,6.0,0.0,0.0,0.0,1.0,1.0,-53.7,1.5,80.6,-35.0,-66.2,0.0,0.0,-42.3,147.0,0.0,0.0,140.0,170.0,145.0,170.0,170.0,31.0,14.0,30.0,15.0,15.0,6.0,0.0
75.208,101,290171.0,600.0,89.0,600.0,331.0,0.0,1.0,0.0,1.0,0.5,0.024,0.5,0.241,0.504,0.039,0.504,0.257,0.0,0.0,0.33,-4.9,-50.13,0.0,11.93,0.0,0.0,6.0,0.0,0.0,0.0,1.0,1.0,-53.3,1.1,61.4,-23.6,-66.2,0.0,0.0,-42.3,156.0,0.0,0.0,157.0,170.0,145.0,170.0,170.0,21.0,14.0,17.0,5.0,15.0,6.0,1.0
75.274,71,290242.0,600.0,88.0,600.0,331.0,0.0,1.0,0.0,1.0,0.5,0.024,0.5,0.241,0.504,0.039,0.504,0.257,0.0,0.0,0.03,-4.92,-50.18,0.0,11.93,0.0,0.0,6.0,0.0,0.0,0.0,1.0,1.0,-57.1,0.4,57.8,-20.5,-66.2,0.0,0.0,-42.3,160.0,0.0,0.0,168.0,170.0,145.0,170.0,170.0,21.0,14.0,17.0,5.0,15.0,6.0,0.0
75.409,101,290343.0,600.0,88.0,600.0,307.0,0.0,1.0,0.0,1.0,0.5,0.023,0.5,0.223,0.504,0.037,0.504,0.24,0.0,0.0,0.2,-4.93,-50.05,0.0,11.93,0.0,0.0,6.0,0.0,0.0,0.0,1.0,1.0,-62.8,-0.6,55.5,-18.2,-66.2,0.0,0.0,-42.3,155.0,0.0,0.0,191.0,170.0,145.0,170.0,170.0,21.0,14.0,17.0,5.0,15.0,6.0,0.0
75.442,71,290414.0,600.0,90.0,600.0,307.0,0.0,1.0,0.0,1.0,0.5,0.023,0.5,0.223,0.504,0.037,0.504,0.24,0.0,0.0,-0.15,-5.7,-38.06,0.0,11.93,0.0,0.0,6.0,0.0,0.0,0.0,1.0,1.0,-76.9,-0.7,54.8,-17.0,-66.2,0.0,0.0,-42.3,149.0,0.0,0.0,202.0,170.0,145.0,170.0,170.0,21.0,14.0,17.0,5.0,15.0,6.0,0.0
75.572,101,290515.0,600.0,90.0,600.0,358.0,0.0,1.0,0.0,0.0,0.5,0.022,0.5,0.244,0.504,0.037,0.504,0.255,0.0,0.0,-1.22,-5.83,-34.27,0.0,11.93,0.0,0.0,6.0,0.0,0.0,0.0,1.0,1.0,-76.1,0.2,59.8,-14.7,-64.0,0.0,0.0,-44.5,135.0,0.0,0.0,234.0,170.0,145.0,170.0,170.0,21.0,14.0,17.0,5.0,15.0,6.0,0.0
75.604,52,290567.0,600.0,90.0,600.0,358.0,0.0,1.0,0.0,0.0,0.5,0.022,0.5,0.244,0.504,0.037,0.504,0.255,0.0,0.0,-1.22,-5.83,-25.28,0.0,9.73,0.0,0.0,6.0,0.0,0.0,0.0,1.0,1.0,-75.7,0.6,69.8,-16.0,-65.4,0.0,0.0,-43.1,133.0,0.0,0.0,243.0,170.0,145.0,170.0,170.0,21.0,14.0,17.0,5.0,15.0,6.0,1.0
75.636,20,290587.0,600.0,94.0,600.0,358.0,0.0,1.0,0.0,0.0,0.5,0.022,0.5,0.244,0.504,0.037,0.504,0.255,0.0,0.0,-0.74,-5.55,-23.89,0.0,11.16,0.0,0.0,6.0,0.0,0.0,0.0,1.0,1.0,-75.7,0.6,69.8,-16.0,-65.4,0.0,0.0,-43.1,133.0,0.0,0.0,243.0,170.0,145.0,170.0,170.0,21.0,14.0,17.0,5.0,15.0,6.0,0.0
75.732,101,290688.0,600.0,94.0,600.0,408.0,0.0,1.0,0.0,0.0,0.5,0.023,0.5,0.283,0.504,0.038,0.504,0.291,0.0,0.0,-1.39,-5.6,-25.3,0.0,11.83,0.0,0.0,6.0,0.0,0.0,0.0,1.0,1.0,-76.0,0.5,63.9,-24.8,-66.2,0.0,0.0,-42.3,124.0,0.0,0.0,255.0,170.0,145.0,170.0,170.0,23.0,16.0,35.0,3.0,15.0,6.0,1.0
75.798,71,290759.0,600.0,102.0,600.0,408.0,0.0,1.0,0.0,0.0,0.5,0.023,0.5,0.283,0.504,0.038,0.504,0.291,0.0,0.0,-1.02,-5.48,-29.66,0.0,11.93,0.0,0.0,6.0,0.0,0.0,0.0,1.0,1.0,-72.9,0.4,76.4,-27.9,-66.2,0.0,0.0,-42.3,122.0,0.0,0.0,255.0,170.0,145.0,170.0,170.0,23.0,16.0,35.0,3.0,15.0,6.0,0.0
75.894,99,290858.0,600.0,102.0,600.0,460.0,0.0,1.0,0.0,0.0,0.5,0.026,0.5,0.329,0.505,0.04,0.505,0.336,0.0,0.0,-1.24,-5.55,-31.93,0.0,11.93,0.0,0.0,6.0,0.0,0.0,0.0,1.0,1.0,-68.2,-1.5,92.6,-32.7,-66.2,0.0,0.0,-42.3,121.0,0.0,0.0,255.0,170.0,145.0,170.0,170.0,23.0,16.0,35.0,3.0,15.0,6.0,0.0
75.96,71,290929.0,600.0,108.0,600.0,460.0,0.0,1.0,0.0,0.0,0.5,0.026,0.5,0.329,0.505,0.04,0.505,0.336,0.0,0.0,-1.13,-5.55,-37.3,0.0,11.93,0.0,0.0,6.0,0.0,0.0,0.0,1.0,1.0,-66.4,-0.9,90.9,-33.8,-66.2,0.0,0.0,-42.3,122.0,0.0,0.0,255.0,170.0,145.0,170.0,170.0,23.0,16.0,35.0,3.0,15.0,6.0,0.0
76.054,84,291013.0,600.0,108.0,513.0,523.0,0.0,1.0,0.0,0.0,0.5,0.029,0.458,0.384,0.506,0.043,0.471,0.39,0.0,0.0,-0.85,-5.38,-42.65,0.0,11.93,0.0,0.0,6.0,0.0,0.0,0.0,1.0,1.0,-62.2,-0.6,107.7,-46.9,-66.2,0.0,0.0,-42.3,125.0,0.0,0.0,255.0,170.0,145.0,170.0,170.0,23.0,16.0,35.0,3.0,15.0,6.0,0.0
76.119,65,291078.0,600.0,124.0,513.0,523.0,0.0,1.0,0.0,0.0,0.5,0.029,0.458,0.384,0.506,0.043,0.471,0.39,0.0,0.0,-0.63,-5.29,-42.65,0.0,11.93,0.0,0.0,6.0,0.0,0.0,0.0,1.0,1.0,-62.4,-1.3,107.1,-49.1,-66.2,0.0,0.0,-42.3,127.0,0.0,0.0,255.0,170.0,145.0,170.0,170.0,23.0,16.0,35.0,3.0,15.0,6.0,0.0
76.216,100,291178.0,600.0,124.0,513.0,600.0,0.0,1.0,0.0,0.0,0.5,0.035,0.439,0.447,0.507,0.048,0.449,0.45,0.0,0.0,-0.3,-5.35,-43.72,0.0,11.93,0.0,0.0,6.0,0.0,0.0,0.0,1.0,1.0,-63.4,3.6,120.5,-44.9,-66.2,0.0,0.0,-42.3,129.0,0.0,0.0,255.0,170.0,145.0,170.0,170.0,49.0,14.0,36.0,11.0,15.0,6.0,1.0
76.279,71,291249.0,600.0,162.0,513.0,600.0,0.0,1.0,0.0,0.0,0.5,0.035,0.439,0.447,0.507,0.048,0.449,0.45,0.0,0.0,-0.33,-5.24,-52.44,0.0,11.93,0.0,0.0,6.0,0.0,0.0,0.0,1.0,1.0,-64.7,3.1,128.9,-44.6,-66.2,0.0,0.0,-42.3,130.0,0.0,0.0,255.0,170.0,145.0,170.0,170.0,49.0,14.0,36.0,11.0,15.0,6.0,0.0
76.376,100,291349.0,600.0,162.0,639.0,600.0,0.0,1.0,0.0,0.0,0.5,0.053,0.489,0.475,0.508,0.065,0.489,0.485,0.0,0.0,-0.53,-5.16,-54.15,0.0,11.93,0.0,0.0,6.0,0.0,0.0,0.0,1.0,1.0,-62.2,1.9,130.0,-46.6,-66.2,0.0,0.0,-42.3,133.0,0.0,0.0,255.0,170.0,145.0,170.0,170.0,49.0,14.0,36.0,11.0,15.0,6.0,0.0
76.443,52,291401.0,600.0,162.0,639.0,600.0,0.0,1.0,0.0,0.0,0.5,0.053,0.489,0.475,0.508,0.065,0.489,0.485,0.0,0.0,-0.22,-5.11,-57.54,0.0,11.93,0.0,0.0,6.0,0.0,0.0,0.0,1.0,1.0,-59.9,1.7,127.0,-48.1,-66.2,0.0,0.0,-42.3,136.0,0.0,0.0,255.0,170.0,145.0,170.0,170.0,49.0,14.0,36.0,11.0,15.0,6.0,0.0
76.475,20,291421.0,600.0,200.0,639.0,600.0,0.0,1.0,0.0,0.0,0.5,0.053,0.489,0.475,0.508,0.065,0.489,0.485,0.0,0.0,-0.52,-5.02,-58.92,0.0,11.93,0.0,0.0,6.0,0.0,0.0,0.0,1.0,1.0,-59.9,1.7,127.0,-48.1,-66.2,0.0,0.0,-42.3,136.0,0.0,0.0,255.0,170.0,145.0,170.0,170.0,49.0,14.0,36.0,11.0,15.0,6.0,0.0
76.577,99,291520.0,600.0,200.0,719.0,600.0,0.0,1.0,0.0,0.0,0.5,0.078,0.543,0.489,0.508,0.089,0.542,0.501,0.0,0.0,0.02,-4.87,-60.8,0.0,11.93,0.0,0.0,6.0,0.0,0.0,0.0,1.0,1.0,-61.8,-1.0,110.2,-56.2,-66.2,0.0,0.0,-42.3,140.0,0.0,0.0,241.0,170.0,145.0,170.0,170.0,49.0,14.0,36.0,11.0,15.0,6.0,1.0
76.61,53,291573.0,600.0,200.0,719.0,600.0,0.0,1.0,0.0,0.0,0.5,0.078,0.543,0.489,0.508,0.089,0.542,0.501,0.0,0.0,-0.2,-4.87,-59.45,0.0,11.93,0.0,0.0,6.0,0.0,0.0,0.0,1.0,1.0,-61.8,-1.0,110.2,-56.2,-66.2,0.0,0.0,-42.3,140.0,0.0,0.0,241.0,170.0,145.0,170.0,170.0,49.0,14.0,36.0,11.0,15.0,6.0,0.0
76.643,20,291593.0,600.0,209.0,719.0,600.0,0.0,1.0,0.0,0.0,0.5,0.078,0.543,0.489,0.508,0.089,0.542,0.501,0.0,0.0,-0.41,-5.53,-52.15,0.0,11.93,0.0,0.0,6.0,0.0,0.0,0.0,1.0,1.0,-68.9,-1.0,108.9,-57.9,-66.2,0.0,0.0,-42.3,137.0,0.0,0.0,233.0,170.0,145.0,170.0,170.0,49.0,14.0,36.0,11.0,15.0,6.0,0.0
76.741,103,291696.0,600.0,209.0,719.0,600.0,0.0,1.0,0.0,0.0,0.5,0.095,0.568,0.495,0.509,0.107,0.572,0.509,0.0,0.0,-0.9,-5.46,-50.05,0.0,11.93,0.0,0.0,6.0,0.0,0.0,0.0,1.0,1.0,-76.3,-0.1,104.0,-58.8,-66.2,0.0,0.0,-42.3,126.0,0.0,0.0,218.0,170.0,145.0,170.0,170.0,11.0,15.0,16.0,3.0,15.0,6.0,0.0
76.805,72,291768.0,600.0,220.0,719.0,600.0,0.0,1.0,0.0,0.0,0.5,0.095,0.568,0.495,0.509,0.107,0.572,0.509,0.0,0.0,-0.62,-5.29,-50.62,0.0,11.93,0.0,0.0,0.0,0.0,0.0,0.0,1.0,1.0,-74.8,-0.0,99.9,-59.1,-66.2,0.0,0.0,-42.3,122.0,0.0,0.0,210.0,170.0,145.0,170.0,170.0,11.0,15.0,16.0,3.0,15.0,6.0,0.0
76.933,109,291877.0,600.0,220.0,922.0,600.0,0.0,1.0,0.0,0.0,0.5,0.107,0.64,0.498,0.509,0.122,0.637,0.514,0.0,0.0,-0.61,-5.31,-52.62,0.0,0.0,0.0,0.0,0.0,0.0,0.0,0.0,1.0,1.0,-59.2,-0.1,100.7,-52.9,0.0,0.0,0.0,0.0,0.0,0.0,0.0,0.0,170.0,145.0,170.0,170.0,11.0,15.0,16.0,3.0,15.0,6.0,1.0
76.971,52,291929.0,600.0,220.0,922.0,600.0,0.0,1.0,0.0,0.0,0.5,0.107,0.64,0.498,0.509,0.122,0.637,0.514,0.0,0.0,-0.81,-5.21,-57.18,0.0,0.0,0.0,0.0,0.0,0.0,0.0,0.0,1.0,1.0,-51.2,-0.1,93.7,-51.1,0.0,0.0,0.0,0.0,0.0,0.0,0.0,0.0,170.0,145.0,170.0,170.0,11.0,15.0,16.0,3.0,15.0,6.0,0.0
77.003,19,291948.0,600.0,238.0,922.0,600.0,0.0,1.0,0.0,0.0,0.5,0.107,0.64,0.498,0.509,0.122,0.637,0.514,0.0,0.0,-0.82,-5.18,-57.82,0.0,0.0,0.0,0.0,0.0,0.0,0.0,0.0,1.0,1.0,-51.2,-0.1,93.7,-51.1,0.0,0.0,0.0,0.0,0.0,0.0,0.0,0.0,170.0,145.0,170.0,170.0,11.0,15.0,16.0,3.0,15.0,6.0,0.0
77.1,101,292049.0,600.0,238.0,1009.0,515.0,0.0,1.0,0.0,0.0,0.5,0.123,0.693,0.458,0.509,0.138,0.693,0.482,0.0,0.0,-0.8,-5.31,-58.84,0.0,0.0,0.0,0.0,0.0,0.0,0.0,0.0,1.0,1.0,-34.5,-0.7,65.6,-41.1,0.0,0.0,0.0,0.0,0.0,0.0,0.0,0.0,170.0,145.0,170.0,170.0,11.0,15.0,16.0,3.0,15.0,6.0,1.0
77.132,52,292101.0,600.0,238.0,1009.0,515.0,0.0,1.0,0.0,0.0,0.5,0.123,0.693,0.458,0.509,0.138,0.693,0.482,0.0,0.0,-0.8,-5.31,-59.14,0.0,0.0,0.0,0.0,0.0,0.0,0.0,0.0,1.0,1.0,-30.3,-0.7,57.7,-36.2,0.0,0.0,0.0,0.0,0.0,0.0,0.0,0.0,170.0,145.0,170.0,170.0,11.0,15.0,16.0,3.0,15.0,6.0,0.0
77.169,19,292120.0,600.0,225.0,1009.0,515.0,0.0,1.0,0.0,0.0,0.5,0.123,0.693,0.458,0.509,0.138,0.693,0.482,0.0,0.0,-0.75,-5.32,-59.16,0.0,0.0,0.0,0.0,0.0,0.0,0.0,0.0,1.0,1.0,-30.3,-0.7,57.7,-36.2,0.0,0.0,0.0,0.0,0.0,0.0,0.0,0.0,170.0,145.0,170.0,170.0,11.0,15.0,16.0,3.0,15.0,6.0,0.0
77.266,101,292221.0,600.0,225.0,958.0,421.0,0.0,1.0,0.0,0.0,0.5,0.123,0.707,0.389,0.508,0.14,0.712,0.418,0.0,0.0,-0.81,-5.33,-59.19,0.0,0.0,0.0,0.0,0.0,0.0,0.0,0.0,1.0,1.0,-23.5,-0.6,44.5,-28.0,0.0,0.0,0.0,0.0,0.0,0.0,0.0,0.0,170.0,145.0,170.0,170.0,15.0,15.0,69.0,32.0,15.0,6.0,1.0
77.299,51,292272.0,600.0,225.0,958.0,421.0,0.0,1.0,0.0,0.0,0.5,0.123,0.707,0.389,0.508,0.14,0.712,0.418,0.0,0.0,-0.86,-5.35,-59.19,0.0,0.0,0.0,0.0,0.0,0.0,0.0,0.0,1.0,1.0,-20.7,-0.5,39.2,-24.7,0.0,0.0,0.0,0.0,0.0,0.0,0.0,0.0,170.0,145.0,170.0,170.0,15.0,15.0,69.0,32.0,15.0,6.0,0.0
77.332,20,292292.0,600.0,206.0,958.0,421.0,0.0,1.0,0.0,0.0,0.5,0.123,0.707,0.389,0.508,0.14,0.712,0.418,0.0,0.0,-0.88,-5.36,-59.19,0.0,0.0,0.0,0.0,0.0,0.0,0.0,0.0,1.0,1.0,-20.7,-0.5,39.2,-24.7,0.0,0.0,0.0,0.0,0.0,0.0,0.0,0.0,170.0,145.0,170.0,170.0,15.0,15.0,69.0,32.0,15.0,6.0,0.0
77.431,82,292374.0,600.0,206.0,952.0,421.0,0.0,1.0,0.0,0.0,0.5,0.113,0.712,0.357,0.507,0.133,0.718,0.381,0.0,0.0,-0.94,-5.37,-59.18,0.0,0.0,0.0,0.0,0.0,0.0,0.0,0.0,1.0,1.0,-16.0,-0.4,30.3,-19.1,0.0,0.0,0.0,0.0,0.0,0.0,0.0,0.0,170.0,145.0,170.0,170.0,15.0,15.0,69.0,32.0,15.0,6.0,0.0
77.481,64,292438.0,600.0,214.0,952.0,421.0,0.0,1.0,0.0,0.0,0.5,0.113,0.712,0.357,0.507,0.133,0.718,0.381,0.0,0.0,-0.99,-5.37,-59.17,0.0,0.0,0.0,0.0,0.0,0.0,0.0,0.0,1.0,1.0,-14.1,-0.3,26.8,-16.8,0.0,0.0,0.0,0.0,0.0,0.0,0.0,0.0,170.0,145.0,170.0,170.0,15.0,15.0,69.0,32.0,15.0,6.0,0.0
77.546,82,292520.0,600.0,214.0,1037.0,421.0,0.0,1.0,0.0,0.0,0.5,0.113,0.732,0.343,0.507,0.131,0.735,0.363,0.0,0.0,-1.07,-5.4,-59.17,0.0,0.0,0.0,0.0,0.0,0.0,0.0,0.0,1.0,1.0,-11.2,-0.4,20.4,-13.0,0.0,0.0,0.0,0.0,0.0,0.0,0.0,0.0,170.0,145.0,170.0,170.0,15.0,15.0,69.0,32.0,15.0,6.0,0.0
77.618,65,292585.0,600.0,222.0,1037.0,421.0,0.0,1.0,0.0,0.0,0.5,0.113,0.732,0.343,0.507,0.131,0.735,0.363,0.0,0.0,-1.11,-5.4,-59.11,0.0,0.0,0.0,0.0,0.0,0.0,0.0,0.0,1.0,1.0,-9.9,-0.2,17.7,-11.5,0.0,0.0,0.0,0.0,0.0,0.0,0.0,0.0,170.0,145.0,170.0,170.0,15.0,15.0,69.0,32.0,15.0,6.0,0.0
77.716,98,292683.0,600.0,222.0,998.0,421.0,0.0,1.0,0.0,0.0,0.5,0.117,0.733,0.336,0.507,0.135,0.739,0.355,0.0,0.0,-1.17,-5.41,-59.08,0.0,0.0,0.0,0.0,0.0,0.0,0.0,0.0,1.0,1.0,-7.0,-0.5,14.0,-8.8,0.0,0.0,0.0,0.0,0.0,0.0,0.0,0.0,170.0,145.0,170.0,170.0,15.0,15.0,69.0,32.0,15.0,6.0,0.0
77.783,71,292754.0,506.0,214.0,998.0,421.0,0.0,1.0,0.0,0.0,0.5,0.117,0.733,0.336,0.507,0.135,0.739,0.355,0.0,0.0,-1.24,-5.41,-59.19,0.0,0.0,0.0,0.0,0.0,0.0,0.0,0.0,1.0,1.0,-6.0,-0.6,12.5,-7.8,0.0,0.0,0.0,0.0,0.0,0.0,0.0,0.0,170.0,145.0,170.0,170.0,15.0,5.0,81.0,30.0,15.0,6.0,0.0
77.884,100,292854.0,506.0,214.0,985.0,507.0,0.0,1.0,0.0,0.0,0.455,0.115,0.731,0.379,0.469,0.133,0.739,0.39,0.0,0.0,-1.29,-5.43,-59.19,0.0,0.0,0.0,0.0,0.0,0.0,0.0,0.0,1.0,1.0,-4.0,-0.5,8.5,-5.5,0.0,0.0,0.0,0.0,0.0,0.0,0.0,0.0,170.0,145.0,170.0,170.0,15.0,5.0,81.0,30.0,15.0,6.0,0.0
77.951,52,292906.0,397.0,214.0,985.0,507.0,0.0,1.0,0.0,0.0,0.455,0.115,0.731,0.379,0.469,0.133,0.739,0.39,0.0,0.0,-1.29,-5.43,-59.18,0.0,0.0,0.0,0.0,0.0,0.0,0.0,0.0,1.0,1.0,-3.0,-1.2,4.7,-3.5,0.0,0.0,0.0,0.0,0.0,0.0,0.0,0.0,170.0,145.0,170.0,170.0,15.0,5.0,81.0,30.0,15.0,6.0,0.0
77.983,19,292925.0,397.0,215.0,985.0,507.0,0.0,1.0,0.0,0.0,0.455,0.115,0.731,0.379,0.469,0.133,0.739,0.39,0.0,0.0,-1.25,-5.44,-59.19,0.0,0.0,0.0,0.0,0.0,0.0,0.0,0.0,1.0,1.0,-3.0,-1.2,4.7,-3.5,0.0,0.0,0.0,0.0,0.0,0.0,0.0,0.0,170.0,145.0,170.0,170.0,15.0,5.0,81.0,30.0,15.0,6.0,0.0
78.081,102,293027.0,397.0,215.0,1007.0,600.0,0.0,1.0,0.0,0.0,0.374,0.114,0.735,0.444,0.395,0.131,0.742,0.45,0.0,0.0,-1.05,-5.39,-58.97,0.0,0.0,0.0,0.0,0.0,0.0,0.0,0.0,1.0,1.0,-1.9,-1.4,-21.8,28.8,0.0,0.0,0.0,0.0,0.0,0.0,0.0,0.0,170.0,145.0,170.0,170.0,15.0,5.0,81.0,30.0,15.0,6.0,0.0
78.114,51,293078.0,286.0,215.0,1007.0,600.0,1.0,1.0,0.0,0.0,0.374,0.114,0.735,0.444,0.395,0.131,0.742,0.45,0.0,0.0,-0.76,-5.49,-58.23,0.0,0.0,0.0,0.0,0.0,0.0,0.0,0.0,1.0,1.0,-1.9,-1.4,-21.8,28.8,0.0,0.0,0.0,0.0,0.0,0.0,0.0,0.0,170.0,145.0,170.0,170.0,15.0,5.0,81.0,30.0,15.0,6.0,0.0
78.146,20,293098.0,286.0,218.0,1007.0,600.0,1.0,1.0,0.0,0.0,0.374,0.114,0.735,0.444,0.395,0.131,0.742,0.45,0.0,0.0,-1.22,-5.34,-57.91,0.0,0.0,0.0,0.0,0.0,0.0,0.0,0.0,1.0,1.0,-1.8,-1.3,-30.9,22.3,0.0,0.0,0.0,0.0,0.0,0.0,0.0,0.0,170.0,145.0,170.0,170.0,15.0,5.0,81.0,30.0,15.0,6.0,0.0
78.211,83,293181.0,286.0,218.0,1056.0,600.0,1.0,1.0,0.0,0.0,0.273,0.115,0.746,0.474,0.298,0.13,0.753,0.484,0.0,0.0,-2.18,-4.72,-56.23,0.0,0.0,0.0,0.0,0.0,0.0,0.0,0.0,1.0,1.0,-4.2,-1.0,-52.8,14.3,0.0,0.0,0.0,0.0,0.0,0.0,0.0,0.0,170.0,145.0,170.0,170.0,15.0,5.0,81.0,30.0,15.0,6.0,1.0
78.276,64,293245.0,173.0,225.0,1056.0,600.0,1.0,1.0,0.0,0.0,0.273,0.115,0.746,0.474,0.298,0.13,0.753,0.484,0.0,0.0,-2.26,-5.02,-52.9,0.0,0.0,0.0,0.0,0.0,0.0,0.0,0.0,1.0,1.0,-2.5,-0.8,-47.8,22.9,0.0,0.0,0.0,0.0,0.0,0.0,0.0,0.0,170.0,145.0,170.0,170.0,30.0,11.0,14.0,117.0,15.0,6.0,0.0
78.379,99,293344.0,173.0,225.0,971.0,600.0,1.0,1.0,0.0,0.0,0.167,0.12,0.734,0.488,0.194,0.132,0.745,0.499,0.0,0.0,0.44,-5.51,-49.08,0.0,0.0,0.0,0.0,0.0,0.0,0.0,0.0,1.0,1.0,-3.7,-0.6,-42.7,17.0,0.0,0.0,0.0,0.0,0.0,0.0,0.0,0.0,170.0,145.0,170.0,170.0,30.0,11.0,14.0,117.0,15.0,6.0,0.0
78.446,70,293414.0,60.0,230.0,971.0,600.0,1.0,1.0,0.0,0.0,0.167,0.12,0.734,0.488,0.194,0.132,0.745,0.499,0.0,0.0,-1.84,-8.69,-39.98,0.0,0.0,0.0,0.0,0.0,0.0,0.0,0.0,1.0,1.0,-3.3,-0.6,-37.2,18.1,0.0,0.0,0.0,0.0,0.0,0.0,0.0,0.0,170.0,145.0,170.0,170.0,30.0,11.0,14.0,117.0,15.0,6.0,0.0
78.545,82,293496.0,60.0,230.0,894.0,600.0,1.0,1.0,0.0,0.0,0.083,0.124,0.71,0.494,0.106,0.136,0.723,0.505,0.0,0.0,-1.92,-8.05,-39.18,0.0,0.0,0.0,0.0,0.0,0.0,0.0,0.0,1.0,1.0,-1.2,-0.4,-28.7,22.6,0.0,0.0,0.0,0.0,0.0,0.0,0.0,0.0,170.0,145.0,170.0,170.0,30.0,11.0,14.0,117.0,15.0,6.0,0.0
78.611,65,293561.0,41.0,229.0,894.0,600.0,1.0,1.0,0.0,0.0,0.083,0.124,0.71,0.494,0.106,0.136,0.723,0.505,0.0,0.0,-2.05,-5.43,-37.22,0.0,0.0,0.0,0.0,0.0,0.0,0.0,0.0,1.0,1.0,-1.2,0.0,-25.5,23.8,0.0,0.0,0.0,0.0,0.0,0.0,0.0,0.0,170.0,145.0,170.0,170.0,30.0,11.0,14.0,117.0,15.0,6.0,0.0
78.708,100,293661.0,41.0,229.0,819.0,600.0,1.0,1.0,0.0,0.0,0.041,0.126,0.678,0.497,0.057,0.136,0.693,0.508,0.0,0.0,-2.18,-5.07,-36.77,0.0,0.0,0.0,0.0,0.0,0.0,0.0,0.0,1.0,1.0,4.3,0.3,-23.1,23.6,0.0,0.0,0.0,0.0,0.0,0.0,0.0,0.0,170.0,145.0,170.0,170.0,30.0,11.0,14.0,117.0,15.0,6.0,1.0
78.742,52,293713.0,37.0,229.0,819.0,600.0,1.0,1.0,0.0,0.0,0.041,0.126,0.678,0.497,0.057,0.136,0.693,0.508,0.0,0.0,-2.65,-4.93,-33.73,0.0,0.0,0.0,0.0,0.0,0.0,0.0,0.0,1.0,1.0,4.0,0.3,-22.9,20.4,0.0,0.0,0.0,0.0,0.0,0.0,0.0,0.0,170.0,145.0,170.0,170.0,30.0,11.0,14.0,117.0,15.0,6.0,0.0
78.782,19,293732.0,37.0,205.0,819.0,600.0,1.0,1.0,0.0,0.0,0.041,0.126,0.678,0.497,0.057,0.136,0.693,0.508,0.0,0.0,-2.86,-4.83,-33.94,0.0,0.0,0.0,0.0,0.0,0.0,0.0,0.0,1.0,1.0,4.0,0.3,-22.9,20.4,0.0,0.0,0.0,0.0,0.0,0.0,0.0,0.0,170.0,145.0,170.0,170.0,30.0,11.0,14.0,117.0,15.0,6.0,0.0
78.882,98,293830.0,37.0,205.0,723.0,600.0,1.0,1.0,0.0,0.0,0.021,0.115,0.632,0.499,0.033,0.126,0.649,0.508,0.0,0.0,-3.25,-4.62,-34.35,0.0,0.0,0.0,0.0,0.0,0.0,0.0,0.0,1.0,1.0,2.7,1.1,-15.7,13.9,0.0,0.0,0.0,0.0,0.0,0.0,0.0,0.0,170.0,145.0,170.0,170.0,12.0,3.0,24.0,4.0,15.0,6.0,0.0
78.916,52,293882.0,36.0,205.0,723.0,600.0,1.0,1.0,0.0,0.0,0.021,0.115,0.632,0.499,0.033,0.126,0.649,0.508,0.0,0.0,-3.33,-4.61,-34.37,0.0,0.0,0.0,0.0,0.0,0.0,0.0,0.0,1.0,1.0,2.4,1.1,-13.8,12.0,0.0,0.0,0.0,0.0,0.0,0.0,0.0,0.0,170.0,145.0,170.0,170.0,12.0,3.0,24.0,4.0,15.0,6.0,0.0
78.949,19,293901.0,36.0,181.0,723.0,600.0,1.0,1.0,0.0,0.0,0.021,0.115,0.632,0.499,0.033,0.126,0.649,0.508,0.0,0.0,-3.24,-4.63,-34.28,0.0,0.0,0.0,0.0,0.0,0.0,0.0,0.0,1.0,1.0,2.4,1.1,-13.8,12.0,0.0,0.0,0.0,0.0,0.0,0.0,0.0,0.0,170.0,145.0,170.0,170.0,12.0,3.0,24.0,4.0,15.0,6.0,0.0
79.045,101,294002.0,36.0,181.0,600.0,600.0,1.0,1.0,0.0,0.0,0.012,0.098,0.561,0.499,0.022,0.109,0.582,0.508,0.0,0.0,-3.27,-4.61,-34.26,0.0,0.0,0.0,0.0,0.0,0.0,0.0,0.0,1.0,1.0,1.6,0.9,-9.4,8.0,0.0,0.0,0.0,0.0,0.0,0.0,0.0,0.0,170.0,145.0,170.0,170.0,12.0,3.0,24.0,4.0,15.0,6.0,0.0
79.108,71,294073.0,36.0,153.0,600.0,600.0,1.0,1.0,0.0,0.0,0.012,0.098,0.561,0.499,0.022,0.109,0.582,0.508,0.0,0.0,-3.05,-4.74,-34.49,0.0,0.0,0.0,0.0,0.0,0.0,0.0,0.0,1.0,1.0,1.8,0.9,-8.1,6.9,0.0,0.0,0.0,0.0,0.0,0.0,0.0,0.0,170.0,145.0,170.0,170.0,12.0,3.0,24.0,4.0,15.0,6.0,0.0
79.205,101,294174.0,36.0,153.0,600.0,600.0,1.0,1.0,0.0,0.0,0.007,0.078,0.528,0.5,0.017,0.089,0.542,0.508,0.0,0.0,-2.82,-4.79,-34.55,0.0,0.0,0.0,0.0,0.0,0.0,0.0,0.0,1.0,1.0,1.9,0.7,-5.6,3.8,0.0,0.0,0.0,0.0,0.0,0.0,0.0,0.0,170.0,145.0,170.0,170.0,12.0,3.0,24.0,4.0,15.0,6.0,0.0
79.269,71,294245.0,35.0,128.0,600.0,600.0,1.0,1.0,0.0,0.0,0.007,0.078,0.528,0.5,0.017,0.089,0.542,0.508,0.0,0.0,-2.81,-4.77,-34.65,0.0,0.0,0.0,0.0,0.0,0.0,0.0,0.0,1.0,1.0,0.7,0.6,-4.9,3.0,0.0,0.0,0.0,0.0,0.0,0.0,0.0,0.0,170.0,145.0,170.0,170.0,20.0,11.0,24.0,2.0,15.0,6.0,0.0
79.398,104,294349.0,35.0,128.0,600.0,600.0,1.0,1.0,0.0,0.0,0.005,0.06,0.513,0.5,0.014,0.07,0.524,0.508,0.0,0.0,-2.63,-4.81,-34.59,0.0,0.0,0.0,0.0,0.0,0.0,0.0,0.0,1.0,1.0,0.7,0.3,-3.1,2.0,0.0,0.0,0.0,0.0,0.0,0.0,0.0,0.0,170.0,145.0,170.0,170.0,20.0,11.0,24.0,2.0,15.0,6.0,0.0
79.43,52,294401.0,36.0,128.0,600.0,600.0,1.0,1.0,0.0,0.0,0.005,0.06,0.513,0.5,0.014,0.07,0.524,0.508,0.0,0.0,-2.47,-4.82,-34.47,0.0,0.0,0.0,0.0,0.0,0.0,0.0,0.0,1.0,1.0,0.6,0.3,-2.6,1.8,0.0,0.0,0.0,0.0,0.0,0.0,0.0,0.0,170.0,145.0,170.0,170.0,20.0,11.0,24.0,2.0,15.0,6.0,0.0
79.461,19,294420.0,36.0,111.0,600.0,600.0,1.0,1.0,0.0,0.0,0.005,0.06,0.513,0.5,0.014,0.07,0.524,0.508,0.0,0.0,-2.39,-4.86,-34.43,0.0,0.0,0.0,0.0,0.0,0.0,0.0,0.0,1.0,1.0,0.6,0.3,-2.6,1.8,0.0,0.0,0.0,0.0,0.0,0.0,0.0,0.0,170.0,145.0,170.0,170.0,20.0,11.0,24.0,2.0,15.0,6.0,0.0
79.558,102,294522.0,36.0,111.0,600.0,600.0,1.0,1.0,0.0,0.0,0.004,0.045,0.506,0.5,0.012,0.055,0.515,0.507,0.0,0.0,-2.49,-4.83,-34.48,0.0,0.0,0.0,0.0,0.0,0.0,0.0,0.0,1.0,1.0,0.3,0.3,-1.8,-0.5,0.0,0.0,0.0,0.0,0.0,0.0,0.0,0.0,170.0,145.0,170.0,170.0,20.0,11.0,24.0,2.0,15.0,6.0,0.0
79.624,71,294593.0,42.0,112.0,600.0,600.0,1.0,1.0,0.0,0.0,0.004,0.045,0.506,0.5,0.012,0.055,0.515,0.507,0.0,0.0,-2.86,-4.66,-34.49,0.0,0.0,0.0,0.0,0.0,0.0,0.0,0.0,1.0,1.0,0.2,0.3,-1.7,-0.5,0.0,0.0,0.0,0.0,0.0,0.0,0.0,0.0,170.0,145.0,170.0,170.0,20.0,11.0,24.0,2.0,15.0,6.0,0.0
79.718,101,294694.0,42.0,112.0,600.0,600.0,1.0,1.0,0.0,0.0,0.005,0.039,0.503,0.5,0.012,0.047,0.511,0.507,0.0,0.0,-2.71,-4.73,-34.48,0.0,0.0,0.0,0.0,0.0,0.0,0.0,0.0,1.0,1.0,0.3,0.0,-1.4,-0.3,0.0,0.0,0.0,0.0,0.0,0.0,0.0,0.0,170.0,145.0,170.0,170.0,20.0,11.0,24.0,2.0,15.0,6.0,1.0
79.784,52,294746.0,50.0,112.0,600.0,600.0,1.0,1.0,0.0,0.0,0.005,0.039,0.503,0.5,0.012,0.047,0.511,0.507,0.0,0.0,-2.71,-4.73,-34.47,0.0,0.0,0.0,0.0,0.0,0.0,0.0,0.0,1.0,1.0,0.2,0.0,-1.2,-0.1,0.0,0.0,0.0,0.0,0.0,0.0,0.0,0.0,170.0,145.0,170.0,170.0,20.0,13.0,26.0,4.0,15.0,6.0,0.0
79.817,20,294766.0,50.0,111.0,600.0,600.0,1.0,1.0,0.0,0.0,0.005,0.039,0.503,0.5,0.012,0.047,0.511,0.507,0.0,0.0,-2.68,-4.77,-34.49,-34.49,0.0,0.0,0.0,0.0,0.0,0.0,0.0,1.0,1.0,0.2,0.0,-1.2,-0.1,0.0,0.0,0.0,0.0,0.0,0.0,0.0,0.0,170.0,145.0,170.0,170.0,20.0,13.0,26.0,4.0,15.0,6.0,0.0
79.912,100,294866.0,50.0,111.0,600.0,600.0,1.0,1.0,0.0,0.0,0.006,0.036,0.501,0.5,0.014,0.044,0.509,0.507,0.0,0.0,-2.38,-4.96,-34.5,-34.49,0.0,0.0,0.0,0.0,0.0,0.0,0.0,1.0,1.0,0.2,-0.1,-1.0,-0.3,0.0,0.0,0.0,0.0,0.0,0.0,0.0,0.0,170.0,145.0,170.0,170.0,20.0,13.0,26.0,4.0,15.0,6.0,0.0
79.946,52,294918.0,60.0,111.0,600.0,600.0,1.0,1.0,0.0,0.0,0.006,0.036,0.501,0.5,0.014,0.044,0.509,0.507,0.0,0.0,-2.3,-5.01,-34.52,-34.49,0.0,0.0,0.0,0.0,0.0,0.0,0.0,1.0,1.0,0.2,-0.1,-1.0,-0.3,0.0,0.0,0.0,0.0,0.0,0.0,0.0,0.0,170.0,145.0,170.0,170.0,20.0,13.0,26.0,4.0,15.0,6.0,0.0
79.979,20,294938.0,60.0,111.0,600.0,600.0,1.0,1.0,0.0,0.0,0.006,0.036,0.501,0.5,0.014,0.044,0.509,0.507,0.0,0.0,-2.27,-5.05,-34.38,-34.49,0.0,0.0,0.0,0.0,0.0,0.0,0.0,1.0,1.0,0.6,-0.2,-0.9,0.3,0.0,0.0,0.0,0.0,0.0,0.0,0.0,0.0,170.0,145.0,170.0,170.0,20.0,13.0,26.0,4.0,15.0,6.0,1.0
80.077,100,295038.0,60.0,111.0,600.0,600.0,1.0,1.0,0.0,0.0,0.008,0.034,0.501,0.5,0.016,0.042,0.509,0.507,0.0,0.0,-2.25,-5.03,-34.25,-34.49,0.0,0.0,0.0,0.0,0.0,0.0,0.0,1.0,1.0,-2.2,-0.3,4.8,-1.4,0.0,0.0,0.0,0.0,0.0,0.0,0.0,0.0,170.0,145.0,170.0,170.0,20.0,13.0,26.0,4.0,15.0,6.0,0.0
80.142,71,295109.0,68.0,109.0,600.0,600.0,1.0,1.0,0.0,0.0,0.008,0.034,0.501,0.5,0.016,0.042,0.509,0.507,0.0,0.0,-0.77,-5.73,-31.19,-34.49,0.0,0.0,0.0,0.0,0.0,0.0,0.0,1.0,1.0,-2.4,-0.2,4.0,-1.5,0.0,0.0,0.0,0.0,0.0,0.0,0.0,0.0,170.0,145.0,170.0,170.0,20.0,13.0,26.0,4.0,15.0,6.0,0.0
80.272,125,295234.0,74.0,109.0,600.0,600.0,1.0,1.0,0.0,0.0,0.01,0.033,0.5,0.5,0.018,0.041,0.508,0.507,0.0,0.0,1.29,-6.58,-26.76,-34.49,0.0,0.0,0.0,0.0,0.0,0.0,0.0,1.0,1.0,-1.7,-0.1,2.7,-2.1,0.0,0.0,0.0,0.0,0.0,0.0,0.0,0.0,170.0,145.0,170.0,170.0,20.0,13.0,26.0,4.0,15.0,6.0,1.0
80.304,19,295253.0,74.0,109.0,600.0,600.0,1.0,1.0,0.0,0.0,0.01,0.033,0.5,0.5,0.018,0.041,0.508,0.507,0.0,0.0,1.04,-7.26,-20.82,-34.49,0.0,0.0,0.0,0.0,0.0,0.0,0.0,1.0,1.0,-1.7,-0.1,2.7,-2.1,0.0,0.0,0.0,0.0,0.0,0.0,0.0,0.0,170.0,145.0,170.0,170.0,44.0,17.0,20.0,31.0,15.0,6.0,0.0
80.402,101,295354.0,74.0,109.0,600.0,600.0,1.0,1.0,0.0,0.0,0.013,0.032,0.5,0.5,0.02,0.04,0.508,0.508,0.0,0.0,0.44,-7.7,-16.79,-34.49,0.0,0.0,0.0,0.0,0.0,0.0,0.0,1.0,1.0,-1.5,-0.1,2.1,-1.6,0.0,0.0,0.0,0.0,0.0,0.0,0.0,0.0,170.0,145.0,170.0,170.0,44.0,17.0,20.0,31.0,15.0,6.0,0.0
80.435,52,295406.0,74.0,109.0,600.0,600.0,1.0,1.0,0.0,0.0,0.013,0.032,0.5,0.5,0.02,0.04,0.508,0.508,0.0,0.0,0.19,-7.0,-13.08,-34.49,0.0,0.0,0.0,0.0,0.0,0.0,0.0,1.0,1.0,-1.2,-0.1,1.9,-1.4,0.0,0.0,0.0,0.0,0.0,0.0,0.0,0.0,170.0,145.0,170.0,170.0,44.0,17.0,20.0,31.0,15.0,6.0,0.0
80.466,19,295425.0,74.0,109.0,600.0,600.0,1.0,1.0,0.0,0.0,0.013,0.032,0.5,0.5,0.02,0.04,0.508,0.508,0.0,0.0,-0.1,-6.2,-10.62,-34.49,0.0,0.0,0.0,0.0,0.0,0.0,0.0,1.0,1.0,-1.2,-0.1,1.9,-1.4,0.0,0.0,0.0,0.0,0.0,0.0,0.0,0.0,170.0,145.0,170.0,170.0,44.0,17.0,20.0,31.0,15.0,6.0,0.0
80.562,100,295525.0,74.0,109.0,598.0,732.0,1.0,1.0,0.0,0.0,0.014,0.032,0.499,0.553,0.022,0.04,0.508,0.552,0.0,0.0,-0.91,-5.29,-6.91,-34.49,0.0,0.0,0.0,0.0,0.0,0.0,0.0,1.0,1.0,-0.8,-0.1,1.3,-0.9,0.0,0.0,0.0,0.0,0.0,0.0,0.0,0.0,170.0,145.0,170.0,170.0,44.0,17.0,20.0,31.0,15.0,6.0,0.0
80.627,72,295597.0,68.0,111.0,598.0,732.0,1.0,1.0,0.0,0.0,0.014,0.032,0.499,0.553,0.022,0.04,0.508,0.552,0.0,0.0,-3.57,-7.53,-0.04,-34.49,0.0,0.0,0.0,0.0,0.0,0.0,0.0,1.0,1.0,-0.7,-0.1,1.1,-0.8,0.0,0.0,0.0,0.0,0.0,0.0,0.0,0.0,170.0,145.0,170.0,170.0,44.0,17.0,20.0,31.0,15.0,6.0,0.0
80.721,100,295697.0,68.0,111.0,582.0,843.0,1.0,1.0,0.0,0.0,0.013,0.033,0.492,0.612,0.023,0.04,0.502,0.61,0.0,0.0,-4.57,-8.55,0.64,-34.49,0.0,0.0,0.0,0.0,0.0,0.0,0.0,1.0,1.0,-0.6,-0.5,0.8,-0.5,0.0,0.0,0.0,0.0,0.0,0.0,0.0,0.0,170.0,145.0,170.0,170.0,44.0,17.0,20.0,31.0,15.0,6.0,0.0
80.788,52,295749.0,59.0,111.0,582.0,843.0,1.0,1.0,0.0,0.0,0.013,0.033,0.492,0.612,0.023,0.04,0.502,0.61,0.0,0.0,-4.57,-8.55,2.28,-34.49,0.0,0.0,0.0,0.0,0.0,0.0,0.0,1.0,1.0,-0.5,-1.1,1.0,-0.5,0.0,0.0,0.0,0.0,0.0,0.0,0.0,0.0,170.0,145.0,170.0,170.0,44.0,17.0,20.0,31.0,15.0,6.0,0.0
80.821,20,295769.0,59.0,112.0,582.0,843.0,1.0,1.0,0.0,0.0,0.013,0.033,0.492,0.612,0.023,0.04,0.502,0.61,0.0,0.0,-5.05,-8.57,2.87,-34.49,0.0,0.0,0.0,0.0,0.0,0.0,0.0,1.0,1.0,-0.5,-1.1,1.0,-0.5,0.0,0.0,0.0,0.0,0.0,0.0,0.0,0.0,170.0,145.0,170.0,170.0,44.0,17.0,20.0,31.0,15.0,6.0,0.0
80.919,101,295870.0,59.0,112.0,565.0,843.0,1.0,1.0,0.0,0.0,0.011,0.033,0.48,0.64,0.021,0.04,0.492,0.642,0.0,0.0,-5.2,-7.53,3.55,-34.49,0.0,0.0,0.0,0.0,0.0,0.0,0.0,1.0,1.0,0.2,-2.0,0.4,2.0,0.0,0.0,0.0,0.0,0.0,0.0,0.0,0.0,170.0,145.0,170.0,170.0,44.0,17.0,20.0,31.0,15.0,6.0,1.0
80.957,52,295922.0,55.0,112.0,565.0,843.0,1.0,1.0,0.0,0.0,0.011,0.033,0.48,0.64,0.021,0.04,0.492,0.642,0.0,0.0,-4.34,-6.16,2.33,2.33,0.0,0.0,0.0,0.0,0.0,0.0,0.0,1.0,1.0,3.8,-1.4,-0.5,1.0,0.0,0.0,0.0,0.0,0.0,0.0,0.0,0.0,170.0,145.0,170.0,170.0,44.0,17.0,20.0,31.0,15.0,6.0,0.0
80.99,19,295941.0,55.0,116.0,565.0,843.0,1.0,1.0,0.0,0.0,0.011,0.033,0.48,0.64,0.021,0.04,0.492,0.642,0.0,0.0,-4.08,-4.82,1.05,2.33,0.0,0.0,0.0,0.0,0.0,0.0,0.0,1.0,1.0,3.8,-1.4,-0.5,1.0,0.0,0.0,0.0,0.0,0.0,0.0,0.0,0.0,170.0,145.0,170.0,170.0,44.0,17.0,20.0,31.0,15.0,6.0,0.0
81.096,102,296043.0,55.0,116.0,552.0,826.0,1.0,1.0,0.0,0.0,0.01,0.035,0.468,0.648,0.02,0.042,0.48,0.653,0.0,0.0,-3.75,-3.57,0.34,2.33,0.0,0.0,0.0,0.0,0.0,0.0,0.0,1.0,1.0,3.5,-1.0,-2.8,0.2,0.0,0.0,0.0,0.0,0.0,0.0,0.0,0.0,170.0,145.0,170.0,170.0,44.0,17.0,20.0,31.0,15.0,6.0,1.0
81.133,52,296095.0,47.0,116.0,552.0,826.0,1.0,1.0,0.0,0.0,0.01,0.035,0.468,0.648,0.02,0.042,0.48,0.653,0.0,0.0,-3.93,-3.64,0.46,2.33,0.0,0.0,0.0,0.0,0.0,0.0,0.0,1.0,1.0,2.3,-0.8,-2.5,-0.3,0.0,0.0,0.0,0.0,0.0,0.0,0.0,0.0,170.0,145.0,170.0,170.0,44.0,17.0,20.0,31.0,15.0,6.0,0.0
81.175,19,296114.0,47.0,114.0,552.0,826.0,1.0,1.0,0.0,0.0,0.01,0.035,0.468,0.648,0.02,0.042,0.48,0.653,0.0,0.0,-3.88,-3.63,0.32,2.33,0.0,0.0,0.0,0.0,0.0,0.0,0.0,1.0,1.0,2.3,-0.8,-2.5,-0.3,0.0,0.0,0.0,0.0,0.0,0.0,0.0,0.0,170.0,145.0,170.0,170.0,44.0,17.0,20.0,31.0,15.0,6.0,0.0
81.248,101,296215.0,47.0,114.0,540.0,805.0,1.0,1.0,0.0,0.0,0.008,0.035,0.457,0.645,0.018,0.042,0.469,0.653,0.0,0.0,-3.86,-3.7,0.21,2.33,0.0,0.0,0.0,0.0,0.0,0.0,0.0,1.0,1.0,2.0,-0.6,-2.0,-0.2,0.0,0.0,0.0,0.0,0.0,0.0,0.0,0.0,170.0,145.0,170.0,170.0,44.0,17.0,20.0,31.0,15.0,6.0,1.0
81.321,73,296288.0,67.0,111.0,540.0,805.0,1.0,1.0,0.0,0.0,0.008,0.035,0.457,0.645,0.018,0.042,0.469,0.653,0.0,0.0,-3.85,-3.72,0.18,2.33,0.0,0.0,0.0,0.0,0.0,0.0,0.0,1.0,1.0,1.6,-0.5,-1.8,-0.2,0.0,0.0,0.0,0.0,0.0,0.0,0.0,0.0,170.0,145.0,170.0,170.0,12.0,11.0,15.0,4.0,15.0,6.0,0.0
81.437,100,296388.0,67.0,111.0,530.0,601.0,1.0,1.0,0.0,0.0,0.01,0.034,0.447,0.568,0.019,0.041,0.458,0.587,0.0,0.0,-3.81,-3.77,0.16,2.33,0.0,0.0,0.0,0.0,0.0,0.0,0.0,1.0,1.0,1.4,-0.3,-1.2,-0.1,0.0,0.0,0.0,0.0,0.0,0.0,0.0,0.0,170.0,145.0,170.0,170.0,12.0,11.0,15.0,4.0,15.0,6.0,0.0
81.478,52,296440.0,178.0,111.0,530.0,601.0,1.0,1.0,0.0,0.0,0.01,0.034,0.447,0.568,0.019,0.041,0.458,0.587,0.0,0.0,-3.78,-3.81,0.16,2.33,0.0,0.0,0.0,0.0,0.0,0.0,0.0,1.0,1.0,1.0,-0.3,-1.1,-0.1,0.0,0.0,0.0,0.0,0.0,0.0,0.0,0.0,170.0,145.0,170.0,170.0,12.0,11.0,15.0,4.0,15.0,6.0,1.0
81.516,20,296460.0,178.0,109.0,530.0,601.0,1.0,1.0,0.0,0.0,0.01,0.034,0.447,0.568,0.019,0.041,0.458,0.587,0.0,0.0,-3.72,-3.87,0.14,2.33,0.0,0.0,0.0,0.0,0.0,0.0,0.0,1.0,1.0,1.0,-0.3,-1.1,-0.1,0.0,0.0,0.0,0.0,0.0,0.0,0.0,0.0,170.0,145.0,170.0,170.0,12.0,11.0,15.0,4.0,15.0,6.0,0.0
81.597,100,296560.0,178.0,109.0,532.0,401.0,1.0,1.0,0.0,0.0,0.048,0.033,0.443,0.428,0.049,0.04,0.451,0.458,0.0,0.0,-3.7,-3.9,0.14,2.33,0.0,0.0,0.0,0.0,0.0,0.0,0.0,1.0,1.0,0.7,-0.2,-0.8,-0.1,0.0,0.0,0.0,0.0,0.0,0.0,0.0,0.0,170.0,145.0,170.0,170.0,12.0,11.0,15.0,4.0,15.0,6.0,0.0
81.672,71,296631.0,290.0,107.0,532.0,401.0,1.0,1.0,0.0,0.0,0.048,0.033,0.443,0.428,0.049,0.04,0.451,0.458,0.0,0.0,-2.93,-4.29,0.07,2.33,0.0,0.0,0.0,0.0,0.0,0.0,0.0,1.0,1.0,0.6,-0.1,-0.7,-0.1,0.0,0.0,0.0,0.0,0.0,0.0,0.0,0.0,170.0,145.0,170.0,170.0,12.0,11.0,15.0,4.0,15.0,6.0,0.0
81.791,101,296732.0,290.0,107.0,536.0,379.0,1.0,1.0,0.0,0.0,0.124,0.032,0.444,0.351,0.118,0.04,0.449,0.373,0.0,0.0,-2.48,-4.51,0.05,2.33,0.0,0.0,0.0,0.0,0.0,0.0,0.0,1.0,1.0,0.5,-0.1,-0.5,-0.1,0.0,0.0,0.0,0.0,0.0,0.0,0.0,0.0,170.0,145.0,170.0,170.0,12.0,11.0,15.0,4.0,15.0,6.0,0.0
81.831,52,296784.0,401.0,107.0,536.0,379.0,0.0,1.0,0.0,0.0,0.124,0.032,0.444,0.351,0.118,0.04,0.449,0.373,0.0,0.0,-2.48,-4.51,0.02,2.33,0.0,0.0,0.0,0.0,0.0,0.0,0.0,1.0,1.0,0.4,-0.1,-0.5,-0.0,0.0,0.0,0.0,0.0,0.0,0.0,0.0,0.0,170.0,145.0,170.0,170.0,12.0,11.0,15.0,4.0,15.0,6.0,0.0
81.87,19,296803.0,401.0,103.0,536.0,379.0,0.0,1.0,0.0,0.0,0.124,0.032,0.444,0.351,0.118,0.04,0.449,0.373,0.0,0.0,-2.38,-4.56,0.01,2.33,0.0,0.0,0.0,0.0,0.0,0.0,0.0,1.0,1.0,0.4,-0.1,-0.5,-0.0,0.0,0.0,0.0,0.0,0.0,0.0,0.0,0.0,170.0,145.0,170.0,170.0,12.0,11.0,15.0,4.0,15.0,6.0,0.0
81.955,100,296903.0,401.0,103.0,535.0,377.0,0.0,1.0,0.0,0.0,0.223,0.03,0.443,0.315,0.212,0.04,0.449,0.33,0.0,0.0,-2.28,-4.6,0.01,2.33,0.0,0.0,0.0,0.0,0.0,0.0,0.0,1.0,1.0,0.3,-0.1,-0.3,-0.0,0.0,0.0,0.0,0.0,0.0,0.0,0.0,0.0,170.0,145.0,170.0,170.0,12.0,11.0,15.0,4.0,15.0,6.0,0.0
82.001,52,296955.0,514.0,103.0,535.0,377.0,0.0,1.0,0.0,0.0,0.223,0.03,0.443,0.315,0.212,0.04,0.449,0.33,0.0,0.0,-2.21,-4.64,0.0,2.33,0.0,0.0,0.0,0.0,0.0,0.0,0.0,1.0,1.0,0.2,-0.1,-0.3,-0.0,0.0,0.0,0.0,0.0,0.0,0.0,0.0,0.0,170.0,145.0,170.0,170.0,12.0,11.0,15.0,4.0,15.0,6.0,0.0
82.047,19,296974.0,514.0,101.0,535.0,377.0,0.0,1.0,0.0,0.0,0.223,0.03,0.443,0.315,0.212,0.04,0.449,0.33,0.0,0.0,-2.19,-4.64,-0.01,2.33,0.0,0.0,0.0,0.0,0.0,0.0,0.0,1.0,1.0,0.2,-0.1,-0.3,-0.0,0.0,0.0,0.0,0.0,0.0,0.0,0.0,0.0,170.0,145.0,170.0,170.0,12.0,11.0,15.0,4.0,15.0,6.0,0.0
82.129,102,297076.0,514.0,101.0,530.0,375.0,0.0,1.0,0.0,0.0,0.331,0.029,0.441,0.296,0.318,0.04,0.446,0.311,0.0,0.0,-2.09,-4.69,-0.01,2.33,0.0,0.0,0.0,0.0,0.0,0.0,0.0,1.0,1.0,0.2,-0.0,-0.2,-0.0,0.0,0.0,0.0,0.0,0.0,0.0,0.0,0.0,170.0,145.0,170.0,170.0,12.0,11.0,15.0,4.0,15.0,6.0,0.0
82.178,71,297147.0,600.0,103.0,530.0,375.0,0.0,1.0,0.0,0.0,0.331,0.029,0.441,0.296,0.318,0.04,0.446,0.311,0.0,0.0,-2.06,-4.7,-0.02,2.33,0.0,0.0,0.0,0.0,0.0,0.0,0.0,1.0,1.0,0.1,-0.0,-0.2,-0.0,0.0,0.0,0.0,0.0,0.0,0.0,0.0,0.0,170.0,145.0,170.0,170.0,12.0,11.0,15.0,4.0,15.0,6.0,0.0
82.29,102,297249.0,600.0,103.0,529.0,427.0,0.0,1.0,0.0,0.0,0.422,0.029,0.439,0.318,0.412,0.041,0.444,0.327,0.0,0.0,-1.97,-4.74,-0.03,2.33,0.0,0.0,0.0,0.0,0.0,0.0,0.0,1.0,1.0,0.1,-0.0,-0.1,-0.0,0.0,0.0,0.0,0.0,0.0,0.0,0.0,0.0,170.0,145.0,170.0,170.0,12.0,11.0,15.0,4.0,15.0,6.0,1.0
82.374,73,297322.0,600.0,104.0,529.0,427.0,0.0,1.0,0.0,0.0,0.422,0.029,0.439,0.318,0.412,0.041,0.444,0.327,0.0,0.0,-1.92,-4.76,-0.03,2.33,0.0,0.0,0.0,0.0,0.0,0.0,0.0,1.0,1.0,0.1,-0.0,-0.1,-0.0,0.0,0.0,0.0,0.0,0.0,0.0,0.0,0.0,170.0,145.0,170.0,170.0,12.0,11.0,15.0,4.0,15.0,6.0,0.0
82.452,99,297421.0,600.0,104.0,531.0,498.0,0.0,1.0,0.0,0.0,0.464,0.029,0.439,0.366,0.462,0.042,0.445,0.371,0.0,0.0,-1.89,-4.78,-0.03,2.33,0.0,0.0,0.0,0.0,0.0,0.0,0.0,1.0,1.0,0.1,-0.0,-0.1,-0.0,0.0,0.0,0.0,0.0,0.0,0.0,0.0,0.0,170.0,145.0,170.0,170.0,12.0,11.0,15.0,4.0,15.0,6.0,1.0
82.53,71,297492.0,600.0,104.0,531.0,498.0,0.0,1.0,0.0,0.0,0.464,0.029,0.439,0.366,0.462,0.042,0.445,0.371,0.0,0.0,-1.84,-4.8,-0.04,2.33,0.0,0.0,0.0,0.0,0.0,0.0,0.0,1.0,1.0,0.1,-0.0,-0.1,-0.0,0.0,0.0,0.0,0.0,0.0,0.0,0.0,0.0,170.0,145.0,170.0,170.0,12.0,11.0,15.0,4.0,15.0,6.0,0.0
82.67,101,297593.0,600.0,104.0,530.0,501.0,0.0,1.0,0.0,0.0,0.483,0.029,0.439,0.39,0.486,0.042,0.445,0.399,0.0,0.0,-1.82,-4.81,-0.05,2.33,0.0,0.0,0.0,0.0,0.0,0.0,0.0,1.0,1.0,0.0,-0.0,-0.0,-0.0,0.0,0.0,0.0,0.0,0.0,0.0,0.0,0.0,170.0,145.0,170.0,170.0,12.0,11.0,15.0,4.0,15.0,6.0,0.0
82.711,70,297663.0,600.0,103.0,530.0,501.0,0.0,1.0,0.0,0.0,0.483,0.029,0.439,0.39,0.486,0.042,0.445,0.399,0.0,0.0,-1.78,-4.83,-0.05,2.33,0.0,0.0,0.0,0.0,0.0,0.0,0.0,1.0,1.0,0.0,-0.0,-0.0,-0.0,0.0,0.0,0.0,0.0,0.0,0.0,0.0,0.0,170.0,145.0,170.0,170.0,12.0,11.0,15.0,4.0,15.0,6.0,0.0
82.827,101,297764.0,600.0,103.0,530.0,498.0,0.0,1.0,0.0,0.0,0.492,0.029,0.439,0.4,0.497,0.042,0.445,0.412,0.0,0.0,-1.75,-4.84,-0.05,2.33,0.0,0.0,0.0,0.0,0.0,0.0,0.0,1.0,1.0,0.0,-0.0,-0.0,-0.0,0.0,0.0,0.0,0.0,0.0,0.0,0.0,0.0,170.0,145.0,170.0,170.0,12.0,11.0,15.0,4.0,15.0,6.0,0.0
82.864,52,297816.0,600.0,103.0,530.0,498.0,0.0,1.0,0.0,0.0,0.492,0.029,0.439,0.4,0.497,0.042,0.445,0.412,0.0,0.0,-1.73,-4.85,-0.05,2.33,0.0,0.0,0.0,0.0,0.0,0.0,0.0,1.0,1.0,-0.0,-0.0,-0.0,-0.0,0.0,0.0,0.0,0.0,0.0,0.0,0.0,0.0,170.0,145.0,170.0,170.0,12.0,11.0,15.0,4.0,15.0,6.0,0.0
82.9,19,297835.0,600.0,104.0,530.0,498.0,0.0,1.0,0.0,0.0,0.492,0.029,0.439,0.4,0.497,0.042,0.445,0.412,0.0,0.0,-1.72,-4.85,-0.05,2.33,0.0,0.0,0.0,0.0,0.0,0.0,0.0,1.0,1.0,-0.0,-0.0,-0.0,-0.0,0.0,0.0,0.0,0.0,0.0,0.0,0.0,0.0,170.0,145.0,170.0,170.0,12.0,11.0,15.0,4.0,15.0,6.0,0.0
83.0,102,297937.0,600.0,104.0,532.0,500.0,0.0,1.0,0.0,0.0,0.496,0.029,0.44,0.405,0.502,0.043,0.446,0.418,0.0,0.0,-1.68,-4.87,-0.05,2.33,0.0,0.0,0.0,0.0,0.0,0.0,0.0,1.0,1.0,0.1,-0.0,-0.0,-0.0,0.0,0.0,0.0,0.0,0.0,0.0,0.0,0.0,170.0,145.0,170.0,170.0,12.0,11.0,15.0,4.0,15.0,6.0,1.0
83.038,71,298008.0,600.0,103.0,532.0,500.0,0.0,1.0,0.0,0.0,0.496,0.029,0.44,0.405,0.502,0.043,0.446,0.418,0.0,0.0,-1.67,-4.88,-0.05,2.33,0.0,0.0,0.0,0.0,0.0,0.0,0.0,1.0,1.0,0.0,-0.0,-0.0,-0.0,0.0,0.0,0.0,0.0,0.0,0.0,0.0,0.0,170.0,145.0,170.0,170.0,12.0,11.0,15.0,4.0,15.0,6.0,0.0
83.147,101,298109.0,600.0,103.0,534.0,503.0,0.0,1.0,0.0,0.0,0.498,0.029,0.441,0.409,0.504,0.043,0.447,0.422,0.0,0.0,-1.66,-4.88,-0.05,2.33,0.0,0.0,0.0,0.0,0.0,0.0,0.0,1.0,1.0,0.0,-0.0,-0.0,-0.0,0.0,0.0,0.0,0.0,0.0,0.0,0.0,0.0,170.0,145.0,170.0,170.0,12.0,11.0,15.0,4.0,15.0,6.0,0.0
83.221,72,298181.0,600.0,104.0,534.0,503.0,0.0,1.0,0.0,0.0,0.498,0.029,0.441,0.409,0.504,0.043,0.447,0.422,0.0,0.0,-1.63,-4.9,-0.05,2.33,0.0,0.0,0.0,0.0,0.0,0.0,0.0,1.0,1.0,0.0,-0.0,-0.0,-0.0,0.0,0.0,0.0,0.0,0.0,0.0,0.0,0.0,170.0,145.0,170.0,170.0,12.0,11.0,15.0,4.0,15.0,6.0,0.0
83.331,100,298281.0,600.0,104.0,531.0,501.0,0.0,1.0,0.0,0.0,0.499,0.029,0.44,0.41,0.506,0.043,0.447,0.424,0.0,0.0,-1.62,-4.9,-0.05,2.33,0.0,0.0,0.0,0.0,0.0,0.0,0.0,1.0,1.0,0.0,-0.0,-0.0,-0.0,0.0,0.0,0.0,0.0,0.0,0.0,0.0,0.0,170.0,145.0,170.0,170.0,12.0,11.0,15.0,4.0,15.0,6.0,0.0
83.37,52,298333.0,600.0,104.0,531.0,501.0,0.0,1.0,0.0,0.0,0.499,0.029,0.44,0.41,0.506,0.043,0.447,0.424,0.0,0.0,-1.62,-4.9,-0.05,2.33,0.0,0.0,0.0,0.0,0.0,0.0,0.0,1.0,1.0,0.0,-0.0,-0.0,-0.0,0.0,0.0,0.0,0.0,0.0,0.0,0.0,0.0,170.0,145.0,170.0,170.0,12.0,11.0,15.0,4.0,15.0,6.0,0.0
83.407,20,298353.0,600.0,103.0,531.0,501.0,0.0,1.0,0.0,0.0,0.499,0.029,0.44,0.41,0.506,0.043,0.447,0.424,0.0,0.0,-1.61,-4.9,-0.05,2.33,0.0,0.0,0.0,0.0,0.0,0.0,0.0,1.0,1.0,0.0,-0.0,-0.0,-0.0,0.0,0.0,0.0,0.0,0.0,0.0,0.0,0.0,170.0,145.0,170.0,170.0,12.0,11.0,15.0,4.0,15.0,6.0,0.0
83.519,102,298455.0,600.0,103.0,531.0,501.0,0.0,1.0,0.0,0.0,0.5,0.029,0.439,0.41,0.506,0.043,0.446,0.424,0.0,0.0,-1.61,-4.9,-0.06,2.33,0.0,0.0,0.0,0.0,0.0,0.0,0.0,1.0,1.0,0.0,-0.0,-0.0,-0.0,0.0,0.0,0.0,0.0,0.0,0.0,0.0,0.0,170.0,145.0,170.0,170.0,12.0,11.0,15.0,4.0,15.0,6.0,0.0
83.556,70,298525.0,600.0,105.0,531.0,501.0,0.0,1.0,0.0,0.0,0.5,0.029,0.439,0.41,0.506,0.043,0.446,0.424,0.0,0.0,-1.58,-4.92,-0.06,2.33,0.0,0.0,0.0,0.0,0.0,0.0,0.0,1.0,1.0,0.0,-0.0,-0.0,-0.0,0.0,0.0,0.0,0.0,0.0,0.0,0.0,0.0,170.0,145.0,170.0,170.0,12.0,11.0,15.0,4.0,15.0,6.0,0.0
83.665,102,298627.0,600.0,105.0,529.0,496.0,0.0,1.0,0.0,0.0,0.5,0.029,0.438,0.408,0.506,0.043,0.445,0.422,0.0,0.0,-1.58,-4.93,-0.06,2.33,0.0,0.0,0.0,0.0,0.0,0.0,0.0,1.0,1.0,0.0,-0.0,-0.0,-0.0,0.0,0.0,0.0,0.0,0.0,0.0,0.0,0.0,170.0,145.0,170.0,170.0,12.0,11.0,15.0,4.0,15.0,6.0,0.0
83.738,71,298698.0,600.0,107.0,529.0,496.0,0.0,1.0,0.0,0.0,0.5,0.029,0.438,0.408,0.506,0.043,0.445,0.422,0.0,0.0,-1.56,-4.94,-0.06,2.33,0.0,0.0,0.0,0.0,0.0,0.0,0.0,1.0,1.0,0.0,-0.0,-0.0,-0.0,0.0,0.0,0.0,0.0,0.0,0.0,0.0,0.0,170.0,145.0,170.0,170.0,12.0,11.0,15.0,4.0,15.0,6.0,0.0
83.856,101,298799.0,600.0,107.0,529.0,497.0,0.0,1.0,0.0,0.0,0.5,0.03,0.438,0.407,0.506,0.044,0.445,0.421,0.0,0.0,-1.56,-4.94,-0.06,2.33,0.0,0.0,0.0,0.0,0.0,0.0,0.0,1.0,1.0,0.0,-0.0,-0.0,-0.0,0.0,0.0,0.0,0.0,0.0,0.0,0.0,0.0,170.0,145.0,170.0,170.0,12.0,11.0,15.0,4.0,15.0,6.0,0.0
83.885,52,298851.0,600.0,107.0,529.0,497.0,0.0,1.0,0.0,0.0,0.5,0.03,0.438,0.407,0.506,0.044,0.445,0.421,0.0,0.0,-1.56,-4.94,-0.06,2.33,0.0,0.0,0.0,0.0,0.0,0.0,0.0,1.0,1.0,0.0,-0.0,-0.0,-0.0,0.0,0.0,0.0,0.0,0.0,0.0,0.0,0.0,170.0,145.0,170.0,170.0,12.0,11.0,15.0,4.0,15.0,6.0,0.0
83.913,21,298872.0,600.0,108.0,529.0,497.0,0.0,1.0,0.0,0.0,0.5,0.03,0.438,0.407,0.506,0.044,0.445,0.421,0.0,0.0,-1.55,-4.95,-0.06,2.33,0.0,0.0,0.0,0.0,0.0,0.0,0.0,1.0,1.0,0.0,-0.0,-0.0,-0.0,0.0,0.0,0.0,0.0,0.0,0.0,0.0,0.0,170.0,145.0,170.0,170.0,12.0,11.0,15.0,4.0,15.0,6.0,0.0
83.998,101,298973.0,600.0,108.0,530.0,492.0,0.0,1.0,0.0,0.0,0.5,0.031,0.438,0.405,0.506,0.044,0.444,0.419,0.0,0.0,-1.54,-4.95,-0.06,2.33,0.0,0.0,0.0,0.0,0.0,0.0,0.0,1.0,1.0,0.0,-0.0,-0.0,-0.0,0.0,0.0,0.0,0.0,0.0,0.0,0.0,0.0,170.0,145.0,170.0,170.0,12.0,11.0,15.0,4.0,15.0,6.0,0.0
84.055,52,299025.0,600.0,108.0,530.0,492.0,0.0,1.0,0.0,0.0,0.5,0.031,0.438,0.405,0.506,0.044,0.444,0.419,0.0,0.0,-1.54,-4.95,-0.06,2.33,0.0,0.0,0.0,0.0,0.0,0.0,0.0,1.0,1.0,0.0,-0.0,-0.0,-0.0,0.0,0.0,0.0,0.0,0.0,0.0,0.0,0.0,170.0,145.0,170.0,170.0,12.0,11.0,15.0,4.0,15.0,6.0,0.0
84.084,20,299045.0,600.0,108.0,530.0,492.0,0.0,1.0,0.0,0.0,0.5,0.031,0.438,0.405,0.506,0.044,0.444,0.419,0.0,0.0,-1.54,-4.95,-0.06,2.33,0.0,0.0,0.0,0.0,0.0,0.0,0.0,1.0,1.0,0.0,-0.0,-0.0,-0.0,0.0,0.0,0.0,0.0,0.0,0.0,0.0,0.0,170.0,145.0,170.0,170.0,12.0,11.0,15.0,4.0,15.0,6.0,0.0
84.168,100,299145.0,600.0,108.0,530.0,493.0,0.0,1.0,0.0,0.0,0.5,0.031,0.438,0.404,0.506,0.045,0.445,0.418,0.0,0.0,-1.52,-4.95,-0.06,2.33,0.0,0.0,0.0,0.0,0.0,0.0,0.0,1.0,1.0,0.0,-0.0,-0.0,-0.0,0.0,0.0,0.0,0.0,0.0,0.0,0.0,0.0,170.0,145.0,170.0,170.0,12.0,11.0,15.0,4.0,15.0,6.0,1.0
84.226,52,299197.0,600.0,108.0,530.0,493.0,0.0,1.0,0.0,0.0,0.5,0.031,0.438,0.404,0.506,0.045,0.445,0.418,0.0,0.0,-1.52,-4.96,-0.06,2.33,0.0,0.0,0.0,0.0,0.0,0.0,0.0,1.0,1.0,0.0,-0.0,-0.0,-0.0,0.0,0.0,0.0,0.0,0.0,0.0,0.0,0.0,170.0,145.0,170.0,170.0,12.0,11.0,15.0,4.0,15.0,6.0,0.0
84.254,19,299216.0,600.0,109.0,530.0,493.0,0.0,1.0,0.0,0.0,0.5,0.031,0.438,0.404,0.506,0.045,0.445,0.418,0.0,0.0,-1.52,-4.96,-0.06,2.33,0.0,0.0,0.0,0.0,0.0,0.0,0.0,1.0,1.0,0.0,-0.0,-0.0,-0.0,0.0,0.0,0.0,0.0,0.0,0.0,0.0,0.0,170.0,145.0,170.0,170.0,12.0,11.0,15.0,4.0,15.0,6.0,0.0
84.367,102,299318.0,600.0,109.0,532.0,491.0,0.0,1.0,0.0,0.0,0.5,0.032,0.439,0.402,0.506,0.045,0.445,0.416,0.0,0.0,-1.52,-4.97,-0.06,2.33,0.0,0.0,0.0,0.0,0.0,0.0,0.0,1.0,1.0,0.0,-0.0,-0.0,-0.0,0.0,0.0,0.0,0.0,0.0,0.0,0.0,0.0,170.0,145.0,170.0,170.0,12.0,11.0,15.0,4.0,15.0,6.0,0.0
84.396,52,299370.0,600.0,109.0,532.0,491.0,0.0,1.0,0.0,0.0,0.5,0.032,0.439,0.402,0.506,0.045,0.445,0.416,0.0,0.0,-1.52,-4.97,-0.06,2.33,0.0,0.0,0.0,0.0,0.0,0.0,0.0,1.0,1.0,0.0,-0.0,-0.0,-0.0,0.0,0.0,0.0,0.0,0.0,0.0,0.0,0.0,170.0,145.0,170.0,170.0,12.0,11.0,15.0,4.0,15.0,6.0,0.0
84.424,20,299390.0,600.0,108.0,532.0,491.0,0.0,1.0,0.0,0.0,0.5,0.032,0.439,0.402,0.506,0.045,0.445,0.416,0.0,0.0,-1.52,-4.97,-0.06,2.33,0.0,0.0,0.0,0.0,0.0,0.0,0.0,1.0,1.0,0.0,-0.0,-0.0,-0.0,0.0,0.0,0.0,0.0,0.0,0.0,0.0,0.0,170.0,145.0,170.0,170.0,12.0,11.0,15.0,4.0,15.0,6.0,0.0
84.537,101,299491.0,600.0,108.0,534.0,497.0,0.0,1.0,0.0,0.0,0.5,0.031,0.441,0.405,0.506,0.045,0.447,0.418,0.0,0.0,-1.51,-4.97,-0.06,2.33,0.0,0.0,0.0,0.0,0.0,0.0,0.0,1.0,1.0,0.0,-0.0,-0.0,-0.0,0.0,0.0,0.0,0.0,0.0,0.0,0.0,0.0,170.0,145.0,170.0,170.0,12.0,11.0,15.0,4.0,15.0,6.0,0.0
84.566,52,299543.0,600.0,108.0,534.0,497.0,0.0,1.0,0.0,0.0,0.5,0.031,0.441,0.405,0.506,0.045,0.447,0.418,0.0,0.0,-1.51,-4.97,-0.06,2.33,0.0,0.0,0.0,0.0,0.0,0.0,0.0,1.0,1.0,0.0,-0.0,-0.0,-0.0,0.0,0.0,0.0,0.0,0.0,0.0,0.0,0.0,170.0,145.0,170.0,170.0,12.0,11.0,15.0,4.0,15.0,6.0,0.0
84.602,20,299563.0,600.0,103.0,534.0,497.0,0.0,1.0,0.0,0.0,0.5,0.031,0.441,0.405,0.506,0.045,0.447,0.418,0.0,0.0,-1.51,-4.97,-0.06,2.33,0.0,0.0,0.0,0.0,0.0,0.0,0.0,1.0,1.0,0.0,-0.0,-0.0,-0.0,0.0,0.0,0.0,0.0,0.0,0.0,0.0,0.0,170.0,145.0,170.0,170.0,12.0,11.0,15.0,4.0,15.0,6.0,1.0
84.712,102,299665.0,600.0,103.0,534.0,493.0,0.0,1.0,0.0,0.0,0.5,0.03,0.442,0.404,0.506,0.044,0.448,0.418,0.0,0.0,-1.51,-4.97,-0.06,2.33,0.0,0.0,0.0,0.0,0.0,0.0,0.0,1.0,1.0,0.0,-0.0,-0.0,-0.0,0.0,0.0,0.0,0.0,0.0,0.0,0.0,0.0,170.0,145.0,170.0,170.0,12.0,11.0,15.0,4.0,15.0,6.0,1.0
84.751,52,299717.0,600.0,103.0,534.0,493.0,0.0,1.0,0.0,0.0,0.5,0.03,0.442,0.404,0.506,0.044,0.448,0.418,0.0,0.0,-1.52,-4.97,-0.05,2.33,0.0,0.0,0.0,0.0,0.0,0.0,0.0,1.0,1.0,0.0,-0.0,-0.0,-0.0,0.0,0.0,0.0,0.0,0.0,0.0,0.0,0.0,170.0,145.0,170.0,170.0,12.0,11.0,15.0,4.0,15.0,6.0,0.0
84.788,19,299736.0,600.0,103.0,534.0,493.0,0.0,1.0,0.0,0.0,0.5,0.03,0.442,0.404,0.506,0.044,0.448,0.418,0.0,0.0,-1.52,-4.97,-0.05,2.33,0.0,0.0,0.0,0.0,0.0,0.0,0.0,1.0,1.0,0.0,-0.0,-0.0,-0.0,0.0,0.0,0.0,0.0,0.0,0.0,0.0,0.0,170.0,145.0,170.0,170.0,12.0,11.0,15.0,4.0,15.0,6.0,0.0
84.897,100,299836.0,600.0,103.0,533.0,490.0,0.0,1.0,0.0,0.0,0.5,0.029,0.441,0.402,0.506,0.043,0.448,0.416,0.0,0.0,-1.52,-4.97,-0.05,2.33,0.0,0.0,0.0,0.0,0.0,0.0,0.0,1.0,1.0,0.0,-0.0,-0.0,-0.0,0.0,0.0,0.0,0.0,0.0,0.0,0.0,0.0,170.0,145.0,170.0,170.0,12.0,11.0,15.0,4.0,15.0,6.0,0.0
84.935,53,299889.0,600.0,103.0,533.0,490.0,0.0,1.0,0.0,0.0,0.5,0.029,0.441,0.402,0.506,0.043,0.448,0.416,0.0,0.0,-1.52,-4.97,-0.05,2.33,0.0,0.0,0.0,0.0,0.0,0.0,0.0,1.0,1.0,0.0,-0.0,-0.0,-0.0,0.0,0.0,0.0,0.0,0.0,0.0,0.0,0.0,170.0,145.0,170.0,170.0,12.0,11.0,15.0,4.0,15.0,6.0,0.0
84.972,20,299909.0,600.0,101.0,533.0,490.0,0.0,1.0,0.0,0.0,0.5,0.029,0.441,0.402,0.506,0.043,0.448,0.416,0.0,0.0,-1.52,-4.97,-0.05,2.33,0.0,0.0,0.0,0.0,0.0,0.0,0.0,1.0,1.0,0.0,-0.0,-0.0,-0.0,0.0,0.0,0.0,0.0,0.0,0.0,0.0,0.0,170.0,145.0,170.0,170.0,12.0,11.0,15.0,4.0,15.0,6.0,0.0
85.045,101,300010.0,600.0,101.0,531.0,488.0,0.0,1.0,0.0,0.0,0.5,0.028,0.44,0.4,0.506,0.042,0.447,0.414,0.0,0.0,-1.52,-4.97,-0.05,2.33,0.0,0.0,0.0,6.0,0.0,0.0,0.0,1.0,1.0,0.0,-0.0,-0.0,-0.0,5.1,0.0,0.0,8.0,170.0,0.0,0.0,170.0,170.0,145.0,170.0,170.0,12.0,11.0,15.0,4.0,15.0,6.0,0.0
85.118,71,300081.0,600.0,102.0,531.0,488.0,0.0,1.0,0.0,0.0,0.5,0.028,0.44,0.4,0.506,0.042,0.447,0.414,0.0,0.0,-1.69,-5.02,-0.13,2.33,2.31,0.0,0.0,6.0,0.0,0.0,0.0,1.0,1.0,1.7,-0.1,-2.2,-0.0,8.2,0.0,0.0,12.8,170.0,0.0,0.0,170.0,170.0,145.0,170.0,170.0,12.0,11.0,15.0,4.0,15.0,6.0,0.0
85.234,101,300182.0,600.0,102.0,533.0,487.0,0.0,1.0,0.0,0.0,0.5,0.028,0.441,0.398,0.506,0.042,0.447,0.412,0.0,0.0,-1.93,-5.15,0.09,2.33,2.74,0.0,0.0,6.0,0.0,0.0,0.0,1.0,1.0,5.7,-0.2,-12.6,1.0,14.9,0.0,0.0,23.2,94.0,0.0,0.0,170.0,170.0,145.0,170.0,170.0,12.0,11.0,15.0,4.0,15.0,6.0,0.0
85.271,52,300234.0,600.0,102.0,533.0,487.0,0.0,1.0,0.0,0.0,0.5,0.028,0.441,0.398,0.506,0.042,0.447,0.412,0.0,0.0,-1.55,-5.03,0.03,2.33,4.19,0.0,0.0,6.0,0.0,0.0,0.0,1.0,1.0,22.2,0.5,-15.7,0.8,17.9,0.0,0.0,27.9,94.0,0.0,0.0,170.0,170.0,145.0,170.0,170.0,12.0,11.0,15.0,4.0,15.0,6.0,0.0
85.308,19,300253.0,600.0,103.0,533.0,487.0,0.0,1.0,0.0,0.0,0.5,0.028,0.441,0.398,0.506,0.042,0.447,0.412,0.0,0.0,-1.59,-5.04,-0.02,2.33,5.04,0.0,0.0,6.0,0.0,0.0,0.0,1.0,1.0,22.2,0.5,-15.7,0.8,17.9,0.0,0.0,27.9,94.0,0.0,0.0,170.0,170.0,145.0,170.0,170.0,12.0,11.0,15.0,4.0,15.0,6.0,0.0
85.42,101,300354.0,600.0,103.0,535.0,478.0,0.0,1.0,0.0,0.0,0.5,0.028,0.442,0.393,0.506,0.042,0.448,0.407,0.0,0.0,-1.71,-4.97,0.26,2.33,5.47,0.0,0.0,6.0,0.0,0.0,0.0,1.0,1.0,25.7,1.2,-29.9,1.2,28.2,0.0,0.0,34.6,94.0,0.0,0.0,170.0,170.0,145.0,170.0,170.0,12.0,11.0,15.0,4.0,15.0,6.0,1.0
85.457,71,300425.0,600.0,107.0,535.0,478.0,0.0,1.0,0.0,0.0,0.5,0.028,0.442,0.393,0.506,0.042,0.448,0.407,0.0,0.0,-1.57,-4.93,1.28,2.33,1.82,0.0,0.0,6.0,0.0,0.0,0.0,1.0,1.0,31.0,0.6,-39.4,2.2,33.6,0.0,0.0,37.2,94.0,0.0,0.0,170.0,170.0,145.0,170.0,170.0,50.0,13.0,108.0,22.0,15.0,6.0,0.0
85.569,100,300525.0,600.0,107.0,541.0,476.0,0.0,1.0,0.0,0.0,0.5,0.03,0.446,0.389,0.506,0.043,0.451,0.404,0.0,0.0,-1.72,-4.81,2.11,2.33,1.14,0.0,0.0,6.0,0.0,0.0,0.0,1.0,1.0,31.5,-0.1,-41.3,7.1,44.9,0.0,0.0,42.7,94.0,0.0,0.0,170.0,170.0,145.0,170.0,170.0,50.0,13.0,108.0,22.0,15.0,6.0,0.0
85.644,71,300596.0,600.0,111.0,541.0,476.0,0.0,1.0,0.0,0.0,0.5,0.03,0.446,0.389,0.506,0.043,0.451,0.404,0.0,0.0,-2.1,-4.85,3.59,2.33,-2.46,0.0,0.0,6.0,0.0,0.0,0.0,1.0,1.0,32.8,-0.2,-41.0,7.6,50.3,0.0,0.0,45.4,107.0,0.0,0.0,170.0,170.0,145.0,170.0,170.0,50.0,13.0,108.0,22.0,15.0,6.0,0.0
85.755,101,300697.0,600.0,111.0,548.0,480.0,0.0,1.0,0.0,0.0,0.5,0.032,0.451,0.39,0.506,0.045,0.456,0.403,0.0,0.0,-1.99,-4.76,3.95,2.33,-3.13,0.0,0.0,6.0,0.0,0.0,0.0,1.0,1.0,33.8,-1.3,-35.3,12.4,59.6,0.0,0.0,48.8,146.0,0.0,0.0,128.0,170.0,145.0,170.0,170.0,50.0,13.0,108.0,22.0,15.0,6.0,1.0
85.792,52,300749.0,600.0,111.0,548.0,480.0,0.0,1.0,0.0,0.0,0.5,0.032,0.451,0.39,0.506,0.045,0.456,0.403,0.0,0.0,-2.09,-4.86,5.06,2.33,-5.41,0.0,0.0,6.0,0.0,0.0,0.0,1.0,1.0,33.2,-1.3,-34.8,13.4,61.0,0.0,0.0,47.5,161.0,0.0,0.0,139.0,170.0,145.0,170.0,170.0,50.0,13.0,108.0,22.0,15.0,6.0,0.0
85.829,20,300769.0,600.0,117.0,548.0,480.0,0.0,1.0,0.0,0.0,0.5,0.032,0.451,0.39,0.506,0.045,0.456,0.403,0.0,0.0,-1.95,-4.84,5.54,2.33,-6.73,0.0,0.0,6.0,0.0,0.0,0.0,1.0,1.0,33.2,-1.3,-34.8,13.4,61.0,0.0,0.0,47.5,161.0,0.0,0.0,139.0,170.0,145.0,170.0,170.0,50.0,13.0,108.0,22.0,15.0,6.0,0.0
85.902,100,300869.0,600.0,117.0,557.0,474.0,0.0,1.0,0.0,0.0,0.5,0.034,0.457,0.387,0.506,0.048,0.462,0.401,0.0,0.0,-2.12,-4.97,5.91,2.33,-7.41,0.0,0.0,6.0,0.0,0.0,0.0,1.0,1.0,39.9,-0.9,-37.9,11.6,59.3,0.0,0.0,49.2,177.0,0.0,0.0,178.0,170.0,145.0,170.0,170.0,50.0,13.0,108.0,22.0,15.0,6.0,1.0
85.976,72,300941.0,600.0,121.0,557.0,474.0,0.0,1.0,0.0,0.0,0.5,0.034,0.457,0.387,0.506,0.048,0.462,0.401,0.0,0.0,-1.41,-5.22,-2.48,2.33,-3.78,0.0,0.0,6.0,0.0,0.0,0.0,1.0,1.0,50.0,-0.4,-48.2,9.7,58.0,0.0,0.0,50.5,175.0,0.0,0.0,181.0,170.0,145.0,170.0,170.0,35.0,5.0,67.0,4.0,15.0,6.0,0.0
86.085,101,301042.0,600.0,121.0,569.0,474.0,0.0,1.0,0.0,0.0,0.5,0.037,0.466,0.385,0.506,0.051,0.471,0.4,0.0,0.0,-1.7,-4.94,-2.79,2.33,-3.13,0.0,0.0,6.0,0.0,0.0,0.0,1.0,1.0,57.7,-1.1,-61.3,6.0,55.1,0.0,0.0,53.4,163.0,0.0,0.0,188.0,170.0,145.0,170.0,170.0,35.0,5.0,67.0,4.0,15.0,6.0,0.0
86.17,71,301113.0,600.0,121.0,569.0,474.0,0.0,1.0,0.0,0.0,0.5,0.037,0.466,0.385,0.506,0.051,0.471,0.4,0.0,0.0,-1.4,-4.91,-2.35,2.33,0.57,0.0,0.0,6.0,0.0,0.0,0.0,1.0,1.0,62.9,-1.4,-60.2,6.6,53.7,0.0,0.0,54.8,155.0,0.0,0.0,191.0,170.0,145.0,170.0,170.0,35.0,5.0,67.0,4.0,15.0,6.0,0.0
86.243,101,301214.0,600.0,121.0,585.0,483.0,0.0,1.0,0.0,0.0,0.5,0.038,0.477,0.389,0.506,0.052,0.482,0.403,0.0,0.0,-1.29,-4.86,-2.51,2.33,1.22,0.0,0.0,6.0,0.0,0.0,0.0,1.0,1.0,61.4,-0.3,-71.6,15.1,50.7,0.0,0.0,57.8,138.0,0.0,0.0,227.0,170.0,145.0,170.0,170.0,35.0,5.0,67.0,4.0,15.0,6.0,0.0
86.317,71,301285.0,600.0,123.0,585.0,483.0,0.0,1.0,0.0,0.0,0.5,0.038,0.477,0.389,0.506,0.052,0.482,0.403,0.0,0.0,-1.54,-4.81,-2.1,2.33,4.89,0.0,0.0,6.0,0.0,0.0,0.0,1.0,1.0,65.7,0.4,-77.5,13.8,49.3,0.0,0.0,59.1,128.0,0.0,0.0,251.0,170.0,145.0,170.0,170.0,35.0,5.0,67.0,4.0,15.0,6.0,0.0
86.427,103,301388.0,600.0,123.0,601.0,492.0,0.0,1.0,0.0,0.0,0.5,0.039,0.49,0.396,0.506,0.053,0.494,0.41,0.0,0.0,-1.6,-4.76,-1.02,2.33,4.78,0.0,0.0,6.0,0.0,0.0,0.0,1.0,1.0,70.6,-0.1,-93.8,21.7,51.8,0.0,0.0,56.7,116.0,0.0,0.0,255.0,170.0,145.0,170.0,170.0,35.0,5.0,67.0,4.0,15.0,6.0,0.0
86.5,71,301459.0,600.0,125.0,601.0,492.0,0.0,1.0,0.0,0.0,0.5,0.039,0.49,0.396,0.506,0.053,0.494,0.41,0.0,0.0,-1.38,-4.88,2.23,2.33,1.16,0.0,0.0,6.0,0.0,0.0,0.0,1.0,1.0,70.0,0.1,-89.8,24.6,53.1,0.0,0.0,55.4,111.0,0.0,0.0,255.0,170.0,145.0,170.0,170.0,39.0,9.0,31.0,47.0,15.0,6.0,0.0
86.611,101,301560.0,600.0,125.0,607.0,503.0,0.0,1.0,0.0,0.0,0.5,0.041,0.499,0.405,0.507,0.055,0.504,0.418,0.0,0.0,-1.86,-4.85,3.37,2.33,0.48,0.0,0.0,6.0,0.0,0.0,0.0,1.0,1.0,68.5,0.1,-108.5,28.9,56.0,0.0,0.0,52.5,110.0,0.0,0.0,255.0,170.0,145.0,170.0,170.0,39.0,9.0,31.0,47.0,15.0,6.0,0.0
86.649,52,301612.0,600.0,125.0,607.0,503.0,0.0,1.0,0.0,0.0,0.5,0.041,0.499,0.405,0.507,0.055,0.504,0.418,0.0,0.0,-1.86,-4.85,6.15,2.33,-1.77,0.0,0.0,6.0,0.0,0.0,0.0,1.0,1.0,58.0,0.2,-118.3,28.4,57.4,0.0,0.0,51.1,113.0,0.0,0.0,255.0,170.0,145.0,170.0,170.0,39.0,9.0,31.0,47.0,15.0,6.0,0.0
86.685,20,301632.0,600.0,134.0,607.0,503.0,0.0,1.0,0.0,0.0,0.5,0.041,0.499,0.405,0.507,0.055,0.504,0.418,0.0,0.0,-1.78,-4.99,7.6,2.33,-3.17,0.0,0.0,6.0,0.0,0.0,0.0,1.0,1.0,58.0,0.2,-118.3,28.4,57.4,0.0,0.0,51.1,113.0,0.0,0.0,255.0,170.0,145.0,170.0,170.0,39.0,9.0,31.0,47.0,15.0,6.0,0.0
86.795,124,301756.0,600.0,134.0,613.0,525.0,0.0,1.0,0.0,0.0,0.5,0.044,0.505,0.42,0.507,0.058,0.511,0.433,0.0,0.0,-2.12,-4.8,11.38,2.33,-4.49,0.0,0.0,6.0,0.0,0.0,0.0,1.0,1.0,52.4,5.6,-105.1,21.1,61.0,0.0,0.0,47.5,129.0,0.0,0.0,255.0,170.0,145.0,170.0,170.0,39.0,9.0,31.0,47.0,15.0,6.0,0.0
86.832,19,301775.0,600.0,143.0,613.0,525.0,0.0,1.0,0.0,0.0,0.5,0.044,0.505,0.42,0.507,0.058,0.511,0.433,0.0,0.0,-2.0,-5.11,13.73,2.33,-6.77,0.0,0.0,6.0,0.0,0.0,0.0,1.0,1.0,52.4,5.6,-105.1,21.1,61.0,0.0,0.0,47.5,129.0,0.0,0.0,255.0,170.0,145.0,170.0,170.0,39.0,9.0,31.0,47.0,15.0,6.0,0.0
86.943,124,301899.0,600.0,143.0,612.0,549.0,0.0,1.0,0.0,0.0,0.5,0.049,0.508,0.439,0.507,0.063,0.514,0.451,0.0,0.0,-3.19,-5.07,14.11,2.33,-8.12,0.0,0.0,6.0,0.0,0.0,0.0,1.0,1.0,69.2,4.3,-116.3,13.6,64.6,0.0,0.0,43.9,129.0,0.0,0.0,255.0,170.0,145.0,170.0,170.0,39.0,9.0,31.0,47.0,15.0,6.0,0.0
86.98,19,301918.0,600.0,151.0,612.0,549.0,0.0,1.0,0.0,0.0,0.5,0.049,0.508,0.439,0.507,0.063,0.514,0.451,0.0,0.0,-2.1,-5.03,14.04,2.33,-10.34,0.0,0.0,6.0,0.0,0.0,0.0,1.0,1.0,69.2,4.3,-116.3,13.6,64.6,0.0,0.0,43.9,129.0,0.0,0.0,255.0,170.0,145.0,170.0,170.0,39.0,9.0,31.0,47.0,15.0,6.0,0.0
87.09,141,302059.0,600.0,156.0,607.0,578.0,0.0,1.0,0.0,0.0,0.5,0.055,0.507,0.462,0.508,0.069,0.515,0.473,0.0,0.0,-2.75,-5.03,17.98,2.33,-11.93,0.0,0.0,6.0,0.0,0.0,0.0,1.0,1.0,64.6,2.3,-124.7,11.8,66.2,0.0,0.0,42.3,134.0,0.0,0.0,255.0,170.0,145.0,170.0,170.0,16.0,18.0,13.0,44.0,15.0,6.0,0.0
87.208,101,302160.0,600.0,156.0,600.0,604.0,0.0,1.0,0.0,0.0,0.5,0.059,0.503,0.484,0.508,0.073,0.512,0.495,0.0,0.0,-2.77,-4.95,19.99,2.33,-11.93,0.0,0.0,6.0,0.0,0.0,0.0,1.0,1.0,62.3,1.9,-133.6,14.9,66.2,0.0,0.0,42.3,137.0,0.0,0.0,255.0,170.0,145.0,170.0,170.0,16.0,18.0,13.0,44.0,15.0,6.0,1.0
87.246,52,302212.0,600.0,156.0,600.0,604.0,0.0,1.0,0.0,0.0,0.5,0.059,0.503,0.484,0.508,0.073,0.512,0.495,0.0,0.0,-2.77,-4.95,22.42,2.33,-11.93,0.0,0.0,6.0,0.0,0.0,0.0,1.0,1.0,61.1,0.4,-124.4,16.2,66.2,0.0,0.0,42.3,140.0,0.0,0.0,255.0,170.0,145.0,170.0,170.0,16.0,18.0,13.0,44.0,15.0,6.0,0.0
87.282,19,302231.0,600.0,156.0,600.0,604.0,0.0,1.0,0.0,0.0,0.5,0.059,0.503,0.484,0.508,0.073,0.512,0.495,0.0,0.0,-3.11,-5.01,23.93,2.33,-11.93,0.0,0.0,6.0,0.0,0.0,0.0,1.0,1.0,61.1,0.4,-124.4,16.2,66.2,0.0,0.0,42.3,140.0,0.0,0.0,255.0,170.0,145.0,170.0,170.0,16.0,18.0,13.0,44.0,15.0,6.0,0.0
87.39,99,302330.0,600.0,156.0,600.0,625.0,0.0,1.0,0.0,0.0,0.5,0.061,0.501,0.504,0.508,0.076,0.51,0.515,0.0,0.0,-2.7,-5.03,25.62,2.33,-11.93,0.0,0.0,6.0,0.0,0.0,0.0,1.0,1.0,69.6,1.6,-124.0,30.1,66.2,0.0,0.0,42.3,137.0,0.0,0.0,255.0,170.0,145.0,170.0,170.0,16.0,18.0,13.0,44.0,15.0,6.0,1.0
87.422,52,302382.0,600.0,156.0,600.0,625.0,0.0,1.0,0.0,0.0,0.5,0.061,0.501,0.504,0.508,0.076,0.51,0.515,0.0,0.0,-2.7,-4.94,27.51,2.33,-11.93,0.0,0.0,6.0,0.0,0.0,0.0,1.0,1.0,69.6,1.6,-124.0,30.1,66.2,0.0,0.0,42.3,135.0,0.0,0.0,255.0,170.0,145.0,170.0,170.0,16.0,18.0,13.0,44.0,15.0,6.0,0.0
87.453,19,302401.0,600.0,147.0,600.0,625.0,0.0,1.0,0.0,0.0,0.5,0.061,0.501,0.504,0.508,0.076,0.51,0.515,0.0,0.0,-3.1,-4.91,30.45,2.33,-11.93,0.0,0.0,6.0,0.0,0.0,0.0,1.0,1.0,71.3,1.6,-137.5,34.1,66.2,0.0,0.0,42.3,135.0,0.0,0.0,255.0,170.0,145.0,170.0,170.0,16.0,18.0,13.0,44.0,15.0,6.0,0.0
87.551,101,302502.0,600.0,147.0,651.0,636.0,0.0,1.0,0.0,0.0,0.5,0.059,0.522,0.517,0.508,0.074,0.528,0.53,0.0,0.0,-3.11,-4.93,30.76,2.33,-11.93,0.0,0.0,6.0,0.0,0.0,0.0,1.0,1.0,71.9,0.6,-122.7,39.6,66.2,0.0,0.0,42.3,131.0,0.0,0.0,255.0,170.0,145.0,170.0,170.0,31.0,13.0,24.0,53.0,15.0,6.0,1.0
87.585,53,302555.0,600.0,147.0,651.0,636.0,0.0,1.0,0.0,0.0,0.5,0.059,0.522,0.517,0.508,0.074,0.528,0.53,0.0,0.0,-2.92,-4.8,32.64,2.33,-11.93,0.0,0.0,6.0,0.0,0.0,0.0,1.0,1.0,67.1,0.8,-108.4,26.2,66.2,0.0,0.0,42.3,131.0,0.0,0.0,255.0,170.0,145.0,170.0,170.0,31.0,13.0,24.0,53.0,15.0,6.0,0.0
87.617,19,302574.0,600.0,138.0,651.0,636.0,0.0,1.0,0.0,0.0,0.5,0.059,0.522,0.517,0.508,0.074,0.528,0.53,0.0,0.0,-3.29,-4.89,32.46,2.33,-11.93,0.0,0.0,6.0,0.0,0.0,0.0,1.0,1.0,67.1,0.8,-108.4,26.2,66.2,0.0,0.0,42.3,131.0,0.0,0.0,255.0,170.0,145.0,170.0,170.0,31.0,13.0,24.0,53.0,15.0,6.0,0.0
87.715,101,302675.0,600.0,138.0,719.0,649.0,0.0,1.0,0.0,0.0,0.5,0.054,0.558,0.529,0.509,0.07,0.561,0.543,0.0,0.0,-2.36,-5.07,30.63,2.33,-11.93,0.0,0.0,6.0,0.0,0.0,0.0,1.0,1.0,70.3,2.1,-127.2,12.0,66.2,0.0,0.0,42.3,127.0,0.0,0.0,255.0,170.0,145.0,170.0,170.0,31.0,13.0,24.0,53.0,15.0,6.0,0.0
87.786,72,302747.0,600.0,133.0,719.0,649.0,0.0,1.0,0.0,0.0,0.5,0.054,0.558,0.529,0.509,0.07,0.561,0.543,0.0,0.0,-2.48,-5.2,27.07,2.33,-11.93,0.0,0.0,6.0,0.0,0.0,0.0,1.0,1.0,73.8,2.0,-121.4,13.5,66.2,0.0,0.0,42.3,123.0,0.0,0.0,255.0,170.0,145.0,170.0,170.0,31.0,13.0,24.0,53.0,15.0,6.0,0.0
87.884,101,302848.0,600.0,133.0,719.0,656.0,0.0,1.0,0.0,0.0,0.5,0.05,0.575,0.537,0.509,0.067,0.581,0.552,0.0,0.0,-2.99,-5.18,29.36,2.33,-11.93,0.0,0.0,6.0,0.0,0.0,0.0,1.0,1.0,67.7,1.0,-137.8,38.5,66.2,0.0,0.0,42.3,120.0,0.0,0.0,255.0,170.0,145.0,170.0,170.0,31.0,13.0,24.0,53.0,15.0,6.0,0.0
87.951,72,302920.0,600.0,131.0,719.0,656.0,0.0,1.0,0.0,0.0,0.5,0.05,0.575,0.537,0.509,0.067,0.581,0.552,0.0,0.0,-3.05,-4.89,33.28,2.33,-11.93,0.0,0.0,6.0,0.0,0.0,0.0,1.0,1.0,65.8,0.6,-141.9,37.0,66.2,0.0,0.0,42.3,120.0,0.0,0.0,255.0,170.0,145.0,170.0,170.0,31.0,13.0,24.0,53.0,15.0,6.0,0.0
88.048,101,303021.0,600.0,131.0,719.0,662.0,0.0,1.0,0.0,0.0,0.5,0.048,0.583,0.544,0.509,0.064,0.59,0.558,0.0,0.0,-2.96,-4.84,34.65,2.33,-11.93,0.0,0.0,6.0,0.0,0.0,0.0,1.0,1.0,65.0,-1.1,-125.8,33.2,66.2,0.0,0.0,42.3,123.0,0.0,0.0,255.0,170.0,145.0,170.0,170.0,18.0,15.0,17.0,72.0,15.0,6.0,0.0
88.113,52,303073.0,600.0,131.0,719.0,662.0,0.0,1.0,0.0,0.0,0.5,0.048,0.583,0.544,0.509,0.064,0.59,0.558,0.0,0.0,-3.26,-4.9,37.32,2.33,-11.93,0.0,0.0,6.0,0.0,0.0,0.0,1.0,1.0,64.0,-0.8,-118.5,31.2,66.2,0.0,0.0,42.3,125.0,0.0,0.0,255.0,170.0,145.0,170.0,170.0,18.0,15.0,17.0,72.0,15.0,6.0,0.0
88.146,19,303092.0,600.0,126.0,719.0,662.0,0.0,1.0,0.0,0.0,0.5,0.048,0.583,0.544,0.509,0.064,0.59,0.558,0.0,0.0,-3.05,-4.83,38.82,2.33,-11.93,0.0,0.0,6.0,0.0,0.0,0.0,1.0,1.0,64.0,-0.8,-118.5,31.2,66.2,0.0,0.0,42.3,125.0,0.0,0.0,255.0,170.0,145.0,170.0,170.0,18.0,15.0,17.0,72.0,15.0,6.0,0.0
88.241,101,303193.0,600.0,126.0,719.0,651.0,0.0,1.0,0.0,0.0,0.5,0.045,0.586,0.542,0.509,0.061,0.594,0.558,0.0,0.0,-2.9,-4.78,40.68,2.33,-11.93,0.0,0.0,6.0,0.0,0.0,0.0,1.0,1.0,66.3,-0.9,-130.3,25.8,66.2,0.0,0.0,42.3,124.0,0.0,0.0,255.0,170.0,145.0,170.0,170.0,18.0,15.0,17.0,72.0,15.0,6.0,1.0
88.273,52,303245.0,600.0,126.0,719.0,651.0,0.0,1.0,0.0,0.0,0.5,0.045,0.586,0.542,0.509,0.061,0.594,0.558,0.0,0.0,-2.9,-4.78,42.54,2.33,-11.93,0.0,0.0,6.0,0.0,0.0,0.0,1.0,1.0,66.3,-0.9,-130.3,25.8,66.2,0.0,0.0,42.3,124.0,0.0,0.0,255.0,170.0,145.0,170.0,170.0,18.0,15.0,17.0,72.0,15.0,6.0,1.0
88.306,20,303265.0,600.0,122.0,719.0,651.0,0.0,1.0,0.0,0.0,0.5,0.045,0.586,0.542,0.509,0.061,0.594,0.558,0.0,0.0,-2.98,-4.67,45.92,2.33,-11.93,0.0,0.0,6.0,0.0,0.0,0.0,1.0,1.0,69.4,-1.4,-120.6,24.0,66.2,0.0,0.0,42.3,122.0,0.0,0.0,255.0,170.0,145.0,170.0,170.0,18.0,15.0,17.0,72.0,15.0,6.0,0.0
88.403,100,303365.0,600.0,122.0,668.0,663.0,0.0,1.0,0.0,0.0,0.5,0.042,0.569,0.546,0.509,0.058,0.58,0.561,0.0,0.0,-3.21,-4.67,46.07,2.33,-11.93,0.0,0.0,6.0,0.0,0.0,0.0,1.0,1.0,66.1,-0.2,-114.8,12.6,66.2,0.0,0.0,42.3,120.0,0.0,0.0,255.0,170.0,145.0,170.0,170.0,18.0,15.0,17.0,72.0,15.0,6.0,1.0
88.466,71,303436.0,600.0,117.0,668.0,663.0,0.0,1.0,0.0,0.0,0.5,0.042,0.569,0.546,0.509,0.058,0.58,0.561,0.0,0.0,-3.25,-4.82,41.44,2.33,-11.93,0.0,0.0,6.0,0.0,0.0,0.0,1.0,1.0,65.1,-1.4,-128.8,8.7,66.2,0.0,0.0,42.3,121.0,0.0,0.0,255.0,170.0,145.0,170.0,170.0,18.0,15.0,17.0,72.0,15.0,6.0,0.0
88.566,102,303538.0,600.0,117.0,600.0,664.0,0.0,1.0,0.0,0.0,0.5,0.039,0.532,0.548,0.509,0.055,0.546,0.563,0.0,0.0,-3.0,-5.14,37.46,2.33,-11.93,0.0,0.0,6.0,0.0,0.0,0.0,1.0,1.0,62.7,-1.3,-122.0,4.3,66.2,0.0,0.0,42.3,124.0,0.0,0.0,255.0,170.0,145.0,170.0,170.0,37.0,20.0,60.0,14.0,15.0,6.0,1.0
88.632,52,303590.0,600.0,117.0,600.0,664.0,0.0,1.0,0.0,0.0,0.5,0.039,0.532,0.548,0.509,0.055,0.546,0.563,0.0,0.0,-3.22,-5.22,34.48,2.33,-11.93,0.0,0.0,6.0,0.0,0.0,0.0,1.0,1.0,67.5,1.4,-115.6,4.1,66.2,0.0,0.0,42.3,123.0,0.0,0.0,255.0,170.0,145.0,170.0,170.0,37.0,20.0,60.0,14.0,15.0,6.0,0.0
88.664,19,303609.0,600.0,117.0,600.0,664.0,0.0,1.0,0.0,0.0,0.5,0.039,0.532,0.548,0.509,0.055,0.546,0.563,0.0,0.0,-2.48,-5.31,35.13,2.33,-11.93,0.0,0.0,6.0,0.0,0.0,0.0,1.0,1.0,67.5,1.4,-115.6,4.1,66.2,0.0,0.0,42.3,123.0,0.0,0.0,255.0,170.0,145.0,170.0,170.0,37.0,20.0,60.0,14.0,15.0,6.0,0.0
88.769,100,303709.0,600.0,117.0,600.0,665.0,0.0,1.0,0.0,0.0,0.5,0.038,0.515,0.55,0.509,0.053,0.526,0.565,0.0,0.0,-2.93,-5.01,37.57,2.33,-11.93,0.0,0.0,6.0,0.0,0.0,0.0,1.0,1.0,67.1,-0.4,-116.7,6.7,66.2,0.0,0.0,42.3,119.0,0.0,0.0,255.0,170.0,145.0,170.0,170.0,37.0,20.0,60.0,14.0,15.0,6.0,1.0
88.802,52,303761.0,600.0,117.0,600.0,665.0,0.0,1.0,0.0,0.0,0.5,0.038,0.515,0.55,0.509,0.053,0.526,0.565,0.0,0.0,-3.29,-5.04,40.91,2.33,-11.93,0.0,0.0,6.0,0.0,0.0,0.0,1.0,1.0,65.7,-0.3,-109.9,6.3,66.2,0.0,0.0,42.3,120.0,0.0,0.0,255.0,170.0,145.0,170.0,170.0,37.0,20.0,60.0,14.0,15.0,6.0,0.0
88.834,20,303781.0,600.0,113.0,600.0,665.0,0.0,1.0,0.0,0.0,0.5,0.038,0.515,0.55,0.509,0.053,0.526,0.565,0.0,0.0,-2.97,-5.08,41.79,2.33,-11.93,0.0,0.0,6.0,0.0,0.0,0.0,1.0,1.0,65.7,-0.3,-109.9,6.3,66.2,0.0,0.0,42.3,120.0,0.0,0.0,255.0,170.0,145.0,170.0,170.0,37.0,20.0,60.0,14.0,15.0,6.0,0.0
88.932,102,303883.0,600.0,113.0,600.0,641.0,0.0,1.0,0.0,0.0,0.5,0.036,0.507,0.541,0.508,0.051,0.517,0.557,0.0,0.0,-3.14,-4.87,42.93,2.33,-11.93,0.0,0.0,6.0,0.0,0.0,0.0,1.0,1.0,60.1,2.1,-115.4,5.8,66.2,0.0,0.0,42.3,126.0,0.0,0.0,255.0,170.0,145.0,170.0,170.0,37.0,20.0,60.0,14.0,15.0,6.0,0.0
88.972,52,303935.0,600.0,113.0,600.0,641.0,0.0,1.0,0.0,0.0,0.5,0.036,0.507,0.541,0.508,0.051,0.517,0.557,0.0,0.0,-3.14,-4.87,46.67,2.33,-11.93,0.0,0.0,6.0,0.0,0.0,0.0,1.0,1.0,60.1,2.1,-115.4,5.8,66.2,0.0,0.0,42.3,126.0,0.0,0.0,255.0,170.0,145.0,170.0,170.0,37.0,20.0,60.0,14.0,15.0,6.0,1.0
89.004,19,303954.0,600.0,113.0,600.0,641.0,0.0,1.0,0.0,0.0,0.5,0.036,0.507,0.541,0.508,0.051,0.517,0.557,0.0,0.0,-3.58,-4.95,48.31,2.33,-11.93,0.0,0.0,6.0,0.0,0.0,0.0,1.0,1.0,58.5,2.0,-112.2,5.8,66.2,0.0,0.0,42.3,130.0,0.0,0.0,255.0,170.0,145.0,170.0,170.0,37.0,20.0,60.0,14.0,15.0,6.0,0.0
89.101,103,304057.0,600.0,113.0,600.0,607.0,0.0,1.0,0.0,0.0,0.5,0.035,0.503,0.522,0.508,0.05,0.512,0.54,0.0,0.0,-3.22,-4.79,50.78,2.33,-11.93,0.0,0.0,6.0,0.0,0.0,0.0,1.0,1.0,59.3,1.6,-97.0,6.4,66.2,0.0,0.0,42.3,137.0,0.0,0.0,255.0,170.0,145.0,170.0,170.0,38.0,12.0,48.0,48.0,15.0,6.0,0.0
89.17,71,304128.0,600.0,115.0,600.0,607.0,0.0,1.0,0.0,0.0,0.5,0.035,0.503,0.522,0.508,0.05,0.512,0.54,0.0,0.0,-3.59,-4.76,54.17,2.33,-11.93,0.0,0.0,6.0,0.0,0.0,0.0,1.0,1.0,62.9,1.5,-107.2,6.9,66.2,0.0,0.0,42.3,138.0,0.0,0.0,255.0,170.0,145.0,170.0,170.0,38.0,12.0,48.0,48.0,15.0,6.0,0.0
89.268,100,304228.0,600.0,115.0,600.0,556.0,0.0,1.0,0.0,0.0,0.5,0.035,0.501,0.49,0.508,0.05,0.51,0.51,0.0,0.0,-3.53,-4.71,55.84,2.33,-11.93,0.0,0.0,6.0,0.0,0.0,0.0,1.0,1.0,64.5,1.3,-114.9,11.0,66.2,0.0,0.0,42.3,137.0,0.0,0.0,255.0,170.0,145.0,170.0,170.0,38.0,12.0,48.0,48.0,15.0,6.0,1.0
89.334,71,304299.0,600.0,116.0,600.0,556.0,0.0,1.0,0.0,0.0,0.5,0.035,0.501,0.49,0.508,0.05,0.51,0.51,0.0,0.0,-3.98,-4.84,59.35,2.33,-11.93,0.0,0.0,6.0,0.0,0.0,0.0,1.0,1.0,65.4,0.5,-108.6,12.3,66.2,0.0,0.0,42.3,137.0,0.0,0.0,255.0,170.0,145.0,170.0,170.0,38.0,12.0,48.0,48.0,15.0,6.0,0.0
89.432,101,304400.0,600.0,116.0,676.0,515.0,0.0,1.0,0.0,0.0,0.5,0.036,0.533,0.454,0.507,0.051,0.535,0.475,0.0,0.0,-3.82,-4.71,60.18,2.33,-11.93,0.0,0.0,6.0,0.0,0.0,0.0,1.0,1.0,57.4,0.5,-111.4,18.7,66.2,0.0,0.0,42.3,146.0,0.0,0.0,255.0,170.0,145.0,170.0,170.0,38.0,12.0,48.0,48.0,15.0,6.0,0.0
89.501,53,304453.0,600.0,116.0,676.0,515.0,0.0,1.0,0.0,0.0,0.5,0.036,0.533,0.454,0.507,0.051,0.535,0.475,0.0,0.0,-4.02,-4.63,63.5,2.33,-11.93,0.0,0.0,6.0,0.0,0.0,0.0,1.0,1.0,57.4,0.5,-111.4,18.7,66.2,0.0,0.0,42.3,151.0,0.0,0.0,255.0,170.0,145.0,170.0,170.0,38.0,12.0,48.0,48.0,15.0,6.0,1.0
89.534,20,304473.0,600.0,109.0,676.0,515.0,0.0,1.0,0.0,0.0,0.5,0.036,0.533,0.454,0.507,0.051,0.535,0.475,0.0,0.0,-3.99,-4.64,64.63,2.33,-11.93,0.0,0.0,6.0,0.0,0.0,0.0,1.0,1.0,56.5,0.8,-109.5,21.5,66.2,0.0,0.0,42.3,151.0,0.0,0.0,255.0,170.0,145.0,170.0,170.0,38.0,12.0,48.0,48.0,15.0,6.0,0.0
89.599,102,304575.0,600.0,109.0,769.0,474.0,0.0,1.0,0.0,0.0,0.5,0.034,0.58,0.417,0.507,0.05,0.579,0.439,0.0,0.0,-3.59,-4.77,66.41,2.33,-11.93,0.0,0.0,6.0,0.0,0.0,0.0,1.0,1.0,63.4,0.3,-98.9,14.7,66.2,0.0,0.0,42.3,150.0,0.0,0.0,255.0,170.0,145.0,170.0,170.0,74.0,18.0,44.0,2.0,15.0,6.0,0.0
89.663,53,304628.0,600.0,109.0,769.0,474.0,0.0,1.0,0.0,0.0,0.5,0.034,0.58,0.417,0.507,0.05,0.579,0.439,0.0,0.0,-4.2,-4.9,65.83,2.33,-11.93,0.0,0.0,6.0,0.0,0.0,0.0,1.0,1.0,66.7,0.7,-112.3,9.9,66.2,0.0,0.0,42.3,149.0,0.0,0.0,255.0,170.0,145.0,170.0,170.0,74.0,18.0,44.0,2.0,15.0,6.0,0.0
89.695,19,304647.0,600.0,107.0,769.0,474.0,0.0,1.0,0.0,0.0,0.5,0.034,0.58,0.417,0.507,0.05,0.579,0.439,0.0,0.0,-4.33,-5.07,62.57,2.33,-11.93,0.0,0.0,6.0,0.0,0.0,0.0,1.0,1.0,66.7,0.7,-112.3,9.9,66.2,0.0,0.0,42.3,149.0,0.0,0.0,255.0,170.0,145.0,170.0,170.0,74.0,18.0,44.0,2.0,15.0,6.0,0.0
89.802,101,304748.0,600.0,107.0,769.0,439.0,0.0,1.0,0.0,0.0,0.5,0.032,0.602,0.38,0.506,0.048,0.605,0.402,0.0,0.0,-2.75,-5.23,56.78,2.33,-11.93,0.0,0.0,6.0,0.0,0.0,0.0,1.0,1.0,80.9,-9.7,-115.8,-0.2,66.2,0.0,0.0,42.3,139.0,0.0,0.0,255.0,170.0,145.0,170.0,170.0,74.0,18.0,44.0,2.0,15.0,6.0,1.0
89.835,52,304800.0,600.0,107.0,769.0,439.0,0.0,1.0,0.0,0.0,0.5,0.032,0.602,0.38,0.506,0.048,0.605,0.402,0.0,0.0,-3.54,-5.46,49.62,2.33,-11.93,0.0,0.0,6.0,0.0,0.0,0.0,1.0,1.0,81.9,-7.8,-111.1,0.6,66.2,0.0,0.0,42.3,131.0,0.0,0.0,255.0,170.0,145.0,170.0,170.0,74.0,18.0,44.0,2.0,15.0,6.0,1.0
89.868,19,304819.0,600.0,105.0,769.0,439.0,0.0,1.0,0.0,0.0,0.5,0.032,0.602,0.38,0.506,0.048,0.605,0.402,0.0,0.0,-3.37,-5.68,49.02,2.33,-11.93,0.0,0.0,6.0,0.0,0.0,0.0,1.0,1.0,81.9,-7.8,-111.1,0.6,66.2,0.0,0.0,42.3,131.0,0.0,0.0,255.0,170.0,145.0,170.0,170.0,74.0,18.0,44.0,2.0,15.0,6.0,0.0
89.967,101,304920.0,600.0,105.0,769.0,431.0,0.0,1.0,0.0,0.0,0.5,0.031,0.613,0.359,0.506,0.047,0.617,0.379,0.0,0.0,-3.66,-5.1,50.28,2.33,-11.93,0.0,0.0,6.0,0.0,0.0,0.0,1.0,1.0,89.4,-6.2,-121.0,11.1,66.2,0.0,0.0,42.3,108.0,0.0,0.0,255.0,170.0,145.0,170.0,170.0,74.0,18.0,44.0,2.0,15.0,6.0,0.0
90.0,52,304972.0,600.0,105.0,769.0,431.0,0.0,1.0,0.0,0.0,0.5,0.031,0.613,0.359,0.506,0.047,0.617,0.379,0.0,0.0,-3.66,-5.2,53.11,2.33,-11.93,0.0,0.0,6.0,0.0,0.0,0.0,1.0,1.0,85.2,-4.8,-114.7,17.8,66.2,0.0,0.0,42.3,100.0,0.0,0.0,255.0,170.0,145.0,170.0,170.0,74.0,18.0,44.0,2.0,15.0,6.0,0.0
90.031,21,304993.0,600.0,103.0,769.0,431.0,0.0,1.0,0.0,0.0,0.5,0.031,0.613,0.359,0.506,0.047,0.617,0.379,0.0,0.0,-3.83,-5.02,54.18,2.33,-11.93,0.0,0.0,0.0,0.0,0.0,0.0,1.0,1.0,85.2,-4.8,-114.7,17.8,66.2,0.0,0.0,42.3,100.0,0.0,0.0,255.0,170.0,145.0,170.0,170.0,74.0,18.0,44.0,2.0,15.0,6.0,0.0
90.162,110,305103.0,600.0,103.0,769.0,429.0,0.0,1.0,0.0,0.0,0.5,0.029,0.617,0.348,0.506,0.046,0.622,0.366,0.0,0.0,-3.17,-5.08,56.45,2.33,0.0,0.0,0.0,0.0,0.0,0.0,0.0,1.0,1.0,65.8,-5.1,-87.9,21.9,0.0,0.0,0.0,0.0,0.0,0.0,0.0,0.0,170.0,145.0,170.0,170.0,14.0,10.0,51.0,79.0,15.0,6.0,0.0
90.194,52,305155.0,600.0,103.0,769.0,429.0,0.0,1.0,0.0,0.0,0.5,0.029,0.617,0.348,0.506,0.046,0.622,0.366,0.0,0.0,-3.17,-5.08,58.94,2.33,0.0,0.0,0.0,0.0,0.0,0.0,0.0,1.0,1.0,57.5,-4.0,-78.1,21.0,0.0,0.0,0.0,0.0,0.0,0.0,0.0,0.0,170.0,145.0,170.0,170.0,14.0,10.0,51.0,79.0,15.0,6.0,0.0
90.227,19,305174.0,600.0,104.0,769.0,429.0,0.0,1.0,0.0,0.0,0.5,0.029,0.617,0.348,0.506,0.046,0.622,0.366,0.0,0.0,-3.4,-5.09,59.82,2.33,0.0,0.0,0.0,0.0,0.0,0.0,0.0,1.0,1.0,57.5,-4.0,-78.1,21.0,0.0,0.0,0.0,0.0,0.0,0.0,0.0,0.0,170.0,145.0,170.0,170.0,14.0,10.0,51.0,79.0,15.0,6.0,0.0
90.325,101,305275.0,600.0,104.0,693.0,423.0,0.0,1.0,0.0,0.0,0.5,0.029,0.593,0.339,0.505,0.045,0.602,0.357,0.0,0.0,-3.55,-5.06,60.19,2.33,0.0,0.0,0.0,0.0,0.0,0.0,0.0,1.0,1.0,38.9,-2.2,-53.4,13.5,0.0,0.0,0.0,0.0,0.0,0.0,0.0,0.0,170.0,145.0,170.0,170.0,14.0,10.0,51.0,79.0,15.0,6.0,0.0
90.358,52,305327.0,600.0,104.0,693.0,423.0,0.0,1.0,0.0,0.0,0.5,0.029,0.593,0.339,0.505,0.045,0.602,0.357,0.0,0.0,-3.55,-5.06,60.24,2.33,0.0,0.0,0.0,0.0,0.0,0.0,0.0,1.0,1.0,38.9,-2.2,-53.4,13.5,0.0,0.0,0.0,0.0,0.0,0.0,0.0,0.0,170.0,145.0,170.0,170.0,14.0,10.0,51.0,79.0,15.0,6.0,1.0
90.391,19,305346.0,600.0,105.0,693.0,423.0,0.0,1.0,0.0,0.0,0.5,0.029,0.593,0.339,0.505,0.045,0.602,0.357,0.0,0.0,-3.47,-5.11,60.22,2.33,0.0,0.0,0.0,0.0,0.0,0.0,0.0,1.0,1.0,34.2,-1.8,-47.0,11.8,0.0,0.0,0.0,0.0,0.0,0.0,0.0,0.0,170.0,145.0,170.0,170.0,14.0,10.0,51.0,79.0,15.0,6.0,0.0
90.486,101,305447.0,600.0,105.0,600.0,412.0,0.0,1.0,0.0,0.0,0.5,0.029,0.543,0.329,0.505,0.045,0.556,0.346,0.0,0.0,-3.41,-5.14,60.22,2.33,0.0,0.0,0.0,0.0,0.0,0.0,0.0,1.0,1.0,30.1,-1.6,-36.4,9.1,0.0,0.0,0.0,0.0,0.0,0.0,0.0,0.0,170.0,145.0,170.0,170.0,14.0,10.0,51.0,79.0,15.0,6.0,1.0
90.518,35,305482.0,600.0,105.0,600.0,412.0,0.0,1.0,0.0,0.0,0.5,0.029,0.543,0.329,0.505,0.045,0.556,0.346,0.0,0.0,-3.41,-5.14,60.22,2.33,0.0,0.0,0.0,0.0,0.0,0.0,0.0,1.0,1.0,23.3,-1.3,-32.0,8.0,0.0,0.0,0.0,0.0,0.0,0.0,0.0,0.0,170.0,145.0,170.0,170.0,14.0,10.0,51.0,79.0,15.0,6.0,0.0
90.617,106,305588.0,600.0,106.0,688.0,423.0,0.0,1.0,0.0,0.0,0.5,0.03,0.556,0.33,0.505,0.045,0.56,0.346,0.0,0.0,-3.35,-5.17,60.22,2.33,0.0,0.0,0.0,0.0,0.0,0.0,0.0,1.0,1.0,20.5,-1.0,-24.8,6.2,0.0,0.0,0.0,0.0,0.0,0.0,0.0,0.0,170.0,145.0,170.0,170.0,14.0,10.0,51.0,79.0,15.0,6.0,0.0
90.682,53,305641.0,600.0,106.0,688.0,423.0,0.0,1.0,0.0,0.0,0.5,0.03,0.556,0.33,0.505,0.045,0.56,0.346,0.0,0.0,-3.18,-5.21,60.19,2.33,0.0,0.0,0.0,0.0,0.0,0.0,0.0,1.0,1.0,15.9,-0.9,-21.8,5.5,0.0,0.0,0.0,0.0,0.0,0.0,0.0,0.0,170.0,145.0,170.0,170.0,14.0,8.0,47.0,79.0,15.0,6.0,0.0
90.715,19,305660.0,600.0,105.0,688.0,423.0,0.0,1.0,0.0,0.0,0.5,0.03,0.556,0.33,0.505,0.045,0.56,0.346,0.0,0.0,-3.04,-5.23,60.17,2.33,0.0,0.0,0.0,0.0,0.0,0.0,0.0,1.0,1.0,15.9,-0.9,-21.8,5.5,0.0,0.0,0.0,0.0,0.0,0.0,0.0,0.0,170.0,145.0,170.0,170.0,14.0,8.0,47.0,79.0,15.0,6.0,0.0
90.814,100,305760.0,600.0,105.0,688.0,435.0,0.0,1.0,0.0,0.0,0.5,0.03,0.563,0.338,0.505,0.045,0.567,0.352,0.0,0.0,-2.58,-5.26,60.15,2.33,0.0,0.0,0.0,0.0,0.0,0.0,0.0,1.0,1.0,14.0,-0.6,-14.9,3.7,0.0,0.0,0.0,0.0,0.0,0.0,0.0,0.0,170.0,145.0,170.0,170.0,14.0,8.0,47.0,79.0,15.0,6.0,0.0
90.849,52,305812.0,600.0,105.0,688.0,435.0,0.0,1.0,0.0,0.0,0.5,0.03,0.563,0.338,0.505,0.045,0.567,0.352,0.0,0.0,-2.58,-5.26,60.13,2.33,0.0,0.0,0.0,0.0,0.0,0.0,0.0,1.0,1.0,9.5,-0.5,-13.1,3.3,0.0,0.0,0.0,0.0,0.0,0.0,0.0,0.0,170.0,145.0,170.0,170.0,14.0,8.0,47.0,79.0,15.0,6.0,0.0
90.88,20,305832.0,600.0,104.0,688.0,435.0,0.0,1.0,0.0,0.0,0.5,0.03,0.563,0.338,0.505,0.045,0.567,0.352,0.0,0.0,-2.53,-5.25,60.13,2.33,0.0,0.0,0.0,0.0,0.0,0.0,0.0,1.0,1.0,9.5,-0.5,-13.1,3.3,0.0,0.0,0.0,0.0,0.0,0.0,0.0,0.0,170.0,145.0,170.0,170.0,14.0,8.0,47.0,79.0,15.0,6.0,0.0
90.977,101,305933.0,600.0,104.0,688.0,443.0,0.0,1.0,0.0,0.0,0.5,0.03,0.566,0.346,0.505,0.045,0.571,0.36,0.0,0.0,-2.44,-5.27,60.12,2.33,0.0,0.0,0.0,0.0,0.0,0.0,0.0,1.0,1.0,6.5,-0.4,-8.9,1.9,0.0,0.0,0.0,0.0,0.0,0.0,0.0,0.0,170.0,145.0,170.0,170.0,14.0,8.0,47.0,79.0,15.0,6.0,0.0
91.011,51,305984.0,600.0,104.0,688.0,443.0,0.0,1.0,0.0,0.0,0.5,0.03,0.566,0.346,0.505,0.045,0.571,0.36,0.0,0.0,-2.4,-5.27,60.12,2.33,0.0,0.0,0.0,0.0,0.0,0.0,0.0,1.0,1.0,6.5,-0.4,-8.9,1.9,0.0,0.0,0.0,0.0,0.0,0.0,0.0,0.0,170.0,145.0,170.0,170.0,14.0,8.0,47.0,79.0,15.0,6.0,0.0
91.043,21,306005.0,600.0,103.0,688.0,443.0,0.0,1.0,0.0,0.0,0.5,0.03,0.566,0.346,0.505,0.045,0.571,0.36,0.0,0.0,-2.3,-5.28,60.11,2.33,0.0,0.0,0.0,0.0,0.0,0.0,0.0,1.0,1.0,5.7,-0.3,-7.8,1.7,0.0,0.0,0.0,0.0,0.0,0.0,0.0,0.0,170.0,145.0,170.0,170.0,14.0,8.0,47.0,79.0,15.0,6.0,0.0
91.139,102,306107.0,600.0,103.0,688.0,450.0,0.0,1.0,0.0,0.0,0.5,0.029,0.567,0.353,0.506,0.045,0.572,0.368,0.0,0.0,-2.25,-5.29,60.11,2.33,0.0,0.0,0.0,0.0,0.0,0.0,0.0,1.0,1.0,3.9,-0.2,-5.3,0.9,0.0,0.0,0.0,0.0,0.0,0.0,0.0,0.0,170.0,145.0,170.0,170.0,14.0,8.0,47.0,79.0,15.0,6.0,0.0
91.203,71,306178.0,600.0,103.0,688.0,450.0,0.0,1.0,0.0,0.0,0.5,0.029,0.567,0.353,0.506,0.045,0.572,0.368,0.0,0.0,-2.17,-5.29,60.1,2.33,0.0,0.0,0.0,0.0,0.0,0.0,0.0,1.0,1.0,3.4,-0.2,-4.7,0.8,0.0,0.0,0.0,0.0,0.0,0.0,0.0,0.0,170.0,145.0,170.0,170.0,14.0,8.0,47.0,79.0,15.0,6.0,0.0
91.332,101,306279.0,600.0,103.0,688.0,458.0,0.0,1.0,0.0,0.0,0.5,0.029,0.568,0.361,0.506,0.044,0.573,0.376,0.0,0.0,-2.13,-5.3,60.1,2.33,0.0,0.0,0.0,0.0,0.0,0.0,0.0,1.0,1.0,2.3,-0.1,-3.2,0.9,0.0,0.0,0.0,0.0,0.0,0.0,0.0,0.0,170.0,145.0,170.0,170.0,14.0,8.0,47.0,79.0,15.0,6.0,0.0
91.367,52,306331.0,600.0,103.0,688.0,458.0,0.0,1.0,0.0,0.0,0.5,0.029,0.568,0.361,0.506,0.044,0.573,0.376,0.0,0.0,-2.08,-5.3,60.1,2.33,0.0,0.0,0.0,0.0,0.0,0.0,0.0,1.0,1.0,2.1,-0.1,-2.8,0.8,0.0,0.0,0.0,0.0,0.0,0.0,0.0,0.0,170.0,145.0,170.0,170.0,14.0,8.0,47.0,79.0,15.0,6.0,0.0
91.401,19,306350.0,600.0,104.0,688.0,458.0,0.0,1.0,0.0,0.0,0.5,0.029,0.568,0.361,0.506,0.044,0.573,0.376,0.0,0.0,-2.05,-5.3,60.09,2.33,0.0,0.0,0.0,0.0,0.0,0.0,0.0,1.0,1.0,2.1,-0.1,-2.8,0.8,0.0,0.0,0.0,0.0,0.0,0.0,0.0,0.0,170.0,145.0,170.0,170.0,14.0,8.0,47.0,79.0,15.0,6.0,0.0
91.499,102,306452.0,600.0,104.0,707.0,467.0,0.0,1.0,0.0,0.0,0.5,0.029,0.575,0.37,0.506,0.045,0.58,0.384,0.0,0.0,-2.0,-5.31,60.09,2.33,0.0,0.0,0.0,0.0,0.0,0.0,0.0,1.0,1.0,1.4,-0.1,-1.9,0.1,0.0,0.0,0.0,0.0,0.0,0.0,0.0,0.0,170.0,145.0,170.0,170.0,14.0,8.0,47.0,79.0,15.0,6.0,0.0
91.532,51,306503.0,600.0,104.0,707.0,467.0,0.0,1.0,0.0,0.0,0.5,0.029,0.575,0.37,0.506,0.045,0.58,0.384,0.0,0.0,-1.95,-5.31,60.08,2.33,0.0,0.0,0.0,0.0,0.0,0.0,0.0,1.0,1.0,1.2,-0.1,-1.7,0.1,0.0,0.0,0.0,0.0,0.0,0.0,0.0,0.0,170.0,145.0,170.0,170.0,14.0,8.0,47.0,79.0,15.0,6.0,0.0
91.572,19,306522.0,600.0,103.0,707.0,467.0,0.0,1.0,0.0,0.0,0.5,0.029,0.575,0.37,0.506,0.045,0.58,0.384,0.0,0.0,-1.94,-5.31,60.08,2.33,0.0,0.0,0.0,0.0,0.0,0.0,0.0,1.0,1.0,1.2,-0.1,-1.7,0.1,0.0,0.0,0.0,0.0,0.0,0.0,0.0,0.0,170.0,145.0,170.0,170.0,14.0,8.0,47.0,79.0,15.0,6.0,0.0
91.669,101,306623.0,600.0,103.0,707.0,469.0,0.0,1.0,0.0,0.0,0.5,0.029,0.578,0.375,0.506,0.045,0.584,0.39,0.0,0.0,-1.9,-5.31,60.08,60.08,0.0,0.0,0.0,0.0,0.0,0.0,0.0,1.0,1.0,0.8,-0.0,-1.2,0.1,0.0,0.0,0.0,0.0,0.0,0.0,0.0,0.0,170.0,145.0,170.0,170.0,14.0,8.0,47.0,79.0,15.0,6.0,0.0
91.703,52,306675.0,600.0,103.0,707.0,469.0,0.0,1.0,0.0,0.0,0.5,0.029,0.578,0.375,0.506,0.045,0.584,0.39,0.0,0.0,-1.88,-5.31,60.08,60.08,0.0,0.0,0.0,0.0,0.0,0.0,0.0,1.0,1.0,0.7,-0.0,-1.0,0.1,0.0,0.0,0.0,0.0,0.0,0.0,0.0,0.0,170.0,145.0,170.0,170.0,14.0,8.0,47.0,79.0,15.0,6.0,0.0
91.735,20,306695.0,600.0,105.0,707.0,469.0,0.0,1.0,0.0,0.0,0.5,0.029,0.578,0.375,0.506,0.045,0.584,0.39,0.0,0.0,-1.86,-5.3,60.08,60.08,0.0,0.0,0.0,0.0,0.0,0.0,0.0,1.0,1.0,0.7,-0.0,-1.0,0.1,0.0,0.0,0.0,0.0,0.0,0.0,0.0,0.0,170.0,145.0,170.0,170.0,14.0,8.0,47.0,79.0,15.0,6.0,0.0
91.843,101,306796.0,600.0,105.0,829.0,468.0,0.0,1.0,0.0,0.0,0.5,0.029,0.62,0.377,0.506,0.046,0.62,0.393,0.0,0.0,-1.81,-5.32,60.07,60.08,0.0,0.0,0.0,0.0,0.0,0.0,0.0,1.0,1.0,0.5,-0.0,-0.7,0.0,0.0,0.0,0.0,0.0,0.0,0.0,0.0,0.0,170.0,145.0,170.0,170.0,14.0,8.0,47.0,79.0,15.0,6.0,1.0
91.876,52,306848.0,600.0,105.0,829.0,468.0,0.0,1.0,0.0,0.0,0.5,0.029,0.62,0.377,0.506,0.046,0.62,0.393,0.0,0.0,-1.81,-5.32,60.07,60.08,0.0,0.0,0.0,0.0,0.0,0.0,0.0,1.0,1.0,0.5,-0.0,-0.7,0.0,0.0,0.0,0.0,0.0,0.0,0.0,0.0,0.0,170.0,145.0,170.0,170.0,14.0,8.0,47.0,79.0,15.0,6.0,0.0
91.909,20,306868.0,600.0,106.0,829.0,468.0,0.0,1.0,0.0,0.0,0.5,0.029,0.62,0.377,0.506,0.046,0.62,0.393,0.0,0.0,-1.78,-5.31,60.07,60.08,0.0,0.0,0.0,0.0,0.0,0.0,0.0,1.0,1.0,0.4,-0.0,-0.6,0.0,0.0,0.0,0.0,0.0,0.0,0.0,0.0,0.0,170.0,145.0,170.0,170.0,14.0,8.0,47.0,79.0,15.0,6.0,1.0
92.013,101,306969.0,600.0,106.0,949.0,468.0,0.0,1.0,0.0,0.0,0.5,0.03,0.671,0.378,0.506,0.047,0.669,0.395,0.0,0.0,-1.76,-5.32,60.07,60.08,0.0,0.0,0.0,0.0,0.0,0.0,0.0,1.0,1.0,0.3,-0.0,-0.4,0.0,0.0,0.0,0.0,0.0,0.0,0.0,0.0,0.0,170.0,145.0,170.0,170.0,14.0,8.0,47.0,79.0,15.0,6.0,0.0
92.05,52,307021.0,600.0,106.0,949.0,468.0,0.0,1.0,0.0,0.0,0.5,0.03,0.671,0.378,0.506,0.047,0.669,0.395,0.0,0.0,-1.74,-5.32,60.06,60.08,0.0,0.0,0.0,0.0,0.0,0.0,0.0,1.0,1.0,0.3,-0.0,-0.4,0.0,0.0,0.0,0.0,0.0,0.0,0.0,0.0,0.0,170.0,145.0,170.0,170.0,14.0,8.0,47.0,79.0,15.0,6.0,0.0
92.082,19,307040.0,600.0,107.0,949.0,468.0,0.0,1.0,0.0,0.0,0.5,0.03,0.671,0.378,0.506,0.047,0.669,0.395,0.0,0.0,-1.73,-5.32,60.06,60.08,0.0,0.0,0.0,0.0,0.0,0.0,0.0,1.0,1.0,0.3,-0.0,-0.4,0.0,0.0,0.0,0.0,0.0,0.0,0.0,0.0,0.0,170.0,145.0,170.0,170.0,14.0,8.0,47.0,79.0,15.0,6.0,0.0
92.181,101,307141.0,600.0,107.0,949.0,467.0,0.0,1.0,0.0,0.0,0.5,0.03,0.694,0.378,0.506,0.048,0.696,0.395,0.0,0.0,-1.72,-5.32,60.06,60.08,0.0,0.0,0.0,0.0,0.0,0.0,0.0,1.0,1.0,0.2,-0.0,-0.3,0.0,0.0,0.0,0.0,0.0,0.0,0.0,0.0,0.0,170.0,145.0,170.0,170.0,14.0,8.0,47.0,79.0,15.0,6.0,1.0
92.249,71,307212.0,600.0,105.0,949.0,467.0,0.0,1.0,0.0,0.0,0.5,0.03,0.694,0.378,0.506,0.048,0.696,0.395,0.0,0.0,-1.7,-5.33,60.06,60.08,0.0,0.0,0.0,0.0,0.0,0.0,0.0,1.0,1.0,0.2,-0.0,-0.2,0.0,0.0,0.0,0.0,0.0,0.0,0.0,0.0,0.0,170.0,145.0,170.0,170.0,14.0,8.0,47.0,79.0,15.0,6.0,0.0
92.346,100,307312.0,600.0,105.0,842.0,469.0,0.0,1.0,0.0,0.0,0.5,0.03,0.678,0.378,0.506,0.047,0.686,0.395,0.0,0.0,-1.68,-5.33,60.06,60.08,0.0,0.0,0.0,0.0,0.0,0.0,0.0,1.0,1.0,0.1,-0.0,-0.2,0.0,0.0,0.0,0.0,0.0,0.0,0.0,0.0,0.0,170.0,145.0,170.0,170.0,14.0,8.0,47.0,79.0,15.0,6.0,1.0
92.413,71,307383.0,600.0,108.0,842.0,469.0,0.0,1.0,0.0,0.0,0.5,0.03,0.678,0.378,0.506,0.047,0.686,0.395,0.0,0.0,-1.66,-5.34,60.06,60.08,0.0,0.0,0.0,0.0,0.0,0.0,0.0,1.0,1.0,0.1,-0.0,-0.1,0.0,0.0,0.0,0.0,0.0,0.0,0.0,0.0,0.0,170.0,145.0,170.0,170.0,14.0,8.0,47.0,79.0,15.0,6.0,0.0
92.51,101,307484.0,600.0,108.0,842.0,473.0,0.0,1.0,0.0,0.0,0.5,0.031,0.67,0.381,0.506,0.048,0.677,0.398,0.0,0.0,-1.64,-5.34,60.06,60.08,0.0,0.0,0.0,0.0,0.0,0.0,0.0,1.0,1.0,0.1,-0.0,-0.1,0.0,0.0,0.0,0.0,0.0,0.0,0.0,0.0,0.0,170.0,145.0,170.0,170.0,14.0,8.0,47.0,79.0,15.0,6.0,1.0
92.584,51,307535.0,600.0,108.0,842.0,473.0,0.0,1.0,0.0,0.0,0.5,0.031,0.67,0.381,0.506,0.048,0.677,0.398,0.0,0.0,-1.64,-5.34,60.06,60.08,0.0,0.0,0.0,0.0,0.0,0.0,0.0,1.0,1.0,0.1,-0.0,-0.1,0.0,0.0,0.0,0.0,0.0,0.0,0.0,0.0,0.0,170.0,145.0,170.0,170.0,14.0,8.0,47.0,79.0,15.0,6.0,1.0
92.616,20,307555.0,600.0,107.0,842.0,473.0,0.0,1.0,0.0,0.0,0.5,0.031,0.67,0.381,0.506,0.048,0.677,0.398,0.0,0.0,-1.63,-5.34,60.06,60.08,0.0,0.0,0.0,0.0,0.0,0.0,0.0,1.0,1.0,0.1,-0.0,-0.1,0.0,0.0,0.0,0.0,0.0,0.0,0.0,0.0,0.0,170.0,145.0,170.0,170.0,14.0,8.0,47.0,79.0,15.0,6.0,0.0
92.679,100,307655.0,600.0,107.0,720.0,476.0,0.0,1.0,0.0,0.0,0.5,0.031,0.627,0.383,0.506,0.047,0.64,0.4,0.0,0.0,-1.61,-5.33,60.06,60.08,0.0,0.0,0.0,0.0,0.0,0.0,0.0,1.0,1.0,0.1,-0.0,-0.1,0.0,0.0,0.0,0.0,0.0,0.0,0.0,0.0,0.0,170.0,145.0,170.0,170.0,14.0,8.0,47.0,79.0,15.0,6.0,0.0
92.746,52,307707.0,600.0,107.0,720.0,476.0,0.0,1.0,0.0,0.0,0.5,0.031,0.627,0.383,0.506,0.047,0.64,0.4,0.0,0.0,-1.61,-5.33,60.05,60.08,0.0,0.0,0.0,0.0,0.0,0.0,0.0,1.0,1.0,0.1,-0.0,-0.1,0.0,0.0,0.0,0.0,0.0,0.0,0.0,0.0,0.0,170.0,145.0,170.0,170.0,14.0,8.0,47.0,79.0,15.0,6.0,0.0
92.78,19,307726.0,600.0,107.0,720.0,476.0,0.0,1.0,0.0,0.0,0.5,0.031,0.627,0.383,0.506,0.047,0.64,0.4,0.0,0.0,-1.59,-5.33,60.05,60.08,0.0,0.0,0.0,0.0,0.0,0.0,0.0,1.0,1.0,0.1,-0.0,-0.1,0.0,0.0,0.0,0.0,0.0,0.0,0.0,0.0,0.0,170.0,145.0,170.0,170.0,14.0,8.0,47.0,79.0,15.0,6.0,0.0
92.876,99,307825.0,600.0,107.0,600.0,478.0,0.0,1.0,0.0,0.0,0.5,0.031,0.559,0.386,0.506,0.046,0.576,0.401,0.0,0.0,-1.58,-5.34,60.05,60.08,0.0,0.0,0.0,0.0,0.0,0.0,0.0,1.0,1.0,0.0,-0.0,-0.0,-0.0,0.0,0.0,0.0,0.0,0.0,0.0,0.0,0.0,170.0,145.0,170.0,170.0,14.0,8.0,47.0,79.0,15.0,6.0,1.0
92.907,52,307877.0,600.0,107.0,600.0,478.0,0.0,1.0,0.0,0.0,0.5,0.031,0.559,0.386,0.506,0.046,0.576,0.401,0.0,0.0,-1.58,-5.34,60.05,60.08,0.0,0.0,0.0,0.0,0.0,0.0,0.0,1.0,1.0,0.0,-0.0,-0.0,-0.0,0.0,0.0,0.0,0.0,0.0,0.0,0.0,0.0,170.0,145.0,170.0,170.0,14.0,8.0,47.0,79.0,15.0,6.0,0.0
92.94,19,307896.0,600.0,104.0,600.0,478.0,0.0,1.0,0.0,0.0,0.5,0.031,0.559,0.386,0.506,0.046,0.576,0.401,0.0,0.0,-1.58,-5.34,60.05,60.08,0.0,0.0,0.0,0.0,0.0,0.0,0.0,1.0,1.0,0.0,-0.0,-0.0,-0.0,0.0,0.0,0.0,0.0,0.0,0.0,0.0,0.0,170.0,145.0,170.0,170.0,14.0,8.0,47.0,79.0,15.0,6.0,0.0
93.043,102,307998.0,600.0,104.0,600.0,480.0,0.0,1.0,0.0,0.0,0.5,0.03,0.527,0.389,0.506,0.045,0.539,0.403,0.0,0.0,-1.57,-5.33,60.05,60.08,0.0,0.0,0.0,0.0,0.0,0.0,0.0,1.0,1.0,0.0,-0.0,-0.0,-0.0,0.0,0.0,0.0,0.0,0.0,0.0,0.0,0.0,170.0,145.0,170.0,170.0,14.0,8.0,47.0,79.0,15.0,6.0,0.0
93.091,52,308050.0,600.0,104.0,600.0,480.0,0.0,1.0,0.0,0.0,0.5,0.03,0.527,0.389,0.506,0.045,0.539,0.403,0.0,0.0,-1.57,-5.33,60.05,60.08,0.0,0.0,0.0,0.0,0.0,0.0,0.0,1.0,1.0,0.0,-0.0,-0.0,-0.0,0.0,0.0,0.0,0.0,0.0,0.0,0.0,0.0,170.0,145.0,170.0,170.0,14.0,8.0,47.0,79.0,15.0,6.0,1.0
93.123,19,308069.0,600.0,105.0,600.0,480.0,0.0,1.0,0.0,0.0,0.5,0.03,0.527,0.389,0.506,0.045,0.539,0.403,0.0,0.0,-1.56,-5.34,60.05,60.08,0.0,0.0,0.0,0.0,0.0,0.0,0.0,1.0,1.0,0.0,-0.0,-0.0,-0.0,0.0,0.0,0.0,0.0,0.0,0.0,0.0,0.0,170.0,145.0,170.0,170.0,14.0,8.0,47.0,79.0,15.0,6.0,0.0
93.22,103,308172.0,600.0,105.0,600.0,478.0,0.0,1.0,0.0,0.0,0.5,0.03,0.513,0.389,0.506,0.045,0.521,0.403,0.0,0.0,-1.56,-5.34,60.05,60.08,0.0,0.0,0.0,0.0,0.0,0.0,0.0,1.0,1.0,0.0,-0.0,-0.0,-0.0,0.0,0.0,0.0,0.0,0.0,0.0,0.0,0.0,170.0,145.0,170.0,170.0,14.0,8.0,47.0,79.0,15.0,6.0,1.0
93.252,52,308224.0,600.0,105.0,600.0,478.0,0.0,1.0,0.0,0.0,0.5,0.03,0.513,0.389,0.506,0.045,0.521,0.403,0.0,0.0,-1.56,-5.34,60.05,60.08,0.0,0.0,0.0,0.0,0.0,0.0,0.0,1.0,1.0,0.0,-0.0,-0.0,-0.0,0.0,0.0,0.0,0.0,0.0,0.0,0.0,0.0,170.0,145.0,170.0,170.0,14.0,8.0,47.0,79.0,15.0,6.0,0.0
93.284,19,308243.0,600.0,102.0,600.0,478.0,0.0,1.0,0.0,0.0,0.5,0.03,0.513,0.389,0.506,0.045,0.521,0.403,0.0,0.0,-1.55,-5.34,60.05,60.08,0.0,0.0,0.0,0.0,0.0,0.0,0.0,1.0,1.0,0.0,-0.0,-0.0,-0.0,0.0,0.0,0.0,0.0,0.0,0.0,0.0,0.0,170.0,145.0,170.0,170.0,14.0,8.0,47.0,79.0,15.0,6.0,0.0
93.381,101,308344.0,600.0,102.0,600.0,475.0,0.0,1.0,0.0,0.0,0.5,0.029,0.506,0.387,0.506,0.044,0.513,0.402,0.0,0.0,-1.55,-5.34,60.05,60.08,0.0,0.0,0.0,0.0,0.0,0.0,0.0,1.0,1.0,0.0,-0.0,-0.0,-0.4,0.0,0.0,0.0,0.0,0.0,0.0,0.0,0.0,170.0,145.0,170.0,170.0,14.0,8.0,47.0,79.0,15.0,6.0,0.0
93.446,72,308416.0,600.0,103.0,600.0,475.0,0.0,1.0,0.0,0.0,0.5,0.029,0.506,0.387,0.506,0.044,0.513,0.402,0.0,0.0,-1.55,-5.34,60.05,60.08,0.0,0.0,0.0,0.0,0.0,0.0,0.0,1.0,1.0,0.0,-0.0,-0.0,-0.4,0.0,0.0,0.0,0.0,0.0,0.0,0.0,0.0,170.0,145.0,170.0,170.0,14.0,8.0,47.0,79.0,15.0,6.0,0.0
93.544,100,308516.0,600.0,103.0,600.0,475.0,0.0,1.0,0.0,0.0,0.5,0.029,0.503,0.386,0.506,0.044,0.509,0.401,0.0,0.0,-1.55,-5.34,60.05,60.08,0.0,0.0,0.0,0.0,0.0,0.0,0.0,1.0,1.0,0.0,-0.0,-0.0,-0.3,0.0,0.0,0.0,0.0,0.0,0.0,0.0,0.0,170.0,145.0,170.0,170.0,14.0,8.0,47.0,79.0,15.0,6.0,1.0
93.609,52,308568.0,600.0,103.0,600.0,475.0,0.0,1.0,0.0,0.0,0.5,0.029,0.503,0.386,0.506,0.044,0.509,0.401,0.0,0.0,-1.55,-5.34,60.05,60.08,0.0,0.0,0.0,0.0,0.0,0.0,0.0,1.0,1.0,0.0,-0.0,-0.0,-0.3,0.0,0.0,0.0,0.0,0.0,0.0,0.0,0.0,170.0,145.0,170.0,170.0,14.0,8.0,47.0,79.0,15.0,6.0,0.0
93.641,20,308588.0,600.0,104.0,600.0,475.0,0.0,1.0,0.0,0.0,0.5,0.029,0.503,0.386,0.506,0.044,0.509,0.401,0.0,0.0,-1.54,-5.34,60.05,60.08,0.0,0.0,0.0,0.0,0.0,0.0,0.0,1.0,1.0,0.0,-0.0,-0.0,-0.3,0.0,0.0,0.0,0.0,0.0,0.0,0.0,0.0,170.0,145.0,170.0,170.0,14.0,8.0,47.0,79.0,15.0,6.0,1.0
93.736,101,308689.0,600.0,104.0,600.0,475.0,0.0,1.0,0.0,0.0,0.5,0.029,0.501,0.386,0.506,0.044,0.508,0.401,0.0,0.0,-1.54,-5.34,60.05,60.08,0.0,0.0,0.0,0.0,0.0,0.0,0.0,1.0,1.0,0.0,-0.0,-0.0,-0.2,0.0,0.0,0.0,0.0,0.0,0.0,0.0,0.0,170.0,145.0,170.0,170.0,14.0,8.0,47.0,79.0,15.0,6.0,0.0
93.779,52,308741.0,600.0,104.0,600.0,475.0,0.0,1.0,0.0,0.0,0.5,0.029,0.501,0.386,0.506,0.044,0.508,0.401,0.0,0.0,-1.54,-5.34,60.05,60.08,0.0,0.0,0.0,0.0,0.0,0.0,0.0,1.0,1.0,0.0,-0.0,-0.0,-0.2,0.0,0.0,0.0,0.0,0.0,0.0,0.0,0.0,170.0,145.0,170.0,170.0,14.0,8.0,47.0,79.0,15.0,6.0,0.0
93.812,19,308760.0,600.0,104.0,600.0,475.0,0.0,1.0,0.0,0.0,0.5,0.029,0.501,0.386,0.506,0.044,0.508,0.401,0.0,0.0,-1.54,-5.33,60.05,60.08,0.0,0.0,0.0,0.0,0.0,0.0,0.0,1.0,1.0,0.0,-0.0,-0.0,-0.2,0.0,0.0,0.0,0.0,0.0,0.0,0.0,0.0,170.0,145.0,170.0,170.0,14.0,8.0,47.0,79.0,15.0,6.0,0.0
93.91,103,308863.0,600.0,104.0,693.0,475.0,0.0,1.0,0.0,0.0,0.5,0.029,0.539,0.386,0.506,0.044,0.539,0.401,0.0,0.0,-1.54,-5.33,60.05,60.08,0.0,0.0,0.0,0.0,0.0,0.0,0.0,1.0,1.0,0.0,-0.0,-0.0,-0.1,0.0,0.0,0.0,0.0,0.0,0.0,0.0,0.0,170.0,145.0,170.0,170.0,14.0,8.0,47.0,79.0,15.0,6.0,0.0
93.943,52,308915.0,600.0,104.0,693.0,475.0,0.0,1.0,0.0,0.0,0.5,0.029,0.539,0.386,0.506,0.044,0.539,0.401,0.0,0.0,-1.53,-5.34,60.05,60.08,0.0,0.0,0.0,0.0,0.0,0.0,0.0,1.0,1.0,0.0,-0.0,-0.0,-0.1,0.0,0.0,0.0,0.0,0.0,0.0,0.0,0.0,170.0,145.0,170.0,170.0,14.0,8.0,47.0,79.0,15.0,6.0,0.0
93.976,19,308934.0,600.0,103.0,693.0,475.0,0.0,1.0,0.0,0.0,0.5,0.029,0.539,0.386,0.506,0.044,0.539,0.401,0.0,0.0,-1.53,-5.34,60.05,60.08,0.0,0.0,0.0,0.0,0.0,0.0,0.0,1.0,1.0,0.0,-0.0,-0.0,-0.1,0.0,0.0,0.0,0.0,0.0,0.0,0.0,0.0,170.0,145.0,170.0,170.0,14.0,8.0,47.0,79.0,15.0,6.0,0.0
94.072,100,309034.0,600.0,103.0,794.0,475.0,0.0,1.0,0.0,0.0,0.5,0.029,0.591,0.385,0.506,0.045,0.589,0.401,0.0,0.0,-1.53,-5.34,60.05,60.08,0.0,0.0,0.0,0.0,0.0,0.0,0.0,1.0,1.0,0.0,-0.0,-0.0,-0.1,0.0,0.0,0.0,0.0,0.0,0.0,0.0,0.0,170.0,145.0,170.0,170.0,14.0,8.0,47.0,79.0,15.0,6.0,1.0
94.135,71,309105.0,600.0,105.0,794.0,475.0,0.0,1.0,0.0,0.0,0.5,0.029,0.591,0.385,0.506,0.045,0.589,0.401,0.0,0.0,-1.53,-5.34,60.04,60.08,0.0,0.0,0.0,0.0,0.0,0.0,0.0,1.0,1.0,0.0,-0.0,-0.0,-0.1,0.0,0.0,0.0,0.0,0.0,0.0,0.0,0.0,170.0,145.0,170.0,170.0,14.0,8.0,47.0,79.0,15.0,6.0,0.0
94.233,100,309205.0,600.0,105.0,794.0,478.0,0.0,1.0,0.0,0.0,0.5,0.029,0.616,0.387,0.506,0.045,0.618,0.403,0.0,0.0,-1.53,-5.34,60.04,60.08,0.0,0.0,0.0,0.0,0.0,0.0,0.0,1.0,1.0,0.0,-0.0,-0.0,-0.0,0.0,0.0,0.0,0.0,0.0,0.0,0.0,0.0,170.0,145.0,170.0,170.0,14.0,8.0,47.0,79.0,15.0,6.0,0.0
94.299,52,309257.0,600.0,105.0,794.0,478.0,0.0,1.0,0.0,0.0,0.5,0.029,0.616,0.387,0.506,0.045,0.618,0.403,0.0,0.0,-1.53,-5.34,60.04,60.08,0.0,0.0,0.0,0.0,0.0,0.0,0.0,1.0,1.0,0.0,-0.0,-0.0,-0.0,0.0,0.0,0.0,0.0,0.0,0.0,0.0,0.0,170.0,145.0,170.0,170.0,14.0,8.0,47.0,79.0,15.0,6.0,0.0
94.331,20,309277.0,600.0,104.0,794.0,478.0,0.0,1.0,0.0,0.0,0.5,0.029,0.616,0.387,0.506,0.045,0.618,0.403,0.0,0.0,-1.52,-5.34,60.04,60.08,0.0,0.0,0.0,0.0,0.0,0.0,0.0,1.0,1.0,0.0,-0.0,-0.0,-0.0,0.0,0.0,0.0,0.0,0.0,0.0,0.0,0.0,170.0,145.0,170.0,170.0,14.0,8.0,47.0,79.0,15.0,6.0,0.0
94.4,99,309376.0,600.0,104.0,794.0,478.0,0.0,1.0,0.0,0.0,0.5,0.029,0.627,0.388,0.506,0.046,0.631,0.404,0.0,0.0,-1.52,-5.34,60.04,60.08,0.0,0.0,0.0,0.0,0.0,0.0,0.0,1.0,1.0,0.0,-0.0,-0.0,-0.0,0.0,0.0,0.0,0.0,0.0,0.0,0.0,0.0,170.0,145.0,170.0,170.0,14.0,8.0,47.0,79.0,15.0,6.0,1.0
94.466,52,309428.0,600.0,104.0,794.0,478.0,0.0,1.0,0.0,0.0,0.5,0.029,0.627,0.388,0.506,0.046,0.631,0.404,0.0,0.0,-1.51,-5.34,60.04,60.08,0.0,0.0,0.0,0.0,0.0,0.0,0.0,1.0,1.0,0.0,-0.0,-0.0,-0.0,0.0,0.0,0.0,0.0,0.0,0.0,0.0,0.0,170.0,145.0,170.0,170.0,14.0,8.0,47.0,79.0,15.0,6.0,0.0
94.499,19,309447.0,600.0,104.0,794.0,478.0,0.0,1.0,0.0,0.0,0.5,0.029,0.627,0.388,0.506,0.046,0.631,0.404,0.0,0.0,-1.5,-5.34,60.04,60.08,0.0,0.0,0.0,0.0,0.0,0.0,0.0,1.0,1.0,0.0,-0.0,-0.0,-0.0,0.0,0.0,0.0,0.0,0.0,0.0,0.0,0.0,170.0,145.0,170.0,170.0,14.0,8.0,47.0,79.0,15.0,6.0,0.0
94.603,101,309548.0,600.0,104.0,794.0,478.0,0.0,1.0,0.0,0.0,0.5,0.029,0.632,0.388,0.506,0.046,0.637,0.404,0.0,0.0,-1.5,-5.34,60.04,60.08,0.0,0.0,0.0,0.0,0.0,0.0,0.0,1.0,1.0,0.0,-0.0,-0.0,-0.0,0.0,0.0,0.0,0.0,0.0,0.0,0.0,0.0,170.0,145.0,170.0,170.0,14.0,8.0,47.0,79.0,15.0,6.0,0.0
94.636,52,309600.0,600.0,104.0,794.0,478.0,0.0,1.0,0.0,0.0,0.5,0.029,0.632,0.388,0.506,0.046,0.637,0.404,0.0,0.0,-1.5,-5.34,60.04,60.08,0.0,0.0,0.0,0.0,0.0,0.0,0.0,1.0,1.0,0.0,-0.0,-0.0,-0.0,0.0,0.0,0.0,0.0,0.0,0.0,0.0,0.0,170.0,145.0,170.0,170.0,14.0,8.0,47.0,79.0,15.0,6.0,0.0
94.668,19,309619.0,600.0,105.0,794.0,478.0,0.0,1.0,0.0,0.0,0.5,0.029,0.632,0.388,0.506,0.046,0.637,0.404,0.0,0.0,-1.5,-5.33,60.04,60.08,0.0,0.0,0.0,0.0,0.0,0.0,0.0,1.0,1.0,0.0,-0.0,-0.0,-0.0,0.0,0.0,0.0,0.0,0.0,0.0,0.0,0.0,170.0,145.0,170.0,170.0,14.0,8.0,47.0,79.0,15.0,6.0,0.0
94.767,103,309722.0,600.0,105.0,702.0,475.0,0.0,1.0,0.0,0.0,0.5,0.03,0.603,0.387,0.506,0.046,0.614,0.403,0.0,0.0,-1.5,-5.34,60.04,60.08,0.0,0.0,0.0,0.0,0.0,0.0,0.0,1.0,1.0,0.0,-0.0,-0.0,-0.0,0.0,0.0,0.0,0.0,0.0,0.0,0.0,0.0,170.0,145.0,170.0,170.0,14.0,8.0,47.0,79.0,15.0,6.0,1.0
94.8,52,309774.0,600.0,105.0,702.0,475.0,0.0,1.0,0.0,0.0,0.5,0.03,0.603,0.387,0.506,0.046,0.614,0.403,0.0,0.0,-1.5,-5.34,60.04,60.08,0.0,0.0,0.0,0.0,0.0,0.0,0.0,1.0,1.0,0.0,-0.0,-0.0,-0.0,0.0,0.0,0.0,0.0,0.0,0.0,0.0,0.0,170.0,145.0,170.0,170.0,14.0,8.0,47.0,79.0,15.0,6.0,0.0
94.833,19,309793.0,600.0,107.0,702.0,475.0,0.0,1.0,0.0,0.0,0.5,0.03,0.603,0.387,0.506,0.046,0.614,0.403,0.0,0.0,-1.5,-5.34,60.04,60.08,0.0,0.0,0.0,0.0,0.0,0.0,0.0,1.0,1.0,0.0,-0.0,-0.0,-0.0,0.0,0.0,0.0,0.0,0.0,0.0,0.0,0.0,170.0,145.0,170.0,170.0,14.0,8.0,47.0,79.0,15.0,6.0,0.0
94.93,102,309895.0,600.0,107.0,600.0,475.0,0.0,1.0,0.0,0.0,0.5,0.03,0.548,0.386,0.506,0.046,0.563,0.402,0.0,0.0,-1.5,-5.34,60.04,60.08,0.0,0.0,0.0,0.0,0.0,0.0,0.0,1.0,1.0,0.0,-0.0,-0.0,0.0,0.0,0.0,0.0,0.0,0.0,0.0,0.0,0.0,170.0,145.0,170.0,170.0,14.0,8.0,47.0,79.0,15.0,6.0,0.0
94.963,35,309930.0,600.0,107.0,600.0,475.0,0.0,1.0,0.0,0.0,0.5,0.03,0.548,0.386,0.506,0.046,0.563,0.402,0.0,0.0,-1.5,-5.34,60.04,60.08,0.0,0.0,0.0,0.0,0.0,0.0,0.0,1.0,1.0,0.0,-0.0,-0.0,0.0,0.0,0.0,0.0,0.0,0.0,0.0,0.0,0.0,170.0,145.0,170.0,170.0,14.0,8.0,47.0,79.0,15.0,6.0,0.0
95.091,112,310042.0,600.0,104.0,600.0,473.0,0.0,1.0,0.0,0.0,0.5,0.03,0.522,0.385,0.506,0.045,0.533,0.4,0.0,0.0,-1.51,-5.35,60.04,60.08,0.0,0.0,0.0,0.0,0.0,0.0,0.0,1.0,1.0,0.0,-0.0,-0.0,0.0,0.0,0.0,0.0,0.0,0.0,0.0,0.0,0.0,170.0,145.0,170.0,170.0,14.0,8.0,47.0,79.0,15.0,6.0,0.0
95.123,51,310093.0,600.0,104.0,600.0,473.0,0.0,1.0,0.0,0.0,0.5,0.03,0.522,0.385,0.506,0.045,0.533,0.4,0.0,0.0,-1.51,-5.35,60.04,60.08,0.0,0.0,0.0,0.0,0.0,0.0,0.0,1.0,1.0,0.0,-0.0,-0.0,0.0,0.0,0.0,0.0,0.0,0.0,0.0,0.0,0.0,170.0,145.0,170.0,170.0,14.0,8.0,47.0,79.0,15.0,6.0,0.0
95.158,20,310113.0,600.0,103.0,600.0,473.0,0.0,1.0,0.0,0.0,0.5,0.03,0.522,0.385,0.506,0.045,0.533,0.4,0.0,0.0,-1.51,-5.35,60.04,60.08,0.0,0.0,0.0,0.0,0.0,0.0,0.0,1.0,1.0,0.0,-0.0,-0.0,0.0,0.0,0.0,0.0,0.0,0.0,0.0,0.0,0.0,170.0,145.0,170.0,170.0,14.0,8.0,47.0,79.0,15.0,6.0,0.0
95.257,100,310213.0,600.0,103.0,721.0,470.0,0.0,1.0,0.0,0.0,0.5,0.029,0.559,0.382,0.506,0.045,0.559,0.398,0.0,0.0,-1.51,-5.35,60.04,60.08,0.0,0.0,0.0,0.0,0.0,0.0,0.0,1.0,1.0,0.0,-0.0,-0.0,0.0,0.0,0.0,0.0,0.0,0.0,0.0,0.0,0.0,170.0,145.0,170.0,170.0,14.0,8.0,47.0,79.0,15.0,6.0,1.0
95.289,52,310265.0,600.0,103.0,721.0,470.0,0.0,1.0,0.0,0.0,0.5,0.029,0.559,0.382,0.506,0.045,0.559,0.398,0.0,0.0,-1.51,-5.35,60.04,60.08,0.0,0.0,0.0,0.0,0.0,0.0,0.0,1.0,1.0,0.0,-0.0,-0.0,0.0,0.0,0.0,0.0,0.0,0.0,0.0,0.0,0.0,170.0,145.0,170.0,170.0,14.0,8.0,47.0,79.0,15.0,6.0,0.0
95.321,19,310284.0,600.0,103.0,721.0,470.0,0.0,1.0,0.0,0.0,0.5,0.029,0.559,0.382,0.506,0.045,0.559,0.398,0.0,0.0,-1.51,-5.35,60.04,60.08,0.0,0.0,0.0,0.0,0.0,0.0,0.0,1.0,1.0,0.0,-0.0,-0.0,0.0,0.0,0.0,0.0,0.0,0.0,0.0,0.0,0.0,170.0,145.0,170.0,170.0,14.0,8.0,47.0,79.0,15.0,6.0,0.0
95.423,100,310384.0,600.0,103.0,821.0,471.0,0.0,1.0,0.0,0.0,0.5,0.029,0.609,0.382,0.506,0.045,0.607,0.398,0.0,0.0,-1.51,-5.35,60.04,60.08,0.0,0.0,0.0,0.0,0.0,0.0,0.0,1.0,1.0,0.0,-0.0,-0.0,0.0,0.0,0.0,0.0,0.0,0.0,0.0,0.0,0.0,170.0,145.0,170.0,170.0,14.0,8.0,47.0,79.0,15.0,6.0,0.0
95.487,71,310455.0,600.0,102.0,821.0,471.0,0.0,1.0,0.0,0.0,0.5,0.029,0.609,0.382,0.506,0.045,0.607,0.398,0.0,0.0,-1.51,-5.35,60.04,60.08,0.0,0.0,0.0,0.0,0.0,0.0,0.0,1.0,1.0,0.0,-0.0,-0.0,0.0,0.0,0.0,0.0,0.0,0.0,0.0,0.0,0.0,170.0,145.0,170.0,170.0,14.0,8.0,47.0,79.0,15.0,6.0,0.0
95.583,100,310555.0,600.0,102.0,821.0,472.0,0.0,1.0,0.0,0.0,0.5,0.028,0.632,0.382,0.506,0.045,0.634,0.398,0.0,0.0,-1.5,-5.34,60.04,60.08,0.0,0.0,0.0,0.0,0.0,0.0,0.0,1.0,1.0,0.0,-0.0,-0.0,0.0,0.0,0.0,0.0,0.0,0.0,0.0,0.0,0.0,170.0,145.0,170.0,170.0,14.0,8.0,47.0,79.0,15.0,6.0,1.0
95.649,52,310607.0,600.0,102.0,821.0,472.0,0.0,1.0,0.0,0.0,0.5,0.028,0.632,0.382,0.506,0.045,0.634,0.398,0.0,0.0,-1.51,-5.35,60.04,60.08,0.0,0.0,0.0,0.0,0.0,0.0,0.0,1.0,1.0,0.0,-0.0,-0.0,0.0,0.0,0.0,0.0,0.0,0.0,0.0,0.0,0.0,170.0,145.0,170.0,170.0,14.0,8.0,47.0,79.0,15.0,6.0,0.0
95.682,20,310627.0,600.0,102.0,821.0,472.0,0.0,1.0,0.0,0.0,0.5,0.028,0.632,0.382,0.506,0.045,0.634,0.398,0.0,0.0,-1.51,-5.34,60.04,60.08,0.0,0.0,0.0,0.0,0.0,0.0,0.0,1.0,1.0,0.0,-0.0,-0.0,0.0,0.0,0.0,0.0,0.0,0.0,0.0,0.0,0.0,170.0,145.0,170.0,170.0,14.0,8.0,47.0,79.0,15.0,6.0,0.0
95.781,99,310726.0,600.0,102.0,821.0,473.0,0.0,1.0,0.0,0.0,0.5,0.028,0.643,0.383,0.506,0.045,0.647,0.399,0.0,0.0,-1.51,-5.34,60.04,60.08,0.0,0.0,0.0,0.0,0.0,0.0,0.0,1.0,1.0,0.0,-0.0,-0.0,0.0,0.0,0.0,0.0,0.0,0.0,0.0,0.0,0.0,170.0,145.0,170.0,170.0,14.0,8.0,47.0,79.0,15.0,6.0,0.0
95.814,52,310778.0,600.0,102.0,821.0,473.0,0.0,1.0,0.0,0.0,0.5,0.028,0.643,0.383,0.506,0.045,0.647,0.399,0.0,0.0,-1.5,-5.33,60.04,60.08,0.0,0.0,0.0,0.0,0.0,0.0,0.0,1.0,1.0,0.0,-0.0,-0.0,0.0,0.0,0.0,0.0,0.0,0.0,0.0,0.0,0.0,170.0,145.0,170.0,170.0,14.0,8.0,47.0,79.0,15.0,6.0,0.0
95.847,19,310797.0,600.0,104.0,821.0,473.0,0.0,1.0,0.0,0.0,0.5,0.028,0.643,0.383,0.506,0.045,0.647,0.399,0.0,0.0,-1.5,-5.33,60.04,60.08,0.0,0.0,0.0,0.0,0.0,0.0,0.0,1.0,1.0,0.0,-0.0,-0.0,0.0,0.0,0.0,0.0,0.0,0.0,0.0,0.0,0.0,170.0,145.0,170.0,170.0,14.0,8.0,47.0,79.0,15.0,6.0,0.0
95.942,101,310898.0,600.0,104.0,927.0,478.0,0.0,1.0,0.0,0.0,0.5,0.029,0.676,0.386,0.506,0.046,0.677,0.402,0.0,0.0,-1.5,-5.33,60.04,60.08,0.0,0.0,0.0,0.0,0.0,0.0,0.0,1.0,1.0,0.0,-0.0,-0.0,0.0,0.0,0.0,0.0,0.0,0.0,0.0,0.0,0.0,170.0,145.0,170.0,170.0,14.0,8.0,47.0,79.0,15.0,6.0,0.0
95.976,52,310950.0,600.0,104.0,927.0,478.0,0.0,1.0,0.0,0.0,0.5,0.029,0.676,0.386,0.506,0.046,0.677,0.402,0.0,0.0,-1.5,-5.32,60.04,60.08,0.0,0.0,0.0,0.0,0.0,0.0,0.0,1.0,1.0,0.0,-0.0,-0.0,0.0,0.0,0.0,0.0,0.0,0.0,0.0,0.0,0.0,170.0,145.0,170.0,170.0,14.0,8.0,47.0,79.0,15.0,6.0,1.0
96.009,20,310970.0,600.0,103.0,927.0,478.0,0.0,1.0,0.0,0.0,0.5,0.029,0.676,0.386,0.506,0.046,0.677,0.402,0.0,0.0,-1.5,-5.32,60.04,60.08,0.0,0.0,0.0,0.0,0.0,0.0,0.0,1.0,1.0,0.0,-0.0,-0.0,0.0,0.0,0.0,0.0,0.0,0.0,0.0,0.0,0.0,170.0,145.0,170.0,170.0,14.0,8.0,47.0,79.0,15.0,6.0,0.0
96.106,101,311071.0,600.0,103.0,806.0,479.0,0.0,1.0,0.0,0.0,0.5,0.029,0.659,0.388,0.506,0.046,0.667,0.404,0.0,0.0,-1.5,-5.32,60.04,60.08,0.0,0.0,0.0,0.0,0.0,0.0,0.0,1.0,1.0,0.0,-0.0,-0.0,0.0,0.0,0.0,0.0,0.0,0.0,0.0,0.0,0.0,170.0,145.0,170.0,170.0,14.0,8.0,47.0,79.0,15.0,6.0,0.0
96.173,71,311142.0,600.0,104.0,806.0,479.0,0.0,1.0,0.0,0.0,0.5,0.029,0.659,0.388,0.506,0.046,0.667,0.404,0.0,0.0,-1.5,-5.32,60.04,60.08,0.0,0.0,0.0,0.0,0.0,0.0,0.0,1.0,1.0,0.0,-0.0,-0.0,0.0,0.0,0.0,0.0,0.0,0.0,0.0,0.0,0.0,170.0,145.0,170.0,170.0,14.0,8.0,47.0,79.0,15.0,6.0,0.0
96.269,95,311237.0,600.0,104.0,706.0,479.0,0.0,1.0,0.0,0.0,0.5,0.029,0.617,0.388,0.506,0.045,0.63,0.405,0.0,0.0,-1.5,-5.32,60.04,60.08,0.0,0.0,0.0,0.0,0.0,0.0,0.0,1.0,1.0,0.0,-0.0,-0.0,0.0,0.0,0.0,0.0,0.0,0.0,0.0,0.0,0.0,170.0,145.0,170.0,170.0,14.0,8.0,47.0,79.0,15.0,6.0,0.0
96.3,35,311272.0,600.0,104.0,706.0,479.0,0.0,1.0,0.0,0.0,0.5,0.029,0.617,0.388,0.506,0.045,0.63,0.405,0.0,0.0,-1.5,-5.32,60.04,60.08,0.0,0.0,0.0,0.0,0.0,0.0,0.0,1.0,1.0,0.0,-0.0,-0.0,0.0,0.0,0.0,0.0,0.0,0.0,0.0,0.0,0.0,170.0,145.0,170.0,170.0,14.0,8.0,47.0,79.0,15.0,6.0,0.0
96.435,111,311383.0,600.0,104.0,706.0,480.0,0.0,1.0,0.0,0.0,0.5,0.029,0.598,0.389,0.506,0.045,0.607,0.405,0.0,0.0,-1.5,-5.32,60.04,60.08,0.0,0.0,0.0,0.0,0.0,0.0,0.0,1.0,1.0,0.0,-0.0,-0.0,0.0,0.0,0.0,0.0,0.0,0.0,0.0,0.0,0.0,170.0,145.0,170.0,170.0,14.0,8.0,47.0,79.0,15.0,6.0,0.0
96.468,53,311436.0,600.0,104.0,706.0,480.0,0.0,1.0,0.0,0.0,0.5,0.029,0.598,0.389,0.506,0.045,0.607,0.405,0.0,0.0,-1.5,-5.32,60.04,60.08,0.0,0.0,0.0,0.0,0.0,0.0,0.0,1.0,1.0,0.0,-0.0,-0.0,0.0,0.0,0.0,0.0,0.0,0.0,0.0,0.0,0.0,170.0,145.0,170.0,170.0,14.0,8.0,47.0,79.0,15.0,6.0,0.0
96.5,19,311455.0,600.0,102.0,706.0,480.0,0.0,1.0,0.0,0.0,0.5,0.029,0.598,0.389,0.506,0.045,0.607,0.405,0.0,0.0,-1.51,-5.32,60.04,60.08,0.0,0.0,0.0,0.0,0.0,0.0,0.0,1.0,1.0,0.0,-0.0,-0.0,0.0,0.0,0.0,0.0,0.0,0.0,0.0,0.0,0.0,170.0,145.0,170.0,170.0,14.0,8.0,47.0,79.0,15.0,6.0,0.0
96.597,102,311557.0,600.0,102.0,706.0,481.0,0.0,1.0,0.0,0.0,0.5,0.029,0.589,0.39,0.506,0.045,0.596,0.406,0.0,0.0,-1.51,-5.32,60.04,60.08,0.0,0.0,0.0,0.0,0.0,0.0,0.0,1.0,1.0,0.0,-0.0,-0.0,0.0,0.0,0.0,0.0,0.0,0.0,0.0,0.0,0.0,170.0,145.0,170.0,170.0,14.0,8.0,47.0,79.0,15.0,6.0,0.0
96.66,73,311630.0,600.0,103.0,706.0,481.0,0.0,1.0,0.0,0.0,0.5,0.029,0.589,0.39,0.506,0.045,0.596,0.406,0.0,0.0,-1.51,-5.32,60.04,60.08,0.0,0.0,0.0,0.0,0.0,0.0,0.0,1.0,1.0,0.0,-0.0,-0.0,0.0,0.0,0.0,0.0,0.0,0.0,0.0,0.0,0.0,170.0,145.0,170.0,170.0,14.0,8.0,47.0,79.0,15.0,6.0,0.0
96.76,100,311730.0,600.0,103.0,600.0,476.0,0.0,1.0,0.0,0.0,0.5,0.029,0.541,0.388,0.506,0.044,0.555,0.404,0.0,0.0,-1.51,-5.32,60.04,60.08,0.0,0.0,0.0,0.0,0.0,0.0,0.0,1.0,1.0,0.0,-0.0,-0.0,0.0,0.0,0.0,0.0,0.0,0.0,0.0,0.0,0.0,170.0,145.0,170.0,170.0,14.0,8.0,47.0,79.0,15.0,6.0,0.0
96.827,72,311802.0,600.0,105.0,600.0,476.0,0.0,1.0,0.0,0.0,0.5,0.029,0.541,0.388,0.506,0.044,0.555,0.404,0.0,0.0,-1.51,-5.32,60.04,60.08,0.0,0.0,0.0,0.0,0.0,0.0,0.0,1.0,1.0,0.0,-0.0,-0.0,0.0,0.0,0.0,0.0,0.0,0.0,0.0,0.0,0.0,170.0,145.0,170.0,170.0,14.0,8.0,47.0,79.0,15.0,6.0,0.0
96.965,101,311903.0,600.0,105.0,707.0,475.0,0.0,1.0,0.0,0.0,0.5,0.029,0.563,0.387,0.506,0.045,0.566,0.402,0.0,0.0,-1.51,-5.32,60.04,60.08,0.0,0.0,0.0,0.0,0.0,0.0,0.0,1.0,1.0,0.0,-0.0,-0.0,0.0,0.0,0.0,0.0,0.0,0.0,0.0,0.0,0.0,170.0,145.0,170.0,170.0,14.0,8.0,47.0,79.0,15.0,6.0,0.0
96.999,71,311974.0,600.0,105.0,707.0,475.0,0.0,1.0,0.0,0.0,0.5,0.029,0.563,0.387,0.506,0.045,0.566,0.402,0.0,0.0,-1.51,-5.32,60.04,60.08,0.0,0.0,0.0,0.0,0.0,0.0,0.0,1.0,1.0,0.0,-0.0,-0.0,0.0,0.0,0.0,0.0,0.0,0.0,0.0,0.0,0.0,170.0,145.0,170.0,170.0,14.0,8.0,47.0,79.0,15.0,6.0,0.0
97.129,100,312074.0,600.0,105.0,707.0,472.0,0.0,1.0,0.0,0.0,0.5,0.03,0.573,0.384,0.506,0.045,0.577,0.4,0.0,0.0,-1.51,-5.32,60.04,60.08,0.0,0.0,0.0,0.0,0.0,0.0,0.0,1.0,1.0,0.0,-0.0,-0.0,0.0,0.0,0.0,0.0,0.0,0.0,0.0,0.0,0.0,170.0,145.0,170.0,170.0,14.0,8.0,47.0,79.0,15.0,6.0,0.0
97.17,71,312145.0,600.0,105.0,707.0,472.0,0.0,1.0,0.0,0.0,0.5,0.03,0.573,0.384,0.506,0.045,0.577,0.4,0.0,0.0,-1.51,-5.31,60.04,60.08,0.0,0.0,0.0,0.0,0.0,0.0,0.0,1.0,1.0,0.0,-0.0,-0.0,0.0,0.0,0.0,0.0,0.0,0.0,0.0,0.0,0.0,170.0,145.0,170.0,170.0,14.0,8.0,47.0,79.0,15.0,6.0,0.0
97.297,103,312248.0,600.0,105.0,707.0,473.0,0.0,1.0,0.0,0.0,0.5,0.03,0.577,0.384,0.506,0.045,0.583,0.4,0.0,0.0,-1.5,-5.32,60.04,60.08,0.0,0.0,0.0,0.0,0.0,0.0,0.0,1.0,1.0,0.0,-0.0,-0.0,0.0,0.0,0.0,0.0,0.0,0.0,0.0,0.0,0.0,170.0,145.0,170.0,170.0,14.0,8.0,47.0,79.0,15.0,6.0,1.0
97.33,52,312300.0,600.0,105.0,707.0,473.0,0.0,1.0,0.0,0.0,0.5,0.03,0.577,0.384,0.506,0.045,0.583,0.4,0.0,0.0,-1.5,-5.32,60.04,60.08,0.0,0.0,0.0,0.0,0.0,0.0,0.0,1.0,1.0,0.0,-0.0,-0.0,0.0,0.0,0.0,0.0,0.0,0.0,0.0,0.0,0.0,170.0,145.0,170.0,170.0,14.0,8.0,47.0,79.0,15.0,6.0,0.0
97.371,19,312319.0,600.0,104.0,707.0,473.0,0.0,1.0,0.0,0.0,0.5,0.03,0.577,0.384,0.506,0.045,0.583,0.4,0.0,0.0,-1.5,-5.32,60.04,60.08,0.0,0.0,0.0,0.0,0.0,0.0,0.0,1.0,1.0,0.0,-0.0,-0.0,0.0,0.0,0.0,0.0,0.0,0.0,0.0,0.0,0.0,170.0,145.0,170.0,170.0,14.0,8.0,47.0,79.0,15.0,6.0,0.0
97.468,101,312420.0,600.0,104.0,707.0,468.0,0.0,1.0,0.0,0.0,0.5,0.029,0.579,0.381,0.506,0.045,0.585,0.397,0.0,0.0,-1.5,-5.32,60.04,60.08,0.0,0.0,0.0,0.0,0.0,0.0,0.0,1.0,1.0,0.0,-0.0,-0.0,0.0,0.0,0.0,0.0,0.0,0.0,0.0,0.0,0.0,170.0,145.0,170.0,170.0,14.0,8.0,47.0,79.0,15.0,6.0,0.0
97.502,52,312472.0,600.0,104.0,707.0,468.0,0.0,1.0,0.0,0.0,0.5,0.029,0.579,0.381,0.506,0.045,0.585,0.397,0.0,0.0,-1.5,-5.32,60.04,60.08,0.0,0.0,0.0,0.0,0.0,0.0,0.0,1.0,1.0,0.0,-0.0,-0.0,0.0,0.0,0.0,0.0,0.0,0.0,0.0,0.0,0.0,170.0,145.0,170.0,170.0,14.0,8.0,47.0,79.0,15.0,6.0,0.0
97.534,20,312492.0,600.0,102.0,707.0,468.0,0.0,1.0,0.0,0.0,0.5,0.029,0.579,0.381,0.506,0.045,0.585,0.397,0.0,0.0,-1.5,-5.32,60.04,60.08,0.0,0.0,0.0,0.0,0.0,0.0,0.0,1.0,1.0,0.0,-0.0,-0.0,0.0,0.0,0.0,0.0,0.0,0.0,0.0,0.0,0.0,170.0,145.0,170.0,170.0,14.0,8.0,47.0,79.0,15.0,6.0,1.0
97.637,102,312594.0,600.0,102.0,707.0,471.0,0.0,1.0,0.0,0.0,0.5,0.029,0.58,0.381,0.506,0.045,0.586,0.397,0.0,0.0,-1.5,-5.32,60.04,60.08,0.0,0.0,0.0,0.0,0.0,0.0,0.0,1.0,1.0,0.0,-0.0,-0.0,0.0,0.0,0.0,0.0,0.0,0.0,0.0,0.0,0.0,170.0,145.0,170.0,170.0,14.0,8.0,47.0,79.0,15.0,6.0,0.0
97.702,72,312666.0,600.0,102.0,707.0,471.0,0.0,1.0,0.0,0.0,0.5,0.029,0.58,0.381,0.506,0.045,0.586,0.397,0.0,0.0,-1.5,-5.32,60.04,60.08,0.0,0.0,0.0,0.0,0.0,0.0,0.0,1.0,1.0,0.0,-0.0,-0.0,0.0,0.0,0.0,0.0,0.0,0.0,0.0,0.0,0.0,170.0,145.0,170.0,170.0,14.0,8.0,47.0,79.0,15.0,6.0,0.0
97.798,99,312765.0,600.0,102.0,600.0,471.0,0.0,1.0,0.0,0.0,0.5,0.028,0.537,0.381,0.506,0.044,0.55,0.396,0.0,0.0,-1.5,-5.32,60.04,60.08,0.0,0.0,0.0,0.0,0.0,0.0,0.0,1.0,1.0,0.0,-0.0,-0.0,0.0,0.0,0.0,0.0,0.0,0.0,0.0,0.0,0.0,170.0,145.0,170.0,170.0,14.0,8.0,47.0,79.0,15.0,6.0,0.0
97.862,71,312836.0,600.0,101.0,600.0,471.0,0.0,1.0,0.0,0.0,0.5,0.028,0.537,0.381,0.506,0.044,0.55,0.396,0.0,0.0,-1.5,-5.33,60.04,60.08,0.0,0.0,0.0,0.0,0.0,0.0,0.0,1.0,1.0,0.0,-0.0,-0.0,0.0,0.0,0.0,0.0,0.0,0.0,0.0,0.0,0.0,170.0,145.0,170.0,170.0,14.0,8.0,47.0,79.0,15.0,6.0,0.0
97.992,101,312937.0,600.0,101.0,600.0,473.0,0.0,1.0,0.0,0.0,0.5,0.028,0.517,0.382,0.506,0.043,0.527,0.397,0.0,0.0,-1.5,-5.33,60.04,60.08,0.0,0.0,0.0,0.0,0.0,0.0,0.0,1.0,1.0,0.0,-0.0,-0.0,0.0,0.0,0.0,0.0,0.0,0.0,0.0,0.0,0.0,170.0,145.0,170.0,170.0,14.0,8.0,47.0,79.0,15.0,6.0,0.0
98.023,51,312988.0,600.0,101.0,600.0,473.0,0.0,1.0,0.0,0.0,0.5,0.028,0.517,0.382,0.506,0.043,0.527,0.397,0.0,0.0,-1.5,-5.33,60.04,60.08,0.0,0.0,0.0,0.0,0.0,0.0,0.0,1.0,1.0,0.0,-0.0,-0.0,0.0,0.0,0.0,0.0,0.0,0.0,0.0,0.0,0.0,170.0,145.0,170.0,170.0,14.0,8.0,47.0,79.0,15.0,6.0,0.0
98.055,19,313007.0,600.0,103.0,600.0,473.0,0.0,1.0,0.0,0.0,0.5,0.028,0.517,0.382,0.506,0.043,0.527,0.397,0.0,0.0,-1.51,-5.33,60.04,60.08,0.0,0.0,0.0,0.0,0.0,0.0,0.0,1.0,1.0,0.0,-0.0,-0.0,0.0,0.0,0.0,0.0,0.0,0.0,0.0,0.0,0.0,170.0,145.0,170.0,170.0,14.0,8.0,47.0,79.0,15.0,6.0,0.0
98.15,101,313108.0,600.0,103.0,600.0,486.0,0.0,1.0,0.0,0.0,0.5,0.028,0.508,0.39,0.506,0.043,0.516,0.403,0.0,0.0,-1.51,-5.33,60.04,60.08,0.0,0.0,0.0,0.0,0.0,0.0,0.0,1.0,1.0,0.0,-0.0,-0.0,0.0,0.0,0.0,0.0,0.0,0.0,0.0,0.0,0.0,170.0,145.0,170.0,170.0,14.0,8.0,47.0,79.0,15.0,6.0,0.0
98.215,71,313179.0,600.0,105.0,600.0,486.0,0.0,1.0,0.0,0.0,0.5,0.028,0.508,0.39,0.506,0.043,0.516,0.403,0.0,0.0,-1.51,-5.33,60.04,60.08,0.0,0.0,0.0,0.0,0.0,0.0,0.0,1.0,1.0,0.0,-0.0,-0.0,0.0,0.0,0.0,0.0,0.0,0.0,0.0,0.0,0.0,170.0,145.0,170.0,170.0,14.0,8.0,47.0,79.0,15.0,6.0,0.0
98.313,101,313280.0,600.0,105.0,708.0,490.0,0.0,1.0,0.0,0.0,0.5,0.029,0.548,0.395,0.506,0.044,0.547,0.41,0.0,0.0,-1.51,-5.33,60.04,60.08,0.0,0.0,0.0,0.0,0.0,0.0,0.0,1.0,1.0,0.0,-0.0,-0.0,0.0,0.0,0.0,0.0,0.0,0.0,0.0,0.0,0.0,170.0,145.0,170.0,170.0,14.0,8.0,47.0,79.0,15.0,6.0,0.0
98.379,71,313351.0,600.0,105.0,708.0,490.0,0.0,1.0,0.0,0.0,0.5,0.029,0.548,0.395,0.506,0.044,0.547,0.41,0.0,0.0,-1.51,-5.32,60.04,60.08,0.0,0.0,0.0,0.0,0.0,0.0,0.0,1.0,1.0,0.0,-0.0,-0.0,0.0,0.0,0.0,0.0,0.0,0.0,0.0,0.0,0.0,170.0,145.0,170.0,170.0,14.0,8.0,47.0,79.0,15.0,6.0,0.0
98.509,103,313454.0,600.0,105.0,708.0,480.0,0.0,1.0,0.0,0.0,0.5,0.029,0.566,0.392,0.506,0.045,0.569,0.408,0.0,0.0,-1.51,-5.32,60.04,60.08,0.0,0.0,0.0,0.0,0.0,0.0,0.0,1.0,1.0,0.0,-0.0,-0.0,0.0,0.0,0.0,0.0,0.0,0.0,0.0,0.0,0.0,170.0,145.0,170.0,170.0,14.0,8.0,47.0,79.0,15.0,6.0,0.0
98.542,52,313506.0,600.0,105.0,708.0,480.0,0.0,1.0,0.0,0.0,0.5,0.029,0.566,0.392,0.506,0.045,0.569,0.408,0.0,0.0,-1.51,-5.32,60.04,60.08,0.0,0.0,0.0,0.0,0.0,0.0,0.0,1.0,1.0,0.0,-0.0,-0.0,0.0,0.0,0.0,0.0,0.0,0.0,0.0,0.0,0.0,170.0,145.0,170.0,170.0,14.0,8.0,47.0,79.0,15.0,6.0,0.0
98.576,20,313526.0,600.0,104.0,708.0,480.0,0.0,1.0,0.0,0.0,0.5,0.029,0.566,0.392,0.506,0.045,0.569,0.408,0.0,0.0,-1.51,-5.32,60.04,60.08,0.0,0.0,0.0,0.0,0.0,0.0,0.0,1.0,1.0,0.0,-0.0,-0.0,0.0,0.0,0.0,0.0,0.0,0.0,0.0,0.0,0.0,170.0,145.0,170.0,170.0,14.0,8.0,47.0,79.0,15.0,6.0,0.0
98.674,101,313627.0,600.0,104.0,708.0,468.0,0.0,1.0,0.0,0.0,0.5,0.029,0.574,0.385,0.506,0.045,0.579,0.402,0.0,0.0,-1.52,-5.32,60.04,60.08,0.0,0.0,0.0,0.0,0.0,0.0,0.0,1.0,1.0,0.0,-0.0,-0.0,0.0,0.0,0.0,0.0,0.0,0.0,0.0,0.0,0.0,170.0,145.0,170.0,170.0,14.0,8.0,47.0,79.0,15.0,6.0,0.0
98.707,52,313679.0,600.0,104.0,708.0,468.0,0.0,1.0,0.0,0.0,0.5,0.029,0.574,0.385,0.506,0.045,0.579,0.402,0.0,0.0,-1.52,-5.32,60.04,60.08,0.0,0.0,0.0,0.0,0.0,0.0,0.0,1.0,1.0,0.0,-0.0,-0.0,0.0,0.0,0.0,0.0,0.0,0.0,0.0,0.0,0.0,170.0,145.0,170.0,170.0,14.0,8.0,47.0,79.0,15.0,6.0,0.0
98.739,19,313698.0,600.0,103.0,708.0,468.0,0.0,1.0,0.0,0.0,0.5,0.029,0.574,0.385,0.506,0.045,0.579,0.402,0.0,0.0,-1.52,-5.32,60.04,60.08,0.0,0.0,0.0,0.0,0.0,0.0,0.0,1.0,1.0,0.0,-0.0,-0.0,0.0,0.0,0.0,0.0,0.0,0.0,0.0,0.0,0.0,170.0,145.0,170.0,170.0,14.0,8.0,47.0,79.0,15.0,6.0,0.0
98.836,100,313798.0,600.0,103.0,708.0,453.0,0.0,1.0,0.0,0.0,0.5,0.029,0.578,0.373,0.506,0.045,0.584,0.391,0.0,0.0,-1.52,-5.32,60.04,60.08,0.0,0.0,0.0,0.0,0.0,0.0,0.0,1.0,1.0,0.0,-0.0,-0.0,0.0,0.0,0.0,0.0,0.0,0.0,0.0,0.0,0.0,170.0,145.0,170.0,170.0,14.0,8.0,47.0,79.0,15.0,6.0,1.0
98.9,71,313869.0,600.0,104.0,708.0,453.0,0.0,1.0,0.0,0.0,0.5,0.029,0.578,0.373,0.506,0.045,0.584,0.391,0.0,0.0,-1.52,-5.32,60.04,60.08,0.0,0.0,0.0,0.0,0.0,0.0,0.0,1.0,1.0,0.0,-0.0,-0.0,0.0,0.0,0.0,0.0,0.0,0.0,0.0,0.0,0.0,170.0,145.0,170.0,170.0,14.0,8.0,47.0,79.0,15.0,6.0,0.0
98.998,100,313969.0,600.0,104.0,821.0,451.0,0.0,1.0,0.0,0.0,0.5,0.029,0.618,0.366,0.506,0.045,0.617,0.384,0.0,0.0,-1.52,-5.32,60.04,60.08,0.0,0.0,0.0,0.0,0.0,0.0,0.0,1.0,1.0,0.0,-0.0,-0.0,0.0,0.0,0.0,0.0,0.0,0.0,0.0,0.0,0.0,170.0,145.0,170.0,170.0,14.0,8.0,47.0,79.0,15.0,6.0,0.0
99.031,34,314003.0,600.0,104.0,821.0,451.0,0.0,1.0,0.0,0.0,0.5,0.029,0.618,0.366,0.506,0.045,0.617,0.384,0.0,0.0,-1.52,-5.32,60.04,60.08,0.0,0.0,0.0,0.0,0.0,0.0,0.0,1.0,1.0,0.0,-0.0,-0.0,0.0,0.0,0.0,0.0,0.0,0.0,0.0,0.0,0.0,170.0,145.0,170.0,170.0,14.0,8.0,47.0,79.0,15.0,6.0,0.0
99.161,107,314110.0,600.0,103.0,714.0,482.0,0.0,1.0,0.0,0.0,0.5,0.029,0.601,0.38,0.506,0.045,0.609,0.394,0.0,0.0,-1.52,-5.32,60.04,60.08,0.0,0.0,0.0,0.0,0.0,0.0,0.0,1.0,1.0,0.0,-0.0,-0.0,0.0,0.0,0.0,0.0,0.0,0.0,0.0,0.0,0.0,170.0,145.0,170.0,170.0,14.0,8.0,47.0,79.0,15.0,6.0,0.0
99.193,52,314162.0,600.0,103.0,714.0,482.0,0.0,1.0,0.0,0.0,0.5,0.029,0.601,0.38,0.506,0.045,0.609,0.394,0.0,0.0,-1.53,-5.33,60.04,60.08,0.0,0.0,0.0,0.0,0.0,0.0,0.0,1.0,1.0,0.0,-0.0,-0.0,0.0,0.0,0.0,0.0,0.0,0.0,0.0,0.0,0.0,170.0,145.0,170.0,170.0,14.0,8.0,47.0,79.0,15.0,6.0,0.0
99.225,19,314181.0,600.0,101.0,714.0,482.0,0.0,1.0,0.0,0.0,0.5,0.029,0.601,0.38,0.506,0.045,0.609,0.394,0.0,0.0,-1.52,-5.33,60.04,60.08,0.0,0.0,0.0,0.0,0.0,0.0,0.0,1.0,1.0,0.0,-0.0,-0.0,0.0,0.0,0.0,0.0,0.0,0.0,0.0,0.0,0.0,170.0,145.0,170.0,170.0,14.0,8.0,47.0,79.0,15.0,6.0,0.0
99.321,103,314284.0,600.0,101.0,714.0,522.0,0.0,1.0,0.0,0.0,0.5,0.028,0.593,0.408,0.506,0.044,0.6,0.419,0.0,0.0,-1.52,-5.33,60.04,60.08,0.0,0.0,0.0,0.0,0.0,0.0,0.0,1.0,1.0,0.0,-0.0,-0.0,0.0,0.0,0.0,0.0,0.0,0.0,0.0,0.0,0.0,170.0,145.0,170.0,170.0,14.0,8.0,47.0,79.0,15.0,6.0,0.0
99.387,72,314356.0,600.0,100.0,714.0,522.0,0.0,1.0,0.0,0.0,0.5,0.028,0.593,0.408,0.506,0.044,0.6,0.419,0.0,0.0,-1.52,-5.32,60.04,60.08,0.0,0.0,0.0,0.0,0.0,0.0,0.0,1.0,1.0,0.0,-0.0,-0.0,0.0,0.0,0.0,0.0,0.0,0.0,0.0,0.0,0.0,170.0,145.0,170.0,170.0,14.0,8.0,47.0,79.0,15.0,6.0,0.0
99.481,99,314455.0,600.0,100.0,714.0,571.0,0.0,1.0,0.0,0.0,0.5,0.028,0.589,0.444,0.507,0.044,0.596,0.454,0.0,0.0,-1.51,-5.32,60.04,60.08,0.0,0.0,0.0,0.0,0.0,0.0,0.0,1.0,1.0,0.0,-0.0,-0.0,0.0,0.0,0.0,0.0,0.0,0.0,0.0,0.0,0.0,170.0,145.0,170.0,170.0,14.0,8.0,47.0,79.0,15.0,6.0,0.0
99.545,52,314507.0,600.0,100.0,714.0,571.0,0.0,1.0,0.0,0.0,0.5,0.028,0.589,0.444,0.507,0.044,0.596,0.454,0.0,0.0,-1.5,-5.32,60.04,60.08,0.0,0.0,0.0,0.0,0.0,0.0,0.0,1.0,1.0,0.0,-0.0,-0.0,0.0,0.0,0.0,0.0,0.0,0.0,0.0,0.0,0.0,170.0,145.0,170.0,170.0,14.0,8.0,47.0,79.0,15.0,6.0,0.0
99.577,19,314526.0,600.0,100.0,714.0,571.0,0.0,1.0,0.0,0.0,0.5,0.028,0.589,0.444,0.507,0.044,0.596,0.454,0.0,0.0,-1.5,-5.32,60.04,60.08,0.0,0.0,0.0,0.0,0.0,0.0,0.0,1.0,1.0,0.0,-0.0,-0.0,0.0,0.0,0.0,0.0,0.0,0.0,0.0,0.0,0.0,170.0,145.0,170.0,170.0,14.0,8.0,47.0,79.0,15.0,6.0,0.0
99.671,101,314627.0,600.0,100.0,714.0,616.0,0.0,1.0,0.0,0.0,0.5,0.027,0.587,0.481,0.507,0.043,0.595,0.491,0.0,0.0,-1.5,-5.32,60.04,60.08,0.0,0.0,0.0,0.0,0.0,0.0,0.0,1.0,1.0,0.0,-0.0,-0.0,0.0,0.0,0.0,0.0,0.0,0.0,0.0,0.0,0.0,170.0,145.0,170.0,170.0,14.0,8.0,47.0,79.0,15.0,6.0,0.0
99.704,52,314679.0,600.0,100.0,714.0,616.0,0.0,1.0,0.0,0.0,0.5,0.027,0.587,0.481,0.507,0.043,0.595,0.491,0.0,0.0,-1.5,-5.32,60.04,60.08,0.0,0.0,0.0,0.0,0.0,0.0,0.0,1.0,1.0,0.0,-0.0,-0.0,0.0,0.0,0.0,0.0,0.0,0.0,0.0,0.0,0.0,170.0,145.0,170.0,170.0,14.0,8.0,47.0,79.0,15.0,6.0,0.0
99.737,19,314698.0,600.0,99.0,714.0,616.0,0.0,1.0,0.0,0.0,0.5,0.027,0.587,0.481,0.507,0.043,0.595,0.491,0.0,0.0,-1.5,-5.32,60.04,60.08,0.0,0.0,0.0,0.0,0.0,0.0,0.0,1.0,1.0,0.0,-0.0,-0.0,0.0,0.0,0.0,0.0,0.0,0.0,0.0,0.0,0.0,170.0,145.0,170.0,170.0,14.0,8.0,47.0,79.0,15.0,6.0,0.0
99.843,100,314798.0,600.0,99.0,600.0,634.0,0.0,1.0,0.0,0.0,0.5,0.027,0.54,0.506,0.508,0.042,0.556,0.517,0.0,0.0,-1.49,-5.31,60.04,60.08,0.0,0.0,0.0,0.0,0.0,0.0,0.0,1.0,1.0,0.0,-0.0,-0.0,0.0,0.0,0.0,0.0,0.0,0.0,0.0,0.0,0.0,170.0,145.0,170.0,170.0,14.0,8.0,47.0,79.0,15.0,6.0,1.0
99.877,53,314851.0,600.0,99.0,600.0,634.0,0.0,1.0,0.0,0.0,0.5,0.027,0.54,0.506,0.508,0.042,0.556,0.517,0.0,0.0,-1.5,-5.31,60.04,60.08,0.0,0.0,0.0,0.0,0.0,0.0,0.0,1.0,1.0,0.0,-0.0,-0.0,0.0,0.0,0.0,0.0,0.0,0.0,0.0,0.0,0.0,170.0,145.0,170.0,170.0,14.0,8.0,47.0,79.0,15.0,6.0,0.0
99.91,19,314870.0,600.0,99.0,600.0,634.0,0.0,1.0,0.0,0.0,0.5,0.027,0.54,0.506,0.508,0.042,0.556,0.517,0.0,0.0,-1.5,-5.31,60.04,60.08,0.0,0.0,0.0,0.0,0.0,0.0,0.0,1.0,1.0,0.0,-0.0,-0.0,0.0,0.0,0.0,0.0,0.0,0.0,0.0,0.0,0.0,170.0,145.0,170.0,170.0,14.0,8.0,47.0,79.0,15.0,6.0,0.0
100.007,101,314971.0,600.0,99.0,600.0,638.0,0.0,1.0,0.0,0.0,0.5,0.027,0.519,0.519,0.508,0.042,0.53,0.532,0.0,0.0,-1.5,-5.31,60.04,60.08,0.0,0.0,0.0,0.0,0.0,0.0,0.0,1.0,1.0,0.0,-0.0,-0.0,0.0,0.0,0.0,0.0,0.0,0.0,0.0,0.0,0.0,170.0,145.0,170.0,170.0,14.0,8.0,47.0,79.0,15.0,6.0,1.0
100.07,71,315042.0,600.0,102.0,600.0,638.0,0.0,1.0,0.0,0.0,0.5,0.027,0.519,0.519,0.508,0.042,0.53,0.532,0.0,0.0,-1.5,-5.31,60.04,60.08,0.0,0.0,0.0,0.0,0.0,0.0,0.0,1.0,1.0,0.0,-0.0,-0.0,0.0,0.0,0.0,0.0,0.0,0.0,0.0,0.0,0.0,170.0,145.0,170.0,170.0,14.0,8.0,47.0,79.0,15.0,6.0,0.0
100.178,102,315144.0,600.0,102.0,600.0,640.0,0.0,1.0,0.0,0.0,0.5,0.027,0.509,0.526,0.508,0.042,0.518,0.54,0.0,0.0,-1.5,-5.31,60.04,60.08,0.0,0.0,0.0,0.0,0.0,0.0,0.0,1.0,1.0,0.0,-0.0,-0.0,0.0,0.0,0.0,0.0,0.0,0.0,0.0,0.0,0.0,170.0,145.0,170.0,170.0,14.0,8.0,47.0,79.0,15.0,6.0,0.0
100.242,72,315216.0,600.0,103.0,600.0,640.0,0.0,1.0,0.0,0.0,0.5,0.027,0.509,0.526,0.508,0.042,0.518,0.54,0.0,0.0,-1.5,-5.3,60.04,60.08,0.0,0.0,0.0,0.0,0.0,0.0,0.0,1.0,1.0,0.0,-0.0,-0.0,0.0,0.0,0.0,0.0,0.0,0.0,0.0,0.0,0.0,170.0,145.0,170.0,170.0,14.0,8.0,47.0,79.0,15.0,6.0,0.0
100.372,99,315315.0,600.0,103.0,600.0,634.0,0.0,1.0,0.0,0.0,0.5,0.028,0.504,0.527,0.508,0.043,0.513,0.541,0.0,0.0,-1.5,-5.3,60.04,60.08,0.0,0.0,0.0,0.0,0.0,0.0,0.0,1.0,1.0,0.0,-0.0,-0.0,0.0,0.0,0.0,0.0,0.0,0.0,0.0,0.0,0.0,170.0,145.0,170.0,170.0,14.0,8.0,47.0,79.0,15.0,6.0,0.0
100.404,52,315367.0,600.0,103.0,600.0,634.0,0.0,1.0,0.0,0.0,0.5,0.028,0.504,0.527,0.508,0.043,0.513,0.541,0.0,0.0,-1.5,-5.31,60.04,60.08,0.0,0.0,0.0,0.0,0.0,0.0,0.0,1.0,1.0,0.0,-0.0,-0.0,0.0,0.0,0.0,0.0,0.0,0.0,0.0,0.0,0.0,170.0,145.0,170.0,170.0,14.0,8.0,47.0,79.0,15.0,6.0,0.0
100.436,19,315386.0,600.0,104.0,600.0,634.0,0.0,1.0,0.0,0.0,0.5,0.028,0.504,0.527,0.508,0.043,0.513,0.541,0.0,0.0,-1.5,-5.31,60.04,60.08,0.0,0.0,0.0,0.0,0.0,0.0,0.0,1.0,1.0,0.0,-0.0,-0.0,0.0,0.0,0.0,0.0,0.0,0.0,0.0,0.0,0.0,170.0,145.0,170.0,170.0,14.0,8.0,47.0,79.0,15.0,6.0,0.0
100.532,101,315487.0,600.0,104.0,600.0,641.0,0.0,1.0,0.0,0.0,0.5,0.029,0.502,0.53,0.508,0.043,0.51,0.544,0.0,0.0,-1.51,-5.32,60.04,60.08,0.0,0.0,0.0,0.0,0.0,0.0,0.0,1.0,1.0,0.0,-0.0,-0.0,0.0,0.0,0.0,0.0,0.0,0.0,0.0,0.0,0.0,170.0,145.0,170.0,170.0,14.0,8.0,47.0,79.0,15.0,6.0,0.0
100.565,52,315539.0,600.0,104.0,600.0,641.0,0.0,1.0,0.0,0.0,0.5,0.029,0.502,0.53,0.508,0.043,0.51,0.544,0.0,0.0,-1.51,-5.32,60.04,60.08,0.0,0.0,0.0,0.0,0.0,0.0,0.0,1.0,1.0,0.0,-0.0,-0.0,0.0,0.0,0.0,0.0,0.0,0.0,0.0,0.0,0.0,170.0,145.0,170.0,170.0,14.0,8.0,47.0,79.0,15.0,6.0,0.0
100.598,19,315558.0,600.0,105.0,600.0,641.0,0.0,1.0,0.0,0.0,0.5,0.029,0.502,0.53,0.508,0.043,0.51,0.544,0.0,0.0,-1.5,-5.33,60.04,60.08,0.0,0.0,0.0,0.0,0.0,0.0,0.0,1.0,1.0,0.0,-0.0,-0.0,0.0,0.0,0.0,0.0,0.0,0.0,0.0,0.0,0.0,170.0,145.0,170.0,170.0,14.0,8.0,47.0,79.0,15.0,6.0,0.0
100.695,103,315661.0,600.0,105.0,600.0,637.0,0.0,1.0,0.0,0.0,0.5,0.029,0.501,0.53,0.508,0.044,0.509,0.545,0.0,0.0,-1.5,-5.33,60.04,60.08,0.0,0.0,0.0,0.0,0.0,0.0,0.0,1.0,1.0,0.0,-0.0,-0.0,0.0,0.0,0.0,0.0,0.0,0.0,0.0,0.0,0.0,170.0,145.0,170.0,170.0,14.0,8.0,47.0,79.0,15.0,6.0,0.0
100.767,71,315732.0,600.0,104.0,600.0,637.0,0.0,1.0,0.0,0.0,0.5,0.029,0.501,0.53,0.508,0.044,0.509,0.545,0.0,0.0,-1.51,-5.34,60.04,60.08,0.0,0.0,0.0,0.0,0.0,0.0,0.0,1.0,1.0,0.0,-0.0,-0.0,0.0,0.0,0.0,0.0,0.0,0.0,0.0,0.0,0.0,170.0,145.0,170.0,170.0,14.0,8.0,47.0,79.0,15.0,6.0,0.0
100.864,99,315831.0,600.0,104.0,600.0,631.0,0.0,1.0,0.0,0.0,0.5,0.029,0.5,0.527,0.508,0.044,0.509,0.543,0.0,0.0,-1.51,-5.34,60.04,60.08,0.0,0.0,0.0,0.0,0.0,0.0,0.0,1.0,1.0,0.0,-0.0,-0.0,0.0,0.0,0.0,0.0,0.0,0.0,0.0,0.0,0.0,170.0,145.0,170.0,170.0,14.0,8.0,47.0,79.0,15.0,6.0,0.0
100.93,71,315902.0,600.0,104.0,600.0,631.0,0.0,1.0,0.0,0.0,0.5,0.029,0.5,0.527,0.508,0.044,0.509,0.543,0.0,0.0,-1.51,-5.34,60.04,60.08,0.0,0.0,0.0,0.0,0.0,0.0,0.0,1.0,1.0,0.0,-0.0,-0.0,0.0,0.0,0.0,0.0,0.0,0.0,0.0,0.0,0.0,170.0,145.0,170.0,170.0,14.0,8.0,47.0,79.0,15.0,6.0,0.0
101.033,100,316002.0,600.0,104.0,707.0,630.0,0.0,1.0,0.0,0.0,0.5,0.029,0.544,0.526,0.508,0.044,0.545,0.541,0.0,0.0,-1.51,-5.34,60.04,60.08,0.0,0.0,0.0,0.0,0.0,0.0,0.0,1.0,1.0,0.0,-0.0,-0.0,0.0,0.0,0.0,0.0,0.0,0.0,0.0,0.0,0.0,170.0,145.0,170.0,170.0,14.0,8.0,47.0,79.0,15.0,6.0,0.0
101.098,71,316073.0,600.0,105.0,707.0,630.0,0.0,1.0,0.0,0.0,0.5,0.029,0.544,0.526,0.508,0.044,0.545,0.541,0.0,0.0,-1.51,-5.33,60.04,60.08,0.0,0.0,0.0,0.0,0.0,0.0,0.0,1.0,1.0,0.0,-0.0,-0.0,0.0,0.0,0.0,0.0,0.0,0.0,0.0,0.0,0.0,170.0,145.0,170.0,170.0,14.0,8.0,47.0,79.0,15.0,6.0,0.0
101.193,94,316167.0,600.0,105.0,707.0,633.0,0.0,1.0,0.0,0.0,0.5,0.029,0.564,0.526,0.508,0.045,0.568,0.542,0.0,0.0,-1.51,-5.33,60.04,60.08,0.0,0.0,0.0,0.0,0.0,0.0,0.0,1.0,1.0,0.0,-0.0,-0.0,0.0,0.0,0.0,0.0,0.0,0.0,0.0,0.0,0.0,170.0,145.0,170.0,170.0,14.0,8.0,47.0,79.0,15.0,6.0,0.0
101.259,52,316219.0,600.0,105.0,707.0,633.0,0.0,1.0,0.0,0.0,0.5,0.029,0.564,0.526,0.508,0.045,0.568,0.542,0.0,0.0,-1.51,-5.33,60.04,60.08,0.0,0.0,0.0,0.0,0.0,0.0,0.0,1.0,1.0,0.0,-0.0,-0.0,0.0,0.0,0.0,0.0,0.0,0.0,0.0,0.0,0.0,170.0,145.0,170.0,170.0,14.0,8.0,47.0,79.0,15.0,6.0,1.0
101.292,19,316238.0,600.0,105.0,707.0,633.0,0.0,1.0,0.0,0.0,0.5,0.029,0.564,0.526,0.508,0.045,0.568,0.542,0.0,0.0,-1.51,-5.33,60.04,60.08,0.0,0.0,0.0,0.0,0.0,0.0,0.0,1.0,1.0,0.0,-0.0,-0.0,0.0,0.0,0.0,0.0,0.0,0.0,0.0,0.0,0.0,170.0,145.0,170.0,170.0,14.0,8.0,47.0,79.0,15.0,6.0,0.0
101.39,101,316339.0,600.0,105.0,707.0,624.0,0.0,1.0,0.0,0.0,0.5,0.029,0.573,0.523,0.508,0.045,0.58,0.539,0.0,0.0,-1.51,-5.33,60.04,60.08,0.0,0.0,0.0,0.0,0.0,0.0,0.0,1.0,1.0,0.0,-0.0,-0.0,0.0,0.0,0.0,0.0,0.0,0.0,0.0,0.0,0.0,170.0,145.0,170.0,170.0,14.0,8.0,47.0,79.0,15.0,6.0,1.0
101.422,52,316391.0,600.0,105.0,707.0,624.0,0.0,1.0,0.0,0.0,0.5,0.029,0.573,0.523,0.508,0.045,0.58,0.539,0.0,0.0,-1.51,-5.33,60.04,60.08,0.0,0.0,0.0,0.0,0.0,0.0,0.0,1.0,1.0,0.0,-0.0,-0.0,0.0,0.0,0.0,0.0,0.0,0.0,0.0,0.0,0.0,170.0,145.0,170.0,170.0,14.0,8.0,47.0,79.0,15.0,6.0,0.0
101.453,19,316410.0,600.0,104.0,707.0,624.0,0.0,1.0,0.0,0.0,0.5,0.029,0.573,0.523,0.508,0.045,0.58,0.539,0.0,0.0,-1.51,-5.33,60.04,60.08,0.0,0.0,0.0,0.0,0.0,0.0,0.0,1.0,1.0,0.0,-0.0,-0.0,0.0,0.0,0.0,0.0,0.0,0.0,0.0,0.0,0.0,170.0,145.0,170.0,170.0,14.0,8.0,47.0,79.0,15.0,6.0,0.0
101.55,101,316511.0,600.0,104.0,707.0,633.0,0.0,1.0,0.0,0.0,0.5,0.029,0.577,0.525,0.508,0.045,0.585,0.54,0.0,0.0,-1.51,-5.33,60.04,60.08,0.0,0.0,0.0,0.0,0.0,0.0,0.0,1.0,1.0,0.0,-0.0,-0.0,0.0,0.0,0.0,0.0,0.0,0.0,0.0,0.0,0.0,170.0,145.0,170.0,170.0,14.0,8.0,47.0,79.0,15.0,6.0,0.0
101.615,71,316582.0,600.0,106.0,707.0,633.0,0.0,1.0,0.0,0.0,0.5,0.029,0.577,0.525,0.508,0.045,0.585,0.54,0.0,0.0,-1.51,-5.33,60.04,60.08,0.0,0.0,0.0,0.0,0.0,0.0,0.0,1.0,1.0,0.0,-0.0,-0.0,0.0,0.0,0.0,0.0,0.0,0.0,0.0,0.0,0.0,170.0,145.0,170.0,170.0,14.0,8.0,47.0,79.0,15.0,6.0,0.0
101.743,105,316687.0,600.0,106.0,707.0,628.0,0.0,1.0,0.0,0.0,0.5,0.03,0.579,0.524,0.508,0.046,0.587,0.54,0.0,0.0,-1.51,-5.32,60.04,60.08,0.0,0.0,0.0,0.0,0.0,0.0,0.0,1.0,1.0,0.0,-0.0,-0.0,0.0,0.0,0.0,0.0,0.0,0.0,0.0,0.0,0.0,170.0,145.0,170.0,170.0,14.0,8.0,47.0,79.0,15.0,6.0,0.0
101.781,52,316739.0,600.0,106.0,707.0,628.0,0.0,1.0,0.0,0.0,0.5,0.03,0.579,0.524,0.508,0.046,0.587,0.54,0.0,0.0,-1.51,-5.32,60.04,60.08,0.0,0.0,0.0,0.0,0.0,0.0,0.0,1.0,1.0,0.0,-0.0,-0.0,0.0,0.0,0.0,0.0,0.0,0.0,0.0,0.0,0.0,170.0,145.0,170.0,170.0,14.0,8.0,47.0,79.0,15.0,6.0,0.0
101.813,19,316758.0,600.0,105.0,707.0,628.0,0.0,1.0,0.0,0.0,0.5,0.03,0.579,0.524,0.508,0.046,0.587,0.54,0.0,0.0,-1.51,-5.32,60.04,60.08,0.0,0.0,0.0,0.0,0.0,0.0,0.0,1.0,1.0,0.0,-0.0,-0.0,0.0,0.0,0.0,0.0,0.0,0.0,0.0,0.0,0.0,170.0,145.0,170.0,170.0,14.0,8.0,47.0,79.0,15.0,6.0,0.0
101.914,101,316859.0,600.0,105.0,600.0,606.0,0.0,1.0,0.0,0.0,0.5,0.03,0.537,0.514,0.508,0.045,0.552,0.53,0.0,0.0,-1.51,-5.32,60.04,60.08,0.0,0.0,0.0,0.0,0.0,0.0,0.0,1.0,1.0,0.0,-0.0,-0.0,0.0,0.0,0.0,0.0,0.0,0.0,0.0,0.0,0.0,170.0,145.0,170.0,170.0,14.0,8.0,47.0,79.0,15.0,6.0,1.0
101.947,52,316911.0,600.0,105.0,600.0,606.0,0.0,1.0,0.0,0.0,0.5,0.03,0.537,0.514,0.508,0.045,0.552,0.53,0.0,0.0,-1.51,-5.32,60.04,60.08,0.0,0.0,0.0,0.0,0.0,0.0,0.0,1.0,1.0,0.0,-0.0,-0.0,0.0,0.0,0.0,0.0,0.0,0.0,0.0,0.0,0.0,170.0,145.0,170.0,170.0,14.0,8.0,47.0,79.0,15.0,6.0,0.0
101.98,20,316931.0,600.0,105.0,600.0,606.0,0.0,1.0,0.0,0.0,0.5,0.03,0.537,0.514,0.508,0.045,0.552,0.53,0.0,0.0,-1.51,-5.32,60.04,60.08,0.0,0.0,0.0,0.0,0.0,0.0,0.0,1.0,1.0,0.0,-0.0,-0.0,0.0,0.0,0.0,0.0,0.0,0.0,0.0,0.0,0.0,170.0,145.0,170.0,170.0,14.0,8.0,47.0,79.0,15.0,6.0,0.0
102.074,99,317030.0,600.0,105.0,600.0,624.0,0.0,1.0,0.0,0.0,0.5,0.03,0.517,0.517,0.508,0.045,0.528,0.531,0.0,0.0,-1.51,-5.32,60.04,60.08,0.0,0.0,0.0,0.0,0.0,0.0,0.0,1.0,1.0,0.0,-0.0,-0.0,0.0,0.0,0.0,0.0,0.0,0.0,0.0,0.0,0.0,170.0,145.0,170.0,170.0,14.0,8.0,47.0,79.0,15.0,6.0,0.0
102.107,51,317081.0,600.0,105.0,600.0,624.0,0.0,1.0,0.0,0.0,0.5,0.03,0.517,0.517,0.508,0.045,0.528,0.531,0.0,0.0,-1.51,-5.32,60.04,60.08,0.0,0.0,0.0,0.0,0.0,0.0,0.0,1.0,1.0,0.0,-0.0,-0.0,0.0,0.0,0.0,0.0,0.0,0.0,0.0,0.0,0.0,170.0,145.0,170.0,170.0,14.0,8.0,47.0,79.0,15.0,6.0,0.0
102.14,19,317100.0,600.0,104.0,600.0,624.0,0.0,1.0,0.0,0.0,0.5,0.03,0.517,0.517,0.508,0.045,0.528,0.531,0.0,0.0,-1.51,-5.32,60.04,60.08,0.0,0.0,0.0,0.0,0.0,0.0,0.0,1.0,1.0,0.0,-0.0,-0.0,0.0,0.0,0.0,0.0,0.0,0.0,0.0,0.0,0.0,170.0,145.0,170.0,170.0,14.0,8.0,47.0,79.0,15.0,6.0,0.0
102.236,101,317201.0,600.0,104.0,695.0,620.0,0.0,1.0,0.0,0.0,0.5,0.029,0.547,0.517,0.508,0.045,0.55,0.532,0.0,0.0,-1.51,-5.32,60.04,60.08,0.0,0.0,0.0,0.0,0.0,0.0,0.0,1.0,1.0,0.0,-0.0,-0.0,0.0,0.0,0.0,0.0,0.0,0.0,0.0,0.0,0.0,170.0,145.0,170.0,170.0,14.0,8.0,47.0,79.0,15.0,6.0,1.0
102.3,71,317272.0,600.0,102.0,695.0,620.0,0.0,1.0,0.0,0.0,0.5,0.029,0.547,0.517,0.508,0.045,0.55,0.532,0.0,0.0,-1.51,-5.32,60.04,60.08,0.0,0.0,0.0,0.0,0.0,0.0,0.0,1.0,1.0,0.0,-0.0,-0.0,0.0,0.0,0.0,0.0,0.0,0.0,0.0,0.0,0.0,170.0,145.0,170.0,170.0,14.0,8.0,47.0,79.0,15.0,6.0,0.0
102.406,100,317372.0,600.0,102.0,695.0,611.0,0.0,1.0,0.0,0.0,0.5,0.029,0.561,0.512,0.508,0.044,0.567,0.529,0.0,0.0,-1.51,-5.32,60.04,60.08,0.0,0.0,0.0,0.0,0.0,0.0,0.0,1.0,1.0,0.0,-0.0,-0.0,0.0,0.0,0.0,0.0,0.0,0.0,0.0,0.0,0.0,170.0,145.0,170.0,170.0,14.0,8.0,47.0,79.0,15.0,6.0,1.0
102.471,71,317443.0,600.0,101.0,695.0,611.0,0.0,1.0,0.0,0.0,0.5,0.029,0.561,0.512,0.508,0.044,0.567,0.529,0.0,0.0,-1.51,-5.32,60.04,60.08,0.0,0.0,0.0,0.0,0.0,0.0,0.0,1.0,1.0,0.0,-0.0,-0.0,0.0,0.0,0.0,0.0,0.0,0.0,0.0,0.0,0.0,170.0,145.0,170.0,170.0,14.0,8.0,47.0,79.0,15.0,6.0,0.0
102.604,100,317543.0,600.0,101.0,695.0,611.0,0.0,1.0,0.0,0.0,0.5,0.028,0.568,0.511,0.508,0.044,0.574,0.527,0.0,0.0,-1.51,-5.32,60.04,60.08,0.0,0.0,0.0,0.0,0.0,0.0,0.0,1.0,1.0,0.0,-0.0,-0.0,0.0,0.0,0.0,0.0,0.0,0.0,0.0,0.0,0.0,170.0,145.0,170.0,170.0,14.0,8.0,47.0,79.0,15.0,6.0,1.0
102.638,70,317613.0,600.0,103.0,695.0,611.0,0.0,1.0,0.0,0.0,0.5,0.028,0.568,0.511,0.508,0.044,0.574,0.527,0.0,0.0,-1.51,-5.31,60.04,60.08,0.0,0.0,0.0,0.0,0.0,0.0,0.0,1.0,1.0,0.0,-0.0,-0.0,0.0,0.0,0.0,0.0,0.0,0.0,0.0,0.0,0.0,170.0,145.0,170.0,170.0,14.0,8.0,47.0,79.0,15.0,6.0,0.0
102.769,100,317713.0,600.0,103.0,695.0,626.0,0.0,1.0,0.0,0.0,0.5,0.028,0.571,0.516,0.508,0.044,0.578,0.531,0.0,0.0,-1.51,-5.31,60.04,60.08,0.0,0.0,0.0,0.0,0.0,0.0,0.0,1.0,1.0,0.0,-0.0,-0.0,0.0,0.0,0.0,0.0,0.0,0.0,0.0,0.0,0.0,170.0,145.0,170.0,170.0,14.0,8.0,47.0,79.0,15.0,6.0,0.0
102.802,35,317748.0,600.0,103.0,695.0,626.0,0.0,1.0,0.0,0.0,0.5,0.028,0.571,0.516,0.508,0.044,0.578,0.531,0.0,0.0,-1.51,-5.31,60.04,60.08,0.0,0.0,0.0,0.0,0.0,0.0,0.0,1.0,1.0,0.0,-0.0,-0.0,0.0,0.0,0.0,0.0,0.0,0.0,0.0,0.0,0.0,170.0,145.0,170.0,170.0,14.0,8.0,47.0,79.0,15.0,6.0,0.0
102.896,107,317855.0,600.0,102.0,807.0,600.0,0.0,1.0,0.0,0.0,0.5,0.028,0.61,0.508,0.508,0.044,0.612,0.525,0.0,0.0,-1.51,-5.31,60.04,60.08,0.0,0.0,0.0,0.0,0.0,0.0,0.0,1.0,1.0,0.0,-0.0,-0.0,0.0,0.0,0.0,0.0,0.0,0.0,0.0,0.0,0.0,170.0,145.0,170.0,170.0,14.0,8.0,47.0,79.0,15.0,6.0,0.0
102.97,71,317926.0,600.0,103.0,807.0,600.0,0.0,1.0,0.0,0.0,0.5,0.028,0.61,0.508,0.508,0.044,0.612,0.525,0.0,0.0,-1.51,-5.31,60.04,60.08,0.0,0.0,0.0,0.0,0.0,0.0,0.0,1.0,1.0,0.0,-0.0,-0.0,0.0,0.0,0.0,0.0,0.0,0.0,0.0,0.0,0.0,170.0,145.0,170.0,170.0,14.0,8.0,47.0,79.0,15.0,6.0,0.0
103.068,99,318025.0,600.0,103.0,712.0,600.0,0.0,1.0,0.0,0.0,0.5,0.028,0.596,0.504,0.508,0.044,0.606,0.52,0.0,0.0,-1.51,-5.31,60.04,60.08,0.0,0.0,0.0,0.0,0.0,0.0,0.0,1.0,1.0,0.0,-0.0,-0.0,0.0,0.0,0.0,0.0,0.0,0.0,0.0,0.0,0.0,170.0,145.0,170.0,170.0,14.0,8.0,47.0,79.0,15.0,6.0,1.0
103.102,52,318077.0,600.0,103.0,712.0,600.0,0.0,1.0,0.0,0.0,0.5,0.028,0.596,0.504,0.508,0.044,0.606,0.52,0.0,0.0,-1.51,-5.31,60.04,60.08,0.0,0.0,0.0,0.0,0.0,0.0,0.0,1.0,1.0,0.0,-0.0,-0.0,0.0,0.0,0.0,0.0,0.0,0.0,0.0,0.0,0.0,170.0,145.0,170.0,170.0,14.0,8.0,47.0,79.0,15.0,6.0,0.0
103.134,20,318097.0,600.0,104.0,712.0,600.0,0.0,1.0,0.0,0.0,0.5,0.028,0.596,0.504,0.508,0.044,0.606,0.52,0.0,0.0,-1.51,-5.31,60.04,60.08,0.0,0.0,0.0,0.0,0.0,0.0,0.0,1.0,1.0,0.0,-0.0,-0.0,0.0,0.0,0.0,0.0,0.0,0.0,0.0,0.0,0.0,170.0,145.0,170.0,170.0,14.0,8.0,47.0,79.0,15.0,6.0,1.0
103.232,101,318198.0,600.0,104.0,712.0,600.0,0.0,1.0,0.0,0.0,0.5,0.029,0.59,0.502,0.508,0.045,0.599,0.518,0.0,0.0,-1.51,-5.31,60.04,60.08,0.0,0.0,0.0,0.0,0.0,0.0,0.0,1.0,1.0,0.0,-0.0,-0.0,0.0,0.0,0.0,0.0,0.0,0.0,0.0,0.0,0.0,170.0,145.0,170.0,170.0,14.0,8.0,47.0,79.0,15.0,6.0,1.0
103.295,72,318270.0,600.0,105.0,712.0,600.0,0.0,1.0,0.0,0.0,0.5,0.029,0.59,0.502,0.508,0.045,0.599,0.518,0.0,0.0,-1.51,-5.31,60.04,60.08,0.0,0.0,0.0,0.0,0.0,0.0,0.0,1.0,1.0,0.0,-0.0,-0.0,0.0,0.0,0.0,0.0,0.0,0.0,0.0,0.0,0.0,170.0,145.0,170.0,170.0,14.0,8.0,47.0,79.0,15.0,6.0,0.0
103.402,100,318370.0,600.0,105.0,712.0,600.0,0.0,1.0,0.0,0.0,0.5,0.029,0.587,0.501,0.508,0.045,0.595,0.517,0.0,0.0,-1.5,-5.3,60.04,60.08,0.0,0.0,0.0,0.0,0.0,0.0,0.0,1.0,1.0,0.0,-0.0,-0.0,0.0,0.0,0.0,0.0,0.0,0.0,0.0,0.0,0.0,170.0,145.0,170.0,170.0,14.0,8.0,47.0,79.0,15.0,6.0,0.0
103.467,71,318441.0,600.0,104.0,712.0,600.0,0.0,1.0,0.0,0.0,0.5,0.029,0.587,0.501,0.508,0.045,0.595,0.517,0.0,0.0,-1.5,-5.3,60.04,60.08,0.0,0.0,0.0,0.0,0.0,0.0,0.0,1.0,1.0,0.0,-0.0,-0.0,0.0,0.0,0.0,0.0,0.0,0.0,0.0,0.0,0.0,170.0,145.0,170.0,170.0,14.0,8.0,47.0,79.0,15.0,6.0,0.0
103.566,101,318542.0,600.0,104.0,712.0,600.0,0.0,1.0,0.0,0.0,0.5,0.029,0.586,0.5,0.508,0.045,0.594,0.516,0.0,0.0,-1.5,-5.3,60.04,60.08,0.0,0.0,0.0,0.0,0.0,0.0,0.0,1.0,1.0,0.0,-0.0,-0.0,0.0,0.0,0.0,0.0,0.0,0.0,0.0,0.0,0.0,170.0,145.0,170.0,170.0,14.0,8.0,47.0,79.0,15.0,6.0,1.0
103.632,52,318594.0,600.0,104.0,712.0,600.0,0.0,1.0,0.0,0.0,0.5,0.029,0.586,0.5,0.508,0.045,0.594,0.516,0.0,0.0,-1.5,-5.3,60.04,60.08,0.0,0.0,0.0,0.0,0.0,0.0,0.0,1.0,1.0,0.0,-0.0,-0.0,0.0,0.0,0.0,0.0,0.0,0.0,0.0,0.0,0.0,170.0,145.0,170.0,170.0,14.0,8.0,47.0,79.0,15.0,6.0,0.0
103.664,20,318614.0,600.0,104.0,712.0,600.0,0.0,1.0,0.0,0.0,0.5,0.029,0.586,0.5,0.508,0.045,0.594,0.516,0.0,0.0,-1.51,-5.31,60.04,60.08,0.0,0.0,0.0,0.0,0.0,0.0,0.0,1.0,1.0,0.0,-0.0,-0.0,0.0,0.0,0.0,0.0,0.0,0.0,0.0,0.0,0.0,170.0,145.0,170.0,170.0,14.0,8.0,47.0,79.0,15.0,6.0,0.0
103.763,99,318713.0,600.0,104.0,713.0,657.0,0.0,1.0,0.0,0.0,0.5,0.029,0.585,0.525,0.508,0.045,0.594,0.537,0.0,0.0,-1.51,-5.31,60.04,60.08,0.0,0.0,0.0,0.0,0.0,0.0,0.0,1.0,1.0,0.0,-0.0,-0.0,0.0,0.0,0.0,0.0,0.0,0.0,0.0,0.0,0.0,170.0,145.0,170.0,170.0,14.0,8.0,47.0,79.0,15.0,6.0,0.0
103.797,52,318765.0,600.0,104.0,713.0,657.0,0.0,1.0,0.0,0.0,0.5,0.029,0.585,0.525,0.508,0.045,0.594,0.537,0.0,0.0,-1.51,-5.31,60.04,60.08,0.0,0.0,0.0,0.0,0.0,0.0,0.0,1.0,1.0,0.0,-0.0,-0.0,0.0,0.0,0.0,0.0,0.0,0.0,0.0,0.0,0.0,170.0,145.0,170.0,170.0,14.0,8.0,47.0,79.0,15.0,6.0,0.0
103.829,19,318784.0,600.0,104.0,713.0,657.0,0.0,1.0,0.0,0.0,0.5,0.029,0.585,0.525,0.508,0.045,0.594,0.537,0.0,0.0,-1.51,-5.31,60.04,60.08,0.0,0.0,0.0,0.0,0.0,0.0,0.0,1.0,1.0,0.0,-0.0,-0.0,0.0,0.0,0.0,0.0,0.0,0.0,0.0,0.0,0.0,170.0,145.0,170.0,170.0,14.0,8.0,47.0,79.0,15.0,6.0,0.0
103.927,102,318886.0,600.0,104.0,713.0,657.0,0.0,1.0,0.0,0.0,0.5,0.029,0.585,0.536,0.508,0.045,0.594,0.55,0.0,0.0,-1.51,-5.31,60.04,60.08,0.0,0.0,0.0,0.0,0.0,0.0,0.0,1.0,1.0,0.0,-0.0,-0.0,0.0,0.0,0.0,0.0,0.0,0.0,0.0,0.0,0.0,170.0,145.0,170.0,170.0,14.0,8.0,47.0,79.0,15.0,6.0,0.0
103.996,71,318957.0,600.0,106.0,713.0,657.0,0.0,1.0,0.0,0.0,0.5,0.029,0.585,0.536,0.508,0.045,0.594,0.55,0.0,0.0,-1.51,-5.32,60.04,60.08,0.0,0.0,0.0,0.0,0.0,0.0,0.0,1.0,1.0,0.0,-0.0,-0.0,0.0,0.0,0.0,0.0,0.0,0.0,0.0,0.0,0.0,170.0,145.0,170.0,170.0,14.0,8.0,47.0,79.0,15.0,6.0,0.0
104.094,101,319058.0,600.0,106.0,713.0,657.0,0.0,1.0,0.0,0.0,0.5,0.03,0.585,0.541,0.508,0.046,0.594,0.556,0.0,0.0,-1.51,-5.32,60.04,60.08,0.0,0.0,0.0,0.0,0.0,0.0,0.0,1.0,1.0,0.0,-0.0,-0.0,0.0,0.0,0.0,0.0,0.0,0.0,0.0,0.0,0.0,170.0,145.0,170.0,170.0,14.0,8.0,47.0,79.0,15.0,6.0,1.0
104.169,71,319129.0,600.0,106.0,713.0,657.0,0.0,1.0,0.0,0.0,0.5,0.03,0.585,0.541,0.508,0.046,0.594,0.556,0.0,0.0,-1.5,-5.32,60.04,60.08,0.0,0.0,0.0,0.0,0.0,0.0,0.0,1.0,1.0,0.0,-0.0,-0.0,0.0,0.0,0.0,0.0,0.0,0.0,0.0,0.0,0.0,170.0,145.0,170.0,170.0,14.0,8.0,47.0,79.0,15.0,6.0,0.0
104.266,101,319230.0,600.0,106.0,713.0,657.0,0.0,1.0,0.0,0.0,0.5,0.03,0.585,0.543,0.508,0.046,0.594,0.559,0.0,0.0,-1.5,-5.32,60.04,60.08,0.0,0.0,0.0,0.0,0.0,0.0,0.0,1.0,1.0,0.0,-0.0,-0.0,0.0,0.0,0.0,0.0,0.0,0.0,0.0,0.0,0.0,170.0,145.0,170.0,170.0,14.0,8.0,47.0,79.0,15.0,6.0,0.0
104.332,71,319301.0,600.0,106.0,713.0,657.0,0.0,1.0,0.0,0.0,0.5,0.03,0.585,0.543,0.508,0.046,0.594,0.559,0.0,0.0,-1.5,-5.31,60.04,60.08,0.0,0.0,0.0,0.0,0.0,0.0,0.0,1.0,1.0,0.0,-0.0,-0.0,0.0,0.0,0.0,0.0,0.0,0.0,0.0,0.0,0.0,170.0,145.0,170.0,170.0,14.0,8.0,47.0,79.0,15.0,6.0,0.0
104.431,100,319401.0,600.0,106.0,713.0,716.0,0.0,1.0,0.0,0.0,0.5,0.03,0.585,0.567,0.509,0.046,0.594,0.579,0.0,0.0,-1.5,-5.3,60.04,60.08,0.0,0.0,0.0,0.0,0.0,0.0,0.0,1.0,1.0,0.0,-0.0,-0.0,0.0,0.0,0.0,0.0,0.0,0.0,0.0,0.0,0.0,170.0,145.0,170.0,170.0,14.0,8.0,47.0,79.0,15.0,6.0,0.0
104.494,52,319453.0,600.0,106.0,713.0,716.0,0.0,1.0,0.0,0.0,0.5,0.03,0.585,0.567,0.509,0.046,0.594,0.579,0.0,0.0,-1.5,-5.3,60.04,60.08,0.0,0.0,0.0,0.0,0.0,0.0,0.0,1.0,1.0,0.0,-0.0,-0.0,0.0,0.0,0.0,0.0,0.0,0.0,0.0,0.0,0.0,170.0,145.0,170.0,170.0,14.0,8.0,47.0,79.0,15.0,6.0,0.0
104.526,20,319473.0,600.0,107.0,713.0,716.0,0.0,1.0,0.0,0.0,0.5,0.03,0.585,0.567,0.509,0.046,0.594,0.579,0.0,0.0,-1.5,-5.3,60.04,60.08,0.0,0.0,0.0,0.0,0.0,0.0,0.0,1.0,1.0,0.0,-0.0,-0.0,0.0,0.0,0.0,0.0,0.0,0.0,0.0,0.0,0.0,170.0,145.0,170.0,170.0,14.0,8.0,47.0,79.0,15.0,6.0,0.0
104.628,99,319572.0,600.0,107.0,600.0,717.0,0.0,1.0,0.0,0.0,0.5,0.03,0.539,0.578,0.509,0.046,0.556,0.592,0.0,0.0,-1.5,-5.3,60.04,60.08,0.0,0.0,0.0,0.0,0.0,0.0,0.0,1.0,1.0,0.0,-0.0,-0.0,0.0,0.0,0.0,0.0,0.0,0.0,0.0,0.0,0.0,170.0,145.0,170.0,170.0,14.0,8.0,47.0,79.0,15.0,6.0,0.0
104.661,52,319624.0,600.0,107.0,600.0,717.0,0.0,1.0,0.0,0.0,0.5,0.03,0.539,0.578,0.509,0.046,0.556,0.592,0.0,0.0,-1.5,-5.3,60.04,60.08,0.0,0.0,0.0,0.0,0.0,0.0,0.0,1.0,1.0,0.0,-0.0,-0.0,0.0,0.0,0.0,0.0,0.0,0.0,0.0,0.0,0.0,170.0,145.0,170.0,170.0,14.0,8.0,47.0,79.0,15.0,6.0,0.0
104.693,19,319643.0,600.0,106.0,600.0,717.0,0.0,1.0,0.0,0.0,0.5,0.03,0.539,0.578,0.509,0.046,0.556,0.592,0.0,0.0,-1.5,-5.3,60.04,60.08,0.0,0.0,0.0,0.0,0.0,0.0,0.0,1.0,1.0,0.0,-0.0,-0.0,0.0,0.0,0.0,0.0,0.0,0.0,0.0,0.0,0.0,170.0,145.0,170.0,170.0,14.0,8.0,47.0,79.0,15.0,6.0,0.0
104.79,102,319745.0,600.0,106.0,600.0,781.0,0.0,1.0,0.0,0.0,0.5,0.03,0.518,0.605,0.509,0.045,0.531,0.616,0.0,0.0,-1.5,-5.3,60.04,60.08,0.0,0.0,0.0,0.0,0.0,0.0,0.0,1.0,1.0,0.0,-0.0,-0.0,0.0,0.0,0.0,0.0,0.0,0.0,0.0,0.0,0.0,170.0,145.0,170.0,170.0,14.0,8.0,47.0,79.0,15.0,6.0,0.0
104.823,52,319797.0,600.0,106.0,600.0,781.0,0.0,1.0,0.0,0.0,0.5,0.03,0.518,0.605,0.509,0.045,0.531,0.616,0.0,0.0,-1.5,-5.3,60.04,60.08,0.0,0.0,0.0,0.0,0.0,0.0,0.0,1.0,1.0,0.0,-0.0,-0.0,0.0,0.0,0.0,0.0,0.0,0.0,0.0,0.0,0.0,170.0,145.0,170.0,170.0,14.0,8.0,47.0,79.0,15.0,6.0,1.0
104.855,19,319816.0,600.0,104.0,600.0,781.0,0.0,1.0,0.0,0.0,0.5,0.03,0.518,0.605,0.509,0.045,0.531,0.616,0.0,0.0,-1.49,-5.3,60.04,60.08,0.0,0.0,0.0,0.0,0.0,0.0,0.0,1.0,1.0,0.0,-0.0,-0.0,0.0,0.0,0.0,0.0,0.0,0.0,0.0,0.0,0.0,170.0,145.0,170.0,170.0,14.0,8.0,47.0,79.0,15.0,6.0,0.0
104.962,99,319915.0,600.0,104.0,600.0,781.0,0.0,1.0,0.0,0.0,0.5,0.03,0.508,0.618,0.509,0.045,0.52,0.631,0.0,0.0,-1.49,-5.3,60.04,60.08,0.0,0.0,0.0,0.0,0.0,0.0,0.0,1.0,1.0,0.0,-0.0,-0.0,0.0,0.0,0.0,0.0,0.0,0.0,0.0,0.0,0.0,170.0,145.0,170.0,170.0,14.0,8.0,47.0,79.0,15.0,6.0,0.0
104.995,52,319967.0,600.0,104.0,600.0,781.0,0.0,1.0,0.0,0.0,0.5,0.03,0.508,0.618,0.509,0.045,0.52,0.631,0.0,0.0,-1.49,-5.3,60.04,60.08,0.0,0.0,0.0,0.0,0.0,0.0,0.0,1.0,1.0,0.0,-0.0,-0.0,0.0,0.0,0.0,0.0,0.0,0.0,0.0,0.0,0.0,170.0,145.0,170.0,170.0,14.0,8.0,47.0,79.0,15.0,6.0,0.0
105.028,19,319986.0,600.0,104.0,600.0,781.0,0.0,1.0,0.0,0.0,0.5,0.03,0.508,0.618,0.509,0.045,0.52,0.631,0.0,0.0,-1.49,-5.29,60.04,60.08,0.0,0.0,0.0,0.0,0.0,0.0,0.0,1.0,1.0,0.0,-0.0,-0.0,0.0,0.0,0.0,0.0,0.0,0.0,0.0,0.0,0.0,170.0,145.0,170.0,170.0,14.0,8.0,47.0,79.0,15.0,6.0,0.0
105.125,100,320086.0,600.0,104.0,709.0,781.0,0.0,1.0,0.0,0.0,0.5,0.029,0.548,0.624,0.51,0.045,0.551,0.638,0.0,0.0,-1.49,-5.29,60.04,60.08,0.0,0.0,0.0,0.0,0.0,0.0,0.0,1.0,1.0,0.0,-0.0,-0.0,0.0,0.0,0.0,0.0,0.0,0.0,0.0,0.0,0.0,170.0,145.0,170.0,170.0,14.0,8.0,47.0,79.0,15.0,6.0,0.0
105.192,71,320157.0,600.0,104.0,709.0,781.0,0.0,1.0,0.0,0.0,0.5,0.029,0.548,0.624,0.51,0.045,0.551,0.638,0.0,0.0,-1.49,-5.3,60.04,60.08,0.0,0.0,0.0,0.0,0.0,0.0,0.0,1.0,1.0,0.0,-0.0,-0.0,0.0,0.0,0.0,0.0,0.0,0.0,0.0,0.0,0.0,170.0,145.0,170.0,170.0,14.0,8.0,47.0,79.0,15.0,6.0,0.0
105.289,101,320258.0,600.0,104.0,709.0,722.0,0.0,1.0,0.0,0.0,0.5,0.029,0.567,0.606,0.509,0.045,0.573,0.625,0.0,0.0,-1.49,-5.3,60.04,60.08,0.0,0.0,0.0,0.0,0.0,0.0,0.0,1.0,1.0,0.0,-0.0,-0.0,0.0,0.0,0.0,0.0,0.0,0.0,0.0,0.0,0.0,170.0,145.0,170.0,170.0,14.0,8.0,47.0,79.0,15.0,6.0,1.0
105.355,72,320330.0,600.0,102.0,709.0,722.0,0.0,1.0,0.0,0.0,0.5,0.029,0.567,0.606,0.509,0.045,0.573,0.625,0.0,0.0,-1.49,-5.31,60.04,60.08,0.0,0.0,0.0,0.0,0.0,0.0,0.0,1.0,1.0,0.0,-0.0,-0.0,0.0,0.0,0.0,0.0,0.0,0.0,0.0,0.0,0.0,170.0,145.0,170.0,170.0,14.0,8.0,47.0,79.0,15.0,6.0,0.0
105.485,101,320431.0,600.0,102.0,709.0,663.0,0.0,1.0,0.0,0.0,0.5,0.029,0.575,0.576,0.509,0.045,0.583,0.597,0.0,0.0,-1.49,-5.31,60.04,60.08,0.0,0.0,0.0,0.0,0.0,0.0,0.0,1.0,1.0,0.0,-0.0,-0.0,0.0,0.0,0.0,0.0,0.0,0.0,0.0,0.0,0.0,170.0,145.0,170.0,170.0,14.0,8.0,47.0,79.0,15.0,6.0,1.0
105.518,51,320482.0,600.0,102.0,709.0,663.0,0.0,1.0,0.0,0.0,0.5,0.029,0.575,0.576,0.509,0.045,0.583,0.597,0.0,0.0,-1.5,-5.32,60.04,60.08,0.0,0.0,0.0,0.0,0.0,0.0,0.0,1.0,1.0,0.0,-0.0,-0.0,0.0,0.0,0.0,0.0,0.0,0.0,0.0,0.0,0.0,170.0,145.0,170.0,170.0,14.0,8.0,47.0,79.0,15.0,6.0,0.0
105.551,19,320501.0,600.0,102.0,709.0,663.0,0.0,1.0,0.0,0.0,0.5,0.029,0.575,0.576,0.509,0.045,0.583,0.597,0.0,0.0,-1.5,-5.32,60.04,60.08,0.0,0.0,0.0,0.0,0.0,0.0,0.0,1.0,1.0,0.0,-0.0,-0.0,0.0,0.0,0.0,0.0,0.0,0.0,0.0,0.0,0.0,170.0,145.0,170.0,170.0,14.0,8.0,47.0,79.0,15.0,6.0,0.0
105.649,101,320602.0,600.0,102.0,709.0,600.0,0.0,1.0,0.0,0.0,0.5,0.028,0.579,0.535,0.508,0.044,0.587,0.558,0.0,0.0,-1.5,-5.32,60.04,60.08,0.0,0.0,0.0,0.0,0.0,0.0,0.0,1.0,1.0,0.0,-0.0,-0.0,0.0,0.0,0.0,0.0,0.0,0.0,0.0,0.0,0.0,170.0,145.0,170.0,170.0,14.0,8.0,47.0,79.0,15.0,6.0,1.0
105.682,52,320654.0,600.0,102.0,709.0,600.0,0.0,1.0,0.0,0.0,0.5,0.028,0.579,0.535,0.508,0.044,0.587,0.558,0.0,0.0,-1.5,-5.32,60.04,60.08,0.0,0.0,0.0,0.0,0.0,0.0,0.0,1.0,1.0,0.0,-0.0,-0.0,0.0,0.0,0.0,0.0,0.0,0.0,0.0,0.0,0.0,170.0,145.0,170.0,170.0,14.0,8.0,47.0,79.0,15.0,6.0,0.0
105.722,19,320673.0,600.0,104.0,709.0,600.0,0.0,1.0,0.0,0.0,0.5,0.028,0.579,0.535,0.508,0.044,0.587,0.558,0.0,0.0,-1.5,-5.32,60.04,60.08,0.0,0.0,0.0,0.0,0.0,0.0,0.0,1.0,1.0,0.0,-0.0,-0.0,0.0,0.0,0.0,0.0,0.0,0.0,0.0,0.0,0.0,170.0,145.0,170.0,170.0,14.0,8.0,47.0,79.0,15.0,6.0,0.0
105.819,104,320777.0,600.0,104.0,709.0,600.0,0.0,1.0,0.0,0.0,0.5,0.029,0.581,0.516,0.508,0.045,0.589,0.535,0.0,0.0,-1.5,-5.32,60.04,60.08,0.0,0.0,0.0,0.0,0.0,0.0,0.0,1.0,1.0,0.0,-0.0,-0.0,0.0,0.0,0.0,0.0,0.0,0.0,0.0,0.0,0.0,170.0,145.0,170.0,170.0,14.0,8.0,47.0,79.0,15.0,6.0,0.0
105.854,52,320829.0,600.0,104.0,709.0,600.0,0.0,1.0,0.0,0.0,0.5,0.029,0.581,0.516,0.508,0.045,0.589,0.535,0.0,0.0,-1.5,-5.32,60.04,60.08,0.0,0.0,0.0,0.0,0.0,0.0,0.0,1.0,1.0,0.0,-0.0,-0.0,0.0,0.0,0.0,0.0,0.0,0.0,0.0,0.0,0.0,170.0,145.0,170.0,170.0,14.0,8.0,47.0,79.0,15.0,6.0,1.0
105.886,19,320848.0,600.0,104.0,709.0,600.0,0.0,1.0,0.0,0.0,0.5,0.029,0.581,0.516,0.508,0.045,0.589,0.535,0.0,0.0,-1.5,-5.32,60.04,60.08,0.0,0.0,0.0,0.0,0.0,0.0,0.0,1.0,1.0,0.0,-0.0,-0.0,0.0,0.0,0.0,0.0,0.0,0.0,0.0,0.0,0.0,170.0,145.0,170.0,170.0,14.0,8.0,47.0,79.0,15.0,6.0,0.0
105.984,102,320950.0,600.0,104.0,600.0,600.0,0.0,1.0,0.0,0.0,0.5,0.029,0.537,0.508,0.508,0.044,0.552,0.524,0.0,0.0,-1.51,-5.32,60.04,60.08,0.0,0.0,0.0,0.0,0.0,0.0,0.0,1.0,1.0,0.0,-0.0,-0.0,0.0,0.0,0.0,0.0,0.0,0.0,0.0,0.0,0.0,170.0,145.0,170.0,170.0,14.0,8.0,47.0,79.0,15.0,6.0,0.0
106.049,71,321021.0,600.0,103.0,600.0,600.0,0.0,1.0,0.0,0.0,0.5,0.029,0.537,0.508,0.508,0.044,0.552,0.524,0.0,0.0,-1.51,-5.32,60.04,60.08,0.0,0.0,0.0,0.0,0.0,0.0,0.0,1.0,1.0,0.0,-0.0,-0.0,0.0,0.0,0.0,0.0,0.0,0.0,0.0,0.0,0.0,170.0,145.0,170.0,170.0,14.0,8.0,47.0,79.0,15.0,6.0,0.0
106.147,102,321123.0,600.0,103.0,600.0,600.0,0.0,1.0,0.0,0.0,0.5,0.029,0.517,0.503,0.508,0.044,0.529,0.519,0.0,0.0,-1.51,-5.32,60.04,60.08,0.0,0.0,0.0,0.0,0.0,0.0,0.0,1.0,1.0,0.0,-0.0,-0.0,0.0,0.0,0.0,0.0,0.0,0.0,0.0,0.0,0.0,170.0,145.0,170.0,170.0,14.0,8.0,47.0,79.0,15.0,6.0,1.0
106.212,51,321174.0,600.0,103.0,600.0,600.0,0.0,1.0,0.0,0.0,0.5,0.029,0.517,0.503,0.508,0.044,0.529,0.519,0.0,0.0,-1.51,-5.32,60.04,60.08,0.0,0.0,0.0,0.0,0.0,0.0,0.0,1.0,1.0,0.0,-0.0,-0.0,0.0,0.0,0.0,0.0,0.0,0.0,0.0,0.0,0.0,170.0,145.0,170.0,170.0,14.0,8.0,47.0,79.0,15.0,6.0,0.0
106.245,20,321194.0,600.0,104.0,600.0,600.0,0.0,1.0,0.0,0.0,0.5,0.029,0.517,0.503,0.508,0.044,0.529,0.519,0.0,0.0,-1.51,-5.32,60.04,60.08,0.0,0.0,0.0,0.0,0.0,0.0,0.0,1.0,1.0,0.0,-0.0,-0.0,0.0,0.0,0.0,0.0,0.0,0.0,0.0,0.0,0.0,170.0,145.0,170.0,170.0,14.0,8.0,47.0,79.0,15.0,6.0,0.0
106.343,94,321288.0,600.0,104.0,600.0,600.0,0.0,1.0,0.0,0.0,0.5,0.029,0.508,0.502,0.508,0.044,0.517,0.517,0.0,0.0,-1.51,-5.32,60.04,60.08,0.0,0.0,0.0,0.0,0.0,0.0,0.0,1.0,1.0,0.0,-0.0,-0.0,0.0,0.0,0.0,0.0,0.0,0.0,0.0,0.0,0.0,170.0,145.0,170.0,170.0,14.0,8.0,47.0,79.0,15.0,6.0,0.0
106.376,52,321340.0,600.0,104.0,600.0,600.0,0.0,1.0,0.0,0.0,0.5,0.029,0.508,0.502,0.508,0.044,0.517,0.517,0.0,0.0,-1.51,-5.32,60.04,60.08,0.0,0.0,0.0,0.0,0.0,0.0,0.0,1.0,1.0,0.0,-0.0,-0.0,0.0,0.0,0.0,0.0,0.0,0.0,0.0,0.0,0.0,170.0,145.0,170.0,170.0,14.0,8.0,47.0,79.0,15.0,6.0,0.0
106.409,21,321361.0,600.0,103.0,600.0,600.0,0.0,1.0,0.0,0.0,0.5,0.029,0.508,0.502,0.508,0.044,0.517,0.517,0.0,0.0,-1.5,-5.32,60.04,60.08,0.0,0.0,0.0,0.0,0.0,0.0,0.0,1.0,1.0,0.0,-0.0,-0.0,0.0,0.0,0.0,0.0,0.0,0.0,0.0,0.0,0.0,170.0,145.0,170.0,170.0,14.0,8.0,47.0,79.0,15.0,6.0,1.0
106.506,99,321460.0,600.0,103.0,701.0,600.0,0.0,1.0,0.0,0.0,0.5,0.029,0.545,0.501,0.508,0.044,0.547,0.516,0.0,0.0,-1.5,-5.31,60.04,60.08,0.0,0.0,0.0,0.0,0.0,0.0,0.0,1.0,1.0,0.0,-0.0,-0.0,0.0,0.0,0.0,0.0,0.0,0.0,0.0,0.0,0.0,170.0,145.0,170.0,170.0,14.0,8.0,47.0,79.0,15.0,6.0,0.0
106.538,52,321512.0,600.0,103.0,701.0,600.0,0.0,1.0,0.0,0.0,0.5,0.029,0.545,0.501,0.508,0.044,0.547,0.516,0.0,0.0,-1.5,-5.31,60.04,60.08,0.0,0.0,0.0,0.0,0.0,0.0,0.0,1.0,1.0,0.0,-0.0,-0.0,0.0,0.0,0.0,0.0,0.0,0.0,0.0,0.0,0.0,170.0,145.0,170.0,170.0,14.0,8.0,47.0,79.0,15.0,6.0,0.0
106.571,19,321531.0,600.0,104.0,701.0,600.0,0.0,1.0,0.0,0.0,0.5,0.029,0.545,0.501,0.508,0.044,0.547,0.516,0.0,0.0,-1.5,-5.31,60.04,60.08,0.0,0.0,0.0,0.0,0.0,0.0,0.0,1.0,1.0,0.0,-0.0,-0.0,0.0,0.0,0.0,0.0,0.0,0.0,0.0,0.0,0.0,170.0,145.0,170.0,170.0,14.0,8.0,47.0,79.0,15.0,6.0,0.0
106.669,101,321632.0,600.0,104.0,701.0,600.0,0.0,1.0,0.0,0.0,0.5,0.029,0.562,0.5,0.508,0.045,0.567,0.516,0.0,0.0,-1.51,-5.31,60.04,60.08,0.0,0.0,0.0,0.0,0.0,0.0,0.0,1.0,1.0,0.0,-0.0,-0.0,0.0,0.0,0.0,0.0,0.0,0.0,0.0,0.0,0.0,170.0,145.0,170.0,170.0,14.0,8.0,47.0,79.0,15.0,6.0,0.0
106.74,71,321703.0,600.0,104.0,701.0,600.0,0.0,1.0,0.0,0.0,0.5,0.029,0.562,0.5,0.508,0.045,0.567,0.516,0.0,0.0,-1.51,-5.31,60.04,60.08,0.0,0.0,0.0,0.0,0.0,0.0,0.0,1.0,1.0,0.0,-0.0,-0.0,0.0,0.0,0.0,0.0,0.0,0.0,0.0,0.0,0.0,170.0,145.0,170.0,170.0,14.0,8.0,47.0,79.0,15.0,6.0,0.0
106.838,100,321803.0,600.0,104.0,701.0,600.0,0.0,1.0,0.0,0.0,0.5,0.029,0.57,0.5,0.508,0.045,0.577,0.516,0.0,0.0,-1.51,-5.31,60.04,60.08,0.0,0.0,0.0,0.0,0.0,0.0,0.0,1.0,1.0,0.0,-0.0,-0.0,0.0,0.0,0.0,0.0,0.0,0.0,0.0,0.0,0.0,170.0,145.0,170.0,170.0,14.0,8.0,47.0,79.0,15.0,6.0,1.0
106.904,71,321874.0,600.0,104.0,701.0,600.0,0.0,1.0,0.0,0.0,0.5,0.029,0.57,0.5,0.508,0.045,0.577,0.516,0.0,0.0,-1.51,-5.31,60.04,60.08,0.0,0.0,0.0,0.0,0.0,0.0,0.0,1.0,1.0,0.0,-0.0,-0.0,0.0,0.0,0.0,0.0,0.0,0.0,0.0,0.0,0.0,170.0,145.0,170.0,170.0,14.0,8.0,47.0,79.0,15.0,6.0,0.0
107.001,101,321975.0,600.0,104.0,701.0,600.0,0.0,1.0,0.0,0.0,0.5,0.029,0.574,0.5,0.508,0.045,0.581,0.516,0.0,0.0,-1.51,-5.31,60.04,60.08,0.0,0.0,0.0,0.0,0.0,0.0,0.0,1.0,1.0,0.0,-0.0,-0.0,0.0,0.0,0.0,0.0,0.0,0.0,0.0,0.0,0.0,170.0,145.0,170.0,170.0,14.0,8.0,47.0,79.0,15.0,6.0,0.0
107.067,52,322027.0,600.0,104.0,701.0,600.0,0.0,1.0,0.0,0.0,0.5,0.029,0.574,0.5,0.508,0.045,0.581,0.516,0.0,0.0,-1.51,-5.31,60.04,60.08,0.0,0.0,0.0,0.0,0.0,0.0,0.0,1.0,1.0,0.0,-0.0,-0.0,0.0,0.0,0.0,0.0,0.0,0.0,0.0,0.0,0.0,170.0,145.0,170.0,170.0,14.0,8.0,47.0,79.0,15.0,6.0,0.0
107.099,20,322047.0,600.0,104.0,701.0,600.0,0.0,1.0,0.0,0.0,0.5,0.029,0.574,0.5,0.508,0.045,0.581,0.516,0.0,0.0,-1.51,-5.31,60.04,60.08,0.0,0.0,0.0,0.0,0.0,0.0,0.0,1.0,1.0,0.0,-0.0,-0.0,0.0,0.0,0.0,0.0,0.0,0.0,0.0,0.0,0.0,170.0,145.0,170.0,170.0,14.0,8.0,47.0,79.0,15.0,6.0,0.0
107.197,100,322147.0,600.0,104.0,808.0,600.0,0.0,1.0,0.0,0.0,0.5,0.029,0.612,0.5,0.508,0.045,0.613,0.516,0.0,0.0,-1.5,-5.3,60.04,60.08,0.0,0.0,0.0,0.0,0.0,0.0,0.0,1.0,1.0,0.0,-0.0,-0.0,0.0,0.0,0.0,0.0,0.0,0.0,0.0,0.0,0.0,170.0,145.0,170.0,170.0,14.0,8.0,47.0,79.0,15.0,6.0,1.0
107.23,52,322199.0,600.0,104.0,808.0,600.0,0.0,1.0,0.0,0.0,0.5,0.029,0.612,0.5,0.508,0.045,0.613,0.516,0.0,0.0,-1.5,-5.3,60.04,60.08,0.0,0.0,0.0,0.0,0.0,0.0,0.0,1.0,1.0,0.0,-0.0,-0.0,0.0,0.0,0.0,0.0,0.0,0.0,0.0,0.0,0.0,170.0,145.0,170.0,170.0,14.0,8.0,47.0,79.0,15.0,6.0,1.0
107.263,19,322218.0,600.0,104.0,808.0,600.0,0.0,1.0,0.0,0.0,0.5,0.029,0.612,0.5,0.508,0.045,0.613,0.516,0.0,0.0,-1.49,-5.3,60.04,60.08,0.0,0.0,0.0,0.0,0.0,0.0,0.0,1.0,1.0,0.0,-0.0,-0.0,0.0,0.0,0.0,0.0,0.0,0.0,0.0,0.0,0.0,170.0,145.0,170.0,170.0,14.0,8.0,47.0,79.0,15.0,6.0,0.0
107.36,94,322312.0,600.0,104.0,707.0,600.0,0.0,1.0,0.0,0.0,0.5,0.029,0.595,0.5,0.508,0.045,0.605,0.516,0.0,0.0,-1.49,-5.3,60.04,60.08,0.0,0.0,0.0,0.0,0.0,0.0,0.0,1.0,1.0,0.0,-0.0,-0.0,0.0,0.0,0.0,0.0,0.0,0.0,0.0,0.0,0.0,170.0,145.0,170.0,170.0,14.0,8.0,47.0,79.0,15.0,6.0,0.0
107.394,52,322364.0,600.0,104.0,707.0,600.0,0.0,1.0,0.0,0.0,0.5,0.029,0.595,0.5,0.508,0.045,0.605,0.516,0.0,0.0,-1.49,-5.3,60.04,60.08,0.0,0.0,0.0,0.0,0.0,0.0,0.0,1.0,1.0,0.0,-0.0,-0.0,0.0,0.0,0.0,0.0,0.0,0.0,0.0,0.0,0.0,170.0,145.0,170.0,170.0,14.0,8.0,47.0,79.0,15.0,6.0,0.0
107.427,19,322383.0,600.0,102.0,707.0,600.0,0.0,1.0,0.0,0.0,0.5,0.029,0.595,0.5,0.508,0.045,0.605,0.516,0.0,0.0,-1.49,-5.3,60.04,60.08,0.0,0.0,0.0,0.0,0.0,0.0,0.0,1.0,1.0,0.0,-0.0,-0.0,0.0,0.0,0.0,0.0,0.0,0.0,0.0,0.0,0.0,170.0,145.0,170.0,170.0,14.0,8.0,47.0,79.0,15.0,6.0,0.0
107.524,102,322485.0,600.0,102.0,707.0,600.0,0.0,1.0,0.0,0.0,0.5,0.029,0.588,0.5,0.508,0.045,0.597,0.516,0.0,0.0,-1.5,-5.3,60.04,60.08,0.0,0.0,0.0,0.0,0.0,0.0,0.0,1.0,1.0,0.0,-0.0,-0.0,0.0,0.0,0.0,0.0,0.0,0.0,0.0,0.0,0.0,170.0,145.0,170.0,170.0,14.0,8.0,47.0,79.0,15.0,6.0,0.0
107.59,71,322556.0,600.0,102.0,707.0,600.0,0.0,1.0,0.0,0.0,0.5,0.029,0.588,0.5,0.508,0.045,0.597,0.516,0.0,0.0,-1.5,-5.3,60.04,60.08,0.0,0.0,0.0,0.0,0.0,0.0,0.0,1.0,1.0,0.0,-0.0,-0.0,0.0,0.0,0.0,0.0,0.0,0.0,0.0,0.0,0.0,170.0,145.0,170.0,170.0,14.0,8.0,47.0,79.0,15.0,6.0,0.0
107.687,101,322657.0,600.0,102.0,824.0,663.0,0.0,1.0,0.0,0.0,0.5,0.028,0.623,0.527,0.508,0.045,0.626,0.539,0.0,0.0,-1.51,-5.31,60.04,60.08,0.0,0.0,0.0,0.0,0.0,0.0,0.0,1.0,1.0,0.0,-0.0,-0.0,0.0,0.0,0.0,0.0,0.0,0.0,0.0,0.0,0.0,170.0,145.0,170.0,170.0,14.0,8.0,47.0,79.0,15.0,6.0,0.0
107.753,71,322728.0,600.0,103.0,824.0,663.0,0.0,1.0,0.0,0.0,0.5,0.028,0.623,0.527,0.508,0.045,0.626,0.539,0.0,0.0,-1.51,-5.31,60.04,60.08,0.0,0.0,0.0,0.0,0.0,0.0,0.0,1.0,1.0,0.0,-0.0,-0.0,0.0,0.0,0.0,0.0,0.0,0.0,0.0,0.0,0.0,170.0,145.0,170.0,170.0,14.0,8.0,47.0,79.0,15.0,6.0,0.0
107.883,104,322832.0,600.0,103.0,824.0,663.0,0.0,1.0,0.0,0.0,0.5,0.029,0.64,0.539,0.508,0.045,0.645,0.554,0.0,0.0,-1.5,-5.3,60.04,60.08,0.0,0.0,0.0,0.0,0.0,0.0,0.0,1.0,1.0,0.0,-0.0,-0.0,0.0,0.0,0.0,0.0,0.0,0.0,0.0,0.0,0.0,170.0,145.0,170.0,170.0,14.0,8.0,47.0,79.0,15.0,6.0,0.0
107.916,52,322884.0,600.0,103.0,824.0,663.0,0.0,1.0,0.0,0.0,0.5,0.029,0.64,0.539,0.508,0.045,0.645,0.554,0.0,0.0,-1.5,-5.3,60.04,60.08,0.0,0.0,0.0,0.0,0.0,0.0,0.0,1.0,1.0,0.0,-0.0,-0.0,0.0,0.0,0.0,0.0,0.0,0.0,0.0,0.0,0.0,170.0,145.0,170.0,170.0,14.0,8.0,47.0,79.0,15.0,6.0,0.0
107.949,20,322904.0,600.0,104.0,824.0,663.0,0.0,1.0,0.0,0.0,0.5,0.029,0.64,0.539,0.508,0.045,0.645,0.554,0.0,0.0,-1.49,-5.3,60.04,60.08,0.0,0.0,0.0,0.0,0.0,0.0,0.0,1.0,1.0,0.0,-0.0,-0.0,0.0,0.0,0.0,0.0,0.0,0.0,0.0,0.0,0.0,170.0,145.0,170.0,170.0,14.0,8.0,47.0,79.0,15.0,6.0,0.0
108.047,100,323004.0,600.0,104.0,826.0,721.0,0.0,1.0,0.0,0.0,0.5,0.029,0.648,0.567,0.509,0.046,0.655,0.579,0.0,0.0,-1.49,-5.3,60.04,60.08,0.0,0.0,0.0,0.0,0.0,0.0,0.0,1.0,1.0,0.0,-0.0,-0.0,0.0,0.0,0.0,0.0,0.0,0.0,0.0,0.0,0.0,170.0,145.0,170.0,170.0,14.0,8.0,47.0,79.0,15.0,6.0,1.0
108.112,71,323075.0,600.0,104.0,826.0,721.0,0.0,1.0,0.0,0.0,0.5,0.029,0.648,0.567,0.509,0.046,0.655,0.579,0.0,0.0,-1.49,-5.29,60.04,60.08,0.0,0.0,0.0,0.0,0.0,0.0,0.0,1.0,1.0,0.0,-0.0,-0.0,0.0,0.0,0.0,0.0,0.0,0.0,0.0,0.0,0.0,170.0,145.0,170.0,170.0,14.0,8.0,47.0,79.0,15.0,6.0,0.0
108.209,99,323174.0,600.0,104.0,826.0,721.0,0.0,1.0,0.0,0.0,0.5,0.029,0.651,0.58,0.509,0.046,0.66,0.595,0.0,0.0,-1.49,-5.29,60.04,60.08,0.0,0.0,0.0,0.0,0.0,0.0,0.0,1.0,1.0,0.0,-0.0,-0.0,0.0,0.0,0.0,0.0,0.0,0.0,0.0,0.0,0.0,170.0,145.0,170.0,170.0,14.0,8.0,47.0,79.0,15.0,6.0,1.0
108.274,71,323245.0,600.0,104.0,826.0,721.0,0.0,1.0,0.0,0.0,0.5,0.029,0.651,0.58,0.509,0.046,0.66,0.595,0.0,0.0,-1.49,-5.29,60.04,60.08,0.0,0.0,0.0,0.0,0.0,0.0,0.0,1.0,1.0,0.0,-0.0,-0.0,0.0,0.0,0.0,0.0,0.0,0.0,0.0,0.0,0.0,170.0,145.0,170.0,170.0,14.0,8.0,47.0,79.0,15.0,6.0,0.0
108.372,102,323347.0,600.0,104.0,939.0,783.0,0.0,1.0,0.0,0.0,0.5,0.029,0.683,0.607,0.509,0.046,0.687,0.62,0.0,0.0,-1.49,-5.29,60.04,60.08,0.0,0.0,0.0,0.0,0.0,0.0,0.0,1.0,1.0,0.0,-0.0,-0.0,0.0,0.0,0.0,0.0,0.0,0.0,0.0,0.0,0.0,170.0,145.0,170.0,170.0,14.0,8.0,47.0,79.0,15.0,6.0,0.0
108.435,52,323399.0,600.0,104.0,939.0,783.0,0.0,1.0,0.0,0.0,0.5,0.029,0.683,0.607,0.509,0.046,0.687,0.62,0.0,0.0,-1.49,-5.29,60.04,60.08,0.0,0.0,0.0,0.0,0.0,0.0,0.0,1.0,1.0,0.0,-0.0,-0.0,0.0,0.0,0.0,0.0,0.0,0.0,0.0,0.0,0.0,170.0,145.0,170.0,170.0,14.0,8.0,47.0,79.0,15.0,6.0,0.0
108.466,19,323418.0,600.0,104.0,939.0,783.0,0.0,1.0,0.0,0.0,0.5,0.029,0.683,0.607,0.509,0.046,0.687,0.62,0.0,0.0,-1.49,-5.29,60.04,60.08,0.0,0.0,0.0,0.0,0.0,0.0,0.0,1.0,1.0,0.0,-0.0,-0.0,0.0,0.0,0.0,0.0,0.0,0.0,0.0,0.0,0.0,170.0,145.0,170.0,170.0,14.0,8.0,47.0,79.0,15.0,6.0,0.0
108.564,99,323517.0,600.0,104.0,915.0,742.0,0.0,1.0,0.0,0.0,0.5,0.029,0.692,0.606,0.509,0.047,0.699,0.623,0.0,0.0,-1.49,-5.29,60.04,60.08,0.0,0.0,0.0,0.0,0.0,0.0,0.0,1.0,1.0,0.0,-0.0,-0.0,0.0,0.0,0.0,0.0,0.0,0.0,0.0,0.0,0.0,170.0,145.0,170.0,170.0,14.0,8.0,47.0,79.0,15.0,6.0,1.0
108.613,52,323569.0,600.0,104.0,915.0,742.0,0.0,1.0,0.0,0.0,0.5,0.029,0.692,0.606,0.509,0.047,0.699,0.623,0.0,0.0,-1.49,-5.29,60.04,60.08,0.0,0.0,0.0,0.0,0.0,0.0,0.0,1.0,1.0,0.0,-0.0,-0.0,0.0,0.0,0.0,0.0,0.0,0.0,0.0,0.0,0.0,170.0,145.0,170.0,170.0,14.0,8.0,47.0,79.0,15.0,6.0,0.0
108.646,19,323588.0,600.0,104.0,915.0,742.0,0.0,1.0,0.0,0.0,0.5,0.029,0.692,0.606,0.509,0.047,0.699,0.623,0.0,0.0,-1.49,-5.29,60.04,60.08,0.0,0.0,0.0,0.0,0.0,0.0,0.0,1.0,1.0,0.0,-0.0,-0.0,0.0,0.0,0.0,0.0,0.0,0.0,0.0,0.0,0.0,170.0,145.0,170.0,170.0,14.0,8.0,47.0,79.0,15.0,6.0,0.0
108.749,105,323693.0,600.0,104.0,915.0,802.0,0.0,1.0,0.0,0.0,0.5,0.029,0.696,0.625,0.51,0.047,0.705,0.639,0.0,0.0,-1.48,-5.29,60.04,60.08,0.0,0.0,0.0,0.0,0.0,0.0,0.0,1.0,1.0,0.0,-0.0,-0.0,0.0,0.0,0.0,0.0,0.0,0.0,0.0,0.0,0.0,170.0,145.0,170.0,170.0,14.0,8.0,47.0,79.0,15.0,6.0,0.0
108.782,52,323745.0,600.0,104.0,915.0,802.0,0.0,1.0,0.0,0.0,0.5,0.029,0.696,0.625,0.51,0.047,0.705,0.639,0.0,0.0,-1.48,-5.29,60.04,60.08,0.0,0.0,0.0,0.0,0.0,0.0,0.0,1.0,1.0,0.0,-0.0,-0.0,0.0,0.0,0.0,0.0,0.0,0.0,0.0,0.0,0.0,170.0,145.0,170.0,170.0,14.0,8.0,47.0,79.0,15.0,6.0,0.0
108.814,20,323765.0,600.0,104.0,915.0,802.0,0.0,1.0,0.0,0.0,0.5,0.029,0.696,0.625,0.51,0.047,0.705,0.639,0.0,0.0,-1.48,-5.28,60.04,60.08,0.0,0.0,0.0,0.0,0.0,0.0,0.0,1.0,1.0,0.0,-0.0,-0.0,0.0,0.0,0.0,0.0,0.0,0.0,0.0,0.0,0.0,170.0,145.0,170.0,170.0,14.0,8.0,47.0,79.0,15.0,6.0,0.0
108.912,101,323866.0,600.0,104.0,903.0,805.0,0.0,1.0,0.0,0.0,0.5,0.029,0.695,0.635,0.51,0.047,0.705,0.65,0.0,0.0,-1.48,-5.28,60.04,60.08,0.0,0.0,0.0,0.0,0.0,0.0,0.0,1.0,1.0,0.0,-0.0,-0.0,0.0,0.0,0.0,0.0,0.0,0.0,0.0,0.0,0.0,170.0,145.0,170.0,170.0,14.0,8.0,47.0,79.0,15.0,6.0,1.0
108.945,52,323918.0,600.0,104.0,903.0,805.0,0.0,1.0,0.0,0.0,0.5,0.029,0.695,0.635,0.51,0.047,0.705,0.65,0.0,0.0,-1.49,-5.29,60.04,60.08,0.0,0.0,0.0,0.0,0.0,0.0,0.0,1.0,1.0,0.0,-0.0,-0.0,0.0,0.0,0.0,0.0,0.0,0.0,0.0,0.0,0.0,170.0,145.0,170.0,170.0,14.0,8.0,47.0,79.0,15.0,6.0,0.0
108.977,19,323937.0,600.0,105.0,903.0,805.0,0.0,1.0,0.0,0.0,0.5,0.029,0.695,0.635,0.51,0.047,0.705,0.65,0.0,0.0,-1.49,-5.29,60.04,60.08,0.0,0.0,0.0,0.0,0.0,0.0,0.0,1.0,1.0,0.0,-0.0,-0.0,0.0,0.0,0.0,0.0,0.0,0.0,0.0,0.0,0.0,170.0,145.0,170.0,170.0,14.0,8.0,47.0,79.0,15.0,6.0,0.0
109.071,100,324037.0,600.0,105.0,903.0,805.0,0.0,1.0,0.0,0.0,0.5,0.03,0.694,0.639,0.51,0.047,0.704,0.656,0.0,0.0,-1.49,-5.29,60.04,60.08,0.0,0.0,0.0,0.0,0.0,0.0,0.0,1.0,1.0,0.0,-0.0,-0.0,0.0,0.0,0.0,0.0,0.0,0.0,0.0,0.0,0.0,170.0,145.0,170.0,170.0,14.0,8.0,47.0,79.0,15.0,6.0,0.0
109.137,71,324108.0,600.0,104.0,903.0,805.0,0.0,1.0,0.0,0.0,0.5,0.03,0.694,0.639,0.51,0.047,0.704,0.656,0.0,0.0,-1.49,-5.29,60.04,60.08,0.0,0.0,0.0,0.0,0.0,0.0,0.0,1.0,1.0,0.0,-0.0,-0.0,0.0,0.0,0.0,0.0,0.0,0.0,0.0,0.0,0.0,170.0,145.0,170.0,170.0,14.0,8.0,47.0,79.0,15.0,6.0,0.0
109.234,100,324208.0,600.0,104.0,791.0,743.0,0.0,1.0,0.0,0.0,0.5,0.029,0.662,0.621,0.51,0.047,0.677,0.641,0.0,0.0,-1.49,-5.29,60.04,60.08,0.0,0.0,0.0,0.0,0.0,0.0,0.0,1.0,1.0,0.0,-0.0,-0.0,0.0,0.0,0.0,0.0,0.0,0.0,0.0,0.0,0.0,170.0,145.0,170.0,170.0,14.0,8.0,47.0,79.0,15.0,6.0,0.0
109.3,52,324260.0,600.0,104.0,791.0,743.0,0.0,1.0,0.0,0.0,0.5,0.029,0.662,0.621,0.51,0.047,0.677,0.641,0.0,0.0,-1.49,-5.3,60.04,60.08,0.0,0.0,0.0,0.0,0.0,0.0,0.0,1.0,1.0,0.0,-0.0,-0.0,0.0,0.0,0.0,0.0,0.0,0.0,0.0,0.0,0.0,170.0,145.0,170.0,170.0,14.0,8.0,47.0,79.0,15.0,6.0,0.0
109.332,19,324279.0,600.0,105.0,791.0,743.0,0.0,1.0,0.0,0.0,0.5,0.029,0.662,0.621,0.51,0.047,0.677,0.641,0.0,0.0,-1.49,-5.3,60.04,60.08,0.0,0.0,0.0,0.0,0.0,0.0,0.0,1.0,1.0,0.0,-0.0,-0.0,0.0,0.0,0.0,0.0,0.0,0.0,0.0,0.0,0.0,170.0,145.0,170.0,170.0,14.0,8.0,47.0,79.0,15.0,6.0,0.0
109.43,100,324379.0,600.0,105.0,812.0,721.0,0.0,1.0,0.0,0.0,0.5,0.03,0.654,0.605,0.509,0.047,0.665,0.624,0.0,0.0,-1.5,-5.3,60.04,60.08,0.0,0.0,0.0,0.0,0.0,0.0,0.0,1.0,1.0,0.0,-0.0,-0.0,0.0,0.0,0.0,0.0,0.0,0.0,0.0,0.0,0.0,170.0,145.0,170.0,170.0,14.0,8.0,47.0,79.0,15.0,6.0,0.0
109.463,52,324431.0,600.0,105.0,812.0,721.0,0.0,1.0,0.0,0.0,0.5,0.03,0.654,0.605,0.509,0.047,0.665,0.624,0.0,0.0,-1.5,-5.3,60.04,60.08,0.0,0.0,0.0,0.0,0.0,0.0,0.0,1.0,1.0,0.0,-0.0,-0.0,0.0,0.0,0.0,0.0,0.0,0.0,0.0,0.0,0.0,170.0,145.0,170.0,170.0,14.0,8.0,47.0,79.0,15.0,6.0,0.0
109.495,19,324450.0,600.0,105.0,812.0,721.0,0.0,1.0,0.0,0.0,0.5,0.03,0.654,0.605,0.509,0.047,0.665,0.624,0.0,0.0,-1.5,-5.31,60.04,60.08,0.0,0.0,0.0,0.0,0.0,0.0,0.0,1.0,1.0,0.0,-0.0,-0.0,0.0,0.0,0.0,0.0,0.0,0.0,0.0,0.0,0.0,170.0,145.0,170.0,170.0,14.0,8.0,47.0,79.0,15.0,6.0,0.0
109.592,104,324554.0,600.0,105.0,913.0,661.0,0.0,1.0,0.0,0.0,0.5,0.03,0.678,0.575,0.509,0.047,0.683,0.597,0.0,0.0,-1.5,-5.32,60.04,60.08,0.0,0.0,0.0,0.0,0.0,0.0,0.0,1.0,1.0,0.0,-0.0,-0.0,0.0,0.0,0.0,0.0,0.0,0.0,0.0,0.0,0.0,170.0,145.0,170.0,170.0,14.0,8.0,47.0,79.0,15.0,6.0,0.0
109.658,72,324626.0,600.0,105.0,913.0,661.0,0.0,1.0,0.0,0.0,0.5,0.03,0.678,0.575,0.509,0.047,0.683,0.597,0.0,0.0,-1.5,-5.32,60.04,60.08,0.0,0.0,0.0,0.0,0.0,0.0,0.0,1.0,1.0,0.0,-0.0,-0.0,0.0,0.0,0.0,0.0,0.0,0.0,0.0,0.0,0.0,170.0,145.0,170.0,170.0,14.0,8.0,47.0,79.0,15.0,6.0,0.0
109.753,99,324725.0,600.0,105.0,817.0,600.0,0.0,1.0,0.0,0.0,0.5,0.03,0.663,0.534,0.508,0.047,0.673,0.558,0.0,0.0,-1.51,-5.32,60.04,60.08,0.0,0.0,0.0,0.0,0.0,0.0,0.0,1.0,1.0,0.0,-0.0,-0.0,0.0,0.0,0.0,0.0,0.0,0.0,0.0,0.0,0.0,170.0,145.0,170.0,170.0,14.0,8.0,47.0,79.0,15.0,6.0,0.0
109.817,52,324777.0,600.0,105.0,817.0,600.0,0.0,1.0,0.0,0.0,0.5,0.03,0.663,0.534,0.508,0.047,0.673,0.558,0.0,0.0,-1.51,-5.32,60.04,60.08,0.0,0.0,0.0,0.0,0.0,0.0,0.0,1.0,1.0,0.0,-0.0,-0.0,0.0,0.0,0.0,0.0,0.0,0.0,0.0,0.0,0.0,170.0,145.0,170.0,170.0,14.0,8.0,47.0,79.0,15.0,6.0,0.0
109.849,19,324796.0,600.0,104.0,817.0,600.0,0.0,1.0,0.0,0.0,0.5,0.03,0.663,0.534,0.508,0.047,0.673,0.558,0.0,0.0,-1.51,-5.32,60.04,60.08,0.0,0.0,0.0,0.0,0.0,0.0,0.0,1.0,1.0,0.0,-0.0,-0.0,0.0,0.0,0.0,0.0,0.0,0.0,0.0,0.0,0.0,170.0,145.0,170.0,170.0,14.0,8.0,47.0,79.0,15.0,6.0,0.0
109.949,101,324897.0,600.0,104.0,915.0,600.0,0.0,1.0,0.0,0.0,0.5,0.03,0.682,0.516,0.508,0.047,0.687,0.536,0.0,0.0,-1.5,-5.32,60.04,60.08,0.0,0.0,0.0,0.0,0.0,0.0,0.0,1.0,1.0,0.0,-0.0,-0.0,0.0,0.0,0.0,0.0,0.0,0.0,0.0,0.0,0.0,170.0,145.0,170.0,170.0,14.0,8.0,47.0,79.0,15.0,6.0,0.0
109.982,52,324949.0,600.0,104.0,915.0,600.0,0.0,1.0,0.0,0.0,0.5,0.03,0.682,0.516,0.508,0.047,0.687,0.536,0.0,0.0,-1.5,-5.31,60.04,60.08,0.0,0.0,0.0,0.0,0.0,0.0,0.0,1.0,1.0,0.0,-0.0,-0.0,0.0,0.0,0.0,0.0,0.0,0.0,0.0,0.0,0.0,170.0,145.0,170.0,170.0,14.0,8.0,47.0,79.0,15.0,6.0,0.0
110.013,19,324968.0,600.0,104.0,915.0,600.0,0.0,1.0,0.0,0.0,0.5,0.03,0.682,0.516,0.508,0.047,0.687,0.536,0.0,0.0,-1.5,-5.31,60.04,60.08,0.0,0.0,0.0,0.0,0.0,0.0,0.0,1.0,1.0,0.0,-0.0,-0.0,0.0,0.0,0.0,0.0,0.0,0.0,0.0,0.0,0.0,170.0,145.0,170.0,170.0,14.0,8.0,47.0,79.0,15.0,6.0,0.0
110.109,99,325067.0,600.0,104.0,1029.0,600.0,0.0,1.0,0.0,0.0,0.5,0.029,0.717,0.507,0.508,0.047,0.719,0.527,0.0,0.0,-1.5,-5.3,60.04,60.08,0.0,0.0,0.0,0.0,0.0,0.0,0.0,1.0,1.0,0.0,-0.0,-0.0,0.0,0.0,0.0,0.0,0.0,0.0,0.0,0.0,0.0,170.0,145.0,170.0,170.0,14.0,8.0,47.0,79.0,15.0,6.0,0.0
110.144,52,325119.0,600.0,104.0,1029.0,600.0,0.0,1.0,0.0,0.0,0.5,0.029,0.717,0.507,0.508,0.047,0.719,0.527,0.0,0.0,-1.5,-5.3,60.04,60.08,0.0,0.0,0.0,0.0,0.0,0.0,0.0,1.0,1.0,0.0,-0.0,-0.0,0.0,0.0,0.0,0.0,0.0,0.0,0.0,0.0,0.0,170.0,145.0,170.0,170.0,14.0,8.0,47.0,79.0,15.0,6.0,0.0
110.176,19,325138.0,600.0,102.0,1029.0,600.0,0.0,1.0,0.0,0.0,0.5,0.029,0.717,0.507,0.508,0.047,0.719,0.527,0.0,0.0,-1.5,-5.3,60.04,60.08,0.0,0.0,0.0,0.0,0.0,0.0,0.0,1.0,1.0,0.0,-0.0,-0.0,0.0,0.0,0.0,0.0,0.0,0.0,0.0,0.0,0.0,170.0,145.0,170.0,170.0,14.0,8.0,47.0,79.0,15.0,6.0,0.0
110.274,100,325238.0,600.0,102.0,913.0,600.0,0.0,1.0,0.0,0.0,0.5,0.029,0.707,0.503,0.508,0.047,0.716,0.522,0.0,0.0,-1.5,-5.31,60.04,60.08,0.0,0.0,0.0,0.0,0.0,0.0,0.0,1.0,1.0,0.0,-0.0,-0.0,0.0,0.0,0.0,0.0,0.0,0.0,0.0,0.0,0.0,170.0,145.0,170.0,170.0,14.0,8.0,47.0,79.0,15.0,6.0,0.0
110.339,71,325309.0,600.0,103.0,913.0,600.0,0.0,1.0,0.0,0.0,0.5,0.029,0.707,0.503,0.508,0.047,0.716,0.522,0.0,0.0,-1.5,-5.31,60.04,60.08,0.0,0.0,0.0,0.0,0.0,0.0,0.0,1.0,1.0,0.0,-0.0,-0.0,0.0,0.0,0.0,0.0,0.0,0.0,0.0,0.0,0.0,170.0,145.0,170.0,170.0,14.0,8.0,47.0,79.0,15.0,6.0,0.0
110.436,100,325409.0,600.0,103.0,812.0,600.0,0.0,1.0,0.0,0.0,0.5,0.029,0.675,0.502,0.508,0.046,0.688,0.519,0.0,0.0,-1.5,-5.32,60.04,60.08,0.0,0.0,0.0,0.0,0.0,0.0,0.0,1.0,1.0,0.0,-0.0,-0.0,0.0,0.0,0.0,0.0,0.0,0.0,0.0,0.0,0.0,170.0,145.0,170.0,170.0,14.0,8.0,47.0,79.0,15.0,6.0,1.0
110.502,51,325460.0,600.0,103.0,812.0,600.0,0.0,1.0,0.0,0.0,0.5,0.029,0.675,0.502,0.508,0.046,0.688,0.519,0.0,0.0,-1.5,-5.32,60.04,60.08,0.0,0.0,0.0,0.0,0.0,0.0,0.0,1.0,1.0,0.0,-0.0,-0.0,0.0,0.0,0.0,0.0,0.0,0.0,0.0,0.0,0.0,170.0,145.0,170.0,170.0,14.0,8.0,47.0,79.0,15.0,6.0,0.0
110.534,20,325480.0,600.0,104.0,812.0,600.0,0.0,1.0,0.0,0.0,0.5,0.029,0.675,0.502,0.508,0.046,0.688,0.519,0.0,0.0,-1.5,-5.32,60.04,60.08,0.0,0.0,0.0,0.0,0.0,0.0,0.0,1.0,1.0,0.0,-0.0,-0.0,0.0,0.0,0.0,0.0,0.0,0.0,0.0,0.0,0.0,170.0,145.0,170.0,170.0,14.0,8.0,47.0,79.0,15.0,6.0,0.0
110.633,99,325579.0,600.0,104.0,812.0,600.0,0.0,1.0,0.0,0.0,0.5,0.029,0.66,0.501,0.508,0.046,0.67,0.518,0.0,0.0,-1.5,-5.32,60.04,60.08,0.0,0.0,0.0,0.0,0.0,0.0,0.0,1.0,1.0,0.0,-0.0,-0.0,0.0,0.0,0.0,0.0,0.0,0.0,0.0,0.0,0.0,170.0,145.0,170.0,170.0,14.0,8.0,47.0,79.0,15.0,6.0,1.0
110.665,52,325631.0,600.0,104.0,812.0,600.0,0.0,1.0,0.0,0.0,0.5,0.029,0.66,0.501,0.508,0.046,0.67,0.518,0.0,0.0,-1.5,-5.32,60.04,60.08,0.0,0.0,0.0,0.0,0.0,0.0,0.0,1.0,1.0,0.0,-0.0,-0.0,0.0,0.0,0.0,0.0,0.0,0.0,0.0,0.0,0.0,170.0,145.0,170.0,170.0,14.0,8.0,47.0,79.0,15.0,6.0,0.0
110.698,19,325650.0,600.0,105.0,812.0,600.0,0.0,1.0,0.0,0.0,0.5,0.029,0.66,0.501,0.508,0.046,0.67,0.518,0.0,0.0,-1.5,-5.32,60.04,60.08,0.0,0.0,0.0,0.0,0.0,0.0,0.0,1.0,1.0,0.0,-0.0,-0.0,0.0,0.0,0.0,0.0,0.0,0.0,0.0,0.0,0.0,170.0,145.0,170.0,170.0,14.0,8.0,47.0,79.0,15.0,6.0,0.0
110.796,100,325750.0,600.0,105.0,714.0,600.0,0.0,1.0,0.0,0.0,0.5,0.029,0.62,0.5,0.508,0.046,0.634,0.517,0.0,0.0,-1.5,-5.32,60.04,60.08,0.0,0.0,0.0,0.0,0.0,0.0,0.0,1.0,1.0,0.0,-0.0,-0.0,0.0,0.0,0.0,0.0,0.0,0.0,0.0,0.0,0.0,170.0,145.0,170.0,170.0,14.0,8.0,47.0,79.0,15.0,6.0,1.0
110.828,52,325802.0,600.0,105.0,714.0,600.0,0.0,1.0,0.0,0.0,0.5,0.029,0.62,0.5,0.508,0.046,0.634,0.517,0.0,0.0,-1.5,-5.32,60.04,60.08,0.0,0.0,0.0,0.0,0.0,0.0,0.0,1.0,1.0,0.0,-0.0,-0.0,0.0,0.0,0.0,0.0,0.0,0.0,0.0,0.0,0.0,170.0,145.0,170.0,170.0,14.0,8.0,47.0,79.0,15.0,6.0,0.0
110.859,19,325821.0,600.0,104.0,714.0,600.0,0.0,1.0,0.0,0.0,0.5,0.029,0.62,0.5,0.508,0.046,0.634,0.517,0.0,0.0,-1.51,-5.32,60.04,60.08,0.0,0.0,0.0,0.0,0.0,0.0,0.0,1.0,1.0,0.0,-0.0,-0.0,0.0,0.0,0.0,0.0,0.0,0.0,0.0,0.0,0.0,170.0,145.0,170.0,170.0,14.0,8.0,47.0,79.0,15.0,6.0,0.0
110.956,83,325904.0,600.0,104.0,600.0,600.0,0.0,1.0,0.0,0.0,0.5,0.029,0.556,0.5,0.508,0.045,0.574,0.516,0.0,0.0,-1.51,-5.32,60.04,60.08,0.0,0.0,0.0,0.0,0.0,0.0,0.0,1.0,1.0,0.0,-0.0,-0.0,0.0,0.0,0.0,0.0,0.0,0.0,0.0,0.0,0.0,170.0,145.0,170.0,170.0,14.0,8.0,47.0,79.0,15.0,6.0,0.0
111.022,65,325969.0,600.0,105.0,600.0,600.0,0.0,1.0,0.0,0.0,0.5,0.029,0.556,0.5,0.508,0.045,0.574,0.516,0.0,0.0,-1.51,-5.32,60.04,60.08,0.0,0.0,0.0,0.0,0.0,0.0,0.0,1.0,1.0,0.0,-0.0,-0.0,0.0,0.0,0.0,0.0,0.0,0.0,0.0,0.0,0.0,170.0,145.0,170.0,170.0,14.0,8.0,47.0,79.0,15.0,6.0,0.0
111.12,98,326067.0,600.0,105.0,697.0,600.0,0.0,1.0,0.0,0.0,0.5,0.03,0.566,0.5,0.508,0.045,0.572,0.516,0.0,0.0,-1.51,-5.32,60.04,60.08,0.0,0.0,0.0,0.0,0.0,0.0,0.0,1.0,1.0,0.0,-0.0,-0.0,0.0,0.0,0.0,0.0,0.0,0.0,0.0,0.0,0.0,170.0,145.0,170.0,170.0,14.0,8.0,47.0,79.0,15.0,6.0,0.0
111.153,52,326119.0,600.0,105.0,697.0,600.0,0.0,1.0,0.0,0.0,0.5,0.03,0.566,0.5,0.508,0.045,0.572,0.516,0.0,0.0,-1.51,-5.32,60.04,60.08,0.0,0.0,0.0,0.0,0.0,0.0,0.0,1.0,1.0,0.0,-0.0,-0.0,0.0,0.0,0.0,0.0,0.0,0.0,0.0,0.0,0.0,170.0,145.0,170.0,170.0,14.0,8.0,47.0,79.0,15.0,6.0,0.0
111.185,19,326138.0,600.0,103.0,697.0,600.0,0.0,1.0,0.0,0.0,0.5,0.03,0.566,0.5,0.508,0.045,0.572,0.516,0.0,0.0,-1.51,-5.32,60.04,60.08,0.0,0.0,0.0,0.0,0.0,0.0,0.0,1.0,1.0,0.0,-0.0,-0.0,0.0,0.0,0.0,0.0,0.0,0.0,0.0,0.0,0.0,170.0,145.0,170.0,170.0,14.0,8.0,47.0,79.0,15.0,6.0,0.0
111.283,99,326237.0,600.0,103.0,697.0,600.0,0.0,1.0,0.0,0.0,0.5,0.029,0.57,0.5,0.508,0.045,0.577,0.516,0.0,0.0,-1.51,-5.31,60.04,60.08,0.0,0.0,0.0,0.0,0.0,0.0,0.0,1.0,1.0,0.0,-0.0,-0.0,0.0,0.0,0.0,0.0,0.0,0.0,0.0,0.0,0.0,170.0,145.0,170.0,170.0,14.0,8.0,47.0,79.0,15.0,6.0,0.0
111.316,52,326289.0,600.0,103.0,697.0,600.0,0.0,1.0,0.0,0.0,0.5,0.029,0.57,0.5,0.508,0.045,0.577,0.516,0.0,0.0,-1.51,-5.31,60.04,60.08,0.0,0.0,0.0,0.0,0.0,0.0,0.0,1.0,1.0,0.0,-0.0,-0.0,0.0,0.0,0.0,0.0,0.0,0.0,0.0,0.0,0.0,170.0,145.0,170.0,170.0,14.0,8.0,47.0,79.0,15.0,6.0,0.0
111.349,20,326309.0,600.0,99.0,697.0,600.0,0.0,1.0,0.0,0.0,0.5,0.029,0.57,0.5,0.508,0.045,0.577,0.516,0.0,0.0,-1.51,-5.31,60.04,60.08,0.0,0.0,0.0,0.0,0.0,0.0,0.0,1.0,1.0,0.0,-0.0,-0.0,0.0,0.0,0.0,0.0,0.0,0.0,0.0,0.0,0.0,170.0,145.0,170.0,170.0,14.0,8.0,47.0,79.0,15.0,6.0,0.0
111.446,101,326410.0,600.0,99.0,697.0,600.0,0.0,1.0,0.0,0.0,0.5,0.028,0.573,0.5,0.508,0.044,0.58,0.516,0.0,0.0,-1.51,-5.31,60.04,60.08,0.0,0.0,0.0,0.0,0.0,0.0,0.0,1.0,1.0,0.0,-0.0,-0.0,0.0,0.0,0.0,0.0,0.0,0.0,0.0,0.0,0.0,170.0,145.0,170.0,170.0,14.0,8.0,47.0,79.0,15.0,6.0,0.0
111.511,72,326482.0,600.0,99.0,697.0,600.0,0.0,1.0,0.0,0.0,0.5,0.028,0.573,0.5,0.508,0.044,0.58,0.516,0.0,0.0,-1.5,-5.3,60.04,60.08,0.0,0.0,0.0,0.0,0.0,0.0,0.0,1.0,1.0,0.0,-0.0,-0.0,0.0,0.0,0.0,0.0,0.0,0.0,0.0,0.0,0.0,170.0,145.0,170.0,170.0,14.0,8.0,47.0,79.0,15.0,6.0,0.0
111.605,100,326582.0,600.0,99.0,697.0,600.0,0.0,1.0,0.0,0.0,0.5,0.027,0.574,0.5,0.508,0.043,0.581,0.516,0.0,0.0,-1.5,-5.3,60.04,60.08,0.0,0.0,0.0,0.0,0.0,0.0,0.0,1.0,1.0,0.0,-0.0,-0.0,0.0,0.0,0.0,0.0,0.0,0.0,0.0,0.0,0.0,170.0,145.0,170.0,170.0,14.0,8.0,47.0,79.0,15.0,6.0,0.0
111.671,52,326634.0,600.0,99.0,697.0,600.0,0.0,1.0,0.0,0.0,0.5,0.027,0.574,0.5,0.508,0.043,0.581,0.516,0.0,0.0,-1.49,-5.3,60.04,60.08,0.0,0.0,0.0,0.0,0.0,0.0,0.0,1.0,1.0,0.0,-0.0,-0.0,0.0,0.0,0.0,0.0,0.0,0.0,0.0,0.0,0.0,170.0,145.0,170.0,170.0,14.0,8.0,47.0,79.0,15.0,6.0,0.0
111.704,19,326653.0,600.0,101.0,697.0,600.0,0.0,1.0,0.0,0.0,0.5,0.027,0.574,0.5,0.508,0.043,0.581,0.516,0.0,0.0,-1.49,-5.3,60.04,60.08,0.0,0.0,0.0,0.0,0.0,0.0,0.0,1.0,1.0,0.0,-0.0,-0.0,0.0,0.0,0.0,0.0,0.0,0.0,0.0,0.0,0.0,170.0,145.0,170.0,170.0,14.0,8.0,47.0,79.0,15.0,6.0,0.0
111.801,102,326755.0,600.0,101.0,697.0,600.0,0.0,1.0,0.0,0.0,0.5,0.027,0.574,0.5,0.508,0.043,0.582,0.516,0.0,0.0,-1.49,-5.3,60.04,60.08,0.0,0.0,0.0,0.0,0.0,0.0,0.0,1.0,1.0,0.0,-0.0,-0.0,0.0,0.0,0.0,0.0,0.0,0.0,0.0,0.0,0.0,170.0,145.0,170.0,170.0,14.0,8.0,47.0,79.0,15.0,6.0,0.0
111.834,52,326807.0,600.0,101.0,697.0,600.0,0.0,1.0,0.0,0.0,0.5,0.027,0.574,0.5,0.508,0.043,0.582,0.516,0.0,0.0,-1.49,-5.3,60.04,60.08,0.0,0.0,0.0,0.0,0.0,0.0,0.0,1.0,1.0,0.0,-0.0,-0.0,0.0,0.0,0.0,0.0,0.0,0.0,0.0,0.0,0.0,170.0,145.0,170.0,170.0,14.0,8.0,47.0,79.0,15.0,6.0,0.0
111.867,19,326826.0,600.0,103.0,697.0,600.0,0.0,1.0,0.0,0.0,0.5,0.027,0.574,0.5,0.508,0.043,0.582,0.516,0.0,0.0,-1.49,-5.29,60.04,60.08,0.0,0.0,0.0,0.0,0.0,0.0,0.0,1.0,1.0,0.0,-0.0,-0.0,0.0,0.0,0.0,0.0,0.0,0.0,0.0,0.0,0.0,170.0,145.0,170.0,170.0,14.0,8.0,47.0,79.0,15.0,6.0,0.0
111.964,102,326928.0,600.0,103.0,600.0,600.0,0.0,1.0,0.0,0.0,0.5,0.028,0.534,0.5,0.508,0.043,0.548,0.515,0.0,0.0,-1.49,-5.29,60.04,60.08,0.0,0.0,0.0,0.0,0.0,0.0,0.0,1.0,1.0,0.0,-0.0,-0.0,0.0,0.0,0.0,0.0,0.0,0.0,0.0,0.0,0.0,170.0,145.0,170.0,170.0,14.0,8.0,47.0,79.0,15.0,6.0,1.0
112.03,70,326998.0,600.0,104.0,600.0,600.0,0.0,1.0,0.0,0.0,0.5,0.028,0.534,0.5,0.508,0.043,0.548,0.515,0.0,0.0,-1.49,-5.3,60.04,60.08,0.0,0.0,0.0,0.0,0.0,0.0,0.0,1.0,1.0,0.0,-0.0,-0.0,0.0,0.0,0.0,0.0,0.0,0.0,0.0,0.0,0.0,170.0,145.0,170.0,170.0,14.0,8.0,47.0,79.0,15.0,6.0,0.0
112.127,102,327100.0,600.0,104.0,713.0,600.0,0.0,1.0,0.0,0.0,0.5,0.029,0.562,0.5,0.508,0.044,0.565,0.516,0.0,0.0,-1.49,-5.3,60.04,60.08,0.0,0.0,0.0,0.0,0.0,0.0,0.0,1.0,1.0,0.0,-0.0,-0.0,0.0,0.0,0.0,0.0,0.0,0.0,0.0,0.0,0.0,170.0,145.0,170.0,170.0,14.0,8.0,47.0,79.0,15.0,6.0,0.0
112.192,52,327152.0,600.0,104.0,713.0,600.0,0.0,1.0,0.0,0.0,0.5,0.029,0.562,0.5,0.508,0.044,0.565,0.516,0.0,0.0,-1.49,-5.3,60.04,60.08,0.0,0.0,0.0,0.0,0.0,0.0,0.0,1.0,1.0,0.0,-0.0,-0.0,0.0,0.0,0.0,0.0,0.0,0.0,0.0,0.0,0.0,170.0,145.0,170.0,170.0,14.0,8.0,47.0,79.0,15.0,6.0,0.0
112.225,20,327172.0,600.0,107.0,713.0,600.0,0.0,1.0,0.0,0.0,0.5,0.029,0.562,0.5,0.508,0.044,0.565,0.516,0.0,0.0,-1.49,-5.3,60.04,60.08,0.0,0.0,0.0,0.0,0.0,0.0,0.0,1.0,1.0,0.0,-0.0,-0.0,0.0,0.0,0.0,0.0,0.0,0.0,0.0,0.0,0.0,170.0,145.0,170.0,170.0,14.0,8.0,47.0,79.0,15.0,6.0,0.0
112.322,102,327274.0,600.0,107.0,713.0,600.0,0.0,1.0,0.0,0.0,0.5,0.03,0.575,0.5,0.508,0.045,0.58,0.516,0.0,0.0,-1.48,-5.3,60.04,60.08,0.0,0.0,0.0,0.0,0.0,0.0,0.0,1.0,1.0,0.0,-0.0,-0.0,0.0,0.0,0.0,0.0,0.0,0.0,0.0,0.0,0.0,170.0,145.0,170.0,170.0,14.0,8.0,47.0,79.0,15.0,6.0,0.0
112.355,53,327327.0,600.0,107.0,713.0,600.0,0.0,1.0,0.0,0.0,0.5,0.03,0.575,0.5,0.508,0.045,0.58,0.516,0.0,0.0,-1.48,-5.3,60.04,60.08,0.0,0.0,0.0,0.0,0.0,0.0,0.0,1.0,1.0,0.0,-0.0,-0.0,0.0,0.0,0.0,0.0,0.0,0.0,0.0,0.0,0.0,170.0,145.0,170.0,170.0,14.0,8.0,47.0,79.0,15.0,6.0,0.0
112.387,19,327346.0,600.0,107.0,713.0,600.0,0.0,1.0,0.0,0.0,0.5,0.03,0.575,0.5,0.508,0.045,0.58,0.516,0.0,0.0,-1.48,-5.3,60.04,60.08,0.0,0.0,0.0,0.0,0.0,0.0,0.0,1.0,1.0,0.0,-0.0,-0.0,0.0,0.0,0.0,0.0,0.0,0.0,0.0,0.0,0.0,170.0,145.0,170.0,170.0,14.0,8.0,47.0,79.0,15.0,6.0,0.0
112.484,101,327447.0,600.0,107.0,713.0,600.0,0.0,1.0,0.0,0.0,0.5,0.03,0.58,0.5,0.508,0.046,0.587,0.516,0.0,0.0,-1.48,-5.31,60.04,60.08,0.0,0.0,0.0,0.0,0.0,0.0,0.0,1.0,1.0,0.0,-0.0,-0.0,0.0,0.0,0.0,0.0,0.0,0.0,0.0,0.0,0.0,170.0,145.0,170.0,170.0,14.0,8.0,47.0,79.0,15.0,6.0,1.0
112.549,71,327518.0,600.0,107.0,713.0,600.0,0.0,1.0,0.0,0.0,0.5,0.03,0.58,0.5,0.508,0.046,0.587,0.516,0.0,0.0,-1.48,-5.31,60.04,60.08,0.0,0.0,0.0,0.0,0.0,0.0,0.0,1.0,1.0,0.0,-0.0,-0.0,0.0,0.0,0.0,0.0,0.0,0.0,0.0,0.0,0.0,170.0,145.0,170.0,170.0,14.0,8.0,47.0,79.0,15.0,6.0,0.0
112.647,85,327603.0,600.0,107.0,824.0,600.0,0.0,1.0,0.0,0.0,0.5,0.031,0.62,0.5,0.508,0.047,0.621,0.516,0.0,0.0,-1.49,-5.31,60.04,60.08,0.0,0.0,0.0,0.0,0.0,0.0,0.0,1.0,1.0,0.0,-0.0,-0.0,0.0,0.0,0.0,0.0,0.0,0.0,0.0,0.0,0.0,170.0,145.0,170.0,170.0,14.0,8.0,47.0,79.0,15.0,6.0,0.0
112.718,64,327667.0,600.0,106.0,824.0,600.0,0.0,1.0,0.0,0.0,0.5,0.031,0.62,0.5,0.508,0.047,0.621,0.516,0.0,0.0,-1.49,-5.31,60.04,60.08,0.0,0.0,0.0,0.0,0.0,0.0,0.0,1.0,1.0,0.0,-0.0,-0.0,0.0,0.0,0.0,0.0,0.0,0.0,0.0,0.0,0.0,170.0,145.0,170.0,170.0,14.0,8.0,47.0,79.0,15.0,6.0,0.0
112.816,100,327767.0,600.0,106.0,824.0,600.0,0.0,1.0,0.0,0.0,0.5,0.031,0.638,0.5,0.508,0.047,0.643,0.517,0.0,0.0,-1.49,-5.31,60.04,60.08,0.0,0.0,0.0,0.0,0.0,0.0,0.0,1.0,1.0,0.0,-0.0,-0.0,0.0,0.0,0.0,0.0,0.0,0.0,0.0,0.0,0.0,170.0,145.0,170.0,170.0,14.0,8.0,47.0,79.0,15.0,6.0,0.0
112.85,52,327819.0,600.0,106.0,824.0,600.0,0.0,1.0,0.0,0.0,0.5,0.031,0.638,0.5,0.508,0.047,0.643,0.517,0.0,0.0,-1.49,-5.31,60.04,60.08,0.0,0.0,0.0,0.0,0.0,0.0,0.0,1.0,1.0,0.0,-0.0,-0.0,0.0,0.0,0.0,0.0,0.0,0.0,0.0,0.0,0.0,170.0,145.0,170.0,170.0,14.0,8.0,47.0,79.0,15.0,6.0,0.0
112.883,19,327838.0,600.0,105.0,824.0,600.0,0.0,1.0,0.0,0.0,0.5,0.031,0.638,0.5,0.508,0.047,0.643,0.517,0.0,0.0,-1.49,-5.31,60.04,60.08,0.0,0.0,0.0,0.0,0.0,0.0,0.0,1.0,1.0,0.0,-0.0,-0.0,0.0,0.0,0.0,0.0,0.0,0.0,0.0,0.0,0.0,170.0,145.0,170.0,170.0,14.0,8.0,47.0,79.0,15.0,6.0,0.0
112.978,101,327939.0,600.0,105.0,833.0,600.0,0.0,1.0,0.0,0.0,0.5,0.03,0.649,0.5,0.508,0.047,0.655,0.517,0.0,0.0,-1.5,-5.32,60.04,60.08,0.0,0.0,0.0,0.0,0.0,0.0,0.0,1.0,1.0,0.0,-0.0,-0.0,0.0,0.0,0.0,0.0,0.0,0.0,0.0,0.0,0.0,170.0,145.0,170.0,170.0,14.0,8.0,47.0,79.0,15.0,6.0,0.0
113.044,72,328011.0,600.0,105.0,833.0,600.0,0.0,1.0,0.0,0.0,0.5,0.03,0.649,0.5,0.508,0.047,0.655,0.517,0.0,0.0,-1.5,-5.32,60.04,60.08,0.0,0.0,0.0,0.0,0.0,0.0,0.0,1.0,1.0,0.0,-0.0,-0.0,0.0,0.0,0.0,0.0,0.0,0.0,0.0,0.0,0.0,170.0,145.0,170.0,170.0,14.0,8.0,47.0,79.0,15.0,6.0,0.0
113.141,100,328111.0,600.0,105.0,833.0,600.0,0.0,1.0,0.0,0.0,0.5,0.03,0.654,0.5,0.508,0.047,0.661,0.517,0.0,0.0,-1.5,-5.33,60.04,60.08,0.0,0.0,0.0,0.0,0.0,0.0,0.0,1.0,1.0,0.0,-0.0,-0.0,0.0,0.0,0.0,0.0,0.0,0.0,0.0,0.0,0.0,170.0,145.0,170.0,170.0,14.0,8.0,47.0,79.0,15.0,6.0,0.0
113.206,70,328181.0,600.0,106.0,833.0,600.0,0.0,1.0,0.0,0.0,0.5,0.03,0.654,0.5,0.508,0.047,0.661,0.517,0.0,0.0,-1.5,-5.33,60.04,60.08,0.0,0.0,0.0,0.0,0.0,0.0,0.0,1.0,1.0,0.0,-0.0,-0.0,0.0,0.0,0.0,0.0,0.0,0.0,0.0,0.0,0.0,170.0,145.0,170.0,170.0,14.0,8.0,47.0,79.0,15.0,6.0,0.0
113.304,82,328263.0,600.0,106.0,945.0,600.0,0.0,1.0,0.0,0.0,0.5,0.03,0.686,0.5,0.508,0.047,0.688,0.517,0.0,0.0,-1.5,-5.33,60.04,60.08,0.0,0.0,0.0,0.0,0.0,0.0,0.0,1.0,1.0,0.0,-0.0,-0.0,0.0,0.0,0.0,0.0,0.0,0.0,0.0,0.0,0.0,170.0,145.0,170.0,170.0,14.0,8.0,47.0,79.0,15.0,6.0,1.0
113.37,66,328329.0,600.0,105.0,945.0,600.0,0.0,1.0,0.0,0.0,0.5,0.03,0.686,0.5,0.508,0.047,0.688,0.517,0.0,0.0,-1.5,-5.33,60.04,60.08,0.0,0.0,0.0,0.0,0.0,0.0,0.0,1.0,1.0,0.0,-0.0,-0.0,0.0,0.0,0.0,0.0,0.0,0.0,0.0,0.0,0.0,170.0,145.0,170.0,170.0,14.0,8.0,47.0,79.0,15.0,6.0,0.0
113.467,82,328411.0,600.0,105.0,834.0,600.0,0.0,1.0,0.0,0.0,0.5,0.03,0.671,0.5,0.508,0.047,0.681,0.517,0.0,0.0,-1.51,-5.34,60.04,60.08,0.0,0.0,0.0,0.0,0.0,0.0,0.0,1.0,1.0,0.0,-0.0,-0.0,0.0,0.0,0.0,0.0,0.0,0.0,0.0,0.0,0.0,170.0,145.0,170.0,170.0,14.0,8.0,47.0,79.0,15.0,6.0,1.0
113.5,64,328475.0,600.0,103.0,834.0,600.0,0.0,1.0,0.0,0.0,0.5,0.03,0.671,0.5,0.508,0.047,0.681,0.517,0.0,0.0,-1.51,-5.34,60.04,60.08,0.0,0.0,0.0,0.0,0.0,0.0,0.0,1.0,1.0,0.0,-0.0,-0.0,0.0,0.0,0.0,0.0,0.0,0.0,0.0,0.0,0.0,170.0,145.0,170.0,170.0,14.0,8.0,47.0,79.0,15.0,6.0,0.0
113.626,99,328574.0,600.0,103.0,941.0,600.0,0.0,1.0,0.0,0.0,0.5,0.029,0.693,0.5,0.508,0.047,0.697,0.517,0.0,0.0,-1.51,-5.34,60.04,60.08,0.0,0.0,0.0,0.0,0.0,0.0,0.0,1.0,1.0,0.0,-0.0,-0.0,0.0,0.0,0.0,0.0,0.0,0.0,0.0,0.0,0.0,170.0,145.0,170.0,170.0,14.0,8.0,47.0,79.0,15.0,6.0,1.0
113.658,52,328626.0,600.0,103.0,941.0,600.0,0.0,1.0,0.0,0.0,0.5,0.029,0.693,0.5,0.508,0.047,0.697,0.517,0.0,0.0,-1.51,-5.34,60.04,60.08,0.0,0.0,0.0,0.0,0.0,0.0,0.0,1.0,1.0,0.0,-0.0,-0.0,0.0,0.0,0.0,0.0,0.0,0.0,0.0,0.0,0.0,170.0,145.0,170.0,170.0,14.0,8.0,47.0,79.0,15.0,6.0,0.0
113.69,22,328648.0,600.0,105.0,941.0,600.0,0.0,1.0,0.0,0.0,0.5,0.029,0.693,0.5,0.508,0.047,0.697,0.517,0.0,0.0,-1.51,-5.34,60.04,60.08,0.0,0.0,0.0,0.0,0.0,0.0,0.0,1.0,1.0,0.0,-0.0,-0.0,0.0,0.0,0.0,0.0,0.0,0.0,0.0,0.0,0.0,170.0,145.0,170.0,170.0,14.0,8.0,47.0,79.0,15.0,6.0,1.0
113.787,101,328749.0,600.0,105.0,818.0,600.0,0.0,1.0,0.0,0.0,0.5,0.029,0.67,0.5,0.508,0.046,0.681,0.517,0.0,0.0,-1.51,-5.34,60.04,60.08,0.0,0.0,0.0,0.0,0.0,0.0,0.0,1.0,1.0,0.0,-0.0,-0.0,0.0,0.0,0.0,0.0,0.0,0.0,0.0,0.0,0.0,170.0,145.0,170.0,170.0,14.0,8.0,47.0,79.0,15.0,6.0,0.0
113.852,71,328820.0,600.0,104.0,818.0,600.0,0.0,1.0,0.0,0.0,0.5,0.029,0.67,0.5,0.508,0.046,0.681,0.517,0.0,0.0,-1.5,-5.33,60.04,60.08,0.0,0.0,0.0,0.0,0.0,0.0,0.0,1.0,1.0,0.0,-0.0,-0.0,0.0,0.0,0.0,0.0,0.0,0.0,0.0,0.0,0.0,170.0,145.0,170.0,170.0,14.0,8.0,47.0,79.0,15.0,6.0,0.0
113.949,101,328921.0,600.0,104.0,818.0,600.0,0.0,1.0,0.0,0.0,0.5,0.029,0.659,0.5,0.508,0.046,0.669,0.517,0.0,0.0,-1.5,-5.33,60.04,60.08,0.0,0.0,0.0,0.0,0.0,0.0,0.0,1.0,1.0,0.0,-0.0,-0.0,0.0,0.0,0.0,0.0,0.0,0.0,0.0,0.0,0.0,170.0,145.0,170.0,170.0,14.0,8.0,47.0,79.0,15.0,6.0,0.0
114.015,52,328973.0,600.0,104.0,818.0,600.0,0.0,1.0,0.0,0.0,0.5,0.029,0.659,0.5,0.508,0.046,0.669,0.517,0.0,0.0,-1.5,-5.33,60.04,60.08,0.0,0.0,0.0,0.0,0.0,0.0,0.0,1.0,1.0,0.0,-0.0,-0.0,0.0,0.0,0.0,0.0,0.0,0.0,0.0,0.0,0.0,170.0,145.0,170.0,170.0,14.0,8.0,47.0,79.0,15.0,6.0,0.0
114.047,19,328992.0,600.0,103.0,818.0,600.0,0.0,1.0,0.0,0.0,0.5,0.029,0.659,0.5,0.508,0.046,0.669,0.517,0.0,0.0,-1.5,-5.33,60.04,60.08,0.0,0.0,0.0,0.0,0.0,0.0,0.0,1.0,1.0,0.0,-0.0,-0.0,0.0,0.0,0.0,0.0,0.0,0.0,0.0,0.0,0.0,170.0,145.0,170.0,170.0,14.0,8.0,47.0,79.0,15.0,6.0,0.0
114.145,101,329093.0,600.0,103.0,824.0,600.0,0.0,1.0,0.0,0.0,0.5,0.029,0.656,0.5,0.508,0.046,0.665,0.517,0.0,0.0,-1.5,-5.33,60.04,60.08,0.0,0.0,0.0,0.0,0.0,0.0,0.0,1.0,1.0,0.0,-0.0,-0.0,0.0,0.0,0.0,0.0,0.0,0.0,0.0,0.0,0.0,170.0,145.0,170.0,170.0,14.0,8.0,47.0,79.0,15.0,6.0,0.0
114.178,52,329145.0,600.0,103.0,824.0,600.0,0.0,1.0,0.0,0.0,0.5,0.029,0.656,0.5,0.508,0.046,0.665,0.517,0.0,0.0,-1.51,-5.33,60.04,60.08,0.0,0.0,0.0,0.0,0.0,0.0,0.0,1.0,1.0,0.0,-0.0,-0.0,0.0,0.0,0.0,0.0,0.0,0.0,0.0,0.0,0.0,170.0,145.0,170.0,170.0,14.0,8.0,47.0,79.0,15.0,6.0,1.0
114.211,21,329166.0,600.0,103.0,824.0,600.0,0.0,1.0,0.0,0.0,0.5,0.029,0.656,0.5,0.508,0.046,0.665,0.517,0.0,0.0,-1.51,-5.33,60.04,60.08,0.0,0.0,0.0,0.0,0.0,0.0,0.0,1.0,1.0,0.0,-0.0,-0.0,0.0,0.0,0.0,0.0,0.0,0.0,0.0,0.0,0.0,170.0,145.0,170.0,170.0,14.0,8.0,47.0,79.0,15.0,6.0,0.0
114.306,100,329266.0,600.0,103.0,824.0,600.0,0.0,1.0,0.0,0.0,0.5,0.029,0.655,0.5,0.508,0.046,0.663,0.517,0.0,0.0,-1.51,-5.33,60.04,60.08,0.0,0.0,0.0,0.0,0.0,0.0,0.0,1.0,1.0,0.0,-0.0,-0.0,0.0,0.0,0.0,0.0,0.0,0.0,0.0,0.0,0.0,170.0,145.0,170.0,170.0,14.0,8.0,47.0,79.0,15.0,6.0,0.0
114.37,72,329338.0,600.0,104.0,824.0,600.0,0.0,1.0,0.0,0.0,0.5,0.029,0.655,0.5,0.508,0.046,0.663,0.517,0.0,0.0,-1.51,-5.33,60.04,60.08,0.0,0.0,0.0,0.0,0.0,0.0,0.0,1.0,1.0,0.0,-0.0,-0.0,0.0,0.0,0.0,0.0,0.0,0.0,0.0,0.0,0.0,170.0,145.0,170.0,170.0,14.0,8.0,47.0,79.0,15.0,6.0,0.0
114.465,102,329440.0,600.0,104.0,718.0,600.0,0.0,1.0,0.0,0.0,0.5,0.029,0.619,0.5,0.508,0.045,0.633,0.516,0.0,0.0,-1.51,-5.33,60.04,60.08,0.0,0.0,0.0,0.0,0.0,0.0,0.0,1.0,1.0,0.0,-0.0,-0.0,0.0,0.0,0.0,0.0,0.0,0.0,0.0,0.0,0.0,170.0,145.0,170.0,170.0,14.0,8.0,47.0,79.0,15.0,6.0,1.0
114.53,51,329491.0,600.0,104.0,718.0,600.0,0.0,1.0,0.0,0.0,0.5,0.029,0.619,0.5,0.508,0.045,0.633,0.516,0.0,0.0,-1.51,-5.33,60.04,60.08,0.0,0.0,0.0,0.0,0.0,0.0,0.0,1.0,1.0,0.0,-0.0,-0.0,0.0,0.0,0.0,0.0,0.0,0.0,0.0,0.0,0.0,170.0,145.0,170.0,170.0,14.0,8.0,47.0,79.0,15.0,6.0,1.0
114.563,19,329510.0,600.0,102.0,718.0,600.0,0.0,1.0,0.0,0.0,0.5,0.029,0.619,0.5,0.508,0.045,0.633,0.516,0.0,0.0,-1.51,-5.32,60.04,60.08,0.0,0.0,0.0,0.0,0.0,0.0,0.0,1.0,1.0,0.0,-0.0,-0.0,0.0,0.0,0.0,0.0,0.0,0.0,0.0,0.0,0.0,170.0,145.0,170.0,170.0,14.0,8.0,47.0,79.0,15.0,6.0,0.0
114.628,83,329593.0,600.0,102.0,828.0,600.0,0.0,1.0,0.0,0.0,0.5,0.029,0.639,0.5,0.508,0.045,0.644,0.517,0.0,0.0,-1.51,-5.32,60.04,60.08,0.0,0.0,0.0,0.0,0.0,0.0,0.0,1.0,1.0,0.0,-0.0,-0.0,0.0,0.0,0.0,0.0,0.0,0.0,0.0,0.0,0.0,170.0,145.0,170.0,170.0,14.0,8.0,47.0,79.0,15.0,6.0,0.0
114.693,66,329659.0,600.0,100.0,828.0,600.0,0.0,1.0,0.0,0.0,0.5,0.029,0.639,0.5,0.508,0.045,0.644,0.517,0.0,0.0,-1.51,-5.32,60.04,60.08,0.0,0.0,0.0,0.0,0.0,0.0,0.0,1.0,1.0,0.0,-0.0,-0.0,0.0,0.0,0.0,0.0,0.0,0.0,0.0,0.0,0.0,170.0,145.0,170.0,170.0,14.0,8.0,47.0,79.0,15.0,6.0,1.0
114.789,100,329759.0,600.0,100.0,921.0,600.0,0.0,1.0,0.0,0.0,0.5,0.028,0.673,0.5,0.508,0.045,0.675,0.517,0.0,0.0,-1.51,-5.32,60.04,60.08,0.0,0.0,0.0,0.0,0.0,0.0,0.0,1.0,1.0,0.0,-0.0,-0.0,0.0,0.0,0.0,0.0,0.0,0.0,0.0,0.0,0.0,170.0,145.0,170.0,170.0,14.0,8.0,47.0,79.0,15.0,6.0,0.0
114.853,70,329829.0,600.0,101.0,921.0,600.0,0.0,1.0,0.0,0.0,0.5,0.028,0.673,0.5,0.508,0.045,0.675,0.517,0.0,0.0,-1.51,-5.32,60.04,60.08,0.0,0.0,0.0,0.0,0.0,0.0,0.0,1.0,1.0,0.0,-0.0,-0.0,0.0,0.0,0.0,0.0,0.0,0.0,0.0,0.0,0.0,170.0,145.0,170.0,170.0,14.0,8.0,47.0,79.0,15.0,6.0,0.0
114.981,102,329931.0,600.0,101.0,803.0,600.0,0.0,1.0,0.0,0.0,0.5,0.028,0.656,0.5,0.508,0.045,0.666,0.517,0.0,0.0,-1.51,-5.32,60.04,60.08,0.0,0.0,0.0,0.0,0.0,0.0,0.0,1.0,1.0,0.0,-0.0,-0.0,0.0,0.0,0.0,0.0,0.0,0.0,0.0,0.0,0.0,170.0,145.0,170.0,170.0,14.0,8.0,47.0,79.0,15.0,6.0,1.0
115.013,52,329983.0,600.0,101.0,803.0,600.0,0.0,1.0,0.0,0.0,0.5,0.028,0.656,0.5,0.508,0.045,0.666,0.517,0.0,0.0,-1.51,-5.32,60.04,60.08,0.0,0.0,0.0,0.0,0.0,0.0,0.0,1.0,1.0,0.0,-0.0,-0.0,0.0,0.0,0.0,0.0,0.0,0.0,0.0,0.0,0.0,170.0,145.0,170.0,170.0,14.0,8.0,47.0,79.0,15.0,6.0,0.0
115.045,19,330002.0,600.0,102.0,803.0,600.0,0.0,1.0,0.0,0.0,0.5,0.028,0.656,0.5,0.508,0.045,0.666,0.517,0.0,0.0,-1.51,-5.32,60.04,60.08,0.0,0.0,0.0,0.0,0.0,0.0,0.0,1.0,1.0,0.0,-0.0,-0.0,0.0,0.0,0.0,0.0,0.0,0.0,0.0,0.0,0.0,170.0,145.0,170.0,170.0,14.0,8.0,47.0,79.0,15.0,6.0,0.0
115.142,101,330103.0,600.0,102.0,803.0,600.0,0.0,1.0,0.0,0.0,0.5,0.028,0.648,0.5,0.508,0.045,0.658,0.517,0.0,0.0,-1.51,-5.31,60.04,60.08,0.0,0.0,0.0,0.0,0.0,0.0,0.0,1.0,1.0,0.0,-0.0,-0.0,0.0,0.0,0.0,0.0,0.0,0.0,0.0,0.0,0.0,170.0,145.0,170.0,170.0,14.0,8.0,47.0,79.0,15.0,6.0,0.0
115.207,73,330176.0,600.0,101.0,803.0,600.0,0.0,1.0,0.0,0.0,0.5,0.028,0.648,0.5,0.508,0.045,0.658,0.517,0.0,0.0,-1.51,-5.31,60.04,60.08,0.0,0.0,0.0,0.0,0.0,0.0,0.0,1.0,1.0,0.0,-0.0,-0.0,0.0,0.0,0.0,0.0,0.0,0.0,0.0,0.0,0.0,170.0,145.0,170.0,170.0,14.0,8.0,47.0,79.0,15.0,6.0,0.0
115.304,99,330275.0,600.0,101.0,907.0,600.0,0.0,1.0,0.0,0.0,0.5,0.028,0.674,0.5,0.508,0.045,0.678,0.517,0.0,0.0,-1.51,-5.31,60.04,60.08,0.0,0.0,0.0,0.0,0.0,0.0,0.0,1.0,1.0,0.0,-0.0,-0.0,0.0,0.0,0.0,0.0,0.0,0.0,0.0,0.0,0.0,170.0,145.0,170.0,170.0,14.0,8.0,47.0,79.0,15.0,6.0,0.0
115.37,71,330346.0,600.0,102.0,907.0,600.0,0.0,1.0,0.0,0.0,0.5,0.028,0.674,0.5,0.508,0.045,0.678,0.517,0.0,0.0,-1.5,-5.31,60.04,60.08,0.0,0.0,0.0,0.0,0.0,0.0,0.0,1.0,1.0,0.0,-0.0,-0.0,0.0,0.0,0.0,0.0,0.0,0.0,0.0,0.0,0.0,170.0,145.0,170.0,170.0,14.0,8.0,47.0,79.0,15.0,6.0,0.0
115.5,100,330446.0,600.0,102.0,797.0,600.0,0.0,1.0,0.0,0.0,0.5,0.028,0.655,0.5,0.508,0.045,0.665,0.517,0.0,0.0,-1.5,-5.31,60.04,60.08,0.0,0.0,0.0,0.0,0.0,0.0,0.0,1.0,1.0,0.0,-0.0,-0.0,0.0,0.0,0.0,0.0,0.0,0.0,0.0,0.0,0.0,170.0,145.0,170.0,170.0,14.0,8.0,47.0,79.0,15.0,6.0,0.0
115.533,52,330498.0,600.0,102.0,797.0,600.0,0.0,1.0,0.0,0.0,0.5,0.028,0.655,0.5,0.508,0.045,0.665,0.517,0.0,0.0,-1.5,-5.31,60.04,60.08,0.0,0.0,0.0,0.0,0.0,0.0,0.0,1.0,1.0,0.0,-0.0,-0.0,0.0,0.0,0.0,0.0,0.0,0.0,0.0,0.0,0.0,170.0,145.0,170.0,170.0,14.0,8.0,47.0,79.0,15.0,6.0,0.0
115.565,20,330518.0,600.0,104.0,797.0,600.0,0.0,1.0,0.0,0.0,0.5,0.028,0.655,0.5,0.508,0.045,0.665,0.517,0.0,0.0,-1.5,-5.32,60.04,60.08,0.0,0.0,0.0,0.0,0.0,0.0,0.0,1.0,1.0,0.0,-0.0,-0.0,0.0,0.0,0.0,0.0,0.0,0.0,0.0,0.0,0.0,170.0,145.0,170.0,170.0,14.0,8.0,47.0,79.0,15.0,6.0,0.0
115.628,83,330601.0,600.0,104.0,807.0,600.0,0.0,1.0,0.0,0.0,0.5,0.029,0.649,0.5,0.508,0.045,0.658,0.517,0.0,0.0,-1.5,-5.32,60.04,60.08,0.0,0.0,0.0,0.0,0.0,0.0,0.0,1.0,1.0,0.0,-0.0,-0.0,0.0,0.0,0.0,0.0,0.0,0.0,0.0,0.0,0.0,170.0,145.0,170.0,170.0,14.0,8.0,47.0,79.0,15.0,6.0,1.0
115.691,65,330666.0,600.0,104.0,807.0,600.0,0.0,1.0,0.0,0.0,0.5,0.029,0.649,0.5,0.508,0.045,0.658,0.517,0.0,0.0,-1.5,-5.32,60.04,60.08,0.0,0.0,0.0,0.0,0.0,0.0,0.0,1.0,1.0,0.0,-0.0,-0.0,0.0,0.0,0.0,0.0,0.0,0.0,0.0,0.0,0.0,170.0,145.0,170.0,170.0,14.0,8.0,47.0,79.0,15.0,6.0,0.0
115.818,101,330767.0,600.0,104.0,907.0,600.0,0.0,1.0,0.0,0.0,0.5,0.029,0.674,0.5,0.508,0.046,0.678,0.517,0.0,0.0,-1.5,-5.32,60.04,60.08,0.0,0.0,0.0,0.0,0.0,0.0,0.0,1.0,1.0,0.0,-0.0,-0.0,0.0,0.0,0.0,0.0,0.0,0.0,0.0,0.0,0.0,170.0,145.0,170.0,170.0,14.0,8.0,47.0,79.0,15.0,6.0,1.0
115.85,52,330819.0,600.0,104.0,907.0,600.0,0.0,1.0,0.0,0.0,0.5,0.029,0.674,0.5,0.508,0.046,0.678,0.517,0.0,0.0,-1.5,-5.32,60.04,60.08,0.0,0.0,0.0,0.0,0.0,0.0,0.0,1.0,1.0,0.0,-0.0,-0.0,0.0,0.0,0.0,0.0,0.0,0.0,0.0,0.0,0.0,170.0,145.0,170.0,170.0,14.0,8.0,47.0,79.0,15.0,6.0,0.0
115.883,19,330838.0,600.0,104.0,907.0,600.0,0.0,1.0,0.0,0.0,0.5,0.029,0.674,0.5,0.508,0.046,0.678,0.517,0.0,0.0,-1.5,-5.32,60.04,60.08,0.0,0.0,0.0,0.0,0.0,0.0,0.0,1.0,1.0,0.0,-0.0,-0.0,0.0,0.0,0.0,0.0,0.0,0.0,0.0,0.0,0.0,170.0,145.0,170.0,170.0,14.0,8.0,47.0,79.0,15.0,6.0,0.0
115.949,84,330922.0,600.0,104.0,907.0,600.0,0.0,1.0,0.0,0.0,0.5,0.029,0.685,0.5,0.508,0.046,0.691,0.517,0.0,0.0,-1.51,-5.32,60.04,60.08,0.0,0.0,0.0,0.0,0.0,0.0,0.0,1.0,1.0,0.0,-0.0,-0.0,0.0,0.0,0.0,0.0,0.0,0.0,0.0,0.0,0.0,170.0,145.0,170.0,170.0,14.0,8.0,47.0,79.0,15.0,6.0,1.0
116.015,59,330981.0,600.0,106.0,907.0,600.0,0.0,1.0,0.0,0.0,0.5,0.029,0.685,0.5,0.508,0.046,0.691,0.517,0.0,0.0,-1.51,-5.32,60.04,60.08,0.0,0.0,0.0,0.0,0.0,0.0,0.0,1.0,1.0,0.0,-0.0,-0.0,0.0,0.0,0.0,0.0,0.0,0.0,0.0,0.0,0.0,170.0,145.0,170.0,170.0,14.0,8.0,47.0,79.0,15.0,6.0,0.0
116.112,99,331080.0,600.0,106.0,803.0,600.0,0.0,1.0,0.0,0.0,0.5,0.03,0.662,0.5,0.508,0.047,0.673,0.517,0.0,0.0,-1.51,-5.32,60.04,60.08,0.0,0.0,0.0,0.0,0.0,0.0,0.0,1.0,1.0,0.0,-0.0,-0.0,0.0,0.0,0.0,0.0,0.0,0.0,0.0,0.0,0.0,170.0,145.0,170.0,170.0,14.0,8.0,47.0,79.0,15.0,6.0,1.0
116.177,71,331151.0,600.0,105.0,803.0,600.0,0.0,1.0,0.0,0.0,0.5,0.03,0.662,0.5,0.508,0.047,0.673,0.517,0.0,0.0,-1.51,-5.32,60.04,60.08,0.0,0.0,0.0,0.0,0.0,0.0,0.0,1.0,1.0,0.0,-0.0,-0.0,0.0,0.0,0.0,0.0,0.0,0.0,0.0,0.0,0.0,170.0,145.0,170.0,170.0,14.0,8.0,47.0,79.0,15.0,6.0,0.0
116.274,97,331248.0,600.0,105.0,919.0,600.0,0.0,1.0,0.0,0.0,0.5,0.03,0.683,0.5,0.508,0.047,0.687,0.517,0.0,0.0,-1.51,-5.32,60.04,60.08,0.0,0.0,0.0,0.0,0.0,0.0,0.0,1.0,1.0,0.0,-0.0,-0.0,0.0,0.0,0.0,0.0,0.0,0.0,0.0,0.0,0.0,170.0,145.0,170.0,170.0,14.0,8.0,47.0,79.0,15.0,6.0,0.0
116.338,52,331300.0,600.0,105.0,919.0,600.0,0.0,1.0,0.0,0.0,0.5,0.03,0.683,0.5,0.508,0.047,0.687,0.517,0.0,0.0,-1.52,-5.31,60.04,60.08,0.0,0.0,0.0,0.0,0.0,0.0,0.0,1.0,1.0,0.0,-0.0,-0.0,0.0,0.0,0.0,0.0,0.0,0.0,0.0,0.0,0.0,170.0,145.0,170.0,170.0,14.0,8.0,47.0,79.0,15.0,6.0,0.0
116.369,19,331319.0,600.0,105.0,919.0,600.0,0.0,1.0,0.0,0.0,0.5,0.03,0.683,0.5,0.508,0.047,0.687,0.517,0.0,0.0,-1.52,-5.31,60.04,60.08,0.0,0.0,0.0,0.0,0.0,0.0,0.0,1.0,1.0,0.0,-0.0,-0.0,0.0,0.0,0.0,0.0,0.0,0.0,0.0,0.0,0.0,170.0,145.0,170.0,170.0,14.0,8.0,47.0,79.0,15.0,6.0,0.0
116.467,101,331420.0,600.0,105.0,816.0,600.0,0.0,1.0,0.0,0.0,0.5,0.03,0.665,0.5,0.508,0.047,0.675,0.517,0.0,0.0,-1.52,-5.31,60.04,60.08,0.0,0.0,0.0,0.0,0.0,0.0,0.0,1.0,1.0,0.0,-0.0,-0.0,0.0,0.0,0.0,0.0,0.0,0.0,0.0,0.0,0.0,170.0,145.0,170.0,170.0,14.0,8.0,47.0,79.0,15.0,6.0,1.0
116.5,52,331472.0,600.0,105.0,816.0,600.0,0.0,1.0,0.0,0.0,0.5,0.03,0.665,0.5,0.508,0.047,0.675,0.517,0.0,0.0,-1.52,-5.3,60.04,60.08,0.0,0.0,0.0,0.0,0.0,0.0,0.0,1.0,1.0,0.0,-0.0,-0.0,0.0,0.0,0.0,0.0,0.0,0.0,0.0,0.0,0.0,170.0,145.0,170.0,170.0,14.0,8.0,47.0,79.0,15.0,6.0,0.0
116.533,19,331491.0,600.0,105.0,816.0,600.0,0.0,1.0,0.0,0.0,0.5,0.03,0.665,0.5,0.508,0.047,0.675,0.517,0.0,0.0,-1.51,-5.3,60.04,60.08,0.0,0.0,0.0,0.0,0.0,0.0,0.0,1.0,1.0,0.0,-0.0,-0.0,0.0,0.0,0.0,0.0,0.0,0.0,0.0,0.0,0.0,170.0,145.0,170.0,170.0,14.0,8.0,47.0,79.0,15.0,6.0,0.0
116.63,102,331593.0,600.0,105.0,716.0,600.0,0.0,1.0,0.0,0.0,0.5,0.03,0.623,0.5,0.508,0.046,0.638,0.517,0.0,0.0,-1.51,-5.3,60.04,60.08,0.0,0.0,0.0,0.0,0.0,0.0,0.0,1.0,1.0,0.0,-0.0,-0.0,0.0,0.0,0.0,0.0,0.0,0.0,0.0,0.0,0.0,170.0,145.0,170.0,170.0,14.0,8.0,47.0,79.0,15.0,6.0,0.0
116.695,71,331664.0,600.0,104.0,716.0,600.0,0.0,1.0,0.0,0.0,0.5,0.03,0.623,0.5,0.508,0.046,0.638,0.517,0.0,0.0,-1.5,-5.29,60.04,60.08,0.0,0.0,0.0,0.0,0.0,0.0,0.0,1.0,1.0,0.0,-0.0,-0.0,0.0,0.0,0.0,0.0,0.0,0.0,0.0,0.0,0.0,170.0,145.0,170.0,170.0,14.0,8.0,47.0,79.0,15.0,6.0,0.0
116.8,104,331768.0,600.0,104.0,834.0,600.0,0.0,1.0,0.0,0.0,0.5,0.03,0.642,0.5,0.508,0.046,0.647,0.517,0.0,0.0,-1.5,-5.29,60.04,60.08,0.0,0.0,0.0,0.0,0.0,0.0,0.0,1.0,1.0,0.0,-0.0,-0.0,0.0,0.0,0.0,0.0,0.0,0.0,0.0,0.0,0.0,170.0,145.0,170.0,170.0,14.0,8.0,47.0,79.0,15.0,6.0,0.0
116.865,72,331840.0,600.0,105.0,834.0,600.0,0.0,1.0,0.0,0.0,0.5,0.03,0.642,0.5,0.508,0.046,0.647,0.517,0.0,0.0,-1.5,-5.29,60.04,60.08,0.0,0.0,0.0,0.0,0.0,0.0,0.0,1.0,1.0,0.0,-0.0,-0.0,0.0,0.0,0.0,0.0,0.0,0.0,0.0,0.0,0.0,170.0,145.0,170.0,170.0,14.0,8.0,47.0,79.0,15.0,6.0,0.0
116.995,104,331944.0,600.0,105.0,834.0,600.0,0.0,1.0,0.0,0.0,0.5,0.03,0.651,0.5,0.508,0.046,0.658,0.517,0.0,0.0,-1.5,-5.29,60.04,60.08,0.0,0.0,0.0,0.0,0.0,0.0,0.0,1.0,1.0,0.0,-0.0,-0.0,0.0,0.0,0.0,0.0,0.0,0.0,0.0,0.0,0.0,170.0,145.0,170.0,170.0,14.0,8.0,47.0,79.0,15.0,6.0,1.0
117.028,52,331996.0,600.0,105.0,834.0,600.0,0.0,1.0,0.0,0.0,0.5,0.03,0.651,0.5,0.508,0.046,0.658,0.517,0.0,0.0,-1.5,-5.29,60.04,60.08,0.0,0.0,0.0,0.0,0.0,0.0,0.0,1.0,1.0,0.0,-0.0,-0.0,0.0,0.0,0.0,0.0,0.0,0.0,0.0,0.0,0.0,170.0,145.0,170.0,170.0,14.0,8.0,47.0,79.0,15.0,6.0,1.0
117.06,19,332015.0,600.0,105.0,834.0,600.0,0.0,1.0,0.0,0.0,0.5,0.03,0.651,0.5,0.508,0.046,0.658,0.517,0.0,0.0,-1.5,-5.29,60.04,60.08,0.0,0.0,0.0,0.0,0.0,0.0,0.0,1.0,1.0,0.0,-0.0,-0.0,0.0,0.0,0.0,0.0,0.0,0.0,0.0,0.0,0.0,170.0,145.0,170.0,170.0,14.0,8.0,47.0,79.0,15.0,6.0,0.0
117.158,103,332118.0,600.0,105.0,718.0,600.0,0.0,1.0,0.0,0.0,0.5,0.03,0.618,0.5,0.508,0.046,0.631,0.516,0.0,0.0,-1.49,-5.28,60.04,60.08,0.0,0.0,0.0,0.0,0.0,0.0,0.0,1.0,1.0,0.0,-0.0,-0.0,0.0,0.0,0.0,0.0,0.0,0.0,0.0,0.0,0.0,170.0,145.0,170.0,170.0,14.0,8.0,47.0,79.0,15.0,6.0,0.0
117.224,72,332190.0,600.0,105.0,718.0,600.0,0.0,1.0,0.0,0.0,0.5,0.03,0.618,0.5,0.508,0.046,0.631,0.516,0.0,0.0,-1.49,-5.28,60.04,60.08,0.0,0.0,0.0,0.0,0.0,0.0,0.0,1.0,1.0,0.0,-0.0,-0.0,0.0,0.0,0.0,0.0,0.0,0.0,0.0,0.0,0.0,170.0,145.0,170.0,170.0,14.0,8.0,47.0,79.0,15.0,6.0,0.0
117.32,102,332292.0,600.0,105.0,826.0,600.0,0.0,1.0,0.0,0.0,0.5,0.03,0.637,0.5,0.508,0.046,0.642,0.517,0.0,0.0,-1.49,-5.29,60.04,60.08,0.0,0.0,0.0,0.0,0.0,0.0,0.0,1.0,1.0,0.0,-0.0,-0.0,0.0,0.0,0.0,0.0,0.0,0.0,0.0,0.0,0.0,170.0,145.0,170.0,170.0,14.0,8.0,47.0,79.0,15.0,6.0,0.0
117.383,51,332343.0,600.0,105.0,826.0,600.0,0.0,1.0,0.0,0.0,0.5,0.03,0.637,0.5,0.508,0.046,0.642,0.517,0.0,0.0,-1.49,-5.29,60.04,60.08,0.0,0.0,0.0,0.0,0.0,0.0,0.0,1.0,1.0,0.0,-0.0,-0.0,0.0,0.0,0.0,0.0,0.0,0.0,0.0,0.0,0.0,170.0,145.0,170.0,170.0,14.0,8.0,47.0,79.0,15.0,6.0,0.0
117.415,19,332362.0,600.0,104.0,826.0,600.0,0.0,1.0,0.0,0.0,0.5,0.03,0.637,0.5,0.508,0.046,0.642,0.517,0.0,0.0,-1.49,-5.29,60.04,60.08,0.0,0.0,0.0,0.0,0.0,0.0,0.0,1.0,1.0,0.0,-0.0,-0.0,0.0,0.0,0.0,0.0,0.0,0.0,0.0,0.0,0.0,170.0,145.0,170.0,170.0,14.0,8.0,47.0,79.0,15.0,6.0,0.0
117.51,100,332462.0,600.0,104.0,826.0,600.0,0.0,1.0,0.0,0.0,0.5,0.029,0.647,0.5,0.508,0.046,0.653,0.517,0.0,0.0,-1.49,-5.29,60.04,60.08,0.0,0.0,0.0,0.0,0.0,0.0,0.0,1.0,1.0,0.0,-0.0,-0.0,0.0,0.0,0.0,0.0,0.0,0.0,0.0,0.0,0.0,170.0,145.0,170.0,170.0,14.0,8.0,47.0,79.0,15.0,6.0,0.0
117.544,51,332513.0,600.0,104.0,826.0,600.0,0.0,1.0,0.0,0.0,0.5,0.029,0.647,0.5,0.508,0.046,0.653,0.517,0.0,0.0,-1.48,-5.29,60.04,60.08,0.0,0.0,0.0,0.0,0.0,0.0,0.0,1.0,1.0,0.0,-0.0,-0.0,0.0,0.0,0.0,0.0,0.0,0.0,0.0,0.0,0.0,170.0,145.0,170.0,170.0,14.0,8.0,47.0,79.0,15.0,6.0,0.0
117.576,19,332532.0,600.0,106.0,826.0,600.0,0.0,1.0,0.0,0.0,0.5,0.029,0.647,0.5,0.508,0.046,0.653,0.517,0.0,0.0,-1.48,-5.29,60.04,60.08,0.0,0.0,0.0,0.0,0.0,0.0,0.0,1.0,1.0,0.0,-0.0,-0.0,0.0,0.0,0.0,0.0,0.0,0.0,0.0,0.0,0.0,170.0,145.0,170.0,170.0,14.0,8.0,47.0,79.0,15.0,6.0,0.0
117.674,100,332632.0,600.0,106.0,708.0,600.0,0.0,1.0,0.0,0.0,0.5,0.03,0.612,0.5,0.508,0.046,0.625,0.516,0.0,0.0,-1.47,-5.29,60.04,60.08,0.0,0.0,0.0,0.0,0.0,0.0,0.0,1.0,1.0,0.0,-0.0,-0.0,0.0,0.0,0.0,0.0,0.0,0.0,0.0,0.0,0.0,170.0,145.0,170.0,170.0,14.0,8.0,47.0,79.0,15.0,6.0,0.0
117.746,71,332703.0,600.0,104.0,708.0,600.0,0.0,1.0,0.0,0.0,0.5,0.03,0.612,0.5,0.508,0.046,0.625,0.516,0.0,0.0,-1.47,-5.31,60.03,60.08,0.0,0.0,0.0,0.0,0.0,0.0,0.0,1.0,1.0,0.0,-0.0,-0.0,0.0,0.0,0.0,0.0,0.0,0.0,0.0,0.0,0.0,170.0,145.0,170.0,170.0,14.0,8.0,47.0,79.0,15.0,6.0,0.0
117.843,84,332787.0,600.0,104.0,708.0,600.0,0.0,1.0,0.0,0.0,0.5,0.029,0.596,0.5,0.508,0.046,0.606,0.516,0.0,0.0,-1.47,-5.32,60.04,60.08,0.0,0.0,0.0,0.0,0.0,0.0,0.0,1.0,1.0,0.0,-0.0,-0.0,0.0,0.0,0.0,0.0,0.0,0.0,0.0,0.0,0.0,170.0,145.0,170.0,170.0,14.0,8.0,47.0,79.0,15.0,6.0,0.0
117.875,47,332834.0,600.0,104.0,708.0,600.0,0.0,1.0,0.0,0.0,0.5,0.029,0.596,0.5,0.508,0.046,0.606,0.516,0.0,0.0,-1.48,-5.32,60.03,60.08,0.0,0.0,0.0,0.0,0.0,0.0,0.0,1.0,1.0,0.0,-0.0,-0.0,0.0,0.0,0.0,0.0,0.0,0.0,0.0,0.0,0.0,170.0,145.0,170.0,170.0,14.0,8.0,47.0,79.0,15.0,6.0,0.0
117.944,82,332916.0,600.0,104.0,815.0,600.0,0.0,1.0,0.0,0.0,0.5,0.029,0.624,0.5,0.508,0.046,0.627,0.516,0.0,0.0,-1.48,-5.32,60.03,60.08,0.0,0.0,0.0,0.0,0.0,0.0,0.0,1.0,1.0,0.0,-0.0,-0.0,0.0,0.0,0.0,0.0,0.0,0.0,0.0,0.0,0.0,170.0,145.0,170.0,170.0,14.0,8.0,47.0,79.0,15.0,6.0,0.0
118.011,65,332981.0,600.0,103.0,815.0,600.0,0.0,1.0,0.0,0.0,0.5,0.029,0.624,0.5,0.508,0.046,0.627,0.516,0.0,0.0,-1.48,-5.32,60.04,60.08,0.0,0.0,0.0,0.0,0.0,0.0,0.0,1.0,1.0,0.0,-0.0,-0.0,0.0,0.0,0.0,0.0,0.0,0.0,0.0,0.0,0.0,170.0,145.0,170.0,170.0,14.0,8.0,47.0,79.0,15.0,6.0,0.0
118.109,100,333081.0,600.0,103.0,707.0,600.0,0.0,1.0,0.0,0.0,0.5,0.029,0.601,0.5,0.508,0.045,0.613,0.516,0.0,0.0,-1.49,-5.32,60.04,60.08,0.0,0.0,0.0,0.0,0.0,0.0,0.0,1.0,1.0,0.0,-0.0,-0.0,0.0,0.0,0.0,0.0,0.0,0.0,0.0,0.0,0.0,170.0,145.0,170.0,170.0,14.0,8.0,47.0,79.0,15.0,6.0,0.0
118.175,52,333133.0,600.0,103.0,707.0,600.0,0.0,1.0,0.0,0.0,0.5,0.029,0.601,0.5,0.508,0.045,0.613,0.516,0.0,0.0,-1.49,-5.32,60.04,60.08,0.0,0.0,0.0,0.0,0.0,0.0,0.0,1.0,1.0,0.0,-0.0,-0.0,0.0,0.0,0.0,0.0,0.0,0.0,0.0,0.0,0.0,170.0,145.0,170.0,170.0,14.0,8.0,47.0,79.0,15.0,6.0,0.0
118.208,19,333152.0,600.0,105.0,707.0,600.0,0.0,1.0,0.0,0.0,0.5,0.029,0.601,0.5,0.508,0.045,0.613,0.516,0.0,0.0,-1.49,-5.32,60.04,60.08,0.0,0.0,0.0,0.0,0.0,0.0,0.0,1.0,1.0,0.0,-0.0,-0.0,0.0,0.0,0.0,0.0,0.0,0.0,0.0,0.0,0.0,170.0,145.0,170.0,170.0,14.0,8.0,47.0,79.0,15.0,6.0,0.0
118.306,101,333253.0,600.0,105.0,707.0,600.0,0.0,1.0,0.0,0.0,0.5,0.029,0.591,0.5,0.508,0.045,0.6,0.516,0.0,0.0,-1.49,-5.32,60.04,60.08,0.0,0.0,0.0,0.0,0.0,0.0,0.0,1.0,1.0,0.0,-0.0,-0.0,0.0,0.0,0.0,0.0,0.0,0.0,0.0,0.0,0.0,170.0,145.0,170.0,170.0,14.0,8.0,47.0,79.0,15.0,6.0,0.0
118.339,52,333305.0,600.0,105.0,707.0,600.0,0.0,1.0,0.0,0.0,0.5,0.029,0.591,0.5,0.508,0.045,0.6,0.516,0.0,0.0,-1.5,-5.32,60.04,60.08,0.0,0.0,0.0,0.0,0.0,0.0,0.0,1.0,1.0,0.0,-0.0,-0.0,0.0,0.0,0.0,0.0,0.0,0.0,0.0,0.0,0.0,170.0,145.0,170.0,170.0,14.0,8.0,47.0,79.0,15.0,6.0,0.0
118.372,19,333324.0,600.0,104.0,707.0,600.0,0.0,1.0,0.0,0.0,0.5,0.029,0.591,0.5,0.508,0.045,0.6,0.516,0.0,0.0,-1.5,-5.32,60.04,60.08,0.0,0.0,0.0,0.0,0.0,0.0,0.0,1.0,1.0,0.0,-0.0,-0.0,0.0,0.0,0.0,0.0,0.0,0.0,0.0,0.0,0.0,170.0,145.0,170.0,170.0,14.0,8.0,47.0,79.0,15.0,6.0,0.0
118.437,83,333407.0,600.0,104.0,707.0,600.0,0.0,1.0,0.0,0.0,0.5,0.029,0.586,0.5,0.508,0.045,0.594,0.516,0.0,0.0,-1.5,-5.32,60.04,60.08,0.0,0.0,0.0,0.0,0.0,0.0,0.0,1.0,1.0,0.0,-0.0,-0.0,0.0,0.0,0.0,0.0,0.0,0.0,0.0,0.0,0.0,170.0,145.0,170.0,170.0,14.0,8.0,47.0,79.0,15.0,6.0,1.0
118.502,67,333474.0,600.0,104.0,707.0,600.0,0.0,1.0,0.0,0.0,0.5,0.029,0.586,0.5,0.508,0.045,0.594,0.516,0.0,0.0,-1.5,-5.32,60.04,60.08,0.0,0.0,0.0,0.0,0.0,0.0,0.0,1.0,1.0,0.0,-0.0,-0.0,0.0,0.0,0.0,0.0,0.0,0.0,0.0,0.0,0.0,170.0,145.0,170.0,170.0,14.0,8.0,47.0,79.0,15.0,6.0,0.0
118.599,101,333575.0,600.0,104.0,707.0,600.0,0.0,1.0,0.0,0.0,0.5,0.029,0.584,0.5,0.508,0.045,0.592,0.516,0.0,0.0,-1.51,-5.32,60.04,60.08,0.0,0.0,0.0,0.0,0.0,0.0,0.0,1.0,1.0,0.0,-0.0,-0.0,0.0,0.0,0.0,0.0,0.0,0.0,0.0,0.0,0.0,170.0,145.0,170.0,170.0,14.0,8.0,47.0,79.0,15.0,6.0,1.0
118.665,52,333627.0,600.0,104.0,707.0,600.0,0.0,1.0,0.0,0.0,0.5,0.029,0.584,0.5,0.508,0.045,0.592,0.516,0.0,0.0,-1.5,-5.32,60.04,60.08,0.0,0.0,0.0,0.0,0.0,0.0,0.0,1.0,1.0,0.0,-0.0,-0.0,0.0,0.0,0.0,0.0,0.0,0.0,0.0,0.0,0.0,170.0,145.0,170.0,170.0,14.0,8.0,47.0,79.0,15.0,6.0,0.0
118.699,22,333649.0,600.0,104.0,707.0,600.0,0.0,1.0,0.0,0.0,0.5,0.029,0.584,0.5,0.508,0.045,0.592,0.516,0.0,0.0,-1.5,-5.32,60.04,60.08,0.0,0.0,0.0,0.0,0.0,0.0,0.0,1.0,1.0,0.0,-0.0,-0.0,0.0,0.0,0.0,0.0,0.0,0.0,0.0,0.0,0.0,170.0,145.0,170.0,170.0,14.0,8.0,47.0,79.0,15.0,6.0,1.0
118.797,100,333749.0,600.0,104.0,711.0,600.0,0.0,1.0,0.0,0.0,0.5,0.029,0.584,0.5,0.508,0.045,0.592,0.516,0.0,0.0,-1.5,-5.32,60.04,60.08,0.0,0.0,0.0,0.0,0.0,0.0,0.0,1.0,1.0,0.0,-0.0,-0.0,0.0,0.0,0.0,0.0,0.0,0.0,0.0,0.0,0.0,170.0,145.0,170.0,170.0,14.0,8.0,47.0,79.0,15.0,6.0,0.0
118.829,52,333801.0,600.0,104.0,711.0,600.0,0.0,1.0,0.0,0.0,0.5,0.029,0.584,0.5,0.508,0.045,0.592,0.516,0.0,0.0,-1.5,-5.33,60.04,60.08,0.0,0.0,0.0,0.0,0.0,0.0,0.0,1.0,1.0,0.0,-0.0,-0.0,0.0,0.0,0.0,0.0,0.0,0.0,0.0,0.0,0.0,170.0,145.0,170.0,170.0,14.0,8.0,47.0,79.0,15.0,6.0,0.0
118.861,19,333820.0,600.0,103.0,711.0,600.0,0.0,1.0,0.0,0.0,0.5,0.029,0.584,0.5,0.508,0.045,0.592,0.516,0.0,0.0,-1.5,-5.33,60.04,60.08,0.0,0.0,0.0,0.0,0.0,0.0,0.0,1.0,1.0,0.0,-0.0,-0.0,0.0,0.0,0.0,0.0,0.0,0.0,0.0,0.0,0.0,170.0,145.0,170.0,170.0,14.0,8.0,47.0,79.0,15.0,6.0,0.0
118.957,102,333922.0,600.0,103.0,711.0,600.0,0.0,1.0,0.0,0.0,0.5,0.029,0.584,0.5,0.508,0.045,0.592,0.516,0.0,0.0,-1.5,-5.32,60.04,60.08,0.0,0.0,0.0,0.0,0.0,0.0,0.0,1.0,1.0,0.0,-0.0,-0.0,0.0,0.0,0.0,0.0,0.0,0.0,0.0,0.0,0.0,170.0,145.0,170.0,170.0,14.0,8.0,47.0,79.0,15.0,6.0,0.0
119.023,71,333993.0,600.0,101.0,711.0,600.0,0.0,1.0,0.0,0.0,0.5,0.029,0.584,0.5,0.508,0.045,0.592,0.516,0.0,0.0,-1.5,-5.32,60.04,60.08,0.0,0.0,0.0,0.0,0.0,0.0,0.0,1.0,1.0,0.0,-0.0,-0.0,0.0,0.0,0.0,0.0,0.0,0.0,0.0,0.0,0.0,170.0,145.0,170.0,170.0,14.0,8.0,47.0,79.0,15.0,6.0,0.0
119.12,95,334088.0,600.0,101.0,711.0,600.0,0.0,1.0,0.0,0.0,0.5,0.028,0.584,0.5,0.508,0.044,0.592,0.516,0.0,0.0,-1.5,-5.32,60.04,60.08,0.0,0.0,0.0,0.0,0.0,0.0,0.0,1.0,1.0,0.0,-0.0,-0.0,0.0,0.0,0.0,0.0,0.0,0.0,0.0,0.0,0.0,170.0,145.0,170.0,170.0,14.0,8.0,47.0,79.0,15.0,6.0,0.0
119.185,71,334159.0,600.0,99.0,711.0,600.0,0.0,1.0,0.0,0.0,0.5,0.028,0.584,0.5,0.508,0.044,0.592,0.516,0.0,0.0,-1.5,-5.32,60.04,60.08,0.0,0.0,0.0,0.0,0.0,0.0,0.0,1.0,1.0,0.0,-0.0,-0.0,0.0,0.0,0.0,0.0,0.0,0.0,0.0,0.0,0.0,170.0,145.0,170.0,170.0,14.0,8.0,47.0,79.0,15.0,6.0,0.0
119.316,103,334262.0,600.0,99.0,830.0,600.0,0.0,1.0,0.0,0.0,0.5,0.027,0.623,0.5,0.508,0.044,0.625,0.516,0.0,0.0,-1.49,-5.33,60.04,60.08,0.0,0.0,0.0,0.0,0.0,0.0,0.0,1.0,1.0,0.0,-0.0,-0.0,0.0,0.0,0.0,0.0,0.0,0.0,0.0,0.0,0.0,170.0,145.0,170.0,170.0,14.0,8.0,47.0,79.0,15.0,6.0,1.0
119.349,52,334314.0,600.0,99.0,830.0,600.0,0.0,1.0,0.0,0.0,0.5,0.027,0.623,0.5,0.508,0.044,0.625,0.516,0.0,0.0,-1.5,-5.33,60.04,60.08,0.0,0.0,0.0,0.0,0.0,0.0,0.0,1.0,1.0,0.0,-0.0,-0.0,0.0,0.0,0.0,0.0,0.0,0.0,0.0,0.0,0.0,170.0,145.0,170.0,170.0,14.0,8.0,47.0,79.0,15.0,6.0,0.0
119.382,20,334334.0,600.0,101.0,830.0,600.0,0.0,1.0,0.0,0.0,0.5,0.027,0.623,0.5,0.508,0.044,0.625,0.516,0.0,0.0,-1.5,-5.33,60.04,60.08,0.0,0.0,0.0,0.0,0.0,0.0,0.0,1.0,1.0,0.0,-0.0,-0.0,0.0,0.0,0.0,0.0,0.0,0.0,0.0,0.0,0.0,170.0,145.0,170.0,170.0,14.0,8.0,47.0,79.0,15.0,6.0,0.0
119.479,100,334434.0,600.0,101.0,830.0,600.0,0.0,1.0,0.0,0.0,0.5,0.027,0.641,0.5,0.508,0.044,0.646,0.517,0.0,0.0,-1.5,-5.33,60.04,60.08,0.0,0.0,0.0,0.0,0.0,0.0,0.0,1.0,1.0,0.0,-0.0,-0.0,0.0,0.0,0.0,0.0,0.0,0.0,0.0,0.0,0.0,170.0,145.0,170.0,170.0,14.0,8.0,47.0,79.0,15.0,6.0,1.0
119.512,52,334486.0,600.0,101.0,830.0,600.0,0.0,1.0,0.0,0.0,0.5,0.027,0.641,0.5,0.508,0.044,0.646,0.517,0.0,0.0,-1.5,-5.33,60.04,60.08,0.0,0.0,0.0,0.0,0.0,0.0,0.0,1.0,1.0,0.0,-0.0,-0.0,0.0,0.0,0.0,0.0,0.0,0.0,0.0,0.0,0.0,170.0,145.0,170.0,170.0,14.0,8.0,47.0,79.0,15.0,6.0,0.0
119.545,19,334505.0,600.0,102.0,830.0,600.0,0.0,1.0,0.0,0.0,0.5,0.027,0.641,0.5,0.508,0.044,0.646,0.517,0.0,0.0,-1.5,-5.33,60.04,60.08,0.0,0.0,0.0,0.0,0.0,0.0,0.0,1.0,1.0,0.0,-0.0,-0.0,0.0,0.0,0.0,0.0,0.0,0.0,0.0,0.0,0.0,170.0,145.0,170.0,170.0,14.0,8.0,47.0,79.0,15.0,6.0,0.0
119.609,77,334582.0,600.0,102.0,823.0,600.0,0.0,1.0,0.0,0.0,0.5,0.028,0.647,0.5,0.508,0.044,0.654,0.517,0.0,0.0,-1.5,-5.33,60.04,60.08,0.0,0.0,0.0,0.0,0.0,0.0,0.0,1.0,1.0,0.0,-0.0,-0.0,0.0,0.0,0.0,0.0,0.0,0.0,0.0,0.0,0.0,170.0,145.0,170.0,170.0,14.0,8.0,47.0,79.0,15.0,6.0,0.0
119.671,64,334646.0,600.0,103.0,823.0,600.0,0.0,1.0,0.0,0.0,0.5,0.028,0.647,0.5,0.508,0.044,0.654,0.517,0.0,0.0,-1.5,-5.33,60.04,60.08,0.0,0.0,0.0,0.0,0.0,0.0,0.0,1.0,1.0,0.0,-0.0,-0.0,0.0,0.0,0.0,0.0,0.0,0.0,0.0,0.0,0.0,170.0,145.0,170.0,170.0,14.0,8.0,47.0,79.0,15.0,6.0,0.0
119.774,101,334747.0,600.0,103.0,926.0,600.0,0.0,1.0,0.0,0.0,0.5,0.028,0.678,0.5,0.508,0.045,0.681,0.517,0.0,0.0,-1.5,-5.32,60.04,60.08,0.0,0.0,0.0,0.0,0.0,0.0,0.0,1.0,1.0,0.0,-0.0,-0.0,0.0,0.0,0.0,0.0,0.0,0.0,0.0,0.0,0.0,170.0,145.0,170.0,170.0,14.0,8.0,47.0,79.0,15.0,6.0,0.0
119.84,53,334800.0,600.0,103.0,926.0,600.0,0.0,1.0,0.0,0.0,0.5,0.028,0.678,0.5,0.508,0.045,0.681,0.517,0.0,0.0,-1.5,-5.32,60.04,60.08,0.0,0.0,0.0,0.0,0.0,0.0,0.0,1.0,1.0,0.0,-0.0,-0.0,0.0,0.0,0.0,0.0,0.0,0.0,0.0,0.0,0.0,170.0,145.0,170.0,170.0,14.0,8.0,47.0,79.0,15.0,6.0,1.0
119.872,19,334819.0,600.0,104.0,926.0,600.0,0.0,1.0,0.0,0.0,0.5,0.028,0.678,0.5,0.508,0.045,0.681,0.517,0.0,0.0,-1.5,-5.32,60.03,60.08,0.0,0.0,0.0,0.0,0.0,0.0,0.0,1.0,1.0,0.0,-0.0,-0.0,0.0,0.0,0.0,0.0,0.0,0.0,0.0,0.0,0.0,170.0,145.0,170.0,170.0,14.0,8.0,47.0,79.0,15.0,6.0,0.0
119.97,101,334920.0,600.0,104.0,926.0,600.0,0.0,1.0,0.0,0.0,0.5,0.029,0.692,0.5,0.508,0.046,0.697,0.517,0.0,0.0,-1.5,-5.32,60.03,60.08,0.0,0.0,0.0,0.0,0.0,0.0,0.0,1.0,1.0,0.0,-0.0,-0.0,0.0,0.0,0.0,0.0,0.0,0.0,0.0,0.0,0.0,170.0,145.0,170.0,170.0,14.0,8.0,47.0,79.0,15.0,6.0,1.0
120.004,52,334972.0,600.0,104.0,926.0,600.0,0.0,1.0,0.0,0.0,0.5,0.029,0.692,0.5,0.508,0.046,0.697,0.517,0.0,0.0,-1.5,-5.32,60.03,60.08,0.0,0.0,0.0,0.0,0.0,0.0,0.0,1.0,1.0,0.0,-0.0,-0.0,0.0,0.0,0.0,0.0,0.0,0.0,0.0,0.0,0.0,170.0,145.0,170.0,170.0,14.0,8.0,47.0,79.0,15.0,6.0,0.0
120.036,19,334991.0,600.0,106.0,926.0,600.0,0.0,1.0,0.0,0.0,0.5,0.029,0.692,0.5,0.508,0.046,0.697,0.517,0.0,0.0,-1.49,-5.31,60.03,60.08,0.0,0.0,0.0,0.0,0.0,0.0,0.0,1.0,1.0,0.0,-0.0,-0.0,0.0,0.0,0.0,0.0,0.0,0.0,0.0,0.0,0.0,170.0,145.0,170.0,170.0,14.0,8.0,47.0,79.0,15.0,6.0,0.0
120.133,102,335093.0,600.0,106.0,808.0,600.0,0.0,1.0,0.0,0.0,0.5,0.029,0.666,0.5,0.508,0.046,0.678,0.517,0.0,0.0,-1.49,-5.31,60.04,60.08,0.0,0.0,0.0,0.0,0.0,0.0,0.0,1.0,1.0,0.0,-0.0,-0.0,0.0,0.0,0.0,0.0,0.0,0.0,0.0,0.0,0.0,170.0,145.0,170.0,170.0,14.0,8.0,47.0,79.0,15.0,6.0,1.0
120.198,72,335165.0,600.0,105.0,808.0,600.0,0.0,1.0,0.0,0.0,0.5,0.029,0.666,0.5,0.508,0.046,0.678,0.517,0.0,0.0,-1.5,-5.3,60.03,60.08,0.0,0.0,0.0,0.0,0.0,0.0,0.0,1.0,1.0,0.0,-0.0,-0.0,0.0,0.0,0.0,0.0,0.0,0.0,0.0,0.0,0.0,170.0,145.0,170.0,170.0,14.0,8.0,47.0,79.0,15.0,6.0,0.0
120.296,100,335265.0,600.0,105.0,919.0,600.0,0.0,1.0,0.0,0.0,0.5,0.03,0.685,0.5,0.508,0.047,0.69,0.517,0.0,0.0,-1.49,-5.3,60.03,60.08,0.0,0.0,0.0,0.0,0.0,0.0,0.0,1.0,1.0,0.0,-0.0,-0.0,0.0,0.0,0.0,0.0,0.0,0.0,0.0,0.0,0.0,170.0,145.0,170.0,170.0,14.0,8.0,47.0,79.0,15.0,6.0,0.0
120.361,71,335336.0,600.0,105.0,919.0,600.0,0.0,1.0,0.0,0.0,0.5,0.03,0.685,0.5,0.508,0.047,0.69,0.517,0.0,0.0,-1.48,-5.31,60.03,60.08,0.0,0.0,0.0,0.0,0.0,0.0,0.0,1.0,1.0,0.0,-0.0,-0.0,0.0,0.0,0.0,0.0,0.0,0.0,0.0,0.0,0.0,170.0,145.0,170.0,170.0,14.0,8.0,47.0,79.0,15.0,6.0,0.0
120.491,101,335437.0,600.0,105.0,815.0,600.0,0.0,1.0,0.0,0.0,0.5,0.03,0.665,0.5,0.508,0.047,0.676,0.517,0.0,0.0,-1.49,-5.31,60.03,60.08,0.0,0.0,0.0,0.0,0.0,0.0,0.0,1.0,1.0,0.0,-0.0,-0.0,0.0,0.0,0.0,0.0,0.0,0.0,0.0,0.0,0.0,170.0,145.0,170.0,170.0,14.0,8.0,47.0,79.0,15.0,6.0,1.0
120.524,51,335488.0,600.0,105.0,815.0,600.0,0.0,1.0,0.0,0.0,0.5,0.03,0.665,0.5,0.508,0.047,0.676,0.517,0.0,0.0,-1.49,-5.31,60.03,60.08,0.0,0.0,0.0,0.0,0.0,0.0,0.0,1.0,1.0,0.0,-0.0,-0.0,0.0,0.0,0.0,0.0,0.0,0.0,0.0,0.0,0.0,170.0,145.0,170.0,170.0,14.0,8.0,47.0,79.0,15.0,6.0,0.0
120.557,19,335507.0,600.0,105.0,815.0,600.0,0.0,1.0,0.0,0.0,0.5,0.03,0.665,0.5,0.508,0.047,0.676,0.517,0.0,0.0,-1.49,-5.31,60.03,60.08,0.0,0.0,0.0,0.0,0.0,0.0,0.0,1.0,1.0,0.0,-0.0,-0.0,0.0,0.0,0.0,0.0,0.0,0.0,0.0,0.0,0.0,170.0,145.0,170.0,170.0,14.0,8.0,47.0,79.0,15.0,6.0,0.0
120.653,101,335608.0,600.0,105.0,711.0,600.0,0.0,1.0,0.0,0.0,0.5,0.03,0.622,0.5,0.508,0.046,0.637,0.517,0.0,0.0,-1.5,-5.31,60.02,60.08,0.0,0.0,0.0,0.0,0.0,0.0,0.0,1.0,1.0,0.0,-0.0,-0.0,0.0,0.0,0.0,0.0,0.0,0.0,0.0,0.0,0.0,170.0,145.0,170.0,170.0,14.0,8.0,47.0,79.0,15.0,6.0,0.0
120.685,52,335660.0,600.0,105.0,711.0,600.0,0.0,1.0,0.0,0.0,0.5,0.03,0.622,0.5,0.508,0.046,0.637,0.517,0.0,0.0,-1.5,-5.31,60.02,60.08,0.0,0.0,0.0,0.0,0.0,0.0,0.0,1.0,1.0,0.0,-0.0,-0.0,0.0,0.0,0.0,0.0,0.0,0.0,0.0,0.0,0.0,170.0,145.0,170.0,170.0,14.0,8.0,47.0,79.0,15.0,6.0,0.0
120.723,19,335679.0,600.0,105.0,711.0,600.0,0.0,1.0,0.0,0.0,0.5,0.03,0.622,0.5,0.508,0.046,0.637,0.517,0.0,0.0,-1.5,-5.31,60.02,60.08,0.0,0.0,0.0,0.0,0.0,0.0,0.0,1.0,1.0,0.0,-0.0,-0.0,0.0,0.0,0.0,0.0,0.0,0.0,0.0,0.0,0.0,170.0,145.0,170.0,170.0,14.0,8.0,47.0,79.0,15.0,6.0,0.0
120.788,83,335762.0,600.0,105.0,711.0,600.0,0.0,1.0,0.0,0.0,0.5,0.03,0.602,0.5,0.508,0.046,0.613,0.516,0.0,0.0,-1.5,-5.31,60.02,60.08,0.0,0.0,0.0,0.0,0.0,0.0,0.0,1.0,1.0,0.0,-0.0,-0.0,0.0,0.0,0.0,0.0,0.0,0.0,0.0,0.0,0.0,170.0,145.0,170.0,170.0,14.0,8.0,47.0,79.0,15.0,6.0,0.0
120.852,65,335827.0,600.0,106.0,711.0,600.0,0.0,1.0,0.0,0.0,0.5,0.03,0.602,0.5,0.508,0.046,0.613,0.516,0.0,0.0,-1.5,-5.31,60.02,60.08,0.0,0.0,0.0,0.0,0.0,0.0,0.0,1.0,1.0,0.0,-0.0,-0.0,0.0,0.0,0.0,0.0,0.0,0.0,0.0,0.0,0.0,170.0,145.0,170.0,170.0,14.0,8.0,47.0,79.0,15.0,6.0,0.0
120.979,100,335927.0,600.0,106.0,821.0,600.0,0.0,1.0,0.0,0.0,0.5,0.03,0.628,0.5,0.508,0.046,0.632,0.516,0.0,0.0,-1.5,-5.31,60.02,60.08,0.0,0.0,0.0,0.0,0.0,0.0,0.0,1.0,1.0,0.0,-0.0,-0.0,0.0,0.0,0.0,0.0,0.0,0.0,0.0,0.0,0.0,170.0,145.0,170.0,170.0,14.0,8.0,47.0,79.0,15.0,6.0,1.0
121.012,52,335979.0,600.0,106.0,821.0,600.0,0.0,1.0,0.0,0.0,0.5,0.03,0.628,0.5,0.508,0.046,0.632,0.516,0.0,0.0,-1.5,-5.31,60.02,60.08,0.0,0.0,0.0,0.0,0.0,0.0,0.0,1.0,1.0,0.0,-0.0,-0.0,0.0,0.0,0.0,0.0,0.0,0.0,0.0,0.0,0.0,170.0,145.0,170.0,170.0,14.0,8.0,47.0,79.0,15.0,6.0,0.0
121.044,20,335999.0,600.0,104.0,821.0,600.0,0.0,1.0,0.0,0.0,0.5,0.03,0.628,0.5,0.508,0.046,0.632,0.516,0.0,0.0,-1.5,-5.32,60.02,60.08,0.0,0.0,0.0,0.0,0.0,0.0,0.0,1.0,1.0,0.0,-0.0,-0.0,0.0,0.0,0.0,0.0,0.0,0.0,0.0,0.0,0.0,170.0,145.0,170.0,170.0,14.0,8.0,47.0,79.0,15.0,6.0,0.0
121.142,99,336098.0,600.0,104.0,810.0,600.0,0.0,1.0,0.0,0.0,0.5,0.03,0.638,0.5,0.508,0.046,0.644,0.517,0.0,0.0,-1.5,-5.32,60.02,60.08,0.0,0.0,0.0,0.0,0.0,0.0,0.0,1.0,1.0,0.0,-0.0,-0.0,0.0,0.0,0.0,0.0,0.0,0.0,0.0,0.0,0.0,170.0,145.0,170.0,170.0,14.0,8.0,47.0,79.0,15.0,6.0,0.0
121.176,52,336150.0,600.0,104.0,810.0,600.0,0.0,1.0,0.0,0.0,0.5,0.03,0.638,0.5,0.508,0.046,0.644,0.517,0.0,0.0,-1.49,-5.31,60.02,60.08,0.0,0.0,0.0,0.0,0.0,0.0,0.0,1.0,1.0,0.0,-0.0,-0.0,0.0,0.0,0.0,0.0,0.0,0.0,0.0,0.0,0.0,170.0,145.0,170.0,170.0,14.0,8.0,47.0,79.0,15.0,6.0,0.0
121.208,19,336169.0,600.0,104.0,810.0,600.0,0.0,1.0,0.0,0.0,0.5,0.03,0.638,0.5,0.508,0.046,0.644,0.517,0.0,0.0,-1.49,-5.31,60.02,60.08,0.0,0.0,0.0,0.0,0.0,0.0,0.0,1.0,1.0,0.0,-0.0,-0.0,0.0,0.0,0.0,0.0,0.0,0.0,0.0,0.0,0.0,170.0,145.0,170.0,170.0,14.0,8.0,47.0,79.0,15.0,6.0,0.0
121.306,100,336269.0,600.0,104.0,810.0,600.0,0.0,1.0,0.0,0.0,0.5,0.029,0.642,0.5,0.508,0.046,0.649,0.517,0.0,0.0,-1.49,-5.32,60.02,60.08,0.0,0.0,0.0,0.0,0.0,0.0,0.0,1.0,1.0,0.0,-0.0,-0.0,0.0,0.0,0.0,0.0,0.0,0.0,0.0,0.0,0.0,170.0,145.0,170.0,170.0,14.0,8.0,47.0,79.0,15.0,6.0,0.0
121.371,71,336340.0,600.0,103.0,810.0,600.0,0.0,1.0,0.0,0.0,0.5,0.029,0.642,0.5,0.508,0.046,0.649,0.517,0.0,0.0,-1.49,-5.32,60.02,60.08,0.0,0.0,0.0,0.0,0.0,0.0,0.0,1.0,1.0,0.0,-0.0,-0.0,0.0,0.0,0.0,0.0,0.0,0.0,0.0,0.0,0.0,170.0,145.0,170.0,170.0,14.0,8.0,47.0,79.0,15.0,6.0,0.0
121.468,101,336441.0,600.0,103.0,810.0,600.0,0.0,1.0,0.0,0.0,0.5,0.029,0.644,0.5,0.508,0.046,0.652,0.517,0.0,0.0,-1.49,-5.32,60.02,60.08,0.0,0.0,0.0,0.0,0.0,0.0,0.0,1.0,1.0,0.0,-0.0,-0.0,0.0,0.0,0.0,0.0,0.0,0.0,0.0,0.0,0.0,170.0,145.0,170.0,170.0,14.0,8.0,47.0,79.0,15.0,6.0,1.0
121.534,52,336493.0,600.0,103.0,810.0,600.0,0.0,1.0,0.0,0.0,0.5,0.029,0.644,0.5,0.508,0.046,0.652,0.517,0.0,0.0,-1.49,-5.32,60.02,60.08,0.0,0.0,0.0,0.0,0.0,0.0,0.0,1.0,1.0,0.0,-0.0,-0.0,0.0,0.0,0.0,0.0,0.0,0.0,0.0,0.0,0.0,170.0,145.0,170.0,170.0,14.0,8.0,47.0,79.0,15.0,6.0,0.0
121.566,21,336514.0,600.0,103.0,810.0,600.0,0.0,1.0,0.0,0.0,0.5,0.029,0.644,0.5,0.508,0.046,0.652,0.517,0.0,0.0,-1.49,-5.32,60.02,60.08,0.0,0.0,0.0,0.0,0.0,0.0,0.0,1.0,1.0,0.0,-0.0,-0.0,0.0,0.0,0.0,0.0,0.0,0.0,0.0,0.0,0.0,170.0,145.0,170.0,170.0,14.0,8.0,47.0,79.0,15.0,6.0,0.0
121.663,99,336613.0,600.0,103.0,810.0,600.0,0.0,1.0,0.0,0.0,0.5,0.029,0.645,0.5,0.508,0.046,0.653,0.517,0.0,0.0,-1.49,-5.32,60.02,60.08,0.0,0.0,0.0,0.0,0.0,0.0,0.0,1.0,1.0,0.0,-0.0,-0.0,0.0,0.0,0.0,0.0,0.0,0.0,0.0,0.0,0.0,170.0,145.0,170.0,170.0,14.0,8.0,47.0,79.0,15.0,6.0,0.0
121.695,52,336665.0,600.0,103.0,810.0,600.0,0.0,1.0,0.0,0.0,0.5,0.029,0.645,0.5,0.508,0.046,0.653,0.517,0.0,0.0,-1.49,-5.32,60.02,60.08,0.0,0.0,0.0,0.0,0.0,0.0,0.0,1.0,1.0,0.0,-0.0,-0.0,0.0,0.0,0.0,0.0,0.0,0.0,0.0,0.0,0.0,170.0,145.0,170.0,170.0,14.0,8.0,47.0,79.0,15.0,6.0,0.0
121.727,19,336684.0,600.0,103.0,810.0,600.0,0.0,1.0,0.0,0.0,0.5,0.029,0.645,0.5,0.508,0.046,0.653,0.517,0.0,0.0,-1.48,-5.32,60.02,60.08,0.0,0.0,0.0,0.0,0.0,0.0,0.0,1.0,1.0,0.0,-0.0,-0.0,0.0,0.0,0.0,0.0,0.0,0.0,0.0,0.0,0.0,170.0,145.0,170.0,170.0,14.0,8.0,47.0,79.0,15.0,6.0,0.0
121.821,101,336785.0,600.0,103.0,812.0,600.0,0.0,1.0,0.0,0.0,0.5,0.029,0.646,0.5,0.508,0.045,0.654,0.517,0.0,0.0,-1.48,-5.32,60.02,60.08,0.0,0.0,0.0,0.0,0.0,0.0,0.0,1.0,1.0,0.0,-0.0,-0.0,0.0,0.0,0.0,0.0,0.0,0.0,0.0,0.0,0.0,170.0,145.0,170.0,170.0,14.0,8.0,47.0,79.0,15.0,6.0,0.0
121.887,72,336857.0,600.0,105.0,812.0,600.0,0.0,1.0,0.0,0.0,0.5,0.029,0.646,0.5,0.508,0.045,0.654,0.517,0.0,0.0,-1.48,-5.32,60.02,60.08,0.0,0.0,0.0,0.0,0.0,0.0,0.0,1.0,1.0,0.0,-0.0,-0.0,0.0,0.0,0.0,0.0,0.0,0.0,0.0,0.0,0.0,170.0,145.0,170.0,170.0,14.0,8.0,47.0,79.0,15.0,6.0,0.0
121.982,101,336958.0,600.0,105.0,711.0,600.0,0.0,1.0,0.0,0.0,0.5,0.029,0.613,0.5,0.508,0.045,0.626,0.516,0.0,0.0,-1.48,-5.32,60.02,60.08,0.0,0.0,0.0,0.0,0.0,0.0,0.0,1.0,1.0,0.0,-0.0,-0.0,0.0,0.0,0.0,0.0,0.0,0.0,0.0,0.0,0.0,170.0,145.0,170.0,170.0,14.0,8.0,47.0,79.0,15.0,6.0,0.0
122.048,51,337009.0,600.0,105.0,711.0,600.0,0.0,1.0,0.0,0.0,0.5,0.029,0.613,0.5,0.508,0.045,0.626,0.516,0.0,0.0,-1.48,-5.31,60.02,60.08,0.0,0.0,0.0,0.0,0.0,0.0,0.0,1.0,1.0,0.0,-0.0,-0.0,0.0,0.0,0.0,0.0,0.0,0.0,0.0,0.0,0.0,170.0,145.0,170.0,170.0,14.0,8.0,47.0,79.0,15.0,6.0,0.0
122.082,20,337029.0,600.0,105.0,711.0,600.0,0.0,1.0,0.0,0.0,0.5,0.029,0.613,0.5,0.508,0.045,0.626,0.516,0.0,0.0,-1.48,-5.31,60.02,60.08,0.0,0.0,0.0,0.0,0.0,0.0,0.0,1.0,1.0,0.0,-0.0,-0.0,0.0,0.0,0.0,0.0,0.0,0.0,0.0,0.0,0.0,170.0,145.0,170.0,170.0,14.0,8.0,47.0,79.0,15.0,6.0,0.0
122.179,102,337131.0,600.0,105.0,711.0,600.0,0.0,1.0,0.0,0.0,0.5,0.029,0.597,0.5,0.508,0.045,0.607,0.516,0.0,0.0,-1.48,-5.31,60.02,60.08,0.0,0.0,0.0,0.0,0.0,0.0,0.0,1.0,1.0,0.0,-0.0,-0.0,0.0,0.0,0.0,0.0,0.0,0.0,0.0,0.0,0.0,170.0,145.0,170.0,170.0,14.0,8.0,47.0,79.0,15.0,6.0,0.0
122.211,52,337183.0,600.0,105.0,711.0,600.0,0.0,1.0,0.0,0.0,0.5,0.029,0.597,0.5,0.508,0.045,0.607,0.516,0.0,0.0,-1.48,-5.31,60.02,60.08,0.0,0.0,0.0,0.0,0.0,0.0,0.0,1.0,1.0,0.0,-0.0,-0.0,0.0,0.0,0.0,0.0,0.0,0.0,0.0,0.0,0.0,170.0,145.0,170.0,170.0,14.0,8.0,47.0,79.0,15.0,6.0,0.0
122.244,19,337202.0,600.0,106.0,711.0,600.0,0.0,1.0,0.0,0.0,0.5,0.029,0.597,0.5,0.508,0.045,0.607,0.516,0.0,0.0,-1.48,-5.31,60.02,60.08,0.0,0.0,0.0,0.0,0.0,0.0,0.0,1.0,1.0,0.0,-0.0,-0.0,0.0,0.0,0.0,0.0,0.0,0.0,0.0,0.0,0.0,170.0,145.0,170.0,170.0,14.0,8.0,47.0,79.0,15.0,6.0,0.0
122.341,103,337305.0,600.0,106.0,826.0,600.0,0.0,1.0,0.0,0.0,0.5,0.03,0.628,0.5,0.508,0.046,0.631,0.516,0.0,0.0,-1.48,-5.31,60.02,60.08,0.0,0.0,0.0,0.0,0.0,0.0,0.0,1.0,1.0,0.0,-0.0,-0.0,0.0,0.0,0.0,0.0,0.0,0.0,0.0,0.0,0.0,170.0,145.0,170.0,170.0,14.0,8.0,47.0,79.0,15.0,6.0,0.0
122.407,71,337376.0,600.0,106.0,826.0,600.0,0.0,1.0,0.0,0.0,0.5,0.03,0.628,0.5,0.508,0.046,0.631,0.516,0.0,0.0,-1.48,-5.31,60.02,60.08,0.0,0.0,0.0,0.0,0.0,0.0,0.0,1.0,1.0,0.0,-0.0,-0.0,0.0,0.0,0.0,0.0,0.0,0.0,0.0,0.0,0.0,170.0,145.0,170.0,170.0,14.0,8.0,47.0,79.0,15.0,6.0,0.0
122.502,101,337477.0,600.0,106.0,826.0,600.0,0.0,1.0,0.0,0.0,0.5,0.03,0.642,0.5,0.508,0.047,0.648,0.517,0.0,0.0,-1.48,-5.33,60.02,60.08,0.0,0.0,0.0,0.0,0.0,0.0,0.0,1.0,1.0,0.0,-0.0,-0.0,0.0,0.0,0.0,0.0,0.0,0.0,0.0,0.0,0.0,170.0,145.0,170.0,170.0,14.0,8.0,47.0,79.0,15.0,6.0,1.0
122.566,34,337511.0,600.0,106.0,826.0,600.0,0.0,1.0,0.0,0.0,0.5,0.03,0.642,0.5,0.508,0.047,0.648,0.517,0.0,0.0,-1.48,-5.33,60.02,60.08,0.0,0.0,0.0,0.0,0.0,0.0,0.0,1.0,1.0,0.0,-0.0,-0.0,0.0,0.0,0.0,0.0,0.0,0.0,0.0,0.0,0.0,170.0,145.0,170.0,170.0,14.0,8.0,47.0,79.0,15.0,6.0,0.0
122.664,111,337622.0,600.0,107.0,716.0,600.0,0.0,1.0,0.0,0.0,0.5,0.03,0.613,0.5,0.508,0.047,0.625,0.516,0.0,0.0,-1.48,-5.33,60.02,60.08,0.0,0.0,0.0,0.0,0.0,0.0,0.0,1.0,1.0,0.0,-0.0,-0.0,0.0,0.0,0.0,0.0,0.0,0.0,0.0,0.0,0.0,170.0,145.0,170.0,170.0,14.0,8.0,47.0,79.0,15.0,6.0,0.0
122.698,51,337673.0,600.0,107.0,716.0,600.0,0.0,1.0,0.0,0.0,0.5,0.03,0.613,0.5,0.508,0.047,0.625,0.516,0.0,0.0,-1.49,-5.32,60.02,60.08,0.0,0.0,0.0,0.0,0.0,0.0,0.0,1.0,1.0,0.0,-0.0,-0.0,0.0,0.0,0.0,0.0,0.0,0.0,0.0,0.0,0.0,170.0,145.0,170.0,170.0,14.0,8.0,47.0,79.0,15.0,6.0,0.0
122.731,20,337693.0,600.0,106.0,716.0,600.0,0.0,1.0,0.0,0.0,0.5,0.03,0.613,0.5,0.508,0.047,0.625,0.516,0.0,0.0,-1.49,-5.32,60.02,60.08,0.0,0.0,0.0,0.0,0.0,0.0,0.0,1.0,1.0,0.0,-0.0,-0.0,0.0,0.0,0.0,0.0,0.0,0.0,0.0,0.0,0.0,170.0,145.0,170.0,170.0,14.0,8.0,47.0,79.0,15.0,6.0,1.0
122.828,101,337794.0,600.0,106.0,716.0,600.0,0.0,1.0,0.0,0.0,0.5,0.03,0.599,0.5,0.508,0.046,0.609,0.516,0.0,0.0,-1.49,-5.32,60.02,60.08,0.0,0.0,0.0,0.0,0.0,0.0,0.0,1.0,1.0,0.0,-0.0,-0.0,0.0,0.0,0.0,0.0,0.0,0.0,0.0,0.0,0.0,170.0,145.0,170.0,170.0,14.0,8.0,47.0,79.0,15.0,6.0,0.0
122.893,71,337865.0,600.0,105.0,716.0,600.0,0.0,1.0,0.0,0.0,0.5,0.03,0.599,0.5,0.508,0.046,0.609,0.516,0.0,0.0,-1.49,-5.32,60.02,60.08,0.0,0.0,0.0,0.0,0.0,0.0,0.0,1.0,1.0,0.0,-0.0,-0.0,0.0,0.0,0.0,0.0,0.0,0.0,0.0,0.0,0.0,170.0,145.0,170.0,170.0,14.0,8.0,47.0,79.0,15.0,6.0,0.0
122.991,99,337964.0,600.0,105.0,716.0,600.0,0.0,1.0,0.0,0.0,0.5,0.03,0.593,0.5,0.508,0.046,0.602,0.516,0.0,0.0,-1.48,-5.33,60.02,60.08,0.0,0.0,0.0,0.0,0.0,0.0,0.0,1.0,1.0,0.0,-0.0,-0.0,0.0,0.0,0.0,0.0,0.0,0.0,0.0,0.0,0.0,170.0,145.0,170.0,170.0,14.0,8.0,47.0,79.0,15.0,6.0,0.0
123.056,52,338016.0,600.0,105.0,716.0,600.0,0.0,1.0,0.0,0.0,0.5,0.03,0.593,0.5,0.508,0.046,0.602,0.516,0.0,0.0,-1.48,-5.32,60.02,60.08,0.0,0.0,0.0,0.0,0.0,0.0,0.0,1.0,1.0,0.0,-0.0,-0.0,0.0,0.0,0.0,0.0,0.0,0.0,0.0,0.0,0.0,170.0,145.0,170.0,170.0,14.0,8.0,47.0,79.0,15.0,6.0,0.0
123.089,19,338035.0,600.0,104.0,716.0,600.0,0.0,1.0,0.0,0.0,0.5,0.03,0.593,0.5,0.508,0.046,0.602,0.516,0.0,0.0,-1.48,-5.32,60.02,60.08,0.0,0.0,0.0,0.0,0.0,0.0,0.0,1.0,1.0,0.0,-0.0,-0.0,0.0,0.0,0.0,0.0,0.0,0.0,0.0,0.0,0.0,170.0,145.0,170.0,170.0,14.0,8.0,47.0,79.0,15.0,6.0,0.0
123.187,99,338134.0,600.0,104.0,709.0,600.0,0.0,1.0,0.0,0.0,0.5,0.03,0.587,0.5,0.508,0.046,0.596,0.516,0.0,0.0,-1.48,-5.32,60.02,60.08,0.0,0.0,0.0,0.0,0.0,0.0,0.0,1.0,1.0,0.0,-0.0,-0.0,0.0,0.0,0.0,0.0,0.0,0.0,0.0,0.0,0.0,170.0,145.0,170.0,170.0,14.0,8.0,47.0,79.0,15.0,6.0,0.0
123.22,53,338187.0,600.0,104.0,709.0,600.0,0.0,1.0,0.0,0.0,0.5,0.03,0.587,0.5,0.508,0.046,0.596,0.516,0.0,0.0,-1.48,-5.32,60.02,60.08,0.0,0.0,0.0,0.0,0.0,0.0,0.0,1.0,1.0,0.0,-0.0,-0.0,0.0,0.0,0.0,0.0,0.0,0.0,0.0,0.0,0.0,170.0,145.0,170.0,170.0,14.0,8.0,47.0,79.0,15.0,6.0,0.0
123.252,19,338206.0,600.0,105.0,709.0,600.0,0.0,1.0,0.0,0.0,0.5,0.03,0.587,0.5,0.508,0.046,0.596,0.516,0.0,0.0,-1.48,-5.32,60.02,60.08,0.0,0.0,0.0,0.0,0.0,0.0,0.0,1.0,1.0,0.0,-0.0,-0.0,0.0,0.0,0.0,0.0,0.0,0.0,0.0,0.0,0.0,170.0,145.0,170.0,170.0,14.0,8.0,47.0,79.0,15.0,6.0,0.0
123.349,100,338306.0,600.0,105.0,709.0,600.0,0.0,1.0,0.0,0.0,0.5,0.03,0.585,0.5,0.508,0.045,0.593,0.516,0.0,0.0,-1.48,-5.32,60.02,60.08,0.0,0.0,0.0,0.0,0.0,0.0,0.0,1.0,1.0,0.0,-0.0,-0.0,0.0,0.0,0.0,0.0,0.0,0.0,0.0,0.0,0.0,170.0,145.0,170.0,170.0,14.0,8.0,47.0,79.0,15.0,6.0,0.0
123.383,52,338358.0,600.0,105.0,709.0,600.0,0.0,1.0,0.0,0.0,0.5,0.03,0.585,0.5,0.508,0.045,0.593,0.516,0.0,0.0,-1.48,-5.32,60.02,60.08,0.0,0.0,0.0,0.0,0.0,0.0,0.0,1.0,1.0,0.0,-0.0,-0.0,0.0,0.0,0.0,0.0,0.0,0.0,0.0,0.0,0.0,170.0,145.0,170.0,170.0,14.0,8.0,47.0,79.0,15.0,6.0,0.0
123.415,19,338377.0,600.0,103.0,709.0,600.0,0.0,1.0,0.0,0.0,0.5,0.03,0.585,0.5,0.508,0.045,0.593,0.516,0.0,0.0,-1.48,-5.33,60.02,60.08,0.0,0.0,0.0,0.0,0.0,0.0,0.0,1.0,1.0,0.0,-0.0,-0.0,0.0,0.0,0.0,0.0,0.0,0.0,0.0,0.0,0.0,170.0,145.0,170.0,170.0,14.0,8.0,47.0,79.0,15.0,6.0,0.0
123.51,100,338477.0,600.0,103.0,709.0,600.0,0.0,1.0,0.0,0.0,0.5,0.029,0.584,0.5,0.508,0.045,0.592,0.516,0.0,0.0,-1.48,-5.33,60.02,60.08,0.0,0.0,0.0,0.0,0.0,0.0,0.0,1.0,1.0,0.0,-0.0,-0.0,0.0,0.0,0.0,0.0,0.0,0.0,0.0,0.0,0.0,170.0,145.0,170.0,170.0,14.0,8.0,47.0,79.0,15.0,6.0,0.0
123.575,72,338549.0,600.0,104.0,709.0,600.0,0.0,1.0,0.0,0.0,0.5,0.029,0.584,0.5,0.508,0.045,0.592,0.516,0.0,0.0,-1.49,-5.33,60.02,60.08,0.0,0.0,0.0,0.0,0.0,0.0,0.0,1.0,1.0,0.0,-0.0,-0.0,0.0,0.0,0.0,0.0,0.0,0.0,0.0,0.0,0.0,170.0,145.0,170.0,170.0,14.0,8.0,47.0,79.0,15.0,6.0,0.0
123.706,100,338649.0,600.0,104.0,823.0,600.0,0.0,1.0,0.0,0.0,0.5,0.029,0.621,0.5,0.508,0.045,0.623,0.516,0.0,0.0,-1.49,-5.33,60.02,60.08,0.0,0.0,0.0,0.0,0.0,0.0,0.0,1.0,1.0,0.0,-0.0,-0.0,0.0,0.0,0.0,0.0,0.0,0.0,0.0,0.0,0.0,170.0,145.0,170.0,170.0,14.0,8.0,47.0,79.0,15.0,6.0,0.0
123.739,52,338701.0,600.0,104.0,823.0,600.0,0.0,1.0,0.0,0.0,0.5,0.029,0.621,0.5,0.508,0.045,0.623,0.516,0.0,0.0,-1.49,-5.33,60.02,60.08,0.0,0.0,0.0,0.0,0.0,0.0,0.0,1.0,1.0,0.0,-0.0,-0.0,0.0,0.0,0.0,0.0,0.0,0.0,0.0,0.0,0.0,170.0,145.0,170.0,170.0,14.0,8.0,47.0,79.0,15.0,6.0,0.0
123.771,19,338720.0,600.0,105.0,823.0,600.0,0.0,1.0,0.0,0.0,0.5,0.029,0.621,0.5,0.508,0.045,0.623,0.516,0.0,0.0,-1.49,-5.33,60.02,60.08,0.0,0.0,0.0,0.0,0.0,0.0,0.0,1.0,1.0,0.0,-0.0,-0.0,0.0,0.0,0.0,0.0,0.0,0.0,0.0,0.0,0.0,170.0,145.0,170.0,170.0,14.0,8.0,47.0,79.0,15.0,6.0,0.0
123.869,100,338820.0,600.0,105.0,823.0,600.0,0.0,1.0,0.0,0.0,0.5,0.029,0.638,0.5,0.508,0.046,0.643,0.517,0.0,0.0,-1.48,-5.33,60.02,60.08,0.0,0.0,0.0,0.0,0.0,0.0,0.0,1.0,1.0,0.0,-0.0,-0.0,0.0,0.0,0.0,0.0,0.0,0.0,0.0,0.0,0.0,170.0,145.0,170.0,170.0,14.0,8.0,47.0,79.0,15.0,6.0,0.0
123.902,52,338872.0,600.0,105.0,823.0,600.0,0.0,1.0,0.0,0.0,0.5,0.029,0.638,0.5,0.508,0.046,0.643,0.517,0.0,0.0,-1.48,-5.33,60.02,60.08,0.0,0.0,0.0,0.0,0.0,0.0,0.0,1.0,1.0,0.0,-0.0,-0.0,0.0,0.0,0.0,0.0,0.0,0.0,0.0,0.0,0.0,170.0,145.0,170.0,170.0,14.0,8.0,47.0,79.0,15.0,6.0,0.0
123.934,19,338891.0,600.0,105.0,823.0,600.0,0.0,1.0,0.0,0.0,0.5,0.029,0.638,0.5,0.508,0.046,0.643,0.517,0.0,0.0,-1.48,-5.33,60.02,60.08,0.0,0.0,0.0,0.0,0.0,0.0,0.0,1.0,1.0,0.0,-0.0,-0.0,0.0,0.0,0.0,0.0,0.0,0.0,0.0,0.0,0.0,170.0,145.0,170.0,170.0,14.0,8.0,47.0,79.0,15.0,6.0,0.0
124.032,101,338992.0,600.0,105.0,714.0,600.0,0.0,1.0,0.0,0.0,0.5,0.03,0.61,0.5,0.508,0.046,0.622,0.516,0.0,0.0,-1.47,-5.32,60.02,60.08,0.0,0.0,0.0,0.0,0.0,0.0,0.0,1.0,1.0,0.0,-0.0,-0.0,0.0,0.0,0.0,0.0,0.0,0.0,0.0,0.0,0.0,170.0,145.0,170.0,170.0,14.0,8.0,47.0,79.0,15.0,6.0,0.0
124.097,71,339063.0,600.0,103.0,714.0,600.0,0.0,1.0,0.0,0.0,0.5,0.03,0.61,0.5,0.508,0.046,0.622,0.516,0.0,0.0,-1.47,-5.33,60.02,60.08,0.0,0.0,0.0,0.0,0.0,0.0,0.0,1.0,1.0,0.0,-0.0,-0.0,0.0,0.0,0.0,0.0,0.0,0.0,0.0,0.0,0.0,170.0,145.0,170.0,170.0,14.0,8.0,47.0,79.0,15.0,6.0,0.0
124.195,102,339165.0,600.0,103.0,714.0,600.0,0.0,1.0,0.0,0.0,0.5,0.029,0.597,0.5,0.508,0.045,0.607,0.516,0.0,0.0,-1.47,-5.32,60.02,60.08,0.0,0.0,0.0,0.0,0.0,0.0,0.0,1.0,1.0,0.0,-0.0,-0.0,0.0,0.0,0.0,0.0,0.0,0.0,0.0,0.0,0.0,170.0,145.0,170.0,170.0,14.0,8.0,47.0,79.0,15.0,6.0,0.0
124.26,71,339236.0,600.0,105.0,714.0,600.0,0.0,1.0,0.0,0.0,0.5,0.029,0.597,0.5,0.508,0.045,0.607,0.516,0.0,0.0,-1.47,-5.32,60.02,60.08,0.0,0.0,0.0,0.0,0.0,0.0,0.0,1.0,1.0,0.0,-0.0,-0.0,0.0,0.0,0.0,0.0,0.0,0.0,0.0,0.0,0.0,170.0,145.0,170.0,170.0,14.0,8.0,47.0,79.0,15.0,6.0,0.0
124.391,100,339336.0,600.0,105.0,714.0,600.0,0.0,1.0,0.0,0.0,0.5,0.029,0.591,0.5,0.508,0.045,0.6,0.516,0.0,0.0,-1.47,-5.32,60.02,60.08,0.0,0.0,0.0,0.0,0.0,0.0,0.0,1.0,1.0,0.0,-0.0,-0.0,0.0,0.0,0.0,0.0,0.0,0.0,0.0,0.0,0.0,170.0,145.0,170.0,170.0,14.0,8.0,47.0,79.0,15.0,6.0,0.0
124.424,52,339388.0,600.0,105.0,714.0,600.0,0.0,1.0,0.0,0.0,0.5,0.029,0.591,0.5,0.508,0.045,0.6,0.516,0.0,0.0,-1.47,-5.32,60.02,60.08,0.0,0.0,0.0,0.0,0.0,0.0,0.0,1.0,1.0,0.0,-0.0,-0.0,0.0,0.0,0.0,0.0,0.0,0.0,0.0,0.0,0.0,170.0,145.0,170.0,170.0,14.0,8.0,47.0,79.0,15.0,6.0,0.0
124.457,20,339408.0,600.0,104.0,714.0,600.0,0.0,1.0,0.0,0.0,0.5,0.029,0.591,0.5,0.508,0.045,0.6,0.516,0.0,0.0,-1.47,-5.32,60.02,60.08,0.0,0.0,0.0,0.0,0.0,0.0,0.0,1.0,1.0,0.0,-0.0,-0.0,0.0,0.0,0.0,0.0,0.0,0.0,0.0,0.0,0.0,170.0,145.0,170.0,170.0,14.0,8.0,47.0,79.0,15.0,6.0,0.0
124.555,100,339508.0,600.0,104.0,711.0,600.0,0.0,1.0,0.0,0.0,0.5,0.029,0.587,0.5,0.508,0.045,0.596,0.516,0.0,0.0,-1.48,-5.33,60.02,60.08,0.0,0.0,0.0,0.0,0.0,0.0,0.0,1.0,1.0,0.0,-0.0,-0.0,0.0,0.0,0.0,0.0,0.0,0.0,0.0,0.0,0.0,170.0,145.0,170.0,170.0,14.0,8.0,47.0,79.0,15.0,6.0,0.0
124.587,35,339543.0,600.0,104.0,711.0,600.0,0.0,1.0,0.0,0.0,0.5,0.029,0.587,0.5,0.508,0.045,0.596,0.516,0.0,0.0,-1.48,-5.34,60.02,60.08,0.0,0.0,0.0,0.0,0.0,0.0,0.0,1.0,1.0,0.0,-0.0,-0.0,0.0,0.0,0.0,0.0,0.0,0.0,0.0,0.0,0.0,170.0,145.0,170.0,170.0,14.0,8.0,47.0,79.0,15.0,6.0,0.0
124.685,106,339649.0,600.0,104.0,711.0,600.0,0.0,1.0,0.0,0.0,0.5,0.029,0.585,0.5,0.508,0.045,0.593,0.516,0.0,0.0,-1.49,-5.33,60.02,60.08,0.0,0.0,0.0,0.0,0.0,0.0,0.0,1.0,1.0,0.0,-0.0,-0.0,0.0,0.0,0.0,0.0,0.0,0.0,0.0,0.0,0.0,170.0,145.0,170.0,170.0,14.0,8.0,47.0,79.0,15.0,6.0,0.0
124.756,71,339720.0,600.0,104.0,711.0,600.0,0.0,1.0,0.0,0.0,0.5,0.029,0.585,0.5,0.508,0.045,0.593,0.516,0.0,0.0,-1.49,-5.33,60.02,60.08,0.0,0.0,0.0,0.0,0.0,0.0,0.0,1.0,1.0,0.0,-0.0,-0.0,0.0,0.0,0.0,0.0,0.0,0.0,0.0,0.0,0.0,170.0,145.0,170.0,170.0,14.0,8.0,47.0,79.0,15.0,6.0,0.0
124.853,101,339821.0,600.0,104.0,711.0,600.0,0.0,1.0,0.0,0.0,0.5,0.029,0.585,0.5,0.508,0.045,0.592,0.516,0.0,0.0,-1.49,-5.33,60.02,60.08,0.0,0.0,0.0,0.0,0.0,0.0,0.0,1.0,1.0,0.0,-0.0,-0.0,0.0,0.0,0.0,0.0,0.0,0.0,0.0,0.0,0.0,170.0,145.0,170.0,170.0,14.0,8.0,47.0,79.0,15.0,6.0,0.0
124.919,73,339894.0,600.0,105.0,711.0,600.0,0.0,1.0,0.0,0.0,0.5,0.029,0.585,0.5,0.508,0.045,0.592,0.516,0.0,0.0,-1.49,-5.33,60.02,60.08,0.0,0.0,0.0,0.0,0.0,0.0,0.0,1.0,1.0,0.0,-0.0,-0.0,0.0,0.0,0.0,0.0,0.0,0.0,0.0,0.0,0.0,170.0,145.0,170.0,170.0,14.0,8.0,47.0,79.0,15.0,6.0,0.0
125.051,99,339993.0,600.0,105.0,711.0,600.0,0.0,1.0,0.0,0.0,0.5,0.029,0.584,0.5,0.508,0.045,0.592,0.516,0.0,0.0,-1.49,-5.33,60.02,60.08,0.0,0.0,0.0,0.0,0.0,0.0,0.0,1.0,1.0,0.0,-0.0,-0.0,0.0,0.0,0.0,0.0,0.0,0.0,0.0,0.0,0.0,170.0,145.0,170.0,170.0,14.0,8.0,47.0,79.0,15.0,6.0,0.0
125.083,52,340045.0,600.0,105.0,711.0,600.0,0.0,1.0,0.0,0.0,0.5,0.029,0.584,0.5,0.508,0.045,0.592,0.516,0.0,0.0,-1.49,-5.33,60.02,60.08,0.0,0.0,0.0,0.0,0.0,0.0,0.0,1.0,1.0,0.0,-0.0,-0.0,0.0,0.0,0.0,0.0,0.0,0.0,0.0,0.0,0.0,170.0,145.0,170.0,170.0,14.0,8.0,47.0,79.0,15.0,6.0,0.0
125.116,19,340064.0,600.0,104.0,711.0,600.0,0.0,1.0,0.0,0.0,0.5,0.029,0.584,0.5,0.508,0.045,0.592,0.516,0.0,0.0,-1.49,-5.33,60.02,60.08,0.0,0.0,0.0,0.0,0.0,0.0,0.0,1.0,1.0,0.0,-0.0,-0.0,0.0,0.0,0.0,0.0,0.0,0.0,0.0,0.0,0.0,170.0,145.0,170.0,170.0,14.0,8.0,47.0,79.0,15.0,6.0,0.0
125.214,102,340166.0,600.0,104.0,711.0,600.0,0.0,1.0,0.0,0.0,0.5,0.029,0.584,0.5,0.508,0.045,0.592,0.516,0.0,0.0,-1.49,-5.32,60.02,60.08,0.0,0.0,0.0,0.0,0.0,0.0,0.0,1.0,1.0,0.0,-0.0,-0.0,0.0,0.0,0.0,0.0,0.0,0.0,0.0,0.0,0.0,170.0,145.0,170.0,170.0,14.0,8.0,47.0,79.0,15.0,6.0,1.0
125.247,52,340218.0,600.0,104.0,711.0,600.0,0.0,1.0,0.0,0.0,0.5,0.029,0.584,0.5,0.508,0.045,0.592,0.516,0.0,0.0,-1.49,-5.32,60.02,60.08,0.0,0.0,0.0,0.0,0.0,0.0,0.0,1.0,1.0,0.0,-0.0,-0.0,0.0,0.0,0.0,0.0,0.0,0.0,0.0,0.0,0.0,170.0,145.0,170.0,170.0,14.0,8.0,47.0,79.0,15.0,6.0,0.0
125.279,20,340238.0,600.0,105.0,711.0,600.0,0.0,1.0,0.0,0.0,0.5,0.029,0.584,0.5,0.508,0.045,0.592,0.516,0.0,0.0,-1.49,-5.32,60.02,60.08,0.0,0.0,0.0,0.0,0.0,0.0,0.0,1.0,1.0,0.0,-0.0,-0.0,0.0,0.0,0.0,0.0,0.0,0.0,0.0,0.0,0.0,170.0,145.0,170.0,170.0,14.0,8.0,47.0,79.0,15.0,6.0,0.0
125.377,102,340340.0,600.0,105.0,600.0,600.0,0.0,1.0,0.0,0.0,0.5,0.03,0.539,0.5,0.508,0.045,0.554,0.515,0.0,0.0,-1.48,-5.33,60.02,60.08,0.0,0.0,0.0,0.0,0.0,0.0,0.0,1.0,1.0,0.0,-0.0,-0.0,0.0,0.0,0.0,0.0,0.0,0.0,0.0,0.0,0.0,170.0,145.0,170.0,170.0,14.0,8.0,47.0,79.0,15.0,6.0,0.0
125.442,71,340411.0,600.0,103.0,600.0,600.0,0.0,1.0,0.0,0.0,0.5,0.03,0.539,0.5,0.508,0.045,0.554,0.515,0.0,0.0,-1.48,-5.33,60.02,60.08,0.0,0.0,0.0,0.0,0.0,0.0,0.0,1.0,1.0,0.0,-0.0,-0.0,0.0,0.0,0.0,0.0,0.0,0.0,0.0,0.0,0.0,170.0,145.0,170.0,170.0,14.0,8.0,47.0,79.0,15.0,6.0,0.0
125.54,100,340511.0,600.0,103.0,600.0,600.0,0.0,1.0,0.0,0.0,0.5,0.029,0.518,0.5,0.508,0.044,0.529,0.515,0.0,0.0,-1.48,-5.33,60.02,60.08,0.0,0.0,0.0,0.0,0.0,0.0,0.0,1.0,1.0,0.0,-0.0,-0.0,0.0,0.0,0.0,0.0,0.0,0.0,0.0,0.0,0.0,170.0,145.0,170.0,170.0,14.0,8.0,47.0,79.0,15.0,6.0,1.0
125.605,71,340582.0,600.0,104.0,600.0,600.0,0.0,1.0,0.0,0.0,0.5,0.029,0.518,0.5,0.508,0.044,0.529,0.515,0.0,0.0,-1.48,-5.33,60.02,60.08,0.0,0.0,0.0,0.0,0.0,0.0,0.0,1.0,1.0,0.0,-0.0,-0.0,0.0,0.0,0.0,0.0,0.0,0.0,0.0,0.0,0.0,170.0,145.0,170.0,170.0,14.0,8.0,47.0,79.0,15.0,6.0,0.0
125.733,102,340684.0,600.0,104.0,600.0,600.0,0.0,1.0,0.0,0.0,0.5,0.029,0.508,0.5,0.508,0.044,0.518,0.515,0.0,0.0,-1.48,-5.33,60.02,60.08,0.0,0.0,0.0,0.0,0.0,0.0,0.0,1.0,1.0,0.0,-0.0,-0.0,0.0,0.0,0.0,0.0,0.0,0.0,0.0,0.0,0.0,170.0,145.0,170.0,170.0,14.0,8.0,47.0,79.0,15.0,6.0,0.0
125.766,52,340736.0,600.0,104.0,600.0,600.0,0.0,1.0,0.0,0.0,0.5,0.029,0.508,0.5,0.508,0.044,0.518,0.515,0.0,0.0,-1.48,-5.33,60.02,60.08,0.0,0.0,0.0,0.0,0.0,0.0,0.0,1.0,1.0,0.0,-0.0,-0.0,0.0,0.0,0.0,0.0,0.0,0.0,0.0,0.0,0.0,170.0,145.0,170.0,170.0,14.0,8.0,47.0,79.0,15.0,6.0,1.0
125.798,19,340755.0,600.0,104.0,600.0,600.0,0.0,1.0,0.0,0.0,0.5,0.029,0.508,0.5,0.508,0.044,0.518,0.515,0.0,0.0,-1.48,-5.33,60.02,60.08,0.0,0.0,0.0,0.0,0.0,0.0,0.0,1.0,1.0,0.0,-0.0,-0.0,0.0,0.0,0.0,0.0,0.0,0.0,0.0,0.0,0.0,170.0,145.0,170.0,170.0,14.0,8.0,47.0,79.0,15.0,6.0,0.0
125.894,100,340855.0,600.0,104.0,713.0,600.0,0.0,1.0,0.0,0.0,0.5,0.029,0.55,0.5,0.508,0.045,0.551,0.515,0.0,0.0,-1.49,-5.32,60.02,60.08,0.0,0.0,0.0,0.0,0.0,0.0,0.0,1.0,1.0,0.0,-0.0,-0.0,0.0,0.0,0.0,0.0,0.0,0.0,0.0,0.0,0.0,170.0,145.0,170.0,170.0,14.0,8.0,47.0,79.0,15.0,6.0,0.0
125.96,72,340927.0,600.0,103.0,713.0,600.0,0.0,1.0,0.0,0.0,0.5,0.029,0.55,0.5,0.508,0.045,0.551,0.515,0.0,0.0,-1.49,-5.32,60.02,60.08,0.0,0.0,0.0,0.0,0.0,0.0,0.0,1.0,1.0,0.0,-0.0,-0.0,0.0,0.0,0.0,0.0,0.0,0.0,0.0,0.0,0.0,170.0,145.0,170.0,170.0,14.0,8.0,47.0,79.0,15.0,6.0,0.0
126.056,103,341030.0,600.0,103.0,713.0,600.0,0.0,1.0,0.0,0.0,0.5,0.029,0.569,0.5,0.508,0.045,0.573,0.516,0.0,0.0,-1.49,-5.32,60.02,60.08,0.0,0.0,0.0,0.0,0.0,0.0,0.0,1.0,1.0,0.0,-0.0,-0.0,0.0,0.0,0.0,0.0,0.0,0.0,0.0,0.0,0.0,170.0,145.0,170.0,170.0,14.0,8.0,47.0,79.0,15.0,6.0,0.0
126.123,52,341082.0,600.0,103.0,713.0,600.0,0.0,1.0,0.0,0.0,0.5,0.029,0.569,0.5,0.508,0.045,0.573,0.516,0.0,0.0,-1.49,-5.32,60.02,60.08,0.0,0.0,0.0,0.0,0.0,0.0,0.0,1.0,1.0,0.0,-0.0,-0.0,0.0,0.0,0.0,0.0,0.0,0.0,0.0,0.0,0.0,170.0,145.0,170.0,170.0,14.0,8.0,47.0,79.0,15.0,6.0,0.0
126.155,20,341102.0,600.0,103.0,713.0,600.0,0.0,1.0,0.0,0.0,0.5,0.029,0.569,0.5,0.508,0.045,0.573,0.516,0.0,0.0,-1.49,-5.32,60.02,60.08,0.0,0.0,0.0,0.0,0.0,0.0,0.0,1.0,1.0,0.0,-0.0,-0.0,0.0,0.0,0.0,0.0,0.0,0.0,0.0,0.0,0.0,170.0,145.0,170.0,170.0,14.0,8.0,47.0,79.0,15.0,6.0,0.0
126.253,100,341202.0,600.0,103.0,713.0,600.0,0.0,1.0,0.0,0.0,0.5,0.029,0.578,0.5,0.508,0.045,0.584,0.516,0.0,0.0,-1.49,-5.32,60.02,60.08,0.0,0.0,0.0,0.0,0.0,0.0,0.0,1.0,1.0,0.0,-0.0,-0.0,0.0,0.0,0.0,0.0,0.0,0.0,0.0,0.0,0.0,170.0,145.0,170.0,170.0,14.0,8.0,47.0,79.0,15.0,6.0,0.0
126.287,51,341253.0,600.0,103.0,713.0,600.0,0.0,1.0,0.0,0.0,0.5,0.029,0.578,0.5,0.508,0.045,0.584,0.516,0.0,0.0,-1.49,-5.33,60.02,60.08,0.0,0.0,0.0,0.0,0.0,0.0,0.0,1.0,1.0,0.0,-0.0,-0.0,0.0,0.0,0.0,0.0,0.0,0.0,0.0,0.0,0.0,170.0,145.0,170.0,170.0,14.0,8.0,47.0,79.0,15.0,6.0,0.0
126.319,19,341272.0,600.0,104.0,713.0,600.0,0.0,1.0,0.0,0.0,0.5,0.029,0.578,0.5,0.508,0.045,0.584,0.516,0.0,0.0,-1.49,-5.33,60.02,60.08,0.0,0.0,0.0,0.0,0.0,0.0,0.0,1.0,1.0,0.0,-0.0,-0.0,0.0,0.0,0.0,0.0,0.0,0.0,0.0,0.0,0.0,170.0,145.0,170.0,170.0,14.0,8.0,47.0,79.0,15.0,6.0,0.0
126.417,99,341371.0,600.0,104.0,713.0,600.0,0.0,1.0,0.0,0.0,0.5,0.029,0.582,0.5,0.508,0.045,0.589,0.516,0.0,0.0,-1.5,-5.34,60.02,60.08,0.0,0.0,0.0,0.0,0.0,0.0,0.0,1.0,1.0,0.0,-0.0,-0.0,0.0,0.0,0.0,0.0,0.0,0.0,0.0,0.0,0.0,170.0,145.0,170.0,170.0,14.0,8.0,47.0,79.0,15.0,6.0,0.0
126.45,52,341423.0,600.0,104.0,713.0,600.0,0.0,1.0,0.0,0.0,0.5,0.029,0.582,0.5,0.508,0.045,0.589,0.516,0.0,0.0,-1.5,-5.34,60.02,60.08,0.0,0.0,0.0,0.0,0.0,0.0,0.0,1.0,1.0,0.0,-0.0,-0.0,0.0,0.0,0.0,0.0,0.0,0.0,0.0,0.0,0.0,170.0,145.0,170.0,170.0,14.0,8.0,47.0,79.0,15.0,6.0,0.0
126.482,19,341442.0,600.0,103.0,713.0,600.0,0.0,1.0,0.0,0.0,0.5,0.029,0.582,0.5,0.508,0.045,0.589,0.516,0.0,0.0,-1.5,-5.34,60.02,60.08,0.0,0.0,0.0,0.0,0.0,0.0,0.0,1.0,1.0,0.0,-0.0,-0.0,0.0,0.0,0.0,0.0,0.0,0.0,0.0,0.0,0.0,170.0,145.0,170.0,170.0,14.0,8.0,47.0,79.0,15.0,6.0,0.0
126.576,83,341525.0,600.0,103.0,713.0,600.0,0.0,1.0,0.0,0.0,0.5,0.029,0.584,0.5,0.508,0.045,0.591,0.516,0.0,0.0,-1.5,-5.34,60.02,60.08,0.0,0.0,0.0,0.0,0.0,0.0,0.0,1.0,1.0,0.0,-0.0,-0.0,0.0,0.0,0.0,0.0,0.0,0.0,0.0,0.0,0.0,170.0,145.0,170.0,170.0,14.0,8.0,47.0,79.0,15.0,6.0,0.0
126.641,64,341589.0,600.0,104.0,713.0,600.0,0.0,1.0,0.0,0.0,0.5,0.029,0.584,0.5,0.508,0.045,0.591,0.516,0.0,0.0,-1.5,-5.33,60.02,60.08,0.0,0.0,0.0,0.0,0.0,0.0,0.0,1.0,1.0,0.0,-0.0,-0.0,0.0,0.0,0.0,0.0,0.0,0.0,0.0,0.0,0.0,170.0,145.0,170.0,170.0,14.0,8.0,47.0,79.0,15.0,6.0,0.0
126.741,100,341689.0,600.0,104.0,600.0,600.0,0.0,1.0,0.0,0.0,0.5,0.029,0.539,0.5,0.508,0.044,0.554,0.515,0.0,0.0,-1.5,-5.33,60.02,60.08,0.0,0.0,0.0,0.0,0.0,0.0,0.0,1.0,1.0,0.0,-0.0,-0.0,0.0,0.0,0.0,0.0,0.0,0.0,0.0,0.0,0.0,170.0,145.0,170.0,170.0,14.0,8.0,47.0,79.0,15.0,6.0,0.0
126.773,52,341741.0,600.0,104.0,600.0,600.0,0.0,1.0,0.0,0.0,0.5,0.029,0.539,0.5,0.508,0.044,0.554,0.515,0.0,0.0,-1.5,-5.33,60.02,60.08,0.0,0.0,0.0,0.0,0.0,0.0,0.0,1.0,1.0,0.0,-0.0,-0.0,0.0,0.0,0.0,0.0,0.0,0.0,0.0,0.0,0.0,170.0,145.0,170.0,170.0,14.0,8.0,47.0,79.0,15.0,6.0,0.0
126.805,19,341760.0,600.0,103.0,600.0,600.0,0.0,1.0,0.0,0.0,0.5,0.029,0.539,0.5,0.508,0.044,0.554,0.515,0.0,0.0,-1.5,-5.33,60.02,60.08,0.0,0.0,0.0,0.0,0.0,0.0,0.0,1.0,1.0,0.0,-0.0,-0.0,0.0,0.0,0.0,0.0,0.0,0.0,0.0,0.0,0.0,170.0,145.0,170.0,170.0,14.0,8.0,47.0,79.0,15.0,6.0,0.0
126.905,100,341860.0,600.0,103.0,600.0,600.0,0.0,1.0,0.0,0.0,0.5,0.029,0.518,0.5,0.508,0.044,0.529,0.515,0.0,0.0,-1.51,-5.33,60.02,60.08,0.0,0.0,0.0,0.0,0.0,0.0,0.0,1.0,1.0,0.0,-0.0,-0.0,0.0,0.0,0.0,0.0,0.0,0.0,0.0,0.0,0.0,170.0,145.0,170.0,170.0,14.0,8.0,47.0,79.0,15.0,6.0,0.0
126.938,52,341912.0,600.0,103.0,600.0,600.0,0.0,1.0,0.0,0.0,0.5,0.029,0.518,0.5,0.508,0.044,0.529,0.515,0.0,0.0,-1.51,-5.33,60.02,60.08,0.0,0.0,0.0,0.0,0.0,0.0,0.0,1.0,1.0,0.0,-0.0,-0.0,0.0,0.0,0.0,0.0,0.0,0.0,0.0,0.0,0.0,170.0,145.0,170.0,170.0,14.0,8.0,47.0,79.0,15.0,6.0,1.0
126.971,20,341932.0,600.0,101.0,600.0,600.0,0.0,1.0,0.0,0.0,0.5,0.029,0.518,0.5,0.508,0.044,0.529,0.515,0.0,0.0,-1.51,-5.33,60.02,60.08,0.0,0.0,0.0,0.0,0.0,0.0,0.0,1.0,1.0,0.0,-0.0,-0.0,0.0,0.0,0.0,0.0,0.0,0.0,0.0,0.0,0.0,170.0,145.0,170.0,170.0,14.0,8.0,47.0,79.0,15.0,6.0,0.0
127.068,100,342032.0,600.0,101.0,600.0,600.0,0.0,1.0,0.0,0.0,0.5,0.028,0.508,0.5,0.508,0.043,0.518,0.515,0.0,0.0,-1.51,-5.32,60.02,60.08,0.0,0.0,0.0,0.0,0.0,0.0,0.0,1.0,1.0,0.0,-0.0,-0.0,0.0,0.0,0.0,0.0,0.0,0.0,0.0,0.0,0.0,170.0,145.0,170.0,170.0,14.0,8.0,47.0,79.0,15.0,6.0,1.0
127.133,71,342103.0,600.0,101.0,600.0,600.0,0.0,1.0,0.0,0.0,0.5,0.028,0.508,0.5,0.508,0.043,0.518,0.515,0.0,0.0,-1.51,-5.32,60.02,60.08,0.0,0.0,0.0,0.0,0.0,0.0,0.0,1.0,1.0,0.0,-0.0,-0.0,0.0,0.0,0.0,0.0,0.0,0.0,0.0,0.0,0.0,170.0,145.0,170.0,170.0,14.0,8.0,47.0,79.0,15.0,6.0,0.0
127.231,102,342205.0,600.0,101.0,600.0,600.0,0.0,1.0,0.0,0.0,0.5,0.028,0.504,0.5,0.508,0.043,0.512,0.515,0.0,0.0,-1.51,-5.32,60.02,60.08,0.0,0.0,0.0,0.0,0.0,0.0,0.0,1.0,1.0,0.0,-0.0,-0.0,0.0,0.0,0.0,0.0,0.0,0.0,0.0,0.0,0.0,170.0,145.0,170.0,170.0,14.0,8.0,47.0,79.0,15.0,6.0,1.0
127.297,52,342257.0,600.0,101.0,600.0,600.0,0.0,1.0,0.0,0.0,0.5,0.028,0.504,0.5,0.508,0.043,0.512,0.515,0.0,0.0,-1.51,-5.32,60.02,60.08,0.0,0.0,0.0,0.0,0.0,0.0,0.0,1.0,1.0,0.0,-0.0,-0.0,0.0,0.0,0.0,0.0,0.0,0.0,0.0,0.0,0.0,170.0,145.0,170.0,170.0,14.0,8.0,47.0,79.0,15.0,6.0,1.0
127.329,19,342276.0,600.0,101.0,600.0,600.0,0.0,1.0,0.0,0.0,0.5,0.028,0.504,0.5,0.508,0.043,0.512,0.515,0.0,0.0,-1.5,-5.33,60.02,60.08,0.0,0.0,0.0,0.0,0.0,0.0,0.0,1.0,1.0,0.0,-0.0,-0.0,0.0,0.0,0.0,0.0,0.0,0.0,0.0,0.0,0.0,170.0,145.0,170.0,170.0,14.0,8.0,47.0,79.0,15.0,6.0,0.0
127.426,101,342377.0,600.0,101.0,600.0,600.0,0.0,1.0,0.0,0.0,0.5,0.028,0.502,0.5,0.508,0.043,0.51,0.515,0.0,0.0,-1.5,-5.33,60.02,60.08,0.0,0.0,0.0,0.0,0.0,0.0,0.0,1.0,1.0,0.0,-0.0,-0.0,0.0,0.0,0.0,0.0,0.0,0.0,0.0,0.0,0.0,170.0,145.0,170.0,170.0,14.0,8.0,47.0,79.0,15.0,6.0,1.0
127.457,52,342429.0,600.0,101.0,600.0,600.0,0.0,1.0,0.0,0.0,0.5,0.028,0.502,0.5,0.508,0.043,0.51,0.515,0.0,0.0,-1.5,-5.33,60.02,60.08,0.0,0.0,0.0,0.0,0.0,0.0,0.0,1.0,1.0,0.0,-0.0,-0.0,0.0,0.0,0.0,0.0,0.0,0.0,0.0,0.0,0.0,170.0,145.0,170.0,170.0,14.0,8.0,47.0,79.0,15.0,6.0,0.0
127.489,19,342448.0,600.0,102.0,600.0,600.0,0.0,1.0,0.0,0.0,0.5,0.028,0.502,0.5,0.508,0.043,0.51,0.515,0.0,0.0,-1.5,-5.33,60.02,60.08,0.0,0.0,0.0,0.0,0.0,0.0,0.0,1.0,1.0,0.0,-0.0,-0.0,0.0,0.0,0.0,0.0,0.0,0.0,0.0,0.0,0.0,170.0,145.0,170.0,170.0,14.0,8.0,47.0,79.0,15.0,6.0,0.0
127.586,100,342548.0,600.0,102.0,708.0,600.0,0.0,1.0,0.0,0.0,0.5,0.028,0.545,0.5,0.508,0.043,0.546,0.515,0.0,0.0,-1.5,-5.33,60.02,60.08,0.0,0.0,0.0,0.0,0.0,0.0,0.0,1.0,1.0,0.0,-0.0,-0.0,0.0,0.0,0.0,0.0,0.0,0.0,0.0,0.0,0.0,170.0,145.0,170.0,170.0,14.0,8.0,47.0,79.0,15.0,6.0,0.0
127.652,71,342619.0,600.0,102.0,708.0,600.0,0.0,1.0,0.0,0.0,0.5,0.028,0.545,0.5,0.508,0.043,0.546,0.515,0.0,0.0,-1.5,-5.33,60.02,60.08,0.0,0.0,0.0,0.0,0.0,0.0,0.0,1.0,1.0,0.0,-0.0,-0.0,0.0,0.0,0.0,0.0,0.0,0.0,0.0,0.0,0.0,170.0,145.0,170.0,170.0,14.0,8.0,47.0,79.0,15.0,6.0,0.0
127.748,99,342718.0,600.0,102.0,823.0,600.0,0.0,1.0,0.0,0.0,0.5,0.028,0.603,0.5,0.508,0.044,0.601,0.516,0.0,0.0,-1.5,-5.34,60.02,60.08,0.0,0.0,0.0,0.0,0.0,0.0,0.0,1.0,1.0,0.0,-0.0,-0.0,0.0,0.0,0.0,0.0,0.0,0.0,0.0,0.0,0.0,170.0,145.0,170.0,170.0,14.0,8.0,47.0,79.0,15.0,6.0,0.0
127.813,72,342790.0,600.0,103.0,823.0,600.0,0.0,1.0,0.0,0.0,0.5,0.028,0.603,0.5,0.508,0.044,0.601,0.516,0.0,0.0,-1.5,-5.34,60.02,60.08,0.0,0.0,0.0,0.0,0.0,0.0,0.0,1.0,1.0,0.0,-0.0,-0.0,0.0,0.0,0.0,0.0,0.0,0.0,0.0,0.0,0.0,170.0,145.0,170.0,170.0,14.0,8.0,47.0,79.0,15.0,6.0,0.0
127.945,100,342890.0,600.0,103.0,823.0,600.0,0.0,1.0,0.0,0.0,0.5,0.028,0.63,0.5,0.508,0.045,0.633,0.516,0.0,0.0,-1.5,-5.35,60.02,60.08,0.0,0.0,0.0,0.0,0.0,0.0,0.0,1.0,1.0,0.0,-0.0,-0.0,0.0,0.0,0.0,0.0,0.0,0.0,0.0,0.0,0.0,170.0,145.0,170.0,170.0,14.0,8.0,47.0,79.0,15.0,6.0,0.0
127.978,51,342941.0,600.0,103.0,823.0,600.0,0.0,1.0,0.0,0.0,0.5,0.028,0.63,0.5,0.508,0.045,0.633,0.516,0.0,0.0,-1.5,-5.35,60.02,60.08,0.0,0.0,0.0,0.0,0.0,0.0,0.0,1.0,1.0,0.0,-0.0,-0.0,0.0,0.0,0.0,0.0,0.0,0.0,0.0,0.0,0.0,170.0,145.0,170.0,170.0,14.0,8.0,47.0,79.0,15.0,6.0,0.0
128.01,19,342960.0,600.0,104.0,823.0,600.0,0.0,1.0,0.0,0.0,0.5,0.028,0.63,0.5,0.508,0.045,0.633,0.516,0.0,0.0,-1.5,-5.35,60.02,60.08,0.0,0.0,0.0,0.0,0.0,0.0,0.0,1.0,1.0,0.0,-0.0,-0.0,0.0,0.0,0.0,0.0,0.0,0.0,0.0,0.0,0.0,170.0,145.0,170.0,170.0,14.0,8.0,47.0,79.0,15.0,6.0,0.0
128.108,102,343062.0,600.0,104.0,823.0,600.0,0.0,1.0,0.0,0.0,0.5,0.029,0.642,0.5,0.508,0.045,0.648,0.517,0.0,0.0,-1.5,-5.35,60.02,60.08,0.0,0.0,0.0,0.0,0.0,0.0,0.0,1.0,1.0,0.0,-0.0,-0.0,0.0,0.0,0.0,0.0,0.0,0.0,0.0,0.0,0.0,170.0,145.0,170.0,170.0,14.0,8.0,47.0,79.0,15.0,6.0,0.0
128.14,52,343114.0,600.0,104.0,823.0,600.0,0.0,1.0,0.0,0.0,0.5,0.029,0.642,0.5,0.508,0.045,0.648,0.517,0.0,0.0,-1.5,-5.35,60.02,60.08,0.0,0.0,0.0,0.0,0.0,0.0,0.0,1.0,1.0,0.0,-0.0,-0.0,0.0,0.0,0.0,0.0,0.0,0.0,0.0,0.0,0.0,170.0,145.0,170.0,170.0,14.0,8.0,47.0,79.0,15.0,6.0,0.0
128.171,19,343133.0,600.0,110.0,823.0,600.0,0.0,1.0,0.0,0.0,0.5,0.029,0.642,0.5,0.508,0.045,0.648,0.517,0.0,0.0,-1.49,-5.34,60.02,60.08,0.0,0.0,0.0,0.0,0.0,0.0,0.0,1.0,1.0,0.0,-0.0,-0.0,0.0,0.0,0.0,0.0,0.0,0.0,0.0,0.0,0.0,170.0,145.0,170.0,170.0,14.0,8.0,47.0,79.0,15.0,6.0,0.0
128.267,101,343234.0,600.0,110.0,929.0,600.0,0.0,1.0,0.0,0.0,0.5,0.031,0.676,0.5,0.508,0.048,0.679,0.517,0.0,0.0,-1.5,-5.34,60.02,60.08,0.0,0.0,0.0,0.0,0.0,0.0,0.0,1.0,1.0,0.0,-0.0,-0.0,0.0,0.0,0.0,0.0,0.0,0.0,0.0,0.0,0.0,170.0,145.0,170.0,170.0,14.0,8.0,47.0,79.0,15.0,6.0,0.0
128.332,71,343305.0,600.0,131.0,929.0,600.0,0.0,1.0,0.0,0.0,0.5,0.031,0.676,0.5,0.508,0.048,0.679,0.517,0.0,0.0,-1.5,-5.34,60.02,60.08,0.0,0.0,0.0,0.0,0.0,0.0,0.0,1.0,1.0,0.0,-0.0,-0.0,0.0,0.0,0.0,0.0,0.0,0.0,0.0,0.0,0.0,170.0,145.0,170.0,170.0,14.0,8.0,47.0,79.0,15.0,6.0,0.0
128.43,101,343406.0,600.0,131.0,932.0,600.0,0.0,1.0,0.0,0.0,0.5,0.039,0.693,0.5,0.508,0.055,0.698,0.517,0.0,0.0,-1.5,-5.34,60.02,60.08,0.0,0.0,0.0,0.0,0.0,0.0,0.0,1.0,1.0,0.0,-0.0,-0.0,0.0,0.0,0.0,0.0,0.0,0.0,0.0,0.0,0.0,170.0,145.0,170.0,170.0,14.0,8.0,47.0,79.0,15.0,6.0,0.0
128.496,52,343458.0,600.0,131.0,932.0,600.0,0.0,1.0,0.0,0.0,0.5,0.039,0.693,0.5,0.508,0.055,0.698,0.517,0.0,0.0,-1.5,-5.34,60.02,60.08,0.0,0.0,0.0,0.0,0.0,0.0,0.0,1.0,1.0,0.0,-0.0,-0.0,0.0,0.0,0.0,0.0,0.0,0.0,0.0,0.0,0.0,170.0,145.0,170.0,170.0,14.0,8.0,47.0,79.0,15.0,6.0,0.0
128.528,20,343478.0,600.0,155.0,932.0,600.0,0.0,1.0,0.0,0.0,0.5,0.039,0.693,0.5,0.508,0.055,0.698,0.517,0.0,0.0,-1.5,-5.34,60.02,60.08,0.0,0.0,0.0,0.0,0.0,0.0,0.0,1.0,1.0,0.0,-0.0,-0.0,0.0,0.0,0.0,0.0,0.0,0.0,0.0,0.0,0.0,170.0,145.0,170.0,170.0,14.0,8.0,47.0,79.0,15.0,6.0,1.0
128.625,100,343578.0,600.0,155.0,818.0,600.0,0.0,1.0,0.0,0.0,0.5,0.052,0.67,0.5,0.508,0.067,0.682,0.517,0.0,0.0,-1.5,-5.34,60.02,60.08,0.0,0.0,0.0,0.0,0.0,0.0,0.0,1.0,1.0,0.0,-0.0,-0.0,0.0,0.0,0.0,0.0,0.0,0.0,0.0,0.0,0.0,170.0,145.0,170.0,170.0,14.0,8.0,47.0,79.0,15.0,6.0,1.0
128.659,52,343630.0,600.0,155.0,818.0,600.0,0.0,1.0,0.0,0.0,0.5,0.052,0.67,0.5,0.508,0.067,0.682,0.517,0.0,0.0,-1.5,-5.34,60.02,60.08,0.0,0.0,0.0,0.0,0.0,0.0,0.0,1.0,1.0,0.0,-0.0,-0.0,0.0,0.0,0.0,0.0,0.0,0.0,0.0,0.0,0.0,170.0,145.0,170.0,170.0,14.0,8.0,47.0,79.0,15.0,6.0,0.0
128.691,20,343650.0,600.0,179.0,818.0,600.0,0.0,1.0,0.0,0.0,0.5,0.052,0.67,0.5,0.508,0.067,0.682,0.517,0.0,0.0,-1.5,-5.34,60.02,60.08,0.0,0.0,0.0,0.0,0.0,0.0,0.0,1.0,1.0,0.0,-0.0,-0.0,0.0,0.0,0.0,0.0,0.0,0.0,0.0,0.0,0.0,170.0,145.0,170.0,170.0,14.0,8.0,47.0,79.0,15.0,6.0,0.0
128.786,100,343750.0,600.0,179.0,818.0,600.0,0.0,1.0,0.0,0.0,0.5,0.068,0.659,0.5,0.508,0.082,0.669,0.517,0.0,0.0,-1.5,-5.34,60.02,60.08,0.0,0.0,0.0,0.0,0.0,0.0,0.0,1.0,1.0,0.0,-0.0,-0.0,0.0,0.0,0.0,0.0,0.0,0.0,0.0,0.0,0.0,170.0,145.0,170.0,170.0,14.0,8.0,47.0,79.0,15.0,6.0,0.0
128.851,71,343821.0,600.0,202.0,818.0,600.0,0.0,1.0,0.0,0.0,0.5,0.068,0.659,0.5,0.508,0.082,0.669,0.517,0.0,0.0,-1.5,-5.34,60.02,60.08,0.0,0.0,0.0,0.0,0.0,0.0,0.0,1.0,1.0,0.0,-0.0,-0.0,0.0,0.0,0.0,0.0,0.0,0.0,0.0,0.0,0.0,170.0,145.0,170.0,170.0,14.0,8.0,47.0,79.0,15.0,6.0,0.0
128.947,100,343921.0,600.0,202.0,818.0,600.0,0.0,1.0,0.0,0.0,0.5,0.086,0.654,0.5,0.509,0.1,0.664,0.517,0.0,0.0,-1.5,-5.34,60.02,60.08,0.0,0.0,0.0,0.0,0.0,0.0,0.0,1.0,1.0,0.0,-0.0,-0.0,0.0,0.0,0.0,0.0,0.0,0.0,0.0,0.0,0.0,170.0,145.0,170.0,170.0,14.0,8.0,47.0,79.0,15.0,6.0,1.0
129.011,52,343973.0,600.0,202.0,818.0,600.0,0.0,1.0,0.0,0.0,0.5,0.086,0.654,0.5,0.509,0.1,0.664,0.517,0.0,0.0,-1.5,-5.34,60.02,60.08,0.0,0.0,0.0,0.0,0.0,0.0,0.0,1.0,1.0,0.0,-0.0,-0.0,0.0,0.0,0.0,0.0,0.0,0.0,0.0,0.0,0.0,170.0,145.0,170.0,170.0,14.0,8.0,47.0,79.0,15.0,6.0,0.0
129.042,19,343992.0,600.0,230.0,818.0,600.0,0.0,1.0,0.0,0.0,0.5,0.086,0.654,0.5,0.509,0.1,0.664,0.517,0.0,0.0,-1.51,-5.34,60.02,60.08,0.0,0.0,0.0,0.0,0.0,0.0,0.0,1.0,1.0,0.0,-0.0,-0.0,0.0,0.0,0.0,0.0,0.0,0.0,0.0,0.0,0.0,170.0,145.0,170.0,170.0,14.0,8.0,47.0,79.0,15.0,6.0,0.0
129.138,102,344094.0,600.0,230.0,816.0,600.0,0.0,1.0,0.0,0.0,0.5,0.109,0.651,0.5,0.509,0.122,0.661,0.517,0.0,0.0,-1.51,-5.34,60.02,60.08,0.0,0.0,0.0,0.0,0.0,0.0,0.0,1.0,1.0,0.0,-0.0,-0.0,0.0,0.0,0.0,0.0,0.0,0.0,0.0,0.0,0.0,170.0,145.0,170.0,170.0,14.0,8.0,47.0,79.0,15.0,6.0,0.0
129.171,52,344146.0,600.0,230.0,816.0,600.0,0.0,1.0,0.0,0.0,0.5,0.109,0.651,0.5,0.509,0.122,0.661,0.517,0.0,0.0,-1.51,-5.34,60.02,60.08,0.0,0.0,0.0,0.0,0.0,0.0,0.0,1.0,1.0,0.0,-0.0,-0.0,0.0,0.0,0.0,0.0,0.0,0.0,0.0,0.0,0.0,170.0,145.0,170.0,170.0,14.0,8.0,47.0,79.0,15.0,6.0,0.0
129.204,19,344165.0,600.0,236.0,816.0,600.0,0.0,1.0,0.0,0.0,0.5,0.109,0.651,0.5,0.509,0.122,0.661,0.517,0.0,0.0,-1.51,-5.34,60.02,60.08,0.0,0.0,0.0,0.0,0.0,0.0,0.0,1.0,1.0,0.0,-0.0,-0.0,0.0,0.0,0.0,0.0,0.0,0.0,0.0,0.0,0.0,170.0,145.0,170.0,170.0,14.0,8.0,47.0,79.0,15.0,6.0,0.0
129.301,102,344267.0,600.0,236.0,802.0,600.0,0.0,1.0,0.0,0.0,0.5,0.122,0.646,0.5,0.509,0.137,0.656,0.517,0.0,0.0,-1.5,-5.33,60.02,60.08,0.0,0.0,0.0,0.0,0.0,0.0,0.0,1.0,1.0,0.0,-0.0,-0.0,0.0,0.0,0.0,0.0,0.0,0.0,0.0,0.0,0.0,170.0,145.0,170.0,170.0,14.0,8.0,47.0,79.0,15.0,6.0,1.0
129.367,71,344338.0,600.0,238.0,802.0,600.0,0.0,1.0,0.0,0.0,0.5,0.122,0.646,0.5,0.509,0.137,0.656,0.517,0.0,0.0,-1.51,-5.33,60.02,60.08,0.0,0.0,0.0,0.0,0.0,0.0,0.0,1.0,1.0,0.0,-0.0,-0.0,0.0,0.0,0.0,0.0,0.0,0.0,0.0,0.0,0.0,170.0,145.0,170.0,170.0,14.0,8.0,47.0,79.0,15.0,6.0,0.0
129.465,102,344440.0,600.0,238.0,802.0,600.0,0.0,1.0,0.0,0.0,0.5,0.13,0.643,0.5,0.509,0.145,0.653,0.517,0.0,0.0,-1.51,-5.33,60.02,60.08,0.0,0.0,0.0,0.0,0.0,0.0,0.0,1.0,1.0,0.0,-0.0,-0.0,0.0,0.0,0.0,0.0,0.0,0.0,0.0,0.0,0.0,170.0,145.0,170.0,170.0,14.0,8.0,47.0,79.0,15.0,6.0,1.0
129.53,52,344492.0,600.0,238.0,802.0,600.0,0.0,1.0,0.0,0.0,0.5,0.13,0.643,0.5,0.509,0.145,0.653,0.517,0.0,0.0,-1.51,-5.33,60.02,60.08,0.0,0.0,0.0,0.0,0.0,0.0,0.0,1.0,1.0,0.0,-0.0,-0.0,0.0,0.0,0.0,0.0,0.0,0.0,0.0,0.0,0.0,170.0,145.0,170.0,170.0,14.0,8.0,47.0,79.0,15.0,6.0,0.0
129.563,20,344512.0,600.0,240.0,802.0,600.0,0.0,1.0,0.0,0.0,0.5,0.13,0.643,0.5,0.509,0.145,0.653,0.517,0.0,0.0,-1.51,-5.33,60.02,60.08,0.0,0.0,0.0,0.0,0.0,0.0,0.0,1.0,1.0,0.0,-0.0,-0.0,0.0,0.0,0.0,0.0,0.0,0.0,0.0,0.0,0.0,170.0,145.0,170.0,170.0,14.0,8.0,47.0,79.0,15.0,6.0,0.0
129.628,83,344595.0,600.0,240.0,802.0,600.0,0.0,1.0,0.0,0.0,0.5,0.134,0.642,0.5,0.509,0.15,0.652,0.517,0.0,0.0,-1.51,-5.33,60.02,60.08,0.0,0.0,0.0,0.0,0.0,0.0,0.0,1.0,1.0,0.0,-0.0,-0.0,0.0,0.0,0.0,0.0,0.0,0.0,0.0,0.0,0.0,170.0,145.0,170.0,170.0,14.0,8.0,47.0,79.0,15.0,6.0,0.0
129.693,64,344659.0,600.0,232.0,802.0,600.0,0.0,1.0,0.0,0.0,0.5,0.134,0.642,0.5,0.509,0.15,0.652,0.517,0.0,0.0,-1.5,-5.33,60.02,60.08,0.0,0.0,0.0,0.0,0.0,0.0,0.0,1.0,1.0,0.0,-0.0,-0.0,0.0,0.0,0.0,0.0,0.0,0.0,0.0,0.0,0.0,170.0,145.0,170.0,170.0,14.0,8.0,47.0,79.0,15.0,6.0,0.0
129.788,101,344760.0,600.0,232.0,802.0,600.0,0.0,1.0,0.0,0.0,0.5,0.132,0.642,0.5,0.509,0.149,0.651,0.517,0.0,0.0,-1.51,-5.34,60.02,60.08,0.0,0.0,0.0,0.0,0.0,0.0,0.0,1.0,1.0,0.0,-0.0,-0.0,0.0,0.0,0.0,0.0,0.0,0.0,0.0,0.0,0.0,170.0,145.0,170.0,170.0,14.0,8.0,47.0,79.0,15.0,6.0,1.0
129.851,52,344812.0,600.0,232.0,802.0,600.0,0.0,1.0,0.0,0.0,0.5,0.132,0.642,0.5,0.509,0.149,0.651,0.517,0.0,0.0,-1.51,-5.34,60.02,60.08,0.0,0.0,0.0,0.0,0.0,0.0,0.0,1.0,1.0,0.0,-0.0,-0.0,0.0,0.0,0.0,0.0,0.0,0.0,0.0,0.0,0.0,170.0,145.0,170.0,170.0,14.0,8.0,47.0,79.0,15.0,6.0,0.0
129.883,19,344831.0,600.0,197.0,802.0,600.0,0.0,1.0,0.0,0.0,0.5,0.132,0.642,0.5,0.509,0.149,0.651,0.517,0.0,0.0,-1.51,-5.34,60.02,60.08,0.0,0.0,0.0,0.0,0.0,0.0,0.0,1.0,1.0,0.0,-0.0,-0.0,0.0,0.0,0.0,0.0,0.0,0.0,0.0,0.0,0.0,170.0,145.0,170.0,170.0,14.0,8.0,47.0,79.0,15.0,6.0,0.0
129.98,100,344931.0,600.0,197.0,697.0,600.0,0.0,1.0,0.0,0.0,0.5,0.113,0.606,0.5,0.509,0.133,0.62,0.516,0.0,0.0,-1.51,-5.34,60.02,60.08,0.0,0.0,0.0,0.0,0.0,0.0,0.0,1.0,1.0,0.0,-0.0,-0.0,0.0,0.0,0.0,0.0,0.0,0.0,0.0,0.0,0.0,170.0,145.0,170.0,170.0,14.0,8.0,47.0,79.0,15.0,6.0,0.0
130.013,52,344983.0,600.0,197.0,697.0,600.0,0.0,1.0,0.0,0.0,0.5,0.113,0.606,0.5,0.509,0.133,0.62,0.516,0.0,0.0,-1.51,-5.34,60.02,60.08,0.0,0.0,0.0,0.0,0.0,0.0,0.0,1.0,1.0,0.0,-0.0,-0.0,0.0,0.0,0.0,0.0,0.0,0.0,0.0,0.0,0.0,170.0,145.0,170.0,170.0,14.0,8.0,47.0,79.0,15.0,6.0,0.0
130.045,19,345002.0,600.0,170.0,697.0,600.0,0.0,1.0,0.0,0.0,0.5,0.113,0.606,0.5,0.509,0.133,0.62,0.516,0.0,0.0,-1.51,-5.34,60.02,60.08,0.0,0.0,0.0,0.0,0.0,0.0,0.0,1.0,1.0,0.0,-0.0,-0.0,0.0,0.0,0.0,0.0,0.0,0.0,0.0,0.0,0.0,170.0,145.0,170.0,170.0,14.0,8.0,47.0,79.0,15.0,6.0,0.0
130.143,99,345101.0,600.0,170.0,600.0,600.0,0.0,1.0,0.0,0.0,0.5,0.092,0.549,0.5,0.509,0.111,0.567,0.516,0.0,0.0,-1.51,-5.34,60.02,60.08,0.0,0.0,0.0,0.0,0.0,0.0,0.0,1.0,1.0,0.0,-0.0,-0.0,0.0,0.0,0.0,0.0,0.0,0.0,0.0,0.0,0.0,170.0,145.0,170.0,170.0,14.0,8.0,47.0,79.0,15.0,6.0,0.0
130.177,52,345153.0,600.0,170.0,600.0,600.0,0.0,1.0,0.0,0.0,0.5,0.092,0.549,0.5,0.509,0.111,0.567,0.516,0.0,0.0,-1.51,-5.34,60.02,60.08,0.0,0.0,0.0,0.0,0.0,0.0,0.0,1.0,1.0,0.0,-0.0,-0.0,0.0,0.0,0.0,0.0,0.0,0.0,0.0,0.0,0.0,170.0,145.0,170.0,170.0,14.0,8.0,47.0,79.0,15.0,6.0,0.0
130.21,19,345172.0,600.0,146.0,600.0,600.0,0.0,1.0,0.0,0.0,0.5,0.092,0.549,0.5,0.509,0.111,0.567,0.516,0.0,0.0,-1.51,-5.34,60.02,60.08,0.0,0.0,0.0,0.0,0.0,0.0,0.0,1.0,1.0,0.0,-0.0,-0.0,0.0,0.0,0.0,0.0,0.0,0.0,0.0,0.0,0.0,170.0,145.0,170.0,170.0,14.0,8.0,47.0,79.0,15.0,6.0,0.0
130.307,100,345272.0,600.0,146.0,600.0,600.0,0.0,1.0,0.0,0.0,0.5,0.073,0.523,0.5,0.508,0.091,0.536,0.515,0.0,0.0,-1.51,-5.34,60.02,60.08,0.0,0.0,0.0,0.0,0.0,0.0,0.0,1.0,1.0,0.0,-0.0,-0.0,0.0,0.0,0.0,0.0,0.0,0.0,0.0,0.0,0.0,170.0,145.0,170.0,170.0,14.0,8.0,47.0,79.0,15.0,6.0,0.0
130.372,72,345344.0,600.0,119.0,600.0,600.0,0.0,1.0,0.0,0.0,0.5,0.073,0.523,0.5,0.508,0.091,0.536,0.515,0.0,0.0,-1.51,-5.34,60.02,60.08,0.0,0.0,0.0,0.0,0.0,0.0,0.0,1.0,1.0,0.0,-0.0,-0.0,0.0,0.0,0.0,0.0,0.0,0.0,0.0,0.0,0.0,170.0,145.0,170.0,170.0,14.0,8.0,47.0,79.0,15.0,6.0,0.0
130.469,99,345443.0,600.0,119.0,600.0,600.0,0.0,1.0,0.0,0.0,0.5,0.054,0.51,0.5,0.508,0.072,0.521,0.515,0.0,0.0,-1.51,-5.34,60.02,60.08,0.0,0.0,0.0,0.0,0.0,0.0,0.0,1.0,1.0,0.0,-0.0,-0.0,0.0,0.0,0.0,0.0,0.0,0.0,0.0,0.0,0.0,170.0,145.0,170.0,170.0,14.0,8.0,47.0,79.0,15.0,6.0,0.0
130.535,52,345495.0,600.0,119.0,600.0,600.0,0.0,1.0,0.0,0.0,0.5,0.054,0.51,0.5,0.508,0.072,0.521,0.515,0.0,0.0,-1.51,-5.34,60.02,60.08,0.0,0.0,0.0,0.0,0.0,0.0,0.0,1.0,1.0,0.0,-0.0,-0.0,0.0,0.0,0.0,0.0,0.0,0.0,0.0,0.0,0.0,170.0,145.0,170.0,170.0,14.0,8.0,47.0,79.0,15.0,6.0,0.0
130.567,19,345514.0,600.0,102.0,600.0,600.0,0.0,1.0,0.0,0.0,0.5,0.054,0.51,0.5,0.508,0.072,0.521,0.515,0.0,0.0,-1.51,-5.34,60.02,60.08,0.0,0.0,0.0,0.0,0.0,0.0,0.0,1.0,1.0,0.0,-0.0,-0.0,0.0,0.0,0.0,0.0,0.0,0.0,0.0,0.0,0.0,170.0,145.0,170.0,170.0,14.0,8.0,47.0,79.0,15.0,6.0,0.0
130.665,101,345615.0,600.0,102.0,600.0,600.0,0.0,1.0,0.0,0.0,0.5,0.04,0.505,0.5,0.508,0.057,0.514,0.515,0.0,0.0,-1.51,-5.34,60.02,60.08,0.0,0.0,0.0,0.0,0.0,0.0,0.0,1.0,1.0,0.0,-0.0,-0.0,0.0,0.0,0.0,0.0,0.0,0.0,0.0,0.0,0.0,170.0,145.0,170.0,170.0,14.0,8.0,47.0,79.0,15.0,6.0,0.0
130.698,52,345667.0,600.0,102.0,600.0,600.0,0.0,1.0,0.0,0.0,0.5,0.04,0.505,0.5,0.508,0.057,0.514,0.515,0.0,0.0,-1.51,-5.34,60.02,60.08,0.0,0.0,0.0,0.0,0.0,0.0,0.0,1.0,1.0,0.0,-0.0,-0.0,0.0,0.0,0.0,0.0,0.0,0.0,0.0,0.0,0.0,170.0,145.0,170.0,170.0,14.0,8.0,47.0,79.0,15.0,6.0,0.0
130.73,19,345686.0,600.0,102.0,600.0,600.0,0.0,1.0,0.0,0.0,0.5,0.04,0.505,0.5,0.508,0.057,0.514,0.515,0.0,0.0,-1.51,-5.34,60.02,60.08,0.0,0.0,0.0,0.0,0.0,0.0,0.0,1.0,1.0,0.0,-0.0,-0.0,0.0,0.0,0.0,0.0,0.0,0.0,0.0,0.0,0.0,170.0,145.0,170.0,170.0,14.0,8.0,47.0,79.0,15.0,6.0,0.0
130.825,103,345789.0,600.0,102.0,600.0,600.0,0.0,1.0,0.0,0.0,0.5,0.033,0.502,0.5,0.508,0.049,0.511,0.515,0.0,0.0,-1.51,-5.34,60.02,60.08,0.0,0.0,0.0,0.0,0.0,0.0,0.0,1.0,1.0,0.0,-0.0,-0.0,0.0,0.0,0.0,0.0,0.0,0.0,0.0,0.0,0.0,170.0,145.0,170.0,170.0,14.0,8.0,47.0,79.0,15.0,6.0,0.0
130.891,71,345860.0,600.0,102.0,600.0,600.0,0.0,1.0,0.0,0.0,0.5,0.033,0.502,0.5,0.508,0.049,0.511,0.515,0.0,0.0,-1.5,-5.33,60.02,60.08,0.0,0.0,0.0,0.0,0.0,0.0,0.0,1.0,1.0,0.0,-0.0,-0.0,0.0,0.0,0.0,0.0,0.0,0.0,0.0,0.0,0.0,170.0,145.0,170.0,170.0,14.0,8.0,47.0,79.0,15.0,6.0,0.0
130.987,102,345962.0,600.0,102.0,600.0,600.0,0.0,1.0,0.0,0.0,0.5,0.031,0.501,0.5,0.508,0.046,0.509,0.515,0.0,0.0,-1.51,-5.33,60.02,60.08,0.0,0.0,0.0,0.0,0.0,0.0,0.0,1.0,1.0,0.0,-0.0,-0.0,0.0,0.0,0.0,0.0,0.0,0.0,0.0,0.0,0.0,170.0,145.0,170.0,170.0,14.0,8.0,47.0,79.0,15.0,6.0,1.0
131.052,52,346014.0,600.0,102.0,600.0,600.0,0.0,1.0,0.0,0.0,0.5,0.031,0.501,0.5,0.508,0.046,0.509,0.515,0.0,0.0,-1.51,-5.33,60.02,60.08,0.0,0.0,0.0,0.0,0.0,0.0,0.0,1.0,1.0,0.0,-0.0,-0.0,0.0,0.0,0.0,0.0,0.0,0.0,0.0,0.0,0.0,170.0,145.0,170.0,170.0,14.0,8.0,47.0,79.0,15.0,6.0,0.0
131.084,19,346033.0,600.0,100.0,600.0,600.0,0.0,1.0,0.0,0.0,0.5,0.031,0.501,0.5,0.508,0.046,0.509,0.515,0.0,0.0,-1.5,-5.33,60.02,60.08,0.0,0.0,0.0,0.0,0.0,0.0,0.0,1.0,1.0,0.0,-0.0,-0.0,0.0,0.0,0.0,0.0,0.0,0.0,0.0,0.0,0.0,170.0,145.0,170.0,170.0,14.0,8.0,47.0,79.0,15.0,6.0,0.0
131.182,101,346134.0,600.0,100.0,600.0,600.0,0.0,1.0,0.0,0.0,0.5,0.029,0.5,0.5,0.508,0.044,0.508,0.515,0.0,0.0,-1.5,-5.33,60.02,60.08,0.0,0.0,0.0,0.0,0.0,0.0,0.0,1.0,1.0,0.0,-0.0,-0.0,0.0,0.0,0.0,0.0,0.0,0.0,0.0,0.0,0.0,170.0,145.0,170.0,170.0,14.0,8.0,47.0,79.0,15.0,6.0,0.0
131.215,51,346185.0,600.0,100.0,600.0,600.0,0.0,1.0,0.0,0.0,0.5,0.029,0.5,0.5,0.508,0.044,0.508,0.515,0.0,0.0,-1.5,-5.33,60.02,60.08,0.0,0.0,0.0,0.0,0.0,0.0,0.0,1.0,1.0,0.0,-0.0,-0.0,0.0,0.0,0.0,0.0,0.0,0.0,0.0,0.0,0.0,170.0,145.0,170.0,170.0,14.0,8.0,47.0,79.0,15.0,6.0,0.0
131.248,20,346205.0,600.0,101.0,600.0,600.0,0.0,1.0,0.0,0.0,0.5,0.029,0.5,0.5,0.508,0.044,0.508,0.515,0.0,0.0,-1.5,-5.33,60.02,60.08,0.0,0.0,0.0,0.0,0.0,0.0,0.0,1.0,1.0,0.0,-0.0,-0.0,0.0,0.0,0.0,0.0,0.0,0.0,0.0,0.0,0.0,170.0,145.0,170.0,170.0,14.0,8.0,47.0,79.0,15.0,6.0,0.0
131.346,100,346305.0,600.0,101.0,600.0,600.0,0.0,1.0,0.0,0.0,0.5,0.028,0.5,0.5,0.508,0.043,0.508,0.515,0.0,0.0,-1.5,-5.33,60.02,60.08,0.0,0.0,0.0,0.0,0.0,0.0,0.0,1.0,1.0,0.0,-0.0,-0.0,0.0,0.0,0.0,0.0,0.0,0.0,0.0,0.0,0.0,170.0,145.0,170.0,170.0,14.0,8.0,47.0,79.0,15.0,6.0,1.0
131.378,34,346339.0,600.0,101.0,600.0,600.0,0.0,1.0,0.0,0.0,0.5,0.028,0.5,0.5,0.508,0.043,0.508,0.515,0.0,0.0,-1.5,-5.33,60.02,60.08,0.0,0.0,0.0,0.0,0.0,0.0,0.0,1.0,1.0,0.0,-0.0,-0.0,0.0,0.0,0.0,0.0,0.0,0.0,0.0,0.0,0.0,170.0,145.0,170.0,170.0,14.0,8.0,47.0,79.0,15.0,6.0,0.0
131.475,109,346448.0,600.0,103.0,600.0,600.0,0.0,1.0,0.0,0.0,0.5,0.028,0.5,0.5,0.508,0.043,0.508,0.515,0.0,0.0,-1.5,-5.33,60.02,60.08,0.0,0.0,0.0,0.0,0.0,0.0,0.0,1.0,1.0,0.0,-0.0,-0.0,0.0,0.0,0.0,0.0,0.0,0.0,0.0,0.0,0.0,170.0,145.0,170.0,170.0,14.0,8.0,47.0,79.0,15.0,6.0,0.0
131.541,52,346500.0,600.0,103.0,600.0,600.0,0.0,1.0,0.0,0.0,0.5,0.028,0.5,0.5,0.508,0.043,0.508,0.515,0.0,0.0,-1.5,-5.33,60.02,60.08,0.0,0.0,0.0,0.0,0.0,0.0,0.0,1.0,1.0,0.0,-0.0,-0.0,0.0,0.0,0.0,0.0,0.0,0.0,0.0,0.0,0.0,170.0,145.0,170.0,170.0,14.0,8.0,47.0,79.0,15.0,6.0,0.0
131.574,19,346519.0,600.0,103.0,600.0,600.0,0.0,1.0,0.0,0.0,0.5,0.028,0.5,0.5,0.508,0.043,0.508,0.515,0.0,0.0,-1.49,-5.33,60.02,60.08,0.0,0.0,0.0,0.0,0.0,0.0,0.0,1.0,1.0,0.0,-0.0,-0.0,0.0,0.0,0.0,0.0,0.0,0.0,0.0,0.0,0.0,170.0,145.0,170.0,170.0,14.0,8.0,47.0,79.0,15.0,6.0,0.0
131.639,82,346601.0,600.0,103.0,705.0,600.0,0.0,1.0,0.0,0.0,0.5,0.029,0.543,0.5,0.508,0.044,0.544,0.515,0.0,0.0,-1.49,-5.33,60.02,60.08,0.0,0.0,0.0,0.0,0.0,0.0,0.0,1.0,1.0,0.0,-0.0,-0.0,0.0,0.0,0.0,0.0,0.0,0.0,0.0,0.0,0.0,170.0,145.0,170.0,170.0,14.0,8.0,47.0,79.0,15.0,6.0,0.0
131.712,64,346665.0,600.0,104.0,705.0,600.0,0.0,1.0,0.0,0.0,0.5,0.029,0.543,0.5,0.508,0.044,0.544,0.515,0.0,0.0,-1.49,-5.33,60.02,60.08,0.0,0.0,0.0,0.0,0.0,0.0,0.0,1.0,1.0,0.0,-0.0,-0.0,0.0,0.0,0.0,0.0,0.0,0.0,0.0,0.0,0.0,170.0,145.0,170.0,170.0,14.0,8.0,47.0,79.0,15.0,6.0,0.0
131.809,100,346765.0,600.0,104.0,705.0,600.0,0.0,1.0,0.0,0.0,0.5,0.029,0.563,0.5,0.508,0.044,0.567,0.516,0.0,0.0,-1.49,-5.33,60.02,60.08,0.0,0.0,0.0,0.0,0.0,0.0,0.0,1.0,1.0,0.0,-0.0,-0.0,0.0,0.0,0.0,0.0,0.0,0.0,0.0,0.0,0.0,170.0,145.0,170.0,170.0,14.0,8.0,47.0,79.0,15.0,6.0,0.0
131.844,52,346817.0,600.0,104.0,705.0,600.0,0.0,1.0,0.0,0.0,0.5,0.029,0.563,0.5,0.508,0.044,0.567,0.516,0.0,0.0,-1.49,-5.33,60.02,60.08,0.0,0.0,0.0,0.0,0.0,0.0,0.0,1.0,1.0,0.0,-0.0,-0.0,0.0,0.0,0.0,0.0,0.0,0.0,0.0,0.0,0.0,170.0,145.0,170.0,170.0,14.0,8.0,47.0,79.0,15.0,6.0,0.0
131.876,19,346836.0,600.0,104.0,705.0,600.0,0.0,1.0,0.0,0.0,0.5,0.029,0.563,0.5,0.508,0.044,0.567,0.516,0.0,0.0,-1.49,-5.33,60.02,60.08,0.0,0.0,0.0,0.0,0.0,0.0,0.0,1.0,1.0,0.0,-0.0,-0.0,0.0,0.0,0.0,0.0,0.0,0.0,0.0,0.0,0.0,170.0,145.0,170.0,170.0,14.0,8.0,47.0,79.0,15.0,6.0,0.0
131.974,103,346939.0,600.0,104.0,705.0,600.0,0.0,1.0,0.0,0.0,0.5,0.029,0.572,0.5,0.508,0.045,0.578,0.516,0.0,0.0,-1.49,-5.33,60.02,60.08,0.0,0.0,0.0,0.0,0.0,0.0,0.0,1.0,1.0,0.0,-0.0,-0.0,0.0,0.0,0.0,0.0,0.0,0.0,0.0,0.0,0.0,170.0,145.0,170.0,170.0,14.0,8.0,47.0,79.0,15.0,6.0,0.0
132.039,72,347011.0,600.0,104.0,705.0,600.0,0.0,1.0,0.0,0.0,0.5,0.029,0.572,0.5,0.508,0.045,0.578,0.516,0.0,0.0,-1.49,-5.33,60.02,60.08,0.0,0.0,0.0,0.0,0.0,0.0,0.0,1.0,1.0,0.0,-0.0,-0.0,0.0,0.0,0.0,0.0,0.0,0.0,0.0,0.0,0.0,170.0,145.0,170.0,170.0,14.0,8.0,47.0,79.0,15.0,6.0,0.0
132.137,102,347113.0,600.0,104.0,705.0,600.0,0.0,1.0,0.0,0.0,0.5,0.029,0.576,0.5,0.508,0.045,0.583,0.516,0.0,0.0,-1.48,-5.33,60.02,60.08,0.0,0.0,0.0,0.0,0.0,0.0,0.0,1.0,1.0,0.0,-0.0,-0.0,0.0,0.0,0.0,0.0,0.0,0.0,0.0,0.0,0.0,170.0,145.0,170.0,170.0,14.0,8.0,47.0,79.0,15.0,6.0,0.0
132.203,52,347165.0,600.0,104.0,705.0,600.0,0.0,1.0,0.0,0.0,0.5,0.029,0.576,0.5,0.508,0.045,0.583,0.516,0.0,0.0,-1.48,-5.33,60.02,60.08,0.0,0.0,0.0,0.0,0.0,0.0,0.0,1.0,1.0,0.0,-0.0,-0.0,0.0,0.0,0.0,0.0,0.0,0.0,0.0,0.0,0.0,170.0,145.0,170.0,170.0,14.0,8.0,47.0,79.0,15.0,6.0,0.0
132.235,19,347184.0,600.0,103.0,705.0,600.0,0.0,1.0,0.0,0.0,0.5,0.029,0.576,0.5,0.508,0.045,0.583,0.516,0.0,0.0,-1.48,-5.33,60.02,60.08,0.0,0.0,0.0,0.0,0.0,0.0,0.0,1.0,1.0,0.0,-0.0,-0.0,0.0,0.0,0.0,0.0,0.0,0.0,0.0,0.0,0.0,170.0,145.0,170.0,170.0,14.0,8.0,47.0,79.0,15.0,6.0,0.0
132.334,100,347284.0,600.0,103.0,817.0,600.0,0.0,1.0,0.0,0.0,0.5,0.029,0.616,0.5,0.508,0.045,0.617,0.516,0.0,0.0,-1.48,-5.33,60.02,60.08,0.0,0.0,0.0,0.0,0.0,0.0,0.0,1.0,1.0,0.0,-0.0,-0.0,0.0,0.0,0.0,0.0,0.0,0.0,0.0,0.0,0.0,170.0,145.0,170.0,170.0,14.0,8.0,47.0,79.0,15.0,6.0,1.0
132.366,52,347336.0,600.0,103.0,817.0,600.0,0.0,1.0,0.0,0.0,0.5,0.029,0.616,0.5,0.508,0.045,0.617,0.516,0.0,0.0,-1.49,-5.32,60.02,60.08,0.0,0.0,0.0,0.0,0.0,0.0,0.0,1.0,1.0,0.0,-0.0,-0.0,0.0,0.0,0.0,0.0,0.0,0.0,0.0,0.0,0.0,170.0,145.0,170.0,170.0,14.0,8.0,47.0,79.0,15.0,6.0,0.0
132.398,19,347355.0,600.0,102.0,817.0,600.0,0.0,1.0,0.0,0.0,0.5,0.029,0.616,0.5,0.508,0.045,0.617,0.516,0.0,0.0,-1.49,-5.32,60.02,60.08,0.0,0.0,0.0,0.0,0.0,0.0,0.0,1.0,1.0,0.0,-0.0,-0.0,0.0,0.0,0.0,0.0,0.0,0.0,0.0,0.0,0.0,170.0,145.0,170.0,170.0,14.0,8.0,47.0,79.0,15.0,6.0,0.0
132.494,99,347454.0,600.0,102.0,712.0,600.0,0.0,1.0,0.0,0.0,0.5,0.028,0.599,0.5,0.508,0.045,0.609,0.516,0.0,0.0,-1.49,-5.33,60.02,60.08,0.0,0.0,0.0,0.0,0.0,0.0,0.0,1.0,1.0,0.0,-0.0,-0.0,0.0,0.0,0.0,0.0,0.0,0.0,0.0,0.0,0.0,170.0,145.0,170.0,170.0,14.0,8.0,47.0,79.0,15.0,6.0,0.0
132.559,72,347526.0,600.0,102.0,712.0,600.0,0.0,1.0,0.0,0.0,0.5,0.028,0.599,0.5,0.508,0.045,0.609,0.516,0.0,0.0,-1.49,-5.32,60.02,60.08,0.0,0.0,0.0,0.0,0.0,0.0,0.0,1.0,1.0,0.0,-0.0,-0.0,0.0,0.0,0.0,0.0,0.0,0.0,0.0,0.0,0.0,170.0,145.0,170.0,170.0,14.0,8.0,47.0,79.0,15.0,6.0,0.0
132.657,101,347627.0,600.0,102.0,825.0,600.0,0.0,1.0,0.0,0.0,0.5,0.028,0.628,0.5,0.508,0.045,0.632,0.516,0.0,0.0,-1.49,-5.32,60.02,60.08,0.0,0.0,0.0,0.0,0.0,0.0,0.0,1.0,1.0,0.0,-0.0,-0.0,0.0,0.0,0.0,0.0,0.0,0.0,0.0,0.0,0.0,170.0,145.0,170.0,170.0,14.0,8.0,47.0,79.0,15.0,6.0,1.0
132.725,70,347697.0,600.0,101.0,825.0,600.0,0.0,1.0,0.0,0.0,0.5,0.028,0.628,0.5,0.508,0.045,0.632,0.516,0.0,0.0,-1.49,-5.32,60.02,60.08,0.0,0.0,0.0,0.0,0.0,0.0,0.0,1.0,1.0,0.0,-0.0,-0.0,0.0,0.0,0.0,0.0,0.0,0.0,0.0,0.0,0.0,170.0,145.0,170.0,170.0,14.0,8.0,47.0,79.0,15.0,6.0,0.0
132.823,99,347796.0,600.0,101.0,825.0,600.0,0.0,1.0,0.0,0.0,0.5,0.028,0.642,0.5,0.508,0.044,0.648,0.517,0.0,0.0,-1.49,-5.32,60.02,60.08,0.0,0.0,0.0,0.0,0.0,0.0,0.0,1.0,1.0,0.0,-0.0,-0.0,0.0,0.0,0.0,0.0,0.0,0.0,0.0,0.0,0.0,170.0,145.0,170.0,170.0,14.0,8.0,47.0,79.0,15.0,6.0,0.0
132.889,52,347848.0,600.0,101.0,825.0,600.0,0.0,1.0,0.0,0.0,0.5,0.028,0.642,0.5,0.508,0.044,0.648,0.517,0.0,0.0,-1.49,-5.32,60.02,60.08,0.0,0.0,0.0,0.0,0.0,0.0,0.0,1.0,1.0,0.0,-0.0,-0.0,0.0,0.0,0.0,0.0,0.0,0.0,0.0,0.0,0.0,170.0,145.0,170.0,170.0,14.0,8.0,47.0,79.0,15.0,6.0,0.0
132.921,20,347868.0,600.0,100.0,825.0,600.0,0.0,1.0,0.0,0.0,0.5,0.028,0.642,0.5,0.508,0.044,0.648,0.517,0.0,0.0,-1.49,-5.32,60.02,60.08,0.0,0.0,0.0,0.0,0.0,0.0,0.0,1.0,1.0,0.0,-0.0,-0.0,0.0,0.0,0.0,0.0,0.0,0.0,0.0,0.0,0.0,170.0,145.0,170.0,170.0,14.0,8.0,47.0,79.0,15.0,6.0,0.0
133.019,99,347967.0,600.0,100.0,825.0,600.0,0.0,1.0,0.0,0.0,0.5,0.027,0.648,0.5,0.508,0.044,0.655,0.517,0.0,0.0,-1.48,-5.32,60.02,60.08,0.0,0.0,0.0,0.0,0.0,0.0,0.0,1.0,1.0,0.0,-0.0,-0.0,0.0,0.0,0.0,0.0,0.0,0.0,0.0,0.0,0.0,170.0,145.0,170.0,170.0,14.0,8.0,47.0,79.0,15.0,6.0,0.0
133.052,51,348018.0,600.0,100.0,825.0,600.0,0.0,1.0,0.0,0.0,0.5,0.027,0.648,0.5,0.508,0.044,0.655,0.517,0.0,0.0,-1.48,-5.32,60.02,60.08,0.0,0.0,0.0,0.0,0.0,0.0,0.0,1.0,1.0,0.0,-0.0,-0.0,0.0,0.0,0.0,0.0,0.0,0.0,0.0,0.0,0.0,170.0,145.0,170.0,170.0,14.0,8.0,47.0,79.0,15.0,6.0,0.0
133.085,19,348037.0,600.0,99.0,825.0,600.0,0.0,1.0,0.0,0.0,0.5,0.027,0.648,0.5,0.508,0.044,0.655,0.517,0.0,0.0,-1.48,-5.32,60.02,60.08,0.0,0.0,0.0,0.0,0.0,0.0,0.0,1.0,1.0,0.0,-0.0,-0.0,0.0,0.0,0.0,0.0,0.0,0.0,0.0,0.0,0.0,170.0,145.0,170.0,170.0,14.0,8.0,47.0,79.0,15.0,6.0,0.0
133.182,100,348137.0,600.0,99.0,713.0,600.0,0.0,1.0,0.0,0.0,0.5,0.027,0.615,0.5,0.508,0.043,0.628,0.516,0.0,0.0,-1.48,-5.32,60.02,60.08,0.0,0.0,0.0,0.0,0.0,0.0,0.0,1.0,1.0,0.0,-0.0,-0.0,0.0,0.0,0.0,0.0,0.0,0.0,0.0,0.0,0.0,170.0,145.0,170.0,170.0,14.0,8.0,47.0,79.0,15.0,6.0,1.0
133.215,52,348189.0,600.0,99.0,713.0,600.0,0.0,1.0,0.0,0.0,0.5,0.027,0.615,0.5,0.508,0.043,0.628,0.516,0.0,0.0,-1.48,-5.32,60.02,60.08,0.0,0.0,0.0,0.0,0.0,0.0,0.0,1.0,1.0,0.0,-0.0,-0.0,0.0,0.0,0.0,0.0,0.0,0.0,0.0,0.0,0.0,170.0,145.0,170.0,170.0,14.0,8.0,47.0,79.0,15.0,6.0,0.0
133.247,19,348208.0,600.0,101.0,713.0,600.0,0.0,1.0,0.0,0.0,0.5,0.027,0.615,0.5,0.508,0.043,0.628,0.516,0.0,0.0,-1.48,-5.32,60.02,60.08,0.0,0.0,0.0,0.0,0.0,0.0,0.0,1.0,1.0,0.0,-0.0,-0.0,0.0,0.0,0.0,0.0,0.0,0.0,0.0,0.0,0.0,170.0,145.0,170.0,170.0,14.0,8.0,47.0,79.0,15.0,6.0,0.0
133.345,100,348308.0,600.0,101.0,823.0,600.0,0.0,1.0,0.0,0.0,0.5,0.027,0.635,0.5,0.508,0.044,0.64,0.517,0.0,0.0,-1.48,-5.32,60.02,60.08,0.0,0.0,0.0,0.0,0.0,0.0,0.0,1.0,1.0,0.0,-0.0,-0.0,0.0,0.0,0.0,0.0,0.0,0.0,0.0,0.0,0.0,170.0,145.0,170.0,170.0,14.0,8.0,47.0,79.0,15.0,6.0,0.0
133.41,71,348379.0,600.0,101.0,823.0,600.0,0.0,1.0,0.0,0.0,0.5,0.027,0.635,0.5,0.508,0.044,0.64,0.517,0.0,0.0,-1.48,-5.32,60.02,60.08,0.0,0.0,0.0,0.0,0.0,0.0,0.0,1.0,1.0,0.0,-0.0,-0.0,0.0,0.0,0.0,0.0,0.0,0.0,0.0,0.0,0.0,170.0,145.0,170.0,170.0,14.0,8.0,47.0,79.0,15.0,6.0,0.0
133.508,99,348478.0,600.0,101.0,819.0,600.0,0.0,1.0,0.0,0.0,0.5,0.028,0.644,0.5,0.508,0.044,0.65,0.517,0.0,0.0,-1.48,-5.32,60.02,60.08,0.0,0.0,0.0,0.0,0.0,0.0,0.0,1.0,1.0,0.0,-0.0,-0.0,0.0,0.0,0.0,0.0,0.0,0.0,0.0,0.0,0.0,170.0,145.0,170.0,170.0,14.0,8.0,47.0,79.0,15.0,6.0,0.0
133.572,71,348549.0,600.0,102.0,819.0,600.0,0.0,1.0,0.0,0.0,0.5,0.028,0.644,0.5,0.508,0.044,0.65,0.517,0.0,0.0,-1.48,-5.32,60.02,60.08,0.0,0.0,0.0,0.0,0.0,0.0,0.0,1.0,1.0,0.0,-0.0,-0.0,0.0,0.0,0.0,0.0,0.0,0.0,0.0,0.0,0.0,170.0,145.0,170.0,170.0,14.0,8.0,47.0,79.0,15.0,6.0,0.0
133.7,95,348644.0,600.0,102.0,925.0,600.0,0.0,1.0,0.0,0.0,0.5,0.028,0.676,0.5,0.508,0.045,0.679,0.517,0.0,0.0,-1.48,-5.32,60.02,60.08,0.0,0.0,0.0,0.0,0.0,0.0,0.0,1.0,1.0,0.0,-0.0,-0.0,0.0,0.0,0.0,0.0,0.0,0.0,0.0,0.0,0.0,170.0,145.0,170.0,170.0,14.0,8.0,47.0,79.0,15.0,6.0,1.0
133.733,52,348696.0,600.0,102.0,925.0,600.0,0.0,1.0,0.0,0.0,0.5,0.028,0.676,0.5,0.508,0.045,0.679,0.517,0.0,0.0,-1.48,-5.32,60.02,60.08,0.0,0.0,0.0,0.0,0.0,0.0,0.0,1.0,1.0,0.0,-0.0,-0.0,0.0,0.0,0.0,0.0,0.0,0.0,0.0,0.0,0.0,170.0,145.0,170.0,170.0,14.0,8.0,47.0,79.0,15.0,6.0,0.0
133.765,20,348716.0,600.0,102.0,925.0,600.0,0.0,1.0,0.0,0.0,0.5,0.028,0.676,0.5,0.508,0.045,0.679,0.517,0.0,0.0,-1.47,-5.32,60.02,60.08,0.0,0.0,0.0,0.0,0.0,0.0,0.0,1.0,1.0,0.0,-0.0,-0.0,0.0,0.0,0.0,0.0,0.0,0.0,0.0,0.0,0.0,170.0,145.0,170.0,170.0,14.0,8.0,47.0,79.0,15.0,6.0,0.0
133.862,99,348815.0,600.0,102.0,1038.0,600.0,0.0,1.0,0.0,0.0,0.5,0.028,0.716,0.5,0.508,0.046,0.717,0.518,0.0,0.0,-1.47,-5.32,60.02,60.08,0.0,0.0,0.0,0.0,0.0,0.0,0.0,1.0,1.0,0.0,-0.0,-0.0,0.0,0.0,0.0,0.0,0.0,0.0,0.0,0.0,0.0,170.0,145.0,170.0,170.0,14.0,8.0,47.0,79.0,15.0,6.0,0.0
133.897,52,348867.0,600.0,102.0,1038.0,600.0,0.0,1.0,0.0,0.0,0.5,0.028,0.716,0.5,0.508,0.046,0.717,0.518,0.0,0.0,-1.47,-5.32,60.02,60.08,0.0,0.0,0.0,0.0,0.0,0.0,0.0,1.0,1.0,0.0,-0.0,-0.0,0.0,0.0,0.0,0.0,0.0,0.0,0.0,0.0,0.0,170.0,145.0,170.0,170.0,14.0,8.0,47.0,79.0,15.0,6.0,0.0
133.931,19,348886.0,600.0,103.0,1038.0,600.0,0.0,1.0,0.0,0.0,0.5,0.028,0.716,0.5,0.508,0.046,0.717,0.518,0.0,0.0,-1.48,-5.32,60.02,60.08,0.0,0.0,0.0,0.0,0.0,0.0,0.0,1.0,1.0,0.0,-0.0,-0.0,0.0,0.0,0.0,0.0,0.0,0.0,0.0,0.0,0.0,170.0,145.0,170.0,170.0,14.0,8.0,47.0,79.0,15.0,6.0,0.0
134.026,100,348986.0,600.0,103.0,1038.0,600.0,0.0,1.0,0.0,0.0,0.5,0.028,0.734,0.5,0.508,0.046,0.738,0.518,0.0,0.0,-1.48,-5.32,60.02,60.08,0.0,0.0,0.0,0.0,0.0,0.0,0.0,1.0,1.0,0.0,-0.0,-0.0,0.0,0.0,0.0,0.0,0.0,0.0,0.0,0.0,0.0,170.0,145.0,170.0,170.0,14.0,8.0,47.0,79.0,15.0,6.0,0.0
134.091,71,349057.0,600.0,101.0,1038.0,600.0,0.0,1.0,0.0,0.0,0.5,0.028,0.734,0.5,0.508,0.046,0.738,0.518,0.0,0.0,-1.48,-5.32,60.02,60.08,0.0,0.0,0.0,0.0,0.0,0.0,0.0,1.0,1.0,0.0,-0.0,-0.0,0.0,0.0,0.0,0.0,0.0,0.0,0.0,0.0,0.0,170.0,145.0,170.0,170.0,14.0,8.0,47.0,79.0,15.0,6.0,0.0
134.188,102,349159.0,600.0,101.0,928.0,600.0,0.0,1.0,0.0,0.0,0.5,0.028,0.718,0.5,0.508,0.046,0.729,0.518,0.0,0.0,-1.49,-5.32,60.02,60.08,0.0,0.0,0.0,0.0,0.0,0.0,0.0,1.0,1.0,0.0,-0.0,-0.0,0.0,0.0,0.0,0.0,0.0,0.0,0.0,0.0,0.0,170.0,145.0,170.0,170.0,14.0,8.0,47.0,79.0,15.0,6.0,0.0
134.254,71,349230.0,600.0,101.0,928.0,600.0,0.0,1.0,0.0,0.0,0.5,0.028,0.718,0.5,0.508,0.046,0.729,0.518,0.0,0.0,-1.49,-5.32,60.02,60.08,0.0,0.0,0.0,0.0,0.0,0.0,0.0,1.0,1.0,0.0,-0.0,-0.0,0.0,0.0,0.0,0.0,0.0,0.0,0.0,0.0,0.0,170.0,145.0,170.0,170.0,14.0,8.0,47.0,79.0,15.0,6.0,0.0
134.384,101,349331.0,600.0,101.0,819.0,600.0,0.0,1.0,0.0,0.0,0.5,0.028,0.682,0.5,0.508,0.045,0.696,0.517,0.0,0.0,-1.49,-5.33,60.02,60.08,0.0,0.0,0.0,0.0,0.0,0.0,0.0,1.0,1.0,0.0,-0.0,-0.0,0.0,0.0,0.0,0.0,0.0,0.0,0.0,0.0,0.0,170.0,145.0,170.0,170.0,14.0,8.0,47.0,79.0,15.0,6.0,1.0
134.417,52,349383.0,600.0,101.0,819.0,600.0,0.0,1.0,0.0,0.0,0.5,0.028,0.682,0.5,0.508,0.045,0.696,0.517,0.0,0.0,-1.49,-5.33,60.02,60.08,0.0,0.0,0.0,0.0,0.0,0.0,0.0,1.0,1.0,0.0,-0.0,-0.0,0.0,0.0,0.0,0.0,0.0,0.0,0.0,0.0,0.0,170.0,145.0,170.0,170.0,14.0,8.0,47.0,79.0,15.0,6.0,1.0
134.45,19,349402.0,600.0,99.0,819.0,600.0,0.0,1.0,0.0,0.0,0.5,0.028,0.682,0.5,0.508,0.045,0.696,0.517,0.0,0.0,-1.49,-5.33,60.02,60.08,0.0,0.0,0.0,0.0,0.0,0.0,0.0,1.0,1.0,0.0,-0.0,-0.0,0.0,0.0,0.0,0.0,0.0,0.0,0.0,0.0,0.0,170.0,145.0,170.0,170.0,14.0,8.0,47.0,79.0,15.0,6.0,0.0
134.548,101,349503.0,600.0,99.0,713.0,600.0,0.0,1.0,0.0,0.0,0.5,0.027,0.63,0.5,0.508,0.044,0.646,0.517,0.0,0.0,-1.5,-5.33,60.02,60.08,0.0,0.0,0.0,0.0,0.0,0.0,0.0,1.0,1.0,0.0,-0.0,-0.0,0.0,0.0,0.0,0.0,0.0,0.0,0.0,0.0,0.0,170.0,145.0,170.0,170.0,14.0,8.0,47.0,79.0,15.0,6.0,0.0
134.581,52,349555.0,600.0,99.0,713.0,600.0,0.0,1.0,0.0,0.0,0.5,0.027,0.63,0.5,0.508,0.044,0.646,0.517,0.0,0.0,-1.5,-5.33,60.02,60.08,0.0,0.0,0.0,0.0,0.0,0.0,0.0,1.0,1.0,0.0,-0.0,-0.0,0.0,0.0,0.0,0.0,0.0,0.0,0.0,0.0,0.0,170.0,145.0,170.0,170.0,14.0,8.0,47.0,79.0,15.0,6.0,0.0
134.614,20,349575.0,600.0,100.0,713.0,600.0,0.0,1.0,0.0,0.0,0.5,0.027,0.63,0.5,0.508,0.044,0.646,0.517,0.0,0.0,-1.5,-5.33,60.02,60.08,0.0,0.0,0.0,0.0,0.0,0.0,0.0,1.0,1.0,0.0,-0.0,-0.0,0.0,0.0,0.0,0.0,0.0,0.0,0.0,0.0,0.0,170.0,145.0,170.0,170.0,14.0,8.0,47.0,79.0,15.0,6.0,0.0
134.709,100,349675.0,600.0,100.0,600.0,600.0,0.0,1.0,0.0,0.0,0.5,0.027,0.56,0.5,0.508,0.043,0.579,0.516,0.0,0.0,-1.49,-5.32,60.02,60.08,0.0,0.0,0.0,0.0,0.0,0.0,0.0,1.0,1.0,0.0,-0.0,-0.0,0.0,0.0,0.0,0.0,0.0,0.0,0.0,0.0,0.0,170.0,145.0,170.0,170.0,14.0,8.0,47.0,79.0,15.0,6.0,0.0
134.773,71,349746.0,600.0,101.0,600.0,600.0,0.0,1.0,0.0,0.0,0.5,0.027,0.56,0.5,0.508,0.043,0.579,0.516,0.0,0.0,-1.49,-5.32,60.02,60.08,0.0,0.0,0.0,0.0,0.0,0.0,0.0,1.0,1.0,0.0,-0.0,-0.0,0.0,0.0,0.0,0.0,0.0,0.0,0.0,0.0,0.0,170.0,145.0,170.0,170.0,14.0,8.0,47.0,79.0,15.0,6.0,0.0
134.871,100,349846.0,600.0,101.0,600.0,600.0,0.0,1.0,0.0,0.0,0.5,0.027,0.528,0.5,0.508,0.042,0.541,0.515,0.0,0.0,-1.49,-5.32,60.02,60.08,0.0,0.0,0.0,0.0,0.0,0.0,0.0,1.0,1.0,0.0,-0.0,-0.0,0.0,0.0,0.0,0.0,0.0,0.0,0.0,0.0,0.0,170.0,145.0,170.0,170.0,14.0,8.0,47.0,79.0,15.0,6.0,1.0
134.937,52,349898.0,600.0,101.0,600.0,600.0,0.0,1.0,0.0,0.0,0.5,0.027,0.528,0.5,0.508,0.042,0.541,0.515,0.0,0.0,-1.49,-5.32,60.02,60.08,0.0,0.0,0.0,0.0,0.0,0.0,0.0,1.0,1.0,0.0,-0.0,-0.0,0.0,0.0,0.0,0.0,0.0,0.0,0.0,0.0,0.0,170.0,145.0,170.0,170.0,14.0,8.0,47.0,79.0,15.0,6.0,0.0
134.969,19,349917.0,600.0,102.0,600.0,600.0,0.0,1.0,0.0,0.0,0.5,0.027,0.528,0.5,0.508,0.042,0.541,0.515,0.0,0.0,-1.49,-5.32,60.02,60.08,0.0,0.0,0.0,0.0,0.0,0.0,0.0,1.0,1.0,0.0,-0.0,-0.0,0.0,0.0,0.0,0.0,0.0,0.0,0.0,0.0,0.0,170.0,145.0,170.0,170.0,14.0,8.0,47.0,79.0,15.0,6.0,0.0
135.067,101,350018.0,600.0,102.0,711.0,600.0,0.0,1.0,0.0,0.0,0.5,0.028,0.558,0.5,0.508,0.043,0.561,0.515,0.0,0.0,-1.49,-5.33,60.02,60.08,0.0,0.0,0.0,0.0,0.0,0.0,0.0,1.0,1.0,0.0,-0.0,-0.0,0.0,0.0,0.0,0.0,0.0,0.0,0.0,0.0,0.0,170.0,145.0,170.0,170.0,14.0,8.0,47.0,79.0,15.0,6.0,0.0
135.1,52,350070.0,600.0,102.0,711.0,600.0,0.0,1.0,0.0,0.0,0.5,0.028,0.558,0.5,0.508,0.043,0.561,0.515,0.0,0.0,-1.49,-5.33,60.02,60.08,0.0,0.0,0.0,0.0,0.0,0.0,0.0,1.0,1.0,0.0,-0.0,-0.0,0.0,0.0,0.0,0.0,0.0,0.0,0.0,0.0,0.0,170.0,145.0,170.0,170.0,14.0,8.0,47.0,79.0,15.0,6.0,0.0
135.133,20,350090.0,600.0,101.0,711.0,600.0,0.0,1.0,0.0,0.0,0.5,0.028,0.558,0.5,0.508,0.043,0.561,0.515,0.0,0.0,-1.49,-5.34,60.02,60.08,0.0,0.0,0.0,0.0,0.0,0.0,0.0,1.0,1.0,0.0,-0.0,-0.0,0.0,0.0,0.0,0.0,0.0,0.0,0.0,0.0,0.0,170.0,145.0,170.0,170.0,14.0,8.0,47.0,79.0,15.0,6.0,0.0
135.23,100,350190.0,600.0,101.0,711.0,600.0,0.0,1.0,0.0,0.0,0.5,0.028,0.572,0.5,0.508,0.043,0.577,0.516,0.0,0.0,-1.49,-5.34,60.02,60.08,0.0,0.0,0.0,0.0,0.0,0.0,0.0,1.0,1.0,0.0,-0.0,-0.0,0.0,0.0,0.0,0.0,0.0,0.0,0.0,0.0,0.0,170.0,145.0,170.0,170.0,14.0,8.0,47.0,79.0,15.0,6.0,0.0
135.296,71,350261.0,600.0,103.0,711.0,600.0,0.0,1.0,0.0,0.0,0.5,0.028,0.572,0.5,0.508,0.043,0.577,0.516,0.0,0.0,-1.49,-5.34,60.02,60.08,0.0,0.0,0.0,0.0,0.0,0.0,0.0,1.0,1.0,0.0,-0.0,-0.0,0.0,0.0,0.0,0.0,0.0,0.0,0.0,0.0,0.0,170.0,145.0,170.0,170.0,14.0,8.0,47.0,79.0,15.0,6.0,0.0
135.393,100,350361.0,600.0,103.0,711.0,600.0,0.0,1.0,0.0,0.0,0.5,0.028,0.579,0.5,0.508,0.044,0.585,0.516,0.0,0.0,-1.49,-5.34,60.02,60.08,0.0,0.0,0.0,0.0,0.0,0.0,0.0,1.0,1.0,0.0,-0.0,-0.0,0.0,0.0,0.0,0.0,0.0,0.0,0.0,0.0,0.0,170.0,145.0,170.0,170.0,14.0,8.0,47.0,79.0,15.0,6.0,0.0
135.458,72,350433.0,600.0,102.0,711.0,600.0,0.0,1.0,0.0,0.0,0.5,0.028,0.579,0.5,0.508,0.044,0.585,0.516,0.0,0.0,-1.5,-5.35,60.02,60.08,0.0,0.0,0.0,0.0,0.0,0.0,0.0,1.0,1.0,0.0,-0.0,-0.0,0.0,0.0,0.0,0.0,0.0,0.0,0.0,0.0,0.0,170.0,145.0,170.0,170.0,14.0,8.0,47.0,79.0,15.0,6.0,0.0
135.587,100,350533.0,600.0,102.0,711.0,600.0,0.0,1.0,0.0,0.0,0.5,0.028,0.582,0.5,0.508,0.044,0.589,0.516,0.0,0.0,-1.5,-5.35,60.02,60.08,0.0,0.0,0.0,0.0,0.0,0.0,0.0,1.0,1.0,0.0,-0.0,-0.0,0.0,0.0,0.0,0.0,0.0,0.0,0.0,0.0,0.0,170.0,145.0,170.0,170.0,14.0,8.0,47.0,79.0,15.0,6.0,1.0
135.619,52,350585.0,600.0,102.0,711.0,600.0,0.0,1.0,0.0,0.0,0.5,0.028,0.582,0.5,0.508,0.044,0.589,0.516,0.0,0.0,-1.5,-5.35,60.02,60.08,0.0,0.0,0.0,0.0,0.0,0.0,0.0,1.0,1.0,0.0,-0.0,-0.0,0.0,0.0,0.0,0.0,0.0,0.0,0.0,0.0,0.0,170.0,145.0,170.0,170.0,14.0,8.0,47.0,79.0,15.0,6.0,0.0
135.651,20,350605.0,600.0,101.0,711.0,600.0,0.0,1.0,0.0,0.0,0.5,0.028,0.582,0.5,0.508,0.044,0.589,0.516,0.0,0.0,-1.5,-5.35,60.02,60.08,0.0,0.0,0.0,0.0,0.0,0.0,0.0,1.0,1.0,0.0,-0.0,-0.0,0.0,0.0,0.0,0.0,0.0,0.0,0.0,0.0,0.0,170.0,145.0,170.0,170.0,14.0,8.0,47.0,79.0,15.0,6.0,0.0
135.748,100,350705.0,600.0,101.0,818.0,600.0,0.0,1.0,0.0,0.0,0.5,0.028,0.619,0.5,0.508,0.044,0.62,0.516,0.0,0.0,-1.5,-5.36,60.02,60.08,0.0,0.0,0.0,0.0,0.0,0.0,0.0,1.0,1.0,0.0,-0.0,-0.0,0.0,0.0,0.0,0.0,0.0,0.0,0.0,0.0,0.0,170.0,145.0,170.0,170.0,14.0,8.0,47.0,79.0,15.0,6.0,0.0
135.781,52,350757.0,600.0,101.0,818.0,600.0,0.0,1.0,0.0,0.0,0.5,0.028,0.619,0.5,0.508,0.044,0.62,0.516,0.0,0.0,-1.5,-5.36,60.02,60.08,0.0,0.0,0.0,0.0,0.0,0.0,0.0,1.0,1.0,0.0,-0.0,-0.0,0.0,0.0,0.0,0.0,0.0,0.0,0.0,0.0,0.0,170.0,145.0,170.0,170.0,14.0,8.0,47.0,79.0,15.0,6.0,0.0
135.814,19,350776.0,600.0,100.0,818.0,600.0,0.0,1.0,0.0,0.0,0.5,0.028,0.619,0.5,0.508,0.044,0.62,0.516,0.0,0.0,-1.5,-5.36,60.02,60.08,0.0,0.0,0.0,0.0,0.0,0.0,0.0,1.0,1.0,0.0,-0.0,-0.0,0.0,0.0,0.0,0.0,0.0,0.0,0.0,0.0,0.0,170.0,145.0,170.0,170.0,14.0,8.0,47.0,79.0,15.0,6.0,0.0
135.915,100,350876.0,600.0,100.0,811.0,600.0,0.0,1.0,0.0,0.0,0.5,0.028,0.633,0.5,0.508,0.044,0.639,0.517,0.0,0.0,-1.5,-5.36,60.02,60.08,0.0,0.0,0.0,0.0,0.0,0.0,0.0,1.0,1.0,0.0,-0.0,-0.0,0.0,0.0,0.0,0.0,0.0,0.0,0.0,0.0,0.0,170.0,145.0,170.0,170.0,14.0,8.0,47.0,79.0,15.0,6.0,0.0
135.98,71,350947.0,600.0,102.0,811.0,600.0,0.0,1.0,0.0,0.0,0.5,0.028,0.633,0.5,0.508,0.044,0.639,0.517,0.0,0.0,-1.5,-5.36,60.02,60.08,0.0,0.0,0.0,0.0,0.0,0.0,0.0,1.0,1.0,0.0,-0.0,-0.0,0.0,0.0,0.0,0.0,0.0,0.0,0.0,0.0,0.0,170.0,145.0,170.0,170.0,14.0,8.0,47.0,79.0,15.0,6.0,0.0
136.079,100,351047.0,600.0,102.0,811.0,600.0,0.0,1.0,0.0,0.0,0.5,0.028,0.64,0.5,0.508,0.044,0.647,0.517,0.0,0.0,-1.51,-5.36,60.02,60.08,0.0,0.0,0.0,0.0,0.0,0.0,0.0,1.0,1.0,0.0,-0.0,-0.0,0.0,0.0,0.0,0.0,0.0,0.0,0.0,0.0,0.0,170.0,145.0,170.0,170.0,14.0,8.0,47.0,79.0,15.0,6.0,0.0
136.144,71,351118.0,600.0,101.0,811.0,600.0,0.0,1.0,0.0,0.0,0.5,0.028,0.64,0.5,0.508,0.044,0.647,0.517,0.0,0.0,-1.51,-5.36,60.02,60.08,0.0,0.0,0.0,0.0,0.0,0.0,0.0,1.0,1.0,0.0,-0.0,-0.0,0.0,0.0,0.0,0.0,0.0,0.0,0.0,0.0,0.0,170.0,145.0,170.0,170.0,14.0,8.0,47.0,79.0,15.0,6.0,0.0
136.241,100,351218.0,600.0,101.0,811.0,600.0,0.0,1.0,0.0,0.0,0.5,0.028,0.644,0.5,0.508,0.044,0.651,0.517,0.0,0.0,-1.51,-5.36,60.02,60.08,0.0,0.0,0.0,0.0,0.0,0.0,0.0,1.0,1.0,0.0,-0.0,-0.0,0.0,0.0,0.0,0.0,0.0,0.0,0.0,0.0,0.0,170.0,145.0,170.0,170.0,14.0,8.0,47.0,79.0,15.0,6.0,0.0
136.307,52,351270.0,600.0,101.0,811.0,600.0,0.0,1.0,0.0,0.0,0.5,0.028,0.644,0.5,0.508,0.044,0.651,0.517,0.0,0.0,-1.51,-5.36,60.02,60.08,0.0,0.0,0.0,0.0,0.0,0.0,0.0,1.0,1.0,0.0,-0.0,-0.0,0.0,0.0,0.0,0.0,0.0,0.0,0.0,0.0,0.0,170.0,145.0,170.0,170.0,14.0,8.0,47.0,79.0,15.0,6.0,0.0
136.339,20,351290.0,600.0,101.0,811.0,600.0,0.0,1.0,0.0,0.0,0.5,0.028,0.644,0.5,0.508,0.044,0.651,0.517,0.0,0.0,-1.5,-5.36,60.02,60.08,0.0,0.0,0.0,0.0,0.0,0.0,0.0,1.0,1.0,0.0,-0.0,-0.0,0.0,0.0,0.0,0.0,0.0,0.0,0.0,0.0,0.0,170.0,145.0,170.0,170.0,14.0,8.0,47.0,79.0,15.0,6.0,0.0
136.437,99,351389.0,600.0,101.0,811.0,600.0,0.0,1.0,0.0,0.0,0.5,0.028,0.645,0.5,0.508,0.044,0.652,0.517,0.0,0.0,-1.5,-5.36,60.02,60.08,0.0,0.0,0.0,0.0,0.0,0.0,0.0,1.0,1.0,0.0,-0.0,-0.0,0.0,0.0,0.0,0.0,0.0,0.0,0.0,0.0,0.0,170.0,145.0,170.0,170.0,14.0,8.0,47.0,79.0,15.0,6.0,0.0
136.47,52,351441.0,600.0,101.0,811.0,600.0,0.0,1.0,0.0,0.0,0.5,0.028,0.645,0.5,0.508,0.044,0.652,0.517,0.0,0.0,-1.51,-5.36,60.02,60.08,0.0,0.0,0.0,0.0,0.0,0.0,0.0,1.0,1.0,0.0,-0.0,-0.0,0.0,0.0,0.0,0.0,0.0,0.0,0.0,0.0,0.0,170.0,145.0,170.0,170.0,14.0,8.0,47.0,79.0,15.0,6.0,0.0
136.502,19,351460.0,600.0,102.0,811.0,600.0,0.0,1.0,0.0,0.0,0.5,0.028,0.645,0.5,0.508,0.044,0.652,0.517,0.0,0.0,-1.51,-5.36,60.03,60.08,0.0,0.0,0.0,0.0,0.0,0.0,0.0,1.0,1.0,0.0,-0.0,-0.0,0.0,0.0,0.0,0.0,0.0,0.0,0.0,0.0,0.0,170.0,145.0,170.0,170.0,14.0,8.0,47.0,79.0,15.0,6.0,0.0
136.6,101,351561.0,600.0,102.0,809.0,600.0,0.0,1.0,0.0,0.0,0.5,0.028,0.645,0.5,0.508,0.044,0.653,0.517,0.0,0.0,-1.5,-5.36,60.03,60.08,0.0,0.0,0.0,0.0,0.0,0.0,0.0,1.0,1.0,0.0,-0.0,-0.0,0.0,0.0,0.0,0.0,0.0,0.0,0.0,0.0,0.0,170.0,145.0,170.0,170.0,14.0,8.0,47.0,79.0,15.0,6.0,0.0
136.666,70,351631.0,600.0,102.0,809.0,600.0,0.0,1.0,0.0,0.0,0.5,0.028,0.645,0.5,0.508,0.044,0.653,0.517,0.0,0.0,-1.51,-5.35,60.02,60.08,0.0,0.0,0.0,0.0,0.0,0.0,0.0,1.0,1.0,0.0,-0.0,-0.0,0.0,0.0,0.0,0.0,0.0,0.0,0.0,0.0,0.0,170.0,145.0,170.0,170.0,14.0,8.0,47.0,79.0,15.0,6.0,0.0
136.764,102,351733.0,600.0,102.0,706.0,600.0,0.0,1.0,0.0,0.0,0.5,0.028,0.61,0.5,0.508,0.044,0.624,0.516,0.0,0.0,-1.51,-5.36,60.02,60.08,0.0,0.0,0.0,0.0,0.0,0.0,0.0,1.0,1.0,0.0,-0.0,-0.0,0.0,0.0,0.0,0.0,0.0,0.0,0.0,0.0,0.0,170.0,145.0,170.0,170.0,14.0,8.0,47.0,79.0,15.0,6.0,0.0
136.83,71,351804.0,600.0,102.0,706.0,600.0,0.0,1.0,0.0,0.0,0.5,0.028,0.61,0.5,0.508,0.044,0.624,0.516,0.0,0.0,-1.51,-5.36,60.03,60.08,0.0,0.0,0.0,0.0,0.0,0.0,0.0,1.0,1.0,0.0,-0.0,-0.0,0.0,0.0,0.0,0.0,0.0,0.0,0.0,0.0,0.0,170.0,145.0,170.0,170.0,14.0,8.0,47.0,79.0,15.0,6.0,0.0
136.957,100,351904.0,600.0,102.0,706.0,600.0,0.0,1.0,0.0,0.0,0.5,0.028,0.594,0.5,0.508,0.044,0.605,0.516,0.0,0.0,-1.51,-5.36,60.03,60.08,0.0,0.0,0.0,0.0,0.0,0.0,0.0,1.0,1.0,0.0,-0.0,-0.0,0.0,0.0,0.0,0.0,0.0,0.0,0.0,0.0,0.0,170.0,145.0,170.0,170.0,14.0,8.0,47.0,79.0,15.0,6.0,0.0
136.99,52,351956.0,600.0,102.0,706.0,600.0,0.0,1.0,0.0,0.0,0.5,0.028,0.594,0.5,0.508,0.044,0.605,0.516,0.0,0.0,-1.51,-5.36,60.03,60.08,0.0,0.0,0.0,0.0,0.0,0.0,0.0,1.0,1.0,0.0,-0.0,-0.0,0.0,0.0,0.0,0.0,0.0,0.0,0.0,0.0,0.0,170.0,145.0,170.0,170.0,14.0,8.0,47.0,79.0,15.0,6.0,0.0
137.022,19,351975.0,600.0,101.0,706.0,600.0,0.0,1.0,0.0,0.0,0.5,0.028,0.594,0.5,0.508,0.044,0.605,0.516,0.0,0.0,-1.51,-5.36,60.03,60.08,0.0,0.0,0.0,0.0,0.0,0.0,0.0,1.0,1.0,0.0,-0.0,-0.0,0.0,0.0,0.0,0.0,0.0,0.0,0.0,0.0,0.0,170.0,145.0,170.0,170.0,14.0,8.0,47.0,79.0,15.0,6.0,0.0
137.12,101,352076.0,600.0,101.0,822.0,600.0,0.0,1.0,0.0,0.0,0.5,0.028,0.626,0.5,0.508,0.044,0.628,0.516,0.0,0.0,-1.51,-5.36,60.03,60.08,0.0,0.0,0.0,0.0,0.0,0.0,0.0,1.0,1.0,0.0,-0.0,-0.0,0.0,0.0,0.0,0.0,0.0,0.0,0.0,0.0,0.0,170.0,145.0,170.0,170.0,14.0,8.0,47.0,79.0,15.0,6.0,0.0
137.153,52,352128.0,600.0,101.0,822.0,600.0,0.0,1.0,0.0,0.0,0.5,0.028,0.626,0.5,0.508,0.044,0.628,0.516,0.0,0.0,-1.51,-5.35,60.02,60.08,0.0,0.0,0.0,0.0,0.0,0.0,0.0,1.0,1.0,0.0,-0.0,-0.0,0.0,0.0,0.0,0.0,0.0,0.0,0.0,0.0,0.0,170.0,145.0,170.0,170.0,14.0,8.0,47.0,79.0,15.0,6.0,0.0
137.185,21,352149.0,600.0,101.0,822.0,600.0,0.0,1.0,0.0,0.0,0.5,0.028,0.626,0.5,0.508,0.044,0.628,0.516,0.0,0.0,-1.51,-5.35,60.02,60.08,0.0,0.0,0.0,0.0,0.0,0.0,0.0,1.0,1.0,0.0,-0.0,-0.0,0.0,0.0,0.0,0.0,0.0,0.0,0.0,0.0,0.0,170.0,145.0,170.0,170.0,14.0,8.0,47.0,79.0,15.0,6.0,0.0
137.283,99,352248.0,600.0,101.0,822.0,600.0,0.0,1.0,0.0,0.0,0.5,0.028,0.64,0.5,0.508,0.044,0.645,0.517,0.0,0.0,-1.5,-5.35,60.02,60.08,0.0,0.0,0.0,0.0,0.0,0.0,0.0,1.0,1.0,0.0,-0.0,-0.0,0.0,0.0,0.0,0.0,0.0,0.0,0.0,0.0,0.0,170.0,145.0,170.0,170.0,14.0,8.0,47.0,79.0,15.0,6.0,1.0
137.349,70,352318.0,600.0,99.0,822.0,600.0,0.0,1.0,0.0,0.0,0.5,0.028,0.64,0.5,0.508,0.044,0.645,0.517,0.0,0.0,-1.49,-5.34,60.02,60.08,0.0,0.0,0.0,0.0,0.0,0.0,0.0,1.0,1.0,0.0,-0.0,-0.0,0.0,0.0,0.0,0.0,0.0,0.0,0.0,0.0,0.0,170.0,145.0,170.0,170.0,14.0,8.0,47.0,79.0,15.0,6.0,0.0
137.446,101,352419.0,600.0,99.0,717.0,600.0,0.0,1.0,0.0,0.0,0.5,0.027,0.612,0.5,0.508,0.043,0.624,0.516,0.0,0.0,-1.49,-5.34,60.02,60.08,0.0,0.0,0.0,0.0,0.0,0.0,0.0,1.0,1.0,0.0,-0.0,-0.0,0.0,0.0,0.0,0.0,0.0,0.0,0.0,0.0,0.0,170.0,145.0,170.0,170.0,14.0,8.0,47.0,79.0,15.0,6.0,0.0
137.511,52,352471.0,600.0,99.0,717.0,600.0,0.0,1.0,0.0,0.0,0.5,0.027,0.612,0.5,0.508,0.043,0.624,0.516,0.0,0.0,-1.49,-5.34,60.02,60.08,0.0,0.0,0.0,0.0,0.0,0.0,0.0,1.0,1.0,0.0,-0.0,-0.0,0.0,0.0,0.0,0.0,0.0,0.0,0.0,0.0,0.0,170.0,145.0,170.0,170.0,14.0,8.0,47.0,79.0,15.0,6.0,0.0
137.544,19,352490.0,600.0,99.0,717.0,600.0,0.0,1.0,0.0,0.0,0.5,0.027,0.612,0.5,0.508,0.043,0.624,0.516,0.0,0.0,-1.49,-5.34,60.02,60.08,0.0,0.0,0.0,0.0,0.0,0.0,0.0,1.0,1.0,0.0,-0.0,-0.0,0.0,0.0,0.0,0.0,0.0,0.0,0.0,0.0,0.0,170.0,145.0,170.0,170.0,14.0,8.0,47.0,79.0,15.0,6.0,0.0
137.641,101,352591.0,600.0,99.0,717.0,600.0,0.0,1.0,0.0,0.0,0.5,0.027,0.599,0.5,0.508,0.043,0.609,0.516,0.0,0.0,-1.49,-5.34,60.02,60.08,0.0,0.0,0.0,0.0,0.0,0.0,0.0,1.0,1.0,0.0,-0.0,-0.0,0.0,0.0,0.0,0.0,0.0,0.0,0.0,0.0,0.0,170.0,145.0,170.0,170.0,14.0,8.0,47.0,79.0,15.0,6.0,1.0
137.674,52,352643.0,600.0,99.0,717.0,600.0,0.0,1.0,0.0,0.0,0.5,0.027,0.599,0.5,0.508,0.043,0.609,0.516,0.0,0.0,-1.49,-5.34,60.02,60.08,0.0,0.0,0.0,0.0,0.0,0.0,0.0,1.0,1.0,0.0,-0.0,-0.0,0.0,0.0,0.0,0.0,0.0,0.0,0.0,0.0,0.0,170.0,145.0,170.0,170.0,14.0,8.0,47.0,79.0,15.0,6.0,0.0
137.707,20,352663.0,600.0,100.0,717.0,600.0,0.0,1.0,0.0,0.0,0.5,0.027,0.599,0.5,0.508,0.043,0.609,0.516,0.0,0.0,-1.48,-5.34,60.02,60.08,0.0,0.0,0.0,0.0,0.0,0.0,0.0,1.0,1.0,0.0,-0.0,-0.0,0.0,0.0,0.0,0.0,0.0,0.0,0.0,0.0,0.0,170.0,145.0,170.0,170.0,14.0,8.0,47.0,79.0,15.0,6.0,0.0
137.805,99,352762.0,600.0,100.0,717.0,600.0,0.0,1.0,0.0,0.0,0.5,0.027,0.593,0.5,0.508,0.043,0.602,0.516,0.0,0.0,-1.48,-5.34,60.02,60.08,0.0,0.0,0.0,0.0,0.0,0.0,0.0,1.0,1.0,0.0,-0.0,-0.0,0.0,0.0,0.0,0.0,0.0,0.0,0.0,0.0,0.0,170.0,145.0,170.0,170.0,14.0,8.0,47.0,79.0,15.0,6.0,0.0
137.841,52,352814.0,600.0,100.0,717.0,600.0,0.0,1.0,0.0,0.0,0.5,0.027,0.593,0.5,0.508,0.043,0.602,0.516,0.0,0.0,-1.48,-5.34,60.02,60.08,0.0,0.0,0.0,0.0,0.0,0.0,0.0,1.0,1.0,0.0,-0.0,-0.0,0.0,0.0,0.0,0.0,0.0,0.0,0.0,0.0,0.0,170.0,145.0,170.0,170.0,14.0,8.0,47.0,79.0,15.0,6.0,0.0
137.873,19,352833.0,600.0,103.0,717.0,600.0,0.0,1.0,0.0,0.0,0.5,0.027,0.593,0.5,0.508,0.043,0.602,0.516,0.0,0.0,-1.48,-5.33,60.02,60.08,0.0,0.0,0.0,0.0,0.0,0.0,0.0,1.0,1.0,0.0,-0.0,-0.0,0.0,0.0,0.0,0.0,0.0,0.0,0.0,0.0,0.0,170.0,145.0,170.0,170.0,14.0,8.0,47.0,79.0,15.0,6.0,0.0
137.971,101,352934.0,600.0,103.0,600.0,600.0,0.0,1.0,0.0,0.0,0.5,0.028,0.543,0.5,0.508,0.043,0.559,0.515,0.0,0.0,-1.48,-5.33,60.02,60.08,0.0,0.0,0.0,0.0,0.0,0.0,0.0,1.0,1.0,0.0,-0.0,-0.0,0.0,0.0,0.0,0.0,0.0,0.0,0.0,0.0,0.0,170.0,145.0,170.0,170.0,14.0,8.0,47.0,79.0,15.0,6.0,0.0
138.034,72,353006.0,600.0,104.0,600.0,600.0,0.0,1.0,0.0,0.0,0.5,0.028,0.543,0.5,0.508,0.043,0.559,0.515,0.0,0.0,-1.48,-5.33,60.02,60.08,0.0,0.0,0.0,0.0,0.0,0.0,0.0,1.0,1.0,0.0,-0.0,-0.0,0.0,0.0,0.0,0.0,0.0,0.0,0.0,0.0,0.0,170.0,145.0,170.0,170.0,14.0,8.0,47.0,79.0,15.0,6.0,0.0
138.131,99,353105.0,600.0,104.0,710.0,600.0,0.0,1.0,0.0,0.0,0.5,0.029,0.565,0.5,0.508,0.044,0.569,0.516,0.0,0.0,-1.48,-5.33,60.02,60.08,0.0,0.0,0.0,0.0,0.0,0.0,0.0,1.0,1.0,0.0,-0.0,-0.0,0.0,0.0,0.0,0.0,0.0,0.0,0.0,0.0,0.0,170.0,145.0,170.0,170.0,14.0,8.0,47.0,79.0,15.0,6.0,0.0
138.196,52,353157.0,600.0,104.0,710.0,600.0,0.0,1.0,0.0,0.0,0.5,0.029,0.565,0.5,0.508,0.044,0.569,0.516,0.0,0.0,-1.49,-5.33,60.02,60.08,0.0,0.0,0.0,0.0,0.0,0.0,0.0,1.0,1.0,0.0,-0.0,-0.0,0.0,0.0,0.0,0.0,0.0,0.0,0.0,0.0,0.0,170.0,145.0,170.0,170.0,14.0,8.0,47.0,79.0,15.0,6.0,0.0
138.229,19,353176.0,600.0,106.0,710.0,600.0,0.0,1.0,0.0,0.0,0.5,0.029,0.565,0.5,0.508,0.044,0.569,0.516,0.0,0.0,-1.49,-5.33,60.02,60.08,0.0,0.0,0.0,0.0,0.0,0.0,0.0,1.0,1.0,0.0,-0.0,-0.0,0.0,0.0,0.0,0.0,0.0,0.0,0.0,0.0,0.0,170.0,145.0,170.0,170.0,14.0,8.0,47.0,79.0,15.0,6.0,0.0
138.327,102,353278.0,600.0,106.0,710.0,600.0,0.0,1.0,0.0,0.0,0.5,0.029,0.575,0.5,0.508,0.045,0.581,0.516,0.0,0.0,-1.49,-5.33,60.02,60.08,0.0,0.0,0.0,0.0,0.0,0.0,0.0,1.0,1.0,0.0,-0.0,-0.0,0.0,0.0,0.0,0.0,0.0,0.0,0.0,0.0,0.0,170.0,145.0,170.0,170.0,14.0,8.0,47.0,79.0,15.0,6.0,0.0
138.36,52,353330.0,600.0,106.0,710.0,600.0,0.0,1.0,0.0,0.0,0.5,0.029,0.575,0.5,0.508,0.045,0.581,0.516,0.0,0.0,-1.49,-5.33,60.02,60.08,0.0,0.0,0.0,0.0,0.0,0.0,0.0,1.0,1.0,0.0,-0.0,-0.0,0.0,0.0,0.0,0.0,0.0,0.0,0.0,0.0,0.0,170.0,145.0,170.0,170.0,14.0,8.0,47.0,79.0,15.0,6.0,0.0
138.393,19,353349.0,600.0,103.0,710.0,600.0,0.0,1.0,0.0,0.0,0.5,0.029,0.575,0.5,0.508,0.045,0.581,0.516,0.0,0.0,-1.49,-5.33,60.02,60.08,0.0,0.0,0.0,0.0,0.0,0.0,0.0,1.0,1.0,0.0,-0.0,-0.0,0.0,0.0,0.0,0.0,0.0,0.0,0.0,0.0,0.0,170.0,145.0,170.0,170.0,14.0,8.0,47.0,79.0,15.0,6.0,0.0
138.491,103,353452.0,600.0,103.0,813.0,600.0,0.0,1.0,0.0,0.0,0.5,0.029,0.614,0.5,0.508,0.045,0.615,0.516,0.0,0.0,-1.49,-5.33,60.02,60.08,0.0,0.0,0.0,0.0,0.0,0.0,0.0,1.0,1.0,0.0,-0.0,-0.0,0.0,0.0,0.0,0.0,0.0,0.0,0.0,0.0,0.0,170.0,145.0,170.0,170.0,14.0,8.0,47.0,79.0,15.0,6.0,1.0
138.556,73,353525.0,600.0,102.0,813.0,600.0,0.0,1.0,0.0,0.0,0.5,0.029,0.614,0.5,0.508,0.045,0.615,0.516,0.0,0.0,-1.5,-5.33,60.02,60.08,0.0,0.0,0.0,0.0,0.0,0.0,0.0,1.0,1.0,0.0,-0.0,-0.0,0.0,0.0,0.0,0.0,0.0,0.0,0.0,0.0,0.0,170.0,145.0,170.0,170.0,14.0,8.0,47.0,79.0,15.0,6.0,0.0
138.653,101,353626.0,600.0,102.0,813.0,600.0,0.0,1.0,0.0,0.0,0.5,0.028,0.632,0.5,0.508,0.045,0.637,0.517,0.0,0.0,-1.51,-5.32,60.02,60.08,0.0,0.0,0.0,0.0,0.0,0.0,0.0,1.0,1.0,0.0,-0.0,-0.0,0.0,0.0,0.0,0.0,0.0,0.0,0.0,0.0,0.0,170.0,145.0,170.0,170.0,14.0,8.0,47.0,79.0,15.0,6.0,0.0
138.726,52,353678.0,600.0,102.0,813.0,600.0,0.0,1.0,0.0,0.0,0.5,0.028,0.632,0.5,0.508,0.045,0.637,0.517,0.0,0.0,-1.51,-5.32,60.02,60.08,0.0,0.0,0.0,0.0,0.0,0.0,0.0,1.0,1.0,0.0,-0.0,-0.0,0.0,0.0,0.0,0.0,0.0,0.0,0.0,0.0,0.0,170.0,145.0,170.0,170.0,14.0,8.0,47.0,79.0,15.0,6.0,0.0
138.758,19,353697.0,600.0,101.0,813.0,600.0,0.0,1.0,0.0,0.0,0.5,0.028,0.632,0.5,0.508,0.045,0.637,0.517,0.0,0.0,-1.51,-5.32,60.02,60.08,0.0,0.0,0.0,0.0,0.0,0.0,0.0,1.0,1.0,0.0,-0.0,-0.0,0.0,0.0,0.0,0.0,0.0,0.0,0.0,0.0,0.0,170.0,145.0,170.0,170.0,14.0,8.0,47.0,79.0,15.0,6.0,0.0
138.823,101,353798.0,600.0,101.0,922.0,600.0,0.0,1.0,0.0,0.0,0.5,0.028,0.67,0.5,0.508,0.045,0.672,0.517,0.0,0.0,-1.51,-5.32,60.02,60.08,0.0,0.0,0.0,0.0,0.0,0.0,0.0,1.0,1.0,0.0,-0.0,-0.0,0.0,0.0,0.0,0.0,0.0,0.0,0.0,0.0,0.0,170.0,145.0,170.0,170.0,14.0,8.0,47.0,79.0,15.0,6.0,0.0
138.889,52,353850.0,600.0,101.0,922.0,600.0,0.0,1.0,0.0,0.0,0.5,0.028,0.67,0.5,0.508,0.045,0.672,0.517,0.0,0.0,-1.51,-5.32,60.02,60.08,0.0,0.0,0.0,0.0,0.0,0.0,0.0,1.0,1.0,0.0,-0.0,-0.0,0.0,0.0,0.0,0.0,0.0,0.0,0.0,0.0,0.0,170.0,145.0,170.0,170.0,14.0,8.0,47.0,79.0,15.0,6.0,0.0
138.922,20,353870.0,600.0,100.0,922.0,600.0,0.0,1.0,0.0,0.0,0.5,0.028,0.67,0.5,0.508,0.045,0.672,0.517,0.0,0.0,-1.51,-5.32,60.02,60.08,0.0,0.0,0.0,0.0,0.0,0.0,0.0,1.0,1.0,0.0,-0.0,-0.0,0.0,0.0,0.0,0.0,0.0,0.0,0.0,0.0,0.0,170.0,145.0,170.0,170.0,14.0,8.0,47.0,79.0,15.0,6.0,0.0
138.987,82,353952.0,600.0,100.0,813.0,600.0,0.0,1.0,0.0,0.0,0.5,0.027,0.658,0.5,0.508,0.044,0.667,0.517,0.0,0.0,-1.51,-5.33,60.02,60.08,0.0,0.0,0.0,0.0,0.0,0.0,0.0,1.0,1.0,0.0,-0.0,-0.0,0.0,0.0,0.0,0.0,0.0,0.0,0.0,0.0,0.0,170.0,145.0,170.0,170.0,14.0,8.0,47.0,79.0,15.0,6.0,0.0
139.052,65,354017.0,600.0,101.0,813.0,600.0,0.0,1.0,0.0,0.0,0.5,0.027,0.658,0.5,0.508,0.044,0.667,0.517,0.0,0.0,-1.51,-5.33,60.02,60.08,0.0,0.0,0.0,0.0,0.0,0.0,0.0,1.0,1.0,0.0,-0.0,-0.0,0.0,0.0,0.0,0.0,0.0,0.0,0.0,0.0,0.0,170.0,145.0,170.0,170.0,14.0,8.0,47.0,79.0,15.0,6.0,0.0
139.151,101,354118.0,600.0,101.0,912.0,600.0,0.0,1.0,0.0,0.0,0.5,0.027,0.679,0.5,0.508,0.045,0.684,0.517,0.0,0.0,-1.51,-5.33,60.02,60.08,0.0,0.0,0.0,0.0,0.0,0.0,0.0,1.0,1.0,0.0,-0.0,-0.0,0.0,0.0,0.0,0.0,0.0,0.0,0.0,0.0,0.0,170.0,145.0,170.0,170.0,14.0,8.0,47.0,79.0,15.0,6.0,0.0
139.216,71,354189.0,600.0,102.0,912.0,600.0,0.0,1.0,0.0,0.0,0.5,0.027,0.679,0.5,0.508,0.045,0.684,0.517,0.0,0.0,-1.51,-5.33,60.02,60.08,0.0,0.0,0.0,0.0,0.0,0.0,0.0,1.0,1.0,0.0,-0.0,-0.0,0.0,0.0,0.0,0.0,0.0,0.0,0.0,0.0,0.0,170.0,145.0,170.0,170.0,14.0,8.0,47.0,79.0,15.0,6.0,0.0
139.346,102,354291.0,600.0,102.0,808.0,600.0,0.0,1.0,0.0,0.0,0.5,0.028,0.661,0.5,0.508,0.045,0.671,0.517,0.0,0.0,-1.51,-5.33,60.02,60.08,0.0,0.0,0.0,0.0,0.0,0.0,0.0,1.0,1.0,0.0,-0.0,-0.0,0.0,0.0,0.0,0.0,0.0,0.0,0.0,0.0,0.0,170.0,145.0,170.0,170.0,14.0,8.0,47.0,79.0,15.0,6.0,1.0
139.378,52,354343.0,600.0,102.0,808.0,600.0,0.0,1.0,0.0,0.0,0.5,0.028,0.661,0.5,0.508,0.045,0.671,0.517,0.0,0.0,-1.51,-5.33,60.02,60.08,0.0,0.0,0.0,0.0,0.0,0.0,0.0,1.0,1.0,0.0,-0.0,-0.0,0.0,0.0,0.0,0.0,0.0,0.0,0.0,0.0,0.0,170.0,145.0,170.0,170.0,14.0,8.0,47.0,79.0,15.0,6.0,0.0
139.41,19,354362.0,600.0,103.0,808.0,600.0,0.0,1.0,0.0,0.0,0.5,0.028,0.661,0.5,0.508,0.045,0.671,0.517,0.0,0.0,-1.51,-5.33,60.02,60.08,0.0,0.0,0.0,0.0,0.0,0.0,0.0,1.0,1.0,0.0,-0.0,-0.0,0.0,0.0,0.0,0.0,0.0,0.0,0.0,0.0,0.0,170.0,145.0,170.0,170.0,14.0,8.0,47.0,79.0,15.0,6.0,0.0
139.505,101,354463.0,600.0,103.0,916.0,600.0,0.0,1.0,0.0,0.0,0.5,0.028,0.682,0.5,0.508,0.045,0.686,0.517,0.0,0.0,-1.51,-5.33,60.02,60.08,0.0,0.0,0.0,0.0,0.0,0.0,0.0,1.0,1.0,0.0,-0.0,-0.0,0.0,0.0,0.0,0.0,0.0,0.0,0.0,0.0,0.0,170.0,145.0,170.0,170.0,14.0,8.0,47.0,79.0,15.0,6.0,0.0
139.539,52,354515.0,600.0,103.0,916.0,600.0,0.0,1.0,0.0,0.0,0.5,0.028,0.682,0.5,0.508,0.045,0.686,0.517,0.0,0.0,-1.51,-5.33,60.02,60.08,0.0,0.0,0.0,0.0,0.0,0.0,0.0,1.0,1.0,0.0,-0.0,-0.0,0.0,0.0,0.0,0.0,0.0,0.0,0.0,0.0,0.0,170.0,145.0,170.0,170.0,14.0,8.0,47.0,79.0,15.0,6.0,0.0
139.571,20,354535.0,600.0,102.0,916.0,600.0,0.0,1.0,0.0,0.0,0.5,0.028,0.682,0.5,0.508,0.045,0.686,0.517,0.0,0.0,-1.51,-5.33,60.02,60.08,0.0,0.0,0.0,0.0,0.0,0.0,0.0,1.0,1.0,0.0,-0.0,-0.0,0.0,0.0,0.0,0.0,0.0,0.0,0.0,0.0,0.0,170.0,145.0,170.0,170.0,14.0,8.0,47.0,79.0,15.0,6.0,1.0
139.669,103,354638.0,600.0,102.0,807.0,600.0,0.0,1.0,0.0,0.0,0.5,0.028,0.661,0.5,0.508,0.045,0.672,0.517,0.0,0.0,-1.51,-5.33,60.02,60.08,0.0,0.0,0.0,0.0,0.0,0.0,0.0,1.0,1.0,0.0,-0.0,-0.0,0.0,0.0,0.0,0.0,0.0,0.0,0.0,0.0,0.0,170.0,145.0,170.0,170.0,14.0,8.0,47.0,79.0,15.0,6.0,0.0
139.735,72,354710.0,600.0,102.0,807.0,600.0,0.0,1.0,0.0,0.0,0.5,0.028,0.661,0.5,0.508,0.045,0.672,0.517,0.0,0.0,-1.52,-5.34,60.03,60.08,0.0,0.0,0.0,0.0,0.0,0.0,0.0,1.0,1.0,0.0,-0.0,-0.0,0.0,0.0,0.0,0.0,0.0,0.0,0.0,0.0,0.0,170.0,145.0,170.0,170.0,14.0,8.0,47.0,79.0,15.0,6.0,0.0
139.865,100,354810.0,600.0,102.0,807.0,600.0,0.0,1.0,0.0,0.0,0.5,0.028,0.652,0.5,0.508,0.045,0.661,0.517,0.0,0.0,-1.52,-5.34,60.03,60.08,0.0,0.0,0.0,0.0,0.0,0.0,0.0,1.0,1.0,0.0,-0.0,-0.0,0.0,0.0,0.0,0.0,0.0,0.0,0.0,0.0,0.0,170.0,145.0,170.0,170.0,14.0,8.0,47.0,79.0,15.0,6.0,1.0
139.898,51,354861.0,600.0,102.0,807.0,600.0,0.0,1.0,0.0,0.0,0.5,0.028,0.652,0.5,0.508,0.045,0.661,0.517,0.0,0.0,-1.51,-5.34,60.02,60.08,0.0,0.0,0.0,0.0,0.0,0.0,0.0,1.0,1.0,0.0,-0.0,-0.0,0.0,0.0,0.0,0.0,0.0,0.0,0.0,0.0,0.0,170.0,145.0,170.0,170.0,14.0,8.0,47.0,79.0,15.0,6.0,0.0
139.931,19,354880.0,600.0,101.0,807.0,600.0,0.0,1.0,0.0,0.0,0.5,0.028,0.652,0.5,0.508,0.045,0.661,0.517,0.0,0.0,-1.51,-5.34,60.02,60.08,0.0,0.0,0.0,0.0,0.0,0.0,0.0,1.0,1.0,0.0,-0.0,-0.0,0.0,0.0,0.0,0.0,0.0,0.0,0.0,0.0,0.0,170.0,145.0,170.0,170.0,14.0,8.0,47.0,79.0,15.0,6.0,0.0
140.026,102,354982.0,600.0,101.0,708.0,600.0,0.0,1.0,0.0,0.0,0.5,0.028,0.614,0.5,0.508,0.044,0.628,0.516,0.0,0.0,-1.51,-5.34,60.02,60.08,0.0,0.0,0.0,0.0,0.0,0.0,0.0,1.0,1.0,0.0,-0.0,-0.0,0.0,0.0,0.0,0.0,0.0,0.0,0.0,0.0,0.0,170.0,145.0,170.0,170.0,14.0,8.0,47.0,79.0,15.0,6.0,0.0
140.058,52,355034.0,600.0,101.0,708.0,600.0,0.0,1.0,0.0,0.0,0.5,0.028,0.614,0.5,0.508,0.044,0.628,0.516,0.0,0.0,-1.51,-5.35,60.03,60.08,0.0,0.0,0.0,0.0,0.0,0.0,0.0,1.0,1.0,0.0,-0.0,-0.0,0.0,0.0,0.0,0.0,0.0,0.0,0.0,0.0,0.0,170.0,145.0,170.0,170.0,14.0,8.0,47.0,79.0,15.0,6.0,1.0
140.09,19,355053.0,600.0,101.0,708.0,600.0,0.0,1.0,0.0,0.0,0.5,0.028,0.614,0.5,0.508,0.044,0.628,0.516,0.0,0.0,-1.51,-5.35,60.03,60.08,0.0,0.0,0.0,0.0,0.0,0.0,0.0,1.0,1.0,0.0,-0.0,-0.0,0.0,0.0,0.0,0.0,0.0,0.0,0.0,0.0,0.0,170.0,145.0,170.0,170.0,14.0,8.0,47.0,79.0,15.0,6.0,0.0
140.187,103,355156.0,600.0,101.0,708.0,600.0,0.0,1.0,0.0,0.0,0.5,0.028,0.597,0.5,0.508,0.044,0.608,0.516,0.0,0.0,-1.51,-5.34,60.03,60.08,0.0,0.0,0.0,0.0,0.0,0.0,0.0,1.0,1.0,0.0,-0.0,-0.0,0.0,0.0,0.0,0.0,0.0,0.0,0.0,0.0,0.0,170.0,145.0,170.0,170.0,14.0,8.0,47.0,79.0,15.0,6.0,0.0
140.253,72,355228.0,600.0,101.0,708.0,600.0,0.0,1.0,0.0,0.0,0.5,0.028,0.597,0.5,0.508,0.044,0.608,0.516,0.0,0.0,-1.52,-5.34,60.03,60.08,0.0,0.0,0.0,0.0,0.0,0.0,0.0,1.0,1.0,0.0,-0.0,-0.0,0.0,0.0,0.0,0.0,0.0,0.0,0.0,0.0,0.0,170.0,145.0,170.0,170.0,14.0,8.0,47.0,79.0,15.0,6.0,0.0
140.38,100,355328.0,600.0,101.0,600.0,600.0,0.0,1.0,0.0,0.0,0.5,0.028,0.545,0.5,0.508,0.043,0.561,0.515,0.0,0.0,-1.52,-5.34,60.03,60.08,0.0,0.0,0.0,0.0,0.0,0.0,0.0,1.0,1.0,0.0,-0.0,-0.0,0.0,0.0,0.0,0.0,0.0,0.0,0.0,0.0,0.0,170.0,145.0,170.0,170.0,14.0,8.0,47.0,79.0,15.0,6.0,0.0
140.413,52,355380.0,600.0,101.0,600.0,600.0,0.0,1.0,0.0,0.0,0.5,0.028,0.545,0.5,0.508,0.043,0.561,0.515,0.0,0.0,-1.52,-5.34,60.03,60.08,0.0,0.0,0.0,0.0,0.0,0.0,0.0,1.0,1.0,0.0,-0.0,-0.0,0.0,0.0,0.0,0.0,0.0,0.0,0.0,0.0,0.0,170.0,145.0,170.0,170.0,14.0,8.0,47.0,79.0,15.0,6.0,0.0
140.445,19,355399.0,600.0,102.0,600.0,600.0,0.0,1.0,0.0,0.0,0.5,0.028,0.545,0.5,0.508,0.043,0.561,0.515,0.0,0.0,-1.51,-5.33,60.02,60.08,0.0,0.0,0.0,0.0,0.0,0.0,0.0,1.0,1.0,0.0,-0.0,-0.0,0.0,0.0,0.0,0.0,0.0,0.0,0.0,0.0,0.0,170.0,145.0,170.0,170.0,14.0,8.0,47.0,79.0,15.0,6.0,0.0
140.543,102,355501.0,600.0,102.0,600.0,600.0,0.0,1.0,0.0,0.0,0.5,0.028,0.521,0.5,0.508,0.043,0.533,0.515,0.0,0.0,-1.51,-5.33,60.02,60.08,0.0,0.0,0.0,0.0,0.0,0.0,0.0,1.0,1.0,0.0,-0.0,-0.0,0.0,0.0,0.0,0.0,0.0,0.0,0.0,0.0,0.0,170.0,145.0,170.0,170.0,14.0,8.0,47.0,79.0,15.0,6.0,0.0
140.608,72,355573.0,600.0,100.0,600.0,600.0,0.0,1.0,0.0,0.0,0.5,0.028,0.521,0.5,0.508,0.043,0.533,0.515,0.0,0.0,-1.5,-5.33,60.02,60.08,0.0,0.0,0.0,0.0,0.0,0.0,0.0,1.0,1.0,0.0,-0.0,-0.0,0.0,0.0,0.0,0.0,0.0,0.0,0.0,0.0,0.0,170.0,145.0,170.0,170.0,14.0,8.0,47.0,79.0,15.0,6.0,0.0
140.705,99,355672.0,600.0,100.0,710.0,600.0,0.0,1.0,0.0,0.0,0.5,0.027,0.554,0.5,0.508,0.043,0.557,0.515,0.0,0.0,-1.5,-5.33,60.02,60.08,0.0,0.0,0.0,0.0,0.0,0.0,0.0,1.0,1.0,0.0,-0.0,-0.0,0.0,0.0,0.0,0.0,0.0,0.0,0.0,0.0,0.0,170.0,145.0,170.0,170.0,14.0,8.0,47.0,79.0,15.0,6.0,0.0
140.771,71,355743.0,600.0,99.0,710.0,600.0,0.0,1.0,0.0,0.0,0.5,0.027,0.554,0.5,0.508,0.043,0.557,0.515,0.0,0.0,-1.5,-5.33,60.02,60.08,0.0,0.0,0.0,0.0,0.0,0.0,0.0,1.0,1.0,0.0,-0.0,-0.0,0.0,0.0,0.0,0.0,0.0,0.0,0.0,0.0,0.0,170.0,145.0,170.0,170.0,14.0,8.0,47.0,79.0,15.0,6.0,0.0
140.868,101,355844.0,600.0,99.0,710.0,600.0,0.0,1.0,0.0,0.0,0.5,0.027,0.57,0.5,0.508,0.043,0.575,0.516,0.0,0.0,-1.49,-5.33,60.02,60.08,0.0,0.0,0.0,0.0,0.0,0.0,0.0,1.0,1.0,0.0,-0.0,-0.0,0.0,0.0,0.0,0.0,0.0,0.0,0.0,0.0,0.0,170.0,145.0,170.0,170.0,14.0,8.0,47.0,79.0,15.0,6.0,1.0
140.934,52,355896.0,600.0,99.0,710.0,600.0,0.0,1.0,0.0,0.0,0.5,0.027,0.57,0.5,0.508,0.043,0.575,0.516,0.0,0.0,-1.49,-5.33,60.02,60.08,0.0,0.0,0.0,0.0,0.0,0.0,0.0,1.0,1.0,0.0,-0.0,-0.0,0.0,0.0,0.0,0.0,0.0,0.0,0.0,0.0,0.0,170.0,145.0,170.0,170.0,14.0,8.0,47.0,79.0,15.0,6.0,1.0
140.967,19,355915.0,600.0,102.0,710.0,600.0,0.0,1.0,0.0,0.0,0.5,0.027,0.57,0.5,0.508,0.043,0.575,0.516,0.0,0.0,-1.49,-5.33,60.02,60.08,0.0,0.0,0.0,0.0,0.0,0.0,0.0,1.0,1.0,0.0,-0.0,-0.0,0.0,0.0,0.0,0.0,0.0,0.0,0.0,0.0,0.0,170.0,145.0,170.0,170.0,14.0,8.0,47.0,79.0,15.0,6.0,0.0
141.064,102,356017.0,600.0,102.0,710.0,600.0,0.0,1.0,0.0,0.0,0.5,0.028,0.577,0.5,0.508,0.043,0.584,0.516,0.0,0.0,-1.49,-5.33,60.02,60.08,0.0,0.0,0.0,0.0,0.0,0.0,0.0,1.0,1.0,0.0,-0.0,-0.0,0.0,0.0,0.0,0.0,0.0,0.0,0.0,0.0,0.0,170.0,145.0,170.0,170.0,14.0,8.0,47.0,79.0,15.0,6.0,0.0
141.098,52,356069.0,600.0,102.0,710.0,600.0,0.0,1.0,0.0,0.0,0.5,0.028,0.577,0.5,0.508,0.043,0.584,0.516,0.0,0.0,-1.49,-5.33,60.02,60.08,0.0,0.0,0.0,0.0,0.0,0.0,0.0,1.0,1.0,0.0,-0.0,-0.0,0.0,0.0,0.0,0.0,0.0,0.0,0.0,0.0,0.0,170.0,145.0,170.0,170.0,14.0,8.0,47.0,79.0,15.0,6.0,1.0
141.13,19,356088.0,600.0,101.0,710.0,600.0,0.0,1.0,0.0,0.0,0.5,0.028,0.577,0.5,0.508,0.043,0.584,0.516,0.0,0.0,-1.5,-5.34,60.02,60.08,0.0,0.0,0.0,0.0,0.0,0.0,0.0,1.0,1.0,0.0,-0.0,-0.0,0.0,0.0,0.0,0.0,0.0,0.0,0.0,0.0,0.0,170.0,145.0,170.0,170.0,14.0,8.0,47.0,79.0,15.0,6.0,0.0
141.229,102,356190.0,600.0,101.0,710.0,600.0,0.0,1.0,0.0,0.0,0.5,0.028,0.58,0.5,0.508,0.043,0.588,0.516,0.0,0.0,-1.5,-5.34,60.02,60.08,0.0,0.0,0.0,0.0,0.0,0.0,0.0,1.0,1.0,0.0,-0.0,-0.0,0.0,0.0,0.0,0.0,0.0,0.0,0.0,0.0,0.0,170.0,145.0,170.0,170.0,14.0,8.0,47.0,79.0,15.0,6.0,1.0
141.293,71,356261.0,600.0,101.0,710.0,600.0,0.0,1.0,0.0,0.0,0.5,0.028,0.58,0.5,0.508,0.043,0.588,0.516,0.0,0.0,-1.5,-5.34,60.02,60.08,0.0,0.0,0.0,0.0,0.0,0.0,0.0,1.0,1.0,0.0,-0.0,-0.0,0.0,0.0,0.0,0.0,0.0,0.0,0.0,0.0,0.0,170.0,145.0,170.0,170.0,14.0,8.0,47.0,79.0,15.0,6.0,0.0
141.388,100,356361.0,600.0,101.0,710.0,600.0,0.0,1.0,0.0,0.0,0.5,0.028,0.582,0.5,0.508,0.043,0.589,0.516,0.0,0.0,-1.5,-5.34,60.02,60.08,0.0,0.0,0.0,0.0,0.0,0.0,0.0,1.0,1.0,0.0,-0.0,-0.0,0.0,0.0,0.0,0.0,0.0,0.0,0.0,0.0,0.0,170.0,145.0,170.0,170.0,14.0,8.0,47.0,79.0,15.0,6.0,0.0
141.451,52,356413.0,600.0,101.0,710.0,600.0,0.0,1.0,0.0,0.0,0.5,0.028,0.582,0.5,0.508,0.043,0.589,0.516,0.0,0.0,-1.5,-5.34,60.02,60.08,0.0,0.0,0.0,0.0,0.0,0.0,0.0,1.0,1.0,0.0,-0.0,-0.0,0.0,0.0,0.0,0.0,0.0,0.0,0.0,0.0,0.0,170.0,145.0,170.0,170.0,14.0,8.0,47.0,79.0,15.0,6.0,0.0
141.482,20,356433.0,600.0,101.0,710.0,600.0,0.0,1.0,0.0,0.0,0.5,0.028,0.582,0.5,0.508,0.043,0.589,0.516,0.0,0.0,-1.5,-5.34,60.02,60.08,0.0,0.0,0.0,0.0,0.0,0.0,0.0,1.0,1.0,0.0,-0.0,-0.0,0.0,0.0,0.0,0.0,0.0,0.0,0.0,0.0,0.0,170.0,145.0,170.0,170.0,14.0,8.0,47.0,79.0,15.0,6.0,0.0
141.58,100,356533.0,600.0,101.0,710.0,600.0,0.0,1.0,0.0,0.0,0.5,0.028,0.583,0.5,0.508,0.043,0.59,0.516,0.0,0.0,-1.5,-5.35,60.02,60.08,0.0,0.0,0.0,0.0,0.0,0.0,0.0,1.0,1.0,0.0,-0.0,-0.0,0.0,0.0,0.0,0.0,0.0,0.0,0.0,0.0,0.0,170.0,145.0,170.0,170.0,14.0,8.0,47.0,79.0,15.0,6.0,0.0
141.613,51,356584.0,600.0,101.0,710.0,600.0,0.0,1.0,0.0,0.0,0.5,0.028,0.583,0.5,0.508,0.043,0.59,0.516,0.0,0.0,-1.5,-5.35,60.02,60.08,0.0,0.0,0.0,0.0,0.0,0.0,0.0,1.0,1.0,0.0,-0.0,-0.0,0.0,0.0,0.0,0.0,0.0,0.0,0.0,0.0,0.0,170.0,145.0,170.0,170.0,14.0,8.0,47.0,79.0,15.0,6.0,0.0
141.646,20,356604.0,600.0,104.0,710.0,600.0,0.0,1.0,0.0,0.0,0.5,0.028,0.583,0.5,0.508,0.043,0.59,0.516,0.0,0.0,-1.5,-5.34,60.02,60.08,0.0,0.0,0.0,0.0,0.0,0.0,0.0,1.0,1.0,0.0,-0.0,-0.0,0.0,0.0,0.0,0.0,0.0,0.0,0.0,0.0,0.0,170.0,145.0,170.0,170.0,14.0,8.0,47.0,79.0,15.0,6.0,0.0
141.746,99,356703.0,600.0,104.0,710.0,600.0,0.0,1.0,0.0,0.0,0.5,0.028,0.583,0.5,0.508,0.044,0.591,0.516,0.0,0.0,-1.51,-5.34,60.02,60.08,0.0,0.0,0.0,0.0,0.0,0.0,0.0,1.0,1.0,0.0,-0.0,-0.0,0.0,0.0,0.0,0.0,0.0,0.0,0.0,0.0,0.0,170.0,145.0,170.0,170.0,14.0,8.0,47.0,79.0,15.0,6.0,0.0
141.779,52,356755.0,600.0,104.0,710.0,600.0,0.0,1.0,0.0,0.0,0.5,0.028,0.583,0.5,0.508,0.044,0.591,0.516,0.0,0.0,-1.5,-5.34,60.02,60.08,0.0,0.0,0.0,0.0,0.0,0.0,0.0,1.0,1.0,0.0,-0.0,-0.0,0.0,0.0,0.0,0.0,0.0,0.0,0.0,0.0,0.0,170.0,145.0,170.0,170.0,14.0,8.0,47.0,79.0,15.0,6.0,0.0
141.812,19,356774.0,600.0,102.0,710.0,600.0,0.0,1.0,0.0,0.0,0.5,0.028,0.583,0.5,0.508,0.044,0.591,0.516,0.0,0.0,-1.5,-5.34,60.02,60.08,0.0,0.0,0.0,0.0,0.0,0.0,0.0,1.0,1.0,0.0,-0.0,-0.0,0.0,0.0,0.0,0.0,0.0,0.0,0.0,0.0,0.0,170.0,145.0,170.0,170.0,14.0,8.0,47.0,79.0,15.0,6.0,0.0
141.91,103,356877.0,600.0,102.0,710.0,600.0,0.0,1.0,0.0,0.0,0.5,0.028,0.583,0.5,0.508,0.044,0.591,0.516,0.0,0.0,-1.5,-5.34,60.02,60.08,0.0,0.0,0.0,0.0,0.0,0.0,0.0,1.0,1.0,0.0,-0.0,-0.0,0.0,0.0,0.0,0.0,0.0,0.0,0.0,0.0,0.0,170.0,145.0,170.0,170.0,14.0,8.0,47.0,79.0,15.0,6.0,0.0
141.976,71,356948.0,600.0,103.0,710.0,600.0,0.0,1.0,0.0,0.0,0.5,0.028,0.583,0.5,0.508,0.044,0.591,0.516,0.0,0.0,-1.5,-5.33,60.02,60.08,0.0,0.0,0.0,0.0,0.0,0.0,0.0,1.0,1.0,0.0,-0.0,-0.0,0.0,0.0,0.0,0.0,0.0,0.0,0.0,0.0,0.0,170.0,145.0,170.0,170.0,14.0,8.0,47.0,79.0,15.0,6.0,0.0
142.073,100,357048.0,600.0,103.0,828.0,600.0,0.0,1.0,0.0,0.0,0.5,0.028,0.622,0.5,0.508,0.045,0.624,0.516,0.0,0.0,-1.5,-5.33,60.02,60.08,0.0,0.0,0.0,0.0,0.0,0.0,0.0,1.0,1.0,0.0,-0.0,-0.0,0.0,0.0,0.0,0.0,0.0,0.0,0.0,0.0,0.0,170.0,145.0,170.0,170.0,14.0,8.0,47.0,79.0,15.0,6.0,0.0
142.139,52,357100.0,600.0,103.0,828.0,600.0,0.0,1.0,0.0,0.0,0.5,0.028,0.622,0.5,0.508,0.045,0.624,0.516,0.0,0.0,-1.5,-5.33,60.02,60.08,0.0,0.0,0.0,0.0,0.0,0.0,0.0,1.0,1.0,0.0,-0.0,-0.0,0.0,0.0,0.0,0.0,0.0,0.0,0.0,0.0,0.0,170.0,145.0,170.0,170.0,14.0,8.0,47.0,79.0,15.0,6.0,1.0
142.171,19,357119.0,600.0,103.0,828.0,600.0,0.0,1.0,0.0,0.0,0.5,0.028,0.622,0.5,0.508,0.045,0.624,0.516,0.0,0.0,-1.5,-5.33,60.02,60.08,0.0,0.0,0.0,0.0,0.0,0.0,0.0,1.0,1.0,0.0,-0.0,-0.0,0.0,0.0,0.0,0.0,0.0,0.0,0.0,0.0,0.0,170.0,145.0,170.0,170.0,14.0,8.0,47.0,79.0,15.0,6.0,0.0
142.266,102,357221.0,600.0,103.0,926.0,600.0,0.0,1.0,0.0,0.0,0.5,0.029,0.666,0.5,0.508,0.046,0.667,0.517,0.0,0.0,-1.5,-5.33,60.02,60.08,0.0,0.0,0.0,0.0,0.0,0.0,0.0,1.0,1.0,0.0,-0.0,-0.0,0.0,0.0,0.0,0.0,0.0,0.0,0.0,0.0,0.0,170.0,145.0,170.0,170.0,14.0,8.0,47.0,79.0,15.0,6.0,0.0
142.298,52,357273.0,600.0,103.0,926.0,600.0,0.0,1.0,0.0,0.0,0.5,0.029,0.666,0.5,0.508,0.046,0.667,0.517,0.0,0.0,-1.5,-5.33,60.02,60.08,0.0,0.0,0.0,0.0,0.0,0.0,0.0,1.0,1.0,0.0,-0.0,-0.0,0.0,0.0,0.0,0.0,0.0,0.0,0.0,0.0,0.0,170.0,145.0,170.0,170.0,14.0,8.0,47.0,79.0,15.0,6.0,0.0
142.33,20,357293.0,600.0,104.0,926.0,600.0,0.0,1.0,0.0,0.0,0.5,0.029,0.666,0.5,0.508,0.046,0.667,0.517,0.0,0.0,-1.5,-5.33,60.02,60.08,0.0,0.0,0.0,0.0,0.0,0.0,0.0,1.0,1.0,0.0,-0.0,-0.0,0.0,0.0,0.0,0.0,0.0,0.0,0.0,0.0,0.0,170.0,145.0,170.0,170.0,14.0,8.0,47.0,79.0,15.0,6.0,0.0
142.425,100,357393.0,600.0,104.0,816.0,600.0,0.0,1.0,0.0,0.0,0.5,0.029,0.657,0.5,0.508,0.046,0.666,0.517,0.0,0.0,-1.51,-5.33,60.02,60.08,0.0,0.0,0.0,0.0,0.0,0.0,0.0,1.0,1.0,0.0,-0.0,-0.0,0.0,0.0,0.0,0.0,0.0,0.0,0.0,0.0,0.0,170.0,145.0,170.0,170.0,14.0,8.0,47.0,79.0,15.0,6.0,0.0
142.491,71,357464.0,600.0,103.0,816.0,600.0,0.0,1.0,0.0,0.0,0.5,0.029,0.657,0.5,0.508,0.046,0.666,0.517,0.0,0.0,-1.51,-5.32,60.02,60.08,0.0,0.0,0.0,0.0,0.0,0.0,0.0,1.0,1.0,0.0,-0.0,-0.0,0.0,0.0,0.0,0.0,0.0,0.0,0.0,0.0,0.0,170.0,145.0,170.0,170.0,14.0,8.0,47.0,79.0,15.0,6.0,0.0
142.589,101,357565.0,600.0,103.0,927.0,600.0,0.0,1.0,0.0,0.0,0.5,0.029,0.683,0.5,0.508,0.046,0.686,0.517,0.0,0.0,-1.5,-5.33,60.02,60.08,0.0,0.0,0.0,0.0,0.0,0.0,0.0,1.0,1.0,0.0,-0.0,-0.0,0.0,0.0,0.0,0.0,0.0,0.0,0.0,0.0,0.0,170.0,145.0,170.0,170.0,14.0,8.0,47.0,79.0,15.0,6.0,1.0
142.654,52,357617.0,600.0,103.0,927.0,600.0,0.0,1.0,0.0,0.0,0.5,0.029,0.683,0.5,0.508,0.046,0.686,0.517,0.0,0.0,-1.5,-5.33,60.02,60.08,0.0,0.0,0.0,0.0,0.0,0.0,0.0,1.0,1.0,0.0,-0.0,-0.0,0.0,0.0,0.0,0.0,0.0,0.0,0.0,0.0,0.0,170.0,145.0,170.0,170.0,14.0,8.0,47.0,79.0,15.0,6.0,1.0
142.687,19,357636.0,600.0,102.0,927.0,600.0,0.0,1.0,0.0,0.0,0.5,0.029,0.683,0.5,0.508,0.046,0.686,0.517,0.0,0.0,-1.5,-5.33,60.02,60.08,0.0,0.0,0.0,0.0,0.0,0.0,0.0,1.0,1.0,0.0,-0.0,-0.0,0.0,0.0,0.0,0.0,0.0,0.0,0.0,0.0,0.0,170.0,145.0,170.0,170.0,14.0,8.0,47.0,79.0,15.0,6.0,0.0
142.793,104,357740.0,600.0,102.0,927.0,600.0,0.0,1.0,0.0,0.0,0.5,0.029,0.695,0.5,0.508,0.046,0.7,0.517,0.0,0.0,-1.5,-5.33,60.02,60.08,0.0,0.0,0.0,0.0,0.0,0.0,0.0,1.0,1.0,0.0,-0.0,-0.0,0.0,0.0,0.0,0.0,0.0,0.0,0.0,0.0,0.0,170.0,145.0,170.0,170.0,14.0,8.0,47.0,79.0,15.0,6.0,0.0
142.826,52,357792.0,600.0,102.0,927.0,600.0,0.0,1.0,0.0,0.0,0.5,0.029,0.695,0.5,0.508,0.046,0.7,0.517,0.0,0.0,-1.5,-5.32,60.02,60.08,0.0,0.0,0.0,0.0,0.0,0.0,0.0,1.0,1.0,0.0,-0.0,-0.0,0.0,0.0,0.0,0.0,0.0,0.0,0.0,0.0,0.0,170.0,145.0,170.0,170.0,14.0,8.0,47.0,79.0,15.0,6.0,0.0
142.858,21,357813.0,600.0,103.0,927.0,600.0,0.0,1.0,0.0,0.0,0.5,0.029,0.695,0.5,0.508,0.046,0.7,0.517,0.0,0.0,-1.5,-5.32,60.02,60.08,0.0,0.0,0.0,0.0,0.0,0.0,0.0,1.0,1.0,0.0,-0.0,-0.0,0.0,0.0,0.0,0.0,0.0,0.0,0.0,0.0,0.0,170.0,145.0,170.0,170.0,14.0,8.0,47.0,79.0,15.0,6.0,0.0
142.956,100,357913.0,600.0,103.0,913.0,600.0,0.0,1.0,0.0,0.0,0.5,0.029,0.697,0.5,0.508,0.046,0.704,0.518,0.0,0.0,-1.49,-5.32,60.02,60.08,0.0,0.0,0.0,0.0,0.0,0.0,0.0,1.0,1.0,0.0,-0.0,-0.0,0.0,0.0,0.0,0.0,0.0,0.0,0.0,0.0,0.0,170.0,145.0,170.0,170.0,14.0,8.0,47.0,79.0,15.0,6.0,0.0
142.989,52,357965.0,600.0,103.0,913.0,600.0,0.0,1.0,0.0,0.0,0.5,0.029,0.697,0.5,0.508,0.046,0.704,0.518,0.0,0.0,-1.49,-5.32,60.02,60.08,0.0,0.0,0.0,0.0,0.0,0.0,0.0,1.0,1.0,0.0,-0.0,-0.0,0.0,0.0,0.0,0.0,0.0,0.0,0.0,0.0,0.0,170.0,145.0,170.0,170.0,14.0,8.0,47.0,79.0,15.0,6.0,0.0
143.022,19,357984.0,600.0,103.0,913.0,600.0,0.0,1.0,0.0,0.0,0.5,0.029,0.697,0.5,0.508,0.046,0.704,0.518,0.0,0.0,-1.49,-5.32,60.02,60.08,0.0,0.0,0.0,0.0,0.0,0.0,0.0,1.0,1.0,0.0,-0.0,-0.0,0.0,0.0,0.0,0.0,0.0,0.0,0.0,0.0,0.0,170.0,145.0,170.0,170.0,14.0,8.0,47.0,79.0,15.0,6.0,0.0
143.12,101,358085.0,600.0,103.0,815.0,600.0,0.0,1.0,0.0,0.0,0.5,0.029,0.671,0.5,0.508,0.046,0.683,0.517,0.0,0.0,-1.49,-5.32,60.02,60.08,0.0,0.0,0.0,0.0,0.0,0.0,0.0,1.0,1.0,0.0,-0.0,-0.0,0.0,0.0,0.0,0.0,0.0,0.0,0.0,0.0,0.0,170.0,145.0,170.0,170.0,14.0,8.0,47.0,79.0,15.0,6.0,0.0
143.185,72,358157.0,600.0,102.0,815.0,600.0,0.0,1.0,0.0,0.0,0.5,0.029,0.671,0.5,0.508,0.046,0.683,0.517,0.0,0.0,-1.49,-5.32,60.02,60.08,0.0,0.0,0.0,0.0,0.0,0.0,0.0,1.0,1.0,0.0,-0.0,-0.0,0.0,0.0,0.0,0.0,0.0,0.0,0.0,0.0,0.0,170.0,145.0,170.0,170.0,14.0,8.0,47.0,79.0,15.0,6.0,0.0
143.282,101,358258.0,600.0,102.0,815.0,600.0,0.0,1.0,0.0,0.0,0.5,0.028,0.659,0.5,0.508,0.046,0.669,0.517,0.0,0.0,-1.49,-5.32,60.02,60.08,0.0,0.0,0.0,0.0,0.0,0.0,0.0,1.0,1.0,0.0,-0.0,-0.0,0.0,0.0,0.0,0.0,0.0,0.0,0.0,0.0,0.0,170.0,145.0,170.0,170.0,14.0,8.0,47.0,79.0,15.0,6.0,0.0
143.348,52,358310.0,600.0,102.0,815.0,600.0,0.0,1.0,0.0,0.0,0.5,0.028,0.659,0.5,0.508,0.046,0.669,0.517,0.0,0.0,-1.49,-5.32,60.02,60.08,0.0,0.0,0.0,0.0,0.0,0.0,0.0,1.0,1.0,0.0,-0.0,-0.0,0.0,0.0,0.0,0.0,0.0,0.0,0.0,0.0,0.0,170.0,145.0,170.0,170.0,14.0,8.0,47.0,79.0,15.0,6.0,0.0
143.38,20,358330.0,600.0,101.0,815.0,600.0,0.0,1.0,0.0,0.0,0.5,0.028,0.659,0.5,0.508,0.046,0.669,0.517,0.0,0.0,-1.49,-5.32,60.02,60.08,0.0,0.0,0.0,0.0,0.0,0.0,0.0,1.0,1.0,0.0,-0.0,-0.0,0.0,0.0,0.0,0.0,0.0,0.0,0.0,0.0,0.0,170.0,145.0,170.0,170.0,14.0,8.0,47.0,79.0,15.0,6.0,0.0
143.475,101,358431.0,600.0,101.0,704.0,600.0,0.0,1.0,0.0,0.0,0.5,0.028,0.616,0.5,0.508,0.045,0.631,0.516,0.0,0.0,-1.49,-5.32,60.02,60.08,0.0,0.0,0.0,0.0,0.0,0.0,0.0,1.0,1.0,0.0,-0.0,-0.0,0.0,0.0,0.0,0.0,0.0,0.0,0.0,0.0,0.0,170.0,145.0,170.0,170.0,14.0,8.0,47.0,79.0,15.0,6.0,0.0
143.508,52,358483.0,600.0,101.0,704.0,600.0,0.0,1.0,0.0,0.0,0.5,0.028,0.616,0.5,0.508,0.045,0.631,0.516,0.0,0.0,-1.48,-5.32,60.02,60.08,0.0,0.0,0.0,0.0,0.0,0.0,0.0,1.0,1.0,0.0,-0.0,-0.0,0.0,0.0,0.0,0.0,0.0,0.0,0.0,0.0,0.0,170.0,145.0,170.0,170.0,14.0,8.0,47.0,79.0,15.0,6.0,0.0
143.54,19,358502.0,600.0,102.0,704.0,600.0,0.0,1.0,0.0,0.0,0.5,0.028,0.616,0.5,0.508,0.045,0.631,0.516,0.0,0.0,-1.48,-5.32,60.02,60.08,0.0,0.0,0.0,0.0,0.0,0.0,0.0,1.0,1.0,0.0,-0.0,-0.0,0.0,0.0,0.0,0.0,0.0,0.0,0.0,0.0,0.0,170.0,145.0,170.0,170.0,14.0,8.0,47.0,79.0,15.0,6.0,0.0
143.637,83,358585.0,600.0,102.0,811.0,600.0,0.0,1.0,0.0,0.0,0.5,0.028,0.632,0.5,0.508,0.045,0.638,0.517,0.0,0.0,-1.48,-5.32,60.02,60.08,0.0,0.0,0.0,0.0,0.0,0.0,0.0,1.0,1.0,0.0,-0.0,-0.0,0.0,0.0,0.0,0.0,0.0,0.0,0.0,0.0,0.0,170.0,145.0,170.0,170.0,14.0,8.0,47.0,79.0,15.0,6.0,1.0
143.703,66,358651.0,600.0,100.0,811.0,600.0,0.0,1.0,0.0,0.0,0.5,0.028,0.632,0.5,0.508,0.045,0.638,0.517,0.0,0.0,-1.48,-5.32,60.02,60.08,0.0,0.0,0.0,0.0,0.0,0.0,0.0,1.0,1.0,0.0,-0.0,-0.0,0.0,0.0,0.0,0.0,0.0,0.0,0.0,0.0,0.0,170.0,145.0,170.0,170.0,14.0,8.0,47.0,79.0,15.0,6.0,0.0
143.801,100,358751.0,600.0,100.0,707.0,600.0,0.0,1.0,0.0,0.0,0.5,0.028,0.605,0.5,0.508,0.044,0.617,0.516,0.0,0.0,-1.48,-5.32,60.02,60.08,0.0,0.0,0.0,0.0,0.0,0.0,0.0,1.0,1.0,0.0,-0.0,-0.0,0.0,0.0,0.0,0.0,0.0,0.0,0.0,0.0,0.0,170.0,145.0,170.0,170.0,14.0,8.0,47.0,79.0,15.0,6.0,1.0
143.834,52,358803.0,600.0,100.0,707.0,600.0,0.0,1.0,0.0,0.0,0.5,0.028,0.605,0.5,0.508,0.044,0.617,0.516,0.0,0.0,-1.48,-5.32,60.02,60.08,0.0,0.0,0.0,0.0,0.0,0.0,0.0,1.0,1.0,0.0,-0.0,-0.0,0.0,0.0,0.0,0.0,0.0,0.0,0.0,0.0,0.0,170.0,145.0,170.0,170.0,14.0,8.0,47.0,79.0,15.0,6.0,0.0
143.866,19,358822.0,600.0,99.0,707.0,600.0,0.0,1.0,0.0,0.0,0.5,0.028,0.605,0.5,0.508,0.044,0.617,0.516,0.0,0.0,-1.48,-5.32,60.02,60.08,0.0,0.0,0.0,0.0,0.0,0.0,0.0,1.0,1.0,0.0,-0.0,-0.0,0.0,0.0,0.0,0.0,0.0,0.0,0.0,0.0,0.0,170.0,145.0,170.0,170.0,14.0,8.0,47.0,79.0,15.0,6.0,0.0
143.964,100,358922.0,600.0,99.0,707.0,600.0,0.0,1.0,0.0,0.0,0.5,0.027,0.592,0.5,0.508,0.043,0.602,0.516,0.0,0.0,-1.48,-5.32,60.02,60.08,0.0,0.0,0.0,0.0,0.0,0.0,0.0,1.0,1.0,0.0,-0.0,-0.0,0.0,0.0,0.0,0.0,0.0,0.0,0.0,0.0,0.0,170.0,145.0,170.0,170.0,14.0,8.0,47.0,79.0,15.0,6.0,0.0
143.998,52,358974.0,600.0,99.0,707.0,600.0,0.0,1.0,0.0,0.0,0.5,0.027,0.592,0.5,0.508,0.043,0.602,0.516,0.0,0.0,-1.48,-5.32,60.02,60.08,0.0,0.0,0.0,0.0,0.0,0.0,0.0,1.0,1.0,0.0,-0.0,-0.0,0.0,0.0,0.0,0.0,0.0,0.0,0.0,0.0,0.0,170.0,145.0,170.0,170.0,14.0,8.0,47.0,79.0,15.0,6.0,0.0
144.031,20,358994.0,600.0,99.0,707.0,600.0,0.0,1.0,0.0,0.0,0.5,0.027,0.592,0.5,0.508,0.043,0.602,0.516,0.0,0.0,-1.48,-5.32,60.02,60.08,0.0,0.0,0.0,0.0,0.0,0.0,0.0,1.0,1.0,0.0,-0.0,-0.0,0.0,0.0,0.0,0.0,0.0,0.0,0.0,0.0,0.0,170.0,145.0,170.0,170.0,14.0,8.0,47.0,79.0,15.0,6.0,0.0
144.128,100,359094.0,600.0,99.0,707.0,600.0,0.0,1.0,0.0,0.0,0.5,0.027,0.586,0.5,0.508,0.043,0.595,0.516,0.0,0.0,-1.48,-5.32,60.02,60.08,0.0,0.0,0.0,0.0,0.0,0.0,0.0,1.0,1.0,0.0,-0.0,-0.0,0.0,0.0,0.0,0.0,0.0,0.0,0.0,0.0,0.0,170.0,145.0,170.0,170.0,14.0,8.0,47.0,79.0,15.0,6.0,1.0
144.193,70,359164.0,600.0,99.0,707.0,600.0,0.0,1.0,0.0,0.0,0.5,0.027,0.586,0.5,0.508,0.043,0.595,0.516,0.0,0.0,-1.47,-5.32,60.02,60.08,0.0,0.0,0.0,0.0,0.0,0.0,0.0,1.0,1.0,0.0,-0.0,-0.0,0.0,0.0,0.0,0.0,0.0,0.0,0.0,0.0,0.0,170.0,145.0,170.0,170.0,14.0,8.0,47.0,79.0,15.0,6.0,0.0
144.29,100,359264.0,600.0,99.0,707.0,600.0,0.0,1.0,0.0,0.0,0.5,0.026,0.584,0.5,0.508,0.042,0.592,0.516,0.0,0.0,-1.47,-5.32,60.02,60.08,0.0,0.0,0.0,0.0,0.0,0.0,0.0,1.0,1.0,0.0,-0.0,-0.0,0.0,0.0,0.0,0.0,0.0,0.0,0.0,0.0,0.0,170.0,145.0,170.0,170.0,14.0,8.0,47.0,79.0,15.0,6.0,0.0
144.354,52,359316.0,600.0,99.0,707.0,600.0,0.0,1.0,0.0,0.0,0.5,0.026,0.584,0.5,0.508,0.042,0.592,0.516,0.0,0.0,-1.47,-5.32,60.02,60.08,0.0,0.0,0.0,0.0,0.0,0.0,0.0,1.0,1.0,0.0,-0.0,-0.0,0.0,0.0,0.0,0.0,0.0,0.0,0.0,0.0,0.0,170.0,145.0,170.0,170.0,14.0,8.0,47.0,79.0,15.0,6.0,0.0
144.386,19,359335.0,600.0,98.0,707.0,600.0,0.0,1.0,0.0,0.0,0.5,0.026,0.584,0.5,0.508,0.042,0.592,0.516,0.0,0.0,-1.47,-5.32,60.02,60.08,0.0,0.0,0.0,0.0,0.0,0.0,0.0,1.0,1.0,0.0,-0.0,-0.0,0.0,0.0,0.0,0.0,0.0,0.0,0.0,0.0,0.0,170.0,145.0,170.0,170.0,14.0,8.0,47.0,79.0,15.0,6.0,0.0
144.48,99,359434.0,600.0,98.0,600.0,600.0,0.0,1.0,0.0,0.0,0.5,0.026,0.539,0.5,0.508,0.042,0.554,0.515,0.0,0.0,-1.47,-5.32,60.02,60.08,0.0,0.0,0.0,0.0,0.0,0.0,0.0,1.0,1.0,0.0,-0.0,-0.0,0.0,0.0,0.0,0.0,0.0,0.0,0.0,0.0,0.0,170.0,145.0,170.0,170.0,14.0,8.0,47.0,79.0,15.0,6.0,0.0
144.512,51,359485.0,600.0,98.0,600.0,600.0,0.0,1.0,0.0,0.0,0.5,0.026,0.539,0.5,0.508,0.042,0.554,0.515,0.0,0.0,-1.48,-5.32,60.02,60.08,0.0,0.0,0.0,0.0,0.0,0.0,0.0,1.0,1.0,0.0,-0.0,-0.0,0.0,0.0,0.0,0.0,0.0,0.0,0.0,0.0,0.0,170.0,145.0,170.0,170.0,14.0,8.0,47.0,79.0,15.0,6.0,0.0
144.545,19,359504.0,600.0,100.0,600.0,600.0,0.0,1.0,0.0,0.0,0.5,0.026,0.539,0.5,0.508,0.042,0.554,0.515,0.0,0.0,-1.48,-5.32,60.02,60.08,0.0,0.0,0.0,0.0,0.0,0.0,0.0,1.0,1.0,0.0,-0.0,-0.0,0.0,0.0,0.0,0.0,0.0,0.0,0.0,0.0,0.0,170.0,145.0,170.0,170.0,14.0,8.0,47.0,79.0,15.0,6.0,0.0
144.643,100,359604.0,600.0,100.0,600.0,600.0,0.0,1.0,0.0,0.0,0.5,0.027,0.518,0.5,0.508,0.042,0.529,0.515,0.0,0.0,-1.48,-5.32,60.02,60.08,0.0,0.0,0.0,0.0,0.0,0.0,0.0,1.0,1.0,0.0,-0.0,-0.0,0.0,0.0,0.0,0.0,0.0,0.0,0.0,0.0,0.0,170.0,145.0,170.0,170.0,14.0,8.0,47.0,79.0,15.0,6.0,0.0
144.714,71,359675.0,600.0,101.0,600.0,600.0,0.0,1.0,0.0,0.0,0.5,0.027,0.518,0.5,0.508,0.042,0.529,0.515,0.0,0.0,-1.48,-5.33,60.02,60.08,0.0,0.0,0.0,0.0,0.0,0.0,0.0,1.0,1.0,0.0,-0.0,-0.0,0.0,0.0,0.0,0.0,0.0,0.0,0.0,0.0,0.0,170.0,145.0,170.0,170.0,14.0,8.0,47.0,79.0,15.0,6.0,0.0
144.812,100,359775.0,600.0,101.0,707.0,600.0,0.0,1.0,0.0,0.0,0.5,0.027,0.552,0.5,0.508,0.042,0.554,0.515,0.0,0.0,-1.48,-5.33,60.02,60.08,0.0,0.0,0.0,0.0,0.0,0.0,0.0,1.0,1.0,0.0,-0.0,-0.0,0.0,0.0,0.0,0.0,0.0,0.0,0.0,0.0,0.0,170.0,145.0,170.0,170.0,14.0,8.0,47.0,79.0,15.0,6.0,0.0
144.878,72,359847.0,600.0,102.0,707.0,600.0,0.0,1.0,0.0,0.0,0.5,0.027,0.552,0.5,0.508,0.042,0.554,0.515,0.0,0.0,-1.49,-5.32,60.02,60.08,0.0,0.0,0.0,0.0,0.0,0.0,0.0,1.0,1.0,0.0,-0.0,-0.0,0.0,0.0,0.0,0.0,0.0,0.0,0.0,0.0,0.0,170.0,145.0,170.0,170.0,14.0,8.0,47.0,79.0,15.0,6.0,0.0
144.976,99,359946.0,600.0,102.0,707.0,600.0,0.0,1.0,0.0,0.0,0.5,0.028,0.568,0.5,0.508,0.043,0.573,0.516,0.0,0.0,-1.49,-5.32,60.02,60.08,0.0,0.0,0.0,0.0,0.0,0.0,0.0,1.0,1.0,0.0,-0.0,-0.0,0.0,0.0,0.0,0.0,0.0,0.0,0.0,0.0,0.0,170.0,145.0,170.0,170.0,14.0,8.0,47.0,79.0,15.0,6.0,0.0
145.041,70,360016.0,600.0,102.0,707.0,600.0,0.0,1.0,0.0,0.0,0.5,0.028,0.568,0.5,0.508,0.043,0.573,0.516,0.0,0.0,-1.49,-5.32,60.02,60.08,0.0,0.0,0.0,0.0,0.0,0.0,0.0,1.0,1.0,0.0,-0.0,-0.0,0.0,0.0,0.0,0.0,0.0,0.0,0.0,0.0,0.0,170.0,145.0,170.0,170.0,14.0,8.0,47.0,79.0,15.0,6.0,0.0
145.139,101,360117.0,600.0,102.0,814.0,600.0,0.0,1.0,0.0,0.0,0.5,0.028,0.611,0.5,0.508,0.044,0.612,0.516,0.0,0.0,-1.48,-5.33,60.02,60.08,0.0,0.0,0.0,0.0,0.0,0.0,0.0,1.0,1.0,0.0,-0.0,-0.0,0.0,0.0,0.0,0.0,0.0,0.0,0.0,0.0,0.0,170.0,145.0,170.0,170.0,14.0,8.0,47.0,79.0,15.0,6.0,1.0
145.205,51,360168.0,600.0,102.0,814.0,600.0,0.0,1.0,0.0,0.0,0.5,0.028,0.611,0.5,0.508,0.044,0.612,0.516,0.0,0.0,-1.48,-5.33,60.02,60.08,0.0,0.0,0.0,0.0,0.0,0.0,0.0,1.0,1.0,0.0,-0.0,-0.0,0.0,0.0,0.0,0.0,0.0,0.0,0.0,0.0,0.0,170.0,145.0,170.0,170.0,14.0,8.0,47.0,79.0,15.0,6.0,0.0
145.237,20,360188.0,600.0,102.0,814.0,600.0,0.0,1.0,0.0,0.0,0.5,0.028,0.611,0.5,0.508,0.044,0.612,0.516,0.0,0.0,-1.49,-5.32,60.02,60.08,0.0,0.0,0.0,0.0,0.0,0.0,0.0,1.0,1.0,0.0,-0.0,-0.0,0.0,0.0,0.0,0.0,0.0,0.0,0.0,0.0,0.0,170.0,145.0,170.0,170.0,14.0,8.0,47.0,79.0,15.0,6.0,0.0
145.335,100,360288.0,600.0,102.0,814.0,600.0,0.0,1.0,0.0,0.0,0.5,0.028,0.631,0.5,0.508,0.045,0.635,0.517,0.0,0.0,-1.49,-5.32,60.02,60.08,0.0,0.0,0.0,0.0,0.0,0.0,0.0,1.0,1.0,0.0,-0.0,-0.0,0.0,0.0,0.0,0.0,0.0,0.0,0.0,0.0,0.0,170.0,145.0,170.0,170.0,14.0,8.0,47.0,79.0,15.0,6.0,0.0
145.369,52,360340.0,600.0,102.0,814.0,600.0,0.0,1.0,0.0,0.0,0.5,0.028,0.631,0.5,0.508,0.045,0.635,0.517,0.0,0.0,-1.49,-5.32,60.02,60.08,0.0,0.0,0.0,0.0,0.0,0.0,0.0,1.0,1.0,0.0,-0.0,-0.0,0.0,0.0,0.0,0.0,0.0,0.0,0.0,0.0,0.0,170.0,145.0,170.0,170.0,14.0,8.0,47.0,79.0,15.0,6.0,0.0
145.401,19,360359.0,600.0,101.0,814.0,600.0,0.0,1.0,0.0,0.0,0.5,0.028,0.631,0.5,0.508,0.045,0.635,0.517,0.0,0.0,-1.49,-5.32,60.02,60.08,0.0,0.0,0.0,0.0,0.0,0.0,0.0,1.0,1.0,0.0,-0.0,-0.0,0.0,0.0,0.0,0.0,0.0,0.0,0.0,0.0,0.0,170.0,145.0,170.0,170.0,14.0,8.0,47.0,79.0,15.0,6.0,0.0
145.499,101,360460.0,600.0,101.0,814.0,600.0,0.0,1.0,0.0,0.0,0.5,0.028,0.64,0.5,0.508,0.044,0.646,0.517,0.0,0.0,-1.49,-5.32,60.02,60.08,0.0,0.0,0.0,0.0,0.0,0.0,0.0,1.0,1.0,0.0,-0.0,-0.0,0.0,0.0,0.0,0.0,0.0,0.0,0.0,0.0,0.0,170.0,145.0,170.0,170.0,14.0,8.0,47.0,79.0,15.0,6.0,0.0
145.565,72,360532.0,600.0,102.0,814.0,600.0,0.0,1.0,0.0,0.0,0.5,0.028,0.64,0.5,0.508,0.044,0.646,0.517,0.0,0.0,-1.49,-5.33,60.02,60.08,0.0,0.0,0.0,0.0,0.0,0.0,0.0,1.0,1.0,0.0,-0.0,-0.0,0.0,0.0,0.0,0.0,0.0,0.0,0.0,0.0,0.0,170.0,145.0,170.0,170.0,14.0,8.0,47.0,79.0,15.0,6.0,0.0
145.662,102,360634.0,600.0,102.0,707.0,600.0,0.0,1.0,0.0,0.0,0.5,0.028,0.608,0.5,0.508,0.044,0.621,0.516,0.0,0.0,-1.5,-5.34,60.02,60.08,0.0,0.0,0.0,0.0,0.0,0.0,0.0,1.0,1.0,0.0,-0.0,-0.0,0.0,0.0,0.0,0.0,0.0,0.0,0.0,0.0,0.0,170.0,145.0,170.0,170.0,14.0,8.0,47.0,79.0,15.0,6.0,0.0
145.728,52,360686.0,600.0,102.0,707.0,600.0,0.0,1.0,0.0,0.0,0.5,0.028,0.608,0.5,0.508,0.044,0.621,0.516,0.0,0.0,-1.5,-5.34,60.02,60.08,0.0,0.0,0.0,0.0,0.0,0.0,0.0,1.0,1.0,0.0,-0.0,-0.0,0.0,0.0,0.0,0.0,0.0,0.0,0.0,0.0,0.0,170.0,145.0,170.0,170.0,14.0,8.0,47.0,79.0,15.0,6.0,0.0
145.761,20,360706.0,600.0,101.0,707.0,600.0,0.0,1.0,0.0,0.0,0.5,0.028,0.608,0.5,0.508,0.044,0.621,0.516,0.0,0.0,-1.5,-5.34,60.02,60.08,0.0,0.0,0.0,0.0,0.0,0.0,0.0,1.0,1.0,0.0,-0.0,-0.0,0.0,0.0,0.0,0.0,0.0,0.0,0.0,0.0,0.0,170.0,145.0,170.0,170.0,14.0,8.0,47.0,79.0,15.0,6.0,0.0
145.827,83,360789.0,600.0,101.0,820.0,600.0,0.0,1.0,0.0,0.0,0.5,0.028,0.631,0.5,0.508,0.044,0.636,0.517,0.0,0.0,-1.5,-5.34,60.02,60.08,0.0,0.0,0.0,0.0,0.0,0.0,0.0,1.0,1.0,0.0,-0.0,-0.0,0.0,0.0,0.0,0.0,0.0,0.0,0.0,0.0,0.0,170.0,145.0,170.0,170.0,14.0,8.0,47.0,79.0,15.0,6.0,0.0
145.892,64,360853.0,600.0,101.0,820.0,600.0,0.0,1.0,0.0,0.0,0.5,0.028,0.631,0.5,0.508,0.044,0.636,0.517,0.0,0.0,-1.5,-5.34,60.02,60.08,0.0,0.0,0.0,0.0,0.0,0.0,0.0,1.0,1.0,0.0,-0.0,-0.0,0.0,0.0,0.0,0.0,0.0,0.0,0.0,0.0,0.0,170.0,145.0,170.0,170.0,14.0,8.0,47.0,79.0,15.0,6.0,0.0
145.991,100,360953.0,600.0,101.0,714.0,600.0,0.0,1.0,0.0,0.0,0.5,0.028,0.607,0.5,0.508,0.044,0.619,0.516,0.0,0.0,-1.5,-5.33,60.02,60.08,0.0,0.0,0.0,0.0,0.0,0.0,0.0,1.0,1.0,0.0,-0.0,-0.0,0.0,0.0,0.0,0.0,0.0,0.0,0.0,0.0,0.0,170.0,145.0,170.0,170.0,14.0,8.0,47.0,79.0,15.0,6.0,0.0
146.056,71,361024.0,600.0,102.0,714.0,600.0,0.0,1.0,0.0,0.0,0.5,0.028,0.607,0.5,0.508,0.044,0.619,0.516,0.0,0.0,-1.5,-5.34,60.02,60.08,0.0,0.0,0.0,0.0,0.0,0.0,0.0,1.0,1.0,0.0,-0.0,-0.0,0.0,0.0,0.0,0.0,0.0,0.0,0.0,0.0,0.0,170.0,145.0,170.0,170.0,14.0,8.0,47.0,79.0,15.0,6.0,0.0
146.153,101,361125.0,600.0,102.0,806.0,600.0,0.0,1.0,0.0,0.0,0.5,0.028,0.626,0.5,0.508,0.044,0.631,0.516,0.0,0.0,-1.5,-5.34,60.02,60.08,0.0,0.0,0.0,0.0,0.0,0.0,0.0,1.0,1.0,0.0,-0.0,-0.0,0.0,0.0,0.0,0.0,0.0,0.0,0.0,0.0,0.0,170.0,145.0,170.0,170.0,14.0,8.0,47.0,79.0,15.0,6.0,0.0
146.22,53,361178.0,600.0,102.0,806.0,600.0,0.0,1.0,0.0,0.0,0.5,0.028,0.626,0.5,0.508,0.044,0.631,0.516,0.0,0.0,-1.5,-5.34,60.02,60.08,0.0,0.0,0.0,0.0,0.0,0.0,0.0,1.0,1.0,0.0,-0.0,-0.0,0.0,0.0,0.0,0.0,0.0,0.0,0.0,0.0,0.0,170.0,145.0,170.0,170.0,14.0,8.0,47.0,79.0,15.0,6.0,0.0
146.252,19,361197.0,600.0,104.0,806.0,600.0,0.0,1.0,0.0,0.0,0.5,0.028,0.626,0.5,0.508,0.044,0.631,0.516,0.0,0.0,-1.5,-5.34,60.02,60.08,0.0,0.0,0.0,0.0,0.0,0.0,0.0,1.0,1.0,0.0,-0.0,-0.0,0.0,0.0,0.0,0.0,0.0,0.0,0.0,0.0,0.0,170.0,145.0,170.0,170.0,14.0,8.0,47.0,79.0,15.0,6.0,0.0
146.351,101,361298.0,600.0,104.0,806.0,600.0,0.0,1.0,0.0,0.0,0.5,0.029,0.635,0.5,0.508,0.045,0.642,0.517,0.0,0.0,-1.5,-5.33,60.02,60.08,0.0,0.0,0.0,0.0,0.0,0.0,0.0,1.0,1.0,0.0,-0.0,-0.0,0.0,0.0,0.0,0.0,0.0,0.0,0.0,0.0,0.0,170.0,145.0,170.0,170.0,14.0,8.0,47.0,79.0,15.0,6.0,0.0
146.384,52,361350.0,600.0,104.0,806.0,600.0,0.0,1.0,0.0,0.0,0.5,0.029,0.635,0.5,0.508,0.045,0.642,0.517,0.0,0.0,-1.5,-5.33,60.02,60.08,0.0,0.0,0.0,0.0,0.0,0.0,0.0,1.0,1.0,0.0,-0.0,-0.0,0.0,0.0,0.0,0.0,0.0,0.0,0.0,0.0,0.0,170.0,145.0,170.0,170.0,14.0,8.0,47.0,79.0,15.0,6.0,0.0
146.416,19,361369.0,600.0,103.0,806.0,600.0,0.0,1.0,0.0,0.0,0.5,0.029,0.635,0.5,0.508,0.045,0.642,0.517,0.0,0.0,-1.5,-5.33,60.02,60.08,0.0,0.0,0.0,0.0,0.0,0.0,0.0,1.0,1.0,0.0,-0.0,-0.0,0.0,0.0,0.0,0.0,0.0,0.0,0.0,0.0,0.0,170.0,145.0,170.0,170.0,14.0,8.0,47.0,79.0,15.0,6.0,0.0
146.514,100,361469.0,600.0,103.0,806.0,600.0,0.0,1.0,0.0,0.0,0.5,0.029,0.64,0.5,0.508,0.045,0.647,0.517,0.0,0.0,-1.5,-5.33,60.02,60.08,0.0,0.0,0.0,0.0,0.0,0.0,0.0,1.0,1.0,0.0,-0.0,-0.0,0.0,0.0,0.0,0.0,0.0,0.0,0.0,0.0,0.0,170.0,145.0,170.0,170.0,14.0,8.0,47.0,79.0,15.0,6.0,0.0
146.548,52,361521.0,600.0,103.0,806.0,600.0,0.0,1.0,0.0,0.0,0.5,0.029,0.64,0.5,0.508,0.045,0.647,0.517,0.0,0.0,-1.5,-5.33,60.02,60.08,0.0,0.0,0.0,0.0,0.0,0.0,0.0,1.0,1.0,0.0,-0.0,-0.0,0.0,0.0,0.0,0.0,0.0,0.0,0.0,0.0,0.0,170.0,145.0,170.0,170.0,14.0,8.0,47.0,79.0,15.0,6.0,0.0
146.58,20,361541.0,600.0,104.0,806.0,600.0,0.0,1.0,0.0,0.0,0.5,0.029,0.64,0.5,0.508,0.045,0.647,0.517,0.0,0.0,-1.5,-5.33,60.02,60.08,0.0,0.0,0.0,0.0,0.0,0.0,0.0,1.0,1.0,0.0,-0.0,-0.0,0.0,0.0,0.0,0.0,0.0,0.0,0.0,0.0,0.0,170.0,145.0,170.0,170.0,14.0,8.0,47.0,79.0,15.0,6.0,0.0
146.678,94,361635.0,600.0,104.0,692.0,600.0,0.0,1.0,0.0,0.0,0.5,0.029,0.603,0.5,0.508,0.045,0.616,0.516,0.0,0.0,-1.5,-5.33,60.02,60.08,0.0,0.0,0.0,0.0,0.0,0.0,0.0,1.0,1.0,0.0,-0.0,-0.0,0.0,0.0,0.0,0.0,0.0,0.0,0.0,0.0,0.0,170.0,145.0,170.0,170.0,14.0,8.0,47.0,79.0,15.0,6.0,1.0
146.718,52,361687.0,600.0,104.0,692.0,600.0,0.0,1.0,0.0,0.0,0.5,0.029,0.603,0.5,0.508,0.045,0.616,0.516,0.0,0.0,-1.5,-5.33,60.02,60.08,0.0,0.0,0.0,0.0,0.0,0.0,0.0,1.0,1.0,0.0,-0.0,-0.0,0.0,0.0,0.0,0.0,0.0,0.0,0.0,0.0,0.0,170.0,145.0,170.0,170.0,14.0,8.0,47.0,79.0,15.0,6.0,0.0
146.75,19,361706.0,600.0,103.0,692.0,600.0,0.0,1.0,0.0,0.0,0.5,0.029,0.603,0.5,0.508,0.045,0.616,0.516,0.0,0.0,-1.5,-5.33,60.02,60.08,0.0,0.0,0.0,0.0,0.0,0.0,0.0,1.0,1.0,0.0,-0.0,-0.0,0.0,0.0,0.0,0.0,0.0,0.0,0.0,0.0,0.0,170.0,145.0,170.0,170.0,14.0,8.0,47.0,79.0,15.0,6.0,0.0
146.846,101,361807.0,600.0,103.0,692.0,600.0,0.0,1.0,0.0,0.0,0.5,0.029,0.586,0.5,0.508,0.045,0.596,0.516,0.0,0.0,-1.5,-5.33,60.02,60.08,0.0,0.0,0.0,0.0,0.0,0.0,0.0,1.0,1.0,0.0,-0.0,-0.0,0.0,0.0,0.0,0.0,0.0,0.0,0.0,0.0,0.0,170.0,145.0,170.0,170.0,14.0,8.0,47.0,79.0,15.0,6.0,0.0
146.912,71,361878.0,600.0,103.0,692.0,600.0,0.0,1.0,0.0,0.0,0.5,0.029,0.586,0.5,0.508,0.045,0.596,0.516,0.0,0.0,-1.51,-5.32,60.02,60.08,0.0,0.0,0.0,0.0,0.0,0.0,0.0,1.0,1.0,0.0,-0.0,-0.0,0.0,0.0,0.0,0.0,0.0,0.0,0.0,0.0,0.0,170.0,145.0,170.0,170.0,14.0,8.0,47.0,79.0,15.0,6.0,0.0
147.009,101,361979.0,600.0,103.0,600.0,600.0,0.0,1.0,0.0,0.0,0.5,0.029,0.54,0.5,0.508,0.044,0.555,0.515,0.0,0.0,-1.5,-5.33,60.02,60.08,0.0,0.0,0.0,0.0,0.0,0.0,0.0,1.0,1.0,0.0,-0.0,-0.0,0.0,0.0,0.0,0.0,0.0,0.0,0.0,0.0,0.0,170.0,145.0,170.0,170.0,14.0,8.0,47.0,79.0,15.0,6.0,1.0
147.074,71,362050.0,600.0,102.0,600.0,600.0,0.0,1.0,0.0,0.0,0.5,0.029,0.54,0.5,0.508,0.044,0.555,0.515,0.0,0.0,-1.5,-5.33,60.02,60.08,0.0,0.0,0.0,0.0,0.0,0.0,0.0,1.0,1.0,0.0,-0.0,-0.0,0.0,0.0,0.0,0.0,0.0,0.0,0.0,0.0,0.0,170.0,145.0,170.0,170.0,14.0,8.0,47.0,79.0,15.0,6.0,0.0
147.202,102,362152.0,600.0,102.0,600.0,600.0,0.0,1.0,0.0,0.0,0.5,0.028,0.518,0.5,0.508,0.043,0.53,0.515,0.0,0.0,-1.5,-5.33,60.02,60.08,0.0,0.0,0.0,0.0,0.0,0.0,0.0,1.0,1.0,0.0,-0.0,-0.0,0.0,0.0,0.0,0.0,0.0,0.0,0.0,0.0,0.0,170.0,145.0,170.0,170.0,14.0,8.0,47.0,79.0,15.0,6.0,1.0
147.236,52,362204.0,600.0,102.0,600.0,600.0,0.0,1.0,0.0,0.0,0.5,0.028,0.518,0.5,0.508,0.043,0.53,0.515,0.0,0.0,-1.5,-5.33,60.02,60.08,0.0,0.0,0.0,0.0,0.0,0.0,0.0,1.0,1.0,0.0,-0.0,-0.0,0.0,0.0,0.0,0.0,0.0,0.0,0.0,0.0,0.0,170.0,145.0,170.0,170.0,14.0,8.0,47.0,79.0,15.0,6.0,1.0
147.268,19,362223.0,600.0,102.0,600.0,600.0,0.0,1.0,0.0,0.0,0.5,0.028,0.518,0.5,0.508,0.043,0.53,0.515,0.0,0.0,-1.5,-5.33,60.02,60.08,0.0,0.0,0.0,0.0,0.0,0.0,0.0,1.0,1.0,0.0,-0.0,-0.0,0.0,0.0,0.0,0.0,0.0,0.0,0.0,0.0,0.0,170.0,145.0,170.0,170.0,14.0,8.0,47.0,79.0,15.0,6.0,0.0
147.367,102,362325.0,600.0,102.0,600.0,600.0,0.0,1.0,0.0,0.0,0.5,0.028,0.508,0.5,0.508,0.043,0.518,0.515,0.0,0.0,-1.5,-5.33,60.02,60.08,0.0,0.0,0.0,0.0,0.0,0.0,0.0,1.0,1.0,0.0,-0.0,-0.0,0.0,0.0,0.0,0.0,0.0,0.0,0.0,0.0,0.0,170.0,145.0,170.0,170.0,14.0,8.0,47.0,79.0,15.0,6.0,0.0
147.4,52,362377.0,600.0,102.0,600.0,600.0,0.0,1.0,0.0,0.0,0.5,0.028,0.508,0.5,0.508,0.043,0.518,0.515,0.0,0.0,-1.5,-5.33,60.02,60.08,0.0,0.0,0.0,0.0,0.0,0.0,0.0,1.0,1.0,0.0,-0.0,-0.0,0.0,0.0,0.0,0.0,0.0,0.0,0.0,0.0,0.0,170.0,145.0,170.0,170.0,14.0,8.0,47.0,79.0,15.0,6.0,0.0
147.433,20,362397.0,600.0,102.0,600.0,600.0,0.0,1.0,0.0,0.0,0.5,0.028,0.508,0.5,0.508,0.043,0.518,0.515,0.0,0.0,-1.5,-5.33,60.02,60.08,0.0,0.0,0.0,0.0,0.0,0.0,0.0,1.0,1.0,0.0,-0.0,-0.0,0.0,0.0,0.0,0.0,0.0,0.0,0.0,0.0,0.0,170.0,145.0,170.0,170.0,14.0,8.0,47.0,79.0,15.0,6.0,0.0
147.53,100,362497.0,600.0,102.0,600.0,600.0,0.0,1.0,0.0,0.0,0.5,0.028,0.504,0.5,0.508,0.043,0.512,0.515,0.0,0.0,-1.5,-5.33,60.02,60.08,0.0,0.0,0.0,0.0,0.0,0.0,0.0,1.0,1.0,0.0,-0.0,-0.0,0.0,0.0,0.0,0.0,0.0,0.0,0.0,0.0,0.0,170.0,145.0,170.0,170.0,14.0,8.0,47.0,79.0,15.0,6.0,1.0
147.596,71,362568.0,600.0,105.0,600.0,600.0,0.0,1.0,0.0,0.0,0.5,0.028,0.504,0.5,0.508,0.043,0.512,0.515,0.0,0.0,-1.51,-5.32,60.02,60.08,0.0,0.0,0.0,0.0,0.0,0.0,0.0,1.0,1.0,0.0,-0.0,-0.0,0.0,0.0,0.0,0.0,0.0,0.0,0.0,0.0,0.0,170.0,145.0,170.0,170.0,14.0,8.0,47.0,79.0,15.0,6.0,0.0
147.693,100,362668.0,600.0,105.0,600.0,600.0,0.0,1.0,0.0,0.0,0.5,0.029,0.502,0.5,0.508,0.044,0.51,0.515,0.0,0.0,-1.51,-5.32,60.02,60.08,0.0,0.0,0.0,0.0,0.0,0.0,0.0,1.0,1.0,0.0,-0.0,-0.0,0.0,0.0,0.0,0.0,0.0,0.0,0.0,0.0,0.0,170.0,145.0,170.0,170.0,14.0,8.0,47.0,79.0,15.0,6.0,0.0
147.759,52,362720.0,600.0,105.0,600.0,600.0,0.0,1.0,0.0,0.0,0.5,0.029,0.502,0.5,0.508,0.044,0.51,0.515,0.0,0.0,-1.51,-5.32,60.02,60.08,0.0,0.0,0.0,0.0,0.0,0.0,0.0,1.0,1.0,0.0,-0.0,-0.0,0.0,0.0,0.0,0.0,0.0,0.0,0.0,0.0,0.0,170.0,145.0,170.0,170.0,14.0,8.0,47.0,79.0,15.0,6.0,1.0
147.791,19,362739.0,600.0,103.0,600.0,600.0,0.0,1.0,0.0,0.0,0.5,0.029,0.502,0.5,0.508,0.044,0.51,0.515,0.0,0.0,-1.51,-5.32,60.02,60.08,0.0,0.0,0.0,0.0,0.0,0.0,0.0,1.0,1.0,0.0,-0.0,-0.0,0.0,0.0,0.0,0.0,0.0,0.0,0.0,0.0,0.0,170.0,145.0,170.0,170.0,14.0,8.0,47.0,79.0,15.0,6.0,0.0
147.888,101,362840.0,600.0,103.0,600.0,600.0,0.0,1.0,0.0,0.0,0.5,0.029,0.501,0.5,0.508,0.044,0.509,0.515,0.0,0.0,-1.51,-5.32,60.02,60.08,0.0,0.0,0.0,0.0,0.0,0.0,0.0,1.0,1.0,0.0,-0.0,-0.0,0.0,0.0,0.0,0.0,0.0,0.0,0.0,0.0,0.0,170.0,145.0,170.0,170.0,14.0,8.0,47.0,79.0,15.0,6.0,0.0
147.921,52,362892.0,600.0,103.0,600.0,600.0,0.0,1.0,0.0,0.0,0.5,0.029,0.501,0.5,0.508,0.044,0.509,0.515,0.0,0.0,-1.51,-5.32,60.02,60.08,0.0,0.0,0.0,0.0,0.0,0.0,0.0,1.0,1.0,0.0,-0.0,-0.0,0.0,0.0,0.0,0.0,0.0,0.0,0.0,0.0,0.0,170.0,145.0,170.0,170.0,14.0,8.0,47.0,79.0,15.0,6.0,0.0
147.953,19,362911.0,600.0,104.0,600.0,600.0,0.0,1.0,0.0,0.0,0.5,0.029,0.501,0.5,0.508,0.044,0.509,0.515,0.0,0.0,-1.51,-5.32,60.02,60.08,0.0,0.0,0.0,0.0,0.0,0.0,0.0,1.0,1.0,0.0,-0.0,-0.0,0.0,0.0,0.0,0.0,0.0,0.0,0.0,0.0,0.0,170.0,145.0,170.0,170.0,14.0,8.0,47.0,79.0,15.0,6.0,0.0
148.051,101,363012.0,600.0,104.0,600.0,600.0,0.0,1.0,0.0,0.0,0.5,0.029,0.5,0.5,0.508,0.044,0.508,0.515,0.0,0.0,-1.5,-5.32,60.02,60.08,0.0,0.0,0.0,0.0,0.0,0.0,0.0,1.0,1.0,0.0,-0.0,-0.0,0.0,0.0,0.0,0.0,0.0,0.0,0.0,0.0,0.0,170.0,145.0,170.0,170.0,14.0,8.0,47.0,79.0,15.0,6.0,0.0
148.116,71,363083.0,600.0,104.0,600.0,600.0,0.0,1.0,0.0,0.0,0.5,0.029,0.5,0.5,0.508,0.044,0.508,0.515,0.0,0.0,-1.5,-5.32,60.02,60.08,0.0,0.0,0.0,0.0,0.0,0.0,0.0,1.0,1.0,0.0,-0.0,-0.0,0.0,0.0,0.0,0.0,0.0,0.0,0.0,0.0,0.0,170.0,145.0,170.0,170.0,14.0,8.0,47.0,79.0,15.0,6.0,0.0
148.213,102,363185.0,600.0,104.0,600.0,600.0,0.0,1.0,0.0,0.0,0.5,0.029,0.5,0.5,0.508,0.044,0.508,0.515,0.0,0.0,-1.5,-5.32,60.02,60.08,0.0,0.0,0.0,0.0,0.0,0.0,0.0,1.0,1.0,0.0,-0.0,-0.0,0.0,0.0,0.0,0.0,0.0,0.0,0.0,0.0,0.0,170.0,145.0,170.0,170.0,14.0,8.0,47.0,79.0,15.0,6.0,0.0
148.278,52,363237.0,600.0,104.0,600.0,600.0,0.0,1.0,0.0,0.0,0.5,0.029,0.5,0.5,0.508,0.044,0.508,0.515,0.0,0.0,-1.5,-5.32,60.02,60.08,0.0,0.0,0.0,0.0,0.0,0.0,0.0,1.0,1.0,0.0,-0.0,-0.0,0.0,0.0,0.0,0.0,0.0,0.0,0.0,0.0,0.0,170.0,145.0,170.0,170.0,14.0,8.0,47.0,79.0,15.0,6.0,0.0
148.309,20,363257.0,600.0,103.0,600.0,600.0,0.0,1.0,0.0,0.0,0.5,0.029,0.5,0.5,0.508,0.044,0.508,0.515,0.0,0.0,-1.5,-5.32,60.02,60.08,0.0,0.0,0.0,0.0,0.0,0.0,0.0,1.0,1.0,0.0,-0.0,-0.0,0.0,0.0,0.0,0.0,0.0,0.0,0.0,0.0,0.0,170.0,145.0,170.0,170.0,14.0,8.0,47.0,79.0,15.0,6.0,0.0
148.406,100,363357.0,600.0,103.0,600.0,600.0,0.0,1.0,0.0,0.0,0.5,0.029,0.5,0.5,0.508,0.043,0.508,0.515,0.0,0.0,-1.5,-5.32,60.02,60.08,0.0,0.0,0.0,0.0,0.0,0.0,0.0,1.0,1.0,0.0,-0.0,-0.0,0.0,0.0,0.0,0.0,0.0,0.0,0.0,0.0,0.0,170.0,145.0,170.0,170.0,14.0,8.0,47.0,79.0,15.0,6.0,1.0
148.439,52,363409.0,600.0,103.0,600.0,600.0,0.0,1.0,0.0,0.0,0.5,0.029,0.5,0.5,0.508,0.043,0.508,0.515,0.0,0.0,-1.49,-5.32,60.02,60.08,0.0,0.0,0.0,0.0,0.0,0.0,0.0,1.0,1.0,0.0,-0.0,-0.0,0.0,0.0,0.0,0.0,0.0,0.0,0.0,0.0,0.0,170.0,145.0,170.0,170.0,14.0,8.0,47.0,79.0,15.0,6.0,0.0
148.472,19,363428.0,600.0,102.0,600.0,600.0,0.0,1.0,0.0,0.0,0.5,0.029,0.5,0.5,0.508,0.043,0.508,0.515,0.0,0.0,-1.49,-5.32,60.02,60.08,0.0,0.0,0.0,0.0,0.0,0.0,0.0,1.0,1.0,0.0,-0.0,-0.0,0.0,0.0,0.0,0.0,0.0,0.0,0.0,0.0,0.0,170.0,145.0,170.0,170.0,14.0,8.0,47.0,79.0,15.0,6.0,0.0
148.569,102,363530.0,600.0,102.0,600.0,600.0,0.0,1.0,0.0,0.0,0.5,0.028,0.5,0.5,0.508,0.043,0.508,0.515,0.0,0.0,-1.49,-5.33,60.02,60.08,0.0,0.0,0.0,0.0,0.0,0.0,0.0,1.0,1.0,0.0,-0.0,-0.0,0.0,0.0,0.0,0.0,0.0,0.0,0.0,0.0,0.0,170.0,145.0,170.0,170.0,14.0,8.0,47.0,79.0,15.0,6.0,0.0
148.635,71,363601.0,600.0,104.0,600.0,600.0,0.0,1.0,0.0,0.0,0.5,0.028,0.5,0.5,0.508,0.043,0.508,0.515,0.0,0.0,-1.49,-5.33,60.02,60.08,0.0,0.0,0.0,0.0,0.0,0.0,0.0,1.0,1.0,0.0,-0.0,-0.0,0.0,0.0,0.0,0.0,0.0,0.0,0.0,0.0,0.0,170.0,145.0,170.0,170.0,14.0,8.0,47.0,79.0,15.0,6.0,0.0
148.732,105,363706.0,600.0,104.0,705.0,600.0,0.0,1.0,0.0,0.0,0.5,0.029,0.543,0.5,0.508,0.044,0.544,0.515,0.0,0.0,-1.49,-5.32,60.02,60.08,0.0,0.0,0.0,0.0,0.0,0.0,0.0,1.0,1.0,0.0,-0.0,-0.0,0.0,0.0,0.0,0.0,0.0,0.0,0.0,0.0,0.0,170.0,145.0,170.0,170.0,14.0,8.0,47.0,79.0,15.0,6.0,1.0
148.798,52,363758.0,600.0,104.0,705.0,600.0,0.0,1.0,0.0,0.0,0.5,0.029,0.543,0.5,0.508,0.044,0.544,0.515,0.0,0.0,-1.49,-5.32,60.02,60.08,0.0,0.0,0.0,0.0,0.0,0.0,0.0,1.0,1.0,0.0,-0.0,-0.0,0.0,0.0,0.0,0.0,0.0,0.0,0.0,0.0,0.0,170.0,145.0,170.0,170.0,14.0,8.0,47.0,79.0,15.0,6.0,1.0
148.83,19,363777.0,600.0,103.0,705.0,600.0,0.0,1.0,0.0,0.0,0.5,0.029,0.543,0.5,0.508,0.044,0.544,0.515,0.0,0.0,-1.49,-5.32,60.02,60.08,0.0,0.0,0.0,0.0,0.0,0.0,0.0,1.0,1.0,0.0,-0.0,-0.0,0.0,0.0,0.0,0.0,0.0,0.0,0.0,0.0,0.0,170.0,145.0,170.0,170.0,14.0,8.0,47.0,79.0,15.0,6.0,0.0
148.928,100,363877.0,600.0,103.0,705.0,600.0,0.0,1.0,0.0,0.0,0.5,0.029,0.563,0.5,0.508,0.044,0.567,0.516,0.0,0.0,-1.49,-5.32,60.02,60.08,0.0,0.0,0.0,0.0,0.0,0.0,0.0,1.0,1.0,0.0,-0.0,-0.0,0.0,0.0,0.0,0.0,0.0,0.0,0.0,0.0,0.0,170.0,145.0,170.0,170.0,14.0,8.0,47.0,79.0,15.0,6.0,1.0
148.961,52,363929.0,600.0,103.0,705.0,600.0,0.0,1.0,0.0,0.0,0.5,0.029,0.563,0.5,0.508,0.044,0.567,0.516,0.0,0.0,-1.48,-5.33,60.02,60.08,0.0,0.0,0.0,0.0,0.0,0.0,0.0,1.0,1.0,0.0,-0.0,-0.0,0.0,0.0,0.0,0.0,0.0,0.0,0.0,0.0,0.0,170.0,145.0,170.0,170.0,14.0,8.0,47.0,79.0,15.0,6.0,0.0
148.993,19,363948.0,600.0,104.0,705.0,600.0,0.0,1.0,0.0,0.0,0.5,0.029,0.563,0.5,0.508,0.044,0.567,0.516,0.0,0.0,-1.48,-5.33,60.02,60.08,0.0,0.0,0.0,0.0,0.0,0.0,0.0,1.0,1.0,0.0,-0.0,-0.0,0.0,0.0,0.0,0.0,0.0,0.0,0.0,0.0,0.0,170.0,145.0,170.0,170.0,14.0,8.0,47.0,79.0,15.0,6.0,0.0
149.092,100,364048.0,600.0,104.0,705.0,600.0,0.0,1.0,0.0,0.0,0.5,0.029,0.572,0.5,0.508,0.044,0.578,0.516,0.0,0.0,-1.48,-5.33,60.02,60.08,0.0,0.0,0.0,0.0,0.0,0.0,0.0,1.0,1.0,0.0,-0.0,-0.0,0.0,0.0,0.0,0.0,0.0,0.0,0.0,0.0,0.0,170.0,145.0,170.0,170.0,14.0,8.0,47.0,79.0,15.0,6.0,1.0
149.125,52,364100.0,600.0,104.0,705.0,600.0,0.0,1.0,0.0,0.0,0.5,0.029,0.572,0.5,0.508,0.044,0.578,0.516,0.0,0.0,-1.48,-5.33,60.02,60.08,0.0,0.0,0.0,0.0,0.0,0.0,0.0,1.0,1.0,0.0,-0.0,-0.0,0.0,0.0,0.0,0.0,0.0,0.0,0.0,0.0,0.0,170.0,145.0,170.0,170.0,14.0,8.0,47.0,79.0,15.0,6.0,0.0
149.157,20,364120.0,600.0,105.0,705.0,600.0,0.0,1.0,0.0,0.0,0.5,0.029,0.572,0.5,0.508,0.044,0.578,0.516,0.0,0.0,-1.48,-5.33,60.02,60.08,0.0,0.0,0.0,0.0,0.0,0.0,0.0,1.0,1.0,0.0,-0.0,-0.0,0.0,0.0,0.0,0.0,0.0,0.0,0.0,0.0,0.0,170.0,145.0,170.0,170.0,14.0,8.0,47.0,79.0,15.0,6.0,0.0
149.255,100,364220.0,600.0,105.0,705.0,600.0,0.0,1.0,0.0,0.0,0.5,0.029,0.576,0.5,0.508,0.045,0.583,0.516,0.0,0.0,-1.48,-5.32,60.02,60.08,0.0,0.0,0.0,0.0,0.0,0.0,0.0,1.0,1.0,0.0,-0.0,-0.0,0.0,0.0,0.0,0.0,0.0,0.0,0.0,0.0,0.0,170.0,145.0,170.0,170.0,14.0,8.0,47.0,79.0,15.0,6.0,0.0
149.318,70,364290.0,600.0,105.0,705.0,600.0,0.0,1.0,0.0,0.0,0.5,0.029,0.576,0.5,0.508,0.045,0.583,0.516,0.0,0.0,-1.48,-5.32,60.02,60.08,0.0,0.0,0.0,0.0,0.0,0.0,0.0,1.0,1.0,0.0,-0.0,-0.0,0.0,0.0,0.0,0.0,0.0,0.0,0.0,0.0,0.0,170.0,145.0,170.0,170.0,14.0,8.0,47.0,79.0,15.0,6.0,0.0
149.413,100,364390.0,600.0,105.0,705.0,600.0,0.0,1.0,0.0,0.0,0.5,0.03,0.578,0.5,0.508,0.045,0.586,0.516,0.0,0.0,-1.48,-5.32,60.02,60.08,0.0,0.0,0.0,0.0,0.0,0.0,0.0,1.0,1.0,0.0,-0.0,-0.0,0.0,0.0,0.0,0.0,0.0,0.0,0.0,0.0,0.0,170.0,145.0,170.0,170.0,14.0,8.0,47.0,79.0,15.0,6.0,1.0
149.477,52,364442.0,600.0,105.0,705.0,600.0,0.0,1.0,0.0,0.0,0.5,0.03,0.578,0.5,0.508,0.045,0.586,0.516,0.0,0.0,-1.48,-5.32,60.02,60.08,0.0,0.0,0.0,0.0,0.0,0.0,0.0,1.0,1.0,0.0,-0.0,-0.0,0.0,0.0,0.0,0.0,0.0,0.0,0.0,0.0,0.0,170.0,145.0,170.0,170.0,14.0,8.0,47.0,79.0,15.0,6.0,0.0
149.51,19,364461.0,600.0,102.0,705.0,600.0,0.0,1.0,0.0,0.0,0.5,0.03,0.578,0.5,0.508,0.045,0.586,0.516,0.0,0.0,-1.48,-5.32,60.02,60.08,0.0,0.0,0.0,0.0,0.0,0.0,0.0,1.0,1.0,0.0,-0.0,-0.0,0.0,0.0,0.0,0.0,0.0,0.0,0.0,0.0,0.0,170.0,145.0,170.0,170.0,14.0,8.0,47.0,79.0,15.0,6.0,0.0
149.607,103,364564.0,600.0,102.0,600.0,600.0,0.0,1.0,0.0,0.0,0.5,0.029,0.536,0.5,0.508,0.044,0.551,0.515,0.0,0.0,-1.48,-5.32,60.02,60.08,0.0,0.0,0.0,0.0,0.0,0.0,0.0,1.0,1.0,0.0,-0.0,-0.0,0.0,0.0,0.0,0.0,0.0,0.0,0.0,0.0,0.0,170.0,145.0,170.0,170.0,14.0,8.0,47.0,79.0,15.0,6.0,0.0
149.64,52,364616.0,600.0,102.0,600.0,600.0,0.0,1.0,0.0,0.0,0.5,0.029,0.536,0.5,0.508,0.044,0.551,0.515,0.0,0.0,-1.48,-5.32,60.02,60.08,0.0,0.0,0.0,0.0,0.0,0.0,0.0,1.0,1.0,0.0,-0.0,-0.0,0.0,0.0,0.0,0.0,0.0,0.0,0.0,0.0,0.0,170.0,145.0,170.0,170.0,14.0,8.0,47.0,79.0,15.0,6.0,0.0
149.673,19,364635.0,600.0,102.0,600.0,600.0,0.0,1.0,0.0,0.0,0.5,0.029,0.536,0.5,0.508,0.044,0.551,0.515,0.0,0.0,-1.47,-5.32,60.02,60.08,0.0,0.0,0.0,0.0,0.0,0.0,0.0,1.0,1.0,0.0,-0.0,-0.0,0.0,0.0,0.0,0.0,0.0,0.0,0.0,0.0,0.0,170.0,145.0,170.0,170.0,14.0,8.0,47.0,79.0,15.0,6.0,0.0
149.77,83,364718.0,600.0,102.0,715.0,600.0,0.0,1.0,0.0,0.0,0.5,0.028,0.563,0.5,0.508,0.044,0.567,0.516,0.0,0.0,-1.47,-5.32,60.02,60.08,0.0,0.0,0.0,0.0,0.0,0.0,0.0,1.0,1.0,0.0,-0.0,-0.0,0.0,0.0,0.0,0.0,0.0,0.0,0.0,0.0,0.0,170.0,145.0,170.0,170.0,14.0,8.0,47.0,79.0,15.0,6.0,0.0
149.833,64,364782.0,600.0,100.0,715.0,600.0,0.0,1.0,0.0,0.0,0.5,0.028,0.563,0.5,0.508,0.044,0.567,0.516,0.0,0.0,-1.47,-5.32,60.02,60.08,0.0,0.0,0.0,0.0,0.0,0.0,0.0,1.0,1.0,0.0,-0.0,-0.0,0.0,0.0,0.0,0.0,0.0,0.0,0.0,0.0,0.0,170.0,145.0,170.0,170.0,14.0,8.0,47.0,79.0,15.0,6.0,0.0
149.932,98,364880.0,600.0,100.0,715.0,600.0,0.0,1.0,0.0,0.0,0.5,0.028,0.576,0.5,0.508,0.044,0.581,0.516,0.0,0.0,-1.47,-5.32,60.02,60.08,0.0,0.0,0.0,0.0,0.0,0.0,0.0,1.0,1.0,0.0,-0.0,-0.0,0.0,0.0,0.0,0.0,0.0,0.0,0.0,0.0,0.0,170.0,145.0,170.0,170.0,14.0,8.0,47.0,79.0,15.0,6.0,1.0
149.965,52,364932.0,600.0,100.0,715.0,600.0,0.0,1.0,0.0,0.0,0.5,0.028,0.576,0.5,0.508,0.044,0.581,0.516,0.0,0.0,-1.47,-5.32,60.02,60.08,0.0,0.0,0.0,0.0,0.0,0.0,0.0,1.0,1.0,0.0,-0.0,-0.0,0.0,0.0,0.0,0.0,0.0,0.0,0.0,0.0,0.0,170.0,145.0,170.0,170.0,14.0,8.0,47.0,79.0,15.0,6.0,0.0
149.998,20,364952.0,600.0,99.0,715.0,600.0,0.0,1.0,0.0,0.0,0.5,0.028,0.576,0.5,0.508,0.044,0.581,0.516,0.0,0.0,-1.47,-5.32,60.02,60.08,0.0,0.0,0.0,0.0,0.0,0.0,0.0,1.0,1.0,0.0,-0.0,-0.0,0.0,0.0,0.0,0.0,0.0,0.0,0.0,0.0,0.0,170.0,145.0,170.0,170.0,14.0,8.0,47.0,79.0,15.0,6.0,0.0
150.094,100,365052.0,600.0,99.0,715.0,600.0,0.0,1.0,0.0,0.0,0.5,0.027,0.582,0.5,0.508,0.043,0.588,0.516,0.0,0.0,-1.47,-5.32,60.02,60.08,0.0,0.0,0.0,0.0,0.0,0.0,0.0,1.0,1.0,0.0,-0.0,-0.0,0.0,0.0,0.0,0.0,0.0,0.0,0.0,0.0,0.0,170.0,145.0,170.0,170.0,14.0,8.0,47.0,79.0,15.0,6.0,0.0
150.127,52,365104.0,600.0,99.0,715.0,600.0,0.0,1.0,0.0,0.0,0.5,0.027,0.582,0.5,0.508,0.043,0.588,0.516,0.0,0.0,-1.47,-5.32,60.02,60.08,0.0,0.0,0.0,0.0,0.0,0.0,0.0,1.0,1.0,0.0,-0.0,-0.0,0.0,0.0,0.0,0.0,0.0,0.0,0.0,0.0,0.0,170.0,145.0,170.0,170.0,14.0,8.0,47.0,79.0,15.0,6.0,0.0
150.158,19,365123.0,600.0,101.0,715.0,600.0,0.0,1.0,0.0,0.0,0.5,0.027,0.582,0.5,0.508,0.043,0.588,0.516,0.0,0.0,-1.47,-5.32,60.02,60.08,0.0,0.0,0.0,0.0,0.0,0.0,0.0,1.0,1.0,0.0,-0.0,-0.0,0.0,0.0,0.0,0.0,0.0,0.0,0.0,0.0,0.0,170.0,145.0,170.0,170.0,14.0,8.0,47.0,79.0,15.0,6.0,0.0
150.256,86,365209.0,600.0,101.0,715.0,600.0,0.0,1.0,0.0,0.0,0.5,0.027,0.584,0.5,0.508,0.043,0.592,0.516,0.0,0.0,-1.48,-5.32,60.02,60.08,0.0,0.0,0.0,0.0,0.0,0.0,0.0,1.0,1.0,0.0,-0.0,-0.0,0.0,0.0,0.0,0.0,0.0,0.0,0.0,0.0,0.0,170.0,145.0,170.0,170.0,14.0,8.0,47.0,79.0,15.0,6.0,0.0
150.321,63,365272.0,600.0,102.0,715.0,600.0,0.0,1.0,0.0,0.0,0.5,0.027,0.584,0.5,0.508,0.043,0.592,0.516,0.0,0.0,-1.48,-5.32,60.02,60.08,0.0,0.0,0.0,0.0,0.0,0.0,0.0,1.0,1.0,0.0,-0.0,-0.0,0.0,0.0,0.0,0.0,0.0,0.0,0.0,0.0,0.0,170.0,145.0,170.0,170.0,14.0,8.0,47.0,79.0,15.0,6.0,1.0
150.419,101,365373.0,600.0,102.0,715.0,600.0,0.0,1.0,0.0,0.0,0.5,0.028,0.586,0.5,0.508,0.044,0.593,0.516,0.0,0.0,-1.49,-5.32,60.02,60.08,0.0,0.0,0.0,0.0,0.0,0.0,0.0,1.0,1.0,0.0,-0.0,-0.0,0.0,0.0,0.0,0.0,0.0,0.0,0.0,0.0,0.0,170.0,145.0,170.0,170.0,14.0,8.0,47.0,79.0,15.0,6.0,0.0
150.452,53,365426.0,600.0,102.0,715.0,600.0,0.0,1.0,0.0,0.0,0.5,0.028,0.586,0.5,0.508,0.044,0.593,0.516,0.0,0.0,-1.49,-5.32,60.02,60.08,0.0,0.0,0.0,0.0,0.0,0.0,0.0,1.0,1.0,0.0,-0.0,-0.0,0.0,0.0,0.0,0.0,0.0,0.0,0.0,0.0,0.0,170.0,145.0,170.0,170.0,14.0,8.0,47.0,79.0,15.0,6.0,0.0
150.484,19,365445.0,600.0,103.0,715.0,600.0,0.0,1.0,0.0,0.0,0.5,0.028,0.586,0.5,0.508,0.044,0.593,0.516,0.0,0.0,-1.49,-5.32,60.02,60.08,0.0,0.0,0.0,0.0,0.0,0.0,0.0,1.0,1.0,0.0,-0.0,-0.0,0.0,0.0,0.0,0.0,0.0,0.0,0.0,0.0,0.0,170.0,145.0,170.0,170.0,14.0,8.0,47.0,79.0,15.0,6.0,0.0
150.582,102,365547.0,600.0,103.0,600.0,600.0,0.0,1.0,0.0,0.0,0.5,0.028,0.54,0.5,0.508,0.043,0.555,0.515,0.0,0.0,-1.49,-5.32,60.02,60.08,0.0,0.0,0.0,0.0,0.0,0.0,0.0,1.0,1.0,0.0,-0.0,-0.0,0.0,0.0,0.0,0.0,0.0,0.0,0.0,0.0,0.0,170.0,145.0,170.0,170.0,14.0,8.0,47.0,79.0,15.0,6.0,1.0
150.647,71,365618.0,600.0,105.0,600.0,600.0,0.0,1.0,0.0,0.0,0.5,0.028,0.54,0.5,0.508,0.043,0.555,0.515,0.0,0.0,-1.49,-5.32,60.02,60.08,0.0,0.0,0.0,0.0,0.0,0.0,0.0,1.0,1.0,0.0,-0.0,-0.0,0.0,0.0,0.0,0.0,0.0,0.0,0.0,0.0,0.0,170.0,145.0,170.0,170.0,14.0,8.0,47.0,79.0,15.0,6.0,0.0
150.744,101,365719.0,600.0,105.0,703.0,600.0,0.0,1.0,0.0,0.0,0.5,0.029,0.56,0.5,0.508,0.044,0.565,0.516,0.0,0.0,-1.49,-5.32,60.02,60.08,0.0,0.0,0.0,0.0,0.0,0.0,0.0,1.0,1.0,0.0,-0.0,-0.0,0.0,0.0,0.0,0.0,0.0,0.0,0.0,0.0,0.0,170.0,145.0,170.0,170.0,14.0,8.0,47.0,79.0,15.0,6.0,1.0
150.809,52,365771.0,600.0,105.0,703.0,600.0,0.0,1.0,0.0,0.0,0.5,0.029,0.56,0.5,0.508,0.044,0.565,0.516,0.0,0.0,-1.49,-5.32,60.02,60.08,0.0,0.0,0.0,0.0,0.0,0.0,0.0,1.0,1.0,0.0,-0.0,-0.0,0.0,0.0,0.0,0.0,0.0,0.0,0.0,0.0,0.0,170.0,145.0,170.0,170.0,14.0,8.0,47.0,79.0,15.0,6.0,0.0
150.841,20,365791.0,600.0,106.0,703.0,600.0,0.0,1.0,0.0,0.0,0.5,0.029,0.56,0.5,0.508,0.044,0.565,0.516,0.0,0.0,-1.5,-5.32,60.02,60.08,0.0,0.0,0.0,0.0,0.0,0.0,0.0,1.0,1.0,0.0,-0.0,-0.0,0.0,0.0,0.0,0.0,0.0,0.0,0.0,0.0,0.0,170.0,145.0,170.0,170.0,14.0,8.0,47.0,79.0,15.0,6.0,0.0
150.938,100,365891.0,600.0,106.0,703.0,600.0,0.0,1.0,0.0,0.0,0.5,0.03,0.57,0.5,0.508,0.045,0.576,0.516,0.0,0.0,-1.5,-5.33,60.02,60.08,0.0,0.0,0.0,0.0,0.0,0.0,0.0,1.0,1.0,0.0,-0.0,-0.0,0.0,0.0,0.0,0.0,0.0,0.0,0.0,0.0,0.0,170.0,145.0,170.0,170.0,14.0,8.0,47.0,79.0,15.0,6.0,0.0
150.971,52,365943.0,600.0,106.0,703.0,600.0,0.0,1.0,0.0,0.0,0.5,0.03,0.57,0.5,0.508,0.045,0.576,0.516,0.0,0.0,-1.5,-5.33,60.02,60.08,0.0,0.0,0.0,0.0,0.0,0.0,0.0,1.0,1.0,0.0,-0.0,-0.0,0.0,0.0,0.0,0.0,0.0,0.0,0.0,0.0,0.0,170.0,145.0,170.0,170.0,14.0,8.0,47.0,79.0,15.0,6.0,0.0
151.004,19,365962.0,600.0,103.0,703.0,600.0,0.0,1.0,0.0,0.0,0.5,0.03,0.57,0.5,0.508,0.045,0.576,0.516,0.0,0.0,-1.5,-5.33,60.02,60.08,0.0,0.0,0.0,0.0,0.0,0.0,0.0,1.0,1.0,0.0,-0.0,-0.0,0.0,0.0,0.0,0.0,0.0,0.0,0.0,0.0,0.0,170.0,145.0,170.0,170.0,14.0,8.0,47.0,79.0,15.0,6.0,0.0
151.102,100,366062.0,600.0,103.0,703.0,600.0,0.0,1.0,0.0,0.0,0.5,0.029,0.575,0.5,0.508,0.045,0.582,0.516,0.0,0.0,-1.49,-5.32,60.02,60.08,0.0,0.0,0.0,0.0,0.0,0.0,0.0,1.0,1.0,0.0,-0.0,-0.0,0.0,0.0,0.0,0.0,0.0,0.0,0.0,0.0,0.0,170.0,145.0,170.0,170.0,14.0,8.0,47.0,79.0,15.0,6.0,0.0
151.171,71,366133.0,600.0,102.0,703.0,600.0,0.0,1.0,0.0,0.0,0.5,0.029,0.575,0.5,0.508,0.045,0.582,0.516,0.0,0.0,-1.49,-5.32,60.02,60.08,0.0,0.0,0.0,0.0,0.0,0.0,0.0,1.0,1.0,0.0,-0.0,-0.0,0.0,0.0,0.0,0.0,0.0,0.0,0.0,0.0,0.0,170.0,145.0,170.0,170.0,14.0,8.0,47.0,79.0,15.0,6.0,0.0
151.259,99,366232.0,600.0,102.0,703.0,600.0,0.0,1.0,0.0,0.0,0.5,0.029,0.577,0.5,0.508,0.045,0.584,0.516,0.0,0.0,-1.49,-5.32,60.02,60.08,0.0,0.0,0.0,0.0,0.0,0.0,0.0,1.0,1.0,0.0,-0.0,-0.0,0.0,0.0,0.0,0.0,0.0,0.0,0.0,0.0,0.0,170.0,145.0,170.0,170.0,14.0,8.0,47.0,79.0,15.0,6.0,1.0
151.317,52,366284.0,600.0,102.0,703.0,600.0,0.0,1.0,0.0,0.0,0.5,0.029,0.577,0.5,0.508,0.045,0.584,0.516,0.0,0.0,-1.49,-5.32,60.02,60.08,0.0,0.0,0.0,0.0,0.0,0.0,0.0,1.0,1.0,0.0,-0.0,-0.0,0.0,0.0,0.0,0.0,0.0,0.0,0.0,0.0,0.0,170.0,145.0,170.0,170.0,14.0,8.0,47.0,79.0,15.0,6.0,0.0
151.345,19,366303.0,600.0,103.0,703.0,600.0,0.0,1.0,0.0,0.0,0.5,0.029,0.577,0.5,0.508,0.045,0.584,0.516,0.0,0.0,-1.49,-5.32,60.02,60.08,0.0,0.0,0.0,0.0,0.0,0.0,0.0,1.0,1.0,0.0,-0.0,-0.0,0.0,0.0,0.0,0.0,0.0,0.0,0.0,0.0,0.0,170.0,145.0,170.0,170.0,14.0,8.0,47.0,79.0,15.0,6.0,0.0
151.431,100,366403.0,600.0,103.0,703.0,600.0,0.0,1.0,0.0,0.0,0.5,0.029,0.578,0.5,0.508,0.044,0.585,0.516,0.0,0.0,-1.49,-5.32,60.02,60.08,0.0,0.0,0.0,0.0,0.0,0.0,0.0,1.0,1.0,0.0,-0.0,-0.0,0.0,0.0,0.0,0.0,0.0,0.0,0.0,0.0,0.0,170.0,145.0,170.0,170.0,14.0,8.0,47.0,79.0,15.0,6.0,1.0
151.488,52,366455.0,600.0,103.0,703.0,600.0,0.0,1.0,0.0,0.0,0.5,0.029,0.578,0.5,0.508,0.044,0.585,0.516,0.0,0.0,-1.49,-5.32,60.02,60.08,0.0,0.0,0.0,0.0,0.0,0.0,0.0,1.0,1.0,0.0,-0.0,-0.0,0.0,0.0,0.0,0.0,0.0,0.0,0.0,0.0,0.0,170.0,145.0,170.0,170.0,14.0,8.0,47.0,79.0,15.0,6.0,1.0
151.517,21,366476.0,600.0,101.0,703.0,600.0,0.0,1.0,0.0,0.0,0.5,0.029,0.578,0.5,0.508,0.044,0.585,0.516,0.0,0.0,-1.49,-5.32,60.02,60.08,0.0,0.0,0.0,0.0,0.0,0.0,0.0,1.0,1.0,0.0,-0.0,-0.0,0.0,0.0,0.0,0.0,0.0,0.0,0.0,0.0,0.0,170.0,145.0,170.0,170.0,14.0,8.0,47.0,79.0,15.0,6.0,0.0
151.602,83,366559.0,600.0,101.0,600.0,600.0,0.0,1.0,0.0,0.0,0.5,0.028,0.536,0.5,0.508,0.043,0.55,0.515,0.0,0.0,-1.49,-5.32,60.02,60.08,0.0,0.0,0.0,0.0,0.0,0.0,0.0,1.0,1.0,0.0,-0.0,-0.0,0.0,0.0,0.0,0.0,0.0,0.0,0.0,0.0,0.0,170.0,145.0,170.0,170.0,14.0,8.0,47.0,79.0,15.0,6.0,1.0
151.663,65,366624.0,600.0,99.0,600.0,600.0,0.0,1.0,0.0,0.0,0.5,0.028,0.536,0.5,0.508,0.043,0.55,0.515,0.0,0.0,-1.5,-5.32,60.02,60.08,0.0,0.0,0.0,0.0,0.0,0.0,0.0,1.0,1.0,0.0,-0.0,-0.0,0.0,0.0,0.0,0.0,0.0,0.0,0.0,0.0,0.0,170.0,145.0,170.0,170.0,14.0,8.0,47.0,79.0,15.0,6.0,0.0
151.754,99,366723.0,600.0,99.0,600.0,600.0,0.0,1.0,0.0,0.0,0.5,0.027,0.517,0.5,0.508,0.042,0.528,0.515,0.0,0.0,-1.5,-5.32,60.02,60.08,0.0,0.0,0.0,0.0,0.0,0.0,0.0,1.0,1.0,0.0,-0.0,-0.0,0.0,0.0,0.0,0.0,0.0,0.0,0.0,0.0,0.0,170.0,145.0,170.0,170.0,14.0,8.0,47.0,79.0,15.0,6.0,0.0
151.815,71,366794.0,600.0,100.0,600.0,600.0,0.0,1.0,0.0,0.0,0.5,0.027,0.517,0.5,0.508,0.042,0.528,0.515,0.0,0.0,-1.5,-5.32,60.02,60.08,0.0,0.0,0.0,0.0,0.0,0.0,0.0,1.0,1.0,0.0,-0.0,-0.0,0.0,0.0,0.0,0.0,0.0,0.0,0.0,0.0,0.0,170.0,145.0,170.0,170.0,14.0,8.0,47.0,79.0,15.0,6.0,0.0
151.938,100,366894.0,600.0,100.0,723.0,600.0,0.0,1.0,0.0,0.0,0.5,0.027,0.557,0.5,0.508,0.043,0.558,0.515,0.0,0.0,-1.5,-5.32,60.02,60.08,0.0,0.0,0.0,0.0,0.0,0.0,0.0,1.0,1.0,0.0,-0.0,-0.0,0.0,0.0,0.0,0.0,0.0,0.0,0.0,0.0,0.0,170.0,145.0,170.0,170.0,14.0,8.0,47.0,79.0,15.0,6.0,0.0
151.967,52,366946.0,600.0,100.0,723.0,600.0,0.0,1.0,0.0,0.0,0.5,0.027,0.557,0.5,0.508,0.043,0.558,0.515,0.0,0.0,-1.5,-5.32,60.02,60.08,0.0,0.0,0.0,0.0,0.0,0.0,0.0,1.0,1.0,0.0,-0.0,-0.0,0.0,0.0,0.0,0.0,0.0,0.0,0.0,0.0,0.0,170.0,145.0,170.0,170.0,14.0,8.0,47.0,79.0,15.0,6.0,0.0
151.995,19,366965.0,600.0,101.0,723.0,600.0,0.0,1.0,0.0,0.0,0.5,0.027,0.557,0.5,0.508,0.043,0.558,0.515,0.0,0.0,-1.5,-5.32,60.02,60.08,0.0,0.0,0.0,0.0,0.0,0.0,0.0,1.0,1.0,0.0,-0.0,-0.0,0.0,0.0,0.0,0.0,0.0,0.0,0.0,0.0,0.0,170.0,145.0,170.0,170.0,14.0,8.0,47.0,79.0,15.0,6.0,0.0
152.108,104,367069.0,600.0,101.0,723.0,600.0,0.0,1.0,0.0,0.0,0.5,0.027,0.576,0.5,0.508,0.043,0.58,0.516,0.0,0.0,-1.5,-5.32,60.02,60.08,0.0,0.0,0.0,0.0,0.0,0.0,0.0,1.0,1.0,0.0,-0.0,-0.0,0.0,0.0,0.0,0.0,0.0,0.0,0.0,0.0,0.0,170.0,145.0,170.0,170.0,14.0,8.0,47.0,79.0,15.0,6.0,0.0
152.166,71,367140.0,600.0,101.0,723.0,600.0,0.0,1.0,0.0,0.0,0.5,0.027,0.576,0.5,0.508,0.043,0.58,0.516,0.0,0.0,-1.49,-5.32,60.02,60.08,0.0,0.0,0.0,0.0,0.0,0.0,0.0,1.0,1.0,0.0,-0.0,-0.0,0.0,0.0,0.0,0.0,0.0,0.0,0.0,0.0,0.0,170.0,145.0,170.0,170.0,14.0,8.0,47.0,79.0,15.0,6.0,0.0
152.279,101,367241.0,600.0,101.0,723.0,600.0,0.0,1.0,0.0,0.0,0.5,0.027,0.584,0.5,0.508,0.043,0.591,0.516,0.0,0.0,-1.49,-5.32,60.02,60.08,0.0,0.0,0.0,0.0,0.0,0.0,0.0,1.0,1.0,0.0,-0.0,-0.0,0.0,0.0,0.0,0.0,0.0,0.0,0.0,0.0,0.0,170.0,145.0,170.0,170.0,14.0,8.0,47.0,79.0,15.0,6.0,0.0
152.336,71,367312.0,600.0,101.0,723.0,600.0,0.0,1.0,0.0,0.0,0.5,0.027,0.584,0.5,0.508,0.043,0.591,0.516,0.0,0.0,-1.49,-5.32,60.02,60.08,0.0,0.0,0.0,0.0,0.0,0.0,0.0,1.0,1.0,0.0,-0.0,-0.0,0.0,0.0,0.0,0.0,0.0,0.0,0.0,0.0,0.0,170.0,145.0,170.0,170.0,14.0,8.0,47.0,79.0,15.0,6.0,0.0
152.449,101,367413.0,600.0,101.0,723.0,600.0,0.0,1.0,0.0,0.0,0.5,0.027,0.588,0.5,0.508,0.043,0.595,0.516,0.0,0.0,-1.49,-5.32,60.02,60.08,0.0,0.0,0.0,0.0,0.0,0.0,0.0,1.0,1.0,0.0,-0.0,-0.0,0.0,0.0,0.0,0.0,0.0,0.0,0.0,0.0,0.0,170.0,145.0,170.0,170.0,14.0,8.0,47.0,79.0,15.0,6.0,0.0
152.507,73,367486.0,600.0,103.0,723.0,600.0,0.0,1.0,0.0,0.0,0.5,0.027,0.588,0.5,0.508,0.043,0.595,0.516,0.0,0.0,-1.49,-5.32,60.02,60.08,0.0,0.0,0.0,0.0,0.0,0.0,0.0,1.0,1.0,0.0,-0.0,-0.0,0.0,0.0,0.0,0.0,0.0,0.0,0.0,0.0,0.0,170.0,145.0,170.0,170.0,14.0,8.0,47.0,79.0,15.0,6.0,0.0
152.591,84,367570.0,600.0,103.0,723.0,600.0,0.0,1.0,0.0,0.0,0.5,0.028,0.59,0.5,0.508,0.044,0.598,0.516,0.0,0.0,-1.5,-5.32,60.02,60.08,0.0,0.0,0.0,0.0,0.0,0.0,0.0,1.0,1.0,0.0,-0.0,-0.0,0.0,0.0,0.0,0.0,0.0,0.0,0.0,0.0,0.0,170.0,145.0,170.0,170.0,14.0,8.0,47.0,79.0,15.0,6.0,0.0
152.677,63,367633.0,600.0,103.0,723.0,600.0,0.0,1.0,0.0,0.0,0.5,0.028,0.59,0.5,0.508,0.044,0.598,0.516,0.0,0.0,-1.5,-5.32,60.02,60.08,0.0,0.0,0.0,0.0,0.0,0.0,0.0,1.0,1.0,0.0,-0.0,-0.0,0.0,0.0,0.0,0.0,0.0,0.0,0.0,0.0,0.0,170.0,145.0,170.0,170.0,14.0,8.0,47.0,79.0,15.0,6.0,0.0
152.762,101,367734.0,600.0,103.0,718.0,600.0,0.0,1.0,0.0,0.0,0.5,0.028,0.589,0.5,0.508,0.044,0.597,0.516,0.0,0.0,-1.5,-5.32,60.02,60.08,0.0,0.0,0.0,0.0,0.0,0.0,0.0,1.0,1.0,0.0,-0.0,-0.0,0.0,0.0,0.0,0.0,0.0,0.0,0.0,0.0,0.0,170.0,145.0,170.0,170.0,14.0,8.0,47.0,79.0,15.0,6.0,0.0
152.82,52,367786.0,600.0,103.0,718.0,600.0,0.0,1.0,0.0,0.0,0.5,0.028,0.589,0.5,0.508,0.044,0.597,0.516,0.0,0.0,-1.5,-5.32,60.02,60.08,0.0,0.0,0.0,0.0,0.0,0.0,0.0,1.0,1.0,0.0,-0.0,-0.0,0.0,0.0,0.0,0.0,0.0,0.0,0.0,0.0,0.0,170.0,145.0,170.0,170.0,14.0,8.0,47.0,79.0,15.0,6.0,0.0
152.848,19,367805.0,600.0,102.0,718.0,600.0,0.0,1.0,0.0,0.0,0.5,0.028,0.589,0.5,0.508,0.044,0.597,0.516,0.0,0.0,-1.49,-5.31,60.02,60.08,0.0,0.0,0.0,0.0,0.0,0.0,0.0,1.0,1.0,0.0,-0.0,-0.0,0.0,0.0,0.0,0.0,0.0,0.0,0.0,0.0,0.0,170.0,145.0,170.0,170.0,14.0,8.0,47.0,79.0,15.0,6.0,0.0
152.933,101,367906.0,600.0,102.0,718.0,600.0,0.0,1.0,0.0,0.0,0.5,0.028,0.589,0.5,0.508,0.044,0.597,0.516,0.0,0.0,-1.49,-5.32,60.02,60.08,0.0,0.0,0.0,0.0,0.0,0.0,0.0,1.0,1.0,0.0,-0.0,-0.0,0.0,0.0,0.0,0.0,0.0,0.0,0.0,0.0,0.0,170.0,145.0,170.0,170.0,14.0,8.0,47.0,79.0,15.0,6.0,1.0
152.991,53,367959.0,600.0,102.0,718.0,600.0,0.0,1.0,0.0,0.0,0.5,0.028,0.589,0.5,0.508,0.044,0.597,0.516,0.0,0.0,-1.49,-5.32,60.02,60.08,0.0,0.0,0.0,0.0,0.0,0.0,0.0,1.0,1.0,0.0,-0.0,-0.0,0.0,0.0,0.0,0.0,0.0,0.0,0.0,0.0,0.0,170.0,145.0,170.0,170.0,14.0,8.0,47.0,79.0,15.0,6.0,0.0
153.019,19,367978.0,600.0,103.0,718.0,600.0,0.0,1.0,0.0,0.0,0.5,0.028,0.589,0.5,0.508,0.044,0.597,0.516,0.0,0.0,-1.49,-5.33,60.02,60.08,0.0,0.0,0.0,0.0,0.0,0.0,0.0,1.0,1.0,0.0,-0.0,-0.0,0.0,0.0,0.0,0.0,0.0,0.0,0.0,0.0,0.0,170.0,145.0,170.0,170.0,14.0,8.0,47.0,79.0,15.0,6.0,0.0
153.104,104,368082.0,600.0,103.0,826.0,600.0,0.0,1.0,0.0,0.0,0.5,0.028,0.624,0.5,0.508,0.045,0.626,0.516,0.0,0.0,-1.49,-5.33,60.02,60.08,0.0,0.0,0.0,0.0,0.0,0.0,0.0,1.0,1.0,0.0,-0.0,-0.0,0.0,0.0,0.0,0.0,0.0,0.0,0.0,0.0,0.0,170.0,145.0,170.0,170.0,14.0,8.0,47.0,79.0,15.0,6.0,0.0
153.161,52,368134.0,600.0,103.0,826.0,600.0,0.0,1.0,0.0,0.0,0.5,0.028,0.624,0.5,0.508,0.045,0.626,0.516,0.0,0.0,-1.49,-5.33,60.02,60.08,0.0,0.0,0.0,0.0,0.0,0.0,0.0,1.0,1.0,0.0,-0.0,-0.0,0.0,0.0,0.0,0.0,0.0,0.0,0.0,0.0,0.0,170.0,145.0,170.0,170.0,14.0,8.0,47.0,79.0,15.0,6.0,0.0
153.189,19,368153.0,600.0,102.0,826.0,600.0,0.0,1.0,0.0,0.0,0.5,0.028,0.624,0.5,0.508,0.045,0.626,0.516,0.0,0.0,-1.5,-5.34,60.02,60.08,0.0,0.0,0.0,0.0,0.0,0.0,0.0,1.0,1.0,0.0,-0.0,-0.0,0.0,0.0,0.0,0.0,0.0,0.0,0.0,0.0,0.0,170.0,145.0,170.0,170.0,14.0,8.0,47.0,79.0,15.0,6.0,0.0
153.274,101,368254.0,600.0,102.0,826.0,600.0,0.0,1.0,0.0,0.0,0.5,0.028,0.641,0.5,0.508,0.045,0.646,0.517,0.0,0.0,-1.5,-5.34,60.02,60.08,0.0,0.0,0.0,0.0,0.0,0.0,0.0,1.0,1.0,0.0,-0.0,-0.0,0.0,0.0,0.0,0.0,0.0,0.0,0.0,0.0,0.0,170.0,145.0,170.0,170.0,14.0,8.0,47.0,79.0,15.0,6.0,0.0
153.332,51,368305.0,600.0,102.0,826.0,600.0,0.0,1.0,0.0,0.0,0.5,0.028,0.641,0.5,0.508,0.045,0.646,0.517,0.0,0.0,-1.5,-5.34,60.02,60.08,0.0,0.0,0.0,0.0,0.0,0.0,0.0,1.0,1.0,0.0,-0.0,-0.0,0.0,0.0,0.0,0.0,0.0,0.0,0.0,0.0,0.0,170.0,145.0,170.0,170.0,14.0,8.0,47.0,79.0,15.0,6.0,0.0
153.36,20,368325.0,600.0,102.0,826.0,600.0,0.0,1.0,0.0,0.0,0.5,0.028,0.641,0.5,0.508,0.045,0.646,0.517,0.0,0.0,-1.5,-5.34,60.02,60.08,0.0,0.0,0.0,0.0,0.0,0.0,0.0,1.0,1.0,0.0,-0.0,-0.0,0.0,0.0,0.0,0.0,0.0,0.0,0.0,0.0,0.0,170.0,145.0,170.0,170.0,14.0,8.0,47.0,79.0,15.0,6.0,0.0
153.445,100,368425.0,600.0,102.0,826.0,600.0,0.0,1.0,0.0,0.0,0.5,0.028,0.648,0.5,0.508,0.045,0.655,0.517,0.0,0.0,-1.5,-5.34,60.02,60.08,0.0,0.0,0.0,0.0,0.0,0.0,0.0,1.0,1.0,0.0,-0.0,-0.0,0.0,0.0,0.0,0.0,0.0,0.0,0.0,0.0,0.0,170.0,145.0,170.0,170.0,14.0,8.0,47.0,79.0,15.0,6.0,0.0
153.502,52,368477.0,600.0,102.0,826.0,600.0,0.0,1.0,0.0,0.0,0.5,0.028,0.648,0.5,0.508,0.045,0.655,0.517,0.0,0.0,-1.5,-5.34,60.02,60.08,0.0,0.0,0.0,0.0,0.0,0.0,0.0,1.0,1.0,0.0,-0.0,-0.0,0.0,0.0,0.0,0.0,0.0,0.0,0.0,0.0,0.0,170.0,145.0,170.0,170.0,14.0,8.0,47.0,79.0,15.0,6.0,0.0
153.531,21,368498.0,600.0,102.0,826.0,600.0,0.0,1.0,0.0,0.0,0.5,0.028,0.648,0.5,0.508,0.045,0.655,0.517,0.0,0.0,-1.5,-5.33,60.02,60.08,0.0,0.0,0.0,0.0,0.0,0.0,0.0,1.0,1.0,0.0,-0.0,-0.0,0.0,0.0,0.0,0.0,0.0,0.0,0.0,0.0,0.0,170.0,145.0,170.0,170.0,14.0,8.0,47.0,79.0,15.0,6.0,0.0
153.644,100,368598.0,600.0,102.0,709.0,600.0,0.0,1.0,0.0,0.0,0.5,0.028,0.613,0.5,0.508,0.045,0.626,0.516,0.0,0.0,-1.5,-5.33,60.02,60.08,0.0,0.0,0.0,0.0,0.0,0.0,0.0,1.0,1.0,0.0,-0.0,-0.0,0.0,0.0,0.0,0.0,0.0,0.0,0.0,0.0,0.0,170.0,145.0,170.0,170.0,14.0,8.0,47.0,79.0,15.0,6.0,0.0
153.673,52,368650.0,600.0,102.0,709.0,600.0,0.0,1.0,0.0,0.0,0.5,0.028,0.613,0.5,0.508,0.045,0.626,0.516,0.0,0.0,-1.5,-5.33,60.02,60.08,0.0,0.0,0.0,0.0,0.0,0.0,0.0,1.0,1.0,0.0,-0.0,-0.0,0.0,0.0,0.0,0.0,0.0,0.0,0.0,0.0,0.0,170.0,145.0,170.0,170.0,14.0,8.0,47.0,79.0,15.0,6.0,0.0
153.706,19,368669.0,600.0,102.0,709.0,600.0,0.0,1.0,0.0,0.0,0.5,0.028,0.613,0.5,0.508,0.045,0.626,0.516,0.0,0.0,-1.5,-5.33,60.02,60.08,0.0,0.0,0.0,0.0,0.0,0.0,0.0,1.0,1.0,0.0,-0.0,-0.0,0.0,0.0,0.0,0.0,0.0,0.0,0.0,0.0,0.0,170.0,145.0,170.0,170.0,14.0,8.0,47.0,79.0,15.0,6.0,0.0
153.791,103,368772.0,600.0,102.0,812.0,600.0,0.0,1.0,0.0,0.0,0.5,0.028,0.631,0.5,0.508,0.045,0.636,0.517,0.0,0.0,-1.49,-5.33,60.02,60.08,0.0,0.0,0.0,0.0,0.0,0.0,0.0,1.0,1.0,0.0,-0.0,-0.0,0.0,0.0,0.0,0.0,0.0,0.0,0.0,0.0,0.0,170.0,145.0,170.0,170.0,14.0,8.0,47.0,79.0,15.0,6.0,0.0
153.849,52,368824.0,600.0,102.0,812.0,600.0,0.0,1.0,0.0,0.0,0.5,0.028,0.631,0.5,0.508,0.045,0.636,0.517,0.0,0.0,-1.49,-5.33,60.02,60.08,0.0,0.0,0.0,0.0,0.0,0.0,0.0,1.0,1.0,0.0,-0.0,-0.0,0.0,0.0,0.0,0.0,0.0,0.0,0.0,0.0,0.0,170.0,145.0,170.0,170.0,14.0,8.0,47.0,79.0,15.0,6.0,0.0
153.877,19,368843.0,600.0,101.0,812.0,600.0,0.0,1.0,0.0,0.0,0.5,0.028,0.631,0.5,0.508,0.045,0.636,0.517,0.0,0.0,-1.49,-5.33,60.02,60.08,0.0,0.0,0.0,0.0,0.0,0.0,0.0,1.0,1.0,0.0,-0.0,-0.0,0.0,0.0,0.0,0.0,0.0,0.0,0.0,0.0,0.0,170.0,145.0,170.0,170.0,14.0,8.0,47.0,79.0,15.0,6.0,0.0
153.967,100,368943.0,600.0,101.0,704.0,600.0,0.0,1.0,0.0,0.0,0.5,0.028,0.603,0.5,0.508,0.044,0.615,0.516,0.0,0.0,-1.49,-5.33,60.02,60.08,0.0,0.0,0.0,0.0,0.0,0.0,0.0,1.0,1.0,0.0,-0.0,-0.0,0.0,0.0,0.0,0.0,0.0,0.0,0.0,0.0,0.0,170.0,145.0,170.0,170.0,14.0,8.0,47.0,79.0,15.0,6.0,0.0
154.031,51,368994.0,600.0,101.0,704.0,600.0,0.0,1.0,0.0,0.0,0.5,0.028,0.603,0.5,0.508,0.044,0.615,0.516,0.0,0.0,-1.49,-5.33,60.02,60.08,0.0,0.0,0.0,0.0,0.0,0.0,0.0,1.0,1.0,0.0,-0.0,-0.0,0.0,0.0,0.0,0.0,0.0,0.0,0.0,0.0,0.0,170.0,145.0,170.0,170.0,14.0,8.0,47.0,79.0,15.0,6.0,0.0
154.059,19,369013.0,600.0,101.0,704.0,600.0,0.0,1.0,0.0,0.0,0.5,0.028,0.603,0.5,0.508,0.044,0.615,0.516,0.0,0.0,-1.49,-5.33,60.02,60.08,0.0,0.0,0.0,0.0,0.0,0.0,0.0,1.0,1.0,0.0,-0.0,-0.0,0.0,0.0,0.0,0.0,0.0,0.0,0.0,0.0,0.0,170.0,145.0,170.0,170.0,14.0,8.0,47.0,79.0,15.0,6.0,0.0
154.145,102,369115.0,600.0,101.0,704.0,600.0,0.0,1.0,0.0,0.0,0.5,0.028,0.59,0.5,0.508,0.044,0.6,0.516,0.0,0.0,-1.5,-5.33,60.02,60.08,0.0,0.0,0.0,0.0,0.0,0.0,0.0,1.0,1.0,0.0,-0.0,-0.0,0.0,0.0,0.0,0.0,0.0,0.0,0.0,0.0,0.0,170.0,145.0,170.0,170.0,14.0,8.0,47.0,79.0,15.0,6.0,0.0
154.202,52,369167.0,600.0,101.0,704.0,600.0,0.0,1.0,0.0,0.0,0.5,0.028,0.59,0.5,0.508,0.044,0.6,0.516,0.0,0.0,-1.5,-5.33,60.02,60.08,0.0,0.0,0.0,0.0,0.0,0.0,0.0,1.0,1.0,0.0,-0.0,-0.0,0.0,0.0,0.0,0.0,0.0,0.0,0.0,0.0,0.0,170.0,145.0,170.0,170.0,14.0,8.0,47.0,79.0,15.0,6.0,1.0
154.231,20,369187.0,600.0,100.0,704.0,600.0,0.0,1.0,0.0,0.0,0.5,0.028,0.59,0.5,0.508,0.044,0.6,0.516,0.0,0.0,-1.5,-5.33,60.02,60.08,0.0,0.0,0.0,0.0,0.0,0.0,0.0,1.0,1.0,0.0,-0.0,-0.0,0.0,0.0,0.0,0.0,0.0,0.0,0.0,0.0,0.0,170.0,145.0,170.0,170.0,14.0,8.0,47.0,79.0,15.0,6.0,0.0
154.316,102,369289.0,600.0,100.0,704.0,600.0,0.0,1.0,0.0,0.0,0.5,0.027,0.584,0.5,0.508,0.043,0.593,0.516,0.0,0.0,-1.5,-5.33,60.02,60.08,0.0,0.0,0.0,0.0,0.0,0.0,0.0,1.0,1.0,0.0,-0.0,-0.0,0.0,0.0,0.0,0.0,0.0,0.0,0.0,0.0,0.0,170.0,145.0,170.0,170.0,14.0,8.0,47.0,79.0,15.0,6.0,0.0
154.344,35,369324.0,600.0,100.0,704.0,600.0,0.0,1.0,0.0,0.0,0.5,0.027,0.584,0.5,0.508,0.043,0.593,0.516,0.0,0.0,-1.5,-5.33,60.02,60.08,0.0,0.0,0.0,0.0,0.0,0.0,0.0,1.0,1.0,0.0,-0.0,-0.0,0.0,0.0,0.0,0.0,0.0,0.0,0.0,0.0,0.0,170.0,145.0,170.0,170.0,14.0,8.0,47.0,79.0,15.0,6.0,0.0
154.458,107,369431.0,600.0,101.0,704.0,600.0,0.0,1.0,0.0,0.0,0.5,0.027,0.581,0.5,0.508,0.043,0.59,0.516,0.0,0.0,-1.51,-5.32,60.02,60.08,0.0,0.0,0.0,0.0,0.0,0.0,0.0,1.0,1.0,0.0,-0.0,-0.0,0.0,0.0,0.0,0.0,0.0,0.0,0.0,0.0,0.0,170.0,145.0,170.0,170.0,14.0,8.0,47.0,79.0,15.0,6.0,0.0
154.515,52,369483.0,600.0,101.0,704.0,600.0,0.0,1.0,0.0,0.0,0.5,0.027,0.581,0.5,0.508,0.043,0.59,0.516,0.0,0.0,-1.51,-5.32,60.02,60.08,0.0,0.0,0.0,0.0,0.0,0.0,0.0,1.0,1.0,0.0,-0.0,-0.0,0.0,0.0,0.0,0.0,0.0,0.0,0.0,0.0,0.0,170.0,145.0,170.0,170.0,14.0,8.0,47.0,79.0,15.0,6.0,0.0
154.544,19,369502.0,600.0,102.0,704.0,600.0,0.0,1.0,0.0,0.0,0.5,0.027,0.581,0.5,0.508,0.043,0.59,0.516,0.0,0.0,-1.51,-5.32,60.02,60.08,0.0,0.0,0.0,0.0,0.0,0.0,0.0,1.0,1.0,0.0,-0.0,-0.0,0.0,0.0,0.0,0.0,0.0,0.0,0.0,0.0,0.0,170.0,145.0,170.0,170.0,14.0,8.0,47.0,79.0,15.0,6.0,0.0
154.629,100,369602.0,600.0,102.0,600.0,600.0,0.0,1.0,0.0,0.0,0.5,0.028,0.538,0.5,0.508,0.043,0.552,0.515,0.0,0.0,-1.51,-5.32,60.02,60.08,0.0,0.0,0.0,0.0,0.0,0.0,0.0,1.0,1.0,0.0,-0.0,-0.0,0.0,0.0,0.0,0.0,0.0,0.0,0.0,0.0,0.0,170.0,145.0,170.0,170.0,14.0,8.0,47.0,79.0,15.0,6.0,0.0
154.686,53,369655.0,600.0,102.0,600.0,600.0,0.0,1.0,0.0,0.0,0.5,0.028,0.538,0.5,0.508,0.043,0.552,0.515,0.0,0.0,-1.5,-5.33,60.02,60.08,0.0,0.0,0.0,0.0,0.0,0.0,0.0,1.0,1.0,0.0,-0.0,-0.0,0.0,0.0,0.0,0.0,0.0,0.0,0.0,0.0,0.0,170.0,145.0,170.0,170.0,14.0,8.0,47.0,79.0,15.0,6.0,0.0
154.715,19,369674.0,600.0,104.0,600.0,600.0,0.0,1.0,0.0,0.0,0.5,0.028,0.538,0.5,0.508,0.043,0.552,0.515,0.0,0.0,-1.5,-5.32,60.02,60.08,0.0,0.0,0.0,0.0,0.0,0.0,0.0,1.0,1.0,0.0,-0.0,-0.0,0.0,0.0,0.0,0.0,0.0,0.0,0.0,0.0,0.0,170.0,145.0,170.0,170.0,14.0,8.0,47.0,79.0,15.0,6.0,0.0
154.8,100,369774.0,600.0,104.0,600.0,600.0,0.0,1.0,0.0,0.0,0.5,0.029,0.517,0.5,0.508,0.043,0.529,0.515,0.0,0.0,-1.5,-5.32,60.02,60.08,0.0,0.0,0.0,0.0,0.0,0.0,0.0,1.0,1.0,0.0,-0.0,-0.0,0.0,0.0,0.0,0.0,0.0,0.0,0.0,0.0,0.0,170.0,145.0,170.0,170.0,14.0,8.0,47.0,79.0,15.0,6.0,0.0
154.858,53,369827.0,600.0,104.0,600.0,600.0,0.0,1.0,0.0,0.0,0.5,0.029,0.517,0.5,0.508,0.043,0.529,0.515,0.0,0.0,-1.5,-5.32,60.02,60.08,0.0,0.0,0.0,0.0,0.0,0.0,0.0,1.0,1.0,0.0,-0.0,-0.0,0.0,0.0,0.0,0.0,0.0,0.0,0.0,0.0,0.0,170.0,145.0,170.0,170.0,14.0,8.0,47.0,79.0,15.0,6.0,0.0
154.886,19,369846.0,600.0,105.0,600.0,600.0,0.0,1.0,0.0,0.0,0.5,0.029,0.517,0.5,0.508,0.043,0.529,0.515,0.0,0.0,-1.5,-5.32,60.02,60.08,0.0,0.0,0.0,0.0,0.0,0.0,0.0,1.0,1.0,0.0,-0.0,-0.0,0.0,0.0,0.0,0.0,0.0,0.0,0.0,0.0,0.0,170.0,145.0,170.0,170.0,14.0,8.0,47.0,79.0,15.0,6.0,0.0
154.971,101,369947.0,600.0,105.0,600.0,600.0,0.0,1.0,0.0,0.0,0.5,0.029,0.508,0.5,0.508,0.044,0.517,0.515,0.0,0.0,-1.5,-5.32,60.02,60.08,0.0,0.0,0.0,0.0,0.0,0.0,0.0,1.0,1.0,0.0,-0.0,-0.0,0.0,0.0,0.0,0.0,0.0,0.0,0.0,0.0,0.0,170.0,145.0,170.0,170.0,14.0,8.0,47.0,79.0,15.0,6.0,1.0
155.028,52,369999.0,600.0,105.0,600.0,600.0,0.0,1.0,0.0,0.0,0.5,0.029,0.508,0.5,0.508,0.044,0.517,0.515,0.0,0.0,-1.5,-5.32,60.02,60.08,0.0,0.0,0.0,0.0,0.0,0.0,0.0,1.0,1.0,0.0,-0.0,-0.0,0.0,0.0,0.0,0.0,0.0,0.0,0.0,0.0,0.0,170.0,145.0,170.0,170.0,14.0,8.0,47.0,79.0,15.0,6.0,1.0
155.057,21,370020.0,600.0,105.0,600.0,600.0,0.0,1.0,0.0,0.0,0.5,0.029,0.508,0.5,0.508,0.044,0.517,0.515,0.0,0.0,-1.5,-5.32,60.02,60.08,0.0,0.0,0.0,0.0,0.0,0.0,0.0,1.0,1.0,0.0,-0.0,-0.0,0.0,0.0,0.0,0.0,0.0,0.0,0.0,0.0,0.0,170.0,145.0,170.0,170.0,14.0,8.0,47.0,79.0,15.0,6.0,0.0
155.142,99,370119.0,600.0,105.0,600.0,600.0,0.0,1.0,0.0,0.0,0.5,0.029,0.504,0.5,0.508,0.044,0.512,0.515,0.0,0.0,-1.5,-5.32,60.02,60.08,0.0,0.0,0.0,0.0,0.0,0.0,0.0,1.0,1.0,0.0,-0.0,-0.0,0.0,0.0,0.0,0.0,0.0,0.0,0.0,0.0,0.0,170.0,145.0,170.0,170.0,14.0,8.0,47.0,79.0,15.0,6.0,0.0
155.199,52,370171.0,600.0,105.0,600.0,600.0,0.0,1.0,0.0,0.0,0.5,0.029,0.504,0.5,0.508,0.044,0.512,0.515,0.0,0.0,-1.5,-5.32,60.02,60.08,0.0,0.0,0.0,0.0,0.0,0.0,0.0,1.0,1.0,0.0,-0.0,-0.0,0.0,0.0,0.0,0.0,0.0,0.0,0.0,0.0,0.0,170.0,145.0,170.0,170.0,14.0,8.0,47.0,79.0,15.0,6.0,0.0
155.228,19,370190.0,600.0,105.0,600.0,600.0,0.0,1.0,0.0,0.0,0.5,0.029,0.504,0.5,0.508,0.044,0.512,0.515,0.0,0.0,-1.5,-5.32,60.02,60.08,0.0,0.0,0.0,0.0,0.0,0.0,0.0,1.0,1.0,0.0,-0.0,-0.0,0.0,0.0,0.0,0.0,0.0,0.0,0.0,0.0,0.0,170.0,145.0,170.0,170.0,14.0,8.0,47.0,79.0,15.0,6.0,0.0
155.312,101,370291.0,600.0,105.0,704.0,600.0,0.0,1.0,0.0,0.0,0.5,0.029,0.544,0.5,0.508,0.045,0.546,0.515,0.0,0.0,-1.5,-5.32,60.02,60.08,0.0,0.0,0.0,0.0,0.0,0.0,0.0,1.0,1.0,0.0,-0.0,-0.0,0.0,0.0,0.0,0.0,0.0,0.0,0.0,0.0,0.0,170.0,145.0,170.0,170.0,14.0,8.0,47.0,79.0,15.0,6.0,1.0
155.37,52,370343.0,600.0,105.0,704.0,600.0,0.0,1.0,0.0,0.0,0.5,0.029,0.544,0.5,0.508,0.045,0.546,0.515,0.0,0.0,-1.5,-5.32,60.02,60.08,0.0,0.0,0.0,0.0,0.0,0.0,0.0,1.0,1.0,0.0,-0.0,-0.0,0.0,0.0,0.0,0.0,0.0,0.0,0.0,0.0,0.0,170.0,145.0,170.0,170.0,14.0,8.0,47.0,79.0,15.0,6.0,0.0
155.398,19,370362.0,600.0,104.0,704.0,600.0,0.0,1.0,0.0,0.0,0.5,0.029,0.544,0.5,0.508,0.045,0.546,0.515,0.0,0.0,-1.5,-5.32,60.02,60.08,0.0,0.0,0.0,0.0,0.0,0.0,0.0,1.0,1.0,0.0,-0.0,-0.0,0.0,0.0,0.0,0.0,0.0,0.0,0.0,0.0,0.0,170.0,145.0,170.0,170.0,14.0,8.0,47.0,79.0,15.0,6.0,0.0
155.496,102,370464.0,600.0,104.0,820.0,600.0,0.0,1.0,0.0,0.0,0.5,0.029,0.602,0.5,0.508,0.045,0.6,0.516,0.0,0.0,-1.5,-5.32,60.02,60.08,0.0,0.0,0.0,0.0,0.0,0.0,0.0,1.0,1.0,0.0,-0.0,-0.0,0.0,0.0,0.0,0.0,0.0,0.0,0.0,0.0,0.0,170.0,145.0,170.0,170.0,14.0,8.0,47.0,79.0,15.0,6.0,0.0
155.553,52,370516.0,600.0,104.0,820.0,600.0,0.0,1.0,0.0,0.0,0.5,0.029,0.602,0.5,0.508,0.045,0.6,0.516,0.0,0.0,-1.5,-5.32,60.02,60.08,0.0,0.0,0.0,0.0,0.0,0.0,0.0,1.0,1.0,0.0,-0.0,-0.0,0.0,0.0,0.0,0.0,0.0,0.0,0.0,0.0,0.0,170.0,145.0,170.0,170.0,14.0,8.0,47.0,79.0,15.0,6.0,0.0
155.581,19,370535.0,600.0,104.0,820.0,600.0,0.0,1.0,0.0,0.0,0.5,0.029,0.602,0.5,0.508,0.045,0.6,0.516,0.0,0.0,-1.5,-5.32,60.02,60.08,0.0,0.0,0.0,0.0,0.0,0.0,0.0,1.0,1.0,0.0,-0.0,-0.0,0.0,0.0,0.0,0.0,0.0,0.0,0.0,0.0,0.0,170.0,145.0,170.0,170.0,14.0,8.0,47.0,79.0,15.0,6.0,0.0
155.666,100,370635.0,600.0,104.0,927.0,600.0,0.0,1.0,0.0,0.0,0.5,0.029,0.657,0.5,0.508,0.046,0.656,0.517,0.0,0.0,-1.5,-5.32,60.02,60.08,0.0,0.0,0.0,0.0,0.0,0.0,0.0,1.0,1.0,0.0,-0.0,-0.0,0.0,0.0,0.0,0.0,0.0,0.0,0.0,0.0,0.0,170.0,145.0,170.0,170.0,14.0,8.0,47.0,79.0,15.0,6.0,1.0
155.724,52,370687.0,600.0,104.0,927.0,600.0,0.0,1.0,0.0,0.0,0.5,0.029,0.657,0.5,0.508,0.046,0.656,0.517,0.0,0.0,-1.5,-5.32,60.02,60.08,0.0,0.0,0.0,0.0,0.0,0.0,0.0,1.0,1.0,0.0,-0.0,-0.0,0.0,0.0,0.0,0.0,0.0,0.0,0.0,0.0,0.0,170.0,145.0,170.0,170.0,14.0,8.0,47.0,79.0,15.0,6.0,0.0
155.752,19,370706.0,600.0,103.0,927.0,600.0,0.0,1.0,0.0,0.0,0.5,0.029,0.657,0.5,0.508,0.046,0.656,0.517,0.0,0.0,-1.5,-5.32,60.02,60.08,0.0,0.0,0.0,0.0,0.0,0.0,0.0,1.0,1.0,0.0,-0.0,-0.0,0.0,0.0,0.0,0.0,0.0,0.0,0.0,0.0,0.0,170.0,145.0,170.0,170.0,14.0,8.0,47.0,79.0,15.0,6.0,0.0
155.838,99,370805.0,600.0,103.0,1028.0,600.0,0.0,1.0,0.0,0.0,0.5,0.029,0.705,0.5,0.508,0.046,0.705,0.518,0.0,0.0,-1.5,-5.32,60.02,60.08,0.0,0.0,0.0,0.0,0.0,0.0,0.0,1.0,1.0,0.0,-0.0,-0.0,0.0,0.0,0.0,0.0,0.0,0.0,0.0,0.0,0.0,170.0,145.0,170.0,170.0,14.0,8.0,47.0,79.0,15.0,6.0,1.0
155.896,72,370877.0,600.0,103.0,1028.0,600.0,0.0,1.0,0.0,0.0,0.5,0.029,0.705,0.5,0.508,0.046,0.705,0.518,0.0,0.0,-1.5,-5.32,60.02,60.08,0.0,0.0,0.0,0.0,0.0,0.0,0.0,1.0,1.0,0.0,-0.0,-0.0,0.0,0.0,0.0,0.0,0.0,0.0,0.0,0.0,0.0,170.0,145.0,170.0,170.0,14.0,8.0,47.0,79.0,15.0,6.0,0.0
155.981,83,370960.0,600.0,103.0,1028.0,600.0,0.0,1.0,0.0,0.0,0.5,0.029,0.727,0.5,0.508,0.047,0.731,0.518,0.0,0.0,-1.5,-5.32,60.02,60.08,0.0,0.0,0.0,0.0,0.0,0.0,0.0,1.0,1.0,0.0,-0.0,-0.0,0.0,0.0,0.0,0.0,0.0,0.0,0.0,0.0,0.0,170.0,145.0,170.0,170.0,14.0,8.0,47.0,79.0,15.0,6.0,0.0
156.066,66,371026.0,600.0,102.0,1028.0,600.0,0.0,1.0,0.0,0.0,0.5,0.029,0.727,0.5,0.508,0.047,0.731,0.518,0.0,0.0,-1.5,-5.32,60.02,60.08,0.0,0.0,0.0,0.0,0.0,0.0,0.0,1.0,1.0,0.0,-0.0,-0.0,0.0,0.0,0.0,0.0,0.0,0.0,0.0,0.0,0.0,170.0,145.0,170.0,170.0,14.0,8.0,47.0,79.0,15.0,6.0,0.0
156.151,99,371125.0,600.0,102.0,1028.0,600.0,0.0,1.0,0.0,0.0,0.5,0.028,0.737,0.5,0.508,0.047,0.743,0.518,0.0,0.0,-1.5,-5.32,60.02,60.08,0.0,0.0,0.0,0.0,0.0,0.0,0.0,1.0,1.0,-0.4,-0.0,-0.0,0.0,0.0,0.0,0.0,0.0,0.0,0.0,0.0,0.0,170.0,145.0,170.0,170.0,14.0,8.0,47.0,79.0,15.0,6.0,0.0
156.22,70,371195.0,600.0,101.0,1028.0,600.0,0.0,1.0,0.0,0.0,0.5,0.028,0.737,0.5,0.508,0.047,0.743,0.518,0.0,0.0,-1.5,-5.32,60.02,60.08,0.0,0.0,0.0,0.0,0.0,0.0,0.0,1.0,1.0,-0.4,-0.0,-0.0,0.0,0.0,0.0,0.0,0.0,0.0,0.0,0.0,0.0,170.0,145.0,170.0,170.0,14.0,8.0,47.0,79.0,15.0,6.0,0.0
156.348,101,371296.0,600.0,101.0,1015.0,600.0,0.0,1.0,0.0,0.0,0.5,0.028,0.739,0.5,0.508,0.046,0.747,0.518,0.0,0.0,-1.49,-5.32,60.02,60.08,0.0,0.0,0.0,0.0,0.0,0.0,0.0,1.0,1.0,-0.2,-0.0,-0.0,0.0,0.0,0.0,0.0,0.0,0.0,0.0,0.0,0.0,170.0,145.0,170.0,170.0,14.0,8.0,47.0,79.0,15.0,6.0,0.0
156.38,53,371349.0,600.0,101.0,1015.0,600.0,0.0,1.0,0.0,0.0,0.5,0.028,0.739,0.5,0.508,0.046,0.747,0.518,0.0,0.0,-1.49,-5.32,60.02,60.08,0.0,0.0,0.0,0.0,0.0,0.0,0.0,1.0,1.0,-0.2,-0.0,-0.0,0.0,0.0,0.0,0.0,0.0,0.0,0.0,0.0,0.0,170.0,145.0,170.0,170.0,14.0,8.0,47.0,79.0,15.0,6.0,0.0
156.412,19,371368.0,600.0,101.0,1015.0,600.0,0.0,1.0,0.0,0.0,0.5,0.028,0.739,0.5,0.508,0.046,0.747,0.518,0.0,0.0,-1.49,-5.32,60.02,60.08,0.0,0.0,0.0,0.0,0.0,0.0,0.0,1.0,1.0,-0.2,-0.0,-0.0,0.0,0.0,0.0,0.0,0.0,0.0,0.0,0.0,0.0,170.0,145.0,170.0,170.0,14.0,8.0,47.0,79.0,15.0,6.0,0.0
156.507,104,371472.0,600.0,101.0,908.0,600.0,0.0,1.0,0.0,0.0,0.5,0.028,0.716,0.5,0.508,0.046,0.728,0.518,0.0,0.0,-1.49,-5.32,60.02,60.08,0.0,0.0,0.0,0.0,0.0,0.0,0.0,1.0,1.0,-0.1,-0.0,-0.0,0.0,0.0,0.0,0.0,0.0,0.0,0.0,0.0,0.0,170.0,145.0,170.0,170.0,14.0,8.0,47.0,79.0,15.0,6.0,1.0
156.573,72,371544.0,600.0,103.0,908.0,600.0,0.0,1.0,0.0,0.0,0.5,0.028,0.716,0.5,0.508,0.046,0.728,0.518,0.0,0.0,-1.49,-5.32,60.02,60.08,0.0,0.0,0.0,0.0,0.0,0.0,0.0,1.0,1.0,-0.1,-0.0,-0.0,0.0,0.0,0.0,0.0,0.0,0.0,0.0,0.0,0.0,170.0,145.0,170.0,170.0,14.0,8.0,47.0,79.0,15.0,6.0,0.0
156.67,100,371644.0,600.0,103.0,904.0,600.0,0.0,1.0,0.0,0.0,0.5,0.028,0.704,0.5,0.508,0.046,0.714,0.518,0.0,0.0,-1.49,-5.32,60.02,60.08,0.0,0.0,0.0,0.0,0.0,0.0,0.0,1.0,1.0,-0.1,-0.0,-0.0,0.0,0.0,0.0,0.0,0.0,0.0,0.0,0.0,0.0,170.0,145.0,170.0,170.0,14.0,8.0,47.0,79.0,15.0,6.0,0.0
156.738,52,371696.0,600.0,103.0,904.0,600.0,0.0,1.0,0.0,0.0,0.5,0.028,0.704,0.5,0.508,0.046,0.714,0.518,0.0,0.0,-1.48,-5.32,60.02,60.08,0.0,0.0,0.0,0.0,0.0,0.0,0.0,1.0,1.0,-0.1,-0.0,-0.0,0.0,0.0,0.0,0.0,0.0,0.0,0.0,0.0,0.0,170.0,145.0,170.0,170.0,14.0,8.0,47.0,79.0,15.0,6.0,0.0
156.771,20,371716.0,600.0,103.0,904.0,600.0,0.0,1.0,0.0,0.0,0.5,0.028,0.704,0.5,0.508,0.046,0.714,0.518,0.0,0.0,-1.48,-5.32,60.02,60.08,0.0,0.0,0.0,0.0,0.0,0.0,0.0,1.0,1.0,-0.1,-0.0,-0.0,0.0,0.0,0.0,0.0,0.0,0.0,0.0,0.0,0.0,170.0,145.0,170.0,170.0,14.0,8.0,47.0,79.0,15.0,6.0,0.0
156.87,101,371817.0,600.0,103.0,904.0,600.0,0.0,1.0,0.0,0.0,0.5,0.028,0.699,0.5,0.508,0.046,0.708,0.518,0.0,0.0,-1.48,-5.32,60.02,60.08,0.0,0.0,0.0,0.0,0.0,0.0,0.0,1.0,1.0,-0.1,-0.0,-0.0,0.0,0.0,0.0,0.0,0.0,0.0,0.0,0.0,0.0,170.0,145.0,170.0,170.0,14.0,8.0,47.0,79.0,15.0,6.0,0.0
156.903,52,371869.0,600.0,103.0,904.0,600.0,0.0,1.0,0.0,0.0,0.5,0.028,0.699,0.5,0.508,0.046,0.708,0.518,0.0,0.0,-1.48,-5.32,60.02,60.08,0.0,0.0,0.0,0.0,0.0,0.0,0.0,1.0,1.0,-0.0,-0.0,-0.0,0.0,0.0,0.0,0.0,0.0,0.0,0.0,0.0,0.0,170.0,145.0,170.0,170.0,14.0,8.0,47.0,79.0,15.0,6.0,0.0
156.935,19,371888.0,600.0,103.0,904.0,600.0,0.0,1.0,0.0,0.0,0.5,0.028,0.699,0.5,0.508,0.046,0.708,0.518,0.0,0.0,-1.48,-5.32,60.02,60.08,0.0,0.0,0.0,0.0,0.0,0.0,0.0,1.0,1.0,-0.0,-0.0,-0.0,0.0,0.0,0.0,0.0,0.0,0.0,0.0,0.0,0.0,170.0,145.0,170.0,170.0,14.0,8.0,47.0,79.0,15.0,6.0,0.0
157.033,101,371989.0,600.0,103.0,800.0,600.0,0.0,1.0,0.0,0.0,0.5,0.028,0.667,0.5,0.508,0.046,0.68,0.517,0.0,0.0,-1.48,-5.32,60.02,60.08,0.0,0.0,0.0,0.0,0.0,0.0,0.0,1.0,1.0,-0.0,-0.0,-0.0,0.0,0.0,0.0,0.0,0.0,0.0,0.0,0.0,0.0,170.0,145.0,170.0,170.0,14.0,8.0,47.0,79.0,15.0,6.0,0.0
157.066,52,372041.0,600.0,103.0,800.0,600.0,0.0,1.0,0.0,0.0,0.5,0.028,0.667,0.5,0.508,0.046,0.68,0.517,0.0,0.0,-1.48,-5.32,60.02,60.08,0.0,0.0,0.0,0.0,0.0,0.0,0.0,1.0,1.0,-0.0,-0.0,-0.0,0.0,0.0,0.0,0.0,0.0,0.0,0.0,0.0,0.0,170.0,145.0,170.0,170.0,14.0,8.0,47.0,79.0,15.0,6.0,0.0
157.099,22,372063.0,600.0,104.0,800.0,600.0,0.0,1.0,0.0,0.0,0.5,0.028,0.667,0.5,0.508,0.046,0.68,0.517,0.0,0.0,-1.48,-5.32,60.02,60.08,0.0,0.0,0.0,0.0,0.0,0.0,0.0,1.0,1.0,-0.0,-0.0,-0.0,0.0,0.0,0.0,0.0,0.0,0.0,0.0,0.0,0.0,170.0,145.0,170.0,170.0,14.0,8.0,47.0,79.0,15.0,6.0,0.0
157.197,98,372161.0,600.0,104.0,809.0,600.0,0.0,1.0,0.0,0.0,0.5,0.029,0.655,0.5,0.508,0.046,0.665,0.517,0.0,0.0,-1.48,-5.32,60.02,60.08,0.0,0.0,0.0,0.0,0.0,0.0,0.0,1.0,1.0,-0.0,-0.0,-0.0,0.0,0.0,0.0,0.0,0.0,0.0,0.0,0.0,0.0,170.0,145.0,170.0,170.0,14.0,8.0,47.0,79.0,15.0,6.0,0.0
157.262,71,372232.0,600.0,103.0,809.0,600.0,0.0,1.0,0.0,0.0,0.5,0.029,0.655,0.5,0.508,0.046,0.665,0.517,0.0,0.0,-1.48,-5.32,60.02,60.08,0.0,0.0,0.0,0.0,0.0,0.0,0.0,1.0,1.0,-0.0,-0.0,-0.0,0.0,0.0,0.0,0.0,0.0,0.0,0.0,0.0,0.0,170.0,145.0,170.0,170.0,14.0,8.0,47.0,79.0,15.0,6.0,0.0
157.359,101,372333.0,600.0,103.0,809.0,600.0,0.0,1.0,0.0,0.0,0.5,0.029,0.65,0.5,0.508,0.046,0.659,0.517,0.0,0.0,-1.48,-5.33,60.02,60.08,0.0,0.0,0.0,0.0,0.0,0.0,0.0,1.0,1.0,-0.0,-0.0,-0.0,0.0,0.0,0.0,0.0,0.0,0.0,0.0,0.0,0.0,170.0,145.0,170.0,170.0,14.0,8.0,47.0,79.0,15.0,6.0,0.0
157.424,52,372385.0,600.0,103.0,809.0,600.0,0.0,1.0,0.0,0.0,0.5,0.029,0.65,0.5,0.508,0.046,0.659,0.517,0.0,0.0,-1.48,-5.33,60.02,60.08,0.0,0.0,0.0,0.0,0.0,0.0,0.0,1.0,1.0,-0.0,-0.0,-0.0,0.0,0.0,0.0,0.0,0.0,0.0,0.0,0.0,0.0,170.0,145.0,170.0,170.0,14.0,8.0,47.0,79.0,15.0,6.0,1.0
157.456,19,372404.0,600.0,102.0,809.0,600.0,0.0,1.0,0.0,0.0,0.5,0.029,0.65,0.5,0.508,0.046,0.659,0.517,0.0,0.0,-1.49,-5.33,60.02,60.08,0.0,0.0,0.0,0.0,0.0,0.0,0.0,1.0,1.0,-0.0,-0.0,-0.0,0.0,0.0,0.0,0.0,0.0,0.0,0.0,0.0,0.0,170.0,145.0,170.0,170.0,14.0,8.0,47.0,79.0,15.0,6.0,0.0
157.552,101,372505.0,600.0,102.0,711.0,600.0,0.0,1.0,0.0,0.0,0.5,0.028,0.614,0.5,0.508,0.045,0.628,0.516,0.0,0.0,-1.49,-5.33,60.02,60.08,0.0,0.0,0.0,0.0,0.0,0.0,0.0,1.0,1.0,-0.0,-0.0,-0.0,0.0,0.0,0.0,0.0,0.0,0.0,0.0,0.0,0.0,170.0,145.0,170.0,170.0,14.0,8.0,47.0,79.0,15.0,6.0,1.0
157.586,51,372556.0,600.0,102.0,711.0,600.0,0.0,1.0,0.0,0.0,0.5,0.028,0.614,0.5,0.508,0.045,0.628,0.516,0.0,0.0,-1.49,-5.34,60.02,60.08,0.0,0.0,0.0,0.0,0.0,0.0,0.0,1.0,1.0,-0.0,-0.0,-0.0,0.0,0.0,0.0,0.0,0.0,0.0,0.0,0.0,0.0,170.0,145.0,170.0,170.0,14.0,8.0,47.0,79.0,15.0,6.0,0.0
157.619,21,372577.0,600.0,102.0,711.0,600.0,0.0,1.0,0.0,0.0,0.5,0.028,0.614,0.5,0.508,0.045,0.628,0.516,0.0,0.0,-1.49,-5.34,60.02,60.08,0.0,0.0,0.0,0.0,0.0,0.0,0.0,1.0,1.0,-0.0,-0.0,-0.0,0.0,0.0,0.0,0.0,0.0,0.0,0.0,0.0,0.0,170.0,145.0,170.0,170.0,14.0,8.0,47.0,79.0,15.0,6.0,0.0
157.72,99,372676.0,600.0,102.0,818.0,600.0,0.0,1.0,0.0,0.0,0.5,0.028,0.634,0.5,0.508,0.045,0.639,0.517,0.0,0.0,-1.5,-5.34,60.02,60.08,0.0,0.0,0.0,0.0,0.0,0.0,0.0,1.0,1.0,-0.0,-0.0,-0.0,0.0,0.0,0.0,0.0,0.0,0.0,0.0,0.0,0.0,170.0,145.0,170.0,170.0,14.0,8.0,47.0,79.0,15.0,6.0,0.0
