t_pc_s,salto_ms,t_ms,dN,dE,dS,dO,pN,pE,pS,pO,nr0,nr1,nr2,nr3,mr0,mr1,mr2,mr3,ret,mem,roll,pitch,yaw,yaw_ref,corr,cm_tramo,celdas,estado,cmd,ev,err_giro,imu_ok,hab,rpm_DI,rpm_DD,rpm_TI,rpm_TD,obj_DI,obj_DD,obj_TI,obj_TD,pwm_DI,pwm_DD,pwm_TI,pwm_TD,desp_DI,desp_DD,desp_TI,desp_TD,agc_DI,agc_DD,agc_TI,agc_TD,vivas,cortadas,ciclo_ms
0.008,,63537.0,600.0,122.0,600.0,781.0,0.0,1.0,0.0,0.0,0.5,0.04,0.5,0.643,0.51,0.055,0.51,0.66,0.0,0.0,-1.33,-5.54,0.27,-0.54,0.0,0.0,0.0,0.0,0.0,0.0,0.0,1.0,0.0,-0.2,-0.0,-0.0,0.0,0.0,0.0,0.0,0.0,0.0,0.0,0.0,0.0,161.0,97.0,170.0,170.0,55.0,24.0,128.0,19.0,15.0,0.0,1.0
0.041,97,63634.0,600.0,122.0,600.0,778.0,0.0,1.0,0.0,0.0,0.5,0.04,0.5,0.635,0.51,0.054,0.51,0.651,0.0,0.0,-1.33,-5.54,0.27,-0.54,0.0,0.0,0.0,0.0,0.0,0.0,0.0,1.0,0.0,-0.1,-0.0,-0.0,0.0,0.0,0.0,0.0,0.0,0.0,0.0,0.0,0.0,161.0,97.0,170.0,170.0,55.0,24.0,128.0,19.0,15.0,0.0,1.0
0.097,53,63687.0,600.0,122.0,600.0,778.0,0.0,1.0,0.0,0.0,0.5,0.04,0.5,0.635,0.51,0.054,0.51,0.651,0.0,0.0,-1.33,-5.54,0.27,-0.54,0.0,0.0,0.0,0.0,0.0,0.0,0.0,1.0,0.0,-0.1,-0.0,-0.0,0.0,0.0,0.0,0.0,0.0,0.0,0.0,0.0,0.0,161.0,97.0,170.0,170.0,55.0,24.0,128.0,19.0,15.0,0.0,0.0
0.124,34,63721.0,600.0,122.0,600.0,778.0,0.0,1.0,0.0,0.0,0.5,0.04,0.5,0.635,0.51,0.054,0.51,0.651,0.0,0.0,-1.33,-5.54,0.27,-0.54,0.0,0.0,0.0,0.0,0.0,0.0,0.0,1.0,0.0,-0.1,-0.0,-0.0,0.0,0.0,0.0,0.0,0.0,0.0,0.0,0.0,0.0,161.0,97.0,170.0,170.0,55.0,24.0,128.0,19.0,15.0,0.0,1.0
0.207,100,63821.0,600.0,122.0,600.0,738.0,0.0,1.0,0.0,0.0,0.5,0.04,0.5,0.617,0.51,0.054,0.51,0.635,0.0,0.0,-1.33,-5.54,0.27,-0.54,0.0,0.0,0.0,0.0,0.0,0.0,0.0,1.0,0.0,-0.1,-0.0,-0.0,0.0,0.0,0.0,0.0,0.0,0.0,0.0,0.0,0.0,161.0,97.0,170.0,170.0,55.0,24.0,128.0,19.0,15.0,0.0,0.0
0.262,54,63875.0,600.0,121.0,600.0,738.0,0.0,1.0,0.0,0.0,0.5,0.04,0.5,0.617,0.51,0.054,0.51,0.635,0.0,0.0,-1.33,-5.54,0.27,-0.54,0.0,0.0,0.0,0.0,0.0,0.0,0.0,1.0,0.0,0.2,-0.0,-0.0,0.0,0.0,0.0,0.0,0.0,0.0,0.0,0.0,0.0,161.0,97.0,170.0,170.0,55.0,24.0,128.0,19.0,15.0,0.0,0.0
0.318,52,63927.0,600.0,121.0,600.0,738.0,0.0,1.0,0.0,0.0,0.5,0.04,0.5,0.617,0.51,0.054,0.51,0.635,0.0,0.0,-1.33,-5.54,0.27,-0.54,0.0,0.0,0.0,0.0,0.0,0.0,0.0,1.0,0.0,0.2,-0.0,-0.0,0.0,0.0,0.0,0.0,0.0,0.0,0.0,0.0,0.0,161.0,97.0,170.0,170.0,55.0,24.0,128.0,19.0,15.0,0.0,1.0
0.373,52,63979.0,600.0,121.0,600.0,736.0,0.0,1.0,0.0,0.0,0.5,0.039,0.5,0.608,0.51,0.054,0.51,0.624,0.0,0.0,-1.33,-5.54,0.27,-0.54,0.0,0.0,0.0,0.0,0.0,0.0,0.0,1.0,0.0,0.1,-0.0,-0.0,-0.0,0.0,0.0,0.0,0.0,0.0,0.0,0.0,0.0,161.0,97.0,170.0,170.0,55.0,24.0,128.0,19.0,15.0,0.0,0.0
0.428,53,64032.0,600.0,121.0,600.0,736.0,0.0,1.0,0.0,0.0,0.5,0.039,0.5,0.608,0.51,0.054,0.51,0.624,0.0,0.0,-1.33,-5.54,0.27,-0.54,0.0,0.0,0.0,0.0,0.0,0.0,0.0,1.0,0.0,0.1,-0.0,-0.0,-0.0,0.0,0.0,0.0,0.0,0.0,0.0,0.0,0.0,161.0,97.0,170.0,170.0,55.0,24.0,128.0,19.0,15.0,0.0,0.0
0.484,53,64085.0,600.0,122.0,600.0,736.0,0.0,1.0,0.0,0.0,0.5,0.039,0.5,0.608,0.51,0.054,0.51,0.624,0.0,0.0,-1.33,-5.54,0.27,-0.54,0.0,0.0,0.0,0.0,0.0,0.0,0.0,1.0,0.0,0.1,-0.0,-0.0,0.0,0.0,0.0,0.0,0.0,0.0,0.0,0.0,0.0,161.0,97.0,170.0,170.0,55.0,24.0,128.0,19.0,15.0,0.0,0.0
0.512,34,64119.0,600.0,122.0,600.0,736.0,0.0,1.0,0.0,0.0,0.5,0.039,0.5,0.608,0.51,0.054,0.51,0.624,0.0,0.0,-1.33,-5.54,0.27,-0.54,0.0,0.0,0.0,0.0,0.0,0.0,0.0,1.0,0.0,0.1,-0.0,-0.0,0.0,0.0,0.0,0.0,0.0,0.0,0.0,0.0,0.0,161.0,97.0,170.0,170.0,55.0,24.0,128.0,19.0,15.0,0.0,1.0
0.622,99,64218.0,600.0,122.0,600.0,736.0,0.0,1.0,0.0,0.0,0.5,0.04,0.5,0.604,0.509,0.054,0.509,0.62,0.0,0.0,-1.33,-5.54,0.27,-0.54,0.0,0.0,0.0,0.0,0.0,0.0,0.0,1.0,0.0,0.1,-0.0,-0.0,0.0,0.0,0.0,0.0,0.0,0.0,0.0,0.0,0.0,161.0,97.0,170.0,170.0,55.0,24.0,128.0,19.0,15.0,0.0,1.0
0.678,52,64270.0,600.0,123.0,600.0,736.0,0.0,1.0,0.0,0.0,0.5,0.04,0.5,0.604,0.509,0.054,0.509,0.62,0.0,0.0,-1.33,-5.54,0.27,-0.54,0.0,0.0,0.0,0.0,0.0,0.0,0.0,1.0,0.0,-0.3,-0.0,-0.0,0.0,0.0,0.0,0.0,0.0,0.0,0.0,0.0,0.0,161.0,97.0,170.0,170.0,55.0,24.0,128.0,19.0,15.0,0.0,0.0
0.706,37,64307.0,600.0,123.0,600.0,736.0,0.0,1.0,0.0,0.0,0.5,0.04,0.5,0.604,0.509,0.054,0.509,0.62,0.0,0.0,-1.33,-5.54,0.27,-0.54,0.0,0.0,0.0,0.0,0.0,0.0,0.0,1.0,0.0,-0.2,-0.0,-0.0,0.0,0.0,0.0,0.0,0.0,0.0,0.0,0.0,0.0,161.0,97.0,170.0,170.0,55.0,24.0,128.0,19.0,15.0,0.0,1.0
0.818,100,64407.0,600.0,123.0,600.0,781.0,0.0,1.0,0.0,0.0,0.5,0.04,0.5,0.617,0.51,0.055,0.51,0.63,0.0,0.0,-1.33,-5.54,0.27,-0.54,0.0,0.0,0.0,0.0,0.0,0.0,0.0,1.0,0.0,-0.2,-0.0,-0.0,0.0,0.0,0.0,0.0,0.0,0.0,0.0,0.0,0.0,161.0,97.0,170.0,170.0,55.0,24.0,128.0,19.0,15.0,0.0,1.0
0.846,51,64458.0,600.0,124.0,600.0,781.0,0.0,1.0,0.0,0.0,0.5,0.04,0.5,0.617,0.51,0.055,0.51,0.63,0.0,0.0,-1.33,-5.54,0.27,-0.54,0.0,0.0,0.0,0.0,0.0,0.0,0.0,1.0,0.0,-0.1,-0.0,-0.0,0.0,0.0,0.0,0.0,0.0,0.0,0.0,0.0,0.0,161.0,97.0,170.0,170.0,55.0,24.0,128.0,19.0,15.0,0.0,1.0
0.902,35,64493.0,600.0,124.0,600.0,781.0,0.0,1.0,0.0,0.0,0.5,0.04,0.5,0.617,0.51,0.055,0.51,0.63,0.0,0.0,-1.33,-5.54,0.27,-0.54,0.0,0.0,0.0,0.0,0.0,0.0,0.0,1.0,0.0,-0.1,-0.0,-0.0,0.0,0.0,0.0,0.0,0.0,0.0,0.0,0.0,0.0,161.0,97.0,170.0,170.0,55.0,24.0,128.0,19.0,15.0,0.0,1.0
0.986,99,64592.0,600.0,124.0,600.0,775.0,0.0,1.0,0.0,0.0,0.5,0.041,0.5,0.622,0.51,0.055,0.51,0.636,0.0,0.0,-1.33,-5.54,0.27,-0.54,0.0,0.0,0.0,0.0,0.0,0.0,0.0,1.0,0.0,-0.1,-0.0,-0.0,0.0,0.0,0.0,0.0,0.0,0.0,0.0,0.0,0.0,161.0,97.0,170.0,170.0,55.0,24.0,128.0,19.0,15.0,0.0,0.0
1.048,52,64644.0,600.0,125.0,600.0,775.0,0.0,1.0,0.0,0.0,0.5,0.041,0.5,0.622,0.51,0.055,0.51,0.636,0.0,0.0,-1.33,-5.54,0.27,-0.54,0.0,0.0,0.0,0.0,0.0,0.0,0.0,1.0,0.0,-0.1,-0.0,-0.0,0.0,0.0,0.0,0.0,0.0,0.0,0.0,0.0,0.0,161.0,97.0,170.0,170.0,55.0,24.0,128.0,19.0,15.0,0.0,0.0
1.076,35,64679.0,600.0,125.0,600.0,775.0,0.0,1.0,0.0,0.0,0.5,0.041,0.5,0.622,0.51,0.055,0.51,0.636,0.0,0.0,-1.33,-5.54,0.27,-0.54,0.0,0.0,0.0,0.0,0.0,0.0,0.0,1.0,0.0,-0.1,-0.0,-0.0,-0.1,0.0,0.0,0.0,0.0,0.0,0.0,0.0,0.0,161.0,97.0,170.0,170.0,55.0,24.0,128.0,19.0,15.0,0.0,1.0
1.203,101,64780.0,600.0,125.0,600.0,817.0,0.0,1.0,0.0,0.0,0.5,0.041,0.5,0.637,0.51,0.056,0.51,0.649,0.0,0.0,-1.33,-5.54,0.27,-0.54,0.0,0.0,0.0,0.0,0.0,0.0,0.0,1.0,0.0,-0.0,-0.0,-0.0,-0.0,0.0,0.0,0.0,0.0,0.0,0.0,0.0,0.0,161.0,97.0,170.0,170.0,55.0,24.0,128.0,19.0,15.0,0.0,0.0
1.235,53,64833.0,600.0,125.0,600.0,817.0,0.0,1.0,0.0,0.0,0.5,0.041,0.5,0.637,0.51,0.056,0.51,0.649,0.0,0.0,-1.33,-5.54,0.27,-0.54,0.0,0.0,0.0,0.0,0.0,0.0,0.0,1.0,0.0,-0.0,-0.0,-0.0,-0.0,0.0,0.0,0.0,0.0,0.0,0.0,0.0,0.0,161.0,97.0,170.0,170.0,55.0,24.0,128.0,19.0,15.0,0.0,0.0
1.267,35,64868.0,600.0,125.0,600.0,817.0,0.0,1.0,0.0,0.0,0.5,0.041,0.5,0.637,0.51,0.056,0.51,0.649,0.0,0.0,-1.33,-5.54,0.27,-0.54,0.0,0.0,0.0,0.0,0.0,0.0,0.0,1.0,0.0,0.0,-0.0,-0.0,-0.0,0.0,0.0,0.0,0.0,0.0,0.0,0.0,0.0,161.0,97.0,170.0,170.0,55.0,24.0,128.0,19.0,15.0,0.0,1.0
1.362,100,64968.0,600.0,125.0,600.0,814.0,0.0,1.0,0.0,0.0,0.5,0.041,0.5,0.643,0.51,0.056,0.51,0.656,0.0,0.0,-1.33,-5.54,0.27,-0.54,0.0,0.0,0.0,0.0,0.0,0.0,0.0,1.0,0.0,-0.1,-0.0,-0.0,-0.0,0.0,0.0,0.0,0.0,0.0,0.0,0.0,0.0,161.0,97.0,170.0,170.0,55.0,24.0,128.0,19.0,15.0,0.0,1.0
1.425,53,65021.0,600.0,125.0,600.0,814.0,0.0,1.0,0.0,0.0,0.5,0.041,0.5,0.643,0.51,0.056,0.51,0.656,0.0,0.0,-1.33,-5.54,0.27,-0.54,0.0,0.0,0.0,0.0,0.0,0.0,0.0,1.0,0.0,-0.4,-0.0,-0.0,-0.0,0.0,0.0,0.0,0.0,0.0,0.0,0.0,0.0,161.0,97.0,170.0,170.0,55.0,24.0,128.0,19.0,15.0,0.0,0.0
1.491,52,65073.0,600.0,125.0,600.0,814.0,0.0,1.0,0.0,0.0,0.5,0.041,0.5,0.643,0.51,0.056,0.51,0.656,0.0,0.0,-1.33,-5.54,0.27,-0.54,0.0,0.0,0.0,0.0,0.0,0.0,0.0,1.0,0.0,-0.4,-0.0,-0.0,-0.0,0.0,0.0,0.0,0.0,0.0,0.0,0.0,0.0,161.0,97.0,170.0,170.0,55.0,24.0,128.0,19.0,15.0,0.0,0.0
1.523,53,65126.0,600.0,125.0,600.0,814.0,0.0,1.0,0.0,0.0,0.5,0.041,0.5,0.645,0.51,0.056,0.51,0.66,0.0,0.0,-1.33,-5.54,0.27,-0.54,0.0,0.0,0.0,0.0,0.0,0.0,0.0,1.0,0.0,-0.3,-0.0,-0.0,-0.0,0.0,0.0,0.0,0.0,0.0,0.0,0.0,0.0,161.0,97.0,170.0,170.0,55.0,24.0,128.0,19.0,15.0,0.0,0.0
1.587,54,65180.0,600.0,125.0,600.0,814.0,0.0,1.0,0.0,0.0,0.5,0.041,0.5,0.645,0.51,0.056,0.51,0.66,0.0,0.0,-1.33,-5.54,0.27,-0.54,0.0,0.0,0.0,0.0,0.0,0.0,0.0,1.0,0.0,-0.3,-0.0,-0.0,-0.0,0.0,0.0,0.0,0.0,0.0,0.0,0.0,0.0,161.0,97.0,170.0,170.0,55.0,24.0,128.0,19.0,15.0,0.0,0.0
1.656,53,65233.0,600.0,124.0,600.0,814.0,0.0,1.0,0.0,0.0,0.5,0.041,0.5,0.645,0.51,0.056,0.51,0.66,0.0,0.0,-1.33,-5.54,0.27,-0.54,0.0,0.0,0.0,0.0,0.0,0.0,0.0,1.0,0.0,-0.3,-0.0,-0.0,-0.0,0.0,0.0,0.0,0.0,0.0,0.0,0.0,0.0,161.0,97.0,170.0,170.0,55.0,24.0,128.0,19.0,15.0,0.0,0.0
1.688,34,65267.0,600.0,124.0,600.0,814.0,0.0,1.0,0.0,0.0,0.5,0.041,0.5,0.645,0.51,0.056,0.51,0.66,0.0,0.0,-1.33,-5.54,0.27,-0.54,0.0,0.0,0.0,0.0,0.0,0.0,0.0,1.0,0.0,-0.2,-0.0,-0.0,0.0,0.0,0.0,0.0,0.0,0.0,0.0,0.0,0.0,161.0,97.0,170.0,170.0,55.0,24.0,128.0,19.0,15.0,0.0,1.0
1.784,98,65365.0,600.0,124.0,600.0,820.0,0.0,1.0,0.0,0.0,0.5,0.041,0.5,0.649,0.51,0.056,0.51,0.663,0.0,0.0,-1.33,-5.54,0.27,-0.54,0.0,0.0,0.0,0.0,0.0,0.0,0.0,1.0,0.0,-0.2,-0.0,-0.0,0.0,0.0,0.0,0.0,0.0,0.0,0.0,0.0,0.0,161.0,97.0,170.0,170.0,55.0,24.0,128.0,19.0,15.0,0.0,0.0
1.816,53,65418.0,600.0,123.0,600.0,820.0,0.0,1.0,0.0,0.0,0.5,0.041,0.5,0.649,0.51,0.056,0.51,0.663,0.0,0.0,-1.33,-5.54,0.27,-0.54,0.0,0.0,0.0,0.0,0.0,0.0,0.0,1.0,0.0,-0.2,-0.0,-0.0,0.0,0.0,0.0,0.0,0.0,0.0,0.0,0.0,0.0,161.0,97.0,170.0,170.0,55.0,24.0,128.0,19.0,15.0,0.0,1.0
1.854,34,65452.0,600.0,123.0,600.0,820.0,0.0,1.0,0.0,0.0,0.5,0.041,0.5,0.649,0.51,0.056,0.51,0.663,0.0,0.0,-1.33,-5.54,0.27,-0.54,0.0,0.0,0.0,0.0,0.0,0.0,0.0,1.0,0.0,-0.1,-0.0,0.1,0.0,0.0,0.0,0.0,0.0,0.0,0.0,0.0,0.0,161.0,97.0,170.0,170.0,55.0,24.0,128.0,19.0,15.0,0.0,1.0
1.95,102,65554.0,600.0,123.0,600.0,828.0,0.0,1.0,0.0,0.0,0.5,0.041,0.5,0.652,0.51,0.056,0.51,0.666,0.0,0.0,-1.33,-5.54,0.27,-0.54,0.0,0.0,0.0,0.0,0.0,0.0,0.0,1.0,0.0,-0.1,-0.0,-0.1,0.0,0.0,0.0,0.0,0.0,0.0,0.0,0.0,0.0,161.0,97.0,170.0,170.0,55.0,24.0,128.0,19.0,15.0,0.0,1.0
2.014,54,65608.0,600.0,123.0,600.0,828.0,0.0,1.0,0.0,0.0,0.5,0.041,0.5,0.652,0.51,0.056,0.51,0.666,0.0,0.0,-1.33,-5.54,0.27,-0.54,0.0,0.0,0.0,0.0,0.0,0.0,0.0,1.0,0.0,-0.4,-0.0,-0.1,0.0,0.0,0.0,0.0,0.0,0.0,0.0,0.0,0.0,161.0,97.0,170.0,170.0,55.0,24.0,128.0,19.0,15.0,0.0,0.0
2.051,52,65660.0,600.0,123.0,600.0,828.0,0.0,1.0,0.0,0.0,0.5,0.041,0.5,0.652,0.51,0.056,0.51,0.666,0.0,0.0,-1.33,-5.54,0.27,-0.54,0.0,0.0,0.0,0.0,0.0,0.0,0.0,1.0,0.0,-0.3,-0.0,-0.1,0.0,0.0,0.0,0.0,0.0,0.0,0.0,0.0,0.0,161.0,97.0,170.0,170.0,55.0,24.0,128.0,19.0,15.0,0.0,0.0
2.113,53,65713.0,600.0,123.0,600.0,831.0,0.0,1.0,0.0,0.0,0.5,0.04,0.5,0.655,0.51,0.055,0.51,0.669,0.0,0.0,-1.33,-5.54,0.27,-0.54,0.0,0.0,0.0,0.0,0.0,0.0,0.0,1.0,0.0,-0.3,-0.0,-0.0,0.0,0.0,0.0,0.0,0.0,0.0,0.0,0.0,0.0,161.0,97.0,170.0,170.0,55.0,24.0,128.0,19.0,15.0,0.0,0.0
2.177,53,65766.0,600.0,123.0,600.0,831.0,0.0,1.0,0.0,0.0,0.5,0.04,0.5,0.655,0.51,0.055,0.51,0.669,0.0,0.0,-1.33,-5.54,0.27,-0.54,0.0,0.0,0.0,0.0,0.0,0.0,0.0,1.0,0.0,-0.3,-0.0,-0.0,0.0,0.0,0.0,0.0,0.0,0.0,0.0,0.0,0.0,161.0,97.0,170.0,170.0,55.0,24.0,128.0,19.0,15.0,0.0,0.0
2.209,53,65819.0,600.0,123.0,600.0,831.0,0.0,1.0,0.0,0.0,0.5,0.04,0.5,0.655,0.51,0.055,0.51,0.669,0.0,0.0,-1.33,-5.54,0.27,-0.54,0.0,0.0,0.0,0.0,0.0,0.0,0.0,1.0,0.0,-0.2,-0.0,-0.0,0.0,0.0,0.0,0.0,0.0,0.0,0.0,0.0,0.0,161.0,97.0,170.0,170.0,55.0,24.0,128.0,19.0,15.0,0.0,0.0
2.279,35,65854.0,600.0,123.0,600.0,831.0,0.0,1.0,0.0,0.0,0.5,0.04,0.5,0.655,0.51,0.055,0.51,0.669,0.0,0.0,-1.33,-5.54,0.27,-0.54,0.0,0.0,0.0,0.0,0.0,0.0,0.0,1.0,0.0,-0.2,-0.0,-0.0,0.0,0.0,0.0,0.0,0.0,0.0,0.0,0.0,0.0,161.0,97.0,170.0,170.0,55.0,24.0,128.0,19.0,15.0,0.0,1.0
2.343,99,65953.0,600.0,123.0,600.0,839.0,0.0,1.0,0.0,0.0,0.5,0.04,0.5,0.659,0.51,0.055,0.51,0.673,0.0,0.0,-1.33,-5.54,0.27,-0.54,0.0,0.0,0.0,0.0,0.0,0.0,0.0,1.0,0.0,-0.2,-0.0,-0.0,0.0,0.0,0.0,0.0,0.0,0.0,0.0,0.0,0.0,161.0,97.0,170.0,170.0,55.0,24.0,128.0,19.0,15.0,0.0,0.0
2.407,52,66005.0,600.0,124.0,600.0,839.0,0.0,1.0,0.0,0.0,0.5,0.04,0.5,0.659,0.51,0.055,0.51,0.673,0.0,0.0,-1.33,-5.54,0.27,-0.54,0.0,0.0,0.0,0.0,0.0,0.0,0.0,1.0,0.0,0.2,-0.0,-0.0,0.0,0.0,0.0,0.0,0.0,0.0,0.0,0.0,0.0,161.0,97.0,170.0,170.0,55.0,24.0,128.0,19.0,15.0,0.0,0.0
2.44,36,66041.0,600.0,124.0,600.0,839.0,0.0,1.0,0.0,0.0,0.5,0.04,0.5,0.659,0.51,0.055,0.51,0.673,0.0,0.0,-1.33,-5.54,0.27,-0.54,0.0,0.0,0.0,0.0,0.0,0.0,0.0,1.0,0.0,0.1,-0.0,-0.0,0.0,0.0,0.0,0.0,0.0,0.0,0.0,0.0,0.0,161.0,97.0,170.0,170.0,55.0,24.0,128.0,19.0,15.0,0.0,1.0
2.536,99,66140.0,600.0,124.0,600.0,843.0,0.0,1.0,0.0,0.0,0.5,0.041,0.5,0.661,0.51,0.055,0.51,0.676,0.0,0.0,-1.33,-5.54,0.27,-0.54,0.0,0.0,0.0,0.0,0.0,0.0,0.0,1.0,0.0,0.1,-0.0,-0.0,-0.0,0.0,0.0,0.0,0.0,0.0,0.0,0.0,0.0,161.0,97.0,170.0,170.0,55.0,24.0,128.0,19.0,15.0,0.0,0.0
2.6,52,66192.0,600.0,124.0,600.0,843.0,0.0,1.0,0.0,0.0,0.5,0.041,0.5,0.661,0.51,0.055,0.51,0.676,0.0,0.0,-1.33,-5.54,0.27,-0.54,0.0,0.0,0.0,0.0,0.0,0.0,0.0,1.0,0.0,0.0,-0.0,-0.0,-0.0,0.0,0.0,0.0,0.0,0.0,0.0,0.0,0.0,161.0,97.0,170.0,170.0,55.0,24.0,128.0,19.0,15.0,0.0,0.0
2.633,35,66227.0,600.0,124.0,600.0,843.0,0.0,1.0,0.0,0.0,0.5,0.041,0.5,0.661,0.51,0.055,0.51,0.676,0.0,0.0,-1.33,-5.54,0.27,-0.54,0.0,0.0,0.0,0.0,0.0,0.0,0.0,1.0,0.0,0.0,-0.0,-0.0,-0.0,0.0,0.0,0.0,0.0,0.0,0.0,0.0,0.0,161.0,97.0,170.0,170.0,55.0,24.0,128.0,19.0,15.0,0.0,1.0
2.728,98,66325.0,600.0,124.0,600.0,791.0,0.0,1.0,0.0,0.0,0.5,0.041,0.5,0.647,0.51,0.056,0.51,0.664,0.0,0.0,-1.33,-5.54,0.27,-0.54,0.0,0.0,0.0,0.0,0.0,0.0,0.0,1.0,0.0,0.0,-0.0,-0.0,-0.4,0.0,0.0,0.0,0.0,0.0,0.0,0.0,0.0,161.0,97.0,170.0,170.0,55.0,24.0,128.0,19.0,15.0,0.0,1.0
2.791,52,66377.0,600.0,124.0,600.0,791.0,0.0,1.0,0.0,0.0,0.5,0.041,0.5,0.647,0.51,0.056,0.51,0.664,0.0,0.0,-1.33,-5.54,0.27,-0.54,0.0,0.0,0.0,0.0,0.0,0.0,0.0,1.0,0.0,0.0,-0.0,-0.0,-0.3,0.0,0.0,0.0,0.0,0.0,0.0,0.0,0.0,161.0,97.0,170.0,170.0,55.0,24.0,128.0,19.0,15.0,0.0,1.0
2.823,35,66412.0,600.0,124.0,600.0,791.0,0.0,1.0,0.0,0.0,0.5,0.041,0.5,0.647,0.51,0.056,0.51,0.664,0.0,0.0,-1.33,-5.54,0.27,-0.54,0.0,0.0,0.0,0.0,0.0,0.0,0.0,1.0,0.0,0.0,-0.0,-0.0,-0.3,0.0,0.0,0.0,0.0,0.0,0.0,0.0,0.0,161.0,97.0,170.0,170.0,55.0,24.0,128.0,19.0,15.0,0.0,1.0
2.919,98,66510.0,600.0,124.0,600.0,791.0,0.0,1.0,0.0,0.0,0.5,0.041,0.5,0.64,0.51,0.056,0.51,0.656,0.0,0.0,-1.33,-5.54,0.27,-0.54,0.0,0.0,0.0,0.0,0.0,0.0,0.0,1.0,0.0,0.0,-0.0,-0.0,-0.2,0.0,0.0,0.0,0.0,0.0,0.0,0.0,0.0,161.0,97.0,170.0,170.0,55.0,24.0,128.0,19.0,15.0,0.0,0.0
2.951,53,66563.0,600.0,125.0,600.0,791.0,0.0,1.0,0.0,0.0,0.5,0.041,0.5,0.64,0.51,0.056,0.51,0.656,0.0,0.0,-1.33,-5.54,0.27,-0.54,0.0,0.0,0.0,0.0,0.0,0.0,0.0,1.0,0.0,0.0,-0.0,-0.0,-0.2,0.0,0.0,0.0,0.0,0.0,0.0,0.0,0.0,161.0,97.0,170.0,170.0,55.0,24.0,128.0,19.0,15.0,0.0,0.0
3.013,34,66597.0,600.0,125.0,600.0,791.0,0.0,1.0,0.0,0.0,0.5,0.041,0.5,0.64,0.51,0.056,0.51,0.656,0.0,0.0,-1.33,-5.54,0.27,-0.54,0.0,0.0,0.0,0.0,0.0,0.0,0.0,1.0,0.0,0.1,-0.0,-0.0,-0.2,0.0,0.0,0.0,0.0,0.0,0.0,0.0,0.0,161.0,97.0,170.0,170.0,55.0,24.0,128.0,19.0,15.0,0.0,1.0
3.114,98,66695.0,600.0,125.0,600.0,786.0,0.0,1.0,0.0,0.0,0.5,0.041,0.5,0.636,0.51,0.056,0.51,0.651,0.0,0.0,-1.33,-5.54,0.27,-0.54,0.0,0.0,0.0,0.0,0.0,0.0,0.0,1.0,0.0,-0.0,-0.0,-0.0,-0.1,0.0,0.0,0.0,0.0,0.0,0.0,0.0,0.0,161.0,97.0,170.0,170.0,55.0,24.0,128.0,19.0,15.0,0.0,1.0
3.146,53,66748.0,600.0,125.0,600.0,786.0,0.0,1.0,0.0,0.0,0.5,0.041,0.5,0.636,0.51,0.056,0.51,0.651,0.0,0.0,-1.33,-5.54,0.27,-0.54,0.0,0.0,0.0,0.0,0.0,0.0,0.0,1.0,0.0,-0.2,-0.0,-0.0,-0.1,0.0,0.0,0.0,0.0,0.0,0.0,0.0,0.0,161.0,97.0,170.0,170.0,55.0,24.0,128.0,19.0,15.0,0.0,0.0
3.177,34,66782.0,600.0,125.0,600.0,786.0,0.0,1.0,0.0,0.0,0.5,0.041,0.5,0.636,0.51,0.056,0.51,0.651,0.0,0.0,-1.33,-5.54,0.27,-0.54,0.0,0.0,0.0,0.0,0.0,0.0,0.0,1.0,0.0,-0.2,-0.0,-0.0,-0.1,0.0,0.0,0.0,0.0,0.0,0.0,0.0,0.0,161.0,97.0,170.0,170.0,55.0,24.0,128.0,19.0,15.0,0.0,2.0
3.272,101,66883.0,600.0,125.0,600.0,785.0,0.0,1.0,0.0,0.0,0.5,0.041,0.5,0.633,0.51,0.056,0.51,0.649,0.0,0.0,-1.33,-5.54,0.27,-0.54,0.0,0.0,0.0,0.0,0.0,0.0,0.0,1.0,0.0,-0.2,-0.0,-0.0,-0.1,0.0,0.0,0.0,0.0,0.0,0.0,0.0,0.0,161.0,97.0,170.0,170.0,55.0,24.0,128.0,19.0,15.0,0.0,1.0
3.336,53,66936.0,600.0,124.0,600.0,785.0,0.0,1.0,0.0,0.0,0.5,0.041,0.5,0.633,0.51,0.056,0.51,0.649,0.0,0.0,-1.33,-5.54,0.27,-0.54,0.0,0.0,0.0,0.0,0.0,0.0,0.0,1.0,0.0,-0.1,-0.0,-0.0,-0.1,0.0,0.0,0.0,0.0,0.0,0.0,0.0,0.0,161.0,97.0,170.0,170.0,55.0,24.0,128.0,19.0,15.0,0.0,0.0
3.368,34,66970.0,600.0,124.0,600.0,785.0,0.0,1.0,0.0,0.0,0.5,0.041,0.5,0.633,0.51,0.056,0.51,0.649,0.0,0.0,-1.33,-5.54,0.27,-0.54,0.0,0.0,0.0,0.0,0.0,0.0,0.0,1.0,0.0,-0.1,-0.0,-0.0,-0.0,0.0,0.0,0.0,0.0,0.0,0.0,0.0,0.0,161.0,97.0,170.0,170.0,55.0,24.0,128.0,19.0,15.0,0.0,1.0
3.461,98,67068.0,600.0,124.0,600.0,734.0,0.0,1.0,0.0,0.0,0.5,0.041,0.5,0.615,0.51,0.056,0.51,0.633,0.0,0.0,-1.33,-5.54,0.27,-0.54,0.0,0.0,0.0,0.0,0.0,0.0,0.0,1.0,0.0,-0.0,-0.0,-0.0,-0.0,0.0,0.0,0.0,0.0,0.0,0.0,0.0,0.0,161.0,97.0,170.0,170.0,55.0,24.0,128.0,19.0,15.0,0.0,0.0
3.525,51,67119.0,600.0,124.0,600.0,734.0,0.0,1.0,0.0,0.0,0.5,0.041,0.5,0.615,0.51,0.056,0.51,0.633,0.0,0.0,-1.33,-5.54,0.27,-0.54,0.0,0.0,0.0,0.0,0.0,0.0,0.0,1.0,0.0,0.4,-0.0,-0.0,-0.0,0.0,0.0,0.0,0.0,0.0,0.0,0.0,0.0,161.0,97.0,170.0,170.0,55.0,24.0,128.0,19.0,15.0,0.0,1.0
3.556,35,67154.0,600.0,124.0,600.0,734.0,0.0,1.0,0.0,0.0,0.5,0.041,0.5,0.615,0.51,0.056,0.51,0.633,0.0,0.0,-1.33,-5.54,0.27,-0.54,0.0,0.0,0.0,0.0,0.0,0.0,0.0,1.0,0.0,0.3,-0.0,-0.0,-0.0,0.0,0.0,0.0,0.0,0.0,0.0,0.0,0.0,161.0,97.0,170.0,170.0,55.0,24.0,128.0,19.0,15.0,0.0,1.0
3.654,99,67253.0,600.0,124.0,600.0,777.0,0.0,1.0,0.0,0.0,0.5,0.041,0.5,0.621,0.51,0.056,0.51,0.635,0.0,0.0,-1.33,-5.54,0.27,-0.54,0.0,0.0,0.0,0.0,0.0,0.0,0.0,1.0,0.0,0.3,-0.0,-0.0,-0.0,0.0,0.0,0.0,0.0,0.0,0.0,0.0,0.0,161.0,97.0,170.0,170.0,55.0,24.0,128.0,19.0,15.0,0.0,0.0
3.719,54,67307.0,600.0,125.0,600.0,777.0,0.0,1.0,0.0,0.0,0.5,0.041,0.5,0.621,0.51,0.056,0.51,0.635,0.0,0.0,-1.33,-5.54,0.27,-0.54,0.0,0.0,0.0,0.0,0.0,0.0,0.0,1.0,0.0,-0.1,-0.0,-0.0,-0.0,0.0,0.0,0.0,0.0,0.0,0.0,0.0,0.0,161.0,97.0,170.0,170.0,55.0,24.0,128.0,19.0,15.0,0.0,0.0
3.751,52,67359.0,600.0,125.0,600.0,777.0,0.0,1.0,0.0,0.0,0.5,0.041,0.5,0.621,0.51,0.056,0.51,0.635,0.0,0.0,-1.33,-5.54,0.27,-0.54,0.0,0.0,0.0,0.0,0.0,0.0,0.0,1.0,0.0,-0.0,-0.0,-0.0,-0.0,0.0,0.0,0.0,0.0,0.0,0.0,0.0,0.0,161.0,97.0,170.0,170.0,55.0,24.0,128.0,19.0,15.0,0.0,0.0
3.815,53,67412.0,600.0,125.0,600.0,776.0,0.0,1.0,0.0,0.0,0.5,0.041,0.5,0.624,0.51,0.056,0.51,0.638,0.0,0.0,-1.33,-5.54,0.27,-0.54,0.0,0.0,0.0,0.0,0.0,0.0,0.0,1.0,0.0,-0.1,-0.0,-0.0,-0.0,0.0,0.0,0.0,0.0,0.0,0.0,0.0,0.0,161.0,97.0,170.0,170.0,55.0,24.0,128.0,19.0,15.0,0.0,1.0
3.888,53,67465.0,600.0,125.0,600.0,776.0,0.0,1.0,0.0,0.0,0.5,0.041,0.5,0.624,0.51,0.056,0.51,0.638,0.0,0.0,-1.33,-5.54,0.27,-0.54,0.0,0.0,0.0,0.0,0.0,0.0,0.0,1.0,0.0,-0.0,-0.0,-0.0,-0.0,0.0,0.0,0.0,0.0,0.0,0.0,0.0,0.0,161.0,97.0,170.0,170.0,55.0,24.0,128.0,19.0,15.0,0.0,0.0
3.921,52,67517.0,600.0,125.0,600.0,776.0,0.0,1.0,0.0,0.0,0.5,0.041,0.5,0.624,0.51,0.056,0.51,0.638,0.0,0.0,-1.33,-5.54,0.27,-0.54,0.0,0.0,0.0,0.0,0.0,0.0,0.0,1.0,0.0,-0.0,-0.0,-0.0,-0.0,0.0,0.0,0.0,0.0,0.0,0.0,0.0,0.0,161.0,97.0,170.0,170.0,55.0,24.0,128.0,19.0,15.0,0.0,0.0
3.953,35,67552.0,600.0,125.0,600.0,776.0,0.0,1.0,0.0,0.0,0.5,0.041,0.5,0.624,0.51,0.056,0.51,0.638,0.0,0.0,-1.33,-5.54,0.27,-0.54,0.0,0.0,0.0,0.0,0.0,0.0,0.0,1.0,0.0,-0.0,-0.0,-0.0,-0.0,0.0,0.0,0.0,0.0,0.0,0.0,0.0,0.0,161.0,97.0,170.0,170.0,55.0,24.0,128.0,19.0,15.0,0.0,1.0
4.05,100,67652.0,600.0,125.0,600.0,735.0,0.0,1.0,0.0,0.0,0.5,0.041,0.5,0.611,0.51,0.056,0.51,0.628,0.0,0.0,-1.33,-5.54,0.27,-0.54,0.0,0.0,0.0,0.0,0.0,0.0,0.0,1.0,0.0,-0.0,-0.0,-0.0,-0.0,0.0,0.0,0.0,0.0,0.0,0.0,0.0,0.0,161.0,97.0,170.0,170.0,55.0,24.0,128.0,19.0,15.0,0.0,0.0
4.116,52,67704.0,600.0,125.0,600.0,735.0,0.0,1.0,0.0,0.0,0.5,0.041,0.5,0.611,0.51,0.056,0.51,0.628,0.0,0.0,-1.33,-5.54,0.27,-0.54,0.0,0.0,0.0,0.0,0.0,0.0,0.0,1.0,0.0,-0.0,-0.0,-0.0,-0.0,0.0,0.0,0.0,0.0,0.0,0.0,0.0,0.0,161.0,97.0,170.0,170.0,55.0,24.0,128.0,19.0,15.0,0.0,0.0
4.148,54,67758.0,600.0,125.0,600.0,735.0,0.0,1.0,0.0,0.0,0.5,0.041,0.5,0.611,0.51,0.056,0.51,0.628,0.0,0.0,-1.33,-5.54,0.27,-0.54,0.0,0.0,0.0,0.0,0.0,0.0,0.0,1.0,0.0,-0.0,-0.0,-0.0,-0.0,0.0,0.0,0.0,0.0,0.0,0.0,0.0,0.0,161.0,97.0,170.0,170.0,55.0,24.0,128.0,19.0,15.0,0.0,0.0
4.212,52,67810.0,600.0,125.0,600.0,724.0,0.0,1.0,0.0,0.0,0.5,0.042,0.5,0.601,0.509,0.056,0.509,0.617,0.0,0.0,-1.33,-5.54,0.27,-0.54,0.0,0.0,0.0,0.0,0.0,0.0,0.0,1.0,0.0,-0.0,-0.0,-0.0,-0.0,0.0,0.0,0.0,0.0,0.0,0.0,0.0,0.0,161.0,97.0,170.0,170.0,55.0,24.0,128.0,19.0,15.0,0.0,1.0
4.277,53,67863.0,600.0,125.0,600.0,724.0,0.0,1.0,0.0,0.0,0.5,0.042,0.5,0.601,0.509,0.056,0.509,0.617,0.0,0.0,-1.33,-5.54,0.27,-0.54,0.0,0.0,0.0,0.0,0.0,0.0,0.0,1.0,0.0,-0.0,-0.0,-0.0,-0.0,0.0,0.0,0.0,0.0,0.0,0.0,0.0,0.0,161.0,97.0,170.0,170.0,55.0,24.0,128.0,19.0,15.0,0.0,0.0
4.309,52,67915.0,600.0,124.0,600.0,724.0,0.0,1.0,0.0,0.0,0.5,0.042,0.5,0.601,0.509,0.056,0.509,0.617,0.0,0.0,-1.33,-5.54,0.27,-0.54,0.0,0.0,0.0,0.0,0.0,0.0,0.0,1.0,0.0,-0.0,-0.0,-0.0,-0.0,0.0,0.0,0.0,0.0,0.0,0.0,0.0,0.0,161.0,97.0,170.0,170.0,55.0,24.0,128.0,19.0,15.0,0.0,0.0
4.374,53,67968.0,600.0,124.0,600.0,724.0,0.0,1.0,0.0,0.0,0.5,0.042,0.5,0.601,0.509,0.056,0.509,0.617,0.0,0.0,-1.33,-5.54,0.27,-0.54,0.0,0.0,0.0,0.0,0.0,0.0,0.0,1.0,0.0,-0.0,-0.0,-0.0,-0.0,0.0,0.0,0.0,0.0,0.0,0.0,0.0,0.0,161.0,97.0,170.0,170.0,55.0,24.0,128.0,19.0,15.0,0.0,0.0
4.439,52,68020.0,600.0,124.0,600.0,724.0,0.0,1.0,0.0,0.0,0.5,0.041,0.5,0.597,0.509,0.056,0.509,0.612,0.0,0.0,-1.33,-5.54,0.27,-0.54,0.0,0.0,0.0,0.0,0.0,0.0,0.0,1.0,0.0,0.0,-0.0,-0.0,-0.0,0.0,0.0,0.0,0.0,0.0,0.0,0.0,0.0,161.0,97.0,170.0,170.0,55.0,24.0,128.0,19.0,15.0,0.0,0.0
4.471,53,68073.0,600.0,124.0,600.0,724.0,0.0,1.0,0.0,0.0,0.5,0.041,0.5,0.597,0.509,0.056,0.509,0.612,0.0,0.0,-1.33,-5.54,0.27,-0.54,0.0,0.0,0.0,0.0,0.0,0.0,0.0,1.0,0.0,-0.0,-0.0,-0.0,-0.0,0.0,0.0,0.0,0.0,0.0,0.0,0.0,0.0,161.0,97.0,170.0,170.0,55.0,24.0,128.0,19.0,15.0,0.0,0.0
4.536,52,68125.0,600.0,124.0,600.0,724.0,0.0,1.0,0.0,0.0,0.5,0.041,0.5,0.597,0.509,0.056,0.509,0.612,0.0,0.0,-1.33,-5.54,0.27,-0.54,0.0,0.0,0.0,0.0,0.0,0.0,0.0,1.0,0.0,-0.0,-0.0,-0.0,-0.0,0.0,0.0,0.0,0.0,0.0,0.0,0.0,0.0,161.0,97.0,170.0,170.0,55.0,24.0,128.0,19.0,15.0,0.0,0.0
4.568,37,68162.0,600.0,124.0,600.0,724.0,0.0,1.0,0.0,0.0,0.5,0.041,0.5,0.597,0.509,0.056,0.509,0.612,0.0,0.0,-1.33,-5.54,0.27,-0.54,0.0,0.0,0.0,0.0,0.0,0.0,0.0,1.0,0.0,-0.0,-0.0,-0.0,-0.0,0.0,0.0,0.0,0.0,0.0,0.0,0.0,0.0,161.0,97.0,170.0,170.0,55.0,24.0,128.0,19.0,15.0,0.0,1.0
4.664,97,68259.0,600.0,124.0,600.0,720.0,0.0,1.0,0.0,0.0,0.5,0.041,0.5,0.593,0.509,0.056,0.509,0.608,0.0,0.0,-1.33,-5.54,0.27,-0.54,0.0,0.0,0.0,0.0,0.0,0.0,0.0,1.0,0.0,-0.0,-0.0,-0.0,-0.0,0.0,0.0,0.0,0.0,0.0,0.0,0.0,0.0,161.0,97.0,170.0,170.0,55.0,24.0,128.0,19.0,15.0,0.0,0.0
4.729,53,68312.0,600.0,124.0,600.0,720.0,0.0,1.0,0.0,0.0,0.5,0.041,0.5,0.593,0.509,0.056,0.509,0.608,0.0,0.0,-1.33,-5.54,0.27,-0.54,0.0,0.0,0.0,0.0,0.0,0.0,0.0,1.0,0.0,-0.0,-0.0,-0.0,-0.0,0.0,0.0,0.0,0.0,0.0,0.0,0.0,0.0,161.0,97.0,170.0,170.0,55.0,24.0,128.0,19.0,15.0,0.0,1.0
4.76,52,68364.0,600.0,124.0,600.0,720.0,0.0,1.0,0.0,0.0,0.5,0.041,0.5,0.593,0.509,0.056,0.509,0.608,0.0,0.0,-1.33,-5.54,0.27,-0.54,0.0,0.0,0.0,0.0,0.0,0.0,0.0,1.0,0.0,0.0,-0.0,-0.0,-0.0,0.0,0.0,0.0,0.0,0.0,0.0,0.0,0.0,161.0,97.0,170.0,170.0,55.0,24.0,128.0,19.0,15.0,0.0,0.0
4.822,53,68417.0,600.0,124.0,600.0,730.0,0.0,1.0,0.0,0.0,0.5,0.041,0.5,0.595,0.509,0.056,0.509,0.609,0.0,0.0,-1.33,-5.54,0.27,-0.54,0.0,0.0,0.0,0.0,0.0,0.0,0.0,1.0,0.0,-0.0,-0.0,-0.0,-0.0,0.0,0.0,0.0,0.0,0.0,0.0,0.0,0.0,161.0,97.0,170.0,170.0,55.0,24.0,128.0,19.0,15.0,0.0,0.0
4.887,53,68470.0,600.0,124.0,600.0,730.0,0.0,1.0,0.0,0.0,0.5,0.041,0.5,0.595,0.509,0.056,0.509,0.609,0.0,0.0,-1.33,-5.54,0.27,-0.54,0.0,0.0,0.0,0.0,0.0,0.0,0.0,1.0,0.0,-0.0,-0.0,-0.0,-0.0,0.0,0.0,0.0,0.0,0.0,0.0,0.0,0.0,161.0,97.0,170.0,170.0,55.0,24.0,128.0,19.0,15.0,0.0,0.0
4.92,52,68522.0,600.0,123.0,600.0,730.0,0.0,1.0,0.0,0.0,0.5,0.041,0.5,0.595,0.509,0.056,0.509,0.609,0.0,0.0,-1.33,-5.54,0.27,-0.54,0.0,0.0,0.0,0.0,0.0,0.0,0.0,1.0,0.0,-0.0,-0.0,-0.0,-0.0,0.0,0.0,0.0,0.0,0.0,0.0,0.0,0.0,161.0,97.0,170.0,170.0,55.0,24.0,128.0,19.0,15.0,0.0,0.0
4.982,52,68574.0,600.0,123.0,600.0,730.0,0.0,1.0,0.0,0.0,0.5,0.041,0.5,0.595,0.509,0.056,0.509,0.609,0.0,0.0,-1.33,-5.54,0.27,-0.54,0.0,0.0,0.0,0.0,0.0,0.0,0.0,1.0,0.0,-0.0,-0.0,-0.0,-0.0,0.0,0.0,0.0,0.0,0.0,0.0,0.0,0.0,161.0,97.0,170.0,170.0,55.0,24.0,128.0,19.0,15.0,0.0,0.0
5.047,54,68628.0,600.0,123.0,600.0,777.0,0.0,1.0,0.0,0.0,0.5,0.041,0.5,0.612,0.51,0.055,0.51,0.624,0.0,0.0,-1.33,-5.54,0.27,-0.54,0.0,0.0,0.0,0.0,0.0,0.0,0.0,1.0,0.0,-0.0,-0.0,-0.0,0.0,0.0,0.0,0.0,0.0,0.0,0.0,0.0,0.0,161.0,97.0,170.0,170.0,55.0,24.0,128.0,19.0,15.0,0.0,0.0
5.08,53,68681.0,600.0,123.0,600.0,777.0,0.0,1.0,0.0,0.0,0.5,0.041,0.5,0.612,0.51,0.055,0.51,0.624,0.0,0.0,-1.33,-5.54,0.27,-0.54,0.0,0.0,0.0,0.0,0.0,0.0,0.0,1.0,0.0,-0.0,-0.0,-0.0,0.0,0.0,0.0,0.0,0.0,0.0,0.0,0.0,0.0,161.0,97.0,170.0,170.0,55.0,24.0,128.0,19.0,15.0,0.0,0.0
5.146,52,68733.0,600.0,123.0,600.0,777.0,0.0,1.0,0.0,0.0,0.5,0.041,0.5,0.612,0.51,0.055,0.51,0.624,0.0,0.0,-1.33,-5.54,0.27,-0.54,0.0,0.0,0.0,0.0,0.0,0.0,0.0,1.0,0.0,-0.0,-0.0,-0.0,0.0,0.0,0.0,0.0,0.0,0.0,0.0,0.0,0.0,161.0,97.0,170.0,170.0,55.0,24.0,128.0,19.0,15.0,0.0,0.0
5.178,36,68769.0,600.0,123.0,600.0,777.0,0.0,1.0,0.0,0.0,0.5,0.041,0.5,0.612,0.51,0.055,0.51,0.624,0.0,0.0,-1.33,-5.54,0.27,-0.54,0.0,0.0,0.0,0.0,0.0,0.0,0.0,1.0,0.0,0.0,-0.0,-0.0,0.0,0.0,0.0,0.0,0.0,0.0,0.0,0.0,0.0,161.0,97.0,170.0,170.0,55.0,24.0,128.0,19.0,15.0,0.0,1.0
5.273,96,68865.0,600.0,123.0,600.0,776.0,0.0,1.0,0.0,0.0,0.5,0.041,0.5,0.62,0.51,0.055,0.51,0.633,0.0,0.0,-1.33,-5.54,0.27,-0.54,0.0,0.0,0.0,0.0,0.0,0.0,0.0,1.0,0.0,-0.0,-0.0,-0.0,0.0,0.0,0.0,0.0,0.0,0.0,0.0,0.0,0.0,161.0,97.0,170.0,170.0,55.0,24.0,128.0,19.0,15.0,0.0,0.0
5.337,53,68918.0,600.0,123.0,600.0,776.0,0.0,1.0,0.0,0.0,0.5,0.041,0.5,0.62,0.51,0.055,0.51,0.633,0.0,0.0,-1.33,-5.54,0.27,-0.54,0.0,0.0,0.0,0.0,0.0,0.0,0.0,1.0,0.0,-0.0,-0.0,-0.0,0.0,0.0,0.0,0.0,0.0,0.0,0.0,0.0,0.0,161.0,97.0,170.0,170.0,55.0,24.0,128.0,19.0,15.0,0.0,0.0
5.368,53,68971.0,600.0,123.0,600.0,776.0,0.0,1.0,0.0,0.0,0.5,0.041,0.5,0.62,0.51,0.055,0.51,0.633,0.0,0.0,-1.33,-5.54,0.27,-0.54,0.0,0.0,0.0,0.0,0.0,0.0,0.0,1.0,0.0,-0.0,-0.0,-0.0,0.0,0.0,0.0,0.0,0.0,0.0,0.0,0.0,0.0,161.0,97.0,170.0,170.0,55.0,24.0,128.0,19.0,15.0,0.0,1.0
5.431,53,69024.0,600.0,123.0,600.0,776.0,0.0,1.0,0.0,0.0,0.5,0.04,0.5,0.623,0.51,0.055,0.51,0.637,0.0,0.0,-1.33,-5.54,0.27,-0.54,0.0,0.0,0.0,0.0,0.0,0.0,0.0,1.0,0.0,-0.0,-0.0,-0.0,0.0,0.0,0.0,0.0,0.0,0.0,0.0,0.0,0.0,161.0,97.0,170.0,170.0,55.0,24.0,128.0,19.0,15.0,0.0,0.0
5.496,54,69078.0,600.0,123.0,600.0,776.0,0.0,1.0,0.0,0.0,0.5,0.04,0.5,0.623,0.51,0.055,0.51,0.637,0.0,0.0,-1.33,-5.54,0.27,-0.54,0.0,0.0,0.0,0.0,0.0,0.0,0.0,1.0,0.0,-0.0,-0.0,-0.0,0.0,0.0,0.0,0.0,0.0,0.0,0.0,0.0,0.0,161.0,97.0,170.0,170.0,55.0,24.0,128.0,19.0,15.0,0.0,0.0
5.528,53,69131.0,600.0,125.0,600.0,776.0,0.0,1.0,0.0,0.0,0.5,0.04,0.5,0.623,0.51,0.055,0.51,0.637,0.0,0.0,-1.33,-5.54,0.27,-0.54,0.0,0.0,0.0,0.0,0.0,0.0,0.0,1.0,0.0,-0.0,-0.0,-0.0,0.0,0.0,0.0,0.0,0.0,0.0,0.0,0.0,0.0,161.0,97.0,170.0,170.0,55.0,24.0,128.0,19.0,15.0,0.0,0.0
5.559,34,69165.0,600.0,125.0,600.0,776.0,0.0,1.0,0.0,0.0,0.5,0.04,0.5,0.623,0.51,0.055,0.51,0.637,0.0,0.0,-1.33,-5.54,0.27,-0.54,0.0,0.0,0.0,0.0,0.0,0.0,0.0,1.0,0.0,-0.0,-0.0,-0.0,0.0,0.0,0.0,0.0,0.0,0.0,0.0,0.0,0.0,161.0,97.0,170.0,170.0,55.0,24.0,128.0,19.0,15.0,0.0,1.0
5.658,100,69265.0,600.0,125.0,600.0,738.0,0.0,1.0,0.0,0.0,0.5,0.041,0.5,0.612,0.51,0.055,0.51,0.628,0.0,0.0,-1.33,-5.54,0.27,-0.54,0.0,0.0,0.0,0.0,0.0,0.0,0.0,1.0,0.0,0.0,-0.0,-0.0,0.0,0.0,0.0,0.0,0.0,0.0,0.0,0.0,0.0,161.0,97.0,170.0,170.0,55.0,24.0,128.0,19.0,15.0,0.0,0.0
5.722,53,69318.0,600.0,126.0,600.0,738.0,0.0,1.0,0.0,0.0,0.5,0.041,0.5,0.612,0.51,0.055,0.51,0.628,0.0,0.0,-1.33,-5.54,0.27,-0.54,0.0,0.0,0.0,0.0,0.0,0.0,0.0,1.0,0.0,-0.4,-0.0,-0.0,0.0,0.0,0.0,0.0,0.0,0.0,0.0,0.0,0.0,161.0,97.0,170.0,170.0,55.0,24.0,128.0,19.0,15.0,0.0,0.0
5.787,52,69370.0,600.0,126.0,600.0,738.0,0.0,1.0,0.0,0.0,0.5,0.041,0.5,0.612,0.51,0.055,0.51,0.628,0.0,0.0,-1.33,-5.54,0.27,-0.54,0.0,0.0,0.0,0.0,0.0,0.0,0.0,1.0,0.0,-0.3,-0.0,-0.0,-0.0,0.0,0.0,0.0,0.0,0.0,0.0,0.0,0.0,161.0,97.0,170.0,170.0,55.0,24.0,128.0,19.0,15.0,0.0,0.0
5.819,53,69423.0,600.0,126.0,600.0,731.0,0.0,1.0,0.0,0.0,0.5,0.042,0.5,0.604,0.509,0.056,0.509,0.62,0.0,0.0,-1.33,-5.54,0.27,-0.54,0.0,0.0,0.0,0.0,0.0,0.0,0.0,1.0,0.0,-0.3,-0.0,-0.0,0.0,0.0,0.0,0.0,0.0,0.0,0.0,0.0,0.0,161.0,97.0,170.0,170.0,55.0,24.0,128.0,19.0,15.0,0.0,0.0
5.889,53,69476.0,600.0,126.0,600.0,731.0,0.0,1.0,0.0,0.0,0.5,0.042,0.5,0.604,0.509,0.056,0.509,0.62,0.0,0.0,-1.33,-5.54,0.27,-0.54,0.0,0.0,0.0,0.0,0.0,0.0,0.0,1.0,0.0,-0.2,-0.0,-0.0,0.0,0.0,0.0,0.0,0.0,0.0,0.0,0.0,0.0,161.0,97.0,170.0,170.0,55.0,24.0,128.0,19.0,15.0,0.0,0.0
5.922,54,69530.0,600.0,126.0,600.0,731.0,0.0,1.0,0.0,0.0,0.5,0.042,0.5,0.604,0.509,0.056,0.509,0.62,0.0,0.0,-1.33,-5.54,0.27,-0.54,0.0,0.0,0.0,0.0,0.0,0.0,0.0,1.0,0.0,-0.2,-0.0,-0.0,0.0,0.0,0.0,0.0,0.0,0.0,0.0,0.0,0.0,161.0,97.0,170.0,170.0,55.0,24.0,128.0,19.0,15.0,0.0,0.0
5.986,52,69582.0,600.0,126.0,600.0,731.0,0.0,1.0,0.0,0.0,0.5,0.042,0.5,0.604,0.509,0.056,0.509,0.62,0.0,0.0,-1.33,-5.54,0.27,-0.54,0.0,0.0,0.0,0.0,0.0,0.0,0.0,1.0,0.0,-0.2,-0.0,-0.0,0.0,0.0,0.0,0.0,0.0,0.0,0.0,0.0,0.0,161.0,97.0,170.0,170.0,55.0,24.0,128.0,19.0,15.0,0.0,1.0
6.052,53,69635.0,600.0,126.0,600.0,735.0,0.0,1.0,0.0,0.0,0.5,0.042,0.5,0.602,0.509,0.056,0.509,0.617,0.0,0.0,-1.33,-5.54,0.27,-0.54,0.0,0.0,0.0,0.0,0.0,0.0,0.0,1.0,0.0,-0.2,-0.0,-0.0,0.0,0.0,0.0,0.0,0.0,0.0,0.0,0.0,0.0,161.0,97.0,170.0,170.0,55.0,24.0,128.0,19.0,15.0,0.0,0.0
6.083,53,69688.0,600.0,126.0,600.0,735.0,0.0,1.0,0.0,0.0,0.5,0.042,0.5,0.602,0.509,0.056,0.509,0.617,0.0,0.0,-1.33,-5.54,0.27,-0.54,0.0,0.0,0.0,0.0,0.0,0.0,0.0,1.0,0.0,-0.2,-0.0,-0.0,0.0,0.0,0.0,0.0,0.0,0.0,0.0,0.0,0.0,161.0,97.0,170.0,170.0,55.0,24.0,128.0,19.0,15.0,0.0,0.0
6.146,53,69741.0,600.0,126.0,600.0,735.0,0.0,1.0,0.0,0.0,0.5,0.042,0.5,0.602,0.509,0.056,0.509,0.617,0.0,0.0,-1.33,-5.54,0.27,-0.54,0.0,0.0,0.0,0.0,0.0,0.0,0.0,1.0,0.0,-0.1,-0.0,-0.0,-0.0,0.0,0.0,0.0,0.0,0.0,0.0,0.0,0.0,161.0,97.0,170.0,170.0,55.0,24.0,128.0,19.0,15.0,0.0,0.0
6.179,34,69775.0,600.0,126.0,600.0,735.0,0.0,1.0,0.0,0.0,0.5,0.042,0.5,0.602,0.509,0.056,0.509,0.617,0.0,0.0,-1.33,-5.54,0.27,-0.54,0.0,0.0,0.0,0.0,0.0,0.0,0.0,1.0,0.0,-0.1,-0.0,-0.0,0.0,0.0,0.0,0.0,0.0,0.0,0.0,0.0,0.0,161.0,97.0,170.0,170.0,55.0,24.0,128.0,19.0,15.0,0.0,1.0
6.281,102,69877.0,600.0,126.0,600.0,740.0,0.0,1.0,0.0,0.0,0.5,0.042,0.5,0.603,0.509,0.057,0.509,0.617,0.0,0.0,-1.33,-5.54,0.27,-0.54,0.0,0.0,0.0,0.0,0.0,0.0,0.0,1.0,0.0,-0.2,-0.0,-0.0,0.0,0.0,0.0,0.0,0.0,0.0,0.0,0.0,0.0,161.0,97.0,170.0,170.0,55.0,24.0,128.0,19.0,15.0,0.0,1.0
6.346,55,69932.0,600.0,126.0,600.0,740.0,0.0,1.0,0.0,0.0,0.5,0.042,0.5,0.603,0.509,0.057,0.509,0.617,0.0,0.0,-1.33,-5.54,0.27,-0.54,0.0,0.0,0.0,0.0,0.0,0.0,0.0,1.0,0.0,0.1,-0.0,-0.0,0.0,0.0,0.0,0.0,0.0,0.0,0.0,0.0,0.0,161.0,97.0,170.0,170.0,55.0,24.0,128.0,19.0,15.0,0.0,0.0
6.378,35,69967.0,600.0,126.0,600.0,740.0,0.0,1.0,0.0,0.0,0.5,0.042,0.5,0.603,0.509,0.057,0.509,0.617,0.0,0.0,-1.33,-5.54,0.27,-0.54,0.0,0.0,0.0,0.0,0.0,0.0,0.0,1.0,0.0,0.1,-0.0,-0.0,0.0,0.0,0.0,0.0,0.0,0.0,0.0,0.0,0.0,161.0,97.0,170.0,170.0,55.0,24.0,128.0,19.0,15.0,0.0,1.0
6.476,98,70065.0,600.0,126.0,600.0,780.0,0.0,1.0,0.0,0.0,0.5,0.042,0.5,0.616,0.51,0.057,0.51,0.629,0.0,0.0,-1.33,-5.54,0.27,-0.54,0.0,0.0,0.0,0.0,0.0,0.0,0.0,1.0,0.0,0.1,-0.0,-0.0,0.0,0.0,0.0,0.0,0.0,0.0,0.0,0.0,0.0,161.0,97.0,170.0,170.0,55.0,24.0,128.0,19.0,15.0,0.0,1.0
6.508,53,70118.0,600.0,126.0,600.0,780.0,0.0,1.0,0.0,0.0,0.5,0.042,0.5,0.616,0.51,0.057,0.51,0.629,0.0,0.0,-1.33,-5.54,0.27,-0.54,0.0,0.0,0.0,0.0,0.0,0.0,0.0,1.0,0.0,0.1,-0.0,-0.0,0.0,0.0,0.0,0.0,0.0,0.0,0.0,0.0,0.0,161.0,97.0,170.0,170.0,55.0,24.0,128.0,19.0,15.0,0.0,0.0
6.572,34,70152.0,600.0,126.0,600.0,780.0,0.0,1.0,0.0,0.0,0.5,0.042,0.5,0.616,0.51,0.057,0.51,0.629,0.0,0.0,-1.33,-5.54,0.27,-0.54,0.0,0.0,0.0,0.0,0.0,0.0,0.0,1.0,0.0,0.1,-0.0,-0.0,0.0,0.0,0.0,0.0,0.0,0.0,0.0,0.0,0.0,161.0,97.0,170.0,170.0,55.0,24.0,128.0,19.0,15.0,0.0,1.0
6.669,99,70251.0,600.0,126.0,600.0,830.0,0.0,1.0,0.0,0.0,0.5,0.042,0.5,0.638,0.51,0.057,0.51,0.649,0.0,0.0,-1.33,-5.54,0.27,-0.54,0.0,0.0,0.0,0.0,0.0,0.0,0.0,1.0,0.0,0.0,-0.0,-0.0,0.0,0.0,0.0,0.0,0.0,0.0,0.0,0.0,0.0,161.0,97.0,170.0,170.0,55.0,24.0,128.0,19.0,15.0,0.0,0.0
6.702,51,70302.0,600.0,125.0,600.0,830.0,0.0,1.0,0.0,0.0,0.5,0.042,0.5,0.638,0.51,0.057,0.51,0.649,0.0,0.0,-1.33,-5.54,0.27,-0.54,0.0,0.0,0.0,0.0,0.0,0.0,0.0,1.0,0.0,0.0,-0.0,-0.0,0.0,0.0,0.0,0.0,0.0,0.0,0.0,0.0,0.0,161.0,97.0,170.0,170.0,55.0,24.0,128.0,19.0,15.0,0.0,1.0
6.766,53,70355.0,600.0,125.0,600.0,830.0,0.0,1.0,0.0,0.0,0.5,0.042,0.5,0.638,0.51,0.057,0.51,0.649,0.0,0.0,-1.33,-5.54,0.27,-0.54,0.0,0.0,0.0,0.0,0.0,0.0,0.0,1.0,0.0,0.0,-0.0,-0.0,0.0,0.0,0.0,0.0,0.0,0.0,0.0,0.0,0.0,161.0,97.0,170.0,170.0,55.0,24.0,128.0,19.0,15.0,0.0,1.0
6.799,54,70409.0,600.0,125.0,600.0,832.0,0.0,1.0,0.0,0.0,0.5,0.042,0.5,0.649,0.51,0.056,0.51,0.662,0.0,0.0,-1.33,-5.54,0.27,-0.54,0.0,0.0,0.0,0.0,0.0,0.0,0.0,1.0,0.0,0.1,-0.0,-0.0,0.0,0.0,0.0,0.0,0.0,0.0,0.0,0.0,0.0,161.0,97.0,170.0,170.0,55.0,24.0,128.0,19.0,15.0,0.0,0.0
6.864,53,70462.0,600.0,125.0,600.0,832.0,0.0,1.0,0.0,0.0,0.5,0.042,0.5,0.649,0.51,0.056,0.51,0.662,0.0,0.0,-1.33,-5.54,0.27,-0.54,0.0,0.0,0.0,0.0,0.0,0.0,0.0,1.0,0.0,0.0,-0.0,-0.0,0.0,0.0,0.0,0.0,0.0,0.0,0.0,0.0,0.0,161.0,97.0,170.0,170.0,55.0,24.0,128.0,19.0,15.0,0.0,0.0
6.926,53,70515.0,600.0,125.0,600.0,832.0,0.0,1.0,0.0,0.0,0.5,0.042,0.5,0.649,0.51,0.056,0.51,0.662,0.0,0.0,-1.33,-5.54,0.27,-0.54,0.0,0.0,0.0,0.0,0.0,0.0,0.0,1.0,0.0,0.0,-0.0,-0.0,0.0,0.0,0.0,0.0,0.0,0.0,0.0,0.0,0.0,161.0,97.0,170.0,170.0,55.0,24.0,128.0,19.0,15.0,0.0,0.0
6.957,53,70568.0,600.0,125.0,600.0,832.0,0.0,1.0,0.0,0.0,0.5,0.042,0.5,0.649,0.51,0.056,0.51,0.662,0.0,0.0,-1.33,-5.54,0.27,-0.54,0.0,0.0,0.0,0.0,0.0,0.0,0.0,1.0,0.0,0.0,-0.0,-0.0,0.0,0.0,0.0,0.0,0.0,0.0,0.0,0.0,0.0,161.0,97.0,170.0,170.0,55.0,24.0,128.0,19.0,15.0,0.0,0.0
7.02,52,70620.0,600.0,125.0,600.0,826.0,0.0,1.0,0.0,0.0,0.5,0.042,0.5,0.652,0.51,0.056,0.51,0.666,0.0,0.0,-1.34,-5.54,0.27,-0.54,0.0,0.0,0.0,0.0,0.0,0.0,0.0,1.0,0.0,0.0,-0.0,-0.0,0.0,0.0,0.0,0.0,0.0,0.0,0.0,0.0,0.0,161.0,97.0,170.0,170.0,55.0,24.0,128.0,19.0,15.0,0.0,0.0
7.085,53,70673.0,600.0,125.0,600.0,826.0,0.0,1.0,0.0,0.0,0.5,0.042,0.5,0.652,0.51,0.056,0.51,0.666,0.0,0.0,-1.34,-5.55,0.27,-0.54,0.0,0.0,0.0,0.0,0.0,0.0,0.0,1.0,0.0,0.0,-0.0,-0.0,-0.0,0.0,0.0,0.0,0.0,0.0,0.0,0.0,0.0,161.0,97.0,170.0,170.0,55.0,24.0,128.0,19.0,15.0,0.0,0.0
7.117,53,70726.0,600.0,124.0,600.0,826.0,0.0,1.0,0.0,0.0,0.5,0.042,0.5,0.652,0.51,0.056,0.51,0.666,0.0,0.0,-1.34,-5.55,0.27,-0.54,0.0,0.0,0.0,0.0,0.0,0.0,0.0,1.0,0.0,0.0,-0.0,-0.0,0.0,0.0,0.0,0.0,0.0,0.0,0.0,0.0,0.0,161.0,97.0,170.0,170.0,55.0,24.0,128.0,19.0,15.0,0.0,0.0
7.15,34,70760.0,600.0,124.0,600.0,826.0,0.0,1.0,0.0,0.0,0.5,0.042,0.5,0.652,0.51,0.056,0.51,0.666,0.0,0.0,-1.34,-5.55,0.27,-0.54,0.0,0.0,0.0,0.0,0.0,0.0,0.0,1.0,0.0,0.0,-0.0,-0.0,-0.1,0.0,0.0,0.0,0.0,0.0,0.0,0.0,0.0,161.0,97.0,170.0,170.0,55.0,24.0,128.0,19.0,15.0,0.0,1.0
7.284,106,70866.0,600.0,124.0,600.0,783.0,0.0,1.0,0.0,0.0,0.5,0.041,0.5,0.64,0.51,0.056,0.51,0.657,0.0,0.0,-1.34,-5.55,0.27,-0.54,0.0,0.0,0.0,0.0,0.0,0.0,0.0,1.0,0.0,0.1,-0.0,-0.0,-0.0,0.0,0.0,0.0,0.0,0.0,0.0,0.0,0.0,161.0,97.0,170.0,170.0,55.0,24.0,128.0,19.0,15.0,0.0,1.0
7.317,52,70918.0,600.0,124.0,600.0,783.0,0.0,1.0,0.0,0.0,0.5,0.041,0.5,0.64,0.51,0.056,0.51,0.657,0.0,0.0,-1.34,-5.55,0.27,-0.54,0.0,0.0,0.0,0.0,0.0,0.0,0.0,1.0,0.0,0.1,-0.0,-0.0,-0.0,0.0,0.0,0.0,0.0,0.0,0.0,0.0,0.0,161.0,97.0,170.0,170.0,55.0,24.0,128.0,19.0,15.0,0.0,0.0
7.349,37,70955.0,600.0,124.0,600.0,783.0,0.0,1.0,0.0,0.0,0.5,0.041,0.5,0.64,0.51,0.056,0.51,0.657,0.0,0.0,-1.34,-5.55,0.27,-0.54,0.0,0.0,0.0,0.0,0.0,0.0,0.0,1.0,0.0,0.1,-0.0,-0.0,-0.0,0.0,0.0,0.0,0.0,0.0,0.0,0.0,0.0,161.0,97.0,170.0,170.0,55.0,24.0,128.0,19.0,15.0,0.0,1.0
7.451,101,71056.0,600.0,124.0,600.0,798.0,0.0,1.0,0.0,0.0,0.5,0.041,0.5,0.639,0.51,0.056,0.51,0.654,0.0,0.0,-1.34,-5.55,0.27,-0.54,0.0,0.0,0.0,0.0,0.0,0.0,0.0,1.0,0.0,0.0,-0.0,-0.0,-0.0,0.0,0.0,0.0,0.0,0.0,0.0,0.0,0.0,161.0,97.0,170.0,170.0,55.0,24.0,128.0,19.0,15.0,0.0,1.0
7.516,52,71108.0,600.0,124.0,600.0,798.0,0.0,1.0,0.0,0.0,0.5,0.041,0.5,0.639,0.51,0.056,0.51,0.654,0.0,0.0,-1.34,-5.55,0.27,-0.54,0.0,0.0,0.0,0.0,0.0,0.0,0.0,1.0,0.0,0.0,-0.0,-0.0,-0.0,0.0,0.0,0.0,0.0,0.0,0.0,0.0,0.0,161.0,97.0,170.0,170.0,55.0,24.0,128.0,19.0,15.0,0.0,0.0
7.549,35,71143.0,600.0,124.0,600.0,798.0,0.0,1.0,0.0,0.0,0.5,0.041,0.5,0.639,0.51,0.056,0.51,0.654,0.0,0.0,-1.34,-5.55,0.27,-0.54,0.0,0.0,0.0,0.0,0.0,0.0,0.0,1.0,0.0,0.0,-0.0,-0.0,-0.0,0.0,0.0,0.0,0.0,0.0,0.0,0.0,0.0,161.0,97.0,170.0,170.0,55.0,24.0,128.0,19.0,15.0,0.0,1.0
7.646,99,71242.0,600.0,124.0,600.0,796.0,0.0,1.0,0.0,0.0,0.5,0.041,0.5,0.638,0.51,0.056,0.51,0.653,0.0,0.0,-1.34,-5.54,0.27,-0.54,0.0,0.0,0.0,0.0,0.0,0.0,0.0,1.0,0.0,0.1,-0.0,-0.0,-0.0,0.0,0.0,0.0,0.0,0.0,0.0,0.0,0.0,161.0,97.0,170.0,170.0,55.0,24.0,128.0,19.0,15.0,0.0,0.0
7.712,52,71294.0,600.0,123.0,600.0,796.0,0.0,1.0,0.0,0.0,0.5,0.041,0.5,0.638,0.51,0.056,0.51,0.653,0.0,0.0,-1.34,-5.54,0.27,-0.54,0.0,0.0,0.0,0.0,0.0,0.0,0.0,1.0,0.0,0.0,-0.0,-0.0,-0.0,0.0,0.0,0.0,0.0,0.0,0.0,0.0,0.0,161.0,97.0,170.0,170.0,55.0,24.0,128.0,19.0,15.0,0.0,0.0
7.744,35,71329.0,600.0,123.0,600.0,796.0,0.0,1.0,0.0,0.0,0.5,0.041,0.5,0.638,0.51,0.056,0.51,0.653,0.0,0.0,-1.34,-5.54,0.27,-0.54,0.0,0.0,0.0,0.0,0.0,0.0,0.0,1.0,0.0,0.0,-0.0,-0.0,0.0,0.0,0.0,0.0,0.0,0.0,0.0,0.0,0.0,161.0,97.0,170.0,170.0,55.0,24.0,128.0,19.0,15.0,0.0,1.0
7.841,98,71427.0,600.0,123.0,600.0,747.0,0.0,1.0,0.0,0.0,0.5,0.041,0.5,0.622,0.51,0.055,0.51,0.639,0.0,0.0,-1.34,-5.54,0.27,-0.54,0.0,0.0,0.0,0.0,0.0,0.0,0.0,1.0,0.0,0.0,-0.0,-0.0,0.0,0.0,0.0,0.0,0.0,0.0,0.0,0.0,0.0,161.0,97.0,170.0,170.0,55.0,24.0,128.0,19.0,15.0,0.0,0.0
7.873,52,71479.0,600.0,123.0,600.0,747.0,0.0,1.0,0.0,0.0,0.5,0.041,0.5,0.622,0.51,0.055,0.51,0.639,0.0,0.0,-1.34,-5.54,0.27,-0.54,0.0,0.0,0.0,0.0,0.0,0.0,0.0,1.0,0.0,0.0,-0.0,-0.0,0.0,0.0,0.0,0.0,0.0,0.0,0.0,0.0,0.0,161.0,97.0,170.0,170.0,55.0,24.0,128.0,19.0,15.0,0.0,0.0
7.936,53,71532.0,600.0,123.0,600.0,747.0,0.0,1.0,0.0,0.0,0.5,0.041,0.5,0.622,0.51,0.055,0.51,0.639,0.0,0.0,-1.33,-5.53,0.27,-0.54,0.0,0.0,0.0,0.0,0.0,0.0,0.0,1.0,0.0,0.0,-0.0,-0.0,0.0,0.0,0.0,0.0,0.0,0.0,0.0,0.0,0.0,161.0,97.0,170.0,170.0,55.0,24.0,128.0,19.0,15.0,0.0,0.0
8.001,53,71585.0,600.0,123.0,600.0,751.0,0.0,1.0,0.0,0.0,0.5,0.04,0.5,0.616,0.51,0.055,0.51,0.631,0.0,0.0,-1.33,-5.53,0.27,-0.54,0.0,0.0,0.0,0.0,0.0,0.0,0.0,1.0,0.0,-0.0,-0.0,-0.0,0.0,0.0,0.0,0.0,0.0,0.0,0.0,0.0,0.0,161.0,97.0,170.0,170.0,55.0,24.0,128.0,19.0,15.0,0.0,0.0
8.034,53,71638.0,600.0,123.0,600.0,751.0,0.0,1.0,0.0,0.0,0.5,0.04,0.5,0.616,0.51,0.055,0.51,0.631,0.0,0.0,-1.33,-5.53,0.27,-0.54,0.0,0.0,0.0,0.0,0.0,0.0,0.0,1.0,0.0,-0.0,-0.0,-0.0,0.0,0.0,0.0,0.0,0.0,0.0,0.0,0.0,0.0,161.0,97.0,170.0,170.0,55.0,24.0,128.0,19.0,15.0,0.0,0.0
8.103,54,71692.0,600.0,122.0,600.0,751.0,0.0,1.0,0.0,0.0,0.5,0.04,0.5,0.616,0.51,0.055,0.51,0.631,0.0,0.0,-1.33,-5.53,0.27,-0.54,0.0,0.0,0.0,0.0,0.0,0.0,0.0,1.0,0.0,-0.0,-0.0,-0.0,0.0,0.0,0.0,0.0,0.0,0.0,0.0,0.0,0.0,161.0,97.0,170.0,170.0,55.0,24.0,128.0,19.0,15.0,0.0,1.0
8.135,34,71726.0,600.0,122.0,600.0,751.0,0.0,1.0,0.0,0.0,0.5,0.04,0.5,0.616,0.51,0.055,0.51,0.631,0.0,0.0,-1.33,-5.53,0.27,-0.54,0.0,0.0,0.0,0.0,0.0,0.0,0.0,1.0,0.0,-0.0,-0.0,-0.0,0.0,0.0,0.0,0.0,0.0,0.0,0.0,0.0,0.0,161.0,97.0,170.0,170.0,55.0,24.0,128.0,19.0,15.0,0.0,1.0
8.232,97,71823.0,600.0,122.0,600.0,804.0,0.0,1.0,0.0,0.0,0.5,0.04,0.5,0.63,0.51,0.055,0.51,0.642,0.0,0.0,-1.33,-5.53,0.27,-0.54,0.0,0.0,0.0,0.0,0.0,0.0,0.0,1.0,0.0,-0.0,-0.0,-0.0,0.0,0.0,0.0,0.0,0.0,0.0,0.0,0.0,0.0,161.0,97.0,170.0,170.0,55.0,24.0,128.0,19.0,15.0,0.0,1.0
8.265,53,71876.0,600.0,123.0,600.0,804.0,0.0,1.0,0.0,0.0,0.5,0.04,0.5,0.63,0.51,0.055,0.51,0.642,0.0,0.0,-1.33,-5.53,0.27,-0.54,0.0,0.0,0.0,0.0,0.0,0.0,0.0,1.0,0.0,-0.0,-0.0,-0.0,0.0,0.0,0.0,0.0,0.0,0.0,0.0,0.0,0.0,161.0,97.0,170.0,170.0,55.0,24.0,128.0,19.0,15.0,0.0,0.0
8.327,52,71928.0,600.0,123.0,600.0,804.0,0.0,1.0,0.0,0.0,0.5,0.04,0.5,0.63,0.51,0.055,0.51,0.642,0.0,0.0,-1.33,-5.54,0.27,-0.54,0.0,0.0,0.0,0.0,0.0,0.0,0.0,1.0,0.0,-0.0,-0.0,-0.0,0.0,0.0,0.0,0.0,0.0,0.0,0.0,0.0,0.0,161.0,97.0,170.0,170.0,55.0,24.0,128.0,19.0,15.0,0.0,0.0
8.391,53,71981.0,600.0,123.0,600.0,749.0,0.0,1.0,0.0,0.0,0.5,0.04,0.5,0.619,0.51,0.055,0.51,0.635,0.0,0.0,-1.33,-5.54,0.26,-0.54,0.0,0.0,0.0,0.0,0.0,0.0,0.0,1.0,0.0,-0.0,-0.0,-0.0,0.0,0.0,0.0,0.0,0.0,0.0,0.0,0.0,0.0,161.0,97.0,170.0,170.0,55.0,24.0,128.0,19.0,15.0,0.0,0.0
8.423,53,72034.0,600.0,123.0,600.0,749.0,0.0,1.0,0.0,0.0,0.5,0.04,0.5,0.619,0.51,0.055,0.51,0.635,0.0,0.0,-1.33,-5.54,0.26,-0.54,0.0,0.0,0.0,0.0,0.0,0.0,0.0,1.0,0.0,-0.0,-0.0,-0.0,0.0,0.0,0.0,0.0,0.0,0.0,0.0,0.0,0.0,161.0,97.0,170.0,170.0,55.0,24.0,128.0,19.0,15.0,0.0,1.0
8.489,53,72087.0,600.0,123.0,600.0,749.0,0.0,1.0,0.0,0.0,0.5,0.04,0.5,0.619,0.51,0.055,0.51,0.635,0.0,0.0,-1.33,-5.54,0.26,-0.54,0.0,0.0,0.0,0.0,0.0,0.0,0.0,1.0,0.0,-0.0,-0.0,-0.0,0.0,0.0,0.0,0.0,0.0,0.0,0.0,0.0,0.0,161.0,97.0,170.0,170.0,55.0,24.0,128.0,19.0,15.0,0.0,0.0
8.551,54,72141.0,600.0,123.0,600.0,749.0,0.0,1.0,0.0,0.0,0.5,0.04,0.5,0.619,0.51,0.055,0.51,0.635,0.0,0.0,-1.33,-5.54,0.26,-0.54,0.0,0.0,0.0,0.0,0.0,0.0,0.0,1.0,0.0,-0.0,-0.0,-0.0,0.0,0.0,0.0,0.0,0.0,0.0,0.0,0.0,0.0,161.0,97.0,170.0,170.0,55.0,24.0,128.0,19.0,15.0,0.0,0.0
8.584,53,72194.0,600.0,123.0,600.0,750.0,0.0,1.0,0.0,0.0,0.5,0.04,0.5,0.614,0.51,0.055,0.51,0.63,0.0,0.0,-1.33,-5.54,0.26,-0.54,0.0,0.0,0.0,0.0,0.0,0.0,0.0,1.0,0.0,-0.0,-0.0,-0.0,0.0,0.0,0.0,0.0,0.0,0.0,0.0,0.0,0.0,161.0,97.0,170.0,170.0,55.0,24.0,128.0,19.0,15.0,0.0,0.0
8.654,53,72247.0,600.0,123.0,600.0,750.0,0.0,1.0,0.0,0.0,0.5,0.04,0.5,0.614,0.51,0.055,0.51,0.63,0.0,0.0,-1.33,-5.54,0.26,-0.54,0.0,0.0,0.0,0.0,0.0,0.0,0.0,1.0,0.0,0.0,-0.0,-0.0,0.0,0.0,0.0,0.0,0.0,0.0,0.0,0.0,0.0,161.0,97.0,170.0,170.0,55.0,24.0,128.0,19.0,15.0,0.0,0.0
8.72,53,72300.0,600.0,123.0,600.0,750.0,0.0,1.0,0.0,0.0,0.5,0.04,0.5,0.614,0.51,0.055,0.51,0.63,0.0,0.0,-1.33,-5.54,0.26,-0.54,0.0,0.0,0.0,0.0,0.0,0.0,0.0,1.0,0.0,-0.0,-0.0,-0.0,0.0,0.0,0.0,0.0,0.0,0.0,0.0,0.0,0.0,161.0,97.0,170.0,170.0,55.0,24.0,128.0,19.0,15.0,0.0,0.0
8.752,34,72334.0,600.0,123.0,600.0,750.0,0.0,1.0,0.0,0.0,0.5,0.04,0.5,0.614,0.51,0.055,0.51,0.63,0.0,0.0,-1.33,-5.54,0.26,-0.54,0.0,0.0,0.0,0.0,0.0,0.0,0.0,1.0,0.0,-0.0,-0.0,-0.0,0.0,0.0,0.0,0.0,0.0,0.0,0.0,0.0,0.0,161.0,97.0,170.0,170.0,55.0,24.0,128.0,19.0,15.0,0.0,1.0
8.849,97,72431.0,600.0,123.0,600.0,792.0,0.0,1.0,0.0,0.0,0.5,0.04,0.5,0.626,0.51,0.055,0.51,0.638,0.0,0.0,-1.33,-5.54,0.26,-0.54,0.0,0.0,0.0,0.0,0.0,0.0,0.0,1.0,0.0,-0.0,-0.0,-0.0,0.0,0.0,0.0,0.0,0.0,0.0,0.0,0.0,0.0,161.0,97.0,170.0,170.0,55.0,24.0,128.0,19.0,15.0,0.0,0.0
8.881,54,72485.0,600.0,123.0,600.0,792.0,0.0,1.0,0.0,0.0,0.5,0.04,0.5,0.626,0.51,0.055,0.51,0.638,0.0,0.0,-1.33,-5.54,0.26,-0.54,0.0,0.0,0.0,0.0,0.0,0.0,0.0,1.0,0.0,-0.0,-0.0,-0.0,0.0,0.0,0.0,0.0,0.0,0.0,0.0,0.0,0.0,161.0,97.0,170.0,170.0,55.0,24.0,128.0,19.0,15.0,0.0,0.0
8.912,34,72519.0,600.0,123.0,600.0,792.0,0.0,1.0,0.0,0.0,0.5,0.04,0.5,0.626,0.51,0.055,0.51,0.638,0.0,0.0,-1.33,-5.54,0.26,-0.54,0.0,0.0,0.0,0.0,0.0,0.0,0.0,1.0,0.0,-0.0,-0.0,-0.0,0.0,0.0,0.0,0.0,0.0,0.0,0.0,0.0,0.0,161.0,97.0,170.0,170.0,55.0,24.0,128.0,19.0,15.0,0.0,1.0
9.04,101,72620.0,600.0,123.0,600.0,743.0,0.0,1.0,0.0,0.0,0.5,0.04,0.5,0.615,0.51,0.055,0.51,0.631,0.0,0.0,-1.33,-5.54,0.26,-0.54,0.0,0.0,0.0,0.0,0.0,0.0,0.0,1.0,0.0,-0.0,-0.0,-0.0,0.0,0.0,0.0,0.0,0.0,0.0,0.0,0.0,0.0,161.0,97.0,170.0,170.0,55.0,24.0,128.0,19.0,15.0,0.0,0.0
9.073,54,72674.0,600.0,125.0,600.0,743.0,0.0,1.0,0.0,0.0,0.5,0.04,0.5,0.615,0.51,0.055,0.51,0.631,0.0,0.0,-1.33,-5.54,0.26,-0.54,0.0,0.0,0.0,0.0,0.0,0.0,0.0,1.0,0.0,-0.0,-0.0,-0.0,-0.0,0.0,0.0,0.0,0.0,0.0,0.0,0.0,0.0,161.0,97.0,170.0,170.0,55.0,24.0,128.0,19.0,15.0,0.0,0.0
9.106,34,72708.0,600.0,125.0,600.0,743.0,0.0,1.0,0.0,0.0,0.5,0.04,0.5,0.615,0.51,0.055,0.51,0.631,0.0,0.0,-1.33,-5.54,0.26,-0.54,0.0,0.0,0.0,0.0,0.0,0.0,0.0,1.0,0.0,-0.0,-0.0,-0.0,0.0,0.0,0.0,0.0,0.0,0.0,0.0,0.0,0.0,161.0,97.0,170.0,170.0,55.0,24.0,128.0,19.0,15.0,0.0,1.0
9.202,100,72808.0,600.0,125.0,600.0,740.0,0.0,1.0,0.0,0.0,0.5,0.041,0.5,0.609,0.51,0.056,0.51,0.624,0.0,0.0,-1.33,-5.54,0.26,-0.54,0.0,0.0,0.0,0.0,0.0,0.0,0.0,1.0,0.0,-0.0,-0.0,-0.0,0.0,0.0,0.0,0.0,0.0,0.0,0.0,0.0,0.0,161.0,97.0,170.0,170.0,55.0,24.0,128.0,19.0,15.0,0.0,0.0
9.267,52,72860.0,600.0,123.0,600.0,740.0,0.0,1.0,0.0,0.0,0.5,0.041,0.5,0.609,0.51,0.056,0.51,0.624,0.0,0.0,-1.33,-5.55,0.26,-0.54,0.0,0.0,0.0,0.0,0.0,0.0,0.0,1.0,0.0,-0.0,-0.0,-0.0,0.0,0.0,0.0,0.0,0.0,0.0,0.0,0.0,0.0,161.0,97.0,170.0,170.0,55.0,24.0,128.0,19.0,15.0,0.0,0.0
9.331,53,72913.0,600.0,123.0,600.0,740.0,0.0,1.0,0.0,0.0,0.5,0.041,0.5,0.609,0.51,0.056,0.51,0.624,0.0,0.0,-1.33,-5.55,0.26,-0.54,0.0,0.0,0.0,0.0,0.0,0.0,0.0,1.0,0.0,-0.0,-0.0,-0.0,0.0,0.0,0.0,0.0,0.0,0.0,0.0,0.0,0.0,161.0,97.0,170.0,170.0,55.0,24.0,128.0,19.0,15.0,0.0,0.0
9.362,52,72965.0,600.0,123.0,600.0,796.0,0.0,1.0,0.0,0.0,0.5,0.041,0.5,0.624,0.51,0.055,0.51,0.636,0.0,0.0,-1.33,-5.55,0.26,-0.54,0.0,0.0,0.0,0.0,0.0,0.0,0.0,1.0,0.0,-0.0,-0.0,-0.0,0.0,0.0,0.0,0.0,0.0,0.0,0.0,0.0,0.0,161.0,97.0,170.0,170.0,55.0,24.0,128.0,19.0,15.0,0.0,1.0
9.427,54,73019.0,600.0,123.0,600.0,796.0,0.0,1.0,0.0,0.0,0.5,0.041,0.5,0.624,0.51,0.055,0.51,0.636,0.0,0.0,-1.33,-5.55,0.26,-0.54,0.0,0.0,0.0,0.0,0.0,0.0,0.0,1.0,0.0,0.0,-0.0,-0.0,0.0,0.0,0.0,0.0,0.0,0.0,0.0,0.0,0.0,161.0,97.0,170.0,170.0,55.0,24.0,128.0,19.0,15.0,0.0,0.0
9.491,53,73072.0,600.0,123.0,600.0,796.0,0.0,1.0,0.0,0.0,0.5,0.041,0.5,0.624,0.51,0.055,0.51,0.636,0.0,0.0,-1.34,-5.55,0.26,-0.54,0.0,0.0,0.0,0.0,0.0,0.0,0.0,1.0,0.0,0.0,-0.0,-0.0,0.0,0.0,0.0,0.0,0.0,0.0,0.0,0.0,0.0,161.0,97.0,170.0,170.0,55.0,24.0,128.0,19.0,15.0,0.0,0.0
9.522,34,73106.0,600.0,123.0,600.0,796.0,0.0,1.0,0.0,0.0,0.5,0.041,0.5,0.624,0.51,0.055,0.51,0.636,0.0,0.0,-1.34,-5.55,0.26,-0.54,0.0,0.0,0.0,0.0,0.0,0.0,0.0,1.0,0.0,-0.0,-0.0,-0.0,0.0,0.0,0.0,0.0,0.0,0.0,0.0,0.0,0.0,161.0,97.0,170.0,170.0,55.0,24.0,128.0,19.0,15.0,0.0,1.0
9.618,98,73204.0,600.0,123.0,600.0,748.0,0.0,1.0,0.0,0.0,0.5,0.041,0.5,0.616,0.51,0.055,0.51,0.632,0.0,0.0,-1.34,-5.55,0.26,-0.54,0.0,0.0,0.0,0.0,0.0,0.0,0.0,1.0,0.0,-0.0,-0.0,-0.0,0.0,0.0,0.0,0.0,0.0,0.0,0.0,0.0,0.0,161.0,97.0,170.0,170.0,55.0,24.0,128.0,19.0,15.0,0.0,1.0
9.655,51,73255.0,600.0,125.0,600.0,748.0,0.0,1.0,0.0,0.0,0.5,0.041,0.5,0.616,0.51,0.055,0.51,0.632,0.0,0.0,-1.34,-5.55,0.26,-0.54,0.0,0.0,0.0,0.0,0.0,0.0,0.0,1.0,0.0,-0.0,-0.0,-0.0,0.0,0.0,0.0,0.0,0.0,0.0,0.0,0.0,0.0,161.0,97.0,170.0,170.0,55.0,24.0,128.0,19.0,15.0,0.0,1.0
9.688,35,73290.0,600.0,125.0,600.0,748.0,0.0,1.0,0.0,0.0,0.5,0.041,0.5,0.616,0.51,0.055,0.51,0.632,0.0,0.0,-1.33,-5.55,0.26,-0.54,0.0,0.0,0.0,0.0,0.0,0.0,0.0,1.0,0.0,-0.0,-0.0,-0.0,0.0,0.0,0.0,0.0,0.0,0.0,0.0,0.0,0.0,161.0,97.0,170.0,170.0,55.0,24.0,128.0,19.0,15.0,0.0,1.0
9.786,99,73389.0,600.0,125.0,600.0,757.0,0.0,1.0,0.0,0.0,0.5,0.041,0.5,0.615,0.51,0.056,0.51,0.63,0.0,0.0,-1.33,-5.55,0.26,-0.54,0.0,0.0,0.0,0.0,0.0,0.0,0.0,1.0,0.0,-0.0,-0.0,-0.0,0.0,0.0,0.0,0.0,0.0,0.0,0.0,0.0,0.0,161.0,97.0,170.0,170.0,55.0,24.0,128.0,19.0,15.0,0.0,0.0
9.851,54,73443.0,600.0,123.0,600.0,757.0,0.0,1.0,0.0,0.0,0.5,0.041,0.5,0.615,0.51,0.056,0.51,0.63,0.0,0.0,-1.33,-5.55,0.26,-0.54,0.0,0.0,0.0,0.0,0.0,0.0,0.0,1.0,0.0,-0.0,-0.0,-0.0,0.0,0.0,0.0,0.0,0.0,0.0,0.0,0.0,0.0,161.0,97.0,170.0,170.0,55.0,24.0,128.0,19.0,15.0,0.0,0.0
9.915,53,73496.0,600.0,123.0,600.0,757.0,0.0,1.0,0.0,0.0,0.5,0.041,0.5,0.615,0.51,0.056,0.51,0.63,0.0,0.0,-1.33,-5.55,0.26,-0.54,0.0,0.0,0.0,0.0,0.0,0.0,0.0,1.0,0.0,-0.0,-0.0,-0.0,0.0,0.0,0.0,0.0,0.0,0.0,0.0,0.0,0.0,161.0,97.0,170.0,170.0,55.0,24.0,128.0,19.0,15.0,0.0,0.0
9.946,52,73548.0,600.0,123.0,600.0,757.0,0.0,1.0,0.0,0.0,0.5,0.041,0.5,0.614,0.51,0.055,0.51,0.629,0.0,0.0,-1.33,-5.54,0.26,-0.54,0.0,0.0,0.0,0.0,0.0,0.0,0.0,1.0,0.0,-0.0,-0.0,-0.0,0.0,0.0,0.0,0.0,0.0,0.0,0.0,0.0,0.0,161.0,97.0,170.0,170.0,55.0,24.0,128.0,19.0,15.0,0.0,0.0
10.01,53,73601.0,600.0,123.0,600.0,757.0,0.0,1.0,0.0,0.0,0.5,0.041,0.5,0.614,0.51,0.055,0.51,0.629,0.0,0.0,-1.33,-5.54,0.26,-0.54,0.0,0.0,0.0,0.0,0.0,0.0,0.0,1.0,0.0,-0.0,-0.0,-0.0,0.0,0.0,0.0,0.0,0.0,0.0,0.0,0.0,0.0,161.0,97.0,170.0,170.0,55.0,24.0,128.0,19.0,15.0,0.0,0.0
10.052,52,73653.0,600.0,123.0,600.0,757.0,0.0,1.0,0.0,0.0,0.5,0.041,0.5,0.614,0.51,0.055,0.51,0.629,0.0,0.0,-1.33,-5.54,0.26,-0.54,0.0,0.0,0.0,0.0,0.0,0.0,0.0,1.0,0.0,-0.0,-0.0,-0.0,0.0,0.0,0.0,0.0,0.0,0.0,0.0,0.0,0.0,161.0,97.0,170.0,170.0,55.0,24.0,128.0,19.0,15.0,0.0,0.0
10.116,52,73705.0,600.0,123.0,600.0,757.0,0.0,1.0,0.0,0.0,0.5,0.041,0.5,0.614,0.51,0.055,0.51,0.629,0.0,0.0,-1.33,-5.54,0.26,-0.54,0.0,0.0,0.0,0.0,0.0,0.0,0.0,1.0,0.0,-0.0,-0.0,-0.0,0.0,0.0,0.0,0.0,0.0,0.0,0.0,0.0,0.0,161.0,97.0,170.0,170.0,55.0,24.0,128.0,19.0,15.0,0.0,0.0
10.148,53,73758.0,600.0,123.0,600.0,754.0,0.0,1.0,0.0,0.0,0.5,0.041,0.5,0.613,0.51,0.055,0.51,0.628,0.0,0.0,-1.33,-5.54,0.26,-0.54,0.0,0.0,0.0,0.0,0.0,0.0,0.0,1.0,0.0,-0.0,-0.0,-0.0,0.0,0.0,0.0,0.0,0.0,0.0,0.0,0.0,0.0,161.0,97.0,170.0,170.0,55.0,24.0,128.0,19.0,15.0,0.0,1.0
10.213,53,73811.0,600.0,123.0,600.0,754.0,0.0,1.0,0.0,0.0,0.5,0.041,0.5,0.613,0.51,0.055,0.51,0.628,0.0,0.0,-1.33,-5.54,0.26,-0.54,0.0,0.0,0.0,0.0,0.0,0.0,0.0,1.0,0.0,-0.0,-0.0,-0.0,-0.0,0.0,0.0,0.0,0.0,0.0,0.0,0.0,0.0,161.0,97.0,170.0,170.0,55.0,24.0,128.0,19.0,15.0,0.0,0.0
10.288,53,73864.0,600.0,123.0,600.0,754.0,0.0,1.0,0.0,0.0,0.5,0.041,0.5,0.613,0.51,0.055,0.51,0.628,0.0,0.0,-1.33,-5.54,0.26,-0.54,0.0,0.0,0.0,0.0,0.0,0.0,0.0,1.0,0.0,0.0,-0.0,-0.0,0.0,0.0,0.0,0.0,0.0,0.0,0.0,0.0,0.0,161.0,97.0,170.0,170.0,55.0,24.0,128.0,19.0,15.0,0.0,1.0
10.32,53,73917.0,600.0,123.0,600.0,754.0,0.0,1.0,0.0,0.0,0.5,0.041,0.5,0.613,0.51,0.055,0.51,0.628,0.0,0.0,-1.33,-5.54,0.26,-0.54,0.0,0.0,0.0,0.0,0.0,0.0,0.0,1.0,0.0,-0.0,-0.0,-0.0,0.0,0.0,0.0,0.0,0.0,0.0,0.0,0.0,0.0,161.0,97.0,170.0,170.0,55.0,24.0,128.0,19.0,15.0,0.0,0.0
10.385,52,73969.0,600.0,123.0,600.0,698.0,0.0,1.0,0.0,0.0,0.5,0.04,0.5,0.593,0.509,0.055,0.509,0.611,0.0,0.0,-1.33,-5.54,0.26,-0.54,0.0,0.0,0.0,0.0,0.0,0.0,0.0,1.0,0.0,-0.0,-0.0,-0.0,0.0,0.0,0.0,0.0,0.0,0.0,0.0,0.0,0.0,161.0,97.0,170.0,170.0,55.0,24.0,128.0,19.0,15.0,0.0,0.0
10.418,54,74023.0,600.0,123.0,600.0,698.0,0.0,1.0,0.0,0.0,0.5,0.04,0.5,0.593,0.509,0.055,0.509,0.611,0.0,0.0,-1.33,-5.54,0.26,-0.54,0.0,0.0,0.0,0.0,0.0,0.0,0.0,1.0,0.0,-0.0,-0.0,-0.0,-0.0,0.0,0.0,0.0,0.0,0.0,0.0,0.0,0.0,161.0,97.0,170.0,170.0,55.0,24.0,128.0,19.0,15.0,0.0,0.0
10.492,51,74074.0,600.0,122.0,600.0,698.0,0.0,1.0,0.0,0.0,0.5,0.04,0.5,0.593,0.509,0.055,0.509,0.611,0.0,0.0,-1.33,-5.55,0.26,-0.54,0.0,0.0,0.0,0.0,0.0,0.0,0.0,1.0,0.0,-0.0,-0.0,-0.0,-0.0,0.0,0.0,0.0,0.0,0.0,0.0,0.0,0.0,161.0,97.0,170.0,170.0,55.0,24.0,128.0,19.0,15.0,0.0,0.0
10.525,35,74109.0,600.0,122.0,600.0,698.0,0.0,1.0,0.0,0.0,0.5,0.04,0.5,0.593,0.509,0.055,0.509,0.611,0.0,0.0,-1.33,-5.55,0.26,-0.54,0.0,0.0,0.0,0.0,0.0,0.0,0.0,1.0,0.0,-0.0,-0.0,-0.0,0.0,0.0,0.0,0.0,0.0,0.0,0.0,0.0,0.0,161.0,97.0,170.0,170.0,55.0,24.0,128.0,19.0,15.0,0.0,1.0
10.621,100,74209.0,600.0,122.0,600.0,698.0,0.0,1.0,0.0,0.0,0.5,0.04,0.5,0.583,0.509,0.055,0.509,0.599,0.0,0.0,-1.33,-5.55,0.26,-0.54,0.0,0.0,0.0,0.0,0.0,0.0,0.0,1.0,0.0,-0.0,-0.0,-0.0,0.0,0.0,0.0,0.0,0.0,0.0,0.0,0.0,0.0,161.0,97.0,170.0,170.0,55.0,24.0,128.0,19.0,15.0,0.0,0.0
10.654,51,74260.0,600.0,121.0,600.0,698.0,0.0,1.0,0.0,0.0,0.5,0.04,0.5,0.583,0.509,0.055,0.509,0.599,0.0,0.0,-1.33,-5.55,0.26,-0.54,0.0,0.0,0.0,0.0,0.0,0.0,0.0,1.0,0.0,-0.0,-0.0,-0.0,0.0,0.0,0.0,0.0,0.0,0.0,0.0,0.0,0.0,161.0,97.0,170.0,170.0,55.0,24.0,128.0,19.0,15.0,0.0,0.0
10.686,37,74297.0,600.0,121.0,600.0,698.0,0.0,1.0,0.0,0.0,0.5,0.04,0.5,0.583,0.509,0.055,0.509,0.599,0.0,0.0,-1.33,-5.55,0.26,-0.54,0.0,0.0,0.0,0.0,0.0,0.0,0.0,1.0,0.0,-0.0,-0.0,-0.0,0.0,0.0,0.0,0.0,0.0,0.0,0.0,0.0,0.0,161.0,97.0,170.0,170.0,55.0,24.0,128.0,19.0,15.0,0.0,1.0
10.816,97,74394.0,600.0,121.0,600.0,699.0,0.0,1.0,0.0,0.0,0.5,0.04,0.5,0.579,0.509,0.054,0.509,0.595,0.0,0.0,-1.33,-5.55,0.26,-0.54,0.0,0.0,0.0,0.0,0.0,0.0,0.0,1.0,0.0,-0.0,-0.0,-0.0,0.0,0.0,0.0,0.0,0.0,0.0,0.0,0.0,0.0,161.0,97.0,170.0,170.0,55.0,24.0,128.0,19.0,15.0,0.0,1.0
10.849,53,74447.0,600.0,122.0,600.0,699.0,0.0,1.0,0.0,0.0,0.5,0.04,0.5,0.579,0.509,0.054,0.509,0.595,0.0,0.0,-1.33,-5.55,0.26,-0.54,0.0,0.0,0.0,0.0,0.0,0.0,0.0,1.0,0.0,-0.0,-0.0,-0.0,0.0,0.0,0.0,0.0,0.0,0.0,0.0,0.0,0.0,161.0,97.0,170.0,170.0,55.0,24.0,128.0,19.0,15.0,0.0,0.0
10.914,52,74499.0,600.0,122.0,600.0,699.0,0.0,1.0,0.0,0.0,0.5,0.04,0.5,0.579,0.509,0.054,0.509,0.595,0.0,0.0,-1.33,-5.55,0.26,-0.54,0.0,0.0,0.0,0.0,0.0,0.0,0.0,1.0,0.0,-0.0,-0.0,-0.0,0.0,0.0,0.0,0.0,0.0,0.0,0.0,0.0,0.0,161.0,97.0,170.0,170.0,55.0,24.0,128.0,19.0,15.0,0.0,0.0
10.946,55,74554.0,600.0,122.0,600.0,746.0,0.0,1.0,0.0,0.0,0.5,0.04,0.5,0.594,0.509,0.054,0.509,0.607,0.0,0.0,-1.33,-5.55,0.26,-0.54,0.0,0.0,0.0,0.0,0.0,0.0,0.0,1.0,0.0,-0.0,-0.0,-0.0,0.0,0.0,0.0,0.0,0.0,0.0,0.0,0.0,0.0,161.0,97.0,170.0,170.0,55.0,24.0,128.0,19.0,15.0,0.0,0.0
11.012,53,74607.0,600.0,122.0,600.0,746.0,0.0,1.0,0.0,0.0,0.5,0.04,0.5,0.594,0.509,0.054,0.509,0.607,0.0,0.0,-1.33,-5.55,0.26,-0.54,0.0,0.0,0.0,0.0,0.0,0.0,0.0,1.0,0.0,-0.0,-0.0,-0.0,0.0,0.0,0.0,0.0,0.0,0.0,0.0,0.0,0.0,161.0,97.0,170.0,170.0,55.0,24.0,128.0,19.0,15.0,0.0,1.0
11.053,53,74660.0,600.0,122.0,600.0,746.0,0.0,1.0,0.0,0.0,0.5,0.04,0.5,0.594,0.509,0.054,0.509,0.607,0.0,0.0,-1.33,-5.55,0.26,-0.54,0.0,0.0,0.0,0.0,0.0,0.0,0.0,1.0,0.0,-0.0,-0.0,-0.0,0.0,0.0,0.0,0.0,0.0,0.0,0.0,0.0,0.0,161.0,97.0,170.0,170.0,55.0,24.0,128.0,19.0,15.0,0.0,0.0
11.086,35,74695.0,600.0,122.0,600.0,746.0,0.0,1.0,0.0,0.0,0.5,0.04,0.5,0.594,0.509,0.054,0.509,0.607,0.0,0.0,-1.33,-5.54,0.26,-0.54,0.0,0.0,0.0,0.0,0.0,0.0,0.0,1.0,0.0,-0.0,-0.0,-0.0,0.0,0.0,0.0,0.0,0.0,0.0,0.0,0.0,0.0,161.0,97.0,170.0,170.0,55.0,24.0,128.0,19.0,15.0,0.0,1.0
11.214,101,74796.0,600.0,122.0,600.0,699.0,0.0,1.0,0.0,0.0,0.5,0.04,0.5,0.585,0.509,0.054,0.509,0.601,0.0,0.0,-1.33,-5.54,0.26,-0.54,0.0,0.0,0.0,0.0,0.0,0.0,0.0,1.0,0.0,0.0,-0.0,-0.0,0.0,0.0,0.0,0.0,0.0,0.0,0.0,0.0,0.0,161.0,97.0,170.0,170.0,55.0,24.0,128.0,19.0,15.0,0.0,0.0
11.254,52,74848.0,600.0,123.0,600.0,699.0,0.0,1.0,0.0,0.0,0.5,0.04,0.5,0.585,0.509,0.054,0.509,0.601,0.0,0.0,-1.33,-5.54,0.26,-0.54,0.0,0.0,0.0,0.0,0.0,0.0,0.0,1.0,0.0,0.0,-0.0,-0.0,0.0,0.0,0.0,0.0,0.0,0.0,0.0,0.0,0.0,161.0,97.0,170.0,170.0,55.0,24.0,128.0,19.0,15.0,0.0,0.0
11.287,34,74882.0,600.0,123.0,600.0,699.0,0.0,1.0,0.0,0.0,0.5,0.04,0.5,0.585,0.509,0.054,0.509,0.601,0.0,0.0,-1.33,-5.54,0.26,-0.54,0.0,0.0,0.0,0.0,0.0,0.0,0.0,1.0,0.0,-0.0,-0.0,-0.0,0.0,0.0,0.0,0.0,0.0,0.0,0.0,0.0,0.0,161.0,97.0,170.0,170.0,55.0,24.0,128.0,19.0,15.0,0.0,1.0
11.383,100,74982.0,600.0,123.0,600.0,750.0,0.0,1.0,0.0,0.0,0.5,0.04,0.5,0.598,0.509,0.055,0.509,0.611,0.0,0.0,-1.33,-5.54,0.26,-0.54,0.0,0.0,0.0,0.0,0.0,0.0,0.0,1.0,0.0,-0.0,-0.0,-0.0,-0.4,0.0,0.0,0.0,0.0,0.0,0.0,0.0,0.0,161.0,97.0,170.0,170.0,55.0,24.0,128.0,19.0,15.0,0.0,0.0
11.452,53,75035.0,600.0,123.0,600.0,750.0,0.0,1.0,0.0,0.0,0.5,0.04,0.5,0.598,0.509,0.055,0.509,0.611,0.0,0.0,-1.33,-5.54,0.26,-0.54,0.0,0.0,0.0,0.0,0.0,0.0,0.0,1.0,0.0,-0.0,-0.0,-0.0,-0.3,0.0,0.0,0.0,0.0,0.0,0.0,0.0,0.0,161.0,97.0,170.0,170.0,55.0,24.0,128.0,19.0,15.0,0.0,0.0
11.484,35,75070.0,600.0,123.0,600.0,750.0,0.0,1.0,0.0,0.0,0.5,0.04,0.5,0.598,0.509,0.055,0.509,0.611,0.0,0.0,-1.33,-5.53,0.26,-0.54,0.0,0.0,0.0,0.0,0.0,0.0,0.0,1.0,0.0,-0.0,-0.0,-0.0,-0.3,0.0,0.0,0.0,0.0,0.0,0.0,0.0,0.0,161.0,97.0,170.0,170.0,55.0,24.0,128.0,19.0,15.0,0.0,1.0
11.582,98,75168.0,600.0,123.0,600.0,789.0,0.0,1.0,0.0,0.0,0.5,0.04,0.5,0.617,0.51,0.055,0.51,0.629,0.0,0.0,-1.33,-5.53,0.26,-0.54,0.0,0.0,0.0,0.0,0.0,0.0,0.0,1.0,0.0,-0.0,-0.0,-0.0,-0.2,0.0,0.0,0.0,0.0,0.0,0.0,0.0,0.0,161.0,97.0,170.0,170.0,55.0,24.0,128.0,19.0,15.0,0.0,1.0
11.614,51,75219.0,600.0,123.0,600.0,789.0,0.0,1.0,0.0,0.0,0.5,0.04,0.5,0.617,0.51,0.055,0.51,0.629,0.0,0.0,-1.33,-5.53,0.26,-0.54,0.0,0.0,0.0,0.0,0.0,0.0,0.0,1.0,0.0,-0.0,-0.0,-0.0,-0.2,0.0,0.0,0.0,0.0,0.0,0.0,0.0,0.0,161.0,97.0,170.0,170.0,55.0,24.0,128.0,19.0,15.0,0.0,0.0
11.68,54,75273.0,600.0,123.0,600.0,789.0,0.0,1.0,0.0,0.0,0.5,0.04,0.5,0.617,0.51,0.055,0.51,0.629,0.0,0.0,-1.33,-5.53,0.26,-0.54,0.0,0.0,0.0,0.0,0.0,0.0,0.0,1.0,0.0,-0.0,-0.0,-0.0,-0.2,0.0,0.0,0.0,0.0,0.0,0.0,0.0,0.0,161.0,97.0,170.0,170.0,55.0,24.0,128.0,19.0,15.0,0.0,1.0
11.747,52,75325.0,600.0,123.0,600.0,737.0,0.0,1.0,0.0,0.0,0.5,0.04,0.5,0.609,0.51,0.055,0.51,0.625,0.0,0.0,-1.33,-5.53,0.26,-0.54,0.0,0.0,0.0,0.0,0.0,0.0,0.0,1.0,0.0,-0.0,-0.0,-0.0,-0.2,0.0,0.0,0.0,0.0,0.0,0.0,0.0,0.0,161.0,97.0,170.0,170.0,55.0,24.0,128.0,19.0,15.0,0.0,0.0
11.779,53,75378.0,600.0,123.0,600.0,737.0,0.0,1.0,0.0,0.0,0.5,0.04,0.5,0.609,0.51,0.055,0.51,0.625,0.0,0.0,-1.33,-5.53,0.26,-0.54,0.0,0.0,0.0,0.0,0.0,0.0,0.0,1.0,0.0,-0.0,-0.0,-0.0,-0.1,0.0,0.0,0.0,0.0,0.0,0.0,0.0,0.0,161.0,97.0,170.0,170.0,55.0,24.0,128.0,19.0,15.0,0.0,0.0
11.845,53,75431.0,600.0,123.0,600.0,737.0,0.0,1.0,0.0,0.0,0.5,0.04,0.5,0.609,0.51,0.055,0.51,0.625,0.0,0.0,-1.33,-5.53,0.26,-0.54,0.0,0.0,0.0,0.0,0.0,0.0,0.0,1.0,0.0,-0.0,-0.0,-0.0,-0.1,0.0,0.0,0.0,0.0,0.0,0.0,0.0,0.0,161.0,97.0,170.0,170.0,55.0,24.0,128.0,19.0,15.0,0.0,0.0
11.879,34,75465.0,600.0,123.0,600.0,737.0,0.0,1.0,0.0,0.0,0.5,0.04,0.5,0.609,0.51,0.055,0.51,0.625,0.0,0.0,-1.33,-5.53,0.26,-0.54,0.0,0.0,0.0,0.0,0.0,0.0,0.0,1.0,0.0,-0.0,-0.0,-0.0,-0.1,0.0,0.0,0.0,0.0,0.0,0.0,0.0,0.0,161.0,97.0,170.0,170.0,55.0,24.0,128.0,19.0,15.0,0.0,1.0
11.975,98,75563.0,600.0,123.0,600.0,732.0,0.0,1.0,0.0,0.0,0.5,0.04,0.5,0.603,0.509,0.055,0.509,0.619,0.0,0.0,-1.33,-5.53,0.26,-0.54,0.0,0.0,0.0,0.0,0.0,0.0,0.0,1.0,0.0,0.1,-0.0,-0.0,-0.1,0.0,0.0,0.0,0.0,0.0,0.0,0.0,0.0,161.0,97.0,170.0,170.0,55.0,24.0,128.0,19.0,15.0,0.0,1.0
12.008,53,75616.0,600.0,122.0,600.0,732.0,0.0,1.0,0.0,0.0,0.5,0.04,0.5,0.603,0.509,0.055,0.509,0.619,0.0,0.0,-1.33,-5.54,0.26,-0.54,0.0,0.0,0.0,0.0,0.0,0.0,0.0,1.0,0.0,0.0,-0.0,-0.0,-0.1,0.0,0.0,0.0,0.0,0.0,0.0,0.0,0.0,161.0,97.0,170.0,170.0,55.0,24.0,128.0,19.0,15.0,0.0,1.0
12.073,53,75669.0,600.0,122.0,600.0,732.0,0.0,1.0,0.0,0.0,0.5,0.04,0.5,0.603,0.509,0.055,0.509,0.619,0.0,0.0,-1.33,-5.54,0.26,-0.54,0.0,0.0,0.0,0.0,0.0,0.0,0.0,1.0,0.0,0.0,-0.0,-0.0,-0.1,0.0,0.0,0.0,0.0,0.0,0.0,0.0,0.0,161.0,97.0,170.0,170.0,55.0,24.0,128.0,19.0,15.0,0.0,0.0
12.138,52,75721.0,600.0,122.0,600.0,769.0,0.0,1.0,0.0,0.0,0.5,0.04,0.5,0.613,0.51,0.055,0.51,0.626,0.0,0.0,-1.33,-5.54,0.26,-0.54,0.0,0.0,0.0,0.0,0.0,0.0,0.0,1.0,0.0,0.1,-0.0,-0.0,-0.1,0.0,0.0,0.0,0.0,0.0,0.0,0.0,0.0,161.0,97.0,170.0,170.0,55.0,24.0,128.0,19.0,15.0,0.0,1.0
12.17,53,75774.0,600.0,122.0,600.0,769.0,0.0,1.0,0.0,0.0,0.5,0.04,0.5,0.613,0.51,0.055,0.51,0.626,0.0,0.0,-1.33,-5.54,0.26,-0.54,0.0,0.0,0.0,0.0,0.0,0.0,0.0,1.0,0.0,0.0,-0.0,-0.0,-0.0,0.0,0.0,0.0,0.0,0.0,0.0,0.0,0.0,161.0,97.0,170.0,170.0,55.0,24.0,128.0,19.0,15.0,0.0,0.0
12.234,51,75825.0,600.0,122.0,600.0,769.0,0.0,1.0,0.0,0.0,0.5,0.04,0.5,0.613,0.51,0.055,0.51,0.626,0.0,0.0,-1.33,-5.54,0.26,-0.54,0.0,0.0,0.0,0.0,0.0,0.0,0.0,1.0,0.0,0.0,-0.0,-0.0,-0.0,0.0,0.0,0.0,0.0,0.0,0.0,0.0,0.0,161.0,97.0,170.0,170.0,55.0,24.0,128.0,19.0,15.0,0.0,1.0
12.267,35,75860.0,600.0,122.0,600.0,769.0,0.0,1.0,0.0,0.0,0.5,0.04,0.5,0.613,0.51,0.055,0.51,0.626,0.0,0.0,-1.33,-5.54,0.26,-0.54,0.0,0.0,0.0,0.0,0.0,0.0,0.0,1.0,0.0,0.0,-0.0,-0.0,-0.0,0.0,0.0,0.0,0.0,0.0,0.0,0.0,0.0,161.0,97.0,170.0,170.0,55.0,24.0,128.0,19.0,15.0,0.0,1.0
12.361,99,75959.0,600.0,122.0,600.0,767.0,0.0,1.0,0.0,0.0,0.5,0.04,0.5,0.617,0.51,0.054,0.51,0.631,0.0,0.0,-1.33,-5.54,0.26,-0.54,0.0,0.0,0.0,0.0,0.0,0.0,0.0,1.0,0.0,0.0,-0.0,-0.0,-0.1,0.0,0.0,0.0,0.0,0.0,0.0,0.0,0.0,161.0,97.0,170.0,170.0,55.0,24.0,128.0,19.0,15.0,0.0,0.0
12.426,52,76011.0,600.0,122.0,600.0,767.0,0.0,1.0,0.0,0.0,0.5,0.04,0.5,0.617,0.51,0.054,0.51,0.631,0.0,0.0,-1.33,-5.54,0.26,-0.54,0.0,0.0,0.0,0.0,0.0,0.0,0.0,1.0,0.0,0.0,-0.0,-0.0,-0.0,0.0,0.0,0.0,0.0,0.0,0.0,0.0,0.0,161.0,97.0,170.0,170.0,55.0,24.0,128.0,19.0,15.0,0.0,0.0
12.459,36,76047.0,600.0,122.0,600.0,767.0,0.0,1.0,0.0,0.0,0.5,0.04,0.5,0.617,0.51,0.054,0.51,0.631,0.0,0.0,-1.33,-5.54,0.26,-0.54,0.0,0.0,0.0,0.0,0.0,0.0,0.0,1.0,0.0,0.0,-0.0,-0.0,-0.0,0.0,0.0,0.0,0.0,0.0,0.0,0.0,0.0,161.0,97.0,170.0,170.0,55.0,24.0,128.0,19.0,15.0,0.0,0.0
12.554,97,76144.0,600.0,122.0,600.0,767.0,0.0,1.0,0.0,0.0,0.5,0.04,0.5,0.619,0.51,0.055,0.51,0.633,0.0,0.0,-1.33,-5.54,0.26,-0.54,0.0,0.0,0.0,0.0,0.0,0.0,0.0,1.0,0.0,0.1,-0.0,-0.0,-0.0,0.0,0.0,0.0,0.0,0.0,0.0,0.0,0.0,161.0,97.0,170.0,170.0,55.0,24.0,128.0,19.0,15.0,0.0,1.0
12.586,53,76197.0,600.0,122.0,600.0,767.0,0.0,1.0,0.0,0.0,0.5,0.04,0.5,0.619,0.51,0.055,0.51,0.633,0.0,0.0,-1.33,-5.54,0.26,-0.54,0.0,0.0,0.0,0.0,0.0,0.0,0.0,1.0,0.0,0.0,-0.0,-0.0,-0.0,0.0,0.0,0.0,0.0,0.0,0.0,0.0,0.0,161.0,97.0,170.0,170.0,55.0,24.0,128.0,19.0,15.0,0.0,0.0
12.651,35,76232.0,600.0,122.0,600.0,767.0,0.0,1.0,0.0,0.0,0.5,0.04,0.5,0.619,0.51,0.055,0.51,0.633,0.0,0.0,-1.33,-5.54,0.26,-0.54,0.0,0.0,0.0,0.0,0.0,0.0,0.0,1.0,0.0,0.0,-0.0,-0.0,-0.1,0.0,0.0,0.0,0.0,0.0,0.0,0.0,0.0,161.0,97.0,170.0,170.0,55.0,24.0,128.0,19.0,15.0,0.0,1.0
12.749,97,76329.0,600.0,122.0,600.0,798.0,0.0,1.0,0.0,0.0,0.5,0.04,0.5,0.63,0.51,0.055,0.51,0.643,0.0,0.0,-1.33,-5.54,0.26,-0.54,0.0,0.0,0.0,0.0,0.0,0.0,0.0,1.0,0.0,0.0,-0.0,-0.0,-0.0,0.0,0.0,0.0,0.0,0.0,0.0,0.0,0.0,161.0,97.0,170.0,170.0,55.0,24.0,128.0,19.0,15.0,0.0,1.0
12.781,53,76382.0,600.0,123.0,600.0,798.0,0.0,1.0,0.0,0.0,0.5,0.04,0.5,0.63,0.51,0.055,0.51,0.643,0.0,0.0,-1.33,-5.54,0.26,-0.54,0.0,0.0,0.0,0.0,0.0,0.0,0.0,1.0,0.0,0.0,-0.0,-0.0,-0.0,0.0,0.0,0.0,0.0,0.0,0.0,0.0,0.0,161.0,97.0,170.0,170.0,55.0,24.0,128.0,19.0,15.0,0.0,0.0
12.814,34,76416.0,600.0,123.0,600.0,798.0,0.0,1.0,0.0,0.0,0.5,0.04,0.5,0.63,0.51,0.055,0.51,0.643,0.0,0.0,-1.33,-5.54,0.26,-0.54,0.0,0.0,0.0,0.0,0.0,0.0,0.0,1.0,0.0,0.0,-0.0,-0.0,-0.0,0.0,0.0,0.0,0.0,0.0,0.0,0.0,0.0,161.0,97.0,170.0,170.0,55.0,24.0,128.0,19.0,15.0,0.0,1.0
12.907,99,76515.0,600.0,123.0,600.0,756.0,0.0,1.0,0.0,0.0,0.5,0.04,0.5,0.621,0.51,0.055,0.51,0.637,0.0,0.0,-1.33,-5.54,0.26,-0.54,0.0,0.0,0.0,0.0,0.0,0.0,0.0,1.0,0.0,0.0,-0.0,-0.0,-0.0,0.0,0.0,0.0,0.0,0.0,0.0,0.0,0.0,161.0,97.0,170.0,170.0,55.0,24.0,128.0,19.0,15.0,0.0,0.0
12.972,55,76570.0,600.0,124.0,600.0,756.0,0.0,1.0,0.0,0.0,0.5,0.04,0.5,0.621,0.51,0.055,0.51,0.637,0.0,0.0,-1.33,-5.54,0.26,-0.54,0.0,0.0,0.0,0.0,0.0,0.0,0.0,1.0,0.0,0.0,-0.0,-0.0,-0.0,0.0,0.0,0.0,0.0,0.0,0.0,0.0,0.0,161.0,97.0,170.0,170.0,55.0,24.0,128.0,19.0,15.0,0.0,0.0
13.038,52,76622.0,600.0,124.0,600.0,756.0,0.0,1.0,0.0,0.0,0.5,0.04,0.5,0.621,0.51,0.055,0.51,0.637,0.0,0.0,-1.33,-5.54,0.26,-0.54,0.0,0.0,0.0,0.0,0.0,0.0,0.0,1.0,0.0,0.0,-0.0,-0.0,-0.0,0.0,0.0,0.0,0.0,0.0,0.0,0.0,0.0,161.0,97.0,170.0,170.0,55.0,24.0,128.0,19.0,15.0,0.0,0.0
13.07,53,76675.0,600.0,124.0,600.0,763.0,0.0,1.0,0.0,0.0,0.5,0.04,0.5,0.619,0.51,0.055,0.51,0.634,0.0,0.0,-1.33,-5.54,0.26,-0.54,0.0,0.0,0.0,0.0,0.0,0.0,0.0,1.0,0.0,0.0,-0.0,-0.0,-0.0,0.0,0.0,0.0,0.0,0.0,0.0,0.0,0.0,161.0,97.0,170.0,170.0,55.0,24.0,128.0,19.0,15.0,0.0,0.0
13.135,53,76728.0,600.0,124.0,600.0,763.0,0.0,1.0,0.0,0.0,0.5,0.04,0.5,0.619,0.51,0.055,0.51,0.634,0.0,0.0,-1.33,-5.54,0.26,-0.54,0.0,0.0,0.0,0.0,0.0,0.0,0.0,1.0,0.0,0.0,-0.0,-0.0,-0.0,0.0,0.0,0.0,0.0,0.0,0.0,0.0,0.0,161.0,97.0,170.0,170.0,55.0,24.0,128.0,19.0,15.0,0.0,1.0
13.198,52,76780.0,600.0,124.0,600.0,763.0,0.0,1.0,0.0,0.0,0.5,0.04,0.5,0.619,0.51,0.055,0.51,0.634,0.0,0.0,-1.33,-5.54,0.26,-0.54,0.0,0.0,0.0,0.0,0.0,0.0,0.0,1.0,0.0,0.0,-0.0,-0.0,-0.0,0.0,0.0,0.0,0.0,0.0,0.0,0.0,0.0,161.0,97.0,170.0,170.0,55.0,24.0,128.0,19.0,15.0,0.0,0.0
13.231,35,76815.0,600.0,124.0,600.0,763.0,0.0,1.0,0.0,0.0,0.5,0.04,0.5,0.619,0.51,0.055,0.51,0.634,0.0,0.0,-1.33,-5.54,0.26,-0.54,0.0,0.0,0.0,0.0,0.0,0.0,0.0,1.0,0.0,0.0,-0.0,-0.0,-0.0,0.0,0.0,0.0,0.0,0.0,0.0,0.0,0.0,161.0,97.0,170.0,170.0,55.0,24.0,128.0,19.0,15.0,0.0,1.0
13.327,102,76917.0,600.0,124.0,600.0,759.0,0.0,1.0,0.0,0.0,0.5,0.041,0.5,0.617,0.51,0.055,0.51,0.632,0.0,0.0,-1.33,-5.54,0.26,-0.54,0.0,0.0,0.0,0.0,0.0,0.0,0.0,1.0,0.0,0.0,-0.0,-0.0,-0.0,0.0,0.0,0.0,0.0,0.0,0.0,0.0,0.0,161.0,97.0,170.0,170.0,55.0,24.0,128.0,19.0,15.0,0.0,1.0
13.358,52,76969.0,600.0,124.0,600.0,759.0,0.0,1.0,0.0,0.0,0.5,0.041,0.5,0.617,0.51,0.055,0.51,0.632,0.0,0.0,-1.33,-5.54,0.26,-0.54,0.0,0.0,0.0,0.0,0.0,0.0,0.0,1.0,0.0,0.0,-0.0,-0.0,-0.0,0.0,0.0,0.0,0.0,0.0,0.0,0.0,0.0,161.0,97.0,170.0,170.0,55.0,24.0,128.0,19.0,15.0,0.0,0.0
13.421,52,77021.0,600.0,124.0,600.0,759.0,0.0,1.0,0.0,0.0,0.5,0.041,0.5,0.617,0.51,0.055,0.51,0.632,0.0,0.0,-1.33,-5.54,0.26,-0.54,0.0,0.0,0.0,0.0,0.0,0.0,0.0,1.0,0.0,0.0,-0.0,-0.0,-0.0,0.0,0.0,0.0,0.0,0.0,0.0,0.0,0.0,161.0,97.0,170.0,170.0,55.0,24.0,128.0,19.0,15.0,0.0,0.0
13.487,54,77075.0,600.0,124.0,600.0,769.0,0.0,1.0,0.0,0.0,0.5,0.041,0.5,0.62,0.51,0.056,0.51,0.634,0.0,0.0,-1.33,-5.54,0.26,-0.54,0.0,0.0,0.0,0.0,0.0,0.0,0.0,1.0,0.0,0.0,-0.0,-0.0,0.0,0.0,0.0,0.0,0.0,0.0,0.0,0.0,0.0,161.0,97.0,170.0,170.0,55.0,24.0,128.0,19.0,15.0,0.0,0.0
13.52,53,77128.0,600.0,124.0,600.0,769.0,0.0,1.0,0.0,0.0,0.5,0.041,0.5,0.62,0.51,0.056,0.51,0.634,0.0,0.0,-1.33,-5.54,0.26,-0.54,0.0,0.0,0.0,0.0,0.0,0.0,0.0,1.0,0.0,0.0,-0.0,-0.0,0.0,0.0,0.0,0.0,0.0,0.0,0.0,0.0,0.0,161.0,97.0,170.0,170.0,55.0,24.0,128.0,19.0,15.0,0.0,1.0
13.586,52,77180.0,600.0,125.0,600.0,769.0,0.0,1.0,0.0,0.0,0.5,0.041,0.5,0.62,0.51,0.056,0.51,0.634,0.0,0.0,-1.33,-5.54,0.26,-0.54,0.0,0.0,0.0,0.0,0.0,0.0,0.0,1.0,0.0,0.0,-0.0,-0.0,0.0,0.0,0.0,0.0,0.0,0.0,0.0,0.0,0.0,161.0,97.0,170.0,170.0,55.0,24.0,128.0,19.0,15.0,0.0,0.0
13.618,34,77214.0,600.0,125.0,600.0,769.0,0.0,1.0,0.0,0.0,0.5,0.041,0.5,0.62,0.51,0.056,0.51,0.634,0.0,0.0,-1.33,-5.54,0.26,-0.54,0.0,0.0,0.0,0.0,0.0,0.0,0.0,1.0,0.0,0.0,-0.0,-0.0,0.0,0.0,0.0,0.0,0.0,0.0,0.0,0.0,0.0,161.0,97.0,170.0,170.0,55.0,24.0,128.0,19.0,15.0,0.0,1.0
13.718,100,77314.0,600.0,125.0,600.0,784.0,0.0,1.0,0.0,0.0,0.5,0.041,0.5,0.625,0.51,0.056,0.51,0.639,0.0,0.0,-1.33,-5.54,0.26,-0.54,0.0,0.0,0.0,0.0,0.0,0.0,0.0,1.0,0.0,0.2,-0.0,-0.0,0.0,0.0,0.0,0.0,0.0,0.0,0.0,0.0,0.0,161.0,97.0,170.0,170.0,55.0,24.0,128.0,19.0,15.0,0.0,1.0
13.783,54,77368.0,600.0,125.0,600.0,784.0,0.0,1.0,0.0,0.0,0.5,0.041,0.5,0.625,0.51,0.056,0.51,0.639,0.0,0.0,-1.33,-5.54,0.26,-0.54,0.0,0.0,0.0,0.0,0.0,0.0,0.0,1.0,0.0,0.1,-0.0,-0.0,0.0,0.0,0.0,0.0,0.0,0.0,0.0,0.0,0.0,161.0,97.0,170.0,170.0,55.0,24.0,128.0,19.0,15.0,0.0,1.0
13.815,35,77403.0,600.0,125.0,600.0,784.0,0.0,1.0,0.0,0.0,0.5,0.041,0.5,0.625,0.51,0.056,0.51,0.639,0.0,0.0,-1.33,-5.54,0.26,-0.54,0.0,0.0,0.0,0.0,0.0,0.0,0.0,1.0,0.0,0.1,-0.0,-0.0,0.0,0.0,0.0,0.0,0.0,0.0,0.0,0.0,0.0,161.0,97.0,170.0,170.0,55.0,24.0,128.0,19.0,15.0,0.0,1.0
13.918,102,77505.0,600.0,125.0,600.0,831.0,0.0,1.0,0.0,0.0,0.5,0.042,0.5,0.642,0.51,0.056,0.51,0.654,0.0,0.0,-1.33,-5.54,0.26,-0.54,0.0,0.0,0.0,0.0,0.0,0.0,0.0,1.0,0.0,0.1,-0.0,-0.0,0.0,0.0,0.0,0.0,0.0,0.0,0.0,0.0,0.0,161.0,97.0,170.0,170.0,55.0,24.0,128.0,19.0,15.0,0.0,0.0
13.949,51,77556.0,600.0,125.0,600.0,831.0,0.0,1.0,0.0,0.0,0.5,0.042,0.5,0.642,0.51,0.056,0.51,0.654,0.0,0.0,-1.33,-5.54,0.26,-0.54,0.0,0.0,0.0,0.0,0.0,0.0,0.0,1.0,0.0,-0.3,-0.0,-0.0,0.0,0.0,0.0,0.0,0.0,0.0,0.0,0.0,0.0,161.0,97.0,170.0,170.0,55.0,24.0,128.0,19.0,15.0,0.0,1.0
14.012,54,77610.0,600.0,125.0,600.0,831.0,0.0,1.0,0.0,0.0,0.5,0.042,0.5,0.642,0.51,0.056,0.51,0.654,0.0,0.0,-1.33,-5.54,0.26,-0.54,0.0,0.0,0.0,0.0,0.0,0.0,0.0,1.0,0.0,-0.3,-0.0,-0.0,-0.0,0.0,0.0,0.0,0.0,0.0,0.0,0.0,0.0,161.0,97.0,170.0,170.0,55.0,24.0,128.0,19.0,15.0,0.0,0.0
14.085,52,77662.0,600.0,125.0,600.0,827.0,0.0,1.0,0.0,0.0,0.5,0.042,0.5,0.649,0.51,0.056,0.51,0.663,0.0,0.0,-1.33,-5.54,0.26,-0.54,0.0,0.0,0.0,0.0,0.0,0.0,0.0,1.0,0.0,-0.3,-0.0,-0.0,-0.0,0.0,0.0,0.0,0.0,0.0,0.0,0.0,0.0,161.0,97.0,170.0,170.0,55.0,24.0,128.0,19.0,15.0,0.0,0.0
14.117,54,77716.0,600.0,125.0,600.0,827.0,0.0,1.0,0.0,0.0,0.5,0.042,0.5,0.649,0.51,0.056,0.51,0.663,0.0,0.0,-1.33,-5.54,0.26,-0.54,0.0,0.0,0.0,0.0,0.0,0.0,0.0,1.0,0.0,-0.2,-0.0,-0.0,0.0,0.0,0.0,0.0,0.0,0.0,0.0,0.0,0.0,161.0,97.0,170.0,170.0,55.0,24.0,128.0,19.0,15.0,0.0,0.0
14.183,53,77769.0,600.0,125.0,600.0,827.0,0.0,1.0,0.0,0.0,0.5,0.042,0.5,0.649,0.51,0.056,0.51,0.663,0.0,0.0,-1.33,-5.54,0.26,-0.54,0.0,0.0,0.0,0.0,0.0,0.0,0.0,1.0,0.0,-0.2,-0.0,-0.0,0.0,0.0,0.0,0.0,0.0,0.0,0.0,0.0,0.0,161.0,97.0,170.0,170.0,55.0,24.0,128.0,19.0,15.0,0.0,0.0
14.215,53,77822.0,600.0,125.0,600.0,827.0,0.0,1.0,0.0,0.0,0.5,0.042,0.5,0.649,0.51,0.056,0.51,0.663,0.0,0.0,-1.33,-5.54,0.26,-0.54,0.0,0.0,0.0,0.0,0.0,0.0,0.0,1.0,0.0,-0.2,-0.0,-0.0,-0.0,0.0,0.0,0.0,0.0,0.0,0.0,0.0,0.0,161.0,97.0,170.0,170.0,55.0,24.0,128.0,19.0,15.0,0.0,1.0
14.281,52,77874.0,600.0,125.0,600.0,827.0,0.0,1.0,0.0,0.0,0.5,0.042,0.5,0.652,0.51,0.056,0.51,0.667,0.0,0.0,-1.33,-5.54,0.26,-0.54,0.0,0.0,0.0,0.0,0.0,0.0,0.0,1.0,0.0,-0.2,-0.0,-0.0,0.0,0.0,0.0,0.0,0.0,0.0,0.0,0.0,0.0,161.0,97.0,170.0,170.0,55.0,24.0,128.0,19.0,15.0,0.0,0.0
14.346,53,77927.0,600.0,125.0,600.0,827.0,0.0,1.0,0.0,0.0,0.5,0.042,0.5,0.652,0.51,0.056,0.51,0.667,0.0,0.0,-1.33,-5.54,0.26,-0.54,0.0,0.0,0.0,0.0,0.0,0.0,0.0,1.0,0.0,-0.1,-0.0,-0.0,0.0,0.0,0.0,0.0,0.0,0.0,0.0,0.0,0.0,161.0,97.0,170.0,170.0,55.0,24.0,128.0,19.0,15.0,0.0,0.0
14.378,52,77979.0,600.0,125.0,600.0,827.0,0.0,1.0,0.0,0.0,0.5,0.042,0.5,0.652,0.51,0.056,0.51,0.667,0.0,0.0,-1.33,-5.54,0.26,-0.54,0.0,0.0,0.0,0.0,0.0,0.0,0.0,1.0,0.0,-0.1,-0.0,-0.0,0.0,0.0,0.0,0.0,0.0,0.0,0.0,0.0,0.0,161.0,97.0,170.0,170.0,55.0,24.0,128.0,19.0,15.0,0.0,0.0
14.443,51,78030.0,600.0,125.0,600.0,827.0,0.0,1.0,0.0,0.0,0.5,0.042,0.5,0.652,0.51,0.056,0.51,0.667,0.0,0.0,-1.33,-5.54,0.26,-0.54,0.0,0.0,0.0,0.0,0.0,0.0,0.0,1.0,0.0,-0.1,-0.0,-0.0,0.0,0.0,0.0,0.0,0.0,0.0,0.0,0.0,0.0,161.0,97.0,170.0,170.0,55.0,24.0,128.0,19.0,15.0,0.0,0.0
14.476,53,78083.0,600.0,125.0,600.0,778.0,0.0,1.0,0.0,0.0,0.5,0.041,0.5,0.639,0.51,0.056,0.51,0.656,0.0,0.0,-1.33,-5.54,0.26,-0.54,0.0,0.0,0.0,0.0,0.0,0.0,0.0,1.0,0.0,-0.1,-0.0,-0.0,0.0,0.0,0.0,0.0,0.0,0.0,0.0,0.0,0.0,161.0,97.0,170.0,170.0,55.0,24.0,128.0,19.0,15.0,0.0,0.0
14.54,54,78137.0,600.0,125.0,600.0,778.0,0.0,1.0,0.0,0.0,0.5,0.041,0.5,0.639,0.51,0.056,0.51,0.656,0.0,0.0,-1.33,-5.54,0.26,-0.54,0.0,0.0,0.0,0.0,0.0,0.0,0.0,1.0,0.0,-0.1,-0.0,-0.0,0.0,0.0,0.0,0.0,0.0,0.0,0.0,0.0,0.0,161.0,97.0,170.0,170.0,55.0,24.0,128.0,19.0,15.0,0.0,0.0
14.606,53,78190.0,600.0,125.0,600.0,778.0,0.0,1.0,0.0,0.0,0.5,0.041,0.5,0.639,0.51,0.056,0.51,0.656,0.0,0.0,-1.33,-5.54,0.26,-0.54,0.0,0.0,0.0,0.0,0.0,0.0,0.0,1.0,0.0,-0.1,-0.0,-0.0,0.0,0.0,0.0,0.0,0.0,0.0,0.0,0.0,0.0,161.0,97.0,170.0,170.0,55.0,24.0,128.0,19.0,15.0,0.0,0.0
14.64,35,78225.0,600.0,125.0,600.0,778.0,0.0,1.0,0.0,0.0,0.5,0.041,0.5,0.639,0.51,0.056,0.51,0.656,0.0,0.0,-1.33,-5.54,0.26,-0.54,0.0,0.0,0.0,0.0,0.0,0.0,0.0,1.0,0.0,-0.1,-0.0,-0.0,0.0,0.0,0.0,0.0,0.0,0.0,0.0,0.0,0.0,161.0,97.0,170.0,170.0,55.0,24.0,128.0,19.0,15.0,0.0,1.0
14.736,98,78323.0,600.0,125.0,600.0,732.0,0.0,1.0,0.0,0.0,0.5,0.042,0.5,0.617,0.51,0.056,0.51,0.635,0.0,0.0,-1.33,-5.54,0.26,-0.54,0.0,0.0,0.0,0.0,0.0,0.0,0.0,1.0,0.0,-0.1,-0.0,-0.0,0.0,0.0,0.0,0.0,0.0,0.0,0.0,0.0,0.0,161.0,97.0,170.0,170.0,55.0,24.0,128.0,19.0,15.0,0.0,0.0
14.767,52,78375.0,600.0,124.0,600.0,732.0,0.0,1.0,0.0,0.0,0.5,0.042,0.5,0.617,0.51,0.056,0.51,0.635,0.0,0.0,-1.33,-5.54,0.26,-0.54,0.0,0.0,0.0,0.0,0.0,0.0,0.0,1.0,0.0,-0.0,-0.0,-0.0,0.0,0.0,0.0,0.0,0.0,0.0,0.0,0.0,0.0,161.0,97.0,170.0,170.0,55.0,24.0,128.0,19.0,15.0,0.0,0.0
14.799,35,78410.0,600.0,124.0,600.0,732.0,0.0,1.0,0.0,0.0,0.5,0.042,0.5,0.617,0.51,0.056,0.51,0.635,0.0,0.0,-1.33,-5.54,0.26,-0.54,0.0,0.0,0.0,0.0,0.0,0.0,0.0,1.0,0.0,-0.0,-0.0,-0.0,0.0,0.0,0.0,0.0,0.0,0.0,0.0,0.0,0.0,161.0,97.0,170.0,170.0,55.0,24.0,128.0,19.0,15.0,0.0,1.0
14.942,100,78510.0,600.0,124.0,600.0,733.0,0.0,1.0,0.0,0.0,0.5,0.041,0.5,0.607,0.51,0.056,0.51,0.624,0.0,0.0,-1.33,-5.54,0.26,-0.54,0.0,0.0,0.0,0.0,0.0,0.0,0.0,1.0,0.0,-0.1,-0.0,-0.0,0.0,0.0,0.0,0.0,0.0,0.0,0.0,0.0,0.0,161.0,97.0,170.0,170.0,55.0,24.0,128.0,19.0,15.0,0.0,1.0
14.975,51,78561.0,600.0,124.0,600.0,733.0,0.0,1.0,0.0,0.0,0.5,0.041,0.5,0.607,0.51,0.056,0.51,0.624,0.0,0.0,-1.33,-5.54,0.26,-0.54,0.0,0.0,0.0,0.0,0.0,0.0,0.0,1.0,0.0,-0.0,-0.0,-0.0,0.0,0.0,0.0,0.0,0.0,0.0,0.0,0.0,0.0,161.0,97.0,170.0,170.0,55.0,24.0,128.0,19.0,15.0,0.0,0.0
15.007,40,78601.0,600.0,124.0,600.0,733.0,0.0,1.0,0.0,0.0,0.5,0.041,0.5,0.607,0.51,0.056,0.51,0.624,0.0,0.0,-1.33,-5.53,0.26,-0.54,0.0,0.0,0.0,0.0,0.0,0.0,0.0,1.0,0.0,-0.0,-0.0,-0.0,0.0,0.0,0.0,0.0,0.0,0.0,0.0,0.0,0.0,161.0,97.0,170.0,170.0,55.0,24.0,128.0,19.0,15.0,0.0,1.0
15.108,99,78700.0,600.0,124.0,600.0,736.0,0.0,1.0,0.0,0.0,0.5,0.041,0.5,0.604,0.509,0.056,0.509,0.619,0.0,0.0,-1.33,-5.53,0.26,-0.54,0.0,0.0,0.0,0.0,0.0,0.0,0.0,1.0,0.0,-0.0,-0.0,-0.0,0.0,0.0,0.0,0.0,0.0,0.0,0.0,0.0,0.0,161.0,97.0,170.0,170.0,55.0,24.0,128.0,19.0,15.0,0.0,0.0
15.173,53,78753.0,600.0,124.0,600.0,736.0,0.0,1.0,0.0,0.0,0.5,0.041,0.5,0.604,0.509,0.056,0.509,0.619,0.0,0.0,-1.33,-5.53,0.26,-0.54,0.0,0.0,0.0,0.0,0.0,0.0,0.0,1.0,0.0,-0.0,-0.0,-0.0,0.0,0.0,0.0,0.0,0.0,0.0,0.0,0.0,0.0,161.0,97.0,170.0,170.0,55.0,24.0,128.0,19.0,15.0,0.0,0.0
15.206,34,78787.0,600.0,124.0,600.0,736.0,0.0,1.0,0.0,0.0,0.5,0.041,0.5,0.604,0.509,0.056,0.509,0.619,0.0,0.0,-1.33,-5.54,0.26,-0.54,0.0,0.0,0.0,0.0,0.0,0.0,0.0,1.0,0.0,-0.0,-0.0,-0.0,0.0,0.0,0.0,0.0,0.0,0.0,0.0,0.0,0.0,161.0,97.0,170.0,170.0,55.0,24.0,128.0,19.0,15.0,0.0,1.0
15.277,97,78884.0,600.0,124.0,600.0,733.0,0.0,1.0,0.0,0.0,0.5,0.041,0.5,0.601,0.509,0.056,0.509,0.616,0.0,0.0,-1.33,-5.54,0.26,-0.54,0.0,0.0,0.0,0.0,0.0,0.0,0.0,1.0,0.0,-0.0,-0.0,-0.0,0.3,0.0,0.0,0.0,0.0,0.0,0.0,0.0,0.0,161.0,97.0,170.0,170.0,55.0,24.0,128.0,19.0,15.0,0.0,0.0
15.343,53,78937.0,600.0,124.0,600.0,733.0,0.0,1.0,0.0,0.0,0.5,0.041,0.5,0.601,0.509,0.056,0.509,0.616,0.0,0.0,-1.33,-5.54,0.26,-0.54,0.0,0.0,0.0,0.0,0.0,0.0,0.0,1.0,0.0,-0.0,-0.0,-0.0,0.2,0.0,0.0,0.0,0.0,0.0,0.0,0.0,0.0,161.0,97.0,170.0,170.0,55.0,24.0,128.0,19.0,15.0,0.0,0.0
15.408,52,78989.0,600.0,124.0,600.0,733.0,0.0,1.0,0.0,0.0,0.5,0.041,0.5,0.601,0.509,0.056,0.509,0.616,0.0,0.0,-1.33,-5.54,0.26,-0.54,0.0,0.0,0.0,0.0,0.0,0.0,0.0,1.0,0.0,-0.0,-0.0,-0.0,0.2,0.0,0.0,0.0,0.0,0.0,0.0,0.0,0.0,161.0,97.0,170.0,170.0,55.0,24.0,128.0,19.0,15.0,0.0,0.0
15.451,54,79043.0,600.0,124.0,600.0,767.0,0.0,1.0,0.0,0.0,0.5,0.041,0.5,0.612,0.51,0.056,0.51,0.625,0.0,0.0,-1.33,-5.54,0.26,-0.54,0.0,0.0,0.0,0.0,0.0,0.0,0.0,1.0,0.0,-0.0,-0.0,-0.0,0.2,0.0,0.0,0.0,0.0,0.0,0.0,0.0,0.0,161.0,97.0,170.0,170.0,55.0,24.0,128.0,19.0,15.0,0.0,0.0
15.484,53,79096.0,600.0,124.0,600.0,767.0,0.0,1.0,0.0,0.0,0.5,0.041,0.5,0.612,0.51,0.056,0.51,0.625,0.0,0.0,-1.33,-5.54,0.26,-0.54,0.0,0.0,0.0,0.0,0.0,0.0,0.0,1.0,0.0,-0.0,-0.0,-0.0,0.2,0.0,0.0,0.0,0.0,0.0,0.0,0.0,0.0,161.0,97.0,170.0,170.0,55.0,24.0,128.0,19.0,15.0,0.0,0.0
15.55,53,79149.0,600.0,123.0,600.0,767.0,0.0,1.0,0.0,0.0,0.5,0.041,0.5,0.612,0.51,0.056,0.51,0.625,0.0,0.0,-1.33,-5.54,0.26,-0.54,0.0,0.0,0.0,0.0,0.0,0.0,0.0,1.0,0.0,-0.0,-0.0,-0.0,0.1,0.0,0.0,0.0,0.0,0.0,0.0,0.0,0.0,161.0,97.0,170.0,170.0,55.0,24.0,128.0,19.0,15.0,0.0,0.0
15.582,34,79183.0,600.0,123.0,600.0,767.0,0.0,1.0,0.0,0.0,0.5,0.041,0.5,0.612,0.51,0.056,0.51,0.625,0.0,0.0,-1.33,-5.54,0.26,-0.54,0.0,0.0,0.0,0.0,0.0,0.0,0.0,1.0,0.0,-0.0,-0.0,-0.0,0.1,0.0,0.0,0.0,0.0,0.0,0.0,0.0,0.0,161.0,97.0,170.0,170.0,55.0,24.0,128.0,19.0,15.0,0.0,1.0
15.678,102,79285.0,600.0,123.0,600.0,808.0,0.0,1.0,0.0,0.0,0.5,0.041,0.5,0.629,0.51,0.056,0.51,0.641,0.0,0.0,-1.33,-5.54,0.26,-0.54,0.0,0.0,0.0,0.0,0.0,0.0,0.0,1.0,0.0,-0.0,-0.0,-0.0,0.1,0.0,0.0,0.0,0.0,0.0,0.0,0.0,0.0,161.0,97.0,170.0,170.0,55.0,24.0,128.0,19.0,15.0,0.0,1.0
15.751,53,79338.0,600.0,124.0,600.0,808.0,0.0,1.0,0.0,0.0,0.5,0.041,0.5,0.629,0.51,0.056,0.51,0.641,0.0,0.0,-1.33,-5.54,0.26,-0.54,0.0,0.0,0.0,0.0,0.0,0.0,0.0,1.0,0.0,-0.0,-0.0,-0.0,0.1,0.0,0.0,0.0,0.0,0.0,0.0,0.0,0.0,161.0,97.0,170.0,170.0,55.0,24.0,128.0,19.0,15.0,0.0,0.0
15.783,34,79372.0,600.0,124.0,600.0,808.0,0.0,1.0,0.0,0.0,0.5,0.041,0.5,0.629,0.51,0.056,0.51,0.641,0.0,0.0,-1.33,-5.54,0.26,-0.54,0.0,0.0,0.0,0.0,0.0,0.0,0.0,1.0,0.0,-0.0,-0.0,-0.0,0.1,0.0,0.0,0.0,0.0,0.0,0.0,0.0,0.0,161.0,97.0,170.0,170.0,55.0,24.0,128.0,19.0,15.0,0.0,1.0
15.881,99,79471.0,600.0,124.0,600.0,761.0,0.0,1.0,0.0,0.0,0.5,0.041,0.5,0.622,0.51,0.056,0.51,0.638,0.0,0.0,-1.33,-5.54,0.26,-0.54,0.0,0.0,0.0,0.0,0.0,0.0,0.0,1.0,0.0,0.0,-0.0,-0.0,0.0,0.0,0.0,0.0,0.0,0.0,0.0,0.0,0.0,161.0,97.0,170.0,170.0,55.0,24.0,128.0,19.0,15.0,0.0,1.0
15.914,52,79523.0,600.0,124.0,600.0,761.0,0.0,1.0,0.0,0.0,0.5,0.041,0.5,0.622,0.51,0.056,0.51,0.638,0.0,0.0,-1.33,-5.54,0.26,-0.54,0.0,0.0,0.0,0.0,0.0,0.0,0.0,1.0,0.0,0.0,-0.0,-0.0,0.0,0.0,0.0,0.0,0.0,0.0,0.0,0.0,0.0,161.0,97.0,170.0,170.0,55.0,24.0,128.0,19.0,15.0,0.0,0.0
15.979,53,79576.0,600.0,124.0,600.0,761.0,0.0,1.0,0.0,0.0,0.5,0.041,0.5,0.622,0.51,0.056,0.51,0.638,0.0,0.0,-1.33,-5.54,0.26,-0.54,0.0,0.0,0.0,0.0,0.0,0.0,0.0,1.0,0.0,0.0,-0.0,-0.0,0.0,0.0,0.0,0.0,0.0,0.0,0.0,0.0,0.0,161.0,97.0,170.0,170.0,55.0,24.0,128.0,19.0,15.0,0.0,0.0
16.045,53,79629.0,600.0,124.0,600.0,769.0,0.0,1.0,0.0,0.0,0.5,0.041,0.5,0.622,0.51,0.056,0.51,0.637,0.0,0.0,-1.33,-5.54,0.26,-0.54,0.0,0.0,0.0,0.0,0.0,0.0,0.0,1.0,0.0,0.0,-0.0,-0.0,0.0,0.0,0.0,0.0,0.0,0.0,0.0,0.0,0.0,161.0,97.0,170.0,170.0,55.0,24.0,128.0,19.0,15.0,0.0,1.0
16.078,53,79682.0,600.0,124.0,600.0,769.0,0.0,1.0,0.0,0.0,0.5,0.041,0.5,0.622,0.51,0.056,0.51,0.637,0.0,0.0,-1.33,-5.54,0.26,-0.54,0.0,0.0,0.0,0.0,0.0,0.0,0.0,1.0,0.0,0.0,-0.0,-0.0,0.0,0.0,0.0,0.0,0.0,0.0,0.0,0.0,0.0,161.0,97.0,170.0,170.0,55.0,24.0,128.0,19.0,15.0,0.0,0.0
16.147,53,79735.0,600.0,124.0,600.0,769.0,0.0,1.0,0.0,0.0,0.5,0.041,0.5,0.622,0.51,0.056,0.51,0.637,0.0,0.0,-1.33,-5.54,0.26,-0.54,0.0,0.0,0.0,0.0,0.0,0.0,0.0,1.0,0.0,0.0,-0.0,-0.0,0.0,0.0,0.0,0.0,0.0,0.0,0.0,0.0,0.0,161.0,97.0,170.0,170.0,55.0,24.0,128.0,19.0,15.0,0.0,0.0
16.18,52,79787.0,600.0,124.0,600.0,769.0,0.0,1.0,0.0,0.0,0.5,0.041,0.5,0.622,0.51,0.056,0.51,0.637,0.0,0.0,-1.33,-5.54,0.26,-0.54,0.0,0.0,0.0,0.0,0.0,0.0,0.0,1.0,0.0,0.0,-0.0,-0.0,0.0,0.0,0.0,0.0,0.0,0.0,0.0,0.0,0.0,161.0,97.0,170.0,170.0,55.0,24.0,128.0,19.0,15.0,0.0,1.0
16.245,53,79840.0,600.0,124.0,600.0,764.0,0.0,1.0,0.0,0.0,0.5,0.041,0.5,0.62,0.51,0.056,0.51,0.635,0.0,0.0,-1.33,-5.54,0.26,-0.54,0.0,0.0,0.0,0.0,0.0,0.0,0.0,1.0,0.0,0.0,-0.0,-0.0,0.0,0.0,0.0,0.0,0.0,0.0,0.0,0.0,0.0,161.0,97.0,170.0,170.0,55.0,24.0,128.0,19.0,15.0,0.0,0.0
16.31,54,79894.0,600.0,124.0,600.0,764.0,0.0,1.0,0.0,0.0,0.5,0.041,0.5,0.62,0.51,0.056,0.51,0.635,0.0,0.0,-1.33,-5.54,0.26,-0.54,0.0,0.0,0.0,0.0,0.0,0.0,0.0,1.0,0.0,-0.0,-0.0,-0.0,0.0,0.0,0.0,0.0,0.0,0.0,0.0,0.0,0.0,161.0,97.0,170.0,170.0,55.0,24.0,128.0,19.0,15.0,0.0,0.0
16.342,53,79947.0,600.0,124.0,600.0,764.0,0.0,1.0,0.0,0.0,0.5,0.041,0.5,0.62,0.51,0.056,0.51,0.635,0.0,0.0,-1.33,-5.54,0.26,-0.54,0.0,0.0,0.0,0.0,0.0,0.0,0.0,1.0,0.0,0.0,-0.0,-0.0,0.0,0.0,0.0,0.0,0.0,0.0,0.0,0.0,0.0,161.0,97.0,170.0,170.0,55.0,24.0,128.0,19.0,15.0,0.0,0.0
16.374,34,79981.0,600.0,124.0,600.0,764.0,0.0,1.0,0.0,0.0,0.5,0.041,0.5,0.62,0.51,0.056,0.51,0.635,0.0,0.0,-1.33,-5.54,0.26,-0.54,0.0,0.0,0.0,0.0,0.0,0.0,0.0,1.0,0.0,-0.0,-0.0,-0.0,0.0,0.0,0.0,0.0,0.0,0.0,0.0,0.0,0.0,161.0,97.0,170.0,170.0,55.0,24.0,128.0,19.0,15.0,0.0,1.0
16.506,102,80083.0,600.0,124.0,600.0,783.0,0.0,1.0,0.0,0.0,0.5,0.041,0.5,0.625,0.51,0.056,0.51,0.639,0.0,0.0,-1.33,-5.54,0.26,-0.54,0.0,0.0,0.0,0.0,0.0,0.0,0.0,1.0,0.0,-0.0,-0.0,-0.0,0.0,0.0,0.0,0.0,0.0,0.0,0.0,0.0,0.0,161.0,97.0,170.0,170.0,55.0,24.0,128.0,19.0,15.0,0.0,0.0
16.539,52,80135.0,600.0,125.0,600.0,783.0,0.0,1.0,0.0,0.0,0.5,0.041,0.5,0.625,0.51,0.056,0.51,0.639,0.0,0.0,-1.33,-5.54,0.26,-0.54,0.0,0.0,0.0,0.0,0.0,0.0,0.0,1.0,0.0,-0.0,-0.0,-0.0,0.0,0.0,0.0,0.0,0.0,0.0,0.0,0.0,0.0,161.0,97.0,170.0,170.0,55.0,24.0,128.0,19.0,15.0,0.0,0.0
16.571,34,80169.0,600.0,125.0,600.0,783.0,0.0,1.0,0.0,0.0,0.5,0.041,0.5,0.625,0.51,0.056,0.51,0.639,0.0,0.0,-1.33,-5.54,0.26,-0.54,0.0,0.0,0.0,0.0,0.0,0.0,0.0,1.0,0.0,-0.0,-0.0,-0.0,0.0,0.0,0.0,0.0,0.0,0.0,0.0,0.0,0.0,161.0,97.0,170.0,170.0,55.0,24.0,128.0,19.0,15.0,0.0,1.0
16.668,98,80267.0,600.0,125.0,600.0,742.0,0.0,1.0,0.0,0.0,0.5,0.041,0.5,0.614,0.51,0.056,0.51,0.631,0.0,0.0,-1.33,-5.54,0.26,-0.54,0.0,0.0,0.0,0.0,0.0,0.0,0.0,1.0,0.0,-0.0,-0.0,-0.0,0.0,0.0,0.0,0.0,0.0,0.0,0.0,0.0,0.0,161.0,97.0,170.0,170.0,55.0,24.0,128.0,19.0,15.0,0.0,0.0
16.734,53,80320.0,600.0,125.0,600.0,742.0,0.0,1.0,0.0,0.0,0.5,0.041,0.5,0.614,0.51,0.056,0.51,0.631,0.0,0.0,-1.33,-5.54,0.26,-0.54,0.0,0.0,0.0,0.0,0.0,0.0,0.0,1.0,0.0,-0.0,-0.0,-0.0,0.0,0.0,0.0,0.0,0.0,0.0,0.0,0.0,0.0,161.0,97.0,170.0,170.0,55.0,24.0,128.0,19.0,15.0,0.0,1.0
16.765,53,80373.0,600.0,125.0,600.0,742.0,0.0,1.0,0.0,0.0,0.5,0.041,0.5,0.614,0.51,0.056,0.51,0.631,0.0,0.0,-1.33,-5.54,0.26,-0.54,0.0,0.0,0.0,0.0,0.0,0.0,0.0,1.0,0.0,-0.0,-0.0,-0.0,0.0,0.0,0.0,0.0,0.0,0.0,0.0,0.0,0.0,161.0,97.0,170.0,170.0,55.0,24.0,128.0,19.0,15.0,0.0,0.0
16.828,52,80425.0,600.0,125.0,600.0,742.0,0.0,1.0,0.0,0.0,0.5,0.041,0.5,0.609,0.51,0.056,0.51,0.624,0.0,0.0,-1.33,-5.54,0.26,-0.54,0.0,0.0,0.0,0.0,0.0,0.0,0.0,1.0,0.0,-0.0,-0.0,-0.0,0.0,0.0,0.0,0.0,0.0,0.0,0.0,0.0,0.0,161.0,97.0,170.0,170.0,55.0,24.0,128.0,19.0,15.0,0.0,0.0
16.893,53,80478.0,600.0,125.0,600.0,742.0,0.0,1.0,0.0,0.0,0.5,0.041,0.5,0.609,0.51,0.056,0.51,0.624,0.0,0.0,-1.33,-5.55,0.26,-0.54,0.0,0.0,0.0,0.0,0.0,0.0,0.0,1.0,0.0,-0.0,-0.0,-0.0,0.0,0.0,0.0,0.0,0.0,0.0,0.0,0.0,0.0,161.0,97.0,170.0,170.0,55.0,24.0,128.0,19.0,15.0,0.0,0.0
16.926,53,80531.0,600.0,126.0,600.0,742.0,0.0,1.0,0.0,0.0,0.5,0.041,0.5,0.609,0.51,0.056,0.51,0.624,0.0,0.0,-1.33,-5.55,0.26,-0.54,0.0,0.0,0.0,0.0,0.0,0.0,0.0,1.0,0.0,-0.0,-0.0,-0.0,0.0,0.0,0.0,0.0,0.0,0.0,0.0,0.0,0.0,161.0,97.0,170.0,170.0,55.0,24.0,128.0,19.0,15.0,0.0,1.0
16.989,53,80584.0,600.0,126.0,600.0,742.0,0.0,1.0,0.0,0.0,0.5,0.041,0.5,0.609,0.51,0.056,0.51,0.624,0.0,0.0,-1.33,-5.56,0.26,-0.54,0.0,0.0,0.0,0.0,0.0,0.0,0.0,1.0,0.0,-0.0,-0.0,-0.0,0.0,0.0,0.0,0.0,0.0,0.0,0.0,0.0,0.0,161.0,97.0,170.0,170.0,55.0,24.0,128.0,19.0,15.0,0.0,0.0
17.052,55,80639.0,600.0,126.0,600.0,740.0,0.0,1.0,0.0,0.0,0.5,0.042,0.5,0.606,0.51,0.056,0.51,0.621,0.0,0.0,-1.33,-5.56,0.26,-0.54,0.0,0.0,0.0,0.0,0.0,0.0,0.0,1.0,0.0,-0.0,-0.0,-0.0,0.0,0.0,0.0,0.0,0.0,0.0,0.0,0.0,0.0,161.0,97.0,170.0,170.0,55.0,24.0,128.0,19.0,15.0,0.0,0.0
17.084,53,80692.0,600.0,126.0,600.0,740.0,0.0,1.0,0.0,0.0,0.5,0.042,0.5,0.606,0.51,0.056,0.51,0.621,0.0,0.0,-1.33,-5.56,0.26,-0.54,0.0,0.0,0.0,0.0,0.0,0.0,0.0,1.0,0.0,-0.0,-0.0,-0.0,0.0,0.0,0.0,0.0,0.0,0.0,0.0,0.0,0.0,161.0,97.0,170.0,170.0,55.0,24.0,128.0,19.0,15.0,0.0,0.0
17.147,54,80746.0,600.0,126.0,600.0,740.0,0.0,1.0,0.0,0.0,0.5,0.042,0.5,0.606,0.51,0.056,0.51,0.621,0.0,0.0,-1.33,-5.56,0.26,-0.54,0.0,0.0,0.0,0.0,0.0,0.0,0.0,1.0,0.0,-0.0,-0.0,-0.0,0.0,0.0,0.0,0.0,0.0,0.0,0.0,0.0,0.0,161.0,97.0,170.0,170.0,55.0,24.0,128.0,19.0,15.0,0.0,0.0
17.179,35,80781.0,600.0,126.0,600.0,740.0,0.0,1.0,0.0,0.0,0.5,0.042,0.5,0.606,0.51,0.056,0.51,0.621,0.0,0.0,-1.33,-5.56,0.26,-0.54,0.0,0.0,0.0,0.0,0.0,0.0,0.0,1.0,0.0,-0.0,-0.0,-0.0,0.0,0.0,0.0,0.0,0.0,0.0,0.0,0.0,0.0,161.0,97.0,170.0,170.0,55.0,24.0,128.0,19.0,15.0,0.0,1.0
17.275,102,80883.0,600.0,126.0,600.0,758.0,0.0,1.0,0.0,0.0,0.5,0.042,0.5,0.611,0.51,0.057,0.51,0.625,0.0,0.0,-1.33,-5.56,0.26,-0.54,0.0,0.0,0.0,0.0,0.0,0.0,0.0,1.0,0.0,-0.0,-0.0,-0.0,0.0,0.0,0.0,0.0,0.0,0.0,0.0,0.0,0.0,161.0,97.0,170.0,170.0,55.0,24.0,128.0,19.0,15.0,0.0,1.0
17.352,51,80934.0,600.0,125.0,600.0,758.0,0.0,1.0,0.0,0.0,0.5,0.042,0.5,0.611,0.51,0.057,0.51,0.625,0.0,0.0,-1.33,-5.55,0.26,-0.54,0.0,0.0,0.0,0.0,0.0,0.0,0.0,1.0,0.0,-0.0,-0.0,-0.0,0.0,0.0,0.0,0.0,0.0,0.0,0.0,0.0,0.0,161.0,97.0,170.0,170.0,55.0,24.0,128.0,19.0,15.0,0.0,0.0
17.384,35,80969.0,600.0,125.0,600.0,758.0,0.0,1.0,0.0,0.0,0.5,0.042,0.5,0.611,0.51,0.057,0.51,0.625,0.0,0.0,-1.33,-5.55,0.26,-0.54,0.0,0.0,0.0,0.0,0.0,0.0,0.0,1.0,0.0,-0.0,-0.0,-0.0,0.0,0.0,0.0,0.0,0.0,0.0,0.0,0.0,0.0,161.0,97.0,170.0,170.0,55.0,24.0,128.0,19.0,15.0,0.0,1.0
17.487,99,81068.0,600.0,125.0,600.0,745.0,0.0,1.0,0.0,0.0,0.5,0.042,0.5,0.608,0.51,0.056,0.51,0.623,0.0,0.0,-1.33,-5.55,0.26,-0.54,0.0,0.0,0.0,0.0,0.0,0.0,0.0,1.0,0.0,-0.0,-0.0,-0.0,0.0,0.0,0.0,0.0,0.0,0.0,0.0,0.0,0.0,161.0,97.0,170.0,170.0,55.0,24.0,128.0,19.0,15.0,0.0,1.0
17.519,53,81121.0,600.0,124.0,600.0,745.0,0.0,1.0,0.0,0.0,0.5,0.042,0.5,0.608,0.51,0.056,0.51,0.623,0.0,0.0,-1.33,-5.55,0.26,-0.54,0.0,0.0,0.0,0.0,0.0,0.0,0.0,1.0,0.0,-0.0,-0.0,-0.0,-0.2,0.0,0.0,0.0,0.0,0.0,0.0,0.0,0.0,161.0,97.0,170.0,170.0,55.0,24.0,128.0,19.0,15.0,0.0,1.0
17.585,54,81175.0,600.0,124.0,600.0,745.0,0.0,1.0,0.0,0.0,0.5,0.042,0.5,0.608,0.51,0.056,0.51,0.623,0.0,0.0,-1.33,-5.55,0.26,-0.54,0.0,0.0,0.0,0.0,0.0,0.0,0.0,1.0,0.0,-0.0,-0.0,-0.0,-0.2,0.0,0.0,0.0,0.0,0.0,0.0,0.0,0.0,161.0,97.0,170.0,170.0,55.0,24.0,128.0,19.0,15.0,0.0,0.0
17.618,52,81227.0,600.0,124.0,600.0,745.0,0.0,1.0,0.0,0.0,0.5,0.041,0.5,0.607,0.51,0.056,0.51,0.622,0.0,0.0,-1.33,-5.55,0.26,-0.54,0.0,0.0,0.0,0.0,0.0,0.0,0.0,1.0,0.0,-0.0,-0.0,-0.0,-0.2,0.0,0.0,0.0,0.0,0.0,0.0,0.0,0.0,161.0,97.0,170.0,170.0,55.0,24.0,128.0,19.0,15.0,0.0,0.0
17.688,54,81281.0,600.0,124.0,600.0,745.0,0.0,1.0,0.0,0.0,0.5,0.041,0.5,0.607,0.51,0.056,0.51,0.622,0.0,0.0,-1.33,-5.55,0.26,-0.54,0.0,0.0,0.0,0.0,0.0,0.0,0.0,1.0,0.0,-0.0,-0.0,-0.0,-0.1,0.0,0.0,0.0,0.0,0.0,0.0,0.0,0.0,161.0,97.0,170.0,170.0,55.0,24.0,128.0,19.0,15.0,0.0,0.0
17.722,52,81333.0,600.0,124.0,600.0,745.0,0.0,1.0,0.0,0.0,0.5,0.041,0.5,0.607,0.51,0.056,0.51,0.622,0.0,0.0,-1.33,-5.55,0.26,-0.54,0.0,0.0,0.0,0.0,0.0,0.0,0.0,1.0,0.0,-0.0,-0.0,-0.0,-0.1,0.0,0.0,0.0,0.0,0.0,0.0,0.0,0.0,161.0,97.0,170.0,170.0,55.0,24.0,128.0,19.0,15.0,0.0,1.0
17.788,34,81367.0,600.0,124.0,600.0,745.0,0.0,1.0,0.0,0.0,0.5,0.041,0.5,0.607,0.51,0.056,0.51,0.622,0.0,0.0,-1.33,-5.55,0.26,-0.54,0.0,0.0,0.0,0.0,0.0,0.0,0.0,1.0,0.0,-0.0,-0.0,-0.0,-0.1,0.0,0.0,0.0,0.0,0.0,0.0,0.0,0.0,161.0,97.0,170.0,170.0,55.0,24.0,128.0,19.0,15.0,0.0,1.0
17.86,98,81465.0,600.0,124.0,600.0,781.0,0.0,1.0,0.0,0.0,0.5,0.041,0.5,0.619,0.51,0.056,0.51,0.632,0.0,0.0,-1.33,-5.55,0.26,-0.54,0.0,0.0,0.0,0.0,0.0,0.0,0.0,1.0,0.0,-0.0,-0.0,-0.0,-0.4,0.0,0.0,0.0,0.0,0.0,0.0,0.0,0.0,161.0,97.0,170.0,170.0,55.0,24.0,128.0,19.0,15.0,0.0,0.0
17.925,53,81518.0,600.0,122.0,600.0,781.0,0.0,1.0,0.0,0.0,0.5,0.041,0.5,0.619,0.51,0.056,0.51,0.632,0.0,0.0,-1.33,-5.55,0.26,-0.54,0.0,0.0,0.0,0.0,0.0,0.0,0.0,1.0,0.0,-0.0,-0.0,-0.0,-0.3,0.0,0.0,0.0,0.0,0.0,0.0,0.0,0.0,161.0,97.0,170.0,170.0,55.0,24.0,128.0,19.0,15.0,0.0,0.0
17.99,52,81570.0,600.0,122.0,600.0,781.0,0.0,1.0,0.0,0.0,0.5,0.041,0.5,0.619,0.51,0.056,0.51,0.632,0.0,0.0,-1.33,-5.55,0.26,-0.54,0.0,0.0,0.0,0.0,0.0,0.0,0.0,1.0,0.0,-0.0,-0.0,-0.0,-0.3,0.0,0.0,0.0,0.0,0.0,0.0,0.0,0.0,161.0,97.0,170.0,170.0,55.0,24.0,128.0,19.0,15.0,0.0,0.0
18.022,54,81624.0,600.0,122.0,600.0,775.0,0.0,1.0,0.0,0.0,0.5,0.04,0.5,0.622,0.51,0.055,0.51,0.636,0.0,0.0,-1.33,-5.54,0.26,-0.54,0.0,0.0,0.0,0.0,0.0,0.0,0.0,1.0,0.0,-0.0,-0.0,-0.0,-0.2,0.0,0.0,0.0,0.0,0.0,0.0,0.0,0.0,161.0,97.0,170.0,170.0,55.0,24.0,128.0,19.0,15.0,0.0,0.0
18.086,53,81677.0,600.0,122.0,600.0,775.0,0.0,1.0,0.0,0.0,0.5,0.04,0.5,0.622,0.51,0.055,0.51,0.636,0.0,0.0,-1.33,-5.54,0.26,-0.54,0.0,0.0,0.0,0.0,0.0,0.0,0.0,1.0,0.0,-0.0,-0.0,-0.0,-0.2,0.0,0.0,0.0,0.0,0.0,0.0,0.0,0.0,161.0,97.0,170.0,170.0,55.0,24.0,128.0,19.0,15.0,0.0,0.0
18.118,53,81730.0,600.0,121.0,600.0,775.0,0.0,1.0,0.0,0.0,0.5,0.04,0.5,0.622,0.51,0.055,0.51,0.636,0.0,0.0,-1.33,-5.54,0.26,-0.54,0.0,0.0,0.0,0.0,0.0,0.0,0.0,1.0,0.0,-0.0,-0.0,-0.0,-0.2,0.0,0.0,0.0,0.0,0.0,0.0,0.0,0.0,161.0,97.0,170.0,170.0,55.0,24.0,128.0,19.0,15.0,0.0,0.0
18.181,34,81764.0,600.0,121.0,600.0,775.0,0.0,1.0,0.0,0.0,0.5,0.04,0.5,0.622,0.51,0.055,0.51,0.636,0.0,0.0,-1.33,-5.54,0.26,-0.54,0.0,0.0,0.0,0.0,0.0,0.0,0.0,1.0,0.0,-0.0,-0.0,-0.0,-0.2,0.0,0.0,0.0,0.0,0.0,0.0,0.0,0.0,161.0,97.0,170.0,170.0,55.0,24.0,128.0,19.0,15.0,0.0,1.0
18.275,98,81862.0,600.0,121.0,600.0,767.0,0.0,1.0,0.0,0.0,0.5,0.04,0.5,0.621,0.51,0.054,0.51,0.636,0.0,0.0,-1.33,-5.54,0.26,-0.54,0.0,0.0,0.0,0.0,0.0,0.0,0.0,1.0,0.0,-0.0,-0.0,-0.0,-0.1,0.0,0.0,0.0,0.0,0.0,0.0,0.0,0.0,161.0,97.0,170.0,170.0,55.0,24.0,128.0,19.0,15.0,0.0,0.0
18.315,53,81915.0,600.0,120.0,600.0,767.0,0.0,1.0,0.0,0.0,0.5,0.04,0.5,0.621,0.51,0.054,0.51,0.636,0.0,0.0,-1.33,-5.54,0.26,-0.54,0.0,0.0,0.0,0.0,0.0,0.0,0.0,1.0,0.0,-0.0,-0.0,-0.0,-0.1,0.0,0.0,0.0,0.0,0.0,0.0,0.0,0.0,161.0,97.0,170.0,170.0,55.0,24.0,128.0,19.0,15.0,0.0,0.0
18.379,52,81967.0,600.0,120.0,600.0,767.0,0.0,1.0,0.0,0.0,0.5,0.04,0.5,0.621,0.51,0.054,0.51,0.636,0.0,0.0,-1.33,-5.54,0.26,-0.54,0.0,0.0,0.0,0.0,0.0,0.0,0.0,1.0,0.0,-0.0,-0.0,-0.0,-0.1,0.0,0.0,0.0,0.0,0.0,0.0,0.0,0.0,161.0,97.0,170.0,170.0,55.0,24.0,128.0,19.0,15.0,0.0,0.0
18.411,53,82020.0,600.0,120.0,600.0,777.0,0.0,1.0,0.0,0.0,0.5,0.039,0.5,0.624,0.51,0.054,0.51,0.638,0.0,0.0,-1.33,-5.54,0.26,-0.54,0.0,0.0,0.0,0.0,0.0,0.0,0.0,1.0,0.0,-0.0,-0.0,-0.0,-0.1,0.0,0.0,0.0,0.0,0.0,0.0,0.0,0.0,161.0,97.0,170.0,170.0,55.0,24.0,128.0,19.0,15.0,0.0,0.0
18.482,54,82074.0,600.0,120.0,600.0,777.0,0.0,1.0,0.0,0.0,0.5,0.039,0.5,0.624,0.51,0.054,0.51,0.638,0.0,0.0,-1.33,-5.54,0.26,-0.54,0.0,0.0,0.0,0.0,0.0,0.0,0.0,1.0,0.0,-0.0,-0.0,-0.0,-0.1,0.0,0.0,0.0,0.0,0.0,0.0,0.0,0.0,161.0,97.0,170.0,170.0,55.0,24.0,128.0,19.0,15.0,0.0,1.0
18.516,53,82127.0,600.0,121.0,600.0,777.0,0.0,1.0,0.0,0.0,0.5,0.039,0.5,0.624,0.51,0.054,0.51,0.638,0.0,0.0,-1.33,-5.54,0.26,-0.54,0.0,0.0,0.0,0.0,0.0,0.0,0.0,1.0,0.0,-0.0,-0.0,-0.0,-0.1,0.0,0.0,0.0,0.0,0.0,0.0,0.0,0.0,161.0,97.0,170.0,170.0,55.0,24.0,128.0,19.0,15.0,0.0,0.0
18.58,53,82180.0,600.0,121.0,600.0,777.0,0.0,1.0,0.0,0.0,0.5,0.039,0.5,0.624,0.51,0.054,0.51,0.638,0.0,0.0,-1.33,-5.54,0.26,-0.54,0.0,0.0,0.0,0.0,0.0,0.0,0.0,1.0,0.0,-0.0,-0.0,-0.0,-0.1,0.0,0.0,0.0,0.0,0.0,0.0,0.0,0.0,161.0,97.0,170.0,170.0,55.0,24.0,128.0,19.0,15.0,0.0,0.0
18.651,52,82232.0,600.0,121.0,600.0,819.0,0.0,1.0,0.0,0.0,0.5,0.039,0.5,0.639,0.51,0.054,0.51,0.651,0.0,0.0,-1.33,-5.54,0.26,-0.54,0.0,0.0,0.0,0.0,0.0,0.0,0.0,1.0,0.0,-0.0,-0.0,-0.0,-0.1,0.0,0.0,0.0,0.0,0.0,0.0,0.0,0.0,161.0,97.0,170.0,170.0,55.0,24.0,128.0,19.0,15.0,0.0,0.0
18.683,53,82285.0,600.0,121.0,600.0,819.0,0.0,1.0,0.0,0.0,0.5,0.039,0.5,0.639,0.51,0.054,0.51,0.651,0.0,0.0,-1.33,-5.54,0.26,-0.54,0.0,0.0,0.0,0.0,0.0,0.0,0.0,1.0,0.0,-0.0,-0.0,-0.0,-0.1,0.0,0.0,0.0,0.0,0.0,0.0,0.0,0.0,161.0,97.0,170.0,170.0,55.0,24.0,128.0,19.0,15.0,0.0,0.0
18.749,53,82338.0,600.0,121.0,600.0,819.0,0.0,1.0,0.0,0.0,0.5,0.039,0.5,0.639,0.51,0.054,0.51,0.651,0.0,0.0,-1.33,-5.54,0.26,-0.54,0.0,0.0,0.0,0.0,0.0,0.0,0.0,1.0,0.0,-0.0,-0.0,-0.0,-0.0,0.0,0.0,0.0,0.0,0.0,0.0,0.0,0.0,161.0,97.0,170.0,170.0,55.0,24.0,128.0,19.0,15.0,0.0,0.0
18.782,34,82372.0,600.0,121.0,600.0,819.0,0.0,1.0,0.0,0.0,0.5,0.039,0.5,0.639,0.51,0.054,0.51,0.651,0.0,0.0,-1.33,-5.54,0.26,-0.54,0.0,0.0,0.0,0.0,0.0,0.0,0.0,1.0,0.0,-0.0,-0.0,-0.0,-0.0,0.0,0.0,0.0,0.0,0.0,0.0,0.0,0.0,161.0,97.0,170.0,170.0,55.0,24.0,128.0,19.0,15.0,0.0,1.0
18.879,99,82471.0,600.0,121.0,600.0,831.0,0.0,1.0,0.0,0.0,0.5,0.039,0.5,0.649,0.51,0.054,0.51,0.662,0.0,0.0,-1.33,-5.54,0.26,-0.54,0.0,0.0,0.0,0.0,0.0,0.0,0.0,1.0,0.0,-0.0,-0.0,-0.0,-0.0,0.0,0.0,0.0,0.0,0.0,0.0,0.0,0.0,161.0,97.0,170.0,170.0,55.0,24.0,128.0,19.0,15.0,0.0,1.0
18.942,53,82524.0,600.0,123.0,600.0,831.0,0.0,1.0,0.0,0.0,0.5,0.039,0.5,0.649,0.51,0.054,0.51,0.662,0.0,0.0,-1.33,-5.54,0.26,-0.54,0.0,0.0,0.0,0.0,0.0,0.0,0.0,1.0,0.0,-0.0,-0.0,-0.0,-0.0,0.0,0.0,0.0,0.0,0.0,0.0,0.0,0.0,161.0,97.0,170.0,170.0,55.0,24.0,128.0,19.0,15.0,0.0,0.0
18.979,52,82576.0,600.0,123.0,600.0,831.0,0.0,1.0,0.0,0.0,0.5,0.039,0.5,0.649,0.51,0.054,0.51,0.662,0.0,0.0,-1.33,-5.54,0.26,-0.54,0.0,0.0,0.0,0.0,0.0,0.0,0.0,1.0,0.0,-0.0,-0.0,-0.0,-0.0,0.0,0.0,0.0,0.0,0.0,0.0,0.0,0.0,161.0,97.0,170.0,170.0,55.0,24.0,128.0,19.0,15.0,0.0,0.0
19.044,53,82629.0,600.0,123.0,600.0,834.0,0.0,1.0,0.0,0.0,0.5,0.04,0.5,0.654,0.51,0.054,0.51,0.668,0.0,0.0,-1.33,-5.54,0.26,-0.54,0.0,0.0,0.0,0.0,0.0,0.0,0.0,1.0,0.0,-0.0,-0.0,-0.0,-0.0,0.0,0.0,0.0,0.0,0.0,0.0,0.0,0.0,161.0,97.0,170.0,170.0,55.0,24.0,128.0,19.0,15.0,0.0,0.0
19.076,53,82682.0,600.0,123.0,600.0,834.0,0.0,1.0,0.0,0.0,0.5,0.04,0.5,0.654,0.51,0.054,0.51,0.668,0.0,0.0,-1.33,-5.54,0.26,-0.54,0.0,0.0,0.0,0.0,0.0,0.0,0.0,1.0,0.0,-0.0,-0.0,-0.0,-0.0,0.0,0.0,0.0,0.0,0.0,0.0,0.0,0.0,161.0,97.0,170.0,170.0,55.0,24.0,128.0,19.0,15.0,0.0,0.0
19.151,53,82735.0,600.0,123.0,600.0,834.0,0.0,1.0,0.0,0.0,0.5,0.04,0.5,0.654,0.51,0.054,0.51,0.668,0.0,0.0,-1.33,-5.54,0.26,-0.54,0.0,0.0,0.0,0.0,0.0,0.0,0.0,1.0,0.0,-0.0,-0.0,-0.0,-0.0,0.0,0.0,0.0,0.0,0.0,0.0,0.0,0.0,161.0,97.0,170.0,170.0,55.0,24.0,128.0,19.0,15.0,0.0,0.0
19.183,34,82769.0,600.0,123.0,600.0,834.0,0.0,1.0,0.0,0.0,0.5,0.04,0.5,0.654,0.51,0.054,0.51,0.668,0.0,0.0,-1.33,-5.54,0.26,-0.54,0.0,0.0,0.0,0.0,0.0,0.0,0.0,1.0,0.0,-0.0,-0.0,-0.0,-0.0,0.0,0.0,0.0,0.0,0.0,0.0,0.0,0.0,161.0,97.0,170.0,170.0,55.0,24.0,128.0,19.0,15.0,0.0,1.0
19.28,101,82870.0,600.0,123.0,600.0,825.0,0.0,1.0,0.0,0.0,0.5,0.04,0.5,0.654,0.51,0.055,0.51,0.669,0.0,0.0,-1.33,-5.54,0.26,-0.54,0.0,0.0,0.0,0.0,0.0,0.0,0.0,1.0,0.0,-0.0,-0.0,-0.0,-0.0,0.0,0.0,0.0,0.0,0.0,0.0,0.0,0.0,161.0,97.0,170.0,170.0,55.0,24.0,128.0,19.0,15.0,0.0,0.0
19.344,55,82925.0,600.0,124.0,600.0,825.0,0.0,1.0,0.0,0.0,0.5,0.04,0.5,0.654,0.51,0.055,0.51,0.669,0.0,0.0,-1.33,-5.54,0.26,-0.54,0.0,0.0,0.0,0.0,0.0,0.0,0.0,1.0,0.0,-0.0,-0.0,-0.0,-0.0,0.0,0.0,0.0,0.0,0.0,0.0,0.0,0.0,161.0,97.0,170.0,170.0,55.0,24.0,128.0,19.0,15.0,0.0,0.0
19.375,34,82959.0,600.0,124.0,600.0,825.0,0.0,1.0,0.0,0.0,0.5,0.04,0.5,0.654,0.51,0.055,0.51,0.669,0.0,0.0,-1.33,-5.54,0.26,-0.54,0.0,0.0,0.0,0.0,0.0,0.0,0.0,1.0,0.0,-0.0,-0.0,-0.0,-0.0,0.0,0.0,0.0,0.0,0.0,0.0,0.0,0.0,161.0,97.0,170.0,170.0,55.0,24.0,128.0,19.0,15.0,0.0,0.0
19.472,99,83058.0,600.0,124.0,600.0,774.0,0.0,1.0,0.0,0.0,0.5,0.041,0.5,0.638,0.51,0.055,0.51,0.656,0.0,0.0,-1.33,-5.54,0.26,-0.54,0.0,0.0,0.0,0.0,0.0,0.0,0.0,1.0,0.0,-0.0,-0.0,-0.0,-0.0,0.0,0.0,0.0,0.0,0.0,0.0,0.0,0.0,161.0,97.0,170.0,170.0,55.0,24.0,128.0,19.0,15.0,0.0,1.0
19.505,53,83111.0,600.0,123.0,600.0,774.0,0.0,1.0,0.0,0.0,0.5,0.041,0.5,0.638,0.51,0.055,0.51,0.656,0.0,0.0,-1.33,-5.54,0.26,-0.54,0.0,0.0,0.0,0.0,0.0,0.0,0.0,1.0,0.0,-0.0,-0.0,-0.0,-0.0,0.0,0.0,0.0,0.0,0.0,0.0,0.0,0.0,161.0,97.0,170.0,170.0,55.0,24.0,128.0,19.0,15.0,0.0,0.0
19.537,35,83146.0,600.0,123.0,600.0,774.0,0.0,1.0,0.0,0.0,0.5,0.041,0.5,0.638,0.51,0.055,0.51,0.656,0.0,0.0,-1.33,-5.54,0.26,-0.54,0.0,0.0,0.0,0.0,0.0,0.0,0.0,1.0,0.0,-0.0,-0.0,-0.0,-0.0,0.0,0.0,0.0,0.0,0.0,0.0,0.0,0.0,161.0,97.0,170.0,170.0,55.0,24.0,128.0,19.0,15.0,0.0,1.0
19.634,99,83245.0,600.0,123.0,600.0,784.0,0.0,1.0,0.0,0.0,0.5,0.04,0.5,0.634,0.51,0.055,0.51,0.65,0.0,0.0,-1.33,-5.54,0.26,-0.54,0.0,0.0,0.0,0.0,0.0,0.0,0.0,1.0,0.0,-0.0,-0.0,-0.0,-0.0,0.0,0.0,0.0,0.0,0.0,0.0,0.0,0.0,161.0,97.0,170.0,170.0,55.0,24.0,128.0,19.0,15.0,0.0,0.0
19.699,52,83297.0,600.0,122.0,600.0,784.0,0.0,1.0,0.0,0.0,0.5,0.04,0.5,0.634,0.51,0.055,0.51,0.65,0.0,0.0,-1.33,-5.54,0.26,-0.54,0.0,0.0,0.0,0.0,0.0,0.0,0.0,1.0,0.0,-0.0,-0.0,-0.0,-0.0,0.0,0.0,0.0,0.0,0.0,0.0,0.0,0.0,161.0,97.0,170.0,170.0,55.0,24.0,128.0,19.0,15.0,0.0,0.0
19.732,36,83333.0,600.0,122.0,600.0,784.0,0.0,1.0,0.0,0.0,0.5,0.04,0.5,0.634,0.51,0.055,0.51,0.65,0.0,0.0,-1.33,-5.54,0.26,-0.54,0.0,0.0,0.0,0.0,0.0,0.0,0.0,1.0,0.0,-0.0,-0.0,-0.0,-0.0,0.0,0.0,0.0,0.0,0.0,0.0,0.0,0.0,161.0,97.0,170.0,170.0,55.0,24.0,128.0,19.0,15.0,0.0,1.0
19.829,98,83431.0,600.0,122.0,600.0,792.0,0.0,1.0,0.0,0.0,0.5,0.04,0.5,0.635,0.51,0.055,0.51,0.649,0.0,0.0,-1.33,-5.54,0.26,-0.54,0.0,0.0,0.0,0.0,0.0,0.0,0.0,1.0,0.0,-0.0,-0.0,-0.0,-0.0,0.0,0.0,0.0,0.0,0.0,0.0,0.0,0.0,161.0,97.0,170.0,170.0,55.0,24.0,128.0,19.0,15.0,0.0,1.0
19.895,51,83482.0,600.0,122.0,600.0,792.0,0.0,1.0,0.0,0.0,0.5,0.04,0.5,0.635,0.51,0.055,0.51,0.649,0.0,0.0,-1.33,-5.54,0.26,-0.54,0.0,0.0,0.0,0.0,0.0,0.0,0.0,1.0,0.0,-0.0,-0.0,-0.0,-0.0,0.0,0.0,0.0,0.0,0.0,0.0,0.0,0.0,161.0,97.0,170.0,170.0,55.0,24.0,128.0,19.0,15.0,0.0,0.0
19.927,35,83517.0,600.0,122.0,600.0,792.0,0.0,1.0,0.0,0.0,0.5,0.04,0.5,0.635,0.51,0.055,0.51,0.649,0.0,0.0,-1.33,-5.54,0.26,-0.54,0.0,0.0,0.0,0.0,0.0,0.0,0.0,1.0,0.0,-0.0,-0.0,-0.0,-0.0,0.0,0.0,0.0,0.0,0.0,0.0,0.0,0.0,161.0,97.0,170.0,170.0,55.0,24.0,128.0,19.0,15.0,0.0,1.0
20.025,101,83618.0,600.0,122.0,600.0,744.0,0.0,1.0,0.0,0.0,0.5,0.04,0.5,0.619,0.51,0.055,0.51,0.636,0.0,0.0,-1.33,-5.55,0.26,-0.54,0.0,0.0,0.0,0.0,0.0,0.0,0.0,1.0,0.0,-0.0,-0.0,-0.0,-0.0,0.0,0.0,0.0,0.0,0.0,0.0,0.0,0.0,161.0,97.0,170.0,170.0,55.0,24.0,128.0,19.0,15.0,0.0,1.0
20.095,88,83706.0,600.0,121.0,600.0,744.0,0.0,1.0,0.0,0.0,0.5,0.04,0.5,0.619,0.51,0.055,0.51,0.636,0.0,0.0,-1.33,-5.55,0.26,-0.54,0.0,0.0,0.0,0.0,0.0,0.0,0.0,1.0,0.0,-0.0,-0.0,-0.0,-0.0,0.0,0.0,0.0,0.0,0.0,0.0,0.0,0.0,161.0,97.0,170.0,170.0,55.0,24.0,128.0,19.0,15.0,0.0,1.0
20.222,102,83808.0,600.0,121.0,600.0,752.0,0.0,1.0,0.0,0.0,0.5,0.039,0.5,0.615,0.51,0.054,0.51,0.63,0.0,0.0,-1.33,-5.55,0.26,-0.54,0.0,0.0,0.0,0.0,0.0,0.0,0.0,1.0,0.0,-0.0,-0.0,-0.0,-0.0,0.0,0.0,0.0,0.0,0.0,0.0,0.0,0.0,161.0,97.0,170.0,170.0,55.0,24.0,128.0,19.0,15.0,0.0,1.0
20.262,54,83862.0,600.0,121.0,600.0,752.0,0.0,1.0,0.0,0.0,0.5,0.039,0.5,0.615,0.51,0.054,0.51,0.63,0.0,0.0,-1.33,-5.55,0.26,-0.54,0.0,0.0,0.0,0.0,0.0,0.0,0.0,1.0,0.0,-0.0,-0.0,-0.0,-0.0,0.0,0.0,0.0,0.0,0.0,0.0,0.0,0.0,161.0,97.0,170.0,170.0,55.0,24.0,128.0,19.0,15.0,0.0,0.0
20.295,34,83896.0,600.0,121.0,600.0,752.0,0.0,1.0,0.0,0.0,0.5,0.039,0.5,0.615,0.51,0.054,0.51,0.63,0.0,0.0,-1.33,-5.55,0.26,-0.54,0.0,0.0,0.0,0.0,0.0,0.0,0.0,1.0,0.0,-0.0,-0.0,-0.0,-0.0,0.0,0.0,0.0,0.0,0.0,0.0,0.0,0.0,161.0,97.0,170.0,170.0,55.0,24.0,128.0,19.0,15.0,0.0,1.0
20.392,100,83996.0,600.0,121.0,600.0,752.0,0.0,1.0,0.0,0.0,0.5,0.039,0.5,0.613,0.51,0.054,0.51,0.628,0.0,0.0,-1.33,-5.55,0.26,-0.54,0.0,0.0,0.0,0.0,0.0,0.0,0.0,1.0,0.0,-0.0,-0.0,-0.0,-0.0,0.0,0.0,0.0,0.0,0.0,0.0,0.0,0.0,161.0,97.0,170.0,170.0,55.0,24.0,128.0,19.0,15.0,0.0,0.0
20.467,53,84049.0,600.0,122.0,600.0,752.0,0.0,1.0,0.0,0.0,0.5,0.039,0.5,0.613,0.51,0.054,0.51,0.628,0.0,0.0,-1.33,-5.55,0.26,-0.54,0.0,0.0,0.0,0.0,0.0,0.0,0.0,1.0,0.0,-0.0,-0.0,-0.0,-0.0,0.0,0.0,0.0,0.0,0.0,0.0,0.0,0.0,161.0,97.0,170.0,170.0,55.0,24.0,128.0,19.0,15.0,0.0,0.0
20.499,34,84083.0,600.0,122.0,600.0,752.0,0.0,1.0,0.0,0.0,0.5,0.039,0.5,0.613,0.51,0.054,0.51,0.628,0.0,0.0,-1.33,-5.54,0.26,-0.54,0.0,0.0,0.0,0.0,0.0,0.0,0.0,1.0,0.0,-0.0,-0.0,-0.0,-0.0,0.0,0.0,0.0,0.0,0.0,0.0,0.0,0.0,161.0,97.0,170.0,170.0,55.0,24.0,128.0,19.0,15.0,0.0,1.0
20.596,99,84182.0,600.0,122.0,600.0,747.0,0.0,1.0,0.0,0.0,0.5,0.04,0.5,0.61,0.51,0.054,0.51,0.625,0.0,0.0,-1.33,-5.54,0.26,-0.54,0.0,0.0,0.0,0.0,0.0,0.0,0.0,1.0,0.0,-0.0,-0.0,-0.0,-0.0,0.0,0.0,0.0,0.0,0.0,0.0,0.0,0.0,161.0,97.0,170.0,170.0,55.0,24.0,128.0,19.0,15.0,0.0,0.0
20.629,52,84234.0,600.0,123.0,600.0,747.0,0.0,1.0,0.0,0.0,0.5,0.04,0.5,0.61,0.51,0.054,0.51,0.625,0.0,0.0,-1.33,-5.54,0.26,-0.54,0.0,0.0,0.0,0.0,0.0,0.0,0.0,1.0,0.0,-0.0,-0.0,-0.0,-0.0,0.0,0.0,0.0,0.0,0.0,0.0,0.0,0.0,161.0,97.0,170.0,170.0,55.0,24.0,128.0,19.0,15.0,0.0,1.0
20.666,34,84268.0,600.0,123.0,600.0,747.0,0.0,1.0,0.0,0.0,0.5,0.04,0.5,0.61,0.51,0.054,0.51,0.625,0.0,0.0,-1.33,-5.54,0.26,-0.54,0.0,0.0,0.0,0.0,0.0,0.0,0.0,1.0,0.0,-0.0,-0.0,-0.0,-0.0,0.0,0.0,0.0,0.0,0.0,0.0,0.0,0.0,161.0,97.0,170.0,170.0,55.0,24.0,128.0,19.0,15.0,0.0,1.0
20.762,98,84366.0,600.0,123.0,600.0,734.0,0.0,1.0,0.0,0.0,0.5,0.04,0.5,0.605,0.509,0.055,0.509,0.62,0.0,0.0,-1.33,-5.54,0.26,-0.54,0.0,0.0,0.0,0.0,0.0,0.0,0.0,1.0,0.0,-0.0,-0.0,-0.0,-0.0,0.0,0.0,0.0,0.0,0.0,0.0,0.0,0.0,161.0,97.0,170.0,170.0,55.0,24.0,128.0,19.0,15.0,0.0,0.0
20.827,53,84419.0,600.0,123.0,600.0,734.0,0.0,1.0,0.0,0.0,0.5,0.04,0.5,0.605,0.509,0.055,0.509,0.62,0.0,0.0,-1.33,-5.55,0.26,-0.54,0.0,0.0,0.0,0.0,0.0,0.0,0.0,1.0,0.0,-0.0,-0.0,-0.0,-0.0,0.0,0.0,0.0,0.0,0.0,0.0,0.0,0.0,161.0,97.0,170.0,170.0,55.0,24.0,128.0,19.0,15.0,0.0,0.0
20.861,34,84453.0,600.0,123.0,600.0,734.0,0.0,1.0,0.0,0.0,0.5,0.04,0.5,0.605,0.509,0.055,0.509,0.62,0.0,0.0,-1.33,-5.55,0.26,-0.54,0.0,0.0,0.0,0.0,0.0,0.0,0.0,1.0,0.0,-0.0,-0.0,-0.0,-0.0,0.0,0.0,0.0,0.0,0.0,0.0,0.0,0.0,161.0,97.0,170.0,170.0,55.0,24.0,128.0,19.0,15.0,0.0,1.0
20.957,98,84551.0,600.0,123.0,600.0,734.0,0.0,1.0,0.0,0.0,0.5,0.04,0.5,0.602,0.509,0.055,0.509,0.617,0.0,0.0,-1.33,-5.55,0.26,-0.54,0.0,0.0,0.0,0.0,0.0,0.0,0.0,1.0,0.0,-0.0,-0.0,-0.0,-0.0,0.0,0.0,0.0,0.0,0.0,0.0,0.0,0.0,161.0,97.0,170.0,170.0,55.0,24.0,128.0,19.0,15.0,0.0,0.0
21.023,54,84605.0,600.0,125.0,600.0,734.0,0.0,1.0,0.0,0.0,0.5,0.04,0.5,0.602,0.509,0.055,0.509,0.617,0.0,0.0,-1.33,-5.56,0.26,-0.54,0.0,0.0,0.0,0.0,0.0,0.0,0.0,1.0,0.0,-0.0,-0.0,-0.0,-0.0,0.0,0.0,0.0,0.0,0.0,0.0,0.0,0.0,161.0,97.0,170.0,170.0,55.0,24.0,128.0,19.0,15.0,0.0,0.0
21.064,35,84640.0,600.0,125.0,600.0,734.0,0.0,1.0,0.0,0.0,0.5,0.04,0.5,0.602,0.509,0.055,0.509,0.617,0.0,0.0,-1.33,-5.56,0.26,-0.54,0.0,0.0,0.0,0.0,0.0,0.0,0.0,1.0,0.0,-0.0,-0.0,-0.0,-0.0,0.0,0.0,0.0,0.0,0.0,0.0,0.0,0.0,161.0,97.0,170.0,170.0,55.0,24.0,128.0,19.0,15.0,0.0,1.0
21.129,98,84738.0,600.0,125.0,600.0,742.0,0.0,1.0,0.0,0.0,0.5,0.041,0.5,0.603,0.509,0.056,0.509,0.618,0.0,0.0,-1.33,-5.56,0.26,-0.54,0.0,0.0,0.0,0.0,0.0,0.0,0.0,1.0,0.0,-0.0,-0.0,-0.0,-0.0,0.0,0.0,0.0,0.0,0.0,0.0,0.0,0.0,161.0,97.0,170.0,170.0,55.0,24.0,128.0,19.0,15.0,0.0,0.0
21.194,52,84790.0,600.0,124.0,600.0,742.0,0.0,1.0,0.0,0.0,0.5,0.041,0.5,0.603,0.509,0.056,0.509,0.618,0.0,0.0,-1.33,-5.56,0.26,-0.54,0.0,0.0,0.0,0.0,0.0,0.0,0.0,1.0,0.0,-0.0,-0.0,-0.0,0.0,0.0,0.0,0.0,0.0,0.0,0.0,0.0,0.0,161.0,97.0,170.0,170.0,55.0,24.0,128.0,19.0,15.0,0.0,0.0
21.263,53,84843.0,600.0,124.0,600.0,742.0,0.0,1.0,0.0,0.0,0.5,0.041,0.5,0.603,0.509,0.056,0.509,0.618,0.0,0.0,-1.33,-5.56,0.26,-0.54,0.0,0.0,0.0,0.0,0.0,0.0,0.0,1.0,0.0,-0.0,-0.0,-0.0,0.0,0.0,0.0,0.0,0.0,0.0,0.0,0.0,0.0,161.0,97.0,170.0,170.0,55.0,24.0,128.0,19.0,15.0,0.0,0.0
21.295,53,84896.0,600.0,124.0,600.0,742.0,0.0,1.0,0.0,0.0,0.5,0.041,0.5,0.604,0.509,0.056,0.509,0.619,0.0,0.0,-1.33,-5.56,0.26,-0.54,0.0,0.0,0.0,0.0,0.0,0.0,0.0,1.0,0.0,-0.0,-0.0,-0.0,0.0,0.0,0.0,0.0,0.0,0.0,0.0,0.0,0.0,161.0,97.0,170.0,170.0,55.0,24.0,128.0,19.0,15.0,0.0,0.0
21.36,53,84949.0,600.0,124.0,600.0,742.0,0.0,1.0,0.0,0.0,0.5,0.041,0.5,0.604,0.509,0.056,0.509,0.619,0.0,0.0,-1.33,-5.56,0.26,-0.54,0.0,0.0,0.0,0.0,0.0,0.0,0.0,1.0,0.0,-0.0,-0.0,-0.0,0.0,0.0,0.0,0.0,0.0,0.0,0.0,0.0,0.0,161.0,97.0,170.0,170.0,55.0,24.0,128.0,19.0,15.0,0.0,0.0
21.392,54,85003.0,600.0,125.0,600.0,742.0,0.0,1.0,0.0,0.0,0.5,0.041,0.5,0.604,0.509,0.056,0.509,0.619,0.0,0.0,-1.33,-5.56,0.26,-0.54,0.0,0.0,0.0,0.0,0.0,0.0,0.0,1.0,0.0,-0.0,-0.0,-0.0,-0.0,0.0,0.0,0.0,0.0,0.0,0.0,0.0,0.0,161.0,97.0,170.0,170.0,55.0,24.0,128.0,19.0,15.0,0.0,0.0
21.458,34,85037.0,600.0,125.0,600.0,742.0,0.0,1.0,0.0,0.0,0.5,0.041,0.5,0.604,0.509,0.056,0.509,0.619,0.0,0.0,-1.33,-5.56,0.26,-0.54,0.0,0.0,0.0,0.0,0.0,0.0,0.0,1.0,0.0,-0.0,-0.0,-0.0,0.0,0.0,0.0,0.0,0.0,0.0,0.0,0.0,0.0,161.0,97.0,170.0,170.0,55.0,24.0,128.0,19.0,15.0,0.0,1.0
21.556,100,85137.0,600.0,125.0,600.0,695.0,0.0,1.0,0.0,0.0,0.5,0.041,0.5,0.587,0.509,0.056,0.509,0.605,0.0,0.0,-1.33,-5.55,0.26,-0.54,0.0,0.0,0.0,0.0,0.0,0.0,0.0,1.0,0.0,-0.0,-0.0,-0.0,0.0,0.0,0.0,0.0,0.0,0.0,0.0,0.0,0.0,161.0,97.0,170.0,170.0,55.0,24.0,128.0,19.0,15.0,0.0,1.0
21.589,53,85190.0,600.0,124.0,600.0,695.0,0.0,1.0,0.0,0.0,0.5,0.041,0.5,0.587,0.509,0.056,0.509,0.605,0.0,0.0,-1.33,-5.55,0.26,-0.54,0.0,0.0,0.0,0.0,0.0,0.0,0.0,1.0,0.0,-0.0,-0.0,-0.0,0.0,0.0,0.0,0.0,0.0,0.0,0.0,0.0,0.0,161.0,97.0,170.0,170.0,55.0,24.0,128.0,19.0,15.0,0.0,0.0
21.621,34,85224.0,600.0,124.0,600.0,695.0,0.0,1.0,0.0,0.0,0.5,0.041,0.5,0.587,0.509,0.056,0.509,0.605,0.0,0.0,-1.33,-5.54,0.26,-0.54,0.0,0.0,0.0,0.0,0.0,0.0,0.0,1.0,0.0,-0.0,-0.0,-0.0,0.0,0.0,0.0,0.0,0.0,0.0,0.0,0.0,0.0,161.0,97.0,170.0,170.0,55.0,24.0,128.0,19.0,15.0,0.0,1.0
21.724,98,85322.0,600.0,124.0,600.0,652.0,0.0,1.0,0.0,0.0,0.5,0.041,0.5,0.563,0.509,0.056,0.509,0.581,0.0,0.0,-1.33,-5.54,0.26,-0.54,0.0,0.0,0.0,0.0,0.0,0.0,0.0,1.0,0.0,-0.0,-0.0,-0.0,0.0,0.0,0.0,0.0,0.0,0.0,0.0,0.0,0.0,161.0,97.0,170.0,170.0,55.0,24.0,128.0,19.0,15.0,0.0,0.0
21.79,53,85375.0,600.0,124.0,600.0,652.0,0.0,1.0,0.0,0.0,0.5,0.041,0.5,0.563,0.509,0.056,0.509,0.581,0.0,0.0,-1.33,-5.54,0.26,-0.54,0.0,0.0,0.0,0.0,0.0,0.0,0.0,1.0,0.0,-0.0,-0.0,-0.0,0.0,0.0,0.0,0.0,0.0,0.0,0.0,0.0,0.0,161.0,97.0,170.0,170.0,55.0,24.0,128.0,19.0,15.0,0.0,0.0
21.823,36,85411.0,600.0,124.0,600.0,652.0,0.0,1.0,0.0,0.0,0.5,0.041,0.5,0.563,0.509,0.056,0.509,0.581,0.0,0.0,-1.33,-5.54,0.26,-0.54,0.0,0.0,0.0,0.0,0.0,0.0,0.0,1.0,0.0,-0.0,-0.0,-0.0,0.0,0.0,0.0,0.0,0.0,0.0,0.0,0.0,0.0,161.0,97.0,170.0,170.0,55.0,24.0,128.0,19.0,15.0,0.0,1.0
21.927,102,85513.0,600.0,124.0,600.0,699.0,0.0,1.0,0.0,0.0,0.5,0.041,0.5,0.57,0.509,0.055,0.509,0.583,0.0,0.0,-1.33,-5.53,0.26,-0.54,0.0,0.0,0.0,0.0,0.0,0.0,0.0,1.0,0.0,-0.0,-0.0,-0.0,0.0,0.0,0.0,0.0,0.0,0.0,0.0,0.0,0.0,161.0,97.0,170.0,170.0,55.0,24.0,128.0,19.0,15.0,0.0,0.0
21.959,52,85565.0,600.0,123.0,600.0,699.0,0.0,1.0,0.0,0.0,0.5,0.041,0.5,0.57,0.509,0.055,0.509,0.583,0.0,0.0,-1.33,-5.53,0.26,-0.54,0.0,0.0,0.0,0.0,0.0,0.0,0.0,1.0,0.0,-0.0,-0.0,-0.0,0.0,0.0,0.0,0.0,0.0,0.0,0.0,0.0,0.0,161.0,97.0,170.0,170.0,55.0,24.0,128.0,19.0,15.0,0.0,1.0
21.991,35,85600.0,600.0,123.0,600.0,699.0,0.0,1.0,0.0,0.0,0.5,0.041,0.5,0.57,0.509,0.055,0.509,0.583,0.0,0.0,-1.33,-5.53,0.26,-0.54,0.0,0.0,0.0,0.0,0.0,0.0,0.0,1.0,0.0,-0.0,-0.0,-0.0,0.0,0.0,0.0,0.0,0.0,0.0,0.0,0.0,0.0,161.0,97.0,170.0,170.0,55.0,24.0,128.0,19.0,15.0,0.0,1.0
22.096,99,85699.0,600.0,123.0,600.0,648.0,0.0,1.0,0.0,0.0,0.5,0.041,0.5,0.553,0.509,0.055,0.509,0.57,0.0,0.0,-1.33,-5.53,0.26,-0.54,0.0,0.0,0.0,0.0,0.0,0.0,0.0,1.0,0.0,-0.0,-0.0,-0.0,0.0,0.0,0.0,0.0,0.0,0.0,0.0,0.0,0.0,161.0,97.0,170.0,170.0,55.0,24.0,128.0,19.0,15.0,0.0,1.0
22.163,52,85751.0,600.0,124.0,600.0,648.0,0.0,1.0,0.0,0.0,0.5,0.041,0.5,0.553,0.509,0.055,0.509,0.57,0.0,0.0,-1.33,-5.53,0.26,-0.54,0.0,0.0,0.0,0.0,0.0,0.0,0.0,1.0,0.0,-0.0,-0.0,-0.0,0.0,0.0,0.0,0.0,0.0,0.0,0.0,0.0,0.0,161.0,97.0,170.0,170.0,55.0,24.0,128.0,19.0,15.0,0.0,0.0
22.195,35,85786.0,600.0,124.0,600.0,648.0,0.0,1.0,0.0,0.0,0.5,0.041,0.5,0.553,0.509,0.055,0.509,0.57,0.0,0.0,-1.33,-5.53,0.26,-0.54,0.0,0.0,0.0,0.0,0.0,0.0,0.0,1.0,0.0,-0.0,-0.0,-0.0,0.0,0.0,0.0,0.0,0.0,0.0,0.0,0.0,0.0,161.0,97.0,170.0,170.0,55.0,24.0,128.0,19.0,15.0,0.0,1.0
22.293,104,85890.0,600.0,124.0,600.0,694.0,0.0,1.0,0.0,0.0,0.5,0.041,0.5,0.563,0.509,0.055,0.509,0.576,0.0,0.0,-1.33,-5.54,0.26,-0.54,0.0,0.0,0.0,0.0,0.0,0.0,0.0,1.0,0.0,-0.0,-0.0,-0.0,0.0,0.0,0.0,0.0,0.0,0.0,0.0,0.0,0.0,161.0,97.0,170.0,170.0,55.0,24.0,128.0,19.0,15.0,0.0,1.0
22.356,53,85943.0,600.0,122.0,600.0,694.0,0.0,1.0,0.0,0.0,0.5,0.041,0.5,0.563,0.509,0.055,0.509,0.576,0.0,0.0,-1.33,-5.54,0.26,-0.54,0.0,0.0,0.0,0.0,0.0,0.0,0.0,1.0,0.0,-0.0,-0.0,-0.0,0.0,0.0,0.0,0.0,0.0,0.0,0.0,0.0,0.0,161.0,97.0,170.0,170.0,55.0,24.0,128.0,19.0,15.0,0.0,0.0
22.387,53,85996.0,600.0,122.0,600.0,694.0,0.0,1.0,0.0,0.0,0.5,0.041,0.5,0.563,0.509,0.055,0.509,0.576,0.0,0.0,-1.33,-5.54,0.26,-0.54,0.0,0.0,0.0,0.0,0.0,0.0,0.0,1.0,0.0,-0.0,-0.0,-0.0,0.0,0.0,0.0,0.0,0.0,0.0,0.0,0.0,0.0,161.0,97.0,170.0,170.0,55.0,24.0,128.0,19.0,15.0,0.0,0.0
22.452,52,86048.0,600.0,122.0,600.0,739.0,0.0,1.0,0.0,0.0,0.5,0.04,0.5,0.584,0.509,0.055,0.509,0.595,0.0,0.0,-1.33,-5.54,0.26,-0.54,0.0,0.0,0.0,0.0,0.0,0.0,0.0,1.0,0.0,-0.0,-0.0,-0.0,0.0,0.0,0.0,0.0,0.0,0.0,0.0,0.0,0.0,161.0,97.0,170.0,170.0,55.0,24.0,128.0,19.0,15.0,0.0,0.0
22.518,53,86101.0,600.0,122.0,600.0,739.0,0.0,1.0,0.0,0.0,0.5,0.04,0.5,0.584,0.509,0.055,0.509,0.595,0.0,0.0,-1.33,-5.54,0.26,-0.54,0.0,0.0,0.0,0.0,0.0,0.0,0.0,1.0,0.0,-0.0,-0.0,-0.0,0.0,0.0,0.0,0.0,0.0,0.0,0.0,0.0,0.0,161.0,97.0,170.0,170.0,55.0,24.0,128.0,19.0,15.0,0.0,0.0
22.551,52,86153.0,600.0,122.0,600.0,739.0,0.0,1.0,0.0,0.0,0.5,0.04,0.5,0.584,0.509,0.055,0.509,0.595,0.0,0.0,-1.33,-5.54,0.26,-0.54,0.0,0.0,0.0,0.0,0.0,0.0,0.0,1.0,0.0,-0.0,-0.0,-0.0,0.0,0.0,0.0,0.0,0.0,0.0,0.0,0.0,0.0,161.0,97.0,170.0,170.0,55.0,24.0,128.0,19.0,15.0,0.0,0.0
22.583,36,86189.0,600.0,122.0,600.0,739.0,0.0,1.0,0.0,0.0,0.5,0.04,0.5,0.584,0.509,0.055,0.509,0.595,0.0,0.0,-1.33,-5.54,0.26,-0.54,0.0,0.0,0.0,0.0,0.0,0.0,0.0,1.0,0.0,-0.0,-0.0,-0.0,-0.1,0.0,0.0,0.0,0.0,0.0,0.0,0.0,0.0,161.0,97.0,170.0,170.0,55.0,24.0,128.0,19.0,15.0,0.0,1.0
22.684,103,86292.0,600.0,122.0,600.0,794.0,0.0,1.0,0.0,0.0,0.5,0.04,0.5,0.612,0.509,0.055,0.509,0.622,0.0,0.0,-1.33,-5.54,0.26,-0.54,0.0,0.0,0.0,0.0,0.0,0.0,0.0,1.0,0.0,-0.0,-0.0,-0.0,-0.0,0.0,0.0,0.0,0.0,0.0,0.0,0.0,0.0,161.0,97.0,170.0,170.0,55.0,24.0,128.0,19.0,15.0,0.0,0.0
22.748,51,86343.0,600.0,123.0,600.0,794.0,0.0,1.0,0.0,0.0,0.5,0.04,0.5,0.612,0.509,0.055,0.509,0.622,0.0,0.0,-1.34,-5.54,0.26,-0.54,0.0,0.0,0.0,0.0,0.0,0.0,0.0,1.0,0.0,-0.0,-0.0,-0.0,-0.0,0.0,0.0,0.0,0.0,0.0,0.0,0.0,0.0,161.0,97.0,170.0,170.0,55.0,24.0,128.0,19.0,15.0,0.0,0.0
22.814,53,86396.0,600.0,123.0,600.0,794.0,0.0,1.0,0.0,0.0,0.5,0.04,0.5,0.612,0.509,0.055,0.509,0.622,0.0,0.0,-1.34,-5.54,0.26,-0.54,0.0,0.0,0.0,0.0,0.0,0.0,0.0,1.0,0.0,-0.0,-0.0,-0.0,-0.0,0.0,0.0,0.0,0.0,0.0,0.0,0.0,0.0,161.0,97.0,170.0,170.0,55.0,24.0,128.0,19.0,15.0,0.0,0.0
22.852,52,86448.0,600.0,123.0,600.0,782.0,0.0,1.0,0.0,0.0,0.5,0.04,0.5,0.621,0.51,0.055,0.51,0.635,0.0,0.0,-1.34,-5.54,0.26,-0.54,0.0,0.0,0.0,0.0,0.0,0.0,0.0,1.0,0.0,-0.0,-0.0,-0.0,-0.0,0.0,0.0,0.0,0.0,0.0,0.0,0.0,0.0,161.0,97.0,170.0,170.0,55.0,24.0,128.0,19.0,15.0,0.0,0.0
22.918,54,86502.0,600.0,123.0,600.0,782.0,0.0,1.0,0.0,0.0,0.5,0.04,0.5,0.621,0.51,0.055,0.51,0.635,0.0,0.0,-1.34,-5.54,0.26,-0.54,0.0,0.0,0.0,0.0,0.0,0.0,0.0,1.0,0.0,-0.0,-0.0,-0.0,-0.0,0.0,0.0,0.0,0.0,0.0,0.0,0.0,0.0,161.0,97.0,170.0,170.0,55.0,24.0,128.0,19.0,15.0,0.0,0.0
22.95,52,86554.0,600.0,122.0,600.0,782.0,0.0,1.0,0.0,0.0,0.5,0.04,0.5,0.621,0.51,0.055,0.51,0.635,0.0,0.0,-1.34,-5.54,0.26,-0.54,0.0,0.0,0.0,0.0,0.0,0.0,0.0,1.0,0.0,-0.0,-0.0,-0.0,-0.0,0.0,0.0,0.0,0.0,0.0,0.0,0.0,0.0,161.0,97.0,170.0,170.0,55.0,24.0,128.0,19.0,15.0,0.0,1.0
22.983,35,86589.0,600.0,122.0,600.0,782.0,0.0,1.0,0.0,0.0,0.5,0.04,0.5,0.621,0.51,0.055,0.51,0.635,0.0,0.0,-1.33,-5.54,0.26,-0.54,0.0,0.0,0.0,0.0,0.0,0.0,0.0,1.0,0.0,-0.0,-0.0,-0.0,0.0,0.0,0.0,0.0,0.0,0.0,0.0,0.0,0.0,161.0,97.0,170.0,170.0,55.0,24.0,128.0,19.0,15.0,0.0,1.0
23.111,103,86692.0,600.0,122.0,600.0,825.0,0.0,1.0,0.0,0.0,0.5,0.04,0.5,0.639,0.51,0.055,0.51,0.651,0.0,0.0,-1.33,-5.54,0.26,-0.54,0.0,0.0,0.0,0.0,0.0,0.0,0.0,1.0,0.0,-0.1,-0.0,-0.0,0.0,0.0,0.0,0.0,0.0,0.0,0.0,0.0,0.0,161.0,97.0,170.0,170.0,55.0,24.0,128.0,19.0,15.0,0.0,1.0
23.144,53,86745.0,600.0,123.0,600.0,825.0,0.0,1.0,0.0,0.0,0.5,0.04,0.5,0.639,0.51,0.055,0.51,0.651,0.0,0.0,-1.33,-5.54,0.26,-0.54,0.0,0.0,0.0,0.0,0.0,0.0,0.0,1.0,0.0,-0.1,-0.0,-0.0,0.0,0.0,0.0,0.0,0.0,0.0,0.0,0.0,0.0,161.0,97.0,170.0,170.0,55.0,24.0,128.0,19.0,15.0,0.0,0.0
23.21,52,86797.0,600.0,123.0,600.0,825.0,0.0,1.0,0.0,0.0,0.5,0.04,0.5,0.639,0.51,0.055,0.51,0.651,0.0,0.0,-1.33,-5.54,0.26,-0.54,0.0,0.0,0.0,0.0,0.0,0.0,0.0,1.0,0.0,-0.1,-0.0,-0.0,0.0,0.0,0.0,0.0,0.0,0.0,0.0,0.0,0.0,161.0,97.0,170.0,170.0,55.0,24.0,128.0,19.0,15.0,0.0,0.0
23.242,53,86850.0,600.0,123.0,600.0,831.0,0.0,1.0,0.0,0.0,0.5,0.04,0.5,0.649,0.51,0.055,0.51,0.662,0.0,0.0,-1.33,-5.54,0.26,-0.54,0.0,0.0,0.0,0.0,0.0,0.0,0.0,1.0,0.0,-0.0,-0.0,-0.0,0.0,0.0,0.0,0.0,0.0,0.0,0.0,0.0,0.0,161.0,97.0,170.0,170.0,55.0,24.0,128.0,19.0,15.0,0.0,0.0
23.308,54,86904.0,600.0,123.0,600.0,831.0,0.0,1.0,0.0,0.0,0.5,0.04,0.5,0.649,0.51,0.055,0.51,0.662,0.0,0.0,-1.33,-5.54,0.26,-0.54,0.0,0.0,0.0,0.0,0.0,0.0,0.0,1.0,0.0,-0.0,-0.0,-0.0,0.0,0.0,0.0,0.0,0.0,0.0,0.0,0.0,0.0,161.0,97.0,170.0,170.0,55.0,24.0,128.0,19.0,15.0,0.0,0.0
23.371,52,86956.0,600.0,124.0,600.0,831.0,0.0,1.0,0.0,0.0,0.5,0.04,0.5,0.649,0.51,0.055,0.51,0.662,0.0,0.0,-1.33,-5.54,0.26,-0.54,0.0,0.0,0.0,0.0,0.0,0.0,0.0,1.0,0.0,-0.0,-0.0,-0.0,0.0,0.0,0.0,0.0,0.0,0.0,0.0,0.0,0.0,161.0,97.0,170.0,170.0,55.0,24.0,128.0,19.0,15.0,0.0,1.0
23.403,53,87009.0,600.0,124.0,600.0,831.0,0.0,1.0,0.0,0.0,0.5,0.04,0.5,0.649,0.51,0.055,0.51,0.662,0.0,0.0,-1.33,-5.54,0.26,-0.54,0.0,0.0,0.0,0.0,0.0,0.0,0.0,1.0,0.0,-0.0,-0.0,-0.0,0.0,0.0,0.0,0.0,0.0,0.0,0.0,0.0,0.0,161.0,97.0,170.0,170.0,55.0,24.0,128.0,19.0,15.0,0.0,0.0
23.469,54,87063.0,600.0,124.0,600.0,843.0,0.0,1.0,0.0,0.0,0.5,0.041,0.5,0.657,0.51,0.055,0.51,0.67,0.0,0.0,-1.33,-5.54,0.26,-0.54,0.0,0.0,0.0,0.0,0.0,0.0,0.0,1.0,0.0,-0.0,-0.0,-0.0,0.0,0.0,0.0,0.0,0.0,0.0,0.0,0.0,0.0,161.0,97.0,170.0,170.0,55.0,24.0,128.0,19.0,15.0,0.0,0.0
23.534,53,87116.0,600.0,124.0,600.0,843.0,0.0,1.0,0.0,0.0,0.5,0.041,0.5,0.657,0.51,0.055,0.51,0.67,0.0,0.0,-1.33,-5.54,0.26,-0.54,0.0,0.0,0.0,0.0,0.0,0.0,0.0,1.0,0.0,-0.0,-0.0,-0.0,-0.0,0.0,0.0,0.0,0.0,0.0,0.0,0.0,0.0,161.0,97.0,170.0,170.0,55.0,24.0,128.0,19.0,15.0,0.0,0.0
23.567,52,87168.0,600.0,124.0,600.0,843.0,0.0,1.0,0.0,0.0,0.5,0.041,0.5,0.657,0.51,0.055,0.51,0.67,0.0,0.0,-1.33,-5.54,0.26,-0.54,0.0,0.0,0.0,0.0,0.0,0.0,0.0,1.0,0.0,-0.0,-0.0,-0.0,-0.0,0.0,0.0,0.0,0.0,0.0,0.0,0.0,0.0,161.0,97.0,170.0,170.0,55.0,24.0,128.0,19.0,15.0,0.0,0.0
23.599,36,87204.0,600.0,124.0,600.0,843.0,0.0,1.0,0.0,0.0,0.5,0.041,0.5,0.657,0.51,0.055,0.51,0.67,0.0,0.0,-1.33,-5.55,0.26,-0.54,0.0,0.0,0.0,0.0,0.0,0.0,0.0,1.0,0.0,-0.0,-0.0,-0.0,0.0,0.0,0.0,0.0,0.0,0.0,0.0,0.0,0.0,161.0,97.0,170.0,170.0,55.0,24.0,128.0,19.0,15.0,0.0,1.0
23.698,98,87302.0,600.0,124.0,600.0,821.0,0.0,1.0,0.0,0.0,0.5,0.041,0.5,0.654,0.51,0.055,0.51,0.669,0.0,0.0,-1.33,-5.55,0.26,-0.54,0.0,0.0,0.0,0.0,0.0,0.0,0.0,1.0,0.0,-0.0,-0.0,-0.0,0.0,0.0,0.0,0.0,0.0,0.0,0.0,0.0,0.0,161.0,97.0,170.0,170.0,55.0,24.0,128.0,19.0,15.0,0.0,0.0
23.763,53,87355.0,600.0,123.0,600.0,821.0,0.0,1.0,0.0,0.0,0.5,0.041,0.5,0.654,0.51,0.055,0.51,0.669,0.0,0.0,-1.33,-5.55,0.26,-0.54,0.0,0.0,0.0,0.0,0.0,0.0,0.0,1.0,0.0,-0.0,-0.0,-0.0,0.0,0.0,0.0,0.0,0.0,0.0,0.0,0.0,0.0,161.0,97.0,170.0,170.0,55.0,24.0,128.0,19.0,15.0,0.0,0.0
23.796,52,87407.0,600.0,123.0,600.0,821.0,0.0,1.0,0.0,0.0,0.5,0.041,0.5,0.654,0.51,0.055,0.51,0.669,0.0,0.0,-1.33,-5.56,0.26,-0.54,0.0,0.0,0.0,0.0,0.0,0.0,0.0,1.0,0.0,-0.0,-0.0,-0.0,0.0,0.0,0.0,0.0,0.0,0.0,0.0,0.0,0.0,161.0,97.0,170.0,170.0,55.0,24.0,128.0,19.0,15.0,0.0,1.0
23.862,53,87460.0,600.0,123.0,600.0,831.0,0.0,1.0,0.0,0.0,0.5,0.041,0.5,0.656,0.51,0.055,0.51,0.67,0.0,0.0,-1.33,-5.55,0.26,-0.54,0.0,0.0,0.0,0.0,0.0,0.0,0.0,1.0,0.0,-0.0,-0.0,-0.0,0.0,0.0,0.0,0.0,0.0,0.0,0.0,0.0,0.0,161.0,97.0,170.0,170.0,55.0,24.0,128.0,19.0,15.0,0.0,0.0
23.927,54,87514.0,600.0,123.0,600.0,831.0,0.0,1.0,0.0,0.0,0.5,0.041,0.5,0.656,0.51,0.055,0.51,0.67,0.0,0.0,-1.33,-5.55,0.26,-0.54,0.0,0.0,0.0,0.0,0.0,0.0,0.0,1.0,0.0,-0.0,-0.0,-0.0,0.0,0.0,0.0,0.0,0.0,0.0,0.0,0.0,0.0,161.0,97.0,170.0,170.0,55.0,24.0,128.0,19.0,15.0,0.0,0.0
23.959,53,87567.0,600.0,124.0,600.0,831.0,0.0,1.0,0.0,0.0,0.5,0.041,0.5,0.656,0.51,0.055,0.51,0.67,0.0,0.0,-1.33,-5.55,0.26,-0.54,0.0,0.0,0.0,0.0,0.0,0.0,0.0,1.0,0.0,-0.0,-0.0,-0.0,0.0,0.0,0.0,0.0,0.0,0.0,0.0,0.0,0.0,161.0,97.0,170.0,170.0,55.0,24.0,128.0,19.0,15.0,0.0,1.0
24.021,52,87619.0,600.0,124.0,600.0,831.0,0.0,1.0,0.0,0.0,0.5,0.041,0.5,0.656,0.51,0.055,0.51,0.67,0.0,0.0,-1.33,-5.55,0.26,-0.54,0.0,0.0,0.0,0.0,0.0,0.0,0.0,1.0,0.0,0.0,-0.0,-0.0,0.0,0.0,0.0,0.0,0.0,0.0,0.0,0.0,0.0,161.0,97.0,170.0,170.0,55.0,24.0,128.0,19.0,15.0,0.0,0.0
24.093,52,87671.0,600.0,124.0,600.0,830.0,0.0,1.0,0.0,0.0,0.5,0.041,0.5,0.656,0.51,0.055,0.51,0.671,0.0,0.0,-1.33,-5.55,0.26,-0.54,0.0,0.0,0.0,0.0,0.0,0.0,0.0,1.0,0.0,-0.0,-0.0,-0.0,0.0,0.0,0.0,0.0,0.0,0.0,0.0,0.0,0.0,161.0,97.0,170.0,170.0,55.0,24.0,128.0,19.0,15.0,0.0,1.0
24.126,53,87724.0,600.0,124.0,600.0,830.0,0.0,1.0,0.0,0.0,0.5,0.041,0.5,0.656,0.51,0.055,0.51,0.671,0.0,0.0,-1.33,-5.55,0.26,-0.54,0.0,0.0,0.0,0.0,0.0,0.0,0.0,1.0,0.0,-0.0,-0.0,-0.0,0.0,0.0,0.0,0.0,0.0,0.0,0.0,0.0,0.0,161.0,97.0,170.0,170.0,55.0,24.0,128.0,19.0,15.0,0.0,0.0
24.189,52,87776.0,600.0,124.0,600.0,830.0,0.0,1.0,0.0,0.0,0.5,0.041,0.5,0.656,0.51,0.055,0.51,0.671,0.0,0.0,-1.33,-5.55,0.26,-0.54,0.0,0.0,0.0,0.0,0.0,0.0,0.0,1.0,0.0,-0.0,-0.0,-0.0,0.0,0.0,0.0,0.0,0.0,0.0,0.0,0.0,0.0,161.0,97.0,170.0,170.0,55.0,24.0,128.0,19.0,15.0,0.0,1.0
24.22,34,87810.0,600.0,124.0,600.0,830.0,0.0,1.0,0.0,0.0,0.5,0.041,0.5,0.656,0.51,0.055,0.51,0.671,0.0,0.0,-1.33,-5.55,0.26,-0.54,0.0,0.0,0.0,0.0,0.0,0.0,0.0,1.0,0.0,-0.0,-0.0,-0.0,0.0,0.0,0.0,0.0,0.0,0.0,0.0,0.0,0.0,161.0,97.0,170.0,170.0,55.0,24.0,128.0,19.0,15.0,0.0,1.0
24.32,98,87908.0,600.0,124.0,600.0,778.0,0.0,1.0,0.0,0.0,0.5,0.041,0.5,0.641,0.51,0.056,0.51,0.658,0.0,0.0,-1.33,-5.55,0.26,-0.54,0.0,0.0,0.0,0.0,0.0,0.0,0.0,1.0,0.0,-0.0,-0.0,-0.0,0.0,0.0,0.0,0.0,0.0,0.0,0.0,0.0,0.0,161.0,97.0,170.0,170.0,55.0,24.0,128.0,19.0,15.0,0.0,0.0
24.353,53,87961.0,600.0,123.0,600.0,778.0,0.0,1.0,0.0,0.0,0.5,0.041,0.5,0.641,0.51,0.056,0.51,0.658,0.0,0.0,-1.33,-5.55,0.26,-0.54,0.0,0.0,0.0,0.0,0.0,0.0,0.0,1.0,0.0,-0.0,-0.0,-0.0,-0.0,0.0,0.0,0.0,0.0,0.0,0.0,0.0,0.0,161.0,97.0,170.0,170.0,55.0,24.0,128.0,19.0,15.0,0.0,0.0
24.385,34,87995.0,600.0,123.0,600.0,778.0,0.0,1.0,0.0,0.0,0.5,0.041,0.5,0.641,0.51,0.056,0.51,0.658,0.0,0.0,-1.33,-5.56,0.26,-0.54,0.0,0.0,0.0,0.0,0.0,0.0,0.0,1.0,0.0,-0.0,-0.0,-0.0,0.0,0.0,0.0,0.0,0.0,0.0,0.0,0.0,0.0,161.0,97.0,170.0,170.0,55.0,24.0,128.0,19.0,15.0,0.0,1.0
24.482,97,88092.0,600.0,123.0,600.0,764.0,0.0,1.0,0.0,0.0,0.5,0.041,0.5,0.629,0.51,0.055,0.51,0.645,0.0,0.0,-1.33,-5.56,0.26,-0.54,0.0,0.0,0.0,0.0,0.0,0.0,0.0,1.0,0.0,-0.0,-0.0,-0.0,0.0,0.0,0.0,0.0,0.0,0.0,0.0,0.0,0.0,161.0,97.0,170.0,170.0,55.0,24.0,128.0,19.0,15.0,0.0,0.0
24.548,54,88146.0,600.0,124.0,600.0,764.0,0.0,1.0,0.0,0.0,0.5,0.041,0.5,0.629,0.51,0.055,0.51,0.645,0.0,0.0,-1.34,-5.56,0.26,-0.54,0.0,0.0,0.0,0.0,0.0,0.0,0.0,1.0,0.0,-0.0,-0.0,-0.0,0.0,0.0,0.0,0.0,0.0,0.0,0.0,0.0,0.0,161.0,97.0,170.0,170.0,55.0,24.0,128.0,19.0,15.0,0.0,0.0
24.58,34,88180.0,600.0,124.0,600.0,764.0,0.0,1.0,0.0,0.0,0.5,0.041,0.5,0.629,0.51,0.055,0.51,0.645,0.0,0.0,-1.34,-5.56,0.26,-0.54,0.0,0.0,0.0,0.0,0.0,0.0,0.0,1.0,0.0,-0.0,-0.0,-0.0,-0.0,0.0,0.0,0.0,0.0,0.0,0.0,0.0,0.0,161.0,97.0,170.0,170.0,55.0,24.0,128.0,19.0,15.0,0.0,1.0
24.684,98,88278.0,600.0,124.0,600.0,775.0,0.0,1.0,0.0,0.0,0.5,0.041,0.5,0.627,0.51,0.056,0.51,0.642,0.0,0.0,-1.33,-5.56,0.26,-0.54,0.0,0.0,0.0,0.0,0.0,0.0,0.0,1.0,0.0,-0.0,-0.0,-0.0,-0.0,0.0,0.0,0.0,0.0,0.0,0.0,0.0,0.0,161.0,97.0,170.0,170.0,55.0,24.0,128.0,19.0,15.0,0.0,0.0
24.75,54,88332.0,600.0,124.0,600.0,775.0,0.0,1.0,0.0,0.0,0.5,0.041,0.5,0.627,0.51,0.056,0.51,0.642,0.0,0.0,-1.33,-5.56,0.26,-0.54,0.0,0.0,0.0,0.0,0.0,0.0,0.0,1.0,0.0,-0.0,-0.0,-0.0,-0.0,0.0,0.0,0.0,0.0,0.0,0.0,0.0,0.0,161.0,97.0,170.0,170.0,55.0,24.0,128.0,19.0,15.0,0.0,0.0
24.783,35,88367.0,600.0,124.0,600.0,775.0,0.0,1.0,0.0,0.0,0.5,0.041,0.5,0.627,0.51,0.056,0.51,0.642,0.0,0.0,-1.33,-5.56,0.26,-0.54,0.0,0.0,0.0,0.0,0.0,0.0,0.0,1.0,0.0,-0.0,-0.0,-0.0,-0.1,0.0,0.0,0.0,0.0,0.0,0.0,0.0,0.0,161.0,97.0,170.0,170.0,55.0,24.0,128.0,19.0,15.0,0.0,1.0
24.881,99,88466.0,600.0,124.0,600.0,759.0,0.0,1.0,0.0,0.0,0.5,0.041,0.5,0.621,0.51,0.056,0.51,0.636,0.0,0.0,-1.33,-5.55,0.26,-0.54,0.0,0.0,0.0,0.0,0.0,0.0,0.0,1.0,0.0,-0.0,-0.0,-0.0,-0.0,0.0,0.0,0.0,0.0,0.0,0.0,0.0,0.0,161.0,97.0,170.0,170.0,55.0,24.0,128.0,19.0,15.0,0.0,0.0
24.912,52,88518.0,600.0,124.0,600.0,759.0,0.0,1.0,0.0,0.0,0.5,0.041,0.5,0.621,0.51,0.056,0.51,0.636,0.0,0.0,-1.33,-5.55,0.26,-0.54,0.0,0.0,0.0,0.0,0.0,0.0,0.0,1.0,0.0,-0.0,-0.0,-0.0,-0.0,0.0,0.0,0.0,0.0,0.0,0.0,0.0,0.0,161.0,97.0,170.0,170.0,55.0,24.0,128.0,19.0,15.0,0.0,1.0
24.977,53,88571.0,600.0,124.0,600.0,759.0,0.0,1.0,0.0,0.0,0.5,0.041,0.5,0.621,0.51,0.056,0.51,0.636,0.0,0.0,-1.33,-5.54,0.26,-0.54,0.0,0.0,0.0,0.0,0.0,0.0,0.0,1.0,0.0,-0.0,-0.0,-0.0,-0.0,0.0,0.0,0.0,0.0,0.0,0.0,0.0,0.0,161.0,97.0,170.0,170.0,55.0,24.0,128.0,19.0,15.0,0.0,0.0
25.043,52,88623.0,600.0,124.0,600.0,769.0,0.0,1.0,0.0,0.0,0.5,0.041,0.5,0.621,0.51,0.056,0.51,0.636,0.0,0.0,-1.33,-5.54,0.26,-0.54,0.0,0.0,0.0,0.0,0.0,0.0,0.0,1.0,0.0,-0.0,-0.0,-0.0,-0.0,0.0,0.0,0.0,0.0,0.0,0.0,0.0,0.0,161.0,97.0,170.0,170.0,55.0,24.0,128.0,19.0,15.0,0.0,0.0
25.076,53,88676.0,600.0,124.0,600.0,769.0,0.0,1.0,0.0,0.0,0.5,0.041,0.5,0.621,0.51,0.056,0.51,0.636,0.0,0.0,-1.33,-5.54,0.26,-0.54,0.0,0.0,0.0,0.0,0.0,0.0,0.0,1.0,0.0,-0.0,-0.0,-0.0,-0.0,0.0,0.0,0.0,0.0,0.0,0.0,0.0,0.0,161.0,97.0,170.0,170.0,55.0,24.0,128.0,19.0,15.0,0.0,0.0
25.143,53,88729.0,600.0,124.0,600.0,769.0,0.0,1.0,0.0,0.0,0.5,0.041,0.5,0.621,0.51,0.056,0.51,0.636,0.0,0.0,-1.33,-5.54,0.26,-0.54,0.0,0.0,0.0,0.0,0.0,0.0,0.0,1.0,0.0,-0.0,-0.0,-0.0,-0.0,0.0,0.0,0.0,0.0,0.0,0.0,0.0,0.0,161.0,97.0,170.0,170.0,55.0,24.0,128.0,19.0,15.0,0.0,0.0
25.175,36,88765.0,600.0,124.0,600.0,769.0,0.0,1.0,0.0,0.0,0.5,0.041,0.5,0.621,0.51,0.056,0.51,0.636,0.0,0.0,-1.33,-5.54,0.26,-0.54,0.0,0.0,0.0,0.0,0.0,0.0,0.0,1.0,0.0,-0.0,-0.0,-0.0,-0.0,0.0,0.0,0.0,0.0,0.0,0.0,0.0,0.0,161.0,97.0,170.0,170.0,55.0,24.0,128.0,19.0,15.0,0.0,0.0
25.273,98,88863.0,600.0,124.0,600.0,769.0,0.0,1.0,0.0,0.0,0.5,0.041,0.5,0.621,0.51,0.056,0.51,0.636,0.0,0.0,-1.33,-5.54,0.26,-0.54,0.0,0.0,0.0,0.0,0.0,0.0,0.0,1.0,0.0,-0.0,-0.0,-0.0,0.4,0.0,0.0,0.0,0.0,0.0,0.0,0.0,0.0,161.0,97.0,170.0,170.0,55.0,24.0,128.0,19.0,15.0,0.0,1.0
25.305,52,88915.0,600.0,123.0,600.0,769.0,0.0,1.0,0.0,0.0,0.5,0.041,0.5,0.621,0.51,0.056,0.51,0.636,0.0,0.0,-1.33,-5.54,0.26,-0.54,0.0,0.0,0.0,0.0,0.0,0.0,0.0,1.0,0.0,-0.0,-0.0,-0.0,0.3,0.0,0.0,0.0,0.0,0.0,0.0,0.0,0.0,161.0,97.0,170.0,170.0,55.0,24.0,128.0,19.0,15.0,0.0,0.0
25.37,53,88968.0,600.0,123.0,600.0,769.0,0.0,1.0,0.0,0.0,0.5,0.041,0.5,0.621,0.51,0.056,0.51,0.636,0.0,0.0,-1.33,-5.54,0.26,-0.54,0.0,0.0,0.0,0.0,0.0,0.0,0.0,1.0,0.0,-0.0,-0.0,-0.0,0.3,0.0,0.0,0.0,0.0,0.0,0.0,0.0,0.0,161.0,97.0,170.0,170.0,55.0,24.0,128.0,19.0,15.0,0.0,0.0
25.433,52,89020.0,600.0,123.0,600.0,726.0,0.0,1.0,0.0,0.0,0.5,0.041,0.5,0.607,0.51,0.055,0.51,0.624,0.0,0.0,-1.33,-5.54,0.26,-0.54,0.0,0.0,0.0,0.0,0.0,0.0,0.0,1.0,0.0,-0.0,-0.0,-0.0,0.3,0.0,0.0,0.0,0.0,0.0,0.0,0.0,0.0,161.0,97.0,170.0,170.0,55.0,24.0,128.0,19.0,15.0,0.0,0.0
25.465,53,89073.0,600.0,123.0,600.0,726.0,0.0,1.0,0.0,0.0,0.5,0.041,0.5,0.607,0.51,0.055,0.51,0.624,0.0,0.0,-1.33,-5.54,0.26,-0.54,0.0,0.0,0.0,0.0,0.0,0.0,0.0,1.0,0.0,0.0,-0.0,-0.0,0.2,0.0,0.0,0.0,0.0,0.0,0.0,0.0,0.0,161.0,97.0,170.0,170.0,55.0,24.0,128.0,19.0,15.0,0.0,0.0
25.531,53,89126.0,600.0,123.0,600.0,726.0,0.0,1.0,0.0,0.0,0.5,0.041,0.5,0.607,0.51,0.055,0.51,0.624,0.0,0.0,-1.33,-5.54,0.26,-0.54,0.0,0.0,0.0,0.0,0.0,0.0,0.0,1.0,0.0,-0.0,-0.0,-0.0,0.2,0.0,0.0,0.0,0.0,0.0,0.0,0.0,0.0,161.0,97.0,170.0,170.0,55.0,24.0,128.0,19.0,15.0,0.0,0.0
25.563,36,89162.0,600.0,123.0,600.0,726.0,0.0,1.0,0.0,0.0,0.5,0.041,0.5,0.607,0.51,0.055,0.51,0.624,0.0,0.0,-1.33,-5.54,0.26,-0.54,0.0,0.0,0.0,0.0,0.0,0.0,0.0,1.0,0.0,-0.0,-0.0,-0.0,0.2,0.0,0.0,0.0,0.0,0.0,0.0,0.0,0.0,161.0,97.0,170.0,170.0,55.0,24.0,128.0,19.0,15.0,0.0,1.0
25.665,100,89262.0,600.0,123.0,600.0,727.0,0.0,1.0,0.0,0.0,0.5,0.04,0.5,0.6,0.509,0.055,0.509,0.616,0.0,0.0,-1.33,-5.54,0.26,-0.54,0.0,0.0,0.0,0.0,0.0,0.0,0.0,1.0,0.0,-0.0,-0.0,-0.0,0.2,0.0,0.0,0.0,0.0,0.0,0.0,0.0,0.0,161.0,97.0,170.0,170.0,55.0,24.0,128.0,19.0,15.0,0.0,0.0
25.732,52,89314.0,600.0,124.0,600.0,727.0,0.0,1.0,0.0,0.0,0.5,0.04,0.5,0.6,0.509,0.055,0.509,0.616,0.0,0.0,-1.33,-5.54,0.26,-0.54,0.0,0.0,0.0,0.0,0.0,0.0,0.0,1.0,0.0,-0.0,-0.0,-0.0,0.2,0.0,0.0,0.0,0.0,0.0,0.0,0.0,0.0,161.0,97.0,170.0,170.0,55.0,24.0,128.0,19.0,15.0,0.0,0.0
25.764,53,89367.0,600.0,124.0,600.0,727.0,0.0,1.0,0.0,0.0,0.5,0.04,0.5,0.6,0.509,0.055,0.509,0.616,0.0,0.0,-1.33,-5.54,0.26,-0.54,0.0,0.0,0.0,0.0,0.0,0.0,0.0,1.0,0.0,-0.0,-0.0,-0.0,0.1,0.0,0.0,0.0,0.0,0.0,0.0,0.0,0.0,161.0,97.0,170.0,170.0,55.0,24.0,128.0,19.0,15.0,0.0,0.0
25.83,52,89419.0,600.0,124.0,600.0,733.0,0.0,1.0,0.0,0.0,0.5,0.041,0.5,0.599,0.509,0.055,0.509,0.614,0.0,0.0,-1.33,-5.54,0.26,-0.54,0.0,0.0,0.0,0.0,0.0,0.0,0.0,1.0,0.0,-0.0,-0.0,-0.0,0.1,0.0,0.0,0.0,0.0,0.0,0.0,0.0,0.0,161.0,97.0,170.0,170.0,55.0,24.0,128.0,19.0,15.0,0.0,0.0
25.896,54,89473.0,600.0,124.0,600.0,733.0,0.0,1.0,0.0,0.0,0.5,0.041,0.5,0.599,0.509,0.055,0.509,0.614,0.0,0.0,-1.33,-5.54,0.26,-0.54,0.0,0.0,0.0,0.0,0.0,0.0,0.0,1.0,0.0,-0.0,-0.0,-0.0,0.1,0.0,0.0,0.0,0.0,0.0,0.0,0.0,0.0,161.0,97.0,170.0,170.0,55.0,24.0,128.0,19.0,15.0,0.0,0.0
25.929,52,89525.0,600.0,124.0,600.0,733.0,0.0,1.0,0.0,0.0,0.5,0.041,0.5,0.599,0.509,0.055,0.509,0.614,0.0,0.0,-1.33,-5.54,0.26,-0.54,0.0,0.0,0.0,0.0,0.0,0.0,0.0,1.0,0.0,-0.0,-0.0,-0.0,0.1,0.0,0.0,0.0,0.0,0.0,0.0,0.0,0.0,161.0,97.0,170.0,170.0,55.0,24.0,128.0,19.0,15.0,0.0,1.0
25.962,36,89561.0,600.0,124.0,600.0,733.0,0.0,1.0,0.0,0.0,0.5,0.041,0.5,0.599,0.509,0.055,0.509,0.614,0.0,0.0,-1.33,-5.54,0.26,-0.54,0.0,0.0,0.0,0.0,0.0,0.0,0.0,1.0,0.0,-0.0,-0.0,-0.0,0.1,0.0,0.0,0.0,0.0,0.0,0.0,0.0,0.0,161.0,97.0,170.0,170.0,55.0,24.0,128.0,19.0,15.0,0.0,1.0
26.059,98,89659.0,600.0,124.0,600.0,719.0,0.0,1.0,0.0,0.0,0.5,0.041,0.5,0.594,0.509,0.055,0.509,0.61,0.0,0.0,-1.33,-5.54,0.26,-0.54,0.0,0.0,0.0,0.0,0.0,0.0,0.0,1.0,0.0,-0.0,-0.0,-0.0,0.1,0.0,0.0,0.0,0.0,0.0,0.0,0.0,0.0,161.0,97.0,170.0,170.0,55.0,24.0,128.0,19.0,15.0,0.0,0.0
26.125,53,89712.0,600.0,123.0,600.0,719.0,0.0,1.0,0.0,0.0,0.5,0.041,0.5,0.594,0.509,0.055,0.509,0.61,0.0,0.0,-1.34,-5.54,0.26,-0.54,0.0,0.0,0.0,0.0,0.0,0.0,0.0,1.0,0.0,-0.0,-0.0,-0.0,0.1,0.0,0.0,0.0,0.0,0.0,0.0,0.0,0.0,161.0,97.0,170.0,170.0,55.0,24.0,128.0,19.0,15.0,0.0,0.0
26.158,34,89746.0,600.0,123.0,600.0,719.0,0.0,1.0,0.0,0.0,0.5,0.041,0.5,0.594,0.509,0.055,0.509,0.61,0.0,0.0,-1.34,-5.54,0.26,-0.54,0.0,0.0,0.0,0.0,0.0,0.0,0.0,1.0,0.0,-0.0,-0.0,-0.0,0.0,0.0,0.0,0.0,0.0,0.0,0.0,0.0,0.0,161.0,97.0,170.0,170.0,55.0,24.0,128.0,19.0,15.0,0.0,1.0
26.255,97,89843.0,600.0,123.0,600.0,764.0,0.0,1.0,0.0,0.0,0.5,0.041,0.5,0.607,0.509,0.055,0.509,0.62,0.0,0.0,-1.33,-5.54,0.26,-0.54,0.0,0.0,0.0,0.0,0.0,0.0,0.0,1.0,0.0,-0.0,-0.0,-0.0,0.0,0.0,0.0,0.0,0.0,0.0,0.0,0.0,0.0,161.0,97.0,170.0,170.0,55.0,24.0,128.0,19.0,15.0,0.0,0.0
26.286,53,89896.0,600.0,124.0,600.0,764.0,0.0,1.0,0.0,0.0,0.5,0.041,0.5,0.607,0.509,0.055,0.509,0.62,0.0,0.0,-1.33,-5.54,0.26,-0.54,0.0,0.0,0.0,0.0,0.0,0.0,0.0,1.0,0.0,-0.0,-0.0,-0.0,0.0,0.0,0.0,0.0,0.0,0.0,0.0,0.0,0.0,161.0,97.0,170.0,170.0,55.0,24.0,128.0,19.0,15.0,0.0,0.0
26.349,52,89948.0,600.0,124.0,600.0,764.0,0.0,1.0,0.0,0.0,0.5,0.041,0.5,0.607,0.509,0.055,0.509,0.62,0.0,0.0,-1.33,-5.54,0.26,-0.54,0.0,0.0,0.0,0.0,0.0,0.0,0.0,1.0,0.0,-0.0,-0.0,-0.0,0.0,0.0,0.0,0.0,0.0,0.0,0.0,0.0,0.0,161.0,97.0,170.0,170.0,55.0,24.0,128.0,19.0,15.0,0.0,0.0
26.414,54,90002.0,600.0,124.0,600.0,805.0,0.0,1.0,0.0,0.0,0.5,0.041,0.5,0.626,0.51,0.055,0.51,0.638,0.0,0.0,-1.33,-5.54,0.26,-0.54,0.0,0.0,0.0,0.0,0.0,0.0,0.0,1.0,0.0,-0.0,-0.0,-0.0,0.0,0.0,0.0,0.0,0.0,0.0,0.0,0.0,0.0,161.0,97.0,170.0,170.0,55.0,24.0,128.0,19.0,15.0,0.0,0.0
26.455,53,90055.0,600.0,124.0,600.0,805.0,0.0,1.0,0.0,0.0,0.5,0.041,0.5,0.626,0.51,0.055,0.51,0.638,0.0,0.0,-1.33,-5.54,0.26,-0.54,0.0,0.0,0.0,0.0,0.0,0.0,0.0,1.0,0.0,-0.0,-0.0,-0.0,-0.0,0.0,0.0,0.0,0.0,0.0,0.0,0.0,0.0,161.0,97.0,170.0,170.0,55.0,24.0,128.0,19.0,15.0,0.0,0.0
26.52,53,90108.0,600.0,123.0,600.0,805.0,0.0,1.0,0.0,0.0,0.5,0.041,0.5,0.626,0.51,0.055,0.51,0.638,0.0,0.0,-1.33,-5.54,0.26,-0.54,0.0,0.0,0.0,0.0,0.0,0.0,0.0,1.0,0.0,-0.0,-0.0,-0.0,0.0,0.0,0.0,0.0,0.0,0.0,0.0,0.0,0.0,161.0,97.0,170.0,170.0,55.0,24.0,128.0,19.0,15.0,0.0,0.0
26.552,52,90160.0,600.0,123.0,600.0,805.0,0.0,1.0,0.0,0.0,0.5,0.041,0.5,0.626,0.51,0.055,0.51,0.638,0.0,0.0,-1.33,-5.54,0.26,-0.54,0.0,0.0,0.0,0.0,0.0,0.0,0.0,1.0,0.0,-0.0,-0.0,-0.0,0.0,0.0,0.0,0.0,0.0,0.0,0.0,0.0,0.0,161.0,97.0,170.0,170.0,55.0,24.0,128.0,19.0,15.0,0.0,1.0
26.617,53,90213.0,600.0,123.0,600.0,760.0,0.0,1.0,0.0,0.0,0.5,0.041,0.5,0.621,0.51,0.055,0.51,0.636,0.0,0.0,-1.33,-5.54,0.26,-0.54,0.0,0.0,0.0,0.0,0.0,0.0,0.0,1.0,0.0,-0.0,-0.0,-0.0,0.0,0.0,0.0,0.0,0.0,0.0,0.0,0.0,0.0,161.0,97.0,170.0,170.0,55.0,24.0,128.0,19.0,15.0,0.0,0.0
26.688,53,90266.0,600.0,123.0,600.0,760.0,0.0,1.0,0.0,0.0,0.5,0.041,0.5,0.621,0.51,0.055,0.51,0.636,0.0,0.0,-1.33,-5.54,0.26,-0.54,0.0,0.0,0.0,0.0,0.0,0.0,0.0,1.0,0.0,-0.0,-0.0,-0.0,0.0,0.0,0.0,0.0,0.0,0.0,0.0,0.0,0.0,161.0,97.0,170.0,170.0,55.0,24.0,128.0,19.0,15.0,0.0,0.0
26.72,52,90318.0,600.0,122.0,600.0,760.0,0.0,1.0,0.0,0.0,0.5,0.041,0.5,0.621,0.51,0.055,0.51,0.636,0.0,0.0,-1.33,-5.54,0.26,-0.54,0.0,0.0,0.0,0.0,0.0,0.0,0.0,1.0,0.0,-0.0,-0.0,-0.0,0.0,0.0,0.0,0.0,0.0,0.0,0.0,0.0,0.0,161.0,97.0,170.0,170.0,55.0,24.0,128.0,19.0,15.0,0.0,0.0
26.752,35,90353.0,600.0,122.0,600.0,760.0,0.0,1.0,0.0,0.0,0.5,0.041,0.5,0.621,0.51,0.055,0.51,0.636,0.0,0.0,-1.33,-5.54,0.26,-0.54,0.0,0.0,0.0,0.0,0.0,0.0,0.0,1.0,0.0,-0.0,-0.0,-0.0,0.0,0.0,0.0,0.0,0.0,0.0,0.0,0.0,0.0,161.0,97.0,170.0,170.0,55.0,24.0,128.0,19.0,15.0,0.0,1.0
26.853,100,90453.0,600.0,122.0,600.0,776.0,0.0,1.0,0.0,0.0,0.5,0.04,0.5,0.623,0.51,0.055,0.51,0.638,0.0,0.0,-1.33,-5.54,0.26,-0.54,0.0,0.0,0.0,0.0,0.0,0.0,0.0,1.0,0.0,-0.0,-0.0,-0.0,0.0,0.0,0.0,0.0,0.0,0.0,0.0,0.0,0.0,161.0,97.0,170.0,170.0,55.0,24.0,128.0,19.0,15.0,0.0,0.0
26.918,54,90507.0,600.0,123.0,600.0,776.0,0.0,1.0,0.0,0.0,0.5,0.04,0.5,0.623,0.51,0.055,0.51,0.638,0.0,0.0,-1.33,-5.53,0.26,-0.54,0.0,0.0,0.0,0.0,0.0,0.0,0.0,1.0,0.0,-0.0,-0.0,-0.0,0.0,0.0,0.0,0.0,0.0,0.0,0.0,0.0,0.0,161.0,97.0,170.0,170.0,55.0,24.0,128.0,19.0,15.0,0.0,0.0
26.951,52,90559.0,600.0,123.0,600.0,776.0,0.0,1.0,0.0,0.0,0.5,0.04,0.5,0.623,0.51,0.055,0.51,0.638,0.0,0.0,-1.33,-5.53,0.26,-0.54,0.0,0.0,0.0,0.0,0.0,0.0,0.0,1.0,0.0,-0.0,-0.0,-0.0,0.0,0.0,0.0,0.0,0.0,0.0,0.0,0.0,0.0,161.0,97.0,170.0,170.0,55.0,24.0,128.0,19.0,15.0,0.0,1.0
27.016,53,90612.0,600.0,123.0,600.0,737.0,0.0,1.0,0.0,0.0,0.5,0.04,0.5,0.612,0.51,0.055,0.51,0.628,0.0,0.0,-1.33,-5.53,0.26,-0.54,0.0,0.0,0.0,0.0,0.0,0.0,0.0,1.0,0.0,-0.0,-0.0,-0.0,0.0,0.0,0.0,0.0,0.0,0.0,0.0,0.0,0.0,161.0,97.0,170.0,170.0,55.0,24.0,128.0,19.0,15.0,0.0,0.0
27.09,53,90665.0,600.0,123.0,600.0,737.0,0.0,1.0,0.0,0.0,0.5,0.04,0.5,0.612,0.51,0.055,0.51,0.628,0.0,0.0,-1.33,-5.52,0.26,-0.54,0.0,0.0,0.0,0.0,0.0,0.0,0.0,1.0,0.0,-0.0,-0.0,-0.0,0.0,0.0,0.0,0.0,0.0,0.0,0.0,0.0,0.0,161.0,97.0,170.0,170.0,55.0,24.0,128.0,19.0,15.0,0.0,0.0
27.123,53,90718.0,600.0,123.0,600.0,737.0,0.0,1.0,0.0,0.0,0.5,0.04,0.5,0.612,0.51,0.055,0.51,0.628,0.0,0.0,-1.33,-5.52,0.26,-0.54,0.0,0.0,0.0,0.0,0.0,0.0,0.0,1.0,0.0,-0.0,-0.0,-0.0,0.0,0.0,0.0,0.0,0.0,0.0,0.0,0.0,0.0,161.0,97.0,170.0,170.0,55.0,24.0,128.0,19.0,15.0,0.0,0.0
27.155,34,90752.0,600.0,123.0,600.0,737.0,0.0,1.0,0.0,0.0,0.5,0.04,0.5,0.612,0.51,0.055,0.51,0.628,0.0,0.0,-1.33,-5.52,0.26,-0.54,0.0,0.0,0.0,0.0,0.0,0.0,0.0,1.0,0.0,-0.0,-0.0,-0.0,0.0,0.0,0.0,0.0,0.0,0.0,0.0,0.0,0.0,161.0,97.0,170.0,170.0,55.0,24.0,128.0,19.0,15.0,0.0,1.0
27.254,100,90852.0,600.0,123.0,600.0,741.0,0.0,1.0,0.0,0.0,0.5,0.04,0.5,0.607,0.51,0.055,0.51,0.623,0.0,0.0,-1.33,-5.52,0.26,-0.54,0.0,0.0,0.0,0.0,0.0,0.0,0.0,1.0,0.0,-0.0,-0.0,-0.0,0.0,0.0,0.0,0.0,0.0,0.0,0.0,0.0,0.0,161.0,97.0,170.0,170.0,55.0,24.0,128.0,19.0,15.0,0.0,0.0
27.32,55,90907.0,600.0,123.0,600.0,741.0,0.0,1.0,0.0,0.0,0.5,0.04,0.5,0.607,0.51,0.055,0.51,0.623,0.0,0.0,-1.33,-5.52,0.26,-0.54,0.0,0.0,0.0,0.0,0.0,0.0,0.0,1.0,0.0,-0.0,-0.0,-0.0,0.0,0.0,0.0,0.0,0.0,0.0,0.0,0.0,0.0,161.0,97.0,170.0,170.0,55.0,24.0,128.0,19.0,15.0,0.0,0.0
27.352,34,90941.0,600.0,123.0,600.0,741.0,0.0,1.0,0.0,0.0,0.5,0.04,0.5,0.607,0.51,0.055,0.51,0.623,0.0,0.0,-1.33,-5.52,0.26,-0.54,0.0,0.0,0.0,0.0,0.0,0.0,0.0,1.0,0.0,-0.0,-0.0,-0.0,0.0,0.0,0.0,0.0,0.0,0.0,0.0,0.0,0.0,161.0,97.0,170.0,170.0,55.0,24.0,128.0,19.0,15.0,0.0,1.0
27.45,98,91039.0,600.0,123.0,600.0,750.0,0.0,1.0,0.0,0.0,0.5,0.04,0.5,0.609,0.51,0.055,0.51,0.623,0.0,0.0,-1.33,-5.52,0.26,-0.54,0.0,0.0,0.0,0.0,0.0,0.0,0.0,1.0,0.0,-0.0,-0.0,-0.0,0.0,0.0,0.0,0.0,0.0,0.0,0.0,0.0,0.0,161.0,97.0,170.0,170.0,55.0,24.0,128.0,19.0,15.0,0.0,1.0
27.482,51,91090.0,600.0,122.0,600.0,750.0,0.0,1.0,0.0,0.0,0.5,0.04,0.5,0.609,0.51,0.055,0.51,0.623,0.0,0.0,-1.33,-5.52,0.26,-0.54,0.0,0.0,0.0,0.0,0.0,0.0,0.0,1.0,0.0,-0.0,-0.0,-0.0,0.0,0.0,0.0,0.0,0.0,0.0,0.0,0.0,0.0,161.0,97.0,170.0,170.0,55.0,24.0,128.0,19.0,15.0,0.0,1.0
27.545,53,91143.0,600.0,122.0,600.0,750.0,0.0,1.0,0.0,0.0,0.5,0.04,0.5,0.609,0.51,0.055,0.51,0.623,0.0,0.0,-1.33,-5.52,0.26,-0.54,0.0,0.0,0.0,0.0,0.0,0.0,0.0,1.0,0.0,-0.0,-0.0,-0.0,0.0,0.0,0.0,0.0,0.0,0.0,0.0,0.0,0.0,161.0,97.0,170.0,170.0,55.0,24.0,128.0,19.0,15.0,0.0,0.0
27.61,52,91195.0,600.0,122.0,600.0,750.0,0.0,1.0,0.0,0.0,0.5,0.04,0.5,0.609,0.51,0.055,0.51,0.624,0.0,0.0,-1.33,-5.51,0.26,-0.54,0.0,0.0,0.0,0.0,0.0,0.0,0.0,1.0,0.0,-0.0,-0.0,-0.0,0.0,0.0,0.0,0.0,0.0,0.0,0.0,0.0,0.0,161.0,97.0,170.0,170.0,55.0,24.0,128.0,19.0,15.0,0.0,0.0
27.648,53,91248.0,600.0,122.0,600.0,750.0,0.0,1.0,0.0,0.0,0.5,0.04,0.5,0.609,0.51,0.055,0.51,0.624,0.0,0.0,-1.33,-5.51,0.26,-0.54,0.0,0.0,0.0,0.0,0.0,0.0,0.0,1.0,0.0,-0.0,-0.0,-0.0,0.0,0.0,0.0,0.0,0.0,0.0,0.0,0.0,0.0,161.0,97.0,170.0,170.0,55.0,24.0,128.0,19.0,15.0,0.0,0.0
27.714,54,91302.0,600.0,123.0,600.0,750.0,0.0,1.0,0.0,0.0,0.5,0.04,0.5,0.609,0.51,0.055,0.51,0.624,0.0,0.0,-1.33,-5.51,0.26,-0.54,0.0,0.0,0.0,0.0,0.0,0.0,0.0,1.0,0.0,-0.0,-0.0,-0.0,0.0,0.0,0.0,0.0,0.0,0.0,0.0,0.0,0.0,161.0,97.0,170.0,170.0,55.0,24.0,128.0,19.0,15.0,0.0,0.0
27.747,35,91337.0,600.0,123.0,600.0,750.0,0.0,1.0,0.0,0.0,0.5,0.04,0.5,0.609,0.51,0.055,0.51,0.624,0.0,0.0,-1.33,-5.51,0.26,-0.54,0.0,0.0,0.0,0.0,0.0,0.0,0.0,1.0,0.0,-0.0,-0.0,-0.0,0.0,0.0,0.0,0.0,0.0,0.0,0.0,0.0,0.0,161.0,97.0,170.0,170.0,55.0,24.0,128.0,19.0,15.0,0.0,1.0
27.844,98,91435.0,600.0,123.0,600.0,699.0,0.0,1.0,0.0,0.0,0.5,0.04,0.5,0.591,0.509,0.055,0.509,0.609,0.0,0.0,-1.33,-5.52,0.26,-0.54,0.0,0.0,0.0,0.0,0.0,0.0,0.0,1.0,0.0,-0.0,-0.0,-0.0,0.0,0.0,0.0,0.0,0.0,0.0,0.0,0.0,0.0,161.0,97.0,170.0,170.0,55.0,24.0,128.0,19.0,15.0,0.0,0.0
27.877,52,91487.0,600.0,123.0,600.0,699.0,0.0,1.0,0.0,0.0,0.5,0.04,0.5,0.591,0.509,0.055,0.509,0.609,0.0,0.0,-1.33,-5.52,0.26,-0.54,0.0,0.0,0.0,0.0,0.0,0.0,0.0,1.0,0.0,-0.0,-0.0,-0.0,0.0,0.0,0.0,0.0,0.0,0.0,0.0,0.0,0.0,161.0,97.0,170.0,170.0,55.0,24.0,128.0,19.0,15.0,0.0,0.0
27.909,35,91522.0,600.0,123.0,600.0,699.0,0.0,1.0,0.0,0.0,0.5,0.04,0.5,0.591,0.509,0.055,0.509,0.609,0.0,0.0,-1.33,-5.52,0.26,-0.54,0.0,0.0,0.0,0.0,0.0,0.0,0.0,1.0,0.0,-0.0,-0.0,-0.0,0.0,0.0,0.0,0.0,0.0,0.0,0.0,0.0,0.0,161.0,97.0,170.0,170.0,55.0,24.0,128.0,19.0,15.0,0.0,1.0
28.037,102,91624.0,600.0,123.0,600.0,751.0,0.0,1.0,0.0,0.0,0.5,0.04,0.5,0.602,0.509,0.055,0.509,0.615,0.0,0.0,-1.33,-5.51,0.26,-0.54,0.0,0.0,0.0,0.0,0.0,0.0,0.0,1.0,0.0,-0.0,-0.0,-0.0,0.0,0.0,0.0,0.0,0.0,0.0,0.0,0.0,0.0,161.0,97.0,170.0,170.0,55.0,24.0,128.0,19.0,15.0,0.0,1.0
28.07,51,91675.0,600.0,123.0,600.0,751.0,0.0,1.0,0.0,0.0,0.5,0.04,0.5,0.602,0.509,0.055,0.509,0.615,0.0,0.0,-1.33,-5.51,0.26,-0.54,0.0,0.0,0.0,0.0,0.0,0.0,0.0,1.0,0.0,-0.0,-0.0,-0.0,0.0,0.0,0.0,0.0,0.0,0.0,0.0,0.0,0.0,161.0,97.0,170.0,170.0,55.0,24.0,128.0,19.0,15.0,0.0,0.0
28.103,37,91712.0,600.0,123.0,600.0,751.0,0.0,1.0,0.0,0.0,0.5,0.04,0.5,0.602,0.509,0.055,0.509,0.615,0.0,0.0,-1.33,-5.51,0.26,-0.54,0.0,0.0,0.0,0.0,0.0,0.0,0.0,1.0,0.0,-0.0,-0.0,-0.0,0.0,0.0,0.0,0.0,0.0,0.0,0.0,0.0,0.0,161.0,97.0,170.0,170.0,55.0,24.0,128.0,19.0,15.0,0.0,1.0
28.23,100,91812.0,600.0,123.0,600.0,751.0,0.0,1.0,0.0,0.0,0.5,0.04,0.5,0.607,0.509,0.055,0.509,0.62,0.0,0.0,-1.33,-5.51,0.26,-0.54,0.0,0.0,0.0,0.0,0.0,0.0,0.0,1.0,0.0,-0.0,-0.0,-0.0,0.0,0.0,0.0,0.0,0.0,0.0,0.0,0.0,0.0,161.0,97.0,170.0,170.0,55.0,24.0,128.0,19.0,15.0,0.0,0.0
28.264,53,91865.0,600.0,123.0,600.0,751.0,0.0,1.0,0.0,0.0,0.5,0.04,0.5,0.607,0.509,0.055,0.509,0.62,0.0,0.0,-1.33,-5.51,0.26,-0.54,0.0,0.0,0.0,0.0,0.0,0.0,0.0,1.0,0.0,-0.0,-0.0,-0.0,0.0,0.0,0.0,0.0,0.0,0.0,0.0,0.0,0.0,161.0,97.0,170.0,170.0,55.0,24.0,128.0,19.0,15.0,0.0,0.0
28.295,34,91899.0,600.0,123.0,600.0,751.0,0.0,1.0,0.0,0.0,0.5,0.04,0.5,0.607,0.509,0.055,0.509,0.62,0.0,0.0,-1.33,-5.51,0.26,-0.54,0.0,0.0,0.0,0.0,0.0,0.0,0.0,1.0,0.0,-0.0,-0.0,-0.0,0.0,0.0,0.0,0.0,0.0,0.0,0.0,0.0,0.0,161.0,97.0,170.0,170.0,55.0,24.0,128.0,19.0,15.0,0.0,1.0
28.39,96,91995.0,600.0,123.0,600.0,747.0,0.0,1.0,0.0,0.0,0.5,0.04,0.5,0.607,0.509,0.055,0.509,0.622,0.0,0.0,-1.33,-5.51,0.26,-0.54,0.0,0.0,0.0,0.0,0.0,0.0,0.0,1.0,0.0,-0.0,-0.0,-0.0,0.0,0.0,0.0,0.0,0.0,0.0,0.0,0.0,0.0,161.0,97.0,170.0,170.0,55.0,24.0,128.0,19.0,15.0,0.0,0.0
28.463,53,92048.0,600.0,124.0,600.0,747.0,0.0,1.0,0.0,0.0,0.5,0.04,0.5,0.607,0.509,0.055,0.509,0.622,0.0,0.0,-1.33,-5.51,0.26,-0.54,0.0,0.0,0.0,0.0,0.0,0.0,0.0,1.0,0.0,-0.0,-0.0,-0.0,0.0,0.0,0.0,0.0,0.0,0.0,0.0,0.0,0.0,161.0,97.0,170.0,170.0,55.0,24.0,128.0,19.0,15.0,0.0,0.0
28.495,34,92082.0,600.0,124.0,600.0,747.0,0.0,1.0,0.0,0.0,0.5,0.04,0.5,0.607,0.509,0.055,0.509,0.622,0.0,0.0,-1.33,-5.51,0.26,-0.54,0.0,0.0,0.0,0.0,0.0,0.0,0.0,1.0,0.0,-0.0,-0.0,-0.0,0.0,0.0,0.0,0.0,0.0,0.0,0.0,0.0,0.0,161.0,97.0,170.0,170.0,55.0,24.0,128.0,19.0,15.0,0.0,1.0
28.59,98,92180.0,600.0,124.0,600.0,793.0,0.0,1.0,0.0,0.0,0.5,0.041,0.5,0.623,0.51,0.055,0.51,0.635,0.0,0.0,-1.33,-5.51,0.26,-0.54,0.0,0.0,0.0,0.0,0.0,0.0,0.0,1.0,0.0,-0.0,-0.0,-0.0,0.0,0.0,0.0,0.0,0.0,0.0,0.0,0.0,0.0,161.0,97.0,170.0,170.0,55.0,24.0,128.0,19.0,15.0,0.0,0.0
28.623,53,92233.0,600.0,125.0,600.0,793.0,0.0,1.0,0.0,0.0,0.5,0.041,0.5,0.623,0.51,0.055,0.51,0.635,0.0,0.0,-1.33,-5.51,0.26,-0.54,0.0,0.0,0.0,0.0,0.0,0.0,0.0,1.0,0.0,-0.0,-0.0,-0.0,0.0,0.0,0.0,0.0,0.0,0.0,0.0,0.0,0.0,161.0,97.0,170.0,170.0,55.0,24.0,128.0,19.0,15.0,0.0,0.0
28.697,34,92267.0,600.0,125.0,600.0,793.0,0.0,1.0,0.0,0.0,0.5,0.041,0.5,0.623,0.51,0.055,0.51,0.635,0.0,0.0,-1.33,-5.5,0.26,-0.54,0.0,0.0,0.0,0.0,0.0,0.0,0.0,1.0,0.0,-0.0,-0.0,-0.0,0.0,0.0,0.0,0.0,0.0,0.0,0.0,0.0,0.0,161.0,97.0,170.0,170.0,55.0,24.0,128.0,19.0,15.0,0.0,1.0
28.761,98,92365.0,600.0,125.0,600.0,793.0,0.0,1.0,0.0,0.0,0.5,0.041,0.5,0.63,0.51,0.056,0.51,0.643,0.0,0.0,-1.33,-5.5,0.26,-0.54,0.0,0.0,0.0,0.0,0.0,0.0,0.0,1.0,0.0,-0.0,-0.0,-0.0,0.0,0.0,0.0,0.0,0.0,0.0,0.0,0.0,0.0,161.0,97.0,170.0,170.0,55.0,24.0,128.0,19.0,15.0,0.0,0.0
28.826,52,92417.0,600.0,125.0,600.0,793.0,0.0,1.0,0.0,0.0,0.5,0.041,0.5,0.63,0.51,0.056,0.51,0.643,0.0,0.0,-1.33,-5.5,0.26,-0.54,0.0,0.0,0.0,0.0,0.0,0.0,0.0,1.0,0.0,-0.0,-0.0,-0.0,0.0,0.0,0.0,0.0,0.0,0.0,0.0,0.0,0.0,161.0,97.0,170.0,170.0,55.0,24.0,128.0,19.0,15.0,0.0,0.0
28.859,53,92470.0,600.0,125.0,600.0,793.0,0.0,1.0,0.0,0.0,0.5,0.041,0.5,0.63,0.51,0.056,0.51,0.643,0.0,0.0,-1.33,-5.5,0.26,-0.54,0.0,0.0,0.0,0.0,0.0,0.0,0.0,1.0,0.0,-0.0,-0.0,-0.0,0.0,0.0,0.0,0.0,0.0,0.0,0.0,0.0,0.0,161.0,97.0,170.0,170.0,55.0,24.0,128.0,19.0,15.0,0.0,0.0
28.924,52,92522.0,600.0,125.0,600.0,781.0,0.0,1.0,0.0,0.0,0.5,0.041,0.5,0.629,0.51,0.056,0.51,0.644,0.0,0.0,-1.33,-5.51,0.26,-0.54,0.0,0.0,0.0,0.0,0.0,0.0,0.0,1.0,0.0,-0.0,-0.0,-0.0,0.0,0.0,0.0,0.0,0.0,0.0,0.0,0.0,0.0,161.0,97.0,170.0,170.0,55.0,24.0,128.0,19.0,15.0,0.0,1.0
28.989,54,92576.0,600.0,125.0,600.0,781.0,0.0,1.0,0.0,0.0,0.5,0.041,0.5,0.629,0.51,0.056,0.51,0.644,0.0,0.0,-1.33,-5.51,0.26,-0.54,0.0,0.0,0.0,0.0,0.0,0.0,0.0,1.0,0.0,-0.0,-0.0,-0.0,0.0,0.0,0.0,0.0,0.0,0.0,0.0,0.0,0.0,161.0,97.0,170.0,170.0,55.0,24.0,128.0,19.0,15.0,0.0,1.0
29.02,53,92629.0,600.0,125.0,600.0,781.0,0.0,1.0,0.0,0.0,0.5,0.041,0.5,0.629,0.51,0.056,0.51,0.644,0.0,0.0,-1.33,-5.52,0.26,-0.54,0.0,0.0,0.0,0.0,0.0,0.0,0.0,1.0,0.0,-0.0,-0.0,-0.0,0.0,0.0,0.0,0.0,0.0,0.0,0.0,0.0,0.0,161.0,97.0,170.0,170.0,55.0,24.0,128.0,19.0,15.0,0.0,0.0
29.089,35,92664.0,600.0,125.0,600.0,781.0,0.0,1.0,0.0,0.0,0.5,0.041,0.5,0.629,0.51,0.056,0.51,0.644,0.0,0.0,-1.33,-5.52,0.26,-0.54,0.0,0.0,0.0,0.0,0.0,0.0,0.0,1.0,0.0,-0.0,-0.0,-0.0,0.0,0.0,0.0,0.0,0.0,0.0,0.0,0.0,0.0,161.0,97.0,170.0,170.0,55.0,24.0,128.0,19.0,15.0,0.0,1.0
29.173,100,92764.0,600.0,125.0,600.0,732.0,0.0,1.0,0.0,0.0,0.5,0.041,0.5,0.613,0.51,0.056,0.51,0.63,0.0,0.0,-1.33,-5.52,0.26,-0.54,0.0,0.0,0.0,0.0,0.0,0.0,0.0,1.0,0.0,-0.0,-0.0,-0.0,0.0,0.0,0.0,0.0,0.0,0.0,0.0,0.0,0.0,161.0,97.0,170.0,170.0,55.0,24.0,128.0,19.0,15.0,0.0,0.0
29.205,53,92817.0,600.0,125.0,600.0,732.0,0.0,1.0,0.0,0.0,0.5,0.041,0.5,0.613,0.51,0.056,0.51,0.63,0.0,0.0,-1.33,-5.53,0.26,-0.54,0.0,0.0,0.0,0.0,0.0,0.0,0.0,1.0,0.0,-0.0,-0.0,-0.0,0.0,0.0,0.0,0.0,0.0,0.0,0.0,0.0,0.0,161.0,97.0,170.0,170.0,55.0,24.0,128.0,19.0,15.0,0.0,0.0
29.269,35,92852.0,600.0,125.0,600.0,732.0,0.0,1.0,0.0,0.0,0.5,0.041,0.5,0.613,0.51,0.056,0.51,0.63,0.0,0.0,-1.33,-5.53,0.26,-0.54,0.0,0.0,0.0,0.0,0.0,0.0,0.0,1.0,0.0,-0.0,-0.0,-0.0,0.0,0.0,0.0,0.0,0.0,0.0,0.0,0.0,0.0,161.0,97.0,170.0,170.0,55.0,24.0,128.0,19.0,15.0,0.0,1.0
29.367,99,92951.0,600.0,125.0,600.0,737.0,0.0,1.0,0.0,0.0,0.5,0.041,0.5,0.607,0.51,0.056,0.51,0.622,0.0,0.0,-1.33,-5.54,0.26,-0.54,0.0,0.0,0.0,0.0,0.0,0.0,0.0,1.0,0.0,-0.0,-0.0,-0.0,0.0,0.0,0.0,0.0,0.0,0.0,0.0,0.0,0.0,161.0,97.0,170.0,170.0,55.0,24.0,128.0,19.0,15.0,0.0,1.0
29.399,54,93005.0,600.0,125.0,600.0,737.0,0.0,1.0,0.0,0.0,0.5,0.041,0.5,0.607,0.51,0.056,0.51,0.622,0.0,0.0,-1.33,-5.54,0.26,-0.54,0.0,0.0,0.0,0.0,0.0,0.0,0.0,1.0,0.0,-0.0,-0.0,-0.0,0.0,0.0,0.0,0.0,0.0,0.0,0.0,0.0,0.0,161.0,97.0,170.0,170.0,55.0,24.0,128.0,19.0,15.0,0.0,0.0
29.466,53,93058.0,600.0,125.0,600.0,737.0,0.0,1.0,0.0,0.0,0.5,0.041,0.5,0.607,0.51,0.056,0.51,0.622,0.0,0.0,-1.33,-5.54,0.26,-0.54,0.0,0.0,0.0,0.0,0.0,0.0,0.0,1.0,0.0,-0.0,-0.0,-0.0,0.0,0.0,0.0,0.0,0.0,0.0,0.0,0.0,0.0,161.0,97.0,170.0,170.0,55.0,24.0,128.0,19.0,15.0,0.0,0.0
29.5,52,93110.0,600.0,125.0,600.0,728.0,0.0,1.0,0.0,0.0,0.5,0.042,0.5,0.601,0.509,0.056,0.509,0.616,0.0,0.0,-1.33,-5.54,0.26,-0.54,0.0,0.0,0.0,0.0,0.0,0.0,0.0,1.0,0.0,-0.0,-0.0,-0.0,0.0,0.0,0.0,0.0,0.0,0.0,0.0,0.0,0.0,161.0,97.0,170.0,170.0,55.0,24.0,128.0,19.0,15.0,0.0,0.0
29.566,53,93163.0,600.0,125.0,600.0,728.0,0.0,1.0,0.0,0.0,0.5,0.042,0.5,0.601,0.509,0.056,0.509,0.616,0.0,0.0,-1.33,-5.54,0.26,-0.54,0.0,0.0,0.0,0.0,0.0,0.0,0.0,1.0,0.0,-0.0,-0.0,-0.0,0.0,0.0,0.0,0.0,0.0,0.0,0.0,0.0,0.0,161.0,97.0,170.0,170.0,55.0,24.0,128.0,19.0,15.0,0.0,0.0
29.632,52,93215.0,600.0,125.0,600.0,728.0,0.0,1.0,0.0,0.0,0.5,0.042,0.5,0.601,0.509,0.056,0.509,0.616,0.0,0.0,-1.33,-5.54,0.26,-0.54,0.0,0.0,0.0,0.0,0.0,0.0,0.0,1.0,0.0,-0.0,-0.0,-0.0,0.0,0.0,0.0,0.0,0.0,0.0,0.0,0.0,0.0,161.0,97.0,170.0,170.0,55.0,24.0,128.0,19.0,15.0,0.0,0.0
29.665,35,93250.0,600.0,125.0,600.0,728.0,0.0,1.0,0.0,0.0,0.5,0.042,0.5,0.601,0.509,0.056,0.509,0.616,0.0,0.0,-1.33,-5.54,0.26,-0.54,0.0,0.0,0.0,0.0,0.0,0.0,0.0,1.0,0.0,-0.0,-0.0,-0.0,0.0,0.0,0.0,0.0,0.0,0.0,0.0,0.0,0.0,161.0,97.0,170.0,170.0,55.0,24.0,128.0,19.0,15.0,0.0,1.0
29.761,98,93348.0,600.0,125.0,600.0,728.0,0.0,1.0,0.0,0.0,0.5,0.041,0.5,0.598,0.509,0.056,0.509,0.613,0.0,0.0,-1.33,-5.54,0.26,-0.54,0.0,0.0,0.0,0.0,0.0,0.0,0.0,1.0,0.0,-0.0,-0.0,-0.0,0.0,0.0,0.0,0.0,0.0,0.0,0.0,0.0,0.0,161.0,97.0,170.0,170.0,55.0,24.0,128.0,19.0,15.0,0.0,0.0
29.793,54,93402.0,600.0,124.0,600.0,728.0,0.0,1.0,0.0,0.0,0.5,0.041,0.5,0.598,0.509,0.056,0.509,0.613,0.0,0.0,-1.33,-5.54,0.26,-0.54,0.0,0.0,0.0,0.0,0.0,0.0,0.0,1.0,0.0,-0.0,-0.0,-0.0,0.0,0.0,0.0,0.0,0.0,0.0,0.0,0.0,0.0,161.0,97.0,170.0,170.0,55.0,24.0,128.0,19.0,15.0,0.0,0.0
29.86,53,93455.0,600.0,124.0,600.0,728.0,0.0,1.0,0.0,0.0,0.5,0.041,0.5,0.598,0.509,0.056,0.509,0.613,0.0,0.0,-1.33,-5.54,0.26,-0.54,0.0,0.0,0.0,0.0,0.0,0.0,0.0,1.0,0.0,-0.0,-0.0,-0.0,0.0,0.0,0.0,0.0,0.0,0.0,0.0,0.0,0.0,161.0,97.0,170.0,170.0,55.0,24.0,128.0,19.0,15.0,0.0,0.0
29.926,53,93508.0,600.0,124.0,600.0,688.0,0.0,1.0,0.0,0.0,0.5,0.041,0.5,0.582,0.509,0.056,0.509,0.599,0.0,0.0,-1.33,-5.54,0.26,-0.54,0.0,0.0,0.0,0.0,0.0,0.0,0.0,1.0,0.0,-0.0,-0.0,-0.0,0.0,0.0,0.0,0.0,0.0,0.0,0.0,0.0,0.0,161.0,97.0,170.0,170.0,55.0,24.0,128.0,19.0,15.0,0.0,1.0
29.958,53,93561.0,600.0,124.0,600.0,688.0,0.0,1.0,0.0,0.0,0.5,0.041,0.5,0.582,0.509,0.056,0.509,0.599,0.0,0.0,-1.33,-5.54,0.26,-0.54,0.0,0.0,0.0,0.0,0.0,0.0,0.0,1.0,0.0,-0.0,-0.0,-0.0,0.0,0.0,0.0,0.0,0.0,0.0,0.0,0.0,0.0,161.0,97.0,170.0,170.0,55.0,24.0,128.0,19.0,15.0,0.0,0.0
30.025,53,93614.0,600.0,123.0,600.0,688.0,0.0,1.0,0.0,0.0,0.5,0.041,0.5,0.582,0.509,0.056,0.509,0.599,0.0,0.0,-1.33,-5.54,0.26,-0.54,0.0,0.0,0.0,0.0,0.0,0.0,0.0,1.0,0.0,-0.0,-0.0,-0.0,0.0,0.0,0.0,0.0,0.0,0.0,0.0,0.0,0.0,161.0,97.0,170.0,170.0,55.0,24.0,128.0,19.0,15.0,0.0,0.0
30.058,36,93650.0,600.0,123.0,600.0,688.0,0.0,1.0,0.0,0.0,0.5,0.041,0.5,0.582,0.509,0.056,0.509,0.599,0.0,0.0,-1.33,-5.54,0.26,-0.54,0.0,0.0,0.0,0.0,0.0,0.0,0.0,1.0,0.0,-0.0,-0.0,-0.0,0.0,0.0,0.0,0.0,0.0,0.0,0.0,0.0,0.0,161.0,97.0,170.0,170.0,55.0,24.0,128.0,19.0,15.0,0.0,1.0
30.155,97,93747.0,600.0,123.0,600.0,688.0,0.0,1.0,0.0,0.0,0.5,0.041,0.5,0.575,0.509,0.056,0.509,0.591,0.0,0.0,-1.33,-5.54,0.26,-0.54,0.0,0.0,0.0,0.0,0.0,0.0,0.0,1.0,0.0,-0.0,-0.0,-0.0,0.0,0.0,0.0,0.0,0.0,0.0,0.0,0.0,0.0,161.0,97.0,170.0,170.0,55.0,24.0,128.0,19.0,15.0,0.0,0.0
30.22,54,93801.0,600.0,124.0,600.0,688.0,0.0,1.0,0.0,0.0,0.5,0.041,0.5,0.575,0.509,0.056,0.509,0.591,0.0,0.0,-1.33,-5.53,0.26,-0.54,0.0,0.0,0.0,0.0,0.0,0.0,0.0,1.0,0.0,-0.0,-0.0,-0.0,0.0,0.0,0.0,0.0,0.0,0.0,0.0,0.0,0.0,161.0,97.0,170.0,170.0,55.0,24.0,128.0,19.0,15.0,0.0,0.0
30.258,36,93837.0,600.0,124.0,600.0,688.0,0.0,1.0,0.0,0.0,0.5,0.041,0.5,0.575,0.509,0.056,0.509,0.591,0.0,0.0,-1.33,-5.53,0.26,-0.54,0.0,0.0,0.0,0.0,0.0,0.0,0.0,1.0,0.0,-0.0,-0.0,-0.0,0.0,0.0,0.0,0.0,0.0,0.0,0.0,0.0,0.0,161.0,97.0,170.0,170.0,55.0,24.0,128.0,19.0,15.0,0.0,1.0
30.356,101,93938.0,600.0,124.0,600.0,681.0,0.0,1.0,0.0,0.0,0.5,0.041,0.5,0.569,0.509,0.056,0.509,0.584,0.0,0.0,-1.33,-5.53,0.26,-0.54,0.0,0.0,0.0,0.0,0.0,0.0,0.0,1.0,0.0,-0.0,-0.0,-0.0,0.0,0.0,0.0,0.0,0.0,0.0,0.0,0.0,0.0,161.0,97.0,170.0,170.0,55.0,24.0,128.0,19.0,15.0,0.0,0.0
30.388,53,93991.0,600.0,123.0,600.0,681.0,0.0,1.0,0.0,0.0,0.5,0.041,0.5,0.569,0.509,0.056,0.509,0.584,0.0,0.0,-1.33,-5.52,0.26,-0.54,0.0,0.0,0.0,0.0,0.0,0.0,0.0,1.0,0.0,-0.0,-0.0,-0.0,0.0,0.0,0.0,0.0,0.0,0.0,0.0,0.0,0.0,161.0,97.0,170.0,170.0,55.0,24.0,128.0,19.0,15.0,0.0,0.0
30.46,52,94043.0,600.0,123.0,600.0,681.0,0.0,1.0,0.0,0.0,0.5,0.041,0.5,0.569,0.509,0.056,0.509,0.584,0.0,0.0,-1.33,-5.52,0.26,-0.54,0.0,0.0,0.0,0.0,0.0,0.0,0.0,1.0,0.0,-0.0,-0.0,-0.0,0.0,0.0,0.0,0.0,0.0,0.0,0.0,0.0,0.0,161.0,97.0,170.0,170.0,55.0,24.0,128.0,19.0,15.0,0.0,1.0
30.492,52,94095.0,600.0,123.0,600.0,700.0,0.0,1.0,0.0,0.0,0.5,0.041,0.5,0.573,0.509,0.055,0.509,0.587,0.0,0.0,-1.33,-5.52,0.26,-0.54,0.0,0.0,0.0,0.0,0.0,0.0,0.0,1.0,0.0,-0.0,-0.0,-0.0,0.0,0.0,0.0,0.0,0.0,0.0,0.0,0.0,0.0,161.0,97.0,170.0,170.0,55.0,24.0,128.0,19.0,15.0,0.0,0.0
30.558,53,94148.0,600.0,123.0,600.0,700.0,0.0,1.0,0.0,0.0,0.5,0.041,0.5,0.573,0.509,0.055,0.509,0.587,0.0,0.0,-1.34,-5.52,0.26,-0.54,0.0,0.0,0.0,0.0,0.0,0.0,0.0,1.0,0.0,-0.0,-0.0,-0.0,0.0,0.0,0.0,0.0,0.0,0.0,0.0,0.0,0.0,161.0,97.0,170.0,170.0,55.0,24.0,128.0,19.0,15.0,0.0,0.0
30.591,53,94201.0,600.0,122.0,600.0,700.0,0.0,1.0,0.0,0.0,0.5,0.041,0.5,0.573,0.509,0.055,0.509,0.587,0.0,0.0,-1.34,-5.52,0.26,-0.54,0.0,0.0,0.0,0.0,0.0,0.0,0.0,1.0,0.0,-0.0,-0.0,-0.0,0.0,0.0,0.0,0.0,0.0,0.0,0.0,0.0,0.0,161.0,97.0,170.0,170.0,55.0,24.0,128.0,19.0,15.0,0.0,0.0
30.657,36,94237.0,600.0,122.0,600.0,700.0,0.0,1.0,0.0,0.0,0.5,0.041,0.5,0.573,0.509,0.055,0.509,0.587,0.0,0.0,-1.34,-5.52,0.26,-0.54,0.0,0.0,0.0,0.0,0.0,0.0,0.0,1.0,0.0,-0.0,-0.0,-0.0,0.0,0.0,0.0,0.0,0.0,0.0,0.0,0.0,0.0,161.0,97.0,170.0,170.0,55.0,24.0,128.0,19.0,15.0,0.0,1.0
30.754,99,94336.0,600.0,122.0,600.0,700.0,0.0,1.0,0.0,0.0,0.5,0.04,0.5,0.575,0.509,0.055,0.509,0.589,0.0,0.0,-1.34,-5.52,0.26,-0.54,0.0,0.0,0.0,0.0,0.0,0.0,0.0,1.0,0.0,-0.0,-0.0,-0.0,0.0,0.0,0.0,0.0,0.0,0.0,0.0,0.0,0.0,161.0,97.0,170.0,170.0,55.0,24.0,128.0,19.0,15.0,0.0,0.0
30.787,55,94391.0,600.0,122.0,600.0,700.0,0.0,1.0,0.0,0.0,0.5,0.04,0.5,0.575,0.509,0.055,0.509,0.589,0.0,0.0,-1.34,-5.52,0.26,-0.54,0.0,0.0,0.0,0.0,0.0,0.0,0.0,1.0,0.0,-0.0,-0.0,-0.0,0.0,0.0,0.0,0.0,0.0,0.0,0.0,0.0,0.0,161.0,97.0,170.0,170.0,55.0,24.0,128.0,19.0,15.0,0.0,0.0
30.819,34,94425.0,600.0,122.0,600.0,700.0,0.0,1.0,0.0,0.0,0.5,0.04,0.5,0.575,0.509,0.055,0.509,0.589,0.0,0.0,-1.34,-5.52,0.26,-0.54,0.0,0.0,0.0,0.0,0.0,0.0,0.0,1.0,0.0,-0.0,-0.0,-0.0,0.0,0.0,0.0,0.0,0.0,0.0,0.0,0.0,0.0,161.0,97.0,170.0,170.0,55.0,24.0,128.0,19.0,15.0,0.0,1.0
30.917,100,94525.0,600.0,122.0,600.0,700.0,0.0,1.0,0.0,0.0,0.5,0.04,0.5,0.575,0.509,0.055,0.509,0.59,0.0,0.0,-1.34,-5.52,0.26,-0.54,0.0,0.0,0.0,0.0,0.0,0.0,0.0,1.0,0.0,-0.0,-0.0,-0.0,0.0,0.0,0.0,0.0,0.0,0.0,0.0,0.0,0.0,161.0,97.0,170.0,170.0,55.0,24.0,128.0,19.0,15.0,0.0,1.0
30.982,53,94578.0,600.0,123.0,600.0,700.0,0.0,1.0,0.0,0.0,0.5,0.04,0.5,0.575,0.509,0.055,0.509,0.59,0.0,0.0,-1.34,-5.52,0.26,-0.54,0.0,0.0,0.0,0.0,0.0,0.0,0.0,1.0,0.0,-0.0,-0.0,-0.0,0.0,0.0,0.0,0.0,0.0,0.0,0.0,0.0,0.0,161.0,97.0,170.0,170.0,55.0,24.0,128.0,19.0,15.0,0.0,0.0
31.015,35,94613.0,600.0,123.0,600.0,700.0,0.0,1.0,0.0,0.0,0.5,0.04,0.5,0.575,0.509,0.055,0.509,0.59,0.0,0.0,-1.34,-5.52,0.26,-0.54,0.0,0.0,0.0,0.0,0.0,0.0,0.0,1.0,0.0,-0.0,-0.0,-0.0,0.0,0.0,0.0,0.0,0.0,0.0,0.0,0.0,0.0,161.0,97.0,170.0,170.0,55.0,24.0,128.0,19.0,15.0,0.0,1.0
31.114,100,94713.0,600.0,123.0,600.0,700.0,0.0,1.0,0.0,0.0,0.5,0.04,0.5,0.576,0.509,0.055,0.509,0.59,0.0,0.0,-1.33,-5.52,0.26,-0.54,0.0,0.0,0.0,0.0,0.0,0.0,0.0,1.0,0.0,-0.0,-0.0,-0.0,0.0,0.0,0.0,0.0,0.0,0.0,0.0,0.0,0.0,161.0,97.0,170.0,170.0,55.0,24.0,128.0,19.0,15.0,0.0,1.0
31.18,52,94765.0,600.0,122.0,600.0,700.0,0.0,1.0,0.0,0.0,0.5,0.04,0.5,0.576,0.509,0.055,0.509,0.59,0.0,0.0,-1.33,-5.52,0.26,-0.54,0.0,0.0,0.0,0.0,0.0,0.0,0.0,1.0,0.0,-0.0,-0.0,-0.0,0.0,0.0,0.0,0.0,0.0,0.0,0.0,0.0,0.0,161.0,97.0,170.0,170.0,55.0,24.0,128.0,19.0,15.0,0.0,0.0
31.212,34,94799.0,600.0,122.0,600.0,700.0,0.0,1.0,0.0,0.0,0.5,0.04,0.5,0.576,0.509,0.055,0.509,0.59,0.0,0.0,-1.33,-5.52,0.26,-0.54,0.0,0.0,0.0,0.0,0.0,0.0,0.0,1.0,0.0,-0.0,-0.0,-0.0,0.0,0.0,0.0,0.0,0.0,0.0,0.0,0.0,0.0,161.0,97.0,170.0,170.0,55.0,24.0,128.0,19.0,15.0,0.0,1.0
31.306,97,94896.0,600.0,122.0,600.0,655.0,0.0,1.0,0.0,0.0,0.5,0.04,0.5,0.559,0.509,0.055,0.509,0.576,0.0,0.0,-1.33,-5.52,0.26,-0.54,0.0,0.0,0.0,0.0,0.0,0.0,0.0,1.0,0.0,-0.0,-0.0,-0.0,0.0,0.0,0.0,0.0,0.0,0.0,0.0,0.0,0.0,161.0,97.0,170.0,170.0,55.0,24.0,128.0,19.0,15.0,0.0,0.0
31.338,53,94949.0,600.0,123.0,600.0,655.0,0.0,1.0,0.0,0.0,0.5,0.04,0.5,0.559,0.509,0.055,0.509,0.576,0.0,0.0,-1.33,-5.53,0.26,-0.54,0.0,0.0,0.0,0.0,0.0,0.0,0.0,1.0,0.0,-0.0,-0.0,-0.0,0.0,0.0,0.0,0.0,0.0,0.0,0.0,0.0,0.0,161.0,97.0,170.0,170.0,55.0,24.0,128.0,19.0,15.0,0.0,0.0
31.4,35,94984.0,600.0,123.0,600.0,655.0,0.0,1.0,0.0,0.0,0.5,0.04,0.5,0.559,0.509,0.055,0.509,0.576,0.0,0.0,-1.33,-5.53,0.26,-0.54,0.0,0.0,0.0,0.0,0.0,0.0,0.0,1.0,0.0,-0.0,-0.0,-0.0,0.0,0.0,0.0,0.0,0.0,0.0,0.0,0.0,0.0,161.0,97.0,170.0,170.0,55.0,24.0,128.0,19.0,15.0,0.0,1.0
31.498,97,95081.0,600.0,123.0,600.0,600.0,0.0,1.0,0.0,0.0,0.5,0.04,0.5,0.527,0.508,0.055,0.508,0.547,0.0,0.0,-1.33,-5.52,0.26,-0.54,0.0,0.0,0.0,0.0,0.0,0.0,0.0,1.0,0.0,-0.0,-0.0,-0.0,0.0,0.0,0.0,0.0,0.0,0.0,0.0,0.0,0.0,161.0,97.0,170.0,170.0,55.0,24.0,128.0,19.0,15.0,0.0,0.0
31.53,53,95134.0,600.0,124.0,600.0,600.0,0.0,1.0,0.0,0.0,0.5,0.04,0.5,0.527,0.508,0.055,0.508,0.547,0.0,0.0,-1.33,-5.52,0.26,-0.54,0.0,0.0,0.0,0.0,0.0,0.0,0.0,1.0,0.0,-0.0,-0.0,-0.0,0.0,0.0,0.0,0.0,0.0,0.0,0.0,0.0,0.0,161.0,97.0,170.0,170.0,55.0,24.0,128.0,19.0,15.0,0.0,0.0
31.561,34,95168.0,600.0,124.0,600.0,600.0,0.0,1.0,0.0,0.0,0.5,0.04,0.5,0.527,0.508,0.055,0.508,0.547,0.0,0.0,-1.33,-5.52,0.26,-0.54,0.0,0.0,0.0,0.0,0.0,0.0,0.0,1.0,0.0,-0.0,-0.0,-0.0,0.0,0.0,0.0,0.0,0.0,0.0,0.0,0.0,0.0,161.0,97.0,170.0,170.0,55.0,24.0,128.0,19.0,15.0,0.0,1.0
31.657,98,95266.0,600.0,124.0,600.0,649.0,0.0,1.0,0.0,0.0,0.5,0.041,0.5,0.534,0.508,0.055,0.508,0.547,0.0,0.0,-1.33,-5.52,0.26,-0.54,0.0,0.0,0.0,0.0,0.0,0.0,0.0,1.0,0.0,-0.0,-0.0,-0.0,0.0,0.0,0.0,0.0,0.0,0.0,0.0,0.0,0.0,161.0,97.0,170.0,170.0,55.0,24.0,128.0,19.0,15.0,0.0,1.0
31.722,53,95319.0,600.0,125.0,600.0,649.0,0.0,1.0,0.0,0.0,0.5,0.041,0.5,0.534,0.508,0.055,0.508,0.547,0.0,0.0,-1.33,-5.52,0.26,-0.54,0.0,0.0,0.0,0.0,0.0,0.0,0.0,1.0,0.0,-0.0,-0.0,-0.0,0.0,0.0,0.0,0.0,0.0,0.0,0.0,0.0,0.0,161.0,97.0,170.0,170.0,55.0,24.0,128.0,19.0,15.0,0.0,0.0
31.754,35,95354.0,600.0,125.0,600.0,649.0,0.0,1.0,0.0,0.0,0.5,0.041,0.5,0.534,0.508,0.055,0.508,0.547,0.0,0.0,-1.33,-5.52,0.26,-0.54,0.0,0.0,0.0,0.0,0.0,0.0,0.0,1.0,0.0,-0.0,-0.0,-0.0,0.0,0.0,0.0,0.0,0.0,0.0,0.0,0.0,0.0,161.0,97.0,170.0,170.0,55.0,24.0,128.0,19.0,15.0,0.0,1.0
31.857,100,95454.0,600.0,125.0,600.0,694.0,0.0,1.0,0.0,0.0,0.5,0.041,0.5,0.554,0.509,0.056,0.509,0.566,0.0,0.0,-1.33,-5.52,0.26,-0.54,0.0,0.0,0.0,0.0,0.0,0.0,0.0,1.0,0.0,-0.0,-0.0,-0.0,0.0,0.0,0.0,0.0,0.0,0.0,0.0,0.0,0.0,161.0,97.0,170.0,170.0,55.0,24.0,128.0,19.0,15.0,0.0,1.0
31.923,55,95509.0,600.0,123.0,600.0,694.0,0.0,1.0,0.0,0.0,0.5,0.041,0.5,0.554,0.509,0.056,0.509,0.566,0.0,0.0,-1.33,-5.53,0.26,-0.54,0.0,0.0,0.0,0.0,0.0,0.0,0.0,1.0,0.0,-0.0,-0.0,-0.0,0.0,0.0,0.0,0.0,0.0,0.0,0.0,0.0,0.0,161.0,97.0,170.0,170.0,55.0,24.0,128.0,19.0,15.0,0.0,0.0
31.955,34,95543.0,600.0,123.0,600.0,694.0,0.0,1.0,0.0,0.0,0.5,0.041,0.5,0.554,0.509,0.056,0.509,0.566,0.0,0.0,-1.33,-5.53,0.26,-0.54,0.0,0.0,0.0,0.0,0.0,0.0,0.0,1.0,0.0,-0.0,-0.0,-0.0,0.0,0.0,0.0,0.0,0.0,0.0,0.0,0.0,0.0,161.0,97.0,170.0,170.0,55.0,24.0,128.0,19.0,15.0,0.0,1.0
32.057,98,95641.0,600.0,123.0,600.0,735.0,0.0,1.0,0.0,0.0,0.5,0.041,0.5,0.579,0.509,0.056,0.509,0.589,0.0,0.0,-1.33,-5.53,0.26,-0.54,0.0,0.0,0.0,0.0,0.0,0.0,0.0,1.0,0.0,-0.0,-0.0,-0.0,0.0,0.0,0.0,0.0,0.0,0.0,0.0,0.0,0.0,161.0,97.0,170.0,170.0,55.0,24.0,128.0,19.0,15.0,0.0,0.0
32.09,51,95692.0,600.0,123.0,600.0,735.0,0.0,1.0,0.0,0.0,0.5,0.041,0.5,0.579,0.509,0.056,0.509,0.589,0.0,0.0,-1.33,-5.54,0.26,-0.54,0.0,0.0,0.0,0.0,0.0,0.0,0.0,1.0,0.0,-0.0,-0.0,-0.0,0.0,0.0,0.0,0.0,0.0,0.0,0.0,0.0,0.0,161.0,97.0,170.0,170.0,55.0,24.0,128.0,19.0,15.0,0.0,0.0
32.122,35,95727.0,600.0,123.0,600.0,735.0,0.0,1.0,0.0,0.0,0.5,0.041,0.5,0.579,0.509,0.056,0.509,0.589,0.0,0.0,-1.33,-5.54,0.26,-0.54,0.0,0.0,0.0,0.0,0.0,0.0,0.0,1.0,0.0,-0.0,-0.0,-0.0,0.0,0.0,0.0,0.0,0.0,0.0,0.0,0.0,0.0,161.0,97.0,170.0,170.0,55.0,24.0,128.0,19.0,15.0,0.0,1.0
32.219,101,95828.0,600.0,123.0,600.0,775.0,0.0,1.0,0.0,0.0,0.5,0.041,0.5,0.604,0.509,0.055,0.509,0.614,0.0,0.0,-1.33,-5.54,0.26,-0.54,0.0,0.0,0.0,0.0,0.0,0.0,0.0,1.0,0.0,-0.0,-0.0,-0.0,0.0,0.0,0.0,0.0,0.0,0.0,0.0,0.0,0.0,161.0,97.0,170.0,170.0,55.0,24.0,128.0,19.0,15.0,0.0,1.0
32.288,52,95880.0,600.0,124.0,600.0,775.0,0.0,1.0,0.0,0.0,0.5,0.041,0.5,0.604,0.509,0.055,0.509,0.614,0.0,0.0,-1.33,-5.54,0.26,-0.54,0.0,0.0,0.0,0.0,0.0,0.0,0.0,1.0,0.0,-0.0,-0.0,-0.0,0.0,0.0,0.0,0.0,0.0,0.0,0.0,0.0,0.0,161.0,97.0,170.0,170.0,55.0,24.0,128.0,19.0,15.0,0.0,0.0
32.319,36,95916.0,600.0,124.0,600.0,775.0,0.0,1.0,0.0,0.0,0.5,0.041,0.5,0.604,0.509,0.055,0.509,0.614,0.0,0.0,-1.33,-5.54,0.26,-0.54,0.0,0.0,0.0,0.0,0.0,0.0,0.0,1.0,0.0,-0.0,-0.0,-0.0,0.0,0.0,0.0,0.0,0.0,0.0,0.0,0.0,0.0,161.0,97.0,170.0,170.0,55.0,24.0,128.0,19.0,15.0,0.0,1.0
32.416,103,96019.0,600.0,124.0,600.0,826.0,0.0,1.0,0.0,0.0,0.5,0.041,0.5,0.631,0.51,0.055,0.51,0.641,0.0,0.0,-1.33,-5.54,0.26,-0.54,0.0,0.0,0.0,0.0,0.0,0.0,0.0,1.0,0.0,-0.0,-0.0,-0.0,0.0,0.0,0.0,0.0,0.0,0.0,0.0,0.0,0.0,161.0,97.0,170.0,170.0,55.0,24.0,128.0,19.0,15.0,0.0,1.0
32.482,53,96072.0,600.0,123.0,600.0,826.0,0.0,1.0,0.0,0.0,0.5,0.041,0.5,0.631,0.51,0.055,0.51,0.641,0.0,0.0,-1.33,-5.54,0.26,-0.54,0.0,0.0,0.0,0.0,0.0,0.0,0.0,1.0,0.0,-0.0,-0.0,-0.0,0.0,0.0,0.0,0.0,0.0,0.0,0.0,0.0,0.0,161.0,97.0,170.0,170.0,55.0,24.0,128.0,19.0,15.0,0.0,1.0
32.515,34,96106.0,600.0,123.0,600.0,826.0,0.0,1.0,0.0,0.0,0.5,0.041,0.5,0.631,0.51,0.055,0.51,0.641,0.0,0.0,-1.33,-5.54,0.26,-0.54,0.0,0.0,0.0,0.0,0.0,0.0,0.0,1.0,0.0,-0.0,-0.0,-0.0,0.0,0.0,0.0,0.0,0.0,0.0,0.0,0.0,0.0,161.0,97.0,170.0,170.0,55.0,24.0,128.0,19.0,15.0,0.0,1.0
32.611,98,96204.0,600.0,123.0,600.0,814.0,0.0,1.0,0.0,0.0,0.5,0.041,0.5,0.64,0.51,0.055,0.51,0.653,0.0,0.0,-1.33,-5.54,0.26,-0.54,0.0,0.0,0.0,0.0,0.0,0.0,0.0,1.0,0.0,-0.0,-0.0,-0.0,0.0,0.0,0.0,0.0,0.0,0.0,0.0,0.0,0.0,161.0,97.0,170.0,170.0,55.0,24.0,128.0,19.0,15.0,0.0,1.0
32.677,53,96257.0,600.0,122.0,600.0,814.0,0.0,1.0,0.0,0.0,0.5,0.041,0.5,0.64,0.51,0.055,0.51,0.653,0.0,0.0,-1.33,-5.54,0.26,-0.54,0.0,0.0,0.0,0.0,0.0,0.0,0.0,1.0,0.0,-0.0,-0.0,-0.0,0.0,0.0,0.0,0.0,0.0,0.0,0.0,0.0,0.0,161.0,97.0,170.0,170.0,55.0,24.0,128.0,19.0,15.0,0.0,0.0
32.71,52,96309.0,600.0,122.0,600.0,814.0,0.0,1.0,0.0,0.0,0.5,0.041,0.5,0.64,0.51,0.055,0.51,0.653,0.0,0.0,-1.33,-5.54,0.26,-0.54,0.0,0.0,0.0,0.0,0.0,0.0,0.0,1.0,0.0,-0.0,-0.0,-0.0,0.0,0.0,0.0,0.0,0.0,0.0,0.0,0.0,0.0,161.0,97.0,170.0,170.0,55.0,24.0,128.0,19.0,15.0,0.0,0.0
32.775,54,96363.0,600.0,122.0,600.0,812.0,0.0,1.0,0.0,0.0,0.5,0.04,0.5,0.644,0.51,0.055,0.51,0.658,0.0,0.0,-1.33,-5.54,0.26,-0.54,0.0,0.0,0.0,0.0,0.0,0.0,0.0,1.0,0.0,-0.0,-0.0,-0.0,0.0,0.0,0.0,0.0,0.0,0.0,0.0,0.0,0.0,161.0,97.0,170.0,170.0,55.0,24.0,128.0,19.0,15.0,0.0,0.0
32.808,53,96416.0,600.0,122.0,600.0,812.0,0.0,1.0,0.0,0.0,0.5,0.04,0.5,0.644,0.51,0.055,0.51,0.658,0.0,0.0,-1.33,-5.54,0.26,-0.54,0.0,0.0,0.0,0.0,0.0,0.0,0.0,1.0,0.0,-0.0,-0.0,-0.0,0.0,0.0,0.0,0.0,0.0,0.0,0.0,0.0,0.0,161.0,97.0,170.0,170.0,55.0,24.0,128.0,19.0,15.0,0.0,1.0
32.879,53,96469.0,600.0,123.0,600.0,812.0,0.0,1.0,0.0,0.0,0.5,0.04,0.5,0.644,0.51,0.055,0.51,0.658,0.0,0.0,-1.33,-5.54,0.26,-0.54,0.0,0.0,0.0,0.0,0.0,0.0,0.0,1.0,0.0,-0.0,-0.0,-0.0,0.0,0.0,0.0,0.0,0.0,0.0,0.0,0.0,0.0,161.0,97.0,170.0,170.0,55.0,24.0,128.0,19.0,15.0,0.0,0.0
32.912,34,96503.0,600.0,123.0,600.0,812.0,0.0,1.0,0.0,0.0,0.5,0.04,0.5,0.644,0.51,0.055,0.51,0.658,0.0,0.0,-1.33,-5.54,0.26,-0.54,0.0,0.0,0.0,0.0,0.0,0.0,0.0,1.0,0.0,-0.0,-0.0,-0.0,0.0,0.0,0.0,0.0,0.0,0.0,0.0,0.0,0.0,161.0,97.0,170.0,170.0,55.0,24.0,128.0,19.0,15.0,0.0,1.0
33.009,98,96601.0,600.0,123.0,600.0,820.0,0.0,1.0,0.0,0.0,0.5,0.04,0.5,0.648,0.51,0.055,0.51,0.662,0.0,0.0,-1.33,-5.54,0.26,-0.54,0.0,0.0,0.0,0.0,0.0,0.0,0.0,1.0,0.0,-0.0,-0.0,-0.0,0.0,0.0,0.0,0.0,0.0,0.0,0.0,0.0,0.0,161.0,97.0,170.0,170.0,55.0,24.0,128.0,19.0,15.0,0.0,0.0
33.075,54,96655.0,600.0,124.0,600.0,820.0,0.0,1.0,0.0,0.0,0.5,0.04,0.5,0.648,0.51,0.055,0.51,0.662,0.0,0.0,-1.33,-5.54,0.26,-0.54,0.0,0.0,0.0,0.0,0.0,0.0,0.0,1.0,0.0,-0.0,-0.0,-0.0,0.0,0.0,0.0,0.0,0.0,0.0,0.0,0.0,0.0,161.0,97.0,170.0,170.0,55.0,24.0,128.0,19.0,15.0,0.0,1.0
33.109,52,96707.0,600.0,124.0,600.0,820.0,0.0,1.0,0.0,0.0,0.5,0.04,0.5,0.648,0.51,0.055,0.51,0.662,0.0,0.0,-1.33,-5.54,0.26,-0.54,0.0,0.0,0.0,0.0,0.0,0.0,0.0,1.0,0.0,-0.0,-0.0,-0.0,0.0,0.0,0.0,0.0,0.0,0.0,0.0,0.0,0.0,161.0,97.0,170.0,170.0,55.0,24.0,128.0,19.0,15.0,0.0,0.0
33.171,53,96760.0,600.0,124.0,600.0,836.0,0.0,1.0,0.0,0.0,0.5,0.041,0.5,0.655,0.51,0.055,0.51,0.668,0.0,0.0,-1.33,-5.54,0.26,-0.54,0.0,0.0,0.0,0.0,0.0,0.0,0.0,1.0,0.0,-0.0,-0.0,-0.0,0.0,0.0,0.0,0.0,0.0,0.0,0.0,0.0,0.0,161.0,97.0,170.0,170.0,55.0,24.0,128.0,19.0,15.0,0.0,0.0
33.203,54,96814.0,600.0,124.0,600.0,836.0,0.0,1.0,0.0,0.0,0.5,0.041,0.5,0.655,0.51,0.055,0.51,0.668,0.0,0.0,-1.33,-5.54,0.26,-0.54,0.0,0.0,0.0,0.0,0.0,0.0,0.0,1.0,0.0,-0.0,-0.0,-0.0,0.0,0.0,0.0,0.0,0.0,0.0,0.0,0.0,0.0,161.0,97.0,170.0,170.0,55.0,24.0,128.0,19.0,15.0,0.0,1.0
33.271,53,96867.0,600.0,122.0,600.0,836.0,0.0,1.0,0.0,0.0,0.5,0.041,0.5,0.655,0.51,0.055,0.51,0.668,0.0,0.0,-1.33,-5.54,0.26,-0.54,0.0,0.0,0.0,0.0,0.0,0.0,0.0,1.0,0.0,-0.0,-0.0,-0.0,0.0,0.0,0.0,0.0,0.0,0.0,0.0,0.0,0.0,161.0,97.0,170.0,170.0,55.0,24.0,128.0,19.0,15.0,0.0,0.0
33.304,35,96902.0,600.0,122.0,600.0,836.0,0.0,1.0,0.0,0.0,0.5,0.041,0.5,0.655,0.51,0.055,0.51,0.668,0.0,0.0,-1.33,-5.54,0.26,-0.54,0.0,0.0,0.0,0.0,0.0,0.0,0.0,1.0,0.0,-0.0,-0.0,-0.0,0.0,0.0,0.0,0.0,0.0,0.0,0.0,0.0,0.0,161.0,97.0,170.0,170.0,55.0,24.0,128.0,19.0,15.0,0.0,0.0
33.4,96,96998.0,600.0,122.0,600.0,828.0,0.0,1.0,0.0,0.0,0.5,0.04,0.5,0.655,0.51,0.055,0.51,0.67,0.0,0.0,-1.33,-5.54,0.26,-0.54,0.0,0.0,0.0,0.0,0.0,0.0,0.0,1.0,0.0,-0.0,-0.0,-0.0,0.0,0.0,0.0,0.0,0.0,0.0,0.0,0.0,0.0,161.0,97.0,170.0,170.0,55.0,24.0,128.0,19.0,15.0,0.0,0.0
33.465,53,97051.0,600.0,123.0,600.0,828.0,0.0,1.0,0.0,0.0,0.5,0.04,0.5,0.655,0.51,0.055,0.51,0.67,0.0,0.0,-1.33,-5.54,0.26,-0.54,0.0,0.0,0.0,0.0,0.0,0.0,0.0,1.0,0.0,-0.0,-0.0,-0.0,0.0,0.0,0.0,0.0,0.0,0.0,0.0,0.0,0.0,161.0,97.0,170.0,170.0,55.0,24.0,128.0,19.0,15.0,0.0,0.0
33.498,52,97103.0,600.0,123.0,600.0,828.0,0.0,1.0,0.0,0.0,0.5,0.04,0.5,0.655,0.51,0.055,0.51,0.67,0.0,0.0,-1.33,-5.54,0.26,-0.54,0.0,0.0,0.0,0.0,0.0,0.0,0.0,1.0,0.0,-0.0,-0.0,-0.0,0.0,0.0,0.0,0.0,0.0,0.0,0.0,0.0,0.0,161.0,97.0,170.0,170.0,55.0,24.0,128.0,19.0,15.0,0.0,1.0
33.562,53,97156.0,600.0,123.0,600.0,840.0,0.0,1.0,0.0,0.0,0.5,0.04,0.5,0.659,0.51,0.055,0.51,0.673,0.0,0.0,-1.33,-5.54,0.26,-0.54,0.0,0.0,0.0,0.0,0.0,0.0,0.0,1.0,0.0,-0.0,-0.0,-0.0,0.0,0.0,0.0,0.0,0.0,0.0,0.0,0.0,0.0,161.0,97.0,170.0,170.0,55.0,24.0,128.0,19.0,15.0,0.0,1.0
33.625,53,97209.0,600.0,123.0,600.0,840.0,0.0,1.0,0.0,0.0,0.5,0.04,0.5,0.659,0.51,0.055,0.51,0.673,0.0,0.0,-1.33,-5.54,0.26,-0.54,0.0,0.0,0.0,0.0,0.0,0.0,0.0,1.0,0.0,-0.0,-0.0,-0.0,0.0,0.0,0.0,0.0,0.0,0.0,0.0,0.0,0.0,161.0,97.0,170.0,170.0,55.0,24.0,128.0,19.0,15.0,0.0,0.0
33.658,54,97263.0,600.0,123.0,600.0,840.0,0.0,1.0,0.0,0.0,0.5,0.04,0.5,0.659,0.51,0.055,0.51,0.673,0.0,0.0,-1.33,-5.54,0.26,-0.54,0.0,0.0,0.0,0.0,0.0,0.0,0.0,1.0,0.0,-0.0,-0.0,-0.0,0.0,0.0,0.0,0.0,0.0,0.0,0.0,0.0,0.0,161.0,97.0,170.0,170.0,55.0,24.0,128.0,19.0,15.0,0.0,0.0
33.723,52,97315.0,600.0,123.0,600.0,840.0,0.0,1.0,0.0,0.0,0.5,0.04,0.5,0.659,0.51,0.055,0.51,0.673,0.0,0.0,-1.33,-5.54,0.26,-0.54,0.0,0.0,0.0,0.0,0.0,0.0,0.0,1.0,0.0,-0.0,-0.0,-0.0,0.0,0.0,0.0,0.0,0.0,0.0,0.0,0.0,0.0,161.0,97.0,170.0,170.0,55.0,24.0,128.0,19.0,15.0,0.0,1.0
33.789,53,97368.0,600.0,123.0,600.0,840.0,0.0,1.0,0.0,0.0,0.5,0.04,0.5,0.661,0.51,0.055,0.51,0.675,0.0,0.0,-1.33,-5.54,0.26,-0.54,0.0,0.0,0.0,0.0,0.0,0.0,0.0,1.0,0.0,-0.0,-0.0,-0.0,0.0,0.0,0.0,0.0,0.0,0.0,0.0,0.0,0.0,161.0,97.0,170.0,170.0,55.0,24.0,128.0,19.0,15.0,0.0,0.0
33.821,53,97421.0,600.0,123.0,600.0,840.0,0.0,1.0,0.0,0.0,0.5,0.04,0.5,0.661,0.51,0.055,0.51,0.675,0.0,0.0,-1.33,-5.54,0.26,-0.54,0.0,0.0,0.0,0.0,0.0,0.0,0.0,1.0,0.0,-0.0,-0.0,-0.0,0.0,0.0,0.0,0.0,0.0,0.0,0.0,0.0,0.0,161.0,97.0,170.0,170.0,55.0,24.0,128.0,19.0,15.0,0.0,0.0
33.892,53,97474.0,600.0,123.0,600.0,840.0,0.0,1.0,0.0,0.0,0.5,0.04,0.5,0.661,0.51,0.055,0.51,0.675,0.0,0.0,-1.33,-5.54,0.26,-0.54,0.0,0.0,0.0,0.0,0.0,0.0,0.0,1.0,0.0,-0.0,-0.0,-0.0,0.0,0.0,0.0,0.0,0.0,0.0,0.0,0.0,0.0,161.0,97.0,170.0,170.0,55.0,24.0,128.0,19.0,15.0,0.0,0.0
33.925,34,97508.0,600.0,123.0,600.0,840.0,0.0,1.0,0.0,0.0,0.5,0.04,0.5,0.661,0.51,0.055,0.51,0.675,0.0,0.0,-1.33,-5.54,0.26,-0.54,0.0,0.0,0.0,0.0,0.0,0.0,0.0,1.0,0.0,-0.0,-0.0,-0.0,0.0,0.0,0.0,0.0,0.0,0.0,0.0,0.0,0.0,161.0,97.0,170.0,170.0,55.0,24.0,128.0,19.0,15.0,0.0,1.0
34.023,99,97607.0,600.0,123.0,600.0,834.0,0.0,1.0,0.0,0.0,0.5,0.04,0.5,0.66,0.51,0.055,0.51,0.675,0.0,0.0,-1.33,-5.55,0.26,-0.54,0.0,0.0,0.0,0.0,0.0,0.0,0.0,1.0,0.0,-0.0,-0.0,-0.0,0.0,0.0,0.0,0.0,0.0,0.0,0.0,0.0,0.0,161.0,97.0,170.0,170.0,55.0,24.0,128.0,19.0,15.0,0.0,0.0
34.062,53,97660.0,600.0,122.0,600.0,834.0,0.0,1.0,0.0,0.0,0.5,0.04,0.5,0.66,0.51,0.055,0.51,0.675,0.0,0.0,-1.33,-5.55,0.26,-0.54,0.0,0.0,0.0,0.0,0.0,0.0,0.0,1.0,0.0,-0.0,-0.0,-0.0,0.0,0.0,0.0,0.0,0.0,0.0,0.0,0.0,0.0,161.0,97.0,170.0,170.0,55.0,24.0,128.0,19.0,15.0,0.0,0.0
34.095,36,97696.0,600.0,122.0,600.0,834.0,0.0,1.0,0.0,0.0,0.5,0.04,0.5,0.66,0.51,0.055,0.51,0.675,0.0,0.0,-1.33,-5.56,0.26,-0.54,0.0,0.0,0.0,0.0,0.0,0.0,0.0,1.0,0.0,-0.0,-0.0,-0.0,0.0,0.0,0.0,0.0,0.0,0.0,0.0,0.0,0.0,161.0,97.0,170.0,170.0,55.0,24.0,128.0,19.0,15.0,0.0,1.0
34.192,100,97796.0,600.0,122.0,600.0,778.0,0.0,1.0,0.0,0.0,0.5,0.04,0.5,0.642,0.51,0.055,0.51,0.66,0.0,0.0,-1.33,-5.56,0.26,-0.54,0.0,0.0,0.0,0.0,0.0,0.0,0.0,1.0,0.0,-0.0,-0.0,-0.0,0.0,0.0,0.0,0.0,0.0,0.0,0.0,0.0,0.0,161.0,97.0,170.0,170.0,55.0,24.0,128.0,19.0,15.0,0.0,0.0
34.259,51,97847.0,600.0,123.0,600.0,778.0,0.0,1.0,0.0,0.0,0.5,0.04,0.5,0.642,0.51,0.055,0.51,0.66,0.0,0.0,-1.33,-5.56,0.26,-0.54,0.0,0.0,0.0,0.0,0.0,0.0,0.0,1.0,0.0,-0.0,-0.0,-0.0,0.0,0.0,0.0,0.0,0.0,0.0,0.0,0.0,0.0,161.0,97.0,170.0,170.0,55.0,24.0,128.0,19.0,15.0,0.0,1.0
34.291,35,97882.0,600.0,123.0,600.0,778.0,0.0,1.0,0.0,0.0,0.5,0.04,0.5,0.642,0.51,0.055,0.51,0.66,0.0,0.0,-1.33,-5.56,0.26,-0.54,0.0,0.0,0.0,0.0,0.0,0.0,0.0,1.0,0.0,-0.0,-0.0,-0.0,0.0,0.0,0.0,0.0,0.0,0.0,0.0,0.0,0.0,161.0,97.0,170.0,170.0,55.0,24.0,128.0,19.0,15.0,0.0,1.0
34.388,98,97980.0,600.0,123.0,600.0,780.0,0.0,1.0,0.0,0.0,0.5,0.04,0.5,0.635,0.51,0.055,0.51,0.651,0.0,0.0,-1.34,-5.56,0.26,-0.54,0.0,0.0,0.0,0.0,0.0,0.0,0.0,1.0,0.0,-0.0,-0.0,-0.0,0.0,0.0,0.0,0.0,0.0,0.0,0.0,0.0,0.0,161.0,97.0,170.0,170.0,55.0,24.0,128.0,19.0,15.0,0.0,0.0
34.421,51,98031.0,600.0,123.0,600.0,780.0,0.0,1.0,0.0,0.0,0.5,0.04,0.5,0.635,0.51,0.055,0.51,0.651,0.0,0.0,-1.34,-5.56,0.26,-0.54,0.0,0.0,0.0,0.0,0.0,0.0,0.0,1.0,0.0,-0.0,-0.0,-0.0,-0.0,0.0,0.0,0.0,0.0,0.0,0.0,0.0,0.0,161.0,97.0,170.0,170.0,55.0,24.0,128.0,19.0,15.0,0.0,0.0
34.46,35,98066.0,600.0,123.0,600.0,780.0,0.0,1.0,0.0,0.0,0.5,0.04,0.5,0.635,0.51,0.055,0.51,0.651,0.0,0.0,-1.34,-5.55,0.26,-0.54,0.0,0.0,0.0,0.0,0.0,0.0,0.0,1.0,0.0,-0.0,-0.0,-0.0,0.0,0.0,0.0,0.0,0.0,0.0,0.0,0.0,0.0,161.0,97.0,170.0,170.0,55.0,24.0,128.0,19.0,15.0,0.0,1.0
34.558,96,98162.0,600.0,123.0,600.0,773.0,0.0,1.0,0.0,0.0,0.5,0.04,0.5,0.629,0.51,0.055,0.51,0.645,0.0,0.0,-1.34,-5.55,0.26,-0.54,0.0,0.0,0.0,0.0,0.0,0.0,0.0,1.0,0.0,-0.0,-0.0,-0.0,0.0,0.0,0.0,0.0,0.0,0.0,0.0,0.0,0.0,161.0,97.0,170.0,170.0,55.0,24.0,128.0,19.0,15.0,0.0,1.0
34.623,53,98215.0,600.0,123.0,600.0,773.0,0.0,1.0,0.0,0.0,0.5,0.04,0.5,0.629,0.51,0.055,0.51,0.645,0.0,0.0,-1.34,-5.55,0.26,-0.54,0.0,0.0,0.0,0.0,0.0,0.0,0.0,1.0,0.0,-0.0,-0.0,-0.0,0.0,0.0,0.0,0.0,0.0,0.0,0.0,0.0,0.0,161.0,97.0,170.0,170.0,55.0,24.0,128.0,19.0,15.0,0.0,0.0
34.658,52,98267.0,600.0,123.0,600.0,773.0,0.0,1.0,0.0,0.0,0.5,0.04,0.5,0.629,0.51,0.055,0.51,0.645,0.0,0.0,-1.34,-5.55,0.26,-0.54,0.0,0.0,0.0,0.0,0.0,0.0,0.0,1.0,0.0,-0.0,-0.0,-0.0,0.0,0.0,0.0,0.0,0.0,0.0,0.0,0.0,0.0,161.0,97.0,170.0,170.0,55.0,24.0,128.0,19.0,15.0,0.0,0.0
34.723,52,98319.0,600.0,123.0,600.0,731.0,0.0,1.0,0.0,0.0,0.5,0.04,0.5,0.612,0.51,0.055,0.51,0.63,0.0,0.0,-1.34,-5.54,0.26,-0.54,0.0,0.0,0.0,0.0,0.0,0.0,0.0,1.0,0.0,-0.0,-0.0,-0.0,0.0,0.0,0.0,0.0,0.0,0.0,0.0,0.0,0.0,161.0,97.0,170.0,170.0,55.0,24.0,128.0,19.0,15.0,0.0,0.0
34.789,54,98373.0,600.0,123.0,600.0,731.0,0.0,1.0,0.0,0.0,0.5,0.04,0.5,0.612,0.51,0.055,0.51,0.63,0.0,0.0,-1.34,-5.54,0.26,-0.54,0.0,0.0,0.0,0.0,0.0,0.0,0.0,1.0,0.0,-0.0,-0.0,-0.0,0.0,0.0,0.0,0.0,0.0,0.0,0.0,0.0,0.0,161.0,97.0,170.0,170.0,55.0,24.0,128.0,19.0,15.0,0.0,0.0
34.822,52,98425.0,600.0,123.0,600.0,731.0,0.0,1.0,0.0,0.0,0.5,0.04,0.5,0.612,0.51,0.055,0.51,0.63,0.0,0.0,-1.34,-5.54,0.26,-0.54,0.0,0.0,0.0,0.0,0.0,0.0,0.0,1.0,0.0,-0.0,-0.0,-0.0,0.0,0.0,0.0,0.0,0.0,0.0,0.0,0.0,0.0,161.0,97.0,170.0,170.0,55.0,24.0,128.0,19.0,15.0,0.0,1.0
34.86,34,98459.0,600.0,123.0,600.0,731.0,0.0,1.0,0.0,0.0,0.5,0.04,0.5,0.612,0.51,0.055,0.51,0.63,0.0,0.0,-1.34,-5.54,0.26,-0.54,0.0,0.0,0.0,0.0,0.0,0.0,0.0,1.0,0.0,-0.0,-0.0,-0.0,0.0,0.0,0.0,0.0,0.0,0.0,0.0,0.0,0.0,161.0,97.0,170.0,170.0,55.0,24.0,128.0,19.0,15.0,0.0,0.0
34.957,98,98557.0,600.0,123.0,600.0,732.0,0.0,1.0,0.0,0.0,0.5,0.04,0.5,0.605,0.509,0.055,0.509,0.621,0.0,0.0,-1.34,-5.54,0.26,-0.54,0.0,0.0,0.0,0.0,0.0,0.0,0.0,1.0,0.0,-0.0,-0.0,-0.0,0.0,0.0,0.0,0.0,0.0,0.0,0.0,0.0,0.0,161.0,97.0,170.0,170.0,55.0,24.0,128.0,19.0,15.0,0.0,0.0
35.023,53,98610.0,600.0,125.0,600.0,732.0,0.0,1.0,0.0,0.0,0.5,0.04,0.5,0.605,0.509,0.055,0.509,0.621,0.0,0.0,-1.34,-5.54,0.26,-0.54,0.0,0.0,0.0,0.0,0.0,0.0,0.0,1.0,0.0,-0.0,-0.0,-0.0,0.0,0.0,0.0,0.0,0.0,0.0,0.0,0.0,0.0,161.0,97.0,170.0,170.0,55.0,24.0,128.0,19.0,15.0,0.0,0.0
35.056,34,98644.0,600.0,125.0,600.0,732.0,0.0,1.0,0.0,0.0,0.5,0.04,0.5,0.605,0.509,0.055,0.509,0.621,0.0,0.0,-1.34,-5.54,0.26,-0.54,0.0,0.0,0.0,0.0,0.0,0.0,0.0,1.0,0.0,-0.0,-0.0,-0.0,-0.0,0.0,0.0,0.0,0.0,0.0,0.0,0.0,0.0,161.0,97.0,170.0,170.0,55.0,24.0,128.0,19.0,15.0,0.0,1.0
35.155,98,98742.0,600.0,125.0,600.0,794.0,0.0,1.0,0.0,0.0,0.5,0.041,0.5,0.622,0.51,0.055,0.51,0.634,0.0,0.0,-1.34,-5.55,0.26,-0.54,0.0,0.0,0.0,0.0,0.0,0.0,0.0,1.0,0.0,-0.0,-0.0,-0.0,-0.0,0.0,0.0,0.0,0.0,0.0,0.0,0.0,0.0,161.0,97.0,170.0,170.0,55.0,24.0,128.0,19.0,15.0,0.0,0.0
35.187,53,98795.0,600.0,124.0,600.0,794.0,0.0,1.0,0.0,0.0,0.5,0.041,0.5,0.622,0.51,0.055,0.51,0.634,0.0,0.0,-1.34,-5.56,0.27,-0.54,0.0,0.0,0.0,0.0,0.0,0.0,0.0,1.0,0.0,-0.0,-0.0,-0.0,-0.0,0.0,0.0,0.0,0.0,0.0,0.0,0.0,0.0,161.0,97.0,170.0,170.0,55.0,24.0,128.0,19.0,15.0,0.0,0.0
35.253,52,98847.0,600.0,124.0,600.0,794.0,0.0,1.0,0.0,0.0,0.5,0.041,0.5,0.622,0.51,0.055,0.51,0.634,0.0,0.0,-1.34,-5.56,0.26,-0.54,0.0,0.0,0.0,0.0,0.0,0.0,0.0,1.0,0.0,-0.0,-0.0,-0.0,-0.0,0.0,0.0,0.0,0.0,0.0,0.0,0.0,0.0,161.0,97.0,170.0,170.0,55.0,24.0,128.0,19.0,15.0,0.0,1.0
35.319,53,98900.0,600.0,124.0,600.0,797.0,0.0,1.0,0.0,0.0,0.5,0.041,0.5,0.631,0.51,0.055,0.51,0.644,0.0,0.0,-1.34,-5.56,0.26,-0.54,0.0,0.0,0.0,0.0,0.0,0.0,0.0,1.0,0.0,-0.0,-0.0,-0.0,-0.0,0.0,0.0,0.0,0.0,0.0,0.0,0.0,0.0,161.0,97.0,170.0,170.0,55.0,24.0,128.0,19.0,15.0,0.0,0.0
35.35,53,98953.0,600.0,124.0,600.0,797.0,0.0,1.0,0.0,0.0,0.5,0.041,0.5,0.631,0.51,0.055,0.51,0.644,0.0,0.0,-1.34,-5.56,0.26,-0.54,0.0,0.0,0.0,0.0,0.0,0.0,0.0,1.0,0.0,-0.0,-0.0,-0.0,-0.0,0.0,0.0,0.0,0.0,0.0,0.0,0.0,0.0,161.0,97.0,170.0,170.0,55.0,24.0,128.0,19.0,15.0,0.0,0.0
35.413,54,99007.0,600.0,124.0,600.0,797.0,0.0,1.0,0.0,0.0,0.5,0.041,0.5,0.631,0.51,0.055,0.51,0.644,0.0,0.0,-1.34,-5.56,0.26,-0.54,0.0,0.0,0.0,0.0,0.0,0.0,0.0,1.0,0.0,-0.0,-0.0,-0.0,-0.0,0.0,0.0,0.0,0.0,0.0,0.0,0.0,0.0,161.0,97.0,170.0,170.0,55.0,24.0,128.0,19.0,15.0,0.0,0.0
35.447,34,99041.0,600.0,124.0,600.0,797.0,0.0,1.0,0.0,0.0,0.5,0.041,0.5,0.631,0.51,0.055,0.51,0.644,0.0,0.0,-1.34,-5.56,0.26,-0.54,0.0,0.0,0.0,0.0,0.0,0.0,0.0,1.0,0.0,-0.0,-0.0,-0.0,-0.0,0.0,0.0,0.0,0.0,0.0,0.0,0.0,0.0,161.0,97.0,170.0,170.0,55.0,24.0,128.0,19.0,15.0,0.0,0.0
35.543,99,99140.0,600.0,124.0,600.0,802.0,0.0,1.0,0.0,0.0,0.5,0.041,0.5,0.636,0.51,0.055,0.51,0.65,0.0,0.0,-1.34,-5.56,0.26,-0.54,0.0,0.0,0.0,0.0,0.0,0.0,0.0,1.0,0.0,-0.0,-0.0,-0.0,-0.0,0.0,0.0,0.0,0.0,0.0,0.0,0.0,0.0,161.0,97.0,170.0,170.0,55.0,24.0,128.0,19.0,15.0,0.0,0.0
35.607,53,99193.0,600.0,124.0,600.0,802.0,0.0,1.0,0.0,0.0,0.5,0.041,0.5,0.636,0.51,0.055,0.51,0.65,0.0,0.0,-1.34,-5.56,0.26,-0.54,0.0,0.0,0.0,0.0,0.0,0.0,0.0,1.0,0.0,-0.0,-0.0,-0.0,0.2,0.0,0.0,0.0,0.0,0.0,0.0,0.0,0.0,161.0,97.0,170.0,170.0,55.0,24.0,128.0,19.0,15.0,0.0,0.0
35.639,34,99227.0,600.0,124.0,600.0,802.0,0.0,1.0,0.0,0.0,0.5,0.041,0.5,0.636,0.51,0.055,0.51,0.65,0.0,0.0,-1.34,-5.56,0.26,-0.54,0.0,0.0,0.0,0.0,0.0,0.0,0.0,1.0,0.0,-0.0,-0.0,-0.0,0.2,0.0,0.0,0.0,0.0,0.0,0.0,0.0,0.0,161.0,97.0,170.0,170.0,55.0,24.0,128.0,19.0,15.0,0.0,1.0
35.736,98,99325.0,600.0,124.0,600.0,854.0,0.0,1.0,0.0,0.0,0.5,0.041,0.5,0.654,0.51,0.056,0.51,0.666,0.0,0.0,-1.34,-5.56,0.26,-0.54,0.0,0.0,0.0,0.0,0.0,0.0,0.0,1.0,0.0,-0.0,-0.0,-0.0,0.1,0.0,0.0,0.0,0.0,0.0,0.0,0.0,0.0,161.0,97.0,170.0,170.0,55.0,24.0,128.0,19.0,15.0,0.0,0.0
35.768,52,99377.0,600.0,125.0,600.0,854.0,0.0,1.0,0.0,0.0,0.5,0.041,0.5,0.654,0.51,0.056,0.51,0.666,0.0,0.0,-1.34,-5.56,0.26,-0.54,0.0,0.0,0.0,0.0,0.0,0.0,0.0,1.0,0.0,-0.0,-0.0,-0.0,0.1,0.0,0.0,0.0,0.0,0.0,0.0,0.0,0.0,161.0,97.0,170.0,170.0,55.0,24.0,128.0,19.0,15.0,0.0,1.0
35.831,36,99413.0,600.0,125.0,600.0,854.0,0.0,1.0,0.0,0.0,0.5,0.041,0.5,0.654,0.51,0.056,0.51,0.666,0.0,0.0,-1.34,-5.55,0.26,-0.54,0.0,0.0,0.0,0.0,0.0,0.0,0.0,1.0,0.0,-0.0,-0.0,-0.0,0.1,0.0,0.0,0.0,0.0,0.0,0.0,0.0,0.0,161.0,97.0,170.0,170.0,55.0,24.0,128.0,19.0,15.0,0.0,1.0
35.928,98,99511.0,600.0,125.0,600.0,809.0,0.0,1.0,0.0,0.0,0.5,0.041,0.5,0.649,0.51,0.056,0.51,0.665,0.0,0.0,-1.34,-5.55,0.26,-0.54,0.0,0.0,0.0,0.0,0.0,0.0,0.0,1.0,0.0,-0.0,-0.0,-0.0,0.1,0.0,0.0,0.0,0.0,0.0,0.0,0.0,0.0,161.0,97.0,170.0,170.0,55.0,24.0,128.0,19.0,15.0,0.0,0.0
35.96,52,99563.0,600.0,124.0,600.0,809.0,0.0,1.0,0.0,0.0,0.5,0.041,0.5,0.649,0.51,0.056,0.51,0.665,0.0,0.0,-1.34,-5.55,0.26,-0.54,0.0,0.0,0.0,0.0,0.0,0.0,0.0,1.0,0.0,-0.0,-0.0,-0.0,0.1,0.0,0.0,0.0,0.0,0.0,0.0,0.0,0.0,161.0,97.0,170.0,170.0,55.0,24.0,128.0,19.0,15.0,0.0,0.0
35.993,35,99598.0,600.0,124.0,600.0,809.0,0.0,1.0,0.0,0.0,0.5,0.041,0.5,0.649,0.51,0.056,0.51,0.665,0.0,0.0,-1.34,-5.55,0.26,-0.54,0.0,0.0,0.0,0.0,0.0,0.0,0.0,1.0,0.0,-0.0,-0.0,-0.0,0.1,0.0,0.0,0.0,0.0,0.0,0.0,0.0,0.0,161.0,97.0,170.0,170.0,55.0,24.0,128.0,19.0,15.0,0.0,1.0
36.09,99,99697.0,600.0,124.0,600.0,786.0,0.0,1.0,0.0,0.0,0.5,0.041,0.5,0.64,0.51,0.056,0.51,0.656,0.0,0.0,-1.34,-5.55,0.26,-0.54,0.0,0.0,0.0,0.0,0.0,0.0,0.0,1.0,0.0,-0.0,-0.0,-0.0,0.1,0.0,0.0,0.0,0.0,0.0,0.0,0.0,0.0,161.0,97.0,170.0,170.0,55.0,24.0,128.0,19.0,15.0,0.0,0.0
36.155,53,99750.0,600.0,123.0,600.0,786.0,0.0,1.0,0.0,0.0,0.5,0.041,0.5,0.64,0.51,0.056,0.51,0.656,0.0,0.0,-1.34,-5.55,0.26,-0.54,0.0,0.0,0.0,0.0,0.0,0.0,0.0,1.0,0.0,-0.0,-0.0,-0.0,0.0,0.0,0.0,0.0,0.0,0.0,0.0,0.0,0.0,161.0,97.0,170.0,170.0,55.0,24.0,128.0,19.0,15.0,0.0,0.0
36.22,52,99802.0,600.0,123.0,600.0,786.0,0.0,1.0,0.0,0.0,0.5,0.041,0.5,0.64,0.51,0.056,0.51,0.656,0.0,0.0,-1.34,-5.55,0.26,-0.54,0.0,0.0,0.0,0.0,0.0,0.0,0.0,1.0,0.0,-0.0,-0.0,-0.0,0.0,0.0,0.0,0.0,0.0,0.0,0.0,0.0,0.0,161.0,97.0,170.0,170.0,55.0,24.0,128.0,19.0,15.0,0.0,0.0
36.258,54,99856.0,600.0,123.0,600.0,776.0,0.0,1.0,0.0,0.0,0.5,0.041,0.5,0.632,0.51,0.055,0.51,0.648,0.0,0.0,-1.34,-5.55,0.26,-0.54,0.0,0.0,0.0,0.0,0.0,0.0,0.0,1.0,0.0,-0.0,-0.0,-0.0,0.0,0.0,0.0,0.0,0.0,0.0,0.0,0.0,0.0,161.0,97.0,170.0,170.0,55.0,24.0,128.0,19.0,15.0,0.0,0.0
36.325,53,99909.0,600.0,123.0,600.0,776.0,0.0,1.0,0.0,0.0,0.5,0.041,0.5,0.632,0.51,0.055,0.51,0.648,0.0,0.0,-1.34,-5.55,0.26,-0.54,0.0,0.0,0.0,0.0,0.0,0.0,0.0,1.0,0.0,-0.0,-0.0,-0.0,0.0,0.0,0.0,0.0,0.0,0.0,0.0,0.0,0.0,161.0,97.0,170.0,170.0,55.0,24.0,128.0,19.0,15.0,0.0,0.0
36.357,54,99963.0,600.0,123.0,600.0,776.0,0.0,1.0,0.0,0.0,0.5,0.041,0.5,0.632,0.51,0.055,0.51,0.648,0.0,0.0,-1.34,-5.55,0.26,-0.54,0.0,0.0,0.0,0.0,0.0,0.0,0.0,1.0,0.0,-0.0,-0.0,-0.0,0.0,0.0,0.0,0.0,0.0,0.0,0.0,0.0,0.0,161.0,97.0,170.0,170.0,55.0,24.0,128.0,19.0,15.0,0.0,1.0
36.388,35,99998.0,600.0,123.0,600.0,776.0,0.0,1.0,0.0,0.0,0.5,0.041,0.5,0.632,0.51,0.055,0.51,0.648,0.0,0.0,-1.34,-5.55,0.26,-0.54,0.0,0.0,0.0,0.0,0.0,0.0,0.0,1.0,0.0,-0.0,-0.0,-0.0,0.0,0.0,0.0,0.0,0.0,0.0,0.0,0.0,0.0,161.0,97.0,170.0,170.0,55.0,24.0,128.0,19.0,15.0,0.0,1.0
36.489,98,100096.0,600.0,123.0,600.0,779.0,0.0,1.0,0.0,0.0,0.5,0.041,0.5,0.63,0.51,0.055,0.51,0.645,0.0,0.0,-1.34,-5.55,0.26,-0.54,0.0,0.0,0.0,0.0,0.0,0.0,0.0,1.0,0.0,-0.0,-0.0,-0.0,0.0,0.0,0.0,0.0,0.0,0.0,0.0,0.0,0.0,161.0,97.0,170.0,170.0,55.0,24.0,128.0,19.0,15.0,0.0,0.0
36.554,53,100149.0,600.0,123.0,600.0,779.0,0.0,1.0,0.0,0.0,0.5,0.041,0.5,0.63,0.51,0.055,0.51,0.645,0.0,0.0,-1.34,-5.55,0.26,-0.54,0.0,0.0,0.0,0.0,0.0,0.0,0.0,1.0,0.0,-0.0,-0.0,-0.0,0.0,0.0,0.0,0.0,0.0,0.0,0.0,0.0,0.0,161.0,97.0,170.0,170.0,55.0,24.0,128.0,19.0,15.0,0.0,0.0
36.586,34,100183.0,600.0,123.0,600.0,779.0,0.0,1.0,0.0,0.0,0.5,0.041,0.5,0.63,0.51,0.055,0.51,0.645,0.0,0.0,-1.34,-5.55,0.26,-0.54,0.0,0.0,0.0,0.0,0.0,0.0,0.0,1.0,0.0,-0.0,-0.0,-0.0,0.0,0.0,0.0,0.0,0.0,0.0,0.0,0.0,0.0,161.0,97.0,170.0,170.0,55.0,24.0,128.0,19.0,15.0,0.0,1.0
36.689,101,100284.0,600.0,123.0,600.0,763.0,0.0,1.0,0.0,0.0,0.5,0.041,0.5,0.623,0.51,0.055,0.51,0.639,0.0,0.0,-1.34,-5.55,0.26,-0.54,0.0,0.0,0.0,0.0,0.0,0.0,0.0,1.0,0.0,-0.0,-0.0,-0.0,0.0,0.0,0.0,0.0,0.0,0.0,0.0,0.0,0.0,161.0,97.0,170.0,170.0,55.0,24.0,128.0,19.0,15.0,0.0,0.0
36.755,53,100337.0,600.0,124.0,600.0,763.0,0.0,1.0,0.0,0.0,0.5,0.041,0.5,0.623,0.51,0.055,0.51,0.639,0.0,0.0,-1.33,-5.55,0.26,-0.54,0.0,0.0,0.0,0.0,0.0,0.0,0.0,1.0,0.0,-0.0,-0.0,-0.0,0.0,0.0,0.0,0.0,0.0,0.0,0.0,0.0,0.0,161.0,97.0,170.0,170.0,55.0,24.0,128.0,19.0,15.0,0.0,0.0
36.787,52,100389.0,600.0,124.0,600.0,763.0,0.0,1.0,0.0,0.0,0.5,0.041,0.5,0.623,0.51,0.055,0.51,0.639,0.0,0.0,-1.33,-5.55,0.26,-0.54,0.0,0.0,0.0,0.0,0.0,0.0,0.0,1.0,0.0,-0.0,-0.0,-0.0,0.0,0.0,0.0,0.0,0.0,0.0,0.0,0.0,0.0,161.0,97.0,170.0,170.0,55.0,24.0,128.0,19.0,15.0,0.0,1.0
36.859,53,100442.0,600.0,124.0,600.0,808.0,0.0,1.0,0.0,0.0,0.5,0.041,0.5,0.635,0.51,0.055,0.51,0.648,0.0,0.0,-1.33,-5.55,0.26,-0.54,0.0,0.0,0.0,0.0,0.0,0.0,0.0,1.0,0.0,-0.0,-0.0,-0.0,0.0,0.0,0.0,0.0,0.0,0.0,0.0,0.0,0.0,161.0,97.0,170.0,170.0,55.0,24.0,128.0,19.0,15.0,0.0,0.0
36.891,53,100495.0,600.0,124.0,600.0,808.0,0.0,1.0,0.0,0.0,0.5,0.041,0.5,0.635,0.51,0.055,0.51,0.648,0.0,0.0,-1.33,-5.54,0.26,-0.54,0.0,0.0,0.0,0.0,0.0,0.0,0.0,1.0,0.0,-0.0,-0.0,-0.0,0.0,0.0,0.0,0.0,0.0,0.0,0.0,0.0,0.0,161.0,97.0,170.0,170.0,55.0,24.0,128.0,19.0,15.0,0.0,0.0
36.956,53,100548.0,600.0,124.0,600.0,808.0,0.0,1.0,0.0,0.0,0.5,0.041,0.5,0.635,0.51,0.055,0.51,0.648,0.0,0.0,-1.33,-5.54,0.26,-0.54,0.0,0.0,0.0,0.0,0.0,0.0,0.0,1.0,0.0,-0.0,-0.0,-0.0,0.0,0.0,0.0,0.0,0.0,0.0,0.0,0.0,0.0,161.0,97.0,170.0,170.0,55.0,24.0,128.0,19.0,15.0,0.0,0.0
36.988,34,100582.0,600.0,124.0,600.0,808.0,0.0,1.0,0.0,0.0,0.5,0.041,0.5,0.635,0.51,0.055,0.51,0.648,0.0,0.0,-1.33,-5.54,0.26,-0.54,0.0,0.0,0.0,0.0,0.0,0.0,0.0,1.0,0.0,-0.0,-0.0,-0.0,0.0,0.0,0.0,0.0,0.0,0.0,0.0,0.0,0.0,161.0,97.0,170.0,170.0,55.0,24.0,128.0,19.0,15.0,0.0,1.0
37.087,100,100682.0,600.0,124.0,600.0,812.0,0.0,1.0,0.0,0.0,0.5,0.041,0.5,0.641,0.51,0.056,0.51,0.655,0.0,0.0,-1.33,-5.54,0.26,-0.54,0.0,0.0,0.0,0.0,0.0,0.0,0.0,1.0,0.0,-0.0,-0.0,-0.0,0.0,0.0,0.0,0.0,0.0,0.0,0.0,0.0,0.0,161.0,97.0,170.0,170.0,55.0,24.0,128.0,19.0,15.0,0.0,0.0
37.153,55,100737.0,600.0,126.0,600.0,812.0,0.0,1.0,0.0,0.0,0.5,0.041,0.5,0.641,0.51,0.056,0.51,0.655,0.0,0.0,-1.33,-5.54,0.26,-0.54,0.0,0.0,0.0,0.0,0.0,0.0,0.0,1.0,0.0,-0.0,-0.0,-0.0,0.0,0.0,0.0,0.0,0.0,0.0,0.0,0.0,0.0,161.0,97.0,170.0,170.0,55.0,24.0,128.0,19.0,15.0,0.0,0.0
37.186,34,100771.0,600.0,126.0,600.0,812.0,0.0,1.0,0.0,0.0,0.5,0.041,0.5,0.641,0.51,0.056,0.51,0.655,0.0,0.0,-1.33,-5.54,0.26,-0.54,0.0,0.0,0.0,0.0,0.0,0.0,0.0,1.0,0.0,-0.0,-0.0,-0.0,0.0,0.0,0.0,0.0,0.0,0.0,0.0,0.0,0.0,161.0,97.0,170.0,170.0,55.0,24.0,128.0,19.0,15.0,0.0,1.0
37.292,101,100872.0,600.0,126.0,600.0,814.0,0.0,1.0,0.0,0.0,0.5,0.042,0.5,0.645,0.51,0.056,0.51,0.659,0.0,0.0,-1.33,-5.54,0.26,-0.54,0.0,0.0,0.0,0.0,0.0,0.0,0.0,1.0,0.0,-0.0,-0.0,-0.0,0.0,0.0,0.0,0.0,0.0,0.0,0.0,0.0,0.0,161.0,97.0,170.0,170.0,55.0,24.0,128.0,19.0,15.0,0.0,1.0
37.325,52,100924.0,600.0,125.0,600.0,814.0,0.0,1.0,0.0,0.0,0.5,0.042,0.5,0.645,0.51,0.056,0.51,0.659,0.0,0.0,-1.33,-5.54,0.26,-0.54,0.0,0.0,0.0,0.0,0.0,0.0,0.0,1.0,0.0,-0.0,-0.0,-0.0,0.0,0.0,0.0,0.0,0.0,0.0,0.0,0.0,0.0,161.0,97.0,170.0,170.0,55.0,24.0,128.0,19.0,15.0,0.0,0.0
37.358,35,100959.0,600.0,125.0,600.0,814.0,0.0,1.0,0.0,0.0,0.5,0.042,0.5,0.645,0.51,0.056,0.51,0.659,0.0,0.0,-1.33,-5.54,0.26,-0.54,0.0,0.0,0.0,0.0,0.0,0.0,0.0,1.0,0.0,-0.0,-0.0,-0.0,0.0,0.0,0.0,0.0,0.0,0.0,0.0,0.0,0.0,161.0,97.0,170.0,170.0,55.0,24.0,128.0,19.0,15.0,0.0,0.0
37.46,99,101058.0,600.0,125.0,600.0,764.0,0.0,1.0,0.0,0.0,0.5,0.042,0.5,0.631,0.51,0.056,0.51,0.648,0.0,0.0,-1.33,-5.54,0.26,-0.54,0.0,0.0,0.0,0.0,0.0,0.0,0.0,1.0,0.0,-0.0,-0.0,-0.0,0.0,0.0,0.0,0.0,0.0,0.0,0.0,0.0,0.0,161.0,97.0,170.0,170.0,55.0,24.0,128.0,19.0,15.0,0.0,1.0
37.524,51,101109.0,600.0,125.0,600.0,764.0,0.0,1.0,0.0,0.0,0.5,0.042,0.5,0.631,0.51,0.056,0.51,0.648,0.0,0.0,-1.33,-5.54,0.26,-0.54,0.0,0.0,0.0,0.0,0.0,0.0,0.0,1.0,0.0,-0.0,-0.0,-0.0,0.0,0.0,0.0,0.0,0.0,0.0,0.0,0.0,0.0,161.0,97.0,170.0,170.0,55.0,24.0,128.0,19.0,15.0,0.0,0.0
37.556,37,101146.0,600.0,125.0,600.0,764.0,0.0,1.0,0.0,0.0,0.5,0.042,0.5,0.631,0.51,0.056,0.51,0.648,0.0,0.0,-1.33,-5.54,0.26,-0.54,0.0,0.0,0.0,0.0,0.0,0.0,0.0,1.0,0.0,-0.0,-0.0,-0.0,0.0,0.0,0.0,0.0,0.0,0.0,0.0,0.0,0.0,161.0,97.0,170.0,170.0,55.0,24.0,128.0,19.0,15.0,0.0,1.0
37.657,100,101246.0,600.0,125.0,600.0,729.0,0.0,1.0,0.0,0.0,0.5,0.041,0.5,0.612,0.51,0.056,0.51,0.63,0.0,0.0,-1.33,-5.54,0.26,-0.54,0.0,0.0,0.0,0.0,0.0,0.0,0.0,1.0,0.0,-0.0,-0.0,-0.0,-0.0,0.0,0.0,0.0,0.0,0.0,0.0,0.0,0.0,161.0,97.0,170.0,170.0,55.0,24.0,128.0,19.0,15.0,0.0,0.0
37.69,52,101298.0,600.0,124.0,600.0,729.0,0.0,1.0,0.0,0.0,0.5,0.041,0.5,0.612,0.51,0.056,0.51,0.63,0.0,0.0,-1.33,-5.54,0.26,-0.54,0.0,0.0,0.0,0.0,0.0,0.0,0.0,1.0,0.0,-0.0,-0.0,-0.0,-0.0,0.0,0.0,0.0,0.0,0.0,0.0,0.0,0.0,161.0,97.0,170.0,170.0,55.0,24.0,128.0,19.0,15.0,0.0,1.0
37.722,35,101333.0,600.0,124.0,600.0,729.0,0.0,1.0,0.0,0.0,0.5,0.041,0.5,0.612,0.51,0.056,0.51,0.63,0.0,0.0,-1.33,-5.54,0.26,-0.54,0.0,0.0,0.0,0.0,0.0,0.0,0.0,1.0,0.0,-0.0,-0.0,-0.0,-0.0,0.0,0.0,0.0,0.0,0.0,0.0,0.0,0.0,161.0,97.0,170.0,170.0,55.0,24.0,128.0,19.0,15.0,0.0,1.0
37.819,97,101430.0,600.0,124.0,600.0,716.0,0.0,1.0,0.0,0.0,0.5,0.041,0.5,0.599,0.509,0.056,0.509,0.616,0.0,0.0,-1.33,-5.54,0.26,-0.54,0.0,0.0,0.0,0.0,0.0,0.0,0.0,1.0,0.0,-0.0,-0.0,-0.0,-0.0,0.0,0.0,0.0,0.0,0.0,0.0,0.0,0.0,161.0,97.0,170.0,170.0,55.0,24.0,128.0,19.0,15.0,0.0,0.0
37.887,53,101483.0,600.0,123.0,600.0,716.0,0.0,1.0,0.0,0.0,0.5,0.041,0.5,0.599,0.509,0.056,0.509,0.616,0.0,0.0,-1.33,-5.53,0.26,-0.54,0.0,0.0,0.0,0.0,0.0,0.0,0.0,1.0,0.0,-0.0,-0.0,-0.0,-0.0,0.0,0.0,0.0,0.0,0.0,0.0,0.0,0.0,161.0,97.0,170.0,170.0,55.0,24.0,128.0,19.0,15.0,0.0,0.0
37.919,35,101518.0,600.0,123.0,600.0,716.0,0.0,1.0,0.0,0.0,0.5,0.041,0.5,0.599,0.509,0.056,0.509,0.616,0.0,0.0,-1.33,-5.54,0.26,-0.54,0.0,0.0,0.0,0.0,0.0,0.0,0.0,1.0,0.0,-0.0,-0.0,-0.0,-0.0,0.0,0.0,0.0,0.0,0.0,0.0,0.0,0.0,161.0,97.0,170.0,170.0,55.0,24.0,128.0,19.0,15.0,0.0,1.0
38.015,101,101619.0,600.0,123.0,600.0,718.0,0.0,1.0,0.0,0.0,0.5,0.041,0.5,0.594,0.509,0.055,0.509,0.609,0.0,0.0,-1.33,-5.54,0.26,-0.54,0.0,0.0,0.0,0.0,0.0,0.0,0.0,1.0,0.0,-0.0,-0.0,-0.0,-0.0,0.0,0.0,0.0,0.0,0.0,0.0,0.0,0.0,161.0,97.0,170.0,170.0,55.0,24.0,128.0,19.0,15.0,0.0,0.0
38.083,53,101672.0,600.0,122.0,600.0,718.0,0.0,1.0,0.0,0.0,0.5,0.041,0.5,0.594,0.509,0.055,0.509,0.609,0.0,0.0,-1.33,-5.54,0.26,-0.54,0.0,0.0,0.0,0.0,0.0,0.0,0.0,1.0,0.0,-0.0,-0.0,-0.0,-0.0,0.0,0.0,0.0,0.0,0.0,0.0,0.0,0.0,161.0,97.0,170.0,170.0,55.0,24.0,128.0,19.0,15.0,0.0,0.0
38.116,34,101706.0,600.0,122.0,600.0,718.0,0.0,1.0,0.0,0.0,0.5,0.041,0.5,0.594,0.509,0.055,0.509,0.609,0.0,0.0,-1.33,-5.54,0.26,-0.54,0.0,0.0,0.0,0.0,0.0,0.0,0.0,1.0,0.0,-0.0,-0.0,-0.0,-0.0,0.0,0.0,0.0,0.0,0.0,0.0,0.0,0.0,161.0,97.0,170.0,170.0,55.0,24.0,128.0,19.0,15.0,0.0,1.0
38.211,99,101805.0,600.0,122.0,600.0,731.0,0.0,1.0,0.0,0.0,0.5,0.04,0.5,0.596,0.509,0.055,0.509,0.61,0.0,0.0,-1.33,-5.54,0.26,-0.54,0.0,0.0,0.0,0.0,0.0,0.0,0.0,1.0,0.0,-0.0,-0.0,-0.0,-0.0,0.0,0.0,0.0,0.0,0.0,0.0,0.0,0.0,161.0,97.0,170.0,170.0,55.0,24.0,128.0,19.0,15.0,0.0,0.0
38.283,53,101858.0,600.0,122.0,600.0,731.0,0.0,1.0,0.0,0.0,0.5,0.04,0.5,0.596,0.509,0.055,0.509,0.61,0.0,0.0,-1.33,-5.54,0.26,-0.54,0.0,0.0,0.0,0.0,0.0,0.0,0.0,1.0,0.0,-0.0,-0.0,-0.0,-0.0,0.0,0.0,0.0,0.0,0.0,0.0,0.0,0.0,161.0,97.0,170.0,170.0,55.0,24.0,128.0,19.0,15.0,0.0,0.0
38.315,52,101910.0,600.0,122.0,600.0,731.0,0.0,1.0,0.0,0.0,0.5,0.04,0.5,0.596,0.509,0.055,0.509,0.61,0.0,0.0,-1.33,-5.54,0.26,-0.54,0.0,0.0,0.0,0.0,0.0,0.0,0.0,1.0,0.0,-0.0,-0.0,-0.0,-0.0,0.0,0.0,0.0,0.0,0.0,0.0,0.0,0.0,161.0,97.0,170.0,170.0,55.0,24.0,128.0,19.0,15.0,0.0,0.0
38.381,52,101962.0,600.0,122.0,600.0,792.0,0.0,1.0,0.0,0.0,0.5,0.04,0.5,0.617,0.51,0.055,0.51,0.628,0.0,0.0,-1.33,-5.54,0.26,-0.54,0.0,0.0,0.0,0.0,0.0,0.0,0.0,1.0,0.0,-0.0,-0.0,-0.0,-0.0,0.0,0.0,0.0,0.0,0.0,0.0,0.0,0.0,161.0,97.0,170.0,170.0,55.0,24.0,128.0,19.0,15.0,0.0,0.0
38.414,54,102016.0,600.0,122.0,600.0,792.0,0.0,1.0,0.0,0.0,0.5,0.04,0.5,0.617,0.51,0.055,0.51,0.628,0.0,0.0,-1.33,-5.54,0.26,-0.54,0.0,0.0,0.0,0.0,0.0,0.0,0.0,1.0,0.0,-0.0,-0.0,-0.0,-0.0,0.0,0.0,0.0,0.0,0.0,0.0,0.0,0.0,161.0,97.0,170.0,170.0,55.0,24.0,128.0,19.0,15.0,0.0,0.0
38.48,53,102069.0,600.0,122.0,600.0,792.0,0.0,1.0,0.0,0.0,0.5,0.04,0.5,0.617,0.51,0.055,0.51,0.628,0.0,0.0,-1.33,-5.54,0.26,-0.54,0.0,0.0,0.0,0.0,0.0,0.0,0.0,1.0,0.0,-0.0,-0.0,-0.0,-0.0,0.0,0.0,0.0,0.0,0.0,0.0,0.0,0.0,161.0,97.0,170.0,170.0,55.0,24.0,128.0,19.0,15.0,0.0,0.0
38.512,34,102103.0,600.0,122.0,600.0,792.0,0.0,1.0,0.0,0.0,0.5,0.04,0.5,0.617,0.51,0.055,0.51,0.628,0.0,0.0,-1.33,-5.54,0.26,-0.54,0.0,0.0,0.0,0.0,0.0,0.0,0.0,1.0,0.0,-0.0,-0.0,-0.0,-0.0,0.0,0.0,0.0,0.0,0.0,0.0,0.0,0.0,161.0,97.0,170.0,170.0,55.0,24.0,128.0,19.0,15.0,0.0,1.0
38.609,102,102205.0,600.0,122.0,600.0,837.0,0.0,1.0,0.0,0.0,0.5,0.04,0.5,0.641,0.51,0.055,0.51,0.651,0.0,0.0,-1.33,-5.54,0.26,-0.54,0.0,0.0,0.0,0.0,0.0,0.0,0.0,1.0,0.0,-0.0,-0.0,-0.0,-0.0,0.0,0.0,0.0,0.0,0.0,0.0,0.0,0.0,161.0,97.0,170.0,170.0,55.0,24.0,128.0,19.0,15.0,0.0,1.0
38.675,53,102258.0,600.0,122.0,600.0,837.0,0.0,1.0,0.0,0.0,0.5,0.04,0.5,0.641,0.51,0.055,0.51,0.651,0.0,0.0,-1.33,-5.54,0.26,-0.54,0.0,0.0,0.0,0.0,0.0,0.0,0.0,1.0,0.0,-0.0,-0.0,-0.0,-0.0,0.0,0.0,0.0,0.0,0.0,0.0,0.0,0.0,161.0,97.0,170.0,170.0,55.0,24.0,128.0,19.0,15.0,0.0,0.0
38.707,53,102311.0,600.0,122.0,600.0,837.0,0.0,1.0,0.0,0.0,0.5,0.04,0.5,0.641,0.51,0.055,0.51,0.651,0.0,0.0,-1.33,-5.54,0.26,-0.54,0.0,0.0,0.0,0.0,0.0,0.0,0.0,1.0,0.0,-0.0,-0.0,-0.0,-0.0,0.0,0.0,0.0,0.0,0.0,0.0,0.0,0.0,161.0,97.0,170.0,170.0,55.0,24.0,128.0,19.0,15.0,0.0,2.0
38.772,52,102363.0,600.0,122.0,600.0,859.0,0.0,1.0,0.0,0.0,0.5,0.04,0.5,0.657,0.51,0.054,0.51,0.669,0.0,0.0,-1.33,-5.54,0.26,-0.54,0.0,0.0,0.0,0.0,0.0,0.0,0.0,1.0,0.0,-0.0,-0.0,-0.0,-0.0,0.0,0.0,0.0,0.0,0.0,0.0,0.0,0.0,161.0,97.0,170.0,170.0,55.0,24.0,128.0,19.0,15.0,0.0,0.0
38.837,55,102418.0,600.0,122.0,600.0,859.0,0.0,1.0,0.0,0.0,0.5,0.04,0.5,0.657,0.51,0.054,0.51,0.669,0.0,0.0,-1.33,-5.54,0.26,-0.54,0.0,0.0,0.0,0.0,0.0,0.0,0.0,1.0,0.0,-0.0,-0.0,-0.0,-0.0,0.0,0.0,0.0,0.0,0.0,0.0,0.0,0.0,161.0,97.0,170.0,170.0,55.0,24.0,128.0,19.0,15.0,0.0,0.0
38.87,52,102470.0,600.0,122.0,600.0,859.0,0.0,1.0,0.0,0.0,0.5,0.04,0.5,0.657,0.51,0.054,0.51,0.669,0.0,0.0,-1.33,-5.54,0.26,-0.54,0.0,0.0,0.0,0.0,0.0,0.0,0.0,1.0,0.0,-0.0,-0.0,-0.0,-0.0,0.0,0.0,0.0,0.0,0.0,0.0,0.0,0.0,161.0,97.0,170.0,170.0,55.0,24.0,128.0,19.0,15.0,0.0,0.0
38.933,54,102524.0,600.0,122.0,600.0,859.0,0.0,1.0,0.0,0.0,0.5,0.04,0.5,0.657,0.51,0.054,0.51,0.669,0.0,0.0,-1.33,-5.54,0.26,-0.54,0.0,0.0,0.0,0.0,0.0,0.0,0.0,1.0,0.0,-0.0,-0.0,-0.0,-0.0,0.0,0.0,0.0,0.0,0.0,0.0,0.0,0.0,161.0,97.0,170.0,170.0,55.0,24.0,128.0,19.0,15.0,0.0,0.0
38.965,53,102577.0,600.0,122.0,600.0,815.0,0.0,1.0,0.0,0.0,0.5,0.04,0.5,0.653,0.51,0.054,0.51,0.668,0.0,0.0,-1.33,-5.54,0.26,-0.54,0.0,0.0,0.0,0.0,0.0,0.0,0.0,1.0,0.0,-0.0,-0.0,-0.0,-0.0,0.0,0.0,0.0,0.0,0.0,0.0,0.0,0.0,161.0,97.0,170.0,170.0,55.0,24.0,128.0,19.0,15.0,0.0,0.0
39.037,53,102630.0,600.0,122.0,600.0,815.0,0.0,1.0,0.0,0.0,0.5,0.04,0.5,0.653,0.51,0.054,0.51,0.668,0.0,0.0,-1.33,-5.54,0.26,-0.54,0.0,0.0,0.0,0.0,0.0,0.0,0.0,1.0,0.0,-0.0,-0.0,-0.0,-0.0,0.0,0.0,0.0,0.0,0.0,0.0,0.0,0.0,161.0,97.0,170.0,170.0,55.0,24.0,128.0,19.0,15.0,0.0,1.0
39.103,53,102683.0,600.0,123.0,600.0,815.0,0.0,1.0,0.0,0.0,0.5,0.04,0.5,0.653,0.51,0.054,0.51,0.668,0.0,0.0,-1.33,-5.54,0.26,-0.54,0.0,0.0,0.0,0.0,0.0,0.0,0.0,1.0,0.0,-0.0,-0.0,-0.0,-0.0,0.0,0.0,0.0,0.0,0.0,0.0,0.0,0.0,161.0,97.0,170.0,170.0,55.0,24.0,128.0,19.0,15.0,0.0,0.0
39.135,34,102717.0,600.0,123.0,600.0,815.0,0.0,1.0,0.0,0.0,0.5,0.04,0.5,0.653,0.51,0.054,0.51,0.668,0.0,0.0,-1.33,-5.54,0.26,-0.54,0.0,0.0,0.0,0.0,0.0,0.0,0.0,1.0,0.0,-0.0,-0.0,-0.0,-0.0,0.0,0.0,0.0,0.0,0.0,0.0,0.0,0.0,161.0,97.0,170.0,170.0,55.0,24.0,128.0,19.0,15.0,0.0,1.0
39.232,104,102821.0,600.0,123.0,600.0,798.0,0.0,1.0,0.0,0.0,0.5,0.04,0.5,0.645,0.51,0.055,0.51,0.661,0.0,0.0,-1.33,-5.54,0.26,-0.54,0.0,0.0,0.0,0.0,0.0,0.0,0.0,1.0,0.0,-0.0,-0.0,-0.0,-0.0,0.0,0.0,0.0,0.0,0.0,0.0,0.0,0.0,161.0,97.0,170.0,170.0,55.0,24.0,128.0,19.0,15.0,0.0,1.0
39.264,52,102873.0,600.0,123.0,600.0,798.0,0.0,1.0,0.0,0.0,0.5,0.04,0.5,0.645,0.51,0.055,0.51,0.661,0.0,0.0,-1.33,-5.54,0.26,-0.54,0.0,0.0,0.0,0.0,0.0,0.0,0.0,1.0,0.0,-0.0,-0.0,-0.0,0.0,0.0,0.0,0.0,0.0,0.0,0.0,0.0,0.0,161.0,97.0,170.0,170.0,55.0,24.0,128.0,19.0,15.0,0.0,0.0
39.327,53,102926.0,600.0,123.0,600.0,798.0,0.0,1.0,0.0,0.0,0.5,0.04,0.5,0.645,0.51,0.055,0.51,0.661,0.0,0.0,-1.33,-5.54,0.26,-0.54,0.0,0.0,0.0,0.0,0.0,0.0,0.0,1.0,0.0,-0.0,-0.0,-0.0,0.0,0.0,0.0,0.0,0.0,0.0,0.0,0.0,0.0,161.0,97.0,170.0,170.0,55.0,24.0,128.0,19.0,15.0,0.0,1.0
39.391,53,102979.0,600.0,123.0,600.0,737.0,0.0,1.0,0.0,0.0,0.5,0.04,0.5,0.622,0.51,0.055,0.51,0.64,0.0,0.0,-1.33,-5.54,0.26,-0.54,0.0,0.0,0.0,0.0,0.0,0.0,0.0,1.0,0.0,-0.0,-0.0,-0.0,0.0,0.0,0.0,0.0,0.0,0.0,0.0,0.0,0.0,161.0,97.0,170.0,170.0,55.0,24.0,128.0,19.0,15.0,0.0,0.0
39.424,53,103032.0,600.0,123.0,600.0,737.0,0.0,1.0,0.0,0.0,0.5,0.04,0.5,0.622,0.51,0.055,0.51,0.64,0.0,0.0,-1.33,-5.54,0.26,-0.54,0.0,0.0,0.0,0.0,0.0,0.0,0.0,1.0,0.0,-0.0,-0.0,-0.0,0.0,0.0,0.0,0.0,0.0,0.0,0.0,0.0,0.0,161.0,97.0,170.0,170.0,55.0,24.0,128.0,19.0,15.0,0.0,0.0
39.495,53,103085.0,600.0,123.0,600.0,737.0,0.0,1.0,0.0,0.0,0.5,0.04,0.5,0.622,0.51,0.055,0.51,0.64,0.0,0.0,-1.33,-5.54,0.26,-0.54,0.0,0.0,0.0,0.0,0.0,0.0,0.0,1.0,0.0,-0.0,-0.0,-0.0,0.0,0.0,0.0,0.0,0.0,0.0,0.0,0.0,0.0,161.0,97.0,170.0,170.0,55.0,24.0,128.0,19.0,15.0,0.0,0.0
39.528,35,103120.0,600.0,123.0,600.0,737.0,0.0,1.0,0.0,0.0,0.5,0.04,0.5,0.622,0.51,0.055,0.51,0.64,0.0,0.0,-1.33,-5.54,0.26,-0.54,0.0,0.0,0.0,0.0,0.0,0.0,0.0,1.0,0.0,-0.0,-0.0,-0.0,0.0,0.0,0.0,0.0,0.0,0.0,0.0,0.0,0.0,161.0,97.0,170.0,170.0,55.0,24.0,128.0,19.0,15.0,0.0,1.0
39.625,100,103220.0,600.0,123.0,600.0,692.0,0.0,1.0,0.0,0.0,0.5,0.04,0.5,0.594,0.509,0.055,0.509,0.614,0.0,0.0,-1.34,-5.54,0.26,-0.54,0.0,0.0,0.0,0.0,0.0,0.0,0.0,1.0,0.0,-0.0,-0.0,-0.0,0.0,0.0,0.0,0.0,0.0,0.0,0.0,0.0,0.0,161.0,97.0,170.0,170.0,55.0,24.0,128.0,19.0,15.0,0.0,1.0
39.69,52,103272.0,600.0,123.0,600.0,692.0,0.0,1.0,0.0,0.0,0.5,0.04,0.5,0.594,0.509,0.055,0.509,0.614,0.0,0.0,-1.34,-5.54,0.26,-0.54,0.0,0.0,0.0,0.0,0.0,0.0,0.0,1.0,0.0,-0.0,-0.0,-0.0,0.0,0.0,0.0,0.0,0.0,0.0,0.0,0.0,0.0,161.0,97.0,170.0,170.0,55.0,24.0,128.0,19.0,15.0,0.0,0.0
39.721,34,103306.0,600.0,123.0,600.0,692.0,0.0,1.0,0.0,0.0,0.5,0.04,0.5,0.594,0.509,0.055,0.509,0.614,0.0,0.0,-1.34,-5.54,0.26,-0.54,0.0,0.0,0.0,0.0,0.0,0.0,0.0,1.0,0.0,-0.0,-0.0,-0.0,0.0,0.0,0.0,0.0,0.0,0.0,0.0,0.0,0.0,161.0,97.0,170.0,170.0,55.0,24.0,128.0,19.0,15.0,0.0,1.0
39.817,98,103404.0,600.0,123.0,600.0,685.0,0.0,1.0,0.0,0.0,0.5,0.04,0.5,0.579,0.509,0.055,0.509,0.596,0.0,0.0,-1.34,-5.54,0.26,-0.54,0.0,0.0,0.0,0.0,0.0,0.0,0.0,1.0,0.0,-0.0,-0.0,-0.0,0.0,0.0,0.0,0.0,0.0,0.0,0.0,0.0,0.0,161.0,97.0,170.0,170.0,55.0,24.0,128.0,19.0,15.0,0.0,0.0
39.856,52,103456.0,600.0,123.0,600.0,685.0,0.0,1.0,0.0,0.0,0.5,0.04,0.5,0.579,0.509,0.055,0.509,0.596,0.0,0.0,-1.34,-5.54,0.26,-0.54,0.0,0.0,0.0,0.0,0.0,0.0,0.0,1.0,0.0,-0.0,-0.0,-0.0,0.0,0.0,0.0,0.0,0.0,0.0,0.0,0.0,0.0,161.0,97.0,170.0,170.0,55.0,24.0,128.0,19.0,15.0,0.0,0.0
39.887,35,103491.0,600.0,123.0,600.0,685.0,0.0,1.0,0.0,0.0,0.5,0.04,0.5,0.579,0.509,0.055,0.509,0.596,0.0,0.0,-1.34,-5.54,0.26,-0.54,0.0,0.0,0.0,0.0,0.0,0.0,0.0,1.0,0.0,-0.0,-0.0,-0.0,0.0,0.0,0.0,0.0,0.0,0.0,0.0,0.0,0.0,161.0,97.0,170.0,170.0,55.0,24.0,128.0,19.0,15.0,0.0,1.0
39.982,99,103590.0,600.0,123.0,600.0,685.0,0.0,1.0,0.0,0.0,0.5,0.04,0.5,0.572,0.509,0.055,0.509,0.588,0.0,0.0,-1.34,-5.55,0.26,-0.54,0.0,0.0,0.0,0.0,0.0,0.0,0.0,1.0,0.0,-0.0,-0.0,-0.0,0.0,0.0,0.0,0.0,0.0,0.0,0.0,0.0,0.0,161.0,97.0,170.0,170.0,55.0,24.0,128.0,19.0,15.0,0.0,1.0
40.048,54,103644.0,600.0,124.0,600.0,685.0,0.0,1.0,0.0,0.0,0.5,0.04,0.5,0.572,0.509,0.055,0.509,0.588,0.0,0.0,-1.34,-5.55,0.26,-0.54,0.0,0.0,0.0,0.0,0.0,0.0,0.0,1.0,0.0,-0.0,-0.0,-0.0,0.0,0.0,0.0,0.0,0.0,0.0,0.0,0.0,0.0,161.0,97.0,170.0,170.0,55.0,24.0,128.0,19.0,15.0,0.0,0.0
40.114,53,103697.0,600.0,124.0,600.0,685.0,0.0,1.0,0.0,0.0,0.5,0.04,0.5,0.572,0.509,0.055,0.509,0.588,0.0,0.0,-1.34,-5.55,0.26,-0.54,0.0,0.0,0.0,0.0,0.0,0.0,0.0,1.0,0.0,-0.0,-0.0,-0.0,0.0,0.0,0.0,0.0,0.0,0.0,0.0,0.0,0.0,161.0,97.0,170.0,170.0,55.0,24.0,128.0,19.0,15.0,0.0,0.0
40.147,53,103750.0,600.0,124.0,600.0,648.0,0.0,1.0,0.0,0.0,0.5,0.041,0.5,0.554,0.509,0.055,0.509,0.572,0.0,0.0,-1.34,-5.55,0.26,-0.54,0.0,0.0,0.0,0.0,0.0,0.0,0.0,1.0,0.0,-0.0,-0.0,-0.0,0.0,0.0,0.0,0.0,0.0,0.0,0.0,0.0,0.0,161.0,97.0,170.0,170.0,55.0,24.0,128.0,19.0,15.0,0.0,1.0
40.214,53,103803.0,600.0,124.0,600.0,648.0,0.0,1.0,0.0,0.0,0.5,0.041,0.5,0.554,0.509,0.055,0.509,0.572,0.0,0.0,-1.34,-5.55,0.26,-0.54,0.0,0.0,0.0,0.0,0.0,0.0,0.0,1.0,0.0,-0.0,-0.0,-0.0,0.0,0.0,0.0,0.0,0.0,0.0,0.0,0.0,0.0,161.0,97.0,170.0,170.0,55.0,24.0,128.0,19.0,15.0,0.0,0.0
40.252,51,103854.0,600.0,124.0,600.0,648.0,0.0,1.0,0.0,0.0,0.5,0.041,0.5,0.554,0.509,0.055,0.509,0.572,0.0,0.0,-1.34,-5.55,0.26,-0.54,0.0,0.0,0.0,0.0,0.0,0.0,0.0,1.0,0.0,-0.0,-0.0,-0.0,0.0,0.0,0.0,0.0,0.0,0.0,0.0,0.0,0.0,161.0,97.0,170.0,170.0,55.0,24.0,128.0,19.0,15.0,0.0,0.0
40.285,35,103889.0,600.0,124.0,600.0,648.0,0.0,1.0,0.0,0.0,0.5,0.041,0.5,0.554,0.509,0.055,0.509,0.572,0.0,0.0,-1.34,-5.55,0.26,-0.54,0.0,0.0,0.0,0.0,0.0,0.0,0.0,1.0,0.0,-0.0,-0.0,-0.0,0.0,0.0,0.0,0.0,0.0,0.0,0.0,0.0,0.0,161.0,97.0,170.0,170.0,55.0,24.0,128.0,19.0,15.0,0.0,1.0
40.382,102,103991.0,600.0,124.0,600.0,694.0,0.0,1.0,0.0,0.0,0.5,0.041,0.5,0.564,0.509,0.055,0.509,0.577,0.0,0.0,-1.34,-5.55,0.26,-0.54,0.0,0.0,0.0,0.0,0.0,0.0,0.0,1.0,0.0,-0.0,-0.0,-0.0,0.0,0.0,0.0,0.0,0.0,0.0,0.0,0.0,0.0,161.0,97.0,170.0,170.0,55.0,24.0,128.0,19.0,15.0,0.0,1.0
40.446,54,104045.0,600.0,124.0,600.0,694.0,0.0,1.0,0.0,0.0,0.5,0.041,0.5,0.564,0.509,0.055,0.509,0.577,0.0,0.0,-1.34,-5.55,0.26,-0.54,0.0,0.0,0.0,0.0,0.0,0.0,0.0,1.0,0.0,-0.0,-0.0,-0.0,0.0,0.0,0.0,0.0,0.0,0.0,0.0,0.0,0.0,161.0,97.0,170.0,170.0,55.0,24.0,128.0,19.0,15.0,0.0,0.0
40.478,34,104079.0,600.0,124.0,600.0,694.0,0.0,1.0,0.0,0.0,0.5,0.041,0.5,0.564,0.509,0.055,0.509,0.577,0.0,0.0,-1.34,-5.54,0.26,-0.54,0.0,0.0,0.0,0.0,0.0,0.0,0.0,1.0,0.0,-0.0,-0.0,-0.0,0.0,0.0,0.0,0.0,0.0,0.0,0.0,0.0,0.0,161.0,97.0,170.0,170.0,55.0,24.0,128.0,19.0,15.0,0.0,1.0
40.575,97,104176.0,600.0,124.0,600.0,694.0,0.0,1.0,0.0,0.0,0.5,0.041,0.5,0.568,0.509,0.056,0.509,0.582,0.0,0.0,-1.34,-5.54,0.26,-0.54,0.0,0.0,0.0,0.0,0.0,0.0,0.0,1.0,0.0,-0.0,-0.0,-0.0,0.0,0.0,0.0,0.0,0.0,0.0,0.0,0.0,0.0,161.0,97.0,170.0,170.0,55.0,24.0,128.0,19.0,15.0,0.0,1.0
40.641,54,104230.0,600.0,126.0,600.0,694.0,0.0,1.0,0.0,0.0,0.5,0.041,0.5,0.568,0.509,0.056,0.509,0.582,0.0,0.0,-1.34,-5.54,0.26,-0.54,0.0,0.0,0.0,0.0,0.0,0.0,0.0,1.0,0.0,-0.0,-0.0,-0.0,0.0,0.0,0.0,0.0,0.0,0.0,0.0,0.0,0.0,161.0,97.0,170.0,170.0,55.0,24.0,128.0,19.0,15.0,0.0,0.0
40.674,34,104264.0,600.0,126.0,600.0,694.0,0.0,1.0,0.0,0.0,0.5,0.041,0.5,0.568,0.509,0.056,0.509,0.582,0.0,0.0,-1.34,-5.54,0.26,-0.54,0.0,0.0,0.0,0.0,0.0,0.0,0.0,1.0,0.0,-0.0,-0.0,-0.0,0.0,0.0,0.0,0.0,0.0,0.0,0.0,0.0,0.0,161.0,97.0,170.0,170.0,55.0,24.0,128.0,19.0,15.0,0.0,1.0
40.771,101,104365.0,600.0,126.0,600.0,685.0,0.0,1.0,0.0,0.0,0.5,0.042,0.5,0.567,0.509,0.056,0.509,0.582,0.0,0.0,-1.34,-5.54,0.26,-0.54,0.0,0.0,0.0,0.0,0.0,0.0,0.0,1.0,0.0,-0.0,-0.0,-0.0,0.0,0.0,0.0,0.0,0.0,0.0,0.0,0.0,0.0,161.0,97.0,170.0,170.0,55.0,24.0,128.0,19.0,15.0,0.0,0.0
40.836,54,104419.0,600.0,126.0,600.0,685.0,0.0,1.0,0.0,0.0,0.5,0.042,0.5,0.567,0.509,0.056,0.509,0.582,0.0,0.0,-1.34,-5.54,0.26,-0.54,0.0,0.0,0.0,0.0,0.0,0.0,0.0,1.0,0.0,-0.0,-0.0,-0.0,0.0,0.0,0.0,0.0,0.0,0.0,0.0,0.0,0.0,161.0,97.0,170.0,170.0,55.0,24.0,128.0,19.0,15.0,0.0,0.0
40.869,54,104473.0,600.0,126.0,600.0,685.0,0.0,1.0,0.0,0.0,0.5,0.042,0.5,0.567,0.509,0.056,0.509,0.582,0.0,0.0,-1.34,-5.54,0.26,-0.54,0.0,0.0,0.0,0.0,0.0,0.0,0.0,1.0,0.0,-0.0,-0.0,-0.0,0.0,0.0,0.0,0.0,0.0,0.0,0.0,0.0,0.0,161.0,97.0,170.0,170.0,55.0,24.0,128.0,19.0,15.0,0.0,0.0
40.932,53,104526.0,600.0,126.0,600.0,732.0,0.0,1.0,0.0,0.0,0.5,0.042,0.5,0.584,0.509,0.057,0.509,0.596,0.0,0.0,-1.34,-5.54,0.26,-0.54,0.0,0.0,0.0,0.0,0.0,0.0,0.0,1.0,0.0,-0.0,-0.0,-0.0,0.0,0.0,0.0,0.0,0.0,0.0,0.0,0.0,0.0,161.0,97.0,170.0,170.0,55.0,24.0,128.0,19.0,15.0,0.0,0.0
40.996,53,104579.0,600.0,126.0,600.0,732.0,0.0,1.0,0.0,0.0,0.5,0.042,0.5,0.584,0.509,0.057,0.509,0.596,0.0,0.0,-1.34,-5.55,0.26,-0.54,0.0,0.0,0.0,0.0,0.0,0.0,0.0,1.0,0.0,-0.0,-0.0,-0.0,0.0,0.0,0.0,0.0,0.0,0.0,0.0,0.0,0.0,161.0,97.0,170.0,170.0,55.0,24.0,128.0,19.0,15.0,0.0,0.0
41.028,53,104632.0,600.0,125.0,600.0,732.0,0.0,1.0,0.0,0.0,0.5,0.042,0.5,0.584,0.509,0.057,0.509,0.596,0.0,0.0,-1.34,-5.55,0.26,-0.54,0.0,0.0,0.0,0.0,0.0,0.0,0.0,1.0,0.0,-0.0,-0.0,-0.0,0.0,0.0,0.0,0.0,0.0,0.0,0.0,0.0,0.0,161.0,97.0,170.0,170.0,55.0,24.0,128.0,19.0,15.0,0.0,0.0
41.099,52,104684.0,600.0,125.0,600.0,732.0,0.0,1.0,0.0,0.0,0.5,0.042,0.5,0.584,0.509,0.057,0.509,0.596,0.0,0.0,-1.34,-5.56,0.26,-0.54,0.0,0.0,0.0,0.0,0.0,0.0,0.0,1.0,0.0,-0.0,-0.0,-0.0,0.0,0.0,0.0,0.0,0.0,0.0,0.0,0.0,0.0,161.0,97.0,170.0,170.0,55.0,24.0,128.0,19.0,15.0,0.0,0.0
41.131,53,104737.0,600.0,125.0,600.0,782.0,0.0,1.0,0.0,0.0,0.5,0.042,0.5,0.608,0.509,0.057,0.509,0.619,0.0,0.0,-1.34,-5.56,0.26,-0.54,0.0,0.0,0.0,0.0,0.0,0.0,0.0,1.0,0.0,-0.0,-0.0,-0.0,0.0,0.0,0.0,0.0,0.0,0.0,0.0,0.0,0.0,161.0,97.0,170.0,170.0,55.0,24.0,128.0,19.0,15.0,0.0,0.0
41.196,53,104790.0,600.0,125.0,600.0,782.0,0.0,1.0,0.0,0.0,0.5,0.042,0.5,0.608,0.509,0.057,0.509,0.619,0.0,0.0,-1.34,-5.56,0.26,-0.54,0.0,0.0,0.0,0.0,0.0,0.0,0.0,1.0,0.0,-0.0,-0.0,-0.0,0.0,0.0,0.0,0.0,0.0,0.0,0.0,0.0,0.0,161.0,97.0,170.0,170.0,55.0,24.0,128.0,19.0,15.0,0.0,0.0
41.264,53,104843.0,600.0,125.0,600.0,782.0,0.0,1.0,0.0,0.0,0.5,0.042,0.5,0.608,0.509,0.057,0.509,0.619,0.0,0.0,-1.34,-5.56,0.26,-0.54,0.0,0.0,0.0,0.0,0.0,0.0,0.0,1.0,0.0,-0.0,-0.0,-0.0,0.0,0.0,0.0,0.0,0.0,0.0,0.0,0.0,0.0,161.0,97.0,170.0,170.0,55.0,24.0,128.0,19.0,15.0,0.0,0.0
41.296,54,104897.0,600.0,125.0,600.0,782.0,0.0,1.0,0.0,0.0,0.5,0.042,0.5,0.608,0.509,0.057,0.509,0.619,0.0,0.0,-1.34,-5.56,0.26,-0.54,0.0,0.0,0.0,0.0,0.0,0.0,0.0,1.0,0.0,-0.0,-0.0,-0.0,0.0,0.0,0.0,0.0,0.0,0.0,0.0,0.0,0.0,161.0,97.0,170.0,170.0,55.0,24.0,128.0,19.0,15.0,0.0,0.0
41.358,53,104950.0,600.0,125.0,600.0,786.0,0.0,1.0,0.0,0.0,0.5,0.042,0.5,0.621,0.51,0.056,0.51,0.633,0.0,0.0,-1.34,-5.56,0.26,-0.54,0.0,0.0,0.0,0.0,0.0,0.0,0.0,1.0,0.0,-0.0,-0.0,-0.0,0.0,0.0,0.0,0.0,0.0,0.0,0.0,0.0,0.0,161.0,97.0,170.0,170.0,55.0,24.0,128.0,19.0,15.0,0.0,0.0
41.391,53,105003.0,600.0,125.0,600.0,786.0,0.0,1.0,0.0,0.0,0.5,0.042,0.5,0.621,0.51,0.056,0.51,0.633,0.0,0.0,-1.34,-5.56,0.26,-0.54,0.0,0.0,0.0,0.0,0.0,0.0,0.0,1.0,0.0,-0.0,-0.0,-0.0,0.0,0.0,0.0,0.0,0.0,0.0,0.0,0.0,0.0,161.0,97.0,170.0,170.0,55.0,24.0,128.0,19.0,15.0,0.0,0.0
41.459,53,105056.0,600.0,124.0,600.0,786.0,0.0,1.0,0.0,0.0,0.5,0.042,0.5,0.621,0.51,0.056,0.51,0.633,0.0,0.0,-1.34,-5.56,0.26,-0.54,0.0,0.0,0.0,0.0,0.0,0.0,0.0,1.0,0.0,-0.0,-0.0,-0.0,0.0,0.0,0.0,0.0,0.0,0.0,0.0,0.0,0.0,161.0,97.0,170.0,170.0,55.0,24.0,128.0,19.0,15.0,0.0,0.0
41.492,35,105091.0,600.0,124.0,600.0,786.0,0.0,1.0,0.0,0.0,0.5,0.042,0.5,0.621,0.51,0.056,0.51,0.633,0.0,0.0,-1.34,-5.56,0.26,-0.54,0.0,0.0,0.0,0.0,0.0,0.0,0.0,1.0,0.0,-0.0,-0.0,-0.0,0.0,0.0,0.0,0.0,0.0,0.0,0.0,0.0,0.0,161.0,97.0,170.0,170.0,55.0,24.0,128.0,19.0,15.0,0.0,1.0
41.589,99,105190.0,600.0,124.0,600.0,829.0,0.0,1.0,0.0,0.0,0.5,0.041,0.5,0.64,0.51,0.056,0.51,0.651,0.0,0.0,-1.34,-5.56,0.26,-0.54,0.0,0.0,0.0,0.0,0.0,0.0,0.0,1.0,0.0,-0.0,-0.0,-0.0,0.0,0.0,0.0,0.0,0.0,0.0,0.0,0.0,0.0,161.0,97.0,170.0,170.0,55.0,24.0,128.0,19.0,15.0,0.0,0.0
41.656,53,105243.0,600.0,122.0,600.0,829.0,0.0,1.0,0.0,0.0,0.5,0.041,0.5,0.64,0.51,0.056,0.51,0.651,0.0,0.0,-1.34,-5.56,0.26,-0.54,0.0,0.0,0.0,0.0,0.0,0.0,0.0,1.0,0.0,-0.0,-0.0,-0.0,0.0,0.0,0.0,0.0,0.0,0.0,0.0,0.0,0.0,161.0,97.0,170.0,170.0,55.0,24.0,128.0,19.0,15.0,0.0,0.0
41.688,36,105279.0,600.0,122.0,600.0,829.0,0.0,1.0,0.0,0.0,0.5,0.041,0.5,0.64,0.51,0.056,0.51,0.651,0.0,0.0,-1.34,-5.56,0.26,-0.54,0.0,0.0,0.0,0.0,0.0,0.0,0.0,1.0,0.0,-0.0,-0.0,-0.0,0.0,0.0,0.0,0.0,0.0,0.0,0.0,0.0,0.0,161.0,97.0,170.0,170.0,55.0,24.0,128.0,19.0,15.0,0.0,1.0
41.786,100,105379.0,600.0,122.0,600.0,790.0,0.0,1.0,0.0,0.0,0.5,0.041,0.5,0.637,0.51,0.055,0.51,0.652,0.0,0.0,-1.34,-5.56,0.26,-0.54,0.0,0.0,0.0,0.0,0.0,0.0,0.0,1.0,0.0,-0.0,-0.0,-0.0,0.0,0.0,0.0,0.0,0.0,0.0,0.0,0.0,0.0,161.0,97.0,170.0,170.0,55.0,24.0,128.0,19.0,15.0,0.0,0.0
41.819,53,105432.0,600.0,121.0,600.0,790.0,0.0,1.0,0.0,0.0,0.5,0.041,0.5,0.637,0.51,0.055,0.51,0.652,0.0,0.0,-1.34,-5.56,0.26,-0.54,0.0,0.0,0.0,0.0,0.0,0.0,0.0,1.0,0.0,-0.0,-0.0,-0.0,0.0,0.0,0.0,0.0,0.0,0.0,0.0,0.0,0.0,161.0,97.0,170.0,170.0,55.0,24.0,128.0,19.0,15.0,0.0,1.0
41.885,35,105467.0,600.0,121.0,600.0,790.0,0.0,1.0,0.0,0.0,0.5,0.041,0.5,0.637,0.51,0.055,0.51,0.652,0.0,0.0,-1.34,-5.56,0.26,-0.54,0.0,0.0,0.0,0.0,0.0,0.0,0.0,1.0,0.0,-0.0,-0.0,-0.0,0.0,0.0,0.0,0.0,0.0,0.0,0.0,0.0,0.0,161.0,97.0,170.0,170.0,55.0,24.0,128.0,19.0,15.0,0.0,1.0
41.983,97,105564.0,600.0,121.0,600.0,792.0,0.0,1.0,0.0,0.0,0.5,0.04,0.5,0.636,0.51,0.055,0.51,0.651,0.0,0.0,-1.34,-5.56,0.26,-0.54,0.0,0.0,0.0,0.0,0.0,0.0,0.0,1.0,0.0,-0.0,-0.0,-0.0,0.0,0.0,0.0,0.0,0.0,0.0,0.0,0.0,0.0,161.0,97.0,170.0,170.0,55.0,24.0,128.0,19.0,15.0,0.0,0.0
42.015,54,105618.0,600.0,121.0,600.0,792.0,0.0,1.0,0.0,0.0,0.5,0.04,0.5,0.636,0.51,0.055,0.51,0.651,0.0,0.0,-1.34,-5.57,0.26,-0.54,0.0,0.0,0.0,0.0,0.0,0.0,0.0,1.0,0.0,-0.0,-0.0,-0.0,0.0,0.0,0.0,0.0,0.0,0.0,0.0,0.0,0.0,161.0,97.0,170.0,170.0,55.0,24.0,128.0,19.0,15.0,0.0,1.0
42.088,52,105670.0,600.0,121.0,600.0,792.0,0.0,1.0,0.0,0.0,0.5,0.04,0.5,0.636,0.51,0.055,0.51,0.651,0.0,0.0,-1.34,-5.57,0.26,-0.54,0.0,0.0,0.0,0.0,0.0,0.0,0.0,1.0,0.0,-0.0,-0.0,-0.0,0.0,0.0,0.0,0.0,0.0,0.0,0.0,0.0,0.0,161.0,97.0,170.0,170.0,55.0,24.0,128.0,19.0,15.0,0.0,1.0
42.12,55,105725.0,600.0,121.0,600.0,789.0,0.0,1.0,0.0,0.0,0.5,0.04,0.5,0.635,0.51,0.054,0.51,0.649,0.0,0.0,-1.34,-5.57,0.26,-0.54,0.0,0.0,0.0,0.0,0.0,0.0,0.0,1.0,0.0,-0.0,-0.0,-0.0,0.0,0.0,0.0,0.0,0.0,0.0,0.0,0.0,0.0,161.0,97.0,170.0,170.0,55.0,24.0,128.0,19.0,15.0,0.0,0.0
42.186,53,105778.0,600.0,121.0,600.0,789.0,0.0,1.0,0.0,0.0,0.5,0.04,0.5,0.635,0.51,0.054,0.51,0.649,0.0,0.0,-1.34,-5.56,0.26,-0.54,0.0,0.0,0.0,0.0,0.0,0.0,0.0,1.0,0.0,-0.0,-0.0,-0.0,0.0,0.0,0.0,0.0,0.0,0.0,0.0,0.0,0.0,161.0,97.0,170.0,170.0,55.0,24.0,128.0,19.0,15.0,0.0,0.0
42.219,51,105829.0,600.0,122.0,600.0,789.0,0.0,1.0,0.0,0.0,0.5,0.04,0.5,0.635,0.51,0.054,0.51,0.649,0.0,0.0,-1.34,-5.56,0.26,-0.54,0.0,0.0,0.0,0.0,0.0,0.0,0.0,1.0,0.0,-0.0,-0.0,-0.0,0.0,0.0,0.0,0.0,0.0,0.0,0.0,0.0,0.0,161.0,97.0,170.0,170.0,55.0,24.0,128.0,19.0,15.0,0.0,0.0
42.258,35,105864.0,600.0,122.0,600.0,789.0,0.0,1.0,0.0,0.0,0.5,0.04,0.5,0.635,0.51,0.054,0.51,0.649,0.0,0.0,-1.34,-5.56,0.26,-0.54,0.0,0.0,0.0,0.0,0.0,0.0,0.0,1.0,0.0,-0.0,-0.0,-0.0,0.0,0.0,0.0,0.0,0.0,0.0,0.0,0.0,0.0,161.0,97.0,170.0,170.0,55.0,24.0,128.0,19.0,15.0,0.0,1.0
42.355,99,105963.0,600.0,122.0,600.0,788.0,0.0,1.0,0.0,0.0,0.5,0.04,0.5,0.634,0.51,0.054,0.51,0.649,0.0,0.0,-1.34,-5.56,0.26,-0.54,0.0,0.0,0.0,0.0,0.0,0.0,0.0,1.0,0.0,-0.0,-0.0,-0.0,0.0,0.0,0.0,0.0,0.0,0.0,0.0,0.0,0.0,161.0,97.0,170.0,170.0,55.0,24.0,128.0,19.0,15.0,0.0,0.0
42.421,51,106014.0,600.0,122.0,600.0,788.0,0.0,1.0,0.0,0.0,0.5,0.04,0.5,0.634,0.51,0.054,0.51,0.649,0.0,0.0,-1.34,-5.56,0.26,-0.54,0.0,0.0,0.0,0.0,0.0,0.0,0.0,1.0,0.0,-0.0,-0.0,-0.0,0.0,0.0,0.0,0.0,0.0,0.0,0.0,0.0,0.0,161.0,97.0,170.0,170.0,55.0,24.0,128.0,19.0,15.0,0.0,0.0
42.458,36,106050.0,600.0,122.0,600.0,788.0,0.0,1.0,0.0,0.0,0.5,0.04,0.5,0.634,0.51,0.054,0.51,0.649,0.0,0.0,-1.34,-5.56,0.26,-0.54,0.0,0.0,0.0,0.0,0.0,0.0,0.0,1.0,0.0,-0.0,-0.0,-0.0,0.0,0.0,0.0,0.0,0.0,0.0,0.0,0.0,0.0,161.0,97.0,170.0,170.0,55.0,24.0,128.0,19.0,15.0,0.0,0.0
42.556,100,106150.0,600.0,122.0,600.0,795.0,0.0,1.0,0.0,0.0,0.5,0.04,0.5,0.635,0.51,0.054,0.51,0.65,0.0,0.0,-1.34,-5.56,0.26,-0.54,0.0,0.0,0.0,0.0,0.0,0.0,0.0,1.0,0.0,-0.0,-0.0,-0.0,0.0,0.0,0.0,0.0,0.0,0.0,0.0,0.0,0.0,161.0,97.0,170.0,170.0,55.0,24.0,128.0,19.0,15.0,0.0,1.0
42.621,53,106203.0,600.0,123.0,600.0,795.0,0.0,1.0,0.0,0.0,0.5,0.04,0.5,0.635,0.51,0.054,0.51,0.65,0.0,0.0,-1.34,-5.56,0.26,-0.54,0.0,0.0,0.0,0.0,0.0,0.0,0.0,1.0,0.0,-0.0,-0.0,-0.0,0.0,0.0,0.0,0.0,0.0,0.0,0.0,0.0,0.0,161.0,97.0,170.0,170.0,55.0,24.0,128.0,19.0,15.0,0.0,0.0
42.657,52,106255.0,600.0,123.0,589.0,795.0,0.0,1.0,0.0,0.0,0.5,0.04,0.5,0.635,0.51,0.054,0.51,0.65,0.0,0.0,-1.34,-5.56,0.26,-0.54,0.0,0.0,0.0,0.0,0.0,0.0,0.0,1.0,0.0,-0.0,-0.0,-0.0,0.0,0.0,0.0,0.0,0.0,0.0,0.0,0.0,0.0,161.0,97.0,170.0,170.0,55.0,24.0,128.0,19.0,15.0,0.0,0.0
42.723,53,106308.0,600.0,123.0,589.0,843.0,0.0,1.0,0.0,0.0,0.5,0.04,0.495,0.651,0.51,0.055,0.506,0.663,0.0,0.0,-1.34,-5.56,0.26,-0.54,0.0,0.0,0.0,0.0,0.0,0.0,0.0,1.0,0.0,-0.0,-0.0,-0.0,0.0,0.0,0.0,0.0,0.0,0.0,0.0,0.0,0.0,161.0,97.0,170.0,170.0,55.0,24.0,128.0,19.0,15.0,0.0,0.0
42.755,53,106361.0,600.0,123.0,589.0,843.0,0.0,1.0,0.0,0.0,0.5,0.04,0.495,0.651,0.51,0.055,0.506,0.663,0.0,0.0,-1.34,-5.56,0.26,-0.54,0.0,0.0,0.0,0.0,0.0,0.0,0.0,1.0,0.0,-0.0,-0.0,-0.0,0.0,0.0,0.0,0.0,0.0,0.0,0.0,0.0,0.0,161.0,97.0,170.0,170.0,55.0,24.0,128.0,19.0,15.0,0.0,0.0
42.82,52,106413.0,600.0,123.0,589.0,843.0,0.0,1.0,0.0,0.0,0.5,0.04,0.495,0.651,0.51,0.055,0.506,0.663,0.0,0.0,-1.34,-5.56,0.26,-0.54,0.0,0.0,0.0,0.0,0.0,0.0,0.0,1.0,0.0,-0.0,-0.0,-0.0,0.0,0.0,0.0,0.0,0.0,0.0,0.0,0.0,0.0,161.0,97.0,170.0,170.0,55.0,24.0,128.0,19.0,15.0,0.0,1.0
42.859,52,106465.0,600.0,123.0,587.0,843.0,0.0,1.0,0.0,0.0,0.5,0.04,0.495,0.651,0.51,0.055,0.506,0.663,0.0,0.0,-1.34,-5.55,0.26,-0.54,0.0,0.0,0.0,0.0,0.0,0.0,0.0,1.0,0.0,-0.0,-0.0,-0.0,0.0,0.0,0.0,0.0,0.0,0.0,0.0,0.0,0.0,161.0,97.0,170.0,170.0,55.0,24.0,128.0,19.0,15.0,0.0,0.0
42.925,52,106517.0,600.0,123.0,587.0,853.0,0.0,1.0,0.0,0.0,0.5,0.04,0.492,0.661,0.51,0.055,0.503,0.674,0.0,0.0,-1.33,-5.55,0.26,-0.54,0.0,0.0,0.0,0.0,0.0,0.0,0.0,1.0,0.0,-0.0,-0.0,-0.0,0.0,0.0,0.0,0.0,0.0,0.0,0.0,0.0,0.0,161.0,97.0,170.0,170.0,55.0,24.0,128.0,19.0,15.0,0.0,0.0
42.99,55,106572.0,600.0,123.0,587.0,853.0,0.0,1.0,0.0,0.0,0.5,0.04,0.492,0.661,0.51,0.055,0.503,0.674,0.0,0.0,-1.33,-5.55,0.26,-0.54,0.0,0.0,0.0,0.0,0.0,0.0,0.0,1.0,0.0,-0.0,-0.0,-0.0,0.0,0.0,0.0,0.0,0.0,0.0,0.0,0.0,0.0,161.0,97.0,170.0,170.0,55.0,24.0,128.0,19.0,15.0,0.0,0.0
43.023,51,106623.0,600.0,123.0,587.0,853.0,0.0,1.0,0.0,0.0,0.5,0.04,0.492,0.661,0.51,0.055,0.503,0.674,0.0,0.0,-1.33,-5.55,0.26,-0.54,0.0,0.0,0.0,0.0,0.0,0.0,0.0,1.0,0.0,-0.0,-0.0,-0.0,0.0,0.0,0.0,0.0,0.0,0.0,0.0,0.0,0.0,161.0,97.0,170.0,170.0,55.0,24.0,128.0,19.0,15.0,0.0,0.0
43.092,55,106678.0,600.0,123.0,583.0,853.0,0.0,1.0,0.0,0.0,0.5,0.04,0.492,0.661,0.51,0.055,0.503,0.674,0.0,0.0,-1.33,-5.55,0.26,-0.54,0.0,0.0,0.0,0.0,0.0,0.0,0.0,1.0,0.0,-0.0,-0.0,-0.0,0.0,0.0,0.0,0.0,0.0,0.0,0.0,0.0,0.0,161.0,97.0,170.0,170.0,55.0,24.0,128.0,19.0,15.0,0.0,0.0
43.124,52,106730.0,600.0,123.0,583.0,856.0,0.0,1.0,0.0,0.0,0.5,0.04,0.488,0.666,0.51,0.055,0.499,0.68,0.0,0.0,-1.33,-5.55,0.26,-0.54,0.0,0.0,0.0,0.0,0.0,0.0,0.0,1.0,0.0,-0.0,-0.0,-0.0,0.0,0.0,0.0,0.0,0.0,0.0,0.0,0.0,0.0,161.0,97.0,170.0,170.0,55.0,24.0,128.0,19.0,15.0,0.0,0.0
43.187,53,106783.0,600.0,123.0,583.0,856.0,0.0,1.0,0.0,0.0,0.5,0.04,0.488,0.666,0.51,0.055,0.499,0.68,0.0,0.0,-1.33,-5.55,0.26,-0.54,0.0,0.0,0.0,0.0,0.0,0.0,0.0,1.0,0.0,-0.0,-0.0,-0.0,0.0,0.0,0.0,0.0,0.0,0.0,0.0,0.0,0.0,161.0,97.0,170.0,170.0,55.0,24.0,128.0,19.0,15.0,0.0,0.0
43.26,53,106836.0,600.0,123.0,583.0,856.0,0.0,1.0,0.0,0.0,0.5,0.04,0.488,0.666,0.51,0.055,0.499,0.68,0.0,0.0,-1.33,-5.55,0.26,-0.54,0.0,0.0,0.0,0.0,0.0,0.0,0.0,1.0,0.0,-0.0,-0.0,-0.0,0.0,0.0,0.0,0.0,0.0,0.0,0.0,0.0,0.0,161.0,97.0,170.0,170.0,55.0,24.0,128.0,19.0,15.0,0.0,0.0
43.292,53,106889.0,600.0,123.0,576.0,856.0,0.0,1.0,0.0,0.0,0.5,0.04,0.488,0.666,0.51,0.055,0.499,0.68,0.0,0.0,-1.33,-5.55,0.26,-0.54,0.0,0.0,0.0,0.0,0.0,0.0,0.0,1.0,0.0,-0.0,-0.0,-0.0,0.0,0.0,0.0,0.0,0.0,0.0,0.0,0.0,0.0,161.0,97.0,170.0,170.0,55.0,24.0,128.0,19.0,15.0,0.0,0.0
43.358,52,106941.0,600.0,123.0,576.0,849.0,0.0,1.0,0.0,0.0,0.5,0.04,0.484,0.666,0.51,0.055,0.495,0.681,0.0,0.0,-1.33,-5.55,0.26,-0.54,0.0,0.0,0.0,0.0,0.0,0.0,0.0,1.0,0.0,-0.0,-0.0,-0.0,0.0,0.0,0.0,0.0,0.0,0.0,0.0,0.0,0.0,161.0,97.0,170.0,170.0,55.0,24.0,128.0,19.0,15.0,0.0,0.0
43.39,54,106995.0,600.0,123.0,576.0,849.0,0.0,1.0,0.0,0.0,0.5,0.04,0.484,0.666,0.51,0.055,0.495,0.681,0.0,0.0,-1.33,-5.55,0.26,-0.54,0.0,0.0,0.0,0.0,0.0,0.0,0.0,1.0,0.0,-0.0,-0.0,-0.0,0.0,0.0,0.0,0.0,0.0,0.0,0.0,0.0,0.0,161.0,97.0,170.0,170.0,55.0,24.0,128.0,19.0,15.0,0.0,0.0
43.456,51,107046.0,600.0,123.0,576.0,849.0,0.0,1.0,0.0,0.0,0.5,0.04,0.484,0.666,0.51,0.055,0.495,0.681,0.0,0.0,-1.33,-5.55,0.26,-0.54,0.0,0.0,0.0,0.0,0.0,0.0,0.0,1.0,0.0,-0.0,-0.0,-0.0,0.0,0.0,0.0,0.0,0.0,0.0,0.0,0.0,0.0,161.0,97.0,170.0,170.0,55.0,24.0,128.0,19.0,15.0,0.0,0.0
43.489,55,107101.0,600.0,123.0,567.0,849.0,0.0,1.0,0.0,0.0,0.5,0.04,0.484,0.666,0.51,0.055,0.495,0.681,0.0,0.0,-1.33,-5.54,0.26,-0.54,0.0,0.0,0.0,0.0,0.0,0.0,0.0,1.0,0.0,-0.0,-0.0,-0.0,0.0,0.0,0.0,0.0,0.0,0.0,0.0,0.0,0.0,161.0,97.0,170.0,170.0,55.0,24.0,128.0,19.0,15.0,0.0,0.0
43.552,52,107153.0,600.0,123.0,567.0,799.0,0.0,1.0,0.0,0.0,0.5,0.04,0.477,0.652,0.51,0.055,0.489,0.669,0.0,0.0,-1.33,-5.54,0.26,-0.54,0.0,0.0,0.0,0.0,0.0,0.0,0.0,1.0,0.0,-0.0,-0.0,-0.0,0.0,0.0,0.0,0.0,0.0,0.0,0.0,0.0,0.0,161.0,97.0,170.0,170.0,55.0,24.0,128.0,19.0,15.0,0.0,1.0
43.616,53,107206.0,600.0,123.0,567.0,799.0,0.0,1.0,0.0,0.0,0.5,0.04,0.477,0.652,0.51,0.055,0.489,0.669,0.0,0.0,-1.33,-5.54,0.26,-0.54,0.0,0.0,0.0,0.0,0.0,0.0,0.0,1.0,0.0,-0.0,-0.0,-0.0,0.0,0.0,0.0,0.0,0.0,0.0,0.0,0.0,0.0,161.0,97.0,170.0,170.0,55.0,24.0,128.0,19.0,15.0,0.0,0.0
43.654,51,107257.0,600.0,124.0,567.0,799.0,0.0,1.0,0.0,0.0,0.5,0.04,0.477,0.652,0.51,0.055,0.489,0.669,0.0,0.0,-1.33,-5.54,0.26,-0.54,0.0,0.0,0.0,0.0,0.0,0.0,0.0,1.0,0.0,-0.0,-0.0,-0.0,0.0,0.0,0.0,0.0,0.0,0.0,0.0,0.0,0.0,161.0,97.0,170.0,170.0,55.0,24.0,128.0,19.0,15.0,0.0,0.0
43.719,53,107310.0,600.0,124.0,575.0,799.0,0.0,1.0,0.0,0.0,0.5,0.04,0.477,0.652,0.51,0.055,0.489,0.669,0.0,0.0,-1.33,-5.54,0.26,-0.54,0.0,0.0,0.0,0.0,0.0,0.0,0.0,1.0,0.0,-0.0,-0.0,-0.0,0.0,0.0,0.0,0.0,0.0,0.0,0.0,0.0,0.0,161.0,97.0,170.0,170.0,55.0,24.0,128.0,19.0,15.0,0.0,0.0
43.752,53,107363.0,600.0,124.0,575.0,800.0,0.0,1.0,0.0,0.0,0.5,0.041,0.478,0.646,0.51,0.055,0.488,0.661,0.0,0.0,-1.33,-5.54,0.26,-0.54,0.0,0.0,0.0,0.0,0.0,0.0,0.0,1.0,0.0,-0.0,-0.0,-0.0,0.0,0.0,0.0,0.0,0.0,0.0,0.0,0.0,0.0,161.0,97.0,170.0,170.0,55.0,24.0,128.0,19.0,15.0,0.0,1.0
43.817,54,107417.0,600.0,124.0,575.0,800.0,0.0,1.0,0.0,0.0,0.5,0.041,0.478,0.646,0.51,0.055,0.488,0.661,0.0,0.0,-1.33,-5.54,0.26,-0.54,0.0,0.0,0.0,0.0,0.0,0.0,0.0,1.0,0.0,-0.0,-0.0,-0.0,0.0,0.0,0.0,0.0,0.0,0.0,0.0,0.0,0.0,161.0,97.0,170.0,170.0,55.0,24.0,128.0,19.0,15.0,0.0,0.0
43.889,51,107468.0,600.0,124.0,575.0,800.0,0.0,1.0,0.0,0.0,0.5,0.041,0.478,0.646,0.51,0.055,0.488,0.661,0.0,0.0,-1.33,-5.54,0.26,-0.54,0.0,0.0,0.0,0.0,0.0,0.0,0.0,1.0,0.0,-0.0,-0.0,-0.0,0.0,0.0,0.0,0.0,0.0,0.0,0.0,0.0,0.0,161.0,97.0,170.0,170.0,55.0,24.0,128.0,19.0,15.0,0.0,0.0
43.92,54,107522.0,600.0,124.0,582.0,800.0,0.0,1.0,0.0,0.0,0.5,0.041,0.478,0.646,0.51,0.055,0.488,0.661,0.0,0.0,-1.33,-5.54,0.26,-0.54,0.0,0.0,0.0,0.0,0.0,0.0,0.0,1.0,0.0,-0.0,-0.0,-0.0,0.0,0.0,0.0,0.0,0.0,0.0,0.0,0.0,0.0,161.0,97.0,170.0,170.0,55.0,24.0,128.0,19.0,15.0,0.0,0.0
43.983,52,107574.0,600.0,124.0,582.0,741.0,0.0,1.0,0.0,0.0,0.5,0.041,0.482,0.623,0.51,0.055,0.491,0.641,0.0,0.0,-1.33,-5.54,0.26,-0.54,0.0,0.0,0.0,0.0,0.0,0.0,0.0,1.0,0.0,-0.0,-0.0,-0.0,0.0,0.0,0.0,0.0,0.0,0.0,0.0,0.0,0.0,161.0,97.0,170.0,170.0,55.0,24.0,128.0,19.0,15.0,0.0,1.0
44.016,53,107627.0,600.0,124.0,582.0,741.0,0.0,1.0,0.0,0.0,0.5,0.041,0.482,0.623,0.51,0.055,0.491,0.641,0.0,0.0,-1.33,-5.54,0.26,-0.54,0.0,0.0,0.0,0.0,0.0,0.0,0.0,1.0,0.0,-0.0,-0.0,-0.0,0.0,0.0,0.0,0.0,0.0,0.0,0.0,0.0,0.0,161.0,97.0,170.0,170.0,55.0,24.0,128.0,19.0,15.0,0.0,0.0
44.09,53,107680.0,600.0,125.0,582.0,741.0,0.0,1.0,0.0,0.0,0.5,0.041,0.482,0.623,0.51,0.055,0.491,0.641,0.0,0.0,-1.33,-5.54,0.26,-0.54,0.0,0.0,0.0,0.0,0.0,0.0,0.0,1.0,0.0,-0.0,-0.0,-0.0,0.0,0.0,0.0,0.0,0.0,0.0,0.0,0.0,0.0,161.0,97.0,170.0,170.0,55.0,24.0,128.0,19.0,15.0,0.0,0.0
44.123,53,107733.0,600.0,125.0,594.0,741.0,0.0,1.0,0.0,0.0,0.5,0.041,0.482,0.623,0.51,0.055,0.491,0.641,0.0,0.0,-1.33,-5.54,0.26,-0.54,0.0,0.0,0.0,0.0,0.0,0.0,0.0,1.0,0.0,-0.0,-0.0,-0.0,0.0,0.0,0.0,0.0,0.0,0.0,0.0,0.0,0.0,161.0,97.0,170.0,170.0,55.0,24.0,128.0,19.0,15.0,0.0,0.0
44.188,52,107785.0,600.0,125.0,594.0,691.0,0.0,1.0,0.0,0.0,0.5,0.041,0.489,0.595,0.509,0.055,0.497,0.614,0.0,0.0,-1.33,-5.54,0.26,-0.54,0.0,0.0,0.0,0.0,0.0,0.0,0.0,1.0,0.0,-0.0,-0.0,-0.0,0.0,0.0,0.0,0.0,0.0,0.0,0.0,0.0,0.0,161.0,97.0,170.0,170.0,55.0,24.0,128.0,19.0,15.0,0.0,1.0
44.255,54,107839.0,600.0,125.0,594.0,691.0,0.0,1.0,0.0,0.0,0.5,0.041,0.489,0.595,0.509,0.055,0.497,0.614,0.0,0.0,-1.33,-5.54,0.26,-0.54,0.0,0.0,0.0,0.0,0.0,0.0,0.0,1.0,0.0,-0.0,-0.0,-0.0,0.0,0.0,0.0,0.0,0.0,0.0,0.0,0.0,0.0,161.0,97.0,170.0,170.0,55.0,24.0,128.0,19.0,15.0,0.0,1.0
44.288,52,107891.0,600.0,126.0,594.0,691.0,0.0,1.0,0.0,0.0,0.5,0.041,0.489,0.595,0.509,0.055,0.497,0.614,0.0,0.0,-1.33,-5.54,0.26,-0.54,0.0,0.0,0.0,0.0,0.0,0.0,0.0,1.0,0.0,-0.0,-0.0,-0.0,0.0,0.0,0.0,0.0,0.0,0.0,0.0,0.0,0.0,161.0,97.0,170.0,170.0,55.0,24.0,128.0,19.0,15.0,0.0,0.0
44.352,53,107944.0,600.0,126.0,606.0,691.0,0.0,1.0,0.0,0.0,0.5,0.041,0.489,0.595,0.509,0.055,0.497,0.614,0.0,0.0,-1.33,-5.53,0.26,-0.54,0.0,0.0,0.0,0.0,0.0,0.0,0.0,1.0,0.0,-0.0,-0.0,-0.0,0.0,0.0,0.0,0.0,0.0,0.0,0.0,0.0,0.0,161.0,97.0,170.0,170.0,55.0,24.0,128.0,19.0,15.0,0.0,0.0
44.384,52,107996.0,600.0,126.0,606.0,688.0,0.0,1.0,0.0,0.0,0.5,0.042,0.497,0.58,0.509,0.056,0.505,0.597,0.0,0.0,-1.33,-5.53,0.26,-0.54,0.0,0.0,0.0,0.0,0.0,0.0,0.0,1.0,0.0,-0.0,-0.0,-0.0,0.0,0.0,0.0,0.0,0.0,0.0,0.0,0.0,0.0,161.0,97.0,170.0,170.0,55.0,24.0,128.0,19.0,15.0,0.0,0.0
44.451,53,108049.0,600.0,126.0,606.0,688.0,0.0,1.0,0.0,0.0,0.5,0.042,0.497,0.58,0.509,0.056,0.505,0.597,0.0,0.0,-1.33,-5.53,0.26,-0.54,0.0,0.0,0.0,0.0,0.0,0.0,0.0,1.0,0.0,-0.0,-0.0,-0.0,0.0,0.0,0.0,0.0,0.0,0.0,0.0,0.0,0.0,161.0,97.0,170.0,170.0,55.0,24.0,128.0,19.0,15.0,0.0,0.0
44.517,54,108103.0,600.0,126.0,606.0,688.0,0.0,1.0,0.0,0.0,0.5,0.042,0.497,0.58,0.509,0.056,0.505,0.597,0.0,0.0,-1.33,-5.53,0.26,-0.54,0.0,0.0,0.0,0.0,0.0,0.0,0.0,1.0,0.0,-0.0,-0.0,-0.0,0.0,0.0,0.0,0.0,0.0,0.0,0.0,0.0,0.0,161.0,97.0,170.0,170.0,55.0,24.0,128.0,19.0,15.0,0.0,0.0
44.55,52,108155.0,600.0,126.0,608.0,688.0,0.0,1.0,0.0,0.0,0.5,0.042,0.497,0.58,0.509,0.056,0.505,0.597,0.0,0.0,-1.33,-5.53,0.26,-0.54,0.0,0.0,0.0,0.0,0.0,0.0,0.0,1.0,0.0,-0.0,-0.0,-0.0,0.0,0.0,0.0,0.0,0.0,0.0,0.0,0.0,0.0,161.0,97.0,170.0,170.0,55.0,24.0,128.0,19.0,15.0,0.0,1.0
44.616,52,108207.0,600.0,126.0,608.0,688.0,0.0,1.0,0.0,0.0,0.5,0.042,0.502,0.574,0.509,0.057,0.511,0.59,0.0,0.0,-1.33,-5.54,0.26,-0.54,0.0,0.0,0.0,0.0,0.0,0.0,0.0,1.0,0.0,-0.0,-0.0,-0.0,0.0,0.0,0.0,0.0,0.0,0.0,0.0,0.0,0.0,161.0,97.0,170.0,170.0,55.0,24.0,128.0,19.0,15.0,0.0,1.0
44.65,54,108261.0,600.0,126.0,608.0,688.0,0.0,1.0,0.0,0.0,0.5,0.042,0.502,0.574,0.509,0.057,0.511,0.59,0.0,0.0,-1.33,-5.54,0.26,-0.54,0.0,0.0,0.0,0.0,0.0,0.0,0.0,1.0,0.0,-0.0,-0.0,-0.0,0.0,0.0,0.0,0.0,0.0,0.0,0.0,0.0,0.0,161.0,97.0,170.0,170.0,55.0,24.0,128.0,19.0,15.0,0.0,1.0
44.716,53,108314.0,600.0,125.0,608.0,688.0,0.0,1.0,0.0,0.0,0.5,0.042,0.502,0.574,0.509,0.057,0.511,0.59,0.0,0.0,-1.33,-5.54,0.26,-0.54,0.0,0.0,0.0,0.0,0.0,0.0,0.0,1.0,0.0,-0.0,-0.0,-0.0,0.0,0.0,0.0,0.0,0.0,0.0,0.0,0.0,0.0,161.0,97.0,170.0,170.0,55.0,24.0,128.0,19.0,15.0,0.0,0.0
44.781,52,108366.0,600.0,125.0,601.0,688.0,0.0,1.0,0.0,0.0,0.5,0.042,0.502,0.574,0.509,0.057,0.511,0.59,0.0,0.0,-1.33,-5.54,0.26,-0.54,0.0,0.0,0.0,0.0,0.0,0.0,0.0,1.0,0.0,-0.0,-0.0,-0.0,0.0,0.0,0.0,0.0,0.0,0.0,0.0,0.0,0.0,161.0,97.0,170.0,170.0,55.0,24.0,128.0,19.0,15.0,0.0,0.0
44.813,53,108419.0,600.0,125.0,601.0,639.0,0.0,1.0,0.0,0.0,0.5,0.042,0.501,0.551,0.509,0.056,0.51,0.569,0.0,0.0,-1.33,-5.54,0.26,-0.54,0.0,0.0,0.0,0.0,0.0,0.0,0.0,1.0,0.0,-0.0,-0.0,-0.0,0.0,0.0,0.0,0.0,0.0,0.0,0.0,0.0,0.0,161.0,97.0,170.0,170.0,55.0,24.0,128.0,19.0,15.0,0.0,0.0
44.879,53,108472.0,600.0,125.0,601.0,639.0,0.0,1.0,0.0,0.0,0.5,0.042,0.501,0.551,0.509,0.056,0.51,0.569,0.0,0.0,-1.33,-5.54,0.26,-0.54,0.0,0.0,0.0,0.0,0.0,0.0,0.0,1.0,0.0,-0.0,-0.0,-0.0,0.0,0.0,0.0,0.0,0.0,0.0,0.0,0.0,0.0,161.0,97.0,170.0,170.0,55.0,24.0,128.0,19.0,15.0,0.0,0.0
44.911,53,108525.0,600.0,125.0,601.0,639.0,0.0,1.0,0.0,0.0,0.5,0.042,0.501,0.551,0.509,0.056,0.51,0.569,0.0,0.0,-1.33,-5.54,0.26,-0.54,0.0,0.0,0.0,0.0,0.0,0.0,0.0,1.0,0.0,-0.0,-0.0,-0.0,0.0,0.0,0.0,0.0,0.0,0.0,0.0,0.0,0.0,161.0,97.0,170.0,170.0,55.0,24.0,128.0,19.0,15.0,0.0,0.0
44.974,52,108577.0,600.0,125.0,586.0,639.0,0.0,1.0,0.0,0.0,0.5,0.042,0.501,0.551,0.509,0.056,0.51,0.569,0.0,0.0,-1.33,-5.54,0.26,-0.54,0.0,0.0,0.0,0.0,0.0,0.0,0.0,1.0,0.0,-0.0,-0.0,-0.0,0.0,0.0,0.0,0.0,0.0,0.0,0.0,0.0,0.0,161.0,97.0,170.0,170.0,55.0,24.0,128.0,19.0,15.0,0.0,0.0
45.04,53,108630.0,600.0,125.0,586.0,680.0,0.0,1.0,0.0,0.0,0.5,0.042,0.494,0.557,0.509,0.056,0.504,0.571,0.0,0.0,-1.33,-5.54,0.26,-0.54,0.0,0.0,0.0,0.0,0.0,0.0,0.0,1.0,0.0,-0.0,-0.0,-0.0,0.0,0.0,0.0,0.0,0.0,0.0,0.0,0.0,0.0,161.0,97.0,170.0,170.0,55.0,24.0,128.0,19.0,15.0,0.0,0.0
45.106,55,108685.0,600.0,125.0,586.0,680.0,0.0,1.0,0.0,0.0,0.5,0.042,0.494,0.557,0.509,0.056,0.504,0.571,0.0,0.0,-1.33,-5.54,0.26,-0.54,0.0,0.0,0.0,0.0,0.0,0.0,0.0,1.0,0.0,-0.0,-0.0,-0.0,0.0,0.0,0.0,0.0,0.0,0.0,0.0,0.0,0.0,161.0,97.0,170.0,170.0,55.0,24.0,128.0,19.0,15.0,0.0,1.0
45.136,53,108738.0,600.0,124.0,586.0,680.0,0.0,1.0,0.0,0.0,0.5,0.042,0.494,0.557,0.509,0.056,0.504,0.571,0.0,0.0,-1.33,-5.54,0.26,-0.54,0.0,0.0,0.0,0.0,0.0,0.0,0.0,1.0,0.0,-0.0,-0.0,-0.0,0.0,0.0,0.0,0.0,0.0,0.0,0.0,0.0,0.0,161.0,97.0,170.0,170.0,55.0,24.0,128.0,19.0,15.0,0.0,0.0
45.194,52,108790.0,600.0,124.0,572.0,680.0,0.0,1.0,0.0,0.0,0.5,0.042,0.494,0.557,0.509,0.056,0.504,0.571,0.0,0.0,-1.33,-5.54,0.26,-0.54,0.0,0.0,0.0,0.0,0.0,0.0,0.0,1.0,0.0,-0.0,-0.0,-0.0,0.0,0.0,0.0,0.0,0.0,0.0,0.0,0.0,0.0,161.0,97.0,170.0,170.0,55.0,24.0,128.0,19.0,15.0,0.0,0.0
45.252,53,108843.0,600.0,124.0,572.0,721.0,0.0,1.0,0.0,0.0,0.5,0.041,0.484,0.575,0.509,0.056,0.495,0.587,0.0,0.0,-1.34,-5.53,0.26,-0.54,0.0,0.0,0.0,0.0,0.0,0.0,0.0,1.0,0.0,-0.0,-0.0,-0.0,0.0,0.0,0.0,0.0,0.0,0.0,0.0,0.0,0.0,161.0,97.0,170.0,170.0,55.0,24.0,128.0,19.0,15.0,0.0,0.0
45.293,53,108896.0,600.0,124.0,572.0,721.0,0.0,1.0,0.0,0.0,0.5,0.041,0.484,0.575,0.509,0.056,0.495,0.587,0.0,0.0,-1.34,-5.53,0.26,-0.54,0.0,0.0,0.0,0.0,0.0,0.0,0.0,1.0,0.0,-0.0,-0.0,-0.0,0.0,0.0,0.0,0.0,0.0,0.0,0.0,0.0,0.0,161.0,97.0,170.0,170.0,55.0,24.0,128.0,19.0,15.0,0.0,0.0
45.351,53,108949.0,600.0,124.0,572.0,721.0,0.0,1.0,0.0,0.0,0.5,0.041,0.484,0.575,0.509,0.056,0.495,0.587,0.0,0.0,-1.33,-5.53,0.26,-0.54,0.0,0.0,0.0,0.0,0.0,0.0,0.0,1.0,0.0,-0.0,-0.0,-0.0,0.0,0.0,0.0,0.0,0.0,0.0,0.0,0.0,0.0,161.0,97.0,170.0,170.0,55.0,24.0,128.0,19.0,15.0,0.0,0.0
45.409,52,109001.0,600.0,124.0,560.0,721.0,0.0,1.0,0.0,0.0,0.5,0.041,0.484,0.575,0.509,0.056,0.495,0.587,0.0,0.0,-1.33,-5.54,0.26,-0.54,0.0,0.0,0.0,0.0,0.0,0.0,0.0,1.0,0.0,-0.0,-0.0,-0.0,0.0,0.0,0.0,0.0,0.0,0.0,0.0,0.0,0.0,161.0,97.0,170.0,170.0,55.0,24.0,128.0,19.0,15.0,0.0,0.0
45.445,53,109054.0,600.0,124.0,560.0,682.0,0.0,1.0,0.0,0.0,0.5,0.041,0.474,0.569,0.509,0.055,0.485,0.584,0.0,0.0,-1.33,-5.54,0.26,-0.54,0.0,0.0,0.0,0.0,0.0,0.0,0.0,1.0,0.0,-0.0,-0.0,-0.0,0.0,0.0,0.0,0.0,0.0,0.0,0.0,0.0,0.0,161.0,97.0,170.0,170.0,55.0,24.0,128.0,19.0,15.0,0.0,0.0
45.507,54,109108.0,600.0,124.0,560.0,682.0,0.0,1.0,0.0,0.0,0.5,0.041,0.474,0.569,0.509,0.055,0.485,0.584,0.0,0.0,-1.33,-5.54,0.26,-0.54,0.0,0.0,0.0,0.0,0.0,0.0,0.0,1.0,0.0,-0.0,-0.0,-0.0,0.0,0.0,0.0,0.0,0.0,0.0,0.0,0.0,0.0,161.0,97.0,170.0,170.0,55.0,24.0,128.0,19.0,15.0,0.0,0.0
45.564,53,109161.0,600.0,123.0,560.0,682.0,0.0,1.0,0.0,0.0,0.5,0.041,0.474,0.569,0.509,0.055,0.485,0.584,0.0,0.0,-1.33,-5.54,0.26,-0.54,0.0,0.0,0.0,0.0,0.0,0.0,0.0,1.0,0.0,-0.0,-0.0,-0.0,0.0,0.0,0.0,0.0,0.0,0.0,0.0,0.0,0.0,161.0,97.0,170.0,170.0,55.0,24.0,128.0,19.0,15.0,0.0,0.0
45.621,52,109213.0,600.0,123.0,559.0,682.0,0.0,1.0,0.0,0.0,0.5,0.041,0.474,0.569,0.509,0.055,0.485,0.584,0.0,0.0,-1.33,-5.54,0.26,-0.54,0.0,0.0,0.0,0.0,0.0,0.0,0.0,1.0,0.0,-0.0,-0.0,-0.0,0.0,0.0,0.0,0.0,0.0,0.0,0.0,0.0,0.0,161.0,97.0,170.0,170.0,55.0,24.0,128.0,19.0,15.0,0.0,1.0
45.681,53,109266.0,600.0,123.0,559.0,682.0,0.0,1.0,0.0,0.0,0.5,0.04,0.469,0.566,0.509,0.055,0.479,0.581,0.0,0.0,-1.33,-5.54,0.26,-0.54,0.0,0.0,0.0,0.0,0.0,0.0,0.0,1.0,0.0,-0.0,-0.0,-0.0,0.0,0.0,0.0,0.0,0.0,0.0,0.0,0.0,0.0,161.0,97.0,170.0,170.0,55.0,24.0,128.0,19.0,15.0,0.0,0.0
45.71,53,109319.0,600.0,123.0,559.0,682.0,0.0,1.0,0.0,0.0,0.5,0.04,0.469,0.566,0.509,0.055,0.479,0.581,0.0,0.0,-1.33,-5.54,0.26,-0.54,0.0,0.0,0.0,0.0,0.0,0.0,0.0,1.0,0.0,-0.0,-0.0,-0.0,0.0,0.0,0.0,0.0,0.0,0.0,0.0,0.0,0.0,161.0,97.0,170.0,170.0,55.0,24.0,128.0,19.0,15.0,0.0,0.0
45.768,53,109372.0,600.0,124.0,559.0,682.0,0.0,1.0,0.0,0.0,0.5,0.04,0.469,0.566,0.509,0.055,0.479,0.581,0.0,0.0,-1.33,-5.54,0.26,-0.54,0.0,0.0,0.0,0.0,0.0,0.0,0.0,1.0,0.0,-0.0,-0.0,-0.0,0.0,0.0,0.0,0.0,0.0,0.0,0.0,0.0,0.0,161.0,97.0,170.0,170.0,55.0,24.0,128.0,19.0,15.0,0.0,0.0
45.825,52,109424.0,600.0,124.0,562.0,682.0,0.0,1.0,0.0,0.0,0.5,0.04,0.469,0.566,0.509,0.055,0.479,0.581,0.0,0.0,-1.33,-5.54,0.26,-0.54,0.0,0.0,0.0,0.0,0.0,0.0,0.0,1.0,0.0,-0.0,-0.0,-0.0,0.0,0.0,0.0,0.0,0.0,0.0,0.0,0.0,0.0,161.0,97.0,170.0,170.0,55.0,24.0,128.0,19.0,15.0,0.0,0.0
45.882,53,109477.0,600.0,124.0,562.0,733.0,0.0,1.0,0.0,0.0,0.5,0.041,0.468,0.584,0.509,0.055,0.477,0.595,0.0,0.0,-1.33,-5.54,0.26,-0.54,0.0,0.0,0.0,0.0,0.0,0.0,0.0,1.0,0.0,-0.0,-0.0,-0.0,0.0,0.0,0.0,0.0,0.0,0.0,0.0,0.0,0.0,161.0,97.0,170.0,170.0,55.0,24.0,128.0,19.0,15.0,0.0,0.0
45.939,54,109531.0,600.0,124.0,562.0,733.0,0.0,1.0,0.0,0.0,0.5,0.041,0.468,0.584,0.509,0.055,0.477,0.595,0.0,0.0,-1.33,-5.54,0.26,-0.54,0.0,0.0,0.0,0.0,0.0,0.0,0.0,1.0,0.0,-0.0,-0.0,-0.0,0.0,0.0,0.0,0.0,0.0,0.0,0.0,0.0,0.0,161.0,97.0,170.0,170.0,55.0,24.0,128.0,19.0,15.0,0.0,0.0
45.968,52,109583.0,600.0,123.0,562.0,733.0,0.0,1.0,0.0,0.0,0.5,0.041,0.468,0.584,0.509,0.055,0.477,0.595,0.0,0.0,-1.33,-5.54,0.26,-0.54,0.0,0.0,0.0,0.0,0.0,0.0,0.0,1.0,0.0,-0.0,-0.0,-0.0,0.0,0.0,0.0,0.0,0.0,0.0,0.0,0.0,0.0,161.0,97.0,170.0,170.0,55.0,24.0,128.0,19.0,15.0,0.0,0.0
46.024,53,109636.0,600.0,123.0,565.0,733.0,0.0,1.0,0.0,0.0,0.5,0.041,0.468,0.584,0.509,0.055,0.477,0.595,0.0,0.0,-1.33,-5.54,0.26,-0.54,0.0,0.0,0.0,0.0,0.0,0.0,0.0,1.0,0.0,-0.0,-0.0,-0.0,0.0,0.0,0.0,0.0,0.0,0.0,0.0,0.0,0.0,161.0,97.0,170.0,170.0,55.0,24.0,128.0,19.0,15.0,0.0,0.0
46.087,52,109688.0,600.0,123.0,565.0,692.0,0.0,1.0,0.0,0.0,0.5,0.041,0.469,0.577,0.509,0.055,0.478,0.592,0.0,0.0,-1.33,-5.54,0.26,-0.54,0.0,0.0,0.0,0.0,0.0,0.0,0.0,1.0,0.0,-0.0,-0.0,-0.0,0.0,0.0,0.0,0.0,0.0,0.0,0.0,0.0,0.0,161.0,97.0,170.0,170.0,55.0,24.0,128.0,19.0,15.0,0.0,0.0
46.144,55,109743.0,600.0,123.0,565.0,692.0,0.0,1.0,0.0,0.0,0.5,0.041,0.469,0.577,0.509,0.055,0.478,0.592,0.0,0.0,-1.33,-5.54,0.26,-0.54,0.0,0.0,0.0,0.0,0.0,0.0,0.0,1.0,0.0,-0.0,-0.0,-0.0,0.0,0.0,0.0,0.0,0.0,0.0,0.0,0.0,0.0,161.0,97.0,170.0,170.0,55.0,24.0,128.0,19.0,15.0,0.0,0.0
46.2,52,109795.0,600.0,124.0,565.0,692.0,0.0,1.0,0.0,0.0,0.5,0.041,0.469,0.577,0.509,0.055,0.478,0.592,0.0,0.0,-1.33,-5.54,0.26,-0.54,0.0,0.0,0.0,0.0,0.0,0.0,0.0,1.0,0.0,-0.0,-0.0,-0.0,0.0,0.0,0.0,0.0,0.0,0.0,0.0,0.0,0.0,161.0,97.0,170.0,170.0,55.0,24.0,128.0,19.0,15.0,0.0,1.0
46.257,52,109847.0,600.0,124.0,563.0,692.0,0.0,1.0,0.0,0.0,0.5,0.041,0.469,0.577,0.509,0.055,0.478,0.592,0.0,0.0,-1.33,-5.54,0.26,-0.54,0.0,0.0,0.0,0.0,0.0,0.0,0.0,1.0,0.0,-0.0,-0.0,-0.0,0.0,0.0,0.0,0.0,0.0,0.0,0.0,0.0,0.0,161.0,97.0,170.0,170.0,55.0,24.0,128.0,19.0,15.0,0.0,0.0
46.286,52,109899.0,600.0,124.0,563.0,696.0,0.0,1.0,0.0,0.0,0.5,0.041,0.468,0.575,0.509,0.055,0.477,0.589,0.0,0.0,-1.33,-5.54,0.26,-0.54,0.0,0.0,0.0,0.0,0.0,0.0,0.0,1.0,0.0,-0.0,-0.0,-0.0,0.0,0.0,0.0,0.0,0.0,0.0,0.0,0.0,0.0,161.0,97.0,170.0,170.0,55.0,24.0,128.0,19.0,15.0,0.0,0.0
46.342,55,109954.0,600.0,124.0,563.0,696.0,0.0,1.0,0.0,0.0,0.5,0.041,0.468,0.575,0.509,0.055,0.477,0.589,0.0,0.0,-1.33,-5.54,0.26,-0.54,0.0,0.0,0.0,0.0,0.0,0.0,0.0,1.0,0.0,-0.0,-0.0,-0.0,0.0,0.0,0.0,0.0,0.0,0.0,0.0,0.0,0.0,161.0,97.0,170.0,170.0,55.0,24.0,128.0,19.0,15.0,0.0,0.0
46.399,52,110006.0,600.0,124.0,563.0,696.0,0.0,1.0,0.0,0.0,0.5,0.041,0.468,0.575,0.509,0.055,0.477,0.589,0.0,0.0,-1.33,-5.54,0.26,-0.54,0.0,0.0,0.0,0.0,0.0,0.0,0.0,1.0,0.0,-0.0,-0.0,-0.0,0.0,0.0,0.0,0.0,0.0,0.0,0.0,0.0,0.0,161.0,97.0,170.0,170.0,55.0,24.0,128.0,19.0,15.0,0.0,1.0
46.458,53,110059.0,600.0,124.0,565.0,696.0,0.0,1.0,0.0,0.0,0.5,0.041,0.468,0.575,0.509,0.055,0.477,0.589,0.0,0.0,-1.33,-5.54,0.26,-0.54,0.0,0.0,0.0,0.0,0.0,0.0,0.0,1.0,0.0,-0.0,-0.0,-0.0,0.0,0.0,0.0,0.0,0.0,0.0,0.0,0.0,0.0,161.0,97.0,170.0,170.0,55.0,24.0,128.0,19.0,15.0,0.0,0.0
46.515,52,110111.0,600.0,124.0,565.0,734.0,0.0,1.0,0.0,0.0,0.5,0.041,0.469,0.588,0.509,0.055,0.478,0.6,0.0,0.0,-1.33,-5.54,0.26,-0.54,0.0,0.0,0.0,0.0,0.0,0.0,0.0,1.0,0.0,-0.0,-0.0,-0.0,0.0,0.0,0.0,0.0,0.0,0.0,0.0,0.0,0.0,161.0,97.0,170.0,170.0,55.0,24.0,128.0,19.0,15.0,0.0,0.0
46.573,53,110164.0,600.0,124.0,565.0,734.0,0.0,1.0,0.0,0.0,0.5,0.041,0.469,0.588,0.509,0.055,0.478,0.6,0.0,0.0,-1.33,-5.54,0.26,-0.54,0.0,0.0,0.0,0.0,0.0,0.0,0.0,1.0,0.0,-0.0,-0.0,-0.0,0.0,0.0,0.0,0.0,0.0,0.0,0.0,0.0,0.0,161.0,97.0,170.0,170.0,55.0,24.0,128.0,19.0,15.0,0.0,0.0
46.601,52,110216.0,600.0,124.0,565.0,734.0,0.0,1.0,0.0,0.0,0.5,0.041,0.469,0.588,0.509,0.055,0.478,0.6,0.0,0.0,-1.33,-5.54,0.26,-0.54,0.0,0.0,0.0,0.0,0.0,0.0,0.0,1.0,0.0,-0.0,-0.0,-0.0,0.0,0.0,0.0,0.0,0.0,0.0,0.0,0.0,0.0,161.0,97.0,170.0,170.0,55.0,24.0,128.0,19.0,15.0,0.0,1.0
46.658,53,110269.0,600.0,124.0,567.0,734.0,0.0,1.0,0.0,0.0,0.5,0.041,0.469,0.588,0.509,0.055,0.478,0.6,0.0,0.0,-1.33,-5.54,0.26,-0.54,0.0,0.0,0.0,0.0,0.0,0.0,0.0,1.0,0.0,-0.0,-0.0,-0.0,0.0,0.0,0.0,0.0,0.0,0.0,0.0,0.0,0.0,161.0,97.0,170.0,170.0,55.0,24.0,128.0,19.0,15.0,0.0,0.0
46.715,52,110321.0,600.0,124.0,567.0,734.0,0.0,1.0,0.0,0.0,0.5,0.041,0.471,0.594,0.509,0.055,0.48,0.608,0.0,0.0,-1.33,-5.54,0.26,-0.54,0.0,0.0,0.0,0.0,0.0,0.0,0.0,1.0,0.0,-0.0,-0.0,-0.0,0.0,0.0,0.0,0.0,0.0,0.0,0.0,0.0,0.0,161.0,97.0,170.0,170.0,55.0,24.0,128.0,19.0,15.0,0.0,1.0
46.771,54,110375.0,600.0,124.0,567.0,734.0,0.0,1.0,0.0,0.0,0.5,0.041,0.471,0.594,0.509,0.055,0.48,0.608,0.0,0.0,-1.33,-5.54,0.26,-0.54,0.0,0.0,0.0,0.0,0.0,0.0,0.0,1.0,0.0,-0.0,-0.0,-0.0,0.0,0.0,0.0,0.0,0.0,0.0,0.0,0.0,0.0,161.0,97.0,170.0,170.0,55.0,24.0,128.0,19.0,15.0,0.0,0.0
46.828,52,110427.0,600.0,125.0,567.0,734.0,0.0,1.0,0.0,0.0,0.5,0.041,0.471,0.594,0.509,0.055,0.48,0.608,0.0,0.0,-1.33,-5.54,0.26,-0.54,0.0,0.0,0.0,0.0,0.0,0.0,0.0,1.0,0.0,-0.0,-0.0,-0.0,0.0,0.0,0.0,0.0,0.0,0.0,0.0,0.0,0.0,161.0,97.0,170.0,170.0,55.0,24.0,128.0,19.0,15.0,0.0,1.0
46.885,52,110479.0,600.0,125.0,566.0,734.0,0.0,1.0,0.0,0.0,0.5,0.041,0.471,0.594,0.509,0.055,0.48,0.608,0.0,0.0,-1.33,-5.53,0.26,-0.54,0.0,0.0,0.0,0.0,0.0,0.0,0.0,1.0,0.0,-0.0,-0.0,-0.0,0.0,0.0,0.0,0.0,0.0,0.0,0.0,0.0,0.0,161.0,97.0,170.0,170.0,55.0,24.0,128.0,19.0,15.0,0.0,0.0
46.942,52,110531.0,600.0,125.0,566.0,684.0,0.0,1.0,0.0,0.0,0.5,0.041,0.471,0.579,0.509,0.055,0.48,0.595,0.0,0.0,-1.33,-5.53,0.26,-0.54,0.0,0.0,0.0,0.0,0.0,0.0,0.0,1.0,0.0,-0.0,-0.0,-0.0,0.0,0.0,0.0,0.0,0.0,0.0,0.0,0.0,0.0,161.0,97.0,170.0,170.0,55.0,24.0,128.0,19.0,15.0,0.0,0.0
46.97,53,110584.0,600.0,125.0,566.0,684.0,0.0,1.0,0.0,0.0,0.5,0.041,0.471,0.579,0.509,0.055,0.48,0.595,0.0,0.0,-1.33,-5.54,0.26,-0.54,0.0,0.0,0.0,0.0,0.0,0.0,0.0,1.0,0.0,-0.0,-0.0,-0.0,0.0,0.0,0.0,0.0,0.0,0.0,0.0,0.0,0.0,161.0,97.0,170.0,170.0,55.0,24.0,128.0,19.0,15.0,0.0,0.0
47.027,51,110635.0,600.0,125.0,566.0,684.0,0.0,1.0,0.0,0.0,0.5,0.041,0.471,0.579,0.509,0.055,0.48,0.595,0.0,0.0,-1.33,-5.54,0.26,-0.54,0.0,0.0,0.0,0.0,0.0,0.0,0.0,1.0,0.0,-0.0,-0.0,-0.0,0.0,0.0,0.0,0.0,0.0,0.0,0.0,0.0,0.0,161.0,97.0,170.0,170.0,55.0,24.0,128.0,19.0,15.0,0.0,1.0
47.084,53,110688.0,600.0,125.0,570.0,684.0,0.0,1.0,0.0,0.0,0.5,0.041,0.471,0.579,0.509,0.055,0.48,0.595,0.0,0.0,-1.33,-5.54,0.26,-0.54,0.0,0.0,0.0,0.0,0.0,0.0,0.0,1.0,0.0,-0.0,-0.0,-0.0,0.0,0.0,0.0,0.0,0.0,0.0,0.0,0.0,0.0,161.0,97.0,170.0,170.0,55.0,24.0,128.0,19.0,15.0,0.0,0.0
47.14,52,110740.0,600.0,125.0,570.0,739.0,0.0,1.0,0.0,0.0,0.5,0.042,0.473,0.592,0.509,0.056,0.482,0.604,0.0,0.0,-1.33,-5.54,0.26,-0.54,0.0,0.0,0.0,0.0,0.0,0.0,0.0,1.0,0.0,-0.0,-0.0,-0.0,0.0,0.0,0.0,0.0,0.0,0.0,0.0,0.0,0.0,161.0,97.0,170.0,170.0,55.0,24.0,128.0,19.0,15.0,0.0,0.0
47.198,55,110795.0,600.0,125.0,570.0,739.0,0.0,1.0,0.0,0.0,0.5,0.042,0.473,0.592,0.509,0.056,0.482,0.604,0.0,0.0,-1.33,-5.54,0.26,-0.54,0.0,0.0,0.0,0.0,0.0,0.0,0.0,1.0,0.0,-0.0,-0.0,-0.0,0.0,0.0,0.0,0.0,0.0,0.0,0.0,0.0,0.0,161.0,97.0,170.0,170.0,55.0,24.0,128.0,19.0,15.0,0.0,0.0
47.258,51,110846.0,600.0,124.0,570.0,739.0,0.0,1.0,0.0,0.0,0.5,0.042,0.473,0.592,0.509,0.056,0.482,0.604,0.0,0.0,-1.33,-5.54,0.26,-0.54,0.0,0.0,0.0,0.0,0.0,0.0,0.0,1.0,0.0,-0.0,-0.0,-0.0,0.0,0.0,0.0,0.0,0.0,0.0,0.0,0.0,0.0,161.0,97.0,170.0,170.0,55.0,24.0,128.0,19.0,15.0,0.0,1.0
47.287,53,110899.0,600.0,124.0,571.0,739.0,0.0,1.0,0.0,0.0,0.5,0.042,0.473,0.592,0.509,0.056,0.482,0.604,0.0,0.0,-1.33,-5.54,0.26,-0.54,0.0,0.0,0.0,0.0,0.0,0.0,0.0,1.0,0.0,-0.0,-0.0,-0.0,0.0,0.0,0.0,0.0,0.0,0.0,0.0,0.0,0.0,161.0,97.0,170.0,170.0,55.0,24.0,128.0,19.0,15.0,0.0,0.0
47.343,53,110952.0,600.0,124.0,571.0,741.0,0.0,1.0,0.0,0.0,0.5,0.041,0.474,0.598,0.509,0.056,0.483,0.611,0.0,0.0,-1.32,-5.54,0.26,-0.54,0.0,0.0,0.0,0.0,0.0,0.0,0.0,1.0,0.0,-0.0,-0.0,-0.0,0.0,0.0,0.0,0.0,0.0,0.0,0.0,0.0,0.0,161.0,97.0,170.0,170.0,55.0,24.0,128.0,19.0,15.0,0.0,0.0
47.4,53,111005.0,600.0,124.0,571.0,741.0,0.0,1.0,0.0,0.0,0.5,0.041,0.474,0.598,0.509,0.056,0.483,0.611,0.0,0.0,-1.32,-5.54,0.26,-0.54,0.0,0.0,0.0,0.0,0.0,0.0,0.0,1.0,0.0,-0.0,-0.0,-0.0,0.0,0.0,0.0,0.0,0.0,0.0,0.0,0.0,0.0,161.0,97.0,170.0,170.0,55.0,24.0,128.0,19.0,15.0,0.0,0.0
47.457,52,111057.0,600.0,124.0,571.0,741.0,0.0,1.0,0.0,0.0,0.5,0.041,0.474,0.598,0.509,0.056,0.483,0.611,0.0,0.0,-1.32,-5.54,0.26,-0.54,0.0,0.0,0.0,0.0,0.0,0.0,0.0,1.0,0.0,-0.0,-0.0,-0.0,0.0,0.0,0.0,0.0,0.0,0.0,0.0,0.0,0.0,161.0,97.0,170.0,170.0,55.0,24.0,128.0,19.0,15.0,0.0,0.0
47.514,53,111110.0,600.0,124.0,570.0,741.0,0.0,1.0,0.0,0.0,0.5,0.041,0.474,0.598,0.509,0.056,0.483,0.611,0.0,0.0,-1.32,-5.54,0.26,-0.54,0.0,0.0,0.0,0.0,0.0,0.0,0.0,1.0,0.0,-0.0,-0.0,-0.0,0.0,0.0,0.0,0.0,0.0,0.0,0.0,0.0,0.0,161.0,97.0,170.0,170.0,55.0,24.0,128.0,19.0,15.0,0.0,0.0
47.571,52,111162.0,600.0,124.0,570.0,743.0,0.0,1.0,0.0,0.0,0.5,0.041,0.474,0.602,0.509,0.056,0.484,0.616,0.0,0.0,-1.32,-5.53,0.26,-0.54,0.0,0.0,0.0,0.0,0.0,0.0,0.0,1.0,0.0,-0.0,-0.0,-0.0,0.0,0.0,0.0,0.0,0.0,0.0,0.0,0.0,0.0,161.0,97.0,170.0,170.0,55.0,24.0,128.0,19.0,15.0,0.0,0.0
47.6,54,111216.0,600.0,124.0,570.0,743.0,0.0,1.0,0.0,0.0,0.5,0.041,0.474,0.602,0.509,0.056,0.484,0.616,0.0,0.0,-1.32,-5.53,0.26,-0.54,0.0,0.0,0.0,0.0,0.0,0.0,0.0,1.0,0.0,-0.0,-0.0,-0.0,0.0,0.0,0.0,0.0,0.0,0.0,0.0,0.0,0.0,161.0,97.0,170.0,170.0,55.0,24.0,128.0,19.0,15.0,0.0,0.0
47.656,53,111269.0,600.0,124.0,570.0,743.0,0.0,1.0,0.0,0.0,0.5,0.041,0.474,0.602,0.509,0.056,0.484,0.616,0.0,0.0,-1.33,-5.53,0.26,-0.54,0.0,0.0,0.0,0.0,0.0,0.0,0.0,1.0,0.0,-0.0,-0.0,-0.0,0.0,0.0,0.0,0.0,0.0,0.0,0.0,0.0,0.0,161.0,97.0,170.0,170.0,55.0,24.0,128.0,19.0,15.0,0.0,0.0
47.713,55,111324.0,600.0,124.0,569.0,743.0,0.0,1.0,0.0,0.0,0.5,0.041,0.474,0.602,0.509,0.056,0.484,0.616,0.0,0.0,-1.33,-5.52,0.26,-0.54,0.0,0.0,0.0,0.0,0.0,0.0,0.0,1.0,0.0,-0.0,-0.0,-0.0,0.0,0.0,0.0,0.0,0.0,0.0,0.0,0.0,0.0,161.0,97.0,170.0,170.0,55.0,24.0,128.0,19.0,15.0,0.0,0.0
47.77,52,111376.0,600.0,124.0,569.0,782.0,0.0,1.0,0.0,0.0,0.5,0.041,0.474,0.617,0.51,0.055,0.483,0.629,0.0,0.0,-1.33,-5.52,0.25,-0.54,0.0,0.0,0.0,0.0,0.0,0.0,0.0,1.0,0.0,-0.0,-0.0,-0.0,0.0,0.0,0.0,0.0,0.0,0.0,0.0,0.0,0.0,161.0,97.0,170.0,170.0,55.0,24.0,128.0,19.0,15.0,0.0,0.0
47.827,53,111429.0,600.0,124.0,569.0,782.0,0.0,1.0,0.0,0.0,0.5,0.041,0.474,0.617,0.51,0.055,0.483,0.629,0.0,0.0,-1.32,-5.52,0.26,-0.54,0.0,0.0,0.0,0.0,0.0,0.0,0.0,1.0,0.0,-0.0,-0.0,-0.0,0.0,0.0,0.0,0.0,0.0,0.0,0.0,0.0,0.0,161.0,97.0,170.0,170.0,55.0,24.0,128.0,19.0,15.0,0.0,0.0
47.884,53,111482.0,600.0,123.0,569.0,782.0,0.0,1.0,0.0,0.0,0.5,0.041,0.474,0.617,0.51,0.055,0.483,0.629,0.0,0.0,-1.32,-5.52,0.26,-0.54,0.0,0.0,0.0,0.0,0.0,0.0,0.0,1.0,0.0,-0.0,-0.0,-0.0,0.0,0.0,0.0,0.0,0.0,0.0,0.0,0.0,0.0,161.0,97.0,170.0,170.0,55.0,24.0,128.0,19.0,15.0,0.0,0.0
47.941,52,111534.0,600.0,123.0,570.0,782.0,0.0,1.0,0.0,0.0,0.5,0.041,0.474,0.617,0.51,0.055,0.483,0.629,0.0,0.0,-1.32,-5.52,0.25,-0.54,0.0,0.0,0.0,0.0,0.0,0.0,0.0,1.0,0.0,-0.0,-0.0,-0.0,0.0,0.0,0.0,0.0,0.0,0.0,0.0,0.0,0.0,161.0,97.0,170.0,170.0,55.0,24.0,128.0,19.0,15.0,0.0,0.0
47.997,52,111586.0,600.0,123.0,570.0,816.0,0.0,1.0,0.0,0.0,0.5,0.041,0.474,0.634,0.51,0.055,0.484,0.646,0.0,0.0,-1.32,-5.53,0.26,-0.54,0.0,0.0,0.0,0.0,0.0,0.0,0.0,1.0,0.0,-0.0,-0.0,-0.0,0.0,0.0,0.0,0.0,0.0,0.0,0.0,0.0,0.0,161.0,97.0,170.0,170.0,55.0,24.0,128.0,19.0,15.0,0.0,0.0
48.026,54,111640.0,600.0,123.0,570.0,816.0,0.0,1.0,0.0,0.0,0.5,0.041,0.474,0.634,0.51,0.055,0.484,0.646,0.0,0.0,-1.32,-5.53,0.26,-0.54,0.0,0.0,0.0,0.0,0.0,0.0,0.0,1.0,0.0,-0.0,-0.0,-0.0,0.0,0.0,0.0,0.0,0.0,0.0,0.0,0.0,0.0,161.0,97.0,170.0,170.0,55.0,24.0,128.0,19.0,15.0,0.0,0.0
48.083,53,111693.0,600.0,123.0,570.0,816.0,0.0,1.0,0.0,0.0,0.5,0.041,0.474,0.634,0.51,0.055,0.484,0.646,0.0,0.0,-1.32,-5.52,0.26,-0.54,0.0,0.0,0.0,0.0,0.0,0.0,0.0,1.0,0.0,-0.0,-0.0,-0.0,0.0,0.0,0.0,0.0,0.0,0.0,0.0,0.0,0.0,161.0,97.0,170.0,170.0,55.0,24.0,128.0,19.0,15.0,0.0,0.0
48.139,52,111745.0,600.0,123.0,564.0,816.0,0.0,1.0,0.0,0.0,0.5,0.041,0.474,0.634,0.51,0.055,0.484,0.646,0.0,0.0,-1.32,-5.52,0.26,-0.54,0.0,0.0,0.0,0.0,0.0,0.0,0.0,1.0,0.0,-0.0,-0.0,-0.0,0.0,0.0,0.0,0.0,0.0,0.0,0.0,0.0,0.0,161.0,97.0,170.0,170.0,55.0,24.0,128.0,19.0,15.0,0.0,0.0
48.196,53,111798.0,600.0,123.0,564.0,814.0,0.0,1.0,0.0,0.0,0.5,0.04,0.471,0.642,0.51,0.055,0.482,0.655,0.0,0.0,-1.32,-5.52,0.26,-0.54,0.0,0.0,0.0,0.0,0.0,0.0,0.0,1.0,0.0,-0.0,-0.0,-0.0,0.0,0.0,0.0,0.0,0.0,0.0,0.0,0.0,0.0,161.0,97.0,170.0,170.0,55.0,24.0,128.0,19.0,15.0,0.0,0.0
48.253,53,111851.0,600.0,123.0,564.0,814.0,0.0,1.0,0.0,0.0,0.5,0.04,0.471,0.642,0.51,0.055,0.482,0.655,0.0,0.0,-1.32,-5.52,0.26,-0.54,0.0,0.0,0.0,0.0,0.0,0.0,0.0,1.0,0.0,-0.0,-0.0,-0.0,0.0,0.0,0.0,0.0,0.0,0.0,0.0,0.0,0.0,161.0,97.0,170.0,170.0,55.0,24.0,128.0,19.0,15.0,0.0,0.0
48.31,53,111904.0,600.0,124.0,564.0,814.0,0.0,1.0,0.0,0.0,0.5,0.04,0.471,0.642,0.51,0.055,0.482,0.655,0.0,0.0,-1.32,-5.52,0.26,-0.54,0.0,0.0,0.0,0.0,0.0,0.0,0.0,1.0,0.0,-0.0,-0.0,-0.0,0.0,0.0,0.0,0.0,0.0,0.0,0.0,0.0,0.0,161.0,97.0,170.0,170.0,55.0,24.0,128.0,19.0,15.0,0.0,0.0
48.367,52,111956.0,600.0,124.0,562.0,814.0,0.0,1.0,0.0,0.0,0.5,0.04,0.471,0.642,0.51,0.055,0.482,0.655,0.0,0.0,-1.32,-5.52,0.26,-0.54,0.0,0.0,0.0,0.0,0.0,0.0,0.0,1.0,0.0,-0.0,-0.0,-0.0,0.0,0.0,0.0,0.0,0.0,0.0,0.0,0.0,0.0,161.0,97.0,170.0,170.0,55.0,24.0,128.0,19.0,15.0,0.0,0.0
48.395,53,112009.0,600.0,124.0,562.0,815.0,0.0,1.0,0.0,0.0,0.5,0.041,0.469,0.645,0.51,0.055,0.48,0.659,0.0,0.0,-1.32,-5.52,0.26,-0.54,0.0,0.0,0.0,0.0,0.0,0.0,0.0,1.0,0.0,-0.0,-0.0,-0.0,0.0,0.0,0.0,0.0,0.0,0.0,0.0,0.0,0.0,161.0,97.0,170.0,170.0,55.0,24.0,128.0,19.0,15.0,0.0,0.0
48.453,54,112063.0,600.0,124.0,562.0,815.0,0.0,1.0,0.0,0.0,0.5,0.041,0.469,0.645,0.51,0.055,0.48,0.659,0.0,0.0,-1.32,-5.52,0.26,-0.54,0.0,0.0,0.0,0.0,0.0,0.0,0.0,1.0,0.0,-0.0,-0.0,-0.0,0.0,0.0,0.0,0.0,0.0,0.0,0.0,0.0,0.0,161.0,97.0,170.0,170.0,55.0,24.0,128.0,19.0,15.0,0.0,0.0
48.51,53,112116.0,600.0,123.0,562.0,815.0,0.0,1.0,0.0,0.0,0.5,0.041,0.469,0.645,0.51,0.055,0.48,0.659,0.0,0.0,-1.32,-5.52,0.26,-0.54,0.0,0.0,0.0,0.0,0.0,0.0,0.0,1.0,0.0,-0.0,-0.0,-0.0,0.0,0.0,0.0,0.0,0.0,0.0,0.0,0.0,0.0,161.0,97.0,170.0,170.0,55.0,24.0,128.0,19.0,15.0,0.0,0.0
48.567,52,112168.0,600.0,123.0,559.0,815.0,0.0,1.0,0.0,0.0,0.5,0.041,0.469,0.645,0.51,0.055,0.48,0.659,0.0,0.0,-1.32,-5.52,0.26,-0.54,0.0,0.0,0.0,0.0,0.0,0.0,0.0,1.0,0.0,-0.0,-0.0,-0.0,0.0,0.0,0.0,0.0,0.0,0.0,0.0,0.0,0.0,161.0,97.0,170.0,170.0,55.0,24.0,128.0,19.0,15.0,0.0,0.0
48.624,53,112221.0,600.0,123.0,559.0,820.0,0.0,1.0,0.0,0.0,0.5,0.041,0.467,0.649,0.51,0.055,0.477,0.662,0.0,0.0,-1.32,-5.52,0.26,-0.54,0.0,0.0,0.0,0.0,0.0,0.0,0.0,1.0,0.0,-0.0,-0.0,-0.0,0.0,0.0,0.0,0.0,0.0,0.0,0.0,0.0,0.0,161.0,97.0,170.0,170.0,55.0,24.0,128.0,19.0,15.0,0.0,0.0
48.685,53,112274.0,600.0,123.0,559.0,820.0,0.0,1.0,0.0,0.0,0.5,0.041,0.467,0.649,0.51,0.055,0.477,0.662,0.0,0.0,-1.32,-5.52,0.26,-0.54,0.0,0.0,0.0,0.0,0.0,0.0,0.0,1.0,0.0,-0.0,-0.0,-0.0,0.0,0.0,0.0,0.0,0.0,0.0,0.0,0.0,0.0,161.0,97.0,170.0,170.0,55.0,24.0,128.0,19.0,15.0,0.0,0.0
48.714,53,112327.0,600.0,124.0,559.0,820.0,0.0,1.0,0.0,0.0,0.5,0.041,0.467,0.649,0.51,0.055,0.477,0.662,0.0,0.0,-1.32,-5.52,0.26,-0.54,0.0,0.0,0.0,0.0,0.0,0.0,0.0,1.0,0.0,-0.0,-0.0,-0.0,0.0,0.0,0.0,0.0,0.0,0.0,0.0,0.0,0.0,161.0,97.0,170.0,170.0,55.0,24.0,128.0,19.0,15.0,0.0,0.0
48.77,52,112379.0,600.0,124.0,556.0,820.0,0.0,1.0,0.0,0.0,0.5,0.041,0.467,0.649,0.51,0.055,0.477,0.662,0.0,0.0,-1.32,-5.52,0.26,-0.54,0.0,0.0,0.0,0.0,0.0,0.0,0.0,1.0,0.0,-0.0,-0.0,-0.0,0.0,0.0,0.0,0.0,0.0,0.0,0.0,0.0,0.0,161.0,97.0,170.0,170.0,55.0,24.0,128.0,19.0,15.0,0.0,1.0
48.827,53,112432.0,600.0,124.0,556.0,830.0,0.0,1.0,0.0,0.0,0.5,0.041,0.464,0.653,0.51,0.055,0.475,0.666,0.0,0.0,-1.32,-5.52,0.26,-0.54,0.0,0.0,0.0,0.0,0.0,0.0,0.0,1.0,0.0,-0.0,-0.0,-0.0,0.0,0.0,0.0,0.0,0.0,0.0,0.0,0.0,0.0,161.0,97.0,170.0,170.0,55.0,24.0,128.0,19.0,15.0,0.0,0.0
48.885,54,112486.0,600.0,124.0,556.0,830.0,0.0,1.0,0.0,0.0,0.5,0.041,0.464,0.653,0.51,0.055,0.475,0.666,0.0,0.0,-1.32,-5.53,0.26,-0.54,0.0,0.0,0.0,0.0,0.0,0.0,0.0,1.0,0.0,-0.0,-0.0,-0.0,0.0,0.0,0.0,0.0,0.0,0.0,0.0,0.0,0.0,161.0,97.0,170.0,170.0,55.0,24.0,128.0,19.0,15.0,0.0,0.0
48.941,53,112539.0,600.0,125.0,556.0,830.0,0.0,1.0,0.0,0.0,0.5,0.041,0.464,0.653,0.51,0.055,0.475,0.666,0.0,0.0,-1.32,-5.53,0.26,-0.54,0.0,0.0,0.0,0.0,0.0,0.0,0.0,1.0,0.0,-0.0,-0.0,-0.0,0.0,0.0,0.0,0.0,0.0,0.0,0.0,0.0,0.0,161.0,97.0,170.0,170.0,55.0,24.0,128.0,19.0,15.0,0.0,0.0
48.998,52,112591.0,600.0,125.0,558.0,830.0,0.0,1.0,0.0,0.0,0.5,0.041,0.464,0.653,0.51,0.055,0.475,0.666,0.0,0.0,-1.32,-5.53,0.26,-0.54,0.0,0.0,0.0,0.0,0.0,0.0,0.0,1.0,0.0,-0.0,-0.0,-0.0,0.0,0.0,0.0,0.0,0.0,0.0,0.0,0.0,0.0,161.0,97.0,170.0,170.0,55.0,24.0,128.0,19.0,15.0,0.0,0.0
49.055,53,112644.0,600.0,125.0,558.0,844.0,0.0,1.0,0.0,0.0,0.5,0.041,0.464,0.659,0.51,0.055,0.474,0.672,0.0,0.0,-1.32,-5.53,0.26,-0.54,0.0,0.0,0.0,0.0,0.0,0.0,0.0,1.0,0.0,-0.0,-0.0,-0.0,0.0,0.0,0.0,0.0,0.0,0.0,0.0,0.0,0.0,161.0,97.0,170.0,170.0,55.0,24.0,128.0,19.0,15.0,0.0,0.0
49.084,53,112697.0,600.0,125.0,558.0,844.0,0.0,1.0,0.0,0.0,0.5,0.041,0.464,0.659,0.51,0.055,0.474,0.672,0.0,0.0,-1.33,-5.53,0.26,-0.54,0.0,0.0,0.0,0.0,0.0,0.0,0.0,1.0,0.0,-0.0,-0.0,-0.0,0.0,0.0,0.0,0.0,0.0,0.0,0.0,0.0,0.0,161.0,97.0,170.0,170.0,55.0,24.0,128.0,19.0,15.0,0.0,1.0
49.14,53,112750.0,600.0,124.0,558.0,844.0,0.0,1.0,0.0,0.0,0.5,0.041,0.464,0.659,0.51,0.055,0.474,0.672,0.0,0.0,-1.33,-5.53,0.26,-0.54,0.0,0.0,0.0,0.0,0.0,0.0,0.0,1.0,0.0,-0.0,-0.0,-0.0,-0.0,0.0,0.0,0.0,0.0,0.0,0.0,0.0,0.0,161.0,97.0,170.0,170.0,55.0,24.0,128.0,19.0,15.0,0.0,0.0
49.197,52,112802.0,600.0,124.0,560.0,844.0,0.0,1.0,0.0,0.0,0.5,0.041,0.464,0.659,0.51,0.055,0.474,0.672,0.0,0.0,-1.33,-5.53,0.26,-0.54,0.0,0.0,0.0,0.0,0.0,0.0,0.0,1.0,0.0,-0.0,-0.0,-0.0,0.0,0.0,0.0,0.0,0.0,0.0,0.0,0.0,0.0,161.0,97.0,170.0,170.0,55.0,24.0,128.0,19.0,15.0,0.0,0.0
49.257,53,112855.0,600.0,124.0,560.0,838.0,0.0,1.0,0.0,0.0,0.5,0.041,0.465,0.66,0.51,0.055,0.475,0.674,0.0,0.0,-1.33,-5.53,0.26,-0.54,0.0,0.0,0.0,0.0,0.0,0.0,0.0,1.0,0.0,-0.0,-0.0,-0.0,0.0,0.0,0.0,0.0,0.0,0.0,0.0,0.0,0.0,161.0,97.0,170.0,170.0,55.0,24.0,128.0,19.0,15.0,0.0,0.0
49.314,55,112910.0,600.0,124.0,560.0,838.0,0.0,1.0,0.0,0.0,0.5,0.041,0.465,0.66,0.51,0.055,0.475,0.674,0.0,0.0,-1.33,-5.53,0.26,-0.54,0.0,0.0,0.0,0.0,0.0,0.0,0.0,1.0,0.0,-0.0,-0.0,-0.0,0.0,0.0,0.0,0.0,0.0,0.0,0.0,0.0,0.0,161.0,97.0,170.0,170.0,55.0,24.0,128.0,19.0,15.0,0.0,0.0
49.37,53,112963.0,600.0,124.0,560.0,838.0,0.0,1.0,0.0,0.0,0.5,0.041,0.465,0.66,0.51,0.055,0.475,0.674,0.0,0.0,-1.33,-5.54,0.26,-0.54,0.0,0.0,0.0,0.0,0.0,0.0,0.0,1.0,0.0,-0.0,-0.0,-0.0,0.0,0.0,0.0,0.0,0.0,0.0,0.0,0.0,0.0,161.0,97.0,170.0,170.0,55.0,24.0,128.0,19.0,15.0,0.0,1.0
49.399,52,113015.0,600.0,124.0,562.0,838.0,0.0,1.0,0.0,0.0,0.5,0.041,0.465,0.66,0.51,0.055,0.475,0.674,0.0,0.0,-1.33,-5.54,0.26,-0.54,0.0,0.0,0.0,0.0,0.0,0.0,0.0,1.0,0.0,-0.0,-0.0,-0.0,0.0,0.0,0.0,0.0,0.0,0.0,0.0,0.0,0.0,161.0,97.0,170.0,170.0,55.0,24.0,128.0,19.0,15.0,0.0,0.0
49.457,53,113068.0,600.0,124.0,562.0,790.0,0.0,1.0,0.0,0.0,0.5,0.041,0.466,0.646,0.51,0.055,0.476,0.663,0.0,0.0,-1.33,-5.54,0.26,-0.54,0.0,0.0,0.0,0.0,0.0,0.0,0.0,1.0,0.0,-0.0,-0.0,-0.0,0.0,0.0,0.0,0.0,0.0,0.0,0.0,0.0,0.0,161.0,97.0,170.0,170.0,55.0,24.0,128.0,19.0,15.0,0.0,0.0
49.514,53,113121.0,600.0,124.0,562.0,790.0,0.0,1.0,0.0,0.0,0.5,0.041,0.466,0.646,0.51,0.055,0.476,0.663,0.0,0.0,-1.33,-5.54,0.26,-0.54,0.0,0.0,0.0,0.0,0.0,0.0,0.0,1.0,0.0,-0.0,-0.0,-0.0,0.0,0.0,0.0,0.0,0.0,0.0,0.0,0.0,0.0,161.0,97.0,170.0,170.0,55.0,24.0,128.0,19.0,15.0,0.0,0.0
49.571,51,113172.0,600.0,124.0,562.0,790.0,0.0,1.0,0.0,0.0,0.5,0.041,0.466,0.646,0.51,0.055,0.476,0.663,0.0,0.0,-1.33,-5.54,0.26,-0.54,0.0,0.0,0.0,0.0,0.0,0.0,0.0,1.0,0.0,-0.0,-0.0,-0.0,0.0,0.0,0.0,0.0,0.0,0.0,0.0,0.0,0.0,161.0,97.0,170.0,170.0,55.0,24.0,128.0,19.0,15.0,0.0,0.0
49.627,54,113226.0,600.0,124.0,557.0,790.0,0.0,1.0,0.0,0.0,0.5,0.041,0.466,0.646,0.51,0.055,0.476,0.663,0.0,0.0,-1.33,-5.54,0.26,-0.54,0.0,0.0,0.0,0.0,0.0,0.0,0.0,1.0,0.0,-0.0,-0.0,-0.0,0.0,0.0,0.0,0.0,0.0,0.0,0.0,0.0,0.0,161.0,97.0,170.0,170.0,55.0,24.0,128.0,19.0,15.0,0.0,0.0
49.684,52,113278.0,600.0,124.0,557.0,799.0,0.0,1.0,0.0,0.0,0.5,0.041,0.465,0.643,0.51,0.055,0.475,0.657,0.0,0.0,-1.33,-5.54,0.26,-0.54,0.0,0.0,0.0,0.0,0.0,0.0,0.0,1.0,0.0,-0.0,-0.0,-0.0,0.0,0.0,0.0,0.0,0.0,0.0,0.0,0.0,0.0,161.0,97.0,170.0,170.0,55.0,24.0,128.0,19.0,15.0,0.0,1.0
49.741,55,113333.0,600.0,124.0,557.0,799.0,0.0,1.0,0.0,0.0,0.5,0.041,0.465,0.643,0.51,0.055,0.475,0.657,0.0,0.0,-1.33,-5.54,0.26,-0.54,0.0,0.0,0.0,0.0,0.0,0.0,0.0,1.0,0.0,-0.0,-0.0,-0.0,0.0,0.0,0.0,0.0,0.0,0.0,0.0,0.0,0.0,161.0,97.0,170.0,170.0,55.0,24.0,128.0,19.0,15.0,0.0,0.0
49.804,53,113386.0,600.0,125.0,557.0,799.0,0.0,1.0,0.0,0.0,0.5,0.041,0.465,0.643,0.51,0.055,0.475,0.657,0.0,0.0,-1.33,-5.54,0.26,-0.54,0.0,0.0,0.0,0.0,0.0,0.0,0.0,1.0,0.0,-0.0,-0.0,-0.0,0.0,0.0,0.0,0.0,0.0,0.0,0.0,0.0,0.0,161.0,97.0,170.0,170.0,55.0,24.0,128.0,19.0,15.0,0.0,0.0
49.832,52,113438.0,600.0,125.0,556.0,799.0,0.0,1.0,0.0,0.0,0.5,0.041,0.465,0.643,0.51,0.055,0.475,0.657,0.0,0.0,-1.33,-5.54,0.26,-0.54,0.0,0.0,0.0,0.0,0.0,0.0,0.0,1.0,0.0,-0.0,-0.0,-0.0,-0.0,0.0,0.0,0.0,0.0,0.0,0.0,0.0,0.0,161.0,97.0,170.0,170.0,55.0,24.0,128.0,19.0,15.0,0.0,0.0
49.889,52,113490.0,600.0,125.0,556.0,796.0,0.0,1.0,0.0,0.0,0.5,0.041,0.463,0.64,0.51,0.055,0.474,0.654,0.0,0.0,-1.33,-5.54,0.26,-0.54,0.0,0.0,0.0,0.0,0.0,0.0,0.0,1.0,0.0,-0.0,-0.0,-0.0,-0.0,0.0,0.0,0.0,0.0,0.0,0.0,0.0,0.0,161.0,97.0,170.0,170.0,55.0,24.0,128.0,19.0,15.0,0.0,0.0
49.946,53,113543.0,600.0,125.0,556.0,796.0,0.0,1.0,0.0,0.0,0.5,0.041,0.463,0.64,0.51,0.055,0.474,0.654,0.0,0.0,-1.33,-5.54,0.26,-0.54,0.0,0.0,0.0,0.0,0.0,0.0,0.0,1.0,0.0,-0.0,-0.0,-0.0,0.0,0.0,0.0,0.0,0.0,0.0,0.0,0.0,0.0,161.0,97.0,170.0,170.0,55.0,24.0,128.0,19.0,15.0,0.0,0.0
50.003,51,113594.0,600.0,125.0,556.0,796.0,0.0,1.0,0.0,0.0,0.5,0.041,0.463,0.64,0.51,0.055,0.474,0.654,0.0,0.0,-1.33,-5.54,0.26,-0.54,0.0,0.0,0.0,0.0,0.0,0.0,0.0,1.0,0.0,-0.0,-0.0,-0.0,0.0,0.0,0.0,0.0,0.0,0.0,0.0,0.0,0.0,161.0,97.0,170.0,170.0,55.0,24.0,128.0,19.0,15.0,0.0,0.0
50.032,53,113647.0,600.0,125.0,554.0,796.0,0.0,1.0,0.0,0.0,0.5,0.041,0.463,0.64,0.51,0.055,0.474,0.654,0.0,0.0,-1.33,-5.54,0.26,-0.54,0.0,0.0,0.0,0.0,0.0,0.0,0.0,1.0,0.0,-0.0,-0.0,-0.0,0.0,0.0,0.0,0.0,0.0,0.0,0.0,0.0,0.0,161.0,97.0,170.0,170.0,55.0,24.0,128.0,19.0,15.0,0.0,0.0
50.089,52,113699.0,600.0,125.0,554.0,790.0,0.0,1.0,0.0,0.0,0.5,0.041,0.462,0.637,0.51,0.055,0.472,0.651,0.0,0.0,-1.33,-5.54,0.26,-0.54,0.0,0.0,0.0,0.0,0.0,0.0,0.0,1.0,0.0,-0.0,-0.0,-0.0,0.0,0.0,0.0,0.0,0.0,0.0,0.0,0.0,0.0,161.0,97.0,170.0,170.0,55.0,24.0,128.0,19.0,15.0,0.0,1.0
50.154,54,113753.0,600.0,125.0,554.0,790.0,0.0,1.0,0.0,0.0,0.5,0.041,0.462,0.637,0.51,0.055,0.472,0.651,0.0,0.0,-1.33,-5.54,0.26,-0.54,0.0,0.0,0.0,0.0,0.0,0.0,0.0,1.0,0.0,-0.0,-0.0,-0.0,0.0,0.0,0.0,0.0,0.0,0.0,0.0,0.0,0.0,161.0,97.0,170.0,170.0,55.0,24.0,128.0,19.0,15.0,0.0,0.0
50.219,52,113805.0,600.0,124.0,554.0,790.0,0.0,1.0,0.0,0.0,0.5,0.041,0.462,0.637,0.51,0.055,0.472,0.651,0.0,0.0,-1.33,-5.54,0.26,-0.54,0.0,0.0,0.0,0.0,0.0,0.0,0.0,1.0,0.0,-0.0,-0.0,-0.0,0.0,0.0,0.0,0.0,0.0,0.0,0.0,0.0,0.0,161.0,97.0,170.0,170.0,55.0,24.0,128.0,19.0,15.0,0.0,0.0
50.26,53,113858.0,600.0,124.0,553.0,790.0,0.0,1.0,0.0,0.0,0.5,0.041,0.462,0.637,0.51,0.055,0.472,0.651,0.0,0.0,-1.33,-5.54,0.26,-0.54,0.0,0.0,0.0,0.0,0.0,0.0,0.0,1.0,0.0,-0.0,-0.0,-0.0,0.0,0.0,0.0,0.0,0.0,0.0,0.0,0.0,0.0,161.0,97.0,170.0,170.0,55.0,24.0,128.0,19.0,15.0,0.0,0.0
50.325,52,113910.0,600.0,124.0,553.0,744.0,0.0,1.0,0.0,0.0,0.5,0.041,0.46,0.62,0.51,0.055,0.47,0.637,0.0,0.0,-1.33,-5.54,0.26,-0.54,0.0,0.0,0.0,0.0,0.0,0.0,0.0,1.0,0.0,-0.0,-0.0,-0.0,0.0,0.0,0.0,0.0,0.0,0.0,0.0,0.0,0.0,161.0,97.0,170.0,170.0,55.0,24.0,128.0,19.0,15.0,0.0,1.0
50.358,53,113963.0,600.0,124.0,553.0,744.0,0.0,1.0,0.0,0.0,0.5,0.041,0.46,0.62,0.51,0.055,0.47,0.637,0.0,0.0,-1.33,-5.54,0.26,-0.54,0.0,0.0,0.0,0.0,0.0,0.0,0.0,1.0,0.0,-0.0,-0.0,-0.0,0.0,0.0,0.0,0.0,0.0,0.0,0.0,0.0,0.0,161.0,97.0,170.0,170.0,55.0,24.0,128.0,19.0,15.0,0.0,0.0
50.422,51,114014.0,600.0,124.0,553.0,744.0,0.0,1.0,0.0,0.0,0.5,0.041,0.46,0.62,0.51,0.055,0.47,0.637,0.0,0.0,-1.33,-5.54,0.26,-0.54,0.0,0.0,0.0,0.0,0.0,0.0,0.0,1.0,0.0,-0.0,-0.0,-0.0,0.0,0.0,0.0,0.0,0.0,0.0,0.0,0.0,0.0,161.0,97.0,170.0,170.0,55.0,24.0,128.0,19.0,15.0,0.0,0.0
50.497,54,114068.0,600.0,124.0,554.0,744.0,0.0,1.0,0.0,0.0,0.5,0.041,0.46,0.62,0.51,0.055,0.47,0.637,0.0,0.0,-1.33,-5.54,0.26,-0.54,0.0,0.0,0.0,0.0,0.0,0.0,0.0,1.0,0.0,-0.0,-0.0,-0.0,0.0,0.0,0.0,0.0,0.0,0.0,0.0,0.0,0.0,161.0,97.0,170.0,170.0,55.0,24.0,128.0,19.0,15.0,0.0,0.0
50.528,52,114120.0,600.0,124.0,554.0,744.0,0.0,1.0,0.0,0.0,0.5,0.041,0.46,0.612,0.51,0.055,0.47,0.628,0.0,0.0,-1.33,-5.54,0.26,-0.54,0.0,0.0,0.0,0.0,0.0,0.0,0.0,1.0,0.0,-0.0,-0.0,-0.0,0.0,0.0,0.0,0.0,0.0,0.0,0.0,0.0,0.0,161.0,97.0,170.0,170.0,55.0,24.0,128.0,19.0,15.0,0.0,1.0
50.591,54,114174.0,600.0,124.0,554.0,744.0,0.0,1.0,0.0,0.0,0.5,0.041,0.46,0.612,0.51,0.055,0.47,0.628,0.0,0.0,-1.33,-5.54,0.26,-0.54,0.0,0.0,0.0,0.0,0.0,0.0,0.0,1.0,0.0,-0.0,-0.0,-0.0,0.0,0.0,0.0,0.0,0.0,0.0,0.0,0.0,0.0,161.0,97.0,170.0,170.0,55.0,24.0,128.0,19.0,15.0,0.0,0.0
50.624,51,114225.0,600.0,124.0,554.0,744.0,0.0,1.0,0.0,0.0,0.5,0.041,0.46,0.612,0.51,0.055,0.47,0.628,0.0,0.0,-1.33,-5.53,0.26,-0.54,0.0,0.0,0.0,0.0,0.0,0.0,0.0,1.0,0.0,-0.0,-0.0,-0.0,0.0,0.0,0.0,0.0,0.0,0.0,0.0,0.0,0.0,161.0,97.0,170.0,170.0,55.0,24.0,128.0,19.0,15.0,0.0,0.0
50.69,53,114278.0,600.0,124.0,559.0,744.0,0.0,1.0,0.0,0.0,0.5,0.041,0.46,0.612,0.51,0.055,0.47,0.628,0.0,0.0,-1.33,-5.53,0.26,-0.54,0.0,0.0,0.0,0.0,0.0,0.0,0.0,1.0,0.0,-0.0,-0.0,-0.0,0.0,0.0,0.0,0.0,0.0,0.0,0.0,0.0,0.0,161.0,97.0,170.0,170.0,55.0,24.0,128.0,19.0,15.0,0.0,0.0
50.721,52,114330.0,600.0,124.0,559.0,731.0,0.0,1.0,0.0,0.0,0.5,0.041,0.463,0.604,0.509,0.055,0.472,0.62,0.0,0.0,-1.33,-5.53,0.26,-0.54,0.0,0.0,0.0,0.0,0.0,0.0,0.0,1.0,0.0,-0.0,-0.0,-0.0,0.0,0.0,0.0,0.0,0.0,0.0,0.0,0.0,0.0,161.0,97.0,170.0,170.0,55.0,24.0,128.0,19.0,15.0,0.0,1.0
50.784,53,114383.0,600.0,124.0,559.0,731.0,0.0,1.0,0.0,0.0,0.5,0.041,0.463,0.604,0.509,0.055,0.472,0.62,0.0,0.0,-1.33,-5.53,0.26,-0.54,0.0,0.0,0.0,0.0,0.0,0.0,0.0,1.0,0.0,-0.0,-0.0,-0.0,0.0,0.0,0.0,0.0,0.0,0.0,0.0,0.0,0.0,161.0,97.0,170.0,170.0,55.0,24.0,128.0,19.0,15.0,0.0,0.0
50.85,52,114435.0,600.0,123.0,559.0,731.0,0.0,1.0,0.0,0.0,0.5,0.041,0.463,0.604,0.509,0.055,0.472,0.62,0.0,0.0,-1.33,-5.53,0.26,-0.54,0.0,0.0,0.0,0.0,0.0,0.0,0.0,1.0,0.0,-0.0,-0.0,-0.0,0.0,0.0,0.0,0.0,0.0,0.0,0.0,0.0,0.0,161.0,97.0,170.0,170.0,55.0,24.0,128.0,19.0,15.0,0.0,0.0
50.883,53,114488.0,600.0,123.0,567.0,731.0,0.0,1.0,0.0,0.0,0.5,0.041,0.463,0.604,0.509,0.055,0.472,0.62,0.0,0.0,-1.33,-5.53,0.26,-0.54,0.0,0.0,0.0,0.0,0.0,0.0,0.0,1.0,0.0,-0.0,-0.0,-0.0,0.0,0.0,0.0,0.0,0.0,0.0,0.0,0.0,0.0,161.0,97.0,170.0,170.0,55.0,24.0,128.0,19.0,15.0,0.0,0.0
50.946,53,114541.0,600.0,123.0,567.0,735.0,0.0,1.0,0.0,0.0,0.5,0.041,0.468,0.602,0.509,0.055,0.476,0.617,0.0,0.0,-1.33,-5.54,0.26,-0.54,0.0,0.0,0.0,0.0,0.0,0.0,0.0,1.0,0.0,-0.0,-0.0,-0.0,0.0,0.0,0.0,0.0,0.0,0.0,0.0,0.0,0.0,161.0,97.0,170.0,170.0,55.0,24.0,128.0,19.0,15.0,0.0,0.0
51.01,54,114595.0,600.0,123.0,567.0,735.0,0.0,1.0,0.0,0.0,0.5,0.041,0.468,0.602,0.509,0.055,0.476,0.617,0.0,0.0,-1.33,-5.54,0.26,-0.54,0.0,0.0,0.0,0.0,0.0,0.0,0.0,1.0,0.0,-0.0,-0.0,-0.0,0.0,0.0,0.0,0.0,0.0,0.0,0.0,0.0,0.0,161.0,97.0,170.0,170.0,55.0,24.0,128.0,19.0,15.0,0.0,0.0
51.049,53,114648.0,600.0,122.0,567.0,735.0,0.0,1.0,0.0,0.0,0.5,0.041,0.468,0.602,0.509,0.055,0.476,0.617,0.0,0.0,-1.33,-5.54,0.26,-0.54,0.0,0.0,0.0,0.0,0.0,0.0,0.0,1.0,0.0,-0.0,-0.0,-0.0,0.0,0.0,0.0,0.0,0.0,0.0,0.0,0.0,0.0,161.0,97.0,170.0,170.0,55.0,24.0,128.0,19.0,15.0,0.0,0.0
51.113,53,114701.0,600.0,122.0,572.0,735.0,0.0,1.0,0.0,0.0,0.5,0.041,0.468,0.602,0.509,0.055,0.476,0.617,0.0,0.0,-1.33,-5.54,0.26,-0.54,0.0,0.0,0.0,0.0,0.0,0.0,0.0,1.0,0.0,-0.0,-0.0,-0.0,0.0,0.0,0.0,0.0,0.0,0.0,0.0,0.0,0.0,161.0,97.0,170.0,170.0,55.0,24.0,128.0,19.0,15.0,0.0,0.0
51.146,53,114754.0,600.0,122.0,572.0,730.0,0.0,1.0,0.0,0.0,0.5,0.04,0.472,0.599,0.509,0.054,0.481,0.614,0.0,0.0,-1.33,-5.54,0.26,-0.54,0.0,0.0,0.0,0.0,0.0,0.0,0.0,1.0,0.0,-0.0,-0.0,-0.0,0.0,0.0,0.0,0.0,0.0,0.0,0.0,0.0,0.0,161.0,97.0,170.0,170.0,55.0,24.0,128.0,19.0,15.0,0.0,0.0
51.211,53,114807.0,600.0,122.0,572.0,730.0,0.0,1.0,0.0,0.0,0.5,0.04,0.472,0.599,0.509,0.054,0.481,0.614,0.0,0.0,-1.33,-5.54,0.26,-0.54,0.0,0.0,0.0,0.0,0.0,0.0,0.0,1.0,0.0,-0.0,-0.0,-0.0,0.0,0.0,0.0,0.0,0.0,0.0,0.0,0.0,0.0,161.0,97.0,170.0,170.0,55.0,24.0,128.0,19.0,15.0,0.0,0.0
51.275,53,114860.0,600.0,122.0,572.0,730.0,0.0,1.0,0.0,0.0,0.5,0.04,0.472,0.599,0.509,0.054,0.481,0.614,0.0,0.0,-1.33,-5.54,0.26,-0.54,0.0,0.0,0.0,0.0,0.0,0.0,0.0,1.0,0.0,-0.0,-0.0,-0.0,0.0,0.0,0.0,0.0,0.0,0.0,0.0,0.0,0.0,161.0,97.0,170.0,170.0,55.0,24.0,128.0,19.0,15.0,0.0,0.0
51.306,52,114912.0,600.0,122.0,567.0,730.0,0.0,1.0,0.0,0.0,0.5,0.04,0.472,0.599,0.509,0.054,0.481,0.614,0.0,0.0,-1.33,-5.54,0.26,-0.54,0.0,0.0,0.0,0.0,0.0,0.0,0.0,1.0,0.0,-0.0,-0.0,-0.0,0.0,0.0,0.0,0.0,0.0,0.0,0.0,0.0,0.0,161.0,97.0,170.0,170.0,55.0,24.0,128.0,19.0,15.0,0.0,0.0
51.369,53,114965.0,600.0,122.0,567.0,730.0,0.0,1.0,0.0,0.0,0.5,0.04,0.472,0.598,0.509,0.054,0.481,0.613,0.0,0.0,-1.33,-5.54,0.26,-0.54,0.0,0.0,0.0,0.0,0.0,0.0,0.0,1.0,0.0,-0.0,-0.0,-0.0,0.0,0.0,0.0,0.0,0.0,0.0,0.0,0.0,0.0,161.0,97.0,170.0,170.0,55.0,24.0,128.0,19.0,15.0,0.0,0.0
51.433,54,115019.0,600.0,122.0,567.0,730.0,0.0,1.0,0.0,0.0,0.5,0.04,0.472,0.598,0.509,0.054,0.481,0.613,0.0,0.0,-1.33,-5.54,0.26,-0.54,0.0,0.0,0.0,0.0,0.0,0.0,0.0,1.0,0.0,-0.0,-0.0,-0.0,0.0,0.0,0.0,0.0,0.0,0.0,0.0,0.0,0.0,161.0,97.0,170.0,170.0,55.0,24.0,128.0,19.0,15.0,0.0,0.0
51.466,52,115071.0,600.0,122.0,567.0,730.0,0.0,1.0,0.0,0.0,0.5,0.04,0.472,0.598,0.509,0.054,0.481,0.613,0.0,0.0,-1.34,-5.54,0.26,-0.54,0.0,0.0,0.0,0.0,0.0,0.0,0.0,1.0,0.0,-0.0,-0.0,-0.0,0.0,0.0,0.0,0.0,0.0,0.0,0.0,0.0,0.0,161.0,97.0,170.0,170.0,55.0,24.0,128.0,19.0,15.0,0.0,0.0
51.531,52,115123.0,600.0,122.0,563.0,730.0,0.0,1.0,0.0,0.0,0.5,0.04,0.472,0.598,0.509,0.054,0.481,0.613,0.0,0.0,-1.34,-5.54,0.26,-0.54,0.0,0.0,0.0,0.0,0.0,0.0,0.0,1.0,0.0,-0.0,-0.0,-0.0,0.0,0.0,0.0,0.0,0.0,0.0,0.0,0.0,0.0,161.0,97.0,170.0,170.0,55.0,24.0,128.0,19.0,15.0,0.0,0.0
51.563,53,115176.0,600.0,122.0,563.0,781.0,0.0,1.0,0.0,0.0,0.5,0.04,0.47,0.615,0.51,0.054,0.48,0.626,0.0,0.0,-1.34,-5.54,0.26,-0.54,0.0,0.0,0.0,0.0,0.0,0.0,0.0,1.0,0.0,-0.0,-0.0,-0.0,0.0,0.0,0.0,0.0,0.0,0.0,0.0,0.0,0.0,161.0,97.0,170.0,170.0,55.0,24.0,128.0,19.0,15.0,0.0,0.0
51.627,53,115229.0,600.0,122.0,563.0,781.0,0.0,1.0,0.0,0.0,0.5,0.04,0.47,0.615,0.51,0.054,0.48,0.626,0.0,0.0,-1.34,-5.54,0.26,-0.54,0.0,0.0,0.0,0.0,0.0,0.0,0.0,1.0,0.0,-0.0,-0.0,-0.0,0.0,0.0,0.0,0.0,0.0,0.0,0.0,0.0,0.0,161.0,97.0,170.0,170.0,55.0,24.0,128.0,19.0,15.0,0.0,1.0
51.697,53,115282.0,600.0,123.0,563.0,781.0,0.0,1.0,0.0,0.0,0.5,0.04,0.47,0.615,0.51,0.054,0.48,0.626,0.0,0.0,-1.34,-5.54,0.26,-0.54,0.0,0.0,0.0,0.0,0.0,0.0,0.0,1.0,0.0,-0.0,-0.0,-0.0,-0.0,0.0,0.0,0.0,0.0,0.0,0.0,0.0,0.0,161.0,97.0,170.0,170.0,55.0,24.0,128.0,19.0,15.0,0.0,0.0
51.728,52,115334.0,600.0,123.0,567.0,781.0,0.0,1.0,0.0,0.0,0.5,0.04,0.47,0.615,0.51,0.054,0.48,0.626,0.0,0.0,-1.34,-5.54,0.26,-0.54,0.0,0.0,0.0,0.0,0.0,0.0,0.0,1.0,0.0,-0.0,-0.0,-0.0,-0.0,0.0,0.0,0.0,0.0,0.0,0.0,0.0,0.0,161.0,97.0,170.0,170.0,55.0,24.0,128.0,19.0,15.0,0.0,0.0
51.791,53,115387.0,600.0,123.0,567.0,781.0,0.0,1.0,0.0,0.0,0.5,0.04,0.471,0.622,0.51,0.054,0.48,0.635,0.0,0.0,-1.34,-5.53,0.26,-0.54,0.0,0.0,0.0,0.0,0.0,0.0,0.0,1.0,0.0,-0.0,-0.0,-0.0,0.0,0.0,0.0,0.0,0.0,0.0,0.0,0.0,0.0,161.0,97.0,170.0,170.0,55.0,24.0,128.0,19.0,15.0,0.0,0.0
51.862,54,115441.0,600.0,123.0,567.0,781.0,0.0,1.0,0.0,0.0,0.5,0.04,0.471,0.622,0.51,0.054,0.48,0.635,0.0,0.0,-1.34,-5.54,0.26,-0.54,0.0,0.0,0.0,0.0,0.0,0.0,0.0,1.0,0.0,-0.0,-0.0,-0.0,0.0,0.0,0.0,0.0,0.0,0.0,0.0,0.0,0.0,161.0,97.0,170.0,170.0,55.0,24.0,128.0,19.0,15.0,0.0,1.0
51.896,52,115493.0,600.0,123.0,567.0,781.0,0.0,1.0,0.0,0.0,0.5,0.04,0.471,0.622,0.51,0.054,0.48,0.635,0.0,0.0,-1.34,-5.54,0.26,-0.54,0.0,0.0,0.0,0.0,0.0,0.0,0.0,1.0,0.0,-0.0,-0.0,-0.0,0.0,0.0,0.0,0.0,0.0,0.0,0.0,0.0,0.0,161.0,97.0,170.0,170.0,55.0,24.0,128.0,19.0,15.0,0.0,1.0
51.959,53,115546.0,600.0,123.0,560.0,781.0,0.0,1.0,0.0,0.0,0.5,0.04,0.471,0.622,0.51,0.054,0.48,0.635,0.0,0.0,-1.34,-5.54,0.26,-0.54,0.0,0.0,0.0,0.0,0.0,0.0,0.0,1.0,0.0,-0.0,-0.0,-0.0,0.0,0.0,0.0,0.0,0.0,0.0,0.0,0.0,0.0,161.0,97.0,170.0,170.0,55.0,24.0,128.0,19.0,15.0,0.0,0.0
51.991,53,115599.0,600.0,123.0,560.0,775.0,0.0,1.0,0.0,0.0,0.5,0.04,0.468,0.624,0.51,0.054,0.478,0.638,0.0,0.0,-1.34,-5.54,0.26,-0.54,0.0,0.0,0.0,0.0,0.0,0.0,0.0,1.0,0.0,-0.0,-0.0,-0.0,0.0,0.0,0.0,0.0,0.0,0.0,0.0,0.0,0.0,161.0,97.0,170.0,170.0,55.0,24.0,128.0,19.0,15.0,0.0,0.0
52.067,53,115652.0,600.0,123.0,560.0,775.0,0.0,1.0,0.0,0.0,0.5,0.04,0.468,0.624,0.51,0.054,0.478,0.638,0.0,0.0,-1.34,-5.54,0.26,-0.54,0.0,0.0,0.0,0.0,0.0,0.0,0.0,1.0,0.0,-0.0,-0.0,-0.0,0.0,0.0,0.0,0.0,0.0,0.0,0.0,0.0,0.0,161.0,97.0,170.0,170.0,55.0,24.0,128.0,19.0,15.0,0.0,0.0
52.103,53,115705.0,600.0,123.0,560.0,775.0,0.0,1.0,0.0,0.0,0.5,0.04,0.468,0.624,0.51,0.054,0.478,0.638,0.0,0.0,-1.34,-5.54,0.26,-0.54,0.0,0.0,0.0,0.0,0.0,0.0,0.0,1.0,0.0,-0.0,-0.0,-0.0,0.0,0.0,0.0,0.0,0.0,0.0,0.0,0.0,0.0,161.0,97.0,170.0,170.0,55.0,24.0,128.0,19.0,15.0,0.0,0.0
52.168,52,115757.0,600.0,123.0,561.0,775.0,0.0,1.0,0.0,0.0,0.5,0.04,0.468,0.624,0.51,0.054,0.478,0.638,0.0,0.0,-1.34,-5.54,0.26,-0.54,0.0,0.0,0.0,0.0,0.0,0.0,0.0,1.0,0.0,-0.0,-0.0,-0.0,0.0,0.0,0.0,0.0,0.0,0.0,0.0,0.0,0.0,161.0,97.0,170.0,170.0,55.0,24.0,128.0,19.0,15.0,0.0,0.0
52.201,53,115810.0,600.0,123.0,561.0,770.0,0.0,1.0,0.0,0.0,0.5,0.04,0.467,0.623,0.51,0.054,0.477,0.637,0.0,0.0,-1.34,-5.54,0.26,-0.54,0.0,0.0,0.0,0.0,0.0,0.0,0.0,1.0,0.0,-0.0,-0.0,-0.0,0.0,0.0,0.0,0.0,0.0,0.0,0.0,0.0,0.0,161.0,97.0,170.0,170.0,55.0,24.0,128.0,19.0,15.0,0.0,0.0
52.267,54,115864.0,600.0,123.0,561.0,770.0,0.0,1.0,0.0,0.0,0.5,0.04,0.467,0.623,0.51,0.054,0.477,0.637,0.0,0.0,-1.33,-5.54,0.26,-0.54,0.0,0.0,0.0,0.0,0.0,0.0,0.0,1.0,0.0,-0.0,-0.0,-0.0,0.0,0.0,0.0,0.0,0.0,0.0,0.0,0.0,0.0,161.0,97.0,170.0,170.0,55.0,24.0,128.0,19.0,15.0,0.0,1.0
52.333,53,115917.0,600.0,123.0,561.0,770.0,0.0,1.0,0.0,0.0,0.5,0.04,0.467,0.623,0.51,0.054,0.477,0.637,0.0,0.0,-1.33,-5.54,0.26,-0.54,0.0,0.0,0.0,0.0,0.0,0.0,0.0,1.0,0.0,-0.0,-0.0,-0.0,0.0,0.0,0.0,0.0,0.0,0.0,0.0,0.0,0.0,161.0,97.0,170.0,170.0,55.0,24.0,128.0,19.0,15.0,0.0,0.0
52.365,52,115969.0,600.0,123.0,569.0,770.0,0.0,1.0,0.0,0.0,0.5,0.04,0.467,0.623,0.51,0.054,0.477,0.637,0.0,0.0,-1.33,-5.54,0.26,-0.54,0.0,0.0,0.0,0.0,0.0,0.0,0.0,1.0,0.0,-0.0,-0.0,-0.0,0.0,0.0,0.0,0.0,0.0,0.0,0.0,0.0,0.0,161.0,97.0,170.0,170.0,55.0,24.0,128.0,19.0,15.0,0.0,0.0
52.431,53,116022.0,600.0,123.0,569.0,770.0,0.0,1.0,0.0,0.0,0.5,0.04,0.47,0.623,0.51,0.054,0.48,0.637,0.0,0.0,-1.33,-5.54,0.26,-0.54,0.0,0.0,0.0,0.0,0.0,0.0,0.0,1.0,0.0,-0.0,-0.0,-0.0,0.0,0.0,0.0,0.0,0.0,0.0,0.0,0.0,0.0,161.0,97.0,170.0,170.0,55.0,24.0,128.0,19.0,15.0,0.0,0.0
52.464,53,116075.0,600.0,123.0,569.0,770.0,0.0,1.0,0.0,0.0,0.5,0.04,0.47,0.623,0.51,0.054,0.48,0.637,0.0,0.0,-1.33,-5.54,0.26,-0.54,0.0,0.0,0.0,0.0,0.0,0.0,0.0,1.0,0.0,-0.0,-0.0,-0.0,0.0,0.0,0.0,0.0,0.0,0.0,0.0,0.0,0.0,161.0,97.0,170.0,170.0,55.0,24.0,128.0,19.0,15.0,0.0,0.0
52.53,53,116128.0,600.0,123.0,569.0,770.0,0.0,1.0,0.0,0.0,0.5,0.04,0.47,0.623,0.51,0.054,0.48,0.637,0.0,0.0,-1.33,-5.54,0.26,-0.54,0.0,0.0,0.0,0.0,0.0,0.0,0.0,1.0,0.0,-0.0,-0.0,-0.0,0.0,0.0,0.0,0.0,0.0,0.0,0.0,0.0,0.0,161.0,97.0,170.0,170.0,55.0,24.0,128.0,19.0,15.0,0.0,0.0
52.593,52,116180.0,600.0,123.0,574.0,770.0,0.0,1.0,0.0,0.0,0.5,0.04,0.47,0.623,0.51,0.054,0.48,0.637,0.0,0.0,-1.33,-5.54,0.26,-0.54,0.0,0.0,0.0,0.0,0.0,0.0,0.0,1.0,0.0,-0.0,-0.0,-0.0,0.0,0.0,0.0,0.0,0.0,0.0,0.0,0.0,0.0,161.0,97.0,170.0,170.0,55.0,24.0,128.0,19.0,15.0,0.0,1.0
52.624,53,116233.0,600.0,123.0,574.0,767.0,0.0,1.0,0.0,0.0,0.5,0.04,0.475,0.621,0.51,0.054,0.484,0.636,0.0,0.0,-1.33,-5.53,0.26,-0.54,0.0,0.0,0.0,0.0,0.0,0.0,0.0,1.0,0.0,-0.0,-0.0,-0.0,0.0,0.0,0.0,0.0,0.0,0.0,0.0,0.0,0.0,161.0,97.0,170.0,170.0,55.0,24.0,128.0,19.0,15.0,0.0,0.0
52.695,55,116288.0,600.0,123.0,574.0,767.0,0.0,1.0,0.0,0.0,0.5,0.04,0.475,0.621,0.51,0.054,0.484,0.636,0.0,0.0,-1.33,-5.53,0.26,-0.54,0.0,0.0,0.0,0.0,0.0,0.0,0.0,1.0,0.0,-0.0,-0.0,-0.0,0.0,0.0,0.0,0.0,0.0,0.0,0.0,0.0,0.0,161.0,97.0,170.0,170.0,55.0,24.0,128.0,19.0,15.0,0.0,0.0
52.762,53,116341.0,600.0,123.0,574.0,767.0,0.0,1.0,0.0,0.0,0.5,0.04,0.475,0.621,0.51,0.054,0.484,0.636,0.0,0.0,-1.33,-5.53,0.26,-0.54,0.0,0.0,0.0,0.0,0.0,0.0,0.0,1.0,0.0,-0.0,-0.0,-0.0,0.0,0.0,0.0,0.0,0.0,0.0,0.0,0.0,0.0,161.0,97.0,170.0,170.0,55.0,24.0,128.0,19.0,15.0,0.0,0.0
52.795,52,116393.0,600.0,123.0,573.0,767.0,0.0,1.0,0.0,0.0,0.5,0.04,0.475,0.621,0.51,0.054,0.484,0.636,0.0,0.0,-1.33,-5.52,0.26,-0.54,0.0,0.0,0.0,0.0,0.0,0.0,0.0,1.0,0.0,-0.0,-0.0,-0.0,0.0,0.0,0.0,0.0,0.0,0.0,0.0,0.0,0.0,161.0,97.0,170.0,170.0,55.0,24.0,128.0,19.0,15.0,0.0,0.0
52.861,52,116445.0,600.0,123.0,573.0,723.0,0.0,1.0,0.0,0.0,0.5,0.04,0.476,0.606,0.51,0.055,0.485,0.623,0.0,0.0,-1.33,-5.52,0.26,-0.54,0.0,0.0,0.0,0.0,0.0,0.0,0.0,1.0,0.0,-0.0,-0.0,-0.0,0.0,0.0,0.0,0.0,0.0,0.0,0.0,0.0,0.0,161.0,97.0,170.0,170.0,55.0,24.0,128.0,19.0,15.0,0.0,0.0
52.893,53,116498.0,600.0,123.0,573.0,723.0,0.0,1.0,0.0,0.0,0.5,0.04,0.476,0.606,0.51,0.055,0.485,0.623,0.0,0.0,-1.33,-5.53,0.26,-0.54,0.0,0.0,0.0,0.0,0.0,0.0,0.0,1.0,0.0,-0.0,-0.0,-0.0,0.0,0.0,0.0,0.0,0.0,0.0,0.0,0.0,0.0,161.0,97.0,170.0,170.0,55.0,24.0,128.0,19.0,15.0,0.0,0.0
52.957,53,116551.0,600.0,121.0,573.0,723.0,0.0,1.0,0.0,0.0,0.5,0.04,0.476,0.606,0.51,0.055,0.485,0.623,0.0,0.0,-1.33,-5.53,0.26,-0.54,0.0,0.0,0.0,0.0,0.0,0.0,0.0,1.0,0.0,-0.0,-0.0,-0.0,0.0,0.0,0.0,0.0,0.0,0.0,0.0,0.0,0.0,161.0,97.0,170.0,170.0,55.0,24.0,128.0,19.0,15.0,0.0,1.0
53.021,53,116604.0,600.0,121.0,575.0,723.0,0.0,1.0,0.0,0.0,0.5,0.04,0.476,0.606,0.51,0.055,0.485,0.623,0.0,0.0,-1.33,-5.53,0.26,-0.54,0.0,0.0,0.0,0.0,0.0,0.0,0.0,1.0,0.0,-0.0,-0.0,-0.0,0.0,0.0,0.0,0.0,0.0,0.0,0.0,0.0,0.0,161.0,97.0,170.0,170.0,55.0,24.0,128.0,19.0,15.0,0.0,0.0
53.058,52,116656.0,600.0,121.0,575.0,727.0,0.0,1.0,0.0,0.0,0.5,0.04,0.477,0.6,0.509,0.054,0.486,0.615,0.0,0.0,-1.33,-5.53,0.26,-0.54,0.0,0.0,0.0,0.0,0.0,0.0,0.0,1.0,0.0,-0.0,-0.0,-0.0,0.0,0.0,0.0,0.0,0.0,0.0,0.0,0.0,0.0,161.0,97.0,170.0,170.0,55.0,24.0,128.0,19.0,15.0,0.0,1.0
53.124,54,116710.0,600.0,121.0,575.0,727.0,0.0,1.0,0.0,0.0,0.5,0.04,0.477,0.6,0.509,0.054,0.486,0.615,0.0,0.0,-1.33,-5.54,0.26,-0.54,0.0,0.0,0.0,0.0,0.0,0.0,0.0,1.0,0.0,-0.0,-0.0,-0.0,0.0,0.0,0.0,0.0,0.0,0.0,0.0,0.0,0.0,161.0,97.0,170.0,170.0,55.0,24.0,128.0,19.0,15.0,0.0,0.0
53.157,52,116762.0,600.0,122.0,575.0,727.0,0.0,1.0,0.0,0.0,0.5,0.04,0.477,0.6,0.509,0.054,0.486,0.615,0.0,0.0,-1.33,-5.54,0.26,-0.54,0.0,0.0,0.0,0.0,0.0,0.0,0.0,1.0,0.0,-0.0,-0.0,-0.0,0.0,0.0,0.0,0.0,0.0,0.0,0.0,0.0,0.0,161.0,97.0,170.0,170.0,55.0,24.0,128.0,19.0,15.0,0.0,1.0
53.222,52,116814.0,600.0,122.0,577.0,727.0,0.0,1.0,0.0,0.0,0.5,0.04,0.477,0.6,0.509,0.054,0.486,0.615,0.0,0.0,-1.33,-5.54,0.26,-0.54,0.0,0.0,0.0,0.0,0.0,0.0,0.0,1.0,0.0,-0.0,-0.0,-0.0,0.0,0.0,0.0,0.0,0.0,0.0,0.0,0.0,0.0,161.0,97.0,170.0,170.0,55.0,24.0,128.0,19.0,15.0,0.0,0.0
53.256,52,116866.0,600.0,122.0,577.0,746.0,0.0,1.0,0.0,0.0,0.5,0.04,0.479,0.604,0.509,0.054,0.488,0.618,0.0,0.0,-1.33,-5.54,0.26,-0.54,0.0,0.0,0.0,0.0,0.0,0.0,0.0,1.0,0.0,-0.0,-0.0,-0.0,0.0,0.0,0.0,0.0,0.0,0.0,0.0,0.0,0.0,161.0,97.0,170.0,170.0,55.0,24.0,128.0,19.0,15.0,0.0,0.0
53.321,53,116919.0,600.0,122.0,577.0,746.0,0.0,1.0,0.0,0.0,0.5,0.04,0.479,0.604,0.509,0.054,0.488,0.618,0.0,0.0,-1.33,-5.54,0.26,-0.54,0.0,0.0,0.0,0.0,0.0,0.0,0.0,1.0,0.0,-0.0,-0.0,-0.0,0.0,0.0,0.0,0.0,0.0,0.0,0.0,0.0,0.0,161.0,97.0,170.0,170.0,55.0,24.0,128.0,19.0,15.0,0.0,0.0
53.384,52,116971.0,600.0,122.0,577.0,746.0,0.0,1.0,0.0,0.0,0.5,0.04,0.479,0.604,0.509,0.054,0.488,0.618,0.0,0.0,-1.33,-5.54,0.26,-0.54,0.0,0.0,0.0,0.0,0.0,0.0,0.0,1.0,0.0,-0.0,-0.0,-0.0,0.0,0.0,0.0,0.0,0.0,0.0,0.0,0.0,0.0,161.0,97.0,170.0,170.0,55.0,24.0,128.0,19.0,15.0,0.0,1.0
53.415,52,117023.0,600.0,122.0,573.0,746.0,0.0,1.0,0.0,0.0,0.5,0.04,0.479,0.604,0.509,0.054,0.488,0.618,0.0,0.0,-1.33,-5.54,0.26,-0.54,0.0,0.0,0.0,0.0,0.0,0.0,0.0,1.0,0.0,-0.0,-0.0,-0.0,0.0,0.0,0.0,0.0,0.0,0.0,0.0,0.0,0.0,161.0,97.0,170.0,170.0,55.0,24.0,128.0,19.0,15.0,0.0,0.0
53.482,52,117075.0,600.0,122.0,573.0,789.0,0.0,1.0,0.0,0.0,0.5,0.04,0.478,0.62,0.51,0.054,0.488,0.632,0.0,0.0,-1.33,-5.55,0.26,-0.54,0.0,0.0,0.0,0.0,0.0,0.0,0.0,1.0,0.0,-0.0,-0.0,-0.0,0.0,0.0,0.0,0.0,0.0,0.0,0.0,0.0,0.0,161.0,97.0,170.0,170.0,55.0,24.0,128.0,19.0,15.0,0.0,0.0
53.547,55,117130.0,600.0,122.0,573.0,789.0,0.0,1.0,0.0,0.0,0.5,0.04,0.478,0.62,0.51,0.054,0.488,0.632,0.0,0.0,-1.33,-5.55,0.26,-0.54,0.0,0.0,0.0,0.0,0.0,0.0,0.0,1.0,0.0,-0.0,-0.0,-0.0,0.0,0.0,0.0,0.0,0.0,0.0,0.0,0.0,0.0,161.0,97.0,170.0,170.0,55.0,24.0,128.0,19.0,15.0,0.0,0.0
53.579,52,117182.0,600.0,122.0,573.0,789.0,0.0,1.0,0.0,0.0,0.5,0.04,0.478,0.62,0.51,0.054,0.488,0.632,0.0,0.0,-1.33,-5.55,0.26,-0.54,0.0,0.0,0.0,0.0,0.0,0.0,0.0,1.0,0.0,-0.0,-0.0,-0.0,0.0,0.0,0.0,0.0,0.0,0.0,0.0,0.0,0.0,161.0,97.0,170.0,170.0,55.0,24.0,128.0,19.0,15.0,0.0,1.0
53.65,52,117234.0,600.0,122.0,566.0,789.0,0.0,1.0,0.0,0.0,0.5,0.04,0.478,0.62,0.51,0.054,0.488,0.632,0.0,0.0,-1.33,-5.56,0.26,-0.54,0.0,0.0,0.0,0.0,0.0,0.0,0.0,1.0,0.0,-0.0,-0.0,-0.0,0.0,0.0,0.0,0.0,0.0,0.0,0.0,0.0,0.0,161.0,97.0,170.0,170.0,55.0,24.0,128.0,19.0,15.0,0.0,0.0
53.682,53,117287.0,600.0,122.0,566.0,743.0,0.0,1.0,0.0,0.0,0.5,0.04,0.474,0.612,0.51,0.054,0.484,0.627,0.0,0.0,-1.33,-5.56,0.26,-0.54,0.0,0.0,0.0,0.0,0.0,0.0,0.0,1.0,0.0,-0.0,-0.0,-0.0,0.0,0.0,0.0,0.0,0.0,0.0,0.0,0.0,0.0,161.0,97.0,170.0,170.0,55.0,24.0,128.0,19.0,15.0,0.0,0.0
53.747,53,117340.0,600.0,122.0,566.0,743.0,0.0,1.0,0.0,0.0,0.5,0.04,0.474,0.612,0.51,0.054,0.484,0.627,0.0,0.0,-1.33,-5.56,0.26,-0.54,0.0,0.0,0.0,0.0,0.0,0.0,0.0,1.0,0.0,-0.0,-0.0,-0.0,0.0,0.0,0.0,0.0,0.0,0.0,0.0,0.0,0.0,161.0,97.0,170.0,170.0,55.0,24.0,128.0,19.0,15.0,0.0,0.0
53.781,51,117391.0,600.0,122.0,566.0,743.0,0.0,1.0,0.0,0.0,0.5,0.04,0.474,0.612,0.51,0.054,0.484,0.627,0.0,0.0,-1.33,-5.56,0.26,-0.54,0.0,0.0,0.0,0.0,0.0,0.0,0.0,1.0,0.0,-0.0,-0.0,-0.0,0.0,0.0,0.0,0.0,0.0,0.0,0.0,0.0,0.0,161.0,97.0,170.0,170.0,55.0,24.0,128.0,19.0,15.0,0.0,1.0
53.852,53,117444.0,600.0,122.0,561.0,743.0,0.0,1.0,0.0,0.0,0.5,0.04,0.474,0.612,0.51,0.054,0.484,0.627,0.0,0.0,-1.33,-5.56,0.26,-0.54,0.0,0.0,0.0,0.0,0.0,0.0,0.0,1.0,0.0,-0.0,-0.0,-0.0,0.0,0.0,0.0,0.0,0.0,0.0,0.0,0.0,0.0,161.0,97.0,170.0,170.0,55.0,24.0,128.0,19.0,15.0,0.0,0.0
53.884,52,117496.0,600.0,122.0,561.0,788.0,0.0,1.0,0.0,0.0,0.5,0.04,0.47,0.623,0.51,0.054,0.481,0.636,0.0,0.0,-1.33,-5.56,0.26,-0.54,0.0,0.0,0.0,0.0,0.0,0.0,0.0,1.0,0.0,-0.0,-0.0,-0.0,0.0,0.0,0.0,0.0,0.0,0.0,0.0,0.0,0.0,161.0,97.0,170.0,170.0,55.0,24.0,128.0,19.0,15.0,0.0,0.0
53.947,54,117550.0,600.0,122.0,561.0,788.0,0.0,1.0,0.0,0.0,0.5,0.04,0.47,0.623,0.51,0.054,0.481,0.636,0.0,0.0,-1.33,-5.55,0.26,-0.54,0.0,0.0,0.0,0.0,0.0,0.0,0.0,1.0,0.0,-0.0,-0.0,-0.0,0.0,0.0,0.0,0.0,0.0,0.0,0.0,0.0,0.0,161.0,97.0,170.0,170.0,55.0,24.0,128.0,19.0,15.0,0.0,0.0
54.012,53,117603.0,600.0,124.0,561.0,788.0,0.0,1.0,0.0,0.0,0.5,0.04,0.47,0.623,0.51,0.054,0.481,0.636,0.0,0.0,-1.33,-5.55,0.26,-0.54,0.0,0.0,0.0,0.0,0.0,0.0,0.0,1.0,0.0,-0.0,-0.0,-0.0,0.0,0.0,0.0,0.0,0.0,0.0,0.0,0.0,0.0,161.0,97.0,170.0,170.0,55.0,24.0,128.0,19.0,15.0,0.0,0.0
54.053,53,117656.0,600.0,124.0,559.0,788.0,0.0,1.0,0.0,0.0,0.5,0.04,0.47,0.623,0.51,0.054,0.481,0.636,0.0,0.0,-1.33,-5.55,0.26,-0.54,0.0,0.0,0.0,0.0,0.0,0.0,0.0,1.0,0.0,-0.0,-0.0,-0.0,0.0,0.0,0.0,0.0,0.0,0.0,0.0,0.0,0.0,161.0,97.0,170.0,170.0,55.0,24.0,128.0,19.0,15.0,0.0,0.0
54.116,52,117708.0,600.0,124.0,559.0,788.0,0.0,1.0,0.0,0.0,0.5,0.04,0.467,0.628,0.51,0.054,0.478,0.642,0.0,0.0,-1.33,-5.54,0.26,-0.54,0.0,0.0,0.0,0.0,0.0,0.0,0.0,1.0,0.0,-0.0,-0.0,-0.0,0.0,0.0,0.0,0.0,0.0,0.0,0.0,0.0,0.0,161.0,97.0,170.0,170.0,55.0,24.0,128.0,19.0,15.0,0.0,0.0
54.148,53,117761.0,600.0,124.0,559.0,788.0,0.0,1.0,0.0,0.0,0.5,0.04,0.467,0.628,0.51,0.054,0.478,0.642,0.0,0.0,-1.33,-5.54,0.26,-0.54,0.0,0.0,0.0,0.0,0.0,0.0,0.0,1.0,0.0,-0.0,-0.0,-0.0,0.0,0.0,0.0,0.0,0.0,0.0,0.0,0.0,0.0,161.0,97.0,170.0,170.0,55.0,24.0,128.0,19.0,15.0,0.0,0.0
54.213,52,117813.0,600.0,124.0,559.0,788.0,0.0,1.0,0.0,0.0,0.5,0.04,0.467,0.628,0.51,0.054,0.478,0.642,0.0,0.0,-1.33,-5.54,0.26,-0.54,0.0,0.0,0.0,0.0,0.0,0.0,0.0,1.0,0.0,-0.0,-0.0,-0.0,0.0,0.0,0.0,0.0,0.0,0.0,0.0,0.0,0.0,161.0,97.0,170.0,170.0,55.0,24.0,128.0,19.0,15.0,0.0,0.0
54.28,53,117866.0,600.0,124.0,554.0,788.0,0.0,1.0,0.0,0.0,0.5,0.04,0.467,0.628,0.51,0.054,0.478,0.642,0.0,0.0,-1.33,-5.54,0.26,-0.54,0.0,0.0,0.0,0.0,0.0,0.0,0.0,1.0,0.0,-0.0,-0.0,-0.0,0.0,0.0,0.0,0.0,0.0,0.0,0.0,0.0,0.0,161.0,97.0,170.0,170.0,55.0,24.0,128.0,19.0,15.0,0.0,0.0
54.312,52,117918.0,600.0,124.0,554.0,777.0,0.0,1.0,0.0,0.0,0.5,0.041,0.464,0.627,0.51,0.055,0.474,0.642,0.0,0.0,-1.33,-5.54,0.26,-0.54,0.0,0.0,0.0,0.0,0.0,0.0,0.0,1.0,0.0,-0.0,-0.0,-0.0,0.0,0.0,0.0,0.0,0.0,0.0,0.0,0.0,0.0,161.0,97.0,170.0,170.0,55.0,24.0,128.0,19.0,15.0,0.0,0.0
54.376,54,117972.0,600.0,124.0,554.0,777.0,0.0,1.0,0.0,0.0,0.5,0.041,0.464,0.627,0.51,0.055,0.474,0.642,0.0,0.0,-1.33,-5.54,0.26,-0.54,0.0,0.0,0.0,0.0,0.0,0.0,0.0,1.0,0.0,-0.0,-0.0,-0.0,0.0,0.0,0.0,0.0,0.0,0.0,0.0,0.0,0.0,161.0,97.0,170.0,170.0,55.0,24.0,128.0,19.0,15.0,0.0,0.0
54.439,51,118023.0,600.0,123.0,554.0,777.0,0.0,1.0,0.0,0.0,0.5,0.041,0.464,0.627,0.51,0.055,0.474,0.642,0.0,0.0,-1.33,-5.53,0.26,-0.54,0.0,0.0,0.0,0.0,0.0,0.0,0.0,1.0,0.0,-0.0,-0.0,-0.0,0.0,0.0,0.0,0.0,0.0,0.0,0.0,0.0,0.0,161.0,97.0,170.0,170.0,55.0,24.0,128.0,19.0,15.0,0.0,0.0
54.474,53,118076.0,600.0,123.0,552.0,777.0,0.0,1.0,0.0,0.0,0.5,0.041,0.464,0.627,0.51,0.055,0.474,0.642,0.0,0.0,-1.33,-5.53,0.26,-0.54,0.0,0.0,0.0,0.0,0.0,0.0,0.0,1.0,0.0,-0.0,-0.0,-0.0,0.0,0.0,0.0,0.0,0.0,0.0,0.0,0.0,0.0,161.0,97.0,170.0,170.0,55.0,24.0,128.0,19.0,15.0,0.0,0.0
54.54,53,118129.0,600.0,123.0,552.0,779.0,0.0,1.0,0.0,0.0,0.5,0.041,0.461,0.628,0.51,0.055,0.471,0.642,0.0,0.0,-1.33,-5.53,0.26,-0.54,0.0,0.0,0.0,0.0,0.0,0.0,0.0,1.0,0.0,-0.0,-0.0,-0.0,0.0,0.0,0.0,0.0,0.0,0.0,0.0,0.0,0.0,161.0,97.0,170.0,170.0,55.0,24.0,128.0,19.0,15.0,0.0,0.0
54.572,53,118182.0,600.0,123.0,552.0,779.0,0.0,1.0,0.0,0.0,0.5,0.041,0.461,0.628,0.51,0.055,0.471,0.642,0.0,0.0,-1.33,-5.53,0.26,-0.54,0.0,0.0,0.0,0.0,0.0,0.0,0.0,1.0,0.0,-0.0,-0.0,-0.0,0.0,0.0,0.0,0.0,0.0,0.0,0.0,0.0,0.0,161.0,97.0,170.0,170.0,55.0,24.0,128.0,19.0,15.0,0.0,0.0
54.635,53,118235.0,600.0,124.0,552.0,779.0,0.0,1.0,0.0,0.0,0.5,0.041,0.461,0.628,0.51,0.055,0.471,0.642,0.0,0.0,-1.33,-5.53,0.26,-0.54,0.0,0.0,0.0,0.0,0.0,0.0,0.0,1.0,0.0,-0.0,-0.0,-0.0,0.0,0.0,0.0,0.0,0.0,0.0,0.0,0.0,0.0,161.0,97.0,170.0,170.0,55.0,24.0,128.0,19.0,15.0,0.0,0.0
54.7,53,118288.0,600.0,124.0,557.0,779.0,0.0,1.0,0.0,0.0,0.5,0.041,0.461,0.628,0.51,0.055,0.471,0.642,0.0,0.0,-1.33,-5.53,0.26,-0.54,0.0,0.0,0.0,0.0,0.0,0.0,0.0,1.0,0.0,-0.0,-0.0,-0.0,0.0,0.0,0.0,0.0,0.0,0.0,0.0,0.0,0.0,161.0,97.0,170.0,170.0,55.0,24.0,128.0,19.0,15.0,0.0,0.0
54.732,52,118340.0,600.0,124.0,557.0,779.0,0.0,1.0,0.0,0.0,0.5,0.041,0.462,0.628,0.51,0.055,0.472,0.642,0.0,0.0,-1.33,-5.53,0.26,-0.54,0.0,0.0,0.0,0.0,0.0,0.0,0.0,1.0,0.0,-0.0,-0.0,-0.0,0.0,0.0,0.0,0.0,0.0,0.0,0.0,0.0,0.0,161.0,97.0,170.0,170.0,55.0,24.0,128.0,19.0,15.0,0.0,0.0
54.797,54,118394.0,600.0,124.0,557.0,779.0,0.0,1.0,0.0,0.0,0.5,0.041,0.462,0.628,0.51,0.055,0.472,0.642,0.0,0.0,-1.33,-5.52,0.26,-0.54,0.0,0.0,0.0,0.0,0.0,0.0,0.0,1.0,0.0,-0.0,-0.0,-0.0,0.0,0.0,0.0,0.0,0.0,0.0,0.0,0.0,0.0,161.0,97.0,170.0,170.0,55.0,24.0,128.0,19.0,15.0,0.0,0.0
54.863,53,118447.0,600.0,123.0,557.0,779.0,0.0,1.0,0.0,0.0,0.5,0.041,0.462,0.628,0.51,0.055,0.472,0.642,0.0,0.0,-1.32,-5.52,0.26,-0.54,0.0,0.0,0.0,0.0,0.0,0.0,0.0,1.0,0.0,-0.0,-0.0,-0.0,0.0,0.0,0.0,0.0,0.0,0.0,0.0,0.0,0.0,161.0,97.0,170.0,170.0,55.0,24.0,128.0,19.0,15.0,0.0,0.0
54.894,52,118499.0,600.0,123.0,555.0,779.0,0.0,1.0,0.0,0.0,0.5,0.041,0.462,0.628,0.51,0.055,0.472,0.642,0.0,0.0,-1.32,-5.52,0.26,-0.54,0.0,0.0,0.0,0.0,0.0,0.0,0.0,1.0,0.0,-0.0,-0.0,-0.0,0.0,0.0,0.0,0.0,0.0,0.0,0.0,0.0,0.0,161.0,97.0,170.0,170.0,55.0,24.0,128.0,19.0,15.0,0.0,0.0
54.959,53,118552.0,600.0,123.0,555.0,777.0,0.0,1.0,0.0,0.0,0.5,0.041,0.462,0.627,0.51,0.055,0.472,0.641,0.0,0.0,-1.32,-5.52,0.26,-0.54,0.0,0.0,0.0,0.0,0.0,0.0,0.0,1.0,0.0,-0.0,-0.0,-0.0,0.0,0.0,0.0,0.0,0.0,0.0,0.0,0.0,0.0,161.0,97.0,170.0,170.0,55.0,24.0,128.0,19.0,15.0,0.0,0.0
55.024,53,118605.0,600.0,123.0,555.0,777.0,0.0,1.0,0.0,0.0,0.5,0.041,0.462,0.627,0.51,0.055,0.472,0.641,0.0,0.0,-1.32,-5.52,0.26,-0.54,0.0,0.0,0.0,0.0,0.0,0.0,0.0,1.0,0.0,-0.0,-0.0,-0.0,0.0,0.0,0.0,0.0,0.0,0.0,0.0,0.0,0.0,161.0,97.0,170.0,170.0,55.0,24.0,128.0,19.0,15.0,0.0,0.0
55.057,54,118659.0,600.0,123.0,555.0,777.0,0.0,1.0,0.0,0.0,0.5,0.041,0.462,0.627,0.51,0.055,0.472,0.641,0.0,0.0,-1.33,-5.52,0.26,-0.54,0.0,0.0,0.0,0.0,0.0,0.0,0.0,1.0,0.0,-0.0,-0.0,-0.0,0.0,0.0,0.0,0.0,0.0,0.0,0.0,0.0,0.0,161.0,97.0,170.0,170.0,55.0,24.0,128.0,19.0,15.0,0.0,0.0
55.122,54,118713.0,600.0,123.0,556.0,777.0,0.0,1.0,0.0,0.0,0.5,0.041,0.462,0.627,0.51,0.055,0.472,0.641,0.0,0.0,-1.33,-5.52,0.26,-0.54,0.0,0.0,0.0,0.0,0.0,0.0,0.0,1.0,0.0,-0.0,-0.0,-0.0,0.0,0.0,0.0,0.0,0.0,0.0,0.0,0.0,0.0,161.0,97.0,170.0,170.0,55.0,24.0,128.0,19.0,15.0,0.0,0.0
55.155,53,118766.0,600.0,123.0,556.0,775.0,0.0,1.0,0.0,0.0,0.5,0.04,0.462,0.626,0.51,0.055,0.472,0.64,0.0,0.0,-1.33,-5.52,0.26,-0.54,0.0,0.0,0.0,0.0,0.0,0.0,0.0,1.0,0.0,-0.0,-0.0,-0.0,0.0,0.0,0.0,0.0,0.0,0.0,0.0,0.0,0.0,161.0,97.0,170.0,170.0,55.0,24.0,128.0,19.0,15.0,0.0,0.0
55.22,54,118820.0,600.0,123.0,556.0,775.0,0.0,1.0,0.0,0.0,0.5,0.04,0.462,0.626,0.51,0.055,0.472,0.64,0.0,0.0,-1.33,-5.52,0.26,-0.54,0.0,0.0,0.0,0.0,0.0,0.0,0.0,1.0,0.0,-0.0,-0.0,-0.0,0.0,0.0,0.0,0.0,0.0,0.0,0.0,0.0,0.0,161.0,97.0,170.0,170.0,55.0,24.0,128.0,19.0,15.0,0.0,0.0
55.289,53,118873.0,600.0,123.0,556.0,775.0,0.0,1.0,0.0,0.0,0.5,0.04,0.462,0.626,0.51,0.055,0.472,0.64,0.0,0.0,-1.33,-5.52,0.26,-0.54,0.0,0.0,0.0,0.0,0.0,0.0,0.0,1.0,0.0,-0.0,-0.0,-0.0,0.0,0.0,0.0,0.0,0.0,0.0,0.0,0.0,0.0,161.0,97.0,170.0,170.0,55.0,24.0,128.0,19.0,15.0,0.0,0.0
55.322,52,118925.0,600.0,123.0,553.0,775.0,0.0,1.0,0.0,0.0,0.5,0.04,0.462,0.626,0.51,0.055,0.472,0.64,0.0,0.0,-1.33,-5.52,0.26,-0.54,0.0,0.0,0.0,0.0,0.0,0.0,0.0,1.0,0.0,-0.0,-0.0,-0.0,0.0,0.0,0.0,0.0,0.0,0.0,0.0,0.0,0.0,161.0,97.0,170.0,170.0,55.0,24.0,128.0,19.0,15.0,0.0,0.0
55.387,53,118978.0,600.0,123.0,553.0,784.0,0.0,1.0,0.0,0.0,0.5,0.04,0.461,0.628,0.51,0.054,0.471,0.642,0.0,0.0,-1.33,-5.52,0.26,-0.54,0.0,0.0,0.0,0.0,0.0,0.0,0.0,1.0,0.0,-0.0,-0.0,-0.0,0.0,0.0,0.0,0.0,0.0,0.0,0.0,0.0,0.0,161.0,97.0,170.0,170.0,55.0,24.0,128.0,19.0,15.0,0.0,0.0
55.42,53,119031.0,600.0,123.0,553.0,784.0,0.0,1.0,0.0,0.0,0.5,0.04,0.461,0.628,0.51,0.054,0.471,0.642,0.0,0.0,-1.33,-5.53,0.26,-0.54,0.0,0.0,0.0,0.0,0.0,0.0,0.0,1.0,0.0,-0.0,-0.0,-0.0,0.0,0.0,0.0,0.0,0.0,0.0,0.0,0.0,0.0,161.0,97.0,170.0,170.0,55.0,24.0,128.0,19.0,15.0,0.0,0.0
55.496,52,119083.0,600.0,123.0,553.0,784.0,0.0,1.0,0.0,0.0,0.5,0.04,0.461,0.628,0.51,0.054,0.471,0.642,0.0,0.0,-1.33,-5.53,0.26,-0.54,0.0,0.0,0.0,0.0,0.0,0.0,0.0,1.0,0.0,-0.0,-0.0,-0.0,0.0,0.0,0.0,0.0,0.0,0.0,0.0,0.0,0.0,161.0,97.0,170.0,170.0,55.0,24.0,128.0,19.0,15.0,0.0,0.0
55.528,53,119136.0,600.0,123.0,560.0,784.0,0.0,1.0,0.0,0.0,0.5,0.04,0.461,0.628,0.51,0.054,0.471,0.642,0.0,0.0,-1.33,-5.53,0.26,-0.54,0.0,0.0,0.0,0.0,0.0,0.0,0.0,1.0,0.0,-0.0,-0.0,-0.0,0.0,0.0,0.0,0.0,0.0,0.0,0.0,0.0,0.0,161.0,97.0,170.0,170.0,55.0,24.0,128.0,19.0,15.0,0.0,0.0
55.594,54,119190.0,600.0,123.0,560.0,778.0,0.0,1.0,0.0,0.0,0.5,0.04,0.463,0.628,0.51,0.054,0.473,0.642,0.0,0.0,-1.33,-5.53,0.26,-0.54,0.0,0.0,0.0,0.0,0.0,0.0,0.0,1.0,0.0,-0.0,-0.0,-0.0,0.0,0.0,0.0,0.0,0.0,0.0,0.0,0.0,0.0,161.0,97.0,170.0,170.0,55.0,24.0,128.0,19.0,15.0,0.0,0.0
55.66,54,119244.0,600.0,123.0,560.0,778.0,0.0,1.0,0.0,0.0,0.5,0.04,0.463,0.628,0.51,0.054,0.473,0.642,0.0,0.0,-1.33,-5.53,0.26,-0.54,0.0,0.0,0.0,0.0,0.0,0.0,0.0,1.0,0.0,-0.0,-0.0,-0.0,0.0,0.0,0.0,0.0,0.0,0.0,0.0,0.0,0.0,161.0,97.0,170.0,170.0,55.0,24.0,128.0,19.0,15.0,0.0,0.0
55.691,53,119297.0,600.0,123.0,560.0,778.0,0.0,1.0,0.0,0.0,0.5,0.04,0.463,0.628,0.51,0.054,0.473,0.642,0.0,0.0,-1.33,-5.53,0.26,-0.54,0.0,0.0,0.0,0.0,0.0,0.0,0.0,1.0,0.0,-0.0,-0.0,-0.0,0.0,0.0,0.0,0.0,0.0,0.0,0.0,0.0,0.0,161.0,97.0,170.0,170.0,55.0,24.0,128.0,19.0,15.0,0.0,0.0
55.754,52,119349.0,600.0,123.0,560.0,778.0,0.0,1.0,0.0,0.0,0.5,0.04,0.463,0.628,0.51,0.054,0.473,0.642,0.0,0.0,-1.33,-5.54,0.26,-0.54,0.0,0.0,0.0,0.0,0.0,0.0,0.0,1.0,0.0,-0.0,-0.0,-0.0,0.0,0.0,0.0,0.0,0.0,0.0,0.0,0.0,0.0,161.0,97.0,170.0,170.0,55.0,24.0,128.0,19.0,15.0,0.0,0.0
55.818,53,119402.0,600.0,123.0,560.0,829.0,0.0,1.0,0.0,0.0,0.5,0.04,0.465,0.643,0.51,0.054,0.474,0.655,0.0,0.0,-1.33,-5.54,0.26,-0.54,0.0,0.0,0.0,0.0,0.0,0.0,0.0,1.0,0.0,-0.0,-0.0,-0.0,0.0,0.0,0.0,0.0,0.0,0.0,0.0,0.0,0.0,161.0,97.0,170.0,170.0,55.0,24.0,128.0,19.0,15.0,0.0,0.0
55.85,53,119455.0,600.0,123.0,560.0,829.0,0.0,1.0,0.0,0.0,0.5,0.04,0.465,0.643,0.51,0.054,0.474,0.655,0.0,0.0,-1.33,-5.54,0.26,-0.54,0.0,0.0,0.0,0.0,0.0,0.0,0.0,1.0,0.0,-0.0,-0.0,-0.0,0.0,0.0,0.0,0.0,0.0,0.0,0.0,0.0,0.0,161.0,97.0,170.0,170.0,55.0,24.0,128.0,19.0,15.0,0.0,0.0
55.915,53,119508.0,600.0,124.0,560.0,829.0,0.0,1.0,0.0,0.0,0.5,0.04,0.465,0.643,0.51,0.054,0.474,0.655,0.0,0.0,-1.33,-5.53,0.26,-0.54,0.0,0.0,0.0,0.0,0.0,0.0,0.0,1.0,0.0,-0.0,-0.0,-0.0,0.0,0.0,0.0,0.0,0.0,0.0,0.0,0.0,0.0,161.0,97.0,170.0,170.0,55.0,24.0,128.0,19.0,15.0,0.0,0.0
55.948,52,119560.0,600.0,124.0,572.0,829.0,0.0,1.0,0.0,0.0,0.5,0.04,0.465,0.643,0.51,0.054,0.474,0.655,0.0,0.0,-1.33,-5.53,0.26,-0.54,0.0,0.0,0.0,0.0,0.0,0.0,0.0,1.0,0.0,-0.0,-0.0,-0.0,0.0,0.0,0.0,0.0,0.0,0.0,0.0,0.0,0.0,161.0,97.0,170.0,170.0,55.0,24.0,128.0,19.0,15.0,0.0,0.0
56.014,53,119613.0,600.0,124.0,572.0,830.0,0.0,1.0,0.0,0.0,0.5,0.041,0.471,0.65,0.51,0.055,0.48,0.663,0.0,0.0,-1.33,-5.53,0.26,-0.54,0.0,0.0,0.0,0.0,0.0,0.0,0.0,1.0,0.0,-0.0,-0.0,-0.0,0.0,0.0,0.0,0.0,0.0,0.0,0.0,0.0,0.0,161.0,97.0,170.0,170.0,55.0,24.0,128.0,19.0,15.0,0.0,0.0
56.089,54,119667.0,600.0,124.0,572.0,830.0,0.0,1.0,0.0,0.0,0.5,0.041,0.471,0.65,0.51,0.055,0.48,0.663,0.0,0.0,-1.33,-5.53,0.26,-0.54,0.0,0.0,0.0,0.0,0.0,0.0,0.0,1.0,0.0,-0.0,-0.0,-0.0,0.0,0.0,0.0,0.0,0.0,0.0,0.0,0.0,0.0,161.0,97.0,170.0,170.0,55.0,24.0,128.0,19.0,15.0,0.0,0.0
56.122,53,119720.0,600.0,124.0,572.0,830.0,0.0,1.0,0.0,0.0,0.5,0.041,0.471,0.65,0.51,0.055,0.48,0.663,0.0,0.0,-1.33,-5.53,0.26,-0.54,0.0,0.0,0.0,0.0,0.0,0.0,0.0,1.0,0.0,-0.0,-0.0,-0.0,0.0,0.0,0.0,0.0,0.0,0.0,0.0,0.0,0.0,161.0,97.0,170.0,170.0,55.0,24.0,128.0,19.0,15.0,0.0,0.0
56.187,52,119772.0,600.0,124.0,576.0,830.0,0.0,1.0,0.0,0.0,0.5,0.041,0.471,0.65,0.51,0.055,0.48,0.663,0.0,0.0,-1.33,-5.53,0.26,-0.54,0.0,0.0,0.0,0.0,0.0,0.0,0.0,1.0,0.0,-0.0,-0.0,-0.0,0.0,0.0,0.0,0.0,0.0,0.0,0.0,0.0,0.0,161.0,97.0,170.0,170.0,55.0,24.0,128.0,19.0,15.0,0.0,0.0
56.22,53,119825.0,600.0,124.0,576.0,826.0,0.0,1.0,0.0,0.0,0.5,0.041,0.476,0.653,0.51,0.055,0.485,0.666,0.0,0.0,-1.33,-5.53,0.26,-0.54,0.0,0.0,0.0,0.0,0.0,0.0,0.0,1.0,0.0,-0.0,-0.0,-0.0,0.0,0.0,0.0,0.0,0.0,0.0,0.0,0.0,0.0,161.0,97.0,170.0,170.0,55.0,24.0,128.0,19.0,15.0,0.0,1.0
56.286,53,119878.0,600.0,124.0,576.0,826.0,0.0,1.0,0.0,0.0,0.5,0.041,0.476,0.653,0.51,0.055,0.485,0.666,0.0,0.0,-1.33,-5.53,0.26,-0.54,0.0,0.0,0.0,0.0,0.0,0.0,0.0,1.0,0.0,-0.0,-0.0,-0.0,0.0,0.0,0.0,0.0,0.0,0.0,0.0,0.0,0.0,161.0,97.0,170.0,170.0,55.0,24.0,128.0,19.0,15.0,0.0,0.0
56.319,53,119931.0,600.0,125.0,576.0,826.0,0.0,1.0,0.0,0.0,0.5,0.041,0.476,0.653,0.51,0.055,0.485,0.666,0.0,0.0,-1.33,-5.53,0.26,-0.54,0.0,0.0,0.0,0.0,0.0,0.0,0.0,1.0,0.0,-0.0,-0.0,-0.0,0.0,0.0,0.0,0.0,0.0,0.0,0.0,0.0,0.0,161.0,97.0,170.0,170.0,55.0,24.0,128.0,19.0,15.0,0.0,0.0
56.384,52,119983.0,600.0,125.0,582.0,826.0,0.0,1.0,0.0,0.0,0.5,0.041,0.476,0.653,0.51,0.055,0.485,0.666,0.0,0.0,-1.33,-5.53,0.26,-0.54,0.0,0.0,0.0,0.0,0.0,0.0,0.0,1.0,0.0,-0.0,-0.0,-0.0,0.0,0.0,0.0,0.0,0.0,0.0,0.0,0.0,0.0,161.0,97.0,170.0,170.0,55.0,24.0,128.0,19.0,15.0,0.0,0.0
56.45,52,120035.0,600.0,125.0,582.0,822.0,0.0,1.0,0.0,0.0,0.5,0.041,0.481,0.652,0.51,0.056,0.49,0.667,0.0,0.0,-1.33,-5.54,0.26,-0.54,0.0,0.0,0.0,0.0,0.0,0.0,0.0,1.0,0.0,-0.0,-0.0,-0.0,0.0,0.0,0.0,0.0,0.0,0.0,0.0,0.0,0.0,161.0,97.0,170.0,170.0,55.0,24.0,128.0,19.0,15.0,0.0,0.0
56.483,54,120089.0,600.0,125.0,582.0,822.0,0.0,1.0,0.0,0.0,0.5,0.041,0.481,0.652,0.51,0.056,0.49,0.667,0.0,0.0,-1.33,-5.54,0.26,-0.54,0.0,0.0,0.0,0.0,0.0,0.0,0.0,1.0,0.0,-0.0,-0.0,-0.0,0.0,0.0,0.0,0.0,0.0,0.0,0.0,0.0,0.0,161.0,97.0,170.0,170.0,55.0,24.0,128.0,19.0,15.0,0.0,0.0
56.548,52,120141.0,600.0,125.0,582.0,822.0,0.0,1.0,0.0,0.0,0.5,0.041,0.481,0.652,0.51,0.056,0.49,0.667,0.0,0.0,-1.33,-5.54,0.26,-0.54,0.0,0.0,0.0,0.0,0.0,0.0,0.0,1.0,0.0,-0.0,-0.0,-0.0,0.0,0.0,0.0,0.0,0.0,0.0,0.0,0.0,0.0,161.0,97.0,170.0,170.0,55.0,24.0,128.0,19.0,15.0,0.0,0.0
56.614,53,120194.0,600.0,125.0,579.0,822.0,0.0,1.0,0.0,0.0,0.5,0.041,0.481,0.652,0.51,0.056,0.49,0.667,0.0,0.0,-1.33,-5.54,0.26,-0.54,0.0,0.0,0.0,0.0,0.0,0.0,0.0,1.0,0.0,-0.0,-0.0,-0.0,0.0,0.0,0.0,0.0,0.0,0.0,0.0,0.0,0.0,161.0,97.0,170.0,170.0,55.0,24.0,128.0,19.0,15.0,0.0,0.0
56.648,52,120246.0,600.0,125.0,579.0,783.0,0.0,1.0,0.0,0.0,0.5,0.042,0.481,0.64,0.51,0.056,0.491,0.657,0.0,0.0,-1.33,-5.54,0.26,-0.54,0.0,0.0,0.0,0.0,0.0,0.0,0.0,1.0,0.0,-0.0,-0.0,-0.0,0.0,0.0,0.0,0.0,0.0,0.0,0.0,0.0,0.0,161.0,97.0,170.0,170.0,55.0,24.0,128.0,19.0,15.0,0.0,0.0
56.713,53,120299.0,600.0,125.0,579.0,783.0,0.0,1.0,0.0,0.0,0.5,0.042,0.481,0.64,0.51,0.056,0.491,0.657,0.0,0.0,-1.33,-5.54,0.26,-0.54,0.0,0.0,0.0,0.0,0.0,0.0,0.0,1.0,0.0,-0.0,-0.0,-0.0,0.0,0.0,0.0,0.0,0.0,0.0,0.0,0.0,0.0,161.0,97.0,170.0,170.0,55.0,24.0,128.0,19.0,15.0,0.0,0.0
56.746,52,120351.0,600.0,125.0,579.0,783.0,0.0,1.0,0.0,0.0,0.5,0.042,0.481,0.64,0.51,0.056,0.491,0.657,0.0,0.0,-1.33,-5.54,0.26,-0.54,0.0,0.0,0.0,0.0,0.0,0.0,0.0,1.0,0.0,-0.0,-0.0,-0.0,0.0,0.0,0.0,0.0,0.0,0.0,0.0,0.0,0.0,161.0,97.0,170.0,170.0,55.0,24.0,128.0,19.0,15.0,0.0,0.0
56.811,53,120404.0,600.0,125.0,581.0,783.0,0.0,1.0,0.0,0.0,0.5,0.042,0.481,0.64,0.51,0.056,0.491,0.657,0.0,0.0,-1.33,-5.54,0.26,-0.54,0.0,0.0,0.0,0.0,0.0,0.0,0.0,1.0,0.0,-0.0,-0.0,-0.0,0.0,0.0,0.0,0.0,0.0,0.0,0.0,0.0,0.0,161.0,97.0,170.0,170.0,55.0,24.0,128.0,19.0,15.0,0.0,0.0
56.85,52,120456.0,600.0,125.0,581.0,775.0,0.0,1.0,0.0,0.0,0.5,0.042,0.483,0.632,0.51,0.056,0.492,0.648,0.0,0.0,-1.33,-5.54,0.26,-0.54,0.0,0.0,0.0,0.0,0.0,0.0,0.0,1.0,0.0,-0.0,-0.0,-0.0,0.0,0.0,0.0,0.0,0.0,0.0,0.0,0.0,0.0,161.0,97.0,170.0,170.0,55.0,24.0,128.0,19.0,15.0,0.0,0.0
56.916,54,120510.0,600.0,125.0,581.0,775.0,0.0,1.0,0.0,0.0,0.5,0.042,0.483,0.632,0.51,0.056,0.492,0.648,0.0,0.0,-1.33,-5.54,0.26,-0.54,0.0,0.0,0.0,0.0,0.0,0.0,0.0,1.0,0.0,-0.0,-0.0,-0.0,0.0,0.0,0.0,0.0,0.0,0.0,0.0,0.0,0.0,161.0,97.0,170.0,170.0,55.0,24.0,128.0,19.0,15.0,0.0,0.0
56.981,51,120561.0,600.0,124.0,581.0,775.0,0.0,1.0,0.0,0.0,0.5,0.042,0.483,0.632,0.51,0.056,0.492,0.648,0.0,0.0,-1.33,-5.54,0.26,-0.54,0.0,0.0,0.0,0.0,0.0,0.0,0.0,1.0,0.0,-0.0,-0.0,-0.0,0.0,0.0,0.0,0.0,0.0,0.0,0.0,0.0,0.0,161.0,97.0,170.0,170.0,55.0,24.0,128.0,19.0,15.0,0.0,1.0
57.014,54,120615.0,600.0,124.0,570.0,775.0,0.0,1.0,0.0,0.0,0.5,0.042,0.483,0.632,0.51,0.056,0.492,0.648,0.0,0.0,-1.33,-5.54,0.26,-0.54,0.0,0.0,0.0,0.0,0.0,0.0,0.0,1.0,0.0,-0.0,-0.0,-0.0,0.0,0.0,0.0,0.0,0.0,0.0,0.0,0.0,0.0,161.0,97.0,170.0,170.0,55.0,24.0,128.0,19.0,15.0,0.0,0.0
57.08,52,120667.0,600.0,124.0,570.0,781.0,0.0,1.0,0.0,0.0,0.5,0.041,0.478,0.63,0.51,0.056,0.489,0.645,0.0,0.0,-1.33,-5.54,0.26,-0.54,0.0,0.0,0.0,0.0,0.0,0.0,0.0,1.0,0.0,-0.0,-0.0,-0.0,0.0,0.0,0.0,0.0,0.0,0.0,0.0,0.0,0.0,161.0,97.0,170.0,170.0,55.0,24.0,128.0,19.0,15.0,0.0,0.0
57.113,53,120720.0,600.0,124.0,570.0,781.0,0.0,1.0,0.0,0.0,0.5,0.041,0.478,0.63,0.51,0.056,0.489,0.645,0.0,0.0,-1.33,-5.54,0.26,-0.54,0.0,0.0,0.0,0.0,0.0,0.0,0.0,1.0,0.0,-0.0,-0.0,-0.0,0.0,0.0,0.0,0.0,0.0,0.0,0.0,0.0,0.0,161.0,97.0,170.0,170.0,55.0,24.0,128.0,19.0,15.0,0.0,0.0
57.178,53,120773.0,600.0,124.0,570.0,781.0,0.0,1.0,0.0,0.0,0.5,0.041,0.478,0.63,0.51,0.056,0.489,0.645,0.0,0.0,-1.33,-5.54,0.26,-0.54,0.0,0.0,0.0,0.0,0.0,0.0,0.0,1.0,0.0,-0.0,-0.0,-0.0,0.0,0.0,0.0,0.0,0.0,0.0,0.0,0.0,0.0,161.0,97.0,170.0,170.0,55.0,24.0,128.0,19.0,15.0,0.0,0.0
57.244,53,120826.0,600.0,124.0,571.0,781.0,0.0,1.0,0.0,0.0,0.5,0.041,0.478,0.63,0.51,0.056,0.489,0.645,0.0,0.0,-1.33,-5.54,0.26,-0.54,0.0,0.0,0.0,0.0,0.0,0.0,0.0,1.0,0.0,-0.0,-0.0,-0.0,0.0,0.0,0.0,0.0,0.0,0.0,0.0,0.0,0.0,161.0,97.0,170.0,170.0,55.0,24.0,128.0,19.0,15.0,0.0,0.0
57.276,52,120878.0,600.0,124.0,571.0,788.0,0.0,1.0,0.0,0.0,0.5,0.041,0.476,0.632,0.51,0.055,0.487,0.646,0.0,0.0,-1.33,-5.54,0.26,-0.54,0.0,0.0,0.0,0.0,0.0,0.0,0.0,1.0,0.0,-0.0,-0.0,-0.0,0.0,0.0,0.0,0.0,0.0,0.0,0.0,0.0,0.0,161.0,97.0,170.0,170.0,55.0,24.0,128.0,19.0,15.0,0.0,0.0
57.339,55,120933.0,600.0,124.0,571.0,788.0,0.0,1.0,0.0,0.0,0.5,0.041,0.476,0.632,0.51,0.055,0.487,0.646,0.0,0.0,-1.33,-5.54,0.26,-0.54,0.0,0.0,0.0,0.0,0.0,0.0,0.0,1.0,0.0,-0.0,-0.0,-0.0,0.0,0.0,0.0,0.0,0.0,0.0,0.0,0.0,0.0,161.0,97.0,170.0,170.0,55.0,24.0,128.0,19.0,15.0,0.0,0.0
57.404,52,120985.0,600.0,124.0,571.0,788.0,0.0,1.0,0.0,0.0,0.5,0.041,0.476,0.632,0.51,0.055,0.487,0.646,0.0,0.0,-1.33,-5.54,0.26,-0.54,0.0,0.0,0.0,0.0,0.0,0.0,0.0,1.0,0.0,-0.0,-0.0,-0.0,0.0,0.0,0.0,0.0,0.0,0.0,0.0,0.0,0.0,161.0,97.0,170.0,170.0,55.0,24.0,128.0,19.0,15.0,0.0,0.0
57.436,53,121038.0,600.0,124.0,563.0,788.0,0.0,1.0,0.0,0.0,0.5,0.041,0.476,0.632,0.51,0.055,0.487,0.646,0.0,0.0,-1.33,-5.54,0.26,-0.54,0.0,0.0,0.0,0.0,0.0,0.0,0.0,1.0,0.0,-0.0,-0.0,-0.0,0.0,0.0,0.0,0.0,0.0,0.0,0.0,0.0,0.0,161.0,97.0,170.0,170.0,55.0,24.0,128.0,19.0,15.0,0.0,0.0
57.501,52,121090.0,600.0,124.0,563.0,786.0,0.0,1.0,0.0,0.0,0.5,0.041,0.472,0.632,0.51,0.055,0.482,0.646,0.0,0.0,-1.33,-5.54,0.26,-0.54,0.0,0.0,0.0,0.0,0.0,0.0,0.0,1.0,0.0,-0.0,-0.0,-0.0,0.0,0.0,0.0,0.0,0.0,0.0,0.0,0.0,0.0,161.0,97.0,170.0,170.0,55.0,24.0,128.0,19.0,15.0,0.0,0.0
57.533,53,121143.0,600.0,124.0,563.0,786.0,0.0,1.0,0.0,0.0,0.5,0.041,0.472,0.632,0.51,0.055,0.482,0.646,0.0,0.0,-1.33,-5.54,0.26,-0.54,0.0,0.0,0.0,0.0,0.0,0.0,0.0,1.0,0.0,-0.0,-0.0,-0.0,0.0,0.0,0.0,0.0,0.0,0.0,0.0,0.0,0.0,161.0,97.0,170.0,170.0,55.0,24.0,128.0,19.0,15.0,0.0,0.0
57.598,51,121194.0,600.0,124.0,563.0,786.0,0.0,1.0,0.0,0.0,0.5,0.041,0.472,0.632,0.51,0.055,0.482,0.646,0.0,0.0,-1.33,-5.54,0.26,-0.54,0.0,0.0,0.0,0.0,0.0,0.0,0.0,1.0,0.0,-0.0,-0.0,-0.0,0.0,0.0,0.0,0.0,0.0,0.0,0.0,0.0,0.0,161.0,97.0,170.0,170.0,55.0,24.0,128.0,19.0,15.0,0.0,1.0
57.664,53,121247.0,600.0,124.0,562.0,786.0,0.0,1.0,0.0,0.0,0.5,0.041,0.472,0.632,0.51,0.055,0.482,0.646,0.0,0.0,-1.33,-5.54,0.26,-0.54,0.0,0.0,0.0,0.0,0.0,0.0,0.0,1.0,0.0,-0.0,-0.0,-0.0,0.0,0.0,0.0,0.0,0.0,0.0,0.0,0.0,0.0,161.0,97.0,170.0,170.0,55.0,24.0,128.0,19.0,15.0,0.0,0.0
57.696,53,121300.0,600.0,124.0,562.0,786.0,0.0,1.0,0.0,0.0,0.5,0.041,0.469,0.632,0.51,0.055,0.48,0.646,0.0,0.0,-1.33,-5.54,0.26,-0.54,0.0,0.0,0.0,0.0,0.0,0.0,0.0,1.0,0.0,-0.0,-0.0,-0.0,0.0,0.0,0.0,0.0,0.0,0.0,0.0,0.0,0.0,161.0,97.0,170.0,170.0,55.0,24.0,128.0,19.0,15.0,0.0,0.0
57.761,54,121354.0,600.0,124.0,562.0,786.0,0.0,1.0,0.0,0.0,0.5,0.041,0.469,0.632,0.51,0.055,0.48,0.646,0.0,0.0,-1.33,-5.54,0.26,-0.54,0.0,0.0,0.0,0.0,0.0,0.0,0.0,1.0,0.0,-0.0,-0.0,-0.0,0.0,0.0,0.0,0.0,0.0,0.0,0.0,0.0,0.0,161.0,97.0,170.0,170.0,55.0,24.0,128.0,19.0,15.0,0.0,0.0
57.827,53,121407.0,600.0,124.0,562.0,786.0,0.0,1.0,0.0,0.0,0.5,0.041,0.469,0.632,0.51,0.055,0.48,0.646,0.0,0.0,-1.33,-5.54,0.26,-0.54,0.0,0.0,0.0,0.0,0.0,0.0,0.0,1.0,0.0,-0.0,-0.0,-0.0,0.0,0.0,0.0,0.0,0.0,0.0,0.0,0.0,0.0,161.0,97.0,170.0,170.0,55.0,24.0,128.0,19.0,15.0,0.0,0.0
57.864,52,121459.0,600.0,124.0,557.0,786.0,0.0,1.0,0.0,0.0,0.5,0.041,0.469,0.632,0.51,0.055,0.48,0.646,0.0,0.0,-1.33,-5.54,0.26,-0.54,0.0,0.0,0.0,0.0,0.0,0.0,0.0,1.0,0.0,-0.0,-0.0,-0.0,0.0,0.0,0.0,0.0,0.0,0.0,0.0,0.0,0.0,161.0,97.0,170.0,170.0,55.0,24.0,128.0,19.0,15.0,0.0,0.0
57.927,53,121512.0,600.0,124.0,557.0,791.0,0.0,1.0,0.0,0.0,0.5,0.041,0.466,0.633,0.51,0.055,0.476,0.647,0.0,0.0,-1.33,-5.54,0.26,-0.54,0.0,0.0,0.0,0.0,0.0,0.0,0.0,1.0,0.0,-0.0,-0.0,-0.0,0.0,0.0,0.0,0.0,0.0,0.0,0.0,0.0,0.0,161.0,97.0,170.0,170.0,55.0,24.0,128.0,19.0,15.0,0.0,0.0
57.958,53,121565.0,600.0,124.0,557.0,791.0,0.0,1.0,0.0,0.0,0.5,0.041,0.466,0.633,0.51,0.055,0.476,0.647,0.0,0.0,-1.33,-5.54,0.26,-0.54,0.0,0.0,0.0,0.0,0.0,0.0,0.0,1.0,0.0,-0.0,-0.0,-0.0,0.0,0.0,0.0,0.0,0.0,0.0,0.0,0.0,0.0,161.0,97.0,170.0,170.0,55.0,24.0,128.0,19.0,15.0,0.0,0.0
58.023,52,121617.0,600.0,123.0,557.0,791.0,0.0,1.0,0.0,0.0,0.5,0.041,0.466,0.633,0.51,0.055,0.476,0.647,0.0,0.0,-1.33,-5.54,0.26,-0.54,0.0,0.0,0.0,0.0,0.0,0.0,0.0,1.0,0.0,-0.0,-0.0,-0.0,0.0,0.0,0.0,0.0,0.0,0.0,0.0,0.0,0.0,161.0,97.0,170.0,170.0,55.0,24.0,128.0,19.0,15.0,0.0,1.0
58.058,52,121669.0,600.0,123.0,559.0,791.0,0.0,1.0,0.0,0.0,0.5,0.041,0.466,0.633,0.51,0.055,0.476,0.647,0.0,0.0,-1.33,-5.54,0.26,-0.54,0.0,0.0,0.0,0.0,0.0,0.0,0.0,1.0,0.0,-0.0,-0.0,-0.0,0.0,0.0,0.0,0.0,0.0,0.0,0.0,0.0,0.0,161.0,97.0,170.0,170.0,55.0,24.0,128.0,19.0,15.0,0.0,0.0
58.124,52,121721.0,600.0,123.0,559.0,785.0,0.0,1.0,0.0,0.0,0.5,0.041,0.465,0.632,0.51,0.055,0.475,0.647,0.0,0.0,-1.33,-5.54,0.26,-0.54,0.0,0.0,0.0,0.0,0.0,0.0,0.0,1.0,0.0,-0.0,-0.0,-0.0,0.0,0.0,0.0,0.0,0.0,0.0,0.0,0.0,0.0,161.0,97.0,170.0,170.0,55.0,24.0,128.0,19.0,15.0,0.0,0.0
58.189,54,121775.0,600.0,123.0,559.0,785.0,0.0,1.0,0.0,0.0,0.5,0.041,0.465,0.632,0.51,0.055,0.475,0.647,0.0,0.0,-1.33,-5.54,0.26,-0.54,0.0,0.0,0.0,0.0,0.0,0.0,0.0,1.0,0.0,-0.0,-0.0,-0.0,0.0,0.0,0.0,0.0,0.0,0.0,0.0,0.0,0.0,161.0,97.0,170.0,170.0,55.0,24.0,128.0,19.0,15.0,0.0,1.0
58.221,52,121827.0,600.0,123.0,559.0,785.0,0.0,1.0,0.0,0.0,0.5,0.041,0.465,0.632,0.51,0.055,0.475,0.647,0.0,0.0,-1.33,-5.54,0.26,-0.54,0.0,0.0,0.0,0.0,0.0,0.0,0.0,1.0,0.0,-0.0,-0.0,-0.0,0.0,0.0,0.0,0.0,0.0,0.0,0.0,0.0,0.0,161.0,97.0,170.0,170.0,55.0,24.0,128.0,19.0,15.0,0.0,0.0
58.289,52,121879.0,600.0,123.0,551.0,785.0,0.0,1.0,0.0,0.0,0.5,0.041,0.465,0.632,0.51,0.055,0.475,0.647,0.0,0.0,-1.33,-5.54,0.26,-0.54,0.0,0.0,0.0,0.0,0.0,0.0,0.0,1.0,0.0,-0.0,-0.0,-0.0,0.0,0.0,0.0,0.0,0.0,0.0,0.0,0.0,0.0,161.0,97.0,170.0,170.0,55.0,24.0,128.0,19.0,15.0,0.0,0.0
58.322,54,121933.0,600.0,123.0,551.0,783.0,0.0,1.0,0.0,0.0,0.5,0.041,0.461,0.631,0.51,0.055,0.472,0.645,0.0,0.0,-1.33,-5.54,0.26,-0.54,0.0,0.0,0.0,0.0,0.0,0.0,0.0,1.0,0.0,-0.0,-0.0,-0.0,0.0,0.0,0.0,0.0,0.0,0.0,0.0,0.0,0.0,161.0,97.0,170.0,170.0,55.0,24.0,128.0,19.0,15.0,0.0,0.0
58.387,53,121986.0,600.0,123.0,551.0,783.0,0.0,1.0,0.0,0.0,0.5,0.041,0.461,0.631,0.51,0.055,0.472,0.645,0.0,0.0,-1.33,-5.54,0.26,-0.54,0.0,0.0,0.0,0.0,0.0,0.0,0.0,1.0,0.0,-0.0,-0.0,-0.0,0.0,0.0,0.0,0.0,0.0,0.0,0.0,0.0,0.0,161.0,97.0,170.0,170.0,55.0,24.0,128.0,19.0,15.0,0.0,1.0
58.454,53,122039.0,600.0,124.0,551.0,783.0,0.0,1.0,0.0,0.0,0.5,0.041,0.461,0.631,0.51,0.055,0.472,0.645,0.0,0.0,-1.33,-5.54,0.26,-0.54,0.0,0.0,0.0,0.0,0.0,0.0,0.0,1.0,0.0,-0.0,-0.0,-0.0,0.0,0.0,0.0,0.0,0.0,0.0,0.0,0.0,0.0,161.0,97.0,170.0,170.0,55.0,24.0,128.0,19.0,15.0,0.0,0.0
58.485,52,122091.0,600.0,124.0,557.0,783.0,0.0,1.0,0.0,0.0,0.5,0.041,0.461,0.631,0.51,0.055,0.472,0.645,0.0,0.0,-1.33,-5.54,0.26,-0.54,0.0,0.0,0.0,0.0,0.0,0.0,0.0,1.0,0.0,-0.0,-0.0,-0.0,0.0,0.0,0.0,0.0,0.0,0.0,0.0,0.0,0.0,161.0,97.0,170.0,170.0,55.0,24.0,128.0,19.0,15.0,0.0,0.0
58.548,53,122144.0,600.0,124.0,557.0,784.0,0.0,1.0,0.0,0.0,0.5,0.041,0.462,0.631,0.51,0.055,0.472,0.645,0.0,0.0,-1.33,-5.54,0.26,-0.54,0.0,0.0,0.0,0.0,0.0,0.0,0.0,1.0,0.0,-0.0,-0.0,-0.0,0.0,0.0,0.0,0.0,0.0,0.0,0.0,0.0,0.0,161.0,97.0,170.0,170.0,55.0,24.0,128.0,19.0,15.0,0.0,0.0
58.611,54,122198.0,600.0,124.0,557.0,784.0,0.0,1.0,0.0,0.0,0.5,0.041,0.462,0.631,0.51,0.055,0.472,0.645,0.0,0.0,-1.33,-5.54,0.26,-0.54,0.0,0.0,0.0,0.0,0.0,0.0,0.0,1.0,0.0,-0.0,-0.0,-0.0,0.0,0.0,0.0,0.0,0.0,0.0,0.0,0.0,0.0,161.0,97.0,170.0,170.0,55.0,24.0,128.0,19.0,15.0,0.0,0.0
58.643,53,122251.0,600.0,124.0,557.0,784.0,0.0,1.0,0.0,0.0,0.5,0.041,0.462,0.631,0.51,0.055,0.472,0.645,0.0,0.0,-1.33,-5.54,0.26,-0.54,0.0,0.0,0.0,0.0,0.0,0.0,0.0,1.0,0.0,-0.0,-0.0,-0.0,0.0,0.0,0.0,0.0,0.0,0.0,0.0,0.0,0.0,161.0,97.0,170.0,170.0,55.0,24.0,128.0,19.0,15.0,0.0,0.0
58.707,52,122303.0,600.0,124.0,555.0,784.0,0.0,1.0,0.0,0.0,0.5,0.041,0.462,0.631,0.51,0.055,0.472,0.645,0.0,0.0,-1.33,-5.54,0.26,-0.54,0.0,0.0,0.0,0.0,0.0,0.0,0.0,1.0,0.0,-0.0,-0.0,-0.0,0.0,0.0,0.0,0.0,0.0,0.0,0.0,0.0,0.0,161.0,97.0,170.0,170.0,55.0,24.0,128.0,19.0,15.0,0.0,0.0
58.77,53,122356.0,600.0,124.0,555.0,784.0,0.0,1.0,0.0,0.0,0.5,0.041,0.462,0.631,0.51,0.055,0.472,0.645,0.0,0.0,-1.33,-5.54,0.26,-0.54,0.0,0.0,0.0,0.0,0.0,0.0,0.0,1.0,0.0,-0.0,-0.0,-0.0,-0.0,0.0,0.0,0.0,0.0,0.0,0.0,0.0,0.0,161.0,97.0,170.0,170.0,55.0,24.0,128.0,19.0,15.0,0.0,1.0
58.802,53,122409.0,600.0,124.0,555.0,784.0,0.0,1.0,0.0,0.0,0.5,0.041,0.462,0.631,0.51,0.055,0.472,0.645,0.0,0.0,-1.33,-5.54,0.26,-0.54,0.0,0.0,0.0,0.0,0.0,0.0,0.0,1.0,0.0,-0.0,-0.0,-0.0,0.0,0.0,0.0,0.0,0.0,0.0,0.0,0.0,0.0,161.0,97.0,170.0,170.0,55.0,24.0,128.0,19.0,15.0,0.0,0.0
58.868,53,122462.0,600.0,123.0,555.0,784.0,0.0,1.0,0.0,0.0,0.5,0.041,0.462,0.631,0.51,0.055,0.472,0.645,0.0,0.0,-1.33,-5.54,0.26,-0.54,0.0,0.0,0.0,0.0,0.0,0.0,0.0,1.0,0.0,-0.0,-0.0,-0.0,0.0,0.0,0.0,0.0,0.0,0.0,0.0,0.0,0.0,161.0,97.0,170.0,170.0,55.0,24.0,128.0,19.0,15.0,0.0,0.0
58.902,52,122514.0,600.0,123.0,561.0,784.0,0.0,1.0,0.0,0.0,0.5,0.041,0.462,0.631,0.51,0.055,0.472,0.645,0.0,0.0,-1.33,-5.54,0.26,-0.54,0.0,0.0,0.0,0.0,0.0,0.0,0.0,1.0,0.0,-0.0,-0.0,-0.0,0.0,0.0,0.0,0.0,0.0,0.0,0.0,0.0,0.0,161.0,97.0,170.0,170.0,55.0,24.0,128.0,19.0,15.0,0.0,0.0
58.967,53,122567.0,600.0,123.0,561.0,781.0,0.0,1.0,0.0,0.0,0.5,0.041,0.464,0.63,0.51,0.055,0.474,0.644,0.0,0.0,-1.33,-5.54,0.26,-0.54,0.0,0.0,0.0,0.0,0.0,0.0,0.0,1.0,0.0,-0.0,-0.0,-0.0,0.0,0.0,0.0,0.0,0.0,0.0,0.0,0.0,0.0,161.0,97.0,170.0,170.0,55.0,24.0,128.0,19.0,15.0,0.0,0.0
59.033,54,122621.0,600.0,123.0,561.0,781.0,0.0,1.0,0.0,0.0,0.5,0.041,0.464,0.63,0.51,0.055,0.474,0.644,0.0,0.0,-1.33,-5.54,0.26,-0.54,0.0,0.0,0.0,0.0,0.0,0.0,0.0,1.0,0.0,-0.0,-0.0,-0.0,0.0,0.0,0.0,0.0,0.0,0.0,0.0,0.0,0.0,161.0,97.0,170.0,170.0,55.0,24.0,128.0,19.0,15.0,0.0,0.0
59.068,53,122674.0,600.0,123.0,561.0,781.0,0.0,1.0,0.0,0.0,0.5,0.041,0.464,0.63,0.51,0.055,0.474,0.644,0.0,0.0,-1.33,-5.54,0.26,-0.54,0.0,0.0,0.0,0.0,0.0,0.0,0.0,1.0,0.0,-0.0,-0.0,-0.0,0.0,0.0,0.0,0.0,0.0,0.0,0.0,0.0,0.0,161.0,97.0,170.0,170.0,55.0,24.0,128.0,19.0,15.0,0.0,0.0
59.131,52,122726.0,600.0,123.0,562.0,781.0,0.0,1.0,0.0,0.0,0.5,0.041,0.464,0.63,0.51,0.055,0.474,0.644,0.0,0.0,-1.33,-5.54,0.26,-0.54,0.0,0.0,0.0,0.0,0.0,0.0,0.0,1.0,0.0,-0.0,-0.0,-0.0,0.0,0.0,0.0,0.0,0.0,0.0,0.0,0.0,0.0,161.0,97.0,170.0,170.0,55.0,24.0,128.0,19.0,15.0,0.0,1.0
59.196,53,122779.0,600.0,123.0,562.0,737.0,0.0,1.0,0.0,0.0,0.5,0.04,0.466,0.614,0.51,0.055,0.475,0.631,0.0,0.0,-1.33,-5.54,0.26,-0.54,0.0,0.0,0.0,0.0,0.0,0.0,0.0,1.0,0.0,-0.0,-0.0,-0.0,0.0,0.0,0.0,0.0,0.0,0.0,0.0,0.0,0.0,161.0,97.0,170.0,170.0,55.0,24.0,128.0,19.0,15.0,0.0,0.0
59.228,53,122832.0,600.0,123.0,562.0,737.0,0.0,1.0,0.0,0.0,0.5,0.04,0.466,0.614,0.51,0.055,0.475,0.631,0.0,0.0,-1.33,-5.55,0.26,-0.54,0.0,0.0,0.0,0.0,0.0,0.0,0.0,1.0,0.0,-0.0,-0.0,-0.0,0.0,0.0,0.0,0.0,0.0,0.0,0.0,0.0,0.0,161.0,97.0,170.0,170.0,55.0,24.0,128.0,19.0,15.0,0.0,0.0
59.293,53,122885.0,600.0,123.0,562.0,737.0,0.0,1.0,0.0,0.0,0.5,0.04,0.466,0.614,0.51,0.055,0.475,0.631,0.0,0.0,-1.33,-5.55,0.26,-0.54,0.0,0.0,0.0,0.0,0.0,0.0,0.0,1.0,0.0,-0.0,-0.0,-0.0,0.0,0.0,0.0,0.0,0.0,0.0,0.0,0.0,0.0,161.0,97.0,170.0,170.0,55.0,24.0,128.0,19.0,15.0,0.0,0.0
59.325,52,122937.0,600.0,123.0,565.0,737.0,0.0,1.0,0.0,0.0,0.5,0.04,0.466,0.614,0.51,0.055,0.475,0.631,0.0,0.0,-1.33,-5.56,0.26,-0.54,0.0,0.0,0.0,0.0,0.0,0.0,0.0,1.0,0.0,-0.0,-0.0,-0.0,0.0,0.0,0.0,0.0,0.0,0.0,0.0,0.0,0.0,161.0,97.0,170.0,170.0,55.0,24.0,128.0,19.0,15.0,0.0,0.0
59.388,53,122990.0,600.0,123.0,565.0,724.0,0.0,1.0,0.0,0.0,0.5,0.04,0.468,0.603,0.509,0.055,0.477,0.619,0.0,0.0,-1.33,-5.56,0.26,-0.54,0.0,0.0,0.0,0.0,0.0,0.0,0.0,1.0,0.0,-0.0,-0.0,-0.0,0.0,0.0,0.0,0.0,0.0,0.0,0.0,0.0,0.0,161.0,97.0,170.0,170.0,55.0,24.0,128.0,19.0,15.0,0.0,0.0
59.452,54,123044.0,600.0,123.0,565.0,724.0,0.0,1.0,0.0,0.0,0.5,0.04,0.468,0.603,0.509,0.055,0.477,0.619,0.0,0.0,-1.33,-5.56,0.26,-0.54,0.0,0.0,0.0,0.0,0.0,0.0,0.0,1.0,0.0,-0.0,-0.0,-0.0,0.0,0.0,0.0,0.0,0.0,0.0,0.0,0.0,0.0,161.0,97.0,170.0,170.0,55.0,24.0,128.0,19.0,15.0,0.0,0.0
59.484,53,123097.0,600.0,122.0,565.0,724.0,0.0,1.0,0.0,0.0,0.5,0.04,0.468,0.603,0.509,0.055,0.477,0.619,0.0,0.0,-1.33,-5.56,0.26,-0.54,0.0,0.0,0.0,0.0,0.0,0.0,0.0,1.0,0.0,-0.0,-0.0,-0.0,0.0,0.0,0.0,0.0,0.0,0.0,0.0,0.0,0.0,161.0,97.0,170.0,170.0,55.0,24.0,128.0,19.0,15.0,0.0,1.0
59.549,53,123150.0,600.0,122.0,562.0,724.0,0.0,1.0,0.0,0.0,0.5,0.04,0.468,0.603,0.509,0.055,0.477,0.619,0.0,0.0,-1.33,-5.55,0.26,-0.54,0.0,0.0,0.0,0.0,0.0,0.0,0.0,1.0,0.0,-0.0,-0.0,-0.0,0.0,0.0,0.0,0.0,0.0,0.0,0.0,0.0,0.0,161.0,97.0,170.0,170.0,55.0,24.0,128.0,19.0,15.0,0.0,0.0
59.614,53,123203.0,600.0,122.0,562.0,723.0,0.0,1.0,0.0,0.0,0.5,0.04,0.468,0.597,0.509,0.054,0.477,0.612,0.0,0.0,-1.33,-5.55,0.26,-0.54,0.0,0.0,0.0,0.0,0.0,0.0,0.0,1.0,0.0,-0.0,-0.0,-0.0,0.0,0.0,0.0,0.0,0.0,0.0,0.0,0.0,0.0,161.0,97.0,170.0,170.0,55.0,24.0,128.0,19.0,15.0,0.0,0.0
59.648,53,123256.0,600.0,122.0,562.0,723.0,0.0,1.0,0.0,0.0,0.5,0.04,0.468,0.597,0.509,0.054,0.477,0.612,0.0,0.0,-1.33,-5.55,0.26,-0.54,0.0,0.0,0.0,0.0,0.0,0.0,0.0,1.0,0.0,-0.0,-0.0,-0.0,0.0,0.0,0.0,0.0,0.0,0.0,0.0,0.0,0.0,161.0,97.0,170.0,170.0,55.0,24.0,128.0,19.0,15.0,0.0,0.0
59.712,52,123308.0,600.0,121.0,562.0,723.0,0.0,1.0,0.0,0.0,0.5,0.04,0.468,0.597,0.509,0.054,0.477,0.612,0.0,0.0,-1.33,-5.55,0.26,-0.54,0.0,0.0,0.0,0.0,0.0,0.0,0.0,1.0,0.0,-0.0,-0.0,-0.0,0.0,0.0,0.0,0.0,0.0,0.0,0.0,0.0,0.0,161.0,97.0,170.0,170.0,55.0,24.0,128.0,19.0,15.0,0.0,0.0
59.775,52,123360.0,600.0,121.0,565.0,723.0,0.0,1.0,0.0,0.0,0.5,0.04,0.468,0.597,0.509,0.054,0.477,0.612,0.0,0.0,-1.33,-5.55,0.26,-0.54,0.0,0.0,0.0,0.0,0.0,0.0,0.0,1.0,0.0,-0.0,-0.0,-0.0,0.0,0.0,0.0,0.0,0.0,0.0,0.0,0.0,0.0,161.0,97.0,170.0,170.0,55.0,24.0,128.0,19.0,15.0,0.0,0.0
59.807,53,123413.0,600.0,121.0,565.0,763.0,0.0,1.0,0.0,0.0,0.5,0.04,0.469,0.608,0.509,0.054,0.478,0.621,0.0,0.0,-1.33,-5.55,0.26,-0.54,0.0,0.0,0.0,0.0,0.0,0.0,0.0,1.0,0.0,-0.0,-0.0,-0.0,0.0,0.0,0.0,0.0,0.0,0.0,0.0,0.0,0.0,161.0,97.0,170.0,170.0,55.0,24.0,128.0,19.0,15.0,0.0,0.0
59.874,54,123467.0,600.0,121.0,565.0,763.0,0.0,1.0,0.0,0.0,0.5,0.04,0.469,0.608,0.509,0.054,0.478,0.621,0.0,0.0,-1.33,-5.55,0.26,-0.54,0.0,0.0,0.0,0.0,0.0,0.0,0.0,1.0,0.0,-0.0,-0.0,-0.0,0.0,0.0,0.0,0.0,0.0,0.0,0.0,0.0,0.0,161.0,97.0,170.0,170.0,55.0,24.0,128.0,19.0,15.0,0.0,0.0
59.906,51,123518.0,600.0,121.0,565.0,763.0,0.0,1.0,0.0,0.0,0.5,0.04,0.469,0.608,0.509,0.054,0.478,0.621,0.0,0.0,-1.33,-5.55,0.26,-0.54,0.0,0.0,0.0,0.0,0.0,0.0,0.0,1.0,0.0,-0.0,-0.0,-0.0,0.0,0.0,0.0,0.0,0.0,0.0,0.0,0.0,0.0,161.0,97.0,170.0,170.0,55.0,24.0,128.0,19.0,15.0,0.0,0.0
59.969,55,123573.0,600.0,121.0,563.0,763.0,0.0,1.0,0.0,0.0,0.5,0.04,0.469,0.608,0.509,0.054,0.478,0.621,0.0,0.0,-1.33,-5.55,0.26,-0.54,0.0,0.0,0.0,0.0,0.0,0.0,0.0,1.0,0.0,-0.0,-0.0,-0.0,0.0,0.0,0.0,0.0,0.0,0.0,0.0,0.0,0.0,161.0,97.0,170.0,170.0,55.0,24.0,128.0,19.0,15.0,0.0,0.0
60.034,52,123625.0,600.0,121.0,563.0,758.0,0.0,1.0,0.0,0.0,0.5,0.039,0.468,0.612,0.51,0.054,0.478,0.625,0.0,0.0,-1.33,-5.55,0.26,-0.54,0.0,0.0,0.0,0.0,0.0,0.0,0.0,1.0,0.0,-0.0,-0.0,-0.0,0.0,0.0,0.0,0.0,0.0,0.0,0.0,0.0,0.0,161.0,97.0,170.0,170.0,55.0,24.0,128.0,19.0,15.0,0.0,1.0
60.066,53,123678.0,600.0,121.0,563.0,758.0,0.0,1.0,0.0,0.0,0.5,0.039,0.468,0.612,0.51,0.054,0.478,0.625,0.0,0.0,-1.33,-5.54,0.26,-0.54,0.0,0.0,0.0,0.0,0.0,0.0,0.0,1.0,0.0,-0.0,-0.0,-0.0,0.0,0.0,0.0,0.0,0.0,0.0,0.0,0.0,0.0,161.0,97.0,170.0,170.0,55.0,24.0,128.0,19.0,15.0,0.0,0.0
60.13,52,123730.0,600.0,123.0,563.0,758.0,0.0,1.0,0.0,0.0,0.5,0.039,0.468,0.612,0.51,0.054,0.478,0.625,0.0,0.0,-1.33,-5.54,0.26,-0.54,0.0,0.0,0.0,0.0,0.0,0.0,0.0,1.0,0.0,-0.0,-0.0,-0.0,0.0,0.0,0.0,0.0,0.0,0.0,0.0,0.0,0.0,161.0,97.0,170.0,170.0,55.0,24.0,128.0,19.0,15.0,0.0,0.0
60.194,52,123782.0,600.0,123.0,581.0,758.0,0.0,1.0,0.0,0.0,0.5,0.039,0.468,0.612,0.51,0.054,0.478,0.625,0.0,0.0,-1.33,-5.54,0.26,-0.54,0.0,0.0,0.0,0.0,0.0,0.0,0.0,1.0,0.0,-0.0,-0.0,-0.0,0.0,0.0,0.0,0.0,0.0,0.0,0.0,0.0,0.0,161.0,97.0,170.0,170.0,55.0,24.0,128.0,19.0,15.0,0.0,0.0
60.227,52,123834.0,600.0,123.0,581.0,810.0,0.0,1.0,0.0,0.0,0.5,0.04,0.477,0.63,0.51,0.054,0.485,0.641,0.0,0.0,-1.33,-5.54,0.26,-0.54,0.0,0.0,0.0,0.0,0.0,0.0,0.0,1.0,0.0,-0.0,-0.0,-0.0,0.0,0.0,0.0,0.0,0.0,0.0,0.0,0.0,0.0,161.0,97.0,170.0,170.0,55.0,24.0,128.0,19.0,15.0,0.0,0.0
60.292,54,123888.0,600.0,123.0,581.0,810.0,0.0,1.0,0.0,0.0,0.5,0.04,0.477,0.63,0.51,0.054,0.485,0.641,0.0,0.0,-1.33,-5.54,0.26,-0.54,0.0,0.0,0.0,0.0,0.0,0.0,0.0,1.0,0.0,-0.0,-0.0,-0.0,0.0,0.0,0.0,0.0,0.0,0.0,0.0,0.0,0.0,161.0,97.0,170.0,170.0,55.0,24.0,128.0,19.0,15.0,0.0,0.0
60.358,53,123941.0,600.0,123.0,581.0,810.0,0.0,1.0,0.0,0.0,0.5,0.04,0.477,0.63,0.51,0.054,0.485,0.641,0.0,0.0,-1.33,-5.54,0.26,-0.54,0.0,0.0,0.0,0.0,0.0,0.0,0.0,1.0,0.0,-0.0,-0.0,-0.0,0.0,0.0,0.0,0.0,0.0,0.0,0.0,0.0,0.0,161.0,97.0,170.0,170.0,55.0,24.0,128.0,19.0,15.0,0.0,0.0
60.391,53,123994.0,600.0,123.0,592.0,810.0,0.0,1.0,0.0,0.0,0.5,0.04,0.477,0.63,0.51,0.054,0.485,0.641,0.0,0.0,-1.33,-5.54,0.26,-0.54,0.0,0.0,0.0,0.0,0.0,0.0,0.0,1.0,0.0,-0.0,-0.0,-0.0,0.0,0.0,0.0,0.0,0.0,0.0,0.0,0.0,0.0,161.0,97.0,170.0,170.0,55.0,24.0,128.0,19.0,15.0,0.0,0.0
60.457,52,124046.0,600.0,123.0,592.0,825.0,0.0,1.0,0.0,0.0,0.5,0.04,0.486,0.643,0.51,0.054,0.494,0.655,0.0,0.0,-1.33,-5.54,0.26,-0.54,0.0,0.0,0.0,0.0,0.0,0.0,0.0,1.0,0.0,-0.0,-0.0,-0.0,0.0,0.0,0.0,0.0,0.0,0.0,0.0,0.0,0.0,161.0,97.0,170.0,170.0,55.0,24.0,128.0,19.0,15.0,0.0,0.0
60.489,53,124099.0,600.0,123.0,592.0,825.0,0.0,1.0,0.0,0.0,0.5,0.04,0.486,0.643,0.51,0.054,0.494,0.655,0.0,0.0,-1.33,-5.54,0.26,-0.54,0.0,0.0,0.0,0.0,0.0,0.0,0.0,1.0,0.0,-0.0,-0.0,-0.0,0.0,0.0,0.0,0.0,0.0,0.0,0.0,0.0,0.0,161.0,97.0,170.0,170.0,55.0,24.0,128.0,19.0,15.0,0.0,0.0
60.552,51,124150.0,600.0,123.0,592.0,825.0,0.0,1.0,0.0,0.0,0.5,0.04,0.486,0.643,0.51,0.054,0.494,0.655,0.0,0.0,-1.33,-5.54,0.26,-0.54,0.0,0.0,0.0,0.0,0.0,0.0,0.0,1.0,0.0,-0.0,-0.0,-0.0,0.0,0.0,0.0,0.0,0.0,0.0,0.0,0.0,0.0,161.0,97.0,170.0,170.0,55.0,24.0,128.0,19.0,15.0,0.0,0.0
60.616,53,124203.0,600.0,123.0,598.0,825.0,0.0,1.0,0.0,0.0,0.5,0.04,0.486,0.643,0.51,0.054,0.494,0.655,0.0,0.0,-1.33,-5.54,0.26,-0.54,0.0,0.0,0.0,0.0,0.0,0.0,0.0,1.0,0.0,-0.0,-0.0,-0.0,0.0,0.0,0.0,0.0,0.0,0.0,0.0,0.0,0.0,161.0,97.0,170.0,170.0,55.0,24.0,128.0,19.0,15.0,0.0,0.0
60.649,52,124255.0,600.0,123.0,598.0,815.0,0.0,1.0,0.0,0.0,0.5,0.04,0.492,0.646,0.51,0.055,0.501,0.66,0.0,0.0,-1.33,-5.54,0.26,-0.54,0.0,0.0,0.0,0.0,0.0,0.0,0.0,1.0,0.0,-0.0,-0.0,-0.0,0.0,0.0,0.0,0.0,0.0,0.0,0.0,0.0,0.0,161.0,97.0,170.0,170.0,55.0,24.0,128.0,19.0,15.0,0.0,0.0
60.715,54,124309.0,600.0,123.0,598.0,815.0,0.0,1.0,0.0,0.0,0.5,0.04,0.492,0.646,0.51,0.055,0.501,0.66,0.0,0.0,-1.33,-5.54,0.26,-0.54,0.0,0.0,0.0,0.0,0.0,0.0,0.0,1.0,0.0,-0.0,-0.0,-0.0,0.0,0.0,0.0,0.0,0.0,0.0,0.0,0.0,0.0,161.0,97.0,170.0,170.0,55.0,24.0,128.0,19.0,15.0,0.0,0.0
60.78,51,124360.0,600.0,124.0,598.0,815.0,0.0,1.0,0.0,0.0,0.5,0.04,0.492,0.646,0.51,0.055,0.501,0.66,0.0,0.0,-1.33,-5.54,0.26,-0.54,0.0,0.0,0.0,0.0,0.0,0.0,0.0,1.0,0.0,-0.0,-0.0,-0.0,0.0,0.0,0.0,0.0,0.0,0.0,0.0,0.0,0.0,161.0,97.0,170.0,170.0,55.0,24.0,128.0,19.0,15.0,0.0,0.0
60.812,54,124414.0,600.0,124.0,606.0,815.0,0.0,1.0,0.0,0.0,0.5,0.04,0.492,0.646,0.51,0.055,0.501,0.66,0.0,0.0,-1.33,-5.54,0.26,-0.54,0.0,0.0,0.0,0.0,0.0,0.0,0.0,1.0,0.0,-0.0,-0.0,-0.0,0.0,0.0,0.0,0.0,0.0,0.0,0.0,0.0,0.0,161.0,97.0,170.0,170.0,55.0,24.0,128.0,19.0,15.0,0.0,0.0
60.885,52,124466.0,600.0,124.0,606.0,830.0,0.0,1.0,0.0,0.0,0.5,0.041,0.499,0.652,0.51,0.055,0.508,0.666,0.0,0.0,-1.33,-5.54,0.26,-0.54,0.0,0.0,0.0,0.0,0.0,0.0,0.0,1.0,0.0,-0.0,-0.0,-0.0,0.0,0.0,0.0,0.0,0.0,0.0,0.0,0.0,0.0,161.0,97.0,170.0,170.0,55.0,24.0,128.0,19.0,15.0,0.0,0.0
60.917,53,124519.0,600.0,124.0,606.0,830.0,0.0,1.0,0.0,0.0,0.5,0.041,0.499,0.652,0.51,0.055,0.508,0.666,0.0,0.0,-1.33,-5.54,0.26,-0.54,0.0,0.0,0.0,0.0,0.0,0.0,0.0,1.0,0.0,-0.0,-0.0,-0.0,0.0,0.0,0.0,0.0,0.0,0.0,0.0,0.0,0.0,161.0,97.0,170.0,170.0,55.0,24.0,128.0,19.0,15.0,0.0,0.0
60.983,52,124571.0,600.0,124.0,606.0,830.0,0.0,1.0,0.0,0.0,0.5,0.041,0.499,0.652,0.51,0.055,0.508,0.666,0.0,0.0,-1.33,-5.54,0.26,-0.54,0.0,0.0,0.0,0.0,0.0,0.0,0.0,1.0,0.0,-0.0,-0.0,-0.0,0.0,0.0,0.0,0.0,0.0,0.0,0.0,0.0,0.0,161.0,97.0,170.0,170.0,55.0,24.0,128.0,19.0,15.0,0.0,0.0
61.015,53,124624.0,600.0,124.0,611.0,830.0,0.0,1.0,0.0,0.0,0.5,0.041,0.499,0.652,0.51,0.055,0.508,0.666,0.0,0.0,-1.32,-5.54,0.26,-0.54,0.0,0.0,0.0,0.0,0.0,0.0,0.0,1.0,0.0,-0.0,-0.0,-0.0,0.0,0.0,0.0,0.0,0.0,0.0,0.0,0.0,0.0,161.0,97.0,170.0,170.0,55.0,24.0,128.0,19.0,15.0,0.0,1.0
61.087,52,124676.0,600.0,124.0,611.0,835.0,0.0,1.0,0.0,0.0,0.5,0.041,0.504,0.656,0.51,0.055,0.514,0.67,0.0,0.0,-1.32,-5.53,0.26,-0.54,0.0,0.0,0.0,0.0,0.0,0.0,0.0,1.0,0.0,-0.0,-0.0,-0.0,0.0,0.0,0.0,0.0,0.0,0.0,0.0,0.0,0.0,161.0,97.0,170.0,170.0,55.0,24.0,128.0,19.0,15.0,0.0,0.0
61.136,54,124730.0,600.0,124.0,611.0,835.0,0.0,1.0,0.0,0.0,0.5,0.041,0.504,0.656,0.51,0.055,0.514,0.67,0.0,0.0,-1.32,-5.53,0.26,-0.54,0.0,0.0,0.0,0.0,0.0,0.0,0.0,1.0,0.0,-0.0,-0.0,-0.0,0.0,0.0,0.0,0.0,0.0,0.0,0.0,0.0,0.0,161.0,97.0,170.0,170.0,55.0,24.0,128.0,19.0,15.0,0.0,0.0
61.202,53,124783.0,600.0,123.0,611.0,835.0,0.0,1.0,0.0,0.0,0.5,0.041,0.504,0.656,0.51,0.055,0.514,0.67,0.0,0.0,-1.32,-5.53,0.26,-0.54,0.0,0.0,0.0,0.0,0.0,0.0,0.0,1.0,0.0,-0.0,-0.0,-0.0,0.0,0.0,0.0,0.0,0.0,0.0,0.0,0.0,0.0,161.0,97.0,170.0,170.0,55.0,24.0,128.0,19.0,15.0,0.0,0.0
61.235,53,124836.0,600.0,123.0,600.0,835.0,0.0,1.0,0.0,0.0,0.5,0.041,0.504,0.656,0.51,0.055,0.514,0.67,0.0,0.0,-1.32,-5.54,0.26,-0.54,0.0,0.0,0.0,0.0,0.0,0.0,0.0,1.0,0.0,-0.0,-0.0,-0.0,0.0,0.0,0.0,0.0,0.0,0.0,0.0,0.0,0.0,161.0,97.0,170.0,170.0,55.0,24.0,128.0,19.0,15.0,0.0,0.0
61.3,52,124888.0,600.0,123.0,600.0,820.0,0.0,1.0,0.0,0.0,0.5,0.04,0.502,0.653,0.51,0.055,0.512,0.668,0.0,0.0,-1.32,-5.54,0.26,-0.54,0.0,0.0,0.0,0.0,0.0,0.0,0.0,1.0,0.0,-0.0,-0.0,-0.0,0.0,0.0,0.0,0.0,0.0,0.0,0.0,0.0,0.0,161.0,97.0,170.0,170.0,55.0,24.0,128.0,19.0,15.0,0.0,1.0
61.331,53,124941.0,600.0,123.0,600.0,820.0,0.0,1.0,0.0,0.0,0.5,0.04,0.502,0.653,0.51,0.055,0.512,0.668,0.0,0.0,-1.32,-5.54,0.26,-0.54,0.0,0.0,0.0,0.0,0.0,0.0,0.0,1.0,0.0,-0.0,-0.0,-0.0,0.0,0.0,0.0,0.0,0.0,0.0,0.0,0.0,0.0,161.0,97.0,170.0,170.0,55.0,24.0,128.0,19.0,15.0,0.0,0.0
61.395,54,124995.0,600.0,122.0,600.0,820.0,0.0,1.0,0.0,0.0,0.5,0.04,0.502,0.653,0.51,0.055,0.512,0.668,0.0,0.0,-1.32,-5.53,0.26,-0.54,0.0,0.0,0.0,0.0,0.0,0.0,0.0,1.0,0.0,-0.0,-0.0,-0.0,0.0,0.0,0.0,0.0,0.0,0.0,0.0,0.0,0.0,161.0,97.0,170.0,170.0,55.0,24.0,128.0,19.0,15.0,0.0,0.0
61.46,52,125047.0,600.0,122.0,600.0,820.0,0.0,1.0,0.0,0.0,0.5,0.04,0.502,0.653,0.51,0.055,0.512,0.668,0.0,0.0,-1.32,-5.53,0.26,-0.54,0.0,0.0,0.0,0.0,0.0,0.0,0.0,1.0,0.0,-0.0,-0.0,-0.0,0.0,0.0,0.0,0.0,0.0,0.0,0.0,0.0,0.0,161.0,97.0,170.0,170.0,55.0,24.0,128.0,19.0,15.0,0.0,0.0
61.493,52,125099.0,600.0,122.0,600.0,815.0,0.0,1.0,0.0,0.0,0.5,0.04,0.501,0.651,0.51,0.055,0.511,0.666,0.0,0.0,-1.32,-5.53,0.26,-0.54,0.0,0.0,0.0,0.0,0.0,0.0,0.0,1.0,0.0,-0.0,-0.0,-0.0,0.0,0.0,0.0,0.0,0.0,0.0,0.0,0.0,0.0,161.0,97.0,170.0,170.0,55.0,24.0,128.0,19.0,15.0,0.0,0.0
61.556,54,125153.0,600.0,122.0,600.0,815.0,0.0,1.0,0.0,0.0,0.5,0.04,0.501,0.651,0.51,0.055,0.511,0.666,0.0,0.0,-1.32,-5.53,0.26,-0.54,0.0,0.0,0.0,0.0,0.0,0.0,0.0,1.0,0.0,-0.0,-0.0,-0.0,0.0,0.0,0.0,0.0,0.0,0.0,0.0,0.0,0.0,161.0,97.0,170.0,170.0,55.0,24.0,128.0,19.0,15.0,0.0,0.0
61.62,53,125206.0,600.0,122.0,600.0,815.0,0.0,1.0,0.0,0.0,0.5,0.04,0.501,0.651,0.51,0.055,0.511,0.666,0.0,0.0,-1.32,-5.53,0.26,-0.54,0.0,0.0,0.0,0.0,0.0,0.0,0.0,1.0,0.0,-0.0,-0.0,-0.0,0.0,0.0,0.0,0.0,0.0,0.0,0.0,0.0,0.0,161.0,97.0,170.0,170.0,55.0,24.0,128.0,19.0,15.0,0.0,0.0
61.656,52,125258.0,600.0,122.0,600.0,815.0,0.0,1.0,0.0,0.0,0.5,0.04,0.501,0.651,0.51,0.055,0.511,0.666,0.0,0.0,-1.32,-5.53,0.26,-0.54,0.0,0.0,0.0,0.0,0.0,0.0,0.0,1.0,0.0,-0.0,-0.0,-0.0,0.0,0.0,0.0,0.0,0.0,0.0,0.0,0.0,0.0,161.0,97.0,170.0,170.0,55.0,24.0,128.0,19.0,15.0,0.0,1.0
61.72,53,125311.0,600.0,122.0,600.0,780.0,0.0,1.0,0.0,0.0,0.5,0.04,0.5,0.639,0.51,0.055,0.51,0.655,0.0,0.0,-1.32,-5.53,0.26,-0.54,0.0,0.0,0.0,0.0,0.0,0.0,0.0,1.0,0.0,-0.0,-0.0,-0.0,0.0,0.0,0.0,0.0,0.0,0.0,0.0,0.0,0.0,161.0,97.0,170.0,170.0,55.0,24.0,128.0,19.0,15.0,0.0,0.0
61.752,53,125364.0,600.0,122.0,600.0,780.0,0.0,1.0,0.0,0.0,0.5,0.04,0.5,0.639,0.51,0.055,0.51,0.655,0.0,0.0,-1.32,-5.53,0.26,-0.54,0.0,0.0,0.0,0.0,0.0,0.0,0.0,1.0,0.0,-0.0,-0.0,-0.0,0.0,0.0,0.0,0.0,0.0,0.0,0.0,0.0,0.0,161.0,97.0,170.0,170.0,55.0,24.0,128.0,19.0,15.0,0.0,0.0
61.816,53,125417.0,600.0,122.0,600.0,780.0,0.0,1.0,0.0,0.0,0.5,0.04,0.5,0.639,0.51,0.055,0.51,0.655,0.0,0.0,-1.32,-5.53,0.26,-0.54,0.0,0.0,0.0,0.0,0.0,0.0,0.0,1.0,0.0,-0.0,-0.0,-0.0,0.0,0.0,0.0,0.0,0.0,0.0,0.0,0.0,0.0,161.0,97.0,170.0,170.0,55.0,24.0,128.0,19.0,15.0,0.0,0.0
61.891,52,125469.0,600.0,122.0,602.0,780.0,0.0,1.0,0.0,0.0,0.5,0.04,0.5,0.639,0.51,0.055,0.51,0.655,0.0,0.0,-1.32,-5.53,0.26,-0.54,0.0,0.0,0.0,0.0,0.0,0.0,0.0,1.0,0.0,-0.0,-0.0,-0.0,0.0,0.0,0.0,0.0,0.0,0.0,0.0,0.0,0.0,161.0,97.0,170.0,170.0,55.0,24.0,128.0,19.0,15.0,0.0,0.0
61.924,53,125522.0,600.0,122.0,602.0,726.0,0.0,1.0,0.0,0.0,0.5,0.04,0.501,0.615,0.51,0.055,0.51,0.633,0.0,0.0,-1.33,-5.53,0.26,-0.54,0.0,0.0,0.0,0.0,0.0,0.0,0.0,1.0,0.0,-0.0,-0.0,-0.0,0.0,0.0,0.0,0.0,0.0,0.0,0.0,0.0,0.0,161.0,97.0,170.0,170.0,55.0,24.0,128.0,19.0,15.0,0.0,0.0
61.99,54,125576.0,600.0,122.0,602.0,726.0,0.0,1.0,0.0,0.0,0.5,0.04,0.501,0.615,0.51,0.055,0.51,0.633,0.0,0.0,-1.33,-5.53,0.26,-0.54,0.0,0.0,0.0,0.0,0.0,0.0,0.0,1.0,0.0,-0.0,-0.0,-0.0,0.0,0.0,0.0,0.0,0.0,0.0,0.0,0.0,0.0,161.0,97.0,170.0,170.0,55.0,24.0,128.0,19.0,15.0,0.0,0.0
62.023,53,125629.0,600.0,122.0,602.0,726.0,0.0,1.0,0.0,0.0,0.5,0.04,0.501,0.615,0.51,0.055,0.51,0.633,0.0,0.0,-1.33,-5.53,0.26,-0.54,0.0,0.0,0.0,0.0,0.0,0.0,0.0,1.0,1.0,-0.0,-0.0,-0.0,0.0,0.0,0.0,0.0,0.0,0.0,0.0,0.0,0.0,161.0,97.0,170.0,170.0,55.0,24.0,128.0,19.0,15.0,0.0,0.0
62.091,52,125681.0,600.0,122.0,602.0,726.0,0.0,1.0,0.0,0.0,0.5,0.04,0.501,0.615,0.51,0.055,0.51,0.633,0.0,0.0,-1.33,-5.53,0.26,-0.54,0.0,0.0,0.0,0.0,0.0,0.0,0.0,1.0,1.0,-0.0,-0.0,-0.0,0.0,0.0,0.0,0.0,0.0,0.0,0.0,0.0,0.0,161.0,97.0,170.0,170.0,55.0,24.0,128.0,19.0,15.0,0.0,0.0
62.124,53,125734.0,600.0,122.0,602.0,720.0,0.0,1.0,0.0,0.0,0.5,0.04,0.501,0.602,0.509,0.054,0.51,0.618,0.0,0.0,-1.33,-5.53,0.26,-0.54,0.0,0.0,0.0,0.0,0.0,0.0,0.0,1.0,1.0,-0.0,-0.0,-0.0,0.0,0.0,0.0,0.0,0.0,0.0,0.0,0.0,0.0,161.0,97.0,170.0,170.0,55.0,24.0,128.0,19.0,15.0,0.0,0.0
62.189,53,125787.0,600.0,122.0,602.0,720.0,0.0,1.0,0.0,0.0,0.5,0.04,0.501,0.602,0.509,0.054,0.51,0.618,0.0,0.0,-1.33,-5.53,0.26,-0.54,0.0,0.0,0.0,0.0,0.0,0.0,0.0,1.0,1.0,-0.0,-0.0,-0.0,0.0,0.0,0.0,0.0,0.0,0.0,0.0,0.0,0.0,161.0,97.0,170.0,170.0,55.0,24.0,128.0,19.0,15.0,0.0,0.0
62.255,53,125840.0,600.0,122.0,602.0,720.0,0.0,1.0,0.0,0.0,0.5,0.04,0.501,0.602,0.509,0.054,0.51,0.618,0.0,0.0,-1.33,-5.53,0.26,-0.54,0.0,0.0,0.0,0.0,0.0,0.0,0.0,1.0,1.0,-0.0,-0.0,-0.0,0.0,0.0,0.0,0.0,0.0,0.0,0.0,0.0,0.0,161.0,97.0,170.0,170.0,55.0,24.0,128.0,19.0,15.0,0.0,0.0
62.287,52,125892.0,600.0,122.0,602.0,720.0,0.0,1.0,0.0,0.0,0.5,0.04,0.501,0.602,0.509,0.054,0.51,0.618,0.0,0.0,-1.33,-5.54,0.26,-0.54,0.0,0.0,0.0,0.0,0.0,0.0,0.0,1.0,1.0,-0.0,-0.0,-0.0,0.0,0.0,0.0,0.0,0.0,0.0,0.0,0.0,0.0,161.0,97.0,170.0,170.0,55.0,24.0,128.0,19.0,15.0,0.0,0.0
62.351,53,125945.0,600.0,122.0,602.0,729.0,0.0,1.0,0.0,0.0,0.5,0.04,0.501,0.599,0.509,0.054,0.511,0.614,0.0,0.0,-1.33,-5.54,0.26,-0.54,0.0,0.0,0.0,0.0,0.0,0.0,0.0,1.0,1.0,-0.0,-0.0,-0.0,0.0,0.0,0.0,0.0,0.0,0.0,0.0,0.0,0.0,161.0,97.0,170.0,170.0,55.0,24.0,128.0,19.0,15.0,0.0,0.0
62.414,54,125999.0,600.0,122.0,602.0,729.0,0.0,1.0,0.0,0.0,0.5,0.04,0.501,0.599,0.509,0.054,0.511,0.614,0.0,0.0,-1.33,-5.54,0.26,-0.54,0.0,0.0,0.0,0.0,0.0,0.0,0.0,1.0,1.0,-0.0,-0.0,-0.0,0.0,0.0,0.0,0.0,0.0,0.0,0.0,0.0,0.0,161.0,97.0,170.0,170.0,55.0,24.0,128.0,19.0,15.0,0.0,0.0
62.451,54,126053.0,600.0,122.0,602.0,729.0,0.0,1.0,0.0,0.0,0.5,0.04,0.501,0.599,0.509,0.054,0.511,0.614,0.0,0.0,-1.33,-5.54,0.26,-0.54,0.0,0.0,0.0,0.0,0.0,0.0,0.0,1.0,1.0,-0.0,-0.0,-0.0,0.0,0.0,0.0,0.0,0.0,0.0,0.0,0.0,0.0,161.0,97.0,170.0,170.0,55.0,24.0,128.0,19.0,15.0,0.0,0.0
62.516,52,126105.0,600.0,122.0,602.0,729.0,0.0,1.0,0.0,0.0,0.5,0.04,0.501,0.599,0.509,0.054,0.511,0.614,0.0,0.0,-1.33,-5.54,0.26,-0.54,0.0,0.0,0.0,0.0,0.0,0.0,0.0,1.0,1.0,-0.0,-0.0,-0.0,0.0,0.0,0.0,0.0,0.0,0.0,0.0,0.0,0.0,161.0,97.0,170.0,170.0,55.0,24.0,128.0,19.0,15.0,0.0,0.0
62.548,53,126158.0,600.0,122.0,602.0,729.0,0.0,1.0,0.0,0.0,0.5,0.04,0.501,0.597,0.509,0.054,0.511,0.612,0.0,0.0,-1.33,-5.54,0.26,-0.54,0.0,0.0,0.0,0.0,0.0,0.0,0.0,1.0,1.0,-0.0,-0.0,-0.0,0.0,0.0,0.0,0.0,0.0,0.0,0.0,0.0,0.0,161.0,97.0,170.0,170.0,55.0,24.0,128.0,19.0,15.0,0.0,0.0
62.614,53,126211.0,600.0,122.0,602.0,729.0,0.0,1.0,0.0,0.0,0.5,0.04,0.501,0.597,0.509,0.054,0.511,0.612,0.0,0.0,-1.33,-5.54,0.26,-0.54,0.0,0.0,0.0,0.0,0.0,0.0,0.0,1.0,1.0,-0.0,-0.0,-0.0,0.0,0.0,0.0,0.0,0.0,0.0,0.0,0.0,0.0,161.0,97.0,170.0,170.0,55.0,24.0,128.0,19.0,15.0,0.0,0.0
62.682,53,126264.0,600.0,123.0,602.0,729.0,0.0,1.0,0.0,0.0,0.5,0.04,0.501,0.597,0.509,0.054,0.511,0.612,0.0,0.0,-1.33,-5.54,0.26,-0.54,0.0,0.0,0.0,0.0,0.0,0.0,0.0,1.0,1.0,-0.0,-0.0,-0.0,0.0,0.0,0.0,0.0,0.0,0.0,0.0,0.0,0.0,161.0,97.0,170.0,170.0,55.0,24.0,128.0,19.0,15.0,0.0,0.0
62.715,52,126316.0,600.0,123.0,602.0,729.0,0.0,1.0,0.0,0.0,0.5,0.04,0.501,0.597,0.509,0.054,0.511,0.612,0.0,0.0,-1.33,-5.54,0.26,-0.54,0.0,0.0,0.0,0.0,0.0,0.0,0.0,1.0,1.0,-0.0,-0.0,-0.0,0.0,0.0,0.0,0.0,0.0,0.0,0.0,0.0,0.0,161.0,97.0,170.0,170.0,55.0,24.0,128.0,19.0,15.0,0.0,0.0
62.78,53,126369.0,600.0,123.0,602.0,774.0,0.0,1.0,0.0,0.0,0.5,0.04,0.502,0.612,0.51,0.055,0.511,0.624,0.0,0.0,-1.33,-5.54,0.26,-0.54,0.0,0.0,0.0,0.0,0.0,0.0,0.0,1.0,1.0,-0.0,-0.0,-0.0,-0.0,0.0,0.0,0.0,0.0,0.0,0.0,0.0,0.0,161.0,97.0,170.0,170.0,55.0,24.0,128.0,19.0,15.0,0.0,0.0
62.813,54,126423.0,600.0,123.0,602.0,774.0,0.0,1.0,0.0,0.0,0.5,0.04,0.502,0.612,0.51,0.055,0.511,0.624,0.0,0.0,-1.33,-5.54,0.26,-0.54,0.0,0.0,0.0,0.0,0.0,0.0,0.0,1.0,1.0,-0.0,-0.0,-0.0,-0.0,0.0,0.0,0.0,0.0,0.0,0.0,0.0,0.0,161.0,97.0,170.0,170.0,55.0,24.0,128.0,19.0,15.0,0.0,0.0
62.879,53,126476.0,600.0,122.0,602.0,774.0,0.0,1.0,0.0,0.0,0.5,0.04,0.502,0.612,0.51,0.055,0.511,0.624,0.0,0.0,-1.33,-5.54,0.26,-0.54,0.0,0.0,0.0,0.0,0.0,0.0,0.0,1.0,1.0,-0.0,-0.0,-0.0,0.0,0.0,0.0,0.0,0.0,0.0,0.0,0.0,0.0,161.0,97.0,170.0,170.0,55.0,24.0,128.0,19.0,15.0,0.0,0.0
62.944,52,126528.0,600.0,122.0,600.0,774.0,0.0,1.0,0.0,0.0,0.5,0.04,0.502,0.612,0.51,0.055,0.511,0.624,0.0,0.0,-1.33,-5.54,0.26,-0.54,0.0,0.0,0.0,0.0,0.0,0.0,0.0,1.0,1.0,-0.0,-0.0,-0.0,0.0,0.0,0.0,0.0,0.0,0.0,0.0,0.0,0.0,161.0,97.0,170.0,170.0,55.0,24.0,128.0,19.0,15.0,0.0,0.0
62.976,53,126581.0,600.0,122.0,600.0,815.0,0.0,1.0,0.0,0.0,0.5,0.04,0.501,0.632,0.51,0.055,0.511,0.643,0.0,0.0,-1.33,-5.54,0.26,-0.54,0.0,0.0,0.0,0.0,0.0,0.0,0.0,1.0,1.0,-0.0,-0.0,-0.0,0.0,0.0,0.0,0.0,0.0,0.0,0.0,0.0,0.0,161.0,97.0,170.0,170.0,55.0,24.0,128.0,19.0,15.0,0.0,0.0
63.042,54,126635.0,600.0,122.0,600.0,815.0,0.0,1.0,0.0,0.0,0.5,0.04,0.501,0.632,0.51,0.055,0.511,0.643,0.0,0.0,-1.33,-5.54,0.26,-0.54,0.0,0.0,0.0,0.0,0.0,0.0,0.0,1.0,1.0,-0.0,-0.0,-0.0,0.0,0.0,0.0,0.0,0.0,0.0,0.0,0.0,0.0,161.0,97.0,170.0,170.0,55.0,24.0,128.0,19.0,15.0,0.0,1.0
63.108,53,126688.0,600.0,123.0,600.0,815.0,0.0,1.0,0.0,0.0,0.5,0.04,0.501,0.632,0.51,0.055,0.511,0.643,0.0,0.0,-1.34,-5.54,0.26,-0.54,0.0,0.0,0.0,0.0,0.0,0.0,0.0,1.0,1.0,-0.0,-0.0,-0.0,0.0,0.0,0.0,0.0,0.0,0.0,0.0,0.0,0.0,161.0,97.0,170.0,170.0,55.0,24.0,128.0,19.0,15.0,0.0,1.0
63.14,52,126740.0,600.0,123.0,600.0,815.0,0.0,1.0,0.0,0.0,0.5,0.04,0.501,0.632,0.51,0.055,0.511,0.643,0.0,0.0,-1.34,-5.55,0.26,-0.54,0.0,0.0,0.0,0.0,0.0,0.0,0.0,1.0,1.0,-0.0,-0.0,-0.0,0.0,0.0,0.0,0.0,0.0,0.0,0.0,0.0,0.0,161.0,97.0,170.0,170.0,55.0,24.0,128.0,19.0,15.0,0.0,0.0
63.208,52,126792.0,600.0,123.0,600.0,813.0,0.0,1.0,0.0,0.0,0.5,0.04,0.5,0.64,0.51,0.055,0.51,0.653,0.0,0.0,-1.34,-5.55,0.26,-0.54,0.0,0.0,0.0,0.0,0.0,0.0,0.0,1.0,1.0,-0.0,-0.0,-0.0,0.0,0.0,0.0,0.0,0.0,0.0,0.0,0.0,0.0,161.0,97.0,170.0,170.0,55.0,24.0,128.0,19.0,15.0,0.0,0.0
63.247,54,126846.0,600.0,123.0,600.0,813.0,0.0,1.0,0.0,0.0,0.5,0.04,0.5,0.64,0.51,0.055,0.51,0.653,0.0,0.0,-1.34,-5.55,0.26,-0.54,0.0,0.0,0.0,0.0,0.0,0.0,0.0,1.0,1.0,-0.0,-0.0,-0.0,0.0,0.0,0.0,0.0,0.0,0.0,0.0,0.0,0.0,161.0,97.0,170.0,170.0,55.0,24.0,128.0,19.0,15.0,0.0,0.0
63.31,53,126899.0,600.0,122.0,600.0,813.0,0.0,1.0,0.0,0.0,0.5,0.04,0.5,0.64,0.51,0.055,0.51,0.653,0.0,0.0,-1.34,-5.54,0.26,-0.54,0.0,0.0,0.0,6.0,0.0,0.0,0.0,1.0,1.0,-0.0,-0.0,-0.0,0.0,5.2,2.5,5.2,2.5,23.0,16.0,27.0,18.0,161.0,97.0,170.0,170.0,55.0,24.0,128.0,19.0,15.0,0.0,1.0
63.343,53,126952.0,600.0,122.0,600.0,813.0,0.0,1.0,0.0,0.0,0.5,0.04,0.5,0.64,0.51,0.055,0.51,0.653,0.0,0.0,-1.33,-5.54,0.26,-0.54,-1.32,0.0,0.0,6.0,0.0,0.0,0.0,1.0,1.0,-0.0,-0.0,-0.0,0.0,10.2,5.0,10.2,5.0,34.0,19.0,41.0,25.0,161.0,97.0,170.0,170.0,55.0,24.0,128.0,19.0,15.0,0.0,0.0
63.407,53,127005.0,600.0,122.0,600.0,768.0,0.0,1.0,0.0,0.0,0.5,0.04,0.5,0.63,0.51,0.055,0.51,0.646,0.0,0.0,-1.33,-5.54,0.26,-0.54,-2.62,0.0,0.0,6.0,0.0,0.0,0.0,1.0,1.0,-0.0,-0.0,0.0,0.0,14.3,8.6,14.3,8.6,43.0,24.0,53.0,34.0,161.0,97.0,170.0,170.0,55.0,24.0,128.0,19.0,15.0,0.0,0.0
63.472,53,127058.0,600.0,122.0,600.0,768.0,0.0,1.0,0.0,0.0,0.5,0.04,0.5,0.63,0.51,0.055,0.51,0.646,0.0,0.0,-1.33,-5.55,0.26,-0.54,-2.89,0.0,0.0,6.0,0.0,0.0,0.0,1.0,1.0,-0.0,-0.0,0.0,0.0,18.1,12.2,18.1,12.2,51.0,30.0,64.0,44.0,161.0,97.0,170.0,170.0,55.0,24.0,128.0,19.0,15.0,0.0,0.0
63.504,53,127111.0,600.0,123.0,600.0,768.0,0.0,1.0,0.0,0.0,0.5,0.04,0.5,0.63,0.51,0.055,0.51,0.646,0.0,0.0,-1.33,-5.55,0.26,-0.54,-2.92,0.0,0.0,6.0,0.0,0.0,0.0,1.0,1.0,0.1,-0.0,0.2,-0.0,22.1,16.3,22.1,16.3,59.0,35.0,76.0,54.0,161.0,97.0,170.0,170.0,55.0,24.0,128.0,19.0,15.0,0.0,1.0
63.567,53,127164.0,600.0,123.0,600.0,768.0,0.0,1.0,0.0,0.0,0.5,0.04,0.5,0.63,0.51,0.055,0.51,0.646,0.0,0.0,-1.34,-5.55,0.26,-0.54,-2.94,0.0,0.0,6.0,0.0,0.0,0.0,1.0,1.0,0.0,-0.0,0.2,-0.1,25.8,19.9,25.8,19.9,67.0,41.0,86.0,63.0,161.0,97.0,170.0,170.0,55.0,24.0,128.0,19.0,15.0,0.0,0.0
63.631,53,127217.0,600.0,123.0,600.0,770.0,0.0,1.0,0.0,0.0,0.5,0.04,0.5,0.626,0.51,0.055,0.51,0.641,0.0,0.0,-1.34,-5.54,0.29,-0.54,-2.95,0.0,0.0,6.0,0.0,0.0,0.0,1.0,1.0,0.1,-0.0,0.2,-0.1,29.8,23.8,29.8,23.8,76.0,46.0,97.0,74.0,161.0,97.0,170.0,170.0,55.0,24.0,128.0,19.0,15.0,0.0,0.0
63.664,55,127272.0,600.0,123.0,600.0,770.0,0.0,1.0,0.0,0.0,0.5,0.04,0.5,0.626,0.51,0.055,0.51,0.641,0.0,0.0,-1.34,-5.54,0.29,-0.54,-2.96,0.0,0.0,6.0,0.0,0.0,0.0,1.0,1.0,0.0,0.0,0.3,-0.1,30.1,24.2,30.1,24.2,76.0,47.0,98.0,74.0,161.0,97.0,170.0,170.0,55.0,24.0,128.0,19.0,15.0,0.0,0.0
63.73,52,127324.0,600.0,123.0,600.0,770.0,0.0,1.0,0.0,0.0,0.5,0.04,0.5,0.626,0.51,0.055,0.51,0.641,0.0,0.0,-1.34,-5.54,0.29,-0.54,-2.94,0.0,0.0,6.0,0.0,0.0,0.0,1.0,1.0,0.0,0.0,0.3,-0.1,28.7,24.2,28.7,25.5,73.0,49.0,95.0,78.0,161.0,97.0,170.0,170.0,55.0,24.0,128.0,19.0,15.0,0.0,1.0
63.795,54,127378.0,600.0,123.0,600.0,770.0,0.0,1.0,0.0,0.0,0.5,0.04,0.5,0.626,0.51,0.055,0.51,0.641,0.0,0.0,-1.4,-5.53,0.17,-0.54,-1.62,0.0,0.0,6.0,0.0,0.0,0.0,1.0,1.0,1.9,3.2,2.3,0.9,27.4,26.8,27.4,26.8,71.0,50.0,91.0,81.0,161.0,97.0,170.0,170.0,55.0,24.0,128.0,19.0,15.0,0.0,0.0
63.827,53,127431.0,600.0,123.0,600.0,725.0,0.0,1.0,0.0,0.0,0.5,0.04,0.5,0.608,0.51,0.055,0.51,0.626,0.0,0.0,-1.39,-5.55,0.0,-0.54,-0.32,0.0,0.0,6.0,0.0,0.0,0.0,1.0,1.0,2.3,5.3,2.4,2.8,26.8,27.5,26.8,27.5,69.0,51.0,89.0,83.0,161.0,97.0,170.0,170.0,55.0,24.0,128.0,19.0,15.0,0.0,0.0
63.894,53,127484.0,600.0,123.0,600.0,725.0,0.0,1.0,0.0,0.0,0.5,0.04,0.5,0.608,0.51,0.055,0.51,0.626,0.0,0.0,-1.33,-5.62,-0.11,-0.54,0.36,0.0,0.0,6.0,0.0,0.0,0.0,1.0,1.0,4.3,7.2,6.2,4.5,28.0,26.2,28.0,26.2,72.0,50.0,93.0,80.0,161.0,97.0,170.0,170.0,55.0,24.0,128.0,19.0,15.0,0.0,0.0
63.926,52,127536.0,600.0,122.0,600.0,725.0,0.0,1.0,0.0,0.0,0.5,0.04,0.5,0.608,0.51,0.055,0.51,0.626,0.0,0.0,-1.49,-5.62,0.09,-0.54,-0.92,0.0,0.0,6.0,0.0,0.0,0.0,1.0,1.0,6.8,9.7,9.4,6.5,27.8,26.4,27.8,26.4,71.0,50.0,92.0,80.0,161.0,97.0,170.0,170.0,55.0,24.0,128.0,19.0,15.0,0.0,0.0
63.992,54,127590.0,600.0,122.0,600.0,725.0,0.0,1.0,0.0,0.0,0.5,0.04,0.5,0.608,0.51,0.055,0.51,0.626,0.0,0.0,-1.52,-5.61,0.01,-0.54,-0.67,0.0,0.0,6.0,0.0,0.0,0.0,1.0,1.0,10.2,12.3,12.2,9.1,28.1,26.1,28.1,26.1,72.0,50.0,93.0,79.0,170.0,111.0,170.0,170.0,43.0,16.0,128.0,9.0,15.0,0.0,1.0
64.059,60,127650.0,600.0,122.0,600.0,728.0,0.0,1.0,0.0,0.0,0.5,0.04,0.5,0.602,0.509,0.055,0.509,0.617,0.0,0.0,-1.6,-5.65,0.01,-0.54,-0.99,0.0,0.0,6.0,0.0,0.0,0.0,1.0,1.0,10.2,14.4,13.7,11.6,27.6,26.6,27.6,26.6,78.0,53.0,96.0,81.0,170.0,111.0,170.0,170.0,43.0,16.0,128.0,9.0,15.0,0.0,1.0
64.093,54,127704.0,600.0,122.0,600.0,728.0,0.0,1.0,0.0,0.0,0.5,0.04,0.5,0.602,0.509,0.055,0.509,0.617,0.0,0.0,-1.59,-5.53,-0.09,-0.54,-0.48,0.0,0.0,6.0,0.0,0.0,0.0,1.0,1.0,15.0,17.1,14.9,14.4,26.3,28.0,26.3,28.0,79.0,59.0,96.0,88.0,170.0,111.0,170.0,170.0,43.0,16.0,128.0,9.0,15.0,0.0,1.0
64.158,54,127758.0,600.0,120.0,600.0,728.0,0.0,1.0,0.0,0.0,0.5,0.04,0.5,0.602,0.509,0.055,0.509,0.617,0.0,0.0,-1.51,-5.5,-0.45,-0.54,0.87,0.0,0.0,6.0,0.0,0.0,0.0,1.0,1.0,16.3,18.7,15.4,17.3,24.9,29.4,24.9,29.4,79.0,66.0,96.0,97.0,170.0,111.0,170.0,170.0,43.0,16.0,128.0,9.0,15.0,0.0,0.0
64.223,53,127811.0,600.0,120.0,600.0,728.0,0.0,1.0,0.0,0.0,0.5,0.04,0.5,0.602,0.509,0.055,0.509,0.617,0.0,0.0,-1.59,-5.48,-0.59,-0.54,2.24,0.0,0.0,6.0,0.0,0.0,0.0,1.0,1.0,17.5,20.7,16.3,20.7,23.6,30.7,23.6,30.7,78.0,72.0,95.0,104.0,170.0,111.0,170.0,170.0,43.0,16.0,128.0,9.0,15.0,0.0,1.0
64.293,53,127864.0,600.0,120.0,600.0,691.0,0.0,1.0,0.0,0.0,0.5,0.039,0.5,0.585,0.509,0.054,0.509,0.602,0.0,0.0,-1.66,-5.41,-0.73,-0.54,3.55,0.0,0.0,6.0,0.0,0.0,0.0,1.0,1.0,19.2,22.6,17.8,23.1,24.8,29.4,24.8,29.4,83.0,72.0,101.0,102.0,170.0,111.0,170.0,170.0,43.0,16.0,128.0,9.0,15.0,0.0,0.0
64.326,53,127917.0,600.0,120.0,600.0,691.0,0.0,1.0,0.0,0.0,0.5,0.039,0.5,0.585,0.509,0.054,0.509,0.602,0.0,0.0,-1.65,-5.55,-0.44,-0.54,2.3,0.0,0.0,6.0,0.0,0.0,0.0,1.0,1.0,21.3,25.2,18.6,22.8,26.0,28.3,26.0,28.3,87.0,71.0,108.0,102.0,170.0,111.0,170.0,170.0,43.0,16.0,128.0,9.0,15.0,0.0,0.0
64.358,53,127970.0,600.0,120.0,600.0,691.0,0.0,1.0,0.0,0.0,0.5,0.039,0.5,0.585,0.509,0.054,0.509,0.602,0.0,0.0,-1.6,-5.51,-0.44,-0.54,1.15,0.0,0.0,6.0,0.0,0.0,0.0,1.0,1.0,22.9,27.1,19.0,26.8,26.1,28.2,26.1,28.2,88.0,71.0,111.0,101.0,170.0,111.0,170.0,170.0,43.0,16.0,128.0,9.0,15.0,0.0,0.0
64.423,53,128023.0,600.0,120.0,600.0,691.0,0.0,1.0,0.0,0.0,0.5,0.039,0.5,0.585,0.509,0.054,0.509,0.602,0.0,0.0,-1.78,-5.44,-0.58,-0.54,1.06,0.0,0.0,6.0,0.0,0.0,0.0,1.0,1.0,22.9,27.1,19.0,26.8,26.1,28.2,26.1,28.2,88.0,71.0,111.0,101.0,170.0,111.0,170.0,170.0,43.0,16.0,128.0,9.0,15.0,0.0,1.0
64.498,53,128076.0,600.0,120.0,600.0,732.0,0.0,1.0,0.0,0.0,0.5,0.039,0.5,0.592,0.509,0.054,0.509,0.605,0.0,0.0,-1.65,-5.65,-0.15,-0.54,-0.32,0.0,0.0,6.0,0.0,0.0,0.0,1.0,1.0,27.7,33.0,19.4,29.4,26.2,28.1,26.2,28.1,88.0,66.0,118.0,99.0,170.0,111.0,170.0,170.0,39.0,12.0,68.0,15.0,15.0,0.0,0.0
64.53,55,128131.0,600.0,120.0,600.0,732.0,0.0,1.0,0.0,0.0,0.5,0.039,0.5,0.592,0.509,0.054,0.509,0.605,0.0,0.0,-1.55,-5.61,-0.35,-0.54,0.96,0.0,0.0,6.0,0.0,0.0,0.0,1.0,1.0,27.7,33.9,19.5,29.4,24.7,29.5,24.7,29.5,81.0,66.0,115.0,103.0,170.0,111.0,170.0,170.0,39.0,12.0,68.0,15.0,15.0,0.0,0.0
64.594,53,128184.0,600.0,120.0,600.0,732.0,0.0,1.0,0.0,0.0,0.5,0.039,0.5,0.592,0.509,0.054,0.509,0.605,0.0,0.0,-1.75,-5.5,-0.5,-0.54,2.41,0.0,0.0,6.0,0.0,0.0,0.0,1.0,1.0,33.4,36.1,24.1,31.6,26.0,28.3,26.0,28.3,80.0,60.0,119.0,98.0,170.0,111.0,170.0,170.0,39.0,12.0,68.0,15.0,15.0,0.0,0.0
64.625,53,128237.0,600.0,120.0,600.0,732.0,0.0,1.0,0.0,0.0,0.5,0.039,0.5,0.592,0.509,0.054,0.509,0.605,0.0,0.0,-1.66,-5.69,-0.3,-0.54,1.16,0.0,0.0,6.0,0.0,0.0,0.0,1.0,1.0,36.3,38.0,29.2,34.4,24.6,29.6,24.6,29.6,71.0,58.0,111.0,99.0,170.0,111.0,170.0,170.0,39.0,12.0,68.0,15.0,15.0,0.0,1.0
64.7,53,128290.0,600.0,120.0,600.0,755.0,0.0,1.0,0.0,0.0,0.5,0.039,0.5,0.603,0.509,0.053,0.509,0.616,0.0,0.0,-1.54,-5.66,-0.45,-0.54,2.51,0.0,0.0,6.0,0.0,0.0,0.0,1.0,1.0,38.2,39.1,36.8,36.4,25.2,29.0,25.2,29.0,67.0,53.0,107.0,94.0,170.0,111.0,170.0,170.0,39.0,12.0,68.0,15.0,15.0,0.0,0.0
64.734,53,128343.0,600.0,120.0,600.0,755.0,0.0,1.0,0.0,0.0,0.5,0.039,0.5,0.603,0.509,0.053,0.509,0.616,0.0,0.0,-1.62,-5.58,-0.65,-0.54,1.89,0.0,0.0,6.0,0.0,0.0,0.0,1.0,1.0,38.2,39.1,36.8,36.4,25.2,29.0,25.2,29.0,67.0,45.0,105.0,84.0,170.0,111.0,170.0,170.0,39.0,12.0,68.0,15.0,15.0,0.0,1.0
64.798,53,128396.0,600.0,120.0,600.0,755.0,0.0,1.0,0.0,0.0,0.5,0.039,0.5,0.603,0.509,0.053,0.509,0.616,0.0,0.0,-1.62,-5.65,-0.36,-0.54,0.52,0.0,0.0,6.0,0.0,0.0,0.0,1.0,1.0,37.8,40.8,38.6,44.8,25.6,28.6,25.6,28.6,63.0,46.0,97.0,85.0,170.0,111.0,170.0,170.0,39.0,12.0,68.0,15.0,15.0,0.0,0.0
64.862,54,128450.0,600.0,120.0,613.0,755.0,0.0,1.0,0.0,0.0,0.5,0.039,0.5,0.603,0.509,0.053,0.509,0.616,0.0,0.0,-1.71,-5.62,-0.49,-0.54,1.48,0.0,0.0,6.0,0.0,0.0,0.0,1.0,1.0,37.7,40.8,37.7,44.7,24.3,30.0,24.3,30.0,60.0,48.0,87.0,89.0,170.0,111.0,170.0,170.0,39.0,12.0,68.0,15.0,15.0,0.0,1.0
64.893,53,128503.0,600.0,120.0,613.0,803.0,0.0,1.0,0.0,0.0,0.5,0.039,0.506,0.624,0.51,0.053,0.514,0.635,0.0,0.0,-1.62,-5.59,-0.77,-0.54,2.85,0.0,0.0,6.0,0.0,0.0,0.0,1.0,1.0,36.5,40.5,37.1,43.2,24.0,30.2,24.0,30.2,59.0,49.0,81.0,90.0,170.0,111.0,170.0,170.0,39.0,12.0,68.0,15.0,15.0,0.0,0.0
64.957,55,128558.0,600.0,120.0,613.0,803.0,0.0,1.0,0.0,0.0,0.5,0.039,0.506,0.624,0.51,0.053,0.514,0.635,0.0,0.0,-1.77,-5.55,-0.94,-0.54,3.11,0.0,0.0,6.0,0.0,0.0,0.0,1.0,1.0,36.5,39.7,36.1,42.4,24.9,29.4,24.9,29.4,62.0,48.0,83.0,82.0,170.0,111.0,170.0,170.0,39.0,12.0,68.0,15.0,15.0,0.0,0.0
65.023,53,128611.0,600.0,122.0,613.0,803.0,0.0,1.0,0.0,0.0,0.5,0.039,0.506,0.624,0.51,0.053,0.514,0.635,0.0,0.0,-1.79,-5.64,-0.92,-0.54,2.24,0.0,0.0,6.0,0.0,0.0,0.0,1.0,1.0,34.5,38.2,34.3,39.4,25.2,29.0,25.2,29.0,63.0,47.0,85.0,82.0,170.0,111.0,170.0,170.0,33.0,24.0,32.0,15.0,15.0,0.0,0.0
65.061,53,128664.0,600.0,122.0,626.0,803.0,0.0,1.0,0.0,0.0,0.5,0.039,0.506,0.624,0.51,0.053,0.514,0.635,0.0,0.0,-1.89,-5.67,-0.81,-0.54,1.93,0.0,0.0,6.0,0.0,0.0,0.0,1.0,1.0,32.6,38.2,34.3,37.8,26.6,27.6,26.6,27.6,67.0,45.0,90.0,78.0,170.0,111.0,170.0,170.0,33.0,24.0,32.0,15.0,15.0,0.0,1.0
65.125,53,128717.0,600.0,122.0,626.0,757.0,0.0,1.0,0.0,0.0,0.5,0.039,0.514,0.619,0.51,0.054,0.522,0.634,0.0,0.0,-1.8,-5.38,-0.62,-0.54,0.5,0.0,0.0,6.0,0.0,0.0,0.0,1.0,1.0,30.0,36.7,32.8,35.9,27.9,26.4,27.9,26.4,70.0,43.0,94.0,75.0,170.0,111.0,170.0,170.0,33.0,24.0,32.0,15.0,15.0,0.0,0.0
65.19,53,128770.0,600.0,122.0,626.0,757.0,0.0,1.0,0.0,0.0,0.5,0.039,0.514,0.619,0.51,0.054,0.522,0.634,0.0,0.0,-1.82,-5.38,-0.57,-0.54,-0.74,0.0,0.0,6.0,0.0,0.0,0.0,1.0,1.0,29.5,36.5,30.9,34.0,29.0,25.2,29.0,25.2,73.0,41.0,97.0,72.0,170.0,111.0,170.0,170.0,33.0,24.0,32.0,15.0,15.0,0.0,1.0
65.223,52,128822.0,600.0,123.0,626.0,757.0,0.0,1.0,0.0,0.0,0.5,0.039,0.514,0.619,0.51,0.054,0.522,0.634,0.0,0.0,-1.9,-5.6,-0.47,-0.54,-1.92,0.0,0.0,6.0,0.0,0.0,0.0,1.0,1.0,29.5,36.6,28.2,31.4,27.7,26.5,27.7,26.5,69.0,44.0,93.0,77.0,170.0,111.0,170.0,170.0,33.0,24.0,32.0,15.0,15.0,0.0,0.0
65.289,54,128876.0,600.0,123.0,627.0,757.0,0.0,1.0,0.0,0.0,0.5,0.039,0.514,0.619,0.51,0.054,0.522,0.634,0.0,0.0,-1.88,-5.74,-0.92,-0.54,-0.6,0.0,0.0,6.0,0.0,0.0,0.0,1.0,1.0,29.8,37.3,25.6,29.2,26.4,27.8,26.4,27.8,65.0,46.0,90.0,81.0,170.0,111.0,170.0,170.0,33.0,24.0,32.0,15.0,15.0,0.0,0.0
65.321,53,128929.0,600.0,123.0,627.0,848.0,0.0,1.0,0.0,0.0,0.5,0.04,0.518,0.644,0.51,0.055,0.527,0.655,0.0,0.0,-1.9,-5.65,-1.18,-0.54,0.73,0.0,0.0,6.0,0.0,0.0,0.0,1.0,1.0,29.9,37.6,23.5,28.3,25.1,29.2,25.1,29.2,61.0,48.0,87.0,87.0,170.0,111.0,170.0,170.0,33.0,24.0,32.0,15.0,15.0,0.0,0.0
65.386,55,128984.0,600.0,123.0,627.0,848.0,0.0,1.0,0.0,0.0,0.5,0.04,0.518,0.644,0.51,0.055,0.527,0.655,0.0,0.0,-1.85,-5.41,-1.69,-0.54,2.05,0.0,0.0,6.0,0.0,0.0,0.0,1.0,1.0,29.9,37.6,23.5,28.3,25.1,29.2,25.1,29.2,61.0,50.0,84.0,91.0,170.0,111.0,170.0,170.0,33.0,24.0,32.0,15.0,15.0,0.0,1.0
65.452,54,129038.0,600.0,123.0,627.0,848.0,0.0,1.0,0.0,0.0,0.5,0.04,0.518,0.644,0.51,0.055,0.527,0.655,0.0,0.0,-1.65,-5.66,-2.08,-0.54,3.45,0.0,0.0,6.0,0.0,0.0,0.0,1.0,1.0,30.4,35.8,22.7,28.3,22.3,31.9,22.3,31.9,55.0,53.0,79.0,96.0,170.0,111.0,170.0,170.0,33.0,24.0,32.0,15.0,15.0,0.0,0.0
65.483,53,129091.0,600.0,123.0,627.0,848.0,0.0,1.0,0.0,0.0,0.5,0.04,0.518,0.644,0.51,0.055,0.527,0.655,0.0,0.0,-1.74,-5.71,-2.0,-0.54,4.78,0.0,0.0,6.0,0.0,0.0,0.0,1.0,1.0,32.1,35.4,23.1,28.7,22.2,32.1,22.2,32.1,54.0,53.0,78.0,98.0,170.0,111.0,170.0,170.0,85.0,18.0,48.0,13.0,15.0,0.0,0.0
65.547,53,129144.0,600.0,123.0,627.0,891.0,0.0,1.0,0.0,0.0,0.5,0.04,0.52,0.668,0.51,0.055,0.53,0.679,0.0,0.0,-1.93,-5.78,-1.92,-0.54,4.95,0.0,0.0,6.0,0.0,0.0,0.0,1.0,1.0,32.1,35.4,23.1,28.7,22.2,32.1,22.2,32.1,54.0,53.0,78.0,98.0,170.0,111.0,170.0,170.0,85.0,18.0,48.0,13.0,15.0,0.0,0.0
65.612,54,129198.0,600.0,123.0,627.0,891.0,0.0,1.0,0.0,0.0,0.5,0.04,0.52,0.668,0.51,0.055,0.53,0.679,0.0,0.0,-1.76,-5.44,-1.79,-0.54,4.07,0.0,0.0,6.0,0.0,0.0,0.0,1.0,1.0,32.5,33.0,23.5,30.6,23.5,30.7,23.5,30.7,57.0,52.0,83.0,94.0,170.0,111.0,170.0,170.0,85.0,18.0,48.0,13.0,15.0,0.0,0.0
65.651,53,129251.0,600.0,122.0,627.0,891.0,0.0,1.0,0.0,0.0,0.5,0.04,0.52,0.668,0.51,0.055,0.53,0.679,0.0,0.0,-1.73,-5.51,-1.75,-0.54,3.58,0.0,0.0,6.0,0.0,0.0,0.0,1.0,1.0,32.5,33.0,27.2,31.3,24.9,29.3,24.9,29.3,60.0,49.0,86.0,89.0,170.0,111.0,170.0,170.0,85.0,18.0,48.0,13.0,15.0,0.0,1.0
65.716,53,129304.0,600.0,122.0,627.0,891.0,0.0,1.0,0.0,0.0,0.5,0.04,0.52,0.668,0.51,0.055,0.53,0.679,0.0,0.0,-1.68,-5.71,-1.45,-0.54,2.21,0.0,0.0,6.0,0.0,0.0,0.0,1.0,1.0,32.8,32.2,29.9,31.7,24.6,29.7,24.6,29.7,59.0,50.0,83.0,89.0,170.0,111.0,170.0,170.0,85.0,18.0,48.0,13.0,15.0,0.0,0.0
65.748,53,129357.0,600.0,122.0,627.0,822.0,0.0,1.0,0.0,0.0,0.5,0.04,0.521,0.66,0.51,0.055,0.531,0.676,0.0,0.0,-1.97,-5.54,-1.4,-0.54,2.55,0.0,0.0,6.0,0.0,0.0,0.0,1.0,1.0,32.8,31.8,33.7,31.6,24.6,29.7,24.6,29.7,59.0,50.0,82.0,89.0,170.0,111.0,170.0,170.0,85.0,18.0,48.0,13.0,15.0,0.0,0.0
65.814,55,129412.0,600.0,122.0,627.0,822.0,0.0,1.0,0.0,0.0,0.5,0.04,0.521,0.66,0.51,0.055,0.531,0.676,0.0,0.0,-1.91,-5.42,-1.41,-0.54,2.57,0.0,0.0,6.0,0.0,0.0,0.0,1.0,1.0,31.0,31.0,36.7,31.0,24.3,29.9,24.3,29.9,59.0,51.0,80.0,89.0,170.0,111.0,170.0,170.0,85.0,18.0,48.0,13.0,15.0,0.0,0.0
65.885,52,129464.0,600.0,122.0,627.0,822.0,0.0,1.0,0.0,0.0,0.5,0.04,0.521,0.66,0.51,0.055,0.531,0.676,0.0,0.0,-1.77,-5.37,-1.43,-0.54,2.81,0.0,0.0,6.0,0.0,0.0,0.0,1.0,1.0,31.0,31.0,36.7,31.0,25.7,28.6,25.7,28.6,63.0,49.0,84.0,83.0,170.0,111.0,170.0,170.0,85.0,18.0,48.0,13.0,15.0,0.0,1.0
65.918,54,129518.0,600.0,122.0,613.0,822.0,0.0,1.0,0.0,0.0,0.5,0.04,0.521,0.66,0.51,0.055,0.531,0.676,0.0,0.0,-1.77,-5.64,-0.8,-0.54,1.46,0.0,0.0,6.0,0.0,0.0,0.0,1.0,1.0,29.9,30.9,36.2,33.5,27.0,27.3,27.0,27.3,66.0,46.0,88.0,76.0,170.0,111.0,170.0,170.0,85.0,18.0,48.0,13.0,15.0,0.0,0.0
65.983,53,129571.0,600.0,122.0,613.0,873.0,0.0,1.0,0.0,0.0,0.5,0.04,0.515,0.67,0.51,0.055,0.527,0.683,0.0,0.0,-1.85,-5.63,-0.77,-0.54,0.14,0.0,0.0,6.0,0.0,0.0,0.0,1.0,1.0,29.3,31.0,34.4,32.2,25.7,28.6,25.7,28.6,63.0,48.0,81.0,81.0,170.0,111.0,170.0,170.0,85.0,18.0,48.0,13.0,15.0,0.0,1.0
66.016,54,129625.0,600.0,122.0,613.0,873.0,0.0,1.0,0.0,0.0,0.5,0.04,0.515,0.67,0.51,0.055,0.527,0.683,0.0,0.0,-1.93,-5.51,-1.0,-0.54,1.46,0.0,0.0,6.0,0.0,0.0,0.0,1.0,1.0,29.3,31.0,34.4,32.2,25.7,28.6,25.7,28.6,63.0,48.0,83.0,79.0,170.0,111.0,170.0,170.0,35.0,8.0,66.0,11.0,15.0,0.0,0.0
66.082,52,129677.0,600.0,121.0,613.0,873.0,0.0,1.0,0.0,0.0,0.5,0.04,0.515,0.67,0.51,0.055,0.527,0.683,0.0,0.0,-1.5,-5.52,-1.14,-0.54,0.93,0.0,0.0,6.0,0.0,0.0,0.0,1.0,1.0,28.1,30.3,31.3,30.2,27.4,26.9,27.4,26.9,71.0,46.0,87.0,76.0,170.0,111.0,170.0,170.0,35.0,8.0,66.0,11.0,15.0,0.0,0.0
66.148,54,129731.0,600.0,121.0,600.0,873.0,0.0,1.0,0.0,0.0,0.5,0.04,0.515,0.67,0.51,0.055,0.527,0.683,0.0,0.0,-1.44,-5.61,-1.01,-0.54,-0.25,0.0,0.0,6.0,0.0,0.0,0.0,1.0,1.0,27.4,30.9,30.1,29.3,27.6,26.6,27.6,26.6,71.0,45.0,88.0,76.0,170.0,111.0,170.0,170.0,35.0,8.0,66.0,11.0,15.0,0.0,1.0
66.18,53,129784.0,600.0,121.0,600.0,873.0,0.0,1.0,0.0,0.0,0.5,0.039,0.507,0.675,0.51,0.054,0.519,0.689,0.0,0.0,-1.57,-5.68,-0.86,-0.54,-0.53,0.0,0.0,6.0,0.0,0.0,0.0,1.0,1.0,27.1,31.7,28.7,27.7,26.3,27.9,26.3,27.9,65.0,47.0,84.0,84.0,170.0,111.0,170.0,170.0,35.0,8.0,66.0,11.0,15.0,0.0,0.0
66.244,55,129839.0,600.0,121.0,600.0,873.0,0.0,1.0,0.0,0.0,0.5,0.039,0.507,0.675,0.51,0.054,0.519,0.689,0.0,0.0,-1.82,-5.47,-1.3,-0.54,0.8,0.0,0.0,6.0,0.0,0.0,0.0,1.0,1.0,27.5,31.2,27.0,27.2,25.0,29.3,25.0,29.3,62.0,50.0,80.0,88.0,170.0,111.0,170.0,170.0,35.0,8.0,66.0,11.0,15.0,0.0,0.0
66.309,52,129891.0,600.0,121.0,600.0,873.0,0.0,1.0,0.0,0.0,0.5,0.039,0.507,0.675,0.51,0.054,0.519,0.689,0.0,0.0,-1.71,-5.52,-1.36,-0.54,2.15,0.0,0.0,6.0,0.0,0.0,0.0,1.0,1.0,27.8,30.9,25.7,26.4,24.6,29.6,24.6,29.6,61.0,50.0,79.0,88.0,170.0,111.0,170.0,170.0,35.0,8.0,66.0,11.0,15.0,0.0,1.0
66.342,54,129945.0,600.0,121.0,600.0,873.0,0.0,1.0,0.0,0.0,0.5,0.039,0.507,0.675,0.51,0.054,0.519,0.689,0.0,0.0,-1.47,-5.63,-1.28,-0.54,2.5,0.0,0.0,6.0,0.0,0.0,0.0,1.0,1.0,28.7,31.2,25.1,26.0,25.8,28.5,25.8,28.5,63.0,48.0,86.0,85.0,170.0,111.0,170.0,170.0,35.0,8.0,66.0,11.0,15.0,0.0,0.0
66.408,53,129998.0,600.0,121.0,600.0,911.0,0.0,1.0,0.0,0.0,0.5,0.039,0.503,0.687,0.511,0.054,0.515,0.7,0.0,0.0,-1.79,-5.74,-1.01,-0.54,1.35,0.0,0.0,6.0,0.0,0.0,0.0,1.0,1.0,29.6,31.4,24.7,25.8,26.2,28.0,26.2,28.0,64.0,47.0,87.0,85.0,170.0,111.0,170.0,170.0,35.0,8.0,66.0,11.0,15.0,0.0,0.0
66.441,53,130051.0,600.0,121.0,600.0,911.0,0.0,1.0,0.0,0.0,0.5,0.039,0.503,0.687,0.511,0.054,0.515,0.7,0.0,0.0,-1.86,-5.68,-1.0,-0.54,0.88,0.0,0.0,6.0,0.0,0.0,0.0,1.0,1.0,30.6,31.3,21.6,26.6,24.9,29.3,24.9,29.3,61.0,50.0,84.0,90.0,170.0,111.0,170.0,170.0,35.0,8.0,66.0,11.0,15.0,0.0,1.0
66.507,52,130103.0,600.0,121.0,600.0,911.0,0.0,1.0,0.0,0.0,0.5,0.039,0.503,0.687,0.511,0.054,0.515,0.7,0.0,0.0,-1.46,-5.53,-1.12,-0.54,2.2,0.0,0.0,6.0,0.0,0.0,0.0,1.0,1.0,30.6,31.3,20.9,27.9,26.2,28.0,26.2,28.0,64.0,47.0,90.0,86.0,170.0,111.0,170.0,170.0,63.0,16.0,80.0,11.0,15.0,0.0,0.0
66.573,55,130158.0,600.0,121.0,600.0,911.0,0.0,1.0,0.0,0.0,0.5,0.039,0.503,0.687,0.511,0.054,0.515,0.7,0.0,0.0,-1.42,-5.65,-0.92,-0.54,0.88,0.0,0.0,6.0,0.0,0.0,0.0,1.0,1.0,32.8,31.8,22.7,29.3,26.9,27.3,26.9,27.3,65.0,46.0,93.0,83.0,170.0,111.0,170.0,170.0,63.0,16.0,80.0,25.0,15.0,0.0,0.0
66.605,53,130211.0,600.0,121.0,600.0,827.0,0.0,1.0,0.0,0.0,0.5,0.039,0.502,0.67,0.51,0.054,0.512,0.687,0.0,0.0,-1.54,-5.67,-0.87,-0.54,0.21,0.0,0.0,6.0,0.0,0.0,0.0,1.0,1.0,33.4,32.3,23.9,30.1,25.9,28.4,25.9,28.4,62.0,48.0,91.0,85.0,170.0,111.0,170.0,170.0,63.0,16.0,80.0,25.0,15.0,0.0,0.0
66.676,55,130266.0,600.0,121.0,600.0,827.0,0.0,1.0,0.0,0.0,0.5,0.039,0.502,0.67,0.51,0.054,0.512,0.687,0.0,0.0,-1.76,-5.65,-0.87,-0.54,1.24,0.0,0.0,6.0,0.0,0.0,0.0,1.0,1.0,32.9,32.1,24.7,31.4,26.1,28.1,26.1,28.1,63.0,47.0,92.0,83.0,170.0,111.0,170.0,170.0,63.0,16.0,80.0,25.0,15.0,0.0,1.0
66.708,53,130319.0,600.0,121.0,600.0,827.0,0.0,1.0,0.0,0.0,0.5,0.039,0.502,0.67,0.51,0.054,0.512,0.687,0.0,0.0,-1.39,-5.54,-1.05,-0.54,1.01,0.0,0.0,6.0,0.0,0.0,0.0,1.0,1.0,32.2,32.1,30.4,34.0,27.5,26.8,27.5,26.8,66.0,45.0,93.0,75.0,170.0,111.0,170.0,170.0,63.0,16.0,80.0,25.0,15.0,0.0,0.0
66.774,53,130372.0,600.0,121.0,600.0,827.0,0.0,1.0,0.0,0.0,0.5,0.039,0.502,0.67,0.51,0.054,0.512,0.687,0.0,0.0,-1.29,-5.6,-0.91,-0.54,-0.34,0.0,0.0,6.0,0.0,0.0,0.0,1.0,1.0,32.2,32.8,34.5,38.3,27.8,26.5,27.8,26.5,67.0,44.0,90.0,73.0,170.0,111.0,170.0,170.0,63.0,16.0,80.0,25.0,15.0,0.0,0.0
66.807,36,130408.0,600.0,121.0,600.0,827.0,0.0,1.0,0.0,0.0,0.5,0.039,0.501,0.662,0.51,0.054,0.511,0.678,0.0,0.0,-1.47,-5.62,-0.78,-0.54,-0.63,0.0,0.0,6.0,0.0,0.0,0.0,1.0,1.0,32.5,33.4,36.0,38.6,26.9,27.3,26.9,27.3,65.0,46.0,85.0,76.0,170.0,111.0,170.0,170.0,63.0,16.0,80.0,25.0,15.0,0.0,1.0
66.905,100,130508.0,600.0,122.0,600.0,827.0,0.0,1.0,0.0,0.0,0.5,0.039,0.501,0.662,0.51,0.054,0.511,0.678,0.0,0.0,-1.85,-5.48,-0.97,-0.54,0.87,0.0,0.0,6.0,0.0,0.0,0.0,1.0,1.0,31.3,33.2,33.3,41.0,24.3,30.0,24.3,30.0,59.0,50.0,77.0,82.0,170.0,111.0,170.0,170.0,63.0,16.0,80.0,25.0,15.0,0.0,1.0
66.971,54,130562.0,600.0,122.0,600.0,827.0,0.0,1.0,0.0,0.0,0.5,0.039,0.501,0.662,0.51,0.054,0.511,0.678,0.0,0.0,-1.48,-5.4,-1.2,-0.54,2.84,0.0,0.0,6.0,0.0,0.0,0.0,1.0,1.0,30.2,32.7,33.1,41.4,23.0,31.2,23.0,31.2,56.0,52.0,73.0,86.0,170.0,111.0,170.0,170.0,63.0,16.0,80.0,25.0,15.0,0.0,0.0
67.004,36,130598.0,600.0,122.0,600.0,729.0,0.0,1.0,0.0,0.0,0.5,0.039,0.5,0.627,0.51,0.054,0.51,0.647,0.0,0.0,-1.34,-5.5,-1.33,-0.54,4.09,0.0,0.0,6.0,0.0,0.0,0.0,1.0,1.0,28.8,31.8,32.4,38.4,23.5,30.7,23.5,30.7,58.0,52.0,75.0,85.0,170.0,111.0,170.0,170.0,63.0,16.0,80.0,25.0,15.0,0.0,1.0
67.102,100,130698.0,600.0,123.0,600.0,729.0,0.0,1.0,0.0,0.0,0.5,0.039,0.5,0.627,0.51,0.054,0.51,0.647,0.0,0.0,-1.81,-5.52,-1.33,-0.54,3.57,0.0,0.0,6.0,0.0,0.0,0.0,1.0,1.0,28.8,30.4,30.1,33.4,25.7,28.6,25.7,28.6,67.0,49.0,82.0,80.0,170.0,111.0,170.0,170.0,23.0,24.0,58.0,17.0,15.0,0.0,0.0
67.166,54,130752.0,600.0,123.0,600.0,729.0,0.0,1.0,0.0,0.0,0.5,0.039,0.5,0.627,0.51,0.054,0.51,0.647,0.0,0.0,-1.92,-5.43,-1.12,-0.54,1.46,0.0,0.0,6.0,0.0,0.0,0.0,1.0,1.0,24.7,30.4,28.7,31.9,26.1,28.2,26.1,28.2,68.0,48.0,84.0,80.0,170.0,111.0,170.0,170.0,23.0,24.0,58.0,17.0,15.0,0.0,0.0
67.197,36,130788.0,600.0,123.0,600.0,729.0,0.0,1.0,0.0,0.0,0.5,0.04,0.5,0.61,0.51,0.054,0.51,0.628,0.0,0.0,-1.58,-5.36,-1.06,-0.54,1.04,0.0,0.0,6.0,0.0,0.0,0.0,1.0,1.0,24.7,30.4,27.3,30.7,26.4,27.9,26.4,27.9,68.0,47.0,85.0,79.0,170.0,111.0,170.0,170.0,23.0,24.0,58.0,17.0,15.0,0.0,1.0
67.299,98,130886.0,600.0,124.0,600.0,729.0,0.0,1.0,0.0,0.0,0.5,0.04,0.5,0.61,0.51,0.054,0.51,0.628,0.0,0.0,-1.57,-5.49,-0.98,-0.54,0.73,0.0,0.0,6.0,0.0,0.0,0.0,1.0,1.0,24.9,30.6,26.7,29.5,26.6,27.7,26.6,27.7,69.0,47.0,86.0,79.0,170.0,111.0,170.0,170.0,23.0,24.0,58.0,17.0,15.0,0.0,1.0
67.332,54,130940.0,600.0,124.0,600.0,729.0,0.0,1.0,0.0,0.0,0.5,0.04,0.5,0.61,0.51,0.054,0.51,0.628,0.0,0.0,-1.99,-5.58,-0.78,-0.54,0.79,0.0,0.0,6.0,0.0,0.0,0.0,1.0,1.0,25.4,31.3,24.1,27.6,27.1,27.2,27.1,27.2,70.0,46.0,90.0,78.0,170.0,111.0,170.0,170.0,23.0,24.0,58.0,17.0,15.0,0.0,0.0
67.365,36,130976.0,600.0,124.0,600.0,600.0,0.0,1.0,0.0,0.0,0.5,0.04,0.5,0.551,0.509,0.055,0.509,0.575,0.0,0.0,-1.87,-5.61,-0.76,-0.54,0.05,0.0,0.0,6.0,0.0,0.0,0.0,1.0,1.0,26.0,31.8,22.9,27.4,26.6,27.7,26.6,27.7,69.0,47.0,90.0,83.0,170.0,111.0,170.0,170.0,23.0,24.0,58.0,17.0,15.0,0.0,1.0
67.509,99,131075.0,600.0,125.0,600.0,600.0,0.0,1.0,0.0,0.0,0.5,0.04,0.5,0.551,0.509,0.055,0.509,0.575,0.0,0.0,-1.41,-5.46,-0.83,-0.54,0.56,0.0,0.0,6.0,0.0,0.0,0.0,1.0,1.0,27.7,32.1,21.8,27.9,26.7,27.5,26.7,27.5,69.0,46.0,94.0,79.0,170.0,111.0,170.0,170.0,23.0,24.0,58.0,17.0,15.0,0.0,1.0
67.543,54,131129.0,600.0,125.0,600.0,600.0,0.0,1.0,0.0,0.0,0.5,0.04,0.5,0.551,0.509,0.055,0.509,0.575,0.0,0.0,-1.74,-5.52,-0.86,-0.54,0.37,0.0,0.0,6.0,0.0,0.0,0.0,1.0,1.0,27.7,32.1,21.9,28.4,27.7,26.6,27.7,26.6,71.0,45.0,100.0,76.0,170.0,111.0,170.0,170.0,53.0,18.0,42.0,17.0,15.0,0.0,0.0
67.576,37,131166.0,600.0,125.0,600.0,600.0,0.0,1.0,0.0,0.0,0.5,0.041,0.5,0.524,0.508,0.056,0.508,0.543,0.0,0.0,-1.96,-5.55,-0.83,-0.54,-0.54,0.0,0.0,6.0,0.0,0.0,0.0,1.0,1.0,30.2,32.0,19.4,29.2,26.9,27.4,26.9,27.4,68.0,46.0,100.0,78.0,170.0,111.0,170.0,170.0,53.0,18.0,42.0,21.0,15.0,0.0,1.0
67.674,101,131267.0,600.0,124.0,600.0,600.0,0.0,1.0,0.0,0.0,0.5,0.041,0.5,0.524,0.508,0.056,0.508,0.543,0.0,0.0,-1.41,-5.48,-0.77,-0.54,0.89,0.0,0.0,6.0,0.0,0.0,0.0,1.0,1.0,33.8,33.5,19.5,30.5,25.4,28.9,24.2,30.0,60.0,50.0,95.0,85.0,170.0,111.0,170.0,170.0,53.0,18.0,42.0,21.0,15.0,0.0,1.0
67.74,54,131321.0,600.0,124.0,600.0,600.0,0.0,1.0,0.0,0.0,0.5,0.041,0.5,0.524,0.508,0.056,0.508,0.543,0.0,0.0,-1.8,-5.49,-1.25,-0.54,2.89,0.0,0.0,6.0,0.0,0.0,0.0,1.0,1.0,34.3,32.6,24.4,31.3,23.8,30.4,23.8,30.4,59.0,51.0,93.0,86.0,170.0,111.0,170.0,170.0,53.0,18.0,42.0,21.0,15.0,0.0,0.0
67.773,36,131357.0,600.0,124.0,600.0,600.0,0.0,1.0,0.0,0.0,0.5,0.041,0.5,0.511,0.508,0.056,0.508,0.528,0.0,0.0,-1.82,-5.55,-1.24,-0.54,3.3,0.0,0.0,6.0,0.0,0.0,0.0,1.0,1.0,33.5,32.6,29.2,29.3,24.7,29.6,24.7,29.6,62.0,50.0,93.0,88.0,170.0,111.0,170.0,170.0,53.0,18.0,42.0,21.0,15.0,0.0,1.0
67.868,97,131454.0,600.0,123.0,600.0,600.0,0.0,1.0,0.0,0.0,0.5,0.041,0.5,0.511,0.508,0.056,0.508,0.528,0.0,0.0,-1.58,-5.49,-0.98,-0.54,1.8,0.0,0.0,6.0,0.0,0.0,0.0,1.0,1.0,31.3,32.5,38.7,35.1,24.7,29.5,24.7,29.5,62.0,50.0,81.0,82.0,170.0,111.0,170.0,170.0,53.0,18.0,42.0,21.0,15.0,0.0,1.0
67.901,55,131509.0,600.0,123.0,600.0,600.0,0.0,1.0,0.0,0.0,0.5,0.041,0.5,0.511,0.508,0.056,0.508,0.528,0.0,0.0,-1.57,-5.34,-1.08,-0.54,2.4,0.0,0.0,6.0,0.0,0.0,0.0,1.0,1.0,31.3,31.4,39.1,34.2,26.1,28.1,26.1,28.1,66.0,48.0,85.0,78.0,170.0,111.0,170.0,170.0,53.0,18.0,42.0,21.0,15.0,0.0,0.0
67.933,36,131545.0,600.0,123.0,600.0,600.0,0.0,1.0,0.0,0.0,0.5,0.041,0.5,0.505,0.508,0.055,0.508,0.521,0.0,0.0,-1.63,-5.39,-1.01,-0.54,1.0,0.0,0.0,6.0,0.0,0.0,0.0,1.0,1.0,30.0,31.0,37.9,32.7,26.9,27.3,26.9,27.3,68.0,46.0,88.0,76.0,170.0,111.0,170.0,170.0,53.0,18.0,42.0,21.0,15.0,0.0,1.0
68.066,101,131646.0,600.0,123.0,600.0,600.0,0.0,1.0,0.0,0.0,0.5,0.041,0.5,0.505,0.508,0.055,0.508,0.521,0.0,0.0,-1.62,-5.52,-0.74,-0.54,0.01,0.0,0.0,6.0,0.0,0.0,0.0,1.0,1.0,29.0,32.6,36.2,30.4,25.1,29.1,25.1,29.1,63.0,49.0,81.0,82.0,170.0,111.0,170.0,170.0,21.0,10.0,78.0,21.0,15.0,0.0,1.0
68.099,55,131701.0,600.0,123.0,600.0,600.0,0.0,1.0,0.0,0.0,0.5,0.041,0.5,0.505,0.508,0.055,0.508,0.521,0.0,0.0,-1.6,-5.41,-1.38,-0.54,1.98,0.0,0.0,6.0,0.0,0.0,0.0,1.0,1.0,26.7,30.9,31.6,28.1,23.8,30.5,23.8,30.5,59.0,52.0,74.0,91.0,170.0,111.0,170.0,170.0,21.0,10.0,78.0,9.0,15.0,0.0,1.0
68.131,36,131737.0,600.0,123.0,600.0,600.0,0.0,1.0,0.0,0.0,0.5,0.041,0.5,0.502,0.508,0.055,0.508,0.517,0.0,0.0,-1.57,-5.45,-1.38,-0.54,3.33,0.0,0.0,6.0,0.0,0.0,0.0,1.0,1.0,26.2,30.4,30.1,27.7,24.2,30.0,24.2,30.0,60.0,51.0,76.0,89.0,170.0,111.0,170.0,170.0,21.0,10.0,78.0,9.0,15.0,0.0,1.0
68.23,99,131836.0,600.0,122.0,600.0,600.0,0.0,1.0,0.0,0.0,0.5,0.041,0.5,0.502,0.508,0.055,0.508,0.517,0.0,0.0,-1.63,-5.51,-1.39,-0.54,2.89,0.0,0.0,6.0,0.0,0.0,0.0,1.0,1.0,25.6,31.0,28.7,25.4,26.1,28.1,26.1,28.1,68.0,48.0,82.0,85.0,170.0,111.0,170.0,170.0,21.0,10.0,78.0,9.0,15.0,0.0,1.0
68.296,54,131890.0,600.0,122.0,600.0,600.0,0.0,1.0,0.0,0.0,0.5,0.041,0.5,0.502,0.508,0.055,0.508,0.517,0.0,0.0,-1.63,-5.57,-1.01,-0.54,1.01,0.0,0.0,6.0,0.0,0.0,0.0,1.0,1.0,25.6,30.7,27.6,25.0,26.5,27.8,26.5,27.8,69.0,47.0,83.0,85.0,170.0,111.0,170.0,170.0,21.0,10.0,78.0,9.0,15.0,0.0,0.0
68.329,37,131927.0,600.0,122.0,600.0,600.0,0.0,1.0,0.0,0.0,0.5,0.04,0.5,0.501,0.508,0.055,0.508,0.516,0.0,0.0,-1.48,-5.54,-0.93,-0.54,0.66,0.0,0.0,6.0,0.0,0.0,0.0,1.0,1.0,26.0,30.3,26.1,25.3,19.7,20.7,19.7,20.7,48.0,33.0,61.0,64.0,170.0,111.0,170.0,170.0,21.0,10.0,78.0,9.0,15.0,0.0,1.0
68.426,100,132027.0,600.0,123.0,600.0,600.0,0.0,1.0,0.0,0.0,0.5,0.04,0.5,0.501,0.508,0.055,0.508,0.516,0.0,0.0,-1.64,-5.52,-0.84,-0.54,-0.09,0.0,0.0,0.0,0.0,0.0,0.0,1.0,1.0,26.2,29.1,22.6,24.8,0.0,0.0,0.0,0.0,0.0,0.0,0.0,0.0,170.0,111.0,170.0,170.0,21.0,10.0,78.0,9.0,15.0,0.0,1.0
68.496,54,132081.0,600.0,123.0,600.0,600.0,0.0,1.0,0.0,0.0,0.5,0.04,0.5,0.501,0.508,0.055,0.508,0.516,0.0,0.0,-1.67,-5.65,-0.54,-0.54,0.0,0.0,0.0,0.0,0.0,0.0,0.0,1.0,1.0,23.6,28.1,20.1,20.9,0.0,0.0,0.0,0.0,0.0,0.0,0.0,0.0,170.0,111.0,170.0,170.0,21.0,10.0,78.0,9.0,15.0,0.0,0.0
68.527,35,132116.0,600.0,123.0,600.0,600.0,0.0,1.0,0.0,0.0,0.5,0.04,0.5,0.501,0.508,0.055,0.508,0.515,0.0,0.0,-1.63,-5.65,-0.55,-0.54,0.0,0.0,0.0,0.0,0.0,0.0,0.0,1.0,1.0,21.6,24.3,18.2,18.8,0.0,0.0,0.0,0.0,0.0,0.0,0.0,0.0,170.0,111.0,170.0,170.0,21.0,10.0,78.0,9.0,15.0,0.0,1.0
68.624,99,132215.0,600.0,124.0,600.0,600.0,0.0,1.0,0.0,0.0,0.5,0.04,0.5,0.501,0.508,0.055,0.508,0.515,0.0,0.0,-1.62,-5.62,-0.53,-0.54,0.0,0.0,0.0,0.0,0.0,0.0,0.0,1.0,1.0,19.0,18.9,13.7,14.5,0.0,0.0,0.0,0.0,0.0,0.0,0.0,0.0,170.0,111.0,170.0,170.0,25.0,18.0,36.0,55.0,15.0,0.0,1.0
68.661,54,132269.0,600.0,124.0,600.0,600.0,0.0,1.0,0.0,0.0,0.5,0.04,0.5,0.501,0.508,0.055,0.508,0.515,0.0,0.0,-1.65,-5.65,-0.6,-0.54,0.0,0.0,0.0,0.0,0.0,0.0,0.0,1.0,1.0,15.0,16.9,12.1,12.8,0.0,0.0,0.0,0.0,0.0,0.0,0.0,0.0,170.0,111.0,170.0,170.0,25.0,18.0,36.0,55.0,15.0,0.0,0.0
68.694,35,132304.0,600.0,124.0,600.0,600.0,0.0,1.0,0.0,0.0,0.5,0.041,0.5,0.5,0.508,0.055,0.508,0.515,0.0,0.0,-1.64,-5.65,-0.57,-0.54,0.0,0.0,0.0,0.0,0.0,0.0,0.0,1.0,1.0,11.6,13.0,9.5,9.9,0.0,0.0,0.0,0.0,0.0,0.0,0.0,0.0,170.0,111.0,170.0,170.0,25.0,18.0,36.0,55.0,15.0,0.0,1.0
68.824,102,132406.0,600.0,126.0,600.0,600.0,0.0,1.0,0.0,0.0,0.5,0.041,0.5,0.5,0.508,0.055,0.508,0.515,0.0,0.0,-1.63,-5.65,-0.58,-0.54,0.0,0.0,0.0,0.0,0.0,0.0,0.0,1.0,1.0,7.9,9.0,6.0,6.7,0.0,0.0,0.0,0.0,0.0,0.0,0.0,0.0,170.0,111.0,170.0,170.0,25.0,18.0,36.0,55.0,15.0,0.0,1.0
68.858,53,132459.0,600.0,126.0,600.0,600.0,0.0,1.0,0.0,0.0,0.5,0.041,0.5,0.5,0.508,0.055,0.508,0.515,0.0,0.0,-1.61,-5.65,-0.58,-0.54,0.0,0.0,0.0,0.0,0.0,0.0,0.0,1.0,1.0,7.0,7.9,5.4,5.9,0.0,0.0,0.0,0.0,0.0,0.0,0.0,0.0,170.0,111.0,170.0,170.0,25.0,18.0,36.0,55.0,15.0,0.0,0.0
68.89,36,132495.0,600.0,126.0,600.0,600.0,0.0,1.0,0.0,0.0,0.5,0.041,0.5,0.5,0.508,0.056,0.508,0.515,0.0,0.0,-1.61,-5.65,-0.58,-0.54,0.0,0.0,0.0,0.0,0.0,0.0,0.0,1.0,1.0,6.1,7.0,4.7,5.2,0.0,0.0,0.0,0.0,0.0,0.0,0.0,0.0,170.0,111.0,170.0,170.0,25.0,18.0,36.0,55.0,15.0,0.0,1.0
68.987,98,132593.0,600.0,124.0,600.0,600.0,0.0,1.0,0.0,0.0,0.5,0.041,0.5,0.5,0.508,0.056,0.508,0.515,0.0,0.0,-1.6,-5.66,-0.58,-0.54,0.0,0.0,0.0,0.0,0.0,0.0,0.0,1.0,1.0,4.7,5.4,3.6,4.0,0.0,0.0,0.0,0.0,0.0,0.0,0.0,0.0,170.0,111.0,170.0,170.0,25.0,18.0,36.0,55.0,15.0,0.0,1.0
69.053,53,132646.0,600.0,124.0,600.0,600.0,0.0,1.0,0.0,0.0,0.5,0.041,0.5,0.5,0.508,0.056,0.508,0.515,0.0,0.0,-1.6,-5.66,-0.58,-0.54,0.0,0.0,0.0,0.0,0.0,0.0,0.0,1.0,1.0,4.2,4.7,3.2,3.5,0.0,0.0,0.0,0.0,0.0,0.0,0.0,0.0,170.0,111.0,170.0,170.0,25.0,18.0,36.0,55.0,15.0,0.0,0.0
69.086,35,132681.0,600.0,124.0,600.0,600.0,0.0,1.0,0.0,0.0,0.5,0.041,0.5,0.5,0.508,0.056,0.508,0.515,0.0,0.0,-1.58,-5.66,-0.58,-0.54,0.0,0.0,0.0,0.0,0.0,0.0,0.0,1.0,1.0,3.7,4.2,2.8,3.1,0.0,0.0,0.0,0.0,0.0,0.0,0.0,0.0,170.0,111.0,170.0,170.0,25.0,18.0,36.0,55.0,15.0,0.0,1.0
69.184,100,132781.0,600.0,124.0,600.0,600.0,0.0,1.0,0.0,0.0,0.5,0.041,0.5,0.5,0.508,0.056,0.508,0.515,0.0,0.0,-1.57,-5.65,-0.58,-0.54,0.0,0.0,0.0,0.0,0.0,0.0,0.0,1.0,1.0,2.5,2.8,1.9,2.1,0.0,0.0,0.0,0.0,0.0,0.0,0.0,0.0,170.0,111.0,170.0,170.0,25.0,18.0,36.0,55.0,15.0,0.0,1.0
69.256,53,132834.0,600.0,124.0,600.0,600.0,0.0,1.0,0.0,0.0,0.5,0.041,0.5,0.5,0.508,0.056,0.508,0.515,0.0,0.0,-1.56,-5.65,-0.58,-0.54,0.0,0.0,0.0,0.0,0.0,0.0,0.0,1.0,1.0,2.2,2.5,1.7,1.9,0.0,0.0,0.0,0.0,0.0,0.0,0.0,0.0,170.0,111.0,170.0,170.0,25.0,18.0,36.0,55.0,15.0,0.0,1.0
69.289,35,132869.0,600.0,124.0,600.0,600.0,0.0,1.0,0.0,0.0,0.5,0.041,0.5,0.5,0.508,0.056,0.508,0.515,0.0,0.0,-1.55,-5.65,-0.58,-0.54,0.0,0.0,0.0,0.0,0.0,0.0,0.0,1.0,1.0,2.2,2.2,1.5,1.6,0.0,0.0,0.0,0.0,0.0,0.0,0.0,0.0,170.0,111.0,170.0,170.0,25.0,18.0,36.0,55.0,15.0,0.0,1.0
69.384,96,132965.0,600.0,123.0,600.0,600.0,0.0,1.0,0.0,0.0,0.5,0.041,0.5,0.5,0.508,0.056,0.508,0.515,0.0,0.0,-1.55,-5.64,-0.59,-0.54,0.0,0.0,0.0,0.0,0.0,0.0,0.0,1.0,1.0,1.7,1.7,1.1,1.3,0.0,0.0,0.0,0.0,0.0,0.0,0.0,0.0,170.0,111.0,170.0,170.0,25.0,18.0,36.0,55.0,15.0,0.0,0.0
69.416,53,133018.0,600.0,123.0,600.0,600.0,0.0,1.0,0.0,0.0,0.5,0.041,0.5,0.5,0.508,0.056,0.508,0.515,0.0,0.0,-1.53,-5.64,-0.59,-0.54,0.0,0.0,0.0,0.0,0.0,0.0,0.0,1.0,1.0,1.3,1.5,1.0,1.1,0.0,0.0,0.0,0.0,0.0,0.0,0.0,0.0,170.0,111.0,170.0,170.0,25.0,18.0,36.0,55.0,15.0,0.0,0.0
69.451,35,133053.0,600.0,123.0,600.0,600.0,0.0,1.0,0.0,0.0,0.5,0.041,0.5,0.5,0.508,0.055,0.508,0.515,0.0,0.0,-1.53,-5.65,-0.59,-0.54,0.0,0.0,0.0,0.0,0.0,0.0,0.0,1.0,1.0,1.2,1.3,0.9,1.0,0.0,0.0,0.0,0.0,0.0,0.0,0.0,0.0,170.0,111.0,170.0,170.0,25.0,18.0,36.0,55.0,15.0,0.0,1.0
69.549,96,133149.0,600.0,123.0,600.0,600.0,0.0,1.0,0.0,0.0,0.5,0.041,0.5,0.5,0.508,0.055,0.508,0.515,0.0,0.0,-1.51,-5.65,-0.59,-0.54,0.0,0.0,0.0,0.0,0.0,0.0,0.0,1.0,1.0,1.0,1.1,0.8,0.9,0.0,0.0,0.0,0.0,0.0,0.0,0.0,0.0,170.0,111.0,170.0,170.0,25.0,18.0,36.0,55.0,15.0,0.0,0.0
69.615,55,133204.0,600.0,123.0,600.0,600.0,0.0,1.0,0.0,0.0,0.5,0.041,0.5,0.5,0.508,0.055,0.508,0.515,0.0,0.0,-1.5,-5.65,-0.59,-0.54,0.0,0.0,0.0,0.0,0.0,0.0,0.0,1.0,1.0,0.8,0.9,0.6,0.7,0.0,0.0,0.0,0.0,0.0,0.0,0.0,0.0,170.0,111.0,170.0,170.0,25.0,18.0,36.0,55.0,15.0,0.0,0.0
69.656,35,133239.0,600.0,123.0,600.0,600.0,0.0,1.0,0.0,0.0,0.5,0.04,0.5,0.5,0.508,0.055,0.508,0.515,0.0,0.0,-1.49,-5.65,-0.59,-0.54,0.0,0.0,0.0,0.0,0.0,0.0,0.0,1.0,1.0,0.7,0.8,0.6,0.6,0.0,0.0,0.0,0.0,0.0,0.0,0.0,0.0,170.0,111.0,170.0,170.0,25.0,18.0,36.0,55.0,15.0,0.0,1.0
69.754,98,133337.0,600.0,122.0,600.0,600.0,0.0,1.0,0.0,0.0,0.5,0.04,0.5,0.5,0.508,0.055,0.508,0.515,0.0,0.0,-1.48,-5.65,-0.6,-0.54,0.0,0.0,0.0,0.0,0.0,0.0,0.0,1.0,1.0,0.5,0.5,0.4,0.4,0.0,0.0,0.0,0.0,0.0,0.0,0.0,0.0,170.0,111.0,170.0,170.0,25.0,18.0,36.0,55.0,15.0,0.0,0.0
69.787,53,133390.0,600.0,122.0,600.0,600.0,0.0,1.0,0.0,0.0,0.5,0.04,0.5,0.5,0.508,0.055,0.508,0.515,0.0,0.0,-1.47,-5.65,-0.59,-0.54,0.0,0.0,0.0,0.0,0.0,0.0,0.0,1.0,1.0,0.5,0.5,0.4,0.4,0.0,0.0,0.0,0.0,0.0,0.0,0.0,0.0,170.0,111.0,170.0,170.0,25.0,18.0,36.0,55.0,15.0,0.0,0.0
69.819,36,133426.0,600.0,122.0,600.0,600.0,0.0,1.0,0.0,0.0,0.5,0.04,0.5,0.5,0.508,0.055,0.508,0.515,0.0,0.0,-1.45,-5.65,-0.59,-0.54,0.0,0.0,0.0,0.0,0.0,0.0,0.0,1.0,1.0,0.4,0.4,0.2,0.3,0.0,0.0,0.0,0.0,0.0,0.0,0.0,0.0,170.0,111.0,170.0,170.0,25.0,18.0,36.0,55.0,15.0,0.0,1.0
69.917,100,133526.0,600.0,123.0,600.0,600.0,0.0,1.0,0.0,0.0,0.5,0.04,0.5,0.5,0.508,0.055,0.508,0.515,0.0,0.0,-1.44,-5.65,-0.59,-0.54,0.0,0.0,0.0,0.0,0.0,0.0,0.0,1.0,1.0,0.3,0.3,0.3,0.2,0.0,0.0,0.0,0.0,0.0,0.0,0.0,0.0,170.0,111.0,170.0,170.0,25.0,18.0,36.0,55.0,15.0,0.0,1.0
69.982,53,133579.0,600.0,123.0,600.0,600.0,0.0,1.0,0.0,0.0,0.5,0.04,0.5,0.5,0.508,0.055,0.508,0.515,0.0,0.0,-1.44,-5.65,-0.59,-0.54,0.0,0.0,0.0,0.0,0.0,0.0,0.0,1.0,1.0,0.3,0.3,0.3,0.2,0.0,0.0,0.0,0.0,0.0,0.0,0.0,0.0,170.0,111.0,170.0,170.0,25.0,18.0,36.0,55.0,15.0,0.0,0.0
70.015,37,133616.0,600.0,123.0,600.0,600.0,0.0,1.0,0.0,0.0,0.5,0.04,0.5,0.5,0.508,0.055,0.508,0.515,0.0,0.0,-1.44,-5.65,-0.59,-0.54,0.0,0.0,0.0,0.0,0.0,0.0,0.0,1.0,1.0,0.2,0.2,0.2,0.2,0.0,0.0,0.0,0.0,0.0,0.0,0.0,0.0,170.0,111.0,170.0,170.0,25.0,18.0,36.0,55.0,15.0,0.0,1.0
70.117,96,133712.0,600.0,124.0,600.0,600.0,0.0,1.0,0.0,0.0,0.5,0.04,0.5,0.5,0.508,0.055,0.508,0.515,0.0,0.0,-1.42,-5.65,-0.59,-0.54,0.0,0.0,0.0,0.0,0.0,0.0,0.0,1.0,1.0,0.2,0.2,0.2,0.2,0.0,0.0,0.0,0.0,0.0,0.0,0.0,0.0,170.0,111.0,170.0,170.0,25.0,18.0,36.0,55.0,15.0,0.0,0.0
70.181,53,133765.0,600.0,124.0,600.0,600.0,0.0,1.0,0.0,0.0,0.5,0.04,0.5,0.5,0.508,0.055,0.508,0.515,0.0,0.0,-1.41,-5.65,-0.59,-0.54,0.0,0.0,0.0,0.0,0.0,0.0,0.0,1.0,1.0,0.2,0.2,0.1,0.1,0.0,0.0,0.0,0.0,0.0,0.0,0.0,0.0,170.0,111.0,170.0,170.0,25.0,18.0,36.0,55.0,15.0,0.0,1.0
70.213,35,133800.0,600.0,124.0,600.0,600.0,0.0,1.0,0.0,0.0,0.5,0.041,0.5,0.5,0.508,0.055,0.508,0.515,0.0,0.0,-1.41,-5.65,-0.59,-0.54,0.0,0.0,0.0,0.0,0.0,0.0,0.0,1.0,1.0,0.2,0.1,0.1,0.1,0.0,0.0,0.0,0.0,0.0,0.0,0.0,0.0,170.0,111.0,170.0,170.0,25.0,18.0,36.0,55.0,15.0,0.0,1.0
70.311,97,133897.0,600.0,124.0,600.0,600.0,0.0,1.0,0.0,0.0,0.5,0.041,0.5,0.5,0.508,0.055,0.508,0.515,0.0,0.0,-1.4,-5.65,-0.59,-0.54,0.0,0.0,0.0,0.0,0.0,0.0,0.0,1.0,1.0,0.1,0.1,0.1,0.1,0.0,0.0,0.0,0.0,0.0,0.0,0.0,0.0,170.0,111.0,170.0,170.0,25.0,18.0,36.0,55.0,15.0,0.0,0.0
70.342,53,133950.0,600.0,124.0,600.0,600.0,0.0,1.0,0.0,0.0,0.5,0.041,0.5,0.5,0.508,0.055,0.508,0.515,0.0,0.0,-1.4,-5.64,-0.6,-0.54,0.0,0.0,0.0,0.0,0.0,0.0,0.0,1.0,1.0,0.1,0.1,0.1,0.1,0.0,0.0,0.0,0.0,0.0,0.0,0.0,0.0,170.0,111.0,170.0,170.0,25.0,18.0,36.0,55.0,15.0,0.0,1.0
70.374,36,133986.0,600.0,124.0,600.0,600.0,0.0,1.0,0.0,0.0,0.5,0.041,0.5,0.5,0.508,0.055,0.508,0.515,0.0,0.0,-1.39,-5.64,-0.6,-0.54,0.0,0.0,0.0,0.0,0.0,0.0,0.0,1.0,1.0,0.1,0.1,0.1,0.1,0.0,0.0,0.0,0.0,0.0,0.0,0.0,0.0,170.0,111.0,170.0,170.0,25.0,18.0,36.0,55.0,15.0,0.0,1.0
70.478,100,134086.0,600.0,124.0,600.0,600.0,0.0,1.0,0.0,0.0,0.5,0.041,0.5,0.5,0.508,0.055,0.508,0.515,0.0,0.0,-1.39,-5.64,-0.6,-0.54,0.22,0.0,0.0,6.0,0.0,0.0,0.0,1.0,1.0,0.1,0.0,0.1,0.1,3.9,4.3,3.9,7.7,27.0,23.0,33.0,32.0,170.0,111.0,170.0,170.0,25.0,18.0,36.0,55.0,15.0,0.0,0.0
70.544,54,134140.0,600.0,124.0,600.0,600.0,0.0,1.0,0.0,0.0,0.5,0.041,0.5,0.5,0.508,0.055,0.508,0.515,0.0,0.0,-1.39,-5.64,-0.61,-0.54,0.24,0.0,0.0,6.0,0.0,0.0,0.0,1.0,1.0,0.1,0.0,0.1,0.1,11.0,11.5,11.0,11.5,35.0,29.0,43.0,42.0,170.0,111.0,170.0,170.0,25.0,18.0,36.0,55.0,15.0,0.0,0.0
70.577,36,134176.0,600.0,124.0,600.0,600.0,0.0,1.0,0.0,0.0,0.5,0.041,0.5,0.5,0.508,0.056,0.508,0.515,0.0,0.0,-1.38,-5.64,-0.61,-0.54,0.27,0.0,0.0,6.0,0.0,0.0,0.0,1.0,1.0,0.1,0.1,0.0,0.0,13.6,14.1,13.6,14.1,41.0,32.0,51.0,48.0,170.0,111.0,170.0,170.0,25.0,18.0,36.0,55.0,15.0,0.0,1.0
70.672,97,134273.0,600.0,124.0,600.0,600.0,0.0,1.0,0.0,0.0,0.5,0.041,0.5,0.5,0.508,0.056,0.508,0.515,0.0,0.0,-1.38,-5.64,-0.61,-0.54,0.26,0.0,0.0,6.0,0.0,0.0,0.0,1.0,1.0,0.0,0.1,0.0,0.0,17.4,17.9,20.9,21.4,57.0,43.0,72.0,67.0,170.0,111.0,170.0,170.0,25.0,18.0,36.0,55.0,15.0,0.0,0.0
70.735,54,134327.0,600.0,124.0,600.0,600.0,0.0,1.0,0.0,0.0,0.5,0.041,0.5,0.5,0.508,0.056,0.508,0.515,0.0,0.0,-1.38,-5.64,-0.61,-0.54,0.27,0.0,0.0,6.0,0.0,0.0,0.0,1.0,1.0,0.0,0.1,-0.0,-0.0,24.4,25.0,24.4,25.0,64.0,48.0,82.0,76.0,170.0,111.0,170.0,170.0,25.0,18.0,36.0,55.0,15.0,0.0,0.0
70.767,36,134363.0,600.0,124.0,600.0,600.0,0.0,1.0,0.0,0.0,0.5,0.041,0.5,0.5,0.508,0.056,0.508,0.515,0.0,0.0,-1.37,-5.64,-0.61,-0.54,0.26,0.0,0.0,6.0,0.0,0.0,0.0,1.0,1.0,0.0,0.0,-0.0,1.2,26.9,27.3,26.9,27.3,70.0,51.0,89.0,83.0,170.0,111.0,170.0,170.0,25.0,18.0,36.0,55.0,15.0,0.0,1.0
70.864,101,134464.0,600.0,124.0,600.0,600.0,0.0,1.0,0.0,0.0,0.5,0.041,0.5,0.5,0.508,0.056,0.508,0.515,0.0,0.0,-1.39,-5.64,-0.58,-0.54,-0.35,0.0,0.0,6.0,0.0,0.0,0.0,1.0,1.0,0.9,2.9,2.9,2.2,27.8,26.4,27.8,26.4,71.0,50.0,92.0,80.0,170.0,111.0,170.0,170.0,25.0,18.0,36.0,55.0,15.0,0.0,1.0
70.928,53,134517.0,600.0,124.0,600.0,600.0,0.0,1.0,0.0,0.0,0.5,0.041,0.5,0.5,0.508,0.056,0.508,0.515,0.0,0.0,-1.41,-5.62,-0.54,-0.54,-0.68,0.0,0.0,6.0,0.0,0.0,0.0,1.0,1.0,3.1,4.9,3.3,2.6,26.4,27.8,26.4,27.8,69.0,52.0,88.0,84.0,170.0,111.0,170.0,170.0,25.0,18.0,36.0,55.0,15.0,0.0,0.0
70.96,36,134553.0,600.0,124.0,600.0,600.0,0.0,1.0,0.0,0.0,0.5,0.041,0.5,0.5,0.508,0.056,0.508,0.515,0.0,0.0,-1.46,-5.6,-0.62,-0.54,0.69,0.0,0.0,6.0,0.0,0.0,0.0,1.0,1.0,5.6,6.8,3.7,4.4,25.6,28.6,25.6,28.6,67.0,53.0,86.0,86.0,170.0,111.0,170.0,170.0,25.0,18.0,36.0,55.0,15.0,0.0,1.0
71.056,102,134655.0,600.0,124.0,600.0,600.0,0.0,1.0,0.0,0.0,0.5,0.041,0.5,0.5,0.508,0.056,0.508,0.515,0.0,0.0,-1.36,-5.5,-1.15,-0.54,2.17,0.0,0.0,6.0,0.0,0.0,0.0,1.0,1.0,10.9,10.2,4.5,9.5,23.9,30.4,23.9,30.4,63.0,61.0,81.0,90.0,170.0,127.0,170.0,170.0,25.0,18.0,36.0,55.0,15.0,0.0,1.0
71.122,58,134713.0,600.0,124.0,600.0,600.0,0.0,1.0,0.0,0.0,0.5,0.041,0.5,0.5,0.508,0.056,0.508,0.515,0.0,0.0,-1.27,-5.49,-1.23,-0.54,3.27,0.0,0.0,6.0,0.0,0.0,0.0,1.0,1.0,10.9,12.3,4.8,13.7,24.8,29.4,24.8,29.4,69.0,67.0,83.0,88.0,170.0,127.0,170.0,170.0,25.0,18.0,36.0,55.0,15.0,0.0,0.0
71.153,36,134749.0,600.0,124.0,600.0,600.0,0.0,1.0,0.0,0.0,0.5,0.041,0.5,0.5,0.508,0.056,0.508,0.515,0.0,0.0,-1.33,-5.45,-1.21,-0.54,2.31,0.0,0.0,6.0,0.0,0.0,0.0,1.0,1.0,14.2,14.9,8.4,17.8,25.6,28.7,25.6,28.7,74.0,69.0,85.0,87.0,170.0,127.0,170.0,170.0,31.0,24.0,88.0,65.0,15.0,0.0,0.0
71.248,98,134847.0,600.0,124.0,600.0,600.0,0.0,1.0,0.0,0.0,0.5,0.041,0.5,0.5,0.508,0.056,0.508,0.515,0.0,0.0,-1.52,-5.52,-1.05,-0.54,1.56,0.0,0.0,6.0,0.0,0.0,0.0,1.0,1.0,17.3,17.4,11.8,24.3,26.1,28.1,26.1,28.1,82.0,76.0,90.0,87.0,170.0,127.0,170.0,170.0,31.0,24.0,88.0,65.0,15.0,0.0,0.0
71.314,55,134902.0,600.0,124.0,600.0,600.0,0.0,1.0,0.0,0.0,0.5,0.041,0.5,0.5,0.508,0.056,0.508,0.515,0.0,0.0,-1.53,-5.47,-0.85,-0.54,1.01,0.0,0.0,6.0,0.0,0.0,0.0,1.0,1.0,18.9,19.4,18.4,26.7,27.0,27.3,27.0,27.3,87.0,77.0,95.0,84.0,170.0,127.0,170.0,170.0,31.0,24.0,88.0,65.0,15.0,0.0,0.0
71.346,36,134938.0,600.0,124.0,600.0,600.0,0.0,1.0,0.0,0.0,0.5,0.041,0.5,0.5,0.508,0.056,0.508,0.515,0.0,0.0,-1.47,-5.45,-0.85,-0.54,0.16,0.0,0.0,6.0,0.0,0.0,0.0,1.0,1.0,20.5,21.7,26.8,23.5,26.8,27.4,26.8,27.4,88.0,79.0,93.0,86.0,170.0,127.0,170.0,170.0,31.0,24.0,88.0,65.0,15.0,0.0,1.0
71.442,100,135038.0,600.0,124.0,600.0,600.0,0.0,1.0,0.0,0.0,0.5,0.041,0.5,0.5,0.508,0.056,0.508,0.515,0.0,0.0,-1.64,-5.55,-0.86,-0.54,0.27,0.0,0.0,6.0,0.0,0.0,0.0,1.0,1.0,24.0,26.2,38.3,30.8,26.6,27.6,26.6,27.6,89.0,79.0,84.0,82.0,170.0,127.0,170.0,170.0,31.0,24.0,88.0,65.0,15.0,0.0,1.0
71.507,54,135092.0,600.0,124.0,600.0,600.0,0.0,1.0,0.0,0.0,0.5,0.041,0.5,0.5,0.508,0.056,0.508,0.515,0.0,0.0,-1.57,-5.39,-0.73,-0.54,0.49,0.0,0.0,6.0,0.0,0.0,0.0,1.0,1.0,25.0,27.7,38.5,29.1,26.7,27.6,26.7,27.6,90.0,79.0,84.0,83.0,170.0,127.0,170.0,170.0,31.0,24.0,88.0,65.0,15.0,0.0,0.0
71.54,36,135128.0,600.0,124.0,600.0,600.0,0.0,1.0,0.0,0.0,0.5,0.041,0.5,0.5,0.508,0.056,0.508,0.515,0.0,0.0,-1.65,-5.4,-0.74,-0.54,0.47,0.0,0.0,6.0,0.0,0.0,0.0,1.0,1.0,25.0,29.5,38.5,31.0,26.8,27.5,26.8,27.5,90.0,78.0,85.0,82.0,170.0,127.0,170.0,170.0,31.0,24.0,88.0,65.0,15.0,0.0,1.0
71.638,102,135230.0,600.0,124.0,600.0,600.0,0.0,1.0,0.0,0.0,0.5,0.041,0.5,0.5,0.508,0.056,0.508,0.515,0.0,0.0,-1.7,-5.48,-0.65,-0.54,-0.3,0.0,0.0,6.0,0.0,0.0,0.0,1.0,1.0,28.0,31.9,37.2,30.3,28.0,26.2,28.0,26.2,92.0,72.0,89.0,78.0,170.0,127.0,170.0,170.0,19.0,24.0,88.0,65.0,15.0,0.0,1.0
71.704,56,135286.0,600.0,124.0,600.0,600.0,0.0,1.0,0.0,0.0,0.5,0.041,0.5,0.5,0.508,0.056,0.508,0.515,0.0,0.0,-1.78,-5.47,-0.5,-0.54,-0.61,0.0,0.0,6.0,0.0,0.0,0.0,1.0,1.0,30.0,33.5,34.3,31.7,28.1,26.2,28.1,26.2,90.0,67.0,90.0,77.0,170.0,127.0,170.0,170.0,19.0,22.0,32.0,5.0,15.0,0.0,1.0
71.736,37,135323.0,600.0,124.0,600.0,600.0,0.0,1.0,0.0,0.0,0.5,0.041,0.5,0.5,0.508,0.056,0.508,0.515,0.0,0.0,-1.85,-5.51,-0.48,-0.54,-0.93,0.0,0.0,6.0,0.0,0.0,0.0,1.0,1.0,30.5,34.5,34.1,33.0,29.0,25.3,29.0,25.3,92.0,62.0,93.0,72.0,170.0,127.0,170.0,170.0,19.0,22.0,32.0,5.0,15.0,0.0,1.0
71.834,96,135419.0,600.0,124.0,600.0,600.0,0.0,1.0,0.0,0.0,0.5,0.041,0.5,0.5,0.508,0.056,0.508,0.515,0.0,0.0,-1.99,-5.47,-0.22,-0.54,-1.98,0.0,0.0,6.0,0.0,0.0,0.0,1.0,1.0,35.4,36.6,28.2,35.5,27.3,27.0,27.3,27.0,82.0,57.0,88.0,76.0,170.0,127.0,170.0,170.0,19.0,22.0,32.0,5.0,15.0,0.0,0.0
71.866,53,135472.0,600.0,124.0,600.0,600.0,0.0,1.0,0.0,0.0,0.5,0.041,0.5,0.5,0.508,0.056,0.508,0.515,0.0,0.0,-1.85,-5.45,-0.34,-0.54,-0.15,0.0,0.0,6.0,0.0,0.0,0.0,1.0,1.0,37.6,36.9,26.9,35.5,26.8,27.5,26.8,27.5,76.0,54.0,87.0,78.0,170.0,127.0,170.0,170.0,19.0,22.0,32.0,5.0,15.0,0.0,0.0
71.898,37,135509.0,600.0,124.0,600.0,600.0,0.0,1.0,0.0,0.0,0.5,0.041,0.5,0.5,0.508,0.056,0.508,0.515,0.0,0.0,-1.9,-5.51,-0.54,-0.54,0.35,0.0,0.0,6.0,0.0,0.0,0.0,1.0,1.0,41.1,36.1,28.7,35.8,27.3,26.9,27.3,26.9,72.0,50.0,88.0,76.0,170.0,127.0,170.0,170.0,19.0,22.0,32.0,5.0,15.0,0.0,1.0
72.023,100,135609.0,600.0,125.0,600.0,600.0,0.0,1.0,0.0,0.0,0.5,0.041,0.5,0.5,0.508,0.056,0.508,0.515,0.0,0.0,-2.0,-5.46,-0.44,-0.54,-0.68,0.0,0.0,6.0,0.0,0.0,0.0,1.0,1.0,39.8,35.4,26.6,34.5,25.9,28.4,25.9,28.4,63.0,51.0,83.0,80.0,170.0,127.0,170.0,170.0,19.0,22.0,32.0,5.0,15.0,0.0,1.0
72.056,54,135663.0,600.0,125.0,600.0,600.0,0.0,1.0,0.0,0.0,0.5,0.041,0.5,0.5,0.508,0.056,0.508,0.515,0.0,0.0,-2.03,-5.42,-0.71,-0.54,1.24,0.0,0.0,6.0,0.0,0.0,0.0,1.0,1.0,39.3,36.2,31.1,37.0,24.5,29.7,24.5,29.7,60.0,53.0,75.0,84.0,170.0,127.0,170.0,170.0,19.0,22.0,32.0,5.0,15.0,0.0,0.0
72.089,36,135699.0,600.0,125.0,600.0,600.0,0.0,1.0,0.0,0.0,0.5,0.041,0.5,0.5,0.508,0.056,0.508,0.515,0.0,0.0,-2.0,-5.39,-0.84,-0.54,2.57,0.0,0.0,6.0,0.0,0.0,0.0,1.0,1.0,37.7,34.7,32.7,38.3,25.4,28.8,25.4,28.8,63.0,52.0,78.0,81.0,170.0,127.0,170.0,170.0,19.0,22.0,32.0,5.0,15.0,0.0,1.0
72.216,100,135799.0,600.0,124.0,600.0,600.0,0.0,1.0,0.0,0.0,0.5,0.041,0.5,0.5,0.508,0.056,0.508,0.515,0.0,0.0,-1.86,-5.45,-0.81,-0.54,1.67,0.0,0.0,6.0,0.0,0.0,0.0,1.0,1.0,37.7,34.3,34.8,37.3,26.1,28.1,26.1,28.1,65.0,51.0,79.0,79.0,170.0,127.0,170.0,170.0,37.0,14.0,108.0,17.0,15.0,0.0,0.0
72.249,55,135854.0,600.0,124.0,600.0,600.0,0.0,1.0,0.0,0.0,0.5,0.041,0.5,0.5,0.508,0.056,0.508,0.515,0.0,0.0,-1.89,-5.38,-0.64,-0.54,1.0,0.0,0.0,6.0,0.0,0.0,0.0,1.0,1.0,34.1,34.9,38.8,34.7,25.1,29.1,25.1,29.1,63.0,53.0,75.0,83.0,170.0,127.0,170.0,170.0,37.0,14.0,108.0,17.0,15.0,0.0,0.0
72.282,36,135890.0,600.0,124.0,600.0,600.0,0.0,1.0,0.0,0.0,0.5,0.041,0.5,0.5,0.508,0.056,0.508,0.515,0.0,0.0,-1.93,-5.35,-0.81,-0.54,2.0,0.0,0.0,6.0,0.0,0.0,0.0,1.0,1.0,34.1,34.0,40.7,33.7,25.2,29.0,25.2,29.0,64.0,53.0,75.0,83.0,170.0,127.0,170.0,170.0,37.0,14.0,108.0,17.0,15.0,0.0,1.0
72.409,102,135992.0,600.0,125.0,600.0,600.0,0.0,1.0,0.0,0.0,0.5,0.041,0.5,0.5,0.508,0.056,0.508,0.515,0.0,0.0,-1.95,-5.54,-0.93,-0.54,1.26,0.0,0.0,6.0,0.0,0.0,0.0,1.0,1.0,29.2,32.1,38.2,29.3,26.7,27.5,26.7,27.5,68.0,49.0,80.0,79.0,170.0,127.0,170.0,170.0,37.0,14.0,108.0,17.0,15.0,0.0,1.0
72.441,54,136046.0,600.0,125.0,600.0,600.0,0.0,1.0,0.0,0.0,0.5,0.041,0.5,0.5,0.508,0.056,0.508,0.515,0.0,0.0,-1.96,-5.44,-0.74,-0.54,0.39,0.0,0.0,6.0,0.0,0.0,0.0,1.0,1.0,28.8,31.3,36.5,27.6,25.7,28.5,25.7,28.5,64.0,51.0,77.0,86.0,170.0,127.0,170.0,170.0,37.0,14.0,108.0,17.0,15.0,0.0,1.0
72.473,36,136082.0,600.0,125.0,600.0,600.0,0.0,1.0,0.0,0.0,0.5,0.041,0.5,0.5,0.508,0.056,0.508,0.515,0.0,0.0,-1.99,-5.4,-0.83,-0.54,1.43,0.0,0.0,6.0,0.0,0.0,0.0,1.0,1.0,28.6,31.2,35.5,27.3,24.8,29.4,24.8,29.4,62.0,53.0,75.0,88.0,170.0,127.0,170.0,170.0,37.0,14.0,108.0,17.0,15.0,0.0,1.0
72.601,98,136180.0,600.0,125.0,600.0,600.0,0.0,1.0,0.0,0.0,0.5,0.041,0.5,0.5,0.508,0.056,0.508,0.515,0.0,0.0,-1.86,-5.42,-1.0,-0.54,2.58,0.0,0.0,6.0,0.0,0.0,0.0,1.0,1.0,28.5,28.4,32.5,26.7,26.4,27.8,26.4,27.8,66.0,51.0,81.0,84.0,170.0,127.0,170.0,170.0,37.0,14.0,108.0,17.0,15.0,0.0,1.0
72.634,54,136234.0,600.0,125.0,503.0,600.0,0.0,1.0,0.0,0.0,0.5,0.041,0.5,0.5,0.508,0.056,0.508,0.515,0.0,0.0,-1.92,-5.57,-0.72,-0.54,0.7,0.0,0.0,6.0,0.0,0.0,0.0,1.0,1.0,28.7,29.2,31.1,26.6,26.8,27.5,26.8,27.5,67.0,50.0,82.0,83.0,170.0,127.0,170.0,170.0,37.0,14.0,108.0,17.0,15.0,0.0,0.0
72.667,36,136270.0,600.0,125.0,503.0,600.0,0.0,1.0,0.0,0.0,0.5,0.041,0.453,0.5,0.508,0.056,0.469,0.514,0.0,0.0,-1.99,-5.53,-0.54,-0.54,0.37,0.0,0.0,6.0,0.0,0.0,0.0,1.0,1.0,28.7,29.9,29.4,27.4,26.0,28.2,26.0,28.2,65.0,51.0,80.0,85.0,170.0,127.0,170.0,170.0,51.0,20.0,20.0,45.0,15.0,0.0,1.0
72.764,102,136372.0,600.0,127.0,503.0,600.0,0.0,1.0,0.0,0.0,0.5,0.041,0.453,0.5,0.508,0.056,0.469,0.514,0.0,0.0,-1.94,-5.43,-0.77,-0.54,1.77,0.0,0.0,6.0,0.0,0.0,0.0,1.0,1.0,33.1,30.5,32.1,30.7,27.3,27.0,27.3,27.0,67.0,49.0,83.0,79.0,170.0,127.0,170.0,170.0,51.0,20.0,20.0,45.0,15.0,0.0,0.0
72.83,54,136426.0,600.0,127.0,503.0,600.0,0.0,1.0,0.0,0.0,0.5,0.041,0.453,0.5,0.508,0.056,0.469,0.514,0.0,0.0,-1.95,-5.51,-0.43,-0.54,-0.13,0.0,0.0,6.0,0.0,0.0,0.0,1.0,1.0,33.5,30.5,29.8,30.9,27.5,26.8,27.5,26.8,67.0,48.0,85.0,78.0,170.0,127.0,170.0,170.0,51.0,20.0,20.0,45.0,15.0,0.0,0.0
72.863,36,136462.0,600.0,127.0,503.0,600.0,0.0,1.0,0.0,0.0,0.5,0.042,0.432,0.5,0.508,0.056,0.443,0.514,0.0,0.0,-1.97,-5.48,-0.43,-0.54,-0.34,0.0,0.0,6.0,0.0,0.0,0.0,1.0,1.0,33.7,30.9,24.9,31.5,26.6,27.6,26.6,27.6,65.0,50.0,88.0,80.0,170.0,127.0,170.0,170.0,51.0,20.0,20.0,45.0,15.0,0.0,1.0
72.961,97,136559.0,600.0,127.0,503.0,600.0,0.0,1.0,0.0,0.0,0.5,0.042,0.432,0.5,0.508,0.056,0.443,0.514,0.0,0.0,-1.97,-5.31,-0.72,-0.54,1.16,0.0,0.0,6.0,0.0,0.0,0.0,1.0,1.0,34.2,31.6,22.4,35.3,24.9,29.3,24.9,29.3,61.0,52.0,84.0,84.0,170.0,127.0,170.0,170.0,51.0,20.0,20.0,45.0,15.0,0.0,1.0
73.028,55,136614.0,600.0,127.0,421.0,600.0,0.0,1.0,0.0,0.0,0.5,0.042,0.432,0.5,0.508,0.056,0.443,0.514,0.0,0.0,-1.9,-5.31,-0.92,-0.54,2.19,0.0,0.0,6.0,0.0,0.0,0.0,1.0,1.0,33.8,31.6,22.4,35.3,25.6,29.3,25.6,28.6,63.0,51.0,86.0,81.0,170.0,127.0,170.0,170.0,51.0,20.0,20.0,45.0,15.0,0.0,2.0
73.06,36,136650.0,600.0,127.0,421.0,600.0,0.0,1.0,0.0,0.0,0.5,0.043,0.377,0.5,0.508,0.056,0.394,0.513,0.0,0.0,-1.95,-5.41,-0.72,-0.54,1.5,0.0,0.0,6.0,0.0,0.0,0.0,1.0,1.0,33.1,31.7,24.2,39.2,25.9,28.4,25.9,28.4,64.0,51.0,86.0,81.0,170.0,127.0,170.0,170.0,51.0,20.0,20.0,45.0,15.0,0.0,1.0
73.156,100,136750.0,600.0,128.0,421.0,600.0,0.0,1.0,0.0,0.0,0.5,0.043,0.377,0.5,0.508,0.056,0.394,0.513,0.0,0.0,-2.12,-5.28,-0.75,-0.54,1.87,0.0,0.0,6.0,0.0,0.0,0.0,1.0,1.0,32.0,32.2,25.7,39.1,23.7,30.6,23.7,30.6,59.0,55.0,76.0,86.0,170.0,127.0,170.0,170.0,51.0,20.0,20.0,45.0,15.0,0.0,1.0
73.222,56,136806.0,600.0,128.0,329.0,600.0,0.0,1.0,0.0,0.0,0.5,0.043,0.377,0.5,0.508,0.056,0.394,0.513,0.0,0.0,-1.9,-5.26,-1.03,-0.54,3.45,0.0,0.0,6.0,0.0,0.0,0.0,1.0,1.0,31.4,30.8,37.2,41.6,25.0,29.2,25.0,29.2,62.0,52.0,79.0,82.0,170.0,127.0,170.0,170.0,35.0,24.0,128.0,27.0,15.0,0.0,0.0
73.254,36,136842.0,600.0,128.0,329.0,600.0,0.0,1.0,0.0,0.0,0.5,0.043,0.298,0.5,0.508,0.055,0.319,0.512,0.0,0.0,-1.89,-5.28,-0.99,-0.54,2.1,0.0,0.0,6.0,0.0,0.0,0.0,1.0,1.0,30.2,30.5,38.6,38.7,26.0,28.3,26.0,28.3,65.0,50.0,81.0,80.0,170.0,127.0,170.0,170.0,35.0,24.0,128.0,27.0,15.0,0.0,1.0
73.352,97,136939.0,600.0,127.0,329.0,600.0,0.0,1.0,0.0,0.0,0.5,0.043,0.298,0.5,0.508,0.055,0.319,0.512,0.0,0.0,-2.09,-5.36,-0.73,-0.54,1.15,0.0,0.0,6.0,0.0,0.0,0.0,1.0,1.0,28.4,30.2,37.7,30.5,25.1,29.1,25.1,29.1,63.0,52.0,79.0,85.0,170.0,127.0,170.0,170.0,35.0,24.0,128.0,27.0,15.0,0.0,0.0
73.384,54,136993.0,600.0,127.0,329.0,600.0,0.0,1.0,0.0,0.0,0.5,0.043,0.298,0.5,0.508,0.055,0.319,0.512,0.0,0.0,-2.15,-5.24,-0.87,-0.54,1.98,0.0,0.0,6.0,0.0,0.0,0.0,1.0,1.0,27.5,30.1,36.6,29.3,23.8,30.4,23.8,30.4,59.0,56.0,75.0,90.0,170.0,127.0,170.0,170.0,35.0,24.0,128.0,27.0,15.0,0.0,0.0
73.447,37,137030.0,600.0,127.0,329.0,600.0,0.0,1.0,0.0,0.0,0.5,0.043,0.262,0.5,0.508,0.054,0.276,0.511,0.0,0.0,-1.89,-5.24,-1.23,-0.54,3.28,0.0,0.0,6.0,0.0,0.0,0.0,1.0,1.0,26.9,30.1,36.1,28.4,24.7,29.5,24.7,29.5,61.0,52.0,78.0,88.0,170.0,127.0,170.0,170.0,35.0,24.0,128.0,27.0,15.0,0.0,1.0
73.542,97,137127.0,600.0,128.0,329.0,600.0,0.0,1.0,0.0,0.0,0.5,0.043,0.262,0.5,0.508,0.054,0.276,0.511,0.0,0.0,-1.82,-5.43,-1.22,-0.54,2.41,0.0,0.0,6.0,0.0,0.0,0.0,1.0,1.0,26.5,29.9,34.9,27.4,26.0,28.3,26.0,28.3,64.0,50.0,82.0,85.0,170.0,127.0,170.0,170.0,35.0,24.0,128.0,27.0,15.0,0.0,0.0
73.574,54,137181.0,600.0,128.0,425.0,600.0,0.0,1.0,0.0,0.0,0.5,0.043,0.262,0.5,0.508,0.054,0.276,0.511,0.0,0.0,-1.97,-5.41,-1.05,-0.54,1.16,0.0,0.0,6.0,0.0,0.0,0.0,1.0,1.0,26.5,29.9,33.4,27.0,25.7,28.5,25.7,28.5,63.0,51.0,82.0,86.0,170.0,127.0,170.0,170.0,35.0,24.0,128.0,27.0,15.0,0.0,0.0
73.607,36,137217.0,600.0,128.0,425.0,600.0,0.0,1.0,0.0,0.0,0.5,0.043,0.301,0.5,0.508,0.055,0.303,0.512,0.0,0.0,-2.12,-5.35,-0.94,-0.54,1.39,0.0,0.0,6.0,0.0,0.0,0.0,1.0,1.0,26.9,29.6,31.2,26.6,24.9,29.3,24.9,29.3,61.0,52.0,80.0,89.0,170.0,127.0,170.0,170.0,35.0,24.0,128.0,27.0,15.0,0.0,1.0
73.738,100,137317.0,600.0,127.0,425.0,600.0,0.0,1.0,0.0,0.0,0.5,0.043,0.301,0.5,0.508,0.055,0.303,0.512,0.0,0.0,-1.9,-5.22,-1.07,-0.54,2.37,0.0,0.0,6.0,0.0,0.0,0.0,1.0,1.0,26.4,29.8,28.5,25.2,26.7,27.5,26.7,27.5,69.0,49.0,86.0,88.0,170.0,127.0,170.0,170.0,55.0,18.0,29.0,15.0,15.0,0.0,1.0
73.771,54,137371.0,600.0,127.0,425.0,600.0,0.0,1.0,0.0,0.0,0.5,0.043,0.301,0.5,0.508,0.055,0.303,0.512,0.0,0.0,-1.81,-5.37,-0.77,-0.54,0.39,0.0,0.0,6.0,0.0,0.0,0.0,1.0,1.0,26.4,29.8,28.5,25.2,27.0,27.3,27.0,27.3,66.0,48.0,87.0,87.0,170.0,127.0,170.0,170.0,55.0,18.0,29.0,15.0,15.0,0.0,1.0
73.803,36,137407.0,600.0,127.0,425.0,600.0,0.0,1.0,0.0,0.0,0.5,0.043,0.319,0.5,0.508,0.055,0.324,0.512,0.0,0.0,-2.11,-5.32,-0.79,-0.54,0.16,0.0,0.0,6.0,0.0,0.0,0.0,1.0,1.0,27.3,31.2,25.7,29.2,26.1,28.1,26.1,28.1,64.0,50.0,87.0,89.0,170.0,127.0,170.0,170.0,55.0,18.0,29.0,15.0,15.0,0.0,1.0
73.902,100,137507.0,600.0,126.0,425.0,600.0,0.0,1.0,0.0,0.0,0.5,0.043,0.319,0.5,0.508,0.055,0.324,0.512,0.0,0.0,-1.95,-5.29,-0.93,-0.54,1.63,0.0,0.0,6.0,0.0,0.0,0.0,1.0,1.0,32.1,31.1,23.2,28.6,27.4,26.8,27.4,26.8,66.0,48.0,92.0,84.0,170.0,127.0,170.0,170.0,55.0,18.0,29.0,15.0,15.0,0.0,1.0
73.968,54,137561.0,600.0,126.0,508.0,600.0,0.0,1.0,0.0,0.0,0.5,0.043,0.319,0.5,0.508,0.055,0.324,0.512,0.0,0.0,-1.83,-5.37,-0.68,-0.54,-0.27,0.0,0.0,6.0,0.0,0.0,0.0,1.0,1.0,32.1,31.1,23.1,29.1,28.7,25.5,28.7,25.5,69.0,45.0,99.0,79.0,170.0,127.0,170.0,170.0,55.0,18.0,29.0,15.0,15.0,0.0,0.0
74.001,36,137597.0,600.0,126.0,508.0,600.0,0.0,1.0,0.0,0.0,0.5,0.043,0.372,0.5,0.508,0.055,0.371,0.513,0.0,0.0,-2.01,-5.37,-0.55,-0.54,-1.61,0.0,0.0,6.0,0.0,0.0,0.0,1.0,1.0,33.6,32.0,21.8,27.9,27.9,26.3,27.9,26.3,67.0,46.0,99.0,81.0,170.0,127.0,170.0,170.0,55.0,18.0,29.0,15.0,15.0,0.0,1.0
74.11,99,137696.0,600.0,126.0,508.0,600.0,0.0,1.0,0.0,0.0,0.5,0.043,0.372,0.5,0.508,0.055,0.371,0.513,0.0,0.0,-2.09,-5.32,-0.69,-0.54,-0.16,0.0,0.0,6.0,0.0,0.0,0.0,1.0,1.0,32.7,33.8,22.2,31.1,25.4,28.9,25.4,28.9,61.0,50.0,94.0,88.0,170.0,127.0,170.0,170.0,55.0,18.0,29.0,15.0,15.0,0.0,1.0
74.143,54,137750.0,600.0,126.0,600.0,600.0,0.0,1.0,0.0,0.0,0.5,0.043,0.372,0.5,0.508,0.055,0.371,0.513,0.0,0.0,-1.76,-5.35,-1.01,-0.54,1.74,0.0,0.0,6.0,0.0,0.0,0.0,1.0,1.0,32.7,33.8,22.2,31.1,25.4,28.9,25.4,28.9,61.0,50.0,94.0,91.0,170.0,127.0,170.0,170.0,55.0,18.0,29.0,15.0,15.0,0.0,0.0
74.175,36,137786.0,600.0,126.0,600.0,600.0,0.0,1.0,0.0,0.0,0.5,0.043,0.441,0.5,0.508,0.056,0.437,0.514,0.0,0.0,-2.05,-5.27,-1.46,-0.54,3.09,0.0,0.0,6.0,0.0,0.0,0.0,1.0,1.0,32.6,35.0,26.9,31.7,23.2,31.0,23.2,31.0,56.0,54.0,85.0,94.0,170.0,127.0,170.0,170.0,21.0,10.0,126.0,22.0,15.0,0.0,1.0
74.303,101,137887.0,600.0,126.0,600.0,600.0,0.0,1.0,0.0,0.0,0.5,0.043,0.441,0.5,0.508,0.056,0.437,0.514,0.0,0.0,-2.05,-5.37,-1.59,-0.54,4.57,0.0,0.0,6.0,0.0,0.0,0.0,1.0,1.0,28.8,33.4,36.5,31.1,24.5,29.7,24.5,29.7,60.0,52.0,83.0,90.0,170.0,127.0,170.0,170.0,21.0,10.0,126.0,22.0,15.0,0.0,1.0
74.336,54,137941.0,600.0,126.0,508.0,600.0,0.0,1.0,0.0,0.0,0.5,0.043,0.441,0.5,0.508,0.056,0.437,0.514,0.0,0.0,-1.69,-5.37,-1.43,-0.54,2.59,0.0,0.0,6.0,0.0,0.0,0.0,1.0,1.0,28.4,32.8,39.0,30.7,24.6,29.7,24.6,29.7,60.0,52.0,76.0,90.0,170.0,127.0,170.0,170.0,21.0,10.0,126.0,22.0,15.0,0.0,0.0
74.368,36,137977.0,600.0,126.0,508.0,600.0,0.0,1.0,0.0,0.0,0.5,0.042,0.428,0.5,0.508,0.056,0.438,0.514,0.0,0.0,-1.64,-5.29,-1.41,-0.54,2.56,0.0,0.0,6.0,0.0,0.0,0.0,1.0,1.0,27.9,32.5,39.2,29.1,25.4,28.8,25.4,28.8,62.0,50.0,79.0,87.0,170.0,127.0,170.0,170.0,21.0,10.0,126.0,22.0,15.0,0.0,1.0
74.466,97,138074.0,600.0,125.0,508.0,600.0,0.0,1.0,0.0,0.0,0.5,0.042,0.428,0.5,0.508,0.056,0.438,0.514,0.0,0.0,-2.08,-5.29,-1.13,-0.54,1.04,0.0,0.0,6.0,0.0,0.0,0.0,1.0,1.0,27.5,31.7,35.1,24.7,24.5,29.8,24.5,29.8,60.0,52.0,77.0,93.0,170.0,127.0,170.0,170.0,21.0,10.0,126.0,22.0,15.0,0.0,1.0
74.532,54,138128.0,600.0,125.0,414.0,600.0,0.0,1.0,0.0,0.0,0.5,0.042,0.428,0.5,0.508,0.056,0.438,0.514,0.0,0.0,-2.01,-5.38,-1.04,-0.54,2.64,0.0,0.0,6.0,0.0,0.0,0.0,1.0,1.0,26.5,32.1,33.6,24.1,23.7,30.5,23.7,30.5,59.0,53.0,75.0,98.0,170.0,127.0,170.0,170.0,21.0,10.0,126.0,22.0,15.0,0.0,0.0
74.565,36,138164.0,600.0,125.0,414.0,600.0,0.0,1.0,0.0,0.0,0.5,0.042,0.371,0.5,0.508,0.055,0.388,0.513,0.0,0.0,-1.6,-5.37,-1.2,-0.54,3.38,0.0,0.0,6.0,0.0,0.0,0.0,1.0,1.0,25.3,31.9,32.3,23.9,24.0,30.2,24.0,30.2,60.0,53.0,77.0,99.0,170.0,127.0,170.0,170.0,21.0,10.0,126.0,22.0,15.0,0.0,1.0
74.664,97,138261.0,600.0,126.0,414.0,600.0,0.0,1.0,0.0,0.0,0.5,0.042,0.371,0.5,0.508,0.055,0.388,0.513,0.0,0.0,-1.83,-5.28,-1.19,-0.54,3.07,0.0,0.0,6.0,0.0,0.0,0.0,1.0,1.0,25.3,31.7,30.3,25.4,26.5,27.7,26.5,27.7,69.0,49.0,85.0,95.0,170.0,127.0,170.0,170.0,21.0,10.0,126.0,22.0,15.0,0.0,0.0
74.728,55,138316.0,600.0,126.0,319.0,600.0,0.0,1.0,0.0,0.0,0.5,0.042,0.371,0.5,0.508,0.055,0.388,0.513,0.0,0.0,-2.06,-5.34,-0.71,-0.54,0.62,0.0,0.0,6.0,0.0,0.0,0.0,1.0,1.0,27.5,32.1,28.7,28.0,27.8,26.4,27.8,26.4,72.0,47.0,89.0,90.0,170.0,127.0,170.0,170.0,23.0,22.0,26.0,25.0,15.0,0.0,0.0
74.76,36,138352.0,600.0,126.0,319.0,600.0,0.0,1.0,0.0,0.0,0.5,0.042,0.29,0.5,0.508,0.054,0.311,0.512,0.0,0.0,-1.82,-5.44,-0.58,-0.54,-0.7,0.0,0.0,6.0,0.0,0.0,0.0,1.0,1.0,28.8,32.6,27.2,28.3,27.9,26.4,27.9,26.4,68.0,46.0,92.0,89.0,170.0,127.0,170.0,170.0,23.0,22.0,26.0,25.0,15.0,0.0,1.0
74.86,102,138454.0,600.0,127.0,319.0,600.0,0.0,1.0,0.0,0.0,0.5,0.042,0.29,0.5,0.508,0.054,0.311,0.512,0.0,0.0,-1.81,-5.26,-0.59,-0.54,-1.38,0.0,0.0,6.0,0.0,0.0,0.0,1.0,1.0,32.1,33.5,24.9,31.3,28.8,25.4,28.8,26.5,67.0,46.0,95.0,83.0,170.0,127.0,170.0,170.0,23.0,22.0,26.0,25.0,15.0,0.0,1.0
74.926,54,138508.0,600.0,127.0,319.0,600.0,0.0,1.0,0.0,0.0,0.5,0.042,0.29,0.5,0.508,0.054,0.311,0.512,0.0,0.0,-1.9,-5.35,-0.56,-0.54,-0.63,0.0,0.0,6.0,0.0,0.0,0.0,1.0,1.0,33.8,33.5,20.2,34.8,27.3,27.0,27.3,27.0,66.0,47.0,97.0,81.0,170.0,127.0,170.0,170.0,23.0,22.0,26.0,25.0,15.0,0.0,1.0
74.959,36,138544.0,600.0,127.0,319.0,600.0,0.0,1.0,0.0,0.0,0.5,0.042,0.253,0.5,0.508,0.054,0.267,0.511,0.0,0.0,-1.74,-5.37,-0.57,-0.54,-0.16,0.0,0.0,6.0,0.0,0.0,0.0,1.0,1.0,34.6,34.1,19.2,37.5,26.4,27.8,26.4,27.8,63.0,48.0,96.0,83.0,170.0,127.0,170.0,170.0,23.0,22.0,26.0,25.0,15.0,0.0,1.0
75.059,98,138642.0,600.0,127.0,319.0,600.0,0.0,1.0,0.0,0.0,0.5,0.042,0.253,0.5,0.508,0.054,0.267,0.511,0.0,0.0,-1.68,-5.17,-0.77,-0.54,1.36,0.0,0.0,6.0,0.0,0.0,0.0,1.0,1.0,32.0,32.8,20.3,34.4,27.1,27.1,27.1,27.1,66.0,48.0,103.0,81.0,170.0,127.0,170.0,170.0,23.0,22.0,26.0,25.0,15.0,0.0,1.0
75.092,54,138696.0,600.0,127.0,227.0,600.0,0.0,1.0,1.0,0.0,0.5,0.042,0.253,0.5,0.508,0.054,0.267,0.511,0.0,0.0,-2.04,-5.24,-0.62,-0.54,-0.01,0.0,0.0,6.0,0.0,0.0,0.0,1.0,1.0,31.4,32.8,21.3,34.1,26.6,27.6,26.6,27.6,65.0,48.0,103.0,83.0,170.0,127.0,170.0,170.0,23.0,22.0,26.0,25.0,15.0,0.0,0.0
75.125,37,138733.0,600.0,127.0,227.0,600.0,0.0,1.0,1.0,0.0,0.5,0.043,0.184,0.5,0.508,0.053,0.203,0.51,0.0,0.0,-2.05,-5.4,-0.56,-0.54,0.5,0.0,0.0,6.0,0.0,0.0,0.0,1.0,1.0,31.4,33.6,23.5,34.7,25.8,28.5,25.8,28.5,62.0,50.0,101.0,85.0,170.0,127.0,170.0,170.0,23.0,22.0,26.0,25.0,15.0,0.0,1.0
75.222,100,138833.0,600.0,127.0,227.0,600.0,0.0,1.0,1.0,0.0,0.5,0.043,0.184,0.5,0.508,0.053,0.203,0.51,0.0,0.0,-1.62,-5.17,-0.89,-0.54,1.98,0.0,0.0,6.0,0.0,0.0,0.0,1.0,1.0,29.9,32.8,33.7,30.2,25.2,29.0,25.2,29.0,62.0,51.0,92.0,87.0,170.0,127.0,170.0,170.0,27.0,22.0,128.0,15.0,15.0,0.0,1.0
75.293,54,138887.0,600.0,127.0,320.0,600.0,0.0,1.0,0.0,0.0,0.5,0.043,0.184,0.5,0.508,0.053,0.203,0.51,0.0,0.0,-1.96,-5.27,-0.98,-0.54,1.89,0.0,0.0,6.0,0.0,0.0,0.0,1.0,1.0,29.5,32.4,36.4,28.6,26.4,27.8,26.4,27.8,65.0,49.0,91.0,84.0,170.0,127.0,170.0,170.0,27.0,22.0,128.0,15.0,15.0,0.0,0.0
75.326,36,138923.0,600.0,127.0,320.0,600.0,0.0,1.0,0.0,0.0,0.5,0.043,0.204,0.5,0.508,0.053,0.209,0.51,0.0,0.0,-1.97,-5.38,-0.9,-0.54,0.67,0.0,0.0,6.0,0.0,0.0,0.0,1.0,1.0,29.7,32.7,37.3,27.3,26.1,28.1,26.1,28.1,64.0,49.0,87.0,85.0,170.0,127.0,170.0,170.0,27.0,22.0,128.0,15.0,15.0,0.0,1.0
75.423,99,139022.0,600.0,126.0,320.0,600.0,0.0,1.0,0.0,0.0,0.5,0.043,0.204,0.5,0.508,0.053,0.209,0.51,0.0,0.0,-1.63,-5.35,-1.14,-0.54,1.64,0.0,0.0,6.0,0.0,0.0,0.0,1.0,1.0,28.5,32.7,36.4,25.4,23.6,30.6,23.6,30.6,58.0,54.0,72.0,96.0,170.0,127.0,170.0,170.0,27.0,22.0,128.0,15.0,15.0,0.0,1.0
75.487,54,139076.0,600.0,126.0,414.0,600.0,0.0,1.0,0.0,0.0,0.5,0.043,0.204,0.5,0.508,0.053,0.209,0.51,0.0,0.0,-1.6,-5.26,-1.36,-0.54,3.51,0.0,0.0,6.0,0.0,0.0,0.0,1.0,1.0,27.8,31.5,35.5,24.9,24.9,29.4,24.9,29.4,61.0,52.0,77.0,95.0,170.0,127.0,170.0,170.0,27.0,22.0,128.0,15.0,15.0,0.0,0.0
75.519,36,139112.0,600.0,126.0,414.0,600.0,0.0,1.0,0.0,0.0,0.5,0.042,0.268,0.5,0.508,0.054,0.265,0.511,0.0,0.0,-1.78,-5.27,-1.31,-0.54,2.26,0.0,0.0,6.0,0.0,0.0,0.0,1.0,1.0,27.0,30.1,33.6,24.8,19.0,21.8,19.0,21.8,45.0,37.0,55.0,73.0,170.0,127.0,170.0,170.0,27.0,22.0,128.0,15.0,15.0,0.0,1.0
75.615,100,139212.0,600.0,126.0,414.0,600.0,0.0,1.0,0.0,0.0,0.5,0.042,0.268,0.5,0.508,0.054,0.265,0.511,0.0,0.0,-1.81,-5.44,-0.91,-0.54,0.79,0.0,0.0,0.0,0.0,0.0,0.0,1.0,1.0,26.8,28.9,31.7,23.9,0.0,0.0,0.0,0.0,0.0,0.0,0.0,0.0,170.0,127.0,170.0,170.0,27.0,22.0,128.0,15.0,15.0,0.0,1.0
75.69,89,139301.0,600.0,126.0,509.0,600.0,0.0,1.0,0.0,0.0,0.5,0.042,0.348,0.5,0.508,0.055,0.343,0.512,0.0,0.0,-1.52,-5.18,-1.15,-0.54,0.0,0.0,0.0,0.0,0.0,0.0,0.0,1.0,1.0,20.1,20.3,22.8,17.2,0.0,0.0,0.0,0.0,0.0,0.0,0.0,0.0,170.0,127.0,170.0,170.0,27.0,22.0,128.0,15.0,15.0,0.0,1.0
75.788,98,139399.0,600.0,126.0,509.0,600.0,0.0,1.0,0.0,0.0,0.5,0.042,0.348,0.5,0.508,0.055,0.343,0.512,0.0,0.0,-1.55,-5.15,-0.99,-0.54,0.0,0.0,0.0,0.0,0.0,0.0,0.0,1.0,1.0,15.6,15.4,17.3,13.3,0.0,0.0,0.0,0.0,0.0,0.0,0.0,0.0,170.0,127.0,170.0,170.0,19.0,12.0,20.0,9.0,15.0,0.0,0.0
75.858,54,139453.0,600.0,126.0,509.0,600.0,0.0,1.0,0.0,0.0,0.5,0.042,0.348,0.5,0.508,0.055,0.343,0.512,0.0,0.0,-1.54,-5.15,-1.04,-0.54,0.0,0.0,0.0,0.0,0.0,0.0,0.0,1.0,1.0,13.4,13.3,15.2,11.7,0.0,0.0,0.0,0.0,0.0,0.0,0.0,0.0,170.0,127.0,170.0,170.0,19.0,12.0,20.0,9.0,15.0,0.0,0.0
75.89,35,139488.0,600.0,126.0,509.0,600.0,0.0,1.0,0.0,0.0,0.5,0.042,0.386,0.5,0.508,0.055,0.387,0.513,0.0,0.0,-1.53,-5.15,-1.05,-0.54,0.0,0.0,0.0,0.0,0.0,0.0,0.0,1.0,1.0,10.3,10.3,11.8,9.0,0.0,0.0,0.0,0.0,0.0,0.0,0.0,0.0,170.0,127.0,170.0,170.0,19.0,12.0,20.0,9.0,15.0,0.0,1.0
75.987,98,139586.0,600.0,126.0,509.0,600.0,0.0,1.0,0.0,0.0,0.5,0.042,0.386,0.5,0.508,0.055,0.387,0.513,0.0,0.0,-1.53,-5.15,-1.05,-0.54,0.0,0.0,0.0,0.0,0.0,0.0,0.0,1.0,1.0,9.1,9.0,9.2,7.0,0.0,0.0,0.0,0.0,0.0,0.0,0.0,0.0,170.0,127.0,170.0,170.0,19.0,12.0,20.0,9.0,15.0,0.0,1.0
76.059,53,139639.0,600.0,126.0,508.0,600.0,0.0,1.0,0.0,0.0,0.5,0.042,0.386,0.5,0.508,0.055,0.387,0.513,0.0,0.0,-1.51,-5.15,-1.05,-0.54,0.0,0.0,0.0,0.0,0.0,0.0,0.0,1.0,1.0,7.1,7.2,8.1,6.2,0.0,0.0,0.0,0.0,0.0,0.0,0.0,0.0,170.0,127.0,170.0,170.0,19.0,12.0,20.0,9.0,15.0,0.0,0.0
76.092,35,139674.0,600.0,126.0,508.0,600.0,0.0,1.0,0.0,0.0,0.5,0.042,0.403,0.5,0.508,0.056,0.408,0.513,0.0,0.0,-1.51,-5.15,-1.06,-0.54,0.0,0.0,0.0,0.0,0.0,0.0,0.0,1.0,1.0,7.1,6.4,7.1,5.4,0.0,0.0,0.0,0.0,0.0,0.0,0.0,0.0,170.0,127.0,170.0,170.0,19.0,12.0,20.0,9.0,15.0,0.0,1.0
76.19,97,139771.0,600.0,127.0,508.0,600.0,0.0,1.0,0.0,0.0,0.5,0.042,0.403,0.5,0.508,0.056,0.408,0.513,0.0,0.0,-1.51,-5.15,-1.06,-0.54,0.0,0.0,0.0,0.0,0.0,0.0,0.0,1.0,1.0,5.5,5.6,6.2,4.8,0.0,0.0,0.0,0.0,0.0,0.0,0.0,0.0,170.0,127.0,170.0,170.0,19.0,12.0,20.0,9.0,15.0,0.0,1.0
76.223,53,139824.0,600.0,127.0,508.0,600.0,0.0,1.0,0.0,0.0,0.5,0.042,0.403,0.5,0.508,0.056,0.408,0.513,0.0,0.0,-1.5,-5.15,-1.06,-0.54,0.0,0.0,0.0,0.0,0.0,0.0,0.0,1.0,1.0,4.8,4.9,5.5,4.2,0.0,0.0,0.0,0.0,0.0,0.0,0.0,0.0,170.0,127.0,170.0,170.0,19.0,12.0,20.0,9.0,15.0,0.0,0.0
76.256,36,139860.0,600.0,127.0,508.0,600.0,0.0,1.0,0.0,0.0,0.5,0.043,0.411,0.5,0.508,0.056,0.418,0.513,0.0,0.0,-1.5,-5.15,-1.06,-0.54,0.0,0.0,0.0,0.0,0.0,0.0,0.0,1.0,1.0,4.2,4.4,4.8,3.7,0.0,0.0,0.0,0.0,0.0,0.0,0.0,0.0,170.0,127.0,170.0,170.0,19.0,12.0,20.0,9.0,15.0,0.0,1.0
76.35,96,139956.0,600.0,127.0,508.0,600.0,0.0,1.0,0.0,0.0,0.5,0.043,0.411,0.5,0.508,0.056,0.418,0.513,0.0,0.0,-1.51,-5.16,-1.06,-0.54,0.0,0.0,0.0,0.0,0.0,0.0,0.0,1.0,1.0,3.3,3.8,3.7,2.9,0.0,0.0,0.0,0.0,0.0,0.0,0.0,0.0,170.0,127.0,170.0,170.0,19.0,12.0,20.0,9.0,15.0,0.0,0.0
76.414,54,140010.0,600.0,127.0,412.0,600.0,0.0,1.0,0.0,0.0,0.5,0.043,0.411,0.5,0.508,0.056,0.418,0.513,0.0,0.0,-1.49,-5.16,-1.06,-0.54,0.0,0.0,0.0,0.0,0.0,0.0,0.0,1.0,1.0,2.9,3.3,3.3,2.5,0.0,0.0,0.0,0.0,0.0,0.0,0.0,0.0,170.0,127.0,170.0,170.0,19.0,12.0,20.0,9.0,15.0,0.0,1.0
76.452,36,140046.0,600.0,127.0,412.0,600.0,0.0,1.0,0.0,0.0,0.5,0.043,0.362,0.5,0.508,0.056,0.378,0.513,0.0,0.0,-1.49,-5.16,-1.06,-0.54,0.0,0.0,0.0,0.0,0.0,0.0,0.0,1.0,1.0,2.5,2.9,2.9,2.2,0.0,0.0,0.0,0.0,0.0,0.0,0.0,0.0,170.0,127.0,170.0,170.0,19.0,12.0,20.0,9.0,15.0,0.0,1.0
76.548,98,140144.0,600.0,126.0,412.0,600.0,0.0,1.0,0.0,0.0,0.5,0.043,0.362,0.5,0.508,0.056,0.378,0.513,0.0,0.0,-1.48,-5.16,-1.06,-0.54,0.0,0.0,0.0,0.0,0.0,0.0,0.0,1.0,1.0,2.0,2.3,2.2,1.7,0.0,0.0,0.0,0.0,0.0,0.0,0.0,0.0,170.0,127.0,170.0,170.0,19.0,12.0,20.0,9.0,15.0,0.0,1.0
76.614,53,140197.0,600.0,126.0,412.0,600.0,0.0,1.0,0.0,0.0,0.5,0.043,0.362,0.5,0.508,0.056,0.378,0.513,0.0,0.0,-1.47,-5.17,-1.06,-0.54,0.0,0.0,0.0,0.0,0.0,0.0,0.0,1.0,1.0,1.7,2.0,2.0,1.5,0.0,0.0,0.0,0.0,0.0,0.0,0.0,0.0,170.0,127.0,170.0,170.0,19.0,12.0,20.0,9.0,15.0,0.0,0.0
76.651,35,140232.0,600.0,126.0,412.0,600.0,0.0,1.0,0.0,0.0,0.5,0.043,0.34,0.5,0.508,0.055,0.352,0.512,0.0,0.0,-1.46,-5.17,-1.05,-0.54,0.0,0.0,0.0,0.0,0.0,0.0,0.0,1.0,1.0,1.5,1.7,1.7,1.3,0.0,0.0,0.0,0.0,0.0,0.0,0.0,0.0,170.0,127.0,170.0,170.0,19.0,12.0,20.0,9.0,15.0,0.0,1.0
76.748,96,140328.0,600.0,126.0,412.0,600.0,0.0,1.0,0.0,0.0,0.5,0.043,0.34,0.5,0.508,0.055,0.352,0.512,0.0,0.0,-1.45,-5.17,-1.06,-0.54,0.0,0.0,0.0,0.0,0.0,0.0,0.0,1.0,1.0,1.2,1.0,1.3,1.0,0.0,0.0,0.0,0.0,0.0,0.0,0.0,0.0,170.0,127.0,170.0,170.0,19.0,12.0,20.0,9.0,15.0,0.0,1.0
76.781,53,140381.0,600.0,126.0,412.0,600.0,0.0,1.0,0.0,0.0,0.5,0.043,0.34,0.5,0.508,0.055,0.352,0.512,0.0,0.0,-1.44,-5.17,-1.05,-0.54,0.0,0.0,0.0,0.0,0.0,0.0,0.0,1.0,1.0,1.0,0.9,1.2,0.9,0.0,0.0,0.0,0.0,0.0,0.0,0.0,0.0,170.0,127.0,170.0,170.0,19.0,12.0,20.0,9.0,15.0,0.0,0.0
76.814,36,140417.0,600.0,126.0,412.0,600.0,0.0,1.0,0.0,0.0,0.5,0.042,0.33,0.5,0.508,0.055,0.339,0.512,0.0,0.0,-1.44,-5.17,-1.06,-0.54,0.0,0.0,0.0,0.0,0.0,0.0,0.0,1.0,1.0,0.9,0.7,1.0,0.8,0.0,0.0,0.0,0.0,0.0,0.0,0.0,0.0,170.0,127.0,170.0,170.0,19.0,12.0,20.0,9.0,15.0,0.0,1.0
76.919,97,140514.0,600.0,126.0,412.0,600.0,0.0,1.0,0.0,0.0,0.5,0.042,0.33,0.5,0.508,0.055,0.339,0.512,0.0,0.0,-1.42,-5.18,-1.06,-0.54,0.0,0.0,0.0,0.0,0.0,0.0,0.0,1.0,1.0,0.8,0.6,0.9,0.7,0.0,0.0,0.0,0.0,0.0,0.0,0.0,0.0,170.0,127.0,170.0,170.0,19.0,12.0,20.0,9.0,15.0,0.0,1.0
76.985,54,140568.0,600.0,126.0,504.0,600.0,0.0,1.0,0.0,0.0,0.5,0.042,0.33,0.5,0.508,0.055,0.339,0.512,0.0,0.0,-1.41,-5.18,-1.06,-0.54,0.0,0.0,0.0,0.0,0.0,0.0,0.0,1.0,1.0,0.9,0.5,0.7,0.5,0.0,0.0,0.0,0.0,0.0,0.0,0.0,0.0,170.0,127.0,170.0,170.0,19.0,12.0,20.0,9.0,15.0,0.0,0.0
77.016,35,140603.0,600.0,126.0,504.0,600.0,0.0,1.0,0.0,0.0,0.5,0.042,0.375,0.5,0.508,0.055,0.376,0.513,0.0,0.0,-1.41,-5.17,-1.06,-0.54,0.0,0.0,0.0,0.0,0.0,0.0,0.0,1.0,1.0,0.7,0.4,0.6,0.5,0.0,0.0,0.0,0.0,0.0,0.0,0.0,0.0,170.0,127.0,170.0,170.0,19.0,12.0,20.0,9.0,15.0,0.0,1.0
77.117,97,140700.0,600.0,126.0,504.0,600.0,0.0,1.0,0.0,0.0,0.5,0.042,0.375,0.5,0.508,0.055,0.376,0.513,0.0,0.0,-1.41,-5.18,-1.06,-0.54,0.0,0.0,0.0,0.0,0.0,0.0,0.0,1.0,1.0,0.6,0.3,0.5,0.4,0.0,0.0,0.0,0.0,0.0,0.0,0.0,0.0,170.0,127.0,170.0,170.0,19.0,12.0,20.0,9.0,15.0,0.0,0.0
77.15,53,140753.0,600.0,126.0,504.0,600.0,0.0,1.0,0.0,0.0,0.5,0.042,0.375,0.5,0.508,0.055,0.376,0.513,0.0,0.0,-1.4,-5.18,-1.06,-0.54,0.0,0.0,0.0,0.0,0.0,0.0,0.0,1.0,1.0,0.5,0.3,0.4,0.3,0.0,0.0,0.0,0.0,0.0,0.0,0.0,0.0,170.0,127.0,170.0,170.0,19.0,12.0,20.0,9.0,15.0,0.0,0.0
77.183,36,140789.0,600.0,126.0,504.0,600.0,0.0,1.0,0.0,0.0,0.5,0.042,0.396,0.5,0.508,0.055,0.4,0.513,0.0,0.0,-1.39,-5.19,-1.06,-0.54,0.0,0.0,0.0,0.0,0.0,0.0,0.0,1.0,1.0,0.4,0.3,0.4,0.3,0.0,0.0,0.0,0.0,0.0,0.0,0.0,0.0,170.0,127.0,170.0,170.0,19.0,12.0,20.0,9.0,15.0,0.0,1.0
77.288,101,140890.0,600.0,127.0,504.0,600.0,0.0,1.0,0.0,0.0,0.5,0.042,0.396,0.5,0.508,0.055,0.4,0.513,0.0,0.0,-1.39,-5.19,-1.06,-0.54,0.0,0.0,0.0,0.0,0.0,0.0,0.0,1.0,1.0,0.2,0.1,0.3,0.2,0.0,0.0,0.0,0.0,0.0,0.0,0.0,0.0,170.0,127.0,170.0,170.0,19.0,12.0,20.0,9.0,15.0,0.0,1.0
77.353,53,140943.0,600.0,127.0,600.0,600.0,0.0,1.0,0.0,0.0,0.5,0.042,0.396,0.5,0.508,0.055,0.4,0.513,0.0,0.0,-1.39,-5.19,-1.06,-0.54,0.0,0.0,0.0,0.0,0.0,0.0,0.0,1.0,1.0,0.2,0.1,0.3,0.2,0.0,0.0,0.0,0.0,0.0,0.0,0.0,0.0,170.0,127.0,170.0,170.0,19.0,12.0,20.0,9.0,15.0,0.0,0.0
77.386,36,140979.0,600.0,127.0,600.0,600.0,0.0,1.0,0.0,0.0,0.5,0.042,0.452,0.5,0.508,0.056,0.451,0.514,0.0,0.0,-1.38,-5.19,-1.06,-0.54,0.0,0.0,0.0,0.0,0.0,0.0,0.0,1.0,1.0,0.2,0.2,0.2,0.2,0.0,0.0,0.0,0.0,0.0,0.0,0.0,0.0,170.0,127.0,170.0,170.0,19.0,12.0,20.0,9.0,15.0,0.0,1.0
77.489,90,141069.0,600.0,127.0,600.0,600.0,0.0,1.0,0.0,0.0,0.5,0.042,0.452,0.5,0.508,0.056,0.451,0.514,0.0,0.0,-1.38,-5.19,-1.06,-0.54,0.0,0.0,0.0,0.0,0.0,0.0,0.0,1.0,1.0,0.2,0.1,0.2,0.2,0.0,0.0,0.0,0.0,0.0,0.0,0.0,0.0,170.0,127.0,170.0,170.0,19.0,12.0,20.0,9.0,15.0,0.0,1.0
77.522,53,141122.0,600.0,127.0,600.0,600.0,0.0,1.0,0.0,0.0,0.5,0.042,0.452,0.5,0.508,0.056,0.451,0.514,0.0,0.0,-1.38,-5.18,-1.06,-0.54,0.0,0.0,0.0,0.0,0.0,0.0,0.0,1.0,1.0,0.2,0.1,0.2,0.2,0.0,0.0,0.0,0.0,0.0,0.0,0.0,0.0,170.0,127.0,170.0,170.0,19.0,12.0,20.0,9.0,15.0,0.0,0.0
77.554,35,141157.0,600.0,127.0,600.0,600.0,0.0,1.0,0.0,0.0,0.5,0.043,0.478,0.5,0.508,0.057,0.481,0.514,0.0,0.0,-1.37,-5.18,-1.06,-0.54,0.0,0.0,0.0,0.0,0.0,0.0,0.0,1.0,1.0,0.2,0.1,0.2,0.1,0.0,0.0,0.0,0.0,0.0,0.0,0.0,0.0,170.0,127.0,170.0,170.0,19.0,12.0,20.0,9.0,15.0,0.0,1.0
77.662,97,141254.0,600.0,127.0,600.0,600.0,0.0,1.0,0.0,0.0,0.5,0.043,0.478,0.5,0.508,0.057,0.481,0.514,0.0,0.0,-1.38,-5.18,-1.06,-0.54,0.0,0.0,0.0,0.0,0.0,0.0,0.0,1.0,1.0,0.2,0.1,0.1,0.1,0.0,0.0,0.0,0.0,0.0,0.0,0.0,0.0,170.0,127.0,170.0,170.0,19.0,12.0,20.0,9.0,15.0,0.0,1.0
77.694,53,141307.0,600.0,127.0,600.0,600.0,0.0,1.0,0.0,0.0,0.5,0.043,0.478,0.5,0.508,0.057,0.481,0.514,0.0,0.0,-1.38,-5.18,-1.06,-0.54,0.0,0.0,0.0,0.0,0.0,0.0,0.0,1.0,1.0,0.2,0.1,0.1,0.1,0.0,0.0,0.0,0.0,0.0,0.0,0.0,0.0,170.0,127.0,170.0,170.0,19.0,12.0,20.0,9.0,15.0,0.0,0.0
77.758,35,141342.0,600.0,127.0,600.0,600.0,0.0,1.0,0.0,0.0,0.5,0.043,0.49,0.5,0.508,0.057,0.496,0.514,0.0,0.0,-1.38,-5.18,-1.06,-0.54,0.0,0.0,0.0,0.0,0.0,0.0,0.0,1.0,1.0,0.1,0.1,0.1,0.1,0.0,0.0,0.0,0.0,0.0,0.0,0.0,0.0,170.0,127.0,170.0,170.0,19.0,12.0,20.0,9.0,15.0,0.0,1.0
77.863,96,141438.0,600.0,127.0,600.0,600.0,0.0,1.0,0.0,0.0,0.5,0.043,0.49,0.5,0.508,0.057,0.496,0.514,0.0,0.0,-1.38,-5.18,-1.06,-0.54,0.0,0.0,0.0,0.0,0.0,0.0,0.0,1.0,1.0,0.1,0.1,0.1,0.1,0.0,0.0,0.0,0.0,0.0,0.0,0.0,0.0,170.0,127.0,170.0,170.0,19.0,12.0,20.0,9.0,15.0,0.0,1.0
77.896,54,141492.0,600.0,127.0,600.0,600.0,0.0,1.0,0.0,0.0,0.5,0.043,0.49,0.5,0.508,0.057,0.496,0.514,0.0,0.0,-1.37,-5.18,-1.06,-0.54,0.0,0.0,0.0,0.0,0.0,0.0,0.0,1.0,1.0,0.1,0.0,0.1,0.0,0.0,0.0,0.0,0.0,0.0,0.0,0.0,0.0,170.0,127.0,170.0,170.0,19.0,12.0,20.0,9.0,15.0,0.0,0.0
77.929,35,141527.0,600.0,127.0,600.0,600.0,0.0,1.0,0.0,0.0,0.5,0.043,0.495,0.5,0.508,0.057,0.502,0.515,0.0,0.0,-1.37,-5.18,-1.06,-0.54,0.0,0.0,0.0,0.0,0.0,0.0,0.0,1.0,1.0,0.1,0.0,0.1,0.0,0.0,0.0,0.0,0.0,0.0,0.0,0.0,0.0,170.0,127.0,170.0,170.0,19.0,12.0,20.0,9.0,15.0,0.0,1.0
78.026,98,141625.0,600.0,128.0,600.0,600.0,0.0,1.0,0.0,0.0,0.5,0.043,0.495,0.5,0.508,0.057,0.502,0.515,0.0,0.0,-1.36,-5.19,-1.06,-0.54,0.0,0.0,0.0,0.0,0.0,0.0,0.0,1.0,1.0,0.0,0.4,0.0,0.0,0.0,0.0,0.0,0.0,0.0,0.0,0.0,0.0,170.0,127.0,170.0,170.0,19.0,12.0,20.0,9.0,15.0,0.0,1.0
78.093,54,141679.0,600.0,128.0,600.0,600.0,0.0,1.0,0.0,0.0,0.5,0.043,0.495,0.5,0.508,0.057,0.502,0.515,0.0,0.0,-1.35,-5.19,-1.06,-0.54,0.0,0.0,0.0,0.0,0.0,0.0,0.0,1.0,1.0,0.0,0.4,0.0,0.0,0.0,0.0,0.0,0.0,0.0,0.0,0.0,0.0,170.0,127.0,170.0,170.0,19.0,12.0,20.0,9.0,15.0,0.0,0.0
78.126,36,141715.0,600.0,128.0,600.0,600.0,0.0,1.0,0.0,0.0,0.5,0.043,0.498,0.5,0.508,0.058,0.505,0.515,0.0,0.0,-1.35,-5.19,-1.06,-0.54,0.0,0.0,0.0,0.0,0.0,0.0,0.0,1.0,1.0,0.0,0.4,0.0,0.0,0.0,0.0,0.0,0.0,0.0,0.0,0.0,0.0,170.0,127.0,170.0,170.0,19.0,12.0,20.0,9.0,15.0,0.0,1.0
78.224,101,141816.0,600.0,128.0,600.0,600.0,0.0,1.0,0.0,0.0,0.5,0.043,0.498,0.5,0.508,0.058,0.505,0.515,0.0,0.0,-1.34,-5.19,-1.06,-0.54,0.0,0.0,0.0,0.0,0.0,0.0,0.0,1.0,1.0,0.0,0.2,0.0,0.0,0.0,0.0,0.0,0.0,0.0,0.0,0.0,0.0,170.0,127.0,170.0,170.0,19.0,12.0,20.0,9.0,15.0,0.0,1.0
78.264,53,141869.0,600.0,128.0,507.0,600.0,0.0,1.0,0.0,0.0,0.5,0.043,0.498,0.5,0.508,0.058,0.505,0.515,0.0,0.0,-1.34,-5.18,-1.06,-0.54,0.0,0.0,0.0,0.0,0.0,0.0,0.0,1.0,1.0,0.0,-0.0,0.0,0.0,0.0,0.0,0.0,0.0,0.0,0.0,0.0,0.0,170.0,127.0,170.0,170.0,19.0,12.0,20.0,9.0,15.0,0.0,0.0
78.297,36,141905.0,600.0,128.0,507.0,600.0,0.0,1.0,0.0,0.0,0.5,0.043,0.454,0.5,0.508,0.057,0.469,0.514,0.0,0.0,-1.34,-5.18,-1.07,-0.54,0.0,0.0,0.0,0.0,0.0,0.0,0.0,1.0,1.0,0.0,-0.0,0.0,0.0,0.0,0.0,0.0,0.0,0.0,0.0,0.0,0.0,170.0,127.0,170.0,170.0,19.0,12.0,20.0,9.0,15.0,0.0,1.0
78.394,98,142003.0,600.0,128.0,507.0,600.0,0.0,1.0,0.0,0.0,0.5,0.043,0.454,0.5,0.508,0.057,0.469,0.514,0.0,0.0,-1.33,-5.18,-1.06,-0.54,0.0,0.0,0.0,0.0,0.0,0.0,0.0,1.0,1.0,0.0,-0.1,0.0,0.0,0.0,0.0,0.0,0.0,0.0,0.0,0.0,0.0,170.0,127.0,170.0,170.0,19.0,12.0,20.0,9.0,15.0,0.0,1.0
78.46,53,142056.0,600.0,128.0,419.0,600.0,0.0,1.0,0.0,0.0,0.5,0.043,0.454,0.5,0.508,0.057,0.469,0.514,0.0,0.0,-1.33,-5.18,-1.06,-0.54,0.0,0.0,0.0,0.0,0.0,0.0,0.0,1.0,1.0,0.0,-0.1,0.0,0.0,0.0,0.0,0.0,0.0,0.0,0.0,0.0,0.0,170.0,127.0,170.0,170.0,19.0,12.0,20.0,9.0,15.0,0.0,0.0
78.492,37,142093.0,600.0,128.0,419.0,600.0,0.0,1.0,0.0,0.0,0.5,0.043,0.386,0.5,0.508,0.057,0.405,0.513,0.0,0.0,-1.33,-5.18,-1.06,-0.54,0.0,0.0,0.0,0.0,0.0,0.0,0.0,1.0,1.0,0.0,-0.0,0.0,0.0,0.0,0.0,0.0,0.0,0.0,0.0,0.0,0.0,170.0,127.0,170.0,170.0,19.0,12.0,20.0,9.0,15.0,0.0,1.0
78.59,99,142192.0,600.0,128.0,419.0,600.0,0.0,1.0,0.0,0.0,0.5,0.043,0.386,0.5,0.508,0.057,0.405,0.513,0.0,0.0,-1.33,-5.18,-1.06,-0.54,0.0,0.0,0.0,0.0,0.0,0.0,0.0,1.0,1.0,0.0,-0.0,0.0,0.0,0.0,0.0,0.0,0.0,0.0,0.0,0.0,0.0,170.0,127.0,170.0,170.0,19.0,12.0,20.0,9.0,15.0,0.0,1.0
78.656,54,142246.0,600.0,128.0,419.0,600.0,0.0,1.0,0.0,0.0,0.5,0.043,0.386,0.5,0.508,0.057,0.405,0.513,0.0,0.0,-1.32,-5.18,-1.06,-0.54,0.0,0.0,0.0,0.0,0.0,0.0,0.0,1.0,1.0,0.0,0.2,0.0,0.0,0.0,0.0,0.0,0.0,0.0,0.0,0.0,0.0,170.0,127.0,170.0,170.0,19.0,12.0,20.0,9.0,15.0,0.0,0.0
78.689,36,142282.0,600.0,128.0,419.0,600.0,0.0,1.0,0.0,0.0,0.5,0.043,0.355,0.5,0.508,0.056,0.368,0.513,0.0,0.0,-1.32,-5.18,-1.06,-0.54,0.0,0.0,0.0,0.0,0.0,0.0,0.0,1.0,1.0,0.0,0.2,0.0,0.0,0.0,0.0,0.0,0.0,0.0,0.0,0.0,0.0,170.0,127.0,170.0,170.0,19.0,12.0,20.0,9.0,15.0,0.0,1.0
78.786,96,142378.0,600.0,128.0,419.0,600.0,0.0,1.0,0.0,0.0,0.5,0.043,0.355,0.5,0.508,0.056,0.368,0.513,0.0,0.0,-1.32,-5.18,-1.06,-0.54,0.0,0.0,0.0,0.0,0.0,0.0,0.0,1.0,1.0,0.0,0.2,0.0,0.0,0.0,0.0,0.0,0.0,0.0,0.0,0.0,0.0,170.0,127.0,170.0,170.0,19.0,12.0,20.0,9.0,15.0,0.0,0.0
78.819,53,142431.0,600.0,128.0,419.0,600.0,0.0,1.0,0.0,0.0,0.5,0.043,0.355,0.5,0.508,0.056,0.368,0.513,0.0,0.0,-1.32,-5.18,-1.06,-0.54,0.0,0.0,0.0,0.0,0.0,0.0,0.0,1.0,1.0,0.0,0.2,0.0,0.0,0.0,0.0,0.0,0.0,0.0,0.0,0.0,0.0,170.0,127.0,170.0,170.0,19.0,12.0,20.0,9.0,15.0,0.0,0.0
78.859,35,142466.0,600.0,128.0,419.0,600.0,0.0,1.0,0.0,0.0,0.5,0.043,0.341,0.5,0.508,0.056,0.351,0.512,0.0,0.0,-1.32,-5.18,-1.06,-0.54,0.0,0.0,0.0,0.0,0.0,0.0,0.0,1.0,1.0,0.0,0.1,0.0,0.0,0.0,0.0,0.0,0.0,0.0,0.0,0.0,0.0,170.0,127.0,170.0,170.0,19.0,12.0,20.0,9.0,15.0,0.0,1.0
78.955,97,142563.0,600.0,127.0,419.0,600.0,0.0,1.0,0.0,0.0,0.5,0.043,0.341,0.5,0.508,0.056,0.351,0.512,0.0,0.0,-1.31,-5.18,-1.06,-0.54,0.0,0.0,0.0,0.0,0.0,0.0,0.0,1.0,1.0,0.0,0.1,0.0,0.0,0.0,0.0,0.0,0.0,0.0,0.0,0.0,0.0,170.0,127.0,170.0,170.0,19.0,12.0,20.0,9.0,15.0,0.0,1.0
79.021,54,142617.0,600.0,127.0,419.0,600.0,0.0,1.0,0.0,0.0,0.5,0.043,0.341,0.5,0.508,0.056,0.351,0.512,0.0,0.0,-1.31,-5.18,-1.06,-0.54,0.0,0.0,0.0,0.0,0.0,0.0,0.0,1.0,1.0,0.0,0.1,0.0,0.0,0.0,0.0,0.0,0.0,0.0,0.0,0.0,0.0,170.0,127.0,170.0,170.0,19.0,12.0,20.0,9.0,15.0,0.0,0.0
79.054,36,142653.0,600.0,127.0,419.0,600.0,0.0,1.0,0.0,0.0,0.5,0.043,0.334,0.5,0.508,0.055,0.343,0.512,0.0,0.0,-1.31,-5.18,-1.06,-0.54,0.0,0.0,0.0,0.0,0.0,0.0,0.0,1.0,1.0,0.0,0.1,0.0,0.0,0.0,0.0,0.0,0.0,0.0,0.0,0.0,0.0,170.0,127.0,170.0,170.0,19.0,12.0,20.0,9.0,15.0,0.0,1.0
79.152,101,142754.0,600.0,126.0,419.0,600.0,0.0,1.0,0.0,0.0,0.5,0.043,0.334,0.5,0.508,0.055,0.343,0.512,0.0,0.0,-1.31,-5.18,-1.06,-0.54,0.0,0.0,0.0,0.0,0.0,0.0,0.0,1.0,1.0,0.0,0.1,0.0,0.0,0.0,0.0,0.0,0.0,0.0,0.0,0.0,0.0,170.0,127.0,170.0,170.0,19.0,12.0,20.0,9.0,15.0,0.0,1.0
79.218,53,142807.0,600.0,126.0,513.0,600.0,0.0,1.0,0.0,0.0,0.5,0.043,0.334,0.5,0.508,0.055,0.343,0.512,0.0,0.0,-1.3,-5.18,-1.06,-0.54,0.0,0.0,0.0,0.0,0.0,0.0,0.0,1.0,1.0,0.0,0.1,0.0,0.0,0.0,0.0,0.0,0.0,0.0,0.0,0.0,0.0,170.0,127.0,170.0,170.0,19.0,12.0,20.0,9.0,15.0,0.0,0.0
79.256,35,142842.0,600.0,126.0,513.0,600.0,0.0,1.0,0.0,0.0,0.5,0.043,0.381,0.5,0.508,0.055,0.382,0.513,0.0,0.0,-1.3,-5.18,-1.06,-0.54,0.0,0.0,0.0,0.0,0.0,0.0,0.0,1.0,1.0,0.0,0.0,0.0,0.0,0.0,0.0,0.0,0.0,0.0,0.0,0.0,0.0,170.0,127.0,170.0,170.0,19.0,12.0,20.0,9.0,15.0,0.0,1.0
79.354,97,142939.0,600.0,126.0,513.0,600.0,0.0,1.0,0.0,0.0,0.5,0.043,0.381,0.5,0.508,0.055,0.382,0.513,0.0,0.0,-1.3,-5.18,-1.06,-0.54,0.0,0.0,0.0,0.0,0.0,0.0,0.0,1.0,1.0,0.0,0.0,0.0,0.0,0.0,0.0,0.0,0.0,0.0,0.0,0.0,0.0,170.0,127.0,170.0,170.0,19.0,12.0,20.0,9.0,15.0,0.0,0.0
79.387,35,142974.0,600.0,126.0,600.0,600.0,0.0,1.0,0.0,0.0,0.5,0.043,0.381,0.5,0.508,0.055,0.382,0.513,0.0,0.0,-1.3,-5.18,-1.06,-0.54,0.0,0.0,0.0,0.0,0.0,0.0,0.0,1.0,1.0,0.0,0.0,0.0,0.0,0.0,0.0,0.0,0.0,0.0,0.0,0.0,0.0,170.0,127.0,170.0,170.0,19.0,12.0,20.0,9.0,15.0,0.0,1.0
79.454,84,143058.0,600.0,126.0,600.0,600.0,0.0,1.0,0.0,0.0,0.5,0.042,0.445,0.5,0.508,0.056,0.443,0.514,0.0,0.0,-1.3,-5.18,-1.06,-0.54,0.0,0.0,0.0,0.0,0.0,0.0,0.0,1.0,1.0,0.0,-0.0,0.0,0.0,0.0,0.0,0.0,0.0,0.0,0.0,0.0,0.0,170.0,127.0,170.0,170.0,19.0,12.0,20.0,9.0,15.0,0.0,1.0
79.52,51,143109.0,600.0,125.0,600.0,600.0,0.0,1.0,0.0,0.0,0.5,0.042,0.445,0.5,0.508,0.056,0.443,0.514,0.0,0.0,-1.3,-5.18,-1.06,-0.54,0.0,0.0,0.0,0.0,0.0,0.0,0.0,1.0,1.0,0.0,-0.0,0.0,0.0,0.0,0.0,0.0,0.0,0.0,0.0,0.0,0.0,170.0,127.0,170.0,170.0,19.0,12.0,20.0,9.0,15.0,0.0,0.0
79.552,53,143162.0,600.0,125.0,600.0,600.0,0.0,1.0,0.0,0.0,0.5,0.042,0.445,0.5,0.508,0.056,0.443,0.514,0.0,0.0,-1.3,-5.18,-1.06,-0.54,0.0,0.0,0.0,0.0,0.0,0.0,0.0,1.0,1.0,0.0,0.0,0.0,0.0,0.0,0.0,0.0,0.0,0.0,0.0,0.0,0.0,170.0,127.0,170.0,170.0,19.0,12.0,20.0,9.0,15.0,0.0,0.0
79.585,36,143198.0,600.0,125.0,600.0,600.0,0.0,1.0,0.0,0.0,0.5,0.042,0.475,0.5,0.508,0.056,0.477,0.514,0.0,0.0,-1.3,-5.18,-1.06,-0.54,0.0,0.0,0.0,0.0,0.0,0.0,0.0,1.0,1.0,0.0,0.0,0.0,0.0,0.0,0.0,0.0,0.0,0.0,0.0,0.0,0.0,170.0,127.0,170.0,170.0,19.0,12.0,20.0,9.0,15.0,0.0,1.0
79.715,98,143296.0,600.0,126.0,600.0,600.0,0.0,1.0,0.0,0.0,0.5,0.042,0.475,0.5,0.508,0.056,0.477,0.514,0.0,0.0,-1.3,-5.18,-1.06,-0.54,0.0,0.0,0.0,0.0,0.0,0.0,0.0,1.0,1.0,0.0,0.0,0.0,0.0,0.0,0.0,0.0,0.0,0.0,0.0,0.0,0.0,170.0,127.0,170.0,170.0,19.0,12.0,20.0,9.0,15.0,0.0,0.0
79.747,54,143350.0,600.0,126.0,518.0,600.0,0.0,1.0,0.0,0.0,0.5,0.042,0.475,0.5,0.508,0.056,0.477,0.514,0.0,0.0,-1.3,-5.18,-1.06,-0.54,0.0,0.0,0.0,0.0,0.0,0.0,0.0,1.0,1.0,0.0,-0.2,0.0,0.0,0.0,0.0,0.0,0.0,0.0,0.0,0.0,0.0,170.0,127.0,170.0,170.0,19.0,12.0,20.0,9.0,15.0,0.0,0.0
79.778,37,143387.0,600.0,126.0,518.0,600.0,0.0,1.0,0.0,0.0,0.5,0.042,0.449,0.5,0.508,0.056,0.461,0.514,0.0,0.0,-1.3,-5.18,-1.06,-0.54,0.0,0.0,0.0,0.0,0.0,0.0,0.0,1.0,1.0,0.0,-0.2,0.0,0.0,0.0,0.0,0.0,0.0,0.0,0.0,0.0,0.0,170.0,127.0,170.0,170.0,19.0,12.0,20.0,9.0,15.0,0.0,1.0
79.875,97,143484.0,600.0,126.0,518.0,600.0,0.0,1.0,0.0,0.0,0.5,0.042,0.449,0.5,0.508,0.056,0.461,0.514,0.0,0.0,-1.3,-5.18,-1.06,-0.54,0.0,0.0,0.0,0.0,0.0,0.0,0.0,1.0,1.0,0.0,-0.2,0.0,0.0,0.0,0.0,0.0,0.0,0.0,0.0,0.0,0.0,170.0,127.0,170.0,170.0,19.0,12.0,20.0,9.0,15.0,0.0,0.0
79.94,54,143538.0,600.0,126.0,425.0,600.0,0.0,1.0,0.0,0.0,0.5,0.042,0.449,0.5,0.508,0.056,0.461,0.514,0.0,0.0,-1.3,-5.18,-1.06,-0.54,0.0,0.0,0.0,0.0,0.0,0.0,0.0,1.0,1.0,0.0,-0.1,0.0,0.0,0.0,0.0,0.0,0.0,0.0,0.0,0.0,0.0,170.0,127.0,170.0,170.0,19.0,12.0,20.0,9.0,15.0,0.0,0.0
79.971,35,143573.0,600.0,126.0,425.0,600.0,0.0,1.0,0.0,0.0,0.5,0.042,0.387,0.5,0.508,0.055,0.405,0.513,0.0,0.0,-1.3,-5.18,-1.06,-0.54,0.0,0.0,0.0,0.0,0.0,0.0,0.0,1.0,1.0,0.0,-0.2,0.0,0.0,0.0,0.0,0.0,0.0,0.0,0.0,0.0,0.0,170.0,127.0,170.0,170.0,19.0,12.0,20.0,9.0,15.0,0.0,1.0
80.067,99,143672.0,600.0,126.0,425.0,600.0,0.0,1.0,0.0,0.0,0.5,0.042,0.387,0.5,0.508,0.055,0.405,0.513,0.0,0.0,-1.3,-5.18,-1.06,-0.54,0.0,0.0,0.0,0.0,0.0,0.0,0.0,1.0,1.0,0.0,-0.5,0.0,0.0,0.0,0.0,0.0,0.0,0.0,0.0,0.0,0.0,170.0,127.0,170.0,170.0,19.0,12.0,20.0,9.0,15.0,0.0,1.0
80.134,53,143725.0,600.0,126.0,425.0,600.0,0.0,1.0,0.0,0.0,0.5,0.042,0.387,0.5,0.508,0.055,0.405,0.513,0.0,0.0,-1.29,-5.18,-1.07,-0.54,0.0,0.0,0.0,0.0,0.0,0.0,0.0,1.0,1.0,0.0,-0.5,0.0,0.0,0.0,0.0,0.0,0.0,0.0,0.0,0.0,0.0,170.0,127.0,170.0,170.0,19.0,12.0,20.0,9.0,15.0,0.0,0.0
80.167,36,143761.0,600.0,126.0,425.0,600.0,0.0,1.0,0.0,0.0,0.5,0.042,0.359,0.5,0.508,0.055,0.372,0.513,0.0,0.0,-1.29,-5.18,-1.07,-0.54,0.0,0.0,0.0,0.0,0.0,0.0,0.0,1.0,1.0,0.0,-0.4,0.0,0.0,0.0,0.0,0.0,0.0,0.0,0.0,0.0,0.0,170.0,127.0,170.0,170.0,19.0,12.0,20.0,9.0,15.0,0.0,1.0
80.265,102,143863.0,600.0,126.0,425.0,600.0,0.0,1.0,0.0,0.0,0.5,0.042,0.359,0.5,0.508,0.055,0.372,0.513,0.0,0.0,-1.29,-5.18,-1.07,-0.54,0.0,0.0,0.0,0.0,0.0,0.0,0.0,1.0,1.0,0.0,-0.2,0.0,0.0,0.0,0.0,0.0,0.0,0.0,0.0,0.0,0.0,170.0,127.0,170.0,170.0,19.0,12.0,20.0,9.0,15.0,0.0,1.0
80.33,53,143916.0,600.0,126.0,337.0,600.0,0.0,1.0,0.0,0.0,0.5,0.042,0.359,0.5,0.508,0.055,0.372,0.513,0.0,0.0,-1.29,-5.18,-1.07,-0.54,0.0,0.0,0.0,0.0,0.0,0.0,0.0,1.0,1.0,0.0,-0.2,0.0,0.0,0.0,0.0,0.0,0.0,0.0,0.0,0.0,0.0,170.0,127.0,170.0,170.0,19.0,12.0,20.0,9.0,15.0,0.0,0.0
80.361,36,143952.0,600.0,126.0,337.0,600.0,0.0,1.0,0.0,0.0,0.5,0.042,0.295,0.5,0.508,0.054,0.313,0.512,0.0,0.0,-1.29,-5.18,-1.07,-0.54,0.0,0.0,0.0,0.0,0.0,0.0,0.0,1.0,1.0,0.0,-0.2,0.0,0.0,0.0,0.0,0.0,0.0,0.0,0.0,0.0,0.0,170.0,127.0,170.0,170.0,19.0,12.0,20.0,9.0,15.0,0.0,1.0
80.458,100,144052.0,600.0,125.0,337.0,600.0,0.0,1.0,0.0,0.0,0.5,0.042,0.295,0.5,0.508,0.054,0.313,0.512,0.0,0.0,-1.29,-5.18,-1.07,-0.54,0.0,0.0,0.0,0.0,0.0,0.0,0.0,1.0,1.0,0.0,-0.2,0.0,0.0,0.0,0.0,0.0,0.0,0.0,0.0,0.0,0.0,170.0,127.0,170.0,170.0,19.0,12.0,20.0,9.0,15.0,0.0,1.0
80.524,53,144105.0,600.0,125.0,337.0,600.0,0.0,1.0,0.0,0.0,0.5,0.042,0.295,0.5,0.508,0.054,0.313,0.512,0.0,0.0,-1.29,-5.18,-1.07,-0.54,0.0,0.0,0.0,0.0,0.0,0.0,0.0,1.0,1.0,0.0,-0.2,0.0,0.0,0.0,0.0,0.0,0.0,0.0,0.0,0.0,0.0,170.0,127.0,170.0,170.0,19.0,12.0,20.0,9.0,15.0,0.0,0.0
80.555,35,144140.0,600.0,125.0,337.0,600.0,0.0,1.0,0.0,0.0,0.5,0.042,0.265,0.5,0.508,0.053,0.278,0.511,0.0,0.0,-1.29,-5.18,-1.07,-0.54,0.0,0.0,0.0,0.0,0.0,0.0,0.0,1.0,1.0,0.0,-0.1,0.0,0.0,0.0,0.0,0.0,0.0,0.0,0.0,0.0,0.0,170.0,127.0,170.0,170.0,19.0,12.0,20.0,9.0,15.0,0.0,1.0
80.655,96,144236.0,600.0,125.0,337.0,600.0,0.0,1.0,0.0,0.0,0.5,0.042,0.265,0.5,0.508,0.053,0.278,0.511,0.0,0.0,-1.29,-5.18,-1.07,-0.54,0.0,0.0,0.0,0.0,0.0,0.0,0.0,1.0,1.0,0.0,-0.1,0.0,0.0,0.0,0.0,0.0,0.0,0.0,0.0,0.0,0.0,170.0,127.0,170.0,170.0,19.0,12.0,20.0,9.0,15.0,0.0,0.0
80.688,53,144289.0,600.0,125.0,419.0,600.0,0.0,1.0,0.0,0.0,0.5,0.042,0.265,0.5,0.508,0.053,0.278,0.511,0.0,0.0,-1.29,-5.18,-1.07,-0.54,0.0,0.0,0.0,0.0,0.0,0.0,0.0,1.0,1.0,0.0,0.1,0.0,0.0,0.0,0.0,0.0,0.0,0.0,0.0,0.0,0.0,170.0,127.0,170.0,170.0,19.0,12.0,20.0,9.0,15.0,0.0,0.0
80.721,35,144324.0,600.0,125.0,419.0,600.0,0.0,1.0,0.0,0.0,0.5,0.042,0.299,0.5,0.508,0.053,0.302,0.512,0.0,0.0,-1.29,-5.18,-1.07,-0.54,0.0,0.0,0.0,0.0,0.0,0.0,0.0,1.0,1.0,0.0,0.1,0.0,0.0,0.0,0.0,0.0,0.0,0.0,0.0,0.0,0.0,170.0,127.0,170.0,170.0,19.0,12.0,20.0,9.0,15.0,0.0,1.0
80.818,97,144421.0,600.0,124.0,419.0,600.0,0.0,1.0,0.0,0.0,0.5,0.042,0.299,0.5,0.508,0.053,0.302,0.512,0.0,0.0,-1.29,-5.18,-1.07,-0.54,0.0,0.0,0.0,0.0,0.0,0.0,0.0,1.0,1.0,0.0,0.1,0.0,0.0,0.0,0.0,0.0,0.0,0.0,0.0,0.0,0.0,170.0,127.0,170.0,170.0,19.0,12.0,20.0,9.0,15.0,0.0,1.0
80.891,53,144474.0,600.0,124.0,512.0,600.0,0.0,1.0,0.0,0.0,0.5,0.042,0.299,0.5,0.508,0.053,0.302,0.512,0.0,0.0,-1.29,-5.18,-1.07,-0.54,0.0,0.0,0.0,0.0,0.0,0.0,0.0,1.0,1.0,0.0,0.1,0.0,0.0,0.0,0.0,0.0,0.0,0.0,0.0,0.0,0.0,170.0,127.0,170.0,170.0,19.0,12.0,20.0,9.0,15.0,0.0,0.0
80.924,35,144509.0,600.0,124.0,512.0,600.0,0.0,1.0,0.0,0.0,0.5,0.041,0.365,0.5,0.508,0.054,0.362,0.513,0.0,0.0,-1.29,-5.18,-1.07,-0.54,0.0,0.0,0.0,0.0,0.0,0.0,0.0,1.0,1.0,0.0,0.1,0.0,0.0,0.0,0.0,0.0,0.0,0.0,0.0,0.0,0.0,170.0,127.0,170.0,170.0,19.0,12.0,20.0,9.0,15.0,0.0,1.0
81.018,97,144606.0,600.0,124.0,512.0,600.0,0.0,1.0,0.0,0.0,0.5,0.041,0.365,0.5,0.508,0.054,0.362,0.513,0.0,0.0,-1.29,-5.18,-1.07,-0.54,0.0,0.0,0.0,0.0,0.0,0.0,0.0,1.0,1.0,0.0,-0.3,0.0,0.0,0.0,0.0,0.0,0.0,0.0,0.0,0.0,0.0,170.0,127.0,170.0,170.0,19.0,12.0,20.0,9.0,15.0,0.0,1.0
81.059,56,144662.0,600.0,124.0,512.0,600.0,0.0,1.0,0.0,0.0,0.5,0.041,0.365,0.5,0.508,0.054,0.362,0.513,0.0,0.0,-1.29,-5.18,-1.07,-0.54,0.0,0.0,0.0,6.0,0.0,0.0,0.0,1.0,1.0,0.0,-0.2,0.0,0.0,-5.4,-2.6,-5.4,-2.6,23.0,16.0,27.0,19.0,170.0,127.0,170.0,170.0,19.0,12.0,20.0,9.0,15.0,0.0,0.0
81.091,36,144698.0,600.0,124.0,512.0,600.0,0.0,1.0,0.0,0.0,0.5,0.041,0.395,0.5,0.508,0.054,0.398,0.513,0.0,0.0,-1.29,-5.18,-1.07,-0.54,1.38,0.0,0.0,6.0,0.0,0.0,0.0,1.0,1.0,0.0,-0.2,0.0,0.0,-8.3,-4.6,-8.3,-4.6,30.0,19.0,36.0,24.0,170.0,127.0,170.0,170.0,19.0,12.0,20.0,9.0,15.0,0.0,1.0
81.189,101,144799.0,600.0,125.0,512.0,600.0,0.0,1.0,0.0,0.0,0.5,0.041,0.395,0.5,0.508,0.054,0.398,0.513,0.0,0.0,-1.29,-5.18,-1.07,-0.54,1.89,0.0,0.0,6.0,0.0,0.0,0.0,1.0,1.0,0.0,-0.4,0.0,0.0,-15.8,-12.0,-15.8,-12.0,46.0,29.0,57.0,43.0,170.0,127.0,170.0,170.0,19.0,12.0,20.0,9.0,15.0,0.0,0.0
81.256,54,144853.0,600.0,125.0,600.0,600.0,0.0,1.0,0.0,0.0,0.5,0.041,0.395,0.5,0.508,0.054,0.398,0.513,0.0,0.0,-1.29,-5.18,-1.07,-0.54,1.89,0.0,0.0,6.0,0.0,0.0,0.0,1.0,1.0,0.0,-0.3,0.0,0.0,-19.7,-15.9,-19.7,-15.9,54.0,35.0,69.0,53.0,170.0,127.0,170.0,170.0,19.0,12.0,20.0,9.0,15.0,0.0,1.0
81.288,36,144889.0,600.0,125.0,600.0,600.0,0.0,1.0,0.0,0.0,0.5,0.041,0.451,0.5,0.508,0.055,0.45,0.514,0.0,0.0,-1.29,-5.18,-1.07,-0.54,1.89,0.0,0.0,6.0,0.0,0.0,0.0,1.0,1.0,0.0,-0.3,0.0,0.0,-22.2,-18.4,-22.2,-18.4,59.0,38.0,76.0,59.0,170.0,127.0,170.0,170.0,19.0,12.0,20.0,9.0,15.0,0.0,1.0
81.386,98,144987.0,600.0,127.0,600.0,600.0,0.0,1.0,0.0,0.0,0.5,0.041,0.451,0.5,0.508,0.055,0.45,0.514,0.0,0.0,-1.29,-5.18,-1.07,-0.54,1.77,0.0,0.0,6.0,0.0,0.0,0.0,1.0,1.0,0.0,-0.2,-0.1,-3.4,-28.8,-25.4,-28.8,-25.4,74.0,48.0,95.0,78.0,170.0,127.0,170.0,170.0,19.0,12.0,20.0,11.0,15.0,0.0,0.0
81.452,53,145040.0,600.0,127.0,600.0,600.0,0.0,1.0,0.0,0.0,0.5,0.041,0.451,0.5,0.508,0.055,0.45,0.514,0.0,0.0,-1.3,-5.18,-1.06,-0.54,1.71,0.0,0.0,6.0,0.0,0.0,0.0,1.0,1.0,0.0,-0.2,-0.3,-3.4,-28.5,-25.8,-28.5,-25.8,73.0,49.0,94.0,79.0,170.0,127.0,170.0,170.0,19.0,12.0,20.0,11.0,15.0,0.0,1.0
81.485,37,145077.0,600.0,127.0,600.0,600.0,0.0,1.0,0.0,0.0,0.5,0.042,0.477,0.5,0.508,0.056,0.481,0.514,0.0,0.0,-1.29,-5.17,-1.09,-0.54,1.35,0.0,0.0,6.0,0.0,0.0,0.0,1.0,1.0,0.0,-2.4,-0.8,-3.1,-28.1,-26.1,-28.1,-26.1,72.0,50.0,93.0,79.0,170.0,127.0,170.0,170.0,19.0,12.0,20.0,11.0,15.0,0.0,1.0
81.583,101,145178.0,600.0,126.0,600.0,600.0,0.0,1.0,0.0,0.0,0.5,0.042,0.477,0.5,0.508,0.056,0.481,0.514,0.0,0.0,-1.15,-5.21,-1.01,-0.54,0.36,0.0,0.0,6.0,0.0,0.0,0.0,1.0,1.0,-1.9,-7.2,-9.0,-7.4,-29.4,-24.8,-29.4,-24.8,75.0,48.0,97.0,76.0,170.0,127.0,170.0,170.0,19.0,12.0,20.0,11.0,15.0,0.0,1.0
81.657,53,145231.0,600.0,126.0,600.0,600.0,0.0,1.0,0.0,0.0,0.5,0.042,0.477,0.5,0.508,0.056,0.481,0.514,0.0,0.0,-1.2,-5.36,-1.82,-0.54,2.33,0.0,0.0,6.0,0.0,0.0,0.0,1.0,1.0,-2.1,-8.4,-11.2,-9.2,-30.8,-23.5,-30.8,-23.5,78.0,46.0,102.0,73.0,170.0,127.0,170.0,170.0,19.0,12.0,20.0,11.0,15.0,0.0,0.0
81.689,36,145267.0,600.0,126.0,600.0,600.0,0.0,1.0,0.0,0.0,0.5,0.042,0.49,0.5,0.508,0.057,0.495,0.514,0.0,0.0,-1.31,-5.33,-2.1,-0.54,3.66,0.0,0.0,6.0,0.0,0.0,0.0,1.0,1.0,-4.1,-10.3,-16.2,-10.3,-31.6,-22.6,-31.6,-22.6,80.0,44.0,107.0,70.0,170.0,145.0,170.0,170.0,19.0,12.0,20.0,11.0,15.0,0.0,1.0
81.788,102,145369.0,600.0,126.0,600.0,600.0,0.0,1.0,0.0,0.0,0.5,0.042,0.49,0.5,0.508,0.057,0.495,0.514,0.0,0.0,-1.14,-5.38,-2.9,-0.54,5.16,0.0,0.0,6.0,0.0,0.0,0.0,1.0,1.0,-6.7,-19.8,-23.7,-13.3,-34.3,-20.0,-34.3,-20.0,87.0,41.0,124.0,64.0,170.0,145.0,170.0,170.0,19.0,12.0,20.0,11.0,15.0,0.0,0.0
81.821,54,145423.0,600.0,126.0,600.0,600.0,0.0,1.0,0.0,0.0,0.5,0.042,0.49,0.5,0.508,0.057,0.495,0.514,0.0,0.0,-1.16,-5.39,-3.04,-0.54,7.16,0.0,0.0,6.0,0.0,0.0,0.0,1.0,1.0,-14.5,-22.9,-29.0,-13.9,-35.6,-18.7,-35.6,-18.7,98.0,30.0,129.0,62.0,170.0,145.0,170.0,170.0,19.0,12.0,20.0,11.0,15.0,0.0,0.0
81.858,36,145459.0,600.0,126.0,600.0,600.0,0.0,1.0,0.0,0.0,0.5,0.042,0.495,0.5,0.508,0.057,0.502,0.515,0.0,0.0,-1.11,-5.33,-3.03,-0.54,8.46,0.0,0.0,6.0,0.0,0.0,0.0,1.0,1.0,-17.0,-26.3,-29.1,-14.6,-34.7,-19.5,-34.7,-19.5,101.0,31.0,128.0,65.0,170.0,145.0,170.0,170.0,19.0,12.0,20.0,11.0,15.0,0.0,1.0
81.956,99,145558.0,600.0,126.0,600.0,600.0,0.0,1.0,0.0,0.0,0.5,0.042,0.495,0.5,0.508,0.057,0.502,0.515,0.0,0.0,-1.57,-5.43,-2.16,-0.54,6.93,0.0,0.0,6.0,0.0,0.0,0.0,1.0,1.0,-19.4,-33.0,-29.2,-18.6,-33.3,-20.9,-33.3,-20.9,102.0,32.0,126.0,70.0,170.0,145.0,170.0,170.0,21.0,22.0,18.0,29.0,15.0,0.0,0.0
82.022,57,145615.0,600.0,126.0,508.0,600.0,0.0,1.0,0.0,0.0,0.5,0.042,0.495,0.5,0.508,0.057,0.502,0.515,0.0,0.0,-1.1,-5.3,-0.97,-0.54,4.96,0.0,0.0,6.0,0.0,0.0,0.0,1.0,1.0,-25.3,-37.5,-29.4,-24.1,-30.8,-23.4,-30.8,-23.4,101.0,35.0,120.0,75.0,170.0,145.0,170.0,170.0,21.0,22.0,18.0,29.0,15.0,0.0,0.0
82.055,36,145651.0,600.0,126.0,508.0,600.0,0.0,1.0,0.0,0.0,0.5,0.042,0.453,0.5,0.508,0.056,0.468,0.514,0.0,0.0,-1.14,-5.2,-0.75,-0.54,3.68,0.0,0.0,6.0,0.0,0.0,0.0,1.0,1.0,-27.0,-38.3,-30.9,-26.1,-29.9,-24.4,-29.9,-24.4,99.0,36.0,116.0,77.0,170.0,145.0,170.0,170.0,21.0,22.0,18.0,29.0,15.0,0.0,1.0
82.152,97,145748.0,600.0,126.0,508.0,600.0,0.0,1.0,0.0,0.0,0.5,0.042,0.453,0.5,0.508,0.056,0.468,0.514,0.0,0.0,-1.37,-5.39,-0.23,-0.54,2.76,0.0,0.0,6.0,0.0,0.0,0.0,1.0,1.0,-34.7,-41.0,-27.5,-34.5,-27.4,-26.8,-27.4,-26.8,87.0,40.0,108.0,82.0,170.0,145.0,170.0,170.0,21.0,22.0,18.0,29.0,15.0,0.0,1.0
82.219,54,145802.0,600.0,126.0,508.0,600.0,0.0,1.0,0.0,0.0,0.5,0.042,0.453,0.5,0.508,0.056,0.468,0.514,0.0,0.0,-1.28,-5.28,0.41,-0.54,0.28,0.0,0.0,6.0,0.0,0.0,0.0,1.0,1.0,-34.7,-41.7,-25.2,-37.1,-26.1,-28.1,-26.1,-28.1,79.0,42.0,105.0,85.0,170.0,145.0,170.0,170.0,21.0,22.0,18.0,29.0,15.0,0.0,0.0
82.257,36,145838.0,600.0,126.0,508.0,600.0,0.0,1.0,0.0,0.0,0.5,0.042,0.434,0.5,0.508,0.056,0.445,0.514,0.0,0.0,-1.18,-5.33,0.62,-0.54,-1.02,0.0,0.0,6.0,0.0,0.0,0.0,1.0,1.0,-37.7,-41.8,-26.6,-38.9,-25.2,-29.0,-25.2,-29.0,73.0,43.0,101.0,87.0,170.0,145.0,170.0,170.0,21.0,22.0,18.0,29.0,15.0,0.0,1.0
82.355,101,145939.0,600.0,126.0,508.0,600.0,0.0,1.0,0.0,0.0,0.5,0.042,0.434,0.5,0.508,0.056,0.445,0.514,0.0,0.0,-1.23,-5.38,1.08,-0.54,-2.54,0.0,0.0,6.0,0.0,0.0,0.0,1.0,1.0,-37.5,-42.9,-28.2,-40.3,-23.8,-30.5,-23.8,-30.5,63.0,45.0,95.0,90.0,170.0,145.0,170.0,170.0,21.0,22.0,18.0,29.0,15.0,0.0,0.0
82.387,54,145993.0,600.0,126.0,508.0,600.0,0.0,1.0,0.0,0.0,0.5,0.042,0.434,0.5,0.508,0.056,0.445,0.514,0.0,0.0,-1.15,-5.44,0.84,-0.54,-4.49,0.0,0.0,6.0,0.0,0.0,0.0,1.0,1.0,-37.9,-42.3,-28.8,-38.2,-22.0,-32.3,-22.0,-32.3,53.0,48.0,84.0,94.0,170.0,145.0,170.0,170.0,21.0,22.0,18.0,29.0,15.0,0.0,0.0
82.42,36,146029.0,600.0,126.0,508.0,600.0,0.0,1.0,0.0,0.0,0.5,0.042,0.425,0.5,0.508,0.056,0.435,0.514,0.0,0.0,-1.08,-5.41,0.86,-0.54,-5.16,0.0,0.0,6.0,0.0,0.0,0.0,1.0,1.0,-37.0,-41.9,-28.7,-37.0,-22.8,-31.4,-22.8,-31.4,56.0,47.0,85.0,90.0,170.0,145.0,170.0,170.0,15.0,14.0,14.0,9.0,15.0,0.0,1.0
82.515,99,146128.0,600.0,127.0,508.0,600.0,0.0,1.0,0.0,0.0,0.5,0.042,0.425,0.5,0.508,0.056,0.435,0.514,0.0,0.0,-1.26,-5.39,0.53,-0.54,-3.63,0.0,0.0,6.0,0.0,0.0,0.0,1.0,1.0,-33.0,-37.8,-25.2,-33.4,-25.4,-28.9,-25.4,-28.9,63.0,44.0,92.0,84.0,170.0,145.0,170.0,170.0,15.0,14.0,14.0,9.0,15.0,0.0,0.0
82.581,54,146182.0,600.0,127.0,406.0,600.0,0.0,1.0,0.0,0.0,0.5,0.042,0.425,0.5,0.508,0.056,0.435,0.514,0.0,0.0,-1.03,-5.29,0.0,-0.54,-1.76,0.0,0.0,6.0,0.0,0.0,0.0,1.0,1.0,-32.8,-37.1,-25.5,-31.7,-26.6,-27.7,-26.6,-27.7,66.0,42.0,96.0,79.0,170.0,145.0,170.0,170.0,15.0,14.0,14.0,9.0,15.0,0.0,0.0
82.613,36,146218.0,600.0,127.0,406.0,600.0,0.0,1.0,0.0,0.0,0.5,0.043,0.365,0.5,0.508,0.055,0.383,0.513,0.0,0.0,-1.0,-5.26,-0.13,-0.54,-0.55,0.0,0.0,6.0,0.0,0.0,0.0,1.0,1.0,-32.5,-37.0,-26.4,-30.7,-27.0,-27.2,-27.0,-27.2,67.0,41.0,97.0,78.0,170.0,145.0,170.0,170.0,15.0,14.0,14.0,9.0,15.0,0.0,1.0
82.709,101,146319.0,600.0,129.0,406.0,600.0,0.0,1.0,0.0,0.0,0.5,0.043,0.365,0.5,0.508,0.055,0.383,0.513,0.0,0.0,-1.06,-5.33,-0.31,-0.54,0.56,0.0,0.0,6.0,0.0,0.0,0.0,1.0,1.0,-30.8,-35.8,-31.0,-30.8,-27.3,-26.9,-27.3,-26.9,67.0,41.0,95.0,77.0,170.0,145.0,170.0,170.0,15.0,14.0,14.0,9.0,15.0,0.0,1.0
82.772,55,146374.0,600.0,129.0,406.0,600.0,0.0,1.0,0.0,0.0,0.5,0.043,0.365,0.5,0.508,0.055,0.383,0.513,0.0,0.0,-0.97,-5.21,-0.38,-0.54,0.2,0.0,0.0,6.0,0.0,0.0,0.0,1.0,1.0,-30.2,-35.0,-31.9,-31.4,-26.6,-27.6,-26.6,-27.6,65.0,42.0,90.0,79.0,170.0,145.0,170.0,170.0,15.0,14.0,14.0,9.0,15.0,0.0,0.0
82.804,36,146410.0,600.0,129.0,406.0,600.0,0.0,1.0,0.0,0.0,0.5,0.043,0.338,0.5,0.508,0.056,0.351,0.512,0.0,0.0,-0.92,-5.22,-0.34,-0.54,-0.49,0.0,0.0,6.0,0.0,0.0,0.0,1.0,1.0,-30.7,-36.7,-32.9,-33.2,-27.0,-27.2,-27.0,-27.2,66.0,41.0,89.0,77.0,170.0,145.0,170.0,170.0,15.0,14.0,14.0,9.0,15.0,0.0,1.0
82.9,99,146509.0,600.0,130.0,406.0,600.0,0.0,1.0,0.0,0.0,0.5,0.043,0.338,0.5,0.508,0.056,0.351,0.512,0.0,0.0,-1.27,-5.3,-0.41,-0.54,-0.07,0.0,0.0,6.0,0.0,0.0,0.0,1.0,1.0,-31.1,-36.4,-30.3,-36.7,-27.1,-27.1,-27.1,-27.1,66.0,41.0,90.0,76.0,170.0,145.0,170.0,170.0,15.0,14.0,14.0,9.0,15.0,0.0,1.0
82.965,53,146562.0,600.0,130.0,407.0,600.0,0.0,1.0,0.0,0.0,0.5,0.043,0.338,0.5,0.508,0.056,0.351,0.512,0.0,0.0,-1.11,-5.25,-0.4,-0.54,-0.01,0.0,0.0,6.0,0.0,0.0,0.0,1.0,1.0,-31.1,-34.7,-32.0,-36.6,-27.2,-27.0,-27.2,-27.0,67.0,42.0,88.0,76.0,170.0,145.0,170.0,170.0,33.0,12.0,28.0,13.0,15.0,0.0,0.0
82.996,37,146599.0,600.0,130.0,407.0,600.0,0.0,1.0,0.0,0.0,0.5,0.044,0.326,0.5,0.508,0.056,0.336,0.512,0.0,0.0,-1.08,-5.26,-0.37,-0.54,0.07,0.0,0.0,6.0,0.0,0.0,0.0,1.0,1.0,-30.1,-34.2,-31.6,-35.6,-28.0,-26.3,-28.0,-26.3,68.0,40.0,91.0,74.0,170.0,145.0,170.0,170.0,33.0,12.0,28.0,13.0,15.0,0.0,1.0
83.091,97,146696.0,600.0,131.0,407.0,600.0,0.0,1.0,0.0,0.0,0.5,0.044,0.326,0.5,0.508,0.056,0.336,0.512,0.0,0.0,-1.19,-5.38,-0.66,-0.54,0.85,0.0,0.0,6.0,0.0,0.0,0.0,1.0,1.0,-32.9,-34.8,-28.7,-36.4,-26.6,-27.6,-26.6,-27.6,65.0,42.0,86.0,78.0,170.0,145.0,170.0,170.0,33.0,12.0,28.0,13.0,15.0,0.0,0.0
83.156,54,146750.0,600.0,131.0,407.0,600.0,0.0,1.0,0.0,0.0,0.5,0.044,0.326,0.5,0.508,0.056,0.336,0.512,0.0,0.0,-0.99,-5.25,-0.57,-0.54,-0.53,0.0,0.0,6.0,0.0,0.0,0.0,1.0,1.0,-31.9,-33.7,-28.6,-36.1,-27.9,-26.3,-27.9,-26.3,68.0,41.0,90.0,74.0,170.0,145.0,170.0,170.0,33.0,12.0,28.0,13.0,15.0,0.0,0.0
83.188,38,146788.0,600.0,131.0,407.0,600.0,0.0,1.0,0.0,0.0,0.5,0.045,0.32,0.5,0.508,0.057,0.329,0.512,0.0,0.0,-0.92,-5.23,-0.56,-0.54,0.77,0.0,0.0,6.0,0.0,0.0,0.0,1.0,1.0,-32.7,-33.2,-28.0,-34.5,-28.9,-25.4,-28.9,-25.4,70.0,39.0,94.0,72.0,170.0,145.0,170.0,170.0,33.0,12.0,28.0,13.0,15.0,0.0,1.0
83.287,97,146885.0,600.0,131.0,407.0,600.0,0.0,1.0,0.0,0.0,0.5,0.045,0.32,0.5,0.508,0.057,0.329,0.512,0.0,0.0,-0.95,-5.39,-0.89,-0.54,1.75,0.0,0.0,6.0,0.0,0.0,0.0,1.0,1.0,-33.6,-33.7,-28.1,-34.2,-27.4,-26.8,-27.4,-26.8,66.0,41.0,89.0,76.0,170.0,145.0,170.0,170.0,33.0,12.0,28.0,13.0,15.0,0.0,0.0
83.352,54,146939.0,600.0,131.0,407.0,600.0,0.0,1.0,0.0,0.0,0.5,0.045,0.32,0.5,0.508,0.057,0.329,0.512,0.0,0.0,-1.02,-5.4,-0.75,-0.54,0.28,0.0,0.0,6.0,0.0,0.0,0.0,1.0,1.0,-32.0,-33.6,-27.8,-32.9,-28.7,-25.6,-28.7,-25.6,70.0,39.0,94.0,73.0,170.0,145.0,170.0,170.0,33.0,12.0,28.0,13.0,15.0,0.0,0.0
83.385,36,146975.0,600.0,131.0,407.0,600.0,0.0,1.0,0.0,0.0,0.5,0.045,0.317,0.5,0.508,0.057,0.326,0.512,0.0,0.0,-0.85,-5.27,-0.65,-0.54,1.55,0.0,0.0,6.0,0.0,0.0,0.0,1.0,1.0,-32.0,-33.5,-27.3,-31.4,-28.8,-25.4,-28.8,-25.4,70.0,39.0,94.0,73.0,170.0,145.0,170.0,170.0,33.0,12.0,28.0,13.0,15.0,0.0,1.0
83.483,98,147073.0,600.0,131.0,407.0,600.0,0.0,1.0,0.0,0.0,0.5,0.045,0.317,0.5,0.508,0.057,0.326,0.512,0.0,0.0,-0.85,-5.36,-0.78,-0.54,2.19,0.0,0.0,6.0,0.0,0.0,0.0,1.0,1.0,-30.3,-34.6,-29.5,-28.1,-29.4,-24.8,-29.4,-24.8,72.0,38.0,96.0,72.0,170.0,145.0,170.0,170.0,15.0,20.0,24.0,7.0,15.0,0.0,1.0
83.515,54,147127.0,600.0,131.0,509.0,600.0,0.0,1.0,0.0,0.0,0.5,0.045,0.317,0.5,0.508,0.057,0.326,0.512,0.0,0.0,-1.01,-5.37,-0.93,-0.54,2.27,0.0,0.0,6.0,0.0,0.0,0.0,1.0,1.0,-29.9,-35.0,-31.9,-27.1,-29.3,-25.0,-29.3,-25.0,72.0,38.0,94.0,72.0,170.0,145.0,170.0,170.0,15.0,20.0,24.0,7.0,15.0,0.0,0.0
83.58,36,147163.0,600.0,131.0,509.0,600.0,0.0,1.0,0.0,0.0,0.5,0.045,0.371,0.5,0.508,0.058,0.371,0.513,0.0,0.0,-1.0,-5.32,-0.89,-0.54,2.14,0.0,0.0,6.0,0.0,0.0,0.0,1.0,1.0,-28.9,-34.8,-31.6,-25.6,-28.4,-25.8,-28.4,-25.8,70.0,39.0,91.0,79.0,170.0,145.0,170.0,170.0,15.0,20.0,24.0,7.0,15.0,0.0,1.0
83.684,102,147265.0,600.0,131.0,509.0,600.0,0.0,1.0,0.0,0.0,0.5,0.045,0.371,0.5,0.508,0.058,0.371,0.513,0.0,0.0,-0.98,-5.26,-0.75,-0.54,1.84,0.0,0.0,6.0,0.0,0.0,0.0,1.0,1.0,-28.2,-34.6,-44.0,-28.5,-29.3,-24.9,-29.3,-24.9,75.0,38.0,90.0,71.0,170.0,145.0,170.0,170.0,15.0,20.0,24.0,7.0,15.0,0.0,1.0
83.717,54,147319.0,600.0,131.0,509.0,600.0,0.0,1.0,0.0,0.0,0.5,0.045,0.371,0.5,0.508,0.058,0.371,0.513,0.0,0.0,-1.01,-5.3,-0.87,-0.54,2.19,0.0,0.0,6.0,0.0,0.0,0.0,1.0,1.0,-28.2,-34.6,-44.0,-28.5,-28.0,-26.2,-28.0,-26.2,70.0,40.0,87.0,75.0,170.0,145.0,170.0,170.0,15.0,20.0,24.0,7.0,15.0,0.0,0.0
83.75,36,147355.0,600.0,131.0,509.0,600.0,0.0,1.0,0.0,0.0,0.5,0.045,0.397,0.5,0.508,0.058,0.4,0.513,0.0,0.0,-1.02,-5.23,-0.61,-0.54,0.87,0.0,0.0,6.0,0.0,0.0,0.0,1.0,1.0,-28.3,-33.4,-41.4,-30.6,-27.9,-26.3,-27.9,-26.3,72.0,41.0,87.0,75.0,170.0,145.0,170.0,170.0,15.0,20.0,24.0,7.0,15.0,0.0,1.0
83.886,101,147456.0,600.0,130.0,509.0,600.0,0.0,1.0,0.0,0.0,0.5,0.045,0.397,0.5,0.508,0.058,0.4,0.513,0.0,0.0,-1.07,-5.25,-0.76,-0.54,1.46,0.0,0.0,6.0,0.0,0.0,0.0,1.0,1.0,-29.3,-33.0,-40.0,-35.7,-29.6,-24.7,-29.6,-24.7,75.0,38.0,92.0,69.0,170.0,145.0,170.0,170.0,15.0,20.0,24.0,7.0,15.0,0.0,1.0
83.92,54,147510.0,600.0,130.0,600.0,600.0,0.0,1.0,0.0,0.0,0.5,0.045,0.397,0.5,0.508,0.058,0.4,0.513,0.0,0.0,-1.11,-5.34,-0.89,-0.54,2.46,0.0,0.0,6.0,0.0,0.0,0.0,1.0,1.0,-31.6,-33.1,-38.5,-35.9,-28.6,-25.6,-28.6,-25.6,69.0,40.0,90.0,71.0,170.0,145.0,170.0,170.0,15.0,20.0,24.0,7.0,15.0,0.0,0.0
83.953,36,147546.0,600.0,130.0,600.0,600.0,0.0,1.0,0.0,0.0,0.5,0.045,0.452,0.5,0.508,0.059,0.451,0.514,0.0,0.0,-1.11,-5.43,-0.82,-0.54,1.49,0.0,0.0,6.0,0.0,0.0,0.0,1.0,1.0,-31.5,-32.7,-37.4,-36.5,-28.8,-25.5,-28.8,-25.5,70.0,39.0,90.0,71.0,170.0,145.0,170.0,170.0,27.0,22.0,18.0,33.0,15.0,0.0,0.0
84.058,98,147644.0,600.0,130.0,600.0,600.0,0.0,1.0,0.0,0.0,0.5,0.045,0.452,0.5,0.508,0.059,0.451,0.514,0.0,0.0,-0.94,-5.26,-0.76,-0.54,1.64,0.0,0.0,6.0,0.0,0.0,0.0,1.0,1.0,-33.2,-34.9,-31.5,-37.9,-29.7,-24.5,-29.7,-24.5,72.0,37.0,94.0,68.0,170.0,145.0,170.0,170.0,27.0,22.0,18.0,33.0,15.0,0.0,1.0
84.091,54,147698.0,600.0,130.0,600.0,600.0,0.0,1.0,0.0,0.0,0.5,0.045,0.452,0.5,0.508,0.059,0.451,0.514,0.0,0.0,-1.0,-5.31,-1.0,-0.54,2.59,0.0,0.0,6.0,0.0,0.0,0.0,1.0,1.0,-32.7,-34.3,-30.6,-36.8,-28.4,-25.9,-28.4,-25.9,69.0,40.0,89.0,72.0,170.0,145.0,170.0,170.0,27.0,22.0,18.0,33.0,15.0,0.0,0.0
84.124,36,147734.0,600.0,130.0,600.0,600.0,0.0,1.0,0.0,0.0,0.5,0.045,0.478,0.5,0.508,0.059,0.481,0.514,0.0,0.0,-1.02,-5.41,-0.91,-0.54,1.27,0.0,0.0,6.0,0.0,0.0,0.0,1.0,1.0,-31.2,-34.1,-30.1,-35.8,-27.7,-26.6,-27.7,-26.6,67.0,41.0,87.0,74.0,170.0,145.0,170.0,170.0,27.0,22.0,18.0,33.0,15.0,0.0,1.0
84.255,100,147834.0,600.0,131.0,600.0,600.0,0.0,1.0,0.0,0.0,0.5,0.045,0.478,0.5,0.508,0.059,0.481,0.514,0.0,0.0,-0.98,-5.3,-0.99,-0.54,1.22,0.0,0.0,6.0,0.0,0.0,0.0,1.0,1.0,-32.7,-34.9,-29.8,-32.9,-30.2,-24.0,-30.2,-24.0,73.0,36.0,96.0,68.0,170.0,145.0,170.0,170.0,27.0,22.0,18.0,33.0,15.0,0.0,1.0
84.287,54,147888.0,600.0,131.0,504.0,600.0,0.0,1.0,0.0,0.0,0.5,0.045,0.478,0.5,0.508,0.059,0.481,0.514,0.0,0.0,-1.09,-5.33,-1.18,-0.54,3.12,0.0,0.0,6.0,0.0,0.0,0.0,1.0,1.0,-32.7,-34.9,-29.8,-32.9,-30.2,-24.0,-30.2,-24.0,73.0,35.0,99.0,66.0,170.0,145.0,170.0,170.0,27.0,22.0,18.0,33.0,15.0,0.0,0.0
84.318,37,147925.0,600.0,131.0,504.0,600.0,0.0,1.0,0.0,0.0,0.5,0.045,0.443,0.5,0.508,0.059,0.457,0.514,0.0,0.0,-1.11,-5.47,-1.31,-0.54,3.9,0.0,0.0,6.0,0.0,0.0,0.0,1.0,1.0,-32.9,-34.4,-29.1,-30.0,-30.2,-24.0,-30.2,-24.0,73.0,36.0,97.0,68.0,170.0,145.0,170.0,170.0,27.0,22.0,18.0,33.0,15.0,0.0,1.0
84.414,96,148021.0,600.0,131.0,504.0,600.0,0.0,1.0,0.0,0.0,0.5,0.045,0.443,0.5,0.508,0.059,0.457,0.514,0.0,0.0,-1.04,-5.33,-1.12,-0.54,3.08,0.0,0.0,6.0,0.0,0.0,0.0,1.0,1.0,-31.8,-34.5,-28.7,-29.0,-29.3,-24.9,-29.3,-24.9,71.0,38.0,95.0,72.0,170.0,145.0,170.0,170.0,27.0,22.0,18.0,33.0,15.0,0.0,0.0
84.484,55,148076.0,600.0,131.0,504.0,600.0,0.0,1.0,0.0,0.0,0.5,0.045,0.443,0.5,0.508,0.059,0.457,0.514,0.0,0.0,-1.05,-5.35,-1.13,-0.54,2.21,0.0,0.0,6.0,0.0,0.0,0.0,1.0,1.0,-32.6,-36.9,-31.4,-27.1,-28.1,-26.2,-28.1,-26.2,68.0,39.0,89.0,75.0,170.0,145.0,170.0,170.0,11.0,8.0,38.0,33.0,15.0,0.0,0.0
84.517,36,148112.0,600.0,131.0,504.0,600.0,0.0,1.0,0.0,0.0,0.5,0.045,0.428,0.5,0.508,0.059,0.438,0.514,0.0,0.0,-1.03,-5.39,-0.99,-0.54,0.96,0.0,0.0,6.0,0.0,0.0,0.0,1.0,1.0,-33.2,-36.7,-33.0,-27.2,-27.1,-27.2,-27.1,-27.2,65.0,41.0,85.0,82.0,170.0,145.0,170.0,170.0,11.0,8.0,38.0,33.0,15.0,0.0,1.0
84.614,97,148209.0,600.0,130.0,504.0,600.0,0.0,1.0,0.0,0.0,0.5,0.045,0.428,0.5,0.508,0.059,0.438,0.514,0.0,0.0,-1.13,-5.42,-0.79,-0.54,-0.04,0.0,0.0,6.0,0.0,0.0,0.0,1.0,1.0,-31.9,-35.9,-35.5,-30.8,-28.8,-25.4,-28.8,-25.4,70.0,38.0,90.0,71.0,170.0,145.0,170.0,170.0,11.0,8.0,38.0,33.0,15.0,0.0,0.0
84.689,90,148299.0,600.0,130.0,409.0,600.0,0.0,1.0,0.0,0.0,0.5,0.045,0.368,0.5,0.508,0.058,0.386,0.513,0.0,0.0,-1.27,-5.21,-0.83,-0.54,2.53,0.0,0.0,6.0,0.0,0.0,0.0,1.0,1.0,-32.7,-35.5,-34.4,-34.3,-29.6,-24.6,-29.6,-24.6,71.0,37.0,93.0,68.0,170.0,145.0,170.0,170.0,11.0,8.0,38.0,33.0,15.0,0.0,1.0
84.82,99,148398.0,600.0,130.0,409.0,600.0,0.0,1.0,0.0,0.0,0.5,0.045,0.368,0.5,0.508,0.058,0.386,0.513,0.0,0.0,-1.23,-5.35,-0.98,-0.54,2.48,0.0,0.0,6.0,0.0,0.0,0.0,1.0,1.0,-33.6,-35.3,-35.0,-34.5,-28.2,-26.0,-28.2,-26.0,68.0,40.0,89.0,72.0,170.0,145.0,170.0,170.0,11.0,8.0,38.0,33.0,15.0,0.0,0.0
84.858,54,148452.0,600.0,130.0,309.0,600.0,0.0,1.0,0.0,0.0,0.5,0.045,0.368,0.5,0.508,0.058,0.386,0.513,0.0,0.0,-1.4,-5.3,-0.88,-0.54,0.19,0.0,0.0,6.0,0.0,0.0,0.0,1.0,1.0,-35.9,-36.2,-31.6,-34.5,-26.7,-27.5,-26.7,-27.5,64.0,42.0,85.0,76.0,170.0,145.0,170.0,170.0,11.0,8.0,38.0,33.0,15.0,0.0,0.0
84.889,37,148489.0,600.0,130.0,309.0,600.0,0.0,1.0,0.0,0.0,0.5,0.045,0.283,0.5,0.508,0.057,0.305,0.512,0.0,0.0,-1.34,-5.33,-0.81,-0.54,-0.43,0.0,0.0,6.0,0.0,0.0,0.0,1.0,1.0,-35.1,-35.6,-28.4,-34.5,-27.0,-27.3,-27.0,-27.3,65.0,42.0,86.0,76.0,170.0,145.0,170.0,170.0,11.0,8.0,38.0,33.0,15.0,0.0,1.0
84.984,98,148587.0,600.0,130.0,309.0,600.0,0.0,1.0,0.0,0.0,0.5,0.045,0.283,0.5,0.508,0.057,0.305,0.512,0.0,0.0,-1.22,-5.51,-0.78,-0.54,0.21,0.0,0.0,6.0,0.0,0.0,0.0,1.0,1.0,-36.5,-34.3,-27.5,-35.2,-28.1,-26.1,-28.1,-26.1,67.0,40.0,93.0,72.0,170.0,145.0,170.0,170.0,29.0,16.0,5.0,15.0,15.0,0.0,1.0
85.053,55,148642.0,600.0,130.0,309.0,600.0,0.0,1.0,0.0,0.0,0.5,0.045,0.283,0.5,0.508,0.057,0.305,0.512,0.0,0.0,-1.37,-5.34,-0.82,-0.54,1.36,0.0,0.0,6.0,0.0,0.0,0.0,1.0,1.0,-37.0,-33.5,-27.5,-34.5,-29.4,-24.8,-29.4,-24.8,70.0,38.0,95.0,69.0,170.0,145.0,170.0,170.0,29.0,16.0,5.0,15.0,15.0,0.0,1.0
85.086,36,148678.0,600.0,130.0,309.0,600.0,0.0,1.0,0.0,0.0,0.5,0.045,0.244,0.5,0.508,0.056,0.259,0.511,0.0,0.0,-1.24,-5.43,-1.11,-0.54,2.31,0.0,0.0,6.0,0.0,0.0,0.0,1.0,1.0,-37.0,-33.9,-27.9,-33.7,-29.4,-24.9,-29.4,-24.9,70.0,38.0,96.0,69.0,170.0,145.0,170.0,170.0,29.0,16.0,5.0,15.0,15.0,0.0,1.0
85.184,101,148779.0,600.0,130.0,309.0,600.0,0.0,1.0,0.0,0.0,0.5,0.045,0.244,0.5,0.508,0.056,0.259,0.511,0.0,0.0,-1.19,-5.52,-1.11,-0.54,1.77,0.0,0.0,6.0,0.0,0.0,0.0,1.0,1.0,-33.6,-34.3,-28.0,-31.4,-30.2,-24.0,-30.2,-24.0,73.0,37.0,99.0,67.0,170.0,145.0,170.0,170.0,29.0,16.0,5.0,15.0,15.0,0.0,1.0
85.255,54,148833.0,600.0,130.0,306.0,600.0,0.0,1.0,0.0,0.0,0.5,0.045,0.244,0.5,0.508,0.056,0.259,0.511,0.0,0.0,-1.31,-5.39,-1.18,-0.54,3.08,0.0,0.0,6.0,0.0,0.0,0.0,1.0,1.0,-32.7,-34.3,-28.0,-29.6,-30.9,-23.3,-30.9,-23.3,75.0,35.0,103.0,66.0,170.0,145.0,170.0,170.0,29.0,16.0,5.0,15.0,15.0,0.0,0.0
85.287,36,148869.0,600.0,130.0,306.0,600.0,0.0,1.0,0.0,0.0,0.5,0.045,0.223,0.5,0.508,0.055,0.235,0.511,0.0,0.0,-1.23,-5.42,-1.23,-0.54,3.77,0.0,0.0,6.0,0.0,0.0,0.0,1.0,1.0,-32.7,-34.5,-28.3,-28.6,-30.0,-24.2,-30.0,-24.2,73.0,37.0,101.0,68.0,170.0,145.0,170.0,170.0,29.0,16.0,5.0,15.0,15.0,0.0,1.0
85.382,100,148969.0,600.0,129.0,306.0,600.0,0.0,1.0,0.0,0.0,0.5,0.045,0.223,0.5,0.508,0.055,0.235,0.511,0.0,0.0,-1.15,-5.54,-1.17,-0.54,2.77,0.0,0.0,6.0,0.0,0.0,0.0,1.0,1.0,-32.1,-35.4,-29.6,-26.7,-29.3,-24.9,-29.3,-24.9,71.0,38.0,98.0,71.0,170.0,145.0,170.0,170.0,29.0,16.0,5.0,15.0,15.0,0.0,1.0
85.415,54,149023.0,600.0,129.0,306.0,600.0,0.0,1.0,0.0,0.0,0.5,0.045,0.223,0.5,0.508,0.055,0.235,0.511,0.0,0.0,-1.53,-5.37,-0.97,-0.54,2.18,0.0,0.0,6.0,0.0,0.0,0.0,1.0,1.0,-31.6,-35.4,-31.1,-26.9,-28.8,-25.4,-28.8,-25.4,70.0,39.0,95.0,72.0,170.0,145.0,170.0,170.0,29.0,16.0,5.0,15.0,15.0,0.0,0.0
85.457,36,149059.0,600.0,129.0,306.0,600.0,0.0,1.0,0.0,0.0,0.5,0.045,0.214,0.5,0.508,0.055,0.224,0.51,0.0,0.0,-1.51,-5.41,-0.99,-0.54,1.69,0.0,0.0,6.0,0.0,0.0,0.0,1.0,1.0,-31.2,-35.0,-33.3,-29.1,-28.5,-25.8,-28.5,-25.8,69.0,39.0,92.0,73.0,170.0,145.0,170.0,170.0,17.0,22.0,35.0,27.0,15.0,0.0,1.0
85.555,100,149159.0,600.0,129.0,306.0,600.0,0.0,1.0,0.0,0.0,0.5,0.045,0.214,0.5,0.508,0.055,0.224,0.51,0.0,0.0,-1.23,-5.53,-0.8,-0.54,0.7,0.0,0.0,6.0,0.0,0.0,0.0,1.0,1.0,-30.3,-34.5,-35.8,-32.4,-27.8,-26.4,-27.8,-26.4,68.0,41.0,88.0,74.0,170.0,145.0,170.0,170.0,17.0,22.0,35.0,27.0,15.0,0.0,1.0
85.62,54,149213.0,600.0,129.0,401.0,600.0,0.0,1.0,0.0,0.0,0.5,0.045,0.214,0.5,0.508,0.055,0.224,0.51,0.0,0.0,-1.59,-5.47,-0.75,-0.54,1.62,0.0,0.0,6.0,0.0,0.0,0.0,1.0,1.0,-30.0,-33.9,-38.2,-37.3,-29.7,-24.6,-29.7,-24.6,72.0,38.0,93.0,67.0,170.0,145.0,170.0,170.0,17.0,22.0,35.0,27.0,15.0,0.0,1.0
85.655,36,149249.0,600.0,129.0,401.0,600.0,0.0,1.0,0.0,0.0,0.5,0.044,0.265,0.5,0.508,0.055,0.265,0.511,0.0,0.0,-1.5,-5.47,-0.82,-0.54,2.54,0.0,0.0,6.0,0.0,0.0,0.0,1.0,1.0,-32.9,-34.2,-39.6,-38.9,-29.1,-25.2,-29.1,-25.2,70.0,38.0,91.0,69.0,170.0,145.0,170.0,170.0,17.0,22.0,35.0,27.0,15.0,0.0,1.0
85.754,98,149347.0,600.0,128.0,401.0,600.0,0.0,1.0,0.0,0.0,0.5,0.044,0.265,0.5,0.508,0.055,0.265,0.511,0.0,0.0,-1.21,-5.58,-0.82,-0.54,1.29,0.0,0.0,6.0,0.0,0.0,0.0,1.0,1.0,-35.9,-34.9,-33.6,-39.9,-26.5,-27.7,-26.5,-27.7,63.0,43.0,82.0,76.0,170.0,145.0,170.0,170.0,17.0,22.0,35.0,27.0,15.0,0.0,0.0
85.82,54,149401.0,600.0,128.0,392.0,600.0,0.0,1.0,0.0,0.0,0.5,0.044,0.265,0.5,0.508,0.055,0.265,0.511,0.0,0.0,-1.46,-5.59,-0.61,-0.54,-0.58,0.0,0.0,6.0,0.0,0.0,0.0,1.0,1.0,-35.8,-34.4,-32.6,-40.9,-27.8,-26.4,-27.8,-26.4,66.0,41.0,86.0,72.0,170.0,145.0,170.0,170.0,17.0,22.0,35.0,27.0,15.0,0.0,0.0
85.858,36,149437.0,600.0,128.0,392.0,600.0,0.0,1.0,0.0,0.0,0.5,0.044,0.284,0.5,0.508,0.055,0.288,0.511,0.0,0.0,-1.34,-5.5,-0.74,-0.54,0.69,0.0,0.0,6.0,0.0,0.0,0.0,1.0,1.0,-35.8,-34.1,-33.4,-40.5,-28.7,-25.6,-28.7,-25.6,69.0,39.0,89.0,69.0,170.0,145.0,170.0,170.0,17.0,22.0,35.0,27.0,15.0,0.0,1.0
85.956,99,149536.0,600.0,128.0,392.0,600.0,0.0,1.0,0.0,0.0,0.5,0.044,0.284,0.5,0.508,0.055,0.288,0.511,0.0,0.0,-1.14,-5.58,-0.94,-0.54,2.22,0.0,0.0,6.0,0.0,0.0,0.0,1.0,1.0,-33.5,-35.0,-29.8,-38.0,-28.5,-25.7,-28.5,-25.7,69.0,39.0,89.0,70.0,170.0,145.0,170.0,170.0,17.0,22.0,35.0,27.0,15.0,0.0,1.0
85.989,54,149590.0,600.0,128.0,392.0,600.0,0.0,1.0,0.0,0.0,0.5,0.044,0.284,0.5,0.508,0.055,0.288,0.511,0.0,0.0,-1.43,-5.59,-0.91,-0.54,1.38,0.0,0.0,6.0,0.0,0.0,0.0,1.0,1.0,-33.5,-34.7,-29.3,-37.0,-28.7,-25.5,-28.7,-25.5,69.0,39.0,90.0,70.0,170.0,145.0,170.0,170.0,15.0,14.0,7.0,47.0,15.0,0.0,1.0
86.021,36,149626.0,600.0,128.0,392.0,600.0,0.0,1.0,0.0,0.0,0.5,0.044,0.292,0.5,0.508,0.055,0.299,0.512,0.0,0.0,-1.6,-5.51,-0.86,-0.54,1.59,0.0,0.0,6.0,0.0,0.0,0.0,1.0,1.0,-33.0,-34.4,-28.7,-35.2,-28.7,-25.6,-28.7,-25.6,69.0,39.0,90.0,71.0,170.0,145.0,170.0,170.0,15.0,14.0,7.0,47.0,15.0,0.0,1.0
86.12,96,149722.0,600.0,127.0,392.0,600.0,0.0,1.0,0.0,0.0,0.5,0.044,0.292,0.5,0.508,0.055,0.299,0.512,0.0,0.0,-1.19,-5.58,-0.93,-0.54,1.56,0.0,0.0,0.0,0.0,0.0,0.0,1.0,1.0,-32.0,-34.4,-28.0,-33.3,0.0,0.0,0.0,0.0,0.0,0.0,0.0,0.0,170.0,145.0,170.0,170.0,15.0,14.0,7.0,47.0,15.0,0.0,0.0
86.186,55,149777.0,600.0,127.0,492.0,600.0,0.0,1.0,0.0,0.0,0.5,0.044,0.292,0.5,0.508,0.055,0.299,0.512,0.0,0.0,-1.58,-5.48,-0.85,-0.54,0.0,0.0,0.0,0.0,0.0,0.0,0.0,1.0,1.0,-32.3,-33.1,-25.9,-32.0,0.0,0.0,0.0,0.0,0.0,0.0,0.0,0.0,170.0,145.0,170.0,170.0,15.0,14.0,7.0,47.0,15.0,0.0,1.0
86.219,35,149812.0,600.0,127.0,492.0,600.0,0.0,1.0,0.0,0.0,0.5,0.043,0.351,0.5,0.508,0.056,0.35,0.512,0.0,0.0,-1.64,-5.47,-0.91,-0.54,0.0,0.0,0.0,0.0,0.0,0.0,0.0,1.0,1.0,-29.4,-30.2,-22.8,-29.4,0.0,0.0,0.0,0.0,0.0,0.0,0.0,0.0,170.0,145.0,170.0,170.0,15.0,14.0,7.0,47.0,15.0,0.0,1.0
86.319,98,149910.0,600.0,127.0,492.0,600.0,0.0,1.0,0.0,0.0,0.5,0.043,0.351,0.5,0.508,0.056,0.35,0.512,0.0,0.0,-1.72,-5.56,-1.07,-0.54,0.0,0.0,0.0,0.0,0.0,0.0,0.0,1.0,1.0,-20.2,-21.9,-16.0,-20.8,0.0,0.0,0.0,0.0,0.0,0.0,0.0,0.0,170.0,145.0,170.0,170.0,15.0,14.0,7.0,47.0,15.0,0.0,0.0
86.351,53,149963.0,600.0,127.0,492.0,600.0,0.0,1.0,0.0,0.0,0.5,0.043,0.351,0.5,0.508,0.056,0.35,0.512,0.0,0.0,-1.67,-5.52,-1.17,-0.54,0.0,0.0,0.0,0.0,0.0,0.0,0.0,1.0,1.0,-20.2,-21.9,-16.0,-20.8,0.0,0.0,0.0,0.0,0.0,0.0,0.0,0.0,170.0,145.0,170.0,170.0,15.0,14.0,7.0,47.0,15.0,0.0,0.0
86.417,36,149999.0,600.0,127.0,492.0,600.0,0.0,1.0,0.0,0.0,0.5,0.043,0.378,0.5,0.508,0.056,0.382,0.513,0.0,0.0,-1.63,-5.48,-1.03,-0.54,0.0,0.0,0.0,0.0,0.0,0.0,0.0,1.0,1.0,-15.5,-17.0,-12.3,-15.9,0.0,0.0,0.0,0.0,0.0,0.0,0.0,0.0,170.0,145.0,170.0,170.0,15.0,14.0,7.0,47.0,15.0,0.0,1.0
86.516,100,150099.0,600.0,127.0,492.0,600.0,0.0,1.0,0.0,0.0,0.5,0.043,0.378,0.5,0.508,0.056,0.382,0.513,0.0,0.0,-1.67,-5.49,-1.05,-0.54,0.0,0.0,0.0,0.0,0.0,0.0,0.0,1.0,1.0,-12.1,-13.2,-9.6,-12.3,0.0,0.0,0.0,0.0,0.0,0.0,0.0,0.0,170.0,145.0,170.0,170.0,13.0,10.0,21.0,5.0,15.0,0.0,1.0
86.548,54,150153.0,600.0,127.0,383.0,600.0,0.0,1.0,0.0,0.0,0.5,0.043,0.378,0.5,0.508,0.056,0.382,0.513,0.0,0.0,-1.69,-5.49,-1.04,-0.54,0.0,0.0,0.0,0.0,0.0,0.0,0.0,1.0,1.0,-9.4,-10.2,-7.4,-9.5,0.0,0.0,0.0,0.0,0.0,0.0,0.0,0.0,170.0,145.0,170.0,170.0,13.0,10.0,21.0,5.0,15.0,0.0,0.0
86.581,37,150190.0,600.0,127.0,383.0,600.0,0.0,1.0,0.0,0.0,0.5,0.043,0.331,0.5,0.508,0.055,0.346,0.512,0.0,0.0,-1.7,-5.49,-1.05,-0.54,0.0,0.0,0.0,0.0,0.0,0.0,0.0,1.0,1.0,-8.3,-9.0,-6.5,-8.4,0.0,0.0,0.0,0.0,0.0,0.0,0.0,0.0,170.0,145.0,170.0,170.0,13.0,10.0,21.0,5.0,15.0,0.0,1.0
86.679,98,150288.0,600.0,127.0,383.0,600.0,0.0,1.0,0.0,0.0,0.5,0.043,0.331,0.5,0.508,0.055,0.346,0.512,0.0,0.0,-1.73,-5.49,-1.04,-0.54,0.0,0.0,0.0,0.0,0.0,0.0,0.0,1.0,1.0,-6.4,-6.9,-5.1,-6.5,0.0,0.0,0.0,0.0,0.0,0.0,0.0,0.0,170.0,145.0,170.0,170.0,13.0,10.0,21.0,5.0,15.0,0.0,1.0
86.745,53,150341.0,600.0,127.0,397.0,600.0,0.0,1.0,0.0,0.0,0.5,0.043,0.331,0.5,0.508,0.055,0.346,0.512,0.0,0.0,-1.74,-5.49,-1.04,-0.54,0.0,0.0,0.0,0.0,0.0,0.0,0.0,1.0,1.0,-6.4,-6.9,-5.1,-6.5,0.0,0.0,0.0,0.0,0.0,0.0,0.0,0.0,170.0,145.0,170.0,170.0,13.0,10.0,21.0,5.0,15.0,0.0,0.0
86.777,37,150378.0,600.0,127.0,397.0,600.0,0.0,1.0,0.0,0.0,0.5,0.043,0.317,0.5,0.508,0.055,0.327,0.512,0.0,0.0,-1.76,-5.49,-1.04,-0.54,0.0,0.0,0.0,0.0,0.0,0.0,0.0,1.0,1.0,-5.6,-5.4,-4.0,-5.0,0.0,0.0,0.0,0.0,0.0,0.0,0.0,0.0,170.0,145.0,170.0,170.0,13.0,10.0,21.0,5.0,15.0,0.0,1.0
86.872,100,150478.0,600.0,128.0,397.0,600.0,0.0,1.0,0.0,0.0,0.5,0.043,0.317,0.5,0.508,0.055,0.327,0.512,0.0,0.0,-1.76,-5.49,-1.04,-0.54,0.0,0.0,0.0,0.0,0.0,0.0,0.0,1.0,1.0,-3.8,-4.2,-3.1,-3.9,0.0,0.0,0.0,0.0,0.0,0.0,0.0,0.0,170.0,145.0,170.0,170.0,13.0,10.0,21.0,5.0,15.0,0.0,1.0
86.936,53,150531.0,600.0,128.0,397.0,600.0,0.0,1.0,0.0,0.0,0.5,0.043,0.317,0.5,0.508,0.055,0.327,0.512,0.0,0.0,-1.76,-5.49,-1.04,-0.54,0.0,0.0,0.0,0.0,0.0,0.0,0.0,1.0,1.0,-3.4,-3.7,-2.7,-3.4,0.0,0.0,0.0,0.0,0.0,0.0,0.0,0.0,170.0,145.0,170.0,170.0,13.0,10.0,21.0,5.0,15.0,0.0,0.0
86.968,36,150567.0,600.0,128.0,397.0,600.0,0.0,1.0,0.0,0.0,0.5,0.043,0.31,0.5,0.508,0.055,0.319,0.512,0.0,0.0,-1.76,-5.49,-1.04,-0.54,0.0,0.0,0.0,6.0,0.0,0.0,0.0,1.0,1.0,-3.0,-3.2,-2.3,-3.0,-3.5,-1.7,-3.5,-1.7,20.0,2.0,22.0,4.0,170.0,145.0,170.0,170.0,13.0,10.0,21.0,5.0,15.0,0.0,1.0
87.07,98,150665.0,600.0,127.0,397.0,600.0,0.0,1.0,0.0,0.0,0.5,0.043,0.31,0.5,0.508,0.055,0.319,0.512,0.0,0.0,-1.74,-5.5,-1.05,-0.54,1.52,0.0,0.0,6.0,0.0,0.0,0.0,1.0,1.0,-2.6,-2.5,-1.9,-2.3,-11.7,-8.0,-11.7,-8.0,37.0,23.0,46.0,33.0,170.0,145.0,170.0,170.0,13.0,10.0,21.0,5.0,15.0,0.0,0.0
87.136,54,150719.0,600.0,127.0,397.0,600.0,0.0,1.0,0.0,0.0,0.5,0.043,0.31,0.5,0.508,0.055,0.319,0.512,0.0,0.0,-1.72,-5.5,-1.05,-0.54,1.85,0.0,0.0,6.0,0.0,0.0,0.0,1.0,1.0,-2.0,-2.2,-1.6,-2.1,-15.4,-11.7,-15.4,-11.7,45.0,29.0,56.0,42.0,170.0,145.0,170.0,170.0,13.0,10.0,21.0,5.0,15.0,0.0,0.0
87.169,36,150755.0,600.0,127.0,397.0,600.0,0.0,1.0,0.0,0.0,0.5,0.043,0.307,0.5,0.508,0.055,0.316,0.512,0.0,0.0,-1.72,-5.5,-1.05,-0.54,1.86,0.0,0.0,6.0,0.0,0.0,0.0,1.0,1.0,-1.8,-1.9,-1.4,-1.8,-18.2,-14.4,-18.2,-14.4,51.0,33.0,64.0,49.0,170.0,145.0,170.0,170.0,13.0,10.0,21.0,5.0,15.0,0.0,1.0
87.267,97,150852.0,600.0,125.0,397.0,600.0,0.0,1.0,0.0,0.0,0.5,0.043,0.307,0.5,0.508,0.055,0.316,0.512,0.0,0.0,-1.7,-5.51,-1.05,-0.54,1.85,0.0,0.0,6.0,0.0,0.0,0.0,1.0,1.0,-1.8,-1.5,-1.1,-1.5,-25.2,-21.3,-25.2,-21.3,66.0,43.0,84.0,67.0,170.0,145.0,170.0,170.0,13.0,10.0,21.0,5.0,15.0,0.0,1.0
87.3,54,150906.0,600.0,125.0,397.0,600.0,0.0,1.0,0.0,0.0,0.5,0.043,0.307,0.5,0.508,0.055,0.316,0.512,0.0,0.0,-1.69,-5.51,-1.06,-0.54,1.95,0.0,0.0,6.0,0.0,0.0,0.0,1.0,1.0,-1.2,-1.3,-1.0,-1.3,-29.1,-25.2,-29.1,-25.2,74.0,48.0,95.0,77.0,170.0,145.0,170.0,170.0,13.0,10.0,21.0,5.0,15.0,0.0,1.0
87.332,36,150942.0,600.0,125.0,397.0,600.0,0.0,1.0,0.0,0.0,0.5,0.042,0.306,0.5,0.508,0.054,0.314,0.512,0.0,0.0,-1.69,-5.51,-1.06,-0.54,1.94,0.0,0.0,6.0,0.0,0.0,0.0,1.0,1.0,-1.1,-1.2,-0.9,-1.2,-29.0,-25.2,-29.0,-25.2,74.0,48.0,95.0,77.0,170.0,145.0,170.0,170.0,13.0,10.0,21.0,5.0,15.0,0.0,1.0
87.463,99,151041.0,600.0,126.0,397.0,600.0,0.0,1.0,0.0,0.0,0.5,0.042,0.306,0.5,0.508,0.054,0.314,0.512,0.0,0.0,-1.67,-5.51,-1.06,-0.54,1.93,0.0,0.0,6.0,0.0,0.0,0.0,1.0,1.0,-0.6,-0.9,-0.7,-0.9,-29.1,-25.2,-29.1,-25.2,74.0,48.0,95.0,77.0,170.0,145.0,170.0,170.0,13.0,10.0,21.0,5.0,15.0,0.0,1.0
87.496,54,151095.0,600.0,126.0,506.0,600.0,0.0,1.0,0.0,0.0,0.5,0.042,0.306,0.5,0.508,0.054,0.314,0.512,0.0,0.0,-1.66,-5.51,-1.07,-0.54,1.94,0.0,0.0,6.0,0.0,0.0,0.0,1.0,1.0,-0.5,-0.8,-0.6,-0.8,-29.0,-25.2,-29.0,-25.2,74.0,48.0,95.0,77.0,170.0,145.0,170.0,170.0,13.0,10.0,21.0,5.0,15.0,0.0,0.0
87.529,36,151131.0,600.0,126.0,506.0,600.0,0.0,1.0,0.0,0.0,0.5,0.042,0.365,0.5,0.508,0.055,0.363,0.513,0.0,0.0,-1.66,-5.51,-1.07,-0.54,1.91,0.0,0.0,6.0,0.0,0.0,0.0,1.0,1.0,-0.4,-0.7,-0.5,-0.7,-29.0,-25.2,-29.0,-25.2,74.0,48.0,95.0,77.0,170.0,145.0,170.0,170.0,13.0,10.0,21.0,5.0,15.0,0.0,1.0
87.627,100,151231.0,600.0,126.0,506.0,600.0,0.0,1.0,0.0,0.0,0.5,0.042,0.365,0.5,0.508,0.055,0.363,0.513,0.0,0.0,-1.63,-5.52,-1.07,-0.54,1.91,0.0,0.0,6.0,0.0,0.0,0.0,1.0,1.0,-0.5,-0.5,-0.4,-0.5,-29.1,-25.1,-29.1,-25.1,74.0,48.0,96.0,77.0,170.0,145.0,170.0,170.0,13.0,10.0,21.0,5.0,15.0,0.0,0.0
87.701,53,151284.0,600.0,126.0,600.0,600.0,0.0,1.0,0.0,0.0,0.5,0.042,0.365,0.5,0.508,0.055,0.363,0.513,0.0,0.0,-1.63,-5.53,-1.07,-0.54,1.97,0.0,0.0,6.0,0.0,0.0,0.0,1.0,1.0,-0.5,-0.5,-0.4,-0.5,-29.1,-25.1,-29.1,-25.1,74.0,48.0,96.0,77.0,170.0,145.0,170.0,170.0,13.0,10.0,21.0,5.0,15.0,0.0,1.0
87.734,37,151321.0,600.0,126.0,600.0,600.0,0.0,1.0,0.0,0.0,0.5,0.042,0.437,0.5,0.508,0.056,0.433,0.514,0.0,0.0,-1.62,-5.52,-1.07,-0.54,1.91,0.0,0.0,6.0,0.0,0.0,0.0,1.0,1.0,-0.4,-0.4,-0.3,-0.4,-29.0,-25.2,-29.0,-25.2,74.0,48.0,95.0,77.0,170.0,145.0,170.0,170.0,13.0,10.0,21.0,5.0,15.0,0.0,1.0
87.831,102,151423.0,600.0,124.0,600.0,600.0,0.0,1.0,0.0,0.0,0.5,0.042,0.437,0.5,0.508,0.056,0.433,0.514,0.0,0.0,-1.6,-5.53,-1.07,-0.54,1.92,0.0,0.0,6.0,0.0,0.0,0.0,1.0,1.0,0.0,-0.3,-0.2,-0.3,-29.1,-25.1,-29.1,-25.1,74.0,48.0,96.0,77.0,170.0,145.0,170.0,170.0,13.0,10.0,21.0,5.0,15.0,0.0,1.0
87.897,55,151478.0,600.0,124.0,494.0,600.0,0.0,1.0,0.0,0.0,0.5,0.042,0.437,0.5,0.508,0.056,0.433,0.514,0.0,0.0,-1.59,-5.53,-1.07,-0.54,1.97,0.0,0.0,6.0,0.0,0.0,0.0,1.0,1.0,0.0,-0.2,-0.2,-0.3,-29.1,-25.1,-29.1,-25.1,74.0,48.0,96.0,77.0,170.0,145.0,170.0,170.0,13.0,10.0,21.0,5.0,15.0,0.0,0.0
87.929,36,151514.0,600.0,124.0,494.0,600.0,0.0,1.0,0.0,0.0,0.5,0.042,0.42,0.5,0.508,0.055,0.43,0.514,0.0,0.0,-1.59,-5.53,-1.07,-0.54,1.98,0.0,0.0,6.0,0.0,0.0,0.0,1.0,1.0,0.0,-0.2,-0.2,-0.2,-29.1,-25.1,-29.1,-25.1,74.0,48.0,96.0,77.0,170.0,145.0,170.0,170.0,13.0,10.0,21.0,5.0,15.0,0.0,1.0
88.027,98,151612.0,600.0,125.0,494.0,600.0,0.0,1.0,0.0,0.0,0.5,0.042,0.42,0.5,0.508,0.055,0.43,0.514,0.0,0.0,-1.57,-5.53,-1.08,-0.54,1.97,0.0,0.0,6.0,0.0,0.0,0.0,1.0,1.0,-0.0,-0.2,-0.1,-0.2,-29.1,-25.1,-29.1,-25.1,74.0,48.0,96.0,77.0,170.0,145.0,170.0,170.0,13.0,10.0,21.0,5.0,15.0,0.0,0.0
88.06,53,151665.0,600.0,125.0,494.0,600.0,0.0,1.0,0.0,0.0,0.5,0.042,0.42,0.5,0.508,0.055,0.43,0.514,0.0,0.0,-1.57,-5.52,-1.08,-0.54,1.98,0.0,0.0,6.0,0.0,0.0,0.0,1.0,1.0,-0.0,-0.1,-0.1,-0.2,-29.1,-25.2,-29.1,-25.2,74.0,48.0,96.0,77.0,170.0,145.0,170.0,170.0,13.0,10.0,21.0,5.0,15.0,0.0,0.0
88.093,37,151702.0,600.0,125.0,494.0,600.0,0.0,1.0,0.0,0.0,0.5,0.042,0.411,0.5,0.508,0.055,0.421,0.513,0.0,0.0,-1.57,-5.51,-1.08,-0.54,1.96,0.0,0.0,6.0,0.0,0.0,0.0,1.0,1.0,-0.0,-0.1,-0.1,-0.1,-29.0,-25.2,-29.0,-25.2,74.0,48.0,95.0,77.0,170.0,145.0,170.0,170.0,13.0,10.0,21.0,5.0,15.0,0.0,1.0
88.223,101,151803.0,600.0,126.0,494.0,600.0,0.0,1.0,0.0,0.0,0.5,0.042,0.411,0.5,0.508,0.055,0.421,0.513,0.0,0.0,-1.56,-5.52,-1.08,-0.54,1.95,0.0,0.0,6.0,0.0,0.0,0.0,1.0,1.0,0.1,-0.1,-0.1,-0.1,-29.1,-25.1,-29.1,-25.1,74.0,48.0,96.0,77.0,170.0,145.0,170.0,170.0,13.0,10.0,21.0,5.0,15.0,0.0,1.0
88.261,54,151857.0,600.0,126.0,494.0,600.0,0.0,1.0,0.0,0.0,0.5,0.042,0.411,0.5,0.508,0.055,0.421,0.513,0.0,0.0,-1.55,-5.53,-1.08,-0.54,1.97,0.0,0.0,6.0,0.0,0.0,0.0,1.0,1.0,0.0,-0.1,-0.1,-0.1,-29.1,-25.2,-29.1,-25.2,74.0,48.0,96.0,77.0,170.0,145.0,170.0,170.0,13.0,10.0,21.0,5.0,15.0,0.0,0.0
88.293,37,151894.0,600.0,126.0,494.0,600.0,0.0,1.0,0.0,0.0,0.5,0.042,0.408,0.5,0.508,0.055,0.416,0.513,0.0,0.0,-1.55,-5.53,-1.08,-0.54,1.96,0.0,0.0,6.0,0.0,0.0,0.0,1.0,1.0,0.0,-0.1,-0.1,-0.1,-29.1,-25.2,-29.1,-25.2,74.0,48.0,95.0,77.0,170.0,145.0,170.0,170.0,13.0,10.0,21.0,5.0,15.0,0.0,1.0
88.388,98,151992.0,600.0,125.0,494.0,600.0,0.0,1.0,0.0,0.0,0.5,0.042,0.408,0.5,0.508,0.055,0.416,0.513,0.0,0.0,-1.53,-5.53,-1.08,-0.54,1.95,0.0,0.0,6.0,0.0,0.0,0.0,1.0,1.0,-0.4,-0.1,-0.0,-0.1,-29.1,-25.1,-29.1,-25.1,74.0,48.0,96.0,77.0,170.0,145.0,170.0,170.0,13.0,10.0,21.0,5.0,15.0,0.0,0.0
88.463,54,152046.0,600.0,125.0,494.0,600.0,0.0,1.0,0.0,0.0,0.5,0.042,0.408,0.5,0.508,0.055,0.416,0.513,0.0,0.0,-1.53,-5.53,-1.08,-0.54,1.99,0.0,0.0,6.0,0.0,0.0,0.0,1.0,1.0,-0.3,-0.0,-0.0,-0.0,-29.1,-25.1,-29.1,-25.1,74.0,48.0,96.0,77.0,170.0,145.0,170.0,170.0,13.0,10.0,21.0,5.0,15.0,0.0,0.0
88.496,36,152082.0,600.0,125.0,494.0,600.0,0.0,1.0,0.0,0.0,0.5,0.042,0.406,0.5,0.508,0.055,0.414,0.513,0.0,0.0,-1.52,-5.53,-1.09,-0.54,2.03,0.0,0.0,6.0,0.0,0.0,0.0,1.0,1.0,-0.3,-0.0,-0.0,-0.0,-29.1,-25.1,-29.1,-25.1,74.0,48.0,96.0,77.0,170.0,145.0,170.0,170.0,13.0,10.0,21.0,5.0,15.0,0.0,1.0
88.593,102,152184.0,600.0,124.0,494.0,600.0,0.0,1.0,0.0,0.0,0.5,0.042,0.406,0.5,0.508,0.055,0.414,0.513,0.0,0.0,-1.52,-5.53,-1.09,-0.54,2.0,0.0,0.0,6.0,0.0,0.0,0.0,1.0,1.0,-0.2,-0.0,-0.0,-0.0,-29.1,-25.1,-29.1,-25.1,74.0,48.0,96.0,77.0,170.0,145.0,170.0,170.0,13.0,10.0,21.0,5.0,15.0,0.0,1.0
88.661,57,152241.0,600.0,124.0,494.0,600.0,0.0,1.0,0.0,0.0,0.5,0.042,0.406,0.5,0.508,0.055,0.414,0.513,0.0,0.0,-1.51,-5.53,-1.09,-0.54,1.97,0.0,0.0,6.0,0.0,0.0,0.0,1.0,1.0,-0.2,-0.0,-0.0,-0.0,-29.1,-25.2,-29.1,-25.2,74.0,48.0,96.0,77.0,170.0,145.0,170.0,170.0,13.0,10.0,21.0,5.0,15.0,0.0,1.0
88.694,36,152277.0,600.0,124.0,494.0,600.0,0.0,1.0,0.0,0.0,0.5,0.041,0.405,0.5,0.508,0.055,0.413,0.513,0.0,0.0,-1.51,-5.53,-1.09,-0.54,1.97,0.0,0.0,6.0,0.0,0.0,0.0,1.0,1.0,-0.1,-0.0,-0.0,-0.0,-29.1,-25.2,-29.1,-25.2,74.0,48.0,96.0,77.0,170.0,145.0,170.0,170.0,13.0,10.0,21.0,5.0,15.0,0.0,1.0
88.791,99,152376.0,600.0,126.0,494.0,600.0,0.0,1.0,0.0,0.0,0.5,0.041,0.405,0.5,0.508,0.055,0.413,0.513,0.0,0.0,-1.51,-5.53,-1.09,-0.54,1.99,0.0,0.0,6.0,0.0,0.0,0.0,1.0,1.0,-0.1,-0.0,-0.0,-0.0,-29.1,-25.2,-29.1,-25.2,74.0,48.0,96.0,77.0,170.0,145.0,170.0,170.0,13.0,10.0,21.0,5.0,15.0,0.0,0.0
88.823,54,152430.0,600.0,126.0,600.0,600.0,0.0,1.0,0.0,0.0,0.5,0.041,0.405,0.5,0.508,0.055,0.413,0.513,0.0,0.0,-1.51,-5.53,-1.09,-0.54,1.96,0.0,0.0,6.0,0.0,0.0,0.0,1.0,1.0,-0.1,-0.0,-0.0,-0.0,-29.1,-25.2,-29.1,-25.2,74.0,48.0,96.0,77.0,170.0,145.0,170.0,170.0,13.0,10.0,21.0,5.0,15.0,0.0,1.0
88.858,36,152466.0,600.0,126.0,600.0,600.0,0.0,1.0,0.0,0.0,0.5,0.042,0.456,0.5,0.508,0.056,0.456,0.514,0.0,0.0,-1.5,-5.53,-1.09,-0.54,1.96,0.0,0.0,6.0,0.0,0.0,0.0,1.0,1.0,-0.1,-0.0,-0.0,-0.0,-29.1,-25.2,-29.1,-25.2,74.0,48.0,96.0,77.0,170.0,145.0,170.0,170.0,13.0,10.0,21.0,5.0,15.0,0.0,1.0
88.984,101,152567.0,600.0,125.0,600.0,600.0,0.0,1.0,0.0,0.0,0.5,0.042,0.456,0.5,0.508,0.056,0.456,0.514,0.0,0.0,-1.5,-5.53,-1.09,-0.54,1.91,0.0,0.0,6.0,0.0,0.0,0.0,1.0,1.0,0.2,-0.0,-0.0,-0.0,-29.0,-25.2,-29.0,-25.2,74.0,48.0,95.0,77.0,170.0,145.0,170.0,170.0,13.0,10.0,21.0,5.0,15.0,0.0,1.0
89.017,54,152621.0,600.0,125.0,600.0,600.0,0.0,1.0,0.0,0.0,0.5,0.042,0.456,0.5,0.508,0.056,0.456,0.514,0.0,0.0,-1.5,-5.53,-1.08,-0.54,1.92,0.0,0.0,6.0,0.0,0.0,0.0,1.0,1.0,0.2,-0.0,-0.0,-0.0,-29.0,-25.2,-29.0,-25.2,74.0,48.0,95.0,77.0,170.0,145.0,170.0,170.0,13.0,10.0,21.0,5.0,15.0,0.0,0.0
89.056,36,152657.0,600.0,125.0,600.0,600.0,0.0,1.0,0.0,0.0,0.5,0.042,0.48,0.5,0.508,0.056,0.484,0.514,0.0,0.0,-1.5,-5.53,-1.08,-0.54,1.93,0.0,0.0,6.0,0.0,0.0,0.0,1.0,1.0,0.2,-0.0,-0.0,-0.0,-29.1,-25.2,-29.1,-25.2,74.0,48.0,96.0,77.0,170.0,145.0,170.0,170.0,13.0,10.0,21.0,5.0,15.0,0.0,0.0
89.154,98,152755.0,600.0,126.0,600.0,600.0,0.0,1.0,0.0,0.0,0.5,0.042,0.48,0.5,0.508,0.056,0.484,0.514,0.0,0.0,-1.5,-5.53,-1.08,-0.54,1.96,0.0,0.0,6.0,0.0,0.0,0.0,1.0,1.0,0.5,-0.0,-0.0,-0.0,-29.0,-25.2,-29.0,-25.2,74.0,48.0,95.0,77.0,170.0,145.0,170.0,170.0,13.0,10.0,21.0,5.0,15.0,0.0,1.0
89.219,54,152809.0,600.0,126.0,600.0,600.0,0.0,1.0,0.0,0.0,0.5,0.042,0.48,0.5,0.508,0.056,0.484,0.514,0.0,0.0,-1.5,-5.52,-1.08,-0.54,1.89,0.0,0.0,6.0,0.0,0.0,0.0,1.0,1.0,0.5,-0.0,-0.0,-0.0,-29.0,-25.3,-29.0,-25.3,74.0,48.0,95.0,77.0,170.0,145.0,170.0,170.0,13.0,10.0,21.0,5.0,15.0,0.0,1.0
89.251,37,152846.0,600.0,126.0,600.0,600.0,0.0,1.0,0.0,0.0,0.5,0.042,0.491,0.5,0.508,0.056,0.497,0.514,0.0,0.0,-1.5,-5.52,-1.08,-0.54,1.86,0.0,0.0,6.0,0.0,0.0,0.0,1.0,1.0,0.4,-0.0,-0.0,-0.0,-29.0,-25.3,-29.0,-25.3,74.0,48.0,95.0,77.0,170.0,145.0,170.0,170.0,13.0,10.0,21.0,5.0,15.0,0.0,1.0
89.346,102,152948.0,600.0,126.0,600.0,600.0,0.0,1.0,0.0,0.0,0.5,0.042,0.491,0.5,0.508,0.056,0.497,0.514,0.0,0.0,-1.49,-5.52,-1.07,-0.54,1.9,0.0,0.0,6.0,0.0,0.0,0.0,1.0,1.0,0.3,-0.0,-0.0,-0.0,-29.1,-25.1,-29.1,-25.1,74.0,48.0,96.0,77.0,170.0,145.0,170.0,170.0,13.0,10.0,21.0,5.0,15.0,0.0,1.0
89.41,54,153002.0,600.0,126.0,513.0,600.0,0.0,1.0,0.0,0.0,0.5,0.042,0.491,0.5,0.508,0.056,0.497,0.514,0.0,0.0,-1.49,-5.52,-1.08,-0.54,1.97,0.0,0.0,6.0,0.0,0.0,0.0,1.0,1.0,0.3,-0.0,-0.0,-0.0,-29.1,-25.1,-29.1,-25.1,74.0,48.0,96.0,77.0,170.0,145.0,170.0,170.0,13.0,10.0,21.0,5.0,15.0,0.0,0.0
89.442,37,153039.0,600.0,126.0,513.0,600.0,0.0,1.0,0.0,0.0,0.5,0.042,0.454,0.5,0.508,0.056,0.468,0.514,0.0,0.0,-1.48,-5.52,-1.08,-0.54,1.93,0.0,0.0,6.0,0.0,0.0,0.0,1.0,1.0,0.2,-0.0,-0.0,-0.0,-29.1,-25.2,-29.1,-25.2,74.0,48.0,95.0,77.0,170.0,145.0,170.0,170.0,13.0,10.0,21.0,5.0,15.0,0.0,1.0
89.542,98,153137.0,600.0,126.0,513.0,600.0,0.0,1.0,0.0,0.0,0.5,0.042,0.454,0.5,0.508,0.056,0.468,0.514,0.0,0.0,-1.48,-5.52,-1.08,-0.54,1.94,0.0,0.0,6.0,0.0,0.0,0.0,1.0,1.0,0.1,-0.0,-0.0,-0.0,-29.1,-25.2,-29.1,-25.2,74.0,48.0,95.0,77.0,170.0,145.0,170.0,170.0,13.0,10.0,21.0,5.0,15.0,0.0,0.0
89.608,56,153193.0,600.0,126.0,513.0,600.0,0.0,1.0,0.0,0.0,0.5,0.042,0.454,0.5,0.508,0.056,0.468,0.514,0.0,0.0,-1.48,-5.52,-1.08,-0.54,1.94,0.0,0.0,6.0,0.0,0.0,0.0,1.0,1.0,0.1,-0.0,-0.0,-0.0,-29.1,-25.2,-29.1,-25.2,74.0,48.0,95.0,77.0,170.0,145.0,170.0,170.0,13.0,10.0,21.0,5.0,15.0,0.0,1.0
89.641,36,153229.0,600.0,126.0,513.0,600.0,0.0,1.0,0.0,0.0,0.5,0.042,0.437,0.5,0.508,0.056,0.448,0.514,0.0,0.0,-1.48,-5.53,-1.08,-0.54,1.94,0.0,0.0,6.0,0.0,0.0,0.0,1.0,1.0,0.1,-0.0,-0.0,-0.0,-29.1,-25.2,-29.1,-25.2,74.0,48.0,95.0,77.0,170.0,145.0,170.0,170.0,13.0,10.0,21.0,5.0,15.0,0.0,1.0
89.739,97,153326.0,600.0,126.0,513.0,600.0,0.0,1.0,0.0,0.0,0.5,0.042,0.437,0.5,0.508,0.056,0.448,0.514,0.0,0.0,-1.48,-5.53,-1.08,-0.54,1.94,0.0,0.0,6.0,0.0,0.0,0.0,1.0,1.0,0.1,-0.0,-0.0,-0.0,-29.1,-25.2,-29.1,-25.2,74.0,48.0,95.0,77.0,170.0,145.0,170.0,170.0,13.0,10.0,21.0,5.0,15.0,0.0,0.0
89.771,54,153380.0,600.0,126.0,513.0,600.0,0.0,1.0,0.0,0.0,0.5,0.042,0.437,0.5,0.508,0.056,0.448,0.514,0.0,0.0,-1.48,-5.53,-1.08,-0.54,1.94,0.0,0.0,6.0,0.0,0.0,0.0,1.0,1.0,0.1,-0.0,-0.0,-0.0,-29.1,-25.2,-29.1,-25.2,74.0,48.0,95.0,77.0,170.0,145.0,170.0,170.0,13.0,10.0,21.0,5.0,15.0,0.0,0.0
89.804,36,153416.0,600.0,126.0,513.0,600.0,0.0,1.0,0.0,0.0,0.5,0.042,0.429,0.5,0.508,0.056,0.438,0.514,0.0,0.0,-1.48,-5.53,-1.08,-0.54,1.94,0.0,0.0,6.0,0.0,0.0,0.0,1.0,1.0,0.1,-0.0,-0.0,-0.0,-29.1,-25.2,-29.1,-25.2,74.0,48.0,95.0,77.0,170.0,145.0,170.0,170.0,13.0,10.0,21.0,5.0,15.0,0.0,1.0
89.936,98,153514.0,600.0,127.0,513.0,600.0,0.0,1.0,0.0,0.0,0.5,0.042,0.429,0.5,0.508,0.056,0.438,0.514,0.0,0.0,-1.48,-5.53,-1.08,-0.54,1.94,0.0,0.0,6.0,0.0,0.0,0.0,1.0,1.0,-0.2,-0.0,-0.0,-0.0,-29.1,-25.2,-29.1,-25.2,74.0,48.0,95.0,77.0,170.0,145.0,170.0,170.0,13.0,10.0,21.0,5.0,15.0,0.0,1.0
89.968,54,153568.0,600.0,127.0,513.0,600.0,0.0,1.0,0.0,0.0,0.5,0.042,0.429,0.5,0.508,0.056,0.438,0.514,0.0,0.0,-1.48,-5.53,-1.08,-0.54,1.94,0.0,0.0,6.0,0.0,0.0,0.0,1.0,1.0,-0.2,-0.0,-0.0,-0.0,-29.1,-25.2,-29.1,-25.2,74.0,48.0,95.0,77.0,170.0,145.0,170.0,170.0,13.0,10.0,21.0,5.0,15.0,0.0,0.0
90.001,37,153605.0,600.0,127.0,513.0,600.0,0.0,1.0,0.0,0.0,0.5,0.043,0.425,0.5,0.508,0.056,0.434,0.514,0.0,0.0,-1.48,-5.53,-1.08,-0.54,1.94,0.0,0.0,6.0,0.0,0.0,0.0,1.0,1.0,-0.2,-0.0,-0.0,-0.0,-29.1,-25.2,-29.1,-25.2,74.0,48.0,95.0,77.0,170.0,145.0,170.0,170.0,13.0,10.0,21.0,5.0,15.0,0.0,1.0
90.099,100,153705.0,600.0,127.0,513.0,600.0,0.0,1.0,0.0,0.0,0.5,0.043,0.425,0.5,0.508,0.056,0.434,0.514,0.0,0.0,-1.48,-5.53,-1.08,-0.54,1.94,0.0,0.0,6.0,0.0,0.0,0.0,1.0,1.0,-0.2,-0.0,-0.0,-0.0,-29.1,-25.2,-29.1,-25.2,74.0,48.0,95.0,77.0,170.0,145.0,170.0,170.0,13.0,10.0,21.0,5.0,15.0,0.0,1.0
90.163,54,153759.0,600.0,127.0,513.0,600.0,0.0,1.0,0.0,0.0,0.5,0.043,0.425,0.5,0.508,0.056,0.434,0.514,0.0,0.0,-1.48,-5.53,-1.08,-0.54,1.94,0.0,0.0,6.0,0.0,0.0,0.0,1.0,1.0,-0.1,-0.0,-0.0,-0.0,-29.1,-25.2,-29.1,-25.2,74.0,48.0,95.0,77.0,170.0,145.0,170.0,170.0,13.0,10.0,21.0,5.0,15.0,0.0,0.0
90.195,36,153795.0,600.0,127.0,513.0,600.0,0.0,1.0,0.0,0.0,0.5,0.043,0.423,0.5,0.508,0.056,0.432,0.514,0.0,0.0,-1.48,-5.53,-1.08,-0.54,1.94,0.0,0.0,6.0,0.0,0.0,0.0,1.0,1.0,-0.2,-0.0,-0.0,-0.0,-29.1,-25.2,-29.1,-25.2,74.0,48.0,95.0,77.0,170.0,145.0,170.0,170.0,13.0,10.0,21.0,5.0,15.0,0.0,1.0
90.297,98,153893.0,600.0,127.0,513.0,600.0,0.0,1.0,0.0,0.0,0.5,0.043,0.423,0.5,0.508,0.056,0.432,0.514,0.0,0.0,-1.48,-5.53,-1.08,-0.54,1.94,0.0,0.0,6.0,0.0,0.0,0.0,1.0,1.0,-0.2,-0.0,-0.0,-0.0,-29.1,-25.2,-29.1,-25.2,74.0,48.0,95.0,77.0,170.0,145.0,170.0,170.0,13.0,10.0,21.0,5.0,15.0,0.0,1.0
90.362,53,153946.0,600.0,127.0,600.0,600.0,0.0,1.0,0.0,0.0,0.5,0.043,0.423,0.5,0.508,0.056,0.432,0.514,0.0,0.0,-1.49,-5.53,-1.08,-0.54,1.94,0.0,0.0,6.0,0.0,0.0,0.0,1.0,1.0,-0.2,-0.0,-0.0,-0.0,-29.1,-25.2,-29.1,-25.2,74.0,48.0,95.0,77.0,170.0,145.0,170.0,170.0,13.0,10.0,21.0,5.0,15.0,0.0,1.0
90.395,37,153983.0,600.0,127.0,600.0,600.0,0.0,1.0,0.0,0.0,0.5,0.043,0.465,0.5,0.508,0.057,0.466,0.514,0.0,0.0,-1.49,-5.53,-1.08,-0.54,1.94,0.0,0.0,6.0,0.0,0.0,0.0,1.0,1.0,-0.1,-0.0,-0.0,-0.0,-29.1,-25.2,-29.1,-25.2,74.0,48.0,95.0,77.0,170.0,145.0,170.0,170.0,13.0,10.0,21.0,5.0,15.0,0.0,1.0
90.501,102,154085.0,600.0,128.0,600.0,600.0,0.0,1.0,0.0,0.0,0.5,0.043,0.465,0.5,0.508,0.057,0.466,0.514,0.0,0.0,-1.48,-5.54,-1.08,-0.54,1.94,0.0,0.0,6.0,0.0,0.0,0.0,1.0,1.0,-0.1,-0.0,-0.0,-0.0,-29.1,-25.2,-29.1,-25.2,74.0,48.0,95.0,77.0,170.0,145.0,170.0,170.0,13.0,10.0,21.0,5.0,15.0,0.0,1.0
90.534,54,154139.0,600.0,128.0,600.0,600.0,0.0,1.0,0.0,0.0,0.5,0.043,0.465,0.5,0.508,0.057,0.466,0.514,0.0,0.0,-1.48,-5.54,-1.08,-0.54,1.94,0.0,0.0,6.0,0.0,0.0,0.0,1.0,1.0,-0.1,-0.0,-0.0,-0.0,-29.1,-25.2,-29.1,-25.2,74.0,48.0,95.0,77.0,170.0,145.0,170.0,170.0,13.0,10.0,21.0,5.0,15.0,0.0,1.0
90.566,36,154175.0,600.0,128.0,600.0,600.0,0.0,1.0,0.0,0.0,0.5,0.043,0.484,0.5,0.508,0.058,0.488,0.514,0.0,0.0,-1.48,-5.54,-1.08,-0.54,1.94,0.0,0.0,6.0,0.0,0.0,0.0,1.0,1.0,-0.1,-0.0,-0.0,-0.0,-29.1,-25.2,-29.1,-25.2,74.0,48.0,95.0,77.0,170.0,145.0,170.0,170.0,13.0,10.0,21.0,5.0,15.0,0.0,1.0
90.664,98,154273.0,600.0,127.0,600.0,600.0,0.0,1.0,0.0,0.0,0.5,0.043,0.484,0.5,0.508,0.058,0.488,0.514,0.0,0.0,-1.48,-5.54,-1.08,-0.54,1.94,0.0,0.0,6.0,0.0,0.0,0.0,1.0,1.0,-0.1,-0.0,-0.0,-0.0,-29.1,-25.2,-29.1,-25.2,74.0,48.0,95.0,77.0,170.0,145.0,170.0,170.0,13.0,10.0,21.0,5.0,15.0,0.0,0.0
90.73,54,154327.0,600.0,127.0,600.0,600.0,0.0,1.0,0.0,0.0,0.5,0.043,0.484,0.5,0.508,0.058,0.488,0.514,0.0,0.0,-1.47,-5.54,-1.08,-0.54,1.94,0.0,0.0,6.0,0.0,0.0,0.0,1.0,1.0,-0.0,-0.0,-0.0,-0.0,-29.1,-25.2,-29.1,-25.2,74.0,48.0,95.0,77.0,170.0,145.0,170.0,170.0,13.0,10.0,21.0,5.0,15.0,0.0,0.0
90.763,36,154363.0,600.0,127.0,600.0,600.0,0.0,1.0,0.0,0.0,0.5,0.043,0.492,0.5,0.508,0.058,0.499,0.515,0.0,0.0,-1.47,-5.54,-1.08,-0.54,1.94,0.0,0.0,6.0,0.0,0.0,0.0,1.0,1.0,-0.1,-0.0,-0.0,-0.0,-29.1,-25.2,-29.1,-25.2,74.0,48.0,95.0,77.0,170.0,145.0,170.0,170.0,13.0,10.0,21.0,5.0,15.0,0.0,1.0
90.861,100,154463.0,600.0,127.0,600.0,600.0,0.0,1.0,0.0,0.0,0.5,0.043,0.492,0.5,0.508,0.058,0.499,0.515,0.0,0.0,-1.47,-5.54,-1.08,-0.54,1.94,0.0,0.0,6.0,0.0,0.0,0.0,1.0,1.0,-0.1,-0.0,-0.0,-0.0,-29.1,-25.2,-29.1,-25.2,74.0,48.0,95.0,77.0,170.0,145.0,170.0,170.0,13.0,10.0,21.0,5.0,15.0,0.0,1.0
90.927,53,154516.0,600.0,127.0,600.0,600.0,0.0,1.0,0.0,0.0,0.5,0.043,0.492,0.5,0.508,0.058,0.499,0.515,0.0,0.0,-1.47,-5.54,-1.08,-0.54,1.94,0.0,0.0,6.0,0.0,0.0,0.0,1.0,1.0,-0.1,-0.0,-0.0,-0.0,-29.1,-25.2,-29.1,-25.2,74.0,48.0,95.0,77.0,170.0,145.0,170.0,170.0,13.0,10.0,21.0,5.0,15.0,0.0,0.0
90.959,36,154552.0,600.0,127.0,600.0,600.0,0.0,1.0,0.0,0.0,0.5,0.043,0.496,0.5,0.508,0.058,0.504,0.515,0.0,0.0,-1.47,-5.54,-1.08,-0.54,1.94,0.0,0.0,6.0,0.0,0.0,0.0,1.0,1.0,-0.1,-0.0,-0.0,-0.0,-29.1,-25.2,-29.1,-25.2,74.0,48.0,95.0,77.0,170.0,145.0,170.0,170.0,13.0,10.0,21.0,5.0,15.0,0.0,1.0
91.067,96,154648.0,600.0,127.0,600.0,600.0,0.0,1.0,0.0,0.0,0.5,0.043,0.496,0.5,0.508,0.058,0.504,0.515,0.0,0.0,-1.47,-5.55,-1.08,-0.54,1.94,0.0,0.0,6.0,0.0,0.0,0.0,1.0,1.0,-0.0,-0.0,-0.0,-0.0,-29.1,-25.2,-29.1,-25.2,74.0,48.0,95.0,77.0,170.0,145.0,170.0,170.0,13.0,10.0,21.0,5.0,15.0,0.0,0.0
91.103,54,154702.0,600.0,127.0,502.0,600.0,0.0,1.0,0.0,0.0,0.5,0.043,0.496,0.5,0.508,0.058,0.504,0.515,0.0,0.0,-1.47,-5.55,-1.08,-0.54,1.94,0.0,0.0,6.0,0.0,0.0,0.0,1.0,1.0,-0.0,-0.0,-0.0,-0.0,-29.1,-25.2,-29.1,-25.2,74.0,48.0,95.0,77.0,170.0,145.0,170.0,170.0,13.0,10.0,21.0,5.0,15.0,0.0,0.0
91.136,36,154738.0,600.0,127.0,502.0,600.0,0.0,1.0,0.0,0.0,0.5,0.043,0.451,0.5,0.508,0.057,0.466,0.514,0.0,0.0,-1.48,-5.55,-1.08,-0.54,1.94,0.0,0.0,6.0,0.0,0.0,0.0,1.0,1.0,-0.1,-0.0,-0.0,-0.0,-29.1,-25.2,-29.1,-25.2,74.0,48.0,95.0,77.0,170.0,145.0,170.0,170.0,13.0,10.0,21.0,5.0,15.0,0.0,1.0
91.233,98,154836.0,600.0,126.0,502.0,600.0,0.0,1.0,0.0,0.0,0.5,0.043,0.451,0.5,0.508,0.057,0.466,0.514,0.0,0.0,-1.48,-5.55,-1.08,-0.54,1.94,0.0,0.0,6.0,0.0,0.0,0.0,1.0,1.0,-0.0,-0.0,-0.0,-0.0,-29.1,-25.2,-29.1,-25.2,74.0,48.0,95.0,77.0,170.0,145.0,170.0,170.0,13.0,10.0,21.0,5.0,15.0,0.0,0.0
91.298,55,154891.0,600.0,126.0,502.0,600.0,0.0,1.0,0.0,0.0,0.5,0.043,0.451,0.5,0.508,0.057,0.466,0.514,0.0,0.0,-1.48,-5.56,-1.08,-0.54,1.94,0.0,0.0,6.0,0.0,0.0,0.0,1.0,1.0,-0.0,-0.0,-0.0,-0.0,-29.1,-25.2,-29.1,-25.2,74.0,48.0,95.0,77.0,170.0,145.0,170.0,170.0,13.0,10.0,21.0,5.0,15.0,0.0,0.0
91.331,36,154927.0,600.0,126.0,502.0,600.0,0.0,1.0,0.0,0.0,0.5,0.043,0.43,0.5,0.508,0.056,0.442,0.514,0.0,0.0,-1.48,-5.56,-1.08,-0.54,1.94,0.0,0.0,6.0,0.0,0.0,0.0,1.0,1.0,-0.0,-0.0,-0.0,-0.0,-29.1,-25.2,-29.1,-25.2,74.0,48.0,95.0,77.0,170.0,145.0,170.0,170.0,13.0,10.0,21.0,5.0,15.0,0.0,1.0
91.429,100,155027.0,600.0,126.0,502.0,600.0,0.0,1.0,0.0,0.0,0.5,0.043,0.43,0.5,0.508,0.056,0.442,0.514,0.0,0.0,-1.49,-5.56,-1.08,-0.54,1.94,0.0,0.0,6.0,0.0,0.0,0.0,1.0,1.0,-0.3,-0.0,0.1,-0.0,-29.1,-25.2,-29.1,-25.2,74.0,48.0,95.0,77.0,170.0,145.0,170.0,170.0,13.0,10.0,21.0,5.0,15.0,0.0,1.0
91.495,53,155080.0,600.0,126.0,386.0,600.0,0.0,1.0,0.0,0.0,0.5,0.043,0.43,0.5,0.508,0.056,0.442,0.514,0.0,0.0,-1.49,-5.56,-1.08,-0.54,1.94,0.0,0.0,6.0,0.0,0.0,0.0,1.0,1.0,-0.3,-0.0,0.1,-0.0,-29.1,-25.2,-29.1,-25.2,74.0,48.0,95.0,77.0,170.0,145.0,170.0,170.0,13.0,10.0,21.0,5.0,15.0,0.0,0.0
91.528,36,155116.0,600.0,126.0,386.0,600.0,0.0,1.0,0.0,0.0,0.5,0.042,0.356,0.5,0.508,0.055,0.376,0.513,0.0,0.0,-1.49,-5.56,-1.08,-0.54,1.94,0.0,0.0,6.0,0.0,0.0,0.0,1.0,1.0,-0.2,-0.0,0.1,-0.0,-29.1,-25.2,-29.1,-25.2,74.0,48.0,95.0,77.0,170.0,145.0,170.0,170.0,13.0,10.0,21.0,5.0,15.0,0.0,1.0
91.625,98,155214.0,600.0,127.0,386.0,600.0,0.0,1.0,0.0,0.0,0.5,0.042,0.356,0.5,0.508,0.055,0.376,0.513,0.0,0.0,-1.48,-5.56,-1.08,-0.54,1.94,0.0,0.0,6.0,0.0,0.0,0.0,1.0,1.0,-0.2,-0.0,0.1,-0.0,-29.1,-25.2,-29.1,-25.2,74.0,48.0,95.0,77.0,170.0,145.0,170.0,170.0,13.0,10.0,21.0,5.0,15.0,0.0,1.0
91.658,53,155267.0,600.0,127.0,386.0,600.0,0.0,1.0,0.0,0.0,0.5,0.042,0.356,0.5,0.508,0.055,0.376,0.513,0.0,0.0,-1.48,-5.55,-1.08,-0.54,1.94,0.0,0.0,6.0,0.0,0.0,0.0,1.0,1.0,-0.2,-0.0,0.1,-0.0,-29.1,-25.2,-29.1,-25.2,74.0,48.0,95.0,77.0,170.0,145.0,170.0,170.0,13.0,10.0,21.0,5.0,15.0,0.0,1.0
91.692,38,155305.0,600.0,127.0,386.0,600.0,0.0,1.0,0.0,0.0,0.5,0.043,0.322,0.5,0.508,0.055,0.336,0.512,0.0,0.0,-1.48,-5.55,-1.08,-0.54,1.94,0.0,0.0,6.0,0.0,0.0,0.0,1.0,1.0,-0.1,-0.0,0.0,-0.0,-29.1,-25.2,-29.1,-25.2,74.0,48.0,95.0,77.0,170.0,145.0,170.0,170.0,13.0,10.0,21.0,5.0,15.0,0.0,1.0
91.822,99,155404.0,600.0,127.0,386.0,600.0,0.0,1.0,0.0,0.0,0.5,0.043,0.322,0.5,0.508,0.055,0.336,0.512,0.0,0.0,-1.48,-5.55,-1.08,-0.54,1.94,0.0,0.0,6.0,0.0,0.0,0.0,1.0,1.0,-0.1,-0.0,0.0,-0.0,-29.1,-25.2,-29.1,-25.2,74.0,48.0,95.0,77.0,170.0,145.0,170.0,170.0,13.0,10.0,21.0,5.0,15.0,0.0,1.0
91.855,54,155458.0,600.0,127.0,386.0,600.0,0.0,1.0,0.0,0.0,0.5,0.043,0.322,0.5,0.508,0.055,0.336,0.512,0.0,0.0,-1.48,-5.55,-1.08,-0.54,1.94,0.0,0.0,6.0,0.0,0.0,0.0,1.0,1.0,-0.0,-0.0,0.0,-0.0,-29.1,-25.2,-29.1,-25.2,74.0,48.0,95.0,77.0,170.0,145.0,170.0,170.0,13.0,10.0,21.0,5.0,15.0,0.0,1.0
91.888,36,155494.0,600.0,127.0,386.0,600.0,0.0,1.0,0.0,0.0,0.5,0.043,0.306,0.5,0.508,0.054,0.317,0.512,0.0,0.0,-1.48,-5.55,-1.08,-0.54,1.94,0.0,0.0,6.0,0.0,0.0,0.0,1.0,1.0,0.0,-0.0,0.0,-0.0,-29.1,-25.2,-29.1,-25.2,74.0,48.0,95.0,77.0,170.0,145.0,170.0,170.0,13.0,10.0,21.0,5.0,15.0,0.0,1.0
91.982,98,155592.0,600.0,127.0,386.0,600.0,0.0,1.0,0.0,0.0,0.5,0.043,0.306,0.5,0.508,0.054,0.317,0.512,0.0,0.0,-1.48,-5.55,-1.08,-0.54,1.94,0.0,0.0,6.0,0.0,0.0,0.0,1.0,1.0,-0.0,-0.0,0.0,-0.0,-14.2,-10.4,-14.2,-10.4,42.0,27.0,53.0,39.0,170.0,170.0,170.0,170.0,13.0,10.0,21.0,5.0,15.0,0.0,0.0
92.056,59,155651.0,600.0,127.0,483.0,600.0,0.0,1.0,0.0,0.0,0.5,0.043,0.306,0.5,0.508,0.054,0.317,0.512,0.0,0.0,-1.48,-5.56,-1.08,-0.54,1.94,0.0,0.0,0.0,0.0,0.0,0.0,1.0,1.0,0.0,-0.0,0.0,-0.0,0.0,0.0,0.0,0.0,0.0,0.0,0.0,0.0,170.0,170.0,170.0,170.0,13.0,10.0,21.0,5.0,15.0,0.0,0.0
92.09,36,155687.0,600.0,127.0,483.0,600.0,0.0,1.0,0.0,0.0,0.5,0.043,0.353,0.5,0.508,0.055,0.353,0.512,0.0,0.0,-1.48,-5.56,-1.08,-0.54,0.0,0.0,0.0,0.0,0.0,0.0,0.0,1.0,1.0,-0.0,-0.0,0.0,-0.0,0.0,0.0,0.0,0.0,0.0,0.0,0.0,0.0,170.0,170.0,170.0,170.0,13.0,10.0,21.0,5.0,15.0,0.0,1.0
92.189,99,155786.0,600.0,127.0,483.0,600.0,0.0,1.0,0.0,0.0,0.5,0.043,0.353,0.5,0.508,0.055,0.353,0.512,0.0,0.0,-1.49,-5.56,-1.08,-0.54,0.0,0.0,0.0,6.0,0.0,0.0,0.0,1.0,1.0,-0.0,-0.0,0.0,-0.0,-5.4,-2.6,-5.4,-2.6,23.0,16.0,27.0,19.0,170.0,170.0,170.0,170.0,13.0,10.0,21.0,5.0,15.0,0.0,0.0
92.262,55,155841.0,600.0,127.0,483.0,600.0,0.0,1.0,0.0,0.0,0.5,0.043,0.353,0.5,0.508,0.055,0.353,0.512,0.0,0.0,-1.49,-5.56,-1.08,-0.54,1.94,0.0,0.0,6.0,0.0,0.0,0.0,1.0,1.0,-0.2,-0.0,0.0,-0.0,-13.0,-9.1,-13.0,-9.1,40.0,25.0,49.0,36.0,170.0,170.0,170.0,170.0,13.0,10.0,21.0,5.0,15.0,0.0,0.0
92.295,36,155877.0,600.0,127.0,483.0,600.0,0.0,1.0,0.0,0.0,0.5,0.043,0.375,0.5,0.508,0.055,0.379,0.513,0.0,0.0,-1.49,-5.56,-1.08,-0.54,1.94,0.0,0.0,6.0,0.0,0.0,0.0,1.0,1.0,-0.2,-0.0,0.0,-0.0,-15.8,-12.0,-15.8,-12.0,46.0,29.0,58.0,43.0,170.0,170.0,170.0,170.0,13.0,10.0,21.0,5.0,15.0,0.0,1.0
92.393,98,155975.0,600.0,127.0,483.0,600.0,0.0,1.0,0.0,0.0,0.5,0.043,0.375,0.5,0.508,0.055,0.379,0.513,0.0,0.0,-1.49,-5.56,-1.08,-0.54,1.94,0.0,0.0,6.0,0.0,0.0,0.0,1.0,1.0,-0.1,-0.0,0.0,-0.0,-22.9,-19.1,-22.9,-19.1,61.0,39.0,78.0,61.0,170.0,170.0,170.0,170.0,13.0,10.0,21.0,5.0,15.0,0.0,1.0
92.426,54,156029.0,600.0,127.0,503.0,600.0,0.0,1.0,0.0,0.0,0.5,0.043,0.375,0.5,0.508,0.055,0.379,0.513,0.0,0.0,-1.48,-5.56,-1.08,-0.54,1.92,0.0,0.0,6.0,0.0,0.0,0.0,1.0,1.0,-0.1,-0.0,0.0,-0.0,-26.7,-22.9,-26.7,-22.9,69.0,45.0,89.0,71.0,170.0,170.0,170.0,170.0,13.0,10.0,21.0,5.0,15.0,0.0,0.0
92.464,36,156065.0,600.0,127.0,503.0,600.0,0.0,1.0,0.0,0.0,0.5,0.043,0.395,0.5,0.508,0.056,0.4,0.513,0.0,0.0,-1.48,-5.57,-1.08,-0.54,1.9,0.0,0.0,6.0,0.0,0.0,0.0,1.0,1.0,-0.1,-0.0,-0.1,-0.0,-29.1,-25.2,-29.1,-25.2,74.0,48.0,95.0,77.0,170.0,170.0,170.0,170.0,13.0,10.0,21.0,5.0,15.0,0.0,1.0
92.561,102,156167.0,600.0,126.0,503.0,600.0,0.0,1.0,0.0,0.0,0.5,0.043,0.395,0.5,0.508,0.056,0.4,0.513,0.0,0.0,-1.48,-5.57,-1.08,-0.54,1.94,0.0,0.0,6.0,0.0,0.0,0.0,1.0,1.0,-0.1,-0.0,-0.3,-0.0,-29.1,-25.1,-29.1,-25.1,74.0,48.0,96.0,77.0,170.0,170.0,170.0,170.0,13.0,10.0,21.0,5.0,15.0,0.0,1.0
92.628,54,156221.0,600.0,126.0,503.0,600.0,0.0,1.0,0.0,0.0,0.5,0.043,0.395,0.5,0.508,0.056,0.4,0.513,0.0,0.0,-1.48,-5.57,-1.09,-0.54,1.98,0.0,0.0,6.0,0.0,0.0,0.0,1.0,1.0,-0.1,-0.0,-0.3,-0.0,-29.1,-25.1,-29.1,-25.1,74.0,48.0,96.0,77.0,170.0,170.0,170.0,170.0,13.0,10.0,21.0,5.0,15.0,0.0,0.0
92.661,36,156257.0,600.0,126.0,503.0,600.0,0.0,1.0,0.0,0.0,0.5,0.043,0.405,0.5,0.508,0.056,0.411,0.513,0.0,0.0,-1.48,-5.57,-1.09,-0.54,1.98,0.0,0.0,6.0,0.0,0.0,0.0,1.0,1.0,-0.0,-0.0,-0.2,-0.0,-29.1,-25.2,-29.1,-25.2,74.0,48.0,95.0,77.0,170.0,170.0,170.0,170.0,13.0,10.0,21.0,5.0,15.0,0.0,1.0
92.756,99,156356.0,600.0,126.0,503.0,600.0,0.0,1.0,0.0,0.0,0.5,0.043,0.405,0.5,0.508,0.056,0.411,0.513,0.0,0.0,-1.49,-5.57,-1.08,-0.54,1.94,0.0,0.0,6.0,0.0,0.0,0.0,1.0,1.0,0.4,-0.0,-0.2,-0.0,-29.0,-25.2,-29.0,-25.2,74.0,48.0,95.0,77.0,170.0,170.0,170.0,170.0,13.0,10.0,21.0,5.0,15.0,0.0,0.0
92.823,53,156409.0,600.0,126.0,399.0,600.0,0.0,1.0,0.0,0.0,0.5,0.043,0.405,0.5,0.508,0.056,0.411,0.513,0.0,0.0,-1.49,-5.57,-1.08,-0.54,1.92,0.0,0.0,6.0,0.0,0.0,0.0,1.0,1.0,0.4,-0.0,-0.2,-0.0,-29.0,-25.2,-29.0,-25.2,74.0,48.0,95.0,77.0,170.0,170.0,170.0,170.0,13.0,10.0,21.0,5.0,15.0,0.0,1.0
92.858,37,156446.0,600.0,126.0,399.0,600.0,0.0,1.0,0.0,0.0,0.5,0.043,0.352,0.5,0.508,0.055,0.368,0.513,0.0,0.0,-1.49,-5.57,-1.08,-0.54,1.94,0.0,0.0,6.0,0.0,0.0,0.0,1.0,1.0,0.3,-0.0,-0.1,-0.0,-29.1,-25.1,-29.1,-25.1,74.0,48.0,96.0,77.0,170.0,170.0,170.0,170.0,13.0,10.0,21.0,5.0,15.0,0.0,1.0
92.953,100,156546.0,600.0,127.0,399.0,600.0,0.0,1.0,0.0,0.0,0.5,0.043,0.352,0.5,0.508,0.055,0.368,0.513,0.0,0.0,-1.49,-5.57,-1.09,-0.54,1.98,0.0,0.0,6.0,0.0,0.0,0.0,1.0,1.0,0.2,-0.0,-0.1,-0.0,-29.1,-25.1,-29.1,-25.1,74.0,48.0,96.0,77.0,170.0,170.0,170.0,170.0,13.0,10.0,21.0,5.0,15.0,0.0,1.0
93.015,55,156601.0,600.0,127.0,399.0,600.0,0.0,1.0,0.0,0.0,0.5,0.043,0.352,0.5,0.508,0.055,0.368,0.513,0.0,0.0,-1.49,-5.57,-1.09,-0.54,2.0,0.0,0.0,6.0,0.0,0.0,0.0,1.0,1.0,0.2,-0.0,-0.1,-0.0,-29.1,-25.1,-29.1,-25.1,74.0,48.0,96.0,77.0,170.0,170.0,170.0,170.0,13.0,10.0,21.0,5.0,15.0,0.0,0.0
93.054,36,156637.0,600.0,127.0,399.0,600.0,0.0,1.0,0.0,0.0,0.5,0.043,0.327,0.5,0.508,0.055,0.34,0.512,0.0,0.0,-1.49,-5.57,-1.09,-0.54,2.02,0.0,0.0,6.0,0.0,0.0,0.0,1.0,1.0,0.2,-0.0,-0.0,-0.0,-29.1,-25.1,-29.1,-25.1,74.0,48.0,96.0,77.0,170.0,170.0,170.0,170.0,13.0,10.0,21.0,5.0,15.0,0.0,1.0
93.151,100,156737.0,600.0,129.0,399.0,600.0,0.0,1.0,0.0,0.0,0.5,0.043,0.327,0.5,0.508,0.055,0.34,0.512,0.0,0.0,-1.49,-5.56,-1.09,-0.54,2.03,0.0,0.0,6.0,0.0,0.0,0.0,1.0,1.0,0.2,-0.0,-0.0,-0.0,-29.1,-25.1,-29.1,-25.1,74.0,48.0,96.0,77.0,170.0,170.0,170.0,170.0,13.0,10.0,21.0,5.0,15.0,0.0,0.0
93.184,54,156791.0,600.0,129.0,399.0,600.0,0.0,1.0,0.0,0.0,0.5,0.043,0.327,0.5,0.508,0.055,0.34,0.512,0.0,0.0,-1.49,-5.57,-1.09,-0.54,2.01,0.0,0.0,6.0,0.0,0.0,0.0,1.0,1.0,0.2,-0.0,-0.0,-0.0,-29.1,-25.1,-29.1,-25.1,74.0,48.0,96.0,77.0,170.0,170.0,170.0,170.0,13.0,10.0,21.0,5.0,15.0,0.0,0.0
93.216,36,156827.0,600.0,129.0,399.0,600.0,0.0,1.0,0.0,0.0,0.5,0.043,0.316,0.5,0.508,0.055,0.326,0.512,0.0,0.0,-1.48,-5.56,-1.09,-0.54,1.98,0.0,0.0,6.0,0.0,0.0,0.0,1.0,1.0,0.1,-0.0,-0.1,-0.0,-29.1,-25.1,-29.1,-25.1,74.0,48.0,96.0,77.0,170.0,170.0,170.0,170.0,13.0,10.0,21.0,5.0,15.0,0.0,1.0
93.316,97,156924.0,600.0,128.0,399.0,600.0,0.0,1.0,0.0,0.0,0.5,0.043,0.316,0.5,0.508,0.055,0.326,0.512,0.0,0.0,-1.47,-5.56,-1.09,-0.54,1.98,0.0,0.0,6.0,0.0,0.0,0.0,1.0,1.0,0.1,-0.0,-0.0,-0.0,-29.1,-25.1,-29.1,-25.1,74.0,48.0,96.0,77.0,170.0,170.0,170.0,170.0,13.0,10.0,21.0,5.0,15.0,0.0,1.0
93.382,53,156977.0,600.0,128.0,496.0,600.0,0.0,1.0,0.0,0.0,0.5,0.043,0.316,0.5,0.508,0.055,0.326,0.512,0.0,0.0,-1.47,-5.56,-1.09,-0.54,1.99,0.0,0.0,6.0,0.0,0.0,0.0,1.0,1.0,0.0,-0.0,-0.3,-0.0,-29.1,-25.1,-29.1,-25.1,74.0,48.0,96.0,77.0,170.0,170.0,170.0,170.0,13.0,10.0,21.0,5.0,15.0,0.0,0.0
93.415,38,157015.0,600.0,128.0,496.0,600.0,0.0,1.0,0.0,0.0,0.5,0.043,0.364,0.5,0.508,0.056,0.365,0.513,0.0,0.0,-1.47,-5.56,-1.09,-0.54,1.99,0.0,0.0,6.0,0.0,0.0,0.0,1.0,1.0,0.1,-0.0,-0.2,-0.0,-29.1,-25.1,-29.1,-25.1,74.0,48.0,96.0,77.0,170.0,170.0,170.0,170.0,13.0,10.0,21.0,5.0,15.0,0.0,1.0
93.511,96,157111.0,600.0,129.0,496.0,600.0,0.0,1.0,0.0,0.0,0.5,0.043,0.364,0.5,0.508,0.056,0.365,0.513,0.0,0.0,-1.47,-5.56,-1.09,-0.54,1.98,0.0,0.0,6.0,0.0,0.0,0.0,1.0,1.0,0.1,-0.0,-0.2,-0.0,-29.1,-25.1,-29.1,-25.1,74.0,48.0,96.0,77.0,170.0,170.0,170.0,170.0,13.0,10.0,21.0,5.0,15.0,0.0,0.0
93.577,54,157165.0,600.0,129.0,496.0,600.0,0.0,1.0,0.0,0.0,0.5,0.043,0.364,0.5,0.508,0.056,0.365,0.513,0.0,0.0,-1.47,-5.55,-1.09,-0.54,1.97,0.0,0.0,6.0,0.0,0.0,0.0,1.0,1.0,0.1,-0.0,-0.2,-0.0,-29.1,-25.1,-29.1,-25.1,74.0,48.0,96.0,77.0,170.0,170.0,170.0,170.0,13.0,10.0,21.0,5.0,15.0,0.0,0.0
93.609,36,157201.0,600.0,129.0,496.0,600.0,0.0,1.0,0.0,0.0,0.5,0.044,0.387,0.5,0.508,0.057,0.391,0.513,0.0,0.0,-1.47,-5.55,-1.09,-0.54,1.97,0.0,0.0,6.0,0.0,0.0,0.0,1.0,1.0,0.0,-0.0,-0.2,-0.0,-29.1,-25.1,-29.1,-25.1,74.0,48.0,96.0,77.0,170.0,170.0,170.0,170.0,13.0,10.0,21.0,5.0,15.0,0.0,1.0
93.708,97,157298.0,600.0,128.0,496.0,600.0,0.0,1.0,0.0,0.0,0.5,0.044,0.387,0.5,0.508,0.057,0.391,0.513,0.0,0.0,-1.46,-5.55,-1.09,-0.54,1.97,0.0,0.0,6.0,0.0,0.0,0.0,1.0,1.0,0.0,-0.0,0.2,-0.0,-29.1,-25.1,-29.1,-25.1,74.0,48.0,96.0,77.0,170.0,170.0,170.0,170.0,13.0,10.0,21.0,5.0,15.0,0.0,0.0
93.74,54,157352.0,600.0,128.0,497.0,600.0,0.0,1.0,0.0,0.0,0.5,0.044,0.387,0.5,0.508,0.057,0.391,0.513,0.0,0.0,-1.46,-5.55,-1.09,-0.54,1.97,0.0,0.0,6.0,0.0,0.0,0.0,1.0,1.0,0.0,-0.0,0.2,-0.0,-29.1,-25.1,-29.1,-25.1,74.0,48.0,96.0,77.0,170.0,170.0,170.0,170.0,13.0,10.0,21.0,5.0,15.0,0.0,0.0
93.803,36,157388.0,600.0,128.0,497.0,600.0,0.0,1.0,0.0,0.0,0.5,0.044,0.397,0.5,0.508,0.057,0.403,0.513,0.0,0.0,-1.45,-5.55,-1.09,-0.54,1.99,0.0,0.0,6.0,0.0,0.0,0.0,1.0,1.0,0.0,-0.0,0.2,-0.0,-29.1,-25.1,-29.1,-25.1,74.0,48.0,96.0,77.0,170.0,170.0,170.0,170.0,13.0,10.0,21.0,5.0,15.0,0.0,1.0
93.901,101,157489.0,600.0,128.0,497.0,600.0,0.0,1.0,0.0,0.0,0.5,0.044,0.397,0.5,0.508,0.057,0.403,0.513,0.0,0.0,-1.45,-5.55,-1.09,-0.54,2.01,0.0,0.0,6.0,0.0,0.0,0.0,1.0,1.0,0.2,-0.0,0.1,-0.0,-29.2,-25.1,-29.2,-25.1,74.0,48.0,96.0,77.0,170.0,170.0,170.0,170.0,13.0,10.0,21.0,5.0,15.0,0.0,1.0
93.934,54,157543.0,600.0,128.0,395.0,600.0,0.0,1.0,0.0,0.0,0.5,0.044,0.397,0.5,0.508,0.057,0.403,0.513,0.0,0.0,-1.44,-5.56,-1.1,-0.54,2.03,0.0,0.0,6.0,0.0,0.0,0.0,1.0,1.0,0.2,-0.0,0.1,-0.0,-29.2,-25.1,-29.2,-25.1,74.0,48.0,96.0,77.0,170.0,170.0,170.0,170.0,13.0,10.0,21.0,5.0,15.0,0.0,0.0
94.0,36,157579.0,600.0,128.0,395.0,600.0,0.0,1.0,0.0,0.0,0.5,0.044,0.346,0.5,0.508,0.056,0.362,0.513,0.0,0.0,-1.44,-5.56,-1.1,-0.54,2.05,0.0,0.0,6.0,0.0,0.0,0.0,1.0,1.0,0.2,-0.0,0.1,-0.0,-29.2,-25.1,-29.2,-25.1,74.0,48.0,96.0,77.0,170.0,170.0,170.0,170.0,13.0,10.0,21.0,5.0,15.0,0.0,1.0
94.099,99,157678.0,600.0,127.0,395.0,600.0,0.0,1.0,0.0,0.0,0.5,0.044,0.346,0.5,0.508,0.056,0.362,0.513,0.0,0.0,-1.44,-5.56,-1.1,-0.54,2.05,0.0,0.0,6.0,0.0,0.0,0.0,1.0,1.0,0.4,-0.0,-0.1,-0.0,-29.2,-25.1,-29.2,-25.1,74.0,48.0,96.0,77.0,170.0,170.0,170.0,170.0,13.0,10.0,21.0,5.0,15.0,0.0,1.0
94.131,53,157731.0,600.0,127.0,395.0,600.0,0.0,1.0,0.0,0.0,0.5,0.044,0.346,0.5,0.508,0.056,0.362,0.513,0.0,0.0,-1.45,-5.57,-1.1,-0.54,2.05,0.0,0.0,6.0,0.0,0.0,0.0,1.0,1.0,0.4,-0.0,-0.0,-0.0,-29.1,-25.1,-29.1,-25.1,74.0,48.0,96.0,77.0,170.0,170.0,170.0,170.0,13.0,10.0,21.0,5.0,15.0,0.0,0.0
94.163,36,157767.0,600.0,127.0,395.0,600.0,0.0,1.0,0.0,0.0,0.5,0.043,0.323,0.5,0.508,0.055,0.335,0.512,0.0,0.0,-1.45,-5.57,-1.1,-0.54,2.03,0.0,0.0,6.0,0.0,0.0,0.0,1.0,1.0,0.4,-0.0,-0.0,-0.0,-29.1,-25.1,-29.1,-25.1,74.0,48.0,96.0,77.0,170.0,170.0,170.0,170.0,13.0,10.0,21.0,5.0,15.0,0.0,1.0
94.298,103,157870.0,600.0,127.0,395.0,600.0,0.0,1.0,0.0,0.0,0.5,0.043,0.323,0.5,0.508,0.055,0.335,0.512,0.0,0.0,-1.44,-5.57,-1.1,-0.54,2.04,0.0,0.0,6.0,0.0,0.0,0.0,1.0,1.0,0.2,-0.0,0.1,-0.0,-29.1,-25.1,-29.1,-25.1,74.0,48.0,96.0,77.0,170.0,170.0,170.0,170.0,13.0,10.0,21.0,5.0,15.0,0.0,1.0
94.331,54,157924.0,600.0,127.0,395.0,600.0,0.0,1.0,0.0,0.0,0.5,0.043,0.323,0.5,0.508,0.055,0.335,0.512,0.0,0.0,-1.44,-5.57,-1.1,-0.54,2.02,0.0,0.0,6.0,0.0,0.0,0.0,1.0,1.0,0.1,-0.0,0.0,-0.0,-29.1,-25.1,-29.1,-25.1,74.0,48.0,96.0,77.0,170.0,170.0,170.0,170.0,13.0,10.0,21.0,5.0,15.0,0.0,1.0
94.364,36,157960.0,600.0,127.0,395.0,600.0,0.0,1.0,0.0,0.0,0.5,0.043,0.312,0.5,0.508,0.055,0.322,0.512,0.0,0.0,-1.44,-5.57,-1.1,-0.54,2.01,0.0,0.0,6.0,0.0,0.0,0.0,1.0,1.0,0.1,-0.0,0.1,-0.0,-29.1,-25.1,-29.1,-25.1,74.0,48.0,96.0,77.0,170.0,170.0,170.0,170.0,13.0,10.0,21.0,5.0,15.0,0.0,1.0
94.463,97,158057.0,600.0,126.0,395.0,600.0,0.0,1.0,0.0,0.0,0.5,0.043,0.312,0.5,0.508,0.055,0.322,0.512,0.0,0.0,-1.43,-5.57,-1.1,-0.54,2.02,0.0,0.0,6.0,0.0,0.0,0.0,1.0,1.0,-0.4,-0.0,-0.4,-0.0,-29.2,-25.1,-29.2,-25.1,74.0,48.0,96.0,77.0,170.0,170.0,170.0,170.0,13.0,10.0,21.0,5.0,15.0,0.0,0.0
94.529,54,158111.0,600.0,126.0,395.0,600.0,0.0,1.0,0.0,0.0,0.5,0.043,0.312,0.5,0.508,0.055,0.322,0.512,0.0,0.0,-1.43,-5.56,-1.1,-0.54,2.04,0.0,0.0,6.0,0.0,0.0,0.0,1.0,1.0,-0.3,-0.0,-0.3,-0.0,-29.1,-25.1,-29.1,-25.1,74.0,48.0,96.0,77.0,170.0,170.0,170.0,170.0,13.0,10.0,21.0,5.0,15.0,0.0,0.0
94.561,36,158147.0,600.0,126.0,395.0,600.0,0.0,1.0,0.0,0.0,0.5,0.043,0.307,0.5,0.508,0.055,0.316,0.512,0.0,0.0,-1.44,-5.56,-1.1,-0.54,2.0,0.0,0.0,6.0,0.0,0.0,0.0,1.0,1.0,-0.3,-0.0,-0.3,-0.0,-29.1,-25.1,-29.1,-25.1,74.0,48.0,96.0,77.0,170.0,170.0,170.0,170.0,13.0,10.0,21.0,5.0,15.0,0.0,1.0
94.668,99,158246.0,600.0,127.0,395.0,600.0,0.0,1.0,0.0,0.0,0.5,0.043,0.307,0.5,0.508,0.055,0.316,0.512,0.0,0.0,-1.43,-5.56,-1.1,-0.54,2.06,0.0,0.0,6.0,0.0,0.0,0.0,1.0,1.0,-0.2,-0.0,-0.2,-0.0,-29.1,-25.1,-29.1,-25.1,74.0,48.0,96.0,77.0,170.0,170.0,170.0,170.0,13.0,10.0,21.0,5.0,15.0,0.0,0.0
94.701,55,158301.0,600.0,127.0,410.0,600.0,0.0,1.0,0.0,0.0,0.5,0.043,0.307,0.5,0.508,0.055,0.316,0.512,0.0,0.0,-1.43,-5.56,-1.1,-0.54,2.02,0.0,0.0,6.0,0.0,0.0,0.0,1.0,1.0,-0.2,-0.0,-0.2,-0.0,-29.1,-25.1,-29.1,-25.1,74.0,48.0,96.0,77.0,170.0,170.0,170.0,170.0,13.0,10.0,21.0,5.0,15.0,0.0,0.0
94.734,36,158337.0,600.0,127.0,410.0,600.0,0.0,1.0,0.0,0.0,0.5,0.043,0.313,0.5,0.508,0.055,0.32,0.512,0.0,0.0,-1.43,-5.55,-1.1,-0.54,2.01,0.0,0.0,6.0,0.0,0.0,0.0,1.0,1.0,-0.2,-0.0,-0.1,-0.0,-29.1,-25.1,-29.1,-25.1,74.0,48.0,96.0,77.0,170.0,170.0,170.0,170.0,13.0,10.0,21.0,5.0,15.0,0.0,1.0
94.831,100,158437.0,600.0,127.0,410.0,600.0,0.0,1.0,0.0,0.0,0.5,0.043,0.313,0.5,0.508,0.055,0.32,0.512,0.0,0.0,-1.43,-5.55,-1.1,-0.54,2.01,0.0,0.0,6.0,0.0,0.0,0.0,1.0,1.0,-0.2,-0.0,-0.1,-0.0,-29.1,-25.1,-29.1,-25.1,74.0,48.0,96.0,77.0,170.0,170.0,170.0,170.0,13.0,10.0,21.0,5.0,15.0,0.0,0.0
94.895,54,158491.0,600.0,127.0,511.0,600.0,0.0,1.0,0.0,0.0,0.5,0.043,0.313,0.5,0.508,0.055,0.32,0.512,0.0,0.0,-1.43,-5.55,-1.1,-0.54,2.0,0.0,0.0,6.0,0.0,0.0,0.0,1.0,1.0,-0.2,-0.0,-0.1,-0.0,-29.1,-25.1,-29.1,-25.1,74.0,48.0,96.0,77.0,170.0,170.0,170.0,170.0,13.0,10.0,21.0,5.0,15.0,0.0,0.0
94.927,36,158527.0,600.0,127.0,511.0,600.0,0.0,1.0,0.0,0.0,0.5,0.043,0.371,0.5,0.508,0.055,0.369,0.513,0.0,0.0,-1.44,-5.55,-1.1,-0.54,2.0,0.0,0.0,6.0,0.0,0.0,0.0,1.0,1.0,-0.2,-0.0,-0.1,-0.0,-29.1,-25.1,-29.1,-25.1,74.0,48.0,96.0,77.0,170.0,170.0,170.0,170.0,13.0,10.0,21.0,5.0,15.0,0.0,1.0
95.021,101,158628.0,600.0,128.0,511.0,600.0,0.0,1.0,0.0,0.0,0.5,0.043,0.371,0.5,0.508,0.055,0.369,0.513,0.0,0.0,-1.44,-5.55,-1.1,-0.54,2.0,0.0,0.0,6.0,0.0,0.0,0.0,1.0,1.0,-0.0,-0.0,-0.1,-0.0,-29.1,-25.1,-29.1,-25.1,74.0,48.0,96.0,77.0,170.0,170.0,170.0,170.0,13.0,10.0,21.0,5.0,15.0,0.0,1.0
95.09,54,158682.0,600.0,128.0,418.0,600.0,0.0,1.0,0.0,0.0,0.5,0.043,0.371,0.5,0.508,0.055,0.369,0.513,0.0,0.0,-1.44,-5.56,-1.1,-0.54,2.0,0.0,0.0,6.0,0.0,0.0,0.0,1.0,1.0,-0.0,-0.0,0.1,-0.0,-29.1,-25.1,-29.1,-25.1,74.0,48.0,96.0,77.0,170.0,170.0,170.0,170.0,13.0,10.0,21.0,5.0,15.0,0.0,0.0
95.124,38,158720.0,600.0,128.0,418.0,600.0,0.0,1.0,0.0,0.0,0.5,0.043,0.347,0.5,0.508,0.056,0.358,0.512,0.0,0.0,-1.44,-5.56,-1.1,-0.54,2.0,0.0,0.0,6.0,0.0,0.0,0.0,1.0,1.0,-0.0,-0.0,0.2,-0.0,-29.1,-25.1,-29.1,-25.1,74.0,48.0,96.0,77.0,170.0,170.0,170.0,170.0,13.0,10.0,21.0,5.0,15.0,0.0,1.0
95.22,98,158818.0,600.0,129.0,418.0,600.0,0.0,1.0,0.0,0.0,0.5,0.043,0.347,0.5,0.508,0.056,0.358,0.512,0.0,0.0,-1.44,-5.55,-1.1,-0.54,2.0,0.0,0.0,6.0,0.0,0.0,0.0,1.0,1.0,0.4,-0.0,0.1,-0.0,-29.1,-25.1,-29.1,-25.1,74.0,48.0,96.0,77.0,170.0,170.0,170.0,170.0,13.0,10.0,21.0,5.0,15.0,0.0,0.0
95.289,53,158871.0,600.0,129.0,320.0,600.0,0.0,1.0,0.0,0.0,0.5,0.043,0.347,0.5,0.508,0.056,0.358,0.512,0.0,0.0,-1.44,-5.55,-1.1,-0.54,2.0,0.0,0.0,6.0,0.0,0.0,0.0,1.0,1.0,0.4,-0.0,0.1,-0.0,-29.1,-25.1,-29.1,-25.1,74.0,48.0,96.0,77.0,170.0,170.0,170.0,170.0,13.0,10.0,21.0,5.0,15.0,0.0,0.0
95.321,37,158908.0,600.0,129.0,320.0,600.0,0.0,1.0,0.0,0.0,0.5,0.044,0.28,0.5,0.508,0.055,0.298,0.512,0.0,0.0,-1.44,-5.55,-1.1,-0.54,2.0,0.0,0.0,6.0,0.0,0.0,0.0,1.0,1.0,0.4,-0.0,0.1,-0.0,-29.1,-25.1,-29.1,-25.1,74.0,48.0,96.0,77.0,170.0,170.0,170.0,170.0,13.0,10.0,21.0,5.0,15.0,0.0,1.0
95.419,101,159009.0,600.0,129.0,320.0,600.0,0.0,1.0,0.0,0.0,0.5,0.044,0.28,0.5,0.508,0.055,0.298,0.512,0.0,0.0,-1.44,-5.55,-1.1,-0.54,2.0,0.0,0.0,6.0,0.0,0.0,0.0,1.0,1.0,0.1,-0.0,0.1,-0.0,-29.1,-25.1,-29.1,-25.1,74.0,48.0,96.0,77.0,170.0,170.0,170.0,170.0,13.0,10.0,21.0,5.0,15.0,0.0,1.0
95.461,53,159062.0,600.0,129.0,320.0,600.0,0.0,1.0,0.0,0.0,0.5,0.044,0.28,0.5,0.508,0.055,0.298,0.512,0.0,0.0,-1.44,-5.55,-1.1,-0.54,2.0,0.0,0.0,6.0,0.0,0.0,0.0,1.0,1.0,0.1,-0.0,0.1,-0.0,-29.1,-25.1,-29.1,-25.1,74.0,48.0,96.0,77.0,170.0,170.0,170.0,170.0,13.0,10.0,21.0,5.0,15.0,0.0,0.0
95.494,36,159098.0,600.0,129.0,320.0,600.0,0.0,1.0,0.0,0.0,0.5,0.044,0.248,0.5,0.508,0.055,0.262,0.511,0.0,0.0,-1.44,-5.55,-1.1,-0.54,2.0,0.0,0.0,6.0,0.0,0.0,0.0,1.0,1.0,0.1,-0.0,0.0,-0.0,-29.1,-25.1,-29.1,-25.1,74.0,48.0,96.0,77.0,170.0,170.0,170.0,170.0,13.0,10.0,21.0,5.0,15.0,0.0,1.0
95.592,101,159199.0,600.0,128.0,320.0,600.0,0.0,1.0,0.0,0.0,0.5,0.044,0.248,0.5,0.508,0.055,0.262,0.511,0.0,0.0,-1.45,-5.55,-1.1,-0.54,2.0,0.0,0.0,6.0,0.0,0.0,0.0,1.0,1.0,0.1,-0.0,0.0,-0.0,-29.1,-25.1,-29.1,-25.1,74.0,48.0,96.0,77.0,170.0,170.0,170.0,170.0,13.0,10.0,21.0,5.0,15.0,0.0,0.0
95.658,53,159252.0,600.0,128.0,409.0,600.0,0.0,1.0,0.0,0.0,0.5,0.044,0.248,0.5,0.508,0.055,0.262,0.511,0.0,0.0,-1.45,-5.55,-1.1,-0.54,2.0,0.0,0.0,6.0,0.0,0.0,0.0,1.0,1.0,0.1,-0.0,0.0,-0.0,-29.1,-25.1,-29.1,-25.1,74.0,48.0,96.0,77.0,170.0,170.0,170.0,170.0,13.0,10.0,21.0,5.0,15.0,0.0,1.0
95.691,36,159288.0,600.0,128.0,409.0,600.0,0.0,1.0,0.0,0.0,0.5,0.044,0.285,0.5,0.508,0.055,0.288,0.511,0.0,0.0,-1.45,-5.55,-1.1,-0.54,2.0,0.0,0.0,6.0,0.0,0.0,0.0,1.0,1.0,0.1,-0.0,0.0,-0.0,-29.1,-25.1,-29.1,-25.1,74.0,48.0,96.0,77.0,170.0,170.0,170.0,170.0,13.0,10.0,21.0,5.0,15.0,0.0,1.0
95.787,97,159385.0,600.0,128.0,409.0,600.0,0.0,1.0,0.0,0.0,0.5,0.044,0.285,0.5,0.508,0.055,0.288,0.511,0.0,0.0,-1.45,-5.55,-1.1,-0.54,2.0,0.0,0.0,6.0,0.0,0.0,0.0,1.0,1.0,0.1,-0.0,0.0,-0.0,-29.1,-25.1,-29.1,-25.1,74.0,48.0,96.0,77.0,170.0,170.0,170.0,170.0,13.0,10.0,21.0,5.0,15.0,0.0,0.0
95.86,54,159439.0,600.0,128.0,409.0,600.0,0.0,1.0,0.0,0.0,0.5,0.044,0.285,0.5,0.508,0.055,0.288,0.511,0.0,0.0,-1.45,-5.55,-1.1,-0.54,2.0,0.0,0.0,6.0,0.0,0.0,0.0,1.0,1.0,0.1,-0.0,0.0,-0.0,-29.1,-25.1,-29.1,-25.1,74.0,48.0,96.0,77.0,170.0,170.0,170.0,170.0,13.0,10.0,21.0,5.0,15.0,0.0,0.0
95.895,36,159475.0,600.0,128.0,409.0,600.0,0.0,1.0,0.0,0.0,0.5,0.044,0.303,0.5,0.508,0.056,0.308,0.512,0.0,0.0,-1.45,-5.55,-1.1,-0.54,2.0,0.0,0.0,6.0,0.0,0.0,0.0,1.0,1.0,0.1,-0.0,0.0,-0.0,-29.1,-25.1,-29.1,-25.1,74.0,48.0,96.0,77.0,170.0,170.0,170.0,170.0,13.0,10.0,21.0,5.0,15.0,0.0,1.0
95.96,97,159572.0,600.0,128.0,409.0,600.0,0.0,1.0,0.0,0.0,0.5,0.044,0.303,0.5,0.508,0.056,0.308,0.512,0.0,0.0,-1.45,-5.55,-1.1,-0.54,2.0,0.0,0.0,6.0,0.0,0.0,0.0,1.0,1.0,0.1,-0.0,0.0,-0.0,-29.1,-25.1,-29.1,-25.1,74.0,48.0,96.0,77.0,170.0,170.0,170.0,170.0,13.0,10.0,21.0,5.0,15.0,0.0,0.0
96.023,54,159626.0,600.0,128.0,503.0,600.0,0.0,1.0,0.0,0.0,0.5,0.044,0.303,0.5,0.508,0.056,0.308,0.512,0.0,0.0,-1.45,-5.55,-1.1,-0.54,2.0,0.0,0.0,6.0,0.0,0.0,0.0,1.0,1.0,0.1,-0.0,0.0,-0.0,-29.1,-25.1,-29.1,-25.1,74.0,48.0,96.0,77.0,170.0,170.0,170.0,170.0,13.0,10.0,21.0,5.0,15.0,0.0,0.0
96.056,36,159662.0,600.0,128.0,503.0,600.0,0.0,1.0,0.0,0.0,0.5,0.044,0.362,0.5,0.508,0.056,0.36,0.512,0.0,0.0,-1.46,-5.55,-1.09,-0.54,1.99,0.0,0.0,6.0,0.0,0.0,0.0,1.0,1.0,0.1,-0.0,0.0,-0.0,-29.1,-25.1,-29.1,-25.1,74.0,48.0,96.0,77.0,170.0,170.0,170.0,170.0,13.0,10.0,21.0,5.0,15.0,0.0,1.0
96.154,97,159759.0,600.0,128.0,503.0,600.0,0.0,1.0,0.0,0.0,0.5,0.044,0.362,0.5,0.508,0.056,0.36,0.512,0.0,0.0,-1.46,-5.55,-1.09,-0.54,1.99,0.0,0.0,6.0,0.0,0.0,0.0,1.0,1.0,0.0,-0.0,0.0,-0.0,-29.1,-25.1,-29.1,-25.1,74.0,48.0,96.0,77.0,170.0,170.0,170.0,170.0,13.0,10.0,21.0,5.0,15.0,0.0,0.0
96.22,53,159812.0,600.0,128.0,600.0,600.0,0.0,1.0,0.0,0.0,0.5,0.044,0.362,0.5,0.508,0.056,0.36,0.512,0.0,0.0,-1.46,-5.55,-1.09,-0.54,1.99,0.0,0.0,6.0,0.0,0.0,0.0,1.0,1.0,0.1,-0.0,0.0,-0.0,-29.1,-25.1,-29.1,-25.1,74.0,48.0,96.0,77.0,170.0,170.0,170.0,170.0,13.0,10.0,21.0,5.0,15.0,0.0,0.0
96.252,36,159848.0,600.0,128.0,600.0,600.0,0.0,1.0,0.0,0.0,0.5,0.044,0.436,0.5,0.508,0.057,0.432,0.514,0.0,0.0,-1.46,-5.55,-1.09,-0.54,1.99,0.0,0.0,6.0,0.0,0.0,0.0,1.0,1.0,0.1,-0.0,0.0,-0.0,-29.1,-25.1,-29.1,-25.1,74.0,48.0,96.0,77.0,170.0,170.0,170.0,170.0,13.0,10.0,21.0,5.0,15.0,0.0,1.0
96.351,101,159949.0,600.0,128.0,600.0,600.0,0.0,1.0,0.0,0.0,0.5,0.044,0.436,0.5,0.508,0.057,0.432,0.514,0.0,0.0,-1.46,-5.55,-1.09,-0.54,1.99,0.0,0.0,6.0,0.0,0.0,0.0,1.0,1.0,0.0,-0.0,0.0,-0.0,-29.1,-25.1,-29.1,-25.1,74.0,48.0,96.0,77.0,170.0,170.0,170.0,170.0,13.0,10.0,21.0,5.0,15.0,0.0,1.0
96.417,55,160004.0,600.0,128.0,600.0,600.0,0.0,1.0,0.0,0.0,0.5,0.044,0.436,0.5,0.508,0.057,0.432,0.514,0.0,0.0,-1.47,-5.55,-1.09,-0.54,1.99,0.0,0.0,6.0,0.0,0.0,0.0,1.0,1.0,0.0,-0.0,-0.1,-0.0,-29.1,-25.1,-29.1,-25.1,74.0,48.0,96.0,77.0,170.0,170.0,170.0,170.0,13.0,10.0,21.0,5.0,15.0,0.0,0.0
96.45,36,160040.0,600.0,128.0,600.0,600.0,0.0,1.0,0.0,0.0,0.5,0.044,0.47,0.5,0.508,0.058,0.472,0.514,0.0,0.0,-1.47,-5.55,-1.09,-0.54,1.99,0.0,0.0,6.0,0.0,0.0,0.0,1.0,1.0,0.1,-0.0,-0.1,-0.0,-29.1,-25.1,-29.1,-25.1,74.0,48.0,96.0,77.0,170.0,170.0,170.0,170.0,13.0,10.0,21.0,5.0,15.0,0.0,1.0
96.548,99,160139.0,600.0,129.0,600.0,600.0,0.0,1.0,0.0,0.0,0.5,0.044,0.47,0.5,0.508,0.058,0.472,0.514,0.0,0.0,-1.47,-5.55,-1.09,-0.54,1.99,0.0,0.0,6.0,0.0,0.0,0.0,1.0,1.0,0.0,-0.0,-0.1,-0.0,-29.1,-25.1,-29.1,-25.1,74.0,48.0,96.0,77.0,170.0,170.0,170.0,170.0,13.0,10.0,21.0,5.0,15.0,0.0,1.0
96.581,53,160192.0,600.0,129.0,600.0,600.0,0.0,1.0,0.0,0.0,0.5,0.044,0.47,0.5,0.508,0.058,0.472,0.514,0.0,0.0,-1.47,-5.55,-1.09,-0.54,1.99,0.0,0.0,6.0,0.0,0.0,0.0,1.0,1.0,0.0,-0.0,-0.1,-0.0,-29.1,-25.1,-29.1,-25.1,74.0,48.0,96.0,77.0,170.0,170.0,170.0,170.0,13.0,10.0,21.0,5.0,15.0,0.0,0.0
96.652,36,160228.0,600.0,129.0,600.0,600.0,0.0,1.0,0.0,0.0,0.5,0.044,0.486,0.5,0.508,0.058,0.492,0.514,0.0,0.0,-1.47,-5.55,-1.09,-0.54,1.99,0.0,0.0,6.0,0.0,0.0,0.0,1.0,1.0,0.0,-0.0,-0.1,-0.0,-29.1,-25.1,-29.1,-25.1,74.0,48.0,96.0,77.0,170.0,170.0,170.0,170.0,13.0,10.0,21.0,5.0,15.0,0.0,1.0
96.718,101,160329.0,600.0,129.0,600.0,600.0,0.0,1.0,0.0,0.0,0.5,0.044,0.486,0.5,0.508,0.058,0.492,0.514,0.0,0.0,-1.47,-5.55,-1.09,-0.54,1.99,0.0,0.0,6.0,0.0,0.0,0.0,1.0,1.0,0.2,-0.0,-0.1,-0.0,-29.1,-25.1,-29.1,-25.1,74.0,48.0,96.0,77.0,170.0,170.0,170.0,170.0,13.0,10.0,21.0,5.0,15.0,0.0,1.0
96.784,53,160382.0,600.0,129.0,600.0,600.0,0.0,1.0,0.0,0.0,0.5,0.044,0.486,0.5,0.508,0.058,0.492,0.514,0.0,0.0,-1.47,-5.55,-1.09,-0.54,1.99,0.0,0.0,6.0,0.0,0.0,0.0,1.0,1.0,0.2,-0.0,-0.1,-0.0,-29.1,-25.1,-29.1,-25.1,74.0,48.0,96.0,77.0,170.0,170.0,170.0,170.0,13.0,10.0,21.0,5.0,15.0,0.0,0.0
96.816,38,160420.0,600.0,129.0,600.0,600.0,0.0,1.0,0.0,0.0,0.5,0.044,0.494,0.5,0.508,0.059,0.5,0.515,0.0,0.0,-1.47,-5.55,-1.09,-0.54,1.99,0.0,0.0,6.0,0.0,0.0,0.0,1.0,1.0,0.2,-0.0,-0.0,-0.0,-29.1,-25.1,-29.1,-25.1,74.0,48.0,96.0,77.0,170.0,170.0,170.0,170.0,13.0,10.0,21.0,5.0,15.0,0.0,1.0
96.92,98,160518.0,600.0,129.0,600.0,600.0,0.0,1.0,0.0,0.0,0.5,0.044,0.494,0.5,0.508,0.059,0.5,0.515,0.0,0.0,-1.47,-5.55,-1.09,-0.54,1.99,0.0,0.0,6.0,0.0,0.0,0.0,1.0,1.0,0.1,-0.0,-0.0,-0.0,-29.1,-25.1,-29.1,-25.1,74.0,48.0,96.0,77.0,170.0,170.0,170.0,170.0,13.0,10.0,21.0,5.0,15.0,0.0,0.0
96.987,54,160572.0,600.0,129.0,512.0,600.0,0.0,1.0,0.0,0.0,0.5,0.044,0.494,0.5,0.508,0.059,0.5,0.515,0.0,0.0,-1.47,-5.55,-1.09,-0.54,1.99,0.0,0.0,6.0,0.0,0.0,0.0,1.0,1.0,0.1,-0.0,-0.0,-0.0,-29.1,-25.1,-29.1,-25.1,74.0,48.0,96.0,77.0,170.0,170.0,170.0,170.0,13.0,10.0,21.0,5.0,15.0,0.0,1.0
97.019,36,160608.0,600.0,129.0,512.0,600.0,0.0,1.0,0.0,0.0,0.5,0.044,0.455,0.5,0.508,0.058,0.469,0.514,0.0,0.0,-1.47,-5.55,-1.09,-0.54,1.99,0.0,0.0,6.0,0.0,0.0,0.0,1.0,1.0,0.1,-0.0,-0.0,-0.0,-29.1,-25.1,-29.1,-25.1,74.0,48.0,96.0,77.0,170.0,170.0,170.0,170.0,13.0,10.0,21.0,5.0,15.0,0.0,1.0
97.115,99,160707.0,600.0,129.0,512.0,600.0,0.0,1.0,0.0,0.0,0.5,0.044,0.455,0.5,0.508,0.058,0.469,0.514,0.0,0.0,-1.47,-5.55,-1.09,-0.54,1.99,0.0,0.0,6.0,0.0,0.0,0.0,1.0,1.0,0.1,-0.0,-0.0,-0.0,-29.1,-25.1,-29.1,-25.1,74.0,48.0,96.0,77.0,170.0,170.0,170.0,170.0,13.0,10.0,21.0,5.0,15.0,0.0,0.0
97.147,54,160761.0,600.0,129.0,512.0,600.0,0.0,1.0,0.0,0.0,0.5,0.044,0.455,0.5,0.508,0.058,0.469,0.514,0.0,0.0,-1.47,-5.55,-1.09,-0.54,1.99,0.0,0.0,6.0,0.0,0.0,0.0,1.0,1.0,0.1,-0.0,-0.0,-0.0,-29.1,-25.1,-29.1,-25.1,74.0,48.0,96.0,77.0,170.0,170.0,170.0,170.0,13.0,10.0,21.0,5.0,15.0,0.0,1.0
97.211,36,160797.0,600.0,129.0,512.0,600.0,0.0,1.0,0.0,0.0,0.5,0.044,0.437,0.5,0.508,0.058,0.448,0.514,0.0,0.0,-1.47,-5.55,-1.09,-0.54,1.99,0.0,0.0,6.0,0.0,0.0,0.0,1.0,1.0,0.1,-0.0,0.0,-0.0,-22.2,-18.2,-22.2,-18.2,59.0,38.0,76.0,59.0,170.0,170.0,170.0,170.0,13.0,10.0,21.0,5.0,15.0,0.0,1.0
97.314,99,160896.0,600.0,128.0,512.0,600.0,0.0,1.0,0.0,0.0,0.5,0.044,0.437,0.5,0.508,0.058,0.448,0.514,0.0,0.0,-1.46,-5.55,-1.09,-0.54,0.0,0.0,0.0,0.0,0.0,0.0,0.0,1.0,1.0,0.1,-0.0,0.1,-0.0,0.0,0.0,0.0,0.0,0.0,0.0,0.0,0.0,170.0,170.0,170.0,170.0,13.0,10.0,21.0,5.0,15.0,0.0,1.0
97.347,54,160950.0,600.0,128.0,418.0,600.0,0.0,1.0,0.0,0.0,0.5,0.044,0.437,0.5,0.508,0.058,0.448,0.514,0.0,0.0,-1.46,-5.55,-1.09,-0.54,0.0,0.0,0.0,0.0,0.0,0.0,0.0,1.0,1.0,0.1,-0.0,0.1,-0.0,0.0,0.0,0.0,0.0,0.0,0.0,0.0,0.0,170.0,170.0,170.0,170.0,13.0,10.0,21.0,5.0,15.0,0.0,0.0
97.38,36,160986.0,600.0,128.0,418.0,600.0,0.0,1.0,0.0,0.0,0.5,0.044,0.378,0.5,0.508,0.057,0.395,0.513,0.0,0.0,-1.45,-5.56,-1.1,-0.54,0.0,0.0,0.0,0.0,0.0,0.0,0.0,1.0,1.0,0.0,-0.0,0.1,-0.0,0.0,0.0,0.0,0.0,0.0,0.0,0.0,0.0,170.0,170.0,170.0,170.0,13.0,10.0,21.0,5.0,15.0,0.0,1.0
97.478,102,161088.0,600.0,128.0,418.0,600.0,0.0,1.0,0.0,0.0,0.5,0.044,0.378,0.5,0.508,0.057,0.395,0.513,0.0,0.0,-1.45,-5.56,-1.1,-0.54,0.0,0.0,0.0,0.0,0.0,0.0,0.0,1.0,1.0,0.0,-0.0,0.0,-0.0,0.0,0.0,0.0,0.0,0.0,0.0,0.0,0.0,170.0,170.0,170.0,170.0,13.0,10.0,21.0,5.0,15.0,0.0,1.0
97.544,53,161141.0,600.0,128.0,418.0,600.0,0.0,1.0,0.0,0.0,0.5,0.044,0.378,0.5,0.508,0.057,0.395,0.513,0.0,0.0,-1.45,-5.56,-1.1,-0.54,0.0,0.0,0.0,0.0,0.0,0.0,0.0,1.0,1.0,0.0,-0.0,0.0,-0.0,0.0,0.0,0.0,0.0,0.0,0.0,0.0,0.0,170.0,170.0,170.0,170.0,13.0,10.0,21.0,5.0,15.0,0.0,0.0
97.576,36,161177.0,600.0,128.0,418.0,600.0,0.0,1.0,0.0,0.0,0.5,0.044,0.35,0.5,0.508,0.056,0.363,0.513,0.0,0.0,-1.45,-5.55,-1.1,-0.54,0.0,0.0,0.0,0.0,0.0,0.0,0.0,1.0,1.0,0.0,-0.0,0.0,-0.0,0.0,0.0,0.0,0.0,0.0,0.0,0.0,0.0,170.0,170.0,170.0,170.0,13.0,10.0,21.0,5.0,15.0,0.0,1.0
97.67,97,161274.0,600.0,127.0,418.0,600.0,0.0,1.0,0.0,0.0,0.5,0.044,0.35,0.5,0.508,0.056,0.363,0.513,0.0,0.0,-1.45,-5.55,-1.1,-0.54,0.0,0.0,0.0,0.0,0.0,0.0,0.0,1.0,1.0,0.0,-0.0,0.0,-0.0,0.0,0.0,0.0,0.0,0.0,0.0,0.0,0.0,170.0,170.0,170.0,170.0,13.0,10.0,21.0,5.0,15.0,0.0,1.0
97.734,53,161327.0,600.0,127.0,317.0,600.0,0.0,1.0,0.0,0.0,0.5,0.044,0.35,0.5,0.508,0.056,0.363,0.513,0.0,0.0,-1.45,-5.55,-1.1,-0.54,0.0,0.0,0.0,0.0,0.0,0.0,0.0,1.0,1.0,0.0,-0.0,0.0,-0.0,0.0,0.0,0.0,0.0,0.0,0.0,0.0,0.0,170.0,170.0,170.0,170.0,13.0,10.0,21.0,5.0,15.0,0.0,1.0
97.767,36,161363.0,600.0,127.0,317.0,600.0,0.0,1.0,0.0,0.0,0.5,0.043,0.28,0.5,0.508,0.055,0.299,0.512,0.0,0.0,-1.45,-5.55,-1.1,-0.54,0.0,0.0,0.0,0.0,0.0,0.0,0.0,1.0,1.0,0.0,-0.0,0.0,-0.0,0.0,0.0,0.0,0.0,0.0,0.0,0.0,0.0,170.0,170.0,170.0,170.0,13.0,10.0,21.0,5.0,15.0,0.0,1.0
97.865,98,161461.0,600.0,127.0,317.0,600.0,0.0,1.0,0.0,0.0,0.5,0.043,0.28,0.5,0.508,0.055,0.299,0.512,0.0,0.0,-1.44,-5.54,-1.1,-0.54,0.0,0.0,0.0,0.0,0.0,0.0,0.0,1.0,1.0,0.0,-0.0,0.0,-0.0,0.0,0.0,0.0,0.0,0.0,0.0,0.0,0.0,170.0,170.0,170.0,170.0,13.0,10.0,21.0,5.0,15.0,0.0,1.0
97.931,53,161514.0,600.0,127.0,405.0,600.0,0.0,1.0,0.0,0.0,0.5,0.043,0.28,0.5,0.508,0.055,0.299,0.512,0.0,0.0,-1.44,-5.54,-1.1,-0.54,0.0,0.0,0.0,0.0,0.0,0.0,0.0,1.0,1.0,0.0,-0.0,0.0,-0.0,0.0,0.0,0.0,0.0,0.0,0.0,0.0,0.0,170.0,170.0,170.0,170.0,13.0,10.0,21.0,5.0,15.0,0.0,0.0
97.963,36,161550.0,600.0,127.0,405.0,600.0,0.0,1.0,0.0,0.0,0.5,0.043,0.298,0.5,0.508,0.055,0.303,0.512,0.0,0.0,-1.44,-5.55,-1.1,-0.54,0.0,0.0,0.0,0.0,0.0,0.0,0.0,1.0,1.0,0.0,-0.0,0.0,-0.0,0.0,0.0,0.0,0.0,0.0,0.0,0.0,0.0,170.0,170.0,170.0,170.0,13.0,10.0,21.0,5.0,15.0,0.0,1.0
98.061,97,161647.0,600.0,126.0,405.0,600.0,0.0,1.0,0.0,0.0,0.5,0.043,0.298,0.5,0.508,0.055,0.303,0.512,0.0,0.0,-1.44,-5.54,-1.1,-0.54,0.0,0.0,0.0,0.0,0.0,0.0,0.0,1.0,1.0,0.0,-0.0,0.0,-0.0,0.0,0.0,0.0,0.0,0.0,0.0,0.0,0.0,170.0,170.0,170.0,170.0,13.0,10.0,21.0,5.0,15.0,0.0,0.0
98.093,55,161702.0,600.0,126.0,306.0,600.0,0.0,1.0,0.0,0.0,0.5,0.043,0.298,0.5,0.508,0.055,0.303,0.512,0.0,0.0,-1.44,-5.55,-1.11,-0.54,0.0,0.0,0.0,0.0,0.0,0.0,0.0,1.0,1.0,0.0,-0.0,0.0,-0.0,0.0,0.0,0.0,0.0,0.0,0.0,0.0,0.0,170.0,170.0,170.0,170.0,13.0,10.0,21.0,5.0,15.0,0.0,0.0
98.124,36,161738.0,600.0,126.0,306.0,600.0,0.0,1.0,0.0,0.0,0.5,0.043,0.249,0.5,0.508,0.054,0.264,0.511,0.0,0.0,-1.43,-5.55,-1.1,-0.54,0.0,0.0,0.0,0.0,0.0,0.0,0.0,1.0,1.0,-0.0,-0.0,0.0,-0.0,0.0,0.0,0.0,0.0,0.0,0.0,0.0,0.0,170.0,170.0,170.0,170.0,13.0,10.0,21.0,5.0,15.0,0.0,1.0
98.257,97,161835.0,600.0,126.0,306.0,600.0,0.0,1.0,0.0,0.0,0.5,0.043,0.249,0.5,0.508,0.054,0.264,0.511,0.0,0.0,-1.43,-5.55,-1.1,-0.54,0.0,0.0,0.0,0.0,0.0,0.0,0.0,1.0,1.0,-0.0,-0.4,0.0,-0.0,0.0,0.0,0.0,0.0,0.0,0.0,0.0,0.0,170.0,170.0,170.0,170.0,13.0,10.0,21.0,5.0,15.0,0.0,1.0
98.289,53,161888.0,600.0,126.0,400.0,600.0,0.0,1.0,0.0,0.0,0.5,0.043,0.249,0.5,0.508,0.054,0.264,0.511,0.0,0.0,-1.43,-5.55,-1.1,-0.54,0.0,0.0,0.0,0.0,0.0,0.0,0.0,1.0,1.0,-0.0,-0.4,0.0,-0.0,0.0,0.0,0.0,0.0,0.0,0.0,0.0,0.0,170.0,170.0,170.0,170.0,13.0,10.0,21.0,5.0,15.0,0.0,0.0
98.321,35,161923.0,600.0,126.0,400.0,600.0,0.0,1.0,0.0,0.0,0.5,0.042,0.28,0.5,0.508,0.054,0.283,0.511,0.0,0.0,-1.42,-5.56,-1.1,-0.54,0.0,0.0,0.0,0.0,0.0,0.0,0.0,1.0,1.0,-0.0,-0.3,0.0,-0.0,0.0,0.0,0.0,0.0,0.0,0.0,0.0,0.0,170.0,170.0,170.0,170.0,13.0,10.0,21.0,5.0,15.0,0.0,1.0
98.417,97,162020.0,600.0,126.0,400.0,600.0,0.0,1.0,0.0,0.0,0.5,0.042,0.28,0.5,0.508,0.054,0.283,0.511,0.0,0.0,-1.43,-5.56,-1.1,-0.54,0.0,0.0,0.0,0.0,0.0,0.0,0.0,1.0,1.0,-0.0,-0.3,0.0,-0.0,0.0,0.0,0.0,0.0,0.0,0.0,0.0,0.0,170.0,170.0,170.0,170.0,13.0,10.0,21.0,5.0,15.0,0.0,0.0
98.496,53,162073.0,600.0,126.0,400.0,600.0,0.0,1.0,0.0,0.0,0.5,0.042,0.28,0.5,0.508,0.054,0.283,0.511,0.0,0.0,-1.43,-5.56,-1.1,-0.54,0.0,0.0,0.0,0.0,0.0,0.0,0.0,1.0,1.0,-0.0,0.0,0.0,-0.0,0.0,0.0,0.0,0.0,0.0,0.0,0.0,0.0,170.0,170.0,170.0,170.0,13.0,10.0,21.0,5.0,15.0,0.0,0.0
98.528,37,162110.0,600.0,126.0,400.0,600.0,0.0,1.0,0.0,0.0,0.5,0.042,0.295,0.5,0.508,0.054,0.301,0.512,0.0,0.0,-1.43,-5.56,-1.1,-0.54,0.0,0.0,0.0,0.0,0.0,0.0,0.0,1.0,1.0,0.0,0.0,0.0,-0.0,0.0,0.0,0.0,0.0,0.0,0.0,0.0,0.0,170.0,170.0,170.0,170.0,13.0,10.0,21.0,5.0,15.0,0.0,1.0
98.636,100,162210.0,600.0,127.0,400.0,600.0,0.0,1.0,0.0,0.0,0.5,0.042,0.295,0.5,0.508,0.054,0.301,0.512,0.0,0.0,-1.43,-5.55,-1.09,-0.54,0.0,0.0,0.0,0.0,0.0,0.0,0.0,1.0,1.0,0.0,-0.0,0.0,-0.0,0.0,0.0,0.0,0.0,0.0,0.0,0.0,0.0,170.0,170.0,170.0,170.0,13.0,10.0,21.0,5.0,15.0,0.0,1.0
98.669,53,162263.0,600.0,127.0,501.0,600.0,0.0,1.0,0.0,0.0,0.5,0.042,0.295,0.5,0.508,0.054,0.301,0.512,0.0,0.0,-1.43,-5.55,-1.09,-0.54,0.0,0.0,0.0,0.0,0.0,0.0,0.0,1.0,1.0,-0.0,-0.0,0.0,-0.0,0.0,0.0,0.0,0.0,0.0,0.0,0.0,0.0,170.0,170.0,170.0,170.0,13.0,10.0,21.0,5.0,15.0,0.0,0.0
98.702,36,162299.0,600.0,127.0,501.0,600.0,0.0,1.0,0.0,0.0,0.5,0.043,0.357,0.5,0.508,0.055,0.355,0.512,0.0,0.0,-1.43,-5.55,-1.09,-0.54,0.0,0.0,0.0,0.0,0.0,0.0,0.0,1.0,1.0,0.1,-0.0,0.0,-0.0,0.0,0.0,0.0,0.0,0.0,0.0,0.0,0.0,170.0,170.0,170.0,170.0,13.0,10.0,21.0,5.0,15.0,0.0,1.0
98.801,96,162395.0,600.0,126.0,501.0,600.0,0.0,1.0,0.0,0.0,0.5,0.043,0.357,0.5,0.508,0.055,0.355,0.512,0.0,0.0,-1.43,-5.55,-1.09,-0.54,0.0,0.0,0.0,0.0,0.0,0.0,0.0,1.0,1.0,0.0,-0.0,0.0,-0.0,0.0,0.0,0.0,0.0,0.0,0.0,0.0,0.0,170.0,170.0,170.0,170.0,13.0,10.0,21.0,5.0,15.0,0.0,0.0
98.866,53,162448.0,600.0,126.0,406.0,600.0,0.0,1.0,0.0,0.0,0.5,0.043,0.357,0.5,0.508,0.055,0.355,0.512,0.0,0.0,-1.43,-5.55,-1.09,-0.54,0.0,0.0,0.0,0.0,0.0,0.0,0.0,1.0,1.0,0.0,-0.0,0.0,-0.0,0.0,0.0,0.0,0.0,0.0,0.0,0.0,0.0,170.0,170.0,170.0,170.0,13.0,10.0,21.0,5.0,15.0,0.0,1.0
98.897,36,162484.0,600.0,126.0,406.0,600.0,0.0,1.0,0.0,0.0,0.5,0.043,0.334,0.5,0.508,0.055,0.345,0.512,0.0,0.0,-1.43,-5.55,-1.09,-0.54,0.0,0.0,0.0,0.0,0.0,0.0,0.0,1.0,1.0,0.0,-0.0,0.0,-0.0,0.0,0.0,0.0,0.0,0.0,0.0,0.0,0.0,170.0,170.0,170.0,170.0,13.0,10.0,21.0,5.0,15.0,0.0,1.0
98.993,98,162582.0,600.0,127.0,406.0,600.0,0.0,1.0,0.0,0.0,0.5,0.043,0.334,0.5,0.508,0.055,0.345,0.512,0.0,0.0,-1.43,-5.55,-1.09,-0.54,0.0,0.0,0.0,0.0,0.0,0.0,0.0,1.0,1.0,0.0,-0.0,0.0,-0.0,0.0,0.0,0.0,0.0,0.0,0.0,0.0,0.0,170.0,170.0,170.0,170.0,13.0,10.0,21.0,5.0,15.0,0.0,1.0
99.024,53,162635.0,600.0,127.0,505.0,600.0,0.0,1.0,0.0,0.0,0.5,0.043,0.334,0.5,0.508,0.055,0.345,0.512,0.0,0.0,-1.43,-5.55,-1.09,-0.54,0.0,0.0,0.0,0.0,0.0,0.0,0.0,1.0,1.0,0.0,-0.0,0.0,-0.0,0.0,0.0,0.0,0.0,0.0,0.0,0.0,0.0,170.0,170.0,170.0,170.0,13.0,10.0,21.0,5.0,15.0,0.0,0.0
99.056,35,162670.0,600.0,127.0,505.0,600.0,0.0,1.0,0.0,0.0,0.5,0.043,0.377,0.5,0.508,0.055,0.378,0.513,0.0,0.0,-1.43,-5.55,-1.09,-0.54,0.0,0.0,0.0,0.0,0.0,0.0,0.0,1.0,1.0,0.0,-0.0,0.0,-0.0,0.0,0.0,0.0,0.0,0.0,0.0,0.0,0.0,170.0,170.0,170.0,170.0,13.0,10.0,21.0,5.0,15.0,0.0,1.0
99.155,96,162766.0,600.0,128.0,505.0,600.0,0.0,1.0,0.0,0.0,0.5,0.043,0.377,0.5,0.508,0.055,0.378,0.513,0.0,0.0,-1.44,-5.55,-1.09,-0.54,0.0,0.0,0.0,0.0,0.0,0.0,0.0,1.0,1.0,0.0,-0.0,0.0,-0.0,0.0,0.0,0.0,0.0,0.0,0.0,0.0,0.0,170.0,170.0,170.0,170.0,13.0,10.0,21.0,5.0,15.0,0.0,0.0
99.221,53,162819.0,600.0,128.0,505.0,600.0,0.0,1.0,0.0,0.0,0.5,0.043,0.377,0.5,0.508,0.055,0.378,0.513,0.0,0.0,-1.44,-5.55,-1.09,-0.54,0.0,0.0,0.0,0.0,0.0,0.0,0.0,1.0,1.0,0.0,-0.0,0.0,-0.0,0.0,0.0,0.0,0.0,0.0,0.0,0.0,0.0,170.0,170.0,170.0,170.0,13.0,10.0,21.0,5.0,15.0,0.0,0.0
99.254,35,162854.0,600.0,128.0,505.0,600.0,0.0,1.0,0.0,0.0,0.5,0.043,0.398,0.5,0.508,0.056,0.402,0.513,0.0,0.0,-1.44,-5.55,-1.09,-0.54,0.0,0.0,0.0,0.0,0.0,0.0,0.0,1.0,1.0,0.0,0.1,0.0,-0.0,0.0,0.0,0.0,0.0,0.0,0.0,0.0,0.0,170.0,170.0,170.0,170.0,13.0,10.0,21.0,5.0,15.0,0.0,1.0
99.351,99,162953.0,600.0,128.0,505.0,600.0,0.0,1.0,0.0,0.0,0.5,0.043,0.398,0.5,0.508,0.056,0.402,0.513,0.0,0.0,-1.45,-5.55,-1.09,-0.54,0.0,0.0,0.0,0.0,0.0,0.0,0.0,1.0,1.0,0.0,0.0,0.0,-0.0,0.0,0.0,0.0,0.0,0.0,0.0,0.0,0.0,170.0,170.0,170.0,170.0,13.0,10.0,21.0,5.0,15.0,0.0,0.0
99.418,53,163006.0,600.0,128.0,414.0,600.0,0.0,1.0,0.0,0.0,0.5,0.043,0.398,0.5,0.508,0.056,0.402,0.513,0.0,0.0,-1.45,-5.55,-1.09,-0.54,0.0,0.0,0.0,0.0,0.0,0.0,0.0,1.0,1.0,0.0,0.0,0.0,-0.0,0.0,0.0,0.0,0.0,0.0,0.0,0.0,0.0,170.0,170.0,170.0,170.0,13.0,10.0,21.0,5.0,15.0,0.0,0.0
99.451,35,163041.0,600.0,128.0,414.0,600.0,0.0,1.0,0.0,0.0,0.5,0.043,0.357,0.5,0.508,0.056,0.372,0.513,0.0,0.0,-1.45,-5.55,-1.09,-0.54,0.0,0.0,0.0,0.0,0.0,0.0,0.0,1.0,1.0,0.0,0.0,0.0,-0.0,0.0,0.0,0.0,0.0,0.0,0.0,0.0,0.0,170.0,170.0,170.0,170.0,13.0,10.0,21.0,5.0,15.0,0.0,1.0
99.55,97,163138.0,600.0,128.0,414.0,600.0,0.0,1.0,0.0,0.0,0.5,0.043,0.357,0.5,0.508,0.056,0.372,0.513,0.0,0.0,-1.45,-5.55,-1.09,-0.54,0.0,0.0,0.0,0.0,0.0,0.0,0.0,1.0,1.0,0.0,0.3,0.0,-0.0,0.0,0.0,0.0,0.0,0.0,0.0,0.0,0.0,170.0,170.0,170.0,170.0,13.0,10.0,21.0,5.0,15.0,0.0,1.0
99.585,53,163191.0,600.0,128.0,414.0,600.0,0.0,1.0,0.0,0.0,0.5,0.043,0.357,0.5,0.508,0.056,0.372,0.513,0.0,0.0,-1.45,-5.55,-1.09,-0.54,0.0,0.0,0.0,0.0,0.0,0.0,0.0,1.0,1.0,0.0,0.3,0.0,-0.0,0.0,0.0,0.0,0.0,0.0,0.0,0.0,0.0,170.0,170.0,170.0,170.0,13.0,10.0,21.0,5.0,15.0,0.0,0.0
99.618,35,163226.0,600.0,128.0,414.0,600.0,0.0,1.0,0.0,0.0,0.5,0.043,0.339,0.5,0.508,0.056,0.35,0.512,0.0,0.0,-1.45,-5.55,-1.09,-0.54,0.0,0.0,0.0,0.0,0.0,0.0,0.0,1.0,1.0,0.0,0.2,0.0,-0.0,0.0,0.0,0.0,0.0,0.0,0.0,0.0,0.0,170.0,170.0,170.0,170.0,13.0,10.0,21.0,5.0,15.0,0.0,1.0
99.716,96,163322.0,600.0,128.0,414.0,600.0,0.0,1.0,0.0,0.0,0.5,0.043,0.339,0.5,0.508,0.056,0.35,0.512,0.0,0.0,-1.45,-5.55,-1.09,-0.54,0.0,0.0,0.0,0.0,0.0,0.0,0.0,1.0,1.0,0.0,0.2,0.0,-0.0,0.0,0.0,0.0,0.0,0.0,0.0,0.0,0.0,170.0,170.0,170.0,170.0,13.0,10.0,21.0,5.0,15.0,0.0,0.0
99.787,54,163376.0,600.0,128.0,509.0,600.0,0.0,1.0,0.0,0.0,0.5,0.043,0.339,0.5,0.508,0.056,0.35,0.512,0.0,0.0,-1.45,-5.55,-1.09,-0.54,0.0,0.0,0.0,0.0,0.0,0.0,0.0,1.0,1.0,0.0,0.2,0.0,-0.0,0.0,0.0,0.0,0.0,0.0,0.0,0.0,0.0,170.0,170.0,170.0,170.0,13.0,10.0,21.0,5.0,15.0,0.0,0.0
99.82,35,163411.0,600.0,128.0,509.0,600.0,0.0,1.0,0.0,0.0,0.5,0.044,0.382,0.5,0.508,0.056,0.383,0.513,0.0,0.0,-1.45,-5.55,-1.09,-0.54,0.0,0.0,0.0,0.0,0.0,0.0,0.0,1.0,1.0,0.0,0.2,0.0,-0.0,0.0,0.0,0.0,0.0,0.0,0.0,0.0,0.0,170.0,170.0,170.0,170.0,13.0,10.0,21.0,5.0,15.0,0.0,1.0
99.919,97,163508.0,600.0,127.0,509.0,600.0,0.0,1.0,0.0,0.0,0.5,0.044,0.382,0.5,0.508,0.056,0.383,0.513,0.0,0.0,-1.44,-5.56,-1.09,-0.54,0.0,0.0,0.0,0.0,0.0,0.0,0.0,1.0,1.0,0.0,0.1,0.0,-0.0,0.0,0.0,0.0,0.0,0.0,0.0,0.0,0.0,170.0,170.0,170.0,170.0,13.0,10.0,21.0,5.0,15.0,0.0,0.0
99.952,53,163561.0,600.0,127.0,509.0,600.0,0.0,1.0,0.0,0.0,0.5,0.044,0.382,0.5,0.508,0.056,0.383,0.513,0.0,0.0,-1.45,-5.56,-1.09,-0.54,0.0,0.0,0.0,0.0,0.0,0.0,0.0,1.0,1.0,0.0,0.1,0.0,-0.0,0.0,0.0,0.0,0.0,0.0,0.0,0.0,0.0,170.0,170.0,170.0,170.0,13.0,10.0,21.0,5.0,15.0,0.0,0.0
99.988,36,163597.0,600.0,127.0,509.0,600.0,0.0,1.0,0.0,0.0,0.5,0.043,0.402,0.5,0.508,0.057,0.406,0.513,0.0,0.0,-1.45,-5.56,-1.09,-0.54,0.0,0.0,0.0,0.0,0.0,0.0,0.0,1.0,1.0,0.0,0.1,0.0,-0.0,0.0,0.0,0.0,0.0,0.0,0.0,0.0,0.0,170.0,170.0,170.0,170.0,13.0,10.0,21.0,5.0,15.0,0.0,1.0
100.086,96,163693.0,600.0,128.0,509.0,600.0,0.0,1.0,0.0,0.0,0.5,0.043,0.402,0.5,0.508,0.057,0.406,0.513,0.0,0.0,-1.45,-5.56,-1.09,-0.54,0.0,0.0,0.0,0.0,0.0,0.0,0.0,1.0,1.0,0.0,0.1,0.0,-0.0,0.0,0.0,0.0,0.0,0.0,0.0,0.0,0.0,170.0,170.0,170.0,170.0,13.0,10.0,21.0,5.0,15.0,0.0,0.0
100.151,54,163747.0,600.0,128.0,418.0,600.0,0.0,1.0,0.0,0.0,0.5,0.043,0.402,0.5,0.508,0.057,0.406,0.513,0.0,0.0,-1.45,-5.56,-1.09,-0.54,0.0,0.0,0.0,0.0,0.0,0.0,0.0,1.0,1.0,0.0,0.1,0.0,-0.0,0.0,0.0,0.0,0.0,0.0,0.0,0.0,0.0,170.0,170.0,170.0,170.0,13.0,10.0,21.0,5.0,15.0,0.0,0.0
100.19,37,163784.0,600.0,128.0,418.0,600.0,0.0,1.0,0.0,0.0,0.5,0.043,0.362,0.5,0.508,0.056,0.376,0.513,0.0,0.0,-1.45,-5.56,-1.09,-0.54,0.0,0.0,0.0,0.0,0.0,0.0,0.0,1.0,1.0,0.0,0.1,0.0,-0.0,0.0,0.0,0.0,0.0,0.0,0.0,0.0,0.0,170.0,170.0,170.0,170.0,13.0,10.0,21.0,5.0,15.0,0.0,1.0
100.286,97,163881.0,600.0,127.0,418.0,600.0,0.0,1.0,0.0,0.0,0.5,0.043,0.362,0.5,0.508,0.056,0.376,0.513,0.0,0.0,-1.45,-5.56,-1.09,-0.54,0.0,0.0,0.0,0.0,0.0,0.0,0.0,1.0,1.0,0.0,0.1,0.0,-0.0,0.0,0.0,0.0,0.0,0.0,0.0,0.0,0.0,170.0,170.0,170.0,170.0,13.0,10.0,21.0,5.0,15.0,0.0,0.0
100.351,53,163934.0,600.0,127.0,509.0,600.0,0.0,1.0,0.0,0.0,0.5,0.043,0.362,0.5,0.508,0.056,0.376,0.513,0.0,0.0,-1.45,-5.56,-1.09,-0.54,0.0,0.0,0.0,0.0,0.0,0.0,0.0,1.0,1.0,0.0,0.0,0.0,-0.0,0.0,0.0,0.0,0.0,0.0,0.0,0.0,0.0,170.0,170.0,170.0,170.0,13.0,10.0,21.0,5.0,15.0,0.0,0.0
100.384,35,163969.0,600.0,127.0,509.0,600.0,0.0,1.0,0.0,0.0,0.5,0.043,0.392,0.5,0.508,0.056,0.396,0.513,0.0,0.0,-1.45,-5.57,-1.09,-0.54,0.0,0.0,0.0,0.0,0.0,0.0,0.0,1.0,1.0,0.0,0.0,0.0,-0.0,0.0,0.0,0.0,0.0,0.0,0.0,0.0,0.0,170.0,170.0,170.0,170.0,13.0,10.0,21.0,5.0,15.0,0.0,1.0
100.479,98,164067.0,600.0,126.0,509.0,600.0,0.0,1.0,0.0,0.0,0.5,0.043,0.392,0.5,0.508,0.056,0.396,0.513,0.0,0.0,-1.46,-5.57,-1.09,-0.54,0.0,0.0,0.0,0.0,0.0,0.0,0.0,1.0,1.0,0.0,0.1,0.0,-0.0,0.0,0.0,0.0,0.0,0.0,0.0,0.0,0.0,170.0,170.0,170.0,170.0,13.0,10.0,21.0,5.0,15.0,0.0,0.0
100.511,53,164120.0,600.0,126.0,411.0,600.0,0.0,1.0,0.0,0.0,0.5,0.043,0.392,0.5,0.508,0.056,0.396,0.513,0.0,0.0,-1.46,-5.57,-1.09,-0.54,0.0,0.0,0.0,0.0,0.0,0.0,0.0,1.0,1.0,0.0,0.0,0.0,-0.0,0.0,0.0,0.0,0.0,0.0,0.0,0.0,0.0,170.0,170.0,170.0,170.0,13.0,10.0,21.0,5.0,15.0,0.0,0.0
100.544,35,164155.0,600.0,126.0,411.0,600.0,0.0,1.0,0.0,0.0,0.5,0.043,0.353,0.5,0.508,0.055,0.367,0.513,0.0,0.0,-1.46,-5.57,-1.09,-0.54,0.0,0.0,0.0,0.0,0.0,0.0,0.0,1.0,1.0,0.0,0.0,0.0,-0.0,0.0,0.0,0.0,0.0,0.0,0.0,0.0,0.0,170.0,170.0,170.0,170.0,13.0,10.0,21.0,5.0,15.0,0.0,1.0
100.65,100,164255.0,600.0,126.0,411.0,600.0,0.0,1.0,0.0,0.0,0.5,0.043,0.353,0.5,0.508,0.055,0.367,0.513,0.0,0.0,-1.46,-5.57,-1.09,-0.54,0.0,0.0,0.0,0.0,0.0,0.0,0.0,1.0,1.0,0.0,0.0,0.0,-0.0,0.0,0.0,0.0,0.0,0.0,0.0,0.0,0.0,170.0,170.0,170.0,170.0,13.0,10.0,21.0,5.0,15.0,0.0,1.0
100.715,53,164308.0,600.0,126.0,411.0,600.0,0.0,1.0,0.0,0.0,0.5,0.043,0.353,0.5,0.508,0.055,0.367,0.513,0.0,0.0,-1.46,-5.57,-1.09,-0.54,0.0,0.0,0.0,0.0,0.0,0.0,0.0,1.0,1.0,0.0,0.0,0.0,-0.0,0.0,0.0,0.0,0.0,0.0,0.0,0.0,0.0,170.0,170.0,170.0,170.0,13.0,10.0,21.0,5.0,15.0,0.0,0.0
100.748,36,164344.0,600.0,126.0,411.0,600.0,0.0,1.0,0.0,0.0,0.5,0.042,0.335,0.5,0.508,0.055,0.346,0.512,0.0,0.0,-1.46,-5.57,-1.09,-0.54,0.0,0.0,0.0,0.0,0.0,0.0,0.0,1.0,1.0,0.0,0.1,0.0,-0.0,0.0,0.0,0.0,0.0,0.0,0.0,0.0,0.0,170.0,170.0,170.0,170.0,13.0,10.0,21.0,5.0,15.0,0.0,1.0
100.851,98,164442.0,600.0,126.0,411.0,600.0,0.0,1.0,0.0,0.0,0.5,0.042,0.335,0.5,0.508,0.055,0.346,0.512,0.0,0.0,-1.46,-5.57,-1.09,-0.54,0.0,0.0,0.0,0.0,0.0,0.0,0.0,1.0,1.0,0.0,0.1,0.0,-0.0,0.0,0.0,0.0,0.0,0.0,0.0,0.0,0.0,170.0,170.0,170.0,170.0,13.0,10.0,21.0,5.0,15.0,0.0,0.0
100.884,53,164495.0,600.0,126.0,411.0,600.0,0.0,1.0,0.0,0.0,0.5,0.042,0.335,0.5,0.508,0.055,0.346,0.512,0.0,0.0,-1.46,-5.57,-1.09,-0.54,0.0,0.0,0.0,0.0,0.0,0.0,0.0,1.0,1.0,0.0,0.1,0.0,-0.0,0.0,0.0,0.0,0.0,0.0,0.0,0.0,0.0,170.0,170.0,170.0,170.0,13.0,10.0,21.0,5.0,15.0,0.0,0.0
100.916,36,164531.0,600.0,126.0,411.0,600.0,0.0,1.0,0.0,0.0,0.5,0.042,0.327,0.5,0.508,0.054,0.336,0.512,0.0,0.0,-1.45,-5.56,-1.09,-0.54,0.0,0.0,0.0,0.0,0.0,0.0,0.0,1.0,1.0,0.0,-0.0,0.0,-0.0,0.0,0.0,0.0,0.0,0.0,0.0,0.0,0.0,170.0,170.0,170.0,170.0,13.0,10.0,21.0,5.0,15.0,0.0,1.0
101.018,99,164630.0,600.0,125.0,411.0,600.0,0.0,1.0,0.0,0.0,0.5,0.042,0.327,0.5,0.508,0.054,0.336,0.512,0.0,0.0,-1.45,-5.56,-1.09,-0.54,0.0,0.0,0.0,0.0,0.0,0.0,0.0,1.0,1.0,0.0,-0.0,0.0,-0.0,0.0,0.0,0.0,0.0,0.0,0.0,0.0,0.0,170.0,170.0,170.0,170.0,13.0,10.0,21.0,5.0,15.0,0.0,0.0
101.083,53,164683.0,600.0,125.0,502.0,600.0,0.0,1.0,0.0,0.0,0.5,0.042,0.327,0.5,0.508,0.054,0.336,0.512,0.0,0.0,-1.45,-5.56,-1.09,-0.54,0.0,0.0,0.0,0.0,0.0,0.0,0.0,1.0,1.0,0.0,-0.0,0.0,-0.0,0.0,0.0,0.0,0.0,0.0,0.0,0.0,0.0,170.0,170.0,170.0,170.0,13.0,10.0,21.0,5.0,15.0,0.0,0.0
101.116,36,164719.0,600.0,125.0,502.0,600.0,0.0,1.0,0.0,0.0,0.5,0.042,0.372,0.5,0.508,0.055,0.373,0.513,0.0,0.0,-1.45,-5.56,-1.09,-0.54,0.0,0.0,0.0,0.0,0.0,0.0,0.0,1.0,1.0,0.0,-0.0,0.0,-0.0,0.0,0.0,0.0,0.0,0.0,0.0,0.0,0.0,170.0,170.0,170.0,170.0,13.0,10.0,21.0,5.0,15.0,0.0,1.0
101.222,95,164814.0,600.0,125.0,502.0,600.0,0.0,1.0,0.0,0.0,0.5,0.042,0.372,0.5,0.508,0.055,0.373,0.513,0.0,0.0,-1.45,-5.56,-1.09,-0.54,0.0,0.0,0.0,0.0,0.0,0.0,0.0,1.0,1.0,-0.0,-0.0,0.0,-0.0,0.0,0.0,0.0,0.0,0.0,0.0,0.0,0.0,170.0,170.0,170.0,170.0,13.0,10.0,21.0,5.0,15.0,0.0,0.0
101.254,54,164868.0,600.0,125.0,502.0,600.0,0.0,1.0,0.0,0.0,0.5,0.042,0.372,0.5,0.508,0.055,0.373,0.513,0.0,0.0,-1.45,-5.56,-1.09,-0.54,0.0,0.0,0.0,0.0,0.0,0.0,0.0,1.0,1.0,0.2,-0.0,0.0,-0.0,0.0,0.0,0.0,0.0,0.0,0.0,0.0,0.0,170.0,170.0,170.0,170.0,13.0,10.0,21.0,5.0,15.0,0.0,0.0
101.32,35,164903.0,600.0,125.0,502.0,600.0,0.0,1.0,0.0,0.0,0.5,0.042,0.394,0.5,0.508,0.055,0.398,0.513,0.0,0.0,-1.45,-5.56,-1.09,-0.54,0.0,0.0,0.0,0.0,0.0,0.0,0.0,1.0,1.0,0.2,0.0,0.0,-0.0,0.0,0.0,0.0,0.0,0.0,0.0,0.0,0.0,170.0,170.0,170.0,170.0,13.0,10.0,21.0,5.0,15.0,0.0,1.0
101.397,99,165002.0,600.0,126.0,502.0,600.0,0.0,1.0,0.0,0.0,0.5,0.042,0.394,0.5,0.508,0.055,0.398,0.513,0.0,0.0,-1.46,-5.55,-1.09,-0.54,0.0,0.0,0.0,0.0,0.0,0.0,0.0,1.0,1.0,0.1,0.0,0.0,-0.0,0.0,0.0,0.0,0.0,0.0,0.0,0.0,0.0,170.0,170.0,170.0,170.0,13.0,10.0,21.0,5.0,15.0,0.0,0.0
101.46,55,165057.0,600.0,126.0,600.0,600.0,0.0,1.0,0.0,0.0,0.5,0.042,0.394,0.5,0.508,0.055,0.398,0.513,0.0,0.0,-1.46,-5.55,-1.09,-0.54,0.0,0.0,0.0,0.0,0.0,0.0,0.0,1.0,1.0,0.1,0.0,0.0,-0.0,0.0,0.0,0.0,0.0,0.0,0.0,0.0,0.0,170.0,170.0,170.0,170.0,13.0,10.0,21.0,5.0,15.0,0.0,0.0
101.493,37,165094.0,600.0,126.0,600.0,600.0,0.0,1.0,0.0,0.0,0.5,0.042,0.451,0.5,0.508,0.056,0.449,0.514,0.0,0.0,-1.46,-5.55,-1.09,-0.54,0.0,0.0,0.0,6.0,0.0,0.0,0.0,1.0,1.0,0.1,0.0,0.0,-0.0,-3.5,-1.7,-3.5,-1.7,20.0,14.0,22.0,16.0,170.0,170.0,170.0,170.0,13.0,10.0,21.0,5.0,15.0,0.0,1.0
101.593,98,165192.0,600.0,126.0,600.0,600.0,0.0,1.0,0.0,0.0,0.5,0.042,0.451,0.5,0.508,0.056,0.449,0.514,0.0,0.0,-1.46,-5.55,-1.09,-0.54,0.9,0.0,0.0,6.0,0.0,0.0,0.0,1.0,1.0,0.1,0.0,0.0,-0.0,-8.5,-4.6,-8.5,-4.6,37.0,23.0,46.0,32.0,170.0,170.0,170.0,170.0,13.0,10.0,21.0,5.0,15.0,0.0,1.0
101.659,54,165246.0,600.0,126.0,505.0,600.0,0.0,1.0,0.0,0.0,0.5,0.042,0.451,0.5,0.508,0.056,0.449,0.514,0.0,0.0,-1.46,-5.55,-1.09,-0.54,1.97,0.0,0.0,6.0,0.0,0.0,0.0,1.0,1.0,0.1,0.0,-0.2,-0.0,-15.6,-11.7,-15.6,-11.7,45.0,29.0,57.0,42.0,170.0,170.0,170.0,170.0,13.0,10.0,21.0,5.0,15.0,0.0,0.0
101.692,36,165282.0,600.0,126.0,505.0,600.0,0.0,1.0,0.0,0.0,0.5,0.042,0.431,0.5,0.508,0.056,0.442,0.514,0.0,0.0,-1.46,-5.55,-1.09,-0.54,1.97,0.0,0.0,6.0,0.0,0.0,0.0,1.0,1.0,0.0,0.0,-0.2,-0.0,-18.1,-14.1,-18.1,-14.1,51.0,32.0,64.0,48.0,170.0,170.0,170.0,170.0,13.0,10.0,21.0,5.0,15.0,0.0,1.0
101.791,97,165379.0,600.0,125.0,505.0,600.0,0.0,1.0,0.0,0.0,0.5,0.042,0.431,0.5,0.508,0.056,0.442,0.514,0.0,0.0,-1.46,-5.55,-1.09,-0.54,1.97,0.0,0.0,6.0,0.0,0.0,0.0,1.0,1.0,0.0,0.0,-0.1,-0.0,-25.3,-21.4,-25.3,-21.4,66.0,43.0,85.0,67.0,170.0,170.0,170.0,170.0,13.0,10.0,21.0,5.0,15.0,0.0,1.0
101.823,54,165433.0,600.0,125.0,505.0,600.0,0.0,1.0,0.0,0.0,0.5,0.042,0.431,0.5,0.508,0.056,0.442,0.514,0.0,0.0,-1.46,-5.55,-1.09,-0.54,1.97,0.0,0.0,6.0,0.0,0.0,0.0,1.0,1.0,0.0,0.0,-0.1,-0.0,-29.1,-25.1,-29.1,-25.1,74.0,48.0,96.0,77.0,170.0,170.0,170.0,170.0,13.0,10.0,21.0,5.0,15.0,0.0,0.0
101.888,37,165470.0,600.0,125.0,505.0,600.0,0.0,1.0,0.0,0.0,0.5,0.042,0.423,0.5,0.508,0.056,0.432,0.514,0.0,0.0,-1.47,-5.55,-1.09,-0.54,1.97,0.0,0.0,6.0,0.0,0.0,0.0,1.0,1.0,0.0,0.0,-0.1,-0.0,-29.1,-25.1,-29.1,-25.1,74.0,48.0,96.0,77.0,170.0,170.0,170.0,170.0,13.0,10.0,21.0,5.0,15.0,0.0,1.0
101.987,98,165568.0,600.0,126.0,505.0,600.0,0.0,1.0,0.0,0.0,0.5,0.042,0.423,0.5,0.508,0.056,0.432,0.514,0.0,0.0,-1.47,-5.55,-1.09,-0.54,1.97,0.0,0.0,6.0,0.0,0.0,0.0,1.0,1.0,-0.0,0.0,-0.1,-0.0,-29.1,-25.1,-29.1,-25.1,74.0,48.0,96.0,77.0,170.0,170.0,170.0,170.0,13.0,10.0,21.0,5.0,15.0,0.0,0.0
102.019,54,165622.0,600.0,126.0,505.0,600.0,0.0,1.0,0.0,0.0,0.5,0.042,0.423,0.5,0.508,0.056,0.432,0.514,0.0,0.0,-1.47,-5.55,-1.09,-0.54,1.97,0.0,0.0,6.0,0.0,0.0,0.0,1.0,1.0,-0.0,0.0,-0.1,-0.0,-29.1,-25.1,-29.1,-25.1,74.0,48.0,96.0,77.0,170.0,170.0,170.0,170.0,13.0,10.0,21.0,5.0,15.0,0.0,0.0
102.05,36,165658.0,600.0,126.0,505.0,600.0,0.0,1.0,0.0,0.0,0.5,0.042,0.418,0.5,0.508,0.055,0.427,0.513,0.0,0.0,-1.46,-5.55,-1.09,-0.54,1.99,0.0,0.0,6.0,0.0,0.0,0.0,1.0,1.0,0.0,0.0,-0.1,-0.0,-29.1,-25.1,-29.1,-25.1,74.0,48.0,96.0,77.0,170.0,170.0,170.0,170.0,13.0,10.0,21.0,5.0,15.0,0.0,1.0
102.147,101,165759.0,600.0,126.0,505.0,600.0,0.0,1.0,0.0,0.0,0.5,0.042,0.418,0.5,0.508,0.055,0.427,0.513,0.0,0.0,-1.46,-5.56,-1.09,-0.54,1.96,0.0,0.0,6.0,0.0,0.0,0.0,1.0,1.0,0.0,0.0,-0.0,-0.0,-29.1,-25.1,-29.1,-25.1,74.0,48.0,96.0,77.0,170.0,170.0,170.0,170.0,13.0,10.0,21.0,5.0,15.0,0.0,1.0
102.222,53,165812.0,600.0,126.0,505.0,600.0,0.0,1.0,0.0,0.0,0.5,0.042,0.418,0.5,0.508,0.055,0.427,0.513,0.0,0.0,-1.46,-5.56,-1.09,-0.54,1.99,0.0,0.0,6.0,0.0,0.0,0.0,1.0,1.0,0.0,0.0,-0.0,-0.0,-29.1,-25.1,-29.1,-25.1,74.0,48.0,96.0,77.0,170.0,170.0,170.0,170.0,13.0,10.0,21.0,5.0,15.0,0.0,0.0
102.255,37,165849.0,600.0,126.0,505.0,600.0,0.0,1.0,0.0,0.0,0.5,0.042,0.416,0.5,0.508,0.056,0.425,0.513,0.0,0.0,-1.45,-5.56,-1.09,-0.54,1.99,0.0,0.0,6.0,0.0,0.0,0.0,1.0,1.0,0.0,0.0,-0.0,-0.0,-29.1,-25.1,-29.1,-25.1,74.0,48.0,96.0,77.0,170.0,170.0,170.0,170.0,13.0,10.0,21.0,5.0,15.0,0.0,1.0
102.352,100,165949.0,600.0,127.0,505.0,600.0,0.0,1.0,0.0,0.0,0.5,0.042,0.416,0.5,0.508,0.056,0.425,0.513,0.0,0.0,-1.45,-5.55,-1.1,-0.54,2.0,0.0,0.0,6.0,0.0,0.0,0.0,1.0,1.0,0.4,0.0,-0.0,-0.0,-29.1,-25.2,-29.1,-25.2,74.0,48.0,95.0,77.0,170.0,170.0,170.0,170.0,13.0,10.0,21.0,5.0,15.0,0.0,1.0
102.422,54,166003.0,600.0,127.0,402.0,600.0,0.0,1.0,0.0,0.0,0.5,0.042,0.416,0.5,0.508,0.056,0.425,0.513,0.0,0.0,-1.45,-5.55,-1.09,-0.54,1.95,0.0,0.0,6.0,0.0,0.0,0.0,1.0,1.0,0.3,0.0,-0.0,-0.0,-29.1,-25.2,-29.1,-25.2,74.0,48.0,96.0,77.0,170.0,170.0,170.0,170.0,13.0,10.0,21.0,5.0,15.0,0.0,1.0
102.455,37,166040.0,600.0,127.0,402.0,600.0,0.0,1.0,0.0,0.0,0.5,0.043,0.359,0.5,0.508,0.055,0.376,0.513,0.0,0.0,-1.45,-5.55,-1.1,-0.54,1.96,0.0,0.0,6.0,0.0,0.0,0.0,1.0,1.0,0.3,0.0,-0.0,-0.0,-29.1,-25.2,-29.1,-25.2,74.0,48.0,95.0,77.0,170.0,170.0,170.0,170.0,13.0,10.0,21.0,5.0,15.0,0.0,1.0
102.553,97,166137.0,600.0,127.0,402.0,600.0,0.0,1.0,0.0,0.0,0.5,0.043,0.359,0.5,0.508,0.055,0.376,0.513,0.0,0.0,-1.45,-5.55,-1.1,-0.54,1.95,0.0,0.0,6.0,0.0,0.0,0.0,1.0,1.0,0.3,0.0,-0.0,-0.0,-29.1,-25.1,-29.1,-25.1,74.0,48.0,96.0,77.0,170.0,170.0,170.0,170.0,13.0,10.0,21.0,5.0,15.0,0.0,1.0
102.586,56,166193.0,600.0,127.0,497.0,600.0,0.0,1.0,0.0,0.0,0.5,0.043,0.359,0.5,0.508,0.055,0.376,0.513,0.0,0.0,-1.46,-5.55,-1.09,-0.54,1.99,0.0,0.0,6.0,0.0,0.0,0.0,1.0,1.0,0.2,0.0,-0.0,-0.0,-29.2,-25.1,-29.2,-25.1,74.0,48.0,96.0,77.0,170.0,170.0,170.0,170.0,13.0,10.0,21.0,5.0,15.0,0.0,0.0
102.618,36,166229.0,600.0,127.0,497.0,600.0,0.0,1.0,0.0,0.0,0.5,0.043,0.385,0.5,0.508,0.056,0.389,0.513,0.0,0.0,-1.45,-5.55,-1.1,-0.54,2.04,0.0,0.0,6.0,0.0,0.0,0.0,1.0,1.0,0.2,0.0,-0.0,-0.0,-29.1,-25.1,-29.1,-25.1,74.0,48.0,96.0,77.0,170.0,170.0,170.0,170.0,13.0,10.0,21.0,5.0,15.0,0.0,1.0
102.746,98,166327.0,600.0,128.0,497.0,600.0,0.0,1.0,0.0,0.0,0.5,0.043,0.385,0.5,0.508,0.056,0.389,0.513,0.0,0.0,-1.46,-5.55,-1.1,-0.54,1.99,0.0,0.0,6.0,0.0,0.0,0.0,1.0,1.0,0.1,0.0,-0.0,-0.0,-29.1,-25.2,-29.1,-25.2,74.0,48.0,96.0,77.0,170.0,170.0,170.0,170.0,13.0,10.0,21.0,5.0,15.0,0.0,0.0
102.785,53,166380.0,600.0,128.0,497.0,600.0,0.0,1.0,0.0,0.0,0.5,0.043,0.385,0.5,0.508,0.056,0.389,0.513,0.0,0.0,-1.45,-5.55,-1.1,-0.54,1.95,0.0,0.0,6.0,0.0,0.0,0.0,1.0,1.0,0.1,0.0,-0.0,-0.0,-29.1,-25.2,-29.1,-25.2,74.0,48.0,96.0,77.0,170.0,170.0,170.0,170.0,13.0,10.0,21.0,5.0,15.0,0.0,0.0
102.816,36,166416.0,600.0,128.0,497.0,600.0,0.0,1.0,0.0,0.0,0.5,0.043,0.396,0.5,0.508,0.056,0.402,0.513,0.0,0.0,-1.45,-5.55,-1.1,-0.54,1.96,0.0,0.0,6.0,0.0,0.0,0.0,1.0,1.0,0.1,0.0,-0.0,-0.0,-29.1,-25.1,-29.1,-25.1,74.0,48.0,96.0,77.0,170.0,170.0,170.0,170.0,13.0,10.0,21.0,5.0,15.0,0.0,1.0
102.912,99,166515.0,600.0,128.0,497.0,600.0,0.0,1.0,0.0,0.0,0.5,0.043,0.396,0.5,0.508,0.056,0.402,0.513,0.0,0.0,-1.45,-5.55,-1.1,-0.54,2.02,0.0,0.0,6.0,0.0,0.0,0.0,1.0,1.0,0.1,0.0,-0.0,-0.0,-29.1,-25.1,-29.1,-25.1,74.0,48.0,96.0,77.0,170.0,170.0,170.0,170.0,13.0,10.0,21.0,5.0,15.0,0.0,1.0
102.978,54,166569.0,600.0,128.0,497.0,600.0,0.0,1.0,0.0,0.0,0.5,0.043,0.396,0.5,0.508,0.056,0.402,0.513,0.0,0.0,-1.46,-5.54,-1.1,-0.54,2.02,0.0,0.0,6.0,0.0,0.0,0.0,1.0,1.0,0.1,0.0,-0.0,-0.0,-29.1,-25.1,-29.1,-25.1,74.0,48.0,96.0,77.0,170.0,170.0,170.0,170.0,13.0,10.0,21.0,5.0,15.0,0.0,0.0
103.01,36,166605.0,600.0,128.0,497.0,600.0,0.0,1.0,0.0,0.0,0.5,0.044,0.402,0.5,0.508,0.057,0.409,0.513,0.0,0.0,-1.46,-5.55,-1.09,-0.54,1.99,0.0,0.0,6.0,0.0,0.0,0.0,1.0,1.0,0.1,0.0,-0.0,-0.0,-29.1,-25.1,-29.1,-25.1,74.0,48.0,96.0,77.0,170.0,170.0,170.0,170.0,13.0,10.0,21.0,5.0,15.0,0.0,1.0
103.106,99,166704.0,600.0,128.0,497.0,600.0,0.0,1.0,0.0,0.0,0.5,0.044,0.402,0.5,0.508,0.057,0.409,0.513,0.0,0.0,-1.46,-5.55,-1.1,-0.54,2.02,0.0,0.0,6.0,0.0,0.0,0.0,1.0,1.0,0.1,0.0,-0.0,-0.0,-29.1,-25.1,-29.1,-25.1,74.0,48.0,96.0,77.0,170.0,170.0,170.0,170.0,13.0,10.0,21.0,5.0,15.0,0.0,0.0
103.173,55,166759.0,600.0,128.0,497.0,600.0,0.0,1.0,0.0,0.0,0.5,0.044,0.402,0.5,0.508,0.057,0.409,0.513,0.0,0.0,-1.46,-5.55,-1.1,-0.54,2.02,0.0,0.0,6.0,0.0,0.0,0.0,1.0,1.0,0.1,0.0,-0.0,-0.0,-29.1,-25.1,-29.1,-25.1,74.0,48.0,96.0,77.0,170.0,170.0,170.0,170.0,13.0,10.0,21.0,5.0,15.0,0.0,0.0
103.205,36,166795.0,600.0,128.0,497.0,600.0,0.0,1.0,0.0,0.0,0.5,0.043,0.404,0.5,0.508,0.057,0.412,0.513,0.0,0.0,-1.46,-5.55,-1.1,-0.54,2.02,0.0,0.0,6.0,0.0,0.0,0.0,1.0,1.0,0.1,0.0,-0.0,-0.0,-29.1,-25.1,-29.1,-25.1,74.0,48.0,96.0,77.0,170.0,170.0,170.0,170.0,13.0,10.0,21.0,5.0,15.0,0.0,1.0
103.3,101,166896.0,600.0,127.0,497.0,600.0,0.0,1.0,0.0,0.0,0.5,0.043,0.404,0.5,0.508,0.057,0.412,0.513,0.0,0.0,-1.46,-5.56,-1.1,-0.54,2.02,0.0,0.0,6.0,0.0,0.0,0.0,1.0,1.0,0.0,0.0,-0.0,-0.0,-29.1,-25.1,-29.1,-25.1,74.0,48.0,96.0,77.0,170.0,170.0,170.0,170.0,13.0,10.0,21.0,5.0,15.0,0.0,1.0
103.367,53,166949.0,600.0,127.0,600.0,600.0,0.0,1.0,0.0,0.0,0.5,0.043,0.404,0.5,0.508,0.057,0.412,0.513,0.0,0.0,-1.46,-5.56,-1.1,-0.54,2.02,0.0,0.0,6.0,0.0,0.0,0.0,1.0,1.0,-0.0,0.0,-0.0,-0.0,-29.1,-25.1,-29.1,-25.1,74.0,48.0,96.0,77.0,170.0,170.0,170.0,170.0,13.0,10.0,21.0,5.0,15.0,0.0,0.0
103.4,36,166985.0,600.0,127.0,600.0,600.0,0.0,1.0,0.0,0.0,0.5,0.043,0.456,0.5,0.508,0.057,0.455,0.514,0.0,0.0,-1.46,-5.56,-1.1,-0.54,2.02,0.0,0.0,6.0,0.0,0.0,0.0,1.0,1.0,0.1,0.0,-0.0,-0.0,-29.1,-25.1,-29.1,-25.1,74.0,48.0,96.0,77.0,170.0,170.0,170.0,170.0,13.0,10.0,21.0,5.0,15.0,0.0,1.0
103.494,99,167084.0,600.0,127.0,600.0,600.0,0.0,1.0,0.0,0.0,0.5,0.043,0.456,0.5,0.508,0.057,0.455,0.514,0.0,0.0,-1.45,-5.56,-1.1,-0.54,2.02,0.0,0.0,6.0,0.0,0.0,0.0,1.0,1.0,-0.0,0.0,-0.0,-0.0,-29.1,-25.1,-29.1,-25.1,74.0,48.0,96.0,77.0,170.0,170.0,170.0,170.0,13.0,10.0,21.0,5.0,15.0,0.0,1.0
103.527,53,167137.0,600.0,127.0,600.0,600.0,0.0,1.0,0.0,0.0,0.5,0.043,0.456,0.5,0.508,0.057,0.455,0.514,0.0,0.0,-1.45,-5.56,-1.1,-0.54,2.02,0.0,0.0,6.0,0.0,0.0,0.0,1.0,1.0,-0.0,0.0,-0.0,-0.0,-29.1,-25.1,-29.1,-25.1,74.0,48.0,96.0,77.0,170.0,170.0,170.0,170.0,13.0,10.0,21.0,5.0,15.0,0.0,0.0
103.597,38,167175.0,600.0,127.0,600.0,600.0,0.0,1.0,0.0,0.0,0.5,0.043,0.48,0.5,0.508,0.057,0.483,0.514,0.0,0.0,-1.45,-5.56,-1.1,-0.54,2.02,0.0,0.0,6.0,0.0,0.0,0.0,1.0,1.0,0.0,0.0,-0.0,-0.0,-29.1,-25.1,-29.1,-25.1,74.0,48.0,96.0,77.0,170.0,170.0,170.0,170.0,13.0,10.0,21.0,5.0,15.0,0.0,0.0
103.662,97,167272.0,600.0,127.0,600.0,600.0,0.0,1.0,0.0,0.0,0.5,0.043,0.48,0.5,0.508,0.057,0.483,0.514,0.0,0.0,-1.45,-5.55,-1.1,-0.54,2.02,0.0,0.0,6.0,0.0,0.0,0.0,1.0,1.0,0.0,0.0,-0.0,-0.0,-29.1,-25.1,-29.1,-25.1,74.0,48.0,96.0,77.0,170.0,170.0,170.0,170.0,13.0,10.0,21.0,5.0,15.0,0.0,1.0
103.728,54,167326.0,600.0,127.0,600.0,600.0,0.0,1.0,0.0,0.0,0.5,0.043,0.48,0.5,0.508,0.057,0.483,0.514,0.0,0.0,-1.45,-5.55,-1.1,-0.54,2.02,0.0,0.0,6.0,0.0,0.0,0.0,1.0,1.0,0.0,0.0,-0.0,-0.0,-29.1,-25.1,-29.1,-25.1,74.0,48.0,96.0,77.0,170.0,170.0,170.0,170.0,13.0,10.0,21.0,5.0,15.0,0.0,0.0
103.76,36,167362.0,600.0,127.0,600.0,600.0,0.0,1.0,0.0,0.0,0.5,0.043,0.491,0.5,0.508,0.058,0.497,0.514,0.0,0.0,-1.45,-5.55,-1.1,-0.54,2.02,0.0,0.0,6.0,0.0,0.0,0.0,1.0,1.0,0.0,0.0,-0.0,-0.0,-29.1,-25.1,-29.1,-25.1,74.0,48.0,96.0,77.0,170.0,170.0,170.0,170.0,13.0,10.0,21.0,5.0,15.0,0.0,1.0
103.859,97,167459.0,600.0,127.0,600.0,600.0,0.0,1.0,0.0,0.0,0.5,0.043,0.491,0.5,0.508,0.058,0.497,0.514,0.0,0.0,-1.45,-5.55,-1.1,-0.54,2.02,0.0,0.0,6.0,0.0,0.0,0.0,1.0,1.0,0.0,0.0,-0.0,-0.0,-29.1,-25.1,-29.1,-25.1,74.0,48.0,96.0,77.0,170.0,170.0,170.0,170.0,13.0,10.0,21.0,5.0,15.0,0.0,0.0
103.925,54,167513.0,600.0,127.0,600.0,600.0,0.0,1.0,0.0,0.0,0.5,0.043,0.491,0.5,0.508,0.058,0.497,0.514,0.0,0.0,-1.45,-5.55,-1.1,-0.54,2.02,0.0,0.0,6.0,0.0,0.0,0.0,1.0,1.0,0.0,0.0,-0.0,-0.0,-29.1,-25.1,-29.1,-25.1,74.0,48.0,96.0,77.0,170.0,170.0,170.0,170.0,13.0,10.0,21.0,5.0,15.0,0.0,0.0
103.958,36,167549.0,600.0,127.0,600.0,600.0,0.0,1.0,0.0,0.0,0.5,0.043,0.496,0.5,0.508,0.058,0.503,0.515,0.0,0.0,-1.45,-5.55,-1.1,-0.54,2.02,0.0,0.0,6.0,0.0,0.0,0.0,1.0,1.0,0.0,0.0,-0.0,-0.0,-29.1,-25.1,-29.1,-25.1,74.0,48.0,96.0,77.0,170.0,170.0,170.0,170.0,13.0,10.0,21.0,5.0,15.0,0.0,1.0
104.059,99,167648.0,600.0,128.0,600.0,600.0,0.0,1.0,0.0,0.0,0.5,0.043,0.496,0.5,0.508,0.058,0.503,0.515,0.0,0.0,-1.45,-5.55,-1.1,-0.54,2.02,0.0,0.0,6.0,0.0,0.0,0.0,1.0,1.0,0.0,0.0,-0.0,-0.0,-29.1,-25.1,-29.1,-25.1,74.0,48.0,96.0,77.0,170.0,170.0,170.0,170.0,13.0,10.0,21.0,5.0,15.0,0.0,1.0
104.092,54,167702.0,600.0,128.0,511.0,600.0,0.0,1.0,0.0,0.0,0.5,0.043,0.496,0.5,0.508,0.058,0.503,0.515,0.0,0.0,-1.45,-5.55,-1.1,-0.54,2.02,0.0,0.0,6.0,0.0,0.0,0.0,1.0,1.0,0.0,0.0,-0.0,-0.0,-29.1,-25.1,-29.1,-25.1,74.0,48.0,96.0,77.0,170.0,170.0,170.0,170.0,13.0,10.0,21.0,5.0,15.0,0.0,1.0
104.157,36,167738.0,600.0,128.0,511.0,600.0,0.0,1.0,0.0,0.0,0.5,0.043,0.455,0.5,0.508,0.057,0.47,0.514,0.0,0.0,-1.45,-5.55,-1.1,-0.54,2.02,0.0,0.0,6.0,0.0,0.0,0.0,1.0,1.0,0.0,0.0,-0.0,-0.0,-29.1,-25.1,-29.1,-25.1,74.0,48.0,96.0,77.0,170.0,170.0,170.0,170.0,13.0,10.0,21.0,5.0,15.0,0.0,1.0
104.227,100,167838.0,600.0,127.0,511.0,600.0,0.0,1.0,0.0,0.0,0.5,0.043,0.455,0.5,0.508,0.057,0.47,0.514,0.0,0.0,-1.45,-5.55,-1.1,-0.54,2.02,0.0,0.0,6.0,0.0,0.0,0.0,1.0,1.0,0.0,0.0,-0.0,-0.0,-29.1,-25.1,-29.1,-25.1,74.0,48.0,96.0,77.0,170.0,170.0,170.0,170.0,13.0,10.0,21.0,5.0,15.0,0.0,1.0
104.293,53,167891.0,600.0,127.0,511.0,600.0,0.0,1.0,0.0,0.0,0.5,0.043,0.455,0.5,0.508,0.057,0.47,0.514,0.0,0.0,-1.45,-5.55,-1.1,-0.54,2.02,0.0,0.0,6.0,0.0,0.0,0.0,1.0,1.0,-0.0,0.0,-0.0,-0.0,-29.1,-25.1,-29.1,-25.1,74.0,48.0,96.0,77.0,170.0,170.0,170.0,170.0,13.0,10.0,21.0,5.0,15.0,0.0,0.0
104.325,36,167927.0,600.0,127.0,511.0,600.0,0.0,1.0,0.0,0.0,0.5,0.043,0.437,0.5,0.508,0.057,0.448,0.514,0.0,0.0,-1.45,-5.55,-1.1,-0.54,2.02,0.0,0.0,6.0,0.0,0.0,0.0,1.0,1.0,-0.0,0.0,-0.0,-0.0,-29.1,-25.1,-29.1,-25.1,74.0,48.0,96.0,77.0,170.0,170.0,170.0,170.0,13.0,10.0,21.0,5.0,15.0,0.0,1.0
104.426,99,168026.0,600.0,126.0,511.0,600.0,0.0,1.0,0.0,0.0,0.5,0.043,0.437,0.5,0.508,0.057,0.448,0.514,0.0,0.0,-1.45,-5.55,-1.1,-0.54,2.02,0.0,0.0,6.0,0.0,0.0,0.0,1.0,1.0,0.0,0.0,-0.0,-0.0,-29.1,-25.1,-29.1,-25.1,74.0,48.0,96.0,77.0,170.0,170.0,170.0,170.0,13.0,10.0,21.0,5.0,15.0,0.0,0.0
104.491,53,168079.0,600.0,126.0,511.0,600.0,0.0,1.0,0.0,0.0,0.5,0.043,0.437,0.5,0.508,0.057,0.448,0.514,0.0,0.0,-1.45,-5.55,-1.1,-0.54,2.02,0.0,0.0,6.0,0.0,0.0,0.0,1.0,1.0,-0.0,0.0,-0.0,-0.0,-29.1,-25.1,-29.1,-25.1,74.0,48.0,96.0,77.0,170.0,170.0,170.0,170.0,13.0,10.0,21.0,5.0,15.0,0.0,1.0
104.524,36,168115.0,600.0,126.0,511.0,600.0,0.0,1.0,0.0,0.0,0.5,0.043,0.428,0.5,0.508,0.056,0.437,0.514,0.0,0.0,-1.45,-5.56,-1.1,-0.54,2.02,0.0,0.0,6.0,0.0,0.0,0.0,1.0,1.0,-0.0,0.0,-0.0,-0.0,-29.1,-25.1,-29.1,-25.1,74.0,48.0,96.0,77.0,170.0,170.0,170.0,170.0,13.0,10.0,21.0,5.0,15.0,0.0,1.0
104.632,102,168217.0,600.0,126.0,511.0,600.0,0.0,1.0,0.0,0.0,0.5,0.043,0.428,0.5,0.508,0.056,0.437,0.514,0.0,0.0,-1.44,-5.56,-1.1,-0.54,2.02,0.0,0.0,6.0,0.0,0.0,0.0,1.0,1.0,0.0,0.0,-0.0,-0.0,-29.1,-25.1,-29.1,-25.1,74.0,48.0,96.0,77.0,170.0,170.0,170.0,170.0,13.0,10.0,21.0,5.0,15.0,0.0,1.0
104.665,53,168270.0,600.0,126.0,511.0,600.0,0.0,1.0,0.0,0.0,0.5,0.043,0.428,0.5,0.508,0.056,0.437,0.514,0.0,0.0,-1.44,-5.57,-1.1,-0.54,2.02,0.0,0.0,6.0,0.0,0.0,0.0,1.0,1.0,0.0,0.0,-0.0,-0.0,-29.1,-25.1,-29.1,-25.1,74.0,48.0,96.0,77.0,170.0,170.0,170.0,170.0,13.0,10.0,21.0,5.0,15.0,0.0,0.0
104.73,53,168323.0,600.0,126.0,511.0,568.0,0.0,1.0,0.0,0.0,0.5,0.042,0.424,0.485,0.508,0.056,0.432,0.501,0.0,0.0,-1.44,-5.57,-1.1,-0.54,2.02,0.0,0.0,6.0,0.0,0.0,0.0,1.0,1.0,0.0,0.0,-0.0,-0.0,-29.1,-25.1,-29.1,-25.1,74.0,48.0,96.0,77.0,170.0,170.0,170.0,170.0,13.0,10.0,21.0,5.0,15.0,0.0,0.0
104.764,53,168376.0,600.0,126.0,511.0,568.0,0.0,1.0,0.0,0.0,0.5,0.042,0.424,0.485,0.508,0.056,0.432,0.501,0.0,0.0,-1.44,-5.57,-1.1,-0.54,2.02,0.0,0.0,6.0,0.0,0.0,0.0,1.0,1.0,0.0,0.0,-0.0,-0.0,-29.1,-25.1,-29.1,-25.1,74.0,48.0,96.0,77.0,170.0,170.0,170.0,170.0,13.0,10.0,21.0,5.0,15.0,0.0,1.0
104.829,54,168430.0,600.0,125.0,511.0,568.0,0.0,1.0,0.0,0.0,0.5,0.042,0.424,0.485,0.508,0.056,0.432,0.501,0.0,0.0,-1.44,-5.57,-1.1,-0.54,2.02,0.0,0.0,6.0,0.0,0.0,0.0,1.0,1.0,0.0,0.0,-0.0,-0.0,-29.1,-25.1,-29.1,-25.1,74.0,48.0,96.0,77.0,170.0,170.0,170.0,170.0,13.0,10.0,21.0,5.0,15.0,0.0,1.0
104.893,54,168484.0,600.0,125.0,422.0,568.0,0.0,1.0,0.0,0.0,0.5,0.042,0.424,0.485,0.508,0.056,0.432,0.501,0.0,0.0,-1.44,-5.57,-1.1,-0.54,2.02,0.0,0.0,6.0,0.0,0.0,0.0,1.0,1.0,0.0,0.0,-0.0,-0.0,-29.1,-25.1,-29.1,-25.1,74.0,48.0,96.0,77.0,170.0,170.0,170.0,170.0,13.0,10.0,21.0,5.0,15.0,0.0,1.0
104.926,53,168537.0,600.0,125.0,422.0,531.0,0.0,1.0,0.0,0.0,0.5,0.042,0.374,0.461,0.507,0.055,0.389,0.478,0.0,0.0,-1.44,-5.57,-1.1,-0.54,2.02,0.0,0.0,6.0,0.0,0.0,0.0,1.0,1.0,0.0,0.0,-0.0,-0.0,-29.1,-25.1,-29.1,-25.1,74.0,48.0,96.0,77.0,170.0,170.0,170.0,170.0,13.0,10.0,21.0,5.0,15.0,0.0,0.0
104.993,53,168590.0,600.0,125.0,422.0,531.0,0.0,1.0,0.0,0.0,0.5,0.042,0.374,0.461,0.507,0.055,0.389,0.478,0.0,0.0,-1.44,-5.57,-1.1,-0.54,2.02,0.0,0.0,6.0,0.0,0.0,0.0,1.0,1.0,0.0,0.0,-0.0,-0.0,-29.1,-25.1,-29.1,-25.1,74.0,48.0,96.0,77.0,170.0,170.0,170.0,170.0,13.0,10.0,21.0,5.0,15.0,0.0,0.0
105.057,53,168643.0,600.0,126.0,422.0,531.0,0.0,1.0,0.0,0.0,0.5,0.042,0.374,0.461,0.507,0.055,0.389,0.478,0.0,0.0,-1.44,-5.57,-1.1,-0.54,2.02,0.0,0.0,6.0,0.0,0.0,0.0,1.0,1.0,0.0,0.0,-0.0,-0.0,-29.1,-25.1,-29.1,-25.1,74.0,48.0,96.0,77.0,170.0,170.0,170.0,170.0,13.0,10.0,21.0,5.0,15.0,0.0,0.0
105.088,53,168696.0,600.0,126.0,511.0,531.0,0.0,1.0,0.0,0.0,0.5,0.042,0.374,0.461,0.507,0.055,0.389,0.478,0.0,0.0,-1.44,-5.57,-1.1,-0.54,2.02,0.0,0.0,6.0,0.0,0.0,0.0,1.0,1.0,0.0,0.0,-0.0,-0.0,-29.1,-25.1,-29.1,-25.1,74.0,48.0,96.0,77.0,170.0,170.0,170.0,170.0,13.0,10.0,21.0,5.0,15.0,0.0,1.0
105.152,54,168750.0,600.0,126.0,511.0,497.0,0.0,1.0,0.0,0.0,0.5,0.042,0.399,0.432,0.507,0.055,0.402,0.449,0.0,0.0,-1.45,-5.57,-1.1,-0.54,2.02,0.0,0.0,6.0,0.0,0.0,0.0,1.0,1.0,0.0,0.0,-0.0,-0.0,-29.1,-25.1,-29.1,-25.1,74.0,48.0,96.0,77.0,170.0,170.0,170.0,170.0,13.0,10.0,21.0,5.0,15.0,0.0,0.0
105.224,53,168803.0,600.0,126.0,511.0,497.0,0.0,1.0,0.0,0.0,0.5,0.042,0.399,0.432,0.507,0.055,0.402,0.449,0.0,0.0,-1.45,-5.58,-1.1,-0.54,2.02,0.0,0.0,6.0,0.0,0.0,0.0,1.0,1.0,0.0,0.0,-0.0,-0.0,-29.1,-25.1,-29.1,-25.1,74.0,48.0,96.0,77.0,170.0,170.0,170.0,170.0,13.0,10.0,21.0,5.0,15.0,0.0,1.0
105.257,53,168856.0,600.0,126.0,511.0,497.0,0.0,1.0,0.0,0.0,0.5,0.042,0.399,0.432,0.507,0.055,0.402,0.449,0.0,0.0,-1.45,-5.58,-1.1,-0.54,2.02,0.0,0.0,6.0,0.0,0.0,0.0,1.0,1.0,0.0,0.0,-0.0,-0.0,-29.1,-25.1,-29.1,-25.1,74.0,48.0,96.0,77.0,170.0,170.0,170.0,170.0,13.0,10.0,21.0,5.0,15.0,0.0,1.0
105.323,54,168910.0,600.0,126.0,511.0,497.0,0.0,1.0,0.0,0.0,0.5,0.042,0.399,0.432,0.507,0.055,0.402,0.449,0.0,0.0,-1.45,-5.58,-1.1,-0.54,2.02,0.0,0.0,6.0,0.0,0.0,0.0,1.0,1.0,0.0,0.0,-0.0,-0.0,-29.1,-25.1,-29.1,-25.1,74.0,48.0,96.0,77.0,170.0,170.0,170.0,170.0,13.0,10.0,21.0,5.0,15.0,0.0,0.0
105.356,53,168963.0,600.0,126.0,511.0,462.0,0.0,1.0,0.0,0.0,0.5,0.042,0.411,0.399,0.507,0.056,0.415,0.418,0.0,0.0,-1.45,-5.58,-1.1,-0.54,2.02,0.0,0.0,6.0,0.0,0.0,0.0,1.0,1.0,0.0,0.0,-0.0,-0.0,-29.1,-25.1,-29.1,-25.1,74.0,48.0,96.0,77.0,170.0,170.0,170.0,170.0,13.0,10.0,21.0,5.0,15.0,0.0,0.0
105.424,53,169016.0,600.0,126.0,511.0,462.0,0.0,1.0,0.0,0.0,0.5,0.042,0.411,0.399,0.507,0.056,0.415,0.418,0.0,0.0,-1.45,-5.58,-1.1,-0.54,2.02,0.0,0.0,6.0,0.0,0.0,0.0,1.0,1.0,0.0,0.0,-0.0,-0.0,-29.1,-25.1,-29.1,-25.1,74.0,48.0,96.0,77.0,170.0,170.0,170.0,170.0,13.0,10.0,21.0,5.0,15.0,0.0,0.0
105.487,54,169070.0,600.0,126.0,511.0,462.0,0.0,1.0,0.0,0.0,0.5,0.042,0.411,0.399,0.507,0.056,0.415,0.418,0.0,0.0,-1.45,-5.58,-1.1,-0.54,2.02,0.0,0.0,6.0,0.0,0.0,0.0,1.0,1.0,0.0,0.0,-0.0,-0.0,-29.1,-25.1,-29.1,-25.1,74.0,48.0,96.0,77.0,170.0,170.0,170.0,170.0,13.0,10.0,21.0,5.0,15.0,0.0,0.0
105.521,53,169123.0,600.0,126.0,511.0,462.0,0.0,1.0,0.0,0.0,0.5,0.042,0.411,0.399,0.507,0.056,0.415,0.418,0.0,0.0,-1.45,-5.58,-1.1,-0.54,2.02,0.0,0.0,6.0,0.0,0.0,0.0,1.0,1.0,0.0,0.0,-0.0,-0.0,-29.1,-25.1,-29.1,-25.1,74.0,48.0,96.0,77.0,170.0,170.0,170.0,170.0,13.0,10.0,21.0,5.0,15.0,0.0,1.0
105.598,53,169176.0,600.0,126.0,511.0,429.0,0.0,1.0,0.0,0.0,0.5,0.042,0.416,0.367,0.506,0.056,0.421,0.385,0.0,0.0,-1.45,-5.58,-1.1,-0.54,2.02,0.0,0.0,6.0,0.0,0.0,0.0,1.0,1.0,0.0,0.0,-0.0,-0.0,-29.1,-25.1,-29.1,-25.1,74.0,48.0,96.0,77.0,170.0,170.0,170.0,170.0,13.0,10.0,21.0,5.0,15.0,0.0,0.0
105.63,54,169230.0,600.0,126.0,511.0,429.0,0.0,1.0,0.0,0.0,0.5,0.042,0.416,0.367,0.506,0.056,0.421,0.385,0.0,0.0,-1.45,-5.58,-1.1,-0.54,2.02,0.0,0.0,6.0,0.0,0.0,0.0,1.0,1.0,0.0,0.0,-0.0,-0.0,-29.1,-25.1,-29.1,-25.1,74.0,48.0,96.0,77.0,170.0,170.0,170.0,170.0,13.0,10.0,21.0,5.0,15.0,0.0,0.0
105.694,52,169282.0,600.0,126.0,511.0,429.0,0.0,1.0,0.0,0.0,0.5,0.042,0.416,0.367,0.506,0.056,0.421,0.385,0.0,0.0,-1.45,-5.58,-1.1,-0.54,2.02,0.0,0.0,6.0,0.0,0.0,0.0,1.0,1.0,0.0,0.0,-0.0,-0.0,-29.1,-25.1,-29.1,-25.1,74.0,48.0,96.0,77.0,170.0,170.0,170.0,170.0,13.0,10.0,21.0,5.0,15.0,0.0,1.0
105.726,55,169337.0,600.0,126.0,511.0,429.0,0.0,1.0,0.0,0.0,0.5,0.042,0.416,0.367,0.506,0.056,0.421,0.385,0.0,0.0,-1.45,-5.58,-1.1,-0.54,2.02,0.0,0.0,6.0,0.0,0.0,0.0,1.0,1.0,0.0,0.0,-0.0,-0.0,-29.1,-25.1,-29.1,-25.1,74.0,48.0,96.0,77.0,170.0,170.0,170.0,170.0,13.0,10.0,21.0,5.0,15.0,0.0,0.0
105.793,53,169390.0,600.0,126.0,511.0,427.0,0.0,1.0,0.0,0.0,0.5,0.042,0.418,0.35,0.506,0.056,0.424,0.367,0.0,0.0,-1.46,-5.58,-1.1,-0.54,2.02,0.0,0.0,6.0,0.0,0.0,0.0,1.0,1.0,0.0,0.0,-0.0,-0.0,-29.1,-25.1,-29.1,-25.1,74.0,48.0,96.0,77.0,170.0,170.0,170.0,170.0,13.0,10.0,21.0,5.0,15.0,0.0,0.0
105.856,53,169443.0,600.0,126.0,511.0,427.0,0.0,1.0,0.0,0.0,0.5,0.042,0.418,0.35,0.506,0.056,0.424,0.367,0.0,0.0,-1.46,-5.57,-1.1,-0.54,2.02,0.0,0.0,6.0,0.0,0.0,0.0,1.0,1.0,0.0,0.0,-0.0,-0.0,-29.1,-25.1,-29.1,-25.1,74.0,48.0,96.0,77.0,170.0,170.0,170.0,170.0,13.0,10.0,21.0,5.0,15.0,0.0,1.0
105.888,52,169495.0,600.0,127.0,511.0,427.0,0.0,1.0,0.0,0.0,0.5,0.042,0.418,0.35,0.506,0.056,0.424,0.367,0.0,0.0,-1.46,-5.57,-1.1,-0.54,2.02,0.0,0.0,6.0,0.0,0.0,0.0,1.0,1.0,0.0,0.0,-0.0,-0.0,-29.1,-25.1,-29.1,-25.1,74.0,48.0,96.0,77.0,170.0,170.0,170.0,170.0,13.0,10.0,21.0,5.0,15.0,0.0,0.0
105.953,55,169550.0,600.0,127.0,600.0,427.0,0.0,1.0,0.0,0.0,0.5,0.042,0.418,0.35,0.506,0.056,0.424,0.367,0.0,0.0,-1.46,-5.57,-1.1,-0.54,2.02,0.0,0.0,6.0,0.0,0.0,0.0,1.0,1.0,-0.0,0.0,-0.0,-0.0,-29.1,-25.1,-29.1,-25.1,74.0,48.0,96.0,77.0,170.0,170.0,170.0,170.0,13.0,10.0,21.0,5.0,15.0,0.0,1.0
106.022,53,169603.0,600.0,127.0,600.0,430.0,0.0,1.0,0.0,0.0,0.5,0.042,0.462,0.344,0.506,0.056,0.461,0.359,0.0,0.0,-1.46,-5.57,-1.1,-0.54,2.02,0.0,0.0,6.0,0.0,0.0,0.0,1.0,1.0,0.0,0.0,-0.0,-0.0,-29.1,-25.1,-29.1,-25.1,74.0,48.0,96.0,77.0,170.0,170.0,170.0,170.0,13.0,10.0,21.0,5.0,15.0,0.0,0.0
106.054,54,169657.0,600.0,127.0,600.0,430.0,0.0,1.0,0.0,0.0,0.5,0.042,0.462,0.344,0.506,0.056,0.461,0.359,0.0,0.0,-1.46,-5.57,-1.1,-0.54,2.02,0.0,0.0,6.0,0.0,0.0,0.0,1.0,1.0,0.0,0.0,-0.0,-0.0,-29.1,-25.1,-29.1,-25.1,74.0,48.0,96.0,77.0,170.0,170.0,170.0,170.0,13.0,10.0,21.0,5.0,15.0,0.0,0.0
106.119,52,169709.0,600.0,126.0,600.0,430.0,0.0,1.0,0.0,0.0,0.5,0.042,0.462,0.344,0.506,0.056,0.461,0.359,0.0,0.0,-1.46,-5.57,-1.1,-0.54,2.02,0.0,0.0,6.0,0.0,0.0,0.0,1.0,1.0,0.0,0.0,-0.0,-0.0,-29.1,-25.1,-29.1,-25.1,74.0,48.0,96.0,77.0,170.0,170.0,170.0,170.0,13.0,10.0,21.0,5.0,15.0,0.0,0.0
106.152,55,169764.0,600.0,126.0,600.0,430.0,0.0,1.0,0.0,0.0,0.5,0.042,0.462,0.344,0.506,0.056,0.461,0.359,0.0,0.0,-1.46,-5.57,-1.1,-0.54,2.02,0.0,0.0,6.0,0.0,0.0,0.0,1.0,1.0,0.0,0.0,-0.0,-0.0,-29.1,-25.1,-29.1,-25.1,74.0,48.0,96.0,77.0,170.0,170.0,170.0,170.0,13.0,10.0,21.0,5.0,15.0,0.0,0.0
106.227,53,169817.0,600.0,126.0,600.0,430.0,0.0,1.0,0.0,0.0,0.5,0.042,0.483,0.342,0.506,0.057,0.485,0.356,0.0,0.0,-1.46,-5.57,-1.1,-0.54,2.02,0.0,0.0,6.0,0.0,0.0,0.0,1.0,1.0,0.0,0.0,-0.0,-0.0,-29.1,-25.1,-29.1,-25.1,74.0,48.0,96.0,77.0,170.0,170.0,170.0,170.0,13.0,10.0,21.0,5.0,15.0,0.0,1.0
106.26,54,169871.0,600.0,126.0,600.0,430.0,0.0,1.0,0.0,0.0,0.5,0.042,0.483,0.342,0.506,0.057,0.485,0.356,0.0,0.0,-1.45,-5.56,-1.1,-0.54,2.02,0.0,0.0,6.0,0.0,0.0,0.0,1.0,1.0,0.0,0.0,-0.0,-0.0,-29.1,-25.1,-29.1,-25.1,74.0,48.0,96.0,77.0,170.0,170.0,170.0,170.0,13.0,10.0,21.0,5.0,15.0,0.0,0.0
106.325,53,169924.0,600.0,126.0,600.0,430.0,0.0,1.0,0.0,0.0,0.5,0.042,0.483,0.342,0.506,0.057,0.485,0.356,0.0,0.0,-1.45,-5.56,-1.1,-0.54,2.02,0.0,0.0,6.0,0.0,0.0,0.0,1.0,1.0,0.0,0.0,-0.0,-0.0,-29.1,-25.1,-29.1,-25.1,74.0,48.0,96.0,77.0,170.0,170.0,170.0,170.0,13.0,10.0,21.0,5.0,15.0,0.0,1.0
106.391,53,169977.0,600.0,126.0,600.0,430.0,0.0,1.0,0.0,0.0,0.5,0.042,0.483,0.342,0.506,0.057,0.485,0.356,0.0,0.0,-1.45,-5.56,-1.1,-0.54,2.02,0.0,0.0,6.0,0.0,0.0,0.0,1.0,1.0,0.0,0.0,-0.0,-0.0,-29.1,-25.1,-29.1,-25.1,74.0,48.0,96.0,77.0,170.0,170.0,170.0,170.0,13.0,10.0,21.0,5.0,15.0,0.0,0.0
106.423,53,170030.0,600.0,126.0,600.0,430.0,0.0,1.0,0.0,0.0,0.5,0.042,0.492,0.34,0.506,0.057,0.496,0.355,0.0,0.0,-1.45,-5.56,-1.1,-0.54,2.02,0.0,0.0,6.0,0.0,0.0,0.0,1.0,1.0,0.0,0.0,-0.0,-0.0,-29.1,-25.1,-29.1,-25.1,74.0,48.0,96.0,77.0,170.0,170.0,170.0,170.0,13.0,10.0,21.0,5.0,15.0,0.0,0.0
106.486,53,170083.0,600.0,126.0,600.0,430.0,0.0,1.0,0.0,0.0,0.5,0.042,0.492,0.34,0.506,0.057,0.496,0.355,0.0,0.0,-1.45,-5.56,-1.1,-0.54,2.02,0.0,0.0,6.0,0.0,0.0,0.0,1.0,1.0,0.0,0.0,-0.0,-0.0,-29.1,-25.1,-29.1,-25.1,74.0,48.0,96.0,77.0,170.0,170.0,170.0,170.0,13.0,10.0,21.0,5.0,15.0,0.0,0.0
106.551,52,170135.0,600.0,127.0,600.0,430.0,0.0,1.0,0.0,0.0,0.5,0.042,0.492,0.34,0.506,0.057,0.496,0.355,0.0,0.0,-1.45,-5.56,-1.1,-0.54,2.02,0.0,0.0,6.0,0.0,0.0,0.0,1.0,1.0,0.0,0.0,-0.0,-0.0,-29.1,-25.1,-29.1,-25.1,52.0,33.0,65.0,49.0,170.0,170.0,170.0,170.0,13.0,10.0,21.0,5.0,15.0,0.0,0.0
106.59,56,170191.0,600.0,127.0,501.0,430.0,0.0,1.0,0.0,0.0,0.5,0.042,0.492,0.34,0.506,0.057,0.496,0.355,0.0,0.0,-1.45,-5.55,-1.1,-0.54,2.02,0.0,0.0,0.0,0.0,0.0,0.0,1.0,1.0,0.0,0.0,-0.0,-0.0,0.0,0.0,0.0,0.0,0.0,0.0,0.0,0.0,170.0,170.0,170.0,170.0,13.0,10.0,21.0,5.0,15.0,0.0,0.0
106.656,53,170244.0,600.0,127.0,501.0,427.0,0.0,1.0,0.0,0.0,0.5,0.043,0.449,0.338,0.506,0.057,0.461,0.353,0.0,0.0,-1.45,-5.55,-1.1,-0.54,0.0,0.0,0.0,0.0,0.0,0.0,0.0,1.0,1.0,0.0,0.0,0.0,-0.0,0.0,0.0,0.0,0.0,0.0,0.0,0.0,0.0,170.0,170.0,170.0,170.0,13.0,10.0,21.0,5.0,15.0,0.0,1.0
106.689,53,170297.0,600.0,127.0,501.0,427.0,0.0,1.0,0.0,0.0,0.5,0.043,0.449,0.338,0.506,0.057,0.461,0.353,0.0,0.0,-1.45,-5.55,-1.1,-0.54,0.0,0.0,0.0,0.0,0.0,0.0,0.0,1.0,1.0,0.0,0.0,0.0,-0.0,0.0,0.0,0.0,0.0,0.0,0.0,0.0,0.0,170.0,170.0,170.0,170.0,13.0,10.0,21.0,5.0,15.0,0.0,0.0
106.753,51,170348.0,600.0,125.0,501.0,427.0,0.0,1.0,0.0,0.0,0.5,0.043,0.449,0.338,0.506,0.057,0.461,0.353,0.0,0.0,-1.45,-5.55,-1.1,-0.54,0.0,0.0,0.0,0.0,0.0,0.0,0.0,1.0,1.0,0.0,0.0,0.0,-0.0,0.0,0.0,0.0,0.0,0.0,0.0,0.0,0.0,170.0,170.0,170.0,170.0,13.0,10.0,21.0,5.0,15.0,0.0,0.0
106.818,54,170402.0,600.0,125.0,501.0,427.0,0.0,1.0,0.0,0.0,0.5,0.043,0.449,0.338,0.506,0.057,0.461,0.353,0.0,0.0,-1.45,-5.55,-1.1,-0.54,0.0,0.0,0.0,0.0,0.0,0.0,0.0,1.0,1.0,0.0,0.0,0.0,-0.0,0.0,0.0,0.0,0.0,0.0,0.0,0.0,0.0,170.0,170.0,170.0,170.0,13.0,10.0,21.0,5.0,15.0,0.0,0.0
106.85,52,170454.0,600.0,125.0,501.0,424.0,0.0,1.0,0.0,0.0,0.5,0.042,0.428,0.335,0.506,0.056,0.437,0.35,0.0,0.0,-1.45,-5.55,-1.1,-0.54,0.0,0.0,0.0,0.0,0.0,0.0,0.0,1.0,1.0,0.0,0.0,0.0,-0.0,0.0,0.0,0.0,0.0,0.0,0.0,0.0,0.0,170.0,170.0,170.0,170.0,13.0,10.0,21.0,5.0,15.0,0.0,0.0
106.915,53,170507.0,600.0,125.0,501.0,424.0,0.0,1.0,0.0,0.0,0.5,0.042,0.428,0.335,0.506,0.056,0.437,0.35,0.0,0.0,-1.45,-5.55,-1.1,-0.54,0.0,0.0,0.0,0.0,0.0,0.0,0.0,1.0,1.0,0.0,0.0,0.0,-0.0,0.0,0.0,0.0,0.0,0.0,0.0,0.0,0.0,170.0,170.0,170.0,170.0,13.0,10.0,21.0,5.0,15.0,0.0,0.0
106.948,51,170558.0,600.0,126.0,501.0,424.0,0.0,1.0,0.0,0.0,0.5,0.042,0.428,0.335,0.506,0.056,0.437,0.35,0.0,0.0,-1.45,-5.55,-1.1,-0.54,0.0,0.0,0.0,0.0,0.0,0.0,0.0,1.0,1.0,0.0,0.0,0.0,-0.0,0.0,0.0,0.0,0.0,0.0,0.0,0.0,0.0,170.0,170.0,170.0,170.0,13.0,10.0,21.0,5.0,15.0,0.0,0.0
107.02,55,170613.0,600.0,126.0,501.0,424.0,0.0,1.0,0.0,0.0,0.5,0.042,0.428,0.335,0.506,0.056,0.437,0.35,0.0,0.0,-1.46,-5.55,-1.1,-0.54,0.0,0.0,0.0,0.0,0.0,0.0,0.0,1.0,1.0,0.0,0.0,0.0,-0.0,0.0,0.0,0.0,0.0,0.0,0.0,0.0,0.0,170.0,170.0,170.0,170.0,13.0,10.0,21.0,5.0,15.0,0.0,0.0
107.085,53,170666.0,600.0,126.0,501.0,423.0,0.0,1.0,0.0,0.0,0.5,0.042,0.419,0.334,0.506,0.056,0.426,0.347,0.0,0.0,-1.46,-5.55,-1.1,-0.54,0.0,0.0,0.0,0.0,0.0,0.0,0.0,1.0,1.0,0.0,0.0,0.0,-0.0,0.0,0.0,0.0,0.0,0.0,0.0,0.0,0.0,170.0,170.0,170.0,170.0,13.0,10.0,21.0,5.0,15.0,0.0,0.0
107.118,53,170719.0,600.0,126.0,501.0,423.0,0.0,1.0,0.0,0.0,0.5,0.042,0.419,0.334,0.506,0.056,0.426,0.347,0.0,0.0,-1.46,-5.55,-1.09,-0.54,0.0,0.0,0.0,0.0,0.0,0.0,0.0,1.0,1.0,0.0,0.0,0.0,-0.0,0.0,0.0,0.0,0.0,0.0,0.0,0.0,0.0,170.0,170.0,170.0,170.0,13.0,10.0,21.0,5.0,15.0,0.0,0.0
107.189,54,170773.0,600.0,126.0,501.0,423.0,0.0,1.0,0.0,0.0,0.5,0.042,0.419,0.334,0.506,0.056,0.426,0.347,0.0,0.0,-1.46,-5.55,-1.09,-0.54,0.0,0.0,0.0,0.0,0.0,0.0,0.0,1.0,1.0,0.0,-0.0,0.0,-0.0,0.0,0.0,0.0,0.0,0.0,0.0,0.0,0.0,170.0,170.0,170.0,170.0,13.0,10.0,21.0,5.0,15.0,0.0,0.0
107.221,52,170825.0,600.0,126.0,406.0,423.0,0.0,1.0,0.0,0.0,0.5,0.042,0.419,0.334,0.506,0.056,0.426,0.347,0.0,0.0,-1.46,-5.55,-1.09,-0.54,0.0,0.0,0.0,0.0,0.0,0.0,0.0,1.0,1.0,0.0,-0.0,0.0,-0.0,0.0,0.0,0.0,0.0,0.0,0.0,0.0,0.0,170.0,170.0,170.0,170.0,13.0,10.0,21.0,5.0,15.0,0.0,1.0
107.287,53,170878.0,600.0,126.0,406.0,422.0,0.0,1.0,0.0,0.0,0.5,0.042,0.363,0.332,0.505,0.055,0.377,0.345,0.0,0.0,-1.46,-5.55,-1.09,-0.54,0.0,0.0,0.0,0.0,0.0,0.0,0.0,1.0,1.0,0.0,-0.0,0.0,-0.0,0.0,0.0,0.0,0.0,0.0,0.0,0.0,0.0,170.0,170.0,170.0,170.0,13.0,10.0,21.0,5.0,15.0,0.0,0.0
107.319,53,170931.0,600.0,126.0,406.0,422.0,0.0,1.0,0.0,0.0,0.5,0.042,0.363,0.332,0.505,0.055,0.377,0.345,0.0,0.0,-1.46,-5.55,-1.09,-0.54,0.0,0.0,0.0,0.0,0.0,0.0,0.0,1.0,1.0,0.0,-0.0,0.0,-0.0,0.0,0.0,0.0,0.0,0.0,0.0,0.0,0.0,170.0,170.0,170.0,170.0,13.0,10.0,21.0,5.0,15.0,0.0,0.0
107.384,53,170984.0,600.0,127.0,406.0,422.0,0.0,1.0,0.0,0.0,0.5,0.042,0.363,0.332,0.505,0.055,0.377,0.345,0.0,0.0,-1.46,-5.55,-1.09,-0.54,0.0,0.0,0.0,0.0,0.0,0.0,0.0,1.0,1.0,0.0,-0.0,0.0,-0.0,0.0,0.0,0.0,0.0,0.0,0.0,0.0,0.0,170.0,170.0,170.0,170.0,13.0,10.0,21.0,5.0,15.0,0.0,0.0
107.45,53,171037.0,600.0,127.0,311.0,422.0,0.0,1.0,0.0,0.0,0.5,0.042,0.363,0.332,0.505,0.055,0.377,0.345,0.0,0.0,-1.47,-5.55,-1.09,-0.54,0.0,0.0,0.0,0.0,0.0,0.0,0.0,1.0,1.0,0.0,-0.0,0.0,-0.0,0.0,0.0,0.0,0.0,0.0,0.0,0.0,0.0,170.0,170.0,170.0,170.0,13.0,10.0,21.0,5.0,15.0,0.0,1.0
107.483,53,171090.0,600.0,127.0,311.0,421.0,0.0,1.0,0.0,0.0,0.5,0.043,0.281,0.331,0.505,0.054,0.3,0.343,0.0,0.0,-1.46,-5.55,-1.09,-0.54,0.0,0.0,0.0,0.0,0.0,0.0,0.0,1.0,1.0,0.0,-0.0,0.0,-0.0,0.0,0.0,0.0,0.0,0.0,0.0,0.0,0.0,170.0,170.0,170.0,170.0,13.0,10.0,21.0,5.0,15.0,0.0,0.0
107.548,53,171143.0,600.0,127.0,311.0,421.0,0.0,1.0,0.0,0.0,0.5,0.043,0.281,0.331,0.505,0.054,0.3,0.343,0.0,0.0,-1.46,-5.55,-1.09,-0.54,0.0,0.0,0.0,0.0,0.0,0.0,0.0,1.0,1.0,0.0,-0.0,0.0,-0.0,0.0,0.0,0.0,0.0,0.0,0.0,0.0,0.0,170.0,170.0,170.0,170.0,13.0,10.0,21.0,5.0,15.0,0.0,0.0
107.622,51,171194.0,600.0,127.0,311.0,421.0,0.0,1.0,0.0,0.0,0.5,0.043,0.281,0.331,0.505,0.054,0.3,0.343,0.0,0.0,-1.46,-5.54,-1.09,-0.54,0.0,0.0,0.0,0.0,0.0,0.0,0.0,1.0,1.0,0.0,-0.0,0.0,-0.0,0.0,0.0,0.0,0.0,0.0,0.0,0.0,0.0,170.0,170.0,170.0,170.0,13.0,10.0,21.0,5.0,15.0,0.0,0.0
107.655,53,171247.0,600.0,127.0,409.0,421.0,0.0,1.0,0.0,0.0,0.5,0.043,0.281,0.331,0.505,0.054,0.3,0.343,0.0,0.0,-1.46,-5.54,-1.09,-0.54,0.0,0.0,0.0,0.0,0.0,0.0,0.0,1.0,1.0,0.0,0.0,0.0,-0.0,0.0,0.0,0.0,0.0,0.0,0.0,0.0,0.0,170.0,170.0,170.0,170.0,13.0,10.0,21.0,5.0,15.0,0.0,1.0
107.687,52,171299.0,600.0,127.0,409.0,422.0,0.0,1.0,0.0,0.0,0.5,0.043,0.301,0.331,0.505,0.055,0.304,0.343,0.0,0.0,-1.45,-5.53,-1.1,-0.54,0.0,0.0,0.0,0.0,0.0,0.0,0.0,1.0,1.0,0.0,-0.0,0.0,-0.0,0.0,0.0,0.0,0.0,0.0,0.0,0.0,0.0,170.0,170.0,170.0,170.0,13.0,10.0,21.0,5.0,15.0,0.0,1.0
107.752,53,171352.0,600.0,127.0,409.0,422.0,0.0,1.0,0.0,0.0,0.5,0.043,0.301,0.331,0.505,0.055,0.304,0.343,0.0,0.0,-1.45,-5.54,-1.1,-0.54,0.0,0.0,0.0,0.0,0.0,0.0,0.0,1.0,1.0,0.0,-0.0,0.0,-0.0,0.0,0.0,0.0,0.0,0.0,0.0,0.0,0.0,170.0,170.0,170.0,170.0,13.0,10.0,21.0,5.0,15.0,0.0,0.0
107.825,52,171404.0,600.0,128.0,409.0,422.0,0.0,1.0,0.0,0.0,0.5,0.043,0.301,0.331,0.505,0.055,0.304,0.343,0.0,0.0,-1.45,-5.54,-1.1,-0.54,0.0,0.0,0.0,0.0,0.0,0.0,0.0,1.0,1.0,0.0,-0.0,0.0,-0.0,0.0,0.0,0.0,0.0,0.0,0.0,0.0,0.0,170.0,170.0,170.0,170.0,13.0,10.0,21.0,5.0,15.0,0.0,0.0
107.857,54,171458.0,600.0,128.0,409.0,422.0,0.0,1.0,0.0,0.0,0.5,0.043,0.301,0.331,0.505,0.055,0.304,0.343,0.0,0.0,-1.45,-5.54,-1.1,-0.54,0.0,0.0,0.0,0.0,0.0,0.0,0.0,1.0,1.0,0.0,-0.0,0.0,-0.0,0.0,0.0,0.0,0.0,0.0,0.0,0.0,0.0,170.0,170.0,170.0,170.0,13.0,10.0,21.0,5.0,15.0,0.0,0.0
107.923,53,171511.0,600.0,128.0,409.0,426.0,0.0,1.0,0.0,0.0,0.5,0.043,0.31,0.333,0.506,0.055,0.314,0.345,0.0,0.0,-1.45,-5.55,-1.1,-0.54,0.0,0.0,0.0,0.0,0.0,0.0,0.0,1.0,1.0,0.0,-0.0,0.0,-0.0,0.0,0.0,0.0,0.0,0.0,0.0,0.0,0.0,170.0,170.0,170.0,170.0,13.0,10.0,21.0,5.0,15.0,0.0,0.0
107.956,53,171564.0,600.0,128.0,409.0,426.0,0.0,1.0,0.0,0.0,0.5,0.043,0.31,0.333,0.506,0.055,0.314,0.345,0.0,0.0,-1.45,-5.55,-1.1,-0.54,0.0,0.0,0.0,0.0,0.0,0.0,0.0,1.0,1.0,0.0,-0.0,0.0,-0.0,0.0,0.0,0.0,0.0,0.0,0.0,0.0,0.0,170.0,170.0,170.0,170.0,13.0,10.0,21.0,5.0,15.0,0.0,1.0
108.023,53,171617.0,600.0,126.0,409.0,426.0,0.0,1.0,0.0,0.0,0.5,0.043,0.31,0.333,0.506,0.055,0.314,0.345,0.0,0.0,-1.44,-5.55,-1.1,-0.54,0.0,0.0,0.0,0.0,0.0,0.0,0.0,1.0,1.0,0.0,-0.0,0.0,-0.0,0.0,0.0,0.0,0.0,0.0,0.0,0.0,0.0,170.0,170.0,170.0,170.0,13.0,10.0,21.0,5.0,15.0,0.0,0.0
108.056,52,171669.0,600.0,126.0,409.0,426.0,0.0,1.0,0.0,0.0,0.5,0.043,0.31,0.333,0.506,0.055,0.314,0.345,0.0,0.0,-1.44,-5.55,-1.1,-0.54,0.0,0.0,0.0,0.0,0.0,0.0,0.0,1.0,1.0,0.0,0.0,0.0,-0.0,0.0,0.0,0.0,0.0,0.0,0.0,0.0,0.0,170.0,170.0,170.0,170.0,13.0,10.0,21.0,5.0,15.0,0.0,0.0
108.121,53,171722.0,600.0,126.0,409.0,426.0,0.0,1.0,0.0,0.0,0.5,0.043,0.314,0.334,0.506,0.055,0.319,0.346,0.0,0.0,-1.44,-5.55,-1.1,-0.54,0.0,0.0,0.0,0.0,0.0,0.0,0.0,1.0,1.0,0.0,-0.0,0.0,-0.0,0.0,0.0,0.0,0.0,0.0,0.0,0.0,0.0,170.0,170.0,170.0,170.0,13.0,10.0,21.0,5.0,15.0,0.0,0.0
108.193,53,171775.0,600.0,126.0,409.0,426.0,0.0,1.0,0.0,0.0,0.5,0.043,0.314,0.334,0.506,0.055,0.319,0.346,0.0,0.0,-1.44,-5.55,-1.1,-0.54,0.0,0.0,0.0,0.0,0.0,0.0,0.0,1.0,1.0,0.0,-0.0,0.0,-0.0,0.0,0.0,0.0,0.0,0.0,0.0,0.0,0.0,170.0,170.0,170.0,170.0,13.0,10.0,21.0,5.0,15.0,0.0,0.0
108.226,53,171828.0,600.0,127.0,409.0,426.0,0.0,1.0,0.0,0.0,0.5,0.043,0.314,0.334,0.506,0.055,0.319,0.346,0.0,0.0,-1.44,-5.56,-1.1,-0.54,0.0,0.0,0.0,0.0,0.0,0.0,0.0,1.0,1.0,0.0,-0.0,0.0,-0.0,0.0,0.0,0.0,0.0,0.0,0.0,0.0,0.0,170.0,170.0,170.0,170.0,13.0,10.0,21.0,5.0,15.0,0.0,0.0
108.291,54,171882.0,600.0,127.0,504.0,426.0,0.0,1.0,0.0,0.0,0.5,0.043,0.314,0.334,0.506,0.055,0.319,0.346,0.0,0.0,-1.44,-5.56,-1.1,-0.54,0.0,0.0,0.0,0.0,0.0,0.0,0.0,1.0,1.0,0.0,-0.0,0.0,-0.0,0.0,0.0,0.0,0.0,0.0,0.0,0.0,0.0,170.0,170.0,170.0,170.0,13.0,10.0,21.0,5.0,15.0,0.0,0.0
108.323,53,171935.0,600.0,127.0,504.0,427.0,0.0,1.0,0.0,0.0,0.5,0.043,0.368,0.336,0.506,0.055,0.365,0.348,0.0,0.0,-1.44,-5.56,-1.1,-0.54,0.0,0.0,0.0,0.0,0.0,0.0,0.0,1.0,1.0,0.0,-0.0,0.0,-0.0,0.0,0.0,0.0,0.0,0.0,0.0,0.0,0.0,170.0,170.0,170.0,170.0,13.0,10.0,21.0,5.0,15.0,0.0,0.0
108.393,53,171988.0,600.0,127.0,504.0,427.0,0.0,1.0,0.0,0.0,0.5,0.043,0.368,0.336,0.506,0.055,0.365,0.348,0.0,0.0,-1.43,-5.56,-1.1,-0.54,0.0,0.0,0.0,0.0,0.0,0.0,0.0,1.0,1.0,0.0,-0.0,0.0,-0.0,0.0,0.0,0.0,0.0,0.0,0.0,0.0,0.0,170.0,170.0,170.0,170.0,13.0,10.0,21.0,5.0,15.0,0.0,0.0
108.427,53,172041.0,600.0,126.0,504.0,427.0,0.0,1.0,0.0,0.0,0.5,0.043,0.368,0.336,0.506,0.055,0.365,0.348,0.0,0.0,-1.43,-5.56,-1.1,-0.54,0.0,0.0,0.0,0.0,0.0,0.0,0.0,1.0,1.0,0.0,-0.0,0.0,-0.0,0.0,0.0,0.0,0.0,0.0,0.0,0.0,0.0,170.0,170.0,170.0,170.0,13.0,10.0,21.0,5.0,15.0,0.0,1.0
108.492,52,172093.0,600.0,126.0,600.0,427.0,0.0,1.0,0.0,0.0,0.5,0.043,0.368,0.336,0.506,0.055,0.365,0.348,0.0,0.0,-1.43,-5.56,-1.1,-0.54,0.0,0.0,0.0,0.0,0.0,0.0,0.0,1.0,1.0,0.0,-0.0,0.0,-0.0,0.0,0.0,0.0,0.0,0.0,0.0,0.0,0.0,170.0,170.0,170.0,170.0,13.0,10.0,21.0,5.0,15.0,0.0,0.0
108.558,53,172146.0,600.0,126.0,600.0,427.0,0.0,1.0,0.0,0.0,0.5,0.042,0.439,0.336,0.506,0.056,0.433,0.349,0.0,0.0,-1.43,-5.56,-1.1,-0.54,0.0,0.0,0.0,0.0,0.0,0.0,0.0,1.0,1.0,0.0,0.0,0.0,-0.0,0.0,0.0,0.0,0.0,0.0,0.0,0.0,0.0,170.0,170.0,170.0,170.0,13.0,10.0,21.0,5.0,15.0,0.0,0.0
108.591,53,172199.0,600.0,126.0,600.0,427.0,0.0,1.0,0.0,0.0,0.5,0.042,0.439,0.336,0.506,0.056,0.433,0.349,0.0,0.0,-1.43,-5.56,-1.1,-0.54,0.0,0.0,0.0,0.0,0.0,0.0,0.0,1.0,1.0,0.0,0.0,0.0,-0.0,0.0,0.0,0.0,0.0,0.0,0.0,0.0,0.0,170.0,170.0,170.0,170.0,13.0,10.0,21.0,5.0,15.0,0.0,0.0
108.657,53,172252.0,600.0,126.0,600.0,427.0,0.0,1.0,0.0,0.0,0.5,0.042,0.439,0.336,0.506,0.056,0.433,0.349,0.0,0.0,-1.43,-5.55,-1.1,-0.54,0.0,0.0,0.0,0.0,0.0,0.0,0.0,1.0,1.0,0.0,-0.0,0.0,-0.0,0.0,0.0,0.0,0.0,0.0,0.0,0.0,0.0,170.0,170.0,170.0,170.0,13.0,10.0,21.0,5.0,15.0,0.0,0.0
108.722,54,172306.0,600.0,126.0,600.0,427.0,0.0,1.0,0.0,0.0,0.5,0.042,0.439,0.336,0.506,0.056,0.433,0.349,0.0,0.0,-1.43,-5.55,-1.1,-0.54,0.0,0.0,0.0,0.0,0.0,0.0,0.0,1.0,1.0,0.0,-0.0,0.0,-0.0,0.0,0.0,0.0,0.0,0.0,0.0,0.0,0.0,170.0,170.0,170.0,170.0,13.0,10.0,21.0,5.0,15.0,0.0,1.0
108.755,52,172358.0,600.0,126.0,600.0,425.0,0.0,1.0,0.0,0.0,0.5,0.042,0.472,0.335,0.506,0.056,0.472,0.349,0.0,0.0,-1.43,-5.55,-1.1,-0.54,0.0,0.0,0.0,0.0,0.0,0.0,0.0,1.0,1.0,0.0,-0.0,0.0,-0.0,0.0,0.0,0.0,0.0,0.0,0.0,0.0,0.0,170.0,170.0,170.0,170.0,13.0,10.0,21.0,5.0,15.0,0.0,0.0
108.821,53,172411.0,600.0,126.0,600.0,425.0,0.0,1.0,0.0,0.0,0.5,0.042,0.472,0.335,0.506,0.056,0.472,0.349,0.0,0.0,-1.44,-5.55,-1.1,-0.54,0.0,0.0,0.0,0.0,0.0,0.0,0.0,1.0,1.0,-0.0,-0.0,0.0,-0.0,0.0,0.0,0.0,0.0,0.0,0.0,0.0,0.0,170.0,170.0,170.0,170.0,13.0,10.0,21.0,5.0,15.0,0.0,0.0
108.853,52,172463.0,600.0,127.0,600.0,425.0,0.0,1.0,0.0,0.0,0.5,0.042,0.472,0.335,0.506,0.056,0.472,0.349,0.0,0.0,-1.44,-5.55,-1.1,-0.54,0.0,0.0,0.0,0.0,0.0,0.0,0.0,1.0,1.0,-0.0,-0.0,0.0,-0.0,0.0,0.0,0.0,0.0,0.0,0.0,0.0,0.0,170.0,170.0,170.0,170.0,13.0,10.0,21.0,5.0,15.0,0.0,1.0
108.915,53,172516.0,600.0,127.0,600.0,425.0,0.0,1.0,0.0,0.0,0.5,0.042,0.472,0.335,0.506,0.056,0.472,0.349,0.0,0.0,-1.44,-5.55,-1.1,-0.54,0.0,0.0,0.0,0.0,0.0,0.0,0.0,1.0,1.0,-0.0,-0.0,0.0,-0.0,0.0,0.0,0.0,0.0,0.0,0.0,0.0,0.0,170.0,170.0,170.0,170.0,13.0,10.0,21.0,5.0,15.0,0.0,0.0
108.987,52,172568.0,600.0,127.0,600.0,425.0,0.0,1.0,0.0,0.0,0.5,0.042,0.487,0.334,0.506,0.057,0.49,0.349,0.0,0.0,-1.45,-5.55,-1.1,-0.54,0.0,0.0,0.0,0.0,0.0,0.0,0.0,1.0,1.0,-0.0,-0.0,0.0,-0.0,0.0,0.0,0.0,0.0,0.0,0.0,0.0,0.0,170.0,170.0,170.0,170.0,13.0,10.0,21.0,5.0,15.0,0.0,0.0
109.019,53,172621.0,600.0,127.0,600.0,425.0,0.0,1.0,0.0,0.0,0.5,0.042,0.487,0.334,0.506,0.057,0.49,0.349,0.0,0.0,-1.45,-5.55,-1.1,-0.54,0.0,0.0,0.0,0.0,0.0,0.0,0.0,1.0,1.0,-0.0,-0.0,0.0,-0.0,0.0,0.0,0.0,0.0,0.0,0.0,0.0,0.0,170.0,170.0,170.0,170.0,13.0,10.0,21.0,5.0,15.0,0.0,0.0
109.084,53,172674.0,600.0,127.0,600.0,425.0,0.0,1.0,0.0,0.0,0.5,0.042,0.487,0.334,0.506,0.057,0.49,0.349,0.0,0.0,-1.45,-5.55,-1.1,-0.54,0.0,0.0,0.0,0.0,0.0,0.0,0.0,1.0,1.0,-0.0,-0.0,0.0,-0.0,0.0,0.0,0.0,0.0,0.0,0.0,0.0,0.0,170.0,170.0,170.0,170.0,13.0,10.0,21.0,5.0,15.0,0.0,0.0
109.117,54,172728.0,600.0,127.0,600.0,425.0,0.0,1.0,0.0,0.0,0.5,0.042,0.487,0.334,0.506,0.057,0.49,0.349,0.0,0.0,-1.45,-5.55,-1.1,-0.54,0.0,0.0,0.0,0.0,0.0,0.0,0.0,1.0,1.0,-0.0,-0.0,0.0,-0.0,0.0,0.0,0.0,0.0,0.0,0.0,0.0,0.0,170.0,170.0,170.0,170.0,13.0,10.0,21.0,5.0,15.0,0.0,0.0
109.183,52,172780.0,600.0,127.0,600.0,425.0,0.0,1.0,0.0,0.0,0.5,0.043,0.494,0.334,0.506,0.057,0.498,0.349,0.0,0.0,-1.45,-5.55,-1.1,-0.54,0.0,0.0,0.0,0.0,0.0,0.0,0.0,1.0,1.0,-0.0,-0.0,0.0,-0.0,0.0,0.0,0.0,0.0,0.0,0.0,0.0,0.0,170.0,170.0,170.0,170.0,13.0,10.0,21.0,5.0,15.0,0.0,0.0
109.248,56,172836.0,600.0,127.0,600.0,425.0,0.0,1.0,0.0,0.0,0.5,0.043,0.494,0.334,0.506,0.057,0.498,0.349,0.0,0.0,-1.45,-5.55,-1.1,-0.54,0.0,0.0,0.0,0.0,0.0,0.0,0.0,1.0,1.0,-0.0,-0.0,0.0,-0.0,0.0,0.0,0.0,0.0,0.0,0.0,0.0,0.0,170.0,170.0,170.0,170.0,13.0,10.0,21.0,5.0,15.0,0.0,0.0
109.28,52,172888.0,600.0,127.0,600.0,425.0,0.0,1.0,0.0,0.0,0.5,0.043,0.494,0.334,0.506,0.057,0.498,0.349,0.0,0.0,-1.45,-5.55,-1.1,-0.54,0.0,0.0,0.0,0.0,0.0,0.0,0.0,1.0,1.0,-0.0,-0.0,0.0,-0.0,0.0,0.0,0.0,0.0,0.0,0.0,0.0,0.0,170.0,170.0,170.0,170.0,13.0,10.0,21.0,5.0,15.0,0.0,1.0
109.343,53,172941.0,600.0,127.0,600.0,425.0,0.0,1.0,0.0,0.0,0.5,0.043,0.494,0.334,0.506,0.057,0.498,0.349,0.0,0.0,-1.45,-5.55,-1.1,-0.54,0.0,0.0,0.0,0.0,0.0,0.0,0.0,1.0,1.0,-0.0,-0.0,0.0,-0.0,0.0,0.0,0.0,0.0,0.0,0.0,0.0,0.0,170.0,170.0,170.0,170.0,13.0,10.0,21.0,5.0,15.0,0.0,0.0
109.411,52,172993.0,600.0,127.0,600.0,427.0,0.0,1.0,0.0,0.0,0.5,0.043,0.497,0.335,0.506,0.057,0.502,0.35,0.0,0.0,-1.45,-5.55,-1.1,-0.54,0.0,0.0,0.0,0.0,0.0,0.0,0.0,1.0,1.0,-0.0,-0.0,0.0,-0.0,0.0,0.0,0.0,0.0,0.0,0.0,0.0,0.0,170.0,170.0,170.0,170.0,13.0,10.0,21.0,5.0,15.0,0.0,0.0
109.443,53,173046.0,600.0,127.0,600.0,427.0,0.0,1.0,0.0,0.0,0.5,0.043,0.497,0.335,0.506,0.057,0.502,0.35,0.0,0.0,-1.45,-5.55,-1.1,-0.54,0.0,0.0,0.0,0.0,0.0,0.0,0.0,1.0,1.0,-0.0,-0.0,0.0,-0.0,0.0,0.0,0.0,0.0,0.0,0.0,0.0,0.0,170.0,170.0,170.0,170.0,13.0,10.0,21.0,5.0,15.0,0.0,1.0
109.509,51,173097.0,600.0,127.0,600.0,427.0,0.0,1.0,0.0,0.0,0.5,0.043,0.497,0.335,0.506,0.057,0.502,0.35,0.0,0.0,-1.45,-5.55,-1.1,-0.54,0.0,0.0,0.0,0.0,0.0,0.0,0.0,1.0,1.0,-0.0,-0.0,0.0,-0.0,0.0,0.0,0.0,0.0,0.0,0.0,0.0,0.0,170.0,170.0,170.0,170.0,13.0,10.0,21.0,5.0,15.0,0.0,1.0
109.542,55,173152.0,600.0,127.0,600.0,427.0,0.0,1.0,0.0,0.0,0.5,0.043,0.497,0.335,0.506,0.057,0.502,0.35,0.0,0.0,-1.45,-5.55,-1.1,-0.54,0.0,0.0,0.0,0.0,0.0,0.0,0.0,1.0,1.0,-0.0,-0.0,0.0,-0.0,0.0,0.0,0.0,0.0,0.0,0.0,0.0,0.0,170.0,170.0,170.0,170.0,13.0,10.0,21.0,5.0,15.0,0.0,0.0
109.607,52,173204.0,600.0,127.0,600.0,428.0,0.0,1.0,0.0,0.0,0.5,0.043,0.499,0.337,0.506,0.058,0.504,0.351,0.0,0.0,-1.45,-5.55,-1.1,-0.54,0.0,0.0,0.0,0.0,0.0,0.0,0.0,1.0,1.0,-0.0,-0.0,0.0,-0.0,0.0,0.0,0.0,0.0,0.0,0.0,0.0,0.0,170.0,170.0,170.0,170.0,13.0,10.0,21.0,5.0,15.0,0.0,0.0
109.673,53,173257.0,600.0,127.0,600.0,428.0,0.0,1.0,0.0,0.0,0.5,0.043,0.499,0.337,0.506,0.058,0.504,0.351,0.0,0.0,-1.44,-5.55,-1.1,-0.54,0.0,0.0,0.0,0.0,0.0,0.0,0.0,1.0,1.0,-0.0,-0.0,0.0,-0.0,0.0,0.0,0.0,0.0,0.0,0.0,0.0,0.0,170.0,170.0,170.0,170.0,13.0,10.0,21.0,5.0,15.0,0.0,0.0
109.706,52,173309.0,600.0,126.0,600.0,428.0,0.0,1.0,0.0,0.0,0.5,0.043,0.499,0.337,0.506,0.058,0.504,0.351,0.0,0.0,-1.44,-5.55,-1.1,-0.54,0.0,0.0,0.0,0.0,0.0,0.0,0.0,1.0,1.0,-0.0,-0.0,0.0,-0.0,0.0,0.0,0.0,0.0,0.0,0.0,0.0,0.0,170.0,170.0,170.0,170.0,13.0,10.0,21.0,5.0,15.0,0.0,0.0
109.771,54,173363.0,600.0,126.0,600.0,428.0,0.0,1.0,0.0,0.0,0.5,0.043,0.499,0.337,0.506,0.058,0.504,0.351,0.0,0.0,-1.44,-5.55,-1.1,-0.54,0.0,0.0,0.0,0.0,0.0,0.0,0.0,1.0,1.0,-0.0,-0.0,0.0,-0.0,0.0,0.0,0.0,0.0,0.0,0.0,0.0,0.0,170.0,170.0,170.0,170.0,13.0,10.0,21.0,5.0,15.0,0.0,0.0
109.804,52,173415.0,600.0,126.0,600.0,430.0,0.0,1.0,0.0,0.0,0.5,0.042,0.499,0.338,0.506,0.057,0.505,0.352,0.0,0.0,-1.43,-5.55,-1.1,-0.54,0.0,0.0,0.0,0.0,0.0,0.0,0.0,1.0,1.0,-0.0,-0.0,0.0,-0.0,0.0,0.0,0.0,0.0,0.0,0.0,0.0,0.0,170.0,170.0,170.0,170.0,13.0,10.0,21.0,5.0,15.0,0.0,0.0
109.868,53,173468.0,600.0,126.0,600.0,430.0,0.0,1.0,0.0,0.0,0.5,0.042,0.499,0.338,0.506,0.057,0.505,0.352,0.0,0.0,-1.43,-5.55,-1.1,-0.54,0.0,0.0,0.0,0.0,0.0,0.0,0.0,1.0,1.0,-0.0,-0.0,0.0,-0.0,0.0,0.0,0.0,0.0,0.0,0.0,0.0,0.0,170.0,170.0,170.0,170.0,13.0,10.0,21.0,5.0,15.0,0.0,0.0
109.931,51,173519.0,600.0,126.0,600.0,430.0,0.0,1.0,0.0,0.0,0.5,0.042,0.499,0.338,0.506,0.057,0.505,0.352,0.0,0.0,-1.43,-5.55,-1.1,-0.54,0.0,0.0,0.0,0.0,0.0,0.0,0.0,1.0,1.0,-0.0,-0.0,0.0,-0.0,0.0,0.0,0.0,0.0,0.0,0.0,0.0,0.0,170.0,170.0,170.0,170.0,13.0,10.0,21.0,5.0,15.0,0.0,0.0
109.964,55,173574.0,600.0,126.0,600.0,430.0,0.0,1.0,0.0,0.0,0.5,0.042,0.499,0.338,0.506,0.057,0.505,0.352,0.0,0.0,-1.43,-5.55,-1.1,-0.54,0.0,0.0,0.0,0.0,0.0,0.0,0.0,1.0,1.0,-0.0,-0.0,0.0,-0.0,0.0,0.0,0.0,0.0,0.0,0.0,0.0,0.0,170.0,170.0,170.0,170.0,13.0,10.0,21.0,5.0,15.0,0.0,0.0
110.03,52,173626.0,600.0,126.0,600.0,432.0,0.0,1.0,0.0,0.0,0.5,0.042,0.5,0.34,0.506,0.057,0.505,0.354,0.0,0.0,-1.43,-5.55,-1.1,-0.54,0.0,0.0,0.0,0.0,0.0,0.0,0.0,1.0,1.0,-0.0,-0.0,0.0,-0.0,0.0,0.0,0.0,0.0,0.0,0.0,0.0,0.0,170.0,170.0,170.0,170.0,13.0,10.0,21.0,5.0,15.0,0.0,0.0
110.094,53,173679.0,600.0,126.0,600.0,432.0,0.0,1.0,0.0,0.0,0.5,0.042,0.5,0.34,0.506,0.057,0.505,0.354,0.0,0.0,-1.43,-5.55,-1.1,-0.54,0.0,0.0,0.0,0.0,0.0,0.0,0.0,1.0,1.0,-0.0,-0.0,0.0,-0.0,0.0,0.0,0.0,0.0,0.0,0.0,0.0,0.0,170.0,170.0,170.0,170.0,13.0,10.0,21.0,5.0,15.0,0.0,0.0
110.125,51,173730.0,600.0,127.0,600.0,432.0,0.0,1.0,0.0,0.0,0.5,0.042,0.5,0.34,0.506,0.057,0.505,0.354,0.0,0.0,-1.43,-5.55,-1.1,-0.54,0.0,0.0,0.0,0.0,0.0,0.0,0.0,1.0,1.0,-0.0,-0.0,0.0,-0.0,0.0,0.0,0.0,0.0,0.0,0.0,0.0,0.0,170.0,170.0,170.0,170.0,13.0,10.0,21.0,5.0,15.0,0.0,0.0
110.189,54,173784.0,600.0,127.0,600.0,432.0,0.0,1.0,0.0,0.0,0.5,0.042,0.5,0.34,0.506,0.057,0.505,0.354,0.0,0.0,-1.43,-5.55,-1.1,-0.54,0.0,0.0,0.0,0.0,0.0,0.0,0.0,1.0,1.0,-0.0,-0.0,0.0,-0.0,0.0,0.0,0.0,0.0,0.0,0.0,0.0,0.0,170.0,170.0,170.0,170.0,13.0,10.0,21.0,5.0,15.0,0.0,0.0
110.222,52,173836.0,600.0,127.0,600.0,434.0,0.0,1.0,0.0,0.0,0.5,0.042,0.5,0.341,0.506,0.057,0.505,0.356,0.0,0.0,-1.43,-5.55,-1.1,-0.54,0.0,0.0,0.0,0.0,0.0,0.0,0.0,1.0,1.0,-0.0,-0.0,0.0,-0.0,0.0,0.0,0.0,0.0,0.0,0.0,0.0,0.0,170.0,170.0,170.0,170.0,13.0,10.0,21.0,5.0,15.0,0.0,0.0
110.286,53,173889.0,600.0,127.0,600.0,434.0,0.0,1.0,0.0,0.0,0.5,0.042,0.5,0.341,0.506,0.057,0.505,0.356,0.0,0.0,-1.43,-5.55,-1.1,-0.54,0.0,0.0,0.0,0.0,0.0,0.0,0.0,1.0,1.0,-0.0,-0.0,0.0,-0.0,0.0,0.0,0.0,0.0,0.0,0.0,0.0,0.0,170.0,170.0,170.0,170.0,13.0,10.0,21.0,5.0,15.0,0.0,1.0
110.352,53,173942.0,600.0,126.0,600.0,434.0,0.0,1.0,0.0,0.0,0.5,0.042,0.5,0.341,0.506,0.057,0.505,0.356,0.0,0.0,-1.43,-5.55,-1.1,-0.54,0.0,0.0,0.0,0.0,0.0,0.0,0.0,1.0,1.0,-0.0,-0.0,0.0,-0.0,0.0,0.0,0.0,0.0,0.0,0.0,0.0,0.0,170.0,170.0,170.0,170.0,13.0,10.0,21.0,5.0,15.0,0.0,0.0
110.393,54,173996.0,600.0,126.0,600.0,434.0,0.0,1.0,0.0,0.0,0.5,0.042,0.5,0.341,0.506,0.057,0.505,0.356,0.0,0.0,-1.43,-5.55,-1.1,-0.54,0.0,0.0,0.0,0.0,0.0,0.0,0.0,1.0,1.0,-0.0,-0.0,0.0,-0.0,0.0,0.0,0.0,0.0,0.0,0.0,0.0,0.0,170.0,170.0,170.0,170.0,13.0,10.0,21.0,5.0,15.0,0.0,1.0
110.458,53,174049.0,600.0,126.0,600.0,430.0,0.0,1.0,0.0,0.0,0.5,0.042,0.5,0.34,0.506,0.057,0.506,0.355,0.0,0.0,-1.43,-5.55,-1.1,-0.54,0.0,0.0,0.0,0.0,0.0,0.0,0.0,1.0,1.0,-0.0,-0.0,0.0,-0.0,0.0,0.0,0.0,0.0,0.0,0.0,0.0,0.0,170.0,170.0,170.0,170.0,13.0,10.0,21.0,5.0,15.0,0.0,0.0
110.491,53,174102.0,600.0,126.0,600.0,430.0,0.0,1.0,0.0,0.0,0.5,0.042,0.5,0.34,0.506,0.057,0.506,0.355,0.0,0.0,-1.43,-5.55,-1.1,-0.54,0.0,0.0,0.0,0.0,0.0,0.0,0.0,1.0,1.0,-0.0,-0.0,0.0,-0.0,0.0,0.0,0.0,0.0,0.0,0.0,0.0,0.0,170.0,170.0,170.0,170.0,13.0,10.0,21.0,5.0,15.0,0.0,0.0
110.557,54,174156.0,600.0,125.0,600.0,430.0,0.0,1.0,0.0,0.0,0.5,0.042,0.5,0.34,0.506,0.057,0.506,0.355,0.0,0.0,-1.43,-5.55,-1.1,-0.54,0.0,0.0,0.0,0.0,0.0,0.0,0.0,1.0,1.0,-0.0,-0.0,0.0,-0.0,0.0,0.0,0.0,0.0,0.0,0.0,0.0,0.0,170.0,170.0,170.0,170.0,13.0,10.0,21.0,5.0,15.0,0.0,1.0
110.624,52,174208.0,600.0,125.0,600.0,430.0,0.0,1.0,0.0,0.0,0.5,0.042,0.5,0.34,0.506,0.057,0.506,0.355,0.0,0.0,-1.43,-5.55,-1.1,-0.54,0.0,0.0,0.0,0.0,0.0,0.0,0.0,1.0,1.0,-0.0,-0.0,0.0,-0.0,0.0,0.0,0.0,0.0,0.0,0.0,0.0,0.0,170.0,170.0,170.0,170.0,13.0,10.0,21.0,5.0,15.0,0.0,1.0
110.657,53,174261.0,600.0,125.0,600.0,431.0,0.0,1.0,0.0,0.0,0.5,0.042,0.5,0.34,0.506,0.057,0.506,0.355,0.0,0.0,-1.43,-5.55,-1.1,-0.54,0.0,0.0,0.0,0.0,0.0,0.0,0.0,1.0,1.0,-0.0,-0.0,0.0,-0.0,0.0,0.0,0.0,0.0,0.0,0.0,0.0,0.0,170.0,170.0,170.0,170.0,13.0,10.0,21.0,5.0,15.0,0.0,0.0
110.724,53,174314.0,600.0,125.0,600.0,431.0,0.0,1.0,0.0,0.0,0.5,0.042,0.5,0.34,0.506,0.057,0.506,0.355,0.0,0.0,-1.43,-5.55,-1.1,-0.54,0.0,0.0,0.0,0.0,0.0,0.0,0.0,1.0,1.0,-0.0,-0.0,0.0,-0.0,0.0,0.0,0.0,0.0,0.0,0.0,0.0,0.0,170.0,170.0,170.0,170.0,13.0,10.0,21.0,5.0,15.0,0.0,0.0
110.756,53,174367.0,600.0,125.0,600.0,431.0,0.0,1.0,0.0,0.0,0.5,0.042,0.5,0.34,0.506,0.057,0.506,0.355,0.0,0.0,-1.43,-5.55,-1.1,-0.54,0.0,0.0,0.0,0.0,0.0,0.0,0.0,1.0,1.0,-0.0,-0.0,0.0,-0.0,0.0,0.0,0.0,0.0,0.0,0.0,0.0,0.0,170.0,170.0,170.0,170.0,13.0,10.0,21.0,5.0,15.0,0.0,0.0
110.823,54,174421.0,600.0,125.0,600.0,431.0,0.0,1.0,0.0,0.0,0.5,0.042,0.5,0.34,0.506,0.057,0.506,0.355,0.0,0.0,-1.43,-5.55,-1.1,-0.54,0.0,0.0,0.0,0.0,0.0,0.0,0.0,1.0,1.0,-0.0,0.0,0.0,-0.0,0.0,0.0,0.0,0.0,0.0,0.0,0.0,0.0,170.0,170.0,170.0,170.0,13.0,10.0,21.0,5.0,15.0,0.0,0.0
110.888,53,174474.0,600.0,125.0,600.0,431.0,0.0,1.0,0.0,0.0,0.5,0.042,0.5,0.341,0.506,0.057,0.506,0.355,0.0,0.0,-1.44,-5.55,-1.1,-0.54,0.0,0.0,0.0,0.0,0.0,0.0,0.0,1.0,1.0,-0.0,-0.0,0.0,-0.0,0.0,0.0,0.0,0.0,0.0,0.0,0.0,0.0,170.0,170.0,170.0,170.0,13.0,10.0,21.0,5.0,15.0,0.0,0.0
110.921,53,174527.0,600.0,125.0,600.0,431.0,0.0,1.0,0.0,0.0,0.5,0.042,0.5,0.341,0.506,0.057,0.506,0.355,0.0,0.0,-1.44,-5.55,-1.1,-0.54,0.0,0.0,0.0,0.0,0.0,0.0,0.0,1.0,1.0,-0.0,-0.0,0.0,-0.0,0.0,0.0,0.0,0.0,0.0,0.0,0.0,0.0,170.0,170.0,170.0,170.0,13.0,10.0,21.0,5.0,15.0,0.0,0.0
110.992,52,174579.0,600.0,124.0,600.0,431.0,0.0,1.0,0.0,0.0,0.5,0.042,0.5,0.341,0.506,0.057,0.506,0.355,0.0,0.0,-1.44,-5.55,-1.1,-0.54,0.0,0.0,0.0,0.0,0.0,0.0,0.0,1.0,1.0,-0.0,-0.0,0.0,-0.0,0.0,0.0,0.0,0.0,0.0,0.0,0.0,0.0,170.0,170.0,170.0,170.0,13.0,10.0,21.0,5.0,15.0,0.0,0.0
111.025,53,174632.0,600.0,124.0,600.0,431.0,0.0,1.0,0.0,0.0,0.5,0.042,0.5,0.341,0.506,0.057,0.506,0.355,0.0,0.0,-1.44,-5.55,-1.1,-0.54,0.0,0.0,0.0,0.0,0.0,0.0,0.0,1.0,1.0,-0.0,-0.0,0.0,-0.0,0.0,0.0,0.0,0.0,0.0,0.0,0.0,0.0,170.0,170.0,170.0,170.0,13.0,10.0,21.0,5.0,15.0,0.0,0.0
111.09,53,174685.0,600.0,124.0,600.0,429.0,0.0,1.0,0.0,0.0,0.5,0.042,0.5,0.34,0.506,0.056,0.506,0.354,0.0,0.0,-1.45,-5.55,-1.1,-0.54,0.0,0.0,0.0,0.0,0.0,0.0,0.0,1.0,1.0,-0.0,0.0,0.0,-0.0,0.0,0.0,0.0,0.0,0.0,0.0,0.0,0.0,170.0,170.0,170.0,170.0,13.0,10.0,21.0,5.0,15.0,0.0,0.0
111.155,53,174738.0,600.0,124.0,600.0,429.0,0.0,1.0,0.0,0.0,0.5,0.042,0.5,0.34,0.506,0.056,0.506,0.354,0.0,0.0,-1.45,-5.55,-1.1,-0.54,0.0,0.0,0.0,0.0,0.0,0.0,0.0,1.0,1.0,-0.0,0.0,0.0,-0.0,0.0,0.0,0.0,0.0,0.0,0.0,0.0,0.0,170.0,170.0,170.0,170.0,13.0,10.0,21.0,5.0,15.0,0.0,1.0
111.189,53,174791.0,600.0,124.0,600.0,429.0,0.0,1.0,0.0,0.0,0.5,0.042,0.5,0.34,0.506,0.056,0.506,0.354,0.0,0.0,-1.45,-5.55,-1.1,-0.54,0.0,0.0,0.0,0.0,0.0,0.0,0.0,1.0,1.0,-0.0,-0.0,0.0,-0.0,0.0,0.0,0.0,0.0,0.0,0.0,0.0,0.0,170.0,170.0,170.0,170.0,13.0,10.0,21.0,5.0,15.0,0.0,0.0
111.255,54,174845.0,600.0,124.0,600.0,429.0,0.0,1.0,0.0,0.0,0.5,0.042,0.5,0.34,0.506,0.056,0.506,0.354,0.0,0.0,-1.45,-5.55,-1.1,-0.54,0.0,0.0,0.0,0.0,0.0,0.0,0.0,1.0,1.0,-0.0,-0.0,0.0,-0.0,0.0,0.0,0.0,0.0,0.0,0.0,0.0,0.0,170.0,170.0,170.0,170.0,13.0,10.0,21.0,5.0,15.0,0.0,0.0
111.287,53,174898.0,600.0,124.0,600.0,429.0,0.0,1.0,0.0,0.0,0.5,0.041,0.5,0.339,0.506,0.056,0.506,0.354,0.0,0.0,-1.45,-5.55,-1.1,-0.54,0.0,0.0,0.0,0.0,0.0,0.0,0.0,1.0,1.0,-0.0,0.0,0.0,-0.0,0.0,0.0,0.0,0.0,0.0,0.0,0.0,0.0,170.0,170.0,170.0,170.0,13.0,10.0,21.0,5.0,15.0,0.0,0.0
111.35,53,174951.0,600.0,124.0,600.0,429.0,0.0,1.0,0.0,0.0,0.5,0.041,0.5,0.339,0.506,0.056,0.506,0.354,0.0,0.0,-1.45,-5.55,-1.1,-0.54,0.0,0.0,0.0,0.0,0.0,0.0,0.0,1.0,1.0,-0.0,-0.0,0.0,-0.0,0.0,0.0,0.0,0.0,0.0,0.0,0.0,0.0,170.0,170.0,170.0,170.0,13.0,10.0,21.0,5.0,15.0,0.0,0.0
111.426,53,175004.0,600.0,125.0,600.0,429.0,0.0,1.0,0.0,0.0,0.5,0.041,0.5,0.339,0.506,0.056,0.506,0.354,0.0,0.0,-1.45,-5.55,-1.1,-0.54,0.0,0.0,0.0,0.0,0.0,0.0,0.0,1.0,1.0,-0.0,-0.0,0.0,-0.0,0.0,0.0,0.0,0.0,0.0,0.0,0.0,0.0,170.0,170.0,170.0,170.0,13.0,10.0,21.0,5.0,15.0,0.0,0.0
111.459,52,175056.0,600.0,125.0,600.0,429.0,0.0,1.0,0.0,0.0,0.5,0.041,0.5,0.339,0.506,0.056,0.506,0.354,0.0,0.0,-1.45,-5.55,-1.1,-0.54,0.0,0.0,0.0,0.0,0.0,0.0,0.0,1.0,1.0,-0.0,-0.0,0.0,-0.0,0.0,0.0,0.0,0.0,0.0,0.0,0.0,0.0,170.0,170.0,170.0,170.0,13.0,10.0,21.0,5.0,15.0,0.0,0.0
111.522,52,175108.0,600.0,125.0,600.0,430.0,0.0,1.0,0.0,0.0,0.5,0.041,0.5,0.339,0.506,0.056,0.506,0.354,0.0,0.0,-1.45,-5.55,-1.1,-0.54,0.0,0.0,0.0,0.0,0.0,0.0,0.0,1.0,1.0,-0.0,0.0,0.0,-0.0,0.0,0.0,0.0,0.0,0.0,0.0,0.0,0.0,170.0,170.0,170.0,170.0,13.0,10.0,21.0,5.0,15.0,0.0,0.0
111.554,53,175161.0,600.0,125.0,600.0,430.0,0.0,1.0,0.0,0.0,0.5,0.041,0.5,0.339,0.506,0.056,0.506,0.354,0.0,0.0,-1.45,-5.55,-1.1,-0.54,0.0,0.0,0.0,0.0,0.0,0.0,0.0,1.0,1.0,-0.0,0.0,0.0,-0.0,0.0,0.0,0.0,0.0,0.0,0.0,0.0,0.0,170.0,170.0,170.0,170.0,13.0,10.0,21.0,5.0,15.0,0.0,0.0
111.622,53,175214.0,600.0,125.0,600.0,430.0,0.0,1.0,0.0,0.0,0.5,0.041,0.5,0.339,0.506,0.056,0.506,0.354,0.0,0.0,-1.45,-5.55,-1.1,-0.54,0.0,0.0,0.0,0.0,0.0,0.0,0.0,1.0,1.0,-0.0,0.0,0.0,-0.0,0.0,0.0,0.0,0.0,0.0,0.0,0.0,0.0,170.0,170.0,170.0,170.0,13.0,10.0,21.0,5.0,15.0,0.0,0.0
111.688,54,175268.0,600.0,125.0,600.0,430.0,0.0,1.0,0.0,0.0,0.5,0.041,0.5,0.339,0.506,0.056,0.506,0.354,0.0,0.0,-1.45,-5.55,-1.1,-0.54,0.0,0.0,0.0,0.0,0.0,0.0,0.0,1.0,1.0,-0.0,-0.0,0.0,-0.0,0.0,0.0,0.0,0.0,0.0,0.0,0.0,0.0,170.0,170.0,170.0,170.0,13.0,10.0,21.0,5.0,15.0,0.0,1.0
111.72,53,175321.0,600.0,125.0,600.0,429.0,0.0,1.0,0.0,0.0,0.5,0.042,0.5,0.339,0.506,0.056,0.506,0.354,0.0,0.0,-1.45,-5.55,-1.1,-0.54,0.0,0.0,0.0,0.0,0.0,0.0,0.0,1.0,1.0,-0.0,-0.0,0.0,-0.0,0.0,0.0,0.0,0.0,0.0,0.0,0.0,0.0,170.0,170.0,170.0,170.0,13.0,10.0,21.0,5.0,15.0,0.0,0.0
111.797,53,175374.0,600.0,125.0,600.0,429.0,0.0,1.0,0.0,0.0,0.5,0.042,0.5,0.339,0.506,0.056,0.506,0.354,0.0,0.0,-1.44,-5.55,-1.1,-0.54,0.0,0.0,0.0,0.0,0.0,0.0,0.0,1.0,1.0,-0.0,0.0,0.0,-0.0,0.0,0.0,0.0,0.0,0.0,0.0,0.0,0.0,170.0,170.0,170.0,170.0,13.0,10.0,21.0,5.0,15.0,0.0,0.0
111.831,53,175427.0,600.0,126.0,600.0,429.0,0.0,1.0,0.0,0.0,0.5,0.042,0.5,0.339,0.506,0.056,0.506,0.354,0.0,0.0,-1.44,-5.55,-1.1,-0.54,0.0,0.0,0.0,0.0,0.0,0.0,0.0,1.0,1.0,-0.0,0.0,0.0,-0.0,0.0,0.0,0.0,0.0,0.0,0.0,0.0,0.0,170.0,170.0,170.0,170.0,13.0,10.0,21.0,5.0,15.0,0.0,0.0
111.898,54,175481.0,600.0,126.0,600.0,429.0,0.0,1.0,0.0,0.0,0.5,0.042,0.5,0.339,0.506,0.056,0.506,0.354,0.0,0.0,-1.43,-5.55,-1.1,-0.54,0.0,0.0,0.0,0.0,0.0,0.0,0.0,1.0,1.0,-0.0,-0.0,0.0,-0.0,0.0,0.0,0.0,0.0,0.0,0.0,0.0,0.0,170.0,170.0,170.0,170.0,13.0,10.0,21.0,5.0,15.0,0.0,0.0
111.929,52,175533.0,600.0,126.0,600.0,427.0,0.0,1.0,0.0,0.0,0.5,0.042,0.5,0.338,0.506,0.057,0.506,0.352,0.0,0.0,-1.43,-5.55,-1.1,-0.54,0.0,0.0,0.0,0.0,0.0,0.0,0.0,1.0,1.0,-0.0,0.0,0.0,-0.0,0.0,0.0,0.0,0.0,0.0,0.0,0.0,0.0,170.0,170.0,170.0,170.0,13.0,10.0,21.0,5.0,15.0,0.0,0.0
111.994,53,175586.0,600.0,126.0,600.0,427.0,0.0,1.0,0.0,0.0,0.5,0.042,0.5,0.338,0.506,0.057,0.506,0.352,0.0,0.0,-1.43,-5.55,-1.1,-0.54,0.0,0.0,0.0,0.0,0.0,0.0,0.0,1.0,1.0,-0.0,0.0,0.0,-0.0,0.0,0.0,0.0,0.0,0.0,0.0,0.0,0.0,170.0,170.0,170.0,170.0,13.0,10.0,21.0,5.0,15.0,0.0,0.0
112.027,52,175638.0,600.0,128.0,600.0,427.0,0.0,1.0,0.0,0.0,0.5,0.042,0.5,0.338,0.506,0.057,0.506,0.352,0.0,0.0,-1.43,-5.54,-1.1,-0.54,0.0,0.0,0.0,0.0,0.0,0.0,0.0,1.0,1.0,-0.0,-0.0,0.0,-0.0,0.0,0.0,0.0,0.0,0.0,0.0,0.0,0.0,170.0,170.0,170.0,170.0,13.0,10.0,21.0,5.0,15.0,0.0,0.0
112.092,54,175692.0,600.0,128.0,600.0,427.0,0.0,1.0,0.0,0.0,0.5,0.042,0.5,0.338,0.506,0.057,0.506,0.352,0.0,0.0,-1.43,-5.54,-1.1,-0.54,0.0,0.0,0.0,0.0,0.0,0.0,0.0,1.0,1.0,-0.0,0.0,0.0,-0.0,0.0,0.0,0.0,0.0,0.0,0.0,0.0,0.0,170.0,170.0,170.0,170.0,13.0,10.0,21.0,5.0,15.0,0.0,0.0
112.159,52,175744.0,600.0,128.0,600.0,427.0,0.0,1.0,0.0,0.0,0.5,0.043,0.5,0.337,0.506,0.057,0.506,0.352,0.0,0.0,-1.43,-5.54,-1.1,-0.54,0.0,0.0,0.0,0.0,0.0,0.0,0.0,1.0,1.0,-0.0,0.0,0.0,-0.0,0.0,0.0,0.0,0.0,0.0,0.0,0.0,0.0,170.0,170.0,170.0,170.0,13.0,10.0,21.0,5.0,15.0,0.0,1.0
112.191,54,175798.0,600.0,128.0,600.0,427.0,0.0,1.0,0.0,0.0,0.5,0.043,0.5,0.337,0.506,0.057,0.506,0.352,0.0,0.0,-1.43,-5.54,-1.1,-0.54,0.0,0.0,0.0,0.0,0.0,0.0,0.0,1.0,1.0,-0.0,0.0,0.0,-0.0,0.0,0.0,0.0,0.0,0.0,0.0,0.0,0.0,170.0,170.0,170.0,170.0,13.0,10.0,21.0,5.0,15.0,0.0,0.0
112.254,52,175850.0,600.0,128.0,600.0,427.0,0.0,1.0,0.0,0.0,0.5,0.043,0.5,0.337,0.506,0.057,0.506,0.352,0.0,0.0,-1.43,-5.54,-1.1,-0.54,0.0,0.0,0.0,0.0,0.0,0.0,0.0,1.0,1.0,-0.0,-0.0,0.0,-0.0,0.0,0.0,0.0,0.0,0.0,0.0,0.0,0.0,170.0,170.0,170.0,170.0,13.0,10.0,21.0,5.0,15.0,0.0,1.0
112.319,53,175903.0,600.0,128.0,600.0,427.0,0.0,1.0,0.0,0.0,0.5,0.043,0.5,0.337,0.506,0.057,0.506,0.352,0.0,0.0,-1.44,-5.54,-1.11,-0.54,0.0,0.0,0.0,0.0,0.0,0.0,0.0,1.0,1.0,-0.0,0.0,0.0,-0.0,0.0,0.0,0.0,0.0,0.0,0.0,0.0,0.0,170.0,170.0,170.0,170.0,13.0,10.0,21.0,5.0,15.0,0.0,0.0
112.352,52,175955.0,600.0,128.0,600.0,423.0,0.0,1.0,0.0,0.0,0.5,0.043,0.5,0.335,0.506,0.058,0.506,0.35,0.0,0.0,-1.44,-5.54,-1.1,-0.54,0.0,0.0,0.0,0.0,0.0,0.0,0.0,1.0,1.0,-0.0,-0.0,0.0,-0.0,0.0,0.0,0.0,0.0,0.0,0.0,0.0,0.0,170.0,170.0,170.0,170.0,13.0,10.0,21.0,5.0,15.0,0.0,0.0
112.418,53,176008.0,600.0,128.0,600.0,423.0,0.0,1.0,0.0,0.0,0.5,0.043,0.5,0.335,0.506,0.058,0.506,0.35,0.0,0.0,-1.44,-5.53,-1.1,-0.54,0.0,0.0,0.0,0.0,0.0,0.0,0.0,1.0,1.0,-0.0,-0.0,0.0,-0.0,0.0,0.0,0.0,0.0,0.0,0.0,0.0,0.0,170.0,170.0,170.0,170.0,13.0,10.0,21.0,5.0,15.0,0.0,0.0
112.451,52,176060.0,600.0,128.0,600.0,423.0,0.0,1.0,0.0,0.0,0.5,0.043,0.5,0.335,0.506,0.058,0.506,0.35,0.0,0.0,-1.44,-5.54,-1.1,-0.54,0.0,0.0,0.0,0.0,0.0,0.0,0.0,1.0,1.0,-0.0,-0.0,0.0,-0.0,0.0,0.0,0.0,0.0,0.0,0.0,0.0,0.0,170.0,170.0,170.0,170.0,13.0,10.0,21.0,5.0,15.0,0.0,1.0
112.516,54,176114.0,600.0,128.0,600.0,423.0,0.0,1.0,0.0,0.0,0.5,0.043,0.5,0.335,0.506,0.058,0.506,0.35,0.0,0.0,-1.44,-5.54,-1.1,-0.54,0.0,0.0,0.0,0.0,0.0,0.0,0.0,1.0,1.0,-0.0,-0.0,0.0,-0.0,0.0,0.0,0.0,0.0,0.0,0.0,0.0,0.0,170.0,170.0,170.0,170.0,13.0,10.0,21.0,5.0,15.0,0.0,0.0
112.581,52,176166.0,600.0,128.0,600.0,425.0,0.0,1.0,0.0,0.0,0.5,0.043,0.5,0.334,0.506,0.058,0.506,0.349,0.0,0.0,-1.44,-5.55,-1.1,-0.54,0.0,0.0,0.0,0.0,0.0,0.0,0.0,1.0,1.0,-0.0,-0.0,0.0,-0.0,0.0,0.0,0.0,0.0,0.0,0.0,0.0,0.0,170.0,170.0,170.0,170.0,13.0,10.0,21.0,5.0,15.0,0.0,0.0
112.614,53,176219.0,600.0,128.0,600.0,425.0,0.0,1.0,0.0,0.0,0.5,0.043,0.5,0.334,0.506,0.058,0.506,0.349,0.0,0.0,-1.45,-5.55,-1.1,-0.54,0.0,0.0,0.0,0.0,0.0,0.0,0.0,1.0,1.0,-0.0,-0.0,0.0,-0.0,0.0,0.0,0.0,0.0,0.0,0.0,0.0,0.0,170.0,170.0,170.0,170.0,13.0,10.0,21.0,5.0,15.0,0.0,0.0
112.679,51,176270.0,600.0,127.0,600.0,425.0,0.0,1.0,0.0,0.0,0.5,0.043,0.5,0.334,0.506,0.058,0.506,0.349,0.0,0.0,-1.45,-5.55,-1.1,-0.54,0.0,0.0,0.0,0.0,0.0,0.0,0.0,1.0,1.0,-0.0,-0.0,0.0,-0.0,0.0,0.0,0.0,0.0,0.0,0.0,0.0,0.0,170.0,170.0,170.0,170.0,13.0,10.0,21.0,5.0,15.0,0.0,1.0
112.711,53,176323.0,600.0,127.0,600.0,425.0,0.0,1.0,0.0,0.0,0.5,0.043,0.5,0.334,0.506,0.058,0.506,0.349,0.0,0.0,-1.45,-5.55,-1.1,-0.54,0.0,0.0,0.0,0.0,0.0,0.0,0.0,1.0,1.0,-0.0,-0.0,0.0,-0.0,0.0,0.0,0.0,0.0,0.0,0.0,0.0,0.0,170.0,170.0,170.0,170.0,13.0,10.0,21.0,5.0,15.0,0.0,0.0
112.777,52,176375.0,600.0,127.0,600.0,426.0,0.0,1.0,0.0,0.0,0.5,0.043,0.5,0.335,0.506,0.058,0.506,0.349,0.0,0.0,-1.45,-5.55,-1.1,-0.54,0.0,0.0,0.0,0.0,0.0,0.0,0.0,1.0,1.0,-0.0,-0.0,0.0,-0.0,0.0,0.0,0.0,0.0,0.0,0.0,0.0,0.0,170.0,170.0,170.0,170.0,13.0,10.0,21.0,5.0,15.0,0.0,0.0
112.841,53,176428.0,600.0,127.0,600.0,426.0,0.0,1.0,0.0,0.0,0.5,0.043,0.5,0.335,0.506,0.058,0.506,0.349,0.0,0.0,-1.45,-5.55,-1.1,-0.54,0.0,0.0,0.0,0.0,0.0,0.0,0.0,1.0,1.0,-0.0,-0.0,0.0,-0.0,0.0,0.0,0.0,0.0,0.0,0.0,0.0,0.0,170.0,170.0,170.0,170.0,13.0,10.0,21.0,5.0,15.0,0.0,0.0
112.872,51,176479.0,600.0,127.0,600.0,426.0,0.0,1.0,0.0,0.0,0.5,0.043,0.5,0.335,0.506,0.058,0.506,0.349,0.0,0.0,-1.45,-5.55,-1.1,-0.54,0.0,0.0,0.0,0.0,0.0,0.0,0.0,1.0,1.0,-0.0,-0.0,0.0,-0.0,0.0,0.0,0.0,0.0,0.0,0.0,0.0,0.0,170.0,170.0,170.0,170.0,13.0,10.0,21.0,5.0,15.0,0.0,1.0
112.938,55,176534.0,600.0,127.0,525.0,426.0,0.0,1.0,0.0,0.0,0.5,0.043,0.5,0.335,0.506,0.058,0.506,0.349,0.0,0.0,-1.45,-5.55,-1.1,-0.54,0.0,0.0,0.0,0.0,0.0,0.0,0.0,1.0,1.0,-0.0,-0.0,0.0,-0.0,0.0,0.0,0.0,0.0,0.0,0.0,0.0,0.0,170.0,170.0,170.0,170.0,13.0,10.0,21.0,5.0,15.0,0.0,0.0
113.004,52,176586.0,600.0,127.0,525.0,426.0,0.0,1.0,0.0,0.0,0.5,0.043,0.464,0.335,0.506,0.057,0.476,0.349,0.0,0.0,-1.45,-5.55,-1.1,-0.54,0.0,0.0,0.0,0.0,0.0,0.0,0.0,1.0,1.0,-0.0,-0.0,0.0,-0.0,0.0,0.0,0.0,0.0,0.0,0.0,0.0,0.0,170.0,170.0,170.0,170.0,13.0,10.0,21.0,5.0,15.0,0.0,1.0
113.036,53,176639.0,600.0,127.0,525.0,426.0,0.0,1.0,0.0,0.0,0.5,0.043,0.464,0.335,0.506,0.057,0.476,0.349,0.0,0.0,-1.45,-5.55,-1.1,-0.54,0.0,0.0,0.0,0.0,0.0,0.0,0.0,1.0,1.0,-0.0,-0.0,0.0,-0.0,0.0,0.0,0.0,0.0,0.0,0.0,0.0,0.0,170.0,170.0,170.0,170.0,13.0,10.0,21.0,5.0,15.0,0.0,0.0
113.103,51,176690.0,600.0,127.0,525.0,426.0,0.0,1.0,0.0,0.0,0.5,0.043,0.464,0.335,0.506,0.057,0.476,0.349,0.0,0.0,-1.45,-5.55,-1.1,-0.54,0.0,0.0,0.0,0.0,0.0,0.0,0.0,1.0,1.0,-0.0,-0.0,0.0,-0.0,0.0,0.0,0.0,0.0,0.0,0.0,0.0,0.0,170.0,170.0,170.0,170.0,13.0,10.0,21.0,5.0,15.0,0.0,1.0
113.135,53,176743.0,600.0,127.0,525.0,426.0,0.0,1.0,0.0,0.0,0.5,0.043,0.464,0.335,0.506,0.057,0.476,0.349,0.0,0.0,-1.45,-5.55,-1.1,-0.54,0.0,0.0,0.0,0.0,0.0,0.0,0.0,1.0,1.0,-0.0,-0.0,0.0,-0.0,0.0,0.0,0.0,0.0,0.0,0.0,0.0,0.0,170.0,170.0,170.0,170.0,13.0,10.0,21.0,5.0,15.0,0.0,1.0
113.201,52,176795.0,600.0,127.0,525.0,423.0,0.0,1.0,0.0,0.0,0.5,0.043,0.448,0.333,0.506,0.057,0.456,0.348,0.0,0.0,-1.45,-5.55,-1.1,-0.54,0.0,0.0,0.0,0.0,0.0,0.0,0.0,1.0,1.0,-0.0,-0.0,0.0,-0.0,0.0,0.0,0.0,0.0,0.0,0.0,0.0,0.0,170.0,170.0,170.0,170.0,13.0,10.0,21.0,5.0,15.0,0.0,0.0
113.265,53,176848.0,600.0,127.0,525.0,423.0,0.0,1.0,0.0,0.0,0.5,0.043,0.448,0.333,0.506,0.057,0.456,0.348,0.0,0.0,-1.45,-5.55,-1.1,-0.54,0.0,0.0,0.0,0.0,0.0,0.0,0.0,1.0,1.0,-0.0,-0.0,0.0,-0.0,0.0,0.0,0.0,0.0,0.0,0.0,0.0,0.0,170.0,170.0,170.0,170.0,13.0,10.0,21.0,5.0,15.0,0.0,0.0
113.296,51,176899.0,600.0,126.0,525.0,423.0,0.0,1.0,0.0,0.0,0.5,0.043,0.448,0.333,0.506,0.057,0.456,0.348,0.0,0.0,-1.44,-5.54,-1.1,-0.54,0.0,0.0,0.0,0.0,0.0,0.0,0.0,1.0,1.0,-0.0,-0.0,0.0,-0.0,0.0,0.0,0.0,0.0,0.0,0.0,0.0,0.0,170.0,170.0,170.0,170.0,13.0,10.0,21.0,5.0,15.0,0.0,1.0
113.362,55,176954.0,600.0,126.0,525.0,423.0,0.0,1.0,0.0,0.0,0.5,0.043,0.448,0.333,0.506,0.057,0.456,0.348,0.0,0.0,-1.44,-5.54,-1.1,-0.54,0.0,0.0,0.0,0.0,0.0,0.0,0.0,1.0,1.0,-0.0,-0.0,0.0,-0.0,0.0,0.0,0.0,0.0,0.0,0.0,0.0,0.0,170.0,170.0,170.0,170.0,13.0,10.0,21.0,5.0,15.0,0.0,0.0
113.395,53,177007.0,600.0,126.0,525.0,427.0,0.0,1.0,0.0,0.0,0.5,0.043,0.44,0.335,0.506,0.057,0.447,0.348,0.0,0.0,-1.44,-5.54,-1.1,-0.54,0.0,0.0,0.0,0.0,0.0,0.0,0.0,1.0,1.0,-0.0,0.0,0.0,-0.0,0.0,0.0,0.0,0.0,0.0,0.0,0.0,0.0,170.0,170.0,170.0,170.0,13.0,10.0,21.0,5.0,15.0,0.0,0.0
113.458,54,177061.0,600.0,126.0,525.0,427.0,0.0,1.0,0.0,0.0,0.5,0.043,0.44,0.335,0.506,0.057,0.447,0.348,0.0,0.0,-1.44,-5.54,-1.1,-0.54,0.0,0.0,0.0,0.0,0.0,0.0,0.0,1.0,1.0,-0.0,0.0,0.0,-0.0,0.0,0.0,0.0,0.0,0.0,0.0,0.0,0.0,170.0,170.0,170.0,170.0,13.0,10.0,21.0,5.0,15.0,0.0,0.0
113.522,52,177113.0,600.0,126.0,525.0,427.0,0.0,1.0,0.0,0.0,0.5,0.043,0.44,0.335,0.506,0.057,0.447,0.348,0.0,0.0,-1.44,-5.54,-1.1,-0.54,0.0,0.0,0.0,0.0,0.0,0.0,0.0,1.0,1.0,-0.0,-0.0,0.0,-0.0,0.0,0.0,0.0,0.0,0.0,0.0,0.0,0.0,170.0,170.0,170.0,170.0,13.0,10.0,21.0,5.0,15.0,0.0,0.0
113.555,53,177166.0,600.0,126.0,451.0,427.0,0.0,1.0,0.0,0.0,0.5,0.043,0.44,0.335,0.506,0.057,0.447,0.348,0.0,0.0,-1.44,-5.54,-1.1,-0.54,0.0,0.0,0.0,0.0,0.0,0.0,0.0,1.0,1.0,-0.0,-0.0,0.0,-0.0,0.0,0.0,0.0,0.0,0.0,0.0,0.0,0.0,170.0,170.0,170.0,170.0,13.0,10.0,21.0,5.0,15.0,0.0,0.0
113.622,53,177219.0,600.0,126.0,451.0,427.0,0.0,1.0,0.0,0.0,0.5,0.042,0.397,0.336,0.506,0.056,0.41,0.349,0.0,0.0,-1.44,-5.54,-1.1,-0.54,0.0,0.0,0.0,0.0,0.0,0.0,0.0,1.0,1.0,-0.0,-0.0,0.0,-0.0,0.0,0.0,0.0,0.0,0.0,0.0,0.0,0.0,170.0,170.0,170.0,170.0,13.0,10.0,21.0,5.0,15.0,0.0,0.0
113.688,53,177272.0,600.0,126.0,451.0,427.0,0.0,1.0,0.0,0.0,0.5,0.042,0.397,0.336,0.506,0.056,0.41,0.349,0.0,0.0,-1.44,-5.54,-1.1,-0.54,0.0,0.0,0.0,0.0,0.0,0.0,0.0,1.0,1.0,-0.0,-0.0,0.0,-0.0,0.0,0.0,0.0,0.0,0.0,0.0,0.0,0.0,170.0,170.0,170.0,170.0,13.0,10.0,21.0,5.0,15.0,0.0,0.0
113.72,51,177323.0,600.0,127.0,451.0,427.0,0.0,1.0,0.0,0.0,0.5,0.042,0.397,0.336,0.506,0.056,0.41,0.349,0.0,0.0,-1.43,-5.54,-1.1,-0.54,0.0,0.0,0.0,0.0,0.0,0.0,0.0,1.0,1.0,-0.0,-0.0,0.0,-0.0,0.0,0.0,0.0,0.0,0.0,0.0,0.0,0.0,170.0,170.0,170.0,170.0,13.0,10.0,21.0,5.0,15.0,0.0,0.0
113.792,55,177378.0,600.0,127.0,451.0,427.0,0.0,1.0,0.0,0.0,0.5,0.042,0.397,0.336,0.506,0.056,0.41,0.349,0.0,0.0,-1.43,-5.54,-1.1,-0.54,0.0,0.0,0.0,0.0,0.0,0.0,0.0,1.0,1.0,-0.0,-0.0,0.0,-0.0,0.0,0.0,0.0,0.0,0.0,0.0,0.0,0.0,170.0,170.0,170.0,170.0,13.0,10.0,21.0,5.0,15.0,0.0,0.0
113.824,53,177431.0,600.0,127.0,451.0,429.0,0.0,1.0,0.0,0.0,0.5,0.043,0.378,0.337,0.506,0.055,0.387,0.349,0.0,0.0,-1.43,-5.54,-1.1,-0.54,0.0,0.0,0.0,0.0,0.0,0.0,0.0,1.0,1.0,-0.0,-0.0,0.0,-0.0,0.0,0.0,0.0,0.0,0.0,0.0,0.0,0.0,170.0,170.0,170.0,170.0,13.0,10.0,21.0,5.0,15.0,0.0,0.0
113.89,53,177484.0,600.0,127.0,451.0,429.0,0.0,1.0,0.0,0.0,0.5,0.043,0.378,0.337,0.506,0.055,0.387,0.349,0.0,0.0,-1.43,-5.54,-1.1,-0.54,0.0,0.0,0.0,0.0,0.0,0.0,0.0,1.0,1.0,-0.0,-0.0,0.0,-0.0,0.0,0.0,0.0,0.0,0.0,0.0,0.0,0.0,170.0,170.0,170.0,170.0,13.0,10.0,21.0,5.0,15.0,0.0,0.0
113.923,53,177537.0,600.0,127.0,451.0,429.0,0.0,1.0,0.0,0.0,0.5,0.043,0.378,0.337,0.506,0.055,0.387,0.349,0.0,0.0,-1.43,-5.54,-1.1,-0.54,0.0,0.0,0.0,0.0,0.0,0.0,0.0,1.0,1.0,-0.0,0.0,0.0,-0.0,0.0,0.0,0.0,0.0,0.0,0.0,0.0,0.0,170.0,170.0,170.0,170.0,13.0,10.0,21.0,5.0,15.0,0.0,0.0
113.991,53,177590.0,600.0,127.0,526.0,429.0,0.0,1.0,0.0,0.0,0.5,0.043,0.378,0.337,0.506,0.055,0.387,0.349,0.0,0.0,-1.43,-5.54,-1.1,-0.54,0.0,0.0,0.0,0.0,0.0,0.0,0.0,1.0,1.0,-0.0,-0.0,0.0,-0.0,0.0,0.0,0.0,0.0,0.0,0.0,0.0,0.0,170.0,170.0,170.0,170.0,13.0,10.0,21.0,5.0,15.0,0.0,1.0
114.057,53,177643.0,600.0,127.0,526.0,429.0,0.0,1.0,0.0,0.0,0.5,0.043,0.408,0.337,0.506,0.056,0.409,0.351,0.0,0.0,-1.43,-5.55,-1.1,-0.54,0.0,0.0,0.0,0.0,0.0,0.0,0.0,1.0,1.0,-0.0,-0.0,0.0,-0.0,0.0,0.0,0.0,0.0,0.0,0.0,0.0,0.0,170.0,170.0,170.0,170.0,13.0,10.0,21.0,5.0,15.0,0.0,0.0
114.089,53,177696.0,600.0,127.0,526.0,429.0,0.0,1.0,0.0,0.0,0.5,0.043,0.408,0.337,0.506,0.056,0.409,0.351,0.0,0.0,-1.43,-5.55,-1.1,-0.54,0.0,0.0,0.0,0.0,0.0,0.0,0.0,1.0,1.0,-0.0,-0.0,0.0,-0.0,0.0,0.0,0.0,0.0,0.0,0.0,0.0,0.0,170.0,170.0,170.0,170.0,13.0,10.0,21.0,5.0,15.0,0.0,0.0
114.154,53,177749.0,600.0,127.0,526.0,429.0,0.0,1.0,0.0,0.0,0.5,0.043,0.408,0.337,0.506,0.056,0.409,0.351,0.0,0.0,-1.43,-5.55,-1.1,-0.54,0.0,0.0,0.0,0.0,0.0,0.0,0.0,1.0,1.0,-0.0,-0.0,0.0,-0.0,0.0,0.0,0.0,0.0,0.0,0.0,0.0,0.0,170.0,170.0,170.0,170.0,13.0,10.0,21.0,5.0,15.0,0.0,0.0
114.227,54,177803.0,600.0,127.0,526.0,429.0,0.0,1.0,0.0,0.0,0.5,0.043,0.408,0.337,0.506,0.056,0.409,0.351,0.0,0.0,-1.43,-5.55,-1.1,-0.54,0.0,0.0,0.0,0.0,0.0,0.0,0.0,1.0,1.0,-0.0,-0.0,0.0,-0.0,0.0,0.0,0.0,0.0,0.0,0.0,0.0,0.0,170.0,170.0,170.0,170.0,13.0,10.0,21.0,5.0,15.0,0.0,0.0
114.26,53,177856.0,600.0,127.0,526.0,428.0,0.0,1.0,0.0,0.0,0.5,0.043,0.422,0.337,0.506,0.056,0.425,0.351,0.0,0.0,-1.43,-5.55,-1.1,-0.54,0.0,0.0,0.0,0.0,0.0,0.0,0.0,1.0,1.0,-0.0,-0.0,0.0,-0.0,0.0,0.0,0.0,0.0,0.0,0.0,0.0,0.0,170.0,170.0,170.0,170.0,13.0,10.0,21.0,5.0,15.0,0.0,1.0
114.325,53,177909.0,600.0,127.0,526.0,428.0,0.0,1.0,0.0,0.0,0.5,0.043,0.422,0.337,0.506,0.056,0.425,0.351,0.0,0.0,-1.43,-5.55,-1.1,-0.54,0.0,0.0,0.0,0.0,0.0,0.0,0.0,1.0,1.0,-0.0,-0.0,0.0,-0.0,0.0,0.0,0.0,0.0,0.0,0.0,0.0,0.0,170.0,170.0,170.0,170.0,13.0,10.0,21.0,5.0,15.0,0.0,0.0
114.358,53,177962.0,600.0,126.0,526.0,428.0,0.0,1.0,0.0,0.0,0.5,0.043,0.422,0.337,0.506,0.056,0.425,0.351,0.0,0.0,-1.44,-5.55,-1.1,-0.54,0.0,0.0,0.0,0.0,0.0,0.0,0.0,1.0,1.0,-0.0,-0.0,0.0,-0.0,0.0,0.0,0.0,0.0,0.0,0.0,0.0,0.0,170.0,170.0,170.0,170.0,13.0,10.0,21.0,5.0,15.0,0.0,0.0
114.426,52,178014.0,600.0,126.0,526.0,428.0,0.0,1.0,0.0,0.0,0.5,0.043,0.422,0.337,0.506,0.056,0.425,0.351,0.0,0.0,-1.44,-5.55,-1.1,-0.54,0.0,0.0,0.0,0.0,0.0,0.0,0.0,1.0,1.0,-0.0,-0.0,0.0,-0.0,0.0,0.0,0.0,0.0,0.0,0.0,0.0,0.0,170.0,170.0,170.0,170.0,13.0,10.0,21.0,5.0,15.0,0.0,0.0
114.457,53,178067.0,600.0,126.0,526.0,427.0,0.0,1.0,0.0,0.0,0.5,0.043,0.429,0.337,0.506,0.056,0.433,0.351,0.0,0.0,-1.44,-5.55,-1.1,-0.54,0.0,0.0,0.0,0.0,0.0,0.0,0.0,1.0,1.0,-0.0,-0.0,0.0,-0.0,0.0,0.0,0.0,0.0,0.0,0.0,0.0,0.0,170.0,170.0,170.0,170.0,13.0,10.0,21.0,5.0,15.0,0.0,0.0
114.522,53,178120.0,600.0,126.0,526.0,427.0,0.0,1.0,0.0,0.0,0.5,0.043,0.429,0.337,0.506,0.056,0.433,0.351,0.0,0.0,-1.45,-5.54,-1.1,-0.54,0.0,0.0,0.0,0.0,0.0,0.0,0.0,1.0,1.0,-0.0,-0.0,0.0,-0.0,0.0,0.0,0.0,0.0,0.0,0.0,0.0,0.0,170.0,170.0,170.0,170.0,13.0,10.0,21.0,5.0,15.0,0.0,0.0
114.589,53,178173.0,600.0,126.0,526.0,427.0,0.0,1.0,0.0,0.0,0.5,0.043,0.429,0.337,0.506,0.056,0.433,0.351,0.0,0.0,-1.45,-5.54,-1.1,-0.54,0.0,0.0,0.0,0.0,0.0,0.0,0.0,1.0,1.0,0.0,-0.0,0.0,-0.0,0.0,0.0,0.0,0.0,0.0,0.0,0.0,0.0,170.0,170.0,170.0,170.0,13.0,10.0,21.0,5.0,15.0,0.0,0.0
114.622,54,178227.0,600.0,126.0,600.0,427.0,0.0,1.0,0.0,0.0,0.5,0.043,0.429,0.337,0.506,0.056,0.433,0.351,0.0,0.0,-1.45,-5.54,-1.1,-0.54,0.0,0.0,0.0,0.0,0.0,0.0,0.0,1.0,1.0,0.0,-0.0,0.0,-0.0,0.0,0.0,0.0,0.0,0.0,0.0,0.0,0.0,170.0,170.0,170.0,170.0,13.0,10.0,21.0,5.0,15.0,0.0,0.0
114.687,53,178280.0,600.0,126.0,600.0,423.0,0.0,1.0,0.0,0.0,0.5,0.042,0.467,0.335,0.506,0.057,0.466,0.349,0.0,0.0,-1.45,-5.54,-1.1,-0.54,0.0,0.0,0.0,0.0,0.0,0.0,0.0,1.0,1.0,0.0,-0.0,0.0,-0.0,0.0,0.0,0.0,0.0,0.0,0.0,0.0,0.0,170.0,170.0,170.0,170.0,13.0,10.0,21.0,5.0,15.0,0.0,0.0
114.72,53,178333.0,600.0,126.0,600.0,423.0,0.0,1.0,0.0,0.0,0.5,0.042,0.467,0.335,0.506,0.057,0.466,0.349,0.0,0.0,-1.45,-5.54,-1.1,-0.54,0.0,0.0,0.0,0.0,0.0,0.0,0.0,1.0,1.0,0.0,-0.0,0.0,-0.0,0.0,0.0,0.0,0.0,0.0,0.0,0.0,0.0,170.0,170.0,170.0,170.0,13.0,10.0,21.0,5.0,15.0,0.0,0.0
114.787,53,178386.0,600.0,126.0,600.0,423.0,0.0,1.0,0.0,0.0,0.5,0.042,0.467,0.335,0.506,0.057,0.466,0.349,0.0,0.0,-1.45,-5.54,-1.1,-0.54,0.0,0.0,0.0,0.0,0.0,0.0,0.0,1.0,1.0,0.0,-0.0,-0.0,-0.0,0.0,0.0,0.0,0.0,0.0,0.0,0.0,0.0,170.0,170.0,170.0,170.0,13.0,10.0,21.0,5.0,15.0,0.0,0.0
114.852,52,178438.0,600.0,126.0,600.0,423.0,0.0,1.0,0.0,0.0,0.5,0.042,0.467,0.335,0.506,0.057,0.466,0.349,0.0,0.0,-1.45,-5.54,-1.1,-0.54,0.0,0.0,0.0,0.0,0.0,0.0,0.0,1.0,1.0,0.0,-0.0,-0.0,-0.0,0.0,0.0,0.0,0.0,0.0,0.0,0.0,0.0,170.0,170.0,170.0,170.0,13.0,10.0,21.0,5.0,15.0,0.0,0.0
114.884,53,178491.0,600.0,126.0,600.0,424.0,0.0,1.0,0.0,0.0,0.5,0.042,0.485,0.334,0.506,0.057,0.487,0.348,0.0,0.0,-1.45,-5.54,-1.1,-0.54,0.0,0.0,0.0,0.0,0.0,0.0,0.0,1.0,1.0,0.0,-0.0,-0.0,-0.0,0.0,0.0,0.0,0.0,0.0,0.0,0.0,0.0,170.0,170.0,170.0,170.0,13.0,10.0,21.0,5.0,15.0,0.0,0.0
114.949,53,178544.0,600.0,126.0,600.0,424.0,0.0,1.0,0.0,0.0,0.5,0.042,0.485,0.334,0.506,0.057,0.487,0.348,0.0,0.0,-1.45,-5.54,-1.1,-0.54,0.0,0.0,0.0,0.0,0.0,0.0,0.0,1.0,1.0,0.0,-0.0,-0.0,-0.0,0.0,0.0,0.0,0.0,0.0,0.0,0.0,0.0,170.0,170.0,170.0,170.0,13.0,10.0,21.0,5.0,15.0,0.0,0.0
114.987,53,178597.0,600.0,124.0,600.0,424.0,0.0,1.0,0.0,0.0,0.5,0.042,0.485,0.334,0.506,0.057,0.487,0.348,0.0,0.0,-1.45,-5.54,-1.1,-0.54,0.0,0.0,0.0,0.0,0.0,0.0,0.0,1.0,1.0,0.0,-0.0,-0.0,-0.0,0.0,0.0,0.0,0.0,0.0,0.0,0.0,0.0,170.0,170.0,170.0,170.0,13.0,10.0,21.0,5.0,15.0,0.0,0.0
115.05,54,178651.0,600.0,124.0,600.0,424.0,0.0,1.0,0.0,0.0,0.5,0.042,0.485,0.334,0.506,0.057,0.487,0.348,0.0,0.0,-1.45,-5.54,-1.1,-0.54,0.0,0.0,0.0,0.0,0.0,0.0,0.0,1.0,1.0,0.0,-0.0,-0.0,-0.0,0.0,0.0,0.0,0.0,0.0,0.0,0.0,0.0,170.0,170.0,170.0,170.0,13.0,10.0,21.0,5.0,15.0,0.0,1.0
115.114,53,178704.0,600.0,124.0,600.0,425.0,0.0,1.0,0.0,0.0,0.5,0.042,0.493,0.334,0.506,0.056,0.497,0.348,0.0,0.0,-1.45,-5.54,-1.1,-0.54,0.0,0.0,0.0,0.0,0.0,0.0,0.0,1.0,1.0,0.0,-0.0,-0.0,-0.0,0.0,0.0,0.0,0.0,0.0,0.0,0.0,0.0,170.0,170.0,170.0,170.0,13.0,10.0,21.0,5.0,15.0,0.0,1.0
115.145,53,178757.0,600.0,124.0,600.0,425.0,0.0,1.0,0.0,0.0,0.5,0.042,0.493,0.334,0.506,0.056,0.497,0.348,0.0,0.0,-1.45,-5.54,-1.1,-0.54,0.0,0.0,0.0,0.0,0.0,0.0,0.0,1.0,1.0,0.0,-0.0,-0.0,-0.0,0.0,0.0,0.0,0.0,0.0,0.0,0.0,0.0,170.0,170.0,170.0,170.0,13.0,10.0,21.0,5.0,15.0,0.0,1.0
115.209,53,178810.0,600.0,126.0,600.0,425.0,0.0,1.0,0.0,0.0,0.5,0.042,0.493,0.334,0.506,0.056,0.497,0.348,0.0,0.0,-1.44,-5.54,-1.1,-0.54,0.0,0.0,0.0,0.0,0.0,0.0,0.0,1.0,1.0,0.0,-0.0,-0.0,-0.0,0.0,0.0,0.0,0.0,0.0,0.0,0.0,0.0,170.0,170.0,170.0,170.0,13.0,10.0,21.0,5.0,15.0,0.0,1.0
115.272,52,178862.0,600.0,126.0,600.0,425.0,0.0,1.0,0.0,0.0,0.5,0.042,0.493,0.334,0.506,0.056,0.497,0.348,0.0,0.0,-1.44,-5.54,-1.1,-0.54,0.0,0.0,0.0,0.0,0.0,0.0,0.0,1.0,1.0,0.0,-0.0,-0.0,-0.0,0.0,0.0,0.0,0.0,0.0,0.0,0.0,0.0,170.0,170.0,170.0,170.0,13.0,10.0,21.0,5.0,15.0,0.0,0.0
115.304,52,178914.0,600.0,126.0,600.0,427.0,0.0,1.0,0.0,0.0,0.5,0.042,0.497,0.335,0.506,0.056,0.502,0.35,0.0,0.0,-1.44,-5.54,-1.1,-0.54,0.0,0.0,0.0,0.0,0.0,0.0,0.0,1.0,1.0,0.0,-0.0,-0.0,-0.0,0.0,0.0,0.0,0.0,0.0,0.0,0.0,0.0,170.0,170.0,170.0,170.0,13.0,10.0,21.0,5.0,15.0,0.0,0.0
115.37,53,178967.0,600.0,126.0,600.0,427.0,0.0,1.0,0.0,0.0,0.5,0.042,0.497,0.335,0.506,0.056,0.502,0.35,0.0,0.0,-1.44,-5.54,-1.1,-0.54,0.0,0.0,0.0,0.0,0.0,0.0,0.0,1.0,1.0,0.0,-0.0,-0.0,-0.0,0.0,0.0,0.0,0.0,0.0,0.0,0.0,0.0,170.0,170.0,170.0,170.0,13.0,10.0,21.0,5.0,15.0,0.0,0.0
115.435,52,179019.0,600.0,126.0,600.0,427.0,0.0,1.0,0.0,0.0,0.5,0.042,0.497,0.335,0.506,0.056,0.502,0.35,0.0,0.0,-1.44,-5.54,-1.1,-0.54,0.0,0.0,0.0,0.0,0.0,0.0,0.0,1.0,1.0,0.0,-0.0,-0.0,-0.0,0.0,0.0,0.0,0.0,0.0,0.0,0.0,0.0,170.0,170.0,170.0,170.0,13.0,10.0,21.0,5.0,15.0,0.0,0.0
115.467,55,179074.0,600.0,126.0,600.0,427.0,0.0,1.0,0.0,0.0,0.5,0.042,0.497,0.335,0.506,0.056,0.502,0.35,0.0,0.0,-1.44,-5.54,-1.1,-0.54,0.0,0.0,0.0,0.0,0.0,0.0,0.0,1.0,1.0,0.0,-0.0,-0.0,-0.0,0.0,0.0,0.0,0.0,0.0,0.0,0.0,0.0,170.0,170.0,170.0,170.0,13.0,10.0,21.0,5.0,15.0,0.0,0.0
115.532,52,179126.0,600.0,126.0,600.0,426.0,0.0,1.0,0.0,0.0,0.5,0.042,0.498,0.335,0.506,0.057,0.504,0.35,0.0,0.0,-1.44,-5.54,-1.1,-0.54,0.0,0.0,0.0,0.0,0.0,0.0,0.0,1.0,1.0,0.0,-0.0,-0.0,-0.0,0.0,0.0,0.0,0.0,0.0,0.0,0.0,0.0,170.0,170.0,170.0,170.0,13.0,10.0,21.0,5.0,15.0,0.0,0.0
115.598,55,179181.0,600.0,126.0,600.0,426.0,0.0,1.0,0.0,0.0,0.5,0.042,0.498,0.335,0.506,0.057,0.504,0.35,0.0,0.0,-1.44,-5.54,-1.1,-0.54,0.0,0.0,0.0,6.0,0.0,0.0,0.0,1.0,1.0,0.0,0.0,-0.0,-0.0,2.5,5.1,2.5,5.1,17.0,19.0,19.0,25.0,170.0,170.0,170.0,170.0,13.0,10.0,21.0,5.0,15.0,0.0,0.0
115.63,52,179233.0,600.0,126.0,600.0,426.0,0.0,1.0,0.0,0.0,0.5,0.042,0.498,0.335,0.506,0.057,0.504,0.35,0.0,0.0,-1.44,-5.54,-1.1,-0.54,1.3,0.0,0.0,6.0,0.0,0.0,0.0,1.0,1.0,0.0,0.0,0.0,0.0,5.7,9.8,5.7,9.8,24.0,26.0,28.0,37.0,170.0,170.0,170.0,170.0,13.0,10.0,21.0,5.0,15.0,0.0,0.0
115.693,54,179287.0,600.0,126.0,600.0,426.0,0.0,1.0,0.0,0.0,0.5,0.042,0.498,0.335,0.506,0.057,0.504,0.35,0.0,0.0,-1.44,-5.54,-1.1,-0.54,2.02,0.0,0.0,6.0,0.0,0.0,0.0,1.0,1.0,0.0,0.0,0.0,0.0,9.5,13.5,9.5,13.5,32.0,31.0,39.0,47.0,170.0,170.0,170.0,170.0,13.0,10.0,21.0,5.0,15.0,0.0,0.0
115.758,53,179340.0,600.0,126.0,600.0,428.0,0.0,1.0,0.0,0.0,0.5,0.042,0.499,0.336,0.506,0.057,0.505,0.351,0.0,0.0,-1.45,-5.54,-1.1,-0.54,2.02,0.0,0.0,6.0,0.0,0.0,0.0,1.0,1.0,0.0,0.0,0.1,0.1,13.3,17.4,13.3,17.4,41.0,37.0,50.0,57.0,170.0,170.0,170.0,170.0,13.0,10.0,21.0,5.0,15.0,0.0,0.0
115.792,53,179393.0,600.0,126.0,600.0,428.0,0.0,1.0,0.0,0.0,0.5,0.042,0.499,0.336,0.506,0.057,0.505,0.351,0.0,0.0,-1.45,-5.54,-1.1,-0.54,2.02,0.0,0.0,6.0,0.0,0.0,0.0,1.0,1.0,0.0,-0.0,0.1,0.2,17.1,21.1,17.1,21.1,49.0,42.0,61.0,67.0,170.0,170.0,170.0,170.0,13.0,10.0,21.0,5.0,15.0,0.0,0.0
115.857,53,179446.0,600.0,126.0,600.0,428.0,0.0,1.0,0.0,0.0,0.5,0.042,0.499,0.336,0.506,0.057,0.505,0.351,0.0,0.0,-1.45,-5.54,-1.1,-0.54,2.02,0.0,0.0,6.0,0.0,0.0,0.0,1.0,1.0,0.0,-0.0,0.1,0.2,21.1,24.9,21.1,24.9,57.0,48.0,73.0,76.0,170.0,170.0,170.0,170.0,13.0,10.0,21.0,5.0,15.0,0.0,1.0
115.89,55,179501.0,600.0,126.0,600.0,428.0,0.0,1.0,0.0,0.0,0.5,0.042,0.499,0.336,0.506,0.057,0.505,0.351,0.0,0.0,-1.45,-5.52,-1.05,-0.54,1.89,0.0,0.0,6.0,0.0,0.0,0.0,1.0,1.0,0.0,-0.1,0.8,0.7,25.2,28.7,25.2,28.7,66.0,53.0,84.0,86.0,170.0,170.0,170.0,170.0,13.0,10.0,21.0,5.0,15.0,0.0,0.0
115.954,53,179554.0,600.0,126.0,600.0,427.0,0.0,1.0,0.0,0.0,0.5,0.042,0.5,0.336,0.506,0.057,0.505,0.351,0.0,0.0,-1.45,-5.53,-1.05,-0.54,1.71,0.0,0.0,6.0,0.0,0.0,0.0,1.0,1.0,0.0,-0.1,2.3,1.7,26.8,27.5,26.8,27.5,69.0,51.0,89.0,83.0,170.0,170.0,170.0,170.0,13.0,10.0,21.0,5.0,15.0,0.0,0.0
116.023,53,179607.0,600.0,126.0,600.0,427.0,0.0,1.0,0.0,0.0,0.5,0.042,0.5,0.336,0.506,0.057,0.505,0.351,0.0,0.0,-1.52,-5.55,-0.97,-0.54,0.34,0.0,0.0,6.0,0.0,0.0,0.0,1.0,1.0,0.0,-0.1,2.3,1.7,26.8,27.5,26.8,27.5,69.0,51.0,89.0,79.0,170.0,170.0,170.0,170.0,13.0,10.0,13.0,9.0,15.0,0.0,0.0
116.056,52,179659.0,600.0,126.0,600.0,427.0,0.0,1.0,0.0,0.0,0.5,0.042,0.5,0.336,0.506,0.057,0.505,0.351,0.0,0.0,-1.43,-5.48,-0.15,-0.54,-0.99,0.0,0.0,6.0,0.0,0.0,0.0,1.0,1.0,2.5,3.3,2.9,3.6,28.4,25.8,28.4,25.8,73.0,49.0,94.0,79.0,170.0,170.0,170.0,170.0,13.0,10.0,13.0,9.0,15.0,0.0,0.0
116.122,54,179713.0,600.0,126.0,600.0,427.0,0.0,1.0,0.0,0.0,0.5,0.042,0.5,0.336,0.506,0.057,0.505,0.351,0.0,0.0,-1.42,-5.44,-0.24,-0.54,-1.28,0.0,0.0,6.0,0.0,0.0,0.0,1.0,1.0,4.6,6.0,2.7,3.8,27.1,27.1,27.1,27.1,70.0,51.0,90.0,82.0,170.0,170.0,170.0,170.0,13.0,10.0,13.0,9.0,15.0,0.0,0.0
116.153,53,179766.0,600.0,126.0,600.0,428.0,0.0,1.0,0.0,0.0,0.5,0.042,0.5,0.337,0.506,0.057,0.505,0.351,0.0,0.0,-1.42,-5.41,-0.44,-0.54,0.02,0.0,0.0,6.0,0.0,0.0,0.0,1.0,1.0,4.6,6.0,2.7,3.8,27.1,27.1,27.1,27.1,67.0,53.0,86.0,86.0,170.0,170.0,170.0,170.0,13.0,10.0,13.0,9.0,15.0,0.0,1.0
116.226,54,179820.0,600.0,126.0,600.0,428.0,0.0,1.0,0.0,0.0,0.5,0.042,0.5,0.337,0.506,0.057,0.505,0.351,0.0,0.0,-1.18,-5.59,-1.72,-0.54,1.39,0.0,0.0,6.0,0.0,0.0,0.0,1.0,1.0,8.8,11.3,4.2,5.0,24.4,29.8,24.4,29.8,64.0,55.0,82.0,89.0,170.0,170.0,170.0,170.0,13.0,10.0,13.0,9.0,15.0,0.0,0.0
116.291,52,179872.0,600.0,123.0,600.0,428.0,0.0,1.0,0.0,0.0,0.5,0.042,0.5,0.337,0.506,0.057,0.505,0.351,0.0,0.0,-1.25,-5.55,-1.91,-0.54,2.69,0.0,0.0,6.0,0.0,0.0,0.0,1.0,1.0,10.9,13.1,4.8,7.5,23.1,31.2,23.1,31.2,61.0,65.0,78.0,92.0,170.0,170.0,170.0,170.0,13.0,10.0,13.0,9.0,15.0,0.0,1.0
116.324,55,179927.0,600.0,123.0,600.0,428.0,0.0,1.0,0.0,0.0,0.5,0.042,0.5,0.337,0.506,0.057,0.505,0.351,0.0,0.0,-1.35,-5.48,-2.14,-0.54,4.04,0.0,0.0,6.0,0.0,0.0,0.0,1.0,1.0,13.3,14.9,5.0,10.2,21.7,32.5,21.7,32.5,59.0,74.0,74.0,99.0,170.0,170.0,170.0,170.0,13.0,10.0,13.0,9.0,15.0,0.0,0.0
116.388,53,179980.0,600.0,123.0,600.0,424.0,0.0,1.0,0.0,0.0,0.5,0.041,0.5,0.335,0.506,0.056,0.505,0.35,0.0,0.0,-1.55,-5.37,-2.01,-0.54,5.37,0.0,0.0,6.0,0.0,0.0,0.0,1.0,1.0,14.9,16.2,6.9,13.8,23.1,31.1,23.1,31.1,64.0,78.0,78.0,102.0,170.0,170.0,170.0,170.0,13.0,10.0,13.0,9.0,15.0,0.0,0.0
116.421,54,180034.0,600.0,123.0,600.0,424.0,0.0,1.0,0.0,0.0,0.5,0.041,0.5,0.335,0.506,0.056,0.505,0.35,0.0,0.0,-1.49,-5.42,-1.8,-0.54,4.02,0.0,0.0,6.0,0.0,0.0,0.0,1.0,1.0,17.0,18.4,8.5,17.1,24.4,29.8,24.4,29.8,70.0,80.0,82.0,102.0,170.0,170.0,170.0,170.0,13.0,10.0,13.0,9.0,15.0,0.0,1.0
116.486,53,180087.0,600.0,123.0,600.0,424.0,0.0,1.0,0.0,0.0,0.5,0.041,0.5,0.335,0.506,0.056,0.505,0.35,0.0,0.0,-1.39,-5.59,-1.54,-0.54,2.67,0.0,0.0,6.0,0.0,0.0,0.0,1.0,1.0,17.0,18.4,8.5,17.1,24.4,29.8,24.4,29.8,70.0,80.0,86.0,99.0,170.0,170.0,170.0,170.0,33.0,10.0,13.0,9.0,15.0,0.0,1.0
116.552,55,180142.0,600.0,123.0,600.0,424.0,0.0,1.0,0.0,0.0,0.5,0.041,0.5,0.335,0.506,0.056,0.505,0.35,0.0,0.0,-1.69,-5.3,-1.23,-0.54,1.32,0.0,0.0,6.0,0.0,0.0,0.0,1.0,1.0,21.3,22.0,10.6,25.0,27.1,27.1,27.1,27.1,80.0,80.0,90.0,96.0,170.0,170.0,170.0,170.0,33.0,20.0,79.0,45.0,15.0,0.0,0.0
116.586,53,180195.0,600.0,123.0,600.0,421.0,0.0,1.0,0.0,0.0,0.5,0.041,0.5,0.332,0.505,0.055,0.505,0.348,0.0,0.0,-1.78,-5.31,-1.12,-0.54,-0.03,0.0,0.0,6.0,0.0,0.0,0.0,1.0,1.0,23.8,24.0,16.8,33.7,28.5,25.8,28.5,25.8,85.0,78.0,97.0,87.0,170.0,170.0,170.0,170.0,33.0,20.0,79.0,45.0,15.0,0.0,1.0
116.65,53,180248.0,600.0,123.0,600.0,421.0,0.0,1.0,0.0,0.0,0.5,0.041,0.5,0.332,0.505,0.055,0.505,0.348,0.0,0.0,-1.63,-5.5,-0.71,-0.54,-1.36,0.0,0.0,6.0,0.0,0.0,0.0,1.0,1.0,23.8,24.0,16.8,33.7,28.5,25.8,28.5,25.8,89.0,74.0,102.0,76.0,170.0,170.0,170.0,170.0,33.0,20.0,79.0,45.0,15.0,0.0,0.0
116.714,54,180302.0,600.0,122.0,600.0,421.0,0.0,1.0,0.0,0.0,0.5,0.041,0.5,0.332,0.505,0.055,0.505,0.348,0.0,0.0,-1.4,-5.39,-0.41,-0.54,-2.76,0.0,0.0,6.0,0.0,0.0,0.0,1.0,1.0,28.1,28.6,30.9,35.4,30.4,23.9,30.4,23.9,90.0,71.0,102.0,71.0,170.0,170.0,170.0,170.0,33.0,20.0,79.0,45.0,15.0,0.0,0.0
116.746,54,180356.0,600.0,122.0,600.0,421.0,0.0,1.0,0.0,0.0,0.5,0.041,0.5,0.332,0.505,0.055,0.505,0.348,0.0,0.0,-1.88,-5.34,-0.43,-0.54,-3.25,0.0,0.0,6.0,0.0,0.0,0.0,1.0,1.0,29.6,30.5,34.7,36.7,30.4,23.8,30.4,23.8,91.0,68.0,99.0,70.0,170.0,170.0,170.0,170.0,33.0,20.0,79.0,45.0,15.0,0.0,0.0
116.822,53,180409.0,600.0,122.0,600.0,457.0,0.0,1.0,0.0,0.0,0.5,0.04,0.5,0.351,0.506,0.055,0.506,0.363,0.0,0.0,-1.94,-5.5,-0.39,-0.54,-3.29,0.0,0.0,6.0,0.0,0.0,0.0,1.0,1.0,29.7,32.5,34.9,33.8,29.1,25.1,29.1,25.1,87.0,66.0,93.0,75.0,170.0,170.0,170.0,170.0,33.0,20.0,79.0,45.0,15.0,0.0,0.0
116.854,53,180462.0,600.0,122.0,600.0,457.0,0.0,1.0,0.0,0.0,0.5,0.04,0.5,0.351,0.506,0.055,0.506,0.363,0.0,0.0,-1.82,-5.21,-0.76,-0.54,-2.02,0.0,0.0,6.0,0.0,0.0,0.0,1.0,1.0,30.1,33.7,34.0,32.8,27.8,26.5,27.8,26.5,83.0,65.0,86.0,79.0,170.0,170.0,170.0,170.0,33.0,20.0,79.0,45.0,15.0,0.0,0.0
116.92,53,180515.0,600.0,122.0,600.0,457.0,0.0,1.0,0.0,0.0,0.5,0.04,0.5,0.351,0.506,0.055,0.506,0.363,0.0,0.0,-1.93,-5.21,-0.97,-0.54,-0.67,0.0,0.0,6.0,0.0,0.0,0.0,1.0,1.0,30.4,34.7,34.3,32.8,26.5,27.8,26.5,27.8,78.0,64.0,82.0,82.0,170.0,170.0,170.0,170.0,33.0,20.0,79.0,45.0,15.0,0.0,0.0
116.986,53,180568.0,600.0,122.0,600.0,457.0,0.0,1.0,0.0,0.0,0.5,0.04,0.5,0.351,0.506,0.055,0.506,0.363,0.0,0.0,-1.89,-5.3,-1.14,-0.54,0.66,0.0,0.0,6.0,0.0,0.0,0.0,1.0,1.0,30.4,34.7,34.3,32.8,26.5,27.8,26.5,27.8,78.0,64.0,78.0,86.0,170.0,170.0,170.0,170.0,33.0,20.0,79.0,45.0,15.0,0.0,1.0
117.018,54,180622.0,600.0,122.0,600.0,490.0,0.0,1.0,0.0,0.0,0.5,0.04,0.5,0.377,0.506,0.055,0.506,0.388,0.0,0.0,-1.86,-5.29,-1.16,-0.54,2.01,0.0,0.0,6.0,0.0,0.0,0.0,1.0,1.0,30.0,34.7,33.0,31.6,23.9,30.4,23.9,30.4,67.0,64.0,74.0,90.0,170.0,170.0,170.0,170.0,29.0,22.0,36.0,3.0,15.0,0.0,0.0
117.082,54,180676.0,600.0,122.0,600.0,490.0,0.0,1.0,0.0,0.0,0.5,0.04,0.5,0.377,0.506,0.055,0.506,0.388,0.0,0.0,-1.98,-5.25,-1.18,-0.54,3.23,0.0,0.0,6.0,0.0,0.0,0.0,1.0,1.0,28.8,33.8,32.1,30.9,24.9,29.4,24.9,29.4,68.0,61.0,77.0,87.0,170.0,170.0,170.0,170.0,29.0,22.0,36.0,3.0,15.0,0.0,0.0
117.147,53,180729.0,600.0,124.0,600.0,490.0,0.0,1.0,0.0,0.0,0.5,0.04,0.5,0.377,0.506,0.055,0.506,0.388,0.0,0.0,-2.08,-5.24,-1.07,-0.54,2.25,0.0,0.0,6.0,0.0,0.0,0.0,1.0,1.0,28.8,33.8,32.1,30.9,26.2,28.1,26.2,28.1,70.0,56.0,82.0,81.0,170.0,170.0,170.0,170.0,29.0,22.0,36.0,3.0,15.0,0.0,0.0
117.185,54,180783.0,600.0,124.0,502.0,490.0,0.0,1.0,0.0,0.0,0.5,0.04,0.5,0.377,0.506,0.055,0.506,0.388,0.0,0.0,-2.02,-5.42,-0.46,-0.54,0.95,0.0,0.0,6.0,0.0,0.0,0.0,1.0,1.0,29.5,33.7,29.0,32.3,26.4,27.9,26.4,27.9,69.0,53.0,83.0,80.0,170.0,170.0,170.0,170.0,29.0,22.0,36.0,3.0,15.0,0.0,1.0
117.218,36,180819.0,600.0,124.0,502.0,524.0,0.0,1.0,0.0,0.0,0.5,0.04,0.453,0.407,0.506,0.054,0.467,0.416,0.0,0.0,-2.04,-5.3,-0.55,-0.54,0.74,0.0,0.0,6.0,0.0,0.0,0.0,1.0,1.0,30.6,33.3,27.4,31.7,27.3,27.0,27.3,27.0,71.0,50.0,86.0,78.0,170.0,170.0,170.0,170.0,29.0,22.0,36.0,3.0,15.0,0.0,1.0
117.316,98,180917.0,600.0,126.0,502.0,524.0,0.0,1.0,0.0,0.0,0.5,0.04,0.453,0.407,0.506,0.054,0.467,0.416,0.0,0.0,-2.18,-5.28,-0.53,-0.54,-0.21,0.0,0.0,6.0,0.0,0.0,0.0,1.0,1.0,36.0,34.0,25.6,31.5,28.9,25.4,28.9,25.4,73.0,45.0,94.0,73.0,170.0,170.0,170.0,170.0,29.0,22.0,36.0,3.0,15.0,0.0,1.0
117.391,54,180971.0,600.0,126.0,402.0,524.0,0.0,1.0,0.0,0.0,0.5,0.04,0.453,0.407,0.506,0.054,0.467,0.416,0.0,0.0,-2.04,-5.42,-0.33,-0.54,-1.76,0.0,0.0,6.0,0.0,0.0,0.0,1.0,1.0,38.5,34.8,25.5,30.9,27.5,26.7,27.5,26.7,64.0,48.0,91.0,78.0,170.0,170.0,170.0,170.0,29.0,22.0,36.0,3.0,15.0,0.0,0.0
117.423,36,181007.0,600.0,126.0,402.0,561.0,0.0,1.0,0.0,0.0,0.5,0.042,0.376,0.439,0.507,0.054,0.396,0.447,0.0,0.0,-2.08,-5.34,-0.4,-0.54,-0.39,0.0,0.0,6.0,0.0,0.0,0.0,1.0,1.0,38.3,35.1,24.0,31.3,26.7,27.6,26.7,27.6,62.0,49.0,89.0,80.0,170.0,170.0,170.0,170.0,29.0,22.0,36.0,3.0,15.0,0.0,1.0
117.521,101,181108.0,600.0,127.0,402.0,561.0,0.0,1.0,0.0,0.0,0.5,0.042,0.376,0.439,0.507,0.054,0.396,0.447,0.0,0.0,-2.25,-5.22,-1.02,-0.54,1.09,0.0,0.0,6.0,0.0,0.0,0.0,1.0,1.0,35.2,34.9,23.2,30.9,24.7,29.6,24.7,29.6,58.0,52.0,84.0,85.0,170.0,170.0,170.0,170.0,23.0,2.0,128.0,3.0,15.0,0.0,1.0
117.554,55,181163.0,600.0,127.0,314.0,561.0,0.0,1.0,0.0,0.0,0.5,0.042,0.376,0.439,0.507,0.054,0.396,0.447,0.0,0.0,-1.93,-5.24,-1.06,-0.54,2.46,0.0,0.0,6.0,0.0,0.0,0.0,1.0,1.0,35.7,34.5,27.8,33.5,25.1,29.1,25.1,29.1,59.0,52.0,84.0,84.0,170.0,170.0,170.0,170.0,23.0,2.0,128.0,15.0,15.0,0.0,0.0
117.589,37,181200.0,600.0,127.0,314.0,600.0,0.0,1.0,0.0,0.0,0.5,0.042,0.29,0.472,0.507,0.054,0.311,0.478,0.0,0.0,-1.99,-5.23,-1.02,-0.54,1.98,0.0,0.0,6.0,0.0,0.0,0.0,1.0,1.0,35.5,34.3,30.9,33.9,24.4,29.8,24.4,29.8,57.0,53.0,79.0,86.0,170.0,170.0,170.0,170.0,23.0,2.0,128.0,15.0,15.0,0.0,1.0
117.686,97,181297.0,600.0,127.0,314.0,600.0,0.0,1.0,0.0,0.0,0.5,0.042,0.29,0.472,0.507,0.054,0.311,0.478,0.0,0.0,-2.36,-5.17,-1.04,-0.54,2.72,0.0,0.0,6.0,0.0,0.0,0.0,1.0,1.0,32.3,32.3,35.3,33.4,26.2,28.0,26.2,28.0,62.0,50.0,84.0,81.0,170.0,170.0,170.0,170.0,23.0,2.0,128.0,15.0,15.0,0.0,1.0
117.752,54,181351.0,600.0,127.0,225.0,600.0,0.0,1.0,1.0,0.0,0.5,0.042,0.29,0.472,0.507,0.054,0.311,0.478,0.0,0.0,-2.09,-5.27,-0.81,-0.54,0.92,0.0,0.0,6.0,0.0,0.0,0.0,1.0,1.0,31.4,32.4,36.8,32.3,25.6,28.6,25.6,28.6,61.0,51.0,82.0,82.0,170.0,170.0,170.0,170.0,23.0,2.0,128.0,15.0,15.0,0.0,0.0
117.79,36,181387.0,600.0,127.0,225.0,600.0,0.0,1.0,1.0,0.0,0.5,0.043,0.2,0.487,0.508,0.053,0.223,0.495,0.0,0.0,-1.9,-5.36,-0.74,-0.54,1.48,0.0,0.0,6.0,0.0,0.0,0.0,1.0,1.0,31.0,33.1,36.6,31.7,25.8,28.4,25.8,28.4,62.0,51.0,82.0,82.0,170.0,170.0,170.0,170.0,23.0,2.0,128.0,15.0,15.0,0.0,1.0
117.888,100,181487.0,600.0,127.0,225.0,600.0,0.0,1.0,1.0,0.0,0.5,0.043,0.2,0.487,0.508,0.053,0.223,0.495,0.0,0.0,-2.26,-5.31,-0.86,-0.54,1.98,0.0,0.0,6.0,0.0,0.0,0.0,1.0,1.0,28.9,32.0,34.1,28.4,24.7,29.6,24.7,29.6,60.0,53.0,80.0,88.0,170.0,170.0,170.0,170.0,23.0,2.0,128.0,15.0,15.0,0.0,1.0
117.954,54,181541.0,600.0,127.0,132.0,600.0,0.0,1.0,1.0,0.0,0.5,0.043,0.2,0.487,0.508,0.053,0.223,0.495,0.0,0.0,-2.18,-5.33,-0.9,-0.54,2.45,0.0,0.0,6.0,0.0,0.0,0.0,1.0,1.0,27.4,30.8,31.1,26.7,25.5,28.7,25.5,28.7,62.0,51.0,83.0,86.0,170.0,170.0,170.0,170.0,23.0,2.0,128.0,15.0,15.0,0.0,0.0
117.992,36,181577.0,600.0,127.0,132.0,600.0,0.0,1.0,1.0,0.0,0.5,0.043,0.117,0.494,0.508,0.052,0.139,0.502,0.0,0.0,-2.09,-5.37,-0.84,-0.54,1.59,0.0,0.0,6.0,0.0,0.0,0.0,1.0,1.0,27.3,30.9,30.1,26.0,25.5,28.7,25.5,28.7,62.0,51.0,83.0,87.0,170.0,170.0,170.0,170.0,23.0,2.0,128.0,15.0,15.0,0.0,0.0
118.09,100,181677.0,600.0,128.0,132.0,600.0,0.0,1.0,1.0,0.0,0.5,0.043,0.117,0.494,0.508,0.052,0.139,0.502,0.0,0.0,-2.03,-5.37,-0.81,-0.54,1.58,0.0,0.0,6.0,0.0,0.0,0.0,1.0,1.0,27.4,30.6,29.2,25.7,26.9,27.3,26.9,27.3,65.0,49.0,88.0,84.0,170.0,170.0,170.0,170.0,37.0,14.0,40.0,31.0,15.0,0.0,1.0
118.123,54,181731.0,600.0,128.0,135.0,600.0,0.0,1.0,1.0,0.0,0.5,0.043,0.117,0.494,0.508,0.052,0.139,0.502,0.0,0.0,-2.29,-5.33,-0.52,-0.54,-0.86,0.0,0.0,6.0,0.0,0.0,0.0,1.0,1.0,27.0,30.6,27.1,26.6,28.0,26.2,28.0,26.2,72.0,47.0,93.0,80.0,170.0,170.0,170.0,170.0,37.0,14.0,40.0,31.0,15.0,0.0,0.0
118.156,36,181767.0,600.0,128.0,135.0,600.0,0.0,1.0,1.0,0.0,0.5,0.043,0.08,0.497,0.508,0.052,0.094,0.505,0.0,0.0,-2.28,-5.26,-0.55,-0.54,-0.92,0.0,0.0,6.0,0.0,0.0,0.0,1.0,1.0,27.8,30.8,25.6,28.2,27.2,27.0,27.2,27.0,67.0,48.0,90.0,82.0,170.0,170.0,170.0,170.0,37.0,14.0,40.0,31.0,15.0,0.0,1.0
118.286,102,181869.0,600.0,128.0,135.0,600.0,0.0,1.0,1.0,0.0,0.5,0.043,0.08,0.497,0.508,0.052,0.094,0.505,0.0,0.0,-1.97,-5.37,-0.58,-0.54,0.39,0.0,0.0,6.0,0.0,0.0,0.0,1.0,1.0,32.1,32.0,23.4,30.5,25.7,28.5,25.7,28.5,62.0,50.0,89.0,85.0,170.0,170.0,170.0,170.0,37.0,14.0,40.0,31.0,15.0,0.0,1.0
118.317,54,181923.0,600.0,128.0,133.0,600.0,0.0,1.0,1.0,0.0,0.5,0.043,0.08,0.497,0.508,0.052,0.094,0.505,0.0,0.0,-2.3,-5.29,-0.61,-0.54,1.37,0.0,0.0,6.0,0.0,0.0,0.0,1.0,1.0,32.4,31.8,22.3,31.4,24.9,29.4,24.9,29.4,60.0,52.0,87.0,88.0,170.0,170.0,170.0,170.0,37.0,14.0,40.0,31.0,15.0,0.0,0.0
118.349,36,181959.0,600.0,128.0,133.0,600.0,0.0,1.0,1.0,0.0,0.5,0.043,0.062,0.499,0.508,0.052,0.073,0.507,0.0,0.0,-2.29,-5.25,-0.69,-0.54,2.26,0.0,0.0,6.0,0.0,0.0,0.0,1.0,1.0,31.6,31.5,19.9,32.1,25.7,28.5,25.7,28.5,62.0,51.0,92.0,84.0,170.0,170.0,170.0,170.0,37.0,14.0,40.0,31.0,15.0,0.0,1.0
118.452,99,182058.0,600.0,128.0,133.0,600.0,0.0,1.0,1.0,0.0,0.5,0.043,0.062,0.499,0.508,0.052,0.073,0.507,0.0,0.0,-1.97,-5.36,-0.65,-0.54,1.13,0.0,0.0,6.0,0.0,0.0,0.0,1.0,1.0,33.6,32.8,20.0,38.6,26.2,28.1,26.2,28.1,63.0,50.0,99.0,81.0,170.0,170.0,170.0,170.0,37.0,14.0,40.0,31.0,15.0,0.0,1.0
118.518,54,182112.0,600.0,128.0,122.0,600.0,0.0,1.0,1.0,0.0,0.5,0.043,0.062,0.499,0.508,0.052,0.073,0.507,0.0,0.0,-2.03,-5.28,-0.76,-0.54,0.96,0.0,0.0,6.0,0.0,0.0,0.0,1.0,1.0,33.1,33.1,21.8,39.2,26.2,28.1,26.2,28.1,63.0,49.0,100.0,81.0,170.0,170.0,170.0,170.0,37.0,14.0,40.0,31.0,15.0,0.0,0.0
118.55,36,182148.0,600.0,128.0,122.0,600.0,0.0,1.0,1.0,0.0,0.5,0.043,0.05,0.499,0.508,0.051,0.06,0.507,0.0,0.0,-2.27,-5.29,-0.7,-0.54,0.95,0.0,0.0,6.0,0.0,0.0,0.0,1.0,1.0,33.1,32.6,22.2,38.6,25.3,28.9,25.3,28.9,61.0,51.0,98.0,84.0,170.0,170.0,170.0,170.0,39.0,24.0,96.0,44.0,15.0,0.0,1.0
118.653,101,182249.0,600.0,128.0,122.0,600.0,0.0,1.0,1.0,0.0,0.5,0.043,0.05,0.499,0.508,0.051,0.06,0.507,0.0,0.0,-2.13,-5.31,-0.95,-0.54,2.47,0.0,0.0,6.0,0.0,0.0,0.0,1.0,1.0,31.1,33.0,33.1,39.1,24.6,29.6,24.6,29.6,60.0,52.0,89.0,85.0,170.0,170.0,170.0,170.0,39.0,24.0,96.0,44.0,15.0,0.0,0.0
118.719,54,182303.0,600.0,128.0,113.0,600.0,0.0,1.0,1.0,0.0,0.5,0.043,0.05,0.499,0.508,0.051,0.06,0.507,0.0,0.0,-2.06,-5.2,-1.14,-0.54,2.5,0.0,0.0,6.0,0.0,0.0,0.0,1.0,1.0,30.4,32.5,36.8,37.1,25.0,29.2,25.0,29.2,61.0,52.0,85.0,85.0,170.0,170.0,170.0,170.0,39.0,24.0,96.0,44.0,15.0,0.0,0.0
118.752,36,182339.0,600.0,128.0,113.0,600.0,0.0,1.0,1.0,0.0,0.5,0.043,0.041,0.5,0.508,0.051,0.051,0.508,0.0,0.0,-2.14,-5.22,-1.09,-0.54,2.11,0.0,0.0,6.0,0.0,0.0,0.0,1.0,1.0,29.1,31.6,37.7,34.5,25.9,28.4,25.9,28.4,63.0,50.0,87.0,83.0,170.0,170.0,170.0,170.0,39.0,24.0,96.0,44.0,15.0,0.0,1.0
118.854,98,182437.0,600.0,127.0,113.0,600.0,0.0,1.0,1.0,0.0,0.5,0.043,0.041,0.5,0.508,0.051,0.051,0.508,0.0,0.0,-2.29,-5.26,-0.84,-0.54,1.16,0.0,0.0,6.0,0.0,0.0,0.0,1.0,1.0,26.6,32.1,35.2,27.8,24.1,30.1,24.1,30.1,60.0,53.0,77.0,91.0,170.0,170.0,170.0,170.0,39.0,24.0,96.0,44.0,15.0,0.0,0.0
118.887,55,182492.0,600.0,127.0,205.0,600.0,0.0,1.0,1.0,0.0,0.5,0.043,0.041,0.5,0.508,0.051,0.051,0.508,0.0,0.0,-2.1,-5.28,-1.03,-0.54,3.03,0.0,0.0,6.0,0.0,0.0,0.0,1.0,1.0,26.6,32.1,35.2,27.8,24.1,30.1,24.1,30.1,59.0,54.0,76.0,94.0,170.0,170.0,170.0,170.0,39.0,24.0,96.0,44.0,15.0,0.0,1.0
118.92,36,182528.0,600.0,127.0,205.0,600.0,0.0,1.0,1.0,0.0,0.5,0.043,0.075,0.5,0.508,0.052,0.078,0.508,0.0,0.0,-1.97,-5.2,-1.26,-0.54,3.48,0.0,0.0,6.0,0.0,0.0,0.0,1.0,1.0,25.6,31.6,34.3,26.2,24.2,30.1,24.2,30.1,60.0,53.0,77.0,94.0,170.0,170.0,170.0,170.0,39.0,24.0,96.0,44.0,15.0,0.0,1.0
119.018,100,182628.0,600.0,126.0,205.0,600.0,0.0,1.0,1.0,0.0,0.5,0.043,0.075,0.5,0.508,0.052,0.078,0.508,0.0,0.0,-2.22,-5.28,-1.16,-0.54,2.28,0.0,0.0,6.0,0.0,0.0,0.0,1.0,1.0,25.2,30.0,31.6,24.2,26.0,28.3,26.0,28.3,68.0,50.0,83.0,92.0,170.0,170.0,170.0,170.0,39.0,24.0,96.0,44.0,15.0,0.0,0.0
119.083,56,182684.0,600.0,126.0,212.0,600.0,0.0,1.0,1.0,0.0,0.5,0.043,0.075,0.5,0.508,0.052,0.078,0.508,0.0,0.0,-2.14,-5.34,-1.04,-0.54,1.13,0.0,0.0,6.0,0.0,0.0,0.0,1.0,1.0,25.5,30.6,31.8,24.7,24.8,29.4,24.8,29.4,62.0,52.0,80.0,98.0,170.0,170.0,170.0,170.0,23.0,22.0,18.0,8.0,15.0,0.0,0.0
119.114,36,182720.0,600.0,126.0,212.0,600.0,0.0,1.0,1.0,0.0,0.5,0.043,0.094,0.5,0.508,0.051,0.099,0.509,0.0,0.0,-2.09,-5.29,-1.08,-0.54,2.32,0.0,0.0,6.0,0.0,0.0,0.0,1.0,1.0,26.0,30.9,32.2,25.3,24.4,29.8,24.4,29.8,60.0,53.0,78.0,100.0,170.0,170.0,170.0,170.0,23.0,22.0,18.0,8.0,15.0,0.0,1.0
119.212,98,182818.0,600.0,126.0,212.0,600.0,0.0,1.0,1.0,0.0,0.5,0.043,0.094,0.5,0.508,0.051,0.099,0.509,0.0,0.0,-2.0,-5.24,-1.18,-0.54,2.72,0.0,0.0,6.0,0.0,0.0,0.0,1.0,1.0,26.0,30.4,31.3,26.6,26.9,27.4,26.9,27.4,69.0,48.0,86.0,94.0,170.0,170.0,170.0,170.0,23.0,22.0,18.0,8.0,15.0,0.0,0.0
119.278,54,182872.0,600.0,126.0,222.0,600.0,0.0,1.0,1.0,0.0,0.5,0.043,0.094,0.5,0.508,0.051,0.099,0.509,0.0,0.0,-2.29,-5.34,-0.69,-0.54,0.25,0.0,0.0,6.0,0.0,0.0,0.0,1.0,1.0,27.2,30.3,29.4,28.1,28.0,26.2,28.0,26.2,72.0,46.0,91.0,89.0,170.0,170.0,170.0,170.0,23.0,22.0,18.0,8.0,15.0,0.0,0.0
119.309,37,182909.0,600.0,126.0,222.0,600.0,0.0,1.0,1.0,0.0,0.5,0.042,0.109,0.5,0.508,0.051,0.114,0.509,0.0,0.0,-2.11,-5.38,-0.36,-0.54,-0.9,0.0,0.0,6.0,0.0,0.0,0.0,1.0,1.0,29.4,30.8,26.7,28.0,27.1,27.1,27.1,27.1,66.0,48.0,90.0,92.0,170.0,170.0,170.0,170.0,23.0,22.0,18.0,8.0,15.0,0.0,1.0
119.406,99,183008.0,600.0,127.0,222.0,600.0,0.0,1.0,1.0,0.0,0.5,0.042,0.109,0.5,0.508,0.051,0.114,0.509,0.0,0.0,-2.09,-5.21,-0.49,-0.54,-0.53,0.0,0.0,6.0,0.0,0.0,0.0,1.0,1.0,32.9,30.5,25.2,29.6,28.2,26.0,28.2,26.0,68.0,46.0,93.0,87.0,170.0,170.0,170.0,170.0,23.0,22.0,18.0,8.0,15.0,0.0,1.0
119.439,36,183044.0,600.0,127.0,321.0,600.0,0.0,1.0,0.0,0.0,0.5,0.042,0.109,0.5,0.508,0.051,0.114,0.509,0.0,0.0,-2.32,-5.35,-0.16,-0.54,-2.26,0.0,0.0,6.0,0.0,0.0,0.0,1.0,1.0,29.7,31.1,24.0,27.8,28.6,25.6,28.6,25.6,70.0,45.0,97.0,84.0,170.0,170.0,170.0,170.0,23.0,22.0,18.0,8.0,15.0,0.0,1.0
119.534,78,183122.0,600.0,127.0,321.0,600.0,0.0,1.0,0.0,0.0,0.5,0.043,0.17,0.5,0.508,0.052,0.168,0.51,0.0,0.0,-2.12,-5.37,-0.15,-0.54,-1.48,0.0,0.0,6.0,0.0,0.0,0.0,1.0,1.0,31.7,33.6,23.8,30.6,26.6,27.7,26.6,27.7,64.0,48.0,93.0,87.0,170.0,170.0,170.0,170.0,23.0,22.0,18.0,8.0,15.0,0.0,1.0
119.568,54,183176.0,600.0,127.0,321.0,600.0,0.0,1.0,0.0,0.0,0.5,0.043,0.17,0.5,0.508,0.052,0.168,0.51,0.0,0.0,-2.16,-5.27,-0.46,-0.54,0.55,0.0,0.0,6.0,0.0,0.0,0.0,1.0,1.0,31.7,33.5,25.0,31.7,25.3,28.9,25.3,28.9,61.0,50.0,89.0,89.0,170.0,170.0,170.0,170.0,29.0,2.0,128.0,18.0,15.0,0.0,0.0
119.638,53,183229.0,600.0,127.0,420.0,600.0,0.0,1.0,0.0,0.0,0.5,0.043,0.17,0.5,0.508,0.052,0.168,0.51,0.0,0.0,-2.08,-5.09,-0.83,-0.54,1.77,0.0,0.0,6.0,0.0,0.0,0.0,1.0,1.0,31.2,33.5,25.0,31.1,25.1,29.2,25.1,29.2,61.0,50.0,85.0,89.0,170.0,170.0,170.0,170.0,29.0,2.0,128.0,18.0,15.0,0.0,1.0
119.67,36,183265.0,600.0,127.0,420.0,600.0,0.0,1.0,0.0,0.0,0.5,0.043,0.255,0.5,0.508,0.053,0.249,0.511,0.0,0.0,-2.07,-5.27,-0.73,-0.54,2.04,0.0,0.0,6.0,0.0,0.0,0.0,1.0,1.0,31.0,33.5,31.3,30.6,25.5,28.7,25.5,28.7,62.0,50.0,86.0,87.0,170.0,170.0,170.0,170.0,29.0,2.0,128.0,18.0,15.0,0.0,1.0
119.767,101,183366.0,600.0,127.0,420.0,600.0,0.0,1.0,0.0,0.0,0.5,0.043,0.255,0.5,0.508,0.053,0.249,0.511,0.0,0.0,-2.01,-5.33,-0.78,-0.54,2.24,0.0,0.0,6.0,0.0,0.0,0.0,1.0,1.0,30.5,34.2,37.9,29.0,23.0,31.2,23.0,31.2,56.0,54.0,74.0,96.0,170.0,170.0,170.0,170.0,29.0,2.0,128.0,18.0,15.0,0.0,1.0
119.833,54,183420.0,600.0,127.0,420.0,600.0,0.0,1.0,0.0,0.0,0.5,0.043,0.255,0.5,0.508,0.053,0.249,0.511,0.0,0.0,-1.96,-5.22,-1.16,-0.54,4.1,0.0,0.0,6.0,0.0,0.0,0.0,1.0,1.0,30.2,34.2,37.9,29.0,23.0,31.2,23.0,31.2,56.0,54.0,79.0,93.0,170.0,170.0,170.0,170.0,29.0,2.0,128.0,18.0,15.0,0.0,0.0
119.866,37,183457.0,600.0,127.0,420.0,600.0,0.0,1.0,0.0,0.0,0.5,0.043,0.295,0.5,0.508,0.054,0.296,0.512,0.0,0.0,-2.0,-5.29,-1.02,-0.54,2.67,0.0,0.0,6.0,0.0,0.0,0.0,1.0,1.0,28.1,32.8,37.9,26.4,25.2,29.0,25.2,29.0,62.0,50.0,81.0,92.0,170.0,170.0,170.0,170.0,29.0,2.0,128.0,18.0,15.0,0.0,1.0
119.962,93,183550.0,600.0,128.0,420.0,600.0,0.0,1.0,0.0,0.0,0.5,0.043,0.295,0.5,0.508,0.054,0.296,0.512,0.0,0.0,-2.06,-5.35,-0.61,-0.54,1.87,0.0,0.0,6.0,0.0,0.0,0.0,1.0,1.0,27.9,32.3,36.5,25.8,26.5,27.7,26.5,27.7,65.0,48.0,86.0,89.0,170.0,170.0,170.0,170.0,29.0,2.0,128.0,18.0,15.0,0.0,0.0
119.998,54,183604.0,600.0,128.0,508.0,600.0,0.0,1.0,0.0,0.0,0.5,0.043,0.295,0.5,0.508,0.054,0.296,0.512,0.0,0.0,-2.07,-5.43,-0.47,-0.54,-0.54,0.0,0.0,6.0,0.0,0.0,0.0,1.0,1.0,27.4,31.9,34.6,25.7,26.5,27.8,26.5,27.8,65.0,48.0,83.0,91.0,170.0,170.0,170.0,170.0,29.0,2.0,128.0,18.0,15.0,0.0,0.0
120.032,36,183640.0,600.0,128.0,508.0,600.0,0.0,1.0,0.0,0.0,0.5,0.043,0.361,0.5,0.508,0.056,0.358,0.512,0.0,0.0,-1.88,-5.25,-0.83,-0.54,0.66,0.0,0.0,6.0,0.0,0.0,0.0,1.0,1.0,26.9,31.4,33.0,25.3,27.4,26.8,27.4,26.8,71.0,47.0,86.0,88.0,170.0,170.0,170.0,170.0,23.0,14.0,48.0,28.0,15.0,0.0,1.0
120.13,98,183738.0,600.0,128.0,508.0,600.0,0.0,1.0,0.0,0.0,0.5,0.043,0.361,0.5,0.508,0.056,0.358,0.512,0.0,0.0,-1.96,-5.3,-0.53,-0.54,-0.91,0.0,0.0,6.0,0.0,0.0,0.0,1.0,1.0,30.2,34.0,28.8,25.7,28.0,26.2,28.0,26.2,68.0,45.0,89.0,87.0,170.0,170.0,170.0,170.0,23.0,14.0,48.0,28.0,15.0,0.0,0.0
120.195,54,183792.0,600.0,128.0,507.0,600.0,0.0,1.0,0.0,0.0,0.5,0.043,0.361,0.5,0.508,0.056,0.358,0.512,0.0,0.0,-2.0,-5.41,-0.43,-0.54,-0.91,0.0,0.0,6.0,0.0,0.0,0.0,1.0,1.0,31.0,34.4,27.1,27.6,26.7,27.5,26.7,27.5,65.0,47.0,85.0,90.0,170.0,170.0,170.0,170.0,23.0,14.0,48.0,28.0,15.0,0.0,0.0
120.229,36,183828.0,600.0,128.0,507.0,600.0,0.0,1.0,0.0,0.0,0.5,0.043,0.391,0.5,0.508,0.056,0.393,0.513,0.0,0.0,-1.76,-5.24,-0.94,-0.54,0.39,0.0,0.0,6.0,0.0,0.0,0.0,1.0,1.0,31.2,34.0,25.8,27.8,25.8,28.4,25.8,28.4,63.0,49.0,86.0,93.0,170.0,170.0,170.0,170.0,23.0,14.0,48.0,28.0,15.0,0.0,1.0
120.328,99,183927.0,600.0,128.0,507.0,600.0,0.0,1.0,0.0,0.0,0.5,0.043,0.391,0.5,0.508,0.056,0.393,0.513,0.0,0.0,-1.8,-5.26,-0.91,-0.54,1.29,0.0,0.0,6.0,0.0,0.0,0.0,1.0,1.0,32.7,33.9,25.2,29.5,27.2,27.0,27.2,27.0,66.0,47.0,90.0,87.0,170.0,170.0,170.0,170.0,23.0,14.0,48.0,28.0,15.0,0.0,1.0
120.397,55,183982.0,600.0,128.0,507.0,600.0,0.0,1.0,0.0,0.0,0.5,0.043,0.391,0.5,0.508,0.056,0.393,0.513,0.0,0.0,-1.98,-5.39,-0.67,-0.54,0.89,0.0,0.0,6.0,0.0,0.0,0.0,1.0,1.0,33.3,34.3,21.8,34.8,25.6,28.6,25.6,28.6,62.0,49.0,87.0,86.0,170.0,170.0,170.0,170.0,23.0,14.0,48.0,28.0,15.0,0.0,0.0
120.43,35,184017.0,600.0,128.0,507.0,600.0,0.0,1.0,0.0,0.0,0.5,0.043,0.404,0.5,0.508,0.057,0.41,0.513,0.0,0.0,-1.91,-5.34,-0.75,-0.54,1.51,0.0,0.0,6.0,0.0,0.0,0.0,1.0,1.0,33.9,34.1,20.4,39.0,24.7,29.5,24.7,29.5,60.0,51.0,85.0,88.0,170.0,170.0,170.0,170.0,23.0,14.0,48.0,28.0,15.0,0.0,1.0
120.529,99,184116.0,600.0,128.0,507.0,600.0,0.0,1.0,0.0,0.0,0.5,0.043,0.404,0.5,0.508,0.057,0.41,0.513,0.0,0.0,-1.71,-5.22,-0.94,-0.54,1.8,0.0,0.0,6.0,0.0,0.0,0.0,1.0,1.0,32.4,33.3,20.3,39.0,26.2,28.0,26.2,28.0,63.0,49.0,95.0,81.0,170.0,170.0,170.0,170.0,23.0,14.0,48.0,28.0,15.0,0.0,1.0
120.562,55,184171.0,600.0,128.0,507.0,600.0,0.0,1.0,0.0,0.0,0.5,0.043,0.404,0.5,0.508,0.057,0.41,0.513,0.0,0.0,-1.87,-5.24,-0.79,-0.54,0.93,0.0,0.0,6.0,0.0,0.0,0.0,1.0,1.0,32.4,33.3,20.3,39.0,26.2,28.0,26.2,28.0,63.0,51.0,91.0,85.0,170.0,170.0,170.0,170.0,29.0,14.0,48.0,28.0,15.0,0.0,0.0
120.625,38,184209.0,600.0,128.0,507.0,600.0,0.0,1.0,0.0,0.0,0.5,0.044,0.411,0.5,0.508,0.057,0.418,0.513,0.0,0.0,-1.97,-5.39,-0.89,-0.54,2.33,0.0,0.0,6.0,0.0,0.0,0.0,1.0,1.0,32.2,33.7,22.7,37.4,17.2,23.6,17.2,23.6,38.0,38.0,66.0,65.0,170.0,170.0,170.0,170.0,29.0,24.0,90.0,26.0,15.0,0.0,1.0
120.72,101,184310.0,600.0,127.0,507.0,600.0,0.0,1.0,0.0,0.0,0.5,0.044,0.411,0.5,0.508,0.057,0.418,0.513,0.0,0.0,-1.71,-5.24,-1.08,-0.54,3.25,0.0,0.0,0.0,0.0,0.0,0.0,1.0,1.0,25.9,28.4,25.3,29.6,0.0,0.0,0.0,0.0,0.0,0.0,0.0,0.0,170.0,170.0,170.0,170.0,29.0,24.0,90.0,26.0,15.0,0.0,1.0
120.751,53,184363.0,600.0,127.0,507.0,600.0,0.0,1.0,0.0,0.0,0.5,0.044,0.411,0.5,0.508,0.057,0.418,0.513,0.0,0.0,-1.74,-5.22,-0.95,-0.54,0.0,0.0,0.0,0.0,0.0,0.0,0.0,1.0,1.0,23.0,25.2,23.3,26.0,0.0,0.0,0.0,0.0,0.0,0.0,0.0,0.0,170.0,170.0,170.0,170.0,29.0,24.0,90.0,26.0,15.0,0.0,0.0
120.79,36,184399.0,600.0,127.0,507.0,600.0,0.0,1.0,0.0,0.0,0.5,0.043,0.414,0.5,0.508,0.057,0.421,0.513,0.0,0.0,-1.77,-5.23,-0.93,-0.54,0.0,0.0,0.0,0.0,0.0,0.0,0.0,1.0,1.0,20.1,22.0,20.0,22.7,0.0,0.0,0.0,0.0,0.0,0.0,0.0,0.0,170.0,170.0,170.0,170.0,29.0,24.0,90.0,26.0,15.0,0.0,1.0
120.888,97,184496.0,600.0,127.0,507.0,600.0,0.0,1.0,0.0,0.0,0.5,0.043,0.414,0.5,0.508,0.057,0.421,0.513,0.0,0.0,-1.77,-5.24,-0.85,-0.54,0.0,0.0,0.0,0.0,0.0,0.0,0.0,1.0,1.0,15.5,17.0,15.5,17.6,0.0,0.0,0.0,0.0,0.0,0.0,0.0,0.0,170.0,170.0,170.0,170.0,29.0,24.0,90.0,26.0,15.0,0.0,0.0
120.953,53,184549.0,600.0,127.0,507.0,600.0,0.0,1.0,0.0,0.0,0.5,0.043,0.414,0.5,0.508,0.057,0.421,0.513,0.0,0.0,-1.75,-5.24,-0.86,-0.54,0.0,0.0,0.0,0.0,0.0,0.0,0.0,1.0,1.0,15.5,17.0,15.5,17.6,0.0,0.0,0.0,0.0,0.0,0.0,0.0,0.0,170.0,170.0,170.0,170.0,29.0,24.0,90.0,26.0,15.0,0.0,0.0
120.986,37,184586.0,600.0,127.0,507.0,600.0,0.0,1.0,0.0,0.0,0.5,0.043,0.415,0.5,0.508,0.056,0.423,0.513,0.0,0.0,-1.74,-5.24,-0.86,-0.54,0.0,0.0,0.0,0.0,0.0,0.0,0.0,1.0,1.0,13.7,13.1,12.0,13.6,0.0,0.0,0.0,0.0,0.0,0.0,0.0,0.0,170.0,170.0,170.0,170.0,29.0,24.0,90.0,26.0,15.0,0.0,1.0
121.081,100,184686.0,600.0,125.0,507.0,600.0,0.0,1.0,0.0,0.0,0.5,0.043,0.415,0.5,0.508,0.056,0.423,0.513,0.0,0.0,-1.73,-5.24,-0.86,-0.54,0.0,0.0,0.0,0.0,0.0,0.0,0.0,1.0,1.0,9.3,10.3,9.3,10.6,0.0,0.0,0.0,0.0,0.0,0.0,0.0,0.0,170.0,170.0,170.0,170.0,21.0,24.0,128.0,16.0,15.0,0.0,1.0
121.148,53,184739.0,600.0,125.0,600.0,600.0,0.0,1.0,0.0,0.0,0.5,0.043,0.415,0.5,0.508,0.056,0.423,0.513,0.0,0.0,-1.73,-5.25,-0.86,-0.54,0.0,0.0,0.0,0.0,0.0,0.0,0.0,1.0,1.0,8.2,9.0,8.2,9.3,0.0,0.0,0.0,0.0,0.0,0.0,0.0,0.0,170.0,170.0,170.0,170.0,21.0,24.0,128.0,16.0,15.0,0.0,0.0
121.181,35,184774.0,600.0,125.0,600.0,600.0,0.0,1.0,0.0,0.0,0.5,0.042,0.461,0.5,0.508,0.056,0.461,0.514,0.0,0.0,-1.72,-5.25,-0.86,-0.54,0.0,0.0,0.0,0.0,0.0,0.0,0.0,1.0,1.0,7.2,7.9,7.2,8.2,0.0,0.0,0.0,0.0,0.0,0.0,0.0,0.0,170.0,170.0,170.0,170.0,21.0,24.0,128.0,16.0,15.0,0.0,1.0
121.276,96,184870.0,600.0,124.0,600.0,600.0,0.0,1.0,0.0,0.0,0.5,0.042,0.461,0.5,0.508,0.056,0.461,0.514,0.0,0.0,-1.71,-5.24,-0.86,-0.54,0.0,0.0,0.0,0.0,0.0,0.0,0.0,1.0,1.0,6.4,7.0,6.3,7.2,0.0,0.0,0.0,0.0,0.0,0.0,0.0,0.0,170.0,170.0,170.0,170.0,21.0,24.0,128.0,16.0,15.0,0.0,0.0
121.342,54,184924.0,600.0,124.0,513.0,600.0,0.0,1.0,0.0,0.0,0.5,0.042,0.461,0.5,0.508,0.056,0.461,0.514,0.0,0.0,-1.69,-5.24,-0.86,-0.54,0.0,0.0,0.0,0.0,0.0,0.0,0.0,1.0,1.0,4.9,5.4,4.9,5.6,0.0,0.0,0.0,0.0,0.0,0.0,0.0,0.0,170.0,170.0,170.0,170.0,21.0,24.0,128.0,16.0,15.0,0.0,0.0
121.382,36,184960.0,600.0,124.0,513.0,600.0,0.0,1.0,0.0,0.0,0.5,0.041,0.44,0.5,0.508,0.055,0.451,0.514,0.0,0.0,-1.68,-5.24,-0.86,-0.54,0.0,0.0,0.0,0.0,0.0,0.0,0.0,1.0,1.0,4.9,5.4,4.3,4.9,0.0,0.0,0.0,0.0,0.0,0.0,0.0,0.0,170.0,170.0,170.0,170.0,21.0,24.0,128.0,16.0,15.0,0.0,1.0
121.447,98,185058.0,600.0,122.0,513.0,600.0,0.0,1.0,0.0,0.0,0.5,0.041,0.44,0.5,0.508,0.055,0.451,0.514,0.0,0.0,-1.67,-5.24,-0.86,-0.54,0.0,0.0,0.0,0.0,0.0,0.0,0.0,1.0,1.0,4.3,4.2,3.8,4.3,0.0,0.0,0.0,0.0,0.0,0.0,0.0,0.0,170.0,170.0,170.0,170.0,21.0,24.0,128.0,16.0,15.0,0.0,0.0
121.513,53,185111.0,600.0,122.0,418.0,600.0,0.0,1.0,0.0,0.0,0.5,0.041,0.44,0.5,0.508,0.055,0.451,0.514,0.0,0.0,-1.66,-5.24,-0.86,-0.54,0.0,0.0,0.0,0.0,0.0,0.0,0.0,1.0,1.0,3.4,3.7,3.3,3.8,0.0,0.0,0.0,0.0,0.0,0.0,0.0,0.0,170.0,170.0,170.0,170.0,21.0,24.0,128.0,16.0,15.0,0.0,0.0
121.546,36,185147.0,600.0,122.0,418.0,600.0,0.0,1.0,0.0,0.0,0.5,0.041,0.379,0.5,0.508,0.054,0.397,0.513,0.0,0.0,-1.63,-5.24,-0.87,-0.54,0.0,0.0,0.0,0.0,0.0,0.0,0.0,1.0,1.0,2.9,3.2,2.9,3.3,0.0,0.0,0.0,0.0,0.0,0.0,0.0,0.0,170.0,170.0,170.0,170.0,21.0,24.0,128.0,16.0,15.0,0.0,1.0
121.648,99,185246.0,600.0,122.0,418.0,600.0,0.0,1.0,0.0,0.0,0.5,0.041,0.379,0.5,0.508,0.054,0.397,0.513,0.0,0.0,-1.61,-5.24,-0.87,-0.54,0.0,0.0,0.0,0.0,0.0,0.0,0.0,1.0,1.0,2.0,2.2,2.0,2.3,0.0,0.0,0.0,0.0,0.0,0.0,0.0,0.0,170.0,170.0,170.0,170.0,21.0,24.0,128.0,16.0,15.0,0.0,1.0
121.713,53,185299.0,600.0,122.0,418.0,600.0,0.0,1.0,0.0,0.0,0.5,0.041,0.379,0.5,0.508,0.054,0.397,0.513,0.0,0.0,-1.6,-5.24,-0.87,-0.54,0.0,0.0,0.0,0.0,0.0,0.0,0.0,1.0,1.0,2.0,1.9,1.8,2.0,0.0,0.0,0.0,0.0,0.0,0.0,0.0,0.0,170.0,170.0,170.0,170.0,21.0,24.0,128.0,16.0,15.0,0.0,0.0
121.744,36,185335.0,600.0,122.0,418.0,600.0,0.0,1.0,0.0,0.0,0.5,0.04,0.351,0.5,0.508,0.053,0.363,0.513,0.0,0.0,-1.59,-5.24,-0.86,-0.54,0.0,0.0,0.0,0.0,0.0,0.0,0.0,1.0,1.0,1.6,1.7,1.5,1.8,0.0,0.0,0.0,0.0,0.0,0.0,0.0,0.0,170.0,170.0,170.0,170.0,21.0,24.0,128.0,16.0,15.0,0.0,1.0
121.848,97,185432.0,600.0,121.0,418.0,600.0,0.0,1.0,0.0,0.0,0.5,0.04,0.351,0.5,0.508,0.053,0.363,0.513,0.0,0.0,-1.57,-5.24,-0.87,-0.54,0.0,0.0,0.0,0.0,0.0,0.0,0.0,1.0,1.0,1.2,1.3,1.2,1.4,0.0,0.0,0.0,0.0,0.0,0.0,0.0,0.0,170.0,170.0,170.0,170.0,21.0,24.0,128.0,16.0,15.0,0.0,0.0
121.88,53,185485.0,600.0,121.0,418.0,600.0,0.0,1.0,0.0,0.0,0.5,0.04,0.351,0.5,0.508,0.053,0.363,0.513,0.0,0.0,-1.56,-5.24,-0.88,-0.54,0.0,0.0,0.0,0.0,0.0,0.0,0.0,1.0,1.0,1.1,1.2,1.1,1.2,0.0,0.0,0.0,0.0,0.0,0.0,0.0,0.0,170.0,170.0,170.0,170.0,21.0,24.0,128.0,16.0,15.0,0.0,0.0
121.912,36,185521.0,600.0,121.0,418.0,600.0,0.0,1.0,0.0,0.0,0.5,0.04,0.338,0.5,0.508,0.052,0.348,0.512,0.0,0.0,-1.55,-5.24,-0.88,-0.54,0.0,0.0,0.0,0.0,0.0,0.0,0.0,1.0,1.0,0.9,1.0,0.9,1.1,0.0,0.0,0.0,0.0,0.0,0.0,0.0,0.0,170.0,170.0,170.0,170.0,21.0,24.0,128.0,16.0,15.0,0.0,1.0
122.008,100,185621.0,600.0,121.0,418.0,600.0,0.0,1.0,0.0,0.0,0.5,0.04,0.338,0.5,0.508,0.052,0.348,0.512,0.0,0.0,-1.53,-5.24,-0.88,-0.54,0.0,0.0,0.0,0.0,0.0,0.0,0.0,1.0,1.0,0.6,0.7,0.6,0.7,0.0,0.0,0.0,0.0,0.0,0.0,0.0,0.0,170.0,170.0,170.0,170.0,21.0,24.0,128.0,16.0,15.0,0.0,0.0
122.074,53,185674.0,600.0,121.0,418.0,600.0,0.0,1.0,0.0,0.0,0.5,0.04,0.338,0.5,0.508,0.052,0.348,0.512,0.0,0.0,-1.51,-5.25,-0.88,-0.54,0.0,0.0,0.0,0.0,0.0,0.0,0.0,1.0,1.0,0.6,0.7,0.6,0.7,0.0,0.0,0.0,0.0,0.0,0.0,0.0,0.0,170.0,170.0,170.0,170.0,21.0,24.0,128.0,16.0,15.0,0.0,1.0
122.106,36,185710.0,600.0,121.0,418.0,600.0,0.0,1.0,0.0,0.0,0.5,0.039,0.332,0.5,0.508,0.052,0.34,0.512,0.0,0.0,-1.49,-5.24,-0.89,-0.54,0.0,0.0,0.0,0.0,0.0,0.0,0.0,1.0,1.0,0.6,0.5,0.5,0.6,0.0,0.0,0.0,0.0,0.0,0.0,0.0,0.0,170.0,170.0,170.0,170.0,21.0,24.0,128.0,16.0,15.0,0.0,1.0
122.203,97,185807.0,600.0,121.0,418.0,600.0,0.0,1.0,0.0,0.0,0.5,0.039,0.332,0.5,0.508,0.052,0.34,0.512,0.0,0.0,-1.48,-5.24,-0.89,-0.54,0.0,0.0,0.0,0.0,0.0,0.0,0.0,1.0,1.0,0.4,0.5,0.4,0.5,0.0,0.0,0.0,0.0,0.0,0.0,0.0,0.0,170.0,170.0,170.0,170.0,21.0,24.0,128.0,16.0,15.0,0.0,0.0
122.269,55,185862.0,600.0,121.0,419.0,600.0,0.0,1.0,0.0,0.0,0.5,0.039,0.332,0.5,0.508,0.052,0.34,0.512,0.0,0.0,-1.47,-5.25,-0.88,-0.54,0.0,0.0,0.0,6.0,0.0,0.0,0.0,1.0,1.0,0.4,0.4,0.4,0.4,-5.2,-2.6,-5.2,-2.6,23.0,16.0,27.0,19.0,170.0,170.0,170.0,170.0,21.0,24.0,128.0,16.0,15.0,0.0,0.0
122.302,36,185898.0,600.0,121.0,419.0,600.0,0.0,1.0,0.0,0.0,0.5,0.039,0.329,0.5,0.508,0.051,0.338,0.512,0.0,0.0,-1.46,-5.25,-0.89,-0.54,1.29,0.0,0.0,6.0,0.0,0.0,0.0,1.0,1.0,0.2,0.3,0.3,0.3,-7.8,-5.2,-7.8,-5.2,29.0,20.0,34.0,26.0,170.0,170.0,170.0,170.0,21.0,24.0,128.0,16.0,15.0,0.0,1.0
122.399,96,185994.0,600.0,122.0,419.0,600.0,0.0,1.0,0.0,0.0,0.5,0.039,0.329,0.5,0.508,0.051,0.338,0.512,0.0,0.0,-1.45,-5.24,-0.88,-0.54,1.1,0.0,0.0,6.0,0.0,0.0,0.0,1.0,1.0,0.1,0.2,0.2,-0.3,-14.8,-12.5,-14.8,-12.5,44.0,30.0,54.0,44.0,170.0,170.0,170.0,170.0,21.0,24.0,128.0,16.0,15.0,0.0,0.0
122.464,54,186048.0,600.0,122.0,429.0,600.0,0.0,1.0,0.0,0.0,0.5,0.039,0.329,0.5,0.508,0.051,0.338,0.512,0.0,0.0,-1.44,-5.24,-0.89,-0.54,1.14,0.0,0.0,6.0,0.0,0.0,0.0,1.0,1.0,0.1,0.2,0.2,-0.3,-18.5,-16.1,-18.5,-16.1,52.0,35.0,65.0,54.0,170.0,170.0,170.0,170.0,21.0,24.0,128.0,16.0,15.0,0.0,1.0
122.496,36,186084.0,600.0,122.0,429.0,600.0,0.0,1.0,0.0,0.0,0.5,0.039,0.334,0.5,0.508,0.052,0.342,0.512,0.0,0.0,-1.44,-5.24,-0.89,-0.54,1.2,0.0,0.0,6.0,0.0,0.0,0.0,1.0,1.0,0.1,0.2,0.1,-0.2,-21.3,-18.7,-21.3,-18.7,58.0,39.0,73.0,60.0,170.0,170.0,170.0,170.0,21.0,24.0,128.0,16.0,15.0,0.0,1.0
122.595,96,186180.0,600.0,122.0,429.0,600.0,0.0,1.0,0.0,0.0,0.5,0.039,0.334,0.5,0.508,0.052,0.342,0.512,0.0,0.0,-1.44,-5.24,-0.89,-0.54,1.29,0.0,0.0,6.0,0.0,0.0,0.0,1.0,1.0,0.1,0.1,-0.1,-0.3,-28.6,-25.6,-28.6,-25.6,73.0,49.0,94.0,78.0,170.0,170.0,170.0,170.0,21.0,24.0,128.0,16.0,15.0,0.0,1.0
122.627,54,186234.0,600.0,122.0,429.0,600.0,0.0,1.0,0.0,0.0,0.5,0.039,0.334,0.5,0.508,0.052,0.342,0.512,0.0,0.0,-1.42,-5.25,-0.94,-0.54,1.52,0.0,0.0,6.0,0.0,0.0,0.0,1.0,1.0,0.1,0.0,-0.0,-0.4,-28.6,-25.6,-28.6,-25.6,73.0,49.0,94.0,78.0,170.0,170.0,170.0,170.0,21.0,24.0,128.0,18.0,15.0,0.0,0.0
122.66,38,186272.0,600.0,122.0,429.0,600.0,0.0,1.0,0.0,0.0,0.5,0.039,0.337,0.5,0.508,0.052,0.344,0.512,0.0,0.0,-1.41,-5.25,-0.93,-0.54,1.51,0.0,0.0,6.0,0.0,0.0,0.0,1.0,1.0,0.0,-2.2,-0.3,-0.6,-28.1,-26.1,-28.1,-26.1,72.0,49.0,93.0,79.0,170.0,170.0,170.0,170.0,21.0,24.0,128.0,18.0,15.0,0.0,1.0
122.756,97,186369.0,600.0,121.0,429.0,600.0,0.0,1.0,0.0,0.0,0.5,0.039,0.337,0.5,0.508,0.052,0.344,0.512,0.0,0.0,-1.33,-5.24,-0.64,-0.54,0.4,0.0,0.0,6.0,0.0,0.0,0.0,1.0,1.0,-3.0,-6.3,-5.5,-3.0,-25.7,-28.5,-25.7,-28.5,67.0,53.0,86.0,86.0,170.0,170.0,170.0,170.0,21.0,24.0,128.0,18.0,15.0,0.0,1.0
122.821,54,186423.0,600.0,121.0,429.0,600.0,0.0,1.0,0.0,0.0,0.5,0.039,0.337,0.5,0.508,0.052,0.344,0.512,0.0,0.0,-1.37,-5.22,-0.44,-0.54,-1.42,0.0,0.0,6.0,0.0,0.0,0.0,1.0,1.0,-5.0,-8.5,-9.8,-5.6,-25.9,-28.4,-25.9,-28.4,67.0,53.0,86.0,85.0,170.0,170.0,170.0,170.0,21.0,24.0,128.0,18.0,15.0,0.0,0.0
122.854,36,186459.0,600.0,121.0,429.0,600.0,0.0,1.0,0.0,0.0,0.5,0.039,0.338,0.5,0.508,0.052,0.346,0.512,0.0,0.0,-1.3,-5.15,-0.46,-0.54,-1.27,0.0,0.0,6.0,0.0,0.0,0.0,1.0,1.0,-6.7,-10.8,-13.9,-12.3,-26.7,-27.6,-26.7,-27.6,69.0,52.0,89.0,83.0,170.0,170.0,170.0,170.0,21.0,24.0,128.0,18.0,15.0,0.0,1.0
122.952,101,186560.0,600.0,124.0,429.0,600.0,0.0,1.0,0.0,0.0,0.5,0.039,0.338,0.5,0.508,0.052,0.346,0.512,0.0,0.0,-1.68,-5.41,-0.78,-0.54,0.23,0.0,0.0,6.0,0.0,0.0,0.0,1.0,1.0,-8.7,-15.1,-16.3,-21.1,-29.3,-25.0,-29.3,-25.0,77.0,52.0,100.0,76.0,170.0,170.0,170.0,170.0,21.0,24.0,128.0,18.0,15.0,0.0,0.0
123.026,54,186614.0,600.0,124.0,429.0,600.0,0.0,1.0,0.0,0.0,0.5,0.039,0.338,0.5,0.508,0.052,0.346,0.512,0.0,0.0,-1.49,-5.29,-1.02,-0.54,2.13,0.0,0.0,6.0,0.0,0.0,0.0,1.0,1.0,-11.6,-15.1,-17.7,-25.4,-30.3,-24.0,-30.3,-24.0,85.0,52.0,109.0,70.0,170.0,170.0,170.0,170.0,21.0,24.0,128.0,18.0,15.0,0.0,0.0
123.058,36,186650.0,600.0,124.0,429.0,600.0,0.0,1.0,0.0,0.0,0.5,0.04,0.338,0.5,0.508,0.053,0.346,0.512,0.0,0.0,-1.32,-5.23,-1.07,-0.54,3.16,0.0,0.0,6.0,0.0,0.0,0.0,1.0,1.0,-16.8,-20.1,-18.6,-29.2,-30.2,-24.0,-30.2,-24.0,87.0,53.0,111.0,69.0,170.0,170.0,170.0,170.0,21.0,24.0,128.0,18.0,15.0,0.0,1.0
123.156,102,186752.0,600.0,126.0,429.0,600.0,0.0,1.0,0.0,0.0,0.5,0.04,0.338,0.5,0.508,0.053,0.346,0.512,0.0,0.0,-1.57,-5.38,-1.13,-0.54,2.51,0.0,0.0,6.0,0.0,0.0,0.0,1.0,1.0,-27.3,-27.1,-16.8,-35.6,-28.8,-25.4,-28.8,-25.4,84.0,54.0,117.0,71.0,170.0,170.0,170.0,170.0,19.0,22.0,20.0,40.0,15.0,0.0,1.0
123.231,91,186843.0,600.0,126.0,516.0,600.0,0.0,1.0,0.0,0.0,0.5,0.041,0.385,0.5,0.508,0.054,0.385,0.513,0.0,0.0,-1.23,-5.21,-0.96,-0.54,1.0,0.0,0.0,6.0,0.0,0.0,0.0,1.0,1.0,-29.1,-32.8,-17.7,-37.6,-28.1,-26.1,-28.1,-26.1,82.0,50.0,123.0,73.0,170.0,170.0,170.0,170.0,19.0,22.0,20.0,40.0,15.0,0.0,1.0
123.362,99,186942.0,600.0,127.0,516.0,600.0,0.0,1.0,0.0,0.0,0.5,0.041,0.385,0.5,0.508,0.054,0.385,0.513,0.0,0.0,-1.43,-5.37,-0.95,-0.54,1.02,0.0,0.0,6.0,0.0,0.0,0.0,1.0,1.0,-32.7,-38.5,-19.9,-35.2,-27.3,-26.9,-27.3,-26.9,75.0,48.0,126.0,75.0,170.0,170.0,170.0,170.0,19.0,22.0,20.0,40.0,15.0,0.0,1.0
123.398,54,186996.0,600.0,127.0,600.0,600.0,0.0,1.0,0.0,0.0,0.5,0.041,0.385,0.5,0.508,0.054,0.385,0.513,0.0,0.0,-1.37,-5.27,-0.45,-0.54,0.2,0.0,0.0,6.0,0.0,0.0,0.0,1.0,1.0,-32.9,-40.0,-23.0,-34.3,-26.2,-28.1,-26.2,-28.1,69.0,50.0,123.0,79.0,170.0,170.0,170.0,170.0,19.0,22.0,20.0,40.0,15.0,0.0,0.0
123.431,37,187033.0,600.0,127.0,600.0,600.0,0.0,1.0,0.0,0.0,0.5,0.042,0.447,0.5,0.508,0.056,0.444,0.514,0.0,0.0,-1.16,-5.3,-0.43,-0.54,-0.96,0.0,0.0,6.0,0.0,0.0,0.0,1.0,1.0,-33.3,-41.8,-25.3,-33.6,-25.3,-29.0,-25.3,-29.0,65.0,51.0,119.0,82.0,170.0,170.0,170.0,170.0,19.0,22.0,20.0,40.0,15.0,0.0,1.0
123.528,98,187131.0,600.0,128.0,600.0,600.0,0.0,1.0,0.0,0.0,0.5,0.042,0.447,0.5,0.508,0.056,0.444,0.514,0.0,0.0,-1.62,-5.22,-0.29,-0.54,-1.86,0.0,0.0,6.0,0.0,0.0,0.0,1.0,1.0,-34.4,-41.9,-35.0,-35.5,-26.2,-28.0,-26.2,-28.0,67.0,49.0,114.0,79.0,170.0,170.0,170.0,170.0,19.0,22.0,20.0,40.0,15.0,0.0,0.0
123.595,54,187185.0,600.0,128.0,600.0,600.0,0.0,1.0,0.0,0.0,0.5,0.042,0.447,0.5,0.508,0.056,0.444,0.514,0.0,0.0,-1.17,-5.33,-0.48,-0.54,-0.93,0.0,0.0,6.0,0.0,0.0,0.0,1.0,1.0,-33.9,-41.8,-32.1,-35.4,-24.9,-29.4,-24.9,-29.4,60.0,51.0,108.0,82.0,170.0,170.0,170.0,170.0,19.0,22.0,20.0,40.0,15.0,0.0,0.0
123.626,36,187221.0,600.0,128.0,600.0,600.0,0.0,1.0,0.0,0.0,0.5,0.043,0.475,0.5,0.508,0.057,0.478,0.514,0.0,0.0,-1.2,-5.29,-0.3,-0.54,-2.26,0.0,0.0,6.0,0.0,0.0,0.0,1.0,1.0,-34.4,-43.1,-33.6,-35.6,-23.9,-30.3,-23.9,-30.3,58.0,53.0,102.0,85.0,170.0,170.0,170.0,170.0,19.0,22.0,20.0,40.0,15.0,0.0,1.0
123.722,96,187317.0,600.0,131.0,600.0,600.0,0.0,1.0,0.0,0.0,0.5,0.043,0.475,0.5,0.508,0.057,0.478,0.514,0.0,0.0,-1.65,-5.17,-0.05,-0.54,-3.21,0.0,0.0,6.0,0.0,0.0,0.0,1.0,1.0,-34.4,-42.6,-35.2,-38.5,-26.4,-27.8,-26.4,-27.8,64.0,49.0,102.0,77.0,170.0,170.0,170.0,170.0,21.0,14.0,24.0,10.0,15.0,0.0,1.0
123.796,54,187371.0,600.0,131.0,600.0,600.0,0.0,1.0,0.0,0.0,0.5,0.043,0.475,0.5,0.508,0.057,0.478,0.514,0.0,0.0,-1.45,-5.23,-0.39,-0.54,-0.73,0.0,0.0,6.0,0.0,0.0,0.0,1.0,1.0,-33.3,-38.4,-33.8,-41.7,-27.6,-26.6,-27.6,-26.6,67.0,48.0,104.0,73.0,170.0,170.0,170.0,170.0,21.0,14.0,24.0,10.0,15.0,0.0,0.0
123.828,36,187407.0,600.0,131.0,600.0,600.0,0.0,1.0,0.0,0.0,0.5,0.044,0.489,0.5,0.508,0.058,0.494,0.514,0.0,0.0,-1.34,-5.13,-0.64,-0.54,0.49,0.0,0.0,6.0,0.0,0.0,0.0,1.0,1.0,-33.7,-38.5,-33.0,-41.4,-28.5,-25.7,-28.5,-25.7,69.0,46.0,105.0,71.0,170.0,170.0,170.0,170.0,21.0,14.0,24.0,10.0,15.0,0.0,1.0
123.927,102,187509.0,600.0,129.0,600.0,600.0,0.0,1.0,0.0,0.0,0.5,0.044,0.489,0.5,0.508,0.058,0.494,0.514,0.0,0.0,-1.42,-5.29,-1.0,-0.54,2.02,0.0,0.0,6.0,0.0,0.0,0.0,1.0,1.0,-36.7,-38.5,-30.8,-41.5,-28.8,-25.4,-28.8,-25.4,69.0,45.0,105.0,70.0,170.0,170.0,170.0,170.0,21.0,14.0,24.0,10.0,15.0,0.0,1.0
123.961,55,187564.0,600.0,129.0,600.0,600.0,0.0,1.0,0.0,0.0,0.5,0.044,0.489,0.5,0.508,0.058,0.494,0.514,0.0,0.0,-1.11,-5.24,-0.97,-0.54,1.69,0.0,0.0,6.0,0.0,0.0,0.0,1.0,1.0,-36.7,-38.5,-30.8,-40.5,-28.7,-25.6,-28.7,-25.6,68.0,46.0,104.0,70.0,170.0,170.0,170.0,170.0,21.0,14.0,24.0,10.0,15.0,0.0,1.0
124.0,36,187600.0,600.0,129.0,600.0,600.0,0.0,1.0,0.0,0.0,0.5,0.044,0.495,0.5,0.508,0.059,0.502,0.515,0.0,0.0,-1.16,-5.07,-0.84,-0.54,1.57,0.0,0.0,6.0,0.0,0.0,0.0,1.0,1.0,-38.6,-38.2,-30.0,-39.2,-29.5,-24.8,-29.5,-24.8,70.0,44.0,106.0,68.0,170.0,170.0,170.0,170.0,21.0,14.0,24.0,10.0,15.0,0.0,1.0
124.095,97,187697.0,600.0,129.0,600.0,600.0,0.0,1.0,0.0,0.0,0.5,0.044,0.495,0.5,0.508,0.059,0.502,0.515,0.0,0.0,-1.35,-5.29,-1.04,-0.54,2.37,0.0,0.0,6.0,0.0,0.0,0.0,1.0,1.0,-36.4,-40.7,-27.9,-36.5,-28.4,-25.8,-28.4,-25.8,68.0,46.0,103.0,72.0,170.0,170.0,170.0,170.0,21.0,14.0,24.0,10.0,15.0,0.0,1.0
124.161,54,187751.0,600.0,129.0,600.0,600.0,0.0,1.0,0.0,0.0,0.5,0.044,0.495,0.5,0.508,0.059,0.502,0.515,0.0,0.0,-1.14,-5.22,-1.06,-0.54,1.33,0.0,0.0,6.0,0.0,0.0,0.0,1.0,1.0,-36.4,-40.7,-27.9,-36.5,-28.4,-25.8,-28.4,-25.8,71.0,43.0,108.0,69.0,170.0,170.0,170.0,170.0,21.0,14.0,24.0,10.0,15.0,0.0,0.0
124.194,37,187788.0,600.0,129.0,600.0,600.0,0.0,1.0,0.0,0.0,0.5,0.044,0.498,0.5,0.508,0.059,0.505,0.515,0.0,0.0,-1.24,-5.15,-1.17,-0.54,2.68,0.0,0.0,6.0,0.0,0.0,0.0,1.0,1.0,-35.1,-39.8,-28.8,-32.3,-30.1,-24.1,-30.1,-24.1,72.0,43.0,109.0,68.0,170.0,170.0,170.0,170.0,25.0,20.0,18.0,8.0,15.0,0.0,1.0
124.288,100,187888.0,600.0,129.0,600.0,600.0,0.0,1.0,0.0,0.0,0.5,0.044,0.498,0.5,0.508,0.059,0.505,0.515,0.0,0.0,-1.18,-5.28,-1.13,-0.54,2.32,0.0,0.0,6.0,0.0,0.0,0.0,1.0,1.0,-34.4,-40.2,-30.3,-29.1,-28.3,-26.0,-28.3,-26.0,68.0,46.0,102.0,74.0,170.0,170.0,170.0,170.0,25.0,20.0,18.0,8.0,15.0,0.0,1.0
124.354,54,187942.0,600.0,129.0,502.0,600.0,0.0,1.0,0.0,0.0,0.5,0.044,0.498,0.5,0.508,0.059,0.505,0.515,0.0,0.0,-1.18,-5.2,-1.04,-0.54,1.15,0.0,0.0,6.0,0.0,0.0,0.0,1.0,1.0,-34.4,-40.2,-31.0,-28.0,-27.2,-27.0,-27.2,-27.0,66.0,48.0,97.0,78.0,170.0,170.0,170.0,170.0,25.0,20.0,18.0,8.0,15.0,0.0,0.0
124.394,38,187980.0,600.0,129.0,502.0,600.0,0.0,1.0,0.0,0.0,0.5,0.044,0.451,0.5,0.508,0.058,0.467,0.514,0.0,0.0,-1.31,-5.02,-0.86,-0.54,0.07,0.0,0.0,6.0,0.0,0.0,0.0,1.0,1.0,-32.7,-39.5,-33.8,-27.9,-27.8,-26.5,-27.8,-26.5,67.0,47.0,96.0,76.0,170.0,170.0,170.0,170.0,25.0,20.0,18.0,8.0,15.0,0.0,1.0
124.46,91,188071.0,600.0,130.0,502.0,600.0,0.0,1.0,0.0,0.0,0.5,0.044,0.451,0.5,0.508,0.058,0.467,0.514,0.0,0.0,-1.27,-5.14,-0.79,-0.54,0.64,0.0,0.0,6.0,0.0,0.0,0.0,1.0,1.0,-32.5,-38.9,-35.2,-30.6,-27.1,-27.1,-27.1,-27.1,66.0,48.0,92.0,77.0,170.0,170.0,170.0,170.0,25.0,20.0,18.0,8.0,15.0,0.0,1.0
124.526,55,188126.0,600.0,130.0,407.0,600.0,0.0,1.0,0.0,0.0,0.5,0.044,0.451,0.5,0.508,0.058,0.467,0.514,0.0,0.0,-1.32,-5.06,-0.67,-0.54,0.13,0.0,0.0,6.0,0.0,0.0,0.0,1.0,1.0,-31.4,-37.1,-37.8,-32.4,-27.9,-26.3,-27.9,-26.3,68.0,47.0,89.0,75.0,170.0,170.0,170.0,170.0,25.0,20.0,18.0,8.0,15.0,0.0,1.0
124.558,36,188162.0,600.0,130.0,407.0,600.0,0.0,1.0,0.0,0.0,0.5,0.045,0.378,0.5,0.508,0.058,0.398,0.513,0.0,0.0,-1.31,-5.06,-0.69,-0.54,0.78,0.0,0.0,6.0,0.0,0.0,0.0,1.0,1.0,-30.9,-37.0,-41.6,-37.2,-28.8,-25.4,-28.8,-25.4,70.0,46.0,91.0,71.0,170.0,170.0,170.0,170.0,25.0,20.0,18.0,8.0,15.0,0.0,1.0
124.664,97,188259.0,600.0,131.0,407.0,600.0,0.0,1.0,0.0,0.0,0.5,0.045,0.378,0.5,0.508,0.058,0.398,0.513,0.0,0.0,-1.19,-5.32,-0.94,-0.54,1.68,0.0,0.0,6.0,0.0,0.0,0.0,1.0,1.0,-33.3,-37.4,-39.0,-38.6,-28.1,-26.1,-28.1,-26.1,68.0,47.0,90.0,72.0,170.0,170.0,170.0,170.0,25.0,20.0,18.0,8.0,15.0,0.0,0.0
124.73,54,188313.0,600.0,131.0,320.0,600.0,0.0,1.0,0.0,0.0,0.5,0.045,0.378,0.5,0.508,0.058,0.398,0.513,0.0,0.0,-1.24,-5.34,-0.81,-0.54,1.02,0.0,0.0,6.0,0.0,0.0,0.0,1.0,1.0,-33.5,-37.4,-36.5,-39.6,-29.2,-25.0,-29.2,-25.0,70.0,45.0,94.0,69.0,170.0,170.0,170.0,170.0,35.0,18.0,7.0,34.0,15.0,0.0,0.0
124.763,36,188349.0,600.0,131.0,320.0,600.0,0.0,1.0,0.0,0.0,0.5,0.045,0.294,0.5,0.508,0.057,0.316,0.512,0.0,0.0,-1.25,-5.12,-0.86,-0.54,2.11,0.0,0.0,6.0,0.0,0.0,0.0,1.0,1.0,-33.5,-37.0,-36.4,-39.6,-30.0,-24.2,-30.0,-24.2,72.0,44.0,94.0,67.0,170.0,170.0,170.0,170.0,35.0,18.0,7.0,34.0,15.0,0.0,1.0
124.866,100,188449.0,600.0,131.0,320.0,600.0,0.0,1.0,0.0,0.0,0.5,0.045,0.294,0.5,0.508,0.057,0.316,0.512,0.0,0.0,-1.15,-5.33,-0.95,-0.54,2.25,0.0,0.0,6.0,0.0,0.0,0.0,1.0,1.0,-35.9,-37.2,-33.1,-39.1,-27.8,-26.4,-27.8,-26.4,66.0,48.0,87.0,73.0,170.0,170.0,170.0,170.0,35.0,18.0,7.0,34.0,15.0,0.0,1.0
124.899,54,188503.0,600.0,131.0,320.0,600.0,0.0,1.0,0.0,0.0,0.5,0.045,0.294,0.5,0.508,0.057,0.316,0.512,0.0,0.0,-1.26,-5.31,-0.86,-0.54,0.68,0.0,0.0,6.0,0.0,0.0,0.0,1.0,1.0,-35.0,-36.6,-32.6,-38.3,-27.3,-26.9,-27.3,-26.9,66.0,48.0,86.0,75.0,170.0,170.0,170.0,170.0,35.0,18.0,7.0,34.0,15.0,0.0,0.0
124.932,36,188539.0,600.0,131.0,320.0,600.0,0.0,1.0,0.0,0.0,0.5,0.045,0.255,0.5,0.508,0.057,0.27,0.511,0.0,0.0,-1.38,-5.15,-0.77,-0.54,0.22,0.0,0.0,6.0,0.0,0.0,0.0,1.0,1.0,-34.4,-36.0,-31.5,-36.7,-28.2,-26.0,-28.2,-26.0,68.0,47.0,89.0,72.0,170.0,170.0,170.0,170.0,35.0,18.0,7.0,34.0,15.0,0.0,0.0
125.029,98,188637.0,600.0,131.0,320.0,600.0,0.0,1.0,0.0,0.0,0.5,0.045,0.255,0.5,0.508,0.057,0.27,0.511,0.0,0.0,-1.18,-5.26,-1.0,-0.54,1.75,0.0,0.0,6.0,0.0,0.0,0.0,1.0,1.0,-33.9,-36.2,-30.2,-33.8,-28.1,-26.3,-28.0,-26.3,68.0,48.0,89.0,74.0,170.0,170.0,170.0,170.0,35.0,18.0,7.0,34.0,15.0,0.0,0.0
125.093,54,188691.0,600.0,131.0,223.0,600.0,0.0,1.0,1.0,0.0,0.5,0.045,0.255,0.5,0.508,0.057,0.27,0.511,0.0,0.0,-1.2,-5.35,-0.95,-0.54,0.87,0.0,0.0,6.0,0.0,0.0,0.0,1.0,1.0,-32.2,-35.1,-28.3,-31.1,-28.7,-25.6,-28.7,-25.6,69.0,47.0,94.0,73.0,170.0,170.0,170.0,170.0,35.0,18.0,7.0,34.0,15.0,0.0,1.0
125.125,36,188727.0,600.0,131.0,223.0,600.0,0.0,1.0,1.0,0.0,0.5,0.046,0.183,0.5,0.508,0.056,0.203,0.51,0.0,0.0,-1.45,-5.13,-1.0,-0.54,1.55,0.0,0.0,6.0,0.0,0.0,0.0,1.0,1.0,-31.7,-34.1,-28.0,-29.9,-29.2,-25.0,-29.2,-25.0,71.0,46.0,94.0,71.0,170.0,170.0,170.0,170.0,35.0,18.0,7.0,34.0,15.0,0.0,1.0
125.22,99,188826.0,600.0,132.0,223.0,600.0,0.0,1.0,1.0,0.0,0.5,0.046,0.183,0.5,0.508,0.056,0.203,0.51,0.0,0.0,-1.2,-5.26,-1.16,-0.54,2.7,0.0,0.0,6.0,0.0,0.0,0.0,1.0,1.0,-32.0,-35.1,-31.2,-29.2,-29.0,-25.3,-29.0,-25.3,70.0,46.0,91.0,72.0,170.0,170.0,170.0,170.0,13.0,6.0,35.0,14.0,15.0,0.0,1.0
125.284,54,188880.0,600.0,132.0,321.0,600.0,0.0,1.0,0.0,0.0,0.5,0.046,0.183,0.5,0.508,0.056,0.203,0.51,0.0,0.0,-1.27,-5.31,-0.94,-0.54,1.83,0.0,0.0,6.0,0.0,0.0,0.0,1.0,1.0,-31.8,-35.8,-34.6,-30.1,-28.0,-26.2,-28.0,-26.2,68.0,47.0,88.0,75.0,170.0,170.0,170.0,170.0,13.0,6.0,35.0,14.0,15.0,0.0,1.0
125.315,36,188916.0,600.0,132.0,321.0,600.0,0.0,1.0,0.0,0.0,0.5,0.046,0.204,0.5,0.508,0.056,0.209,0.51,0.0,0.0,-1.63,-5.11,-0.88,-0.54,0.9,0.0,0.0,6.0,0.0,0.0,0.0,1.0,1.0,-31.7,-35.1,-36.4,-32.2,-28.8,-25.4,-28.8,-25.4,70.0,46.0,90.0,72.0,170.0,170.0,170.0,170.0,13.0,6.0,35.0,14.0,15.0,0.0,1.0
125.418,101,189017.0,600.0,132.0,321.0,600.0,0.0,1.0,0.0,0.0,0.5,0.046,0.204,0.5,0.508,0.056,0.209,0.51,0.0,0.0,-1.34,-5.24,-1.12,-0.54,2.38,0.0,0.0,6.0,0.0,0.0,0.0,1.0,1.0,-30.4,-34.5,-39.4,-35.0,-29.4,-24.8,-29.4,-24.8,72.0,46.0,91.0,70.0,170.0,170.0,170.0,170.0,13.0,6.0,35.0,14.0,15.0,0.0,1.0
125.485,54,189071.0,600.0,132.0,315.0,600.0,0.0,1.0,0.0,0.0,0.5,0.046,0.204,0.5,0.508,0.056,0.209,0.51,0.0,0.0,-1.34,-5.25,-1.13,-0.54,2.27,0.0,0.0,6.0,0.0,0.0,0.0,1.0,1.0,-31.5,-34.5,-39.0,-35.8,-28.3,-25.9,-28.3,-25.9,69.0,47.0,87.0,73.0,170.0,170.0,170.0,170.0,13.0,6.0,35.0,14.0,15.0,0.0,1.0
125.517,36,189107.0,600.0,132.0,315.0,600.0,0.0,1.0,0.0,0.0,0.5,0.046,0.211,0.5,0.508,0.056,0.218,0.51,0.0,0.0,-1.71,-5.18,-0.96,-0.54,1.19,0.0,0.0,6.0,0.0,0.0,0.0,1.0,1.0,-30.5,-34.0,-39.0,-36.3,-29.1,-25.1,-29.1,-25.1,71.0,46.0,90.0,70.0,170.0,170.0,170.0,170.0,13.0,6.0,35.0,14.0,15.0,0.0,1.0
125.624,101,189208.0,600.0,131.0,315.0,600.0,0.0,1.0,0.0,0.0,0.5,0.046,0.211,0.5,0.508,0.056,0.218,0.51,0.0,0.0,-1.35,-5.35,-1.41,-0.54,2.66,0.0,0.0,6.0,0.0,0.0,0.0,1.0,1.0,-34.3,-35.3,-36.2,-37.9,-30.0,-24.2,-30.0,-24.2,72.0,44.0,93.0,67.0,170.0,170.0,170.0,170.0,13.0,6.0,35.0,14.0,15.0,0.0,1.0
125.656,55,189263.0,600.0,131.0,402.0,600.0,0.0,1.0,0.0,0.0,0.5,0.046,0.211,0.5,0.508,0.056,0.218,0.51,0.0,0.0,-1.46,-5.33,-1.36,-0.54,2.87,0.0,0.0,6.0,0.0,0.0,0.0,1.0,1.0,-34.3,-35.3,-36.2,-37.9,-30.0,-24.2,-30.0,-25.6,69.0,46.0,89.0,71.0,170.0,170.0,170.0,170.0,13.0,6.0,35.0,14.0,15.0,0.0,0.0
125.689,37,189300.0,600.0,131.0,402.0,600.0,0.0,1.0,0.0,0.0,0.5,0.046,0.264,0.5,0.508,0.057,0.264,0.511,0.0,0.0,-1.69,-5.29,-1.2,-0.54,1.55,0.0,0.0,6.0,0.0,0.0,0.0,1.0,1.0,-35.5,-34.4,-33.9,-38.1,-29.5,-24.8,-29.5,-24.8,71.0,45.0,92.0,69.0,170.0,170.0,170.0,170.0,13.0,6.0,35.0,14.0,15.0,0.0,1.0
125.789,99,189399.0,600.0,131.0,402.0,600.0,0.0,1.0,0.0,0.0,0.5,0.046,0.264,0.5,0.508,0.057,0.264,0.511,0.0,0.0,-1.35,-5.4,-1.32,-0.54,3.0,0.0,0.0,6.0,0.0,0.0,0.0,1.0,1.0,-35.8,-34.8,-31.9,-36.7,-31.2,-23.0,-31.2,-23.0,74.0,42.0,98.0,64.0,170.0,170.0,170.0,170.0,25.0,20.0,11.0,8.0,15.0,0.0,1.0
125.853,54,189453.0,600.0,131.0,290.0,600.0,0.0,1.0,1.0,0.0,0.5,0.046,0.264,0.5,0.508,0.057,0.264,0.511,0.0,0.0,-1.41,-5.39,-1.57,-0.54,4.09,0.0,0.0,6.0,0.0,0.0,0.0,1.0,1.0,-34.9,-34.9,-31.5,-35.0,-31.1,-23.1,-31.1,-23.1,75.0,42.0,97.0,65.0,170.0,170.0,170.0,170.0,25.0,20.0,11.0,8.0,15.0,0.0,0.0
125.916,53,189506.0,600.0,131.0,290.0,600.0,0.0,1.0,1.0,0.0,0.5,0.046,0.224,0.5,0.508,0.057,0.238,0.511,0.0,0.0,-1.61,-5.31,-1.43,-0.54,3.98,0.0,0.0,6.0,0.0,0.0,0.0,1.0,1.0,-34.1,-35.3,-30.8,-33.2,-31.5,-22.7,-31.5,-22.7,76.0,42.0,99.0,64.0,170.0,170.0,170.0,170.0,25.0,20.0,11.0,8.0,15.0,0.0,0.0
125.949,53,189559.0,600.0,131.0,290.0,600.0,0.0,1.0,1.0,0.0,0.5,0.046,0.224,0.5,0.508,0.057,0.238,0.511,0.0,0.0,-1.39,-5.3,-1.51,-0.54,4.41,0.0,0.0,6.0,0.0,0.0,0.0,1.0,1.0,-34.1,-35.3,-30.8,-33.2,-31.8,-22.4,-31.8,-22.4,77.0,41.0,101.0,64.0,170.0,170.0,170.0,170.0,25.0,20.0,11.0,8.0,15.0,0.0,0.0
126.022,52,189611.0,600.0,131.0,290.0,600.0,0.0,1.0,1.0,0.0,0.5,0.046,0.224,0.5,0.508,0.057,0.238,0.511,0.0,0.0,-1.24,-5.47,-1.66,-0.54,4.72,0.0,0.0,6.0,0.0,0.0,0.0,1.0,1.0,-33.0,-35.6,-29.9,-30.2,-31.4,-22.8,-31.4,-22.8,76.0,42.0,100.0,65.0,170.0,170.0,170.0,170.0,25.0,20.0,11.0,8.0,15.0,0.0,1.0
126.055,55,189666.0,600.0,131.0,387.0,600.0,0.0,1.0,0.0,0.0,0.5,0.046,0.224,0.5,0.508,0.057,0.238,0.511,0.0,0.0,-1.36,-5.41,-1.62,-0.54,4.28,0.0,0.0,6.0,0.0,0.0,0.0,1.0,1.0,-33.0,-35.6,-29.9,-29.5,-30.1,-24.1,-30.1,-24.1,73.0,44.0,96.0,69.0,170.0,170.0,170.0,170.0,25.0,20.0,11.0,8.0,15.0,0.0,0.0
126.12,53,189719.0,600.0,131.0,387.0,600.0,0.0,1.0,0.0,0.0,0.5,0.046,0.261,0.5,0.508,0.057,0.264,0.511,0.0,0.0,-1.52,-5.28,-1.32,-0.54,2.99,0.0,0.0,6.0,0.0,0.0,0.0,1.0,1.0,-31.6,-36.0,-32.0,-31.1,-29.4,-24.8,-29.4,-24.8,71.0,45.0,92.0,71.0,170.0,170.0,170.0,170.0,25.0,20.0,11.0,8.0,15.0,0.0,0.0
126.186,53,189772.0,600.0,131.0,387.0,600.0,0.0,1.0,0.0,0.0,0.5,0.046,0.261,0.5,0.508,0.057,0.264,0.511,0.0,0.0,-1.44,-5.48,-1.44,-0.54,2.31,0.0,0.0,6.0,0.0,0.0,0.0,1.0,1.0,-31.6,-36.0,-32.0,-31.1,-29.4,-24.8,-29.4,-24.8,71.0,45.0,92.0,71.0,170.0,170.0,170.0,170.0,25.0,20.0,11.0,8.0,15.0,0.0,0.0
126.218,54,189826.0,600.0,131.0,387.0,600.0,0.0,1.0,0.0,0.0,0.5,0.046,0.261,0.5,0.508,0.057,0.264,0.511,0.0,0.0,-1.38,-5.34,-1.14,-0.54,0.93,0.0,0.0,6.0,0.0,0.0,0.0,1.0,1.0,-31.5,-35.4,-37.3,-32.8,-27.4,-26.8,-27.4,-26.8,67.0,49.0,85.0,76.0,170.0,170.0,170.0,170.0,43.0,22.0,36.0,90.0,15.0,0.0,1.0
126.285,53,189879.0,600.0,131.0,289.0,600.0,0.0,1.0,1.0,0.0,0.5,0.046,0.261,0.5,0.508,0.057,0.264,0.511,0.0,0.0,-1.48,-5.37,-1.08,-0.54,0.27,0.0,0.0,6.0,0.0,0.0,0.0,1.0,1.0,-30.6,-34.9,-39.7,-36.4,-28.8,-25.5,-28.8,-25.5,70.0,42.0,88.0,71.0,170.0,170.0,170.0,170.0,43.0,22.0,36.0,90.0,15.0,0.0,0.0
126.351,53,189932.0,600.0,131.0,289.0,600.0,0.0,1.0,1.0,0.0,0.5,0.046,0.222,0.5,0.508,0.056,0.236,0.511,0.0,0.0,-1.47,-5.51,-1.26,-0.54,1.65,0.0,0.0,6.0,0.0,0.0,0.0,1.0,1.0,-30.4,-35.8,-41.0,-40.3,-30.0,-24.2,-30.0,-24.2,73.0,40.0,92.0,66.0,170.0,170.0,170.0,170.0,43.0,22.0,36.0,90.0,15.0,0.0,1.0
126.387,53,189985.0,600.0,131.0,289.0,600.0,0.0,1.0,1.0,0.0,0.5,0.046,0.222,0.5,0.508,0.056,0.236,0.511,0.0,0.0,-1.26,-5.55,-1.64,-0.54,2.92,0.0,0.0,6.0,0.0,0.0,0.0,1.0,1.0,-32.6,-35.3,-40.2,-40.9,-31.4,-22.8,-31.4,-22.8,76.0,38.0,97.0,62.0,170.0,170.0,170.0,170.0,43.0,22.0,36.0,90.0,15.0,0.0,0.0
126.452,53,190038.0,600.0,130.0,289.0,600.0,0.0,1.0,1.0,0.0,0.5,0.046,0.222,0.5,0.508,0.056,0.236,0.511,0.0,0.0,-1.36,-5.48,-1.81,-0.54,4.32,0.0,0.0,6.0,0.0,0.0,0.0,1.0,1.0,-34.6,-35.3,-37.3,-41.8,-32.7,-21.5,-32.7,-21.5,78.0,36.0,99.0,59.0,170.0,170.0,170.0,170.0,43.0,22.0,36.0,90.0,15.0,0.0,0.0
126.485,54,190092.0,600.0,130.0,390.0,600.0,0.0,1.0,0.0,0.0,0.5,0.046,0.222,0.5,0.508,0.056,0.236,0.511,0.0,0.0,-1.6,-5.53,-1.61,-0.54,5.58,0.0,0.0,6.0,0.0,0.0,0.0,1.0,1.0,-34.9,-35.9,-36.5,-41.4,-34.0,-20.2,-34.0,-20.2,82.0,33.0,103.0,55.0,170.0,170.0,170.0,170.0,43.0,22.0,36.0,90.0,15.0,0.0,1.0
126.55,53,190145.0,600.0,130.0,390.0,575.0,0.0,1.0,0.0,0.0,0.5,0.045,0.262,0.489,0.508,0.056,0.264,0.501,0.0,0.0,-1.23,-5.56,-1.86,-0.54,6.91,0.0,0.0,6.0,0.0,0.0,0.0,1.0,1.0,-35.8,-36.6,-34.6,-39.9,-34.0,-20.3,-34.0,-20.3,81.0,33.0,103.0,55.0,170.0,170.0,170.0,170.0,43.0,22.0,36.0,90.0,15.0,0.0,0.0
126.627,53,190198.0,600.0,130.0,390.0,575.0,0.0,1.0,0.0,0.0,0.5,0.045,0.262,0.489,0.508,0.056,0.264,0.501,0.0,0.0,-1.29,-5.56,-1.96,-0.54,6.86,0.0,0.0,6.0,0.0,0.0,0.0,1.0,1.0,-35.8,-35.7,-31.4,-38.9,-32.7,-21.5,-32.7,-21.5,78.0,35.0,100.0,59.0,170.0,170.0,170.0,170.0,43.0,22.0,36.0,90.0,15.0,0.0,0.0
126.66,52,190250.0,600.0,129.0,390.0,575.0,0.0,1.0,0.0,0.0,0.5,0.045,0.262,0.489,0.508,0.056,0.264,0.501,0.0,0.0,-1.39,-5.47,-1.72,-0.54,5.63,0.0,0.0,6.0,0.0,0.0,0.0,1.0,1.0,-35.3,-35.7,-30.0,-37.5,-31.5,-22.7,-31.5,-22.7,76.0,37.0,97.0,63.0,170.0,170.0,170.0,170.0,43.0,22.0,36.0,90.0,15.0,0.0,0.0
126.693,54,190304.0,600.0,129.0,390.0,575.0,0.0,1.0,0.0,0.0,0.5,0.045,0.262,0.489,0.508,0.056,0.264,0.501,0.0,0.0,-1.41,-5.54,-1.48,-0.54,4.42,0.0,0.0,6.0,0.0,0.0,0.0,1.0,1.0,-34.8,-36.6,-27.3,-35.4,-30.5,-23.7,-30.5,-23.7,73.0,39.0,96.0,66.0,170.0,170.0,170.0,170.0,43.0,22.0,36.0,90.0,15.0,0.0,1.0
126.758,53,190357.0,600.0,129.0,390.0,564.0,0.0,1.0,0.0,0.0,0.5,0.044,0.281,0.478,0.508,0.056,0.285,0.491,0.0,0.0,-1.36,-5.63,-1.37,-0.54,3.4,0.0,0.0,6.0,0.0,0.0,0.0,1.0,1.0,-34.7,-36.6,-25.9,-33.7,-29.3,-25.0,-29.3,-25.0,70.0,41.0,94.0,70.0,170.0,170.0,170.0,170.0,11.0,10.0,16.0,34.0,15.0,0.0,0.0
126.83,54,190411.0,600.0,129.0,390.0,564.0,0.0,1.0,0.0,0.0,0.5,0.044,0.281,0.478,0.508,0.056,0.285,0.491,0.0,0.0,-1.3,-5.54,-0.73,-0.54,2.15,0.0,0.0,6.0,0.0,0.0,0.0,1.0,1.0,-34.4,-37.0,-27.0,-31.8,-27.9,-26.3,-27.9,-26.3,67.0,43.0,92.0,75.0,170.0,170.0,170.0,170.0,11.0,10.0,16.0,34.0,15.0,0.0,1.0
126.862,53,190464.0,600.0,127.0,390.0,564.0,0.0,1.0,0.0,0.0,0.5,0.044,0.281,0.478,0.508,0.056,0.285,0.491,0.0,0.0,-1.21,-5.53,-0.59,-0.54,0.78,0.0,0.0,6.0,0.0,0.0,0.0,1.0,1.0,-33.9,-37.1,-26.1,-30.7,-26.6,-27.7,-26.6,-27.7,64.0,45.0,88.0,79.0,170.0,170.0,170.0,170.0,11.0,10.0,16.0,34.0,15.0,0.0,0.0
126.928,54,190518.0,600.0,127.0,387.0,564.0,0.0,1.0,0.0,0.0,0.5,0.044,0.281,0.478,0.508,0.056,0.285,0.491,0.0,0.0,-1.31,-5.51,-0.38,-0.54,-0.55,0.0,0.0,6.0,0.0,0.0,0.0,1.0,1.0,-34.1,-37.6,-25.6,-29.4,-25.2,-29.1,-25.2,-29.1,61.0,48.0,82.0,83.0,170.0,170.0,170.0,170.0,11.0,10.0,16.0,34.0,15.0,0.0,0.0
126.961,53,190571.0,600.0,127.0,387.0,553.0,0.0,1.0,0.0,0.0,0.5,0.044,0.288,0.468,0.508,0.055,0.294,0.481,0.0,0.0,-1.65,-5.52,-0.41,-0.54,-1.95,0.0,0.0,6.0,0.0,0.0,0.0,1.0,1.0,-33.3,-36.9,-26.6,-29.5,-23.9,-30.3,-23.9,-30.3,58.0,50.0,77.0,90.0,170.0,170.0,170.0,170.0,11.0,10.0,16.0,34.0,15.0,0.0,0.0
127.027,53,190624.0,600.0,127.0,387.0,553.0,0.0,1.0,0.0,0.0,0.5,0.044,0.288,0.468,0.508,0.055,0.294,0.481,0.0,0.0,-1.53,-5.5,-0.28,-0.54,-3.2,0.0,0.0,6.0,0.0,0.0,0.0,1.0,1.0,-33.3,-35.8,-28.3,-29.7,-24.8,-29.5,-24.8,-29.5,60.0,49.0,79.0,84.0,170.0,170.0,170.0,170.0,11.0,10.0,16.0,34.0,15.0,0.0,0.0
127.091,53,190677.0,600.0,128.0,387.0,553.0,0.0,1.0,0.0,0.0,0.5,0.044,0.288,0.468,0.508,0.055,0.294,0.481,0.0,0.0,-1.3,-5.45,-0.24,-0.54,-2.37,0.0,0.0,6.0,0.0,0.0,0.0,1.0,1.0,-31.4,-34.8,-29.0,-31.7,-26.0,-28.2,-26.0,-28.2,63.0,47.0,83.0,80.0,170.0,170.0,170.0,170.0,11.0,10.0,16.0,34.0,15.0,0.0,0.0
127.122,53,190730.0,600.0,128.0,387.0,553.0,0.0,1.0,0.0,0.0,0.5,0.044,0.288,0.468,0.508,0.055,0.294,0.481,0.0,0.0,-1.66,-5.44,-0.79,-0.54,-1.12,0.0,0.0,6.0,0.0,0.0,0.0,1.0,1.0,-31.2,-34.4,-33.1,-34.2,-27.4,-26.9,-27.4,-26.9,67.0,45.0,86.0,76.0,170.0,170.0,170.0,170.0,11.0,10.0,16.0,34.0,15.0,0.0,0.0
127.189,53,190783.0,600.0,128.0,387.0,547.0,0.0,1.0,0.0,0.0,0.5,0.043,0.291,0.461,0.507,0.055,0.298,0.473,0.0,0.0,-1.75,-5.51,-1.0,-0.54,0.23,0.0,0.0,6.0,0.0,0.0,0.0,1.0,1.0,-30.8,-34.0,-35.4,-35.6,-28.7,-25.6,-28.7,-25.6,70.0,43.0,89.0,72.0,170.0,170.0,170.0,170.0,11.0,10.0,16.0,34.0,15.0,0.0,0.0
127.254,53,190836.0,600.0,128.0,387.0,547.0,0.0,1.0,0.0,0.0,0.5,0.043,0.291,0.461,0.507,0.055,0.298,0.473,0.0,0.0,-1.62,-5.51,-1.15,-0.54,1.56,0.0,0.0,6.0,0.0,0.0,0.0,1.0,1.0,-30.8,-34.0,-35.4,-35.6,-28.7,-25.6,-28.7,-25.6,70.0,43.0,93.0,68.0,170.0,170.0,170.0,170.0,11.0,10.0,16.0,34.0,15.0,0.0,1.0
127.285,54,190890.0,600.0,127.0,387.0,547.0,0.0,1.0,0.0,0.0,0.5,0.043,0.291,0.461,0.507,0.055,0.298,0.473,0.0,0.0,-1.45,-5.44,-1.13,-0.54,2.91,0.0,0.0,6.0,0.0,0.0,0.0,1.0,1.0,-30.3,-34.2,-37.8,-34.6,-20.8,-14.1,-20.8,-14.1,46.0,15.0,57.0,31.0,170.0,170.0,170.0,170.0,37.0,18.0,47.0,6.0,15.0,0.0,1.0
127.35,55,190945.0,600.0,127.0,485.0,547.0,0.0,1.0,0.0,0.0,0.5,0.043,0.291,0.461,0.507,0.055,0.298,0.473,0.0,0.0,-1.54,-5.51,-1.15,-0.54,3.36,0.0,0.0,0.0,0.0,0.0,0.0,1.0,1.0,-33.3,-34.2,-35.6,-33.9,0.0,0.0,0.0,0.0,0.0,0.0,0.0,0.0,170.0,170.0,170.0,170.0,37.0,18.0,47.0,6.0,15.0,0.0,0.0
127.39,53,190998.0,600.0,127.0,485.0,546.0,0.0,1.0,0.0,0.0,0.5,0.043,0.347,0.456,0.507,0.056,0.346,0.469,0.0,0.0,-1.81,-5.68,-1.05,-0.54,0.0,0.0,0.0,0.0,0.0,0.0,0.0,1.0,1.0,-33.3,-34.2,-35.6,-33.9,0.0,0.0,0.0,0.0,0.0,0.0,0.0,0.0,170.0,170.0,170.0,170.0,37.0,18.0,47.0,6.0,15.0,0.0,1.0
127.454,54,191052.0,600.0,127.0,485.0,546.0,0.0,1.0,0.0,0.0,0.5,0.043,0.347,0.456,0.507,0.056,0.346,0.469,0.0,0.0,-1.61,-5.62,-0.88,-0.54,0.0,0.0,0.0,0.0,0.0,0.0,0.0,1.0,1.0,-28.6,-28.4,-29.2,-26.9,0.0,0.0,0.0,0.0,0.0,0.0,0.0,0.0,170.0,170.0,170.0,170.0,37.0,18.0,47.0,6.0,15.0,0.0,0.0
127.518,51,191103.0,600.0,127.0,485.0,546.0,0.0,1.0,0.0,0.0,0.5,0.043,0.347,0.456,0.507,0.056,0.346,0.469,0.0,0.0,-1.55,-5.54,-0.71,-0.54,0.0,0.0,0.0,0.0,0.0,0.0,0.0,1.0,1.0,-28.6,-28.4,-29.2,-26.9,0.0,0.0,0.0,0.0,0.0,0.0,0.0,0.0,170.0,170.0,170.0,170.0,37.0,18.0,47.0,6.0,15.0,0.0,0.0
127.56,53,191156.0,600.0,127.0,485.0,546.0,0.0,1.0,0.0,0.0,0.5,0.043,0.347,0.456,0.507,0.056,0.346,0.469,0.0,0.0,-1.5,-5.58,-0.49,-0.54,0.0,0.0,0.0,0.0,0.0,0.0,0.0,1.0,1.0,-22.0,-21.6,-20.7,-20.8,0.0,0.0,0.0,0.0,0.0,0.0,0.0,0.0,170.0,170.0,170.0,170.0,37.0,18.0,47.0,6.0,15.0,0.0,0.0
127.626,52,191208.0,600.0,127.0,485.0,573.0,0.0,1.0,0.0,0.0,0.5,0.043,0.373,0.467,0.507,0.056,0.376,0.478,0.0,0.0,-1.5,-5.63,-0.23,-0.54,0.0,0.0,0.0,0.0,0.0,0.0,0.0,1.0,1.0,-22.0,-19.3,-18.5,-18.2,0.0,0.0,0.0,0.0,0.0,0.0,0.0,0.0,170.0,170.0,170.0,170.0,37.0,18.0,47.0,6.0,15.0,0.0,0.0
127.658,54,191262.0,600.0,127.0,485.0,573.0,0.0,1.0,0.0,0.0,0.5,0.043,0.373,0.467,0.507,0.056,0.376,0.478,0.0,0.0,-1.51,-5.62,-0.23,-0.54,0.0,0.0,0.0,0.0,0.0,0.0,0.0,1.0,1.0,-17.1,-17.0,-16.5,-16.0,0.0,0.0,0.0,0.0,0.0,0.0,0.0,0.0,170.0,170.0,170.0,170.0,37.0,18.0,47.0,6.0,15.0,0.0,0.0
127.721,51,191313.0,600.0,127.0,485.0,573.0,0.0,1.0,0.0,0.0,0.5,0.043,0.373,0.467,0.507,0.056,0.376,0.478,0.0,0.0,-1.52,-5.62,-0.23,-0.54,0.0,0.0,0.0,0.0,0.0,0.0,0.0,1.0,1.0,-17.1,-14.9,-14.4,-14.1,0.0,0.0,0.0,0.0,0.0,0.0,0.0,0.0,170.0,170.0,170.0,170.0,37.0,18.0,47.0,6.0,15.0,0.0,0.0
127.755,55,191368.0,600.0,127.0,485.0,573.0,0.0,1.0,0.0,0.0,0.5,0.043,0.373,0.467,0.507,0.056,0.376,0.478,0.0,0.0,-1.54,-5.62,-0.21,-0.54,0.0,0.0,0.0,0.0,0.0,0.0,0.0,1.0,1.0,-13.3,-13.1,-12.7,-12.4,0.0,0.0,0.0,0.0,0.0,0.0,0.0,0.0,170.0,170.0,170.0,170.0,31.0,22.0,47.0,6.0,15.0,0.0,0.0
127.831,52,191420.0,600.0,127.0,485.0,588.0,0.0,1.0,0.0,0.0,0.5,0.043,0.385,0.48,0.508,0.056,0.39,0.49,0.0,0.0,-1.55,-5.62,-0.21,-0.54,0.0,0.0,0.0,0.0,0.0,0.0,0.0,1.0,1.0,-11.7,-11.6,-11.2,-10.9,0.0,0.0,0.0,0.0,0.0,0.0,0.0,0.0,170.0,170.0,170.0,170.0,31.0,22.0,47.0,6.0,15.0,0.0,0.0
127.864,53,191473.0,600.0,127.0,485.0,588.0,0.0,1.0,0.0,0.0,0.5,0.043,0.385,0.48,0.508,0.056,0.39,0.49,0.0,0.0,-1.55,-5.63,-0.2,-0.54,0.0,0.0,0.0,0.0,0.0,0.0,0.0,1.0,1.0,-10.3,-10.2,-9.8,-9.6,0.0,0.0,0.0,0.0,0.0,0.0,0.0,0.0,170.0,170.0,170.0,170.0,31.0,22.0,47.0,6.0,15.0,0.0,0.0
127.929,52,191525.0,600.0,127.0,485.0,588.0,0.0,1.0,0.0,0.0,0.5,0.043,0.385,0.48,0.508,0.056,0.39,0.49,0.0,0.0,-1.57,-5.62,-0.2,-0.54,0.0,0.0,0.0,0.0,0.0,0.0,0.0,1.0,1.0,-9.0,-9.0,-8.7,-8.5,0.0,0.0,0.0,0.0,0.0,0.0,0.0,0.0,170.0,170.0,170.0,170.0,31.0,22.0,47.0,6.0,15.0,0.0,1.0
128.003,53,191578.0,600.0,127.0,600.0,588.0,0.0,1.0,0.0,0.0,0.5,0.043,0.385,0.48,0.508,0.056,0.39,0.49,0.0,0.0,-1.57,-5.62,-0.2,-0.54,0.0,0.0,0.0,0.0,0.0,0.0,0.0,1.0,1.0,-9.0,-9.0,-8.7,-8.5,0.0,0.0,0.0,0.0,0.0,0.0,0.0,0.0,170.0,170.0,170.0,170.0,31.0,22.0,47.0,6.0,15.0,0.0,0.0
128.036,52,191630.0,600.0,127.0,600.0,600.0,0.0,1.0,0.0,0.0,0.5,0.043,0.447,0.49,0.508,0.057,0.445,0.502,0.0,0.0,-1.59,-5.63,-0.2,-0.54,0.0,0.0,0.0,0.0,0.0,0.0,0.0,1.0,1.0,-7.0,-6.9,-6.7,-6.6,0.0,0.0,0.0,0.0,0.0,0.0,0.0,0.0,170.0,170.0,170.0,170.0,31.0,22.0,47.0,6.0,15.0,0.0,0.0
128.103,53,191683.0,600.0,127.0,600.0,600.0,0.0,1.0,0.0,0.0,0.5,0.043,0.447,0.49,0.508,0.057,0.445,0.502,0.0,0.0,-1.59,-5.63,-0.2,-0.54,0.0,0.0,0.0,0.0,0.0,0.0,0.0,1.0,1.0,-6.2,-6.1,-5.9,-5.8,0.0,0.0,0.0,0.0,0.0,0.0,0.0,0.0,170.0,170.0,170.0,170.0,31.0,22.0,47.0,6.0,15.0,0.0,0.0
128.136,51,191734.0,600.0,127.0,600.0,600.0,0.0,1.0,0.0,0.0,0.5,0.043,0.447,0.49,0.508,0.057,0.445,0.502,0.0,0.0,-1.6,-5.63,-0.2,-0.54,0.0,0.0,0.0,0.0,0.0,0.0,0.0,1.0,1.0,-5.4,-5.4,-5.2,-5.1,0.0,0.0,0.0,0.0,0.0,0.0,0.0,0.0,170.0,170.0,170.0,170.0,31.0,22.0,47.0,6.0,15.0,0.0,0.0
128.202,55,191789.0,600.0,127.0,480.0,600.0,0.0,1.0,0.0,0.0,0.5,0.043,0.447,0.49,0.508,0.057,0.445,0.502,0.0,0.0,-1.59,-5.64,-0.2,-0.54,0.0,0.0,0.0,0.0,0.0,0.0,0.0,1.0,1.0,-4.8,-4.7,-4.6,-4.5,0.0,0.0,0.0,0.0,0.0,0.0,0.0,0.0,170.0,170.0,170.0,170.0,31.0,22.0,47.0,6.0,15.0,0.0,0.0
128.235,53,191842.0,600.0,127.0,480.0,605.0,0.0,1.0,0.0,0.0,0.5,0.043,0.416,0.498,0.508,0.056,0.429,0.51,0.0,0.0,-1.59,-5.64,-0.2,-0.54,0.0,0.0,0.0,0.0,0.0,0.0,0.0,1.0,1.0,-4.2,-4.2,-4.0,-3.9,0.0,0.0,0.0,0.0,0.0,0.0,0.0,0.0,170.0,170.0,170.0,170.0,31.0,22.0,47.0,6.0,15.0,0.0,1.0
128.3,53,191895.0,600.0,127.0,480.0,605.0,0.0,1.0,0.0,0.0,0.5,0.043,0.416,0.498,0.508,0.056,0.429,0.51,0.0,0.0,-1.59,-5.65,-0.2,-0.54,0.0,0.0,0.0,0.0,0.0,0.0,0.0,1.0,1.0,-3.7,-3.7,-3.5,-3.5,0.0,0.0,0.0,0.0,0.0,0.0,0.0,0.0,170.0,170.0,170.0,170.0,31.0,22.0,47.0,6.0,15.0,0.0,0.0
128.333,51,191946.0,600.0,126.0,480.0,605.0,0.0,1.0,0.0,0.0,0.5,0.043,0.416,0.498,0.508,0.056,0.429,0.51,0.0,0.0,-1.58,-5.64,-0.2,-0.54,0.0,0.0,0.0,0.0,0.0,0.0,0.0,1.0,1.0,-3.7,-3.7,-3.1,-3.0,0.0,0.0,0.0,0.0,0.0,0.0,0.0,0.0,170.0,170.0,170.0,170.0,31.0,22.0,47.0,6.0,15.0,0.0,0.0
128.399,53,191999.0,600.0,126.0,480.0,605.0,0.0,1.0,0.0,0.0,0.5,0.043,0.416,0.498,0.508,0.056,0.429,0.51,0.0,0.0,-1.58,-5.64,-0.21,-0.54,0.0,0.0,0.0,0.0,0.0,0.0,0.0,1.0,1.0,-2.9,-2.8,-2.7,-2.7,0.0,0.0,0.0,0.0,0.0,0.0,0.0,0.0,170.0,170.0,170.0,170.0,31.0,22.0,47.0,6.0,15.0,0.0,0.0
128.463,52,192051.0,600.0,126.0,480.0,609.0,0.0,1.0,0.0,0.0,0.5,0.043,0.402,0.503,0.508,0.056,0.413,0.515,0.0,0.0,-1.55,-5.64,-0.21,-0.54,0.0,0.0,0.0,0.0,0.0,0.0,0.0,1.0,1.0,-2.5,-2.5,-2.4,-2.4,0.0,0.0,0.0,0.0,0.0,0.0,0.0,0.0,170.0,170.0,170.0,170.0,31.0,22.0,47.0,6.0,15.0,0.0,0.0
128.495,53,192104.0,600.0,126.0,480.0,609.0,0.0,1.0,0.0,0.0,0.5,0.043,0.402,0.503,0.508,0.056,0.413,0.515,0.0,0.0,-1.55,-5.64,-0.21,-0.54,0.0,0.0,0.0,0.0,0.0,0.0,0.0,1.0,1.0,-2.2,-2.2,-2.1,-2.1,0.0,0.0,0.0,0.0,0.0,0.0,0.0,0.0,170.0,170.0,170.0,170.0,31.0,22.0,47.0,6.0,15.0,0.0,0.0
128.559,51,192155.0,600.0,126.0,480.0,609.0,0.0,1.0,0.0,0.0,0.5,0.043,0.402,0.503,0.508,0.056,0.413,0.515,0.0,0.0,-1.54,-5.64,-0.21,-0.54,0.0,0.0,0.0,0.0,0.0,0.0,0.0,1.0,1.0,-2.2,-2.2,-2.1,-2.1,0.0,0.0,0.0,0.0,0.0,0.0,0.0,0.0,170.0,170.0,170.0,170.0,31.0,22.0,47.0,6.0,15.0,0.0,0.0
128.627,55,192210.0,600.0,126.0,480.0,609.0,0.0,1.0,0.0,0.0,0.5,0.043,0.402,0.503,0.508,0.056,0.413,0.515,0.0,0.0,-1.52,-5.64,-0.21,-0.54,0.0,0.0,0.0,0.0,0.0,0.0,0.0,1.0,1.0,-1.7,-1.7,-1.6,-1.6,0.0,0.0,0.0,0.0,0.0,0.0,0.0,0.0,170.0,170.0,170.0,170.0,31.0,22.0,47.0,6.0,15.0,0.0,0.0
128.66,52,192262.0,600.0,126.0,480.0,609.0,0.0,1.0,0.0,0.0,0.5,0.043,0.396,0.505,0.508,0.056,0.405,0.518,0.0,0.0,-1.51,-5.64,-0.21,-0.54,0.0,0.0,0.0,0.0,0.0,0.0,0.0,1.0,1.0,-1.5,-1.5,-1.4,-1.4,0.0,0.0,0.0,0.0,0.0,0.0,0.0,0.0,170.0,170.0,170.0,170.0,31.0,22.0,47.0,6.0,15.0,0.0,1.0
128.724,53,192315.0,600.0,126.0,480.0,609.0,0.0,1.0,0.0,0.0,0.5,0.043,0.396,0.505,0.508,0.056,0.405,0.518,0.0,0.0,-1.5,-5.64,-0.21,-0.54,0.0,0.0,0.0,0.0,0.0,0.0,0.0,1.0,1.0,-1.3,-1.3,-1.3,-1.2,0.0,0.0,0.0,0.0,0.0,0.0,0.0,0.0,170.0,170.0,170.0,170.0,31.0,22.0,47.0,6.0,15.0,0.0,0.0
128.757,52,192367.0,600.0,126.0,480.0,609.0,0.0,1.0,0.0,0.0,0.5,0.043,0.396,0.505,0.508,0.056,0.405,0.518,0.0,0.0,-1.48,-5.65,-0.21,-0.54,0.0,0.0,0.0,0.0,0.0,0.0,0.0,1.0,1.0,-1.3,-1.3,-1.1,-1.1,0.0,0.0,0.0,0.0,0.0,0.0,0.0,0.0,170.0,170.0,170.0,170.0,31.0,22.0,47.0,6.0,15.0,0.0,0.0
128.823,54,192421.0,600.0,126.0,480.0,609.0,0.0,1.0,0.0,0.0,0.5,0.043,0.396,0.505,0.508,0.056,0.405,0.518,0.0,0.0,-1.48,-5.65,-0.21,-0.54,0.0,0.0,0.0,0.0,0.0,0.0,0.0,1.0,1.0,-1.0,-1.0,-1.0,-1.0,0.0,0.0,0.0,0.0,0.0,0.0,0.0,0.0,170.0,170.0,170.0,170.0,31.0,22.0,47.0,6.0,15.0,0.0,0.0
128.888,52,192473.0,600.0,126.0,480.0,608.0,0.0,1.0,0.0,0.0,0.5,0.042,0.393,0.506,0.508,0.055,0.402,0.519,0.0,0.0,-1.47,-5.64,-0.22,-0.54,0.0,0.0,0.0,0.0,0.0,0.0,0.0,1.0,1.0,-0.9,-0.9,-0.9,-0.8,0.0,0.0,0.0,0.0,0.0,0.0,0.0,0.0,170.0,170.0,170.0,170.0,31.0,22.0,47.0,6.0,15.0,0.0,1.0
128.919,53,192526.0,600.0,126.0,480.0,608.0,0.0,1.0,0.0,0.0,0.5,0.042,0.393,0.506,0.508,0.055,0.402,0.519,0.0,0.0,-1.45,-5.64,-0.22,-0.54,0.0,0.0,0.0,0.0,0.0,0.0,0.0,1.0,1.0,-0.8,-0.8,-0.8,-0.7,0.0,0.0,0.0,0.0,0.0,0.0,0.0,0.0,170.0,170.0,170.0,170.0,31.0,22.0,47.0,6.0,15.0,0.0,1.0
128.99,53,192579.0,600.0,127.0,480.0,608.0,0.0,1.0,0.0,0.0,0.5,0.042,0.393,0.506,0.508,0.055,0.402,0.519,0.0,0.0,-1.45,-5.64,-0.22,-0.54,0.0,0.0,0.0,0.0,0.0,0.0,0.0,1.0,1.0,-0.8,-0.8,-0.8,-0.7,0.0,0.0,0.0,0.0,0.0,0.0,0.0,0.0,170.0,170.0,170.0,170.0,31.0,22.0,47.0,6.0,15.0,0.0,0.0
129.022,54,192633.0,600.0,127.0,480.0,608.0,0.0,1.0,0.0,0.0,0.5,0.042,0.393,0.506,0.508,0.055,0.402,0.519,0.0,0.0,-1.44,-5.64,-0.22,-0.54,0.0,0.0,0.0,0.0,0.0,0.0,0.0,1.0,1.0,-0.6,-0.6,-0.6,-0.6,0.0,0.0,0.0,0.0,0.0,0.0,0.0,0.0,170.0,170.0,170.0,170.0,31.0,22.0,47.0,6.0,15.0,0.0,0.0
129.088,52,192685.0,600.0,127.0,480.0,612.0,0.0,1.0,0.0,0.0,0.5,0.042,0.392,0.508,0.508,0.055,0.4,0.521,0.0,0.0,-1.43,-5.64,-0.22,-0.54,0.0,0.0,0.0,0.0,0.0,0.0,0.0,1.0,1.0,-0.5,-0.5,-0.5,-0.5,0.0,0.0,0.0,0.0,0.0,0.0,0.0,0.0,170.0,170.0,170.0,170.0,31.0,22.0,47.0,6.0,15.0,0.0,0.0
129.154,53,192738.0,600.0,127.0,480.0,612.0,0.0,1.0,0.0,0.0,0.5,0.042,0.392,0.508,0.508,0.055,0.4,0.521,0.0,0.0,-1.43,-5.64,-0.21,-0.54,0.0,0.0,0.0,0.0,0.0,0.0,0.0,1.0,1.0,-0.5,-0.5,-0.5,-0.5,0.0,0.0,0.0,0.0,0.0,0.0,0.0,0.0,170.0,170.0,170.0,170.0,31.0,22.0,47.0,6.0,15.0,0.0,1.0
129.195,53,192791.0,600.0,126.0,480.0,612.0,0.0,1.0,0.0,0.0,0.5,0.042,0.392,0.508,0.508,0.055,0.4,0.521,0.0,0.0,-1.42,-5.64,-0.22,-0.54,0.0,0.0,0.0,0.0,0.0,0.0,0.0,1.0,1.0,-0.4,-0.4,-0.4,-0.4,0.0,0.0,0.0,0.0,0.0,0.0,0.0,0.0,170.0,170.0,170.0,170.0,31.0,22.0,47.0,6.0,15.0,0.0,0.0
129.229,52,192843.0,600.0,126.0,600.0,612.0,0.0,1.0,0.0,0.0,0.5,0.042,0.392,0.508,0.508,0.055,0.4,0.521,0.0,0.0,-1.41,-5.64,-0.22,-0.54,0.0,0.0,0.0,0.0,0.0,0.0,0.0,1.0,1.0,-0.4,-0.4,-0.4,-0.3,0.0,0.0,0.0,0.0,0.0,0.0,0.0,0.0,170.0,170.0,170.0,170.0,31.0,22.0,47.0,6.0,15.0,0.0,0.0
129.295,52,192895.0,600.0,126.0,600.0,614.0,0.0,1.0,0.0,0.0,0.5,0.042,0.45,0.51,0.508,0.056,0.449,0.523,0.0,0.0,-1.41,-5.64,-0.22,-0.54,0.0,0.0,0.0,0.0,0.0,0.0,0.0,1.0,1.0,-0.3,-0.3,-0.3,-0.3,0.0,0.0,0.0,0.0,0.0,0.0,0.0,0.0,170.0,170.0,170.0,170.0,31.0,22.0,47.0,6.0,15.0,0.0,0.0
129.36,53,192948.0,600.0,126.0,600.0,614.0,0.0,1.0,0.0,0.0,0.5,0.042,0.45,0.51,0.508,0.056,0.449,0.523,0.0,0.0,-1.4,-5.64,-0.22,-0.54,0.0,0.0,0.0,0.0,0.0,0.0,0.0,1.0,1.0,-0.3,-0.3,-0.3,-0.3,0.0,0.0,0.0,0.0,0.0,0.0,0.0,0.0,170.0,170.0,170.0,170.0,31.0,22.0,47.0,6.0,15.0,0.0,0.0
129.392,55,193003.0,600.0,126.0,600.0,614.0,0.0,1.0,0.0,0.0,0.5,0.042,0.45,0.51,0.508,0.056,0.449,0.523,0.0,0.0,-1.4,-5.64,-0.22,-0.54,0.0,0.0,0.0,0.0,0.0,0.0,0.0,1.0,1.0,-0.3,-0.2,-0.3,-0.2,0.0,0.0,0.0,0.0,0.0,0.0,0.0,0.0,170.0,170.0,170.0,170.0,31.0,22.0,47.0,6.0,15.0,0.0,0.0
129.456,53,193056.0,600.0,126.0,600.0,614.0,0.0,1.0,0.0,0.0,0.5,0.042,0.45,0.51,0.508,0.056,0.449,0.523,0.0,0.0,-1.4,-5.64,-0.22,-0.54,0.0,0.0,0.0,0.0,0.0,0.0,0.0,1.0,1.0,-0.3,-0.2,-0.3,-0.2,0.0,0.0,0.0,0.0,0.0,0.0,0.0,0.0,170.0,170.0,170.0,170.0,31.0,22.0,47.0,6.0,15.0,0.0,0.0
129.521,53,193109.0,600.0,126.0,600.0,616.0,0.0,1.0,0.0,0.0,0.5,0.042,0.477,0.512,0.508,0.056,0.48,0.526,0.0,0.0,-1.39,-5.64,-0.22,-0.54,0.0,0.0,0.0,0.0,0.0,0.0,0.0,1.0,1.0,-0.2,-0.2,-0.2,-0.2,0.0,0.0,0.0,0.0,0.0,0.0,0.0,0.0,170.0,170.0,170.0,170.0,31.0,22.0,47.0,6.0,15.0,0.0,0.0
129.554,53,193162.0,600.0,126.0,600.0,616.0,0.0,1.0,0.0,0.0,0.5,0.042,0.477,0.512,0.508,0.056,0.48,0.526,0.0,0.0,-1.39,-5.64,-0.22,-0.54,0.0,0.0,0.0,0.0,0.0,0.0,0.0,1.0,1.0,-0.2,-0.2,-0.2,-0.2,0.0,0.0,0.0,0.0,0.0,0.0,0.0,0.0,170.0,170.0,170.0,170.0,31.0,22.0,47.0,6.0,15.0,0.0,1.0
129.629,53,193215.0,600.0,125.0,600.0,616.0,0.0,1.0,0.0,0.0,0.5,0.042,0.477,0.512,0.508,0.056,0.48,0.526,0.0,0.0,-1.38,-5.64,-0.22,-0.54,0.0,0.0,0.0,0.0,0.0,0.0,0.0,1.0,1.0,-0.2,-0.1,-0.2,-0.1,0.0,0.0,0.0,0.0,0.0,0.0,0.0,0.0,170.0,170.0,170.0,170.0,31.0,22.0,47.0,6.0,15.0,0.0,0.0
129.661,52,193267.0,600.0,125.0,600.0,616.0,0.0,1.0,0.0,0.0,0.5,0.042,0.477,0.512,0.508,0.056,0.48,0.526,0.0,0.0,-1.38,-5.64,-0.22,-0.54,0.0,0.0,0.0,0.0,0.0,0.0,0.0,1.0,1.0,-0.2,-0.1,-0.2,-0.1,0.0,0.0,0.0,0.0,0.0,0.0,0.0,0.0,170.0,170.0,170.0,170.0,31.0,22.0,47.0,6.0,15.0,0.0,0.0
129.727,53,193320.0,600.0,125.0,600.0,616.0,0.0,1.0,0.0,0.0,0.5,0.042,0.489,0.512,0.508,0.056,0.495,0.527,0.0,0.0,-1.38,-5.64,-0.22,-0.54,0.0,0.0,0.0,0.0,0.0,0.0,0.0,1.0,1.0,-0.1,-0.1,-0.1,-0.1,0.0,0.0,0.0,0.0,0.0,0.0,0.0,0.0,170.0,170.0,170.0,170.0,31.0,22.0,47.0,6.0,15.0,0.0,0.0
129.759,53,193373.0,600.0,125.0,600.0,616.0,0.0,1.0,0.0,0.0,0.5,0.042,0.489,0.512,0.508,0.056,0.495,0.527,0.0,0.0,-1.38,-5.64,-0.22,-0.54,0.0,0.0,0.0,0.0,0.0,0.0,0.0,1.0,1.0,-0.1,-0.1,-0.1,-0.1,0.0,0.0,0.0,0.0,0.0,0.0,0.0,0.0,170.0,170.0,170.0,170.0,31.0,22.0,47.0,6.0,15.0,0.0,1.0
129.825,53,193426.0,600.0,124.0,600.0,616.0,0.0,1.0,0.0,0.0,0.5,0.042,0.489,0.512,0.508,0.056,0.495,0.527,0.0,0.0,-1.37,-5.64,-0.22,-0.54,0.0,0.0,0.0,0.0,0.0,0.0,0.0,1.0,1.0,-0.1,-0.1,-0.1,-0.1,0.0,0.0,0.0,0.0,0.0,0.0,0.0,0.0,170.0,170.0,170.0,170.0,31.0,22.0,47.0,6.0,15.0,0.0,0.0
129.89,53,193479.0,600.0,124.0,600.0,616.0,0.0,1.0,0.0,0.0,0.5,0.042,0.489,0.512,0.508,0.056,0.495,0.527,0.0,0.0,-1.37,-5.64,-0.22,-0.54,0.0,0.0,0.0,0.0,0.0,0.0,0.0,1.0,1.0,-0.1,-0.1,-0.1,-0.1,0.0,0.0,0.0,0.0,0.0,0.0,0.0,0.0,170.0,170.0,170.0,170.0,31.0,22.0,47.0,6.0,15.0,0.0,0.0
129.923,54,193533.0,600.0,124.0,600.0,616.0,0.0,1.0,0.0,0.0,0.5,0.042,0.495,0.513,0.508,0.056,0.502,0.527,0.0,0.0,-1.36,-5.64,-0.22,-0.54,0.0,0.0,0.0,0.0,0.0,0.0,0.0,1.0,1.0,-0.1,-0.1,-0.1,-0.1,0.0,0.0,0.0,0.0,0.0,0.0,0.0,0.0,170.0,170.0,170.0,170.0,31.0,22.0,47.0,6.0,15.0,0.0,0.0
129.998,53,193586.0,600.0,124.0,600.0,616.0,0.0,1.0,0.0,0.0,0.5,0.042,0.495,0.513,0.508,0.056,0.502,0.527,0.0,0.0,-1.36,-5.64,-0.22,-0.54,0.0,0.0,0.0,0.0,0.0,0.0,0.0,1.0,1.0,-0.1,-0.1,-0.0,-0.1,0.0,0.0,0.0,0.0,0.0,0.0,0.0,0.0,170.0,170.0,170.0,170.0,31.0,22.0,47.0,6.0,15.0,0.0,0.0
130.031,53,193639.0,600.0,124.0,600.0,616.0,0.0,1.0,0.0,0.0,0.5,0.042,0.495,0.513,0.508,0.056,0.502,0.527,0.0,0.0,-1.36,-5.64,-0.22,-0.54,0.0,0.0,0.0,0.0,0.0,0.0,0.0,1.0,1.0,-0.1,-0.1,-0.0,-0.1,0.0,0.0,0.0,0.0,0.0,0.0,0.0,0.0,170.0,170.0,170.0,170.0,31.0,22.0,47.0,6.0,15.0,0.0,0.0
130.096,52,193691.0,600.0,124.0,600.0,616.0,0.0,1.0,0.0,0.0,0.5,0.042,0.495,0.513,0.508,0.056,0.502,0.527,0.0,0.0,-1.36,-5.63,-0.22,-0.54,0.0,0.0,0.0,0.0,0.0,0.0,0.0,1.0,1.0,-0.0,-0.0,-0.1,-0.0,0.0,0.0,0.0,0.0,0.0,0.0,0.0,0.0,170.0,170.0,170.0,170.0,31.0,22.0,47.0,6.0,15.0,0.0,0.0
130.162,53,193744.0,600.0,124.0,600.0,612.0,0.0,1.0,0.0,0.0,0.5,0.041,0.498,0.511,0.508,0.056,0.505,0.526,0.0,0.0,-1.36,-5.63,-0.22,-0.54,0.0,0.0,0.0,0.0,0.0,0.0,0.0,1.0,1.0,-0.0,-0.0,-0.0,-0.0,0.0,0.0,0.0,0.0,0.0,0.0,0.0,0.0,170.0,170.0,170.0,170.0,31.0,22.0,47.0,6.0,15.0,0.0,0.0
130.195,53,193797.0,600.0,124.0,600.0,612.0,0.0,1.0,0.0,0.0,0.5,0.041,0.498,0.511,0.508,0.056,0.505,0.526,0.0,0.0,-1.36,-5.63,-0.22,-0.54,0.0,0.0,0.0,0.0,0.0,0.0,0.0,1.0,1.0,-0.0,-0.0,-0.1,-0.0,0.0,0.0,0.0,0.0,0.0,0.0,0.0,0.0,170.0,170.0,170.0,170.0,31.0,22.0,47.0,6.0,15.0,0.0,0.0
130.26,53,193850.0,600.0,124.0,600.0,612.0,0.0,1.0,0.0,0.0,0.5,0.041,0.498,0.511,0.508,0.056,0.505,0.526,0.0,0.0,-1.36,-5.63,-0.22,-0.54,0.0,0.0,0.0,0.0,0.0,0.0,0.0,1.0,1.0,-0.0,-0.0,-0.0,-0.0,0.0,0.0,0.0,0.0,0.0,0.0,0.0,0.0,170.0,170.0,170.0,170.0,31.0,22.0,47.0,6.0,15.0,0.0,0.0
130.292,54,193904.0,600.0,124.0,496.0,612.0,0.0,1.0,0.0,0.0,0.5,0.041,0.498,0.511,0.508,0.056,0.505,0.526,0.0,0.0,-1.36,-5.63,-0.22,-0.54,0.0,0.0,0.0,0.0,0.0,0.0,0.0,1.0,1.0,-0.0,-0.0,-0.0,-0.0,0.0,0.0,0.0,0.0,0.0,0.0,0.0,0.0,170.0,170.0,170.0,170.0,31.0,22.0,47.0,6.0,15.0,0.0,1.0
130.358,53,193957.0,600.0,124.0,496.0,614.0,0.0,1.0,0.0,0.0,0.5,0.041,0.448,0.511,0.508,0.055,0.464,0.525,0.0,0.0,-1.36,-5.63,-0.22,-0.54,0.0,0.0,0.0,0.0,0.0,0.0,0.0,1.0,1.0,-0.0,-0.0,-0.0,-0.0,0.0,0.0,0.0,0.0,0.0,0.0,0.0,0.0,170.0,170.0,170.0,170.0,31.0,22.0,47.0,6.0,15.0,0.0,0.0
130.425,53,194010.0,600.0,124.0,496.0,614.0,0.0,1.0,0.0,0.0,0.5,0.041,0.448,0.511,0.508,0.055,0.464,0.525,0.0,0.0,-1.35,-5.63,-0.22,-0.54,0.0,0.0,0.0,0.0,0.0,0.0,0.0,1.0,1.0,-0.0,-0.0,-0.0,-0.0,0.0,0.0,0.0,0.0,0.0,0.0,0.0,0.0,170.0,170.0,170.0,170.0,31.0,22.0,47.0,6.0,15.0,0.0,0.0
130.457,53,194063.0,600.0,124.0,496.0,614.0,0.0,1.0,0.0,0.0,0.5,0.041,0.448,0.511,0.508,0.055,0.464,0.525,0.0,0.0,-1.35,-5.63,-0.22,-0.54,0.0,0.0,0.0,0.0,0.0,0.0,0.0,1.0,1.0,-0.0,-0.0,-0.0,-0.0,0.0,0.0,0.0,0.0,0.0,0.0,0.0,0.0,170.0,170.0,170.0,170.0,31.0,22.0,47.0,6.0,15.0,0.0,0.0
130.523,53,194116.0,600.0,124.0,496.0,614.0,0.0,1.0,0.0,0.0,0.5,0.041,0.448,0.511,0.508,0.055,0.464,0.525,0.0,0.0,-1.35,-5.63,-0.22,-0.54,0.0,0.0,0.0,0.0,0.0,0.0,0.0,1.0,1.0,-0.0,-0.0,-0.0,-0.0,0.0,0.0,0.0,0.0,0.0,0.0,0.0,0.0,170.0,170.0,170.0,170.0,31.0,22.0,47.0,6.0,15.0,0.0,0.0
130.556,52,194168.0,600.0,124.0,496.0,616.0,0.0,1.0,0.0,0.0,0.5,0.041,0.426,0.512,0.508,0.055,0.438,0.526,0.0,0.0,-1.35,-5.63,-0.22,-0.54,0.0,0.0,0.0,0.0,0.0,0.0,0.0,1.0,1.0,-0.0,-0.0,-0.0,-0.0,0.0,0.0,0.0,0.0,0.0,0.0,0.0,0.0,170.0,170.0,170.0,170.0,31.0,22.0,47.0,6.0,15.0,0.0,1.0
130.622,53,194221.0,600.0,124.0,496.0,616.0,0.0,1.0,0.0,0.0,0.5,0.041,0.426,0.512,0.508,0.055,0.438,0.526,0.0,0.0,-1.35,-5.63,-0.22,-0.54,0.0,0.0,0.0,0.0,0.0,0.0,0.0,1.0,1.0,-0.0,-0.0,-0.0,-0.0,0.0,0.0,0.0,0.0,0.0,0.0,0.0,0.0,170.0,170.0,170.0,170.0,31.0,22.0,47.0,6.0,15.0,0.0,0.0
130.687,52,194273.0,600.0,125.0,496.0,616.0,0.0,1.0,0.0,0.0,0.5,0.041,0.426,0.512,0.508,0.055,0.438,0.526,0.0,0.0,-1.35,-5.63,-0.22,-0.54,0.0,0.0,0.0,0.0,0.0,0.0,0.0,1.0,1.0,-0.0,-0.0,0.0,-0.0,0.0,0.0,0.0,0.0,0.0,0.0,0.0,0.0,170.0,170.0,170.0,170.0,31.0,22.0,47.0,6.0,15.0,0.0,0.0
130.72,54,194327.0,600.0,125.0,496.0,616.0,0.0,1.0,0.0,0.0,0.5,0.041,0.426,0.512,0.508,0.055,0.438,0.526,0.0,0.0,-1.35,-5.63,-0.22,-0.54,0.0,0.0,0.0,0.0,0.0,0.0,0.0,1.0,1.0,-0.0,-0.0,-0.0,-0.0,0.0,0.0,0.0,0.0,0.0,0.0,0.0,0.0,170.0,170.0,170.0,170.0,31.0,22.0,47.0,6.0,15.0,0.0,0.0
130.785,52,194379.0,600.0,125.0,496.0,613.0,0.0,1.0,0.0,0.0,0.5,0.042,0.415,0.512,0.508,0.055,0.425,0.525,0.0,0.0,-1.35,-5.63,-0.22,-0.54,0.0,0.0,0.0,0.0,0.0,0.0,0.0,1.0,1.0,-0.0,-0.0,-0.0,-0.0,0.0,0.0,0.0,0.0,0.0,0.0,0.0,0.0,170.0,170.0,170.0,170.0,31.0,22.0,47.0,6.0,15.0,0.0,0.0
130.817,53,194432.0,600.0,125.0,496.0,613.0,0.0,1.0,0.0,0.0,0.5,0.042,0.415,0.512,0.508,0.055,0.425,0.525,0.0,0.0,-1.34,-5.63,-0.22,-0.54,0.0,0.0,0.0,0.0,0.0,0.0,0.0,1.0,1.0,-0.0,-0.0,-0.0,-0.0,0.0,0.0,0.0,0.0,0.0,0.0,0.0,0.0,170.0,170.0,170.0,170.0,31.0,22.0,47.0,6.0,15.0,0.0,0.0
130.881,52,194484.0,600.0,127.0,496.0,613.0,0.0,1.0,0.0,0.0,0.5,0.042,0.415,0.512,0.508,0.055,0.425,0.525,0.0,0.0,-1.34,-5.63,-0.22,-0.54,0.0,0.0,0.0,0.0,0.0,0.0,0.0,1.0,1.0,-0.0,-0.0,-0.0,-0.0,0.0,0.0,0.0,0.0,0.0,0.0,0.0,0.0,170.0,170.0,170.0,170.0,31.0,22.0,47.0,6.0,15.0,0.0,1.0
130.946,53,194537.0,600.0,127.0,496.0,613.0,0.0,1.0,0.0,0.0,0.5,0.042,0.415,0.512,0.508,0.055,0.425,0.525,0.0,0.0,-1.34,-5.63,-0.22,-0.54,0.0,0.0,0.0,0.0,0.0,0.0,0.0,1.0,1.0,-0.0,-0.0,-0.0,-0.0,0.0,0.0,0.0,0.0,0.0,0.0,0.0,0.0,170.0,170.0,170.0,170.0,31.0,22.0,47.0,6.0,15.0,0.0,0.0
130.983,52,194589.0,600.0,127.0,496.0,611.0,0.0,1.0,0.0,0.0,0.5,0.042,0.41,0.51,0.508,0.055,0.419,0.524,0.0,0.0,-1.34,-5.63,-0.22,-0.54,0.0,0.0,0.0,0.0,0.0,0.0,0.0,1.0,1.0,-0.0,-0.0,-0.0,-0.0,0.0,0.0,0.0,0.0,0.0,0.0,0.0,0.0,170.0,170.0,170.0,170.0,31.0,22.0,47.0,6.0,15.0,0.0,0.0
131.047,53,194642.0,600.0,127.0,496.0,611.0,0.0,1.0,0.0,0.0,0.5,0.042,0.41,0.51,0.508,0.055,0.419,0.524,0.0,0.0,-1.34,-5.63,-0.22,-0.54,0.0,0.0,0.0,0.0,0.0,0.0,0.0,1.0,1.0,-0.0,-0.0,-0.0,-0.0,0.0,0.0,0.0,0.0,0.0,0.0,0.0,0.0,170.0,170.0,170.0,170.0,31.0,22.0,47.0,6.0,15.0,0.0,0.0
131.08,51,194693.0,600.0,127.0,496.0,611.0,0.0,1.0,0.0,0.0,0.5,0.042,0.41,0.51,0.508,0.055,0.419,0.524,0.0,0.0,-1.34,-5.63,-0.22,-0.54,0.0,0.0,0.0,0.0,0.0,0.0,0.0,1.0,1.0,-0.0,-0.0,-0.0,-0.0,0.0,0.0,0.0,0.0,0.0,0.0,0.0,0.0,170.0,170.0,170.0,170.0,31.0,22.0,47.0,6.0,15.0,0.0,0.0
131.146,55,194748.0,600.0,127.0,496.0,611.0,0.0,1.0,0.0,0.0,0.5,0.042,0.41,0.51,0.508,0.055,0.419,0.524,0.0,0.0,-1.34,-5.63,-0.22,-0.54,0.0,0.0,0.0,0.0,0.0,0.0,0.0,1.0,1.0,-0.0,-0.0,-0.0,-0.0,0.0,0.0,0.0,0.0,0.0,0.0,0.0,0.0,170.0,170.0,170.0,170.0,31.0,22.0,47.0,6.0,15.0,0.0,0.0
131.219,52,194800.0,600.0,127.0,496.0,608.0,0.0,1.0,0.0,0.0,0.5,0.042,0.408,0.508,0.508,0.056,0.416,0.522,0.0,0.0,-1.34,-5.63,-0.22,-0.54,0.0,0.0,0.0,0.0,0.0,0.0,0.0,1.0,1.0,-0.0,-0.0,-0.0,-0.0,0.0,0.0,0.0,0.0,0.0,0.0,0.0,0.0,170.0,170.0,170.0,170.0,31.0,22.0,47.0,6.0,15.0,0.0,0.0
131.251,53,194853.0,600.0,127.0,496.0,608.0,0.0,1.0,0.0,0.0,0.5,0.042,0.408,0.508,0.508,0.056,0.416,0.522,0.0,0.0,-1.34,-5.63,-0.22,-0.54,0.0,0.0,0.0,0.0,0.0,0.0,0.0,1.0,1.0,-0.0,-0.0,-0.0,-0.0,0.0,0.0,0.0,0.0,0.0,0.0,0.0,0.0,170.0,170.0,170.0,170.0,31.0,22.0,47.0,6.0,15.0,0.0,0.0
131.316,51,194904.0,600.0,127.0,496.0,608.0,0.0,1.0,0.0,0.0,0.5,0.042,0.408,0.508,0.508,0.056,0.416,0.522,0.0,0.0,-1.34,-5.63,-0.22,-0.54,0.0,0.0,0.0,0.0,0.0,0.0,0.0,1.0,1.0,-0.0,-0.0,-0.0,-0.0,0.0,0.0,0.0,0.0,0.0,0.0,0.0,0.0,170.0,170.0,170.0,170.0,31.0,22.0,47.0,6.0,15.0,0.0,1.0
131.349,53,194957.0,600.0,127.0,600.0,608.0,0.0,1.0,0.0,0.0,0.5,0.042,0.408,0.508,0.508,0.056,0.416,0.522,0.0,0.0,-1.34,-5.63,-0.22,-0.54,0.0,0.0,0.0,0.0,0.0,0.0,0.0,1.0,1.0,-0.0,-0.0,-0.0,-0.0,0.0,0.0,0.0,0.0,0.0,0.0,0.0,0.0,170.0,170.0,170.0,170.0,31.0,22.0,47.0,6.0,15.0,0.0,0.0
131.417,53,195010.0,600.0,127.0,600.0,608.0,0.0,1.0,0.0,0.0,0.5,0.043,0.457,0.507,0.508,0.057,0.458,0.521,0.0,0.0,-1.34,-5.63,-0.22,-0.54,0.0,0.0,0.0,6.0,0.0,0.0,0.0,1.0,1.0,-0.0,-0.0,0.0,-0.0,-2.9,-5.2,-2.9,-5.2,18.0,19.0,20.0,25.0,170.0,170.0,170.0,170.0,31.0,22.0,47.0,6.0,15.0,0.0,0.0
131.45,53,195063.0,600.0,127.0,600.0,608.0,0.0,1.0,0.0,0.0,0.5,0.043,0.457,0.507,0.508,0.057,0.458,0.521,0.0,0.0,-1.34,-5.63,-0.22,-0.54,-1.14,0.0,0.0,6.0,0.0,0.0,0.0,1.0,1.0,-0.0,-0.0,0.0,-0.0,-6.6,-8.9,-6.6,-8.9,26.0,25.0,31.0,35.0,170.0,170.0,170.0,170.0,31.0,22.0,47.0,6.0,15.0,0.0,0.0
131.516,52,195115.0,600.0,126.0,600.0,608.0,0.0,1.0,0.0,0.0,0.5,0.043,0.457,0.507,0.508,0.057,0.458,0.521,0.0,0.0,-1.33,-5.63,-0.22,-0.54,-1.14,0.0,0.0,6.0,0.0,0.0,0.0,1.0,1.0,-0.0,-0.0,0.0,-0.0,-6.6,-8.9,-6.6,-8.9,26.0,25.0,42.0,45.0,170.0,170.0,170.0,170.0,31.0,22.0,47.0,6.0,15.0,0.0,0.0
131.585,56,195171.0,600.0,126.0,600.0,608.0,0.0,1.0,0.0,0.0,0.5,0.043,0.457,0.507,0.508,0.057,0.458,0.521,0.0,0.0,-1.33,-5.63,-0.22,-0.54,-1.14,0.0,0.0,6.0,0.0,0.0,0.0,1.0,1.0,-0.0,-0.0,0.1,-0.0,-14.4,-16.6,-14.4,-16.6,43.0,36.0,53.0,55.0,170.0,170.0,170.0,170.0,31.0,22.0,47.0,6.0,15.0,0.0,0.0
131.617,53,195224.0,600.0,126.0,600.0,603.0,0.0,1.0,0.0,0.0,0.5,0.042,0.48,0.505,0.508,0.057,0.484,0.519,0.0,0.0,-1.33,-5.63,-0.22,-0.54,-1.14,0.0,0.0,6.0,0.0,0.0,0.0,1.0,1.0,-0.0,-0.0,0.0,-0.4,-18.3,-20.6,-18.3,-20.6,51.0,42.0,65.0,65.0,170.0,170.0,170.0,170.0,31.0,22.0,47.0,6.0,15.0,0.0,1.0
131.681,54,195278.0,600.0,126.0,600.0,603.0,0.0,1.0,0.0,0.0,0.5,0.042,0.48,0.505,0.508,0.057,0.484,0.519,0.0,0.0,-1.33,-5.63,-0.22,-0.54,-1.14,0.0,0.0,6.0,0.0,0.0,0.0,1.0,1.0,-0.0,-0.0,0.1,-0.5,-22.3,-24.2,-22.3,-24.2,60.0,47.0,76.0,74.0,170.0,170.0,170.0,170.0,31.0,22.0,47.0,6.0,15.0,0.0,0.0
131.745,52,195330.0,600.0,126.0,600.0,603.0,0.0,1.0,0.0,0.0,0.5,0.042,0.48,0.505,0.508,0.057,0.484,0.519,0.0,0.0,-1.34,-5.63,-0.25,-0.54,-0.94,0.0,0.0,6.0,0.0,0.0,0.0,1.0,1.0,-0.0,-0.0,0.1,-0.4,-26.1,-28.1,-26.1,-28.1,68.0,52.0,87.0,85.0,170.0,170.0,170.0,170.0,31.0,22.0,47.0,6.0,15.0,0.0,0.0
131.777,54,195384.0,600.0,126.0,600.0,603.0,0.0,1.0,0.0,0.0,0.5,0.042,0.48,0.505,0.508,0.057,0.484,0.519,0.0,0.0,-1.33,-5.64,-0.25,-0.54,-1.02,0.0,0.0,6.0,0.0,0.0,0.0,1.0,1.0,-0.0,-0.0,0.1,-0.4,-26.0,-28.2,-26.0,-28.2,68.0,52.0,87.0,85.0,170.0,170.0,170.0,170.0,31.0,22.0,47.0,6.0,15.0,0.0,0.0
131.843,53,195437.0,600.0,126.0,600.0,602.0,0.0,1.0,0.0,0.0,0.5,0.042,0.491,0.503,0.508,0.057,0.497,0.518,0.0,0.0,-1.34,-5.64,-0.25,-0.54,-1.08,0.0,0.0,6.0,0.0,0.0,0.0,1.0,1.0,-0.0,-0.0,0.1,-0.4,-26.1,-28.2,-26.1,-28.2,68.0,52.0,87.0,85.0,170.0,170.0,170.0,170.0,31.0,22.0,47.0,6.0,15.0,0.0,0.0
131.877,54,195491.0,600.0,126.0,600.0,602.0,0.0,1.0,0.0,0.0,0.5,0.042,0.491,0.503,0.508,0.057,0.497,0.518,0.0,0.0,-1.35,-5.64,-0.24,-0.54,-1.06,0.0,0.0,6.0,0.0,0.0,0.0,1.0,1.0,-0.0,0.0,0.1,-0.3,-26.0,-28.2,-26.0,-28.2,68.0,52.0,87.0,85.0,170.0,170.0,170.0,170.0,31.0,22.0,47.0,6.0,15.0,0.0,0.0
131.941,52,195543.0,600.0,126.0,600.0,602.0,0.0,1.0,0.0,0.0,0.5,0.042,0.491,0.503,0.508,0.057,0.497,0.518,0.0,0.0,-1.35,-5.64,-0.24,-0.54,-1.07,0.0,0.0,6.0,0.0,0.0,0.0,1.0,1.0,-0.0,-0.0,0.1,-0.3,-26.1,-28.1,-26.1,-28.1,68.0,52.0,87.0,85.0,170.0,170.0,170.0,170.0,31.0,22.0,47.0,6.0,15.0,0.0,1.0
132.008,55,195598.0,600.0,126.0,600.0,602.0,0.0,1.0,0.0,0.0,0.5,0.042,0.491,0.503,0.508,0.057,0.497,0.518,0.0,0.0,-1.35,-5.64,-0.24,-0.54,-1.03,0.0,0.0,6.0,0.0,0.0,0.0,1.0,1.0,-0.0,-0.0,0.1,-0.2,-26.1,-28.2,-26.1,-28.2,68.0,52.0,87.0,85.0,170.0,170.0,170.0,170.0,31.0,22.0,47.0,6.0,15.0,0.0,0.0
132.04,54,195652.0,600.0,126.0,600.0,604.0,0.0,1.0,0.0,0.0,0.5,0.042,0.496,0.503,0.508,0.057,0.503,0.518,0.0,0.0,-1.35,-5.65,-0.24,-0.54,-1.07,0.0,0.0,6.0,0.0,0.0,0.0,1.0,1.0,-0.0,-0.0,0.1,-0.2,-26.1,-28.2,-26.1,-28.2,68.0,52.0,87.0,85.0,170.0,170.0,170.0,170.0,31.0,22.0,47.0,6.0,15.0,0.0,0.0
132.106,53,195705.0,600.0,126.0,600.0,604.0,0.0,1.0,0.0,0.0,0.5,0.042,0.496,0.503,0.508,0.057,0.503,0.518,0.0,0.0,-1.35,-5.65,-0.24,-0.54,-1.07,0.0,0.0,6.0,0.0,0.0,0.0,1.0,1.0,-0.0,-0.0,0.1,-0.2,-26.1,-28.2,-26.1,-28.2,68.0,52.0,87.0,85.0,170.0,170.0,170.0,170.0,31.0,22.0,47.0,6.0,15.0,0.0,1.0
132.17,53,195758.0,600.0,126.0,600.0,604.0,0.0,1.0,0.0,0.0,0.5,0.042,0.496,0.503,0.508,0.057,0.503,0.518,0.0,0.0,-1.35,-5.65,-0.25,-0.54,-1.04,0.0,0.0,6.0,0.0,0.0,0.0,1.0,1.0,-0.0,-0.0,0.0,-0.2,-26.1,-28.2,-26.1,-28.2,68.0,52.0,87.0,85.0,170.0,170.0,170.0,170.0,31.0,22.0,47.0,6.0,15.0,0.0,0.0
132.203,53,195811.0,600.0,126.0,600.0,604.0,0.0,1.0,0.0,0.0,0.5,0.042,0.496,0.503,0.508,0.057,0.503,0.518,0.0,0.0,-1.35,-5.65,-0.25,-0.54,-1.06,0.0,0.0,6.0,0.0,0.0,0.0,1.0,1.0,-0.0,-0.0,0.0,-0.1,-26.1,-28.2,-26.1,-28.2,68.0,52.0,87.0,85.0,170.0,170.0,170.0,170.0,31.0,22.0,47.0,6.0,15.0,0.0,0.0
132.269,53,195864.0,600.0,126.0,600.0,606.0,0.0,1.0,0.0,0.0,0.5,0.042,0.498,0.504,0.508,0.057,0.506,0.518,0.0,0.0,-1.35,-5.65,-0.24,-0.54,-1.06,0.0,0.0,6.0,0.0,0.0,0.0,1.0,1.0,-0.0,-0.0,0.0,-0.1,-26.1,-28.2,-26.1,-28.2,68.0,52.0,87.0,85.0,170.0,170.0,170.0,170.0,31.0,22.0,47.0,6.0,15.0,0.0,0.0
132.336,53,195917.0,600.0,126.0,600.0,606.0,0.0,1.0,0.0,0.0,0.5,0.042,0.498,0.504,0.508,0.057,0.506,0.518,0.0,0.0,-1.35,-5.65,-0.25,-0.54,-1.06,0.0,0.0,6.0,0.0,0.0,0.0,1.0,1.0,-0.0,-0.0,0.0,-0.1,-26.1,-28.2,-26.1,-28.2,68.0,52.0,87.0,85.0,170.0,170.0,170.0,170.0,31.0,22.0,47.0,6.0,15.0,0.0,0.0
132.369,54,195971.0,600.0,127.0,600.0,606.0,0.0,1.0,0.0,0.0,0.5,0.042,0.498,0.504,0.508,0.057,0.506,0.518,0.0,0.0,-1.35,-5.65,-0.25,-0.54,-1.05,0.0,0.0,6.0,0.0,0.0,0.0,1.0,1.0,-0.0,-0.0,0.0,-0.1,-26.0,-28.2,-26.0,-28.2,68.0,53.0,87.0,85.0,170.0,170.0,170.0,170.0,31.0,22.0,47.0,6.0,15.0,0.0,0.0
132.435,54,196025.0,600.0,127.0,600.0,606.0,0.0,1.0,0.0,0.0,0.5,0.042,0.498,0.504,0.508,0.057,0.506,0.518,0.0,0.0,-1.35,-5.65,-0.24,-0.54,-1.12,0.0,0.0,6.0,0.0,0.0,0.0,1.0,1.0,-0.0,-0.0,0.0,-0.1,-26.0,-28.2,-26.0,-28.2,68.0,53.0,87.0,85.0,170.0,170.0,170.0,170.0,31.0,22.0,47.0,6.0,15.0,0.0,1.0
132.468,53,196078.0,600.0,127.0,600.0,609.0,0.0,1.0,0.0,0.0,0.5,0.043,0.499,0.506,0.508,0.057,0.507,0.52,0.0,0.0,-1.35,-5.65,-0.24,-0.54,-1.1,0.0,0.0,6.0,0.0,0.0,0.0,1.0,1.0,-0.0,-0.0,0.0,-0.1,-26.0,-28.2,-26.0,-28.2,68.0,53.0,87.0,85.0,170.0,170.0,170.0,170.0,31.0,22.0,47.0,6.0,15.0,0.0,0.0
132.534,53,196131.0,600.0,127.0,600.0,609.0,0.0,1.0,0.0,0.0,0.5,0.043,0.499,0.506,0.508,0.057,0.507,0.52,0.0,0.0,-1.35,-5.65,-0.24,-0.54,-1.09,0.0,0.0,6.0,0.0,0.0,0.0,1.0,1.0,-0.0,-0.0,0.0,-0.1,-26.1,-28.2,-26.1,-28.2,68.0,52.0,87.0,85.0,170.0,170.0,170.0,170.0,31.0,22.0,47.0,6.0,15.0,0.0,0.0
132.599,53,196184.0,600.0,129.0,600.0,609.0,0.0,1.0,0.0,0.0,0.5,0.043,0.499,0.506,0.508,0.057,0.507,0.52,0.0,0.0,-1.35,-5.65,-0.24,-0.54,-1.06,0.0,0.0,6.0,0.0,0.0,0.0,1.0,1.0,-0.0,-0.0,0.0,-0.1,-26.1,-28.2,-26.1,-28.2,68.0,52.0,87.0,85.0,170.0,170.0,170.0,170.0,31.0,22.0,47.0,6.0,15.0,0.0,0.0
132.632,53,196237.0,600.0,129.0,600.0,609.0,0.0,1.0,0.0,0.0,0.5,0.043,0.499,0.506,0.508,0.057,0.507,0.52,0.0,0.0,-1.35,-5.64,-0.24,-0.54,-1.06,0.0,0.0,6.0,0.0,0.0,0.0,1.0,1.0,-0.0,-0.0,0.0,-0.0,-26.1,-28.2,-26.1,-28.2,68.0,52.0,87.0,85.0,170.0,170.0,170.0,170.0,31.0,22.0,47.0,6.0,15.0,0.0,1.0
132.698,53,196290.0,600.0,129.0,600.0,609.0,0.0,1.0,0.0,0.0,0.5,0.043,0.5,0.507,0.508,0.058,0.508,0.521,0.0,0.0,-1.35,-5.64,-0.24,-0.54,-1.04,0.0,0.0,6.0,0.0,0.0,0.0,1.0,1.0,-0.0,-0.0,0.0,-0.0,-26.1,-28.1,-26.1,-28.1,68.0,52.0,87.0,85.0,170.0,170.0,170.0,170.0,31.0,22.0,47.0,6.0,15.0,0.0,0.0
132.761,53,196343.0,600.0,129.0,600.0,609.0,0.0,1.0,0.0,0.0,0.5,0.043,0.5,0.507,0.508,0.058,0.508,0.521,0.0,0.0,-1.35,-5.64,-0.25,-0.54,-1.02,0.0,0.0,6.0,0.0,0.0,0.0,1.0,1.0,-0.0,-0.0,0.0,-0.0,-26.1,-28.1,-26.1,-28.1,68.0,52.0,87.0,85.0,170.0,170.0,170.0,170.0,31.0,22.0,47.0,6.0,15.0,0.0,0.0
132.797,53,196396.0,600.0,129.0,600.0,609.0,0.0,1.0,0.0,0.0,0.5,0.043,0.5,0.507,0.508,0.058,0.508,0.521,0.0,0.0,-1.35,-5.64,-0.25,-0.54,-1.03,0.0,0.0,6.0,0.0,0.0,0.0,1.0,1.0,-0.0,-0.0,0.0,-0.0,-26.1,-28.1,-26.1,-28.1,68.0,52.0,87.0,85.0,170.0,170.0,170.0,170.0,31.0,22.0,47.0,6.0,15.0,0.0,0.0
132.86,54,196450.0,600.0,129.0,600.0,609.0,0.0,1.0,0.0,0.0,0.5,0.043,0.5,0.507,0.508,0.058,0.508,0.521,0.0,0.0,-1.33,-5.64,-0.25,-0.54,-1.01,0.0,0.0,6.0,0.0,0.0,0.0,1.0,1.0,-0.0,-0.0,0.0,-0.0,-26.1,-28.2,-26.1,-28.2,68.0,52.0,87.0,85.0,170.0,170.0,170.0,170.0,31.0,22.0,47.0,6.0,15.0,0.0,0.0
132.892,53,196503.0,600.0,129.0,600.0,614.0,0.0,1.0,0.0,0.0,0.5,0.044,0.5,0.509,0.508,0.058,0.508,0.524,0.0,0.0,-1.33,-5.65,-0.25,-0.54,-1.04,0.0,0.0,6.0,0.0,0.0,0.0,1.0,1.0,-0.0,-0.0,0.0,-0.0,-26.0,-28.2,-26.0,-28.2,68.0,53.0,87.0,85.0,170.0,170.0,170.0,170.0,31.0,22.0,47.0,6.0,15.0,0.0,0.0
132.958,53,196556.0,600.0,129.0,600.0,614.0,0.0,1.0,0.0,0.0,0.5,0.044,0.5,0.509,0.508,0.058,0.508,0.524,0.0,0.0,-1.33,-5.65,-0.25,-0.54,-1.09,0.0,0.0,6.0,0.0,0.0,0.0,1.0,1.0,-0.0,0.0,0.0,-0.0,-26.1,-28.2,-26.1,-28.2,68.0,52.0,87.0,85.0,170.0,170.0,170.0,170.0,31.0,22.0,47.0,6.0,15.0,0.0,1.0
133.031,53,196609.0,600.0,129.0,600.0,614.0,0.0,1.0,0.0,0.0,0.5,0.044,0.5,0.509,0.508,0.058,0.508,0.524,0.0,0.0,-1.33,-5.65,-0.25,-0.54,-1.05,0.0,0.0,6.0,0.0,0.0,0.0,1.0,1.0,-0.0,-0.0,0.0,-0.0,-26.1,-28.2,-26.1,-28.2,68.0,52.0,87.0,85.0,170.0,170.0,170.0,170.0,31.0,22.0,47.0,6.0,15.0,0.0,0.0
133.064,53,196662.0,600.0,129.0,600.0,614.0,0.0,1.0,0.0,0.0,0.5,0.044,0.5,0.509,0.508,0.058,0.508,0.524,0.0,0.0,-1.33,-5.65,-0.25,-0.54,-1.05,0.0,0.0,6.0,0.0,0.0,0.0,1.0,1.0,-0.0,-0.0,0.0,-0.0,-26.1,-28.1,-26.1,-28.1,68.0,52.0,87.0,85.0,170.0,170.0,170.0,170.0,31.0,22.0,47.0,6.0,15.0,0.0,1.0
133.129,53,196715.0,600.0,129.0,600.0,613.0,0.0,1.0,0.0,0.0,0.5,0.044,0.5,0.51,0.508,0.059,0.508,0.525,0.0,0.0,-1.33,-5.65,-0.25,-0.54,-1.02,0.0,0.0,6.0,0.0,0.0,0.0,1.0,1.0,-0.0,-0.0,0.0,-0.0,-26.1,-28.1,-26.1,-28.1,68.0,52.0,87.0,85.0,170.0,170.0,170.0,170.0,31.0,22.0,47.0,6.0,15.0,0.0,0.0
133.16,53,196768.0,600.0,129.0,600.0,613.0,0.0,1.0,0.0,0.0,0.5,0.044,0.5,0.51,0.508,0.059,0.508,0.525,0.0,0.0,-1.33,-5.65,-0.25,-0.54,-1.02,0.0,0.0,6.0,0.0,0.0,0.0,1.0,1.0,-0.0,-0.0,0.0,-0.0,-26.1,-28.1,-26.1,-28.1,68.0,52.0,87.0,85.0,170.0,170.0,170.0,170.0,31.0,22.0,47.0,6.0,15.0,0.0,0.0
133.226,53,196821.0,600.0,129.0,600.0,613.0,0.0,1.0,0.0,0.0,0.5,0.044,0.5,0.51,0.508,0.059,0.508,0.525,0.0,0.0,-1.33,-5.65,-0.25,-0.54,-1.03,0.0,0.0,6.0,0.0,0.0,0.0,1.0,1.0,-0.0,-0.0,0.0,-0.0,-26.1,-28.1,-26.1,-28.1,68.0,52.0,87.0,85.0,170.0,170.0,170.0,170.0,31.0,22.0,47.0,6.0,15.0,0.0,0.0
133.292,54,196875.0,600.0,129.0,600.0,613.0,0.0,1.0,0.0,0.0,0.5,0.044,0.5,0.51,0.508,0.059,0.508,0.525,0.0,0.0,-1.33,-5.65,-0.25,-0.54,-1.03,0.0,0.0,6.0,0.0,0.0,0.0,1.0,1.0,-0.0,-0.0,0.0,-0.0,-26.1,-28.2,-26.1,-28.2,68.0,52.0,87.0,85.0,170.0,170.0,170.0,170.0,31.0,22.0,47.0,6.0,15.0,0.0,0.0
133.324,53,196928.0,600.0,129.0,600.0,613.0,0.0,1.0,0.0,0.0,0.5,0.044,0.5,0.51,0.508,0.059,0.508,0.525,0.0,0.0,-1.33,-5.65,-0.25,-0.54,-1.03,0.0,0.0,6.0,0.0,0.0,0.0,1.0,1.0,-0.0,-0.0,0.0,-0.0,-26.1,-28.2,-26.1,-28.2,68.0,52.0,87.0,85.0,170.0,170.0,170.0,170.0,31.0,22.0,47.0,6.0,15.0,0.0,0.0
133.397,54,196982.0,600.0,129.0,600.0,613.0,0.0,1.0,0.0,0.0,0.5,0.044,0.5,0.51,0.508,0.059,0.508,0.525,0.0,0.0,-1.33,-5.65,-0.25,-0.54,-1.03,0.0,0.0,6.0,0.0,0.0,0.0,1.0,1.0,-0.0,-0.0,0.0,-0.0,-26.1,-28.2,-26.1,-28.2,68.0,52.0,87.0,85.0,170.0,170.0,170.0,170.0,31.0,22.0,47.0,6.0,15.0,0.0,1.0
133.43,53,197035.0,600.0,128.0,600.0,613.0,0.0,1.0,0.0,0.0,0.5,0.044,0.5,0.51,0.508,0.059,0.508,0.525,0.0,0.0,-1.33,-5.65,-0.25,-0.54,-1.04,0.0,0.0,6.0,0.0,0.0,0.0,1.0,1.0,-0.0,-0.0,0.0,-0.0,-26.1,-28.2,-26.1,-28.2,68.0,52.0,87.0,85.0,170.0,170.0,170.0,170.0,31.0,22.0,47.0,6.0,15.0,0.0,0.0
133.496,53,197088.0,600.0,128.0,600.0,613.0,0.0,1.0,0.0,0.0,0.5,0.044,0.5,0.51,0.508,0.059,0.508,0.525,0.0,0.0,-1.33,-5.65,-0.25,-0.54,-1.04,0.0,0.0,6.0,0.0,0.0,0.0,1.0,1.0,-0.0,-0.0,0.0,-0.0,-26.1,-28.2,-26.1,-28.2,68.0,52.0,87.0,85.0,170.0,170.0,170.0,170.0,31.0,22.0,47.0,6.0,15.0,0.0,1.0
133.529,53,197141.0,600.0,128.0,600.0,612.0,0.0,1.0,0.0,0.0,0.5,0.044,0.5,0.51,0.508,0.058,0.508,0.525,0.0,0.0,-1.33,-5.65,-0.25,-0.54,-1.04,0.0,0.0,6.0,0.0,0.0,0.0,1.0,1.0,-0.0,-0.0,0.0,-0.0,-26.1,-28.2,-26.1,-28.2,68.0,52.0,87.0,85.0,170.0,170.0,170.0,170.0,31.0,22.0,47.0,6.0,15.0,0.0,0.0
133.598,55,197196.0,600.0,128.0,600.0,612.0,0.0,1.0,0.0,0.0,0.5,0.044,0.5,0.51,0.508,0.058,0.508,0.525,0.0,0.0,-1.33,-5.65,-0.25,-0.54,-1.04,0.0,0.0,6.0,0.0,0.0,0.0,1.0,1.0,-0.0,-0.0,0.0,-0.0,-26.1,-28.2,-26.1,-28.2,68.0,52.0,87.0,85.0,170.0,170.0,170.0,170.0,31.0,22.0,47.0,6.0,15.0,0.0,1.0
133.663,53,197249.0,600.0,126.0,600.0,612.0,0.0,1.0,0.0,0.0,0.5,0.044,0.5,0.51,0.508,0.058,0.508,0.525,0.0,0.0,-1.33,-5.65,-0.25,-0.54,-1.04,0.0,0.0,6.0,0.0,0.0,0.0,1.0,1.0,-0.0,-0.0,0.0,-0.0,-26.1,-28.2,-26.1,-28.2,68.0,52.0,87.0,85.0,170.0,170.0,170.0,170.0,31.0,22.0,47.0,6.0,15.0,0.0,0.0
133.696,55,197304.0,600.0,126.0,600.0,612.0,0.0,1.0,0.0,0.0,0.5,0.044,0.5,0.51,0.508,0.058,0.508,0.525,0.0,0.0,-1.33,-5.64,-0.25,-0.54,-1.04,0.0,0.0,6.0,0.0,0.0,0.0,1.0,1.0,-0.0,-0.0,0.0,-0.0,-26.1,-28.2,-26.1,-28.2,68.0,52.0,87.0,85.0,170.0,170.0,170.0,170.0,31.0,22.0,47.0,6.0,15.0,0.0,0.0
133.762,53,197357.0,600.0,126.0,600.0,614.0,0.0,1.0,0.0,0.0,0.5,0.043,0.5,0.511,0.508,0.058,0.508,0.525,0.0,0.0,-1.33,-5.64,-0.25,-0.54,-1.04,0.0,0.0,6.0,0.0,0.0,0.0,1.0,1.0,-0.0,-0.0,-0.0,-0.0,-26.1,-28.2,-26.1,-28.2,68.0,52.0,87.0,85.0,170.0,170.0,170.0,170.0,31.0,22.0,47.0,6.0,15.0,0.0,1.0
133.8,53,197410.0,600.0,126.0,600.0,614.0,0.0,1.0,0.0,0.0,0.5,0.043,0.5,0.511,0.508,0.058,0.508,0.525,0.0,0.0,-1.33,-5.64,-0.25,-0.54,-1.04,0.0,0.0,6.0,0.0,0.0,0.0,1.0,1.0,-0.0,-0.0,0.0,-0.0,-26.1,-28.2,-26.1,-28.2,68.0,52.0,87.0,85.0,170.0,170.0,170.0,170.0,31.0,22.0,47.0,6.0,15.0,0.0,0.0
133.866,52,197462.0,600.0,127.0,600.0,614.0,0.0,1.0,0.0,0.0,0.5,0.043,0.5,0.511,0.508,0.058,0.508,0.525,0.0,0.0,-1.33,-5.64,-0.25,-0.54,-1.04,0.0,0.0,6.0,0.0,0.0,0.0,1.0,1.0,-0.0,-0.0,0.0,-0.0,-26.1,-28.1,-26.1,-28.1,68.0,52.0,87.0,85.0,170.0,170.0,170.0,170.0,31.0,22.0,47.0,6.0,15.0,0.0,0.0
133.931,54,197516.0,600.0,127.0,600.0,614.0,0.0,1.0,0.0,0.0,0.5,0.043,0.5,0.511,0.508,0.058,0.508,0.525,0.0,0.0,-1.33,-5.63,-0.26,-0.54,-1.01,0.0,0.0,6.0,0.0,0.0,0.0,1.0,1.0,-0.0,0.0,0.0,-0.0,-26.1,-28.1,-26.1,-28.1,68.0,52.0,87.0,85.0,170.0,170.0,170.0,170.0,31.0,22.0,47.0,6.0,15.0,0.0,1.0
133.964,53,197569.0,600.0,127.0,600.0,614.0,0.0,1.0,0.0,0.0,0.5,0.043,0.5,0.511,0.508,0.057,0.508,0.526,0.0,0.0,-1.33,-5.63,-0.26,-0.54,-0.99,0.0,0.0,6.0,0.0,0.0,0.0,1.0,1.0,-0.0,-0.0,0.0,-0.0,-26.1,-28.1,-26.1,-28.1,68.0,52.0,87.0,85.0,170.0,170.0,170.0,170.0,31.0,22.0,47.0,6.0,15.0,0.0,1.0
134.031,53,197622.0,600.0,127.0,600.0,614.0,0.0,1.0,0.0,0.0,0.5,0.043,0.5,0.511,0.508,0.057,0.508,0.526,0.0,0.0,-1.33,-5.63,-0.26,-0.54,-1.0,0.0,0.0,6.0,0.0,0.0,0.0,1.0,1.0,-0.0,0.0,-0.0,-0.0,-26.1,-28.1,-26.1,-28.1,68.0,52.0,87.0,85.0,170.0,170.0,170.0,170.0,31.0,22.0,47.0,6.0,15.0,0.0,0.0
134.064,52,197674.0,600.0,126.0,600.0,614.0,0.0,1.0,0.0,0.0,0.5,0.043,0.5,0.511,0.508,0.057,0.508,0.526,0.0,0.0,-1.33,-5.63,-0.25,-0.54,-0.98,0.0,0.0,6.0,0.0,0.0,0.0,1.0,1.0,-0.0,-0.0,0.0,-0.0,-26.1,-28.1,-26.1,-28.1,68.0,52.0,87.0,84.0,170.0,170.0,170.0,170.0,31.0,22.0,47.0,6.0,15.0,0.0,0.0
134.131,55,197729.0,600.0,126.0,489.0,614.0,0.0,1.0,0.0,0.0,0.5,0.043,0.5,0.511,0.508,0.057,0.508,0.526,0.0,0.0,-1.33,-5.63,-0.26,-0.54,-0.97,0.0,0.0,6.0,0.0,0.0,0.0,1.0,1.0,-0.0,-0.0,0.0,-0.0,-26.2,-28.1,-26.2,-28.1,68.0,52.0,87.0,84.0,170.0,170.0,170.0,170.0,31.0,22.0,47.0,6.0,15.0,0.0,0.0
134.197,53,197782.0,600.0,126.0,489.0,614.0,0.0,1.0,0.0,0.0,0.5,0.042,0.446,0.512,0.508,0.057,0.462,0.526,0.0,0.0,-1.33,-5.63,-0.26,-0.54,-0.96,0.0,0.0,6.0,0.0,0.0,0.0,1.0,1.0,-0.0,-0.0,0.0,-0.0,-26.2,-28.1,-26.2,-28.1,62.0,52.0,87.0,84.0,170.0,170.0,170.0,170.0,31.0,22.0,47.0,6.0,15.0,0.0,0.0
134.23,54,197836.0,600.0,126.0,489.0,614.0,0.0,1.0,0.0,0.0,0.5,0.042,0.446,0.512,0.508,0.057,0.462,0.526,0.0,0.0,-1.33,-5.63,-0.26,-0.54,-0.97,0.0,0.0,6.0,0.0,0.0,0.0,1.0,1.0,-0.0,0.0,0.0,-0.0,-26.2,-28.1,-26.2,-28.1,68.0,52.0,87.0,84.0,170.0,170.0,170.0,170.0,31.0,22.0,47.0,6.0,15.0,0.0,0.0
134.296,52,197888.0,600.0,126.0,489.0,614.0,0.0,1.0,0.0,0.0,0.5,0.042,0.446,0.512,0.508,0.057,0.462,0.526,0.0,0.0,-1.33,-5.63,-0.26,-0.54,-0.96,0.0,0.0,6.0,0.0,0.0,0.0,1.0,1.0,-0.0,-0.0,0.0,-0.0,-26.2,-28.0,-26.2,-28.0,68.0,52.0,87.0,84.0,170.0,170.0,170.0,170.0,31.0,22.0,47.0,6.0,15.0,0.0,0.0
134.329,54,197942.0,600.0,126.0,489.0,614.0,0.0,1.0,0.0,0.0,0.5,0.042,0.446,0.512,0.508,0.057,0.462,0.526,0.0,0.0,-1.33,-5.62,-0.26,-0.54,-0.93,0.0,0.0,6.0,0.0,0.0,0.0,1.0,1.0,-0.0,-0.0,0.0,-0.0,-26.1,-28.1,-26.1,-28.1,68.0,52.0,87.0,85.0,170.0,170.0,170.0,170.0,31.0,22.0,47.0,6.0,15.0,0.0,0.0
134.395,53,197995.0,600.0,126.0,489.0,612.0,0.0,1.0,0.0,0.0,0.5,0.042,0.42,0.511,0.508,0.056,0.433,0.524,0.0,0.0,-1.33,-5.62,-0.26,-0.54,-0.99,0.0,0.0,6.0,0.0,0.0,0.0,1.0,1.0,-0.0,-0.0,-0.0,-0.0,-26.1,-28.1,-26.1,-28.1,68.0,52.0,87.0,85.0,170.0,170.0,170.0,170.0,31.0,22.0,47.0,6.0,15.0,0.0,0.0
134.458,53,198048.0,600.0,126.0,489.0,612.0,0.0,1.0,0.0,0.0,0.5,0.042,0.42,0.511,0.508,0.056,0.433,0.524,0.0,0.0,-1.33,-5.62,-0.26,-0.54,-1.02,0.0,0.0,6.0,0.0,0.0,0.0,1.0,1.0,-0.0,-0.0,0.0,-0.0,-26.1,-28.1,-26.1,-28.1,68.0,52.0,87.0,85.0,170.0,170.0,170.0,170.0,31.0,22.0,47.0,6.0,15.0,0.0,0.0
134.49,52,198100.0,600.0,126.0,489.0,612.0,0.0,1.0,0.0,0.0,0.5,0.042,0.42,0.511,0.508,0.056,0.433,0.524,0.0,0.0,-1.34,-5.63,-0.26,-0.54,-1.02,0.0,0.0,6.0,0.0,0.0,0.0,1.0,1.0,-0.0,-0.0,0.0,-0.0,-26.1,-28.1,-26.1,-28.1,68.0,52.0,87.0,85.0,170.0,170.0,170.0,170.0,31.0,22.0,47.0,6.0,15.0,0.0,1.0
134.555,56,198156.0,600.0,126.0,489.0,612.0,0.0,1.0,0.0,0.0,0.5,0.042,0.42,0.511,0.508,0.056,0.433,0.524,0.0,0.0,-1.33,-5.63,-0.26,-0.54,-1.01,0.0,0.0,6.0,0.0,0.0,0.0,1.0,1.0,-0.0,-0.0,0.0,-0.0,-26.1,-28.1,-26.1,-28.1,68.0,52.0,87.0,85.0,170.0,170.0,170.0,170.0,31.0,22.0,47.0,6.0,15.0,0.0,1.0
134.624,53,198209.0,600.0,126.0,489.0,607.0,0.0,1.0,0.0,0.0,0.5,0.042,0.409,0.508,0.508,0.056,0.419,0.522,0.0,0.0,-1.33,-5.63,-0.26,-0.54,-0.99,0.0,0.0,6.0,0.0,0.0,0.0,1.0,1.0,-0.0,-0.0,-0.0,-0.0,-26.1,-28.1,-26.1,-28.1,68.0,52.0,87.0,85.0,170.0,170.0,170.0,170.0,31.0,22.0,47.0,6.0,15.0,0.0,1.0
134.656,53,198262.0,600.0,126.0,489.0,607.0,0.0,1.0,0.0,0.0,0.5,0.042,0.409,0.508,0.508,0.056,0.419,0.522,0.0,0.0,-1.33,-5.63,-0.26,-0.54,-1.0,0.0,0.0,6.0,0.0,0.0,0.0,1.0,1.0,-0.0,-0.0,0.0,-0.0,-26.1,-28.1,-26.1,-28.1,68.0,52.0,87.0,85.0,170.0,170.0,170.0,170.0,31.0,22.0,47.0,6.0,15.0,0.0,0.0
134.721,53,198315.0,600.0,126.0,489.0,607.0,0.0,1.0,0.0,0.0,0.5,0.042,0.409,0.508,0.508,0.056,0.419,0.522,0.0,0.0,-1.34,-5.63,-0.26,-0.54,-0.98,0.0,0.0,6.0,0.0,0.0,0.0,1.0,1.0,-0.0,-0.0,0.0,-0.0,-26.1,-28.1,-26.1,-28.1,68.0,52.0,87.0,85.0,170.0,170.0,170.0,170.0,31.0,22.0,47.0,6.0,15.0,0.0,0.0
134.793,53,198368.0,600.0,126.0,489.0,607.0,0.0,1.0,0.0,0.0,0.5,0.042,0.409,0.508,0.508,0.056,0.419,0.522,0.0,0.0,-1.34,-5.63,-0.26,-0.54,-0.99,0.0,0.0,6.0,0.0,0.0,0.0,1.0,1.0,-0.0,-0.0,-0.0,-0.0,-26.1,-28.1,-26.1,-28.1,68.0,52.0,87.0,85.0,170.0,170.0,170.0,170.0,31.0,22.0,47.0,6.0,15.0,0.0,1.0
134.826,53,198421.0,600.0,126.0,489.0,607.0,0.0,1.0,0.0,0.0,0.5,0.042,0.403,0.507,0.508,0.056,0.412,0.52,0.0,0.0,-1.35,-5.63,-0.26,-0.54,-1.0,0.0,0.0,6.0,0.0,0.0,0.0,1.0,1.0,-0.0,-0.0,0.0,-0.0,-26.2,-28.1,-26.2,-28.1,68.0,52.0,87.0,84.0,170.0,170.0,170.0,170.0,31.0,22.0,47.0,6.0,15.0,0.0,0.0
134.892,53,198474.0,600.0,126.0,489.0,607.0,0.0,1.0,0.0,0.0,0.5,0.042,0.403,0.507,0.508,0.056,0.412,0.52,0.0,0.0,-1.35,-5.63,-0.27,-0.54,-0.97,0.0,0.0,6.0,0.0,0.0,0.0,1.0,1.0,-0.0,-0.0,-0.0,-0.0,-26.1,-28.1,-26.1,-28.1,68.0,52.0,87.0,84.0,170.0,170.0,170.0,170.0,31.0,22.0,47.0,6.0,15.0,0.0,0.0
134.924,53,198527.0,600.0,126.0,489.0,607.0,0.0,1.0,0.0,0.0,0.5,0.042,0.403,0.507,0.508,0.056,0.412,0.52,0.0,0.0,-1.35,-5.63,-0.27,-0.54,-0.97,0.0,0.0,6.0,0.0,0.0,0.0,1.0,1.0,-0.0,-0.0,-0.0,-0.0,-26.1,-28.1,-26.1,-28.1,68.0,52.0,87.0,85.0,170.0,170.0,170.0,170.0,31.0,22.0,47.0,6.0,15.0,0.0,0.0
134.998,54,198581.0,600.0,126.0,489.0,607.0,0.0,1.0,0.0,0.0,0.5,0.042,0.403,0.507,0.508,0.056,0.412,0.52,0.0,0.0,-1.35,-5.63,-0.27,-0.54,-0.98,0.0,0.0,6.0,0.0,0.0,0.0,1.0,1.0,-0.0,-0.0,-0.0,-0.0,-26.1,-28.1,-26.1,-28.1,68.0,52.0,87.0,85.0,170.0,170.0,170.0,170.0,31.0,22.0,47.0,6.0,15.0,0.0,1.0
135.03,54,198635.0,600.0,126.0,489.0,602.0,0.0,1.0,0.0,0.0,0.5,0.042,0.401,0.504,0.508,0.056,0.409,0.518,0.0,0.0,-1.35,-5.63,-0.27,-0.54,-0.98,0.0,0.0,6.0,0.0,0.0,0.0,1.0,1.0,-0.0,-0.0,0.0,-0.0,-26.1,-28.1,-26.1,-28.1,68.0,52.0,87.0,85.0,170.0,170.0,170.0,170.0,31.0,22.0,47.0,6.0,15.0,0.0,0.0
135.096,53,198688.0,600.0,126.0,489.0,602.0,0.0,1.0,0.0,0.0,0.5,0.042,0.401,0.504,0.508,0.056,0.409,0.518,0.0,0.0,-1.35,-5.63,-0.27,-0.54,-0.99,0.0,0.0,6.0,0.0,0.0,0.0,1.0,1.0,-0.0,-0.0,0.0,-0.0,-26.1,-28.1,-26.1,-28.1,68.0,52.0,87.0,85.0,170.0,170.0,170.0,170.0,31.0,22.0,47.0,6.0,15.0,0.0,1.0
135.128,53,198741.0,600.0,127.0,489.0,602.0,0.0,1.0,0.0,0.0,0.5,0.042,0.401,0.504,0.508,0.056,0.409,0.518,0.0,0.0,-1.35,-5.63,-0.27,-0.54,-0.99,0.0,0.0,6.0,0.0,0.0,0.0,1.0,1.0,-0.0,0.0,0.0,-0.0,-26.1,-28.1,-26.1,-28.1,68.0,52.0,87.0,85.0,170.0,170.0,170.0,170.0,31.0,22.0,47.0,6.0,15.0,0.0,0.0
135.194,53,198794.0,600.0,127.0,600.0,602.0,0.0,1.0,0.0,0.0,0.5,0.042,0.401,0.504,0.508,0.056,0.409,0.518,0.0,0.0,-1.34,-5.63,-0.27,-0.54,-0.99,0.0,0.0,6.0,0.0,0.0,0.0,1.0,1.0,-0.0,-0.0,0.0,-0.0,-26.1,-28.1,-26.1,-28.1,68.0,52.0,87.0,85.0,170.0,170.0,170.0,170.0,31.0,22.0,47.0,6.0,15.0,0.0,0.0
135.26,53,198847.0,600.0,127.0,600.0,603.0,0.0,1.0,0.0,0.0,0.5,0.043,0.454,0.503,0.508,0.056,0.454,0.517,0.0,0.0,-1.34,-5.63,-0.27,-0.54,-0.99,0.0,0.0,6.0,0.0,0.0,0.0,1.0,1.0,-0.0,-0.0,0.0,-0.0,-26.1,-28.1,-26.1,-28.1,68.0,52.0,87.0,85.0,170.0,170.0,170.0,170.0,31.0,22.0,47.0,6.0,15.0,0.0,0.0
135.292,53,198900.0,600.0,127.0,600.0,603.0,0.0,1.0,0.0,0.0,0.5,0.043,0.454,0.503,0.508,0.056,0.454,0.517,0.0,0.0,-1.34,-5.63,-0.27,-0.54,-0.99,0.0,0.0,6.0,0.0,0.0,0.0,1.0,1.0,-0.0,-0.0,-0.0,-0.0,-26.1,-28.1,-26.1,-28.1,68.0,52.0,87.0,85.0,170.0,170.0,170.0,170.0,31.0,22.0,47.0,6.0,15.0,0.0,0.0
135.359,52,198952.0,600.0,126.0,600.0,603.0,0.0,1.0,0.0,0.0,0.5,0.043,0.454,0.503,0.508,0.056,0.454,0.517,0.0,0.0,-1.34,-5.63,-0.27,-0.54,-0.99,0.0,0.0,6.0,0.0,0.0,0.0,1.0,1.0,-0.0,-0.0,0.0,-0.0,-26.1,-28.1,-26.1,-28.1,68.0,52.0,87.0,85.0,170.0,170.0,170.0,170.0,31.0,22.0,47.0,6.0,15.0,0.0,0.0
135.423,55,199007.0,600.0,126.0,600.0,603.0,0.0,1.0,0.0,0.0,0.5,0.043,0.454,0.503,0.508,0.056,0.454,0.517,0.0,0.0,-1.34,-5.63,-0.27,-0.54,-0.99,0.0,0.0,6.0,0.0,0.0,0.0,1.0,1.0,-0.0,-0.0,0.0,-0.0,-26.1,-28.1,-26.1,-28.1,68.0,52.0,87.0,85.0,170.0,170.0,170.0,170.0,31.0,22.0,47.0,6.0,15.0,0.0,0.0
135.455,53,199060.0,600.0,126.0,600.0,603.0,0.0,1.0,0.0,0.0,0.5,0.043,0.479,0.503,0.508,0.057,0.483,0.517,0.0,0.0,-1.34,-5.63,-0.27,-0.54,-0.99,0.0,0.0,6.0,0.0,0.0,0.0,1.0,1.0,-0.0,-0.0,-0.0,-0.0,-26.1,-28.1,-26.1,-28.1,68.0,52.0,87.0,85.0,170.0,170.0,170.0,170.0,31.0,22.0,47.0,6.0,15.0,0.0,0.0
135.518,53,199113.0,600.0,126.0,600.0,603.0,0.0,1.0,0.0,0.0,0.5,0.043,0.479,0.503,0.508,0.057,0.483,0.517,0.0,0.0,-1.34,-5.63,-0.27,-0.54,-0.99,0.0,0.0,6.0,0.0,0.0,0.0,1.0,1.0,-0.0,-0.0,-0.0,-0.0,-26.1,-28.1,-26.1,-28.1,68.0,52.0,87.0,85.0,170.0,170.0,170.0,170.0,31.0,22.0,47.0,6.0,15.0,0.0,0.0
135.591,52,199165.0,600.0,127.0,600.0,603.0,0.0,1.0,0.0,0.0,0.5,0.043,0.479,0.503,0.508,0.057,0.483,0.517,0.0,0.0,-1.34,-5.63,-0.27,-0.54,-0.99,0.0,0.0,6.0,0.0,0.0,0.0,1.0,1.0,-0.0,-0.0,-0.0,-0.0,-26.1,-28.1,-26.1,-28.1,68.0,52.0,87.0,85.0,170.0,170.0,170.0,170.0,31.0,22.0,47.0,6.0,15.0,0.0,1.0
135.624,54,199219.0,600.0,127.0,600.0,603.0,0.0,1.0,0.0,0.0,0.5,0.043,0.479,0.503,0.508,0.057,0.483,0.517,0.0,0.0,-1.34,-5.63,-0.27,-0.54,-0.99,0.0,0.0,6.0,0.0,0.0,0.0,1.0,1.0,-0.0,-0.0,-0.0,-0.0,-26.1,-28.1,-26.1,-28.1,68.0,52.0,87.0,85.0,170.0,170.0,170.0,170.0,31.0,22.0,47.0,6.0,15.0,0.0,1.0
135.689,53,199272.0,600.0,127.0,600.0,606.0,0.0,1.0,0.0,0.0,0.5,0.043,0.49,0.504,0.508,0.057,0.496,0.518,0.0,0.0,-1.34,-5.63,-0.27,-0.54,-0.99,0.0,0.0,6.0,0.0,0.0,0.0,1.0,1.0,-0.0,-0.0,-0.0,-0.0,-26.1,-28.1,-26.1,-28.1,68.0,52.0,87.0,85.0,170.0,170.0,170.0,170.0,31.0,22.0,47.0,6.0,15.0,0.0,0.0
135.722,53,199325.0,600.0,127.0,600.0,606.0,0.0,1.0,0.0,0.0,0.5,0.043,0.49,0.504,0.508,0.057,0.496,0.518,0.0,0.0,-1.34,-5.63,-0.27,-0.54,-0.99,0.0,0.0,6.0,0.0,0.0,0.0,1.0,1.0,-0.0,-0.0,-0.0,-0.0,-26.1,-28.1,-26.1,-28.1,68.0,52.0,87.0,85.0,170.0,170.0,170.0,170.0,31.0,22.0,47.0,6.0,15.0,0.0,1.0
135.787,54,199379.0,600.0,127.0,600.0,606.0,0.0,1.0,0.0,0.0,0.5,0.043,0.49,0.504,0.508,0.057,0.496,0.518,0.0,0.0,-1.34,-5.63,-0.27,-0.54,-0.99,0.0,0.0,6.0,0.0,0.0,0.0,1.0,1.0,-0.0,-0.0,-0.0,-0.0,-26.1,-28.1,-26.1,-28.1,68.0,52.0,87.0,85.0,170.0,170.0,170.0,170.0,31.0,22.0,47.0,6.0,15.0,0.0,1.0
135.821,54,199433.0,600.0,127.0,600.0,606.0,0.0,1.0,0.0,0.0,0.5,0.043,0.49,0.504,0.508,0.057,0.496,0.518,0.0,0.0,-1.34,-5.63,-0.27,-0.54,-0.99,0.0,0.0,6.0,0.0,0.0,0.0,1.0,1.0,-0.0,-0.0,-0.0,-0.0,-26.1,-28.1,-26.1,-28.1,68.0,52.0,87.0,85.0,170.0,170.0,170.0,170.0,31.0,22.0,47.0,6.0,15.0,0.0,0.0
135.884,53,199486.0,600.0,127.0,600.0,604.0,0.0,1.0,0.0,0.0,0.5,0.043,0.495,0.504,0.508,0.057,0.503,0.518,0.0,0.0,-1.34,-5.63,-0.27,-0.54,-0.99,0.0,0.0,6.0,0.0,0.0,0.0,1.0,1.0,-0.0,-0.0,0.0,-0.0,-26.1,-28.1,-26.1,-28.1,68.0,52.0,87.0,85.0,170.0,170.0,170.0,170.0,31.0,22.0,47.0,6.0,15.0,0.0,0.0
135.948,53,199539.0,600.0,127.0,600.0,604.0,0.0,1.0,0.0,0.0,0.5,0.043,0.495,0.504,0.508,0.057,0.503,0.518,0.0,0.0,-1.34,-5.63,-0.27,-0.54,-0.99,0.0,0.0,6.0,0.0,0.0,0.0,1.0,1.0,-0.0,-0.0,-0.0,-0.0,-26.1,-28.1,-26.1,-28.1,68.0,52.0,87.0,85.0,170.0,170.0,170.0,170.0,31.0,22.0,47.0,6.0,15.0,0.0,1.0
136.02,52,199591.0,600.0,126.0,600.0,604.0,0.0,1.0,0.0,0.0,0.5,0.043,0.495,0.504,0.508,0.057,0.503,0.518,0.0,0.0,-1.34,-5.63,-0.27,-0.54,-0.99,0.0,0.0,6.0,0.0,0.0,0.0,1.0,1.0,-0.0,-0.0,-0.0,-0.0,-26.1,-28.1,-26.1,-28.1,68.0,52.0,87.0,85.0,170.0,170.0,170.0,170.0,31.0,22.0,47.0,6.0,15.0,0.0,0.0
136.053,54,199645.0,600.0,126.0,600.0,604.0,0.0,1.0,0.0,0.0,0.5,0.043,0.495,0.504,0.508,0.057,0.503,0.518,0.0,0.0,-1.34,-5.63,-0.27,-0.54,-0.99,0.0,0.0,6.0,0.0,0.0,0.0,1.0,1.0,-0.0,-0.0,-0.0,-0.0,-26.1,-28.1,-26.1,-28.1,68.0,52.0,87.0,85.0,170.0,170.0,170.0,170.0,31.0,22.0,47.0,6.0,15.0,0.0,0.0
136.087,54,199699.0,600.0,126.0,600.0,606.0,0.0,1.0,0.0,0.0,0.5,0.042,0.498,0.504,0.508,0.057,0.505,0.519,0.0,0.0,-1.34,-5.63,-0.27,-0.54,-0.99,0.0,0.0,6.0,0.0,0.0,0.0,1.0,1.0,-0.0,-0.0,-0.0,-0.0,-26.1,-28.1,-26.1,-28.1,68.0,52.0,87.0,85.0,170.0,170.0,170.0,170.0,31.0,22.0,47.0,6.0,15.0,0.0,0.0
136.152,53,199752.0,600.0,126.0,600.0,606.0,0.0,1.0,0.0,0.0,0.5,0.042,0.498,0.504,0.508,0.057,0.505,0.519,0.0,0.0,-1.34,-5.63,-0.27,-0.54,-0.99,0.0,0.0,6.0,0.0,0.0,0.0,1.0,1.0,-0.0,-0.0,-0.0,-0.0,-26.1,-28.1,-26.1,-28.1,68.0,52.0,87.0,85.0,170.0,170.0,170.0,170.0,31.0,22.0,47.0,6.0,15.0,0.0,0.0
136.223,53,199805.0,600.0,126.0,600.0,606.0,0.0,1.0,0.0,0.0,0.5,0.042,0.498,0.504,0.508,0.057,0.505,0.519,0.0,0.0,-1.34,-5.63,-0.27,-0.54,-0.99,0.0,0.0,6.0,0.0,0.0,0.0,1.0,1.0,-0.0,-0.0,-0.0,-0.0,-26.1,-28.1,-26.1,-28.1,68.0,52.0,87.0,85.0,170.0,170.0,170.0,170.0,31.0,22.0,47.0,6.0,15.0,0.0,1.0
136.256,55,199860.0,600.0,126.0,600.0,606.0,0.0,1.0,0.0,0.0,0.5,0.042,0.498,0.504,0.508,0.057,0.505,0.519,0.0,0.0,-1.33,-5.63,-0.27,-0.54,-0.99,0.0,0.0,6.0,0.0,0.0,0.0,1.0,1.0,-0.0,-0.0,-0.0,-0.0,-26.1,-28.1,-26.1,-28.1,68.0,52.0,87.0,85.0,170.0,170.0,170.0,170.0,31.0,22.0,47.0,6.0,15.0,0.0,1.0
136.322,53,199913.0,600.0,126.0,600.0,607.0,0.0,1.0,0.0,0.0,0.5,0.042,0.499,0.505,0.508,0.057,0.507,0.52,0.0,0.0,-1.33,-5.63,-0.27,-0.54,-0.99,0.0,0.0,6.0,0.0,0.0,0.0,1.0,1.0,-0.0,-0.0,-0.0,-0.0,-26.1,-28.1,-26.1,-28.1,68.0,52.0,87.0,85.0,170.0,170.0,170.0,170.0,31.0,22.0,47.0,6.0,15.0,0.0,0.0
136.356,54,199967.0,600.0,126.0,600.0,607.0,0.0,1.0,0.0,0.0,0.5,0.042,0.499,0.505,0.508,0.057,0.507,0.52,0.0,0.0,-1.33,-5.63,-0.27,-0.54,-0.99,0.0,0.0,6.0,0.0,0.0,0.0,1.0,1.0,-0.0,-0.0,-0.0,-0.0,-26.1,-28.1,-26.1,-28.1,68.0,52.0,87.0,85.0,170.0,170.0,170.0,170.0,31.0,22.0,47.0,6.0,15.0,0.0,0.0
136.42,52,200019.0,600.0,125.0,600.0,607.0,0.0,1.0,0.0,0.0,0.5,0.042,0.499,0.505,0.508,0.057,0.507,0.52,0.0,0.0,-1.33,-5.63,-0.27,-0.54,-0.99,0.0,0.0,6.0,0.0,0.0,0.0,1.0,1.0,-0.0,-0.0,-0.0,-0.0,-26.1,-28.1,-26.1,-28.1,68.0,37.0,56.0,57.0,170.0,170.0,170.0,170.0,31.0,22.0,47.0,6.0,15.0,0.0,0.0
136.483,55,200074.0,600.0,125.0,600.0,607.0,0.0,1.0,0.0,0.0,0.5,0.042,0.499,0.505,0.508,0.057,0.507,0.52,0.0,0.0,-1.33,-5.63,-0.27,-0.54,-0.99,0.0,0.0,6.0,0.0,0.0,0.0,1.0,1.0,-0.0,-0.0,-0.0,-0.0,-11.6,-13.6,-11.6,-13.6,37.0,32.0,45.0,47.0,170.0,170.0,170.0,170.0,31.0,22.0,47.0,6.0,15.0,0.0,0.0
136.515,53,200127.0,600.0,125.0,600.0,611.0,0.0,1.0,0.0,0.0,0.5,0.042,0.5,0.507,0.508,0.057,0.508,0.522,0.0,0.0,-1.33,-5.63,-0.27,-0.54,-0.99,0.0,0.0,6.0,0.0,0.0,0.0,1.0,1.0,-0.0,-0.0,-0.0,-0.0,-7.7,-9.7,-7.7,-9.7,28.0,26.0,34.0,37.0,170.0,170.0,170.0,170.0,31.0,22.0,47.0,6.0,15.0,0.0,1.0
136.589,53,200180.0,600.0,125.0,600.0,611.0,0.0,1.0,0.0,0.0,0.5,0.042,0.5,0.507,0.508,0.057,0.508,0.522,0.0,0.0,-1.33,-5.63,-0.27,-0.54,-0.99,0.0,0.0,6.0,0.0,0.0,0.0,1.0,1.0,-0.0,-0.0,-0.0,-0.0,-7.7,-9.7,-7.7,-9.7,20.0,20.0,23.0,27.0,170.0,170.0,170.0,170.0,31.0,22.0,47.0,6.0,15.0,0.0,0.0
136.622,52,200232.0,600.0,124.0,600.0,611.0,0.0,1.0,0.0,0.0,0.5,0.042,0.5,0.507,0.508,0.057,0.508,0.522,0.0,0.0,-1.33,-5.63,-0.27,-0.54,-0.99,0.0,0.0,6.0,0.0,0.0,0.0,1.0,1.0,-0.0,0.0,-0.0,-0.0,0.0,-2.0,0.0,-2.0,0.0,15.0,0.0,17.0,170.0,170.0,170.0,170.0,31.0,22.0,47.0,6.0,15.0,0.0,0.0
136.687,55,200287.0,600.0,124.0,600.0,611.0,0.0,1.0,0.0,0.0,0.5,0.042,0.5,0.507,0.508,0.057,0.508,0.522,0.0,0.0,-1.33,-5.63,-0.27,-0.54,-0.99,0.0,0.0,6.0,0.0,0.0,0.0,1.0,1.0,-0.0,0.0,-0.0,-0.0,3.8,1.8,3.8,1.8,20.0,15.0,23.0,17.0,170.0,170.0,170.0,170.0,31.0,22.0,47.0,6.0,15.0,0.0,0.0
136.753,53,200340.0,600.0,124.0,600.0,614.0,0.0,1.0,0.0,0.0,0.5,0.041,0.5,0.509,0.508,0.056,0.508,0.524,0.0,0.0,-1.33,-5.63,-0.27,-0.54,-0.99,0.0,0.0,6.0,0.0,0.0,0.0,1.0,1.0,0.0,0.0,-0.1,-0.1,7.6,5.7,7.6,5.7,28.0,20.0,34.0,27.0,170.0,170.0,170.0,170.0,31.0,22.0,47.0,6.0,15.0,0.0,1.0
136.794,53,200393.0,600.0,124.0,600.0,614.0,0.0,1.0,0.0,0.0,0.5,0.041,0.5,0.509,0.508,0.056,0.508,0.524,0.0,0.0,-1.33,-5.63,-0.27,-0.54,-0.99,0.0,0.0,6.0,0.0,0.0,0.0,1.0,1.0,-0.0,0.0,-0.1,0.1,11.5,9.5,11.5,9.5,37.0,26.0,45.0,37.0,170.0,170.0,170.0,170.0,31.0,22.0,47.0,6.0,15.0,0.0,0.0
136.86,52,200445.0,600.0,124.0,600.0,614.0,0.0,1.0,0.0,0.0,0.5,0.041,0.5,0.509,0.508,0.056,0.508,0.524,0.0,0.0,-1.33,-5.63,-0.27,-0.54,-0.99,0.0,0.0,6.0,0.0,0.0,0.0,1.0,1.0,-0.0,0.0,-0.1,0.1,15.5,13.5,15.5,13.5,45.0,31.0,56.0,47.0,170.0,170.0,170.0,170.0,31.0,22.0,47.0,6.0,15.0,0.0,0.0
136.893,54,200499.0,600.0,124.0,600.0,614.0,0.0,1.0,0.0,0.0,0.5,0.041,0.5,0.509,0.508,0.056,0.508,0.524,0.0,0.0,-1.33,-5.63,-0.27,-0.54,-0.99,0.0,0.0,6.0,0.0,0.0,0.0,1.0,1.0,0.0,0.0,-0.1,0.1,19.0,17.0,19.0,17.0,53.0,36.0,67.0,56.0,170.0,170.0,170.0,170.0,31.0,22.0,47.0,6.0,15.0,0.0,0.0
136.958,53,200552.0,600.0,124.0,600.0,614.0,0.0,1.0,0.0,0.0,0.5,0.041,0.5,0.51,0.508,0.056,0.508,0.525,0.0,0.0,-1.33,-5.63,-0.27,-0.54,-0.99,0.0,0.0,6.0,0.0,0.0,0.0,1.0,1.0,0.0,0.0,-0.1,0.1,19.0,17.0,19.0,17.0,55.0,43.0,79.0,67.0,170.0,170.0,170.0,170.0,31.0,22.0,47.0,6.0,15.0,0.0,0.0
137.024,54,200606.0,600.0,124.0,600.0,614.0,0.0,1.0,0.0,0.0,0.5,0.041,0.5,0.51,0.508,0.056,0.508,0.525,0.0,0.0,-1.33,-5.63,-0.27,-0.54,-0.99,0.0,0.0,6.0,0.0,0.0,0.0,1.0,1.0,0.0,0.0,-0.1,0.1,27.0,25.0,27.0,25.0,70.0,48.0,90.0,77.0,170.0,170.0,170.0,170.0,31.0,22.0,47.0,6.0,15.0,0.0,0.0
137.057,53,200659.0,600.0,126.0,600.0,614.0,0.0,1.0,0.0,0.0,0.5,0.041,0.5,0.51,0.508,0.056,0.508,0.525,0.0,0.0,-1.33,-5.63,-0.27,-0.54,-0.99,0.0,0.0,6.0,0.0,0.0,0.0,1.0,1.0,0.1,0.0,-0.2,0.1,28.1,26.1,28.1,26.1,72.0,50.0,93.0,79.0,170.0,170.0,170.0,170.0,31.0,22.0,49.0,6.0,15.0,0.0,1.0
137.122,54,200713.0,600.0,126.0,600.0,614.0,0.0,1.0,0.0,0.0,0.5,0.041,0.5,0.51,0.508,0.056,0.508,0.525,0.0,0.0,-1.33,-5.63,-0.27,-0.54,-0.99,0.0,0.0,6.0,0.0,0.0,0.0,1.0,1.0,0.7,1.4,-0.3,1.5,28.1,26.1,28.1,26.1,72.0,50.0,93.0,79.0,170.0,170.0,170.0,170.0,31.0,22.0,49.0,6.0,15.0,0.0,0.0
137.155,53,200766.0,600.0,126.0,600.0,615.0,0.0,1.0,0.0,0.0,0.5,0.042,0.5,0.512,0.508,0.057,0.508,0.526,0.0,0.0,-1.33,-5.63,-0.27,-0.54,-0.99,0.0,0.0,6.0,0.0,0.0,0.0,1.0,1.0,2.5,3.2,2.7,3.9,29.2,25.0,29.2,25.0,74.0,48.0,96.0,77.0,170.0,170.0,170.0,170.0,31.0,22.0,49.0,6.0,15.0,0.0,0.0
137.221,53,200819.0,600.0,126.0,600.0,615.0,0.0,1.0,0.0,0.0,0.5,0.042,0.5,0.512,0.508,0.057,0.508,0.526,0.0,0.0,-1.53,-5.65,-0.47,-0.54,-2.08,0.0,0.0,6.0,0.0,0.0,0.0,1.0,1.0,4.8,5.0,6.1,7.4,30.4,23.8,30.4,23.8,77.0,46.0,99.0,73.0,170.0,170.0,170.0,170.0,31.0,22.0,49.0,6.0,15.0,0.0,0.0
137.285,53,200872.0,600.0,126.0,600.0,615.0,0.0,1.0,0.0,0.0,0.5,0.042,0.5,0.512,0.508,0.057,0.508,0.526,0.0,0.0,-1.58,-5.66,-0.29,-0.54,-3.3,0.0,0.0,6.0,0.0,0.0,0.0,1.0,1.0,8.9,7.9,8.7,9.5,31.1,23.2,31.1,23.2,78.0,45.0,101.0,72.0,170.0,170.0,170.0,170.0,31.0,22.0,49.0,6.0,15.0,0.0,0.0
137.317,53,200925.0,600.0,126.0,600.0,615.0,0.0,1.0,0.0,0.0,0.5,0.042,0.5,0.512,0.508,0.057,0.508,0.526,0.0,0.0,-1.8,-5.67,-0.12,-0.54,-3.95,0.0,0.0,6.0,0.0,0.0,0.0,1.0,1.0,8.9,7.9,8.7,9.5,31.1,23.2,31.1,23.2,78.0,45.0,101.0,72.0,170.0,170.0,170.0,170.0,31.0,22.0,49.0,6.0,15.0,0.0,0.0
137.384,55,200980.0,600.0,126.0,600.0,609.0,0.0,1.0,0.0,0.0,0.5,0.042,0.5,0.509,0.508,0.057,0.508,0.524,0.0,0.0,-1.57,-5.46,-0.78,-0.54,-2.6,0.0,0.0,6.0,0.0,0.0,0.0,1.0,1.0,14.1,13.8,15.4,10.1,28.4,25.8,28.4,25.8,78.0,51.0,98.0,79.0,170.0,170.0,170.0,170.0,31.0,22.0,49.0,6.0,15.0,0.0,1.0
137.45,53,201033.0,600.0,126.0,600.0,609.0,0.0,1.0,0.0,0.0,0.5,0.042,0.5,0.509,0.508,0.057,0.508,0.524,0.0,0.0,-1.44,-5.41,-0.92,-0.54,-1.32,0.0,0.0,6.0,0.0,0.0,0.0,1.0,1.0,14.1,16.6,18.0,14.3,27.0,27.2,27.0,27.2,79.0,57.0,97.0,86.0,170.0,170.0,170.0,170.0,31.0,22.0,49.0,6.0,15.0,0.0,0.0
137.483,53,201086.0,600.0,126.0,600.0,609.0,0.0,1.0,0.0,0.0,0.5,0.042,0.5,0.509,0.508,0.057,0.508,0.524,0.0,0.0,-1.43,-5.41,-1.27,-0.54,0.1,0.0,0.0,6.0,0.0,0.0,0.0,1.0,1.0,16.3,16.6,18.0,14.3,25.7,28.5,25.7,28.5,79.0,63.0,94.0,93.0,170.0,170.0,170.0,170.0,31.0,22.0,49.0,6.0,15.0,0.0,0.0
137.549,54,201140.0,600.0,126.0,600.0,609.0,0.0,1.0,0.0,0.0,0.5,0.042,0.5,0.509,0.508,0.057,0.508,0.524,0.0,0.0,-1.77,-5.59,-1.57,-0.54,1.38,0.0,0.0,6.0,0.0,0.0,0.0,1.0,1.0,17.3,18.2,22.0,18.3,25.7,28.5,25.7,28.5,79.0,63.0,94.0,100.0,170.0,170.0,170.0,170.0,31.0,22.0,49.0,6.0,15.0,0.0,0.0
137.585,54,201194.0,600.0,126.0,600.0,592.0,0.0,1.0,0.0,0.0,0.5,0.042,0.5,0.501,0.508,0.057,0.508,0.517,0.0,0.0,-1.71,-5.5,-1.45,-0.54,2.78,0.0,0.0,6.0,0.0,0.0,0.0,1.0,1.0,20.0,22.3,25.4,22.0,23.1,31.1,23.1,31.1,76.0,74.0,84.0,107.0,170.0,170.0,170.0,170.0,19.0,8.0,94.0,14.0,15.0,0.0,0.0
137.649,54,201248.0,600.0,126.0,600.0,592.0,0.0,1.0,0.0,0.0,0.5,0.042,0.5,0.501,0.508,0.057,0.508,0.517,0.0,0.0,-1.67,-5.39,-1.5,-0.54,3.98,0.0,0.0,6.0,0.0,0.0,0.0,1.0,1.0,21.1,24.0,26.4,22.1,24.6,29.6,24.6,29.6,81.0,74.0,88.0,106.0,170.0,170.0,170.0,170.0,19.0,8.0,94.0,14.0,15.0,0.0,0.0
137.713,53,201301.0,600.0,127.0,600.0,592.0,0.0,1.0,0.0,0.0,0.5,0.042,0.5,0.501,0.508,0.057,0.508,0.517,0.0,0.0,-1.71,-5.35,-1.56,-0.54,2.5,0.0,0.0,6.0,0.0,0.0,0.0,1.0,1.0,22.6,25.7,26.5,25.9,25.9,28.3,25.9,28.3,85.0,73.0,92.0,103.0,170.0,170.0,170.0,170.0,19.0,8.0,94.0,14.0,15.0,0.0,0.0
137.746,53,201354.0,600.0,127.0,600.0,592.0,0.0,1.0,0.0,0.0,0.5,0.042,0.5,0.501,0.508,0.057,0.508,0.517,0.0,0.0,-1.9,-5.55,-1.25,-0.54,1.23,0.0,0.0,6.0,0.0,0.0,0.0,1.0,1.0,24.8,28.8,27.1,26.4,27.3,27.0,27.3,27.0,89.0,69.0,96.0,99.0,170.0,170.0,170.0,170.0,19.0,8.0,94.0,14.0,15.0,0.0,0.0
137.822,53,201407.0,600.0,127.0,600.0,569.0,0.0,1.0,0.0,0.0,0.5,0.042,0.5,0.486,0.508,0.057,0.508,0.503,0.0,0.0,-1.87,-5.62,-0.78,-0.54,-0.15,0.0,0.0,6.0,0.0,0.0,0.0,1.0,1.0,26.5,30.5,26.4,27.2,28.6,25.6,28.6,25.6,92.0,64.0,101.0,94.0,170.0,170.0,170.0,170.0,19.0,8.0,94.0,14.0,15.0,0.0,0.0
137.855,53,201460.0,600.0,127.0,600.0,569.0,0.0,1.0,0.0,0.0,0.5,0.042,0.5,0.486,0.508,0.057,0.508,0.503,0.0,0.0,-1.77,-5.52,-0.82,-0.54,-1.47,0.0,0.0,6.0,0.0,0.0,0.0,1.0,1.0,29.9,31.8,26.1,28.9,29.9,24.3,29.9,24.3,95.0,59.0,107.0,88.0,170.0,170.0,170.0,170.0,19.0,8.0,94.0,14.0,15.0,0.0,1.0
137.92,53,201513.0,600.0,126.0,600.0,569.0,0.0,1.0,0.0,0.0,0.5,0.042,0.5,0.486,0.508,0.057,0.508,0.503,0.0,0.0,-2.08,-5.65,-0.47,-0.54,-2.77,0.0,0.0,6.0,0.0,0.0,0.0,1.0,1.0,31.1,33.4,24.3,29.6,31.2,23.0,31.2,23.0,98.0,52.0,114.0,81.0,170.0,170.0,170.0,170.0,19.0,8.0,94.0,14.0,15.0,0.0,0.0
137.954,54,201567.0,600.0,126.0,600.0,569.0,0.0,1.0,0.0,0.0,0.5,0.042,0.5,0.486,0.508,0.057,0.508,0.503,0.0,0.0,-2.13,-5.71,-0.33,-0.54,-4.1,0.0,0.0,6.0,0.0,0.0,0.0,1.0,1.0,35.2,34.8,23.7,31.9,29.8,24.4,29.8,24.4,91.0,49.0,113.0,81.0,170.0,170.0,170.0,170.0,19.0,8.0,94.0,14.0,15.0,0.0,0.0
138.02,53,201620.0,600.0,126.0,600.0,544.0,0.0,1.0,0.0,0.0,0.5,0.042,0.5,0.467,0.508,0.057,0.508,0.485,0.0,0.0,-1.79,-5.54,-0.76,-0.54,-2.7,0.0,0.0,6.0,0.0,0.0,0.0,1.0,1.0,37.0,35.9,23.5,33.6,28.6,25.6,28.6,25.6,84.0,47.0,111.0,81.0,170.0,170.0,170.0,170.0,19.0,8.0,94.0,14.0,15.0,0.0,0.0
138.086,53,201673.0,600.0,126.0,600.0,544.0,0.0,1.0,0.0,0.0,0.5,0.042,0.5,0.467,0.508,0.057,0.508,0.485,0.0,0.0,-2.08,-5.67,-0.8,-0.54,-1.47,0.0,0.0,6.0,0.0,0.0,0.0,1.0,1.0,37.6,38.1,25.4,35.3,27.2,27.1,27.2,27.1,76.0,48.0,107.0,85.0,170.0,170.0,170.0,170.0,28.0,20.0,128.0,36.0,15.0,0.0,0.0
138.119,54,201727.0,600.0,123.0,600.0,544.0,0.0,1.0,0.0,0.0,0.5,0.042,0.5,0.467,0.508,0.057,0.508,0.485,0.0,0.0,-2.05,-5.55,-0.97,-0.54,-0.05,0.0,0.0,6.0,0.0,0.0,0.0,1.0,1.0,38.1,39.3,28.4,38.7,25.8,28.4,25.8,28.4,67.0,50.0,101.0,88.0,170.0,170.0,170.0,170.0,28.0,20.0,128.0,36.0,15.0,0.0,1.0
138.189,53,201780.0,600.0,123.0,600.0,544.0,0.0,1.0,0.0,0.0,0.5,0.042,0.5,0.467,0.508,0.057,0.508,0.485,0.0,0.0,-1.9,-5.53,-1.33,-0.54,1.28,0.0,0.0,6.0,0.0,0.0,0.0,1.0,1.0,38.5,40.0,32.2,39.4,24.5,29.7,24.5,29.7,58.0,52.0,93.0,91.0,170.0,170.0,170.0,170.0,28.0,20.0,128.0,36.0,15.0,0.0,1.0
138.222,53,201833.0,600.0,123.0,600.0,540.0,0.0,1.0,0.0,0.0,0.5,0.041,0.5,0.457,0.507,0.056,0.507,0.473,0.0,0.0,-2.01,-5.62,-1.75,-0.54,2.58,0.0,0.0,6.0,0.0,0.0,0.0,1.0,1.0,38.0,40.2,37.2,41.7,23.2,31.0,23.2,31.0,55.0,55.0,81.0,95.0,170.0,170.0,170.0,170.0,28.0,20.0,128.0,36.0,15.0,0.0,0.0
138.287,53,201886.0,600.0,123.0,600.0,540.0,0.0,1.0,0.0,0.0,0.5,0.041,0.5,0.457,0.507,0.056,0.507,0.473,0.0,0.0,-1.97,-5.4,-2.12,-0.54,3.9,0.0,0.0,6.0,0.0,0.0,0.0,1.0,1.0,38.0,40.2,37.2,41.7,21.9,32.3,21.9,32.3,53.0,57.0,70.0,93.0,170.0,170.0,170.0,170.0,28.0,20.0,128.0,36.0,15.0,0.0,1.0
138.352,53,201939.0,600.0,124.0,600.0,540.0,0.0,1.0,0.0,0.0,0.5,0.041,0.5,0.457,0.507,0.056,0.507,0.473,0.0,0.0,-2.09,-5.58,-2.04,-0.54,5.23,0.0,0.0,6.0,0.0,0.0,0.0,1.0,1.0,34.2,37.7,39.5,41.3,23.2,31.0,23.2,31.0,56.0,53.0,73.0,86.0,170.0,170.0,170.0,170.0,28.0,20.0,128.0,36.0,15.0,0.0,0.0
138.387,54,201993.0,600.0,124.0,600.0,540.0,0.0,1.0,0.0,0.0,0.5,0.041,0.5,0.457,0.507,0.056,0.507,0.473,0.0,0.0,-2.12,-5.54,-1.9,-0.54,3.93,0.0,0.0,6.0,0.0,0.0,0.0,1.0,1.0,32.6,36.8,38.5,38.7,24.6,29.6,24.6,29.6,60.0,50.0,78.0,82.0,170.0,170.0,170.0,170.0,28.0,20.0,128.0,36.0,15.0,0.0,0.0
138.452,53,202046.0,600.0,124.0,600.0,544.0,0.0,1.0,0.0,0.0,0.5,0.041,0.5,0.454,0.507,0.056,0.507,0.469,0.0,0.0,-2.18,-5.49,-1.78,-0.54,2.53,0.0,0.0,6.0,0.0,0.0,0.0,1.0,1.0,31.5,35.9,37.7,36.1,25.9,28.4,25.9,28.4,63.0,48.0,82.0,79.0,170.0,170.0,170.0,170.0,28.0,20.0,128.0,36.0,15.0,0.0,0.0
138.485,53,202099.0,600.0,124.0,600.0,544.0,0.0,1.0,0.0,0.0,0.5,0.041,0.5,0.454,0.507,0.056,0.507,0.469,0.0,0.0,-2.37,-5.37,-1.45,-0.54,1.25,0.0,0.0,6.0,0.0,0.0,0.0,1.0,1.0,30.8,35.2,36.0,33.8,26.5,27.7,26.5,27.7,65.0,48.0,85.0,78.0,170.0,170.0,170.0,170.0,28.0,20.0,128.0,36.0,15.0,0.0,0.0
138.551,53,202152.0,600.0,125.0,600.0,544.0,0.0,1.0,0.0,0.0,0.5,0.041,0.5,0.454,0.507,0.056,0.507,0.469,0.0,0.0,-2.36,-5.46,-1.39,-0.54,0.61,0.0,0.0,6.0,0.0,0.0,0.0,1.0,1.0,29.5,33.8,33.7,31.9,25.2,29.1,25.2,29.1,62.0,50.0,78.0,82.0,170.0,170.0,170.0,170.0,28.0,20.0,128.0,36.0,15.0,0.0,1.0
138.62,53,202205.0,600.0,125.0,600.0,544.0,0.0,1.0,0.0,0.0,0.5,0.041,0.5,0.454,0.507,0.056,0.507,0.469,0.0,0.0,-2.26,-5.5,-1.41,-0.54,1.94,0.0,0.0,6.0,0.0,0.0,0.0,1.0,1.0,29.5,33.8,33.7,31.9,25.2,29.1,25.2,29.1,62.0,50.0,77.0,84.0,170.0,170.0,170.0,170.0,32.0,20.0,128.0,36.0,15.0,0.0,1.0
138.653,55,202260.0,600.0,125.0,600.0,557.0,0.0,1.0,0.0,0.0,0.5,0.041,0.5,0.459,0.507,0.056,0.507,0.473,0.0,0.0,-2.35,-5.49,-1.35,-0.54,2.29,0.0,0.0,6.0,0.0,0.0,0.0,1.0,1.0,28.8,32.0,31.3,28.6,24.9,29.3,24.9,29.3,62.0,51.0,77.0,88.0,170.0,170.0,170.0,170.0,32.0,24.0,28.0,4.0,15.0,0.0,0.0
138.719,54,202314.0,600.0,125.0,600.0,557.0,0.0,1.0,0.0,0.0,0.5,0.041,0.5,0.459,0.507,0.056,0.507,0.473,0.0,0.0,-2.41,-5.43,-1.31,-0.54,2.23,0.0,0.0,6.0,0.0,0.0,0.0,1.0,1.0,28.0,31.8,30.1,28.1,26.3,28.0,26.3,28.0,65.0,49.0,82.0,81.0,170.0,170.0,170.0,170.0,32.0,24.0,28.0,4.0,15.0,0.0,0.0
138.79,52,202366.0,600.0,125.0,600.0,557.0,0.0,1.0,0.0,0.0,0.5,0.041,0.5,0.459,0.507,0.056,0.507,0.473,0.0,0.0,-2.49,-5.43,-1.18,-0.54,0.85,0.0,0.0,6.0,0.0,0.0,0.0,1.0,1.0,28.0,31.8,30.1,28.1,26.3,28.0,26.3,28.0,65.0,49.0,82.0,81.0,170.0,170.0,170.0,170.0,32.0,24.0,28.0,4.0,15.0,0.0,0.0
138.823,56,202422.0,600.0,125.0,510.0,557.0,0.0,1.0,0.0,0.0,0.5,0.041,0.5,0.459,0.507,0.056,0.507,0.473,0.0,0.0,-2.39,-5.47,-0.86,-0.54,0.37,0.0,0.0,6.0,0.0,0.0,0.0,1.0,1.0,28.5,31.0,26.0,28.3,25.9,28.3,25.9,28.3,64.0,50.0,82.0,81.0,170.0,170.0,170.0,170.0,32.0,24.0,28.0,4.0,15.0,0.0,0.0
138.856,36,202458.0,600.0,125.0,510.0,577.0,0.0,1.0,0.0,0.0,0.5,0.041,0.457,0.47,0.507,0.056,0.471,0.483,0.0,0.0,-2.37,-5.49,-0.93,-0.54,1.19,0.0,0.0,6.0,0.0,0.0,0.0,1.0,1.0,30.4,30.2,24.0,27.8,25.7,28.5,25.7,28.5,63.0,50.0,86.0,86.0,170.0,170.0,170.0,170.0,32.0,24.0,28.0,4.0,15.0,0.0,1.0
138.953,98,202556.0,600.0,127.0,510.0,577.0,0.0,1.0,0.0,0.0,0.5,0.041,0.457,0.47,0.507,0.056,0.471,0.483,0.0,0.0,-2.52,-5.37,-1.03,-0.54,1.51,0.0,0.0,6.0,0.0,0.0,0.0,1.0,1.0,31.9,30.9,24.9,31.0,27.5,26.7,27.5,26.7,67.0,47.0,91.0,76.0,170.0,170.0,170.0,170.0,32.0,24.0,28.0,4.0,15.0,0.0,1.0
139.019,54,202610.0,600.0,127.0,510.0,577.0,0.0,1.0,0.0,0.0,0.5,0.041,0.457,0.47,0.507,0.056,0.471,0.483,0.0,0.0,-2.56,-5.49,-0.8,-0.54,-0.37,0.0,0.0,6.0,0.0,0.0,0.0,1.0,1.0,33.9,30.6,22.5,31.5,26.2,28.1,26.2,28.1,63.0,49.0,87.0,80.0,170.0,170.0,170.0,170.0,32.0,24.0,28.0,4.0,15.0,0.0,0.0
139.052,36,202646.0,600.0,127.0,510.0,600.0,0.0,1.0,0.0,0.0,0.5,0.042,0.437,0.486,0.508,0.056,0.448,0.497,0.0,0.0,-2.55,-5.47,-0.81,-0.54,0.96,0.0,0.0,6.0,0.0,0.0,0.0,1.0,1.0,33.9,30.9,22.8,31.0,25.3,28.9,25.3,28.9,61.0,51.0,85.0,82.0,170.0,170.0,170.0,170.0,32.0,24.0,28.0,4.0,15.0,0.0,1.0
139.147,100,202746.0,600.0,128.0,510.0,600.0,0.0,1.0,0.0,0.0,0.5,0.042,0.437,0.486,0.508,0.056,0.448,0.497,0.0,0.0,-2.5,-5.35,-1.04,-0.54,2.46,0.0,0.0,6.0,0.0,0.0,0.0,1.0,1.0,32.3,30.9,23.1,31.3,24.9,29.3,24.9,29.3,61.0,51.0,85.0,83.0,170.0,170.0,170.0,170.0,40.0,6.0,128.0,10.0,15.0,0.0,1.0
139.218,54,202800.0,600.0,128.0,510.0,600.0,0.0,1.0,0.0,0.0,0.5,0.042,0.437,0.486,0.508,0.056,0.448,0.497,0.0,0.0,-2.6,-5.37,-1.1,-0.54,2.18,0.0,0.0,6.0,0.0,0.0,0.0,1.0,1.0,30.9,30.3,27.0,34.8,26.3,27.9,26.3,27.9,64.0,49.0,88.0,78.0,170.0,170.0,170.0,170.0,40.0,6.0,128.0,10.0,15.0,0.0,0.0
139.251,37,202837.0,600.0,128.0,510.0,600.0,0.0,1.0,0.0,0.0,0.5,0.043,0.427,0.494,0.508,0.056,0.437,0.506,0.0,0.0,-2.53,-5.43,-0.95,-0.54,0.83,0.0,0.0,6.0,0.0,0.0,0.0,1.0,1.0,30.7,29.4,30.5,35.1,27.2,27.0,27.2,27.0,67.0,48.0,90.0,75.0,170.0,170.0,170.0,170.0,40.0,6.0,128.0,10.0,15.0,0.0,1.0
139.348,98,202935.0,600.0,129.0,510.0,600.0,0.0,1.0,0.0,0.0,0.5,0.043,0.427,0.494,0.508,0.056,0.437,0.506,0.0,0.0,-2.45,-5.28,-0.74,-0.54,-0.07,0.0,0.0,6.0,0.0,0.0,0.0,1.0,1.0,29.7,30.4,35.3,32.3,24.7,29.5,24.7,29.5,61.0,52.0,78.0,83.0,170.0,170.0,170.0,170.0,40.0,6.0,128.0,10.0,15.0,0.0,0.0
139.381,54,202989.0,600.0,129.0,510.0,600.0,0.0,1.0,0.0,0.0,0.5,0.043,0.427,0.494,0.508,0.056,0.437,0.506,0.0,0.0,-2.49,-5.23,-1.1,-0.54,2.4,0.0,0.0,6.0,0.0,0.0,0.0,1.0,1.0,28.5,30.1,36.2,31.9,26.1,28.1,26.1,28.1,65.0,50.0,82.0,79.0,170.0,170.0,170.0,170.0,40.0,6.0,128.0,10.0,15.0,0.0,0.0
139.414,36,203025.0,600.0,129.0,510.0,600.0,0.0,1.0,0.0,0.0,0.5,0.043,0.423,0.497,0.508,0.057,0.432,0.51,0.0,0.0,-2.56,-5.2,-1.34,-0.54,1.03,0.0,0.0,6.0,0.0,0.0,0.0,1.0,1.0,28.5,29.3,35.5,30.8,26.9,27.3,26.9,27.3,67.0,48.0,85.0,77.0,170.0,170.0,170.0,170.0,40.0,6.0,128.0,10.0,15.0,0.0,1.0
139.541,102,203127.0,600.0,128.0,510.0,600.0,0.0,1.0,0.0,0.0,0.5,0.043,0.423,0.497,0.508,0.057,0.432,0.51,0.0,0.0,-2.28,-5.48,-0.78,-0.54,-0.45,0.0,0.0,6.0,0.0,0.0,0.0,1.0,1.0,27.1,29.9,32.8,28.6,26.7,27.5,25.6,28.6,64.0,50.0,82.0,86.0,170.0,170.0,170.0,170.0,40.0,6.0,128.0,10.0,15.0,0.0,1.0
139.583,54,203181.0,600.0,128.0,426.0,600.0,0.0,1.0,0.0,0.0,0.5,0.043,0.423,0.497,0.508,0.057,0.432,0.51,0.0,0.0,-2.43,-5.33,-1.27,-0.54,1.53,0.0,0.0,6.0,0.0,0.0,0.0,1.0,1.0,27.0,31.4,29.3,26.2,24.3,29.9,24.3,29.9,61.0,52.0,76.0,89.0,170.0,170.0,170.0,170.0,40.0,6.0,128.0,10.0,15.0,0.0,1.0
139.616,36,203217.0,600.0,128.0,426.0,600.0,0.0,1.0,0.0,0.0,0.5,0.044,0.376,0.499,0.508,0.056,0.392,0.511,0.0,0.0,-2.44,-5.25,-1.42,-0.54,2.83,0.0,0.0,6.0,0.0,0.0,0.0,1.0,1.0,27.1,31.4,28.3,25.7,23.4,30.9,23.4,30.9,58.0,54.0,74.0,92.0,170.0,170.0,170.0,170.0,40.0,6.0,128.0,10.0,15.0,0.0,1.0
139.714,98,203315.0,600.0,129.0,426.0,600.0,0.0,1.0,0.0,0.0,0.5,0.044,0.376,0.499,0.508,0.056,0.392,0.511,0.0,0.0,-2.33,-5.52,-1.48,-0.54,3.75,0.0,0.0,6.0,0.0,0.0,0.0,1.0,1.0,27.0,31.3,27.6,25.3,24.7,29.5,24.7,29.5,62.0,49.0,82.0,88.0,170.0,170.0,170.0,170.0,24.0,16.0,38.0,38.0,15.0,0.0,0.0
139.789,54,203369.0,600.0,129.0,517.0,600.0,0.0,1.0,0.0,0.0,0.5,0.044,0.376,0.499,0.508,0.056,0.392,0.511,0.0,0.0,-2.27,-5.51,-0.76,-0.54,1.2,0.0,0.0,6.0,0.0,0.0,0.0,1.0,1.0,27.9,30.9,25.5,26.0,25.6,28.6,25.6,28.6,64.0,50.0,86.0,90.0,170.0,170.0,170.0,170.0,24.0,16.0,38.0,38.0,15.0,0.0,0.0
139.822,36,203405.0,600.0,129.0,517.0,600.0,0.0,1.0,0.0,0.0,0.5,0.044,0.403,0.499,0.508,0.057,0.407,0.512,0.0,0.0,-2.34,-5.4,-0.83,-0.54,1.49,0.0,0.0,6.0,0.0,0.0,0.0,1.0,1.0,28.8,30.9,23.8,26.9,26.5,27.7,26.5,27.7,65.0,49.0,88.0,87.0,170.0,170.0,170.0,170.0,24.0,16.0,38.0,38.0,15.0,0.0,1.0
139.92,101,203506.0,600.0,127.0,517.0,600.0,0.0,1.0,0.0,0.0,0.5,0.044,0.403,0.499,0.508,0.057,0.407,0.512,0.0,0.0,-2.43,-5.45,-0.76,-0.54,-0.01,0.0,0.0,6.0,0.0,0.0,0.0,1.0,1.0,31.5,30.6,23.2,28.6,27.9,26.3,27.9,26.3,68.0,46.0,92.0,83.0,170.0,170.0,170.0,170.0,24.0,16.0,38.0,38.0,15.0,0.0,1.0
139.953,54,203560.0,600.0,127.0,517.0,600.0,0.0,1.0,0.0,0.0,0.5,0.044,0.403,0.499,0.508,0.057,0.407,0.512,0.0,0.0,-2.23,-5.43,-0.6,-0.54,-0.07,0.0,0.0,6.0,0.0,0.0,0.0,1.0,1.0,32.6,31.9,18.5,30.9,26.5,27.7,26.5,27.7,65.0,48.0,95.0,84.0,170.0,170.0,170.0,170.0,24.0,16.0,38.0,38.0,15.0,0.0,0.0
139.994,36,203596.0,600.0,127.0,517.0,600.0,0.0,1.0,0.0,0.0,0.5,0.043,0.415,0.5,0.508,0.057,0.421,0.513,0.0,0.0,-2.28,-5.37,-0.65,-0.54,0.59,0.0,0.0,6.0,0.0,0.0,0.0,1.0,1.0,32.6,32.6,17.5,32.4,25.6,28.7,25.6,28.7,62.0,50.0,94.0,87.0,170.0,170.0,170.0,170.0,24.0,16.0,38.0,38.0,15.0,0.0,1.0
140.091,99,203695.0,600.0,128.0,517.0,600.0,0.0,1.0,0.0,0.0,0.5,0.043,0.415,0.5,0.508,0.057,0.421,0.513,0.0,0.0,-2.23,-5.45,-0.84,-0.54,1.56,0.0,0.0,6.0,0.0,0.0,0.0,1.0,1.0,33.7,32.7,25.7,37.8,28.0,26.2,28.0,26.2,68.0,46.0,104.0,75.0,170.0,170.0,170.0,170.0,24.0,16.0,38.0,38.0,15.0,0.0,1.0
140.158,54,203749.0,600.0,128.0,517.0,600.0,0.0,1.0,0.0,0.0,0.5,0.043,0.415,0.5,0.508,0.057,0.421,0.513,0.0,0.0,-2.28,-5.51,-0.59,-0.54,-0.91,0.0,0.0,6.0,0.0,0.0,0.0,1.0,1.0,33.9,33.5,24.9,39.3,27.0,27.2,27.0,27.2,66.0,47.0,102.0,77.0,170.0,170.0,170.0,170.0,24.0,16.0,38.0,38.0,15.0,0.0,0.0
140.191,36,203785.0,600.0,128.0,517.0,600.0,0.0,1.0,0.0,0.0,0.5,0.044,0.421,0.5,0.508,0.057,0.428,0.513,0.0,0.0,-2.24,-5.43,-0.56,-0.54,0.08,0.0,0.0,6.0,0.0,0.0,0.0,1.0,1.0,33.9,34.6,25.2,40.1,26.2,28.0,26.2,28.0,64.0,48.0,100.0,80.0,170.0,170.0,170.0,170.0,40.0,24.0,85.0,76.0,15.0,0.0,1.0
140.289,100,203885.0,600.0,128.0,517.0,600.0,0.0,1.0,0.0,0.0,0.5,0.044,0.421,0.5,0.508,0.057,0.428,0.513,0.0,0.0,-2.35,-5.18,-1.24,-0.54,1.5,0.0,0.0,6.0,0.0,0.0,0.0,1.0,1.0,31.6,34.7,34.6,37.1,23.7,30.6,23.7,30.6,58.0,52.0,85.0,88.0,170.0,170.0,170.0,170.0,40.0,24.0,85.0,76.0,15.0,0.0,1.0
140.355,54,203939.0,600.0,128.0,517.0,600.0,0.0,1.0,0.0,0.0,0.5,0.044,0.421,0.5,0.508,0.057,0.428,0.513,0.0,0.0,-2.03,-5.39,-1.57,-0.54,3.45,0.0,0.0,6.0,0.0,0.0,0.0,1.0,1.0,30.8,34.4,37.8,37.0,23.2,31.0,23.2,31.0,57.0,53.0,76.0,89.0,170.0,170.0,170.0,170.0,40.0,24.0,85.0,76.0,15.0,0.0,0.0
140.388,36,203975.0,600.0,128.0,517.0,600.0,0.0,1.0,0.0,0.0,0.5,0.044,0.423,0.5,0.508,0.057,0.431,0.513,0.0,0.0,-2.18,-5.41,-1.51,-0.54,3.93,0.0,0.0,6.0,0.0,0.0,0.0,1.0,1.0,29.8,33.6,37.7,35.4,23.3,30.9,23.3,30.9,58.0,53.0,76.0,89.0,170.0,170.0,170.0,170.0,40.0,24.0,85.0,76.0,15.0,0.0,1.0
140.485,97,204072.0,600.0,127.0,517.0,600.0,0.0,1.0,0.0,0.0,0.5,0.044,0.423,0.5,0.508,0.057,0.431,0.513,0.0,0.0,-2.44,-5.29,-1.55,-0.54,3.6,0.0,0.0,6.0,0.0,0.0,0.0,1.0,1.0,27.7,31.6,37.4,30.9,23.4,30.8,23.4,30.8,58.0,54.0,77.0,90.0,170.0,170.0,170.0,170.0,40.0,24.0,85.0,76.0,15.0,0.0,1.0
140.517,55,204127.0,600.0,127.0,510.0,600.0,0.0,1.0,0.0,0.0,0.5,0.044,0.423,0.5,0.508,0.057,0.431,0.513,0.0,0.0,-2.37,-5.15,-1.53,-0.54,3.7,0.0,0.0,6.0,0.0,0.0,0.0,1.0,1.0,27.7,31.6,37.4,30.9,23.4,30.8,23.4,30.8,58.0,54.0,82.0,88.0,170.0,170.0,170.0,170.0,40.0,24.0,85.0,76.0,15.0,0.0,1.0
140.586,37,204164.0,600.0,127.0,510.0,600.0,0.0,1.0,0.0,0.0,0.5,0.043,0.421,0.5,0.508,0.057,0.429,0.513,0.0,0.0,-2.07,-5.36,-1.32,-0.54,2.3,0.0,0.0,6.0,0.0,0.0,0.0,1.0,1.0,26.3,30.9,36.2,28.2,25.7,28.6,25.7,28.6,64.0,50.0,84.0,86.0,170.0,170.0,170.0,170.0,40.0,24.0,85.0,76.0,15.0,0.0,1.0
140.652,101,204265.0,600.0,127.0,510.0,600.0,0.0,1.0,0.0,0.0,0.5,0.043,0.421,0.5,0.508,0.057,0.429,0.513,0.0,0.0,-2.33,-5.41,-1.25,-0.54,1.7,0.0,0.0,6.0,0.0,0.0,0.0,1.0,1.0,26.6,29.5,31.2,25.0,23.5,30.7,23.5,30.7,59.0,56.0,74.0,95.0,170.0,170.0,170.0,170.0,40.0,24.0,85.0,76.0,15.0,0.0,1.0
140.718,54,204319.0,600.0,127.0,510.0,600.0,0.0,1.0,0.0,0.0,0.5,0.043,0.421,0.5,0.508,0.057,0.429,0.513,0.0,0.0,-2.39,-5.22,-1.44,-0.54,3.62,0.0,0.0,6.0,0.0,0.0,0.0,1.0,1.0,26.6,29.3,31.1,25.2,23.0,31.2,23.0,31.2,58.0,57.0,72.0,99.0,170.0,170.0,170.0,170.0,40.0,24.0,26.0,4.0,15.0,0.0,0.0
140.75,36,204355.0,600.0,127.0,510.0,600.0,0.0,1.0,0.0,0.0,0.5,0.043,0.42,0.5,0.508,0.057,0.428,0.513,0.0,0.0,-2.29,-5.18,-1.48,-0.54,4.09,0.0,0.0,6.0,0.0,0.0,0.0,1.0,1.0,25.9,29.5,30.1,26.5,24.0,30.3,24.0,30.3,60.0,55.0,76.0,97.0,170.0,170.0,170.0,170.0,40.0,24.0,26.0,4.0,15.0,0.0,1.0
140.853,97,204452.0,600.0,127.0,510.0,600.0,0.0,1.0,0.0,0.0,0.5,0.043,0.42,0.5,0.508,0.057,0.428,0.513,0.0,0.0,-2.13,-5.41,-1.35,-0.54,3.14,0.0,0.0,6.0,0.0,0.0,0.0,1.0,1.0,26.9,29.6,29.1,27.3,26.5,27.8,26.5,27.8,66.0,49.0,84.0,90.0,170.0,170.0,170.0,170.0,40.0,24.0,26.0,4.0,15.0,0.0,0.0
140.919,54,204506.0,600.0,127.0,510.0,600.0,0.0,1.0,0.0,0.0,0.5,0.043,0.42,0.5,0.508,0.057,0.428,0.513,0.0,0.0,-2.36,-5.43,-0.81,-0.54,0.64,0.0,0.0,6.0,0.0,0.0,0.0,1.0,1.0,28.4,29.4,27.0,28.3,27.2,27.1,27.2,27.1,67.0,48.0,90.0,88.0,170.0,170.0,170.0,170.0,40.0,24.0,26.0,4.0,15.0,0.0,0.0
140.952,38,204544.0,600.0,127.0,510.0,600.0,0.0,1.0,0.0,0.0,0.5,0.043,0.42,0.5,0.508,0.057,0.428,0.513,0.0,0.0,-2.29,-5.24,-0.78,-0.54,-0.04,0.0,0.0,6.0,0.0,0.0,0.0,1.0,1.0,29.9,29.3,24.7,29.1,27.8,26.4,27.8,26.4,68.0,47.0,92.0,85.0,170.0,170.0,170.0,170.0,40.0,24.0,26.0,4.0,15.0,0.0,1.0
141.051,96,204640.0,600.0,127.0,510.0,600.0,0.0,1.0,0.0,0.0,0.5,0.043,0.42,0.5,0.508,0.057,0.428,0.513,0.0,0.0,-2.15,-5.42,-0.77,-0.54,-0.71,0.0,0.0,6.0,0.0,0.0,0.0,1.0,1.0,32.6,30.8,25.6,29.4,27.3,26.9,27.3,26.9,66.0,48.0,90.0,84.0,170.0,170.0,170.0,170.0,40.0,24.0,26.0,4.0,15.0,0.0,1.0
141.083,54,204694.0,600.0,127.0,510.0,600.0,0.0,1.0,0.0,0.0,0.5,0.043,0.42,0.5,0.508,0.057,0.428,0.513,0.0,0.0,-2.33,-5.43,-0.63,-0.54,-0.18,0.0,0.0,6.0,0.0,0.0,0.0,1.0,1.0,32.4,31.0,23.8,29.4,26.0,28.2,26.0,28.2,63.0,50.0,87.0,88.0,170.0,170.0,170.0,170.0,40.0,24.0,26.0,4.0,15.0,0.0,0.0
141.149,36,204730.0,600.0,127.0,510.0,600.0,0.0,1.0,0.0,0.0,0.5,0.043,0.419,0.5,0.508,0.056,0.427,0.513,0.0,0.0,-2.45,-5.34,-0.77,-0.54,1.12,0.0,0.0,6.0,0.0,0.0,0.0,1.0,1.0,30.9,31.3,22.2,28.5,25.1,29.1,25.1,29.1,62.0,51.0,85.0,91.0,170.0,170.0,170.0,170.0,40.0,24.0,26.0,4.0,15.0,0.0,1.0
141.215,98,204828.0,600.0,127.0,510.0,600.0,0.0,1.0,0.0,0.0,0.5,0.043,0.419,0.5,0.508,0.056,0.427,0.513,0.0,0.0,-2.0,-5.29,-0.9,-0.54,1.4,0.0,0.0,6.0,0.0,0.0,0.0,1.0,1.0,30.7,31.0,27.9,32.5,26.5,27.8,26.5,27.8,65.0,49.0,89.0,81.0,170.0,170.0,170.0,170.0,30.0,2.0,128.0,18.0,15.0,0.0,0.0
141.281,55,204883.0,600.0,127.0,510.0,600.0,0.0,1.0,0.0,0.0,0.5,0.043,0.419,0.5,0.508,0.056,0.427,0.513,0.0,0.0,-2.06,-5.31,-0.66,-0.54,0.2,0.0,0.0,6.0,0.0,0.0,0.0,1.0,1.0,30.5,32.3,34.3,33.2,26.3,28.0,26.3,28.0,64.0,49.0,83.0,83.0,170.0,170.0,170.0,170.0,30.0,2.0,128.0,18.0,15.0,0.0,0.0
141.314,36,204919.0,600.0,127.0,510.0,600.0,0.0,1.0,0.0,0.0,0.5,0.043,0.419,0.5,0.508,0.056,0.427,0.513,0.0,0.0,-2.39,-5.29,-0.74,-0.54,0.85,0.0,0.0,6.0,0.0,0.0,0.0,1.0,1.0,29.6,31.5,37.5,32.5,25.4,28.9,25.4,28.9,63.0,51.0,80.0,85.0,170.0,170.0,170.0,170.0,30.0,2.0,128.0,18.0,15.0,0.0,1.0
141.419,99,205018.0,600.0,126.0,510.0,600.0,0.0,1.0,0.0,0.0,0.5,0.043,0.419,0.5,0.508,0.056,0.427,0.513,0.0,0.0,-2.18,-5.23,-0.88,-0.54,1.75,0.0,0.0,6.0,0.0,0.0,0.0,1.0,1.0,28.7,31.1,42.9,32.3,26.9,27.4,26.9,27.4,66.0,48.0,83.0,79.0,170.0,170.0,170.0,170.0,30.0,2.0,128.0,18.0,15.0,0.0,0.0
141.485,54,205072.0,600.0,126.0,600.0,600.0,0.0,1.0,0.0,0.0,0.5,0.043,0.419,0.5,0.508,0.056,0.427,0.513,0.0,0.0,-1.84,-5.38,-0.74,-0.54,0.25,0.0,0.0,6.0,0.0,0.0,0.0,1.0,1.0,28.3,31.5,41.4,31.2,26.9,27.3,26.9,27.3,67.0,48.0,84.0,80.0,170.0,170.0,170.0,170.0,30.0,2.0,128.0,18.0,15.0,0.0,0.0
141.518,36,205108.0,600.0,126.0,600.0,600.0,0.0,1.0,0.0,0.0,0.5,0.043,0.463,0.5,0.508,0.057,0.464,0.514,0.0,0.0,-2.02,-5.39,-0.66,-0.54,0.22,0.0,0.0,6.0,0.0,0.0,0.0,1.0,1.0,28.3,31.8,39.3,29.3,19.7,21.1,19.7,21.1,47.0,35.0,56.0,60.0,170.0,170.0,170.0,170.0,30.0,2.0,128.0,18.0,15.0,0.0,1.0
141.626,100,205208.0,600.0,127.0,600.0,600.0,0.0,1.0,0.0,0.0,0.5,0.043,0.463,0.5,0.508,0.057,0.464,0.514,0.0,0.0,-2.32,-5.32,-1.01,-0.54,0.0,0.0,0.0,0.0,0.0,0.0,0.0,1.0,1.0,22.0,26.8,30.0,22.7,0.0,0.0,0.0,0.0,0.0,0.0,0.0,0.0,170.0,170.0,170.0,170.0,30.0,2.0,128.0,18.0,15.0,0.0,0.0
141.658,53,205261.0,600.0,127.0,600.0,600.0,0.0,1.0,0.0,0.0,0.5,0.043,0.463,0.5,0.508,0.057,0.464,0.514,0.0,0.0,-1.83,-5.32,-1.05,-0.54,0.0,0.0,0.0,0.0,0.0,0.0,0.0,1.0,1.0,19.3,24.1,26.6,20.0,0.0,0.0,0.0,0.0,0.0,0.0,0.0,0.0,170.0,170.0,170.0,170.0,30.0,2.0,128.0,18.0,15.0,0.0,1.0
141.69,36,205297.0,600.0,127.0,600.0,600.0,0.0,1.0,0.0,0.0,0.5,0.043,0.483,0.5,0.508,0.057,0.487,0.514,0.0,0.0,-1.77,-5.32,-1.04,-0.54,0.0,0.0,0.0,0.0,0.0,0.0,0.0,1.0,1.0,17.1,20.9,23.2,17.7,0.0,0.0,0.0,0.0,0.0,0.0,0.0,0.0,170.0,170.0,170.0,170.0,26.0,10.0,78.0,6.0,15.0,0.0,1.0
141.825,100,205397.0,600.0,127.0,600.0,600.0,0.0,1.0,0.0,0.0,0.5,0.043,0.483,0.5,0.508,0.057,0.487,0.514,0.0,0.0,-1.75,-5.33,-0.9,-0.54,0.0,0.0,0.0,0.0,0.0,0.0,0.0,1.0,1.0,13.2,16.1,18.1,13.7,0.0,0.0,0.0,0.0,0.0,0.0,0.0,0.0,170.0,170.0,170.0,170.0,26.0,10.0,78.0,6.0,15.0,0.0,1.0
141.858,53,205450.0,600.0,127.0,600.0,600.0,0.0,1.0,0.0,0.0,0.5,0.043,0.483,0.5,0.508,0.057,0.487,0.514,0.0,0.0,-1.75,-5.34,-0.89,-0.54,0.0,0.0,0.0,0.0,0.0,0.0,0.0,1.0,1.0,13.2,14.2,15.9,12.0,0.0,0.0,0.0,0.0,0.0,0.0,0.0,0.0,170.0,170.0,170.0,170.0,26.0,10.0,78.0,6.0,15.0,0.0,0.0
141.89,36,205486.0,600.0,127.0,600.0,600.0,0.0,1.0,0.0,0.0,0.5,0.043,0.492,0.5,0.508,0.057,0.498,0.515,0.0,0.0,-1.73,-5.34,-0.9,-0.54,0.0,0.0,0.0,0.0,0.0,0.0,0.0,1.0,1.0,10.6,12.5,14.0,10.6,0.0,0.0,0.0,0.0,0.0,0.0,0.0,0.0,170.0,170.0,170.0,170.0,26.0,10.0,78.0,6.0,15.0,0.0,1.0
141.994,98,205584.0,600.0,126.0,600.0,600.0,0.0,1.0,0.0,0.0,0.5,0.043,0.492,0.5,0.508,0.057,0.498,0.515,0.0,0.0,-1.72,-5.34,-0.9,-0.54,0.0,0.0,0.0,0.0,0.0,0.0,0.0,1.0,1.0,9.3,11.0,12.3,9.3,0.0,0.0,0.0,0.0,0.0,0.0,0.0,0.0,170.0,170.0,170.0,170.0,26.0,10.0,78.0,6.0,15.0,0.0,0.0
142.027,53,205637.0,600.0,126.0,600.0,600.0,0.0,1.0,0.0,0.0,0.5,0.043,0.492,0.5,0.508,0.057,0.498,0.515,0.0,0.0,-1.71,-5.34,-0.9,-0.54,0.0,0.0,0.0,0.0,0.0,0.0,0.0,1.0,1.0,9.3,11.0,12.3,9.3,0.0,0.0,0.0,0.0,0.0,0.0,0.0,0.0,170.0,170.0,170.0,170.0,26.0,10.0,78.0,6.0,15.0,0.0,0.0
142.059,36,205673.0,600.0,126.0,600.0,600.0,0.0,1.0,0.0,0.0,0.5,0.043,0.496,0.5,0.508,0.057,0.504,0.515,0.0,0.0,-1.7,-5.34,-0.9,-0.54,0.0,0.0,0.0,0.0,0.0,0.0,0.0,1.0,1.0,7.3,8.5,9.5,7.2,0.0,0.0,0.0,0.0,0.0,0.0,0.0,0.0,170.0,170.0,170.0,170.0,26.0,10.0,78.0,6.0,15.0,0.0,1.0
142.157,95,205768.0,600.0,126.0,600.0,600.0,0.0,1.0,0.0,0.0,0.5,0.043,0.496,0.5,0.508,0.057,0.504,0.515,0.0,0.0,-1.68,-5.34,-0.9,-0.54,0.0,0.0,0.0,0.0,0.0,0.0,0.0,1.0,1.0,6.4,7.5,8.4,6.4,0.0,0.0,0.0,0.0,0.0,0.0,0.0,0.0,170.0,170.0,170.0,170.0,26.0,10.0,78.0,6.0,15.0,0.0,1.0
142.223,55,205823.0,600.0,126.0,600.0,600.0,0.0,1.0,0.0,0.0,0.5,0.043,0.496,0.5,0.508,0.057,0.504,0.515,0.0,0.0,-1.67,-5.34,-0.91,-0.54,0.0,0.0,0.0,0.0,0.0,0.0,0.0,1.0,1.0,5.1,5.8,6.5,4.9,0.0,0.0,0.0,0.0,0.0,0.0,0.0,0.0,170.0,170.0,170.0,170.0,26.0,10.0,78.0,6.0,15.0,0.0,0.0
142.256,35,205858.0,600.0,126.0,600.0,600.0,0.0,1.0,0.0,0.0,0.5,0.042,0.498,0.5,0.508,0.057,0.506,0.515,0.0,0.0,-1.67,-5.35,-0.91,-0.54,0.0,0.0,0.0,0.0,0.0,0.0,0.0,1.0,1.0,4.5,5.1,5.7,4.3,0.0,0.0,0.0,0.0,0.0,0.0,0.0,0.0,170.0,170.0,170.0,170.0,26.0,10.0,78.0,6.0,15.0,0.0,1.0
142.351,98,205956.0,600.0,128.0,600.0,600.0,0.0,1.0,0.0,0.0,0.5,0.042,0.498,0.5,0.508,0.057,0.506,0.515,0.0,0.0,-1.64,-5.35,-0.9,-0.54,0.0,0.0,0.0,0.0,0.0,0.0,0.0,1.0,1.0,3.1,4.0,4.4,3.4,0.0,0.0,0.0,0.0,0.0,0.0,0.0,0.0,170.0,170.0,170.0,170.0,26.0,10.0,78.0,6.0,15.0,0.0,0.0
142.423,53,206009.0,600.0,128.0,600.0,600.0,0.0,1.0,0.0,0.0,0.5,0.042,0.498,0.5,0.508,0.057,0.506,0.515,0.0,0.0,-1.64,-5.35,-0.9,-0.54,0.0,0.0,0.0,0.0,0.0,0.0,0.0,1.0,1.0,3.1,4.0,4.4,3.4,0.0,0.0,0.0,0.0,0.0,0.0,0.0,0.0,170.0,170.0,170.0,170.0,26.0,10.0,78.0,6.0,15.0,0.0,0.0
142.455,35,206044.0,600.0,128.0,600.0,600.0,0.0,1.0,0.0,0.0,0.5,0.043,0.499,0.5,0.508,0.058,0.507,0.515,0.0,0.0,-1.62,-5.36,-0.9,-0.54,0.0,0.0,0.0,0.0,0.0,0.0,0.0,1.0,1.0,2.8,3.1,3.4,2.6,0.0,0.0,0.0,0.0,0.0,0.0,0.0,0.0,170.0,170.0,170.0,170.0,26.0,10.0,78.0,6.0,15.0,0.0,1.0
142.553,101,206145.0,600.0,126.0,600.0,600.0,0.0,1.0,0.0,0.0,0.5,0.043,0.499,0.5,0.508,0.058,0.507,0.515,0.0,0.0,-1.6,-5.36,-0.9,-0.54,0.0,0.0,0.0,0.0,0.0,0.0,0.0,1.0,1.0,1.8,2.4,2.6,2.0,0.0,0.0,0.0,0.0,0.0,0.0,0.0,0.0,170.0,170.0,170.0,170.0,26.0,10.0,78.0,6.0,15.0,0.0,1.0
142.593,53,206198.0,600.0,126.0,600.0,600.0,0.0,1.0,0.0,0.0,0.5,0.043,0.499,0.5,0.508,0.058,0.507,0.515,0.0,0.0,-1.58,-5.36,-0.9,-0.54,0.0,0.0,0.0,0.0,0.0,0.0,0.0,1.0,1.0,1.6,2.1,2.3,1.8,0.0,0.0,0.0,0.0,0.0,0.0,0.0,0.0,170.0,170.0,170.0,170.0,26.0,10.0,78.0,6.0,15.0,0.0,0.0
142.626,37,206235.0,600.0,126.0,600.0,600.0,0.0,1.0,0.0,0.0,0.5,0.043,0.5,0.5,0.508,0.057,0.508,0.515,0.0,0.0,-1.58,-5.37,-0.9,-0.54,0.0,0.0,0.0,0.0,0.0,0.0,0.0,1.0,1.0,1.4,1.8,2.1,1.6,0.0,0.0,0.0,0.0,0.0,0.0,0.0,0.0,170.0,170.0,170.0,170.0,26.0,10.0,78.0,6.0,15.0,0.0,1.0
142.723,96,206331.0,600.0,127.0,600.0,600.0,0.0,1.0,0.0,0.0,0.5,0.043,0.5,0.5,0.508,0.057,0.508,0.515,0.0,0.0,-1.55,-5.38,-0.9,-0.54,0.0,0.0,0.0,0.0,0.0,0.0,0.0,1.0,1.0,1.2,1.6,1.8,1.4,0.0,0.0,0.0,0.0,0.0,0.0,0.0,0.0,170.0,170.0,170.0,170.0,26.0,10.0,78.0,6.0,15.0,0.0,0.0
142.794,53,206384.0,600.0,127.0,600.0,600.0,0.0,1.0,0.0,0.0,0.5,0.043,0.5,0.5,0.508,0.057,0.508,0.515,0.0,0.0,-1.54,-5.38,-0.9,-0.54,0.0,0.0,0.0,0.0,0.0,0.0,0.0,1.0,1.0,1.1,1.4,1.6,1.2,0.0,0.0,0.0,0.0,0.0,0.0,0.0,0.0,170.0,170.0,170.0,170.0,26.0,10.0,78.0,6.0,15.0,0.0,1.0
142.827,35,206419.0,600.0,127.0,600.0,600.0,0.0,1.0,0.0,0.0,0.5,0.043,0.5,0.5,0.508,0.058,0.508,0.515,0.0,0.0,-1.53,-5.38,-0.9,-0.54,0.0,0.0,0.0,0.0,0.0,0.0,0.0,1.0,1.0,1.0,1.3,1.4,1.1,0.0,0.0,0.0,0.0,0.0,0.0,0.0,0.0,170.0,170.0,170.0,170.0,26.0,10.0,78.0,6.0,15.0,0.0,1.0
142.925,96,206515.0,600.0,128.0,600.0,600.0,0.0,1.0,0.0,0.0,0.5,0.043,0.5,0.5,0.508,0.058,0.508,0.515,0.0,0.0,-1.51,-5.38,-0.91,-0.54,0.0,0.0,0.0,6.0,0.0,0.0,0.0,1.0,1.0,0.8,1.1,1.2,0.9,-8.5,-5.8,-8.5,-5.8,30.0,20.0,36.0,27.0,170.0,170.0,170.0,170.0,26.0,10.0,78.0,6.0,15.0,0.0,0.0
142.958,54,206569.0,600.0,128.0,600.0,600.0,0.0,1.0,0.0,0.0,0.5,0.043,0.5,0.5,0.508,0.058,0.508,0.515,0.0,0.0,-1.5,-5.39,-0.91,-0.54,1.34,0.0,0.0,6.0,0.0,0.0,0.0,1.0,1.0,0.8,1.1,1.2,0.9,-8.5,-5.8,-8.5,-5.8,30.0,20.0,36.0,27.0,170.0,170.0,170.0,170.0,26.0,10.0,78.0,6.0,15.0,0.0,1.0
143.001,37,206606.0,600.0,128.0,600.0,600.0,0.0,1.0,0.0,0.0,0.5,0.043,0.5,0.5,0.508,0.058,0.508,0.515,0.0,0.0,-1.48,-5.38,-0.91,-0.54,1.34,0.0,0.0,6.0,0.0,0.0,0.0,1.0,1.0,0.7,0.9,1.0,0.7,-14.9,-12.2,-14.9,-12.2,44.0,30.0,55.0,43.0,170.0,170.0,170.0,170.0,26.0,10.0,78.0,6.0,15.0,0.0,1.0
143.098,100,206706.0,600.0,127.0,600.0,600.0,0.0,1.0,0.0,0.0,0.5,0.043,0.5,0.5,0.508,0.058,0.508,0.515,0.0,0.0,-1.46,-5.39,-0.91,-0.54,1.3,0.0,0.0,6.0,0.0,0.0,0.0,1.0,1.0,0.4,0.7,0.7,0.6,-19.1,-16.4,-19.1,-16.4,53.0,36.0,67.0,54.0,170.0,170.0,170.0,170.0,26.0,10.0,78.0,6.0,15.0,0.0,1.0
143.164,54,206760.0,600.0,127.0,519.0,600.0,0.0,1.0,0.0,0.0,0.5,0.043,0.5,0.5,0.508,0.058,0.508,0.515,0.0,0.0,-1.45,-5.39,-0.91,-0.54,1.34,0.0,0.0,6.0,0.0,0.0,0.0,1.0,1.0,0.3,0.5,0.6,0.4,-26.2,-23.5,-26.2,-23.5,68.0,46.0,87.0,73.0,170.0,170.0,170.0,170.0,26.0,10.0,78.0,6.0,15.0,0.0,0.0
143.197,36,206796.0,600.0,127.0,519.0,600.0,0.0,1.0,0.0,0.0,0.5,0.043,0.461,0.5,0.508,0.057,0.475,0.514,0.0,0.0,-1.44,-5.39,-0.91,-0.54,1.34,0.0,0.0,6.0,0.0,0.0,0.0,1.0,1.0,0.3,0.4,0.5,0.4,-28.5,-25.8,-28.5,-25.8,73.0,49.0,94.0,79.0,170.0,170.0,170.0,170.0,26.0,10.0,78.0,6.0,15.0,0.0,1.0
143.294,100,206896.0,600.0,127.0,519.0,600.0,0.0,1.0,0.0,0.0,0.5,0.043,0.461,0.5,0.508,0.057,0.475,0.514,0.0,0.0,-1.39,-5.42,-0.88,-0.54,0.68,0.0,0.0,6.0,0.0,0.0,0.0,1.0,1.0,0.2,-3.0,0.2,-0.1,-27.1,-27.2,-27.1,-27.2,70.0,51.0,90.0,84.0,170.0,170.0,170.0,170.0,22.0,12.0,78.0,6.0,15.0,0.0,1.0
143.357,54,206950.0,600.0,127.0,519.0,600.0,0.0,1.0,0.0,0.0,0.5,0.043,0.461,0.5,0.508,0.057,0.475,0.514,0.0,0.0,-1.39,-5.42,-0.77,-0.54,-0.79,0.0,0.0,6.0,0.0,0.0,0.0,1.0,1.0,-0.1,-5.4,-0.3,-0.3,-27.6,-26.7,-27.6,-26.7,71.0,50.0,91.0,81.0,170.0,170.0,170.0,170.0,22.0,12.0,78.0,6.0,15.0,0.0,0.0
143.396,36,206986.0,600.0,127.0,519.0,600.0,0.0,1.0,0.0,0.0,0.5,0.043,0.443,0.5,0.508,0.057,0.454,0.514,0.0,0.0,-1.57,-5.32,-0.83,-0.54,0.46,0.0,0.0,6.0,0.0,0.0,0.0,1.0,1.0,-0.5,-9.2,-1.5,-1.5,-28.2,-26.0,-28.2,-26.0,72.0,49.0,93.0,79.0,170.0,170.0,170.0,170.0,22.0,12.0,78.0,6.0,15.0,0.0,1.0
143.494,100,207086.0,600.0,127.0,519.0,600.0,0.0,1.0,0.0,0.0,0.5,0.043,0.443,0.5,0.508,0.057,0.454,0.514,0.0,0.0,-1.58,-5.32,-0.91,-0.54,1.75,0.0,0.0,6.0,0.0,0.0,0.0,1.0,1.0,-0.9,-11.0,-9.7,-3.7,-29.6,-24.6,-29.6,-24.6,75.0,47.0,99.0,72.0,170.0,170.0,170.0,170.0,22.0,12.0,78.0,6.0,15.0,0.0,1.0
143.527,54,207140.0,600.0,127.0,519.0,600.0,0.0,1.0,0.0,0.0,0.5,0.043,0.443,0.5,0.508,0.057,0.454,0.514,0.0,0.0,-1.72,-5.49,-1.67,-0.54,3.68,0.0,0.0,6.0,0.0,0.0,0.0,1.0,1.0,-1.7,-12.5,-17.3,-8.1,-32.1,-22.2,-32.1,-22.2,81.0,49.0,108.0,69.0,170.0,170.0,170.0,170.0,22.0,12.0,78.0,6.0,15.0,0.0,0.0
143.592,36,207176.0,600.0,127.0,519.0,600.0,0.0,1.0,0.0,0.0,0.5,0.043,0.435,0.5,0.508,0.057,0.445,0.514,0.0,0.0,-1.66,-5.53,-1.97,-0.54,4.95,0.0,0.0,6.0,0.0,0.0,0.0,1.0,1.0,-4.5,-14.1,-19.6,-10.3,-33.0,-21.2,-33.0,-21.2,83.0,49.0,114.0,67.0,170.0,170.0,170.0,170.0,22.0,12.0,78.0,6.0,15.0,0.0,1.0
143.69,98,207274.0,600.0,127.0,519.0,600.0,0.0,1.0,0.0,0.0,0.5,0.043,0.435,0.5,0.508,0.057,0.445,0.514,0.0,0.0,-1.44,-5.48,-2.35,-0.54,5.88,0.0,0.0,6.0,0.0,0.0,0.0,1.0,1.0,-10.8,-20.0,-19.4,-15.1,-30.8,-23.5,-30.8,-23.5,78.0,55.0,116.0,73.0,170.0,170.0,170.0,170.0,22.0,12.0,78.0,6.0,15.0,0.0,1.0
143.722,54,207328.0,600.0,127.0,430.0,600.0,0.0,1.0,0.0,0.0,0.5,0.043,0.435,0.5,0.508,0.057,0.445,0.514,0.0,0.0,-1.61,-5.19,-1.82,-0.54,3.66,0.0,0.0,6.0,0.0,0.0,0.0,1.0,1.0,-13.8,-22.2,-25.8,-18.7,-29.5,-24.8,-29.5,-24.8,81.0,57.0,112.0,79.0,170.0,170.0,170.0,170.0,22.0,12.0,78.0,6.0,15.0,0.0,0.0
143.753,36,207364.0,600.0,127.0,430.0,600.0,0.0,1.0,0.0,0.0,0.5,0.043,0.384,0.5,0.508,0.056,0.4,0.513,0.0,0.0,-1.58,-5.43,-1.36,-0.54,2.36,0.0,0.0,6.0,0.0,0.0,0.0,1.0,1.0,-13.8,-23.8,-25.0,-24.3,-29.0,-25.2,-29.0,-25.2,82.0,58.0,112.0,79.0,170.0,170.0,170.0,170.0,14.0,16.0,31.0,12.0,15.0,0.0,1.0
143.855,99,207463.0,600.0,127.0,430.0,600.0,0.0,1.0,0.0,0.0,0.5,0.043,0.384,0.5,0.508,0.056,0.4,0.513,0.0,0.0,-1.82,-5.4,-1.06,-0.54,1.27,0.0,0.0,6.0,0.0,0.0,0.0,1.0,1.0,-23.7,-29.9,-33.7,-31.2,-26.5,-27.7,-26.5,-27.7,79.0,59.0,101.0,84.0,170.0,170.0,170.0,170.0,14.0,16.0,31.0,12.0,15.0,0.0,1.0
143.921,55,207518.0,600.0,127.0,338.0,600.0,0.0,1.0,0.0,0.0,0.5,0.043,0.384,0.5,0.508,0.056,0.4,0.513,0.0,0.0,-1.66,-5.26,-0.81,-0.54,-0.6,0.0,0.0,6.0,0.0,0.0,0.0,1.0,1.0,-23.7,-29.9,-31.8,-32.3,-26.7,-27.6,-26.7,-27.6,78.0,57.0,99.0,81.0,170.0,170.0,170.0,170.0,14.0,16.0,31.0,12.0,15.0,0.0,0.0
143.954,36,207554.0,600.0,127.0,338.0,600.0,0.0,1.0,0.0,0.0,0.5,0.043,0.307,0.5,0.508,0.055,0.328,0.512,0.0,0.0,-1.53,-5.34,-0.82,-0.54,-0.44,0.0,0.0,6.0,0.0,0.0,0.0,1.0,1.0,-31.7,-33.0,-32.3,-34.6,-27.5,-26.7,-27.5,-26.7,78.0,53.0,100.0,78.0,170.0,170.0,170.0,170.0,14.0,16.0,31.0,12.0,15.0,0.0,1.0
144.061,97,207651.0,600.0,128.0,338.0,600.0,0.0,1.0,0.0,0.0,0.5,0.043,0.307,0.5,0.508,0.055,0.328,0.512,0.0,0.0,-1.65,-5.36,-0.84,-0.54,0.39,0.0,0.0,6.0,0.0,0.0,0.0,1.0,1.0,-33.3,-33.7,-32.5,-35.7,-30.0,-24.2,-30.0,-24.2,80.0,42.0,106.0,66.0,170.0,170.0,170.0,170.0,14.0,16.0,31.0,12.0,15.0,0.0,1.0
144.094,54,207705.0,600.0,128.0,331.0,600.0,0.0,1.0,0.0,0.0,0.5,0.043,0.307,0.5,0.508,0.055,0.328,0.512,0.0,0.0,-1.43,-5.26,-0.96,-0.54,2.89,0.0,0.0,6.0,0.0,0.0,0.0,1.0,1.0,-35.1,-35.0,-32.9,-35.9,-30.6,-23.6,-30.6,-23.6,79.0,41.0,107.0,64.0,170.0,170.0,170.0,170.0,14.0,16.0,31.0,12.0,15.0,0.0,0.0
144.16,36,207741.0,600.0,128.0,331.0,600.0,0.0,1.0,0.0,0.0,0.5,0.043,0.268,0.5,0.508,0.054,0.282,0.511,0.0,0.0,-1.57,-5.49,-1.23,-0.54,3.47,0.0,0.0,6.0,0.0,0.0,0.0,1.0,1.0,-36.2,-36.2,-32.7,-35.5,-29.7,-24.5,-29.7,-24.5,75.0,42.0,103.0,67.0,170.0,170.0,170.0,170.0,14.0,16.0,31.0,12.0,15.0,0.0,1.0
144.262,100,207841.0,600.0,128.0,331.0,600.0,0.0,1.0,0.0,0.0,0.5,0.043,0.268,0.5,0.508,0.054,0.282,0.511,0.0,0.0,-1.42,-5.26,-1.12,-0.54,1.97,0.0,0.0,6.0,0.0,0.0,0.0,1.0,1.0,-34.2,-37.1,-32.2,-30.9,-28.9,-25.3,-28.9,-25.3,72.0,43.0,98.0,70.0,170.0,170.0,170.0,170.0,14.0,16.0,31.0,12.0,15.0,0.0,1.0
144.295,54,207895.0,600.0,128.0,240.0,600.0,0.0,1.0,1.0,0.0,0.5,0.043,0.268,0.5,0.508,0.054,0.282,0.511,0.0,0.0,-1.29,-5.35,-0.92,-0.54,1.8,0.0,0.0,6.0,0.0,0.0,0.0,1.0,1.0,-34.5,-36.7,-32.0,-29.6,-29.4,-24.9,-29.4,-24.9,74.0,42.0,98.0,69.0,170.0,170.0,170.0,170.0,16.0,22.0,23.0,32.0,15.0,0.0,1.0
144.327,37,207932.0,600.0,128.0,240.0,600.0,0.0,1.0,1.0,0.0,0.5,0.043,0.198,0.5,0.508,0.054,0.217,0.51,0.0,0.0,-1.38,-5.48,-1.09,-0.54,2.26,0.0,0.0,6.0,0.0,0.0,0.0,1.0,1.0,-34.5,-36.7,-34.0,-29.0,-28.5,-25.7,-28.5,-25.7,70.0,44.0,94.0,72.0,170.0,170.0,170.0,170.0,16.0,22.0,23.0,32.0,15.0,0.0,1.0
144.426,98,208030.0,600.0,128.0,240.0,600.0,0.0,1.0,1.0,0.0,0.5,0.043,0.198,0.5,0.508,0.054,0.217,0.51,0.0,0.0,-1.3,-5.28,-0.97,-0.54,1.41,0.0,0.0,6.0,0.0,0.0,0.0,1.0,1.0,-32.5,-36.6,-34.4,-28.3,-28.2,-26.1,-28.2,-26.1,70.0,44.0,90.0,71.0,170.0,170.0,170.0,170.0,16.0,22.0,23.0,32.0,15.0,0.0,1.0
144.492,54,208084.0,600.0,128.0,147.0,600.0,0.0,1.0,1.0,0.0,0.5,0.043,0.198,0.5,0.508,0.054,0.217,0.51,0.0,0.0,-1.38,-5.36,-1.02,-0.54,1.78,0.0,0.0,6.0,0.0,0.0,0.0,1.0,1.0,-32.7,-36.3,-40.4,-32.3,-28.8,-25.4,-28.8,-25.4,71.0,43.0,90.0,70.0,170.0,170.0,170.0,170.0,16.0,22.0,23.0,32.0,15.0,0.0,0.0
144.524,36,208120.0,600.0,128.0,147.0,600.0,0.0,1.0,1.0,0.0,0.5,0.043,0.122,0.5,0.508,0.053,0.143,0.509,0.0,0.0,-1.4,-5.4,-1.04,-0.54,1.72,0.0,0.0,6.0,0.0,0.0,0.0,1.0,1.0,-32.3,-35.8,-40.2,-33.0,-27.9,-26.3,-27.9,-26.3,69.0,45.0,87.0,73.0,170.0,170.0,170.0,170.0,16.0,22.0,23.0,32.0,15.0,0.0,1.0
144.627,98,208218.0,600.0,128.0,147.0,600.0,0.0,1.0,1.0,0.0,0.5,0.043,0.122,0.5,0.508,0.053,0.143,0.509,0.0,0.0,-1.41,-5.46,-0.99,-0.54,0.79,0.0,0.0,6.0,0.0,0.0,0.0,1.0,1.0,-30.3,-35.7,-40.8,-41.3,-30.4,-23.8,-30.4,-23.8,77.0,41.0,95.0,64.0,170.0,170.0,170.0,170.0,16.0,22.0,23.0,32.0,15.0,0.0,0.0
144.659,54,208272.0,600.0,128.0,144.0,600.0,0.0,1.0,1.0,0.0,0.5,0.043,0.122,0.5,0.508,0.053,0.143,0.509,0.0,0.0,-1.17,-5.34,-1.17,-0.54,3.27,0.0,0.0,6.0,0.0,0.0,0.0,1.0,1.0,-32.3,-36.1,-39.3,-43.0,-30.1,-24.1,-30.1,-24.1,74.0,41.0,91.0,64.0,170.0,170.0,170.0,170.0,16.0,22.0,23.0,32.0,15.0,0.0,0.0
144.725,36,208308.0,600.0,128.0,144.0,600.0,0.0,1.0,1.0,0.0,0.5,0.044,0.086,0.5,0.508,0.052,0.1,0.509,0.0,0.0,-1.42,-5.56,-1.29,-0.54,2.99,0.0,0.0,6.0,0.0,0.0,0.0,1.0,1.0,-32.3,-35.1,-36.3,-42.6,-29.2,-25.1,-29.2,-25.1,70.0,43.0,89.0,67.0,170.0,170.0,170.0,170.0,16.0,22.0,23.0,32.0,15.0,0.0,1.0
144.827,99,208407.0,600.0,129.0,144.0,600.0,0.0,1.0,1.0,0.0,0.5,0.044,0.086,0.5,0.508,0.052,0.1,0.509,0.0,0.0,-1.37,-5.5,-1.15,-0.54,2.04,0.0,0.0,6.0,0.0,0.0,0.0,1.0,1.0,-37.1,-35.2,-35.4,-42.9,-29.1,-25.2,-29.1,-25.2,70.0,43.0,88.0,64.0,170.0,170.0,170.0,170.0,24.0,22.0,23.0,32.0,15.0,0.0,0.0
144.86,55,208462.0,600.0,129.0,236.0,600.0,0.0,1.0,1.0,0.0,0.5,0.044,0.086,0.5,0.508,0.052,0.1,0.509,0.0,0.0,-1.27,-5.37,-1.28,-0.54,3.1,0.0,0.0,6.0,0.0,0.0,0.0,1.0,1.0,-36.5,-35.7,-32.3,-42.0,-31.5,-22.8,-31.5,-22.8,76.0,39.0,97.0,60.0,170.0,170.0,170.0,170.0,24.0,16.0,43.0,40.0,15.0,0.0,0.0
144.893,36,208498.0,600.0,129.0,236.0,600.0,0.0,1.0,1.0,0.0,0.5,0.044,0.112,0.5,0.508,0.053,0.116,0.509,0.0,0.0,-1.3,-5.43,-1.38,-0.54,4.34,0.0,0.0,6.0,0.0,0.0,0.0,1.0,1.0,-35.0,-34.7,-29.2,-40.9,-30.6,-23.7,-30.6,-23.7,74.0,41.0,95.0,63.0,170.0,170.0,170.0,170.0,24.0,16.0,43.0,40.0,15.0,0.0,1.0
144.992,91,208589.0,600.0,128.0,236.0,600.0,0.0,1.0,1.0,0.0,0.5,0.044,0.112,0.5,0.508,0.053,0.116,0.509,0.0,0.0,-1.34,-5.54,-1.32,-0.54,3.47,0.0,0.0,6.0,0.0,0.0,0.0,1.0,1.0,-35.1,-34.9,-27.5,-39.6,-29.9,-24.3,-29.9,-24.3,72.0,42.0,94.0,65.0,170.0,170.0,170.0,170.0,24.0,16.0,43.0,40.0,15.0,0.0,1.0
145.059,56,208645.0,600.0,128.0,324.0,600.0,0.0,1.0,0.0,0.0,0.5,0.044,0.112,0.5,0.508,0.053,0.116,0.509,0.0,0.0,-1.16,-5.31,-1.17,-0.54,2.85,0.0,0.0,6.0,0.0,0.0,0.0,1.0,1.0,-35.2,-33.8,-25.3,-36.2,-30.2,-24.1,-30.2,-24.1,73.0,42.0,99.0,66.0,170.0,170.0,170.0,170.0,24.0,16.0,43.0,40.0,15.0,0.0,0.0
145.092,36,208681.0,600.0,128.0,324.0,600.0,0.0,1.0,0.0,0.0,0.5,0.044,0.173,0.5,0.508,0.054,0.171,0.51,0.0,0.0,-1.24,-5.32,-1.21,-0.54,3.05,0.0,0.0,6.0,0.0,0.0,0.0,1.0,1.0,-35.3,-35.4,-24.9,-34.3,-29.3,-24.9,-29.3,-24.9,71.0,43.0,98.0,68.0,170.0,170.0,170.0,170.0,24.0,16.0,43.0,40.0,15.0,0.0,1.0
145.189,98,208779.0,600.0,128.0,324.0,600.0,0.0,1.0,0.0,0.0,0.5,0.044,0.173,0.5,0.508,0.054,0.171,0.51,0.0,0.0,-1.33,-5.45,-1.03,-0.54,1.55,0.0,0.0,6.0,0.0,0.0,0.0,1.0,1.0,-34.5,-35.7,-25.5,-31.7,-27.4,-26.8,-27.4,-26.8,67.0,46.0,94.0,75.0,170.0,170.0,170.0,170.0,24.0,16.0,43.0,40.0,15.0,0.0,1.0
145.221,54,208833.0,600.0,128.0,328.0,600.0,0.0,1.0,0.0,0.0,0.5,0.044,0.173,0.5,0.508,0.054,0.171,0.51,0.0,0.0,-1.24,-5.32,-0.8,-0.54,0.28,0.0,0.0,6.0,0.0,0.0,0.0,1.0,1.0,-34.1,-35.3,-25.5,-30.4,-27.8,-26.5,-27.8,-26.5,67.0,45.0,96.0,74.0,170.0,170.0,170.0,170.0,24.0,16.0,43.0,40.0,15.0,0.0,0.0
145.285,36,208869.0,600.0,128.0,328.0,600.0,0.0,1.0,0.0,0.0,0.5,0.044,0.204,0.5,0.508,0.054,0.206,0.51,0.0,0.0,-1.3,-5.22,-0.91,-0.54,0.64,0.0,0.0,6.0,0.0,0.0,0.0,1.0,1.0,-34.1,-36.6,-26.3,-30.5,-27.8,-26.4,-27.8,-26.4,68.0,45.0,96.0,74.0,170.0,170.0,170.0,170.0,24.0,16.0,43.0,40.0,15.0,0.0,1.0
145.387,102,208971.0,600.0,129.0,328.0,600.0,0.0,1.0,0.0,0.0,0.5,0.044,0.204,0.5,0.508,0.054,0.206,0.51,0.0,0.0,-1.24,-5.4,-0.96,-0.54,0.05,0.0,0.0,6.0,0.0,0.0,0.0,1.0,1.0,-33.8,-36.5,-29.3,-31.6,-26.3,-27.9,-26.3,-27.9,64.0,47.0,91.0,78.0,170.0,170.0,170.0,170.0,14.0,10.0,39.0,18.0,15.0,0.0,1.0
145.42,55,209026.0,600.0,129.0,340.0,600.0,0.0,1.0,0.0,0.0,0.5,0.044,0.204,0.5,0.508,0.054,0.206,0.51,0.0,0.0,-1.49,-5.19,-0.9,-0.54,0.35,0.0,0.0,6.0,0.0,0.0,0.0,1.0,1.0,-35.6,-34.2,-32.5,-36.2,-28.8,-25.4,-28.8,-25.4,70.0,44.0,96.0,69.0,170.0,170.0,170.0,170.0,14.0,10.0,39.0,18.0,15.0,0.0,1.0
145.453,37,209063.0,600.0,129.0,340.0,600.0,0.0,1.0,0.0,0.0,0.5,0.044,0.225,0.5,0.508,0.054,0.229,0.511,0.0,0.0,-1.49,-5.25,-1.08,-0.54,1.7,0.0,0.0,6.0,0.0,0.0,0.0,1.0,1.0,-33.9,-34.0,-43.9,-38.0,-29.7,-24.6,-29.7,-24.6,72.0,42.0,92.0,67.0,170.0,170.0,170.0,170.0,14.0,10.0,39.0,18.0,15.0,0.0,1.0
145.55,98,209161.0,600.0,129.0,340.0,600.0,0.0,1.0,0.0,0.0,0.5,0.044,0.225,0.5,0.508,0.054,0.229,0.511,0.0,0.0,-1.34,-5.41,-1.15,-0.54,3.17,0.0,0.0,6.0,0.0,0.0,0.0,1.0,1.0,-33.6,-34.4,-31.3,-39.2,-28.9,-25.3,-28.9,-25.3,71.0,44.0,92.0,68.0,170.0,170.0,170.0,170.0,14.0,10.0,39.0,18.0,15.0,0.0,1.0
145.627,55,209216.0,600.0,129.0,335.0,600.0,0.0,1.0,0.0,0.0,0.5,0.044,0.225,0.5,0.508,0.054,0.229,0.511,0.0,0.0,-1.52,-5.36,-1.01,-0.54,1.81,0.0,0.0,6.0,0.0,0.0,0.0,1.0,1.0,-31.9,-34.7,-33.9,-38.9,-30.2,-24.0,-30.2,-24.0,74.0,41.0,95.0,65.0,170.0,170.0,170.0,170.0,14.0,10.0,39.0,18.0,15.0,0.0,0.0
145.659,53,209269.0,600.0,129.0,335.0,600.0,0.0,1.0,0.0,0.0,0.5,0.044,0.232,0.5,0.508,0.055,0.239,0.511,0.0,0.0,-1.51,-5.43,-0.97,-0.54,3.13,0.0,0.0,6.0,0.0,0.0,0.0,1.0,1.0,-31.9,-34.7,-33.9,-38.9,-28.9,-25.3,-28.9,-25.3,69.0,43.0,89.0,69.0,170.0,170.0,170.0,170.0,14.0,10.0,39.0,18.0,15.0,0.0,0.0
145.726,54,209323.0,600.0,129.0,335.0,600.0,0.0,1.0,0.0,0.0,0.5,0.044,0.232,0.5,0.508,0.055,0.239,0.511,0.0,0.0,-1.33,-5.52,-0.91,-0.54,1.78,0.0,0.0,6.0,0.0,0.0,0.0,1.0,1.0,-35.0,-35.0,-32.4,-38.3,-27.6,-26.7,-27.6,-26.7,65.0,46.0,85.0,72.0,170.0,170.0,170.0,170.0,14.0,10.0,39.0,18.0,15.0,0.0,0.0
145.801,53,209376.0,600.0,130.0,335.0,600.0,0.0,1.0,0.0,0.0,0.5,0.044,0.232,0.5,0.508,0.055,0.239,0.511,0.0,0.0,-1.52,-5.5,-0.84,-0.54,0.46,0.0,0.0,6.0,0.0,0.0,0.0,1.0,1.0,-35.3,-35.2,-30.5,-38.3,-26.2,-28.0,-26.2,-28.0,62.0,48.0,82.0,76.0,170.0,170.0,170.0,170.0,14.0,10.0,39.0,18.0,15.0,0.0,0.0
145.834,53,209429.0,600.0,130.0,335.0,600.0,0.0,1.0,0.0,0.0,0.5,0.044,0.232,0.5,0.508,0.055,0.239,0.511,0.0,0.0,-1.61,-5.34,-0.64,-0.54,-0.87,0.0,0.0,6.0,0.0,0.0,0.0,1.0,1.0,-35.3,-35.2,-30.5,-38.3,-26.2,-28.0,-26.2,-28.0,62.0,48.0,82.0,76.0,170.0,170.0,170.0,170.0,14.0,10.0,39.0,18.0,15.0,0.0,0.0
145.9,54,209483.0,600.0,130.0,335.0,600.0,0.0,1.0,0.0,0.0,0.5,0.044,0.235,0.5,0.508,0.055,0.243,0.511,0.0,0.0,-1.38,-5.46,-0.97,-0.54,0.51,0.0,0.0,6.0,0.0,0.0,0.0,1.0,1.0,-35.5,-34.4,-29.2,-36.3,-28.8,-25.4,-28.8,-25.4,68.0,44.0,90.0,69.0,170.0,170.0,170.0,170.0,30.0,24.0,9.0,6.0,15.0,0.0,0.0
145.932,54,209537.0,600.0,130.0,335.0,600.0,0.0,1.0,0.0,0.0,0.5,0.044,0.235,0.5,0.508,0.055,0.243,0.511,0.0,0.0,-1.29,-5.5,-1.01,-0.54,1.68,0.0,0.0,6.0,0.0,0.0,0.0,1.0,1.0,-35.0,-33.8,-29.4,-34.1,-27.8,-26.5,-27.8,-26.5,66.0,46.0,87.0,73.0,170.0,170.0,170.0,170.0,30.0,24.0,9.0,6.0,15.0,0.0,1.0
145.998,53,209590.0,600.0,130.0,335.0,600.0,0.0,1.0,0.0,0.0,0.5,0.044,0.235,0.5,0.508,0.055,0.243,0.511,0.0,0.0,-1.41,-5.47,-0.93,-0.54,0.67,0.0,0.0,6.0,0.0,0.0,0.0,1.0,1.0,-34.5,-31.8,-29.5,-32.1,-29.0,-25.2,-29.0,-25.2,70.0,44.0,90.0,70.0,170.0,170.0,170.0,170.0,30.0,24.0,9.0,6.0,15.0,0.0,0.0
146.031,54,209644.0,600.0,130.0,335.0,600.0,0.0,1.0,0.0,0.0,0.5,0.044,0.235,0.5,0.508,0.055,0.243,0.511,0.0,0.0,-1.24,-5.34,-1.73,-0.54,1.92,0.0,0.0,6.0,0.0,0.0,0.0,1.0,1.0,-26.7,-29.4,-25.7,-29.8,-30.4,-23.8,-30.4,-23.8,77.0,42.0,98.0,66.0,170.0,170.0,170.0,170.0,30.0,24.0,9.0,6.0,15.0,0.0,0.0
146.096,53,209697.0,600.0,130.0,335.0,577.0,0.0,1.0,0.0,0.0,0.5,0.045,0.237,0.49,0.508,0.055,0.244,0.502,0.0,0.0,-1.1,-5.38,-2.05,-0.54,3.29,0.0,0.0,6.0,0.0,0.0,0.0,1.0,1.0,-22.9,-28.4,-22.5,-26.5,-31.7,-22.5,-31.7,-22.5,83.0,40.0,106.0,64.0,170.0,170.0,170.0,170.0,30.0,24.0,9.0,6.0,15.0,0.0,0.0
146.159,53,209750.0,600.0,130.0,335.0,577.0,0.0,1.0,0.0,0.0,0.5,0.045,0.237,0.49,0.508,0.055,0.244,0.502,0.0,0.0,-1.06,-5.37,-2.4,-0.54,4.59,0.0,0.0,6.0,0.0,0.0,0.0,1.0,1.0,-22.9,-28.4,-22.5,-26.5,-31.7,-22.5,-31.7,-22.5,83.0,38.0,116.0,60.0,170.0,170.0,170.0,170.0,30.0,24.0,9.0,6.0,15.0,0.0,1.0
146.225,54,209804.0,600.0,129.0,335.0,577.0,0.0,1.0,0.0,0.0,0.5,0.045,0.237,0.49,0.508,0.055,0.244,0.502,0.0,0.0,-1.12,-5.49,-2.69,-0.54,5.97,0.0,0.0,6.0,0.0,0.0,0.0,1.0,1.0,-21.3,-27.8,-20.9,-22.3,-34.4,-19.8,-34.4,-19.8,101.0,36.0,126.0,57.0,170.0,170.0,170.0,170.0,30.0,24.0,9.0,6.0,15.0,0.0,0.0
146.257,53,209857.0,600.0,129.0,346.0,577.0,0.0,1.0,0.0,0.0,0.5,0.045,0.237,0.49,0.508,0.055,0.244,0.502,0.0,0.0,-1.11,-5.49,-2.74,-0.54,7.29,0.0,0.0,6.0,0.0,0.0,0.0,1.0,1.0,-22.1,-28.6,-20.2,-21.6,-35.1,-19.2,-35.1,-19.2,108.0,35.0,135.0,55.0,170.0,170.0,170.0,170.0,30.0,24.0,9.0,6.0,15.0,0.0,1.0
146.323,53,209910.0,600.0,129.0,346.0,562.0,0.0,1.0,0.0,0.0,0.5,0.044,0.244,0.477,0.508,0.055,0.25,0.49,0.0,0.0,-1.17,-5.46,-2.57,-0.54,7.95,0.0,0.0,6.0,0.0,0.0,0.0,1.0,1.0,-24.1,-30.0,-20.2,-22.1,-33.8,-20.4,-33.8,-20.4,109.0,36.0,136.0,59.0,170.0,170.0,170.0,170.0,30.0,24.0,9.0,6.0,15.0,0.0,0.0
146.356,53,209963.0,600.0,129.0,346.0,562.0,0.0,1.0,0.0,0.0,0.5,0.044,0.244,0.477,0.508,0.055,0.25,0.49,0.0,0.0,-1.39,-5.41,-1.65,-0.54,6.67,0.0,0.0,6.0,0.0,0.0,0.0,1.0,1.0,-26.0,-32.7,-21.1,-24.7,-32.4,-21.8,-32.4,-21.8,108.0,38.0,137.0,62.0,170.0,170.0,170.0,170.0,12.0,22.0,25.0,52.0,15.0,0.0,0.0
146.429,53,210016.0,600.0,128.0,346.0,562.0,0.0,1.0,0.0,0.0,0.5,0.044,0.244,0.477,0.508,0.055,0.25,0.49,0.0,0.0,-1.28,-5.51,-1.59,-0.54,5.3,0.0,0.0,6.0,0.0,0.0,0.0,1.0,1.0,-28.4,-36.7,-23.9,-26.1,-31.1,-23.1,-31.1,-23.1,105.0,39.0,135.0,65.0,170.0,170.0,170.0,170.0,12.0,22.0,25.0,52.0,15.0,0.0,0.0
146.462,55,210071.0,600.0,128.0,334.0,562.0,0.0,1.0,0.0,0.0,0.5,0.044,0.244,0.477,0.508,0.055,0.25,0.49,0.0,0.0,-1.41,-5.67,-1.19,-0.54,4.0,0.0,0.0,6.0,0.0,0.0,0.0,1.0,1.0,-28.4,-36.7,-23.9,-26.1,-31.1,-23.1,-31.1,-23.1,105.0,39.0,132.0,69.0,170.0,170.0,170.0,170.0,12.0,22.0,25.0,52.0,15.0,0.0,1.0
146.527,54,210125.0,600.0,128.0,334.0,550.0,0.0,1.0,0.0,0.0,0.5,0.044,0.24,0.466,0.508,0.055,0.248,0.479,0.0,0.0,-1.33,-5.43,0.79,-0.54,2.6,0.0,0.0,6.0,0.0,0.0,0.0,1.0,1.0,-32.2,-42.4,-27.8,-32.9,-28.4,-25.8,-28.4,-25.8,96.0,42.0,128.0,71.0,170.0,170.0,170.0,170.0,12.0,22.0,25.0,52.0,15.0,0.0,0.0
146.601,53,210178.0,600.0,128.0,334.0,550.0,0.0,1.0,0.0,0.0,0.5,0.044,0.24,0.466,0.508,0.055,0.248,0.479,0.0,0.0,-1.49,-5.47,1.01,-0.54,1.3,0.0,0.0,6.0,0.0,0.0,0.0,1.0,1.0,-37.9,-43.3,-32.9,-37.1,-27.0,-27.2,-27.0,-27.2,87.0,44.0,120.0,74.0,170.0,170.0,170.0,170.0,12.0,22.0,25.0,52.0,15.0,0.0,1.0
146.634,53,210231.0,600.0,129.0,334.0,550.0,0.0,1.0,0.0,0.0,0.5,0.044,0.24,0.466,0.508,0.055,0.248,0.479,0.0,0.0,-1.67,-5.59,1.26,-0.54,-0.08,0.0,0.0,6.0,0.0,0.0,0.0,1.0,1.0,-38.4,-45.0,-30.5,-39.4,-25.8,-28.5,-25.8,-28.5,78.0,46.0,115.0,77.0,170.0,170.0,170.0,170.0,12.0,22.0,25.0,52.0,15.0,0.0,0.0
146.7,53,210284.0,600.0,129.0,430.0,550.0,0.0,1.0,0.0,0.0,0.5,0.044,0.24,0.466,0.508,0.055,0.248,0.479,0.0,0.0,-1.82,-5.4,2.3,-0.54,-1.35,0.0,0.0,6.0,0.0,0.0,0.0,1.0,1.0,-38.4,-45.6,-34.5,-40.6,-24.4,-29.8,-24.4,-29.8,66.0,48.0,105.0,81.0,170.0,170.0,170.0,170.0,12.0,22.0,25.0,52.0,15.0,0.0,0.0
146.734,53,210337.0,600.0,129.0,430.0,537.0,0.0,1.0,0.0,0.0,0.5,0.044,0.294,0.455,0.507,0.056,0.292,0.468,0.0,0.0,-1.73,-5.42,2.43,-0.54,-2.73,0.0,0.0,6.0,0.0,0.0,0.0,1.0,1.0,-41.4,-45.4,-36.9,-41.5,-23.1,-31.1,-23.1,-31.1,56.0,51.0,94.0,84.0,170.0,170.0,170.0,170.0,12.0,22.0,25.0,52.0,15.0,0.0,1.0
146.8,53,210390.0,600.0,129.0,430.0,537.0,0.0,1.0,0.0,0.0,0.5,0.044,0.294,0.455,0.507,0.056,0.292,0.468,0.0,0.0,-1.62,-5.74,2.56,-0.54,-4.03,0.0,0.0,6.0,0.0,0.0,0.0,1.0,1.0,-41.4,-45.4,-36.9,-41.5,-23.1,-31.1,-23.1,-31.1,56.0,53.0,86.0,88.0,170.0,170.0,170.0,170.0,12.0,22.0,25.0,52.0,15.0,0.0,1.0
146.833,54,210444.0,600.0,127.0,430.0,537.0,0.0,1.0,0.0,0.0,0.5,0.044,0.294,0.455,0.507,0.056,0.292,0.468,0.0,0.0,-1.87,-5.48,2.54,-0.54,-5.38,0.0,0.0,6.0,0.0,0.0,0.0,1.0,1.0,-40.5,-44.3,-33.7,-39.8,-20.4,-33.8,-20.4,-33.8,50.0,55.0,76.0,92.0,170.0,170.0,170.0,170.0,12.0,22.0,25.0,52.0,15.0,0.0,0.0
146.899,54,210498.0,600.0,127.0,430.0,537.0,0.0,1.0,0.0,0.0,0.5,0.044,0.294,0.455,0.507,0.056,0.292,0.468,0.0,0.0,-1.74,-5.48,2.48,-0.54,-6.68,0.0,0.0,6.0,0.0,0.0,0.0,1.0,1.0,-38.3,-42.2,-31.4,-38.5,-19.1,-35.2,-19.1,-35.2,47.0,58.0,67.0,96.0,170.0,170.0,170.0,170.0,14.0,8.0,14.0,20.0,15.0,0.0,1.0
146.965,53,210551.0,600.0,127.0,430.0,507.0,0.0,1.0,0.0,0.0,0.5,0.043,0.318,0.434,0.507,0.055,0.321,0.45,0.0,0.0,-1.53,-5.62,2.31,-0.54,-8.05,0.0,0.0,6.0,0.0,0.0,0.0,1.0,1.0,-38.3,-42.2,-31.4,-38.5,-20.4,-33.9,-20.4,-33.9,51.0,56.0,71.0,92.0,170.0,170.0,170.0,170.0,14.0,8.0,14.0,20.0,15.0,0.0,1.0
146.998,54,210605.0,600.0,127.0,430.0,507.0,0.0,1.0,0.0,0.0,0.5,0.043,0.318,0.434,0.507,0.055,0.321,0.45,0.0,0.0,-1.65,-5.4,1.59,-0.54,-6.75,0.0,0.0,6.0,0.0,0.0,0.0,1.0,1.0,-34.4,-38.4,-30.3,-35.5,-21.7,-32.5,-21.7,-32.5,54.0,55.0,76.0,88.0,170.0,170.0,170.0,170.0,14.0,8.0,14.0,20.0,15.0,0.0,0.0
147.061,53,210658.0,600.0,127.0,430.0,507.0,0.0,1.0,0.0,0.0,0.5,0.043,0.318,0.434,0.507,0.055,0.321,0.45,0.0,0.0,-1.65,-5.41,1.26,-0.54,-5.38,0.0,0.0,6.0,0.0,0.0,0.0,1.0,1.0,-34.4,-38.4,-30.3,-35.5,-21.7,-32.5,-21.7,-32.5,54.0,55.0,80.0,84.0,170.0,170.0,170.0,170.0,14.0,8.0,14.0,20.0,15.0,0.0,0.0
147.126,54,210712.0,600.0,127.0,315.0,507.0,0.0,1.0,0.0,0.0,0.5,0.043,0.318,0.434,0.507,0.055,0.321,0.45,0.0,0.0,-1.58,-5.54,0.73,-0.54,-3.98,0.0,0.0,6.0,0.0,0.0,0.0,1.0,1.0,-33.7,-37.1,-31.1,-35.4,-24.4,-29.8,-24.4,-29.8,61.0,51.0,84.0,81.0,170.0,170.0,170.0,170.0,14.0,8.0,14.0,20.0,15.0,0.0,0.0
147.158,53,210765.0,600.0,127.0,315.0,483.0,0.0,1.0,0.0,0.0,0.5,0.043,0.264,0.412,0.507,0.054,0.279,0.427,0.0,0.0,-1.49,-5.36,0.06,-0.54,-2.7,0.0,0.0,6.0,0.0,0.0,0.0,1.0,1.0,-31.2,-35.8,-29.5,-36.2,-25.8,-28.4,-25.8,-28.4,65.0,48.0,89.0,77.0,170.0,170.0,170.0,170.0,14.0,8.0,14.0,20.0,15.0,0.0,0.0
147.224,53,210818.0,600.0,127.0,315.0,483.0,0.0,1.0,0.0,0.0,0.5,0.043,0.264,0.412,0.507,0.054,0.279,0.427,0.0,0.0,-1.41,-5.32,-0.02,-0.54,-1.33,0.0,0.0,6.0,0.0,0.0,0.0,1.0,1.0,-30.4,-35.1,-28.9,-38.5,-27.0,-27.2,-27.0,-27.2,68.0,47.0,93.0,73.0,170.0,170.0,170.0,170.0,14.0,8.0,14.0,20.0,15.0,0.0,0.0
147.262,53,210871.0,600.0,128.0,315.0,483.0,0.0,1.0,0.0,0.0,0.5,0.043,0.264,0.412,0.507,0.054,0.279,0.427,0.0,0.0,-1.32,-5.23,-0.27,-0.54,-0.08,0.0,0.0,6.0,0.0,0.0,0.0,1.0,1.0,-30.4,-35.1,-28.9,-38.5,-27.0,-27.2,-27.0,-27.2,68.0,47.0,96.0,68.0,170.0,170.0,170.0,170.0,14.0,8.0,14.0,20.0,15.0,0.0,1.0
147.328,55,210926.0,600.0,128.0,391.0,483.0,0.0,1.0,0.0,0.0,0.5,0.043,0.264,0.412,0.507,0.054,0.279,0.427,0.0,0.0,-1.73,-5.52,-0.86,-0.54,1.3,0.0,0.0,6.0,0.0,0.0,0.0,1.0,1.0,-30.1,-35.0,-39.3,-39.6,-29.7,-24.5,-29.7,-24.5,75.0,42.0,94.0,65.0,170.0,170.0,170.0,170.0,14.0,8.0,14.0,20.0,15.0,0.0,0.0
147.394,53,210979.0,600.0,128.0,391.0,455.0,0.0,1.0,0.0,0.0,0.5,0.043,0.282,0.387,0.506,0.055,0.286,0.403,0.0,0.0,-1.67,-5.51,-0.9,-0.54,2.62,0.0,0.0,6.0,0.0,0.0,0.0,1.0,1.0,-30.1,-35.0,-36.8,-38.8,-30.6,-23.6,-30.6,-23.6,76.0,40.0,95.0,62.0,170.0,170.0,170.0,170.0,14.0,8.0,14.0,20.0,15.0,0.0,1.0
147.427,54,211033.0,600.0,128.0,391.0,455.0,0.0,1.0,0.0,0.0,0.5,0.043,0.282,0.387,0.506,0.055,0.286,0.403,0.0,0.0,-1.43,-5.46,-1.01,-0.54,3.5,0.0,0.0,6.0,0.0,0.0,0.0,1.0,1.0,-31.3,-35.2,-37.3,-38.5,-29.8,-24.4,-29.8,-24.4,74.0,42.0,90.0,65.0,170.0,170.0,170.0,170.0,42.0,20.0,67.0,6.0,15.0,0.0,0.0
147.493,52,211085.0,600.0,128.0,391.0,455.0,0.0,1.0,0.0,0.0,0.5,0.043,0.282,0.387,0.506,0.055,0.286,0.403,0.0,0.0,-1.7,-5.69,-0.97,-0.54,2.72,0.0,0.0,6.0,0.0,0.0,0.0,1.0,1.0,-32.2,-35.2,-39.8,-38.4,-28.4,-25.8,-28.4,-25.8,69.0,44.0,84.0,69.0,170.0,170.0,170.0,170.0,42.0,20.0,67.0,6.0,15.0,0.0,0.0
147.526,54,211139.0,600.0,128.0,485.0,455.0,0.0,1.0,0.0,0.0,0.5,0.043,0.282,0.387,0.506,0.055,0.286,0.403,0.0,0.0,-1.89,-5.72,-0.92,-0.54,1.3,0.0,0.0,6.0,0.0,0.0,0.0,1.0,1.0,-35.0,-35.2,-39.2,-38.1,-28.0,-26.3,-28.0,-26.3,67.0,45.0,83.0,70.0,170.0,170.0,170.0,170.0,42.0,20.0,67.0,6.0,15.0,0.0,0.0
147.592,53,211192.0,600.0,128.0,485.0,429.0,0.0,1.0,0.0,0.0,0.5,0.043,0.343,0.361,0.506,0.056,0.339,0.378,0.0,0.0,-1.7,-5.64,-0.78,-0.54,0.84,0.0,0.0,6.0,0.0,0.0,0.0,1.0,1.0,-35.0,-35.2,-39.2,-38.1,-28.0,-26.3,-28.0,-24.9,70.0,43.0,88.0,66.0,170.0,170.0,170.0,170.0,42.0,20.0,67.0,6.0,15.0,0.0,1.0
147.655,54,211246.0,600.0,128.0,485.0,429.0,0.0,1.0,0.0,0.0,0.5,0.043,0.343,0.361,0.506,0.056,0.339,0.378,0.0,0.0,-1.59,-5.52,-0.89,-0.54,2.22,0.0,0.0,6.0,0.0,0.0,0.0,1.0,1.0,-35.3,-34.1,-35.2,-36.1,-30.6,-23.6,-30.6,-23.6,73.0,41.0,93.0,63.0,170.0,170.0,170.0,170.0,42.0,20.0,67.0,6.0,15.0,0.0,0.0
147.687,52,211298.0,600.0,126.0,485.0,429.0,0.0,1.0,0.0,0.0,0.5,0.043,0.343,0.361,0.506,0.056,0.339,0.378,0.0,0.0,-1.66,-5.63,-1.06,-0.54,3.52,0.0,0.0,6.0,0.0,0.0,0.0,1.0,1.0,-35.9,-33.7,-34.2,-34.1,-30.2,-24.1,-30.2,-24.1,72.0,42.0,91.0,65.0,170.0,170.0,170.0,170.0,42.0,20.0,67.0,6.0,15.0,0.0,1.0
147.753,55,211353.0,600.0,126.0,485.0,429.0,0.0,1.0,0.0,0.0,0.5,0.043,0.343,0.361,0.506,0.056,0.339,0.378,0.0,0.0,-1.91,-5.73,-1.13,-0.54,3.04,0.0,0.0,6.0,0.0,0.0,0.0,1.0,1.0,-35.8,-33.5,-32.3,-32.2,-28.9,-25.4,-28.9,-25.4,69.0,44.0,88.0,69.0,170.0,170.0,170.0,170.0,42.0,20.0,67.0,6.0,15.0,0.0,0.0
147.821,53,211406.0,600.0,126.0,485.0,406.0,0.0,1.0,0.0,0.0,0.5,0.043,0.371,0.336,0.506,0.056,0.372,0.353,0.0,0.0,-1.42,-5.56,-1.0,-0.54,1.74,0.0,0.0,6.0,0.0,0.0,0.0,1.0,1.0,-34.5,-33.3,-30.6,-30.5,-27.5,-26.7,-27.5,-26.7,66.0,46.0,84.0,73.0,170.0,170.0,170.0,170.0,42.0,20.0,67.0,6.0,15.0,0.0,0.0
147.853,53,211459.0,600.0,126.0,485.0,406.0,0.0,1.0,0.0,0.0,0.5,0.043,0.371,0.336,0.506,0.056,0.372,0.353,0.0,0.0,-1.44,-5.52,-0.94,-0.54,0.39,0.0,0.0,6.0,0.0,0.0,0.0,1.0,1.0,-33.9,-32.7,-30.7,-29.1,-28.8,-25.4,-28.8,-25.4,69.0,44.0,88.0,70.0,170.0,170.0,170.0,170.0,42.0,20.0,67.0,6.0,15.0,0.0,0.0
147.917,52,211511.0,600.0,128.0,485.0,406.0,0.0,1.0,0.0,0.0,0.5,0.043,0.371,0.336,0.506,0.056,0.372,0.353,0.0,0.0,-1.5,-5.65,-0.89,-0.54,1.69,0.0,0.0,6.0,0.0,0.0,0.0,1.0,1.0,-33.9,-32.7,-30.7,-29.1,-19.0,-13.9,-19.0,-13.9,40.0,17.0,54.0,32.0,170.0,170.0,170.0,170.0,38.0,22.0,67.0,6.0,15.0,0.0,1.0
147.988,55,211566.0,600.0,128.0,485.0,406.0,0.0,1.0,0.0,0.0,0.5,0.043,0.371,0.336,0.506,0.056,0.372,0.353,0.0,0.0,-1.56,-5.62,-1.0,-0.54,2.54,0.0,0.0,0.0,0.0,0.0,0.0,1.0,1.0,-31.5,-31.8,-28.0,-26.9,0.0,0.0,0.0,0.0,0.0,0.0,0.0,0.0,170.0,170.0,170.0,170.0,38.0,22.0,12.0,42.0,15.0,0.0,0.0
148.021,52,211618.0,600.0,128.0,485.0,402.0,0.0,1.0,0.0,0.0,0.5,0.043,0.384,0.322,0.505,0.056,0.387,0.337,0.0,0.0,-1.46,-5.58,-1.02,-0.54,0.0,0.0,0.0,0.0,0.0,0.0,0.0,1.0,1.0,-28.8,-30.1,-27.7,-24.5,0.0,0.0,0.0,0.0,0.0,0.0,0.0,0.0,170.0,170.0,170.0,170.0,38.0,22.0,12.0,42.0,15.0,0.0,1.0
148.086,53,211671.0,600.0,128.0,485.0,402.0,0.0,1.0,0.0,0.0,0.5,0.043,0.384,0.322,0.505,0.056,0.387,0.337,0.0,0.0,-1.33,-5.5,-1.14,-0.54,0.0,0.0,0.0,0.0,0.0,0.0,0.0,1.0,1.0,-24.8,-26.5,-24.8,-22.1,0.0,0.0,0.0,0.0,0.0,0.0,0.0,0.0,170.0,170.0,170.0,170.0,38.0,22.0,12.0,42.0,15.0,0.0,0.0
148.119,51,211722.0,600.0,128.0,485.0,402.0,0.0,1.0,0.0,0.0,0.5,0.043,0.384,0.322,0.505,0.056,0.387,0.337,0.0,0.0,-1.51,-5.46,-1.56,-0.54,0.0,0.0,0.0,0.0,0.0,0.0,0.0,1.0,1.0,-24.8,-26.5,-21.4,-19.3,0.0,0.0,0.0,0.0,0.0,0.0,0.0,0.0,170.0,170.0,170.0,170.0,38.0,22.0,12.0,42.0,15.0,0.0,0.0
148.185,55,211777.0,600.0,128.0,600.0,402.0,0.0,1.0,0.0,0.0,0.5,0.043,0.384,0.322,0.505,0.056,0.387,0.337,0.0,0.0,-1.46,-5.48,-1.68,-0.54,0.0,0.0,0.0,0.0,0.0,0.0,0.0,1.0,1.0,-18.9,-20.4,-19.2,-17.1,0.0,0.0,0.0,0.0,0.0,0.0,0.0,0.0,170.0,170.0,170.0,170.0,38.0,22.0,12.0,42.0,15.0,0.0,0.0
148.218,53,211830.0,600.0,128.0,600.0,428.0,0.0,1.0,0.0,0.0,0.5,0.043,0.446,0.33,0.505,0.057,0.442,0.342,0.0,0.0,-1.38,-5.49,-1.72,-0.54,0.0,0.0,0.0,0.0,0.0,0.0,0.0,1.0,1.0,-18.9,-20.4,-19.2,-15.0,0.0,0.0,0.0,0.0,0.0,0.0,0.0,0.0,170.0,170.0,170.0,170.0,38.0,22.0,12.0,42.0,15.0,0.0,0.0
148.284,53,211883.0,600.0,128.0,600.0,428.0,0.0,1.0,0.0,0.0,0.5,0.043,0.446,0.33,0.505,0.057,0.442,0.342,0.0,0.0,-1.41,-5.49,-1.73,-0.54,0.0,0.0,0.0,0.0,0.0,0.0,0.0,1.0,1.0,-14.6,-15.8,-14.9,-13.2,0.0,0.0,0.0,0.0,0.0,0.0,0.0,0.0,170.0,170.0,170.0,170.0,38.0,22.0,12.0,42.0,15.0,0.0,1.0
148.349,52,211935.0,600.0,128.0,600.0,428.0,0.0,1.0,0.0,0.0,0.5,0.043,0.446,0.33,0.505,0.057,0.442,0.342,0.0,0.0,-1.42,-5.49,-1.73,-0.54,0.0,0.0,0.0,0.0,0.0,0.0,0.0,1.0,1.0,-14.6,-15.8,-14.9,-11.6,0.0,0.0,0.0,0.0,0.0,0.0,0.0,0.0,170.0,170.0,170.0,170.0,38.0,22.0,12.0,42.0,15.0,0.0,0.0
148.387,53,211988.0,600.0,128.0,600.0,428.0,0.0,1.0,0.0,0.0,0.5,0.043,0.446,0.33,0.505,0.057,0.442,0.342,0.0,0.0,-1.43,-5.5,-1.72,-0.54,0.0,0.0,0.0,0.0,0.0,0.0,0.0,1.0,1.0,-12.9,-12.2,-11.5,-10.2,0.0,0.0,0.0,0.0,0.0,0.0,0.0,0.0,170.0,170.0,170.0,170.0,38.0,22.0,12.0,42.0,15.0,0.0,0.0
148.453,53,212041.0,600.0,128.0,600.0,453.0,0.0,1.0,0.0,0.0,0.5,0.043,0.475,0.348,0.506,0.058,0.476,0.359,0.0,0.0,-1.44,-5.5,-1.72,-0.54,0.0,0.0,0.0,0.0,0.0,0.0,0.0,1.0,1.0,-9.9,-10.8,-10.1,-9.0,0.0,0.0,0.0,0.0,0.0,0.0,0.0,0.0,170.0,170.0,170.0,170.0,14.0,22.0,14.0,24.0,15.0,0.0,0.0
148.486,53,212094.0,600.0,128.0,600.0,453.0,0.0,1.0,0.0,0.0,0.5,0.043,0.475,0.348,0.506,0.058,0.476,0.359,0.0,0.0,-1.44,-5.51,-1.72,-0.54,0.0,0.0,0.0,0.0,0.0,0.0,0.0,1.0,1.0,-9.9,-10.8,-10.1,-9.0,0.0,0.0,0.0,0.0,0.0,0.0,0.0,0.0,170.0,170.0,170.0,170.0,14.0,22.0,14.0,24.0,15.0,0.0,0.0
148.551,53,212147.0,600.0,128.0,600.0,453.0,0.0,1.0,0.0,0.0,0.5,0.043,0.475,0.348,0.506,0.058,0.476,0.359,0.0,0.0,-1.43,-5.52,-1.73,-0.54,0.0,0.0,0.0,0.0,0.0,0.0,0.0,1.0,1.0,-7.7,-8.3,-7.8,-7.0,0.0,0.0,0.0,0.0,0.0,0.0,0.0,0.0,170.0,170.0,170.0,170.0,14.0,22.0,14.0,24.0,15.0,0.0,0.0
148.585,53,212200.0,600.0,128.0,600.0,453.0,0.0,1.0,0.0,0.0,0.5,0.043,0.475,0.348,0.506,0.058,0.476,0.359,0.0,0.0,-1.42,-5.52,-1.72,-0.54,0.0,0.0,0.0,0.0,0.0,0.0,0.0,1.0,1.0,-7.7,-8.3,-7.8,-7.0,0.0,0.0,0.0,0.0,0.0,0.0,0.0,0.0,170.0,170.0,170.0,170.0,14.0,22.0,14.0,24.0,15.0,0.0,0.0
148.651,53,212253.0,600.0,128.0,600.0,466.0,0.0,1.0,0.0,0.0,0.5,0.043,0.489,0.363,0.506,0.058,0.492,0.375,0.0,0.0,-1.4,-5.53,-1.72,-0.54,0.0,0.0,0.0,0.0,0.0,0.0,0.0,1.0,1.0,-6.0,-6.5,-6.1,-5.4,0.0,0.0,0.0,0.0,0.0,0.0,0.0,0.0,170.0,170.0,170.0,170.0,14.0,22.0,14.0,24.0,15.0,0.0,0.0
148.716,53,212306.0,600.0,128.0,600.0,466.0,0.0,1.0,0.0,0.0,0.5,0.043,0.489,0.363,0.506,0.058,0.492,0.375,0.0,0.0,-1.38,-5.53,-1.73,-0.54,0.0,0.0,0.0,0.0,0.0,0.0,0.0,1.0,1.0,-5.3,-5.7,-5.3,-4.8,0.0,0.0,0.0,0.0,0.0,0.0,0.0,0.0,170.0,170.0,170.0,170.0,14.0,22.0,14.0,24.0,15.0,0.0,0.0
148.747,53,212359.0,600.0,128.0,600.0,466.0,0.0,1.0,0.0,0.0,0.5,0.043,0.489,0.363,0.506,0.058,0.492,0.375,0.0,0.0,-1.37,-5.53,-1.73,-0.54,0.0,0.0,0.0,0.0,0.0,0.0,0.0,1.0,1.0,-4.6,-5.0,-4.7,-4.2,0.0,0.0,0.0,0.0,0.0,0.0,0.0,0.0,170.0,170.0,170.0,170.0,14.0,22.0,14.0,24.0,15.0,0.0,0.0
148.821,52,212411.0,600.0,128.0,600.0,466.0,0.0,1.0,0.0,0.0,0.5,0.043,0.489,0.363,0.506,0.058,0.492,0.375,0.0,0.0,-1.37,-5.52,-1.73,-0.54,0.0,0.0,0.0,0.0,0.0,0.0,0.0,1.0,1.0,-4.1,-4.4,-4.1,-3.7,0.0,0.0,0.0,0.0,0.0,0.0,0.0,0.0,170.0,170.0,170.0,170.0,14.0,22.0,14.0,24.0,15.0,0.0,1.0
148.853,53,212464.0,600.0,128.0,600.0,462.0,0.0,1.0,0.0,0.0,0.5,0.043,0.495,0.368,0.506,0.058,0.5,0.382,0.0,0.0,-1.36,-5.52,-1.74,-0.54,0.0,0.0,0.0,0.0,0.0,0.0,0.0,1.0,1.0,-3.6,-3.9,-3.6,-3.2,0.0,0.0,0.0,0.0,0.0,0.0,0.0,0.0,170.0,170.0,170.0,170.0,14.0,22.0,14.0,24.0,15.0,0.0,0.0
148.919,53,212517.0,600.0,128.0,600.0,462.0,0.0,1.0,0.0,0.0,0.5,0.043,0.495,0.368,0.506,0.058,0.5,0.382,0.0,0.0,-1.35,-5.52,-1.74,-0.54,0.0,0.0,0.0,0.0,0.0,0.0,0.0,1.0,1.0,-3.1,-3.4,-3.2,-2.8,0.0,0.0,0.0,0.0,0.0,0.0,0.0,0.0,170.0,170.0,170.0,170.0,14.0,22.0,14.0,24.0,15.0,0.0,0.0
148.982,52,212569.0,600.0,126.0,600.0,462.0,0.0,1.0,0.0,0.0,0.5,0.043,0.495,0.368,0.506,0.058,0.5,0.382,0.0,0.0,-1.35,-5.51,-1.74,-0.54,0.0,0.0,0.0,0.0,0.0,0.0,0.0,1.0,1.0,-2.8,-3.0,-2.8,-2.5,0.0,0.0,0.0,0.0,0.0,0.0,0.0,0.0,170.0,170.0,170.0,170.0,14.0,22.0,14.0,24.0,15.0,0.0,0.0
149.047,54,212623.0,600.0,126.0,600.0,462.0,0.0,1.0,0.0,0.0,0.5,0.043,0.495,0.368,0.506,0.058,0.5,0.382,0.0,0.0,-1.35,-5.51,-1.74,-0.54,0.0,0.0,0.0,0.0,0.0,0.0,0.0,1.0,1.0,-2.8,-2.6,-2.5,-2.2,0.0,0.0,0.0,0.0,0.0,0.0,0.0,0.0,170.0,170.0,170.0,170.0,14.0,22.0,14.0,24.0,15.0,0.0,0.0
149.079,53,212676.0,600.0,126.0,600.0,451.0,0.0,1.0,0.0,0.0,0.5,0.043,0.498,0.364,0.506,0.057,0.503,0.379,0.0,0.0,-1.35,-5.51,-1.74,-0.54,0.0,0.0,0.0,0.0,0.0,0.0,0.0,1.0,1.0,-2.2,-2.3,-2.2,-1.9,0.0,0.0,0.0,0.0,0.0,0.0,0.0,0.0,170.0,170.0,170.0,170.0,14.0,22.0,14.0,24.0,15.0,0.0,0.0
149.144,53,212729.0,600.0,126.0,600.0,451.0,0.0,1.0,0.0,0.0,0.5,0.043,0.498,0.364,0.506,0.057,0.503,0.379,0.0,0.0,-1.36,-5.51,-1.74,-0.54,0.0,0.0,0.0,0.0,0.0,0.0,0.0,1.0,1.0,-1.9,-2.0,-1.9,-1.7,0.0,0.0,0.0,0.0,0.0,0.0,0.0,0.0,170.0,170.0,170.0,170.0,14.0,22.0,14.0,24.0,15.0,0.0,1.0
149.187,53,212782.0,600.0,125.0,600.0,451.0,0.0,1.0,0.0,0.0,0.5,0.043,0.498,0.364,0.506,0.057,0.503,0.379,0.0,0.0,-1.36,-5.51,-1.74,-0.54,0.0,0.0,0.0,0.0,0.0,0.0,0.0,1.0,1.0,-1.7,-1.8,-1.7,-1.5,0.0,0.0,0.0,0.0,0.0,0.0,0.0,0.0,170.0,170.0,170.0,170.0,14.0,22.0,14.0,24.0,15.0,0.0,0.0
149.22,52,212834.0,600.0,125.0,600.0,451.0,0.0,1.0,0.0,0.0,0.5,0.043,0.498,0.364,0.506,0.057,0.503,0.379,0.0,0.0,-1.36,-5.51,-1.74,-0.54,0.0,0.0,0.0,0.0,0.0,0.0,0.0,1.0,1.0,-1.7,-1.8,-1.7,-1.5,0.0,0.0,0.0,0.0,0.0,0.0,0.0,0.0,170.0,170.0,170.0,170.0,14.0,22.0,14.0,24.0,15.0,0.0,0.0
149.286,53,212887.0,600.0,125.0,600.0,423.0,0.0,1.0,0.0,0.0,0.5,0.042,0.499,0.347,0.506,0.057,0.504,0.364,0.0,0.0,-1.37,-5.51,-1.74,-0.54,0.0,0.0,0.0,0.0,0.0,0.0,0.0,1.0,1.0,-1.3,-1.4,-1.3,-1.2,0.0,0.0,0.0,0.0,0.0,0.0,0.0,0.0,170.0,170.0,170.0,170.0,14.0,22.0,14.0,24.0,15.0,0.0,0.0
149.353,53,212940.0,600.0,125.0,600.0,423.0,0.0,1.0,0.0,0.0,0.5,0.042,0.499,0.347,0.506,0.057,0.504,0.364,0.0,0.0,-1.37,-5.51,-1.74,-0.54,0.0,0.0,0.0,0.0,0.0,0.0,0.0,1.0,1.0,-1.2,-1.2,-1.2,-1.0,0.0,0.0,0.0,0.0,0.0,0.0,0.0,0.0,170.0,170.0,170.0,170.0,14.0,22.0,14.0,24.0,15.0,0.0,1.0
149.39,53,212993.0,600.0,125.0,600.0,423.0,0.0,1.0,0.0,0.0,0.5,0.042,0.499,0.347,0.506,0.057,0.504,0.364,0.0,0.0,-1.37,-5.51,-1.74,-0.54,0.0,0.0,0.0,0.0,0.0,0.0,0.0,1.0,1.0,-1.0,-1.1,-1.0,-0.9,0.0,0.0,0.0,0.0,0.0,0.0,0.0,0.0,170.0,170.0,170.0,170.0,14.0,22.0,14.0,24.0,15.0,0.0,0.0
149.457,53,213046.0,600.0,125.0,600.0,423.0,0.0,1.0,0.0,0.0,0.5,0.042,0.499,0.347,0.506,0.057,0.504,0.364,0.0,0.0,-1.37,-5.51,-1.74,-0.54,0.0,0.0,0.0,0.0,0.0,0.0,0.0,1.0,1.0,-0.9,-0.9,-0.9,-0.8,0.0,0.0,0.0,0.0,0.0,0.0,0.0,0.0,170.0,170.0,170.0,170.0,14.0,22.0,14.0,24.0,15.0,0.0,0.0
149.49,53,213099.0,600.0,125.0,600.0,358.0,0.0,1.0,0.0,0.0,0.5,0.042,0.499,0.301,0.505,0.056,0.505,0.323,0.0,0.0,-1.37,-5.51,-1.74,-0.54,0.0,0.0,0.0,0.0,0.0,0.0,0.0,1.0,1.0,-0.8,-0.8,-0.8,-0.7,0.0,0.0,0.0,0.0,0.0,0.0,0.0,0.0,170.0,170.0,170.0,170.0,14.0,22.0,14.0,24.0,15.0,0.0,0.0
149.556,53,213152.0,600.0,125.0,600.0,358.0,0.0,1.0,0.0,0.0,0.5,0.042,0.499,0.301,0.505,0.056,0.505,0.323,0.0,0.0,-1.37,-5.51,-1.73,-0.54,0.0,0.0,0.0,0.0,0.0,0.0,0.0,1.0,1.0,-0.8,-0.8,-0.8,-0.7,0.0,0.0,0.0,0.0,0.0,0.0,0.0,0.0,170.0,170.0,170.0,170.0,14.0,22.0,14.0,24.0,15.0,0.0,0.0
149.624,53,213205.0,600.0,124.0,600.0,358.0,0.0,1.0,0.0,0.0,0.5,0.042,0.499,0.301,0.505,0.056,0.505,0.323,0.0,0.0,-1.37,-5.51,-1.74,-0.54,0.0,0.0,0.0,0.0,0.0,0.0,0.0,1.0,1.0,-0.6,-0.6,-0.6,-0.5,0.0,0.0,0.0,0.0,0.0,0.0,0.0,0.0,170.0,170.0,170.0,170.0,14.0,22.0,14.0,24.0,15.0,0.0,0.0
149.657,52,213257.0,600.0,124.0,600.0,358.0,0.0,1.0,0.0,0.0,0.5,0.042,0.499,0.301,0.505,0.056,0.505,0.323,0.0,0.0,-1.38,-5.51,-1.74,-0.54,0.0,0.0,0.0,0.0,0.0,0.0,0.0,1.0,1.0,-0.5,-0.6,-0.5,-0.5,0.0,0.0,0.0,0.0,0.0,0.0,0.0,0.0,170.0,170.0,170.0,170.0,14.0,22.0,14.0,24.0,15.0,0.0,0.0
149.724,52,213309.0,600.0,124.0,600.0,295.0,0.0,1.0,0.0,1.0,0.5,0.041,0.5,0.244,0.504,0.056,0.504,0.268,0.0,0.0,-1.37,-5.51,-1.73,-0.54,0.0,0.0,0.0,0.0,0.0,0.0,0.0,1.0,1.0,-0.5,-0.5,-0.5,-0.4,0.0,0.0,0.0,0.0,0.0,0.0,0.0,0.0,170.0,170.0,170.0,170.0,14.0,22.0,14.0,24.0,15.0,0.0,0.0
149.757,53,213362.0,600.0,124.0,600.0,295.0,0.0,1.0,0.0,1.0,0.5,0.041,0.5,0.244,0.504,0.056,0.504,0.268,0.0,0.0,-1.37,-5.51,-1.73,-0.54,0.0,0.0,0.0,0.0,0.0,0.0,0.0,1.0,1.0,-0.4,-0.4,-0.4,-0.4,0.0,0.0,0.0,0.0,0.0,0.0,0.0,0.0,170.0,170.0,170.0,170.0,14.0,22.0,14.0,24.0,15.0,0.0,0.0
149.824,53,213415.0,600.0,125.0,600.0,295.0,0.0,1.0,0.0,1.0,0.5,0.041,0.5,0.244,0.504,0.056,0.504,0.268,0.0,0.0,-1.37,-5.51,-1.74,-0.54,0.0,0.0,0.0,0.0,0.0,0.0,0.0,1.0,1.0,-0.4,-0.4,-0.4,-0.4,0.0,0.0,0.0,0.0,0.0,0.0,0.0,0.0,170.0,170.0,170.0,170.0,14.0,22.0,14.0,24.0,15.0,0.0,0.0
149.857,55,213470.0,600.0,125.0,600.0,295.0,0.0,1.0,0.0,1.0,0.5,0.041,0.5,0.244,0.504,0.056,0.504,0.268,0.0,0.0,-1.37,-5.51,-1.74,-0.54,0.0,0.0,0.0,0.0,0.0,0.0,0.0,1.0,1.0,-0.3,-0.3,-0.3,-0.3,0.0,0.0,0.0,0.0,0.0,0.0,0.0,0.0,170.0,170.0,170.0,170.0,14.0,22.0,14.0,24.0,15.0,0.0,1.0
149.923,53,213523.0,600.0,125.0,600.0,246.0,0.0,1.0,0.0,1.0,0.5,0.041,0.5,0.19,0.504,0.056,0.503,0.214,0.0,0.0,-1.37,-5.51,-1.74,-0.54,0.0,0.0,0.0,0.0,0.0,0.0,0.0,1.0,1.0,-0.3,-0.3,-0.3,-0.3,0.0,0.0,0.0,0.0,0.0,0.0,0.0,0.0,170.0,170.0,170.0,170.0,14.0,22.0,14.0,24.0,15.0,0.0,0.0
149.989,53,213576.0,600.0,125.0,600.0,246.0,0.0,1.0,0.0,1.0,0.5,0.041,0.5,0.19,0.504,0.056,0.503,0.214,0.0,0.0,-1.37,-5.51,-1.74,-0.54,0.0,0.0,0.0,0.0,0.0,0.0,0.0,1.0,1.0,-0.3,-0.3,-0.3,-0.2,0.0,0.0,0.0,0.0,0.0,0.0,0.0,0.0,170.0,170.0,170.0,170.0,14.0,22.0,14.0,24.0,15.0,0.0,0.0
150.022,53,213629.0,600.0,126.0,600.0,246.0,0.0,1.0,0.0,1.0,0.5,0.041,0.5,0.19,0.504,0.056,0.503,0.214,0.0,0.0,-1.37,-5.51,-1.74,-0.54,0.0,0.0,0.0,0.0,0.0,0.0,0.0,1.0,1.0,-0.2,-0.2,-0.2,-0.2,0.0,0.0,0.0,0.0,0.0,0.0,0.0,0.0,170.0,170.0,170.0,170.0,14.0,22.0,14.0,24.0,15.0,0.0,0.0
150.088,52,213681.0,600.0,126.0,600.0,246.0,0.0,1.0,0.0,1.0,0.5,0.041,0.5,0.19,0.504,0.056,0.503,0.214,0.0,0.0,-1.37,-5.51,-1.74,-0.54,0.0,0.0,0.0,0.0,0.0,0.0,0.0,1.0,1.0,-0.2,-0.2,-0.2,-0.2,0.0,0.0,0.0,0.0,0.0,0.0,0.0,0.0,170.0,170.0,170.0,170.0,14.0,22.0,14.0,24.0,15.0,0.0,1.0
150.122,52,213733.0,600.0,126.0,600.0,214.0,0.0,1.0,0.0,1.0,0.5,0.042,0.5,0.148,0.503,0.057,0.503,0.17,0.0,0.0,-1.36,-5.51,-1.74,-0.54,0.0,0.0,0.0,0.0,0.0,0.0,0.0,1.0,1.0,-0.2,-0.2,-0.2,-0.2,0.0,0.0,0.0,0.0,0.0,0.0,0.0,0.0,170.0,170.0,170.0,170.0,14.0,22.0,14.0,24.0,15.0,0.0,0.0
150.188,53,213786.0,600.0,126.0,600.0,214.0,0.0,1.0,0.0,1.0,0.5,0.042,0.5,0.148,0.503,0.057,0.503,0.17,0.0,0.0,-1.36,-5.51,-1.74,-0.54,0.0,0.0,0.0,0.0,0.0,0.0,0.0,1.0,1.0,-0.2,-0.2,-0.1,-0.1,0.0,0.0,0.0,0.0,0.0,0.0,0.0,0.0,170.0,170.0,170.0,170.0,14.0,22.0,14.0,24.0,15.0,0.0,0.0
150.254,51,213837.0,600.0,126.0,600.0,214.0,0.0,1.0,0.0,1.0,0.5,0.042,0.5,0.148,0.503,0.057,0.503,0.17,0.0,0.0,-1.36,-5.51,-1.74,-0.54,0.0,0.0,0.0,0.0,0.0,0.0,0.0,1.0,1.0,-0.2,-0.2,-0.1,-0.1,0.0,0.0,0.0,0.0,0.0,0.0,0.0,0.0,170.0,170.0,170.0,170.0,14.0,22.0,14.0,24.0,15.0,0.0,1.0
150.286,55,213892.0,600.0,126.0,600.0,214.0,0.0,1.0,0.0,1.0,0.5,0.042,0.5,0.148,0.503,0.057,0.503,0.17,0.0,0.0,-1.36,-5.51,-1.74,-0.54,0.0,0.0,0.0,0.0,0.0,0.0,0.0,1.0,1.0,-0.1,-0.1,-0.1,-0.1,0.0,0.0,0.0,0.0,0.0,0.0,0.0,0.0,170.0,170.0,170.0,170.0,14.0,22.0,14.0,24.0,15.0,0.0,0.0
150.353,52,213944.0,600.0,126.0,600.0,207.0,0.0,1.0,0.0,1.0,0.5,0.042,0.5,0.126,0.503,0.057,0.502,0.144,0.0,0.0,-1.35,-5.51,-1.74,-0.54,0.0,0.0,0.0,0.0,0.0,0.0,0.0,1.0,1.0,-0.1,-0.1,-0.1,-0.1,0.0,0.0,0.0,0.0,0.0,0.0,0.0,0.0,170.0,170.0,170.0,170.0,14.0,22.0,14.0,24.0,15.0,0.0,0.0
150.39,53,213997.0,600.0,126.0,600.0,207.0,0.0,1.0,0.0,1.0,0.5,0.042,0.5,0.126,0.503,0.057,0.502,0.144,0.0,0.0,-1.35,-5.51,-1.74,-0.54,0.0,0.0,0.0,0.0,0.0,0.0,0.0,1.0,1.0,-0.1,-0.1,-0.1,-0.1,0.0,0.0,0.0,0.0,0.0,0.0,0.0,0.0,170.0,170.0,170.0,170.0,14.0,22.0,14.0,24.0,15.0,0.0,0.0
150.457,51,214048.0,600.0,127.0,600.0,207.0,0.0,1.0,0.0,1.0,0.5,0.042,0.5,0.126,0.503,0.057,0.502,0.144,0.0,0.0,-1.35,-5.51,-1.74,-0.54,0.0,0.0,0.0,0.0,0.0,0.0,0.0,1.0,1.0,-0.1,-0.1,-0.1,-0.1,0.0,0.0,0.0,0.0,0.0,0.0,0.0,0.0,170.0,170.0,170.0,170.0,14.0,22.0,14.0,24.0,15.0,0.0,0.0
150.49,53,214101.0,600.0,127.0,600.0,207.0,0.0,1.0,0.0,1.0,0.5,0.042,0.5,0.126,0.503,0.057,0.502,0.144,0.0,0.0,-1.35,-5.51,-1.74,-0.54,0.0,0.0,0.0,0.0,0.0,0.0,0.0,1.0,1.0,-0.0,-0.1,-0.1,-0.1,0.0,0.0,0.0,0.0,0.0,0.0,0.0,0.0,170.0,170.0,170.0,170.0,14.0,22.0,14.0,24.0,15.0,0.0,0.0
150.555,52,214153.0,600.0,127.0,600.0,240.0,0.0,1.0,0.0,1.0,0.5,0.042,0.5,0.132,0.503,0.057,0.503,0.146,0.0,0.0,-1.35,-5.51,-1.74,-0.54,0.0,0.0,0.0,0.0,0.0,0.0,0.0,1.0,1.0,-0.0,-0.1,-0.1,-0.1,0.0,0.0,0.0,0.0,0.0,0.0,0.0,0.0,170.0,170.0,170.0,170.0,14.0,22.0,14.0,24.0,15.0,0.0,1.0
150.625,55,214208.0,600.0,127.0,600.0,240.0,0.0,1.0,0.0,1.0,0.5,0.042,0.5,0.132,0.503,0.057,0.503,0.146,0.0,0.0,-1.35,-5.5,-1.74,-0.54,0.0,0.0,0.0,0.0,0.0,0.0,0.0,1.0,1.0,-0.0,-0.1,-0.1,-0.0,0.0,0.0,0.0,0.0,0.0,0.0,0.0,0.0,170.0,170.0,170.0,170.0,14.0,22.0,14.0,24.0,15.0,0.0,0.0
150.658,52,214260.0,600.0,126.0,600.0,240.0,0.0,1.0,0.0,1.0,0.5,0.042,0.5,0.132,0.503,0.057,0.503,0.146,0.0,0.0,-1.35,-5.5,-1.74,-0.54,0.0,0.0,0.0,0.0,0.0,0.0,0.0,1.0,1.0,-0.1,-0.1,-0.0,-0.0,0.0,0.0,0.0,0.0,0.0,0.0,0.0,0.0,170.0,170.0,170.0,170.0,14.0,22.0,14.0,24.0,15.0,0.0,0.0
150.723,54,214314.0,600.0,126.0,600.0,240.0,0.0,1.0,0.0,1.0,0.5,0.042,0.5,0.132,0.503,0.057,0.503,0.146,0.0,0.0,-1.35,-5.5,-1.74,-0.54,0.0,0.0,0.0,0.0,0.0,0.0,0.0,1.0,1.0,-0.1,-0.0,-0.0,-0.0,0.0,0.0,0.0,0.0,0.0,0.0,0.0,0.0,170.0,170.0,170.0,170.0,14.0,22.0,14.0,24.0,15.0,0.0,0.0
150.756,52,214366.0,600.0,126.0,600.0,273.0,0.0,1.0,0.0,1.0,0.5,0.042,0.5,0.153,0.503,0.057,0.503,0.165,0.0,0.0,-1.35,-5.5,-1.74,-0.54,0.0,0.0,0.0,0.0,0.0,0.0,0.0,1.0,1.0,-0.0,-0.0,-0.0,-0.0,0.0,0.0,0.0,0.0,0.0,0.0,0.0,0.0,170.0,170.0,170.0,170.0,14.0,22.0,14.0,24.0,15.0,0.0,0.0
150.822,53,214419.0,600.0,126.0,600.0,273.0,0.0,1.0,0.0,1.0,0.5,0.042,0.5,0.153,0.503,0.057,0.503,0.165,0.0,0.0,-1.35,-5.5,-1.74,-0.54,0.0,0.0,0.0,0.0,0.0,0.0,0.0,1.0,1.0,-0.0,-0.0,-0.0,-0.0,0.0,0.0,0.0,0.0,0.0,0.0,0.0,0.0,170.0,170.0,170.0,170.0,14.0,22.0,14.0,24.0,15.0,0.0,0.0
150.887,51,214470.0,600.0,125.0,600.0,273.0,0.0,1.0,0.0,1.0,0.5,0.042,0.5,0.153,0.503,0.057,0.503,0.165,0.0,0.0,-1.35,-5.5,-1.74,-0.54,0.0,0.0,0.0,0.0,0.0,0.0,0.0,1.0,1.0,-0.0,-0.0,-0.0,-0.0,0.0,0.0,0.0,0.0,0.0,0.0,0.0,0.0,170.0,170.0,170.0,170.0,14.0,22.0,14.0,24.0,15.0,0.0,0.0
150.92,53,214523.0,600.0,125.0,600.0,273.0,0.0,1.0,0.0,1.0,0.5,0.042,0.5,0.153,0.503,0.057,0.503,0.165,0.0,0.0,-1.35,-5.5,-1.74,-0.54,0.0,0.0,0.0,0.0,0.0,0.0,0.0,1.0,1.0,-0.0,-0.0,-0.0,-0.0,0.0,0.0,0.0,0.0,0.0,0.0,0.0,0.0,170.0,170.0,170.0,170.0,14.0,22.0,14.0,24.0,15.0,0.0,0.0
150.987,52,214575.0,600.0,125.0,600.0,311.0,0.0,1.0,0.0,1.0,0.5,0.042,0.5,0.185,0.503,0.057,0.503,0.194,0.0,0.0,-1.35,-5.5,-1.74,-0.54,0.0,0.0,0.0,0.0,0.0,0.0,0.0,1.0,1.0,-0.0,-0.0,-0.0,-0.0,0.0,0.0,0.0,0.0,0.0,0.0,0.0,0.0,170.0,170.0,170.0,170.0,14.0,22.0,14.0,24.0,15.0,0.0,0.0
151.02,53,214628.0,600.0,125.0,600.0,311.0,0.0,1.0,0.0,1.0,0.5,0.042,0.5,0.185,0.503,0.057,0.503,0.194,0.0,0.0,-1.35,-5.5,-1.74,-0.54,0.0,0.0,0.0,0.0,0.0,0.0,0.0,1.0,1.0,-0.0,-0.0,-0.0,-0.0,0.0,0.0,0.0,0.0,0.0,0.0,0.0,0.0,170.0,170.0,170.0,170.0,14.0,22.0,14.0,24.0,15.0,0.0,0.0
151.085,51,214679.0,600.0,126.0,600.0,311.0,0.0,1.0,0.0,1.0,0.5,0.042,0.5,0.185,0.503,0.057,0.503,0.194,0.0,0.0,-1.35,-5.5,-1.74,-0.54,0.0,0.0,0.0,0.0,0.0,0.0,0.0,1.0,1.0,-0.0,-0.0,-0.0,-0.0,0.0,0.0,0.0,0.0,0.0,0.0,0.0,0.0,170.0,170.0,170.0,170.0,14.0,22.0,14.0,24.0,15.0,0.0,0.0
151.151,55,214734.0,600.0,126.0,600.0,311.0,0.0,1.0,0.0,1.0,0.5,0.042,0.5,0.185,0.503,0.057,0.503,0.194,0.0,0.0,-1.34,-5.5,-1.74,-0.54,0.0,0.0,0.0,0.0,0.0,0.0,0.0,1.0,1.0,-0.0,-0.0,-0.0,-0.0,0.0,0.0,0.0,0.0,0.0,0.0,0.0,0.0,170.0,170.0,170.0,170.0,14.0,22.0,14.0,24.0,15.0,0.0,0.0
151.19,52,214786.0,600.0,126.0,600.0,334.0,0.0,1.0,0.0,1.0,0.5,0.042,0.5,0.212,0.504,0.057,0.504,0.222,0.0,0.0,-1.34,-5.5,-1.74,-0.54,0.0,0.0,0.0,0.0,0.0,0.0,0.0,1.0,1.0,-0.0,-0.0,-0.0,-0.0,0.0,0.0,0.0,0.0,0.0,0.0,0.0,0.0,170.0,170.0,170.0,170.0,14.0,22.0,14.0,24.0,15.0,0.0,0.0
151.255,53,214839.0,600.0,126.0,600.0,334.0,0.0,1.0,0.0,1.0,0.5,0.042,0.5,0.212,0.504,0.057,0.504,0.222,0.0,0.0,-1.34,-5.51,-1.74,-0.54,0.0,0.0,0.0,0.0,0.0,0.0,0.0,1.0,1.0,-0.0,-0.0,-0.0,-0.0,0.0,0.0,0.0,0.0,0.0,0.0,0.0,0.0,170.0,170.0,170.0,170.0,14.0,22.0,14.0,24.0,15.0,0.0,0.0
151.288,51,214890.0,600.0,125.0,600.0,334.0,0.0,1.0,0.0,1.0,0.5,0.042,0.5,0.212,0.504,0.057,0.504,0.222,0.0,0.0,-1.34,-5.51,-1.74,-0.54,0.0,0.0,0.0,0.0,0.0,0.0,0.0,1.0,1.0,-0.0,-0.0,-0.0,-0.0,0.0,0.0,0.0,0.0,0.0,0.0,0.0,0.0,170.0,170.0,170.0,170.0,14.0,22.0,14.0,24.0,15.0,0.0,1.0
151.354,54,214944.0,600.0,125.0,600.0,334.0,0.0,1.0,0.0,1.0,0.5,0.042,0.5,0.212,0.504,0.057,0.504,0.222,0.0,0.0,-1.34,-5.51,-1.74,-0.54,0.0,0.0,0.0,0.0,0.0,0.0,0.0,1.0,1.0,-0.0,-0.0,-0.0,-0.0,0.0,0.0,0.0,0.0,0.0,0.0,0.0,0.0,170.0,170.0,170.0,170.0,14.0,22.0,14.0,24.0,15.0,0.0,0.0
151.392,52,214996.0,600.0,125.0,600.0,327.0,0.0,1.0,0.0,1.0,0.5,0.042,0.5,0.221,0.504,0.057,0.504,0.234,0.0,0.0,-1.34,-5.52,-1.74,-0.54,0.0,0.0,0.0,0.0,0.0,0.0,0.0,1.0,1.0,-0.0,-0.0,-0.0,-0.0,0.0,0.0,0.0,0.0,0.0,0.0,0.0,0.0,170.0,170.0,170.0,170.0,14.0,22.0,14.0,24.0,15.0,0.0,0.0
151.458,53,215049.0,600.0,125.0,600.0,327.0,0.0,1.0,0.0,1.0,0.5,0.042,0.5,0.221,0.504,0.057,0.504,0.234,0.0,0.0,-1.34,-5.52,-1.74,-0.54,0.0,0.0,0.0,0.0,0.0,0.0,0.0,1.0,1.0,-0.0,-0.0,-0.0,-0.0,0.0,0.0,0.0,0.0,0.0,0.0,0.0,0.0,170.0,170.0,170.0,170.0,14.0,22.0,14.0,24.0,15.0,0.0,0.0
151.49,52,215101.0,600.0,126.0,600.0,327.0,0.0,1.0,0.0,1.0,0.5,0.042,0.5,0.221,0.504,0.057,0.504,0.234,0.0,0.0,-1.34,-5.52,-1.74,-0.54,0.0,0.0,0.0,0.0,0.0,0.0,0.0,1.0,1.0,-0.0,-0.0,-0.0,-0.0,0.0,0.0,0.0,0.0,0.0,0.0,0.0,0.0,170.0,170.0,170.0,170.0,14.0,22.0,14.0,24.0,15.0,0.0,1.0
151.556,55,215156.0,600.0,126.0,600.0,327.0,0.0,1.0,0.0,1.0,0.5,0.042,0.5,0.221,0.504,0.057,0.504,0.234,0.0,0.0,-1.34,-5.52,-1.74,-0.54,0.0,0.0,0.0,0.0,0.0,0.0,0.0,1.0,1.0,0.0,-0.0,-0.0,-0.0,0.0,0.0,0.0,0.0,0.0,0.0,0.0,0.0,170.0,170.0,170.0,170.0,14.0,22.0,14.0,24.0,15.0,0.0,0.0
151.623,52,215208.0,600.0,126.0,600.0,315.0,0.0,1.0,0.0,1.0,0.5,0.042,0.5,0.218,0.504,0.057,0.504,0.234,0.0,0.0,-1.34,-5.53,-1.74,-0.54,0.0,0.0,0.0,0.0,0.0,0.0,0.0,1.0,1.0,-0.0,-0.0,-0.0,-0.0,0.0,0.0,0.0,0.0,0.0,0.0,0.0,0.0,170.0,170.0,170.0,170.0,14.0,22.0,14.0,24.0,15.0,0.0,0.0
151.656,53,215261.0,600.0,126.0,600.0,315.0,0.0,1.0,0.0,1.0,0.5,0.042,0.5,0.218,0.504,0.057,0.504,0.234,0.0,0.0,-1.34,-5.53,-1.74,-0.54,0.0,0.0,0.0,0.0,0.0,0.0,0.0,1.0,1.0,-0.0,-0.0,-0.0,-0.0,0.0,0.0,0.0,0.0,0.0,0.0,0.0,0.0,170.0,170.0,170.0,170.0,14.0,22.0,14.0,24.0,15.0,0.0,1.0
151.721,53,215314.0,600.0,126.0,600.0,315.0,0.0,1.0,0.0,1.0,0.5,0.042,0.5,0.218,0.504,0.057,0.504,0.234,0.0,0.0,-1.34,-5.53,-1.74,-0.54,0.0,0.0,0.0,6.0,0.0,0.0,0.0,1.0,1.0,-0.0,-0.0,-0.0,-0.0,0.0,0.0,0.0,0.0,0.0,0.0,0.0,0.0,170.0,170.0,170.0,170.0,14.0,22.0,14.0,24.0,15.0,0.0,0.0
151.754,54,215368.0,600.0,126.0,600.0,315.0,0.0,1.0,0.0,1.0,0.5,0.042,0.5,0.218,0.504,0.057,0.504,0.234,0.0,0.0,-1.34,-5.53,-1.74,-0.54,1.38,0.0,0.0,6.0,0.0,0.0,0.0,1.0,1.0,-0.0,-0.0,-0.0,-0.0,-10.5,-5.1,-10.5,-5.1,35.0,19.0,42.0,25.0,170.0,170.0,170.0,170.0,14.0,22.0,14.0,24.0,15.0,0.0,0.0
151.821,53,215421.0,600.0,126.0,600.0,307.0,0.0,1.0,0.0,1.0,0.5,0.042,0.5,0.212,0.504,0.057,0.504,0.228,0.0,0.0,-1.34,-5.53,-1.74,-0.54,2.7,0.0,0.0,6.0,0.0,0.0,0.0,1.0,1.0,-0.0,-0.0,-0.0,-0.0,-15.6,-7.6,-15.6,-7.6,45.0,23.0,57.0,32.0,170.0,170.0,170.0,170.0,14.0,22.0,14.0,24.0,15.0,0.0,0.0
151.888,53,215474.0,600.0,126.0,600.0,307.0,0.0,1.0,0.0,1.0,0.5,0.042,0.5,0.212,0.504,0.057,0.504,0.228,0.0,0.0,-1.34,-5.53,-1.74,-0.54,4.0,0.0,0.0,6.0,0.0,0.0,0.0,1.0,1.0,-0.0,-0.0,-0.0,-0.0,-15.6,-7.6,-15.6,-7.6,45.0,23.0,57.0,32.0,170.0,170.0,170.0,170.0,14.0,22.0,14.0,24.0,15.0,0.0,0.0
151.92,54,215528.0,600.0,126.0,600.0,307.0,0.0,1.0,0.0,1.0,0.5,0.042,0.5,0.212,0.504,0.057,0.504,0.228,0.0,0.0,-1.34,-5.53,-1.74,-0.54,4.31,0.0,0.0,6.0,0.0,0.0,0.0,1.0,1.0,0.0,-0.0,0.0,-0.1,-23.7,-15.0,-23.7,-15.0,63.0,34.0,80.0,51.0,170.0,170.0,170.0,170.0,14.0,22.0,14.0,24.0,15.0,0.0,1.0
151.986,55,215583.0,600.0,126.0,600.0,307.0,0.0,1.0,0.0,1.0,0.5,0.042,0.5,0.212,0.504,0.057,0.504,0.228,0.0,0.0,-1.34,-5.53,-1.74,-0.54,4.31,0.0,0.0,6.0,0.0,0.0,0.0,1.0,1.0,-0.0,-0.0,-0.0,-0.8,-27.7,-19.1,-27.7,-19.1,71.0,39.0,92.0,61.0,170.0,170.0,170.0,170.0,14.0,22.0,14.0,24.0,15.0,0.0,0.0
152.052,53,215636.0,600.0,126.0,600.0,300.0,0.0,1.0,0.0,1.0,0.5,0.042,0.5,0.206,0.504,0.057,0.504,0.222,0.0,0.0,-1.34,-5.53,-1.74,-0.54,4.31,0.0,0.0,6.0,0.0,0.0,0.0,1.0,1.0,-0.0,-0.0,-0.0,-0.7,-31.5,-22.7,-31.5,-22.7,79.0,45.0,103.0,70.0,170.0,170.0,170.0,170.0,14.0,22.0,14.0,24.0,15.0,0.0,0.0
152.085,53,215689.0,600.0,126.0,600.0,300.0,0.0,1.0,0.0,1.0,0.5,0.042,0.5,0.206,0.504,0.057,0.504,0.222,0.0,0.0,-1.32,-5.53,-1.75,-0.54,4.43,0.0,0.0,6.0,0.0,0.0,0.0,1.0,1.0,-0.0,-0.4,-0.5,-1.8,-31.6,-22.6,-31.6,-22.6,80.0,45.0,103.0,70.0,170.0,170.0,170.0,170.0,14.0,22.0,14.0,24.0,15.0,0.0,0.0
152.15,53,215742.0,600.0,126.0,600.0,300.0,0.0,1.0,0.0,1.0,0.5,0.042,0.5,0.206,0.504,0.057,0.504,0.222,0.0,0.0,-1.33,-5.54,-1.76,-0.54,4.48,0.0,0.0,6.0,0.0,0.0,0.0,1.0,1.0,-0.5,-3.4,-1.3,-4.4,-31.9,-22.4,-31.9,-22.4,80.0,44.0,104.0,70.0,170.0,170.0,170.0,170.0,18.0,20.0,14.0,32.0,15.0,0.0,0.0
152.22,53,215795.0,600.0,126.0,600.0,300.0,0.0,1.0,0.0,1.0,0.5,0.042,0.5,0.206,0.504,0.057,0.504,0.222,0.0,0.0,-1.28,-5.53,-1.87,-0.54,4.75,0.0,0.0,6.0,0.0,0.0,0.0,1.0,1.0,-1.8,-5.5,-5.3,-6.6,-30.6,-23.7,-30.6,-23.7,77.0,46.0,100.0,73.0,170.0,170.0,170.0,170.0,18.0,20.0,14.0,32.0,15.0,0.0,0.0
152.252,53,215848.0,600.0,126.0,600.0,303.0,0.0,1.0,0.0,1.0,0.5,0.042,0.5,0.204,0.504,0.057,0.504,0.219,0.0,0.0,-1.19,-5.46,-1.57,-0.54,3.45,0.0,0.0,6.0,0.0,0.0,0.0,1.0,1.0,-4.1,-7.8,-6.0,-8.2,-29.3,-25.0,-29.3,-25.0,75.0,48.0,96.0,76.0,170.0,170.0,170.0,170.0,18.0,20.0,14.0,32.0,15.0,0.0,0.0
152.318,53,215901.0,600.0,126.0,600.0,303.0,0.0,1.0,0.0,1.0,0.5,0.042,0.5,0.204,0.504,0.057,0.504,0.219,0.0,0.0,-1.29,-5.5,-1.48,-0.54,2.15,0.0,0.0,6.0,0.0,0.0,0.0,1.0,1.0,-6.6,-10.7,-9.0,-13.0,-29.2,-25.1,-29.2,-25.1,74.0,48.0,96.0,77.0,170.0,170.0,170.0,170.0,18.0,20.0,14.0,32.0,15.0,0.0,0.0
152.351,52,215953.0,600.0,127.0,600.0,303.0,0.0,1.0,0.0,1.0,0.5,0.042,0.5,0.204,0.504,0.057,0.504,0.219,0.0,0.0,-1.45,-5.56,-1.4,-0.54,2.05,0.0,0.0,6.0,0.0,0.0,0.0,1.0,1.0,-9.4,-14.3,-13.0,-19.2,-29.6,-24.6,-29.6,-24.6,75.0,48.0,96.0,76.0,170.0,170.0,170.0,170.0,18.0,20.0,14.0,32.0,15.0,0.0,0.0
152.416,55,216008.0,600.0,127.0,600.0,303.0,0.0,1.0,0.0,1.0,0.5,0.042,0.5,0.204,0.504,0.057,0.504,0.219,0.0,0.0,-1.27,-5.58,-1.47,-0.54,2.48,0.0,0.0,6.0,0.0,0.0,0.0,1.0,1.0,-12.3,-17.3,-15.9,-23.8,-29.8,-24.4,-29.8,-24.4,76.0,51.0,102.0,75.0,170.0,170.0,170.0,170.0,18.0,20.0,14.0,32.0,15.0,0.0,0.0
152.448,53,216061.0,600.0,127.0,600.0,310.0,0.0,1.0,0.0,1.0,0.5,0.043,0.5,0.208,0.504,0.057,0.504,0.222,0.0,0.0,-1.19,-5.43,-1.45,-0.54,2.68,0.0,0.0,6.0,0.0,0.0,0.0,1.0,1.0,-15.4,-19.1,-22.9,-26.7,-31.0,-23.2,-31.0,-23.2,85.0,50.0,108.0,65.0,170.0,170.0,170.0,170.0,18.0,20.0,14.0,32.0,15.0,0.0,0.0
152.511,53,216114.0,600.0,127.0,600.0,310.0,0.0,1.0,0.0,1.0,0.5,0.043,0.5,0.208,0.504,0.057,0.504,0.222,0.0,0.0,-1.43,-5.56,-1.44,-0.54,3.87,0.0,0.0,6.0,0.0,0.0,0.0,1.0,1.0,-15.4,-19.1,-22.9,-26.7,-31.0,-23.2,-31.0,-23.3,88.0,50.0,108.0,65.0,170.0,170.0,170.0,170.0,18.0,20.0,14.0,32.0,15.0,0.0,0.0
152.577,53,216167.0,600.0,127.0,600.0,310.0,0.0,1.0,0.0,1.0,0.5,0.043,0.5,0.208,0.504,0.057,0.504,0.222,0.0,0.0,-1.2,-5.61,-1.56,-0.54,3.84,0.0,0.0,6.0,0.0,0.0,0.0,1.0,1.0,-23.7,-25.1,-25.2,-31.1,-29.7,-24.6,-29.7,-24.6,87.0,51.0,107.0,68.0,170.0,170.0,170.0,170.0,18.0,20.0,14.0,32.0,15.0,0.0,0.0
152.61,54,216221.0,600.0,127.0,600.0,310.0,0.0,1.0,0.0,1.0,0.5,0.043,0.5,0.208,0.504,0.057,0.504,0.222,0.0,0.0,-1.3,-5.51,-1.52,-0.54,2.55,0.0,0.0,6.0,0.0,0.0,0.0,1.0,1.0,-24.8,-26.6,-29.3,-31.3,-29.1,-25.2,-29.1,-25.2,87.0,51.0,104.0,70.0,170.0,170.0,170.0,170.0,46.0,16.0,47.0,34.0,15.0,0.0,0.0
152.673,53,216274.0,600.0,127.0,600.0,309.0,0.0,1.0,0.0,1.0,0.5,0.043,0.5,0.209,0.504,0.057,0.504,0.223,0.0,0.0,-1.25,-5.52,-1.4,-0.54,1.95,0.0,0.0,6.0,0.0,0.0,0.0,1.0,1.0,-29.2,-28.6,-30.2,-31.7,-28.3,-25.9,-28.3,-25.9,84.0,51.0,100.0,72.0,170.0,170.0,170.0,170.0,46.0,16.0,47.0,34.0,15.0,0.0,1.0
152.738,53,216327.0,600.0,127.0,600.0,309.0,0.0,1.0,0.0,1.0,0.5,0.043,0.5,0.209,0.504,0.057,0.504,0.223,0.0,0.0,-1.45,-5.78,-1.21,-0.54,1.21,0.0,0.0,6.0,0.0,0.0,0.0,1.0,1.0,-30.5,-31.6,-29.3,-31.3,-26.9,-27.3,-26.9,-27.3,78.0,52.0,95.0,76.0,170.0,170.0,170.0,170.0,46.0,16.0,47.0,34.0,15.0,0.0,0.0
152.771,52,216379.0,600.0,128.0,600.0,309.0,0.0,1.0,0.0,1.0,0.5,0.043,0.5,0.209,0.504,0.057,0.504,0.223,0.0,0.0,-1.24,-5.61,-1.03,-0.54,-0.19,0.0,0.0,6.0,0.0,0.0,0.0,1.0,1.0,-32.2,-32.2,-27.6,-30.5,-25.7,-28.6,-25.7,-28.6,72.0,54.0,91.0,80.0,170.0,170.0,170.0,170.0,46.0,16.0,47.0,34.0,15.0,0.0,0.0
152.837,55,216434.0,600.0,128.0,600.0,309.0,0.0,1.0,0.0,1.0,0.5,0.043,0.5,0.209,0.504,0.057,0.504,0.223,0.0,0.0,-1.16,-5.62,-0.83,-0.54,-1.46,0.0,0.0,6.0,0.0,0.0,0.0,1.0,1.0,-33.2,-32.9,-26.6,-29.4,-24.9,-29.3,-24.9,-29.3,67.0,54.0,88.0,82.0,170.0,170.0,170.0,170.0,46.0,16.0,47.0,34.0,15.0,0.0,1.0
152.901,53,216487.0,600.0,128.0,600.0,314.0,0.0,1.0,0.0,1.0,0.5,0.043,0.5,0.212,0.504,0.058,0.504,0.226,0.0,0.0,-1.27,-5.65,-0.59,-0.54,-2.21,0.0,0.0,6.0,0.0,0.0,0.0,1.0,1.0,-32.7,-33.8,-26.1,-29.1,-25.8,-28.5,-25.8,-28.5,69.0,50.0,91.0,80.0,170.0,170.0,170.0,170.0,46.0,16.0,47.0,34.0,15.0,0.0,0.0
152.933,54,216541.0,600.0,128.0,600.0,314.0,0.0,1.0,0.0,1.0,0.5,0.043,0.5,0.212,0.504,0.058,0.504,0.226,0.0,0.0,-1.39,-5.65,-0.61,-0.54,-1.34,0.0,0.0,6.0,0.0,0.0,0.0,1.0,1.0,-30.3,-32.7,-27.4,-33.0,-27.2,-27.1,-27.2,-27.1,73.0,48.0,95.0,75.0,170.0,170.0,170.0,170.0,46.0,16.0,47.0,34.0,15.0,0.0,1.0
153.001,53,216594.0,600.0,130.0,600.0,314.0,0.0,1.0,0.0,1.0,0.5,0.043,0.5,0.212,0.504,0.058,0.504,0.226,0.0,0.0,-1.14,-5.56,-0.77,-0.54,0.04,0.0,0.0,6.0,0.0,0.0,0.0,1.0,1.0,-28.0,-32.1,-28.5,-42.1,-28.5,-25.8,-28.5,-25.8,77.0,46.0,98.0,69.0,170.0,170.0,170.0,170.0,46.0,16.0,47.0,34.0,15.0,0.0,0.0
153.034,53,216647.0,600.0,130.0,581.0,314.0,0.0,1.0,0.0,1.0,0.5,0.043,0.5,0.212,0.504,0.058,0.504,0.226,0.0,0.0,-0.91,-5.5,-2.85,-0.54,1.34,0.0,0.0,6.0,0.0,0.0,0.0,1.0,1.0,-25.7,-31.5,-26.3,-50.8,-29.8,-24.4,-29.8,-24.4,82.0,43.0,105.0,63.0,170.0,170.0,170.0,170.0,46.0,16.0,47.0,34.0,15.0,0.0,0.0
153.1,53,216700.0,600.0,130.0,581.0,322.0,0.0,1.0,0.0,1.0,0.5,0.044,0.491,0.218,0.504,0.058,0.497,0.232,0.0,0.0,-0.99,-5.43,-5.01,-0.54,2.69,0.0,0.0,6.0,0.0,0.0,0.0,1.0,1.0,-24.2,-32.1,-24.6,-58.3,-31.2,-23.1,-31.2,-23.1,89.0,41.0,112.0,57.0,170.0,170.0,170.0,170.0,46.0,16.0,47.0,34.0,15.0,0.0,0.0
153.165,53,216753.0,600.0,130.0,581.0,322.0,0.0,1.0,0.0,1.0,0.5,0.044,0.491,0.218,0.504,0.058,0.497,0.232,0.0,0.0,-0.82,-5.4,-9.06,-0.54,4.04,0.0,0.0,6.0,0.0,0.0,0.0,1.0,1.0,-24.6,-34.7,-23.1,-57.1,-32.5,-21.8,-32.5,-21.8,95.0,38.0,120.0,54.0,170.0,170.0,170.0,170.0,11.0,22.0,22.0,4.0,15.0,0.0,1.0
153.198,53,216806.0,600.0,127.0,581.0,322.0,0.0,1.0,0.0,1.0,0.5,0.044,0.491,0.218,0.504,0.058,0.497,0.232,0.0,0.0,-0.69,-5.39,-11.7,-0.54,5.34,0.0,0.0,6.0,0.0,0.0,0.0,1.0,1.0,-24.6,-34.7,-23.1,-57.1,-32.5,-21.8,-32.5,-21.8,95.0,38.0,120.0,54.0,170.0,170.0,170.0,170.0,11.0,22.0,22.0,4.0,15.0,0.0,1.0
153.263,55,216861.0,600.0,127.0,588.0,322.0,0.0,1.0,0.0,1.0,0.5,0.044,0.491,0.218,0.504,0.058,0.497,0.232,0.0,0.0,-0.55,-5.34,-11.5,-0.54,6.74,0.0,0.0,6.0,0.0,0.0,0.0,1.0,1.0,-28.6,-38.3,-26.1,-49.9,-35.1,-19.1,-35.1,-19.1,107.0,33.0,136.0,48.0,170.0,170.0,170.0,170.0,11.0,22.0,22.0,4.0,15.0,0.0,0.0
153.326,53,216914.0,600.0,127.0,588.0,323.0,0.0,1.0,0.0,1.0,0.5,0.044,0.491,0.222,0.504,0.058,0.495,0.236,0.0,0.0,-0.37,-5.4,-11.45,-0.54,8.01,0.0,0.0,6.0,0.0,0.0,0.0,1.0,1.0,-28.6,-38.3,-26.1,-49.9,-36.5,-17.8,-36.5,-17.8,112.0,30.0,145.0,45.0,170.0,170.0,170.0,170.0,11.0,22.0,22.0,4.0,15.0,0.0,0.0
153.359,54,216968.0,600.0,127.0,588.0,323.0,0.0,1.0,0.0,1.0,0.5,0.044,0.491,0.222,0.504,0.058,0.495,0.236,0.0,0.0,-0.91,-5.4,-10.13,-0.54,9.36,0.0,0.0,6.0,0.0,0.0,0.0,1.0,1.0,-33.7,-43.1,-26.6,-43.2,-37.8,-16.4,-37.8,-16.4,116.0,27.0,154.0,42.0,170.0,170.0,170.0,170.0,11.0,22.0,22.0,4.0,15.0,0.0,0.0
153.426,52,217020.0,600.0,125.0,588.0,323.0,0.0,1.0,0.0,1.0,0.5,0.044,0.491,0.222,0.504,0.058,0.495,0.236,0.0,0.0,-0.99,-5.42,-9.75,-0.54,10.69,0.0,0.0,6.0,0.0,0.0,0.0,1.0,1.0,-36.5,-45.4,-26.0,-41.2,-39.2,-15.1,-39.2,-15.1,120.0,24.0,164.0,39.0,170.0,170.0,170.0,170.0,11.0,22.0,22.0,4.0,15.0,0.0,0.0
153.489,54,217074.0,600.0,125.0,588.0,323.0,0.0,1.0,0.0,1.0,0.5,0.044,0.491,0.222,0.504,0.058,0.495,0.236,0.0,0.0,-0.77,-5.54,-9.12,-0.54,12.04,0.0,0.0,6.0,0.0,0.0,0.0,1.0,1.0,-41.2,-48.5,-26.1,-39.8,-40.1,-14.1,-40.1,-14.1,120.0,22.0,173.0,36.0,170.0,170.0,170.0,170.0,11.0,22.0,22.0,4.0,15.0,0.0,0.0
153.521,53,217127.0,600.0,125.0,588.0,332.0,0.0,1.0,0.0,1.0,0.5,0.043,0.49,0.228,0.504,0.057,0.494,0.242,0.0,0.0,-0.82,-5.53,-7.92,-0.54,13.0,0.0,0.0,6.0,0.0,0.0,0.0,1.0,1.0,-45.1,-52.6,-25.9,-37.9,-38.7,-15.5,-38.7,-15.5,113.0,23.0,174.0,41.0,170.0,170.0,170.0,170.0,11.0,22.0,22.0,4.0,15.0,0.0,0.0
153.587,54,217181.0,600.0,125.0,588.0,332.0,0.0,1.0,0.0,1.0,0.5,0.043,0.49,0.228,0.504,0.057,0.494,0.242,0.0,0.0,-0.58,-5.59,-7.01,-0.54,11.6,0.0,0.0,6.0,0.0,0.0,0.0,1.0,1.0,-48.7,-55.3,-28.1,-36.7,-37.4,-16.8,-37.4,-16.8,105.0,25.0,173.0,45.0,170.0,170.0,170.0,170.0,11.0,22.0,22.0,4.0,15.0,0.0,0.0
153.621,52,217233.0,600.0,127.0,588.0,332.0,0.0,1.0,0.0,1.0,0.5,0.043,0.49,0.228,0.504,0.057,0.494,0.242,0.0,0.0,-1.06,-5.58,-5.06,-0.54,10.3,0.0,0.0,6.0,0.0,0.0,0.0,1.0,1.0,-49.2,-57.0,-27.8,-35.1,-36.1,-18.1,-36.1,-18.1,96.0,26.0,173.0,49.0,170.0,170.0,170.0,170.0,23.0,16.0,38.0,104.0,15.0,0.0,1.0
153.687,54,217287.0,600.0,127.0,588.0,332.0,0.0,1.0,0.0,1.0,0.5,0.043,0.49,0.228,0.504,0.057,0.494,0.242,0.0,0.0,-1.08,-5.59,-2.98,-0.54,8.98,0.0,0.0,6.0,0.0,0.0,0.0,1.0,1.0,-47.7,-60.4,-26.7,-40.5,-34.7,-19.5,-34.7,-19.5,87.0,28.0,172.0,51.0,170.0,170.0,170.0,170.0,23.0,16.0,38.0,104.0,15.0,0.0,0.0
153.754,54,217341.0,600.0,127.0,588.0,375.0,0.0,1.0,0.0,0.0,0.5,0.043,0.49,0.257,0.504,0.057,0.495,0.267,0.0,0.0,-1.45,-5.74,-1.86,-0.54,7.63,0.0,0.0,6.0,0.0,0.0,0.0,1.0,1.0,-49.5,-63.0,-23.5,-42.4,-33.4,-20.8,-33.4,-20.8,77.0,30.0,173.0,55.0,170.0,170.0,170.0,170.0,23.0,16.0,38.0,104.0,15.0,0.0,0.0
153.788,53,217394.0,600.0,127.0,588.0,375.0,0.0,1.0,0.0,0.0,0.5,0.043,0.49,0.257,0.504,0.057,0.495,0.267,0.0,0.0,-1.38,-5.64,-0.19,-0.54,6.28,0.0,0.0,6.0,0.0,0.0,0.0,1.0,1.0,-49.5,-64.5,-20.7,-43.2,-32.1,-22.1,-32.1,-22.1,74.0,31.0,175.0,58.0,170.0,170.0,170.0,170.0,23.0,16.0,38.0,104.0,15.0,0.0,1.0
153.855,53,217447.0,600.0,127.0,588.0,375.0,0.0,1.0,0.0,0.0,0.5,0.043,0.49,0.257,0.504,0.057,0.495,0.267,0.0,0.0,-1.34,-5.74,1.46,-0.54,5.0,0.0,0.0,6.0,0.0,0.0,0.0,1.0,1.0,-47.2,-64.5,-20.7,-42.3,-30.7,-23.5,-30.7,-23.5,71.0,34.0,175.0,62.0,170.0,170.0,170.0,170.0,23.0,16.0,38.0,104.0,15.0,0.0,0.0
153.888,53,217500.0,600.0,127.0,588.0,375.0,0.0,1.0,0.0,0.0,0.5,0.043,0.49,0.257,0.504,0.057,0.495,0.267,0.0,0.0,-1.47,-5.53,2.52,-0.54,3.6,0.0,0.0,6.0,0.0,0.0,0.0,1.0,1.0,-45.7,-65.8,-21.3,-42.2,-29.4,-24.8,-29.4,-24.8,68.0,36.0,174.0,66.0,170.0,170.0,170.0,170.0,23.0,16.0,38.0,104.0,15.0,0.0,0.0
153.953,53,217553.0,600.0,127.0,588.0,433.0,0.0,1.0,0.0,0.0,0.5,0.043,0.49,0.303,0.505,0.057,0.495,0.31,0.0,0.0,-1.36,-5.77,3.62,-0.54,2.3,0.0,0.0,6.0,0.0,0.0,0.0,1.0,1.0,-45.7,-65.8,-20.4,-40.4,-28.1,-26.1,-28.1,-26.1,64.0,38.0,174.0,70.0,170.0,170.0,170.0,170.0,23.0,16.0,38.0,104.0,15.0,0.0,0.0
154.027,54,217607.0,600.0,127.0,588.0,433.0,0.0,1.0,0.0,0.0,0.5,0.043,0.49,0.303,0.505,0.057,0.495,0.31,0.0,0.0,-1.3,-5.81,4.43,-0.54,1.03,0.0,0.0,6.0,0.0,0.0,0.0,1.0,1.0,-48.5,-65.2,-20.8,-40.4,-26.8,-27.5,-26.8,-27.5,61.0,40.0,172.0,74.0,170.0,170.0,170.0,170.0,23.0,16.0,38.0,104.0,15.0,0.0,0.0
154.06,53,217660.0,600.0,127.0,588.0,433.0,0.0,1.0,0.0,0.0,0.5,0.043,0.49,0.303,0.505,0.057,0.495,0.31,0.0,0.0,-1.54,-5.8,5.34,-0.54,-0.35,0.0,0.0,6.0,0.0,0.0,0.0,1.0,1.0,-48.1,-65.2,-21.7,-38.7,-25.4,-28.8,-25.4,-28.8,57.0,42.0,169.0,78.0,170.0,170.0,170.0,170.0,23.0,16.0,38.0,104.0,15.0,0.0,0.0
154.093,37,217697.0,600.0,127.0,607.0,433.0,0.0,1.0,0.0,0.0,0.5,0.043,0.49,0.303,0.505,0.057,0.495,0.31,0.0,0.0,-1.73,-5.91,6.11,-0.54,-1.72,0.0,0.0,6.0,0.0,0.0,0.0,1.0,1.0,-48.5,-65.3,-21.1,-37.3,-24.5,-29.7,-24.5,-29.7,56.0,44.0,168.0,81.0,170.0,170.0,170.0,170.0,23.0,16.0,38.0,104.0,15.0,0.0,1.0
154.192,101,217798.0,600.0,127.0,607.0,482.0,0.0,1.0,0.0,0.0,0.5,0.043,0.499,0.351,0.506,0.057,0.503,0.357,0.0,0.0,-1.47,-5.66,6.92,-0.54,-3.2,0.0,0.0,6.0,0.0,0.0,0.0,1.0,1.0,-46.2,-64.7,-21.6,-35.1,-23.1,-31.1,-23.1,-31.1,53.0,46.0,159.0,89.0,170.0,170.0,170.0,170.0,21.0,20.0,6.0,7.0,15.0,0.0,1.0
154.258,52,217850.0,600.0,129.0,607.0,482.0,0.0,1.0,0.0,0.0,0.5,0.043,0.499,0.351,0.506,0.057,0.503,0.357,0.0,0.0,-1.78,-5.77,7.88,-0.54,-5.15,0.0,0.0,6.0,0.0,0.0,0.0,1.0,1.0,-44.5,-62.8,-26.0,-36.2,-20.7,-33.6,-20.7,-33.6,47.0,51.0,152.0,92.0,170.0,170.0,170.0,170.0,21.0,20.0,6.0,7.0,15.0,0.0,0.0
154.323,54,217904.0,600.0,129.0,600.0,482.0,0.0,1.0,0.0,0.0,0.5,0.043,0.499,0.351,0.506,0.057,0.503,0.357,0.0,0.0,-1.67,-5.75,8.08,-0.54,-6.45,0.0,0.0,6.0,0.0,0.0,0.0,1.0,1.0,-42.3,-61.8,-29.4,-36.7,-19.4,-34.9,-19.4,-34.9,45.0,54.0,143.0,96.0,170.0,170.0,170.0,170.0,21.0,20.0,6.0,7.0,15.0,0.0,0.0
154.356,53,217957.0,600.0,129.0,600.0,642.0,0.0,1.0,0.0,0.0,0.5,0.044,0.499,0.449,0.507,0.058,0.506,0.447,0.0,0.0,-1.5,-5.74,8.06,-0.54,-7.75,0.0,0.0,6.0,0.0,0.0,0.0,1.0,1.0,-42.5,-60.2,-30.1,-41.3,-18.0,-36.2,-18.0,-36.2,42.0,56.0,133.0,96.0,170.0,170.0,170.0,170.0,21.0,20.0,6.0,7.0,15.0,0.0,0.0
154.422,54,218011.0,600.0,129.0,600.0,642.0,0.0,1.0,0.0,0.0,0.5,0.044,0.499,0.449,0.507,0.058,0.506,0.447,0.0,0.0,-1.66,-5.75,7.47,-0.54,-9.1,0.0,0.0,6.0,0.0,0.0,0.0,1.0,1.0,-41.2,-58.5,-33.7,-44.2,-16.7,-37.5,-16.7,-37.5,39.0,59.0,121.0,97.0,170.0,170.0,170.0,170.0,21.0,20.0,6.0,7.0,15.0,0.0,0.0
154.454,53,218064.0,600.0,131.0,600.0,642.0,0.0,1.0,0.0,0.0,0.5,0.044,0.499,0.449,0.507,0.058,0.506,0.447,0.0,0.0,-1.63,-5.78,7.35,-0.54,-10.43,0.0,0.0,6.0,0.0,0.0,0.0,1.0,1.0,-38.0,-56.7,-35.9,-46.9,-15.3,-38.9,-15.3,-38.9,36.0,62.0,108.0,96.0,170.0,170.0,170.0,170.0,21.0,20.0,6.0,7.0,15.0,0.0,1.0
154.518,54,218118.0,600.0,131.0,600.0,642.0,0.0,1.0,0.0,0.0,0.5,0.044,0.499,0.449,0.507,0.058,0.506,0.447,0.0,0.0,-1.55,-5.62,6.91,-0.54,-11.78,0.0,0.0,6.0,0.0,0.0,0.0,1.0,1.0,-38.4,-53.5,-40.0,-48.3,-14.1,-40.1,-14.1,-40.1,33.0,64.0,92.0,96.0,170.0,170.0,170.0,170.0,21.0,20.0,6.0,7.0,15.0,0.0,0.0
154.592,53,218171.0,600.0,131.0,600.0,688.0,0.0,1.0,0.0,0.0,0.5,0.045,0.5,0.513,0.508,0.059,0.508,0.517,0.0,0.0,-1.96,-5.84,5.66,-0.54,-13.0,0.0,0.0,6.0,0.0,0.0,0.0,1.0,1.0,-35.5,-52.0,-44.2,-49.4,-14.3,-39.9,-14.3,-39.9,34.0,64.0,78.0,91.0,170.0,170.0,170.0,170.0,21.0,20.0,6.0,7.0,15.0,0.0,0.0
154.625,53,218224.0,600.0,131.0,600.0,688.0,0.0,1.0,0.0,0.0,0.5,0.045,0.5,0.513,0.508,0.059,0.508,0.517,0.0,0.0,-1.81,-5.84,5.37,-0.54,-12.8,0.0,0.0,6.0,0.0,0.0,0.0,1.0,1.0,-33.3,-49.7,-41.9,-50.0,-15.6,-38.6,-15.6,-38.6,38.0,63.0,72.0,87.0,170.0,170.0,170.0,170.0,21.0,20.0,6.0,7.0,15.0,0.0,0.0
154.688,53,218277.0,600.0,132.0,600.0,688.0,0.0,1.0,0.0,0.0,0.5,0.045,0.5,0.513,0.508,0.059,0.508,0.517,0.0,0.0,-1.51,-5.82,4.54,-0.54,-11.5,0.0,0.0,6.0,0.0,0.0,0.0,1.0,1.0,-33.3,-49.7,-41.9,-50.0,-15.6,-38.6,-15.6,-38.6,38.0,63.0,72.0,84.0,170.0,170.0,170.0,170.0,17.0,20.0,6.0,7.0,15.0,0.0,1.0
154.72,55,218332.0,600.0,132.0,600.0,688.0,0.0,1.0,0.0,0.0,0.5,0.045,0.5,0.513,0.508,0.059,0.508,0.517,0.0,0.0,-1.6,-5.72,2.63,-0.54,-10.12,0.0,0.0,6.0,0.0,0.0,0.0,1.0,1.0,-29.5,-44.7,-40.9,-46.5,-18.3,-35.9,-18.3,-35.9,46.0,60.0,69.0,80.0,170.0,170.0,170.0,170.0,17.0,12.0,14.0,3.0,15.0,0.0,0.0
154.79,53,218385.0,600.0,132.0,600.0,709.0,0.0,1.0,0.0,0.0,0.5,0.045,0.5,0.55,0.509,0.06,0.508,0.559,0.0,0.0,-1.37,-5.7,2.1,-0.54,-8.8,0.0,0.0,6.0,0.0,0.0,0.0,1.0,1.0,-28.7,-42.5,-40.1,-43.9,-19.7,-34.6,-19.7,-34.6,49.0,58.0,65.0,77.0,170.0,170.0,170.0,170.0,17.0,12.0,14.0,3.0,15.0,0.0,1.0
154.855,54,218439.0,600.0,132.0,600.0,709.0,0.0,1.0,0.0,0.0,0.5,0.045,0.5,0.55,0.509,0.06,0.508,0.559,0.0,0.0,-1.32,-5.63,1.67,-0.54,-7.45,0.0,0.0,6.0,0.0,0.0,0.0,1.0,1.0,-28.7,-42.5,-40.1,-43.9,-19.7,-34.6,-19.7,-34.6,49.0,58.0,65.0,77.0,170.0,170.0,170.0,170.0,17.0,12.0,14.0,3.0,15.0,0.0,1.0
154.887,53,218492.0,600.0,130.0,600.0,709.0,0.0,1.0,0.0,0.0,0.5,0.045,0.5,0.55,0.509,0.06,0.508,0.559,0.0,0.0,-1.33,-5.76,0.43,-0.54,-6.12,0.0,0.0,6.0,0.0,0.0,0.0,1.0,1.0,-27.0,-38.9,-35.2,-41.2,-22.3,-31.9,-22.3,-31.9,56.0,54.0,74.0,70.0,170.0,170.0,170.0,170.0,17.0,12.0,14.0,3.0,15.0,0.0,0.0
154.919,37,218529.0,600.0,130.0,600.0,709.0,0.0,1.0,0.0,0.0,0.5,0.045,0.5,0.55,0.509,0.06,0.508,0.559,0.0,0.0,-1.33,-5.71,0.25,-0.54,-4.8,0.0,0.0,6.0,0.0,0.0,0.0,1.0,1.0,-27.1,-37.8,-33.2,-46.3,-23.3,-31.0,-23.3,-31.0,58.0,53.0,78.0,66.0,170.0,170.0,170.0,170.0,17.0,12.0,14.0,3.0,15.0,0.0,1.0
155.018,100,218629.0,600.0,130.0,600.0,709.0,0.0,1.0,0.0,0.0,0.5,0.045,0.5,0.568,0.509,0.06,0.509,0.579,0.0,0.0,-1.46,-5.49,0.03,-0.54,-3.85,0.0,0.0,6.0,0.0,0.0,0.0,1.0,1.0,-28.0,-36.5,-32.0,-47.2,-25.7,-28.5,-25.7,-28.5,64.0,49.0,86.0,59.0,170.0,170.0,170.0,170.0,17.0,12.0,14.0,3.0,15.0,0.0,0.0
155.084,52,218681.0,600.0,127.0,600.0,709.0,0.0,1.0,0.0,0.0,0.5,0.045,0.5,0.568,0.509,0.06,0.509,0.579,0.0,0.0,-1.29,-5.63,-0.39,-0.54,-1.37,0.0,0.0,6.0,0.0,0.0,0.0,1.0,1.0,-28.1,-35.0,-31.1,-48.3,-27.1,-27.1,-27.1,-27.1,67.0,47.0,90.0,55.0,170.0,170.0,170.0,170.0,17.0,12.0,14.0,3.0,15.0,0.0,0.0
155.151,54,218735.0,600.0,127.0,600.0,709.0,0.0,1.0,0.0,0.0,0.5,0.045,0.5,0.568,0.509,0.06,0.509,0.579,0.0,0.0,-1.15,-5.65,-0.58,-0.54,0.0,0.0,0.0,6.0,0.0,0.0,0.0,1.0,1.0,-28.0,-34.2,-29.7,-48.0,-28.4,-25.8,-28.4,-25.8,73.0,45.0,95.0,51.0,170.0,170.0,170.0,170.0,17.0,12.0,14.0,3.0,15.0,0.0,0.0
155.186,53,218788.0,600.0,127.0,600.0,709.0,0.0,1.0,0.0,0.0,0.5,0.044,0.5,0.576,0.509,0.059,0.509,0.589,0.0,0.0,-1.17,-5.6,-0.88,-0.54,1.28,0.0,0.0,6.0,0.0,0.0,0.0,1.0,1.0,-29.7,-35.2,-31.1,-46.0,-29.8,-24.4,-29.8,-24.4,76.0,43.0,98.0,48.0,170.0,170.0,170.0,170.0,31.0,4.0,70.0,29.0,15.0,0.0,0.0
155.251,54,218842.0,600.0,127.0,600.0,709.0,0.0,1.0,0.0,0.0,0.5,0.044,0.5,0.576,0.509,0.059,0.509,0.589,0.0,0.0,-1.37,-5.52,-1.11,-0.54,2.68,0.0,0.0,6.0,0.0,0.0,0.0,1.0,1.0,-29.7,-35.2,-31.1,-46.0,-29.8,-25.1,-29.1,-25.1,71.0,44.0,93.0,50.0,170.0,170.0,170.0,170.0,31.0,4.0,70.0,29.0,15.0,0.0,1.0
155.282,52,218894.0,600.0,125.0,600.0,709.0,0.0,1.0,0.0,0.0,0.5,0.044,0.5,0.576,0.509,0.059,0.509,0.589,0.0,0.0,-1.36,-5.83,-0.99,-0.54,1.99,0.0,0.0,6.0,0.0,0.0,0.0,1.0,1.0,-30.7,-36.0,-33.4,-43.8,-27.7,-26.5,-27.7,-26.5,67.0,46.0,86.0,54.0,170.0,170.0,170.0,170.0,31.0,4.0,70.0,29.0,15.0,0.0,1.0
155.346,55,218949.0,600.0,125.0,600.0,709.0,0.0,1.0,0.0,0.0,0.5,0.044,0.5,0.576,0.509,0.059,0.509,0.589,0.0,0.0,-1.29,-5.82,-0.83,-0.54,0.62,0.0,0.0,6.0,0.0,0.0,0.0,1.0,1.0,-30.1,-36.0,-33.4,-43.8,-26.4,-27.9,-26.4,-27.9,64.0,48.0,82.0,59.0,170.0,170.0,170.0,170.0,31.0,4.0,70.0,29.0,15.0,0.0,1.0
155.413,53,219002.0,600.0,125.0,600.0,600.0,0.0,1.0,0.0,0.0,0.5,0.043,0.5,0.535,0.509,0.058,0.509,0.556,0.0,0.0,-1.62,-5.71,-0.42,-0.54,-0.73,0.0,0.0,6.0,0.0,0.0,0.0,1.0,1.0,-29.2,-34.7,-31.6,-38.8,-25.1,-29.2,-25.1,-29.2,61.0,51.0,78.0,63.0,170.0,170.0,170.0,170.0,31.0,4.0,70.0,29.0,15.0,0.0,0.0
155.445,53,219055.0,600.0,125.0,600.0,600.0,0.0,1.0,0.0,0.0,0.5,0.043,0.5,0.535,0.509,0.058,0.509,0.556,0.0,0.0,-1.4,-5.62,0.16,-0.54,-2.06,0.0,0.0,6.0,0.0,0.0,0.0,1.0,1.0,-28.6,-34.3,-37.6,-36.5,-24.3,-30.0,-24.3,-30.0,60.0,52.0,75.0,66.0,170.0,170.0,170.0,170.0,31.0,4.0,70.0,29.0,15.0,0.0,1.0
155.511,53,219108.0,600.0,121.0,600.0,600.0,0.0,1.0,0.0,0.0,0.5,0.043,0.5,0.535,0.509,0.058,0.509,0.556,0.0,0.0,-1.34,-5.66,0.1,-0.54,-2.84,0.0,0.0,6.0,0.0,0.0,0.0,1.0,1.0,-28.1,-34.5,-36.3,-35.2,-23.9,-30.4,-23.9,-30.4,59.0,53.0,74.0,67.0,170.0,170.0,170.0,170.0,31.0,4.0,70.0,29.0,15.0,0.0,0.0
155.583,52,219160.0,600.0,121.0,600.0,600.0,0.0,1.0,0.0,0.0,0.5,0.043,0.5,0.535,0.509,0.058,0.509,0.556,0.0,0.0,-1.38,-5.81,0.07,-0.54,-3.25,0.0,0.0,6.0,0.0,0.0,0.0,1.0,1.0,-28.1,-34.5,-36.3,-35.2,-22.9,-31.3,-22.9,-31.3,57.0,54.0,71.0,71.0,170.0,170.0,170.0,170.0,31.0,4.0,70.0,29.0,15.0,0.0,0.0
155.616,54,219214.0,600.0,121.0,600.0,600.0,0.0,1.0,0.0,0.0,0.5,0.041,0.5,0.516,0.508,0.056,0.508,0.534,0.0,0.0,-1.76,-5.84,0.24,-0.54,-4.19,0.0,0.0,6.0,0.0,0.0,0.0,1.0,1.0,-26.8,-32.5,-33.6,-31.8,-23.1,-31.1,-23.1,-31.1,57.0,54.0,72.0,70.0,170.0,170.0,170.0,170.0,31.0,4.0,70.0,29.0,15.0,0.0,0.0
155.681,53,219267.0,600.0,121.0,600.0,600.0,0.0,1.0,0.0,0.0,0.5,0.041,0.5,0.516,0.508,0.056,0.508,0.534,0.0,0.0,-1.65,-5.64,0.3,-0.54,-3.97,0.0,0.0,6.0,0.0,0.0,0.0,1.0,1.0,-26.1,-32.1,-33.0,-30.4,-24.6,-29.7,-24.6,-29.7,61.0,52.0,77.0,67.0,170.0,170.0,170.0,170.0,31.0,4.0,70.0,29.0,15.0,0.0,0.0
155.713,53,219320.0,600.0,117.0,600.0,600.0,0.0,1.0,0.0,0.0,0.5,0.041,0.5,0.516,0.508,0.056,0.508,0.534,0.0,0.0,-1.5,-5.59,0.25,-0.54,-2.55,0.0,0.0,6.0,0.0,0.0,0.0,1.0,1.0,-25.9,-31.7,-30.1,-29.4,-25.8,-28.4,-25.8,-28.4,64.0,50.0,81.0,63.0,170.0,170.0,170.0,170.0,25.0,22.0,10.0,31.0,15.0,0.0,0.0
155.78,55,219375.0,600.0,117.0,600.0,600.0,0.0,1.0,0.0,0.0,0.5,0.041,0.5,0.516,0.508,0.056,0.508,0.534,0.0,0.0,-1.53,-5.68,-0.06,-0.54,-1.3,0.0,0.0,6.0,0.0,0.0,0.0,1.0,1.0,-25.4,-31.5,-28.6,-29.1,-27.1,-27.2,-27.1,-27.2,70.0,48.0,85.0,60.0,170.0,170.0,170.0,170.0,25.0,22.0,10.0,31.0,15.0,0.0,1.0
155.848,53,219428.0,600.0,117.0,600.0,600.0,0.0,1.0,0.0,0.0,0.5,0.039,0.5,0.507,0.508,0.054,0.508,0.524,0.0,0.0,-1.63,-5.65,-0.12,-0.54,-0.07,0.0,0.0,6.0,0.0,0.0,0.0,1.0,1.0,-25.0,-31.1,-27.8,-28.6,-26.4,-27.8,-26.4,-27.8,69.0,49.0,84.0,62.0,170.0,170.0,170.0,170.0,25.0,22.0,10.0,31.0,15.0,0.0,0.0
155.88,53,219481.0,600.0,117.0,600.0,600.0,0.0,1.0,0.0,0.0,0.5,0.039,0.5,0.507,0.508,0.054,0.508,0.524,0.0,0.0,-1.76,-5.56,-0.18,-0.54,-0.69,0.0,0.0,6.0,0.0,0.0,0.0,1.0,1.0,-25.9,-31.0,-27.6,-29.4,-26.6,-27.6,-26.6,-27.6,69.0,49.0,84.0,61.0,170.0,170.0,170.0,170.0,25.0,22.0,10.0,31.0,15.0,0.0,0.0
155.944,53,219534.0,600.0,114.0,600.0,600.0,0.0,1.0,0.0,0.0,0.5,0.039,0.5,0.507,0.508,0.054,0.508,0.524,0.0,0.0,-1.6,-5.49,-0.18,-0.54,-0.52,0.0,0.0,6.0,0.0,0.0,0.0,1.0,1.0,-29.1,-31.4,-28.3,-32.4,-26.4,-27.8,-26.4,-27.8,65.0,49.0,83.0,61.0,170.0,170.0,170.0,170.0,25.0,22.0,10.0,31.0,15.0,0.0,0.0
155.977,53,219587.0,600.0,114.0,600.0,600.0,0.0,1.0,0.0,0.0,0.5,0.039,0.5,0.507,0.508,0.054,0.508,0.524,0.0,0.0,-1.49,-5.6,-0.24,-0.54,-0.73,0.0,0.0,6.0,0.0,0.0,0.0,1.0,1.0,-30.9,-31.5,-27.5,-33.2,-25.3,-28.9,-25.3,-28.9,62.0,51.0,80.0,64.0,170.0,170.0,170.0,170.0,25.0,22.0,10.0,31.0,15.0,0.0,0.0
156.043,53,219640.0,600.0,114.0,600.0,600.0,0.0,1.0,0.0,0.0,0.5,0.037,0.5,0.503,0.508,0.052,0.508,0.519,0.0,0.0,-1.67,-5.59,-0.17,-0.54,-1.8,0.0,0.0,6.0,0.0,0.0,0.0,1.0,1.0,-30.9,-31.2,-27.2,-33.6,-25.2,-29.0,-25.2,-29.0,62.0,51.0,80.0,64.0,170.0,170.0,170.0,170.0,25.0,22.0,10.0,31.0,15.0,0.0,0.0
156.11,53,219693.0,600.0,114.0,600.0,600.0,0.0,1.0,0.0,0.0,0.5,0.037,0.5,0.503,0.508,0.052,0.508,0.519,0.0,0.0,-1.61,-5.48,-0.07,-0.54,-1.93,0.0,0.0,6.0,0.0,0.0,0.0,1.0,1.0,-31.2,-30.7,-27.0,-33.5,-26.1,-28.1,-26.1,-28.1,64.0,50.0,83.0,61.0,170.0,170.0,170.0,170.0,25.0,22.0,10.0,31.0,15.0,0.0,0.0
156.143,53,219746.0,600.0,111.0,600.0,600.0,0.0,1.0,0.0,0.0,0.5,0.037,0.5,0.503,0.508,0.052,0.508,0.519,0.0,0.0,-1.51,-5.48,-0.13,-0.54,-0.98,0.0,0.0,6.0,0.0,0.0,0.0,1.0,1.0,-31.9,-30.8,-27.2,-33.5,-26.3,-27.9,-26.3,-27.9,64.0,50.0,84.0,61.0,170.0,170.0,170.0,170.0,25.0,22.0,10.0,31.0,15.0,0.0,0.0
156.208,54,219800.0,600.0,111.0,600.0,600.0,0.0,1.0,0.0,0.0,0.5,0.037,0.5,0.503,0.508,0.052,0.508,0.519,0.0,0.0,-1.42,-5.53,-0.18,-0.54,-0.8,0.0,0.0,6.0,0.0,0.0,0.0,1.0,1.0,-31.9,-30.8,-27.2,-33.5,-26.3,-27.9,-26.3,-27.9,64.0,50.0,84.0,57.0,170.0,170.0,170.0,170.0,25.0,22.0,10.0,31.0,15.0,0.0,1.0
156.242,54,219854.0,600.0,111.0,600.0,600.0,0.0,1.0,0.0,0.0,0.5,0.035,0.5,0.502,0.508,0.05,0.508,0.517,0.0,0.0,-1.84,-5.58,-0.45,-0.54,0.6,0.0,0.0,6.0,0.0,0.0,0.0,1.0,1.0,-32.3,-31.1,-28.4,-34.1,-28.1,-26.2,-28.1,-26.2,68.0,46.0,89.0,56.0,170.0,170.0,170.0,170.0,39.0,22.0,26.0,7.0,15.0,0.0,0.0
156.307,54,219908.0,600.0,111.0,600.0,600.0,0.0,1.0,0.0,0.0,0.5,0.035,0.5,0.502,0.508,0.05,0.508,0.517,0.0,0.0,-1.88,-5.58,-0.46,-0.54,0.97,0.0,0.0,6.0,0.0,0.0,0.0,1.0,1.0,-32.6,-31.3,-29.8,-33.1,-27.6,-26.7,-27.6,-26.7,67.0,47.0,87.0,58.0,170.0,170.0,170.0,170.0,39.0,22.0,26.0,7.0,15.0,0.0,0.0
156.373,53,219961.0,600.0,109.0,600.0,600.0,0.0,1.0,0.0,0.0,0.5,0.035,0.5,0.502,0.508,0.05,0.508,0.517,0.0,0.0,-1.74,-5.57,-0.49,-0.54,0.43,0.0,0.0,6.0,0.0,0.0,0.0,1.0,1.0,-31.8,-31.3,-29.8,-33.1,-27.6,-26.7,-27.6,-26.7,67.0,47.0,86.0,58.0,170.0,170.0,170.0,170.0,39.0,22.0,26.0,7.0,15.0,0.0,0.0
156.406,53,220014.0,600.0,109.0,600.0,600.0,0.0,1.0,0.0,0.0,0.5,0.035,0.5,0.502,0.508,0.05,0.508,0.517,0.0,0.0,-1.7,-5.71,-0.53,-0.54,0.43,0.0,0.0,6.0,0.0,0.0,0.0,1.0,1.0,-31.4,-32.6,-35.0,-31.7,-26.6,-27.7,-26.6,-27.7,65.0,49.0,83.0,61.0,170.0,170.0,170.0,170.0,39.0,22.0,26.0,7.0,15.0,0.0,0.0
156.439,36,220050.0,600.0,109.0,600.0,600.0,0.0,1.0,0.0,0.0,0.5,0.033,0.5,0.501,0.508,0.048,0.508,0.516,0.0,0.0,-1.93,-5.75,-0.47,-0.54,-0.57,0.0,0.0,6.0,0.0,0.0,0.0,1.0,1.0,-31.0,-32.6,-36.3,-30.2,-26.6,-27.7,-26.6,-27.7,65.0,49.0,82.0,61.0,170.0,170.0,170.0,170.0,39.0,22.0,26.0,7.0,15.0,0.0,1.0
156.537,98,220148.0,600.0,105.0,600.0,600.0,0.0,1.0,0.0,0.0,0.5,0.033,0.5,0.501,0.508,0.048,0.508,0.516,0.0,0.0,-1.87,-5.69,-0.41,-0.54,-0.09,0.0,0.0,6.0,0.0,0.0,0.0,1.0,1.0,-29.9,-32.0,-37.5,-27.6,-27.4,-26.9,-27.4,-26.9,67.0,47.0,84.0,59.0,170.0,170.0,170.0,170.0,39.0,22.0,26.0,7.0,15.0,0.0,0.0
156.603,54,220202.0,600.0,105.0,600.0,600.0,0.0,1.0,0.0,0.0,0.5,0.033,0.5,0.501,0.508,0.048,0.508,0.516,0.0,0.0,-1.6,-5.71,-0.51,-0.54,0.24,0.0,0.0,6.0,0.0,0.0,0.0,1.0,1.0,-29.9,-32.0,-35.8,-26.6,-27.1,-27.1,-27.1,-27.1,67.0,48.0,84.0,82.0,170.0,170.0,170.0,170.0,39.0,22.0,26.0,7.0,15.0,0.0,0.0
156.669,55,220257.0,600.0,105.0,600.0,600.0,0.0,1.0,0.0,0.0,0.5,0.031,0.5,0.5,0.508,0.046,0.508,0.515,0.0,0.0,-1.75,-5.72,-0.54,-0.54,0.03,0.0,0.0,6.0,0.0,0.0,0.0,1.0,1.0,-29.2,-32.3,-34.3,-25.4,-25.8,-28.4,-25.8,-28.4,64.0,50.0,81.0,85.0,170.0,170.0,170.0,170.0,39.0,22.0,26.0,7.0,15.0,0.0,0.0
156.701,53,220310.0,600.0,105.0,600.0,600.0,0.0,1.0,0.0,0.0,0.5,0.031,0.5,0.5,0.508,0.046,0.508,0.515,0.0,0.0,-2.14,-5.71,-0.42,-0.54,-1.27,0.0,0.0,6.0,0.0,0.0,0.0,1.0,1.0,-29.2,-31.8,-32.2,-25.1,-26.9,-27.4,-26.9,-27.4,66.0,48.0,84.0,83.0,170.0,170.0,170.0,170.0,39.0,22.0,26.0,7.0,15.0,0.0,0.0
156.764,53,220363.0,600.0,102.0,600.0,600.0,0.0,1.0,0.0,0.0,0.5,0.031,0.5,0.5,0.508,0.046,0.508,0.515,0.0,0.0,-2.02,-5.68,-0.46,-0.54,-0.23,0.0,0.0,6.0,0.0,0.0,0.0,1.0,1.0,-28.4,-32.5,-32.5,-27.2,-18.8,-16.9,-18.8,-16.9,43.0,25.0,54.0,30.0,170.0,170.0,170.0,170.0,29.0,12.0,32.0,25.0,15.0,0.0,1.0
156.831,53,220416.0,600.0,102.0,600.0,600.0,0.0,1.0,0.0,0.0,0.5,0.031,0.5,0.5,0.508,0.046,0.508,0.515,0.0,0.0,-1.66,-5.66,-0.75,-0.54,0.94,0.0,0.0,0.0,0.0,0.0,0.0,1.0,1.0,-29.5,-32.4,-29.7,-30.5,0.0,0.0,0.0,0.0,0.0,0.0,0.0,0.0,170.0,170.0,170.0,170.0,29.0,12.0,32.0,25.0,15.0,0.0,1.0
156.864,36,220452.0,600.0,102.0,600.0,600.0,0.0,1.0,0.0,0.0,0.5,0.03,0.5,0.5,0.508,0.044,0.508,0.515,0.0,0.0,-1.84,-5.64,-0.84,-0.54,0.0,0.0,0.0,0.0,0.0,0.0,0.0,1.0,1.0,-28.1,-31.3,-26.9,-27.5,0.0,0.0,0.0,0.0,0.0,0.0,0.0,0.0,170.0,170.0,170.0,170.0,29.0,12.0,32.0,25.0,15.0,0.0,1.0
156.959,98,220550.0,600.0,99.0,600.0,600.0,0.0,1.0,0.0,0.0,0.5,0.03,0.5,0.5,0.508,0.044,0.508,0.515,0.0,0.0,-2.11,-5.59,-0.89,-0.54,0.0,0.0,0.0,0.0,0.0,0.0,0.0,1.0,1.0,-29.5,-25.4,-21.4,-22.5,0.0,0.0,0.0,0.0,0.0,0.0,0.0,0.0,170.0,170.0,170.0,170.0,29.0,12.0,32.0,25.0,15.0,0.0,1.0
156.995,53,220603.0,600.0,99.0,600.0,600.0,0.0,1.0,0.0,0.0,0.5,0.03,0.5,0.5,0.508,0.044,0.508,0.515,0.0,0.0,-2.13,-5.62,-1.13,-0.54,0.0,0.0,0.0,0.0,0.0,0.0,0.0,1.0,1.0,-22.0,-22.3,-18.6,-19.5,0.0,0.0,0.0,0.0,0.0,0.0,0.0,0.0,170.0,170.0,170.0,170.0,29.0,12.0,32.0,25.0,15.0,0.0,0.0
157.027,37,220640.0,600.0,99.0,600.0,600.0,0.0,1.0,0.0,0.0,0.5,0.028,0.5,0.5,0.508,0.043,0.508,0.515,0.0,0.0,-2.03,-5.57,-1.16,-0.54,0.0,0.0,0.0,0.0,0.0,0.0,0.0,1.0,1.0,-22.0,-19.7,-16.3,-17.2,0.0,0.0,0.0,0.0,0.0,0.0,0.0,0.0,170.0,170.0,170.0,170.0,29.0,12.0,32.0,25.0,15.0,0.0,1.0
157.154,100,220740.0,600.0,98.0,600.0,600.0,0.0,1.0,0.0,0.0,0.5,0.028,0.5,0.5,0.508,0.043,0.508,0.515,0.0,0.0,-2.05,-5.56,-0.97,-0.54,0.0,0.0,0.0,0.0,0.0,0.0,0.0,1.0,1.0,-15.3,-15.2,-12.5,-13.4,0.0,0.0,0.0,0.0,0.0,0.0,0.0,0.0,170.0,170.0,170.0,170.0,29.0,12.0,32.0,25.0,15.0,0.0,1.0
157.188,54,220794.0,600.0,98.0,600.0,600.0,0.0,1.0,0.0,0.0,0.5,0.028,0.5,0.5,0.508,0.043,0.508,0.515,0.0,0.0,-2.06,-5.56,-0.97,-0.54,0.0,0.0,0.0,0.0,0.0,0.0,0.0,1.0,1.0,-13.4,-11.8,-9.6,-10.4,0.0,0.0,0.0,0.0,0.0,0.0,0.0,0.0,170.0,170.0,170.0,170.0,29.0,12.0,32.0,25.0,15.0,0.0,0.0
157.22,35,220829.0,600.0,98.0,600.0,600.0,0.0,1.0,0.0,0.0,0.5,0.027,0.5,0.5,0.508,0.042,0.508,0.515,0.0,0.0,-2.07,-5.56,-0.97,-0.54,0.0,0.0,0.0,0.0,0.0,0.0,0.0,1.0,1.0,-10.4,-10.3,-8.5,-9.2,0.0,0.0,0.0,0.0,0.0,0.0,0.0,0.0,170.0,170.0,170.0,170.0,19.0,16.0,38.0,35.0,15.0,0.0,1.0
157.318,97,220926.0,600.0,96.0,600.0,600.0,0.0,1.0,0.0,0.0,0.5,0.027,0.5,0.5,0.508,0.042,0.508,0.515,0.0,0.0,-2.09,-5.57,-0.97,-0.54,0.0,0.0,0.0,0.0,0.0,0.0,0.0,1.0,1.0,-8.0,-8.0,-6.6,-7.1,0.0,0.0,0.0,0.0,0.0,0.0,0.0,0.0,170.0,170.0,170.0,170.0,19.0,16.0,38.0,35.0,15.0,0.0,1.0
157.391,53,220979.0,600.0,96.0,600.0,600.0,0.0,1.0,0.0,0.0,0.5,0.027,0.5,0.5,0.508,0.042,0.508,0.515,0.0,0.0,-2.1,-5.57,-0.97,-0.54,0.0,0.0,0.0,0.0,0.0,0.0,0.0,1.0,1.0,-8.0,-7.1,-5.8,-6.3,0.0,0.0,0.0,0.0,0.0,0.0,0.0,0.0,170.0,170.0,170.0,170.0,19.0,16.0,38.0,35.0,15.0,0.0,0.0
157.424,35,221014.0,600.0,96.0,600.0,600.0,0.0,1.0,0.0,0.0,0.5,0.026,0.5,0.5,0.508,0.041,0.508,0.515,0.0,0.0,-2.05,-5.57,-0.98,-0.54,0.0,0.0,0.0,0.0,0.0,0.0,0.0,1.0,1.0,-6.2,-6.2,-5.1,-5.5,0.0,0.0,0.0,0.0,0.0,0.0,0.0,0.0,170.0,170.0,170.0,170.0,19.0,16.0,38.0,35.0,15.0,0.0,1.0
157.522,99,221113.0,600.0,96.0,600.0,600.0,0.0,1.0,0.0,0.0,0.5,0.026,0.5,0.5,0.508,0.041,0.508,0.515,0.0,0.0,-2.01,-5.57,-0.98,-0.54,0.0,0.0,0.0,0.0,0.0,0.0,0.0,1.0,1.0,-5.4,-4.2,-3.5,-3.8,0.0,0.0,0.0,0.0,0.0,0.0,0.0,0.0,170.0,170.0,170.0,170.0,19.0,16.0,38.0,35.0,15.0,0.0,1.0
157.555,53,221166.0,600.0,96.0,600.0,600.0,0.0,1.0,0.0,0.0,0.5,0.026,0.5,0.5,0.508,0.041,0.508,0.515,0.0,0.0,-2.0,-5.57,-0.98,-0.54,0.0,0.0,0.0,0.0,0.0,0.0,0.0,1.0,1.0,-3.7,-3.7,-3.1,-3.3,0.0,0.0,0.0,0.0,0.0,0.0,0.0,0.0,170.0,170.0,170.0,170.0,19.0,16.0,38.0,35.0,15.0,0.0,0.0
157.588,35,221201.0,600.0,96.0,600.0,600.0,0.0,1.0,0.0,0.0,0.5,0.025,0.5,0.5,0.508,0.04,0.508,0.515,0.0,0.0,-1.98,-5.57,-0.98,-0.54,0.0,0.0,0.0,0.0,0.0,0.0,0.0,1.0,1.0,-3.7,-3.3,-2.7,-2.9,0.0,0.0,0.0,0.0,0.0,0.0,0.0,0.0,170.0,170.0,170.0,170.0,19.0,16.0,38.0,35.0,15.0,0.0,0.0
157.717,100,221301.0,600.0,94.0,600.0,600.0,0.0,1.0,0.0,0.0,0.5,0.025,0.5,0.5,0.508,0.04,0.508,0.515,0.0,0.0,-1.94,-5.57,-0.99,-0.54,0.0,0.0,0.0,0.0,0.0,0.0,0.0,1.0,1.0,-2.9,-2.5,-2.1,-2.3,0.0,0.0,0.0,0.0,0.0,0.0,0.0,0.0,170.0,170.0,170.0,170.0,19.0,16.0,38.0,35.0,15.0,0.0,1.0
157.749,53,221354.0,600.0,94.0,600.0,600.0,0.0,1.0,0.0,0.0,0.5,0.025,0.5,0.5,0.508,0.04,0.508,0.515,0.0,0.0,-1.92,-5.57,-0.99,-0.54,0.0,0.0,0.0,0.0,0.0,0.0,0.0,1.0,1.0,-2.2,-2.0,-1.6,-1.7,0.0,0.0,0.0,0.0,0.0,0.0,0.0,0.0,170.0,170.0,170.0,170.0,19.0,16.0,38.0,35.0,15.0,0.0,1.0
157.784,36,221390.0,600.0,94.0,600.0,600.0,0.0,1.0,0.0,0.0,0.5,0.025,0.5,0.5,0.508,0.039,0.508,0.515,0.0,0.0,-1.91,-5.58,-0.99,-0.54,0.0,0.0,0.0,0.0,0.0,0.0,0.0,1.0,1.0,-1.7,-1.7,-1.4,-1.5,0.0,0.0,0.0,0.0,0.0,0.0,0.0,0.0,170.0,170.0,170.0,170.0,19.0,16.0,38.0,35.0,15.0,0.0,1.0
157.882,99,221489.0,600.0,95.0,600.0,600.0,0.0,1.0,0.0,0.0,0.5,0.025,0.5,0.5,0.508,0.039,0.508,0.515,0.0,0.0,-1.89,-5.58,-0.99,-0.54,0.0,0.0,0.0,0.0,0.0,0.0,0.0,1.0,1.0,-1.5,-1.3,-1.1,-1.2,0.0,0.0,0.0,0.0,0.0,0.0,0.0,0.0,170.0,170.0,170.0,170.0,19.0,16.0,38.0,35.0,15.0,0.0,0.0
157.948,53,221542.0,600.0,95.0,600.0,600.0,0.0,1.0,0.0,0.0,0.5,0.025,0.5,0.5,0.508,0.039,0.508,0.515,0.0,0.0,-1.89,-5.58,-0.99,-0.54,0.0,0.0,0.0,0.0,0.0,0.0,0.0,1.0,1.0,-1.3,-1.3,-1.1,-1.2,0.0,0.0,0.0,0.0,0.0,0.0,0.0,0.0,170.0,170.0,170.0,170.0,19.0,16.0,38.0,35.0,15.0,0.0,0.0
157.981,36,221578.0,600.0,95.0,600.0,600.0,0.0,1.0,0.0,0.0,0.5,0.025,0.5,0.5,0.508,0.039,0.508,0.515,0.0,0.0,-1.88,-5.58,-0.99,-0.54,0.0,0.0,0.0,0.0,0.0,0.0,0.0,1.0,1.0,-1.2,-1.0,-0.9,-0.9,0.0,0.0,0.0,0.0,0.0,0.0,0.0,0.0,170.0,170.0,170.0,170.0,19.0,16.0,38.0,35.0,15.0,0.0,1.0
158.079,100,221678.0,600.0,94.0,600.0,600.0,0.0,1.0,0.0,0.0,0.5,0.025,0.5,0.5,0.508,0.039,0.508,0.515,0.0,0.0,-1.86,-5.59,-0.99,-0.54,0.0,0.0,0.0,0.0,0.0,0.0,0.0,1.0,1.0,-0.9,-0.8,-0.7,-0.7,0.0,0.0,0.0,0.0,0.0,0.0,0.0,0.0,170.0,170.0,170.0,170.0,19.0,16.0,38.0,35.0,15.0,0.0,1.0
158.144,53,221731.0,600.0,94.0,600.0,600.0,0.0,1.0,0.0,0.0,0.5,0.025,0.5,0.5,0.508,0.039,0.508,0.515,0.0,0.0,-1.86,-5.59,-1.0,-0.54,0.0,0.0,0.0,0.0,0.0,0.0,0.0,1.0,1.0,-0.8,-0.7,-0.6,-0.6,0.0,0.0,0.0,0.0,0.0,0.0,0.0,0.0,170.0,170.0,170.0,170.0,19.0,16.0,38.0,35.0,15.0,0.0,0.0
158.175,35,221766.0,600.0,94.0,600.0,600.0,0.0,1.0,0.0,0.0,0.5,0.024,0.5,0.5,0.508,0.039,0.508,0.515,0.0,0.0,-1.86,-5.6,-1.0,-0.54,0.0,0.0,0.0,0.0,0.0,0.0,0.0,1.0,1.0,-0.7,-0.6,-0.5,-0.6,0.0,0.0,0.0,0.0,0.0,0.0,0.0,0.0,170.0,170.0,170.0,170.0,19.0,16.0,38.0,35.0,15.0,0.0,1.0
158.27,96,221862.0,600.0,95.0,600.0,600.0,0.0,1.0,0.0,0.0,0.5,0.024,0.5,0.5,0.508,0.039,0.508,0.515,0.0,0.0,-1.85,-5.6,-0.99,-0.54,0.0,0.0,0.0,0.0,0.0,0.0,0.0,1.0,1.0,-0.5,-0.5,-0.5,-0.5,0.0,0.0,0.0,0.0,0.0,0.0,0.0,0.0,170.0,170.0,170.0,170.0,19.0,16.0,38.0,35.0,15.0,0.0,0.0
158.302,55,221917.0,600.0,95.0,600.0,600.0,0.0,1.0,0.0,0.0,0.5,0.024,0.5,0.5,0.508,0.039,0.508,0.515,0.0,0.0,-1.84,-5.6,-0.99,-0.54,0.0,0.0,0.0,0.0,0.0,0.0,0.0,1.0,1.0,-0.5,-0.4,-0.3,-0.4,0.0,0.0,0.0,0.0,0.0,0.0,0.0,0.0,170.0,170.0,170.0,170.0,19.0,16.0,38.0,35.0,15.0,0.0,0.0
158.366,36,221953.0,600.0,95.0,600.0,600.0,0.0,1.0,0.0,0.0,0.5,0.025,0.5,0.5,0.508,0.039,0.508,0.515,0.0,0.0,-1.84,-5.6,-0.99,-0.54,0.0,0.0,0.0,0.0,0.0,0.0,0.0,1.0,1.0,-0.4,-0.4,-0.3,-0.3,0.0,0.0,0.0,0.0,0.0,0.0,0.0,0.0,170.0,170.0,170.0,170.0,19.0,16.0,38.0,35.0,15.0,0.0,1.0
158.464,97,222050.0,600.0,95.0,600.0,600.0,0.0,1.0,0.0,0.0,0.5,0.025,0.5,0.5,0.508,0.039,0.508,0.515,0.0,0.0,-1.84,-5.6,-0.98,-0.54,0.0,0.0,0.0,0.0,0.0,0.0,0.0,1.0,1.0,-0.3,-0.3,-0.2,-0.2,0.0,0.0,0.0,0.0,0.0,0.0,0.0,0.0,170.0,170.0,170.0,170.0,19.0,16.0,38.0,35.0,15.0,0.0,1.0
158.497,53,222103.0,600.0,95.0,600.0,600.0,0.0,1.0,0.0,0.0,0.5,0.025,0.5,0.5,0.508,0.039,0.508,0.515,0.0,0.0,-1.83,-5.6,-0.99,-0.54,0.0,0.0,0.0,0.0,0.0,0.0,0.0,1.0,1.0,-0.3,-0.2,-0.2,-0.2,0.0,0.0,0.0,0.0,0.0,0.0,0.0,0.0,170.0,170.0,170.0,170.0,19.0,16.0,38.0,35.0,15.0,0.0,0.0
158.529,35,222138.0,600.0,95.0,600.0,600.0,0.0,1.0,0.0,0.0,0.5,0.025,0.5,0.5,0.508,0.039,0.508,0.515,0.0,0.0,-1.83,-5.59,-0.99,-0.54,0.0,0.0,0.0,0.0,0.0,0.0,0.0,1.0,1.0,-0.2,-0.2,-0.2,-0.2,0.0,0.0,0.0,0.0,0.0,0.0,0.0,0.0,170.0,170.0,170.0,170.0,19.0,16.0,38.0,35.0,15.0,0.0,1.0
158.627,100,222238.0,600.0,95.0,600.0,600.0,0.0,1.0,0.0,0.0,0.5,0.025,0.5,0.5,0.508,0.039,0.508,0.515,0.0,0.0,-1.83,-5.59,-0.99,-0.54,0.0,0.0,0.0,0.0,0.0,0.0,0.0,1.0,1.0,-0.2,-0.2,-0.1,-0.1,0.0,0.0,0.0,0.0,0.0,0.0,0.0,0.0,170.0,170.0,170.0,170.0,19.0,16.0,38.0,35.0,15.0,0.0,1.0
158.694,53,222291.0,600.0,95.0,600.0,600.0,0.0,1.0,0.0,0.0,0.5,0.025,0.5,0.5,0.508,0.039,0.508,0.515,0.0,0.0,-1.83,-5.58,-0.99,-0.54,0.0,0.0,0.0,0.0,0.0,0.0,0.0,1.0,1.0,-0.1,-0.1,-0.1,-0.1,0.0,0.0,0.0,0.0,0.0,0.0,0.0,0.0,170.0,170.0,170.0,170.0,19.0,16.0,38.0,35.0,15.0,0.0,0.0
158.727,37,222328.0,600.0,95.0,600.0,600.0,0.0,1.0,0.0,0.0,0.5,0.024,0.5,0.5,0.508,0.039,0.508,0.515,0.0,0.0,-1.83,-5.58,-0.99,-0.54,0.0,0.0,0.0,0.0,0.0,0.0,0.0,1.0,1.0,-0.1,-0.1,-0.1,-0.1,0.0,0.0,0.0,0.0,0.0,0.0,0.0,0.0,170.0,170.0,170.0,170.0,19.0,16.0,38.0,35.0,15.0,0.0,1.0
158.825,97,222425.0,600.0,95.0,600.0,600.0,0.0,1.0,0.0,0.0,0.5,0.024,0.5,0.5,0.508,0.039,0.508,0.515,0.0,0.0,-1.83,-5.59,-0.99,-0.54,0.0,0.0,0.0,0.0,0.0,0.0,0.0,1.0,1.0,-0.1,-0.1,-0.1,-0.1,0.0,0.0,0.0,0.0,0.0,0.0,0.0,0.0,170.0,170.0,170.0,170.0,19.0,16.0,38.0,35.0,15.0,0.0,1.0
158.891,53,222478.0,600.0,95.0,600.0,600.0,0.0,1.0,0.0,0.0,0.5,0.024,0.5,0.5,0.508,0.039,0.508,0.515,0.0,0.0,-1.84,-5.59,-0.98,-0.54,0.0,0.0,0.0,0.0,0.0,0.0,0.0,1.0,1.0,-0.1,-0.1,-0.1,-0.1,0.0,0.0,0.0,0.0,0.0,0.0,0.0,0.0,170.0,170.0,170.0,170.0,19.0,16.0,38.0,35.0,15.0,0.0,1.0
158.922,35,222513.0,600.0,95.0,600.0,600.0,0.0,1.0,0.0,0.0,0.5,0.024,0.5,0.5,0.508,0.039,0.508,0.515,0.0,0.0,-1.83,-5.59,-0.99,-0.54,0.0,0.0,0.0,0.0,0.0,0.0,0.0,1.0,1.0,-0.1,-0.1,-0.0,-0.0,0.0,0.0,0.0,0.0,0.0,0.0,0.0,0.0,170.0,170.0,170.0,170.0,19.0,16.0,38.0,35.0,15.0,0.0,1.0
159.019,96,222609.0,600.0,94.0,600.0,600.0,0.0,1.0,0.0,0.0,0.5,0.024,0.5,0.5,0.508,0.039,0.508,0.515,0.0,0.0,-1.84,-5.59,-0.98,-0.54,0.0,0.0,0.0,0.0,0.0,0.0,0.0,1.0,1.0,-0.1,-0.0,-0.0,-0.0,0.0,0.0,0.0,0.0,0.0,0.0,0.0,0.0,170.0,170.0,170.0,170.0,19.0,16.0,38.0,35.0,15.0,0.0,1.0
159.051,53,222662.0,600.0,94.0,600.0,600.0,0.0,1.0,0.0,0.0,0.5,0.024,0.5,0.5,0.508,0.039,0.508,0.515,0.0,0.0,-1.83,-5.59,-0.99,-0.54,0.0,0.0,0.0,0.0,0.0,0.0,0.0,1.0,1.0,-0.0,-0.0,-0.0,-0.0,0.0,0.0,0.0,0.0,0.0,0.0,0.0,0.0,170.0,170.0,170.0,170.0,19.0,16.0,38.0,35.0,15.0,0.0,0.0
159.083,36,222698.0,600.0,94.0,600.0,600.0,0.0,1.0,0.0,0.0,0.5,0.024,0.5,0.5,0.508,0.039,0.508,0.515,0.0,0.0,-1.83,-5.59,-0.99,-0.54,0.0,0.0,0.0,0.0,0.0,0.0,0.0,1.0,1.0,-0.0,-0.0,-0.0,0.0,0.0,0.0,0.0,0.0,0.0,0.0,0.0,0.0,170.0,170.0,170.0,170.0,19.0,16.0,38.0,35.0,15.0,0.0,1.0
159.215,101,222799.0,600.0,93.0,600.0,600.0,0.0,1.0,0.0,0.0,0.5,0.024,0.5,0.5,0.508,0.039,0.508,0.515,0.0,0.0,-1.83,-5.59,-0.99,-0.54,0.0,0.0,0.0,0.0,0.0,0.0,0.0,1.0,1.0,-0.0,-0.0,-0.0,-0.1,0.0,0.0,0.0,0.0,0.0,0.0,0.0,0.0,170.0,170.0,170.0,170.0,19.0,16.0,38.0,35.0,15.0,0.0,1.0
159.248,53,222852.0,600.0,93.0,600.0,600.0,0.0,1.0,0.0,0.0,0.5,0.024,0.5,0.5,0.508,0.039,0.508,0.515,0.0,0.0,-1.83,-5.59,-0.99,-0.54,0.0,0.0,0.0,0.0,0.0,0.0,0.0,1.0,1.0,-0.0,-0.0,-0.0,-0.1,0.0,0.0,0.0,0.0,0.0,0.0,0.0,0.0,170.0,170.0,170.0,170.0,19.0,16.0,38.0,35.0,15.0,0.0,0.0
159.281,37,222889.0,600.0,93.0,600.0,600.0,0.0,1.0,0.0,0.0,0.5,0.024,0.5,0.5,0.508,0.039,0.508,0.515,0.0,0.0,-1.82,-5.59,-0.99,-0.54,0.0,0.0,0.0,6.0,0.0,0.0,0.0,1.0,1.0,-0.0,-0.0,-0.0,-0.1,1.6,3.2,1.6,3.2,15.0,17.0,16.0,20.0,170.0,170.0,170.0,170.0,19.0,16.0,38.0,35.0,15.0,0.0,1.0
159.379,96,222985.0,600.0,93.0,600.0,600.0,0.0,1.0,0.0,0.0,0.5,0.024,0.5,0.5,0.508,0.039,0.508,0.515,0.0,0.0,-1.82,-5.58,-0.99,-0.54,0.82,0.0,0.0,6.0,0.0,0.0,0.0,1.0,1.0,-0.0,-0.0,-0.0,-0.1,8.0,11.2,8.0,11.2,29.0,28.0,35.0,41.0,170.0,170.0,170.0,170.0,19.0,16.0,38.0,35.0,15.0,0.0,0.0
159.446,54,223039.0,600.0,93.0,600.0,600.0,0.0,1.0,0.0,0.0,0.5,0.024,0.5,0.5,0.508,0.039,0.508,0.515,0.0,0.0,-1.82,-5.58,-0.99,-0.54,1.6,0.0,0.0,6.0,0.0,0.0,0.0,1.0,1.0,-0.0,-0.0,-0.0,-0.0,11.7,14.9,11.7,14.9,37.0,33.0,46.0,51.0,170.0,170.0,170.0,170.0,19.0,16.0,38.0,35.0,15.0,0.0,1.0
159.479,36,223075.0,600.0,93.0,600.0,600.0,0.0,1.0,0.0,0.0,0.5,0.024,0.5,0.5,0.508,0.038,0.508,0.515,0.0,0.0,-1.82,-5.58,-0.99,-0.54,1.6,0.0,0.0,6.0,0.0,0.0,0.0,1.0,1.0,-0.0,-0.0,-0.1,0.2,14.4,17.6,14.4,17.6,43.0,37.0,53.0,58.0,170.0,170.0,170.0,170.0,19.0,16.0,38.0,35.0,15.0,0.0,1.0
159.582,98,223173.0,600.0,94.0,600.0,600.0,0.0,1.0,0.0,0.0,0.5,0.024,0.5,0.5,0.508,0.038,0.508,0.515,0.0,0.0,-1.82,-5.58,-0.99,-0.54,1.63,0.0,0.0,6.0,0.0,0.0,0.0,1.0,1.0,0.1,-0.0,-0.5,0.2,21.7,24.7,21.7,24.7,58.0,47.0,74.0,76.0,170.0,170.0,170.0,170.0,19.0,16.0,38.0,35.0,15.0,0.0,0.0
159.615,53,223226.0,600.0,94.0,600.0,600.0,0.0,1.0,0.0,0.0,0.5,0.024,0.5,0.5,0.508,0.038,0.508,0.515,0.0,0.0,-1.81,-5.59,-0.98,-0.54,1.53,0.0,0.0,6.0,0.0,0.0,0.0,1.0,1.0,0.0,0.0,-0.4,0.7,25.5,28.4,25.5,28.4,66.0,53.0,85.0,85.0,170.0,170.0,170.0,170.0,19.0,16.0,38.0,35.0,15.0,0.0,0.0
159.649,37,223263.0,600.0,94.0,600.0,600.0,0.0,1.0,0.0,0.0,0.5,0.024,0.5,0.5,0.508,0.038,0.508,0.515,0.0,0.0,-1.8,-5.58,-0.99,-0.54,1.48,0.0,0.0,6.0,0.0,0.0,0.0,1.0,1.0,0.0,0.1,-0.4,1.0,25.8,28.5,25.8,28.5,67.0,53.0,86.0,85.0,170.0,170.0,170.0,170.0,19.0,16.0,38.0,35.0,15.0,0.0,1.0
159.78,99,223362.0,600.0,93.0,600.0,600.0,0.0,1.0,0.0,0.0,0.5,0.024,0.5,0.5,0.508,0.038,0.508,0.515,0.0,0.0,-1.82,-5.58,-0.96,-0.54,1.42,0.0,0.0,6.0,0.0,0.0,0.0,1.0,1.0,0.9,0.8,1.5,4.1,25.1,29.1,25.1,29.1,66.0,54.0,84.0,87.0,170.0,170.0,170.0,170.0,19.0,16.0,38.0,35.0,15.0,0.0,1.0
159.812,55,223417.0,600.0,93.0,600.0,600.0,0.0,1.0,0.0,0.0,0.5,0.024,0.5,0.5,0.508,0.038,0.508,0.515,0.0,0.0,-1.94,-5.63,-0.85,-0.54,2.03,0.0,0.0,6.0,0.0,0.0,0.0,1.0,1.0,2.3,7.3,0.2,9.9,26.3,27.9,26.3,27.9,68.0,52.0,88.0,84.0,170.0,170.0,170.0,170.0,31.0,12.0,50.0,29.0,15.0,0.0,0.0
159.843,36,223453.0,600.0,93.0,600.0,600.0,0.0,1.0,0.0,0.0,0.5,0.024,0.5,0.5,0.508,0.038,0.508,0.515,0.0,0.0,-1.82,-5.57,-0.89,-0.54,0.78,0.0,0.0,6.0,0.0,0.0,0.0,1.0,1.0,2.4,8.6,1.3,12.5,27.2,27.0,27.2,27.0,70.0,51.0,90.0,82.0,170.0,170.0,170.0,170.0,31.0,12.0,50.0,29.0,15.0,0.0,0.0
159.939,99,223552.0,600.0,94.0,600.0,600.0,0.0,1.0,0.0,0.0,0.5,0.024,0.5,0.5,0.508,0.038,0.508,0.515,0.0,0.0,-1.58,-5.6,-0.3,-0.54,-0.72,0.0,0.0,6.0,0.0,0.0,0.0,1.0,1.0,11.1,15.0,3.1,13.2,29.7,24.6,29.7,24.6,75.0,48.0,97.0,80.0,170.0,170.0,170.0,170.0,31.0,12.0,50.0,29.0,15.0,0.0,0.0
160.005,56,223608.0,600.0,94.0,600.0,600.0,0.0,1.0,0.0,0.0,0.5,0.024,0.5,0.5,0.508,0.038,0.508,0.515,0.0,0.0,-1.69,-5.61,-0.37,-0.54,-2.56,0.0,0.0,6.0,0.0,0.0,0.0,1.0,1.0,13.1,17.1,5.3,13.3,28.8,25.4,28.8,25.4,79.0,52.0,95.0,88.0,170.0,170.0,170.0,170.0,31.0,12.0,50.0,29.0,15.0,0.0,1.0
160.037,36,223644.0,600.0,94.0,600.0,600.0,0.0,1.0,0.0,0.0,0.5,0.024,0.5,0.5,0.508,0.038,0.508,0.515,0.0,0.0,-1.87,-5.61,-0.44,-0.54,-1.68,0.0,0.0,6.0,0.0,0.0,0.0,1.0,1.0,15.1,18.9,8.6,13.4,28.0,26.3,28.0,26.3,80.0,55.0,92.0,94.0,170.0,170.0,170.0,170.0,31.0,12.0,50.0,29.0,15.0,0.0,1.0
160.131,100,223744.0,600.0,94.0,600.0,600.0,0.0,1.0,0.0,0.0,0.5,0.024,0.5,0.5,0.508,0.038,0.508,0.515,0.0,0.0,-1.89,-5.74,-0.64,-0.54,-0.18,0.0,0.0,6.0,0.0,0.0,0.0,1.0,1.0,20.3,24.8,23.8,17.3,25.7,28.6,25.7,28.6,80.0,61.0,86.0,109.0,170.0,170.0,170.0,170.0,31.0,12.0,50.0,29.0,15.0,0.0,0.0
160.195,54,223798.0,600.0,94.0,600.0,600.0,0.0,1.0,0.0,0.0,0.5,0.024,0.5,0.5,0.508,0.038,0.508,0.515,0.0,0.0,-1.9,-5.64,-0.77,-0.54,1.45,0.0,0.0,6.0,0.0,0.0,0.0,1.0,1.0,20.3,26.4,30.8,18.5,25.7,28.5,25.7,28.5,81.0,62.0,79.0,113.0,170.0,170.0,170.0,170.0,31.0,12.0,50.0,29.0,15.0,0.0,1.0
160.226,36,223834.0,600.0,94.0,600.0,600.0,0.0,1.0,0.0,0.0,0.5,0.024,0.5,0.5,0.508,0.039,0.508,0.515,0.0,0.0,-2.04,-5.62,-0.78,-0.54,1.38,0.0,0.0,6.0,0.0,0.0,0.0,1.0,1.0,21.9,27.6,35.3,19.7,26.6,27.7,26.6,27.7,83.0,60.0,80.0,112.0,170.0,170.0,170.0,170.0,31.0,12.0,50.0,29.0,15.0,0.0,1.0
160.322,98,223932.0,600.0,94.0,600.0,600.0,0.0,1.0,0.0,0.0,0.5,0.024,0.5,0.5,0.508,0.039,0.508,0.515,0.0,0.0,-2.09,-5.7,-0.79,-0.54,0.17,0.0,0.0,6.0,0.0,0.0,0.0,1.0,1.0,24.2,31.4,38.0,26.3,28.9,25.4,28.9,25.4,89.0,52.0,87.0,106.0,170.0,170.0,170.0,170.0,41.0,22.0,67.0,15.0,15.0,0.0,1.0
160.396,53,223985.0,600.0,94.0,600.0,600.0,0.0,1.0,0.0,0.0,0.5,0.024,0.5,0.5,0.508,0.039,0.508,0.515,0.0,0.0,-1.92,-5.57,-0.4,-0.54,-1.75,0.0,0.0,6.0,0.0,0.0,0.0,1.0,1.0,28.2,31.4,38.7,28.7,29.3,24.9,29.3,24.9,89.0,47.0,88.0,102.0,170.0,170.0,170.0,170.0,41.0,22.0,67.0,15.0,15.0,0.0,0.0
160.429,55,224040.0,600.0,94.0,600.0,600.0,0.0,1.0,0.0,0.0,0.5,0.024,0.5,0.5,0.508,0.039,0.508,0.515,0.0,0.0,-2.2,-5.52,-0.32,-0.54,-2.2,0.0,0.0,6.0,0.0,0.0,0.0,1.0,1.0,32.4,33.6,38.0,29.6,30.1,24.1,30.1,24.1,89.0,42.0,91.0,98.0,170.0,170.0,170.0,170.0,41.0,22.0,67.0,15.0,15.0,0.0,0.0
160.495,53,224093.0,600.0,94.0,600.0,600.0,0.0,1.0,0.0,0.0,0.5,0.024,0.5,0.5,0.508,0.039,0.508,0.515,0.0,0.0,-2.24,-5.66,-0.12,-0.54,-2.98,0.0,0.0,6.0,0.0,0.0,0.0,1.0,1.0,34.7,34.5,37.5,31.6,30.3,24.0,30.3,24.0,87.0,41.0,91.0,93.0,170.0,170.0,170.0,170.0,41.0,22.0,67.0,15.0,15.0,0.0,0.0
160.56,53,224146.0,600.0,97.0,600.0,600.0,0.0,1.0,0.0,0.0,0.5,0.024,0.5,0.5,0.508,0.039,0.508,0.515,0.0,0.0,-1.98,-5.58,-0.07,-0.54,-3.16,0.0,0.0,6.0,0.0,0.0,0.0,1.0,1.0,35.8,35.5,35.4,32.3,31.1,23.2,31.1,23.2,87.0,40.0,94.0,87.0,170.0,170.0,170.0,170.0,41.0,22.0,67.0,15.0,15.0,0.0,0.0
160.594,53,224199.0,600.0,97.0,600.0,600.0,0.0,1.0,0.0,0.0,0.5,0.024,0.5,0.5,0.508,0.039,0.508,0.515,0.0,0.0,-2.22,-5.55,0.06,-0.54,-3.96,0.0,0.0,6.0,0.0,0.0,0.0,1.0,1.0,35.8,36.0,34.2,34.4,31.3,23.0,31.3,23.0,85.0,39.0,94.0,81.0,170.0,170.0,170.0,170.0,41.0,22.0,67.0,15.0,15.0,0.0,1.0
160.659,53,224252.0,600.0,97.0,600.0,706.0,0.0,1.0,0.0,0.0,0.5,0.025,0.5,0.543,0.508,0.039,0.508,0.551,0.0,0.0,-2.47,-5.68,0.22,-0.54,-4.14,0.0,0.0,6.0,0.0,0.0,0.0,1.0,1.0,37.7,36.1,31.1,35.7,30.2,24.0,30.2,24.0,79.0,41.0,91.0,79.0,170.0,170.0,170.0,170.0,41.0,22.0,67.0,15.0,15.0,0.0,0.0
160.692,53,224305.0,600.0,97.0,600.0,706.0,0.0,1.0,0.0,0.0,0.5,0.025,0.5,0.543,0.508,0.039,0.508,0.551,0.0,0.0,-2.22,-5.61,0.08,-0.54,-3.1,0.0,0.0,6.0,0.0,0.0,0.0,1.0,1.0,37.7,36.1,31.1,35.7,30.2,25.4,28.8,25.4,73.0,43.0,87.0,79.0,170.0,170.0,170.0,170.0,41.0,22.0,67.0,15.0,15.0,0.0,1.0
160.758,53,224358.0,600.0,100.0,600.0,706.0,0.0,1.0,0.0,0.0,0.5,0.025,0.5,0.543,0.508,0.039,0.508,0.551,0.0,0.0,-2.35,-5.56,-0.16,-0.54,-1.72,0.0,0.0,6.0,0.0,0.0,0.0,1.0,1.0,34.0,36.0,29.1,32.9,27.6,26.7,27.6,26.7,68.0,46.0,83.0,83.0,170.0,170.0,170.0,170.0,41.0,22.0,67.0,15.0,15.0,0.0,0.0
160.827,54,224412.0,600.0,100.0,600.0,706.0,0.0,1.0,0.0,0.0,0.5,0.025,0.5,0.543,0.508,0.039,0.508,0.551,0.0,0.0,-2.62,-5.58,-0.42,-0.54,-0.45,0.0,0.0,6.0,0.0,0.0,0.0,1.0,1.0,31.5,38.4,28.3,26.5,26.2,28.0,26.2,28.0,65.0,47.0,79.0,89.0,170.0,170.0,170.0,170.0,13.0,22.0,31.0,9.0,15.0,0.0,0.0
160.86,55,224467.0,600.0,100.0,600.0,706.0,0.0,1.0,0.0,0.0,0.5,0.026,0.5,0.563,0.509,0.04,0.509,0.574,0.0,0.0,-2.57,-5.68,-1.09,-0.54,0.93,0.0,0.0,6.0,0.0,0.0,0.0,1.0,1.0,31.8,40.0,26.5,23.3,24.8,29.4,24.8,29.4,59.0,49.0,75.0,96.0,170.0,170.0,170.0,170.0,13.0,22.0,31.0,9.0,15.0,0.0,0.0
160.926,53,224520.0,600.0,100.0,600.0,706.0,0.0,1.0,0.0,0.0,0.5,0.026,0.5,0.563,0.509,0.04,0.509,0.574,0.0,0.0,-2.32,-5.57,-4.44,-0.54,2.28,0.0,0.0,6.0,0.0,0.0,0.0,1.0,1.0,31.8,40.0,26.5,23.3,24.8,29.4,24.8,30.7,56.0,51.0,70.0,105.0,170.0,170.0,170.0,170.0,13.0,22.0,31.0,9.0,15.0,0.0,0.0
160.992,54,224574.0,600.0,98.0,600.0,706.0,0.0,1.0,0.0,0.0,0.5,0.026,0.5,0.563,0.509,0.04,0.509,0.574,0.0,0.0,-1.91,-5.65,-11.25,-0.54,3.63,0.0,0.0,6.0,0.0,0.0,0.0,1.0,1.0,31.8,42.8,35.2,22.3,22.2,32.1,22.2,32.1,53.0,53.0,65.0,113.0,170.0,170.0,170.0,170.0,13.0,22.0,31.0,9.0,15.0,0.0,0.0
161.024,53,224627.0,600.0,98.0,600.0,706.0,0.0,1.0,0.0,0.0,0.5,0.026,0.5,0.563,0.509,0.04,0.509,0.574,0.0,0.0,-2.08,-5.71,-12.02,-0.54,4.95,0.0,0.0,6.0,0.0,0.0,0.0,1.0,1.0,31.3,41.8,40.1,23.0,20.8,33.4,20.8,33.4,49.0,56.0,59.0,121.0,170.0,170.0,170.0,170.0,13.0,22.0,31.0,9.0,15.0,0.0,0.0
161.087,53,224680.0,600.0,98.0,600.0,706.0,0.0,1.0,0.0,0.0,0.5,0.026,0.5,0.573,0.509,0.041,0.509,0.586,0.0,0.0,-1.49,-5.72,-12.32,-0.54,6.3,0.0,0.0,6.0,0.0,0.0,0.0,1.0,1.0,29.7,39.0,43.7,22.6,19.5,34.7,19.5,34.7,47.0,58.0,55.0,129.0,170.0,170.0,170.0,170.0,13.0,22.0,31.0,9.0,15.0,0.0,0.0
161.119,54,224734.0,600.0,98.0,600.0,706.0,0.0,1.0,0.0,0.0,0.5,0.026,0.5,0.573,0.509,0.041,0.509,0.586,0.0,0.0,-1.66,-5.68,-12.14,-0.54,7.58,0.0,0.0,6.0,0.0,0.0,0.0,1.0,1.0,29.7,37.7,44.0,23.3,18.1,36.1,18.1,36.1,44.0,61.0,50.0,139.0,170.0,170.0,170.0,170.0,13.0,22.0,31.0,9.0,15.0,0.0,0.0
161.187,53,224787.0,600.0,98.0,600.0,706.0,0.0,1.0,0.0,0.0,0.5,0.026,0.5,0.573,0.509,0.041,0.509,0.586,0.0,0.0,-1.85,-5.76,-11.66,-0.54,9.0,0.0,0.0,6.0,0.0,0.0,0.0,1.0,1.0,27.1,36.6,42.7,22.7,16.8,37.4,16.8,37.4,41.0,66.0,46.0,149.0,170.0,170.0,170.0,170.0,13.0,22.0,31.0,9.0,15.0,0.0,0.0
161.253,53,224840.0,600.0,98.0,600.0,706.0,0.0,1.0,0.0,0.0,0.5,0.026,0.5,0.573,0.509,0.041,0.509,0.586,0.0,0.0,-2.04,-5.73,-11.41,-0.54,10.28,0.0,0.0,6.0,0.0,0.0,0.0,1.0,1.0,26.4,34.3,41.2,26.2,15.5,38.7,15.5,38.7,38.0,69.0,43.0,157.0,170.0,170.0,170.0,170.0,13.0,22.0,31.0,9.0,15.0,0.0,1.0
161.285,54,224894.0,600.0,98.0,600.0,706.0,0.0,1.0,0.0,0.0,0.5,0.026,0.5,0.577,0.509,0.041,0.509,0.591,0.0,0.0,-2.03,-5.63,-11.05,-0.54,11.6,0.0,0.0,6.0,0.0,0.0,0.0,1.0,1.0,24.2,30.9,42.2,28.2,14.1,40.1,14.1,40.1,35.0,76.0,38.0,166.0,170.0,170.0,170.0,170.0,13.0,22.0,31.0,9.0,15.0,0.0,0.0
161.349,53,224947.0,600.0,98.0,600.0,706.0,0.0,1.0,0.0,0.0,0.5,0.026,0.5,0.577,0.509,0.041,0.509,0.591,0.0,0.0,-2.05,-5.56,-10.54,-0.54,13.0,0.0,0.0,6.0,0.0,0.0,0.0,1.0,1.0,24.2,28.1,41.0,32.5,14.1,40.1,14.1,40.1,36.0,81.0,38.0,168.0,170.0,170.0,170.0,170.0,29.0,17.0,19.0,67.0,15.0,0.0,0.0
161.386,52,224999.0,600.0,101.0,600.0,706.0,0.0,1.0,0.0,0.0,0.5,0.026,0.5,0.577,0.509,0.041,0.509,0.591,0.0,0.0,-1.98,-5.66,-8.44,-0.54,13.0,0.0,0.0,6.0,0.0,0.0,0.0,1.0,1.0,22.4,28.1,41.0,32.5,14.1,40.1,14.1,40.1,39.0,86.0,43.0,162.0,170.0,170.0,170.0,170.0,29.0,17.0,19.0,67.0,15.0,0.0,0.0
161.451,37,225036.0,600.0,101.0,600.0,706.0,0.0,1.0,0.0,0.0,0.5,0.026,0.5,0.577,0.509,0.041,0.509,0.591,0.0,0.0,-2.4,-5.63,-5.15,-0.54,11.55,0.0,0.0,6.0,0.0,0.0,0.0,1.0,1.0,20.5,22.2,38.4,44.0,16.4,37.8,16.4,37.8,42.0,89.0,46.0,156.0,170.0,170.0,170.0,170.0,29.0,17.0,19.0,67.0,15.0,0.0,1.0
161.548,98,225134.0,600.0,101.0,600.0,706.0,0.0,1.0,0.0,0.0,0.5,0.027,0.5,0.579,0.509,0.041,0.509,0.593,0.0,0.0,-2.27,-5.71,-4.5,-0.54,10.07,0.0,0.0,6.0,0.0,0.0,0.0,1.0,1.0,18.4,17.6,42.6,54.1,18.9,35.3,18.9,35.3,52.0,101.0,53.0,134.0,170.0,170.0,170.0,170.0,29.0,17.0,19.0,67.0,15.0,0.0,1.0
161.58,53,225187.0,600.0,108.0,600.0,706.0,0.0,1.0,0.0,0.0,0.5,0.027,0.5,0.579,0.509,0.041,0.509,0.593,0.0,0.0,-2.68,-5.54,-1.32,-0.54,8.22,0.0,0.0,6.0,0.0,0.0,0.0,1.0,1.0,17.7,16.2,51.7,53.8,20.2,34.0,20.2,34.0,55.0,106.0,55.0,122.0,170.0,170.0,170.0,170.0,29.0,17.0,19.0,67.0,15.0,0.0,0.0
161.612,35,225222.0,600.0,108.0,600.0,706.0,0.0,1.0,0.0,0.0,0.5,0.027,0.5,0.579,0.509,0.041,0.509,0.593,0.0,0.0,-2.7,-5.67,0.24,-0.54,6.9,0.0,0.0,6.0,0.0,0.0,0.0,1.0,1.0,17.7,15.3,55.0,48.9,21.1,33.1,21.1,33.1,57.0,110.0,57.0,116.0,170.0,170.0,170.0,170.0,29.0,17.0,19.0,67.0,15.0,0.0,1.0
161.742,101,225323.0,600.0,108.0,600.0,600.0,0.0,1.0,0.0,0.0,0.5,0.029,0.5,0.536,0.508,0.044,0.508,0.558,0.0,0.0,-2.8,-5.61,3.7,-0.54,5.37,0.0,0.0,6.0,0.0,0.0,0.0,1.0,1.0,17.4,13.5,52.9,49.6,22.5,31.7,22.5,31.7,61.0,121.0,66.0,94.0,170.0,170.0,170.0,170.0,29.0,17.0,19.0,67.0,15.0,0.0,1.0
161.775,53,225376.0,600.0,113.0,600.0,600.0,0.0,1.0,0.0,0.0,0.5,0.029,0.5,0.536,0.508,0.044,0.508,0.558,0.0,0.0,-2.87,-5.55,6.87,-0.54,3.47,0.0,0.0,6.0,0.0,0.0,0.0,1.0,1.0,18.1,11.9,50.3,50.7,24.9,29.3,24.9,29.3,71.0,126.0,70.0,81.0,170.0,170.0,170.0,170.0,29.0,17.0,19.0,67.0,15.0,0.0,0.0
161.841,54,225430.0,600.0,113.0,600.0,600.0,0.0,1.0,0.0,0.0,0.5,0.029,0.5,0.536,0.508,0.044,0.508,0.558,0.0,0.0,-2.78,-5.55,7.22,-0.54,2.17,0.0,0.0,6.0,0.0,0.0,0.0,1.0,1.0,18.8,12.6,48.7,52.4,26.3,27.9,26.3,27.9,77.0,130.0,74.0,77.0,170.0,170.0,170.0,170.0,24.0,11.0,8.0,12.0,15.0,0.0,1.0
161.874,53,225483.0,600.0,113.0,600.0,600.0,0.0,1.0,0.0,0.0,0.5,0.032,0.5,0.517,0.508,0.046,0.508,0.535,0.0,0.0,-2.91,-5.52,8.41,-0.54,0.82,0.0,0.0,6.0,0.0,0.0,0.0,1.0,1.0,19.8,16.2,44.9,54.2,27.6,26.6,27.6,26.6,83.0,132.0,79.0,72.0,170.0,170.0,170.0,170.0,24.0,11.0,8.0,12.0,15.0,0.0,1.0
161.939,53,225536.0,600.0,113.0,600.0,600.0,0.0,1.0,0.0,0.0,0.5,0.032,0.5,0.517,0.508,0.046,0.508,0.535,0.0,0.0,-3.22,-5.39,10.45,-0.54,-0.48,0.0,0.0,6.0,0.0,0.0,0.0,1.0,1.0,22.0,18.4,42.7,56.9,29.0,25.3,29.0,25.3,89.0,132.0,84.0,68.0,170.0,170.0,170.0,170.0,24.0,11.0,8.0,12.0,15.0,0.0,0.0
162.005,52,225588.0,600.0,120.0,600.0,600.0,0.0,1.0,0.0,0.0,0.5,0.032,0.5,0.517,0.508,0.046,0.508,0.535,0.0,0.0,-3.33,-5.35,10.84,-0.54,-1.85,0.0,0.0,6.0,0.0,0.0,0.0,1.0,1.0,23.2,20.8,37.1,57.8,30.3,24.0,30.3,24.0,95.0,130.0,90.0,64.0,170.0,170.0,170.0,170.0,24.0,11.0,8.0,12.0,15.0,0.0,0.0
162.038,54,225642.0,600.0,120.0,600.0,600.0,0.0,1.0,0.0,0.0,0.5,0.032,0.5,0.517,0.508,0.046,0.508,0.535,0.0,0.0,-3.63,-5.58,11.6,-0.54,-3.15,0.0,0.0,6.0,0.0,0.0,0.0,1.0,1.0,23.2,20.8,37.1,57.8,30.3,24.0,30.3,22.6,100.0,126.0,93.0,60.0,170.0,170.0,170.0,170.0,24.0,11.0,8.0,12.0,15.0,0.0,0.0
162.11,55,225697.0,600.0,120.0,600.0,600.0,0.0,1.0,0.0,0.0,0.5,0.036,0.5,0.508,0.508,0.05,0.508,0.524,0.0,0.0,-3.33,-5.23,12.38,-0.54,-4.5,0.0,0.0,6.0,0.0,0.0,0.0,1.0,1.0,27.0,27.6,39.6,57.6,32.9,21.3,32.9,21.3,105.0,120.0,97.0,56.0,170.0,170.0,170.0,170.0,24.0,11.0,8.0,12.0,15.0,0.0,1.0
162.142,53,225750.0,600.0,120.0,600.0,600.0,0.0,1.0,0.0,0.0,0.5,0.036,0.5,0.508,0.508,0.05,0.508,0.524,0.0,0.0,-3.38,-5.39,12.44,-0.54,-5.83,0.0,0.0,6.0,0.0,0.0,0.0,1.0,1.0,29.0,30.2,46.7,53.9,34.3,19.9,34.3,19.9,110.0,113.0,95.0,54.0,170.0,170.0,170.0,170.0,24.0,11.0,8.0,12.0,15.0,0.0,1.0
162.206,53,225803.0,600.0,126.0,600.0,600.0,0.0,1.0,0.0,0.0,0.5,0.036,0.5,0.508,0.508,0.05,0.508,0.524,0.0,0.0,-3.49,-5.67,12.96,-0.54,-7.18,0.0,0.0,6.0,0.0,0.0,0.0,1.0,1.0,31.7,33.6,47.1,52.1,35.6,18.6,35.6,18.6,114.0,104.0,94.0,50.0,170.0,170.0,170.0,170.0,24.0,11.0,8.0,12.0,15.0,0.0,0.0
162.238,35,225838.0,600.0,126.0,600.0,600.0,0.0,1.0,0.0,0.0,0.5,0.036,0.5,0.508,0.508,0.05,0.508,0.524,0.0,0.0,-3.15,-5.36,12.58,-0.54,-8.48,0.0,0.0,6.0,0.0,0.0,0.0,1.0,1.0,33.6,36.1,50.8,51.0,36.5,17.8,36.5,17.8,117.0,97.0,92.0,48.0,170.0,170.0,170.0,170.0,24.0,11.0,8.0,12.0,15.0,0.0,1.0
162.336,99,225937.0,600.0,126.0,600.0,600.0,0.0,1.0,0.0,0.0,0.5,0.039,0.5,0.504,0.508,0.053,0.508,0.519,0.0,0.0,-3.29,-5.45,12.46,-0.54,-10.0,0.0,0.0,6.0,0.0,0.0,0.0,1.0,1.0,37.7,42.8,46.2,50.5,39.0,15.2,39.0,15.2,123.0,70.0,95.0,41.0,170.0,170.0,170.0,170.0,13.0,23.0,52.0,34.0,15.0,0.0,1.0
162.402,53,225990.0,600.0,129.0,600.0,600.0,0.0,1.0,0.0,0.0,0.5,0.039,0.5,0.504,0.508,0.053,0.508,0.519,0.0,0.0,-3.36,-5.37,12.16,-0.54,-11.88,0.0,0.0,6.0,0.0,0.0,0.0,1.0,1.0,39.2,44.4,43.7,48.8,40.1,14.1,40.1,14.1,125.0,55.0,98.0,38.0,170.0,170.0,170.0,170.0,13.0,23.0,52.0,34.0,15.0,0.0,1.0
162.435,54,226044.0,600.0,129.0,600.0,600.0,0.0,1.0,0.0,0.0,0.5,0.039,0.5,0.504,0.508,0.053,0.508,0.519,0.0,0.0,-3.1,-5.46,11.93,-0.54,-13.0,0.0,0.0,6.0,0.0,0.0,0.0,1.0,1.0,39.2,44.4,43.7,48.8,40.1,14.1,40.1,14.1,125.0,55.0,98.0,39.0,170.0,170.0,170.0,170.0,13.0,23.0,52.0,34.0,15.0,0.0,1.0
162.498,55,226099.0,600.0,129.0,600.0,600.0,0.0,1.0,0.0,0.0,0.5,0.042,0.5,0.502,0.508,0.056,0.508,0.517,0.0,0.0,-3.17,-5.3,10.62,-0.54,-13.0,0.0,0.0,6.0,0.0,0.0,0.0,1.0,1.0,43.8,46.0,37.3,45.9,40.1,14.1,40.1,14.1,122.0,28.0,100.0,39.0,170.0,170.0,170.0,170.0,13.0,23.0,52.0,34.0,15.0,0.0,0.0
162.562,53,226152.0,600.0,129.0,600.0,600.0,0.0,1.0,0.0,0.0,0.5,0.042,0.5,0.502,0.508,0.056,0.508,0.517,0.0,0.0,-3.22,-5.38,10.38,-0.54,-13.0,0.0,0.0,6.0,0.0,0.0,0.0,1.0,1.0,43.8,46.0,36.1,44.5,40.1,14.1,40.1,14.1,118.0,27.0,102.0,39.0,170.0,170.0,170.0,170.0,13.0,23.0,52.0,34.0,15.0,0.0,0.0
162.593,53,226205.0,600.0,128.0,600.0,600.0,0.0,1.0,0.0,0.0,0.5,0.042,0.5,0.502,0.508,0.056,0.508,0.517,0.0,0.0,-3.17,-5.64,9.99,-0.54,-13.0,0.0,0.0,6.0,0.0,0.0,0.0,1.0,1.0,47.5,47.2,34.2,42.5,40.1,14.1,40.1,14.1,115.0,27.0,105.0,40.0,170.0,170.0,170.0,170.0,13.0,23.0,52.0,34.0,15.0,0.0,0.0
162.659,53,226258.0,600.0,128.0,600.0,600.0,0.0,1.0,0.0,0.0,0.5,0.042,0.5,0.502,0.508,0.056,0.508,0.517,0.0,0.0,-2.99,-5.64,8.19,-0.54,-13.0,0.0,0.0,6.0,0.0,0.0,0.0,1.0,1.0,48.5,47.7,30.7,38.8,40.1,14.1,40.1,14.1,111.0,27.0,110.0,41.0,170.0,170.0,170.0,170.0,13.0,23.0,52.0,34.0,15.0,0.0,0.0
162.725,53,226311.0,600.0,128.0,600.0,547.0,0.0,1.0,0.0,0.0,0.5,0.043,0.5,0.476,0.508,0.057,0.508,0.495,0.0,0.0,-2.92,-5.67,7.67,-0.54,-13.0,0.0,0.0,6.0,0.0,0.0,0.0,1.0,1.0,48.5,48.0,27.6,34.7,38.8,15.4,38.8,15.4,104.0,29.0,112.0,46.0,170.0,170.0,170.0,170.0,13.0,23.0,52.0,34.0,15.0,0.0,1.0
162.757,53,226364.0,600.0,128.0,600.0,547.0,0.0,1.0,0.0,0.0,0.5,0.043,0.5,0.476,0.508,0.057,0.508,0.495,0.0,0.0,-2.91,-5.62,6.46,-0.54,-11.7,0.0,0.0,6.0,0.0,0.0,0.0,1.0,1.0,48.5,48.0,27.6,34.7,38.8,15.4,38.8,15.4,104.0,29.0,114.0,50.0,170.0,170.0,170.0,170.0,13.0,23.0,52.0,34.0,15.0,0.0,1.0
162.823,54,226418.0,600.0,128.0,600.0,547.0,0.0,1.0,0.0,0.0,0.5,0.043,0.5,0.476,0.508,0.057,0.508,0.495,0.0,0.0,-2.67,-5.79,3.89,-0.54,-10.32,0.0,0.0,6.0,0.0,0.0,0.0,1.0,1.0,45.0,48.3,21.3,28.1,36.1,18.1,36.1,18.1,91.0,34.0,117.0,55.0,170.0,170.0,170.0,170.0,13.0,23.0,52.0,34.0,15.0,0.0,0.0
162.89,53,226471.0,600.0,128.0,600.0,547.0,0.0,1.0,0.0,0.0,0.5,0.043,0.5,0.476,0.508,0.057,0.508,0.495,0.0,0.0,-2.73,-5.78,3.28,-0.54,-9.02,0.0,0.0,6.0,0.0,0.0,0.0,1.0,1.0,43.7,47.7,18.7,25.6,34.8,19.4,34.8,19.4,84.0,36.0,120.0,59.0,170.0,170.0,170.0,170.0,43.0,5.0,54.0,44.0,15.0,0.0,1.0
162.923,54,226525.0,600.0,128.0,600.0,482.0,0.0,1.0,0.0,0.0,0.5,0.043,0.5,0.431,0.507,0.058,0.507,0.453,0.0,0.0,-2.57,-5.65,1.97,-0.54,-7.67,0.0,0.0,6.0,0.0,0.0,0.0,1.0,1.0,42.3,46.5,16.6,23.0,33.5,20.8,33.5,20.8,78.0,39.0,124.0,64.0,170.0,170.0,170.0,170.0,43.0,5.0,54.0,44.0,15.0,0.0,0.0
162.989,54,226579.0,600.0,128.0,600.0,482.0,0.0,1.0,0.0,0.0,0.5,0.043,0.5,0.431,0.507,0.058,0.507,0.453,0.0,0.0,-2.45,-5.85,-0.47,-0.54,-6.35,0.0,0.0,6.0,0.0,0.0,0.0,1.0,1.0,42.4,46.1,14.9,23.4,32.1,22.1,32.1,22.1,74.0,41.0,127.0,67.0,170.0,170.0,170.0,170.0,43.0,5.0,54.0,44.0,15.0,0.0,0.0
163.022,53,226632.0,600.0,130.0,600.0,482.0,0.0,1.0,0.0,0.0,0.5,0.043,0.5,0.431,0.507,0.058,0.507,0.453,0.0,0.0,-2.48,-5.79,-1.03,-0.54,-4.97,0.0,0.0,6.0,0.0,0.0,0.0,1.0,1.0,42.4,45.3,13.2,20.9,30.7,23.5,30.7,23.5,71.0,44.0,131.0,73.0,170.0,170.0,170.0,170.0,43.0,5.0,54.0,44.0,15.0,0.0,1.0
163.102,53,226685.0,600.0,130.0,600.0,482.0,0.0,1.0,0.0,0.0,0.5,0.043,0.5,0.431,0.507,0.058,0.507,0.453,0.0,0.0,-2.42,-5.66,-2.17,-0.54,-3.6,0.0,0.0,6.0,0.0,0.0,0.0,1.0,1.0,41.7,45.3,13.2,20.9,29.4,24.8,29.4,24.8,68.0,46.0,135.0,78.0,170.0,170.0,170.0,170.0,43.0,5.0,54.0,44.0,15.0,0.0,0.0
163.142,53,226738.0,600.0,130.0,600.0,443.0,0.0,1.0,0.0,0.0,0.5,0.044,0.5,0.389,0.506,0.058,0.506,0.41,0.0,0.0,-2.2,-5.81,-3.96,-0.54,-2.32,0.0,0.0,6.0,0.0,0.0,0.0,1.0,1.0,41.9,47.6,10.3,21.3,28.1,26.2,28.1,26.2,65.0,48.0,139.0,84.0,170.0,170.0,170.0,170.0,43.0,5.0,54.0,44.0,15.0,0.0,0.0
163.208,53,226791.0,600.0,130.0,600.0,443.0,0.0,1.0,0.0,0.0,0.5,0.044,0.5,0.389,0.506,0.058,0.506,0.41,0.0,0.0,-2.24,-5.79,-4.42,-0.54,-0.95,0.0,0.0,6.0,0.0,0.0,0.0,1.0,1.0,41.9,47.7,9.1,23.4,26.8,27.4,26.8,27.4,62.0,50.0,135.0,88.0,170.0,170.0,170.0,170.0,43.0,5.0,54.0,44.0,15.0,0.0,0.0
163.24,53,226844.0,600.0,131.0,600.0,443.0,0.0,1.0,0.0,0.0,0.5,0.044,0.5,0.389,0.506,0.058,0.506,0.41,0.0,0.0,-2.19,-5.72,-5.35,-0.54,0.3,0.0,0.0,6.0,0.0,0.0,0.0,1.0,1.0,41.9,47.7,9.1,23.4,26.8,27.4,26.8,27.4,58.0,52.0,131.0,93.0,170.0,170.0,170.0,170.0,43.0,5.0,54.0,44.0,15.0,0.0,1.0
163.305,54,226898.0,600.0,131.0,600.0,443.0,0.0,1.0,0.0,0.0,0.5,0.044,0.5,0.389,0.506,0.058,0.506,0.41,0.0,0.0,-2.03,-5.83,-6.9,-0.54,1.68,0.0,0.0,6.0,0.0,0.0,0.0,1.0,1.0,42.7,47.9,9.9,24.8,24.1,30.1,24.1,30.1,55.0,54.0,126.0,99.0,170.0,170.0,170.0,170.0,43.0,5.0,54.0,44.0,15.0,0.0,0.0
163.371,54,226952.0,600.0,131.0,600.0,401.0,0.0,1.0,0.0,0.0,0.5,0.045,0.5,0.346,0.506,0.059,0.506,0.367,0.0,0.0,-2.13,-5.83,-6.97,-0.54,3.0,0.0,0.0,6.0,0.0,0.0,0.0,1.0,1.0,40.7,47.2,11.8,23.9,22.7,31.5,22.7,31.5,52.0,57.0,127.0,107.0,170.0,170.0,170.0,170.0,43.0,5.0,54.0,44.0,15.0,0.0,1.0
163.404,53,227005.0,600.0,131.0,600.0,401.0,0.0,1.0,0.0,0.0,0.5,0.045,0.5,0.346,0.506,0.059,0.506,0.367,0.0,0.0,-2.15,-5.95,-6.94,-0.54,4.38,0.0,0.0,6.0,0.0,0.0,0.0,1.0,1.0,40.7,47.4,11.7,24.1,21.5,32.7,21.5,32.7,50.0,59.0,127.0,113.0,170.0,170.0,170.0,170.0,17.0,17.0,40.0,6.0,15.0,0.0,0.0
163.468,53,227058.0,600.0,131.0,600.0,401.0,0.0,1.0,0.0,0.0,0.5,0.045,0.5,0.346,0.506,0.059,0.506,0.367,0.0,0.0,-2.06,-5.84,-7.14,-0.54,5.57,0.0,0.0,6.0,0.0,0.0,0.0,1.0,1.0,39.8,46.9,13.0,24.3,20.1,34.1,20.1,34.1,47.0,61.0,125.0,122.0,170.0,170.0,170.0,170.0,17.0,17.0,40.0,6.0,15.0,0.0,1.0
163.5,53,227111.0,600.0,131.0,600.0,401.0,0.0,1.0,0.0,0.0,0.5,0.045,0.5,0.346,0.506,0.059,0.506,0.367,0.0,0.0,-1.83,-5.84,-6.98,-0.54,7.0,0.0,0.0,6.0,0.0,0.0,0.0,1.0,1.0,36.8,46.3,16.7,25.3,18.8,35.4,18.8,35.4,44.0,63.0,121.0,130.0,170.0,170.0,170.0,170.0,17.0,17.0,40.0,6.0,15.0,0.0,0.0
163.564,53,227164.0,600.0,131.0,600.0,368.0,0.0,1.0,0.0,0.0,0.5,0.045,0.5,0.307,0.505,0.06,0.505,0.328,0.0,0.0,-1.9,-5.96,-6.66,-0.54,8.3,0.0,0.0,6.0,0.0,0.0,0.0,1.0,1.0,36.8,46.3,16.7,25.3,18.8,35.4,18.8,35.4,41.0,66.0,114.0,138.0,170.0,170.0,170.0,170.0,17.0,17.0,40.0,6.0,15.0,0.0,1.0
163.631,54,227218.0,600.0,131.0,600.0,368.0,0.0,1.0,0.0,0.0,0.5,0.045,0.5,0.307,0.505,0.06,0.505,0.328,0.0,0.0,-1.81,-5.79,-6.32,-0.54,9.68,0.0,0.0,6.0,0.0,0.0,0.0,1.0,1.0,33.4,45.4,29.5,30.0,16.1,38.1,16.1,38.1,38.0,68.0,102.0,144.0,170.0,170.0,170.0,170.0,17.0,17.0,40.0,6.0,15.0,0.0,0.0
163.664,52,227270.0,600.0,129.0,600.0,368.0,0.0,1.0,0.0,0.0,0.5,0.045,0.5,0.307,0.505,0.06,0.505,0.328,0.0,0.0,-1.87,-5.75,-6.24,-0.54,10.98,0.0,0.0,6.0,0.0,0.0,0.0,1.0,1.0,32.4,44.7,39.1,32.5,14.8,39.4,14.8,39.4,35.0,71.0,85.0,150.0,170.0,170.0,170.0,170.0,17.0,17.0,40.0,6.0,15.0,0.0,1.0
163.73,54,227324.0,600.0,129.0,600.0,368.0,0.0,1.0,0.0,0.0,0.5,0.045,0.5,0.307,0.505,0.06,0.505,0.328,0.0,0.0,-1.96,-5.84,-5.81,-0.54,12.33,0.0,0.0,6.0,0.0,0.0,0.0,1.0,1.0,30.8,43.4,42.0,37.6,14.8,39.5,14.8,39.5,36.0,69.0,73.0,150.0,170.0,170.0,170.0,170.0,17.0,17.0,40.0,6.0,15.0,0.0,1.0
163.796,54,227378.0,600.0,129.0,600.0,414.0,0.0,1.0,0.0,0.0,0.5,0.045,0.5,0.315,0.505,0.059,0.505,0.328,0.0,0.0,-1.54,-5.84,-5.19,-0.54,12.35,0.0,0.0,6.0,0.0,0.0,0.0,1.0,1.0,29.2,41.4,42.2,41.9,16.2,38.1,16.2,38.1,40.0,66.0,65.0,143.0,170.0,170.0,170.0,170.0,17.0,17.0,40.0,6.0,15.0,0.0,0.0
163.829,54,227432.0,600.0,129.0,600.0,414.0,0.0,1.0,0.0,0.0,0.5,0.045,0.5,0.315,0.505,0.059,0.505,0.328,0.0,0.0,-1.96,-5.69,-4.4,-0.54,10.95,0.0,0.0,6.0,0.0,0.0,0.0,1.0,1.0,28.2,39.7,41.2,46.1,17.5,36.8,17.5,36.8,43.0,63.0,60.0,134.0,170.0,170.0,170.0,170.0,17.0,17.0,40.0,6.0,15.0,0.0,0.0
163.893,52,227484.0,600.0,129.0,600.0,414.0,0.0,1.0,0.0,0.0,0.5,0.045,0.5,0.315,0.505,0.059,0.505,0.328,0.0,0.0,-2.2,-5.78,-3.14,-0.54,9.65,0.0,0.0,6.0,0.0,0.0,0.0,1.0,1.0,28.2,39.7,41.2,46.1,17.5,36.8,18.8,35.4,46.0,60.0,64.0,126.0,170.0,170.0,170.0,170.0,13.0,23.0,40.0,6.0,15.0,0.0,1.0
163.924,55,227539.0,600.0,129.0,480.0,414.0,0.0,1.0,0.0,0.0,0.5,0.045,0.5,0.315,0.505,0.059,0.505,0.328,0.0,0.0,-2.0,-5.76,-0.85,-0.54,8.3,0.0,0.0,6.0,0.0,0.0,0.0,1.0,1.0,25.5,37.1,41.1,46.1,20.1,34.1,20.1,34.1,50.0,58.0,68.0,117.0,170.0,170.0,170.0,170.0,13.0,23.0,12.0,62.0,15.0,0.0,0.0
163.991,53,227592.0,600.0,129.0,480.0,479.0,0.0,1.0,0.0,0.0,0.5,0.045,0.441,0.355,0.506,0.058,0.456,0.362,0.0,0.0,-1.96,-5.9,-0.25,-0.54,6.97,0.0,0.0,6.0,0.0,0.0,0.0,1.0,1.0,25.6,35.7,38.2,44.3,21.5,32.7,21.5,32.7,53.0,56.0,73.0,108.0,170.0,170.0,170.0,170.0,13.0,23.0,12.0,62.0,15.0,0.0,1.0
164.057,53,227645.0,600.0,129.0,480.0,479.0,0.0,1.0,0.0,0.0,0.5,0.045,0.441,0.355,0.506,0.058,0.456,0.362,0.0,0.0,-1.98,-5.68,0.49,-0.54,5.6,0.0,0.0,6.0,0.0,0.0,0.0,1.0,1.0,25.6,34.3,38.5,42.8,22.8,31.4,22.8,31.4,56.0,54.0,77.0,100.0,170.0,170.0,170.0,170.0,13.0,23.0,12.0,62.0,15.0,0.0,0.0
164.09,52,227697.0,600.0,129.0,480.0,479.0,0.0,1.0,0.0,0.0,0.5,0.045,0.441,0.355,0.506,0.058,0.456,0.362,0.0,0.0,-2.2,-6.01,2.02,-0.54,4.32,0.0,0.0,6.0,0.0,0.0,0.0,1.0,1.0,25.6,33.2,36.9,41.0,24.1,30.1,24.1,30.1,59.0,52.0,82.0,92.0,170.0,170.0,170.0,170.0,13.0,23.0,12.0,62.0,15.0,0.0,0.0
164.155,54,227751.0,600.0,129.0,480.0,479.0,0.0,1.0,0.0,0.0,0.5,0.045,0.441,0.355,0.506,0.058,0.456,0.362,0.0,0.0,-2.29,-6.0,2.15,-0.54,2.97,0.0,0.0,6.0,0.0,0.0,0.0,1.0,1.0,26.4,32.8,35.1,39.1,25.5,28.8,25.5,28.8,62.0,50.0,86.0,85.0,170.0,170.0,170.0,170.0,13.0,23.0,12.0,62.0,15.0,0.0,0.0
164.195,55,227806.0,600.0,129.0,480.0,518.0,0.0,1.0,0.0,0.0,0.5,0.044,0.414,0.394,0.506,0.058,0.425,0.401,0.0,0.0,-2.02,-5.87,2.29,-0.54,1.65,0.0,0.0,6.0,0.0,0.0,0.0,1.0,1.0,27.2,32.8,35.1,39.1,25.5,28.8,25.5,28.8,65.0,48.0,91.0,76.0,170.0,170.0,170.0,170.0,13.0,23.0,12.0,62.0,15.0,0.0,1.0
164.261,54,227860.0,600.0,129.0,480.0,518.0,0.0,1.0,0.0,0.0,0.5,0.044,0.414,0.394,0.506,0.058,0.425,0.401,0.0,0.0,-2.1,-5.85,2.37,-0.54,0.25,0.0,0.0,6.0,0.0,0.0,0.0,1.0,1.0,28.4,32.5,37.2,37.5,28.2,26.1,28.2,26.1,68.0,46.0,94.0,73.0,170.0,170.0,170.0,170.0,13.0,23.0,12.0,62.0,15.0,0.0,0.0
164.326,53,227913.0,600.0,131.0,480.0,518.0,0.0,1.0,0.0,0.0,0.5,0.044,0.414,0.394,0.506,0.058,0.425,0.401,0.0,0.0,-2.16,-5.98,2.45,-0.54,-1.05,0.0,0.0,6.0,0.0,0.0,0.0,1.0,1.0,30.0,32.2,38.8,36.4,18.7,13.8,18.7,13.8,40.0,17.0,55.0,28.0,170.0,170.0,170.0,170.0,13.0,23.0,12.0,62.0,15.0,0.0,1.0
164.359,53,227966.0,600.0,131.0,360.0,518.0,0.0,1.0,0.0,0.0,0.5,0.044,0.414,0.394,0.506,0.058,0.425,0.401,0.0,0.0,-2.2,-5.94,2.39,-0.54,-2.43,0.0,0.0,0.0,0.0,0.0,0.0,1.0,1.0,30.0,32.2,38.8,36.4,18.7,13.8,18.7,13.8,40.0,17.0,55.0,28.0,170.0,170.0,170.0,170.0,13.0,23.0,12.0,62.0,15.0,0.0,0.0
164.425,54,228020.0,600.0,131.0,360.0,560.0,0.0,1.0,0.0,0.0,0.5,0.045,0.334,0.432,0.507,0.057,0.354,0.438,0.0,0.0,-1.78,-5.71,1.97,-0.54,0.0,0.0,0.0,0.0,0.0,0.0,0.0,1.0,1.0,30.7,30.3,32.8,30.1,0.0,0.0,0.0,0.0,0.0,0.0,0.0,0.0,170.0,170.0,170.0,170.0,57.0,9.0,128.0,80.0,15.0,0.0,0.0
164.458,53,228073.0,600.0,131.0,360.0,560.0,0.0,1.0,0.0,0.0,0.5,0.045,0.334,0.432,0.507,0.057,0.354,0.438,0.0,0.0,-1.79,-5.64,1.72,-0.54,0.0,0.0,0.0,0.0,0.0,0.0,0.0,1.0,1.0,25.0,26.6,27.7,26.5,0.0,0.0,0.0,0.0,0.0,0.0,0.0,0.0,170.0,170.0,170.0,170.0,57.0,9.0,128.0,80.0,15.0,0.0,1.0
164.521,53,228126.0,600.0,133.0,360.0,560.0,0.0,1.0,0.0,0.0,0.5,0.045,0.334,0.432,0.507,0.057,0.354,0.438,0.0,0.0,-1.78,-5.6,1.37,-0.54,0.0,0.0,0.0,0.0,0.0,0.0,0.0,1.0,1.0,25.0,23.3,22.7,23.1,0.0,0.0,0.0,0.0,0.0,0.0,0.0,0.0,170.0,170.0,170.0,170.0,57.0,9.0,128.0,80.0,15.0,0.0,0.0
164.585,52,228178.0,600.0,133.0,360.0,560.0,0.0,1.0,0.0,0.0,0.5,0.045,0.334,0.432,0.507,0.057,0.354,0.438,0.0,0.0,-1.84,-5.64,1.16,-0.54,0.0,0.0,0.0,0.0,0.0,0.0,0.0,1.0,1.0,21.6,20.6,20.1,20.0,0.0,0.0,0.0,0.0,0.0,0.0,0.0,0.0,170.0,170.0,170.0,170.0,57.0,9.0,128.0,80.0,15.0,0.0,0.0
164.617,54,228232.0,600.0,133.0,360.0,633.0,0.0,1.0,0.0,0.0,0.5,0.046,0.297,0.483,0.508,0.057,0.311,0.486,0.0,0.0,-1.84,-5.65,1.12,-0.54,0.0,0.0,0.0,0.0,0.0,0.0,0.0,1.0,1.0,16.9,18.1,17.7,17.4,0.0,0.0,0.0,0.0,0.0,0.0,0.0,0.0,170.0,170.0,170.0,170.0,57.0,9.0,128.0,80.0,15.0,0.0,0.0
164.68,53,228285.0,600.0,133.0,360.0,633.0,0.0,1.0,0.0,0.0,0.5,0.046,0.297,0.483,0.508,0.057,0.311,0.486,0.0,0.0,-1.82,-5.64,1.13,-0.54,0.0,0.0,0.0,0.0,0.0,0.0,0.0,1.0,1.0,14.9,15.9,15.5,15.4,0.0,0.0,0.0,0.0,0.0,0.0,0.0,0.0,170.0,170.0,170.0,170.0,57.0,9.0,128.0,80.0,15.0,0.0,0.0
164.744,53,228338.0,600.0,133.0,360.0,633.0,0.0,1.0,0.0,0.0,0.5,0.046,0.297,0.483,0.508,0.057,0.311,0.486,0.0,0.0,-1.79,-5.63,1.11,-0.54,0.0,0.0,0.0,0.0,0.0,0.0,0.0,1.0,1.0,14.9,14.0,13.7,13.6,0.0,0.0,0.0,0.0,0.0,0.0,0.0,0.0,170.0,170.0,170.0,170.0,57.0,9.0,128.0,80.0,15.0,0.0,0.0
164.777,52,228390.0,600.0,133.0,360.0,633.0,0.0,1.0,0.0,0.0,0.5,0.046,0.297,0.483,0.508,0.057,0.311,0.486,0.0,0.0,-1.78,-5.63,1.11,-0.54,0.0,0.0,0.0,0.0,0.0,0.0,0.0,1.0,1.0,11.5,12.3,12.0,12.0,0.0,0.0,0.0,0.0,0.0,0.0,0.0,0.0,170.0,170.0,170.0,170.0,57.0,9.0,128.0,80.0,15.0,0.0,0.0
164.843,53,228443.0,600.0,133.0,360.0,681.0,0.0,1.0,0.0,0.0,0.5,0.046,0.279,0.526,0.508,0.058,0.291,0.53,0.0,0.0,-1.77,-5.63,1.11,-0.54,0.0,0.0,0.0,0.0,0.0,0.0,0.0,1.0,1.0,10.2,10.9,10.6,10.5,0.0,0.0,0.0,0.0,0.0,0.0,0.0,0.0,170.0,170.0,170.0,170.0,57.0,9.0,128.0,80.0,15.0,0.0,0.0
164.909,53,228496.0,600.0,133.0,360.0,681.0,0.0,1.0,0.0,0.0,0.5,0.046,0.279,0.526,0.508,0.058,0.291,0.53,0.0,0.0,-1.75,-5.64,1.11,-0.54,0.0,0.0,0.0,0.0,0.0,0.0,0.0,1.0,1.0,10.2,9.6,9.3,9.3,0.0,0.0,0.0,0.0,0.0,0.0,0.0,0.0,170.0,170.0,170.0,170.0,51.0,7.0,128.0,80.0,15.0,0.0,0.0
164.942,53,228549.0,600.0,135.0,360.0,681.0,0.0,1.0,0.0,0.0,0.5,0.046,0.279,0.526,0.508,0.058,0.291,0.53,0.0,0.0,-1.75,-5.64,1.11,-0.54,0.0,0.0,0.0,0.0,0.0,0.0,0.0,1.0,1.0,8.9,8.4,8.2,8.1,0.0,0.0,0.0,0.0,0.0,0.0,0.0,0.0,170.0,170.0,170.0,170.0,51.0,7.0,128.0,68.0,15.0,0.0,0.0
165.008,53,228602.0,600.0,135.0,360.0,681.0,0.0,1.0,0.0,0.0,0.5,0.046,0.279,0.526,0.508,0.058,0.291,0.53,0.0,0.0,-1.76,-5.65,1.11,-0.54,0.0,0.0,0.0,0.0,0.0,0.0,0.0,1.0,1.0,7.9,7.4,7.2,7.2,0.0,0.0,0.0,0.0,0.0,0.0,0.0,0.0,170.0,170.0,170.0,170.0,51.0,7.0,128.0,68.0,15.0,0.0,1.0
165.072,54,228656.0,600.0,135.0,360.0,726.0,0.0,1.0,0.0,0.0,0.5,0.047,0.272,0.563,0.509,0.058,0.282,0.568,0.0,0.0,-1.76,-5.65,1.11,-0.54,0.0,0.0,0.0,0.0,0.0,0.0,0.0,1.0,1.0,6.9,6.5,6.3,6.3,0.0,0.0,0.0,0.0,0.0,0.0,0.0,0.0,170.0,170.0,170.0,170.0,51.0,7.0,128.0,68.0,15.0,0.0,0.0
165.104,53,228709.0,600.0,135.0,360.0,726.0,0.0,1.0,0.0,0.0,0.5,0.047,0.272,0.563,0.509,0.058,0.282,0.568,0.0,0.0,-1.75,-5.65,1.11,-0.54,0.0,0.0,0.0,0.0,0.0,0.0,0.0,1.0,1.0,6.1,6.5,6.3,6.3,0.0,0.0,0.0,0.0,0.0,0.0,0.0,0.0,170.0,170.0,170.0,170.0,51.0,7.0,128.0,68.0,15.0,0.0,0.0
165.169,53,228762.0,600.0,135.0,360.0,726.0,0.0,1.0,0.0,0.0,0.5,0.047,0.272,0.563,0.509,0.058,0.282,0.568,0.0,0.0,-1.73,-5.65,1.11,-0.54,0.0,0.0,0.0,0.0,0.0,0.0,0.0,1.0,1.0,5.4,5.0,4.9,4.9,0.0,0.0,0.0,0.0,0.0,0.0,0.0,0.0,170.0,170.0,170.0,170.0,51.0,7.0,128.0,68.0,15.0,0.0,0.0
165.202,52,228814.0,600.0,135.0,240.0,726.0,0.0,1.0,1.0,0.0,0.5,0.047,0.272,0.563,0.509,0.058,0.282,0.568,0.0,0.0,-1.73,-5.65,1.11,-0.54,0.0,0.0,0.0,0.0,0.0,0.0,0.0,1.0,1.0,4.7,4.4,4.3,4.3,0.0,0.0,0.0,0.0,0.0,0.0,0.0,0.0,170.0,170.0,170.0,170.0,51.0,7.0,128.0,68.0,15.0,0.0,1.0
165.267,52,228866.0,600.0,135.0,240.0,777.0,0.0,1.0,1.0,0.0,0.5,0.048,0.2,0.597,0.509,0.058,0.221,0.602,0.0,0.0,-1.72,-5.64,1.11,-0.54,0.0,0.0,0.0,0.0,0.0,0.0,0.0,1.0,1.0,3.7,3.9,3.8,3.8,0.0,0.0,0.0,0.0,0.0,0.0,0.0,0.0,170.0,170.0,170.0,170.0,51.0,7.0,128.0,68.0,15.0,0.0,0.0
165.33,53,228919.0,600.0,135.0,240.0,777.0,0.0,1.0,1.0,0.0,0.5,0.048,0.2,0.597,0.509,0.058,0.221,0.602,0.0,0.0,-1.68,-5.64,1.11,-0.54,0.0,0.0,0.0,0.0,0.0,0.0,0.0,1.0,1.0,3.7,3.4,3.3,3.3,0.0,0.0,0.0,0.0,0.0,0.0,0.0,0.0,170.0,170.0,170.0,170.0,51.0,7.0,128.0,68.0,15.0,0.0,0.0
165.362,53,228972.0,600.0,135.0,240.0,777.0,0.0,1.0,1.0,0.0,0.5,0.048,0.2,0.597,0.509,0.058,0.221,0.602,0.0,0.0,-1.67,-5.64,1.11,-0.54,0.0,0.0,0.0,0.0,0.0,0.0,0.0,1.0,1.0,3.2,3.0,2.9,2.9,0.0,0.0,0.0,0.0,0.0,0.0,0.0,0.0,170.0,170.0,170.0,170.0,51.0,7.0,128.0,68.0,15.0,0.0,0.0
165.426,52,229024.0,600.0,135.0,360.0,777.0,0.0,1.0,0.0,0.0,0.5,0.048,0.2,0.597,0.509,0.058,0.221,0.602,0.0,0.0,-1.67,-5.63,1.11,-0.54,0.0,0.0,0.0,0.0,0.0,0.0,0.0,1.0,1.0,2.8,3.0,2.9,2.9,0.0,0.0,0.0,0.0,0.0,0.0,0.0,0.0,170.0,170.0,170.0,170.0,51.0,7.0,128.0,68.0,15.0,0.0,0.0
165.49,55,229079.0,600.0,135.0,360.0,833.0,0.0,1.0,0.0,0.0,0.5,0.048,0.235,0.63,0.51,0.059,0.239,0.635,0.0,0.0,-1.63,-5.62,1.11,-0.54,0.0,0.0,0.0,0.0,0.0,0.0,0.0,1.0,1.0,2.2,2.3,2.3,2.3,0.0,0.0,0.0,0.0,0.0,0.0,0.0,0.0,170.0,170.0,170.0,170.0,51.0,7.0,128.0,68.0,15.0,0.0,0.0
165.523,53,229132.0,600.0,135.0,360.0,833.0,0.0,1.0,0.0,0.0,0.5,0.048,0.235,0.63,0.51,0.059,0.239,0.635,0.0,0.0,-1.63,-5.62,1.11,-0.54,0.0,0.0,0.0,0.0,0.0,0.0,0.0,1.0,1.0,2.2,2.1,2.0,2.0,0.0,0.0,0.0,0.0,0.0,0.0,0.0,0.0,170.0,170.0,170.0,170.0,51.0,7.0,128.0,68.0,15.0,0.0,0.0
165.593,53,229185.0,600.0,135.0,360.0,833.0,0.0,1.0,0.0,0.0,0.5,0.048,0.235,0.63,0.51,0.059,0.239,0.635,0.0,0.0,-1.62,-5.62,1.1,-0.54,0.0,0.0,0.0,0.0,0.0,0.0,0.0,1.0,1.0,1.9,1.8,1.8,1.8,0.0,0.0,0.0,0.0,0.0,0.0,0.0,0.0,170.0,170.0,170.0,170.0,51.0,7.0,128.0,68.0,15.0,0.0,0.0
165.626,52,229237.0,600.0,135.0,360.0,833.0,0.0,1.0,0.0,0.0,0.5,0.048,0.235,0.63,0.51,0.059,0.239,0.635,0.0,0.0,-1.6,-5.61,1.1,-0.54,0.0,0.0,0.0,0.0,0.0,0.0,0.0,1.0,1.0,1.7,1.6,1.6,1.5,0.0,0.0,0.0,0.0,0.0,0.0,0.0,0.0,170.0,170.0,170.0,170.0,51.0,7.0,128.0,68.0,15.0,0.0,0.0
165.69,53,229290.0,600.0,135.0,360.0,793.0,0.0,1.0,0.0,0.0,0.5,0.048,0.251,0.633,0.51,0.059,0.258,0.643,0.0,0.0,-1.59,-5.62,1.1,-0.54,0.0,0.0,0.0,0.0,0.0,0.0,0.0,1.0,1.0,1.5,1.6,1.6,1.5,0.0,0.0,0.0,0.0,0.0,0.0,0.0,0.0,170.0,170.0,170.0,170.0,51.0,7.0,128.0,68.0,15.0,0.0,1.0
165.753,53,229343.0,600.0,135.0,360.0,793.0,0.0,1.0,0.0,0.0,0.5,0.048,0.251,0.633,0.51,0.059,0.258,0.643,0.0,0.0,-1.55,-5.61,1.09,-0.54,0.0,0.0,0.0,0.0,0.0,0.0,0.0,1.0,1.0,1.3,1.2,1.2,1.2,0.0,0.0,0.0,0.0,0.0,0.0,0.0,0.0,170.0,170.0,170.0,170.0,51.0,7.0,128.0,68.0,15.0,0.0,0.0
165.79,52,229395.0,600.0,135.0,360.0,793.0,0.0,1.0,0.0,0.0,0.5,0.048,0.251,0.633,0.51,0.059,0.258,0.643,0.0,0.0,-1.55,-5.61,1.09,-0.54,0.0,0.0,0.0,0.0,0.0,0.0,0.0,1.0,1.0,1.2,1.1,1.1,1.1,0.0,0.0,0.0,0.0,0.0,0.0,0.0,0.0,170.0,170.0,170.0,170.0,51.0,7.0,128.0,68.0,15.0,0.0,0.0
165.856,52,229447.0,600.0,135.0,240.0,793.0,0.0,1.0,1.0,0.0,0.5,0.048,0.251,0.633,0.51,0.059,0.258,0.643,0.0,0.0,-1.53,-5.6,1.09,-0.54,0.0,0.0,0.0,0.0,0.0,0.0,0.0,1.0,1.0,1.0,1.1,1.1,1.1,0.0,0.0,0.0,0.0,0.0,0.0,0.0,0.0,170.0,170.0,170.0,170.0,51.0,7.0,128.0,68.0,15.0,0.0,0.0
165.887,54,229501.0,600.0,135.0,240.0,751.0,0.0,1.0,1.0,0.0,0.5,0.048,0.19,0.621,0.51,0.058,0.21,0.633,0.0,0.0,-1.5,-5.6,1.08,-0.54,0.0,0.0,0.0,0.0,0.0,0.0,0.0,1.0,1.0,0.8,0.8,0.8,0.8,0.0,0.0,0.0,0.0,0.0,0.0,0.0,0.0,170.0,170.0,170.0,170.0,51.0,7.0,128.0,68.0,15.0,0.0,0.0
165.95,53,229554.0,600.0,135.0,240.0,751.0,0.0,1.0,1.0,0.0,0.5,0.048,0.19,0.621,0.51,0.058,0.21,0.633,0.0,0.0,-1.5,-5.6,1.08,-0.54,0.0,0.0,0.0,0.0,0.0,0.0,0.0,1.0,1.0,0.8,0.7,0.7,0.7,0.0,0.0,0.0,0.0,0.0,0.0,0.0,0.0,170.0,170.0,170.0,170.0,51.0,7.0,128.0,68.0,15.0,0.0,1.0
166.023,51,229605.0,600.0,134.0,240.0,751.0,0.0,1.0,1.0,0.0,0.5,0.048,0.19,0.621,0.51,0.058,0.21,0.633,0.0,0.0,-1.5,-5.6,1.09,-0.54,0.0,0.0,0.0,0.0,0.0,0.0,0.0,1.0,1.0,0.7,0.7,0.7,0.7,0.0,0.0,0.0,0.0,0.0,0.0,0.0,0.0,170.0,170.0,170.0,170.0,51.0,7.0,128.0,68.0,15.0,0.0,0.0
166.056,53,229658.0,600.0,134.0,360.0,751.0,0.0,1.0,0.0,0.0,0.5,0.048,0.19,0.621,0.51,0.058,0.21,0.633,0.0,0.0,-1.48,-5.6,1.08,-0.54,0.0,0.0,0.0,0.0,0.0,0.0,0.0,1.0,1.0,0.6,0.6,0.6,0.6,0.0,0.0,0.0,0.0,0.0,0.0,0.0,0.0,170.0,170.0,170.0,170.0,51.0,7.0,128.0,68.0,15.0,0.0,0.0
166.121,52,229710.0,600.0,134.0,360.0,768.0,0.0,1.0,0.0,0.0,0.5,0.048,0.23,0.621,0.51,0.058,0.234,0.632,0.0,0.0,-1.47,-5.6,1.08,-0.54,0.0,0.0,0.0,0.0,0.0,0.0,0.0,1.0,1.0,0.5,0.6,0.5,0.5,0.0,0.0,0.0,0.0,0.0,0.0,0.0,0.0,170.0,170.0,170.0,170.0,51.0,7.0,128.0,68.0,15.0,0.0,1.0
166.154,54,229764.0,600.0,134.0,360.0,768.0,0.0,1.0,0.0,0.0,0.5,0.048,0.23,0.621,0.51,0.058,0.234,0.632,0.0,0.0,-1.46,-5.6,1.08,-0.54,0.0,0.0,0.0,0.0,0.0,0.0,0.0,1.0,1.0,0.4,0.4,0.4,0.4,0.0,0.0,0.0,0.0,0.0,0.0,0.0,0.0,170.0,170.0,170.0,170.0,51.0,7.0,128.0,68.0,15.0,0.0,0.0
166.228,52,229816.0,600.0,132.0,360.0,768.0,0.0,1.0,0.0,0.0,0.5,0.048,0.23,0.621,0.51,0.058,0.234,0.632,0.0,0.0,-1.45,-5.6,1.08,-0.54,0.0,0.0,0.0,0.0,0.0,0.0,0.0,1.0,1.0,0.4,0.4,0.4,0.4,0.0,0.0,0.0,0.0,0.0,0.0,0.0,0.0,170.0,170.0,170.0,170.0,51.0,7.0,128.0,68.0,15.0,0.0,0.0
166.261,53,229869.0,600.0,132.0,480.0,768.0,0.0,1.0,0.0,0.0,0.5,0.048,0.23,0.621,0.51,0.058,0.234,0.632,0.0,0.0,-1.45,-5.6,1.08,-0.54,0.0,0.0,0.0,0.0,0.0,0.0,0.0,1.0,1.0,0.4,0.3,0.3,0.3,0.0,0.0,0.0,0.0,0.0,0.0,0.0,0.0,170.0,170.0,170.0,170.0,51.0,7.0,128.0,68.0,15.0,0.0,0.0
166.325,53,229922.0,600.0,132.0,480.0,778.0,0.0,1.0,0.0,0.0,0.5,0.047,0.316,0.624,0.51,0.059,0.312,0.636,0.0,0.0,-1.44,-5.6,1.08,-0.54,0.0,0.0,0.0,0.0,0.0,0.0,0.0,1.0,1.0,0.3,0.3,0.3,0.3,0.0,0.0,0.0,0.0,0.0,0.0,0.0,0.0,170.0,170.0,170.0,170.0,51.0,7.0,128.0,68.0,15.0,0.0,0.0
166.393,53,229975.0,600.0,132.0,480.0,778.0,0.0,1.0,0.0,0.0,0.5,0.047,0.316,0.624,0.51,0.059,0.312,0.636,0.0,0.0,-1.43,-5.6,1.08,-0.54,0.0,0.0,0.0,0.0,0.0,0.0,0.0,1.0,1.0,0.3,0.3,0.3,0.3,0.0,0.0,0.0,0.0,0.0,0.0,0.0,0.0,170.0,170.0,170.0,170.0,51.0,7.0,128.0,68.0,15.0,0.0,0.0
166.426,51,230026.0,600.0,132.0,480.0,778.0,0.0,1.0,0.0,0.0,0.5,0.047,0.316,0.624,0.51,0.059,0.312,0.636,0.0,0.0,-1.43,-5.6,1.08,-0.54,0.0,0.0,0.0,0.0,0.0,0.0,0.0,1.0,1.0,0.2,0.3,0.3,0.3,0.0,0.0,0.0,0.0,0.0,0.0,0.0,0.0,170.0,170.0,170.0,170.0,51.0,7.0,128.0,68.0,15.0,0.0,0.0
166.491,54,230080.0,600.0,132.0,480.0,778.0,0.0,1.0,0.0,0.0,0.5,0.047,0.316,0.624,0.51,0.059,0.312,0.636,0.0,0.0,-1.42,-5.6,1.07,-0.54,0.0,0.0,0.0,0.0,0.0,0.0,0.0,1.0,1.0,0.2,0.2,0.2,0.2,0.0,0.0,0.0,0.0,0.0,0.0,0.0,0.0,170.0,170.0,170.0,170.0,51.0,7.0,128.0,68.0,15.0,0.0,0.0
166.524,52,230132.0,600.0,132.0,480.0,780.0,0.0,1.0,0.0,0.0,0.5,0.046,0.356,0.626,0.51,0.059,0.359,0.638,0.0,0.0,-1.42,-5.6,1.07,-0.54,0.0,0.0,0.0,0.0,0.0,0.0,0.0,1.0,1.0,0.2,0.2,0.2,0.2,0.0,0.0,0.0,0.0,0.0,0.0,0.0,0.0,170.0,170.0,170.0,170.0,51.0,7.0,128.0,68.0,15.0,0.0,0.0
166.589,53,230185.0,600.0,132.0,480.0,780.0,0.0,1.0,0.0,0.0,0.5,0.046,0.356,0.626,0.51,0.059,0.359,0.638,0.0,0.0,-1.41,-5.6,1.07,-0.54,0.0,0.0,0.0,0.0,0.0,0.0,0.0,1.0,1.0,0.2,0.2,0.2,0.2,0.0,0.0,0.0,0.0,0.0,0.0,0.0,0.0,170.0,170.0,170.0,170.0,51.0,7.0,128.0,68.0,15.0,0.0,0.0
166.622,52,230237.0,600.0,132.0,480.0,780.0,0.0,1.0,0.0,0.0,0.5,0.046,0.356,0.626,0.51,0.059,0.359,0.638,0.0,0.0,-1.41,-5.6,1.07,-0.54,0.0,0.0,0.0,0.0,0.0,0.0,0.0,1.0,1.0,0.1,0.1,0.1,0.1,0.0,0.0,0.0,0.0,0.0,0.0,0.0,0.0,170.0,170.0,170.0,170.0,51.0,7.0,128.0,68.0,15.0,0.0,0.0
166.688,52,230289.0,600.0,132.0,360.0,780.0,0.0,1.0,0.0,0.0,0.5,0.046,0.356,0.626,0.51,0.059,0.359,0.638,0.0,0.0,-1.41,-5.6,1.07,-0.54,0.0,0.0,0.0,0.0,0.0,0.0,0.0,1.0,1.0,0.1,0.1,0.1,0.1,0.0,0.0,0.0,0.0,0.0,0.0,0.0,0.0,170.0,170.0,170.0,170.0,51.0,7.0,128.0,68.0,15.0,0.0,0.0
166.753,54,230343.0,600.0,132.0,360.0,838.0,0.0,1.0,0.0,0.0,0.5,0.046,0.307,0.645,0.51,0.058,0.325,0.654,0.0,0.0,-1.4,-5.6,1.07,-0.54,0.0,0.0,0.0,0.0,0.0,0.0,0.0,1.0,1.0,0.1,0.1,0.1,0.1,0.0,0.0,0.0,0.0,0.0,0.0,0.0,0.0,170.0,170.0,170.0,170.0,51.0,7.0,128.0,68.0,15.0,0.0,0.0
166.794,53,230396.0,600.0,132.0,360.0,838.0,0.0,1.0,0.0,0.0,0.5,0.046,0.307,0.645,0.51,0.058,0.325,0.654,0.0,0.0,-1.39,-5.6,1.07,-0.54,0.0,0.0,0.0,0.0,0.0,0.0,0.0,1.0,1.0,0.1,0.1,0.1,0.1,0.0,0.0,0.0,0.0,0.0,0.0,0.0,0.0,170.0,170.0,170.0,170.0,51.0,7.0,128.0,68.0,15.0,0.0,0.0
166.86,52,230448.0,600.0,133.0,360.0,838.0,0.0,1.0,0.0,0.0,0.5,0.046,0.307,0.645,0.51,0.058,0.325,0.654,0.0,0.0,-1.39,-5.61,1.07,-0.54,0.0,0.0,0.0,0.0,0.0,0.0,0.0,1.0,1.0,0.1,0.1,0.1,0.1,0.0,0.0,0.0,0.0,0.0,0.0,0.0,0.0,170.0,170.0,170.0,170.0,51.0,7.0,128.0,68.0,15.0,0.0,0.0
166.892,53,230501.0,600.0,133.0,480.0,838.0,0.0,1.0,0.0,0.0,0.5,0.046,0.307,0.645,0.51,0.058,0.325,0.654,0.0,0.0,-1.38,-5.61,1.07,-0.54,0.0,0.0,0.0,0.0,0.0,0.0,0.0,1.0,1.0,0.1,0.1,0.1,0.1,0.0,0.0,0.0,0.0,0.0,0.0,0.0,0.0,170.0,170.0,170.0,170.0,51.0,7.0,128.0,68.0,15.0,0.0,0.0
166.958,52,230553.0,600.0,133.0,480.0,895.0,0.0,1.0,0.0,0.0,0.5,0.046,0.352,0.669,0.51,0.059,0.355,0.678,0.0,0.0,-1.38,-5.61,1.07,-0.54,0.0,0.0,0.0,0.0,0.0,0.0,0.0,1.0,1.0,0.1,0.1,0.1,0.1,0.0,0.0,0.0,0.0,0.0,0.0,0.0,0.0,170.0,170.0,170.0,170.0,51.0,7.0,128.0,68.0,15.0,0.0,1.0
167.0,53,230606.0,600.0,133.0,480.0,895.0,0.0,1.0,0.0,0.0,0.5,0.046,0.352,0.669,0.51,0.059,0.355,0.678,0.0,0.0,-1.38,-5.61,1.07,-0.54,0.0,0.0,0.0,0.0,0.0,0.0,0.0,1.0,1.0,0.1,0.1,0.1,0.1,0.0,0.0,0.0,0.0,0.0,0.0,0.0,0.0,170.0,170.0,170.0,170.0,51.0,7.0,128.0,68.0,15.0,0.0,0.0
167.067,51,230657.0,600.0,133.0,480.0,895.0,0.0,1.0,0.0,0.0,0.5,0.046,0.352,0.669,0.51,0.059,0.355,0.678,0.0,0.0,-1.38,-5.61,1.07,-0.54,0.0,0.0,0.0,0.0,0.0,0.0,0.0,1.0,1.0,0.1,0.1,0.1,0.0,0.0,0.0,0.0,0.0,0.0,0.0,0.0,0.0,170.0,170.0,170.0,170.0,51.0,7.0,128.0,68.0,15.0,0.0,0.0
167.1,53,230710.0,600.0,133.0,480.0,895.0,0.0,1.0,0.0,0.0,0.5,0.046,0.352,0.669,0.51,0.059,0.355,0.678,0.0,0.0,-1.38,-5.62,1.07,-0.54,0.0,0.0,0.0,0.0,0.0,0.0,0.0,1.0,1.0,0.0,0.0,0.0,0.0,0.0,0.0,0.0,0.0,0.0,0.0,0.0,0.0,170.0,170.0,170.0,170.0,51.0,7.0,128.0,68.0,15.0,0.0,0.0
167.166,54,230764.0,600.0,133.0,480.0,890.0,0.0,1.0,0.0,0.0,0.5,0.047,0.372,0.679,0.511,0.059,0.379,0.69,0.0,0.0,-1.38,-5.62,1.07,-0.54,0.0,0.0,0.0,0.0,0.0,0.0,0.0,1.0,1.0,0.0,0.0,0.0,0.0,0.0,0.0,0.0,0.0,0.0,0.0,0.0,0.0,170.0,170.0,170.0,170.0,51.0,7.0,128.0,68.0,15.0,0.0,1.0
167.232,53,230817.0,600.0,133.0,480.0,890.0,0.0,1.0,0.0,0.0,0.5,0.047,0.372,0.679,0.511,0.059,0.379,0.69,0.0,0.0,-1.38,-5.62,1.07,-0.54,0.0,0.0,0.0,0.0,0.0,0.0,0.0,1.0,1.0,0.0,0.0,0.0,0.0,0.0,0.0,0.0,0.0,0.0,0.0,0.0,0.0,170.0,170.0,170.0,170.0,51.0,7.0,128.0,68.0,15.0,0.0,0.0
167.264,51,230868.0,600.0,134.0,480.0,890.0,0.0,1.0,0.0,0.0,0.5,0.047,0.372,0.679,0.511,0.059,0.379,0.69,0.0,0.0,-1.37,-5.62,1.07,-0.54,0.0,0.0,0.0,0.0,0.0,0.0,0.0,1.0,1.0,0.0,0.0,0.0,0.0,0.0,0.0,0.0,0.0,0.0,0.0,0.0,0.0,170.0,170.0,170.0,170.0,51.0,7.0,128.0,68.0,15.0,0.0,0.0
167.329,54,230922.0,600.0,134.0,480.0,890.0,0.0,1.0,0.0,0.0,0.5,0.047,0.372,0.679,0.511,0.059,0.379,0.69,0.0,0.0,-1.37,-5.62,1.07,-0.54,0.0,0.0,0.0,0.0,0.0,0.0,0.0,1.0,1.0,0.0,0.0,0.0,0.0,0.0,0.0,0.0,0.0,0.0,0.0,0.0,0.0,170.0,170.0,170.0,170.0,51.0,7.0,128.0,68.0,15.0,0.0,0.0
167.362,53,230975.0,600.0,134.0,480.0,893.0,0.0,1.0,0.0,0.0,0.5,0.047,0.382,0.684,0.511,0.06,0.391,0.696,0.0,0.0,-1.37,-5.62,1.07,-0.54,0.0,0.0,0.0,0.0,0.0,0.0,0.0,1.0,1.0,0.0,0.0,0.0,0.0,0.0,0.0,0.0,0.0,0.0,0.0,0.0,0.0,170.0,170.0,170.0,170.0,51.0,7.0,128.0,68.0,15.0,0.0,1.0
167.425,53,231028.0,600.0,134.0,480.0,893.0,0.0,1.0,0.0,0.0,0.5,0.047,0.382,0.684,0.511,0.06,0.391,0.696,0.0,0.0,-1.36,-5.62,1.07,-0.54,0.0,0.0,0.0,0.0,0.0,0.0,0.0,1.0,1.0,0.0,0.0,0.0,0.0,0.0,0.0,0.0,0.0,0.0,0.0,0.0,0.0,170.0,170.0,170.0,170.0,51.0,7.0,128.0,68.0,15.0,0.0,1.0
167.489,52,231080.0,600.0,134.0,480.0,893.0,0.0,1.0,0.0,0.0,0.5,0.047,0.382,0.684,0.511,0.06,0.391,0.696,0.0,0.0,-1.36,-5.63,1.07,-0.54,0.0,0.0,0.0,0.0,0.0,0.0,0.0,1.0,1.0,0.0,0.0,0.0,0.0,0.0,0.0,0.0,0.0,0.0,0.0,0.0,0.0,170.0,170.0,170.0,170.0,51.0,7.0,128.0,68.0,15.0,0.0,1.0
167.522,52,231132.0,600.0,134.0,480.0,893.0,0.0,1.0,0.0,0.0,0.5,0.047,0.382,0.684,0.511,0.06,0.391,0.696,0.0,0.0,-1.36,-5.63,1.07,-0.54,0.0,0.0,0.0,0.0,0.0,0.0,0.0,1.0,1.0,0.0,0.0,0.0,0.0,0.0,0.0,0.0,0.0,0.0,0.0,0.0,0.0,170.0,170.0,170.0,170.0,51.0,7.0,128.0,68.0,15.0,0.0,0.0
167.589,54,231186.0,600.0,134.0,480.0,836.0,0.0,1.0,0.0,0.0,0.5,0.047,0.386,0.671,0.511,0.06,0.396,0.686,0.0,0.0,-1.36,-5.63,1.07,-0.54,0.0,0.0,0.0,0.0,0.0,0.0,0.0,1.0,1.0,0.0,0.0,0.0,0.0,0.0,0.0,0.0,0.0,0.0,0.0,0.0,0.0,170.0,170.0,170.0,170.0,51.0,7.0,128.0,68.0,15.0,0.0,0.0
167.653,53,231239.0,600.0,134.0,480.0,836.0,0.0,1.0,0.0,0.0,0.5,0.047,0.386,0.671,0.511,0.06,0.396,0.686,0.0,0.0,-1.36,-5.63,1.06,-0.54,0.0,0.0,0.0,0.0,0.0,0.0,0.0,1.0,1.0,0.0,0.0,0.0,0.0,0.0,0.0,0.0,0.0,0.0,0.0,0.0,0.0,170.0,170.0,170.0,170.0,51.0,7.0,128.0,68.0,15.0,0.0,0.0
167.685,52,231291.0,600.0,134.0,480.0,836.0,0.0,1.0,0.0,0.0,0.5,0.047,0.386,0.671,0.511,0.06,0.396,0.686,0.0,0.0,-1.36,-5.63,1.06,-0.54,0.0,0.0,0.0,0.0,0.0,0.0,0.0,1.0,1.0,0.0,0.0,0.0,0.0,0.0,0.0,0.0,0.0,0.0,0.0,0.0,0.0,170.0,170.0,170.0,170.0,51.0,7.0,128.0,68.0,15.0,0.0,0.0
167.75,52,231343.0,600.0,134.0,600.0,836.0,0.0,1.0,0.0,0.0,0.5,0.047,0.386,0.671,0.511,0.06,0.396,0.686,0.0,0.0,-1.36,-5.62,1.06,-0.54,0.0,0.0,0.0,0.0,0.0,0.0,0.0,1.0,1.0,0.0,0.0,0.0,0.0,0.0,0.0,0.0,0.0,0.0,0.0,0.0,0.0,170.0,170.0,170.0,170.0,51.0,7.0,128.0,68.0,15.0,0.0,0.0
167.792,52,231395.0,600.0,134.0,600.0,778.0,0.0,1.0,0.0,0.0,0.5,0.047,0.447,0.647,0.51,0.061,0.448,0.665,0.0,0.0,-1.36,-5.62,1.06,-0.54,0.0,0.0,0.0,0.0,0.0,0.0,0.0,1.0,1.0,0.0,0.0,0.0,0.0,0.0,0.0,0.0,0.0,0.0,0.0,0.0,0.0,170.0,170.0,170.0,170.0,51.0,7.0,128.0,68.0,15.0,0.0,0.0
167.858,53,231448.0,600.0,134.0,600.0,778.0,0.0,1.0,0.0,0.0,0.5,0.047,0.447,0.647,0.51,0.061,0.448,0.665,0.0,0.0,-1.35,-5.62,1.06,-0.54,0.0,0.0,0.0,0.0,0.0,0.0,0.0,1.0,1.0,0.0,0.0,0.0,0.0,0.0,0.0,0.0,0.0,0.0,0.0,0.0,0.0,170.0,170.0,170.0,170.0,51.0,7.0,128.0,68.0,15.0,0.0,0.0
167.89,53,231501.0,600.0,132.0,600.0,778.0,0.0,1.0,0.0,0.0,0.5,0.047,0.447,0.647,0.51,0.061,0.448,0.665,0.0,0.0,-1.35,-5.61,1.06,-0.54,0.0,0.0,0.0,0.0,0.0,0.0,0.0,1.0,1.0,0.0,0.0,0.0,0.0,0.0,0.0,0.0,0.0,0.0,0.0,0.0,0.0,170.0,170.0,170.0,170.0,51.0,7.0,128.0,68.0,15.0,0.0,0.0
167.958,52,231553.0,600.0,132.0,600.0,778.0,0.0,1.0,0.0,0.0,0.5,0.047,0.447,0.647,0.51,0.061,0.448,0.665,0.0,0.0,-1.35,-5.61,1.06,-0.54,0.0,0.0,0.0,0.0,0.0,0.0,0.0,1.0,1.0,0.0,0.0,0.0,0.0,0.0,0.0,0.0,0.0,0.0,0.0,0.0,0.0,170.0,170.0,170.0,170.0,51.0,7.0,128.0,68.0,15.0,0.0,1.0
168.025,54,231607.0,600.0,132.0,600.0,720.0,0.0,1.0,0.0,0.0,0.5,0.047,0.476,0.617,0.51,0.061,0.481,0.636,0.0,0.0,-1.35,-5.62,1.06,-0.54,0.0,0.0,0.0,0.0,0.0,0.0,0.0,1.0,1.0,0.0,0.0,0.0,0.0,0.0,0.0,0.0,0.0,0.0,0.0,0.0,0.0,170.0,170.0,170.0,170.0,51.0,7.0,128.0,68.0,15.0,0.0,0.0
168.057,53,231660.0,600.0,132.0,600.0,720.0,0.0,1.0,0.0,0.0,0.5,0.047,0.476,0.617,0.51,0.061,0.481,0.636,0.0,0.0,-1.35,-5.62,1.06,-0.54,0.0,0.0,0.0,0.0,0.0,0.0,0.0,1.0,1.0,0.0,0.0,0.0,0.0,0.0,0.0,0.0,0.0,0.0,0.0,0.0,0.0,170.0,170.0,170.0,170.0,51.0,7.0,128.0,68.0,15.0,0.0,0.0
168.123,52,231712.0,600.0,132.0,600.0,720.0,0.0,1.0,0.0,0.0,0.5,0.047,0.476,0.617,0.51,0.061,0.481,0.636,0.0,0.0,-1.35,-5.61,1.06,-0.54,0.0,0.0,0.0,0.0,0.0,0.0,0.0,1.0,1.0,0.0,0.0,0.0,0.0,0.0,0.0,0.0,0.0,0.0,0.0,0.0,0.0,170.0,170.0,170.0,170.0,51.0,7.0,128.0,68.0,15.0,0.0,0.0
168.156,53,231765.0,600.0,132.0,600.0,720.0,0.0,1.0,0.0,0.0,0.5,0.047,0.476,0.617,0.51,0.061,0.481,0.636,0.0,0.0,-1.35,-5.61,1.06,-0.54,0.0,0.0,0.0,0.0,0.0,0.0,0.0,1.0,1.0,0.0,0.0,0.0,0.0,0.0,0.0,0.0,0.0,0.0,0.0,0.0,0.0,170.0,170.0,170.0,170.0,51.0,7.0,128.0,68.0,15.0,0.0,1.0
168.226,53,231818.0,600.0,132.0,600.0,732.0,0.0,1.0,0.0,0.0,0.5,0.046,0.489,0.607,0.51,0.061,0.496,0.623,0.0,0.0,-1.34,-5.61,1.06,-0.54,0.0,0.0,0.0,0.0,0.0,0.0,0.0,1.0,1.0,0.0,0.0,0.0,0.0,0.0,0.0,0.0,0.0,0.0,0.0,0.0,0.0,170.0,170.0,170.0,170.0,51.0,7.0,128.0,68.0,15.0,0.0,0.0
168.257,53,231871.0,600.0,132.0,600.0,732.0,0.0,1.0,0.0,0.0,0.5,0.046,0.489,0.607,0.51,0.061,0.496,0.623,0.0,0.0,-1.34,-5.61,1.06,-0.54,0.0,0.0,0.0,0.0,0.0,0.0,0.0,1.0,1.0,0.0,0.0,0.0,0.0,0.0,0.0,0.0,0.0,0.0,0.0,0.0,0.0,170.0,170.0,170.0,170.0,51.0,7.0,128.0,68.0,15.0,0.0,0.0
168.322,53,231924.0,600.0,133.0,600.0,732.0,0.0,1.0,0.0,0.0,0.5,0.046,0.489,0.607,0.51,0.061,0.496,0.623,0.0,0.0,-1.34,-5.61,1.06,-0.54,0.0,0.0,0.0,0.0,0.0,0.0,0.0,1.0,1.0,0.0,0.0,0.0,0.0,0.0,0.0,0.0,0.0,0.0,0.0,0.0,0.0,170.0,170.0,170.0,170.0,51.0,7.0,128.0,68.0,15.0,0.0,0.0
168.391,52,231976.0,600.0,133.0,600.0,732.0,0.0,1.0,0.0,0.0,0.5,0.046,0.489,0.607,0.51,0.061,0.496,0.623,0.0,0.0,-1.34,-5.61,1.06,-0.54,0.0,0.0,0.0,0.0,0.0,0.0,0.0,1.0,1.0,0.0,0.0,0.0,0.0,0.0,0.0,0.0,0.0,0.0,0.0,0.0,0.0,170.0,170.0,170.0,170.0,51.0,7.0,128.0,68.0,15.0,0.0,1.0
168.424,54,232030.0,600.0,133.0,600.0,667.0,0.0,1.0,0.0,0.0,0.5,0.047,0.495,0.578,0.509,0.061,0.503,0.597,0.0,0.0,-1.34,-5.61,1.06,-0.54,0.0,0.0,0.0,0.0,0.0,0.0,0.0,1.0,1.0,0.0,0.0,0.0,0.0,0.0,0.0,0.0,0.0,0.0,0.0,0.0,0.0,170.0,170.0,170.0,170.0,51.0,7.0,128.0,68.0,15.0,0.0,0.0
168.49,53,232083.0,600.0,133.0,600.0,667.0,0.0,1.0,0.0,0.0,0.5,0.047,0.495,0.578,0.509,0.061,0.503,0.597,0.0,0.0,-1.34,-5.61,1.06,-0.54,0.0,0.0,0.0,0.0,0.0,0.0,0.0,1.0,1.0,0.0,0.0,0.0,0.0,0.0,0.0,0.0,0.0,0.0,0.0,0.0,0.0,170.0,170.0,170.0,170.0,51.0,7.0,128.0,68.0,15.0,0.0,0.0
168.523,53,232136.0,600.0,133.0,600.0,667.0,0.0,1.0,0.0,0.0,0.5,0.047,0.495,0.578,0.509,0.061,0.503,0.597,0.0,0.0,-1.34,-5.61,1.06,-0.54,0.0,0.0,0.0,0.0,0.0,0.0,0.0,1.0,1.0,0.0,0.0,0.0,0.0,0.0,0.0,0.0,0.0,0.0,0.0,0.0,0.0,170.0,170.0,170.0,170.0,51.0,7.0,128.0,68.0,15.0,0.0,0.0
168.588,52,232188.0,600.0,133.0,600.0,667.0,0.0,1.0,0.0,0.0,0.5,0.047,0.495,0.578,0.509,0.061,0.503,0.597,0.0,0.0,-1.34,-5.6,1.06,-0.54,0.0,0.0,0.0,0.0,0.0,0.0,0.0,1.0,1.0,0.0,0.0,0.0,0.0,0.0,0.0,0.0,0.0,0.0,0.0,0.0,0.0,170.0,170.0,170.0,170.0,51.0,7.0,128.0,68.0,15.0,0.0,0.0
168.651,55,232243.0,600.0,133.0,600.0,667.0,0.0,1.0,0.0,0.0,0.5,0.047,0.498,0.564,0.509,0.061,0.506,0.581,0.0,0.0,-1.34,-5.6,1.06,-0.54,0.0,0.0,0.0,0.0,0.0,0.0,0.0,1.0,1.0,0.0,0.0,0.0,0.0,0.0,0.0,0.0,0.0,0.0,0.0,0.0,0.0,170.0,170.0,170.0,170.0,51.0,7.0,128.0,68.0,15.0,0.0,1.0
168.683,53,232296.0,600.0,133.0,600.0,667.0,0.0,1.0,0.0,0.0,0.5,0.047,0.498,0.564,0.509,0.061,0.506,0.581,0.0,0.0,-1.34,-5.6,1.06,-0.54,0.0,0.0,0.0,0.0,0.0,0.0,0.0,1.0,1.0,0.0,0.0,0.0,0.0,0.0,0.0,0.0,0.0,0.0,0.0,0.0,0.0,170.0,170.0,170.0,170.0,51.0,7.0,128.0,68.0,15.0,0.0,1.0
168.749,53,232349.0,600.0,134.0,600.0,667.0,0.0,1.0,0.0,0.0,0.5,0.047,0.498,0.564,0.509,0.061,0.506,0.581,0.0,0.0,-1.34,-5.6,1.06,-0.54,0.0,0.0,0.0,0.0,0.0,0.0,0.0,1.0,1.0,0.0,0.0,0.0,0.0,0.0,0.0,0.0,0.0,0.0,0.0,0.0,0.0,170.0,170.0,170.0,170.0,51.0,7.0,128.0,68.0,15.0,0.0,0.0
168.821,52,232401.0,600.0,134.0,600.0,667.0,0.0,1.0,0.0,0.0,0.5,0.047,0.498,0.564,0.509,0.061,0.506,0.581,0.0,0.0,-1.33,-5.6,1.06,-0.54,0.0,0.0,0.0,0.0,0.0,0.0,0.0,1.0,1.0,0.0,0.0,0.0,0.0,0.0,0.0,0.0,0.0,0.0,0.0,0.0,0.0,170.0,170.0,170.0,170.0,51.0,7.0,128.0,68.0,15.0,0.0,0.0
168.854,54,232455.0,600.0,134.0,600.0,667.0,0.0,1.0,0.0,0.0,0.5,0.047,0.499,0.558,0.509,0.062,0.508,0.574,0.0,0.0,-1.33,-5.6,1.06,-0.54,0.0,0.0,0.0,0.0,0.0,0.0,0.0,1.0,1.0,0.0,0.0,0.0,0.0,0.0,0.0,0.0,0.0,0.0,0.0,0.0,0.0,170.0,170.0,170.0,170.0,51.0,7.0,128.0,68.0,15.0,0.0,0.0
168.919,53,232508.0,600.0,134.0,600.0,667.0,0.0,1.0,0.0,0.0,0.5,0.047,0.499,0.558,0.509,0.062,0.508,0.574,0.0,0.0,-1.33,-5.6,1.06,-0.54,0.0,0.0,0.0,0.0,0.0,0.0,0.0,1.0,1.0,0.0,0.0,0.0,0.0,0.0,0.0,0.0,0.0,0.0,0.0,0.0,0.0,170.0,170.0,170.0,170.0,51.0,7.0,128.0,68.0,15.0,0.0,0.0
168.952,53,232561.0,600.0,135.0,600.0,667.0,0.0,1.0,0.0,0.0,0.5,0.047,0.499,0.558,0.509,0.062,0.508,0.574,0.0,0.0,-1.33,-5.6,1.06,-0.54,0.0,0.0,0.0,0.0,0.0,0.0,0.0,1.0,1.0,0.0,0.0,0.0,0.0,0.0,0.0,0.0,0.0,0.0,0.0,0.0,0.0,170.0,170.0,170.0,170.0,51.0,7.0,128.0,68.0,15.0,0.0,0.0
169.016,52,232613.0,600.0,135.0,600.0,667.0,0.0,1.0,0.0,0.0,0.5,0.047,0.499,0.558,0.509,0.062,0.508,0.574,0.0,0.0,-1.33,-5.6,1.06,-0.54,0.0,0.0,0.0,0.0,0.0,0.0,0.0,1.0,1.0,0.0,0.0,0.0,0.0,0.0,0.0,0.0,0.0,0.0,0.0,0.0,0.0,170.0,170.0,170.0,170.0,51.0,7.0,128.0,68.0,15.0,0.0,0.0
169.08,52,232665.0,600.0,135.0,600.0,667.0,0.0,1.0,0.0,0.0,0.5,0.048,0.499,0.555,0.509,0.062,0.508,0.57,0.0,0.0,-1.33,-5.6,1.06,-0.54,0.0,0.0,0.0,0.0,0.0,0.0,0.0,1.0,1.0,0.0,0.0,0.0,0.0,0.0,0.0,0.0,0.0,0.0,0.0,0.0,0.0,170.0,170.0,170.0,170.0,51.0,7.0,128.0,68.0,15.0,0.0,0.0
169.112,53,232718.0,600.0,135.0,600.0,667.0,0.0,1.0,0.0,0.0,0.5,0.048,0.499,0.555,0.509,0.062,0.508,0.57,0.0,0.0,-1.33,-5.59,1.06,-0.54,0.0,0.0,0.0,0.0,0.0,0.0,0.0,1.0,1.0,0.0,0.0,0.0,0.0,0.0,0.0,0.0,0.0,0.0,0.0,0.0,0.0,170.0,170.0,170.0,170.0,51.0,7.0,128.0,68.0,15.0,0.0,0.0
169.176,54,232772.0,600.0,135.0,600.0,667.0,0.0,1.0,0.0,0.0,0.5,0.048,0.499,0.555,0.509,0.062,0.508,0.57,0.0,0.0,-1.33,-5.59,1.06,-0.54,0.0,0.0,0.0,0.0,0.0,0.0,0.0,1.0,1.0,0.0,0.0,0.0,0.0,0.0,0.0,0.0,0.0,0.0,0.0,0.0,0.0,170.0,170.0,170.0,170.0,51.0,7.0,128.0,68.0,15.0,0.0,0.0
169.243,53,232825.0,600.0,135.0,600.0,667.0,0.0,1.0,0.0,0.0,0.5,0.048,0.499,0.555,0.509,0.062,0.508,0.57,0.0,0.0,-1.33,-5.59,1.06,-0.54,0.0,0.0,0.0,0.0,0.0,0.0,0.0,1.0,1.0,0.0,0.0,0.0,0.0,0.0,0.0,0.0,0.0,0.0,0.0,0.0,0.0,170.0,170.0,170.0,170.0,51.0,7.0,128.0,68.0,15.0,0.0,0.0
169.275,54,232879.0,600.0,135.0,600.0,600.0,0.0,1.0,0.0,0.0,0.5,0.048,0.5,0.526,0.508,0.063,0.508,0.545,0.0,0.0,-1.33,-5.59,1.06,-0.54,0.0,0.0,0.0,0.0,0.0,0.0,0.0,1.0,1.0,0.0,0.0,0.0,0.0,0.0,0.0,0.0,0.0,0.0,0.0,0.0,0.0,170.0,170.0,170.0,170.0,51.0,7.0,128.0,68.0,15.0,0.0,0.0
169.341,53,232932.0,600.0,135.0,600.0,600.0,0.0,1.0,0.0,0.0,0.5,0.048,0.5,0.526,0.508,0.063,0.508,0.545,0.0,0.0,-1.33,-5.59,1.06,-0.54,0.0,0.0,0.0,0.0,0.0,0.0,0.0,1.0,1.0,0.0,0.0,0.0,0.0,0.0,0.0,0.0,0.0,0.0,0.0,0.0,0.0,170.0,170.0,170.0,170.0,51.0,7.0,128.0,68.0,15.0,0.0,0.0
169.374,52,232984.0,600.0,134.0,600.0,600.0,0.0,1.0,0.0,0.0,0.5,0.048,0.5,0.526,0.508,0.063,0.508,0.545,0.0,0.0,-1.33,-5.59,1.06,-0.54,0.0,0.0,0.0,0.0,0.0,0.0,0.0,1.0,1.0,0.0,0.0,0.0,0.0,0.0,0.0,0.0,0.0,0.0,0.0,0.0,0.0,170.0,170.0,170.0,170.0,51.0,7.0,128.0,68.0,15.0,0.0,0.0
169.44,53,233037.0,600.0,134.0,600.0,600.0,0.0,1.0,0.0,0.0,0.5,0.048,0.5,0.526,0.508,0.063,0.508,0.545,0.0,0.0,-1.33,-5.59,1.06,-0.54,0.0,0.0,0.0,0.0,0.0,0.0,0.0,1.0,1.0,0.0,0.0,0.0,0.0,0.0,0.0,0.0,0.0,0.0,0.0,0.0,0.0,170.0,170.0,170.0,170.0,51.0,7.0,128.0,68.0,15.0,0.0,0.0
169.505,52,233089.0,600.0,134.0,600.0,600.0,0.0,1.0,0.0,0.0,0.5,0.048,0.5,0.512,0.508,0.063,0.508,0.529,0.0,0.0,-1.33,-5.59,1.06,-0.54,0.0,0.0,0.0,0.0,0.0,0.0,0.0,1.0,1.0,0.0,0.0,0.0,0.0,0.0,0.0,0.0,0.0,0.0,0.0,0.0,0.0,170.0,170.0,170.0,170.0,51.0,7.0,128.0,68.0,15.0,0.0,0.0
169.538,53,233142.0,600.0,134.0,600.0,600.0,0.0,1.0,0.0,0.0,0.5,0.048,0.5,0.512,0.508,0.063,0.508,0.529,0.0,0.0,-1.33,-5.59,1.06,-0.54,0.0,0.0,0.0,0.0,0.0,0.0,0.0,1.0,1.0,0.0,0.0,0.0,0.0,0.0,0.0,0.0,0.0,0.0,0.0,0.0,0.0,170.0,170.0,170.0,170.0,51.0,7.0,128.0,68.0,15.0,0.0,0.0
169.603,52,233194.0,600.0,135.0,600.0,600.0,0.0,1.0,0.0,0.0,0.5,0.048,0.5,0.512,0.508,0.063,0.508,0.529,0.0,0.0,-1.33,-5.59,1.06,-0.54,0.0,0.0,0.0,0.0,0.0,0.0,0.0,1.0,1.0,0.0,0.0,0.0,0.0,0.0,0.0,0.0,0.0,0.0,0.0,0.0,0.0,170.0,170.0,170.0,170.0,51.0,7.0,128.0,68.0,15.0,0.0,0.0
169.635,34,233228.0,600.0,135.0,600.0,600.0,0.0,1.0,0.0,0.0,0.5,0.048,0.5,0.512,0.508,0.063,0.508,0.529,0.0,0.0,-1.33,-5.59,1.06,-0.54,0.0,0.0,0.0,0.0,0.0,0.0,0.0,1.0,1.0,0.0,0.0,0.0,0.0,0.0,0.0,0.0,0.0,0.0,0.0,0.0,0.0,170.0,170.0,170.0,170.0,51.0,7.0,128.0,68.0,15.0,0.0,1.0
169.732,104,233332.0,600.0,135.0,600.0,600.0,0.0,1.0,0.0,0.0,0.5,0.048,0.5,0.505,0.508,0.063,0.508,0.521,0.0,0.0,-1.33,-5.59,1.06,-0.54,0.0,0.0,0.0,0.0,0.0,0.0,0.0,1.0,1.0,0.0,0.0,0.0,0.0,0.0,0.0,0.0,0.0,0.0,0.0,0.0,0.0,170.0,170.0,170.0,170.0,51.0,7.0,128.0,68.0,15.0,0.0,1.0
169.798,53,233385.0,600.0,134.0,600.0,600.0,0.0,1.0,0.0,0.0,0.5,0.048,0.5,0.505,0.508,0.063,0.508,0.521,0.0,0.0,-1.33,-5.59,1.06,-0.54,0.0,0.0,0.0,0.0,0.0,0.0,0.0,1.0,1.0,0.0,0.0,0.0,0.0,0.0,0.0,0.0,0.0,0.0,0.0,0.0,0.0,170.0,170.0,170.0,170.0,51.0,7.0,128.0,68.0,15.0,0.0,0.0
169.829,52,233437.0,600.0,134.0,600.0,600.0,0.0,1.0,0.0,0.0,0.5,0.048,0.5,0.505,0.508,0.063,0.508,0.521,0.0,0.0,-1.33,-5.59,1.06,-0.54,0.0,0.0,0.0,0.0,0.0,0.0,0.0,1.0,1.0,0.0,0.0,0.0,0.0,0.0,0.0,0.0,0.0,0.0,0.0,0.0,0.0,170.0,170.0,170.0,170.0,51.0,7.0,128.0,68.0,15.0,0.0,1.0
169.893,52,233489.0,600.0,134.0,600.0,600.0,0.0,1.0,0.0,0.0,0.5,0.048,0.5,0.503,0.508,0.063,0.508,0.518,0.0,0.0,-1.33,-5.59,1.06,-0.54,0.0,0.0,0.0,0.0,0.0,0.0,0.0,1.0,1.0,0.0,0.0,0.0,0.0,0.0,0.0,0.0,0.0,0.0,0.0,0.0,0.0,170.0,170.0,170.0,170.0,51.0,7.0,128.0,68.0,15.0,0.0,1.0
169.957,53,233542.0,600.0,134.0,600.0,600.0,0.0,1.0,0.0,0.0,0.5,0.048,0.5,0.503,0.508,0.063,0.508,0.518,0.0,0.0,-1.33,-5.59,1.06,-0.54,0.0,0.0,0.0,0.0,0.0,0.0,0.0,1.0,1.0,0.0,0.0,0.0,0.0,0.0,0.0,0.0,0.0,0.0,0.0,0.0,0.0,170.0,170.0,170.0,170.0,51.0,7.0,128.0,68.0,15.0,0.0,0.0
169.996,53,233595.0,600.0,135.0,600.0,600.0,0.0,1.0,0.0,0.0,0.5,0.048,0.5,0.503,0.508,0.063,0.508,0.518,0.0,0.0,-1.33,-5.59,1.06,-0.54,0.0,0.0,0.0,0.0,0.0,0.0,0.0,1.0,1.0,0.0,0.0,0.0,0.0,0.0,0.0,0.0,0.0,0.0,0.0,0.0,0.0,170.0,170.0,170.0,170.0,51.0,7.0,128.0,68.0,15.0,0.0,0.0
170.03,52,233647.0,600.0,135.0,600.0,600.0,0.0,1.0,0.0,0.0,0.5,0.048,0.5,0.503,0.508,0.063,0.508,0.518,0.0,0.0,-1.33,-5.59,1.06,-0.54,0.0,0.0,0.0,0.0,0.0,0.0,0.0,1.0,1.0,0.0,0.0,-0.0,0.0,0.0,0.0,0.0,0.0,0.0,0.0,0.0,0.0,170.0,170.0,170.0,170.0,51.0,7.0,128.0,68.0,15.0,0.0,1.0
170.095,53,233700.0,600.0,135.0,600.0,600.0,0.0,1.0,0.0,0.0,0.5,0.048,0.5,0.501,0.508,0.063,0.508,0.516,0.0,0.0,-1.33,-5.59,1.06,-0.54,0.0,0.0,0.0,0.0,0.0,0.0,0.0,1.0,1.0,0.0,0.0,-0.0,0.0,0.0,0.0,0.0,0.0,0.0,0.0,0.0,0.0,170.0,170.0,170.0,170.0,51.0,7.0,128.0,68.0,15.0,0.0,0.0
170.161,53,233753.0,600.0,135.0,600.0,600.0,0.0,1.0,0.0,0.0,0.5,0.048,0.5,0.501,0.508,0.063,0.508,0.516,0.0,0.0,-1.33,-5.59,1.06,-0.54,0.0,0.0,0.0,0.0,0.0,0.0,0.0,1.0,1.0,0.0,0.0,-0.0,0.0,0.0,0.0,0.0,0.0,0.0,0.0,0.0,0.0,170.0,170.0,170.0,170.0,51.0,7.0,128.0,68.0,15.0,0.0,0.0
170.193,53,233806.0,600.0,134.0,600.0,600.0,0.0,1.0,0.0,0.0,0.5,0.048,0.5,0.501,0.508,0.063,0.508,0.516,0.0,0.0,-1.33,-5.59,1.06,-0.54,0.0,0.0,0.0,0.0,0.0,0.0,0.0,1.0,1.0,0.0,0.0,0.0,0.0,0.0,0.0,0.0,0.0,0.0,0.0,0.0,0.0,170.0,170.0,170.0,170.0,51.0,7.0,128.0,68.0,15.0,0.0,1.0
170.257,52,233858.0,600.0,134.0,600.0,600.0,0.0,1.0,0.0,0.0,0.5,0.048,0.5,0.501,0.508,0.063,0.508,0.516,0.0,0.0,-1.33,-5.59,1.06,-0.54,0.0,0.0,0.0,0.0,0.0,0.0,0.0,1.0,1.0,0.0,0.0,0.0,0.0,0.0,0.0,0.0,0.0,0.0,0.0,0.0,0.0,170.0,170.0,170.0,170.0,51.0,7.0,128.0,68.0,15.0,0.0,0.0
170.322,52,233910.0,600.0,134.0,600.0,600.0,0.0,1.0,0.0,0.0,0.5,0.048,0.5,0.501,0.508,0.062,0.508,0.515,0.0,0.0,-1.33,-5.59,1.06,-0.54,0.0,0.0,0.0,0.0,0.0,0.0,0.0,1.0,1.0,0.0,0.0,0.0,0.0,0.0,0.0,0.0,0.0,0.0,0.0,0.0,0.0,170.0,170.0,170.0,170.0,51.0,7.0,128.0,68.0,15.0,0.0,0.0
170.354,55,233965.0,600.0,134.0,600.0,600.0,0.0,1.0,0.0,0.0,0.5,0.048,0.5,0.501,0.508,0.062,0.508,0.515,0.0,0.0,-1.33,-5.59,1.06,-0.54,0.0,0.0,0.0,0.0,0.0,0.0,0.0,1.0,1.0,0.0,0.0,0.0,0.0,0.0,0.0,0.0,0.0,0.0,0.0,0.0,0.0,170.0,170.0,170.0,170.0,51.0,7.0,128.0,68.0,15.0,0.0,0.0
170.424,52,234017.0,600.0,135.0,600.0,600.0,0.0,1.0,0.0,0.0,0.5,0.048,0.5,0.501,0.508,0.062,0.508,0.515,0.0,0.0,-1.33,-5.58,1.06,-0.54,0.0,0.0,0.0,0.0,0.0,0.0,0.0,1.0,1.0,0.0,0.0,0.0,0.0,0.0,0.0,0.0,0.0,0.0,0.0,0.0,0.0,170.0,170.0,170.0,170.0,51.0,7.0,128.0,68.0,15.0,0.0,1.0
170.456,53,234070.0,600.0,135.0,600.0,600.0,0.0,1.0,0.0,0.0,0.5,0.048,0.5,0.501,0.508,0.062,0.508,0.515,0.0,0.0,-1.33,-5.58,1.06,-0.54,0.0,0.0,0.0,0.0,0.0,0.0,0.0,1.0,1.0,0.0,0.0,0.0,0.0,0.0,0.0,0.0,0.0,0.0,0.0,0.0,0.0,170.0,170.0,170.0,170.0,51.0,7.0,128.0,68.0,15.0,0.0,0.0
170.522,54,234124.0,600.0,135.0,600.0,669.0,0.0,1.0,0.0,0.0,0.5,0.048,0.5,0.529,0.508,0.063,0.508,0.539,0.0,0.0,-1.33,-5.58,1.06,-0.54,0.0,0.0,0.0,0.0,0.0,0.0,0.0,1.0,1.0,0.0,0.0,0.0,0.0,0.0,0.0,0.0,0.0,0.0,0.0,0.0,0.0,170.0,170.0,170.0,170.0,51.0,7.0,128.0,68.0,15.0,0.0,0.0
170.592,53,234177.0,600.0,135.0,600.0,669.0,0.0,1.0,0.0,0.0,0.5,0.048,0.5,0.529,0.508,0.063,0.508,0.539,0.0,0.0,-1.33,-5.58,1.06,-0.54,0.0,0.0,0.0,0.0,0.0,0.0,0.0,1.0,1.0,0.0,0.0,0.0,0.0,0.0,0.0,0.0,0.0,0.0,0.0,0.0,0.0,170.0,170.0,170.0,170.0,51.0,7.0,128.0,68.0,15.0,0.0,0.0
170.626,52,234229.0,600.0,135.0,600.0,669.0,0.0,1.0,0.0,0.0,0.5,0.048,0.5,0.529,0.508,0.063,0.508,0.539,0.0,0.0,-1.33,-5.58,1.06,-0.54,0.0,0.0,0.0,0.0,0.0,0.0,0.0,1.0,1.0,0.0,0.0,0.0,0.0,0.0,0.0,0.0,0.0,0.0,0.0,0.0,0.0,170.0,170.0,170.0,170.0,51.0,7.0,128.0,68.0,15.0,0.0,0.0
170.658,34,234263.0,600.0,135.0,600.0,669.0,0.0,1.0,0.0,0.0,0.5,0.048,0.5,0.529,0.508,0.063,0.508,0.539,0.0,0.0,-1.33,-5.58,1.06,-0.54,0.0,0.0,0.0,0.0,0.0,0.0,0.0,1.0,1.0,0.0,0.0,0.0,0.0,0.0,0.0,0.0,0.0,0.0,0.0,0.0,0.0,170.0,170.0,170.0,170.0,51.0,7.0,128.0,68.0,15.0,0.0,1.0
170.755,100,234363.0,600.0,135.0,600.0,669.0,0.0,1.0,0.0,0.0,0.5,0.048,0.5,0.543,0.509,0.063,0.509,0.555,0.0,0.0,-1.33,-5.58,1.06,-0.54,0.0,0.0,0.0,0.0,0.0,0.0,0.0,1.0,1.0,0.0,0.0,-0.4,0.0,0.0,0.0,0.0,0.0,0.0,0.0,0.0,0.0,170.0,170.0,170.0,170.0,51.0,7.0,128.0,68.0,15.0,0.0,1.0
170.826,52,234415.0,600.0,136.0,600.0,669.0,0.0,1.0,0.0,0.0,0.5,0.048,0.5,0.543,0.509,0.063,0.509,0.555,0.0,0.0,-1.33,-5.58,1.06,-0.54,0.0,0.0,0.0,0.0,0.0,0.0,0.0,1.0,1.0,0.0,0.0,-0.3,0.0,0.0,0.0,0.0,0.0,0.0,0.0,0.0,0.0,170.0,170.0,170.0,170.0,51.0,7.0,128.0,68.0,15.0,0.0,0.0
170.858,52,234467.0,600.0,136.0,600.0,669.0,0.0,1.0,0.0,0.0,0.5,0.048,0.5,0.543,0.509,0.063,0.509,0.555,0.0,0.0,-1.33,-5.58,1.06,-0.54,0.0,0.0,0.0,0.0,0.0,0.0,0.0,1.0,1.0,0.0,0.0,-0.3,0.0,0.0,0.0,0.0,0.0,0.0,0.0,0.0,0.0,170.0,170.0,170.0,170.0,51.0,7.0,128.0,68.0,15.0,0.0,0.0
170.923,52,234519.0,600.0,136.0,600.0,669.0,0.0,1.0,0.0,0.0,0.5,0.048,0.5,0.549,0.509,0.063,0.509,0.563,0.0,0.0,-1.33,-5.59,1.06,-0.54,0.0,0.0,0.0,0.0,0.0,0.0,0.0,1.0,1.0,0.0,0.0,-0.2,0.0,0.0,0.0,0.0,0.0,0.0,0.0,0.0,0.0,170.0,170.0,170.0,170.0,51.0,7.0,128.0,68.0,15.0,0.0,0.0
170.957,54,234573.0,600.0,136.0,600.0,669.0,0.0,1.0,0.0,0.0,0.5,0.048,0.5,0.549,0.509,0.063,0.509,0.563,0.0,0.0,-1.33,-5.59,1.06,-0.54,0.0,0.0,0.0,0.0,0.0,0.0,0.0,1.0,1.0,0.0,0.0,-0.2,0.0,0.0,0.0,0.0,0.0,0.0,0.0,0.0,0.0,170.0,170.0,170.0,170.0,51.0,7.0,128.0,68.0,15.0,0.0,0.0
171.029,52,234625.0,600.0,135.0,600.0,669.0,0.0,1.0,0.0,0.0,0.5,0.048,0.5,0.549,0.509,0.063,0.509,0.563,0.0,0.0,-1.33,-5.59,1.06,-0.54,0.0,0.0,0.0,0.0,0.0,0.0,0.0,1.0,1.0,0.0,0.0,-0.2,0.0,0.0,0.0,0.0,0.0,0.0,0.0,0.0,0.0,170.0,170.0,170.0,170.0,51.0,7.0,128.0,68.0,15.0,0.0,1.0
171.063,53,234678.0,600.0,135.0,600.0,669.0,0.0,1.0,0.0,0.0,0.5,0.048,0.5,0.549,0.509,0.063,0.509,0.563,0.0,0.0,-1.33,-5.59,1.06,-0.54,0.0,0.0,0.0,0.0,0.0,0.0,0.0,1.0,1.0,0.0,0.0,-0.2,0.0,0.0,0.0,0.0,0.0,0.0,0.0,0.0,0.0,170.0,170.0,170.0,170.0,51.0,7.0,128.0,68.0,15.0,0.0,0.0
171.128,52,234730.0,600.0,135.0,600.0,669.0,0.0,1.0,0.0,0.0,0.5,0.048,0.5,0.552,0.509,0.063,0.509,0.566,0.0,0.0,-1.33,-5.59,1.06,-0.54,0.0,0.0,0.0,0.0,0.0,0.0,0.0,1.0,1.0,0.0,0.0,-0.2,0.0,0.0,0.0,0.0,0.0,0.0,0.0,0.0,0.0,170.0,170.0,170.0,170.0,51.0,7.0,128.0,68.0,15.0,0.0,0.0
171.195,54,234784.0,600.0,135.0,600.0,669.0,0.0,1.0,0.0,0.0,0.5,0.048,0.5,0.552,0.509,0.063,0.509,0.566,0.0,0.0,-1.33,-5.59,1.06,-0.54,0.0,0.0,0.0,0.0,0.0,0.0,0.0,1.0,1.0,0.0,0.0,-0.1,0.0,0.0,0.0,0.0,0.0,0.0,0.0,0.0,0.0,170.0,170.0,170.0,170.0,51.0,7.0,128.0,68.0,15.0,0.0,0.0
171.226,51,234835.0,600.0,136.0,600.0,669.0,0.0,1.0,0.0,0.0,0.5,0.048,0.5,0.552,0.509,0.063,0.509,0.566,0.0,0.0,-1.33,-5.59,1.06,-0.54,0.0,0.0,0.0,0.0,0.0,0.0,0.0,1.0,1.0,0.0,0.0,-0.1,0.0,0.0,0.0,0.0,0.0,0.0,0.0,0.0,0.0,170.0,170.0,170.0,170.0,51.0,7.0,128.0,68.0,15.0,0.0,1.0
171.29,53,234888.0,600.0,136.0,480.0,669.0,0.0,1.0,0.0,0.0,0.5,0.048,0.5,0.552,0.509,0.063,0.509,0.566,0.0,0.0,-1.33,-5.59,1.06,-0.54,0.0,0.0,0.0,0.0,0.0,0.0,0.0,1.0,1.0,0.0,0.0,-0.1,0.0,0.0,0.0,0.0,0.0,0.0,0.0,0.0,0.0,170.0,170.0,170.0,170.0,51.0,7.0,128.0,68.0,15.0,0.0,1.0
171.356,52,234940.0,600.0,136.0,480.0,669.0,0.0,1.0,0.0,0.0,0.5,0.049,0.441,0.553,0.509,0.063,0.459,0.567,0.0,0.0,-1.33,-5.58,1.06,-0.54,0.0,0.0,0.0,0.0,0.0,0.0,0.0,1.0,1.0,0.0,0.0,-0.1,0.0,0.0,0.0,0.0,0.0,0.0,0.0,0.0,0.0,170.0,170.0,170.0,170.0,51.0,7.0,128.0,68.0,15.0,0.0,0.0
171.392,54,234994.0,600.0,136.0,480.0,669.0,0.0,1.0,0.0,0.0,0.5,0.049,0.441,0.553,0.509,0.063,0.459,0.567,0.0,0.0,-1.33,-5.58,1.06,-0.54,0.0,0.0,0.0,0.0,0.0,0.0,0.0,1.0,1.0,0.0,0.0,-0.1,0.0,0.0,0.0,0.0,0.0,0.0,0.0,0.0,0.0,170.0,170.0,170.0,170.0,51.0,7.0,128.0,68.0,15.0,0.0,0.0
171.456,52,235046.0,600.0,136.0,480.0,669.0,0.0,1.0,0.0,0.0,0.5,0.049,0.441,0.553,0.509,0.063,0.459,0.567,0.0,0.0,-1.33,-5.58,1.06,-0.54,0.0,0.0,0.0,0.0,0.0,0.0,0.0,1.0,1.0,0.0,0.0,-0.1,0.0,0.0,0.0,0.0,0.0,0.0,0.0,0.0,0.0,170.0,170.0,170.0,170.0,51.0,7.0,128.0,68.0,15.0,0.0,0.0
171.487,52,235098.0,600.0,136.0,360.0,669.0,0.0,1.0,0.0,0.0,0.5,0.049,0.441,0.553,0.509,0.063,0.459,0.567,0.0,0.0,-1.33,-5.58,1.06,-0.54,0.0,0.0,0.0,0.0,0.0,0.0,0.0,1.0,1.0,0.0,0.0,-0.1,0.0,0.0,0.0,0.0,0.0,0.0,0.0,0.0,0.0,170.0,170.0,170.0,170.0,51.0,7.0,128.0,68.0,15.0,0.0,0.0
171.553,52,235150.0,600.0,136.0,360.0,600.0,0.0,1.0,0.0,0.0,0.5,0.049,0.346,0.525,0.508,0.061,0.37,0.542,0.0,0.0,-1.33,-5.58,1.06,-0.54,0.0,0.0,0.0,0.0,0.0,0.0,0.0,1.0,1.0,0.0,0.0,-0.0,0.0,0.0,0.0,0.0,0.0,0.0,0.0,0.0,0.0,170.0,170.0,170.0,170.0,51.0,7.0,128.0,68.0,15.0,0.0,1.0
171.625,53,235203.0,600.0,136.0,360.0,600.0,0.0,1.0,0.0,0.0,0.5,0.049,0.346,0.525,0.508,0.061,0.37,0.542,0.0,0.0,-1.33,-5.58,1.06,-0.54,0.0,0.0,0.0,0.0,0.0,0.0,0.0,1.0,1.0,0.0,0.0,-0.0,0.0,0.0,0.0,0.0,0.0,0.0,0.0,0.0,0.0,170.0,170.0,170.0,170.0,51.0,7.0,128.0,68.0,15.0,0.0,0.0
171.657,52,235255.0,600.0,135.0,360.0,600.0,0.0,1.0,0.0,0.0,0.5,0.049,0.346,0.525,0.508,0.061,0.37,0.542,0.0,0.0,-1.33,-5.58,1.06,-0.54,0.0,0.0,0.0,0.0,0.0,0.0,0.0,1.0,1.0,0.0,0.0,-0.1,0.0,0.0,0.0,0.0,0.0,0.0,0.0,0.0,0.0,170.0,170.0,170.0,170.0,51.0,7.0,128.0,68.0,15.0,0.0,0.0
171.722,52,235307.0,600.0,135.0,360.0,600.0,0.0,1.0,0.0,0.0,0.5,0.049,0.346,0.525,0.508,0.061,0.37,0.542,0.0,0.0,-1.33,-5.58,1.06,-0.54,0.0,0.0,0.0,0.0,0.0,0.0,0.0,1.0,1.0,0.0,0.0,-0.0,0.0,0.0,0.0,0.0,0.0,0.0,0.0,0.0,0.0,170.0,170.0,170.0,170.0,51.0,7.0,128.0,68.0,15.0,0.0,0.0
171.754,52,235359.0,600.0,135.0,360.0,600.0,0.0,1.0,0.0,0.0,0.5,0.049,0.302,0.511,0.508,0.06,0.318,0.526,0.0,0.0,-1.33,-5.58,1.06,-0.54,0.0,0.0,0.0,0.0,0.0,0.0,0.0,1.0,1.0,0.0,0.0,-0.1,0.0,0.0,0.0,0.0,0.0,0.0,0.0,0.0,0.0,170.0,170.0,170.0,170.0,51.0,7.0,128.0,68.0,15.0,0.0,1.0
171.819,54,235413.0,600.0,135.0,360.0,600.0,0.0,1.0,0.0,0.0,0.5,0.049,0.302,0.511,0.508,0.06,0.318,0.526,0.0,0.0,-1.33,-5.58,1.06,-0.54,0.0,0.0,0.0,0.0,0.0,0.0,0.0,1.0,1.0,0.0,0.0,-0.0,0.0,0.0,0.0,0.0,0.0,0.0,0.0,0.0,0.0,170.0,170.0,170.0,170.0,51.0,7.0,128.0,68.0,15.0,0.0,0.0
171.851,51,235464.0,600.0,134.0,360.0,600.0,0.0,1.0,0.0,0.0,0.5,0.049,0.302,0.511,0.508,0.06,0.318,0.526,0.0,0.0,-1.33,-5.58,1.06,-0.54,0.0,0.0,0.0,0.0,0.0,0.0,0.0,1.0,1.0,0.0,0.0,-0.0,0.0,0.0,0.0,0.0,0.0,0.0,0.0,0.0,0.0,170.0,170.0,170.0,170.0,51.0,7.0,128.0,68.0,15.0,0.0,0.0
171.915,35,235499.0,600.0,134.0,360.0,600.0,0.0,1.0,0.0,0.0,0.5,0.049,0.302,0.511,0.508,0.06,0.318,0.526,0.0,0.0,-1.33,-5.58,1.06,-0.54,0.0,0.0,0.0,0.0,0.0,0.0,0.0,1.0,1.0,0.0,0.0,-0.0,0.0,0.0,0.0,0.0,0.0,0.0,0.0,0.0,0.0,170.0,170.0,170.0,170.0,51.0,7.0,128.0,68.0,15.0,0.0,1.0
172.018,100,235599.0,600.0,134.0,360.0,600.0,0.0,1.0,0.0,0.0,0.5,0.048,0.282,0.505,0.508,0.06,0.294,0.518,0.0,0.0,-1.33,-5.58,1.06,-0.54,0.0,0.0,0.0,0.0,0.0,0.0,0.0,1.0,1.0,0.0,0.0,-0.0,0.0,0.0,0.0,0.0,0.0,0.0,0.0,0.0,0.0,170.0,170.0,170.0,170.0,51.0,7.0,128.0,68.0,15.0,0.0,0.0
172.051,52,235651.0,600.0,135.0,360.0,600.0,0.0,1.0,0.0,0.0,0.5,0.048,0.282,0.505,0.508,0.06,0.294,0.518,0.0,0.0,-1.33,-5.58,1.06,-0.54,0.0,0.0,0.0,0.0,0.0,0.0,0.0,1.0,1.0,0.0,0.0,-0.0,0.0,0.0,0.0,0.0,0.0,0.0,0.0,0.0,0.0,170.0,170.0,170.0,170.0,51.0,7.0,128.0,68.0,15.0,0.0,0.0
172.116,54,235705.0,600.0,135.0,360.0,600.0,0.0,1.0,0.0,0.0,0.5,0.048,0.282,0.505,0.508,0.06,0.294,0.518,0.0,0.0,-1.33,-5.59,1.06,-0.54,0.0,0.0,0.0,0.0,0.0,0.0,0.0,1.0,1.0,0.0,0.0,-0.0,0.0,0.0,0.0,0.0,0.0,0.0,0.0,0.0,0.0,170.0,170.0,170.0,170.0,51.0,7.0,128.0,68.0,15.0,0.0,0.0
172.149,52,235757.0,600.0,135.0,360.0,582.0,0.0,1.0,0.0,0.0,0.5,0.048,0.273,0.494,0.508,0.059,0.282,0.507,0.0,0.0,-1.33,-5.59,1.06,-0.54,0.0,0.0,0.0,0.0,0.0,0.0,0.0,1.0,1.0,0.0,0.0,-0.0,0.0,0.0,0.0,0.0,0.0,0.0,0.0,0.0,0.0,170.0,170.0,170.0,170.0,51.0,7.0,128.0,68.0,15.0,0.0,1.0
172.225,53,235810.0,600.0,135.0,360.0,582.0,0.0,1.0,0.0,0.0,0.5,0.048,0.273,0.494,0.508,0.059,0.282,0.507,0.0,0.0,-1.33,-5.59,1.06,-0.54,0.0,0.0,0.0,0.0,0.0,0.0,0.0,1.0,1.0,0.0,0.0,-0.0,0.0,0.0,0.0,0.0,0.0,0.0,0.0,0.0,0.0,170.0,170.0,170.0,170.0,51.0,7.0,128.0,68.0,15.0,0.0,0.0
172.257,53,235863.0,600.0,135.0,360.0,582.0,0.0,1.0,0.0,0.0,0.5,0.048,0.273,0.494,0.508,0.059,0.282,0.507,0.0,0.0,-1.33,-5.59,1.06,-0.54,0.0,0.0,0.0,0.0,0.0,0.0,0.0,1.0,1.0,0.0,0.0,-0.0,0.0,0.0,0.0,0.0,0.0,0.0,0.0,0.0,0.0,170.0,170.0,170.0,170.0,51.0,7.0,128.0,68.0,15.0,0.0,1.0
172.323,53,235916.0,600.0,135.0,480.0,582.0,0.0,1.0,0.0,0.0,0.5,0.048,0.273,0.494,0.508,0.059,0.282,0.507,0.0,0.0,-1.33,-5.59,1.06,-0.54,0.0,0.0,0.0,0.0,0.0,0.0,0.0,1.0,1.0,0.0,0.0,-0.0,0.0,0.0,0.0,0.0,0.0,0.0,0.0,0.0,0.0,170.0,170.0,170.0,170.0,51.0,7.0,128.0,68.0,15.0,0.0,0.0
172.356,52,235968.0,600.0,135.0,480.0,514.0,0.0,1.0,0.0,0.0,0.5,0.048,0.336,0.456,0.507,0.06,0.333,0.474,0.0,0.0,-1.33,-5.59,1.06,-0.54,0.0,0.0,0.0,0.0,0.0,0.0,0.0,1.0,1.0,0.0,0.0,-0.0,0.0,0.0,0.0,0.0,0.0,0.0,0.0,0.0,0.0,170.0,170.0,170.0,170.0,51.0,7.0,128.0,68.0,15.0,0.0,0.0
172.421,53,236021.0,600.0,135.0,480.0,514.0,0.0,1.0,0.0,0.0,0.5,0.048,0.336,0.456,0.507,0.06,0.333,0.474,0.0,0.0,-1.33,-5.59,1.06,-0.54,0.0,0.0,0.0,0.0,0.0,0.0,0.0,1.0,1.0,0.0,0.0,-0.0,0.0,0.0,0.0,0.0,0.0,0.0,0.0,0.0,0.0,170.0,170.0,170.0,170.0,51.0,7.0,128.0,68.0,15.0,0.0,0.0
172.484,51,236072.0,600.0,134.0,480.0,514.0,0.0,1.0,0.0,0.0,0.5,0.048,0.336,0.456,0.507,0.06,0.333,0.474,0.0,0.0,-1.33,-5.59,1.06,-0.54,0.0,0.0,0.0,0.0,0.0,0.0,0.0,1.0,1.0,0.0,0.0,-0.0,0.0,0.0,0.0,0.0,0.0,0.0,0.0,0.0,0.0,170.0,170.0,170.0,170.0,51.0,7.0,128.0,68.0,15.0,0.0,0.0
172.516,54,236126.0,600.0,134.0,600.0,514.0,0.0,1.0,0.0,0.0,0.5,0.048,0.336,0.456,0.507,0.06,0.333,0.474,0.0,0.0,-1.33,-5.59,1.06,-0.54,0.0,0.0,0.0,0.0,0.0,0.0,0.0,1.0,1.0,0.0,0.0,-0.0,0.0,0.0,0.0,0.0,0.0,0.0,0.0,0.0,0.0,170.0,170.0,170.0,170.0,51.0,7.0,128.0,68.0,15.0,0.0,0.0
172.589,52,236178.0,600.0,134.0,600.0,450.0,0.0,1.0,0.0,0.0,0.5,0.048,0.424,0.404,0.507,0.061,0.416,0.426,0.0,0.0,-1.33,-5.59,1.06,-0.54,0.0,0.0,0.0,0.0,0.0,0.0,0.0,1.0,1.0,0.0,0.0,-0.0,0.0,0.0,0.0,0.0,0.0,0.0,0.0,0.0,0.0,170.0,170.0,170.0,170.0,51.0,7.0,128.0,68.0,15.0,0.0,0.0
172.622,53,236231.0,600.0,134.0,600.0,450.0,0.0,1.0,0.0,0.0,0.5,0.048,0.424,0.404,0.507,0.061,0.416,0.426,0.0,0.0,-1.33,-5.59,1.06,-0.54,0.0,0.0,0.0,0.0,0.0,0.0,0.0,1.0,1.0,0.0,0.0,-0.0,0.0,0.0,0.0,0.0,0.0,0.0,0.0,0.0,0.0,170.0,170.0,170.0,170.0,51.0,7.0,128.0,68.0,15.0,0.0,0.0
172.687,53,236284.0,600.0,135.0,600.0,450.0,0.0,1.0,0.0,0.0,0.5,0.048,0.424,0.404,0.507,0.061,0.416,0.426,0.0,0.0,-1.33,-5.59,1.06,-0.54,0.0,0.0,0.0,0.0,0.0,0.0,0.0,1.0,1.0,0.0,0.0,0.0,0.0,0.0,0.0,0.0,0.0,0.0,0.0,0.0,0.0,170.0,170.0,170.0,170.0,51.0,7.0,128.0,68.0,15.0,0.0,0.0
172.752,53,236337.0,600.0,135.0,600.0,450.0,0.0,1.0,0.0,0.0,0.5,0.048,0.424,0.404,0.507,0.061,0.416,0.426,0.0,0.0,-1.33,-5.59,1.06,-0.54,0.0,0.0,0.0,0.0,0.0,0.0,0.0,1.0,1.0,0.0,0.0,0.0,0.0,0.0,0.0,0.0,0.0,0.0,0.0,0.0,0.0,170.0,170.0,170.0,170.0,51.0,7.0,128.0,68.0,15.0,0.0,0.0
172.792,52,236389.0,600.0,135.0,600.0,385.0,0.0,1.0,0.0,0.0,0.5,0.048,0.465,0.344,0.506,0.062,0.464,0.368,0.0,0.0,-1.33,-5.59,1.06,-0.54,0.0,0.0,0.0,0.0,0.0,0.0,0.0,1.0,1.0,0.0,0.0,-0.0,0.0,0.0,0.0,0.0,0.0,0.0,0.0,0.0,0.0,170.0,170.0,170.0,170.0,51.0,7.0,128.0,68.0,15.0,0.0,1.0
172.855,53,236442.0,600.0,135.0,600.0,385.0,0.0,1.0,0.0,0.0,0.5,0.048,0.465,0.344,0.506,0.062,0.464,0.368,0.0,0.0,-1.33,-5.59,1.06,-0.54,0.0,0.0,0.0,0.0,0.0,0.0,0.0,1.0,1.0,0.0,0.0,0.0,0.0,0.0,0.0,0.0,0.0,0.0,0.0,0.0,0.0,170.0,170.0,170.0,170.0,51.0,7.0,128.0,68.0,15.0,0.0,0.0
172.886,51,236493.0,600.0,135.0,600.0,385.0,0.0,1.0,0.0,0.0,0.5,0.048,0.465,0.344,0.506,0.062,0.464,0.368,0.0,0.0,-1.33,-5.59,1.06,-0.54,0.0,0.0,0.0,0.0,0.0,0.0,0.0,1.0,1.0,0.0,0.0,0.0,0.0,0.0,0.0,0.0,0.0,0.0,0.0,0.0,0.0,170.0,170.0,170.0,170.0,51.0,7.0,128.0,68.0,15.0,0.0,0.0
172.951,54,236547.0,600.0,135.0,600.0,385.0,0.0,1.0,0.0,0.0,0.5,0.048,0.465,0.344,0.506,0.062,0.464,0.368,0.0,0.0,-1.33,-5.59,1.06,-0.54,0.0,0.0,0.0,0.0,0.0,0.0,0.0,1.0,1.0,0.0,0.0,0.0,0.0,0.0,0.0,0.0,0.0,0.0,0.0,0.0,0.0,170.0,170.0,170.0,170.0,51.0,7.0,128.0,68.0,15.0,0.0,0.0
173.019,52,236599.0,600.0,135.0,600.0,321.0,0.0,1.0,0.0,1.0,0.5,0.048,0.484,0.279,0.505,0.062,0.485,0.304,0.0,0.0,-1.33,-5.59,1.06,-0.54,0.0,0.0,0.0,0.0,0.0,0.0,0.0,1.0,1.0,0.0,0.0,0.0,0.0,0.0,0.0,0.0,0.0,0.0,0.0,0.0,0.0,170.0,170.0,170.0,170.0,51.0,7.0,128.0,68.0,15.0,0.0,1.0
173.052,53,236652.0,600.0,135.0,600.0,321.0,0.0,1.0,0.0,1.0,0.5,0.048,0.484,0.279,0.505,0.062,0.485,0.304,0.0,0.0,-1.33,-5.59,1.06,-0.54,0.0,0.0,0.0,0.0,0.0,0.0,0.0,1.0,1.0,0.0,0.0,-0.0,0.0,0.0,0.0,0.0,0.0,0.0,0.0,0.0,0.0,170.0,170.0,170.0,170.0,51.0,7.0,128.0,68.0,15.0,0.0,0.0
173.118,54,236706.0,600.0,136.0,600.0,321.0,0.0,1.0,0.0,1.0,0.5,0.048,0.484,0.279,0.505,0.062,0.485,0.304,0.0,0.0,-1.33,-5.59,1.06,-0.54,0.0,0.0,0.0,0.0,0.0,0.0,0.0,1.0,1.0,0.0,0.0,-0.0,0.0,0.0,0.0,0.0,0.0,0.0,0.0,0.0,0.0,170.0,170.0,170.0,170.0,51.0,7.0,128.0,68.0,15.0,0.0,0.0
173.15,34,236740.0,600.0,136.0,600.0,321.0,0.0,1.0,0.0,1.0,0.5,0.048,0.484,0.279,0.505,0.062,0.485,0.304,0.0,0.0,-1.33,-5.59,1.06,-0.54,0.0,0.0,0.0,0.0,0.0,0.0,0.0,1.0,1.0,0.0,0.0,0.0,0.0,0.0,0.0,0.0,0.0,0.0,0.0,0.0,0.0,170.0,170.0,170.0,170.0,51.0,7.0,128.0,68.0,15.0,0.0,1.0
173.249,101,236841.0,600.0,136.0,600.0,274.0,0.0,1.0,0.0,1.0,0.5,0.048,0.492,0.221,0.504,0.063,0.495,0.245,0.0,0.0,-1.33,-5.6,1.06,-0.54,0.0,0.0,0.0,0.0,0.0,0.0,0.0,1.0,1.0,0.0,0.0,0.0,0.0,0.0,0.0,0.0,0.0,0.0,0.0,0.0,0.0,170.0,170.0,170.0,170.0,51.0,7.0,128.0,68.0,15.0,0.0,1.0
173.281,52,236893.0,600.0,136.0,600.0,274.0,0.0,1.0,0.0,1.0,0.5,0.048,0.492,0.221,0.504,0.063,0.495,0.245,0.0,0.0,-1.33,-5.6,1.06,-0.54,0.0,0.0,0.0,0.0,0.0,0.0,0.0,1.0,1.0,0.0,0.0,0.0,0.0,0.0,0.0,0.0,0.0,0.0,0.0,0.0,0.0,170.0,170.0,170.0,170.0,51.0,7.0,128.0,68.0,15.0,0.0,0.0
180.99,7689,244582.0,600.0,136.0,600.0,274.0,0.0,1.0,0.0,1.0,0.5,0.048,0.492,0.221,0.504,0.063,0.495,0.245,0.0,0.0,-1.54,-5.76,-86.51,-86.51,0.0,0.0,0.0,0.0,0.0,7.0,-2.43,1.0,1.0,4.8,-0.6,-9.4,0.3,0.0,0.0,0.0,0.0,0.0,0.0,0.0,0.0,170.0,170.0,170.0,170.0,44.0,16.0,84.0,4.0,15.0,6.0,2.0
181.089,100,244682.0,257.0,136.0,600.0,600.0,1.0,1.0,0.0,0.0,0.5,0.049,0.497,0.371,0.506,0.063,0.502,0.362,0.0,0.0,-1.58,-5.71,-86.59,-86.51,0.0,0.0,0.0,0.0,0.0,9.0,-2.43,1.0,1.0,3.7,-0.5,-7.3,0.2,0.0,0.0,0.0,0.0,0.0,0.0,0.0,0.0,170.0,170.0,170.0,170.0,26.0,16.0,84.0,4.0,15.0,6.0,0.0
181.122,53,244735.0,257.0,106.0,600.0,600.0,1.0,1.0,0.0,0.0,0.5,0.049,0.497,0.371,0.506,0.063,0.502,0.362,0.0,0.0,-1.59,-5.66,-86.78,-86.51,0.0,0.0,0.0,0.0,0.0,0.0,-2.43,1.0,1.0,3.2,-0.4,-6.4,0.2,0.0,0.0,0.0,0.0,0.0,0.0,0.0,0.0,170.0,170.0,170.0,170.0,26.0,16.0,84.0,4.0,15.0,6.0,0.0
181.188,52,244787.0,257.0,106.0,107.0,600.0,1.0,1.0,1.0,0.0,0.5,0.049,0.497,0.371,0.506,0.063,0.502,0.362,0.0,0.0,-1.57,-5.65,-86.82,-86.51,0.0,0.0,0.0,0.0,0.0,0.0,-2.43,1.0,1.0,2.8,-0.4,-5.6,0.1,0.0,0.0,0.0,0.0,0.0,0.0,0.0,0.0,170.0,170.0,170.0,170.0,26.0,16.0,84.0,4.0,15.0,6.0,0.0
181.252,53,244840.0,257.0,106.0,107.0,600.0,1.0,1.0,1.0,0.0,0.315,0.039,0.246,0.44,0.351,0.05,0.293,0.438,0.0,0.0,-1.55,-5.63,-86.87,-86.51,0.0,0.0,0.0,0.0,0.0,0.0,-2.43,1.0,1.0,2.5,-0.3,-5.0,0.1,0.0,0.0,0.0,0.0,0.0,0.0,0.0,0.0,170.0,170.0,170.0,170.0,26.0,16.0,84.0,4.0,15.0,6.0,0.0
181.284,53,244893.0,258.0,106.0,107.0,600.0,1.0,1.0,1.0,0.0,0.315,0.039,0.246,0.44,0.351,0.05,0.293,0.438,0.0,0.0,-1.53,-5.59,-86.9,-86.51,0.0,0.0,0.0,0.0,0.0,0.0,-2.43,1.0,1.0,2.2,-0.3,-4.4,0.1,0.0,0.0,0.0,0.0,0.0,0.0,0.0,0.0,170.0,170.0,170.0,170.0,26.0,16.0,84.0,4.0,15.0,6.0,0.0
181.35,53,244946.0,258.0,106.0,107.0,600.0,1.0,1.0,1.0,0.0,0.315,0.039,0.246,0.44,0.351,0.05,0.293,0.438,0.0,0.0,-1.53,-5.58,-86.89,-86.51,0.0,0.0,0.0,0.0,0.0,0.0,-2.43,1.0,1.0,1.9,-0.0,-3.8,0.1,0.0,0.0,0.0,0.0,0.0,0.0,0.0,0.0,170.0,170.0,170.0,170.0,26.0,16.0,84.0,4.0,15.0,6.0,0.0
181.385,52,244998.0,258.0,106.0,102.0,600.0,1.0,1.0,1.0,0.0,0.315,0.039,0.246,0.44,0.351,0.05,0.293,0.438,0.0,0.0,-1.5,-5.57,-86.88,-86.51,0.0,0.0,0.0,0.0,0.0,0.0,-2.43,1.0,1.0,1.6,0.3,-3.4,-0.8,0.0,0.0,0.0,0.0,0.0,0.0,0.0,0.0,170.0,170.0,170.0,170.0,26.0,16.0,84.0,4.0,15.0,6.0,0.0
181.451,53,245051.0,258.0,106.0,102.0,600.0,1.0,1.0,1.0,0.0,0.229,0.034,0.129,0.472,0.251,0.041,0.156,0.473,0.0,0.0,-1.08,-5.47,-87.34,-86.51,0.0,0.0,0.0,0.0,0.0,0.0,-2.43,1.0,1.0,1.4,0.5,-3.0,-2.1,0.0,0.0,0.0,0.0,0.0,0.0,0.0,0.0,170.0,170.0,170.0,170.0,26.0,16.0,84.0,4.0,15.0,6.0,0.0
181.517,54,245105.0,256.0,106.0,102.0,600.0,1.0,1.0,1.0,0.0,0.229,0.034,0.129,0.472,0.251,0.041,0.156,0.473,0.0,0.0,-0.98,-5.45,-87.41,-86.51,0.0,0.0,0.0,0.0,0.0,0.0,-2.43,1.0,1.0,1.2,0.4,-2.6,-2.0,0.0,0.0,0.0,0.0,0.0,0.0,0.0,0.0,170.0,170.0,170.0,170.0,26.0,16.0,84.0,4.0,15.0,6.0,0.0
181.55,53,245158.0,256.0,106.0,102.0,600.0,1.0,1.0,1.0,0.0,0.229,0.034,0.129,0.472,0.251,0.041,0.156,0.473,0.0,0.0,-0.66,-5.37,-87.44,-86.51,0.0,0.0,0.0,0.0,0.0,0.0,-2.43,1.0,1.0,1.1,0.4,-2.3,-1.8,0.0,0.0,0.0,0.0,0.0,0.0,0.0,0.0,170.0,170.0,170.0,170.0,26.0,16.0,84.0,4.0,15.0,6.0,0.0
181.617,52,245210.0,256.0,106.0,96.0,600.0,1.0,1.0,1.0,0.0,0.229,0.034,0.129,0.472,0.251,0.041,0.156,0.473,0.0,0.0,0.18,-5.29,-87.2,-86.51,0.0,0.0,0.0,0.0,0.0,0.0,-2.43,1.0,1.0,0.9,0.4,-2.0,-1.5,0.0,0.0,0.0,0.0,0.0,0.0,0.0,0.0,170.0,170.0,170.0,170.0,24.0,18.0,84.0,4.0,15.0,6.0,0.0
181.65,53,245263.0,256.0,106.0,96.0,600.0,1.0,1.0,1.0,0.0,0.189,0.032,0.073,0.487,0.203,0.036,0.09,0.489,0.0,0.0,0.84,-5.29,-86.85,-86.51,0.0,0.0,0.0,0.0,0.0,0.0,-2.43,1.0,1.0,0.9,0.3,-1.7,-1.3,0.0,0.0,0.0,0.0,0.0,0.0,0.0,0.0,170.0,170.0,170.0,170.0,24.0,18.0,84.0,4.0,15.0,6.0,0.0
181.715,53,245316.0,254.0,106.0,96.0,600.0,1.0,1.0,1.0,0.0,0.189,0.032,0.073,0.487,0.203,0.036,0.09,0.489,0.0,0.0,2.67,-5.31,-85.35,-86.51,0.0,0.0,0.0,0.0,0.0,0.0,-2.43,1.0,1.0,0.7,0.3,-1.5,-1.1,0.0,0.0,0.0,0.0,0.0,0.0,0.0,0.0,170.0,170.0,170.0,170.0,24.0,18.0,84.0,4.0,15.0,6.0,1.0
181.781,53,245369.0,254.0,106.0,96.0,600.0,1.0,1.0,1.0,0.0,0.189,0.032,0.073,0.487,0.203,0.036,0.09,0.489,0.0,0.0,3.22,-5.33,-85.0,-86.51,0.0,0.0,0.0,0.0,0.0,0.0,-2.43,1.0,1.0,0.7,0.2,-1.4,-1.0,0.0,0.0,0.0,0.0,0.0,0.0,0.0,0.0,170.0,170.0,170.0,170.0,24.0,18.0,84.0,4.0,15.0,6.0,0.0
181.813,52,245421.0,254.0,106.0,92.0,600.0,1.0,1.0,1.0,0.0,0.189,0.032,0.073,0.487,0.203,0.036,0.09,0.489,0.0,0.0,4.33,-5.36,-84.41,-86.51,0.0,0.0,0.0,0.0,0.0,0.0,-2.43,1.0,1.0,0.7,0.2,-1.4,-1.0,0.0,0.0,0.0,0.0,0.0,0.0,0.0,0.0,170.0,170.0,170.0,170.0,24.0,18.0,84.0,4.0,15.0,6.0,0.0
181.878,53,245474.0,254.0,106.0,92.0,600.0,1.0,1.0,1.0,0.0,0.169,0.031,0.046,0.494,0.18,0.034,0.058,0.496,0.0,0.0,6.07,-5.44,-83.53,-86.51,0.0,0.0,0.0,0.0,0.0,0.0,-2.43,1.0,1.0,0.6,0.2,-1.1,-0.6,0.0,0.0,0.0,0.0,0.0,0.0,0.0,0.0,170.0,170.0,170.0,170.0,24.0,18.0,84.0,4.0,15.0,6.0,0.0
181.943,54,245528.0,252.0,106.0,92.0,600.0,1.0,1.0,1.0,0.0,0.169,0.031,0.046,0.494,0.18,0.034,0.058,0.496,0.0,0.0,6.31,-5.46,-83.48,-86.51,0.0,0.0,0.0,0.0,0.0,0.0,-2.43,1.0,1.0,0.5,0.2,-0.9,-0.7,0.0,0.0,0.0,0.0,0.0,0.0,0.0,0.0,170.0,170.0,170.0,170.0,24.0,18.0,84.0,4.0,15.0,6.0,0.0
181.976,51,245579.0,252.0,104.0,92.0,600.0,1.0,1.0,1.0,0.0,0.169,0.031,0.046,0.494,0.18,0.034,0.058,0.496,0.0,0.0,6.72,-5.48,-83.49,-86.51,0.0,0.0,0.0,0.0,0.0,0.0,-2.43,1.0,1.0,0.5,0.2,-0.9,-0.7,0.0,0.0,0.0,0.0,0.0,0.0,0.0,0.0,170.0,170.0,170.0,170.0,24.0,18.0,84.0,4.0,15.0,6.0,0.0
182.041,54,245633.0,252.0,104.0,88.0,600.0,1.0,1.0,1.0,0.0,0.169,0.031,0.046,0.494,0.18,0.034,0.058,0.496,0.0,0.0,7.59,-5.38,-84.04,-86.51,0.0,0.0,0.0,0.0,0.0,0.0,-2.43,1.0,1.0,0.4,0.1,-0.7,-0.7,0.0,0.0,0.0,0.0,0.0,0.0,0.0,0.0,170.0,170.0,170.0,170.0,24.0,18.0,84.0,4.0,15.0,6.0,0.0
182.074,52,245685.0,252.0,104.0,88.0,600.0,1.0,1.0,1.0,0.0,0.159,0.03,0.033,0.497,0.168,0.033,0.043,0.5,0.0,0.0,7.76,-5.37,-84.21,-86.51,0.0,0.0,0.0,0.0,0.0,0.0,-2.43,1.0,1.0,0.4,0.1,-0.5,-0.6,0.0,0.0,0.0,0.0,0.0,0.0,0.0,0.0,170.0,170.0,170.0,170.0,24.0,18.0,84.0,4.0,15.0,6.0,1.0
182.138,53,245738.0,246.0,104.0,88.0,600.0,1.0,1.0,1.0,0.0,0.159,0.03,0.033,0.497,0.168,0.033,0.043,0.5,0.0,0.0,8.11,-5.37,-84.58,-86.51,0.0,0.0,0.0,0.0,0.0,0.0,-2.43,1.0,1.0,0.4,0.1,-0.4,-0.5,0.0,0.0,0.0,0.0,0.0,0.0,0.0,0.0,170.0,170.0,170.0,170.0,26.0,18.0,90.0,6.0,15.0,6.0,0.0
182.203,51,245789.0,246.0,103.0,88.0,600.0,1.0,1.0,1.0,0.0,0.159,0.03,0.033,0.497,0.168,0.033,0.043,0.5,0.0,0.0,8.61,-5.37,-85.07,-86.51,0.0,0.0,0.0,0.0,0.0,0.0,-2.43,1.0,1.0,0.4,0.1,-0.3,-0.5,0.0,0.0,0.0,0.0,0.0,0.0,0.0,0.0,170.0,170.0,170.0,170.0,26.0,18.0,90.0,6.0,15.0,6.0,0.0
182.236,54,245843.0,246.0,103.0,87.0,600.0,1.0,1.0,1.0,0.0,0.159,0.03,0.033,0.497,0.168,0.033,0.043,0.5,0.0,0.0,8.73,-5.36,-85.31,-86.51,0.0,0.0,0.0,0.0,0.0,0.0,-2.43,1.0,1.0,0.2,0.1,-0.2,-0.4,0.0,0.0,0.0,0.0,0.0,0.0,0.0,0.0,170.0,170.0,170.0,170.0,26.0,18.0,90.0,6.0,15.0,6.0,0.0
182.3,52,245895.0,246.0,103.0,87.0,600.0,1.0,1.0,1.0,0.0,0.151,0.029,0.026,0.499,0.16,0.032,0.035,0.501,0.0,0.0,8.75,-5.33,-85.64,-86.51,0.0,0.0,0.0,0.0,0.0,0.0,-2.43,1.0,1.0,0.2,0.1,-0.2,-0.3,0.0,0.0,0.0,0.0,0.0,0.0,0.0,0.0,170.0,170.0,170.0,170.0,26.0,18.0,90.0,6.0,15.0,6.0,0.0
182.332,54,245949.0,241.0,103.0,87.0,600.0,1.0,1.0,1.0,0.0,0.151,0.029,0.026,0.499,0.16,0.032,0.035,0.501,0.0,0.0,8.72,-5.33,-85.69,-86.51,0.0,0.0,0.0,0.0,0.0,0.0,-2.43,1.0,1.0,0.1,0.1,-0.2,-0.3,0.0,0.0,0.0,0.0,0.0,0.0,0.0,0.0,170.0,170.0,170.0,170.0,26.0,18.0,90.0,6.0,15.0,6.0,0.0
182.397,51,246000.0,241.0,100.0,87.0,600.0,1.0,1.0,1.0,0.0,0.151,0.029,0.026,0.499,0.16,0.032,0.035,0.501,0.0,0.0,8.59,-5.33,-85.66,-86.51,0.0,0.0,0.0,0.0,0.0,0.0,-2.43,1.0,1.0,0.1,0.1,-0.2,-0.3,0.0,0.0,0.0,0.0,0.0,0.0,0.0,0.0,170.0,170.0,170.0,170.0,26.0,18.0,90.0,6.0,15.0,6.0,0.0
182.462,53,246053.0,241.0,100.0,87.0,600.0,1.0,1.0,1.0,0.0,0.151,0.029,0.026,0.499,0.16,0.032,0.035,0.501,0.0,0.0,8.39,-5.29,-85.77,-86.51,0.0,0.0,0.0,0.0,0.0,0.0,-2.43,1.0,1.0,0.1,0.0,-0.1,-0.3,0.0,0.0,0.0,0.0,0.0,0.0,0.0,0.0,170.0,170.0,170.0,170.0,26.0,18.0,90.0,6.0,15.0,6.0,0.0
182.493,53,246106.0,241.0,100.0,87.0,600.0,1.0,1.0,1.0,0.0,0.145,0.028,0.023,0.499,0.153,0.031,0.031,0.502,0.0,0.0,8.37,-5.3,-85.78,-86.51,0.0,0.0,0.0,0.0,0.0,0.0,-2.43,1.0,1.0,0.1,0.0,-0.1,-0.2,0.0,0.0,0.0,0.0,0.0,0.0,0.0,0.0,170.0,170.0,170.0,170.0,26.0,18.0,90.0,6.0,15.0,6.0,1.0
182.557,53,246159.0,241.0,100.0,87.0,600.0,1.0,1.0,1.0,0.0,0.145,0.028,0.023,0.499,0.153,0.031,0.031,0.502,0.0,0.0,8.12,-5.28,-85.66,-86.51,0.0,0.0,0.0,0.0,0.0,0.0,-2.43,1.0,1.0,0.1,0.0,-0.1,-0.2,0.0,0.0,0.0,0.0,0.0,0.0,0.0,0.0,170.0,170.0,170.0,170.0,26.0,18.0,90.0,6.0,15.0,6.0,0.0
182.621,51,246210.0,241.0,98.0,87.0,600.0,1.0,1.0,1.0,0.0,0.145,0.028,0.023,0.499,0.153,0.031,0.031,0.502,0.0,0.0,8.03,-5.27,-85.64,-86.51,0.0,0.0,0.0,0.0,0.0,0.0,-2.43,1.0,1.0,0.1,0.0,-0.0,-0.2,0.0,0.0,0.0,0.0,0.0,0.0,0.0,0.0,170.0,170.0,170.0,170.0,26.0,18.0,90.0,6.0,15.0,6.0,0.0
182.652,53,246263.0,241.0,98.0,86.0,600.0,1.0,1.0,1.0,0.0,0.145,0.028,0.023,0.499,0.153,0.031,0.031,0.502,0.0,0.0,7.89,-5.27,-85.63,-86.51,0.0,0.0,0.0,0.0,0.0,0.0,-2.43,1.0,1.0,0.1,0.0,-0.0,-0.2,0.0,0.0,0.0,0.0,0.0,0.0,0.0,0.0,170.0,170.0,170.0,170.0,26.0,18.0,90.0,6.0,15.0,6.0,0.0
182.718,53,246316.0,241.0,98.0,86.0,600.0,1.0,1.0,1.0,0.0,0.141,0.027,0.022,0.5,0.15,0.03,0.03,0.502,0.0,0.0,7.73,-5.27,-85.79,-86.51,0.0,0.0,0.0,0.0,0.0,0.0,-2.43,1.0,1.0,0.1,0.0,-0.0,-0.1,0.0,0.0,0.0,0.0,0.0,0.0,0.0,0.0,170.0,170.0,170.0,170.0,26.0,18.0,90.0,6.0,15.0,6.0,0.0
182.784,54,246370.0,239.0,98.0,86.0,600.0,1.0,1.0,1.0,0.0,0.141,0.027,0.022,0.5,0.15,0.03,0.03,0.502,0.0,0.0,7.73,-5.28,-85.82,-86.51,0.0,0.0,0.0,0.0,0.0,0.0,-2.43,1.0,1.0,0.1,0.0,-0.0,-0.1,0.0,0.0,0.0,0.0,0.0,0.0,0.0,0.0,170.0,170.0,170.0,170.0,26.0,18.0,90.0,6.0,15.0,6.0,0.0
182.816,52,246422.0,239.0,96.0,86.0,600.0,1.0,1.0,1.0,0.0,0.141,0.027,0.022,0.5,0.15,0.03,0.03,0.502,0.0,0.0,7.8,-5.28,-85.93,-86.51,0.0,0.0,0.0,0.0,0.0,0.0,-2.43,1.0,1.0,0.1,0.0,-0.0,-0.1,0.0,0.0,0.0,0.0,0.0,0.0,0.0,0.0,170.0,170.0,170.0,170.0,26.0,18.0,90.0,6.0,15.0,6.0,0.0
182.881,54,246476.0,239.0,96.0,85.0,600.0,1.0,1.0,1.0,0.0,0.141,0.027,0.022,0.5,0.15,0.03,0.03,0.502,0.0,0.0,7.81,-5.29,-85.96,-86.51,0.0,0.0,0.0,0.0,0.0,0.0,-2.43,1.0,1.0,0.0,0.0,-0.0,-0.1,0.0,0.0,0.0,0.0,0.0,0.0,0.0,0.0,170.0,170.0,170.0,170.0,26.0,18.0,90.0,6.0,15.0,6.0,0.0
182.913,52,246528.0,239.0,96.0,85.0,600.0,1.0,1.0,1.0,0.0,0.139,0.026,0.021,0.5,0.147,0.028,0.028,0.502,0.0,0.0,7.82,-5.29,-85.96,-86.51,0.0,0.0,0.0,0.0,0.0,0.0,-2.43,1.0,1.0,0.0,0.0,-0.0,-0.1,0.0,0.0,0.0,0.0,0.0,0.0,0.0,0.0,170.0,170.0,170.0,170.0,26.0,18.0,90.0,6.0,15.0,6.0,1.0
182.985,53,246581.0,238.0,96.0,85.0,600.0,1.0,1.0,1.0,0.0,0.139,0.026,0.021,0.5,0.147,0.028,0.028,0.502,0.0,0.0,7.87,-5.29,-85.97,-86.51,0.0,0.0,0.0,0.0,0.0,0.0,-2.43,1.0,1.0,0.0,0.0,-0.0,-0.0,0.0,0.0,0.0,0.0,0.0,0.0,0.0,0.0,170.0,170.0,170.0,170.0,26.0,18.0,90.0,6.0,15.0,6.0,0.0
183.018,51,246632.0,238.0,96.0,85.0,600.0,1.0,1.0,1.0,0.0,0.139,0.026,0.021,0.5,0.147,0.028,0.028,0.502,0.0,0.0,8.02,-5.31,-85.96,-85.96,0.0,0.0,0.0,0.0,0.0,0.0,-2.43,1.0,1.0,0.0,0.0,-0.0,-0.0,0.0,0.0,0.0,0.0,0.0,0.0,0.0,0.0,170.0,170.0,170.0,170.0,26.0,18.0,90.0,6.0,15.0,6.0,0.0
183.088,53,246685.0,238.0,96.0,83.0,600.0,1.0,1.0,1.0,0.0,0.139,0.026,0.021,0.5,0.147,0.028,0.028,0.502,0.0,0.0,7.98,-5.31,-85.92,-85.96,0.0,0.0,0.0,0.0,0.0,0.0,-2.43,1.0,1.0,0.0,0.0,-0.0,-0.1,0.0,0.0,0.0,0.0,0.0,0.0,0.0,0.0,170.0,170.0,170.0,170.0,26.0,18.0,90.0,6.0,15.0,6.0,0.0
183.122,52,246737.0,238.0,96.0,83.0,600.0,1.0,1.0,1.0,0.0,0.137,0.025,0.02,0.5,0.145,0.028,0.028,0.502,0.0,0.0,7.84,-5.31,-85.9,-85.96,0.0,0.0,0.0,0.0,0.0,0.0,-2.43,1.0,1.0,0.0,0.0,0.0,-0.1,0.0,0.0,0.0,0.0,0.0,0.0,0.0,0.0,170.0,170.0,170.0,170.0,26.0,18.0,90.0,6.0,15.0,6.0,0.0
183.194,54,246791.0,238.0,96.0,83.0,600.0,1.0,1.0,1.0,0.0,0.137,0.025,0.02,0.5,0.145,0.028,0.028,0.502,0.0,0.0,7.69,-5.3,-85.97,-85.96,0.0,0.0,0.0,0.0,0.0,0.0,-2.43,1.0,1.0,0.0,0.0,0.0,-0.0,0.0,0.0,0.0,0.0,0.0,0.0,0.0,0.0,170.0,170.0,170.0,170.0,26.0,18.0,90.0,6.0,15.0,6.0,0.0
183.227,51,246842.0,238.0,96.0,83.0,600.0,1.0,1.0,1.0,0.0,0.137,0.025,0.02,0.5,0.145,0.028,0.028,0.502,0.0,0.0,7.65,-5.32,-85.95,-85.96,0.0,0.0,0.0,0.0,0.0,0.0,-2.43,1.0,1.0,0.0,0.0,0.0,-0.0,0.0,0.0,0.0,0.0,0.0,0.0,0.0,0.0,170.0,170.0,170.0,170.0,26.0,18.0,90.0,6.0,15.0,6.0,0.0
183.293,53,246895.0,238.0,96.0,83.0,600.0,1.0,1.0,1.0,0.0,0.137,0.025,0.02,0.5,0.145,0.028,0.028,0.502,0.0,0.0,7.75,-5.32,-85.91,-85.96,0.0,0.0,0.0,0.0,0.0,0.0,-2.43,1.0,1.0,0.0,0.0,0.0,-0.0,0.0,0.0,0.0,0.0,0.0,0.0,0.0,0.0,170.0,170.0,170.0,170.0,26.0,18.0,90.0,6.0,15.0,6.0,0.0
183.36,53,246948.0,238.0,96.0,83.0,600.0,1.0,1.0,1.0,0.0,0.137,0.025,0.019,0.5,0.145,0.027,0.027,0.502,0.0,0.0,7.79,-5.33,-85.95,-85.96,0.0,0.0,0.0,0.0,0.0,0.0,-2.43,1.0,1.0,0.0,0.0,0.0,-0.0,0.0,0.0,0.0,0.0,0.0,0.0,0.0,0.0,170.0,170.0,170.0,170.0,26.0,18.0,90.0,6.0,15.0,6.0,1.0
183.393,53,247001.0,240.0,96.0,83.0,600.0,1.0,1.0,1.0,0.0,0.137,0.025,0.019,0.5,0.145,0.027,0.027,0.502,0.0,0.0,7.83,-5.33,-86.0,-85.96,0.0,0.0,0.0,0.0,0.0,0.0,-2.43,1.0,1.0,0.0,0.0,0.0,-0.0,0.0,0.0,0.0,0.0,0.0,0.0,0.0,0.0,170.0,170.0,170.0,170.0,26.0,18.0,90.0,6.0,15.0,6.0,0.0
183.459,52,247053.0,240.0,97.0,83.0,600.0,1.0,1.0,1.0,0.0,0.137,0.025,0.019,0.5,0.145,0.027,0.027,0.502,0.0,0.0,7.87,-5.34,-86.16,-85.96,0.0,0.0,0.0,0.0,0.0,0.0,-2.43,1.0,1.0,0.0,0.0,0.0,-0.0,0.0,0.0,0.0,0.0,0.0,0.0,0.0,0.0,170.0,170.0,170.0,170.0,26.0,18.0,90.0,6.0,15.0,6.0,0.0
183.492,52,247105.0,240.0,97.0,83.0,600.0,1.0,1.0,1.0,0.0,0.137,0.025,0.019,0.5,0.145,0.027,0.027,0.502,0.0,0.0,7.93,-5.33,-86.21,-85.96,0.0,0.0,0.0,0.0,0.0,0.0,-2.43,1.0,1.0,0.0,0.0,0.0,0.0,0.0,0.0,0.0,0.0,0.0,0.0,0.0,0.0,170.0,170.0,170.0,170.0,26.0,18.0,90.0,6.0,15.0,6.0,0.0
183.559,53,247158.0,240.0,97.0,83.0,600.0,1.0,1.0,1.0,0.0,0.137,0.025,0.019,0.5,0.145,0.027,0.027,0.502,0.0,0.0,8.12,-5.35,-86.26,-85.96,0.0,0.0,0.0,0.0,0.0,0.0,-2.43,1.0,1.0,0.0,0.0,0.0,0.0,0.0,0.0,0.0,0.0,0.0,0.0,0.0,0.0,170.0,170.0,170.0,170.0,26.0,18.0,90.0,6.0,15.0,6.0,1.0
183.623,54,247212.0,240.0,97.0,83.0,600.0,1.0,1.0,1.0,0.0,0.137,0.025,0.019,0.5,0.145,0.027,0.027,0.502,0.0,0.0,8.4,-5.37,-86.23,-85.96,0.0,0.0,0.0,0.0,0.0,0.0,-2.43,1.0,1.0,0.0,0.0,0.0,0.0,0.0,0.0,0.0,0.0,0.0,0.0,0.0,0.0,170.0,170.0,170.0,170.0,26.0,18.0,90.0,6.0,15.0,6.0,1.0
183.654,52,247264.0,240.0,96.0,83.0,600.0,1.0,1.0,1.0,0.0,0.137,0.025,0.019,0.5,0.145,0.027,0.027,0.502,0.0,0.0,8.49,-5.38,-86.21,-85.96,0.0,0.0,0.0,0.0,0.0,0.0,-2.43,1.0,1.0,0.0,0.0,0.0,0.0,0.0,0.0,0.0,0.0,0.0,0.0,0.0,0.0,170.0,170.0,170.0,170.0,26.0,18.0,90.0,6.0,15.0,6.0,0.0
183.717,53,247317.0,240.0,96.0,83.0,600.0,1.0,1.0,1.0,0.0,0.137,0.025,0.019,0.5,0.145,0.027,0.027,0.502,0.0,0.0,8.28,-5.37,-86.14,-85.96,0.0,0.0,0.0,0.0,0.0,0.0,-2.43,1.0,1.0,0.0,0.0,-0.4,0.0,0.0,0.0,0.0,0.0,0.0,0.0,0.0,0.0,170.0,170.0,170.0,170.0,28.0,18.0,68.0,6.0,15.0,6.0,0.0
183.783,53,247370.0,240.0,96.0,83.0,600.0,1.0,1.0,1.0,0.0,0.138,0.025,0.019,0.5,0.145,0.027,0.027,0.502,0.0,0.0,8.22,-5.37,-86.08,-85.96,0.0,0.0,0.0,0.0,0.0,0.0,-2.43,1.0,1.0,0.1,0.0,-1.4,-0.0,0.0,0.0,0.0,0.0,0.0,0.0,0.0,0.0,170.0,170.0,170.0,170.0,28.0,18.0,68.0,6.0,15.0,6.0,0.0
183.814,53,247423.0,241.0,96.0,83.0,600.0,1.0,1.0,1.0,0.0,0.138,0.025,0.019,0.5,0.145,0.027,0.027,0.502,0.0,0.0,8.19,-5.37,-85.95,-85.96,0.0,0.0,0.0,0.0,0.0,0.0,-2.43,1.0,1.0,0.1,0.0,-1.4,-0.0,0.0,0.0,0.0,0.0,0.0,0.0,0.0,0.0,170.0,170.0,170.0,170.0,28.0,18.0,68.0,6.0,15.0,6.0,0.0
183.878,54,247477.0,241.0,95.0,83.0,600.0,1.0,1.0,1.0,0.0,0.138,0.025,0.019,0.5,0.145,0.027,0.027,0.502,0.0,0.0,8.57,-5.36,-86.08,-85.96,0.0,0.0,0.0,0.0,0.0,0.0,-2.43,1.0,1.0,0.1,0.0,-1.2,-0.0,0.0,0.0,0.0,0.0,0.0,0.0,0.0,0.0,170.0,170.0,170.0,170.0,28.0,18.0,68.0,6.0,15.0,6.0,1.0
183.943,52,247529.0,241.0,95.0,83.0,600.0,1.0,1.0,1.0,0.0,0.138,0.025,0.019,0.5,0.145,0.027,0.027,0.502,0.0,0.0,8.6,-5.37,-86.16,-85.96,0.0,0.0,0.0,0.0,0.0,0.0,-2.43,1.0,1.0,0.1,0.0,-1.2,-0.0,0.0,0.0,0.0,0.0,0.0,0.0,0.0,0.0,170.0,170.0,170.0,170.0,28.0,18.0,68.0,6.0,15.0,6.0,0.0
183.976,53,247582.0,241.0,95.0,83.0,600.0,1.0,1.0,1.0,0.0,0.138,0.025,0.019,0.5,0.146,0.027,0.026,0.502,0.0,0.0,8.65,-5.37,-86.34,-85.96,0.0,0.0,0.0,0.0,0.0,0.0,-2.43,1.0,1.0,0.0,0.0,-0.9,0.0,0.0,0.0,0.0,0.0,0.0,0.0,0.0,0.0,170.0,170.0,170.0,170.0,28.0,18.0,68.0,6.0,15.0,6.0,0.0
184.042,54,247636.0,242.0,95.0,83.0,600.0,1.0,1.0,1.0,0.0,0.138,0.025,0.019,0.5,0.146,0.027,0.026,0.502,0.0,0.0,8.46,-5.38,-86.28,-85.96,0.0,0.0,0.0,0.0,0.0,0.0,-2.43,1.0,1.0,0.0,0.0,-0.2,0.1,0.0,0.0,0.0,0.0,0.0,0.0,0.0,0.0,170.0,170.0,170.0,170.0,28.0,18.0,68.0,6.0,15.0,6.0,0.0
184.075,52,247688.0,242.0,94.0,83.0,600.0,1.0,1.0,1.0,0.0,0.138,0.025,0.019,0.5,0.146,0.027,0.026,0.502,0.0,0.0,8.53,-5.39,-86.28,-85.96,0.0,0.0,0.0,0.0,0.0,0.0,-2.43,1.0,1.0,-0.0,0.0,2.3,-0.0,0.0,0.0,0.0,0.0,0.0,0.0,0.0,0.0,170.0,170.0,170.0,170.0,28.0,18.0,68.0,6.0,15.0,6.0,0.0
184.139,53,247741.0,242.0,94.0,83.0,600.0,1.0,1.0,1.0,0.0,0.138,0.025,0.019,0.5,0.146,0.027,0.026,0.502,0.0,0.0,8.51,-5.42,-86.31,-85.96,0.0,0.0,0.0,0.0,0.0,0.0,-2.43,1.0,1.0,-0.0,0.0,2.3,-0.0,0.0,0.0,0.0,0.0,0.0,0.0,0.0,0.0,170.0,170.0,170.0,170.0,28.0,18.0,68.0,6.0,15.0,6.0,0.0
184.203,53,247794.0,242.0,94.0,83.0,600.0,1.0,1.0,1.0,0.0,0.139,0.024,0.019,0.5,0.147,0.027,0.026,0.502,0.0,0.0,8.07,-5.37,-86.41,-85.96,0.0,0.0,0.0,0.0,0.0,0.0,-2.43,1.0,1.0,-0.1,0.0,1.9,-0.0,0.0,0.0,0.0,0.0,0.0,0.0,0.0,0.0,170.0,170.0,170.0,170.0,28.0,18.0,68.0,6.0,15.0,6.0,0.0
184.235,53,247847.0,243.0,94.0,83.0,600.0,1.0,1.0,1.0,0.0,0.139,0.024,0.019,0.5,0.147,0.027,0.026,0.502,0.0,0.0,8.03,-5.37,-86.38,-85.96,0.0,0.0,0.0,0.0,0.0,0.0,-2.43,1.0,1.0,-0.0,0.0,1.7,-0.0,0.0,0.0,0.0,0.0,0.0,0.0,0.0,0.0,170.0,170.0,170.0,170.0,30.0,18.0,10.0,4.0,15.0,6.0,1.0
184.298,52,247899.0,243.0,92.0,83.0,600.0,1.0,1.0,1.0,0.0,0.139,0.024,0.019,0.5,0.147,0.027,0.026,0.502,0.0,0.0,7.92,-5.38,-86.28,-85.96,0.0,0.0,0.0,0.0,0.0,0.0,-2.43,1.0,1.0,-0.0,0.0,1.1,-0.0,0.0,0.0,0.0,0.0,0.0,0.0,0.0,0.0,170.0,170.0,170.0,170.0,30.0,18.0,10.0,4.0,15.0,6.0,0.0
184.362,53,247952.0,243.0,92.0,83.0,600.0,1.0,1.0,1.0,0.0,0.139,0.024,0.019,0.5,0.147,0.027,0.026,0.502,0.0,0.0,8.07,-5.37,-86.42,-85.96,0.0,0.0,0.0,0.0,0.0,0.0,-2.43,1.0,1.0,-0.0,0.0,1.0,-0.0,0.0,0.0,0.0,0.0,0.0,0.0,0.0,0.0,170.0,170.0,170.0,170.0,30.0,18.0,10.0,4.0,15.0,6.0,0.0
184.393,53,248005.0,243.0,92.0,83.0,600.0,1.0,1.0,1.0,0.0,0.14,0.024,0.019,0.5,0.148,0.026,0.026,0.502,0.0,0.0,8.44,-5.38,-86.51,-85.96,0.0,0.0,0.0,0.0,0.0,0.0,-2.43,1.0,1.0,-0.0,0.0,1.0,0.0,0.0,0.0,0.0,0.0,0.0,0.0,0.0,0.0,170.0,170.0,170.0,170.0,30.0,18.0,10.0,4.0,15.0,6.0,0.0
184.456,54,248059.0,243.0,92.0,83.0,600.0,1.0,1.0,1.0,0.0,0.14,0.024,0.019,0.5,0.148,0.026,0.026,0.502,0.0,0.0,9.1,-5.42,-86.4,-85.96,0.0,0.0,0.0,0.0,0.0,0.0,-2.43,1.0,1.0,0.1,0.0,1.0,0.0,0.0,0.0,0.0,0.0,0.0,0.0,0.0,0.0,170.0,170.0,170.0,170.0,30.0,18.0,10.0,4.0,15.0,6.0,1.0
184.52,52,248111.0,243.0,90.0,83.0,600.0,1.0,1.0,1.0,0.0,0.14,0.024,0.019,0.5,0.148,0.026,0.026,0.502,0.0,0.0,9.09,-5.43,-86.38,-85.96,0.0,0.0,0.0,0.0,0.0,0.0,-2.43,1.0,1.0,0.0,0.0,0.9,-0.0,0.0,0.0,0.0,0.0,0.0,0.0,0.0,0.0,170.0,170.0,170.0,170.0,30.0,18.0,10.0,4.0,15.0,6.0,0.0
184.553,52,248163.0,243.0,90.0,82.0,600.0,1.0,1.0,1.0,0.0,0.14,0.024,0.019,0.5,0.148,0.026,0.026,0.502,0.0,0.0,8.91,-5.43,-86.43,-85.96,0.0,0.0,0.0,0.0,0.0,0.0,-2.43,1.0,1.0,0.0,0.0,0.9,-0.0,0.0,0.0,0.0,0.0,0.0,0.0,0.0,0.0,170.0,170.0,170.0,170.0,30.0,18.0,10.0,4.0,15.0,6.0,0.0
184.619,54,248217.0,243.0,90.0,82.0,600.0,1.0,1.0,1.0,0.0,0.141,0.023,0.018,0.5,0.148,0.025,0.026,0.502,0.0,0.0,8.41,-5.39,-86.67,-85.96,0.0,0.0,0.0,0.0,0.0,0.0,-2.43,1.0,1.0,0.0,0.0,0.8,-0.0,0.0,0.0,0.0,0.0,0.0,0.0,0.0,0.0,170.0,170.0,170.0,170.0,30.0,18.0,10.0,4.0,15.0,6.0,0.0
184.685,53,248270.0,245.0,90.0,82.0,600.0,1.0,1.0,1.0,0.0,0.141,0.023,0.018,0.5,0.148,0.025,0.026,0.502,0.0,0.0,8.37,-5.39,-86.74,-85.96,0.0,0.0,0.0,0.0,0.0,0.0,-2.43,1.0,1.0,0.0,0.0,0.8,0.0,0.0,0.0,0.0,0.0,0.0,0.0,0.0,0.0,170.0,170.0,170.0,170.0,30.0,18.0,10.0,4.0,15.0,6.0,0.0
184.717,52,248322.0,245.0,88.0,82.0,600.0,1.0,1.0,1.0,0.0,0.141,0.023,0.018,0.5,0.148,0.025,0.026,0.502,0.0,0.0,8.34,-5.39,-86.75,-85.96,0.0,0.0,0.0,0.0,0.0,0.0,-2.43,1.0,1.0,0.0,0.0,0.8,-0.0,0.0,0.0,0.0,0.0,0.0,0.0,0.0,0.0,170.0,170.0,170.0,170.0,30.0,18.0,10.0,4.0,15.0,6.0,0.0
184.791,52,248374.0,245.0,88.0,82.0,600.0,1.0,1.0,1.0,0.0,0.141,0.023,0.018,0.5,0.148,0.025,0.026,0.502,0.0,0.0,8.08,-5.4,-86.82,-85.96,0.0,0.0,0.0,0.0,0.0,0.0,-2.43,1.0,1.0,-0.0,0.0,0.7,-0.0,0.0,0.0,0.0,0.0,0.0,0.0,0.0,0.0,170.0,170.0,170.0,170.0,32.0,18.0,14.0,4.0,15.0,6.0,0.0
184.824,54,248428.0,245.0,88.0,82.0,600.0,1.0,1.0,1.0,0.0,0.142,0.022,0.018,0.5,0.149,0.024,0.026,0.502,0.0,0.0,8.02,-5.4,-86.89,-85.96,0.0,0.0,0.0,0.0,0.0,0.0,-2.43,1.0,1.0,0.0,0.0,0.6,-0.0,0.0,0.0,0.0,0.0,0.0,0.0,0.0,0.0,170.0,170.0,170.0,170.0,32.0,18.0,14.0,4.0,15.0,6.0,0.0
184.889,54,248482.0,248.0,88.0,82.0,600.0,1.0,1.0,1.0,0.0,0.142,0.022,0.018,0.5,0.149,0.024,0.026,0.502,0.0,0.0,7.97,-5.4,-87.02,-85.96,0.0,0.0,0.0,0.0,0.0,0.0,-2.43,1.0,1.0,0.0,0.0,0.6,-0.0,0.0,0.0,0.0,0.0,0.0,0.0,0.0,0.0,170.0,170.0,170.0,170.0,32.0,18.0,14.0,4.0,15.0,6.0,0.0
184.922,52,248534.0,248.0,86.0,82.0,600.0,1.0,1.0,1.0,0.0,0.142,0.022,0.018,0.5,0.149,0.024,0.026,0.502,0.0,0.0,8.55,-5.44,-87.6,-85.96,0.0,0.0,0.0,0.0,0.0,0.0,-2.43,1.0,1.0,0.0,0.0,0.5,0.0,0.0,0.0,0.0,0.0,0.0,0.0,0.0,0.0,170.0,170.0,170.0,170.0,32.0,18.0,14.0,4.0,15.0,6.0,0.0
184.987,53,248587.0,248.0,86.0,82.0,600.0,1.0,1.0,1.0,0.0,0.142,0.022,0.018,0.5,0.149,0.024,0.026,0.502,0.0,0.0,8.61,-5.44,-87.7,-85.96,0.0,0.0,0.0,0.0,0.0,0.0,-2.43,1.0,1.0,0.0,0.0,0.5,0.0,0.0,0.0,0.0,0.0,0.0,0.0,0.0,0.0,170.0,170.0,170.0,170.0,32.0,18.0,14.0,4.0,15.0,6.0,0.0
185.053,53,248640.0,248.0,86.0,82.0,600.0,1.0,1.0,1.0,0.0,0.144,0.021,0.018,0.5,0.151,0.023,0.026,0.502,0.0,0.0,8.64,-5.44,-87.83,-85.96,0.0,0.0,0.0,0.0,0.0,0.0,-2.43,1.0,1.0,0.0,0.0,0.3,0.0,0.0,0.0,0.0,0.0,0.0,0.0,0.0,0.0,170.0,170.0,170.0,170.0,32.0,18.0,14.0,4.0,15.0,6.0,0.0
185.085,53,248693.0,248.0,86.0,82.0,600.0,1.0,1.0,1.0,0.0,0.144,0.021,0.018,0.5,0.151,0.023,0.026,0.502,0.0,0.0,8.58,-5.48,-87.81,-85.96,0.0,0.0,0.0,0.0,0.0,0.0,-2.43,1.0,1.0,0.0,0.0,0.2,0.0,0.0,0.0,0.0,0.0,0.0,0.0,0.0,0.0,170.0,170.0,170.0,170.0,32.0,18.0,14.0,4.0,15.0,6.0,1.0
185.148,52,248745.0,248.0,86.0,82.0,600.0,1.0,1.0,1.0,0.0,0.144,0.021,0.018,0.5,0.151,0.023,0.026,0.502,0.0,0.0,8.52,-5.5,-87.81,-85.96,0.0,0.0,0.0,0.0,0.0,0.0,-2.43,1.0,1.0,0.0,0.0,0.2,-0.0,0.0,0.0,0.0,0.0,0.0,0.0,0.0,0.0,170.0,170.0,170.0,170.0,32.0,18.0,14.0,4.0,15.0,6.0,0.0
185.191,53,248798.0,248.0,86.0,82.0,600.0,1.0,1.0,1.0,0.0,0.144,0.021,0.018,0.5,0.151,0.023,0.026,0.502,0.0,0.0,8.48,-5.51,-87.84,-85.96,0.0,0.0,0.0,0.0,0.0,0.0,-2.43,1.0,1.0,0.0,0.0,0.2,-0.0,0.0,0.0,0.0,0.0,0.0,0.0,0.0,0.0,170.0,170.0,170.0,170.0,32.0,18.0,14.0,4.0,15.0,6.0,0.0
185.256,53,248851.0,248.0,86.0,82.0,600.0,1.0,1.0,1.0,0.0,0.145,0.02,0.018,0.5,0.153,0.023,0.026,0.502,0.0,0.0,8.64,-5.54,-88.14,-85.96,0.0,0.0,0.0,0.0,0.0,0.0,-2.43,1.0,1.0,-0.0,0.0,0.2,0.0,0.0,0.0,0.0,0.0,0.0,0.0,0.0,0.0,170.0,170.0,170.0,170.0,32.0,18.0,14.0,4.0,15.0,6.0,0.0
185.29,54,248905.0,248.0,86.0,82.0,600.0,1.0,1.0,1.0,0.0,0.145,0.02,0.018,0.5,0.153,0.023,0.026,0.502,0.0,0.0,8.52,-5.51,-88.29,-85.96,0.0,0.0,0.0,0.0,0.0,0.0,-2.43,1.0,1.0,-0.0,0.0,0.2,0.0,0.0,0.0,0.0,0.0,0.0,0.0,0.0,0.0,170.0,170.0,170.0,170.0,32.0,18.0,14.0,4.0,15.0,6.0,0.0
185.355,53,248958.0,248.0,85.0,82.0,600.0,1.0,1.0,1.0,0.0,0.145,0.02,0.018,0.5,0.153,0.023,0.026,0.502,0.0,0.0,8.56,-5.48,-88.36,-85.96,0.0,0.0,0.0,0.0,0.0,0.0,-2.43,1.0,1.0,-0.0,0.0,-1.6,0.1,0.0,0.0,0.0,0.0,0.0,0.0,0.0,0.0,170.0,170.0,170.0,170.0,32.0,18.0,14.0,4.0,15.0,6.0,0.0
185.424,52,249010.0,248.0,85.0,81.0,600.0,1.0,1.0,1.0,0.0,0.145,0.02,0.018,0.5,0.153,0.023,0.026,0.502,0.0,0.0,8.57,-5.49,-88.26,-85.96,0.0,0.0,0.0,0.0,0.0,0.0,-2.43,1.0,1.0,-0.0,0.0,-1.5,0.0,0.0,0.0,0.0,0.0,0.0,0.0,0.0,0.0,170.0,170.0,170.0,170.0,32.0,18.0,14.0,4.0,15.0,6.0,0.0
185.457,53,249063.0,248.0,85.0,81.0,600.0,1.0,1.0,1.0,0.0,0.145,0.02,0.018,0.5,0.153,0.022,0.026,0.502,0.0,0.0,8.59,-5.49,-88.16,-85.96,0.0,0.0,0.0,0.0,0.0,0.0,-2.43,1.0,1.0,-0.0,0.0,-1.5,0.0,0.0,0.0,0.0,0.0,0.0,0.0,0.0,0.0,170.0,170.0,170.0,170.0,32.0,18.0,14.0,4.0,15.0,6.0,0.0
185.523,53,249116.0,249.0,85.0,81.0,600.0,1.0,1.0,1.0,0.0,0.145,0.02,0.018,0.5,0.153,0.022,0.026,0.502,0.0,0.0,8.37,-5.43,-88.33,-85.96,0.0,0.0,0.0,0.0,0.0,0.0,-2.43,1.0,1.0,-0.0,0.0,-1.1,-0.0,0.0,0.0,0.0,0.0,0.0,0.0,0.0,0.0,170.0,170.0,170.0,170.0,32.0,18.0,14.0,4.0,15.0,6.0,0.0
185.555,52,249168.0,249.0,84.0,81.0,600.0,1.0,1.0,1.0,0.0,0.145,0.02,0.018,0.5,0.153,0.022,0.026,0.502,0.0,0.0,8.28,-5.42,-88.36,-85.96,0.0,0.0,0.0,0.0,0.0,0.0,-2.43,1.0,1.0,-0.0,0.0,-1.0,0.0,0.0,0.0,0.0,0.0,0.0,0.0,0.0,0.0,170.0,170.0,170.0,170.0,32.0,18.0,14.0,4.0,15.0,6.0,1.0
185.62,54,249222.0,249.0,84.0,81.0,600.0,1.0,1.0,1.0,0.0,0.145,0.02,0.018,0.5,0.153,0.022,0.026,0.502,0.0,0.0,8.14,-5.42,-88.38,-85.96,0.0,0.0,0.0,0.0,0.0,0.0,-2.43,1.0,1.0,-0.0,0.0,-0.9,0.0,0.0,0.0,0.0,0.0,0.0,0.0,0.0,0.0,170.0,170.0,170.0,170.0,32.0,18.0,14.0,4.0,15.0,6.0,0.0
185.683,52,249274.0,249.0,84.0,81.0,600.0,1.0,1.0,1.0,0.0,0.146,0.02,0.018,0.5,0.153,0.022,0.026,0.502,0.0,0.0,8.05,-5.41,-88.27,-85.96,0.0,0.0,0.0,0.0,0.0,0.0,-2.43,1.0,1.0,-0.0,0.0,-0.8,0.1,0.0,0.0,0.0,0.0,0.0,0.0,0.0,0.0,170.0,170.0,170.0,170.0,32.0,18.0,14.0,4.0,15.0,6.0,0.0
185.715,54,249328.0,249.0,84.0,81.0,600.0,1.0,1.0,1.0,0.0,0.146,0.02,0.018,0.5,0.153,0.022,0.026,0.502,0.0,0.0,8.11,-5.42,-88.15,-85.96,0.0,0.0,0.0,0.0,0.0,0.0,-2.43,1.0,1.0,-0.0,-0.0,-0.7,0.0,0.0,0.0,0.0,0.0,0.0,0.0,0.0,0.0,170.0,170.0,170.0,170.0,32.0,18.0,14.0,4.0,15.0,6.0,0.0
185.779,52,249380.0,249.0,85.0,81.0,600.0,1.0,1.0,1.0,0.0,0.146,0.02,0.018,0.5,0.153,0.022,0.026,0.502,0.0,0.0,8.1,-5.43,-87.9,-85.96,0.0,0.0,0.0,0.0,0.0,0.0,-2.43,1.0,1.0,-0.0,-0.0,-0.6,-0.0,0.0,0.0,0.0,0.0,0.0,0.0,0.0,0.0,170.0,170.0,170.0,170.0,32.0,18.0,14.0,4.0,15.0,6.0,1.0
185.843,52,249432.0,249.0,85.0,81.0,600.0,1.0,1.0,1.0,0.0,0.146,0.02,0.018,0.5,0.153,0.022,0.026,0.502,0.0,0.0,8.06,-5.4,-87.57,-85.96,0.0,0.0,0.0,0.0,0.0,0.0,-2.43,1.0,1.0,-0.0,-0.0,-0.5,-0.0,0.0,0.0,0.0,0.0,0.0,0.0,0.0,0.0,170.0,170.0,170.0,170.0,32.0,18.0,36.0,4.0,15.0,6.0,0.0
185.876,53,249485.0,249.0,85.0,81.0,600.0,1.0,1.0,1.0,0.0,0.146,0.02,0.018,0.5,0.154,0.022,0.026,0.502,0.0,0.0,8.21,-5.39,-87.46,-85.96,0.0,0.0,0.0,0.0,0.0,0.0,-2.43,1.0,1.0,0.0,-0.0,-0.5,-0.0,0.0,0.0,0.0,0.0,0.0,0.0,0.0,0.0,170.0,170.0,170.0,170.0,32.0,18.0,36.0,4.0,15.0,6.0,0.0
185.941,53,249538.0,246.0,85.0,81.0,600.0,1.0,1.0,1.0,0.0,0.146,0.02,0.018,0.5,0.154,0.022,0.026,0.502,0.0,0.0,8.32,-5.39,-87.45,-85.96,0.0,0.0,0.0,0.0,0.0,0.0,-2.43,1.0,1.0,0.0,-0.0,-0.5,-0.0,0.0,0.0,0.0,0.0,0.0,0.0,0.0,0.0,170.0,170.0,170.0,170.0,32.0,18.0,36.0,4.0,15.0,6.0,0.0
186.007,52,249590.0,246.0,85.0,81.0,600.0,1.0,1.0,1.0,0.0,0.146,0.02,0.018,0.5,0.154,0.022,0.026,0.502,0.0,0.0,8.29,-5.39,-87.51,-85.96,0.0,0.0,0.0,0.0,0.0,0.0,-2.43,1.0,1.0,-0.0,-0.0,-0.4,-0.0,0.0,0.0,0.0,0.0,0.0,0.0,0.0,0.0,170.0,170.0,170.0,170.0,32.0,18.0,36.0,4.0,15.0,6.0,1.0
186.039,53,249643.0,246.0,85.0,81.0,600.0,1.0,1.0,1.0,0.0,0.146,0.02,0.018,0.5,0.154,0.022,0.026,0.502,0.0,0.0,8.19,-5.37,-87.63,-85.96,0.0,0.0,0.0,0.0,0.0,0.0,-2.43,1.0,1.0,0.0,-0.0,-0.3,-0.0,0.0,0.0,0.0,0.0,0.0,0.0,0.0,0.0,170.0,170.0,170.0,170.0,32.0,18.0,36.0,4.0,15.0,6.0,0.0
186.109,52,249695.0,246.0,85.0,81.0,600.0,1.0,1.0,1.0,0.0,0.145,0.02,0.018,0.5,0.153,0.022,0.025,0.502,0.0,0.0,8.34,-5.42,-87.94,-85.96,0.0,0.0,0.0,0.0,0.0,0.0,-2.43,1.0,1.0,-0.0,-0.0,-0.3,-0.0,0.0,0.0,0.0,0.0,0.0,0.0,0.0,0.0,170.0,170.0,170.0,170.0,32.0,18.0,36.0,4.0,15.0,6.0,0.0
186.142,54,249749.0,246.0,85.0,81.0,600.0,1.0,1.0,1.0,0.0,0.145,0.02,0.018,0.5,0.153,0.022,0.025,0.502,0.0,0.0,8.26,-5.41,-87.99,-85.96,0.0,0.0,0.0,0.0,0.0,0.0,-2.43,1.0,1.0,-0.0,-0.0,0.1,0.0,0.0,0.0,0.0,0.0,0.0,0.0,0.0,0.0,170.0,170.0,170.0,170.0,32.0,18.0,36.0,4.0,15.0,6.0,0.0
186.208,52,249801.0,246.0,84.0,81.0,600.0,1.0,1.0,1.0,0.0,0.145,0.02,0.018,0.5,0.153,0.022,0.025,0.502,0.0,0.0,8.03,-5.39,-88.02,-85.96,0.0,0.0,0.0,0.0,0.0,0.0,-2.43,1.0,1.0,-0.0,-0.0,0.1,0.0,0.0,0.0,0.0,0.0,0.0,0.0,0.0,0.0,170.0,170.0,170.0,170.0,32.0,18.0,36.0,4.0,15.0,6.0,0.0
186.239,53,249854.0,246.0,84.0,81.0,600.0,1.0,1.0,1.0,0.0,0.145,0.02,0.018,0.5,0.153,0.022,0.025,0.502,0.0,0.0,8.08,-5.42,-88.07,-85.96,0.0,0.0,0.0,0.0,0.0,0.0,-2.43,1.0,1.0,0.0,-0.0,0.5,0.0,0.0,0.0,0.0,0.0,0.0,0.0,0.0,0.0,170.0,170.0,170.0,170.0,32.0,18.0,36.0,4.0,15.0,6.0,0.0
186.303,53,249907.0,246.0,84.0,81.0,600.0,1.0,1.0,1.0,0.0,0.144,0.019,0.018,0.5,0.152,0.022,0.025,0.502,0.0,0.0,8.06,-5.42,-88.05,-85.96,0.0,0.0,0.0,0.0,0.0,0.0,-2.43,1.0,1.0,0.0,-0.0,0.4,0.0,0.0,0.0,0.0,0.0,0.0,0.0,0.0,0.0,170.0,170.0,170.0,170.0,32.0,18.0,36.0,4.0,15.0,6.0,0.0
186.369,53,249960.0,247.0,84.0,81.0,600.0,1.0,1.0,1.0,0.0,0.144,0.019,0.018,0.5,0.152,0.022,0.025,0.502,0.0,0.0,7.96,-5.42,-87.91,-85.96,0.0,0.0,0.0,0.0,0.0,0.0,-2.43,1.0,1.0,-0.0,-0.0,0.4,0.0,0.0,0.0,0.0,0.0,0.0,0.0,0.0,0.0,170.0,170.0,170.0,170.0,32.0,18.0,34.0,4.0,15.0,6.0,0.0
186.402,51,250011.0,247.0,84.0,81.0,600.0,1.0,1.0,1.0,0.0,0.144,0.019,0.018,0.5,0.152,0.022,0.025,0.502,0.0,0.0,8.23,-5.47,-87.55,-85.96,0.0,0.0,0.0,0.0,0.0,0.0,-2.43,1.0,1.0,0.0,-0.0,0.5,0.0,0.0,0.0,0.0,0.0,0.0,0.0,0.0,0.0,170.0,170.0,170.0,170.0,32.0,18.0,34.0,4.0,15.0,6.0,1.0
186.466,53,250064.0,247.0,84.0,80.0,600.0,1.0,1.0,1.0,0.0,0.144,0.019,0.018,0.5,0.152,0.022,0.025,0.502,0.0,0.0,8.5,-5.48,-87.36,-85.96,0.0,0.0,0.0,0.0,0.0,0.0,-2.43,1.0,1.0,0.0,-0.0,0.2,0.1,0.0,0.0,0.0,0.0,0.0,0.0,0.0,0.0,170.0,170.0,170.0,170.0,32.0,18.0,34.0,4.0,15.0,6.0,0.0
186.529,52,250116.0,247.0,84.0,80.0,600.0,1.0,1.0,1.0,0.0,0.144,0.019,0.018,0.5,0.152,0.022,0.025,0.502,0.0,0.0,8.5,-5.5,-87.37,-85.96,0.0,0.0,0.0,0.0,0.0,0.0,-2.43,1.0,1.0,-0.0,-0.0,0.3,-0.1,0.0,0.0,0.0,0.0,0.0,0.0,0.0,0.0,170.0,170.0,170.0,170.0,32.0,18.0,34.0,4.0,15.0,6.0,0.0
186.56,54,250170.0,246.0,84.0,80.0,600.0,1.0,1.0,1.0,0.0,0.144,0.019,0.018,0.5,0.152,0.022,0.025,0.502,0.0,0.0,8.43,-5.5,-87.39,-85.96,0.0,0.0,0.0,0.0,0.0,0.0,-2.43,1.0,1.0,-0.0,-0.0,0.2,-0.0,0.0,0.0,0.0,0.0,0.0,0.0,0.0,0.0,170.0,170.0,170.0,170.0,32.0,18.0,34.0,4.0,15.0,6.0,0.0
186.63,52,250222.0,246.0,85.0,80.0,600.0,1.0,1.0,1.0,0.0,0.144,0.019,0.018,0.5,0.152,0.022,0.025,0.502,0.0,0.0,8.29,-5.47,-87.47,-85.96,0.0,0.0,0.0,0.0,0.0,0.0,-2.43,1.0,1.0,-0.0,-0.0,0.2,-0.0,0.0,0.0,0.0,0.0,0.0,0.0,0.0,0.0,170.0,170.0,170.0,170.0,32.0,18.0,34.0,4.0,15.0,6.0,0.0
186.662,52,250274.0,246.0,85.0,80.0,600.0,1.0,1.0,1.0,0.0,0.144,0.019,0.018,0.5,0.152,0.022,0.025,0.502,0.0,0.0,8.12,-5.46,-87.63,-85.96,0.0,0.0,0.0,0.0,0.0,0.0,-2.43,1.0,1.0,-0.0,-0.0,0.2,0.0,0.0,0.0,0.0,0.0,0.0,0.0,0.0,0.0,170.0,170.0,170.0,170.0,32.0,18.0,34.0,4.0,15.0,6.0,0.0
186.727,53,250327.0,246.0,85.0,80.0,600.0,1.0,1.0,1.0,0.0,0.144,0.019,0.018,0.5,0.152,0.022,0.025,0.502,0.0,0.0,8.11,-5.47,-87.63,-85.96,0.0,0.0,0.0,0.0,0.0,0.0,-2.43,1.0,1.0,0.0,-0.0,0.3,0.1,0.0,0.0,0.0,0.0,0.0,0.0,0.0,0.0,170.0,170.0,170.0,170.0,32.0,18.0,34.0,4.0,15.0,6.0,0.0
186.791,53,250380.0,245.0,85.0,80.0,600.0,1.0,1.0,1.0,0.0,0.144,0.019,0.018,0.5,0.152,0.022,0.025,0.502,0.0,0.0,8.05,-5.47,-87.57,-85.96,0.0,0.0,0.0,0.0,0.0,0.0,-2.43,1.0,1.0,0.0,-0.0,0.2,0.1,0.0,0.0,0.0,0.0,0.0,0.0,0.0,0.0,170.0,170.0,170.0,170.0,32.0,18.0,34.0,4.0,15.0,6.0,0.0
186.823,51,250431.0,245.0,85.0,80.0,600.0,1.0,1.0,1.0,0.0,0.144,0.019,0.018,0.5,0.152,0.022,0.025,0.502,0.0,0.0,7.95,-5.51,-87.35,-85.96,0.0,0.0,0.0,0.0,0.0,0.0,-2.43,1.0,1.0,-0.0,-0.0,0.2,0.1,0.0,0.0,0.0,0.0,0.0,0.0,0.0,0.0,170.0,170.0,170.0,170.0,32.0,18.0,34.0,4.0,15.0,6.0,0.0
186.886,53,250484.0,245.0,85.0,80.0,600.0,1.0,1.0,1.0,0.0,0.144,0.019,0.018,0.5,0.152,0.022,0.025,0.502,0.0,0.0,7.88,-5.52,-87.36,-85.96,0.0,0.0,0.0,0.0,0.0,0.0,-2.43,1.0,1.0,-0.0,-0.0,0.2,0.1,0.0,0.0,0.0,0.0,0.0,0.0,0.0,0.0,170.0,170.0,170.0,170.0,32.0,18.0,34.0,4.0,15.0,6.0,0.0
186.95,55,250539.0,245.0,85.0,80.0,600.0,1.0,1.0,1.0,0.0,0.144,0.02,0.018,0.5,0.151,0.022,0.025,0.502,0.0,0.0,7.85,-5.5,-87.39,-85.96,0.0,0.0,0.0,0.0,0.0,0.0,-2.43,1.0,1.0,0.0,-0.0,0.3,0.0,0.0,0.0,0.0,0.0,0.0,0.0,0.0,0.0,170.0,170.0,170.0,170.0,32.0,18.0,12.0,4.0,15.0,6.0,0.0
186.992,54,250593.0,246.0,85.0,80.0,600.0,1.0,1.0,1.0,0.0,0.144,0.02,0.018,0.5,0.151,0.022,0.025,0.502,0.0,0.0,7.86,-5.5,-87.42,-85.96,0.0,0.0,0.0,0.0,0.0,0.0,-2.43,1.0,1.0,-0.0,-0.0,0.3,-0.1,0.0,0.0,0.0,0.0,0.0,0.0,0.0,0.0,170.0,170.0,170.0,170.0,32.0,18.0,12.0,4.0,15.0,6.0,0.0
187.058,52,250645.0,246.0,85.0,80.0,600.0,1.0,1.0,1.0,0.0,0.144,0.02,0.018,0.5,0.151,0.022,0.025,0.502,0.0,0.0,7.79,-5.48,-87.5,-85.96,0.0,0.0,0.0,0.0,0.0,0.0,-2.43,1.0,1.0,0.0,-0.0,0.3,-0.0,0.0,0.0,0.0,0.0,0.0,0.0,0.0,0.0,170.0,170.0,170.0,170.0,32.0,18.0,12.0,4.0,15.0,6.0,0.0
187.09,53,250698.0,246.0,85.0,79.0,600.0,1.0,1.0,1.0,0.0,0.144,0.02,0.018,0.5,0.151,0.022,0.025,0.502,0.0,0.0,7.58,-5.45,-87.62,-85.96,0.0,0.0,0.0,0.0,0.0,0.0,-2.43,1.0,1.0,0.0,-0.0,0.2,-0.0,0.0,0.0,0.0,0.0,0.0,0.0,0.0,0.0,170.0,170.0,170.0,170.0,32.0,18.0,12.0,4.0,15.0,6.0,0.0
187.156,52,250750.0,246.0,85.0,79.0,600.0,1.0,1.0,1.0,0.0,0.144,0.02,0.017,0.5,0.151,0.022,0.025,0.502,0.0,0.0,7.5,-5.45,-87.59,-85.96,0.0,0.0,0.0,0.0,0.0,0.0,-2.43,1.0,1.0,0.0,-0.0,0.3,-0.1,0.0,0.0,0.0,0.0,0.0,0.0,0.0,0.0,170.0,170.0,170.0,170.0,32.0,18.0,12.0,4.0,15.0,6.0,0.0
187.195,53,250803.0,245.0,85.0,79.0,600.0,1.0,1.0,1.0,0.0,0.144,0.02,0.017,0.5,0.151,0.022,0.025,0.502,0.0,0.0,7.36,-5.45,-87.57,-85.96,0.0,0.0,0.0,0.0,0.0,0.0,-2.43,1.0,1.0,0.0,-0.0,0.3,-0.1,0.0,0.0,0.0,0.0,0.0,0.0,0.0,0.0,170.0,170.0,170.0,170.0,32.0,18.0,12.0,4.0,15.0,6.0,0.0
187.26,53,250856.0,245.0,85.0,79.0,600.0,1.0,1.0,1.0,0.0,0.144,0.02,0.017,0.5,0.151,0.022,0.025,0.502,0.0,0.0,7.4,-5.45,-87.7,-85.96,0.0,0.0,0.0,0.0,0.0,0.0,-2.43,1.0,1.0,0.0,-0.0,0.2,-0.1,0.0,0.0,0.0,0.0,0.0,0.0,0.0,0.0,170.0,170.0,170.0,170.0,32.0,18.0,12.0,4.0,15.0,6.0,0.0
187.293,53,250909.0,245.0,85.0,78.0,600.0,1.0,1.0,1.0,0.0,0.144,0.02,0.017,0.5,0.151,0.022,0.025,0.502,0.0,0.0,7.41,-5.45,-87.74,-85.96,0.0,0.0,0.0,0.0,0.0,0.0,-2.43,1.0,1.0,0.0,-0.0,0.2,-0.0,0.0,0.0,0.0,0.0,0.0,0.0,0.0,0.0,170.0,170.0,170.0,170.0,32.0,18.0,12.0,4.0,15.0,6.0,1.0
187.357,53,250962.0,245.0,85.0,78.0,600.0,1.0,1.0,1.0,0.0,0.144,0.02,0.017,0.5,0.151,0.022,0.025,0.502,0.0,0.0,7.38,-5.44,-87.78,-85.96,0.0,0.0,0.0,0.0,0.0,0.0,-2.43,1.0,1.0,0.0,-0.0,0.1,-0.0,0.0,0.0,0.0,0.0,0.0,0.0,0.0,0.0,170.0,170.0,170.0,170.0,32.0,18.0,12.0,4.0,15.0,6.0,0.0
187.423,54,251016.0,248.0,85.0,78.0,600.0,1.0,1.0,1.0,0.0,0.144,0.02,0.017,0.5,0.151,0.022,0.025,0.502,0.0,0.0,7.46,-5.44,-87.84,-85.96,0.0,0.0,0.0,0.0,0.0,0.0,-2.43,1.0,1.0,0.0,-0.0,0.0,-0.0,0.0,0.0,0.0,0.0,0.0,0.0,0.0,0.0,170.0,170.0,170.0,170.0,32.0,18.0,12.0,4.0,15.0,6.0,0.0
187.456,52,251068.0,248.0,85.0,78.0,600.0,1.0,1.0,1.0,0.0,0.144,0.02,0.017,0.5,0.151,0.022,0.025,0.502,0.0,0.0,7.5,-5.44,-87.85,-85.96,0.0,0.0,0.0,0.0,0.0,0.0,-2.43,1.0,1.0,0.0,-0.0,0.0,-0.0,0.0,0.0,0.0,0.0,0.0,0.0,0.0,0.0,170.0,170.0,170.0,170.0,32.0,18.0,12.0,4.0,15.0,6.0,0.0
187.521,53,251121.0,248.0,85.0,79.0,600.0,1.0,1.0,1.0,0.0,0.144,0.02,0.017,0.5,0.151,0.022,0.025,0.502,0.0,0.0,7.44,-5.44,-87.99,-85.96,0.0,0.0,0.0,0.0,0.0,0.0,-2.43,1.0,1.0,0.0,-0.0,0.0,-0.0,0.0,0.0,0.0,0.0,0.0,0.0,0.0,0.0,170.0,170.0,170.0,170.0,32.0,18.0,12.0,4.0,15.0,6.0,1.0
187.588,53,251174.0,248.0,85.0,79.0,600.0,1.0,1.0,1.0,0.0,0.145,0.02,0.017,0.5,0.152,0.022,0.025,0.502,0.0,0.0,7.48,-5.44,-88.03,-85.96,0.0,0.0,0.0,0.0,0.0,0.0,-2.43,1.0,1.0,0.0,-0.0,0.0,-0.0,0.0,0.0,0.0,0.0,0.0,0.0,0.0,0.0,170.0,170.0,170.0,170.0,32.0,18.0,12.0,4.0,15.0,6.0,0.0
187.621,53,251227.0,248.0,85.0,79.0,600.0,1.0,1.0,1.0,0.0,0.145,0.02,0.017,0.5,0.152,0.022,0.025,0.502,0.0,0.0,7.54,-5.43,-88.06,-85.96,0.0,0.0,0.0,0.0,0.0,0.0,-2.43,1.0,1.0,0.0,-0.0,0.0,0.0,0.0,0.0,0.0,0.0,0.0,0.0,0.0,0.0,170.0,170.0,170.0,170.0,32.0,18.0,12.0,4.0,15.0,6.0,0.0
187.69,52,251279.0,248.0,83.0,79.0,600.0,1.0,1.0,1.0,0.0,0.145,0.02,0.017,0.5,0.152,0.022,0.025,0.502,0.0,0.0,7.9,-5.44,-88.12,-85.96,0.0,0.0,0.0,0.0,0.0,0.0,-2.43,1.0,1.0,0.0,-0.0,-0.0,0.0,0.0,0.0,0.0,0.0,0.0,0.0,0.0,0.0,170.0,170.0,170.0,170.0,32.0,18.0,12.0,4.0,15.0,6.0,0.0
187.723,53,251332.0,248.0,83.0,79.0,600.0,1.0,1.0,1.0,0.0,0.145,0.02,0.017,0.5,0.152,0.022,0.025,0.502,0.0,0.0,8.52,-5.46,-88.11,-85.96,0.0,0.0,0.0,0.0,0.0,0.0,-2.43,1.0,1.0,0.0,-0.0,-0.0,-0.0,0.0,0.0,0.0,0.0,0.0,0.0,0.0,0.0,170.0,170.0,170.0,170.0,32.0,18.0,12.0,4.0,15.0,6.0,1.0
187.789,53,251385.0,248.0,83.0,79.0,600.0,1.0,1.0,1.0,0.0,0.146,0.019,0.017,0.5,0.153,0.022,0.025,0.502,0.0,0.0,8.92,-5.48,-88.16,-85.96,0.0,0.0,0.0,0.0,0.0,0.0,-2.43,1.0,1.0,0.1,-0.0,-0.1,-0.0,0.0,0.0,0.0,0.0,0.0,0.0,0.0,0.0,170.0,170.0,170.0,170.0,32.0,18.0,12.0,4.0,15.0,6.0,0.0
187.855,54,251439.0,248.0,83.0,79.0,600.0,1.0,1.0,1.0,0.0,0.146,0.019,0.017,0.5,0.153,0.022,0.025,0.502,0.0,0.0,9.51,-5.49,-88.32,-85.96,0.0,0.0,0.0,0.0,0.0,0.0,-2.43,1.0,1.0,0.1,-0.0,-0.1,-0.0,0.0,0.0,0.0,0.0,0.0,0.0,0.0,0.0,170.0,170.0,170.0,170.0,32.0,18.0,12.0,4.0,15.0,6.0,0.0
187.888,52,251491.0,248.0,84.0,79.0,600.0,1.0,1.0,1.0,0.0,0.146,0.019,0.017,0.5,0.153,0.022,0.025,0.502,0.0,0.0,9.62,-5.49,-88.36,-85.96,0.0,0.0,0.0,0.0,0.0,0.0,-2.43,1.0,1.0,-0.1,0.0,-0.1,-0.0,0.0,0.0,0.0,0.0,0.0,0.0,0.0,0.0,170.0,170.0,170.0,170.0,32.0,18.0,12.0,4.0,15.0,6.0,0.0
187.954,53,251544.0,248.0,84.0,79.0,600.0,1.0,1.0,1.0,0.0,0.146,0.019,0.017,0.5,0.153,0.022,0.025,0.502,0.0,0.0,9.77,-5.5,-88.43,-85.96,0.0,0.0,0.0,0.0,0.0,0.0,-2.43,1.0,1.0,-0.1,0.0,-0.1,-0.0,0.0,0.0,0.0,0.0,0.0,0.0,0.0,0.0,170.0,170.0,170.0,170.0,32.0,18.0,12.0,4.0,15.0,6.0,0.0
187.992,55,251599.0,248.0,84.0,79.0,600.0,1.0,1.0,1.0,0.0,0.146,0.019,0.017,0.5,0.153,0.022,0.025,0.502,0.0,0.0,9.71,-5.48,-88.61,-85.96,0.0,0.0,0.0,0.0,0.0,0.0,-2.43,1.0,1.0,-0.1,-0.0,-0.2,-0.0,0.0,0.0,0.0,0.0,0.0,0.0,0.0,0.0,170.0,170.0,170.0,170.0,28.0,18.0,12.0,4.0,15.0,6.0,0.0
188.059,53,251652.0,247.0,84.0,79.0,600.0,1.0,1.0,1.0,0.0,0.146,0.019,0.017,0.5,0.153,0.022,0.025,0.502,0.0,0.0,9.77,-5.47,-88.72,-85.96,0.0,0.0,0.0,0.0,0.0,0.0,-2.43,1.0,1.0,-0.1,-0.0,-0.2,-0.0,0.0,0.0,0.0,0.0,0.0,0.0,0.0,0.0,170.0,170.0,170.0,170.0,28.0,18.0,12.0,4.0,15.0,6.0,1.0
188.092,53,251705.0,247.0,85.0,79.0,600.0,1.0,1.0,1.0,0.0,0.146,0.019,0.017,0.5,0.153,0.022,0.025,0.502,0.0,0.0,9.94,-5.47,-88.95,-85.96,0.0,0.0,0.0,0.0,0.0,0.0,-2.43,1.0,1.0,-0.1,-0.0,-0.3,-0.0,0.0,0.0,0.0,0.0,0.0,0.0,0.0,0.0,170.0,170.0,170.0,170.0,28.0,18.0,12.0,4.0,15.0,6.0,0.0
188.158,52,251757.0,247.0,85.0,80.0,600.0,1.0,1.0,1.0,0.0,0.146,0.019,0.017,0.5,0.153,0.022,0.025,0.502,0.0,0.0,10.1,-5.46,-89.21,-85.96,0.0,0.0,0.0,0.0,0.0,0.0,-2.43,1.0,1.0,-0.1,-0.0,-0.2,-0.0,0.0,0.0,0.0,0.0,0.0,0.0,0.0,0.0,170.0,170.0,170.0,170.0,28.0,18.0,12.0,4.0,15.0,6.0,0.0
188.228,53,251810.0,247.0,85.0,80.0,600.0,1.0,1.0,1.0,0.0,0.146,0.019,0.017,0.5,0.153,0.022,0.025,0.502,0.0,0.0,10.15,-5.46,-89.27,-85.96,0.0,0.0,0.0,0.0,0.0,0.0,-2.43,1.0,1.0,-0.1,-0.0,-0.1,0.1,0.0,0.0,0.0,0.0,0.0,0.0,0.0,0.0,170.0,170.0,170.0,170.0,28.0,18.0,12.0,4.0,15.0,6.0,0.0
188.26,54,251864.0,248.0,85.0,80.0,600.0,1.0,1.0,1.0,0.0,0.146,0.019,0.017,0.5,0.153,0.022,0.025,0.502,0.0,0.0,10.34,-5.47,-89.33,-85.96,0.0,0.0,0.0,0.0,0.0,0.0,-2.43,1.0,1.0,-0.2,-0.0,-0.2,0.1,0.0,0.0,0.0,0.0,0.0,0.0,0.0,0.0,170.0,170.0,170.0,170.0,28.0,18.0,12.0,4.0,15.0,6.0,0.0
188.326,52,251916.0,248.0,86.0,80.0,600.0,1.0,1.0,1.0,0.0,0.146,0.019,0.017,0.5,0.153,0.022,0.025,0.502,0.0,0.0,10.24,-5.5,-89.16,-85.96,0.0,0.0,0.0,0.0,0.0,0.0,-2.43,1.0,1.0,-0.1,-0.0,-0.2,0.1,0.0,0.0,0.0,0.0,0.0,0.0,0.0,0.0,170.0,170.0,170.0,170.0,28.0,18.0,12.0,4.0,15.0,6.0,0.0
188.359,53,251969.0,248.0,86.0,80.0,600.0,1.0,1.0,1.0,0.0,0.146,0.019,0.017,0.5,0.153,0.022,0.025,0.502,0.0,0.0,10.2,-5.49,-89.15,-85.96,0.0,0.0,0.0,0.0,0.0,0.0,-2.43,1.0,1.0,-0.1,-0.0,-0.1,0.1,0.0,0.0,0.0,0.0,0.0,0.0,0.0,0.0,170.0,170.0,170.0,170.0,28.0,18.0,12.0,4.0,15.0,6.0,0.0
188.43,53,252022.0,248.0,86.0,80.0,600.0,1.0,1.0,1.0,0.0,0.146,0.02,0.018,0.5,0.153,0.022,0.025,0.502,0.0,0.0,10.29,-5.49,-88.97,-85.96,0.0,0.0,0.0,0.0,0.0,0.0,-2.43,1.0,1.0,-0.0,-0.0,-2.0,0.0,0.0,0.0,0.0,0.0,0.0,0.0,0.0,0.0,170.0,170.0,170.0,170.0,28.0,18.0,12.0,4.0,15.0,6.0,0.0
188.462,53,252075.0,245.0,86.0,80.0,600.0,1.0,1.0,1.0,0.0,0.146,0.02,0.018,0.5,0.153,0.022,0.025,0.502,0.0,0.0,10.27,-5.48,-88.8,-85.96,0.0,0.0,0.0,0.0,0.0,0.0,-2.43,1.0,1.0,-0.1,-0.0,-1.8,0.0,0.0,0.0,0.0,0.0,0.0,0.0,0.0,0.0,170.0,170.0,170.0,170.0,32.0,18.0,26.0,4.0,15.0,6.0,0.0
188.525,52,252127.0,245.0,86.0,80.0,600.0,1.0,1.0,1.0,0.0,0.146,0.02,0.018,0.5,0.153,0.022,0.025,0.502,0.0,0.0,10.06,-5.47,-88.5,-85.96,0.0,0.0,0.0,0.0,0.0,0.0,-2.43,1.0,1.0,-0.1,-0.0,-1.8,0.0,0.0,0.0,0.0,0.0,0.0,0.0,0.0,0.0,170.0,170.0,170.0,170.0,32.0,18.0,26.0,4.0,15.0,6.0,0.0
188.591,53,252180.0,245.0,86.0,81.0,600.0,1.0,1.0,1.0,0.0,0.146,0.02,0.018,0.5,0.153,0.022,0.025,0.502,0.0,0.0,7.14,-5.33,-88.6,-85.96,0.0,0.0,0.0,0.0,0.0,0.0,-2.43,1.0,1.0,0.1,-0.0,-1.4,-0.0,0.0,0.0,0.0,0.0,0.0,0.0,0.0,0.0,170.0,170.0,170.0,170.0,32.0,18.0,26.0,4.0,15.0,6.0,1.0
188.623,53,252233.0,245.0,86.0,81.0,600.0,1.0,1.0,1.0,0.0,0.144,0.02,0.018,0.5,0.152,0.022,0.025,0.502,0.0,0.0,6.33,-5.3,-88.6,-85.96,0.0,0.0,0.0,0.0,0.0,0.0,-2.43,1.0,1.0,0.1,-0.0,-1.2,-0.1,0.0,0.0,0.0,0.0,0.0,0.0,0.0,0.0,170.0,170.0,170.0,170.0,32.0,18.0,26.0,4.0,15.0,6.0,1.0
188.687,54,252287.0,243.0,86.0,81.0,600.0,1.0,1.0,1.0,0.0,0.144,0.02,0.018,0.5,0.152,0.022,0.025,0.502,0.0,0.0,4.43,-5.26,-88.54,-85.96,0.0,0.0,0.0,0.0,0.0,0.0,-2.43,1.0,1.0,-0.0,-0.0,-1.2,-0.1,0.0,0.0,0.0,0.0,0.0,0.0,0.0,0.0,170.0,170.0,170.0,170.0,32.0,18.0,26.0,4.0,15.0,6.0,0.0
188.752,52,252339.0,243.0,87.0,81.0,600.0,1.0,1.0,1.0,0.0,0.144,0.02,0.018,0.5,0.152,0.022,0.025,0.502,0.0,0.0,0.08,-5.17,-89.33,-85.96,0.0,0.0,0.0,0.0,0.0,0.0,-2.43,1.0,1.0,2.0,-0.8,-1.3,0.5,0.0,0.0,0.0,0.0,0.0,0.0,0.0,0.0,170.0,170.0,170.0,170.0,32.0,18.0,26.0,4.0,15.0,6.0,0.0
188.785,52,252391.0,243.0,87.0,81.0,600.0,1.0,1.0,1.0,0.0,0.144,0.02,0.018,0.5,0.152,0.022,0.025,0.502,0.0,0.0,-1.08,-5.19,-89.47,-85.96,0.0,0.0,0.0,0.0,0.0,0.0,-2.43,1.0,1.0,1.2,-0.7,-1.1,0.6,0.0,0.0,0.0,0.0,0.0,0.0,0.0,0.0,170.0,170.0,170.0,170.0,32.0,18.0,26.0,4.0,15.0,6.0,0.0
188.851,53,252444.0,243.0,87.0,81.0,600.0,1.0,1.0,1.0,0.0,0.142,0.02,0.018,0.5,0.15,0.023,0.025,0.502,0.0,0.0,-2.34,-5.49,-89.38,-85.96,0.0,0.0,0.0,0.0,0.0,0.0,-2.43,1.0,1.0,1.2,-0.7,-1.1,0.6,0.0,0.0,0.0,0.0,0.0,0.0,0.0,0.0,170.0,170.0,170.0,170.0,32.0,18.0,26.0,4.0,15.0,6.0,0.0
188.883,54,252498.0,229.0,87.0,81.0,600.0,1.0,1.0,1.0,0.0,0.142,0.02,0.018,0.5,0.15,0.023,0.025,0.502,0.0,0.0,-2.87,-5.87,-89.07,-85.96,0.0,0.0,0.0,0.0,0.0,0.0,-2.43,1.0,1.0,1.1,-0.6,-0.9,0.5,0.0,0.0,0.0,0.0,0.0,0.0,0.0,0.0,170.0,170.0,170.0,170.0,32.0,18.0,26.0,4.0,15.0,6.0,0.0
188.948,52,252550.0,229.0,87.0,81.0,600.0,1.0,1.0,1.0,0.0,0.142,0.02,0.018,0.5,0.15,0.023,0.025,0.502,0.0,0.0,-3.01,-5.98,-89.08,-85.96,0.0,0.0,0.0,0.0,0.0,0.0,-2.43,1.0,1.0,0.9,-0.6,-0.8,0.4,0.0,0.0,0.0,0.0,0.0,0.0,0.0,0.0,170.0,170.0,170.0,170.0,32.0,18.0,26.0,4.0,15.0,6.0,1.0
188.989,53,252603.0,229.0,87.0,234.0,600.0,1.0,1.0,1.0,0.0,0.142,0.02,0.018,0.5,0.15,0.023,0.025,0.502,0.0,0.0,-3.32,-6.22,-89.08,-85.96,0.0,0.0,0.0,0.0,0.0,0.0,-2.43,1.0,1.0,0.8,-0.5,-0.7,0.4,0.0,0.0,0.0,0.0,0.0,0.0,0.0,0.0,170.0,170.0,170.0,170.0,22.0,16.0,30.0,4.0,15.0,6.0,0.0
189.054,52,252655.0,229.0,87.0,234.0,600.0,1.0,1.0,1.0,0.0,0.134,0.02,0.079,0.5,0.143,0.023,0.077,0.503,0.0,0.0,-3.77,-6.54,-89.04,-85.96,0.0,0.0,0.0,0.0,0.0,0.0,-2.43,1.0,1.0,0.7,-0.5,-0.6,0.3,0.0,0.0,0.0,0.0,0.0,0.0,0.0,0.0,170.0,170.0,170.0,170.0,22.0,16.0,30.0,4.0,15.0,6.0,0.0
189.12,54,252709.0,300.0,87.0,234.0,600.0,0.0,1.0,1.0,0.0,0.134,0.02,0.079,0.5,0.143,0.023,0.077,0.503,0.0,0.0,-4.09,-6.79,-89.01,-85.96,0.0,0.0,0.0,0.0,0.0,0.0,-2.43,1.0,1.0,0.6,-0.4,-0.5,0.3,0.0,0.0,0.0,0.0,0.0,0.0,0.0,0.0,170.0,170.0,170.0,170.0,22.0,16.0,30.0,4.0,15.0,6.0,0.0
189.153,52,252761.0,300.0,87.0,234.0,600.0,0.0,1.0,1.0,0.0,0.134,0.02,0.079,0.5,0.143,0.023,0.077,0.503,0.0,0.0,-4.9,-7.4,-88.9,-85.96,0.0,0.0,0.0,0.0,0.0,0.0,-2.43,1.0,1.0,0.6,-0.3,-0.5,0.3,0.0,0.0,0.0,0.0,0.0,0.0,0.0,0.0,170.0,170.0,170.0,170.0,22.0,16.0,30.0,4.0,15.0,6.0,0.0
189.226,53,252814.0,300.0,87.0,369.0,600.0,0.0,1.0,0.0,0.0,0.134,0.02,0.079,0.5,0.143,0.023,0.077,0.503,0.0,0.0,-5.07,-7.53,-88.91,-85.96,0.0,0.0,0.0,0.0,0.0,0.0,-2.43,1.0,1.0,0.5,-0.3,-0.4,0.2,0.0,0.0,0.0,0.0,0.0,0.0,0.0,0.0,170.0,170.0,170.0,170.0,22.0,16.0,30.0,4.0,15.0,6.0,0.0
189.26,52,252866.0,300.0,87.0,369.0,600.0,0.0,1.0,0.0,0.0,0.17,0.021,0.184,0.5,0.172,0.025,0.175,0.505,0.0,0.0,-5.35,-7.75,-88.88,-85.96,0.0,0.0,0.0,0.0,0.0,0.0,-2.43,1.0,1.0,0.5,-0.3,-0.4,0.2,0.0,0.0,0.0,0.0,0.0,0.0,0.0,0.0,170.0,170.0,170.0,170.0,22.0,16.0,30.0,4.0,15.0,6.0,0.0
189.325,53,252919.0,371.0,87.0,369.0,600.0,0.0,1.0,0.0,0.0,0.17,0.021,0.184,0.5,0.172,0.025,0.175,0.505,0.0,0.0,-5.53,-7.91,-88.87,-85.96,0.0,0.0,0.0,0.0,0.0,0.0,-2.43,1.0,1.0,0.4,-0.3,-0.3,0.2,0.0,0.0,0.0,0.0,0.0,0.0,0.0,0.0,170.0,170.0,170.0,170.0,22.0,16.0,30.0,4.0,15.0,6.0,0.0
189.357,51,252970.0,371.0,87.0,369.0,600.0,0.0,1.0,0.0,0.0,0.17,0.021,0.184,0.5,0.172,0.025,0.175,0.505,0.0,0.0,-5.48,-7.87,-88.87,-85.96,0.0,0.0,0.0,0.0,0.0,0.0,-2.43,1.0,1.0,0.4,-0.2,-0.3,0.2,0.0,0.0,0.0,0.0,0.0,0.0,0.0,0.0,170.0,170.0,170.0,170.0,22.0,16.0,30.0,4.0,15.0,6.0,1.0
189.429,53,253023.0,371.0,87.0,512.0,600.0,0.0,1.0,0.0,0.0,0.17,0.021,0.184,0.5,0.172,0.025,0.175,0.505,0.0,0.0,-5.29,-7.73,-88.88,-85.96,0.0,0.0,0.0,0.0,0.0,0.0,-2.43,1.0,1.0,0.3,-0.2,-0.3,0.1,0.0,0.0,0.0,0.0,0.0,0.0,0.0,0.0,170.0,170.0,170.0,170.0,22.0,16.0,30.0,4.0,15.0,6.0,0.0
189.462,52,253075.0,371.0,87.0,512.0,600.0,0.0,1.0,0.0,0.0,0.227,0.021,0.312,0.5,0.225,0.028,0.298,0.507,0.0,0.0,-4.94,-7.46,-88.9,-85.96,0.0,0.0,0.0,0.0,0.0,0.0,-2.43,1.0,1.0,0.3,-0.2,-0.2,0.1,0.0,0.0,0.0,0.0,0.0,0.0,0.0,0.0,170.0,170.0,170.0,170.0,22.0,16.0,30.0,4.0,15.0,6.0,0.0
189.527,54,253129.0,443.0,87.0,512.0,600.0,0.0,1.0,0.0,0.0,0.227,0.021,0.312,0.5,0.225,0.028,0.298,0.507,0.0,0.0,-4.71,-7.29,-88.92,-85.96,0.0,0.0,0.0,0.0,0.0,0.0,-2.43,1.0,1.0,0.2,-0.2,-0.2,0.1,0.0,0.0,0.0,0.0,0.0,0.0,0.0,0.0,170.0,170.0,170.0,170.0,22.0,16.0,30.0,4.0,15.0,6.0,0.0
189.593,52,253181.0,443.0,87.0,512.0,600.0,0.0,1.0,0.0,0.0,0.227,0.021,0.312,0.5,0.225,0.028,0.298,0.507,0.0,0.0,-4.39,-7.07,-88.95,-85.96,0.0,0.0,0.0,0.0,0.0,0.0,-2.43,1.0,1.0,0.2,-0.1,-0.2,0.1,0.0,0.0,0.0,0.0,0.0,0.0,0.0,0.0,170.0,170.0,170.0,170.0,22.0,16.0,30.0,4.0,15.0,6.0,0.0
189.626,53,253234.0,443.0,87.0,665.0,600.0,0.0,1.0,0.0,0.0,0.227,0.021,0.312,0.5,0.225,0.028,0.298,0.507,0.0,0.0,-4.42,-7.13,-88.95,-85.96,0.0,0.0,0.0,0.0,0.0,0.0,-2.43,1.0,1.0,0.2,-0.1,-0.1,0.1,0.0,0.0,0.0,0.0,0.0,0.0,0.0,0.0,170.0,170.0,170.0,170.0,22.0,16.0,30.0,4.0,15.0,6.0,0.0
189.692,52,253286.0,443.0,87.0,665.0,600.0,0.0,1.0,0.0,0.0,0.294,0.021,0.441,0.5,0.291,0.031,0.427,0.51,0.0,0.0,-4.45,-7.19,-88.94,-85.96,0.0,0.0,0.0,0.0,0.0,0.0,-2.43,1.0,1.0,0.2,-0.1,-0.1,0.1,0.0,0.0,0.0,0.0,0.0,0.0,0.0,0.0,170.0,170.0,170.0,170.0,22.0,16.0,30.0,4.0,15.0,6.0,1.0
189.724,53,253339.0,419.0,87.0,665.0,600.0,0.0,1.0,0.0,0.0,0.294,0.021,0.441,0.5,0.291,0.031,0.427,0.51,0.0,0.0,-4.56,-7.31,-88.93,-85.96,0.0,0.0,0.0,0.0,0.0,0.0,-2.43,1.0,1.0,0.1,-0.1,-0.1,0.1,0.0,0.0,0.0,0.0,0.0,0.0,0.0,0.0,170.0,170.0,170.0,170.0,22.0,16.0,30.0,4.0,15.0,6.0,0.0
189.796,52,253391.0,419.0,87.0,665.0,600.0,0.0,1.0,0.0,0.0,0.294,0.021,0.441,0.5,0.291,0.031,0.427,0.51,0.0,0.0,-4.61,-7.35,-88.92,-85.96,0.0,0.0,0.0,0.0,0.0,0.0,-2.43,1.0,1.0,0.1,-0.1,-0.1,0.0,0.0,0.0,0.0,0.0,0.0,0.0,0.0,0.0,170.0,170.0,170.0,170.0,22.0,16.0,30.0,4.0,15.0,6.0,0.0
189.829,53,253444.0,419.0,87.0,808.0,600.0,0.0,1.0,0.0,0.0,0.294,0.021,0.441,0.5,0.291,0.031,0.427,0.51,0.0,0.0,-4.72,-7.44,-88.91,-85.96,0.0,0.0,0.0,0.0,0.0,0.0,-2.43,1.0,1.0,0.1,-0.1,-0.1,0.0,0.0,0.0,0.0,0.0,0.0,0.0,0.0,0.0,170.0,170.0,170.0,170.0,22.0,16.0,30.0,4.0,15.0,6.0,0.0
189.895,52,253496.0,419.0,87.0,808.0,600.0,0.0,1.0,0.0,0.0,0.313,0.021,0.55,0.5,0.317,0.033,0.54,0.512,0.0,0.0,-4.92,-7.62,-88.89,-85.96,0.0,0.0,0.0,0.0,0.0,0.0,-2.43,1.0,1.0,0.1,-0.1,-0.1,0.0,0.0,0.0,0.0,0.0,0.0,0.0,0.0,0.0,170.0,170.0,170.0,170.0,22.0,16.0,30.0,4.0,15.0,6.0,0.0
189.96,54,253550.0,504.0,87.0,808.0,600.0,0.0,1.0,0.0,0.0,0.313,0.021,0.55,0.5,0.317,0.033,0.54,0.512,0.0,0.0,-5.06,-7.74,-88.89,-85.96,0.0,0.0,0.0,0.0,0.0,0.0,-2.43,1.0,1.0,0.1,-0.1,-0.1,0.0,0.0,0.0,0.0,0.0,0.0,0.0,0.0,0.0,170.0,170.0,170.0,170.0,22.0,16.0,30.0,4.0,15.0,6.0,0.0
189.996,51,253601.0,504.0,87.0,808.0,600.0,0.0,1.0,0.0,0.0,0.313,0.021,0.55,0.5,0.317,0.033,0.54,0.512,0.0,0.0,-5.16,-7.86,-88.88,-85.96,0.0,0.0,0.0,0.0,0.0,0.0,-2.43,1.0,1.0,0.1,-0.0,-0.1,0.0,0.0,0.0,0.0,0.0,0.0,0.0,0.0,0.0,170.0,170.0,170.0,170.0,22.0,16.0,30.0,4.0,15.0,6.0,0.0
190.062,53,253654.0,504.0,87.0,792.0,600.0,0.0,1.0,0.0,0.0,0.313,0.021,0.55,0.5,0.317,0.033,0.54,0.512,0.0,0.0,-5.13,-7.84,-88.88,-85.96,0.0,0.0,0.0,0.0,0.0,0.0,-2.43,1.0,1.0,0.1,-0.0,-0.1,0.1,0.0,0.0,0.0,0.0,0.0,0.0,0.0,0.0,170.0,170.0,170.0,170.0,22.0,16.0,30.0,4.0,15.0,6.0,0.0
190.094,52,253706.0,504.0,87.0,792.0,600.0,0.0,1.0,0.0,0.0,0.367,0.021,0.596,0.5,0.366,0.034,0.596,0.514,0.0,0.0,-5.03,-7.77,-88.89,-85.96,0.0,0.0,0.0,0.0,0.0,0.0,-2.43,1.0,1.0,0.1,-0.0,-0.1,0.0,0.0,0.0,0.0,0.0,0.0,0.0,0.0,0.0,170.0,170.0,170.0,170.0,22.0,16.0,30.0,4.0,15.0,6.0,0.0
190.16,53,253759.0,504.0,87.0,792.0,600.0,0.0,1.0,0.0,0.0,0.367,0.021,0.596,0.5,0.366,0.034,0.596,0.514,0.0,0.0,-4.74,-7.57,-88.91,-85.96,0.0,0.0,0.0,0.0,0.0,0.0,-2.43,1.0,1.0,0.1,-0.0,-0.0,0.1,0.0,0.0,0.0,0.0,0.0,0.0,0.0,0.0,170.0,170.0,170.0,170.0,22.0,16.0,30.0,4.0,15.0,6.0,0.0
190.199,52,253811.0,504.0,86.0,792.0,600.0,0.0,1.0,0.0,0.0,0.367,0.021,0.596,0.5,0.366,0.034,0.596,0.514,0.0,0.0,-4.7,-7.54,-88.91,-85.96,0.0,0.0,0.0,0.0,0.0,0.0,-2.43,1.0,1.0,0.0,-0.0,-0.0,0.0,0.0,0.0,0.0,0.0,0.0,0.0,0.0,0.0,170.0,170.0,170.0,170.0,22.0,16.0,30.0,4.0,15.0,6.0,1.0
190.264,54,253865.0,504.0,86.0,799.0,600.0,0.0,1.0,0.0,0.0,0.367,0.021,0.596,0.5,0.366,0.034,0.596,0.514,0.0,0.0,-4.67,-7.53,-88.91,-85.96,0.0,0.0,0.0,0.0,0.0,0.0,-2.43,1.0,1.0,0.0,-0.0,-0.0,0.0,0.0,0.0,0.0,0.0,0.0,0.0,0.0,0.0,170.0,170.0,170.0,170.0,22.0,16.0,30.0,4.0,15.0,6.0,0.0
190.329,52,253917.0,504.0,86.0,799.0,600.0,0.0,1.0,0.0,0.0,0.392,0.02,0.619,0.5,0.395,0.035,0.623,0.515,0.0,0.0,-4.71,-7.56,-88.91,-85.96,0.0,0.0,0.0,0.0,0.0,0.0,-2.43,1.0,1.0,0.0,-0.0,-0.0,0.0,0.0,0.0,0.0,0.0,0.0,0.0,0.0,0.0,170.0,170.0,170.0,170.0,22.0,16.0,30.0,4.0,15.0,6.0,0.0
190.362,54,253971.0,504.0,86.0,799.0,600.0,0.0,1.0,0.0,0.0,0.392,0.02,0.619,0.5,0.395,0.035,0.623,0.515,0.0,0.0,-4.78,-7.62,-88.91,-85.96,0.0,0.0,0.0,0.0,0.0,0.0,-2.43,1.0,1.0,0.0,-0.0,-0.0,0.0,0.0,0.0,0.0,0.0,0.0,0.0,0.0,0.0,170.0,170.0,170.0,170.0,22.0,16.0,30.0,4.0,15.0,6.0,0.0
190.427,52,254023.0,504.0,86.0,799.0,600.0,0.0,1.0,0.0,0.0,0.392,0.02,0.619,0.5,0.395,0.035,0.623,0.515,0.0,0.0,-4.86,-7.7,-88.9,-85.96,0.0,0.0,0.0,0.0,0.0,0.0,-2.43,1.0,1.0,0.0,-0.0,-0.0,0.0,0.0,0.0,0.0,0.0,0.0,0.0,0.0,0.0,170.0,170.0,170.0,170.0,22.0,16.0,30.0,4.0,15.0,6.0,0.0
190.46,52,254075.0,504.0,86.0,803.0,600.0,0.0,1.0,0.0,0.0,0.392,0.02,0.619,0.5,0.395,0.035,0.623,0.515,0.0,0.0,-4.87,-7.72,-88.9,-85.96,0.0,0.0,0.0,0.0,0.0,0.0,-2.43,1.0,1.0,0.0,-0.0,-0.0,0.0,0.0,0.0,0.0,0.0,0.0,0.0,0.0,0.0,170.0,170.0,170.0,170.0,22.0,16.0,30.0,4.0,15.0,6.0,0.0
190.524,52,254127.0,504.0,86.0,803.0,600.0,0.0,1.0,0.0,0.0,0.404,0.02,0.631,0.5,0.409,0.035,0.637,0.515,0.0,0.0,-4.83,-7.7,-88.91,-85.96,0.0,0.0,0.0,0.0,0.0,0.0,-2.43,1.0,1.0,0.0,-0.0,-0.0,0.0,0.0,0.0,0.0,0.0,0.0,0.0,0.0,0.0,170.0,170.0,170.0,170.0,22.0,16.0,30.0,4.0,15.0,6.0,0.0
190.588,53,254180.0,504.0,86.0,803.0,600.0,0.0,1.0,0.0,0.0,0.404,0.02,0.631,0.5,0.409,0.035,0.637,0.515,0.0,0.0,-4.67,-7.57,-88.91,-85.96,0.0,0.0,0.0,0.0,0.0,0.0,-2.43,1.0,1.0,0.0,-0.0,-0.0,0.0,0.0,0.0,0.0,0.0,0.0,0.0,0.0,0.0,170.0,170.0,170.0,170.0,22.0,16.0,30.0,4.0,15.0,6.0,0.0
190.626,53,254233.0,504.0,86.0,803.0,600.0,0.0,1.0,0.0,0.0,0.404,0.02,0.631,0.5,0.409,0.035,0.637,0.515,0.0,0.0,-4.64,-7.56,-88.91,-85.96,0.0,0.0,0.0,0.0,0.0,0.0,-2.43,1.0,1.0,0.0,-0.0,0.0,-0.0,0.0,0.0,0.0,0.0,0.0,0.0,0.0,0.0,170.0,170.0,170.0,170.0,22.0,16.0,30.0,4.0,15.0,6.0,1.0
190.691,52,254285.0,504.0,86.0,794.0,600.0,0.0,1.0,0.0,0.0,0.404,0.02,0.631,0.5,0.409,0.035,0.637,0.515,0.0,0.0,-4.62,-7.55,-88.92,-85.96,0.0,0.0,0.0,0.0,0.0,0.0,-2.43,1.0,1.0,0.0,-0.0,0.0,-0.0,0.0,0.0,0.0,0.0,0.0,0.0,0.0,0.0,170.0,170.0,170.0,170.0,22.0,16.0,30.0,4.0,15.0,6.0,0.0
190.724,53,254338.0,504.0,86.0,794.0,600.0,0.0,1.0,0.0,0.0,0.409,0.02,0.634,0.5,0.416,0.035,0.641,0.515,0.0,0.0,-4.67,-7.61,-88.91,-85.96,0.0,0.0,0.0,0.0,0.0,0.0,-2.43,1.0,1.0,0.0,-0.0,0.0,0.0,0.0,0.0,0.0,0.0,0.0,0.0,0.0,0.0,170.0,170.0,170.0,170.0,22.0,16.0,30.0,4.0,15.0,6.0,0.0
190.789,54,254392.0,526.0,86.0,794.0,600.0,0.0,1.0,0.0,0.0,0.409,0.02,0.634,0.5,0.416,0.035,0.641,0.515,0.0,0.0,-4.69,-7.62,-88.91,-85.96,0.0,0.0,0.0,0.0,0.0,0.0,-2.43,1.0,1.0,0.0,-0.0,0.0,-0.0,0.0,0.0,0.0,0.0,0.0,0.0,0.0,0.0,170.0,170.0,170.0,170.0,22.0,16.0,30.0,4.0,15.0,6.0,1.0
190.855,53,254445.0,526.0,86.0,794.0,600.0,0.0,1.0,0.0,0.0,0.409,0.02,0.634,0.5,0.416,0.035,0.641,0.515,0.0,0.0,-4.71,-7.64,-88.91,-85.96,0.0,0.0,0.0,0.0,0.0,0.0,-2.43,1.0,1.0,0.0,-0.0,0.0,-0.0,0.0,0.0,0.0,0.0,0.0,0.0,0.0,0.0,170.0,170.0,170.0,170.0,22.0,16.0,30.0,4.0,15.0,6.0,0.0
190.888,52,254497.0,526.0,86.0,792.0,600.0,0.0,1.0,0.0,0.0,0.409,0.02,0.634,0.5,0.416,0.035,0.641,0.515,0.0,0.0,-4.69,-7.63,-88.91,-85.96,0.0,0.0,0.0,0.0,0.0,0.0,-2.43,1.0,1.0,0.0,-0.0,0.0,-0.0,0.0,0.0,0.0,0.0,0.0,0.0,0.0,0.0,170.0,170.0,170.0,170.0,22.0,16.0,30.0,4.0,15.0,6.0,0.0
190.953,53,254550.0,526.0,86.0,792.0,600.0,0.0,1.0,0.0,0.0,0.423,0.02,0.635,0.5,0.428,0.035,0.642,0.515,0.0,0.0,-4.66,-7.6,-88.92,-85.96,0.0,0.0,0.0,0.0,0.0,0.0,-2.43,1.0,1.0,0.0,-0.0,-0.0,0.0,0.0,0.0,0.0,0.0,0.0,0.0,0.0,0.0,170.0,170.0,170.0,170.0,22.0,16.0,30.0,4.0,15.0,6.0,0.0
191.02,53,254603.0,462.0,86.0,792.0,600.0,0.0,1.0,0.0,0.0,0.423,0.02,0.635,0.5,0.428,0.035,0.642,0.515,0.0,0.0,-4.58,-7.56,-88.93,-85.96,0.0,0.0,0.0,0.0,0.0,0.0,-2.43,1.0,1.0,0.0,-0.0,0.0,0.0,0.0,0.0,0.0,0.0,0.0,0.0,0.0,0.0,170.0,170.0,170.0,170.0,22.0,16.0,30.0,4.0,15.0,6.0,0.0
191.053,53,254656.0,462.0,86.0,792.0,600.0,0.0,1.0,0.0,0.0,0.423,0.02,0.635,0.5,0.428,0.035,0.642,0.515,0.0,0.0,-4.57,-7.55,-88.93,-85.96,0.0,0.0,0.0,0.0,0.0,0.0,-2.43,1.0,1.0,0.0,-0.0,0.0,-0.0,0.0,0.0,0.0,0.0,0.0,0.0,0.0,0.0,170.0,170.0,170.0,170.0,22.0,16.0,30.0,4.0,15.0,6.0,0.0
191.118,52,254708.0,462.0,86.0,800.0,600.0,0.0,1.0,0.0,0.0,0.423,0.02,0.635,0.5,0.428,0.035,0.642,0.515,0.0,0.0,-4.57,-7.56,-88.93,-85.96,0.0,0.0,0.0,0.0,0.0,0.0,-2.43,1.0,1.0,0.0,-0.0,0.0,-0.0,0.0,0.0,0.0,0.0,0.0,0.0,0.0,0.0,170.0,170.0,170.0,170.0,22.0,16.0,30.0,4.0,15.0,6.0,0.0
191.149,55,254763.0,462.0,86.0,800.0,600.0,0.0,1.0,0.0,0.0,0.396,0.02,0.638,0.5,0.407,0.035,0.645,0.515,0.0,0.0,-4.59,-7.59,-88.93,-85.96,0.0,0.0,0.0,0.0,0.0,0.0,-2.43,1.0,1.0,0.0,-0.0,-0.0,0.0,0.0,0.0,0.0,0.0,0.0,0.0,0.0,0.0,170.0,170.0,170.0,170.0,22.0,16.0,30.0,4.0,15.0,6.0,0.0
191.214,54,254817.0,382.0,86.0,800.0,600.0,0.0,1.0,0.0,0.0,0.396,0.02,0.638,0.5,0.407,0.035,0.645,0.515,0.0,0.0,-4.59,-7.59,-88.93,-85.96,0.0,0.0,0.0,0.0,0.0,0.0,-2.43,1.0,1.0,0.0,-0.0,-0.0,-0.0,0.0,0.0,0.0,0.0,0.0,0.0,0.0,0.0,170.0,170.0,170.0,170.0,22.0,16.0,30.0,4.0,15.0,6.0,0.0
191.281,53,254870.0,382.0,85.0,800.0,600.0,0.0,1.0,0.0,0.0,0.396,0.02,0.638,0.5,0.407,0.035,0.645,0.515,0.0,0.0,-4.59,-7.58,-88.93,-85.96,0.0,0.0,0.0,0.0,0.0,0.0,-2.43,1.0,1.0,0.0,-0.0,-0.0,0.0,0.0,0.0,0.0,0.0,0.0,0.0,0.0,0.0,170.0,170.0,170.0,170.0,22.0,16.0,30.0,4.0,15.0,6.0,0.0
191.314,52,254922.0,382.0,85.0,799.0,600.0,0.0,1.0,0.0,0.0,0.396,0.02,0.638,0.5,0.407,0.035,0.645,0.515,0.0,0.0,-4.55,-7.57,-88.92,-85.96,0.0,0.0,0.0,0.0,0.0,0.0,-2.43,1.0,1.0,0.0,-0.0,0.0,0.0,0.0,0.0,0.0,0.0,0.0,0.0,0.0,0.0,170.0,170.0,170.0,170.0,22.0,16.0,30.0,4.0,15.0,6.0,0.0
191.379,53,254975.0,382.0,85.0,799.0,600.0,0.0,1.0,0.0,0.0,0.338,0.02,0.639,0.5,0.355,0.034,0.646,0.514,0.0,0.0,-4.54,-7.56,-88.92,-85.96,0.0,0.0,0.0,0.0,0.0,0.0,-2.43,1.0,1.0,0.0,-0.0,-0.0,0.0,0.0,0.0,0.0,0.0,0.0,0.0,0.0,0.0,170.0,170.0,170.0,170.0,22.0,16.0,30.0,4.0,15.0,6.0,0.0
191.446,53,255028.0,332.0,85.0,799.0,600.0,0.0,1.0,0.0,0.0,0.338,0.02,0.639,0.5,0.355,0.034,0.646,0.514,0.0,0.0,-4.53,-7.55,-88.93,-85.96,0.0,0.0,0.0,0.0,0.0,0.0,-2.43,1.0,1.0,0.0,-0.0,-0.0,0.0,0.0,0.0,0.0,0.0,0.0,0.0,0.0,0.0,170.0,170.0,170.0,170.0,22.0,16.0,30.0,4.0,15.0,6.0,0.0
191.479,52,255080.0,332.0,84.0,799.0,600.0,0.0,1.0,0.0,0.0,0.338,0.02,0.639,0.5,0.355,0.034,0.646,0.514,0.0,0.0,-4.54,-7.56,-88.93,-85.96,0.0,0.0,0.0,0.0,0.0,0.0,-2.43,1.0,1.0,0.0,-0.0,-0.0,-0.0,0.0,0.0,0.0,0.0,0.0,0.0,0.0,0.0,170.0,170.0,170.0,170.0,22.0,16.0,30.0,4.0,15.0,6.0,0.0
191.548,53,255133.0,332.0,84.0,798.0,600.0,0.0,1.0,0.0,0.0,0.338,0.02,0.639,0.5,0.355,0.034,0.646,0.514,0.0,0.0,-4.54,-7.56,-88.93,-85.96,0.0,0.0,0.0,0.0,0.0,0.0,-2.43,1.0,1.0,0.0,-0.0,0.0,0.0,0.0,0.0,0.0,0.0,0.0,0.0,0.0,0.0,170.0,170.0,170.0,170.0,22.0,16.0,30.0,4.0,15.0,6.0,1.0
191.584,53,255186.0,332.0,84.0,798.0,600.0,0.0,1.0,0.0,0.0,0.282,0.019,0.639,0.5,0.299,0.033,0.646,0.514,0.0,0.0,-4.54,-7.57,-88.93,-85.96,0.0,0.0,0.0,0.0,0.0,0.0,-2.43,1.0,1.0,0.0,-0.0,0.0,0.0,0.0,0.0,0.0,0.0,0.0,0.0,0.0,0.0,170.0,170.0,170.0,170.0,22.0,16.0,30.0,4.0,15.0,6.0,0.0
191.642,54,255240.0,332.0,84.0,798.0,600.0,0.0,1.0,0.0,0.0,0.282,0.019,0.639,0.5,0.299,0.033,0.646,0.514,0.0,0.0,-4.53,-7.56,-88.94,-85.96,0.0,0.0,0.0,0.0,0.0,0.0,-2.43,1.0,1.0,0.0,-0.0,0.0,0.0,0.0,0.0,0.0,0.0,0.0,0.0,0.0,0.0,170.0,170.0,170.0,170.0,22.0,16.0,30.0,4.0,15.0,6.0,0.0
191.699,52,255292.0,332.0,83.0,798.0,600.0,0.0,1.0,0.0,0.0,0.282,0.019,0.639,0.5,0.299,0.033,0.646,0.514,0.0,0.0,-4.51,-7.56,-88.94,-85.96,0.0,0.0,0.0,0.0,0.0,0.0,-2.43,1.0,1.0,0.0,-0.0,-0.0,-0.0,0.0,0.0,0.0,0.0,0.0,0.0,0.0,0.0,170.0,170.0,170.0,170.0,22.0,16.0,30.0,4.0,15.0,6.0,0.0
191.727,53,255345.0,332.0,83.0,799.0,600.0,0.0,1.0,0.0,0.0,0.282,0.019,0.639,0.5,0.299,0.033,0.646,0.514,0.0,0.0,-4.51,-7.56,-88.94,-85.96,0.0,0.0,0.0,0.0,0.0,0.0,-2.43,1.0,1.0,0.0,-0.0,-0.0,0.0,0.0,0.0,0.0,0.0,0.0,0.0,0.0,0.0,170.0,170.0,170.0,170.0,22.0,16.0,30.0,4.0,15.0,6.0,1.0
191.784,53,255398.0,332.0,83.0,799.0,600.0,0.0,1.0,0.0,0.0,0.257,0.019,0.639,0.5,0.269,0.032,0.647,0.513,0.0,0.0,-4.5,-7.57,-88.94,-85.96,0.0,0.0,0.0,0.0,0.0,0.0,-2.43,1.0,1.0,0.0,-0.0,0.0,0.0,0.0,0.0,0.0,0.0,0.0,0.0,0.0,0.0,170.0,170.0,170.0,170.0,22.0,16.0,30.0,4.0,15.0,6.0,0.0
191.842,53,255451.0,327.0,83.0,799.0,600.0,0.0,1.0,0.0,0.0,0.257,0.019,0.639,0.5,0.269,0.032,0.647,0.513,0.0,0.0,-4.49,-7.57,-88.94,-85.96,0.0,0.0,0.0,0.0,0.0,0.0,-2.43,1.0,1.0,0.0,-0.0,0.0,-0.0,0.0,0.0,0.0,0.0,0.0,0.0,0.0,0.0,170.0,170.0,170.0,170.0,22.0,16.0,30.0,4.0,15.0,6.0,0.0
191.899,53,255504.0,327.0,82.0,799.0,600.0,0.0,1.0,0.0,0.0,0.257,0.019,0.639,0.5,0.269,0.032,0.647,0.513,0.0,0.0,-4.49,-7.58,-88.94,-85.96,0.0,0.0,0.0,0.0,0.0,0.0,-2.43,1.0,1.0,0.0,-0.0,-0.0,-0.0,0.0,0.0,0.0,0.0,0.0,0.0,0.0,0.0,170.0,170.0,170.0,170.0,22.0,16.0,30.0,4.0,15.0,6.0,0.0
191.957,53,255557.0,327.0,82.0,805.0,600.0,0.0,1.0,0.0,0.0,0.257,0.019,0.639,0.5,0.269,0.032,0.647,0.513,0.0,0.0,-4.49,-7.59,-88.94,-85.96,0.0,0.0,0.0,0.0,0.0,0.0,-2.43,1.0,1.0,0.0,-0.0,-0.0,0.0,0.0,0.0,0.0,0.0,0.0,0.0,0.0,0.0,170.0,170.0,170.0,170.0,22.0,16.0,30.0,4.0,15.0,6.0,0.0
192.017,53,255610.0,327.0,82.0,805.0,600.0,0.0,1.0,0.0,0.0,0.242,0.019,0.641,0.5,0.252,0.032,0.648,0.513,0.0,0.0,-4.49,-7.59,-88.94,-85.96,0.0,0.0,0.0,0.0,0.0,0.0,-2.43,1.0,1.0,0.0,-0.0,-0.0,0.0,0.0,0.0,0.0,0.0,0.0,0.0,0.0,0.0,170.0,170.0,170.0,170.0,22.0,16.0,30.0,4.0,15.0,6.0,0.0
192.05,54,255664.0,302.0,82.0,805.0,600.0,0.0,1.0,0.0,0.0,0.242,0.019,0.641,0.5,0.252,0.032,0.648,0.513,0.0,0.0,-4.5,-7.6,-88.94,-85.96,0.0,0.0,0.0,0.0,0.0,0.0,-2.43,1.0,1.0,0.0,-0.0,0.0,-0.0,0.0,0.0,0.0,0.0,0.0,0.0,0.0,0.0,170.0,170.0,170.0,170.0,22.0,16.0,30.0,4.0,15.0,6.0,0.0
192.109,52,255716.0,302.0,83.0,805.0,600.0,0.0,1.0,0.0,0.0,0.242,0.019,0.641,0.5,0.252,0.032,0.648,0.513,0.0,0.0,-4.49,-7.59,-88.94,-85.96,0.0,0.0,0.0,0.0,0.0,0.0,-2.43,1.0,1.0,0.0,-0.0,0.0,0.0,0.0,0.0,0.0,0.0,0.0,0.0,0.0,0.0,170.0,170.0,170.0,170.0,22.0,16.0,30.0,4.0,15.0,6.0,0.0
192.166,53,255769.0,302.0,83.0,805.0,600.0,0.0,1.0,0.0,0.0,0.242,0.019,0.641,0.5,0.252,0.032,0.648,0.513,0.0,0.0,-4.49,-7.6,-88.94,-85.96,0.0,0.0,0.0,0.0,0.0,0.0,-2.43,1.0,1.0,0.0,-0.0,0.0,0.0,0.0,0.0,0.0,0.0,0.0,0.0,0.0,0.0,170.0,170.0,170.0,170.0,22.0,16.0,30.0,4.0,15.0,6.0,0.0
192.224,54,255823.0,302.0,83.0,805.0,496.0,0.0,1.0,0.0,0.0,0.22,0.019,0.642,0.449,0.231,0.031,0.649,0.47,0.0,0.0,-4.48,-7.59,-88.94,-85.96,0.0,0.0,0.0,0.0,0.0,0.0,-2.43,1.0,1.0,0.0,-0.0,-0.0,0.0,0.0,0.0,0.0,0.0,0.0,0.0,0.0,0.0,170.0,170.0,170.0,170.0,22.0,16.0,30.0,4.0,15.0,6.0,1.0
192.281,54,255877.0,295.0,83.0,805.0,496.0,1.0,1.0,0.0,0.0,0.22,0.019,0.642,0.449,0.231,0.031,0.649,0.47,0.0,0.0,-4.48,-7.59,-88.94,-85.96,0.0,0.0,0.0,0.0,0.0,0.0,-2.43,1.0,1.0,0.0,-0.0,0.0,0.0,0.0,0.0,0.0,0.0,0.0,0.0,0.0,0.0,170.0,170.0,170.0,170.0,22.0,16.0,30.0,4.0,15.0,6.0,0.0
192.347,52,255929.0,295.0,84.0,805.0,496.0,1.0,1.0,0.0,0.0,0.22,0.019,0.642,0.449,0.231,0.031,0.649,0.47,0.0,0.0,-4.48,-7.59,-88.94,-85.96,0.0,0.0,0.0,0.0,0.0,0.0,-2.43,1.0,1.0,0.0,-0.0,0.0,-0.0,0.0,0.0,0.0,0.0,0.0,0.0,0.0,0.0,170.0,170.0,170.0,170.0,22.0,16.0,30.0,4.0,15.0,6.0,0.0
