t_pc_s,salto_ms,t_ms,dN,dE,dS,dO,pN,pE,pS,pO,nr0,nr1,nr2,nr3,mr0,mr1,mr2,mr3,ret,mem,roll,pitch,yaw,yaw_ref,corr,cm_tramo,celdas,estado,cmd,ev,err_giro,imu_ok,hab,rpm_DI,rpm_DD,rpm_TI,rpm_TD,obj_DI,obj_DD,obj_TI,obj_TD,pwm_DI,pwm_DD,pwm_TI,pwm_TD,desp_DI,desp_DD,desp_TI,desp_TD,agc_DI,agc_DD,agc_TI,agc_TD,vivas,cortadas,ciclo_ms
0.009,,21812.0,550.0,91.0,480.0,600.0,0.0,1.0,0.0,0.0,0.459,0.023,0.401,0.5,0.467,0.035,0.411,0.513,0.0,0.0,-1.44,-5.3,-0.01,0.0,0.0,0.0,0.0,0.0,0.0,0.0,0.0,1.0,0.0,0.0,0.0,-0.0,0.1,0.0,0.0,0.0,0.0,0.0,0.0,0.0,0.0,95.0,83.0,93.0,39.0,17.0,10.0,27.0,13.0,15.0,0.0,0.0
0.037,53,21865.0,550.0,91.0,480.0,600.0,0.0,1.0,0.0,0.0,0.459,0.023,0.401,0.5,0.467,0.035,0.411,0.513,0.0,0.0,-1.44,-5.29,-0.01,0.0,0.0,0.0,0.0,0.0,0.0,0.0,0.0,1.0,0.0,0.0,0.0,-0.0,0.1,0.0,0.0,0.0,0.0,0.0,0.0,0.0,0.0,95.0,83.0,93.0,39.0,17.0,10.0,27.0,13.0,15.0,0.0,0.0
0.094,52,21917.0,550.0,91.0,480.0,600.0,0.0,1.0,0.0,0.0,0.458,0.023,0.395,0.5,0.466,0.035,0.404,0.513,0.0,0.0,-1.44,-5.29,-0.01,0.0,0.0,0.0,0.0,0.0,0.0,0.0,0.0,1.0,0.0,0.0,0.0,-0.0,0.0,0.0,0.0,0.0,0.0,0.0,0.0,0.0,0.0,95.0,83.0,93.0,39.0,17.0,10.0,27.0,13.0,15.0,0.0,0.0
0.157,53,21970.0,548.0,91.0,480.0,600.0,0.0,1.0,0.0,0.0,0.458,0.023,0.395,0.5,0.466,0.035,0.404,0.513,0.0,0.0,-1.43,-5.29,-0.01,0.0,0.0,0.0,0.0,0.0,0.0,0.0,0.0,1.0,0.0,0.0,0.0,-0.0,0.1,0.0,0.0,0.0,0.0,0.0,0.0,0.0,0.0,95.0,83.0,93.0,39.0,17.0,10.0,27.0,13.0,15.0,0.0,1.0
0.214,52,22022.0,548.0,91.0,480.0,600.0,0.0,1.0,0.0,0.0,0.458,0.023,0.395,0.5,0.466,0.035,0.404,0.513,0.0,0.0,-1.43,-5.29,-0.01,0.0,0.0,0.0,0.0,0.0,0.0,0.0,0.0,1.0,0.0,0.0,0.0,-0.0,0.1,0.0,0.0,0.0,0.0,0.0,0.0,0.0,0.0,95.0,83.0,93.0,39.0,17.0,10.0,27.0,13.0,15.0,0.0,0.0
0.271,53,22075.0,548.0,91.0,480.0,600.0,0.0,1.0,0.0,0.0,0.458,0.023,0.395,0.5,0.466,0.035,0.404,0.513,0.0,0.0,-1.43,-5.29,-0.01,0.0,0.0,0.0,0.0,0.0,0.0,0.0,0.0,1.0,0.0,0.0,0.0,-0.0,0.1,0.0,0.0,0.0,0.0,0.0,0.0,0.0,0.0,95.0,83.0,93.0,39.0,17.0,10.0,27.0,13.0,15.0,0.0,0.0
0.299,52,22127.0,548.0,91.0,480.0,600.0,0.0,1.0,0.0,0.0,0.456,0.023,0.393,0.5,0.464,0.035,0.401,0.512,0.0,0.0,-1.43,-5.3,-0.01,0.0,0.0,0.0,0.0,0.0,0.0,0.0,0.0,1.0,0.0,0.0,0.0,-0.0,0.0,0.0,0.0,0.0,0.0,0.0,0.0,0.0,0.0,95.0,83.0,93.0,39.0,17.0,10.0,27.0,13.0,15.0,0.0,0.0
0.357,52,22179.0,551.0,91.0,480.0,600.0,0.0,1.0,0.0,0.0,0.456,0.023,0.393,0.5,0.464,0.035,0.401,0.512,0.0,0.0,-1.43,-5.3,-0.01,0.0,0.0,0.0,0.0,0.0,0.0,0.0,0.0,1.0,0.0,0.0,0.0,-0.0,0.0,0.0,0.0,0.0,0.0,0.0,0.0,0.0,0.0,95.0,83.0,93.0,39.0,17.0,10.0,27.0,13.0,15.0,0.0,0.0
0.414,51,22230.0,551.0,91.0,480.0,600.0,0.0,1.0,0.0,0.0,0.456,0.023,0.393,0.5,0.464,0.035,0.401,0.512,0.0,0.0,-1.43,-5.3,-0.01,0.0,0.0,0.0,0.0,0.0,0.0,0.0,0.0,1.0,0.0,0.0,0.0,-0.0,0.0,0.0,0.0,0.0,0.0,0.0,0.0,0.0,0.0,95.0,83.0,93.0,39.0,17.0,10.0,27.0,13.0,15.0,0.0,0.0
0.471,54,22284.0,551.0,91.0,600.0,600.0,0.0,1.0,0.0,0.0,0.456,0.023,0.393,0.5,0.464,0.035,0.401,0.512,0.0,0.0,-1.43,-5.3,-0.01,0.0,0.0,0.0,0.0,0.0,0.0,0.0,0.0,1.0,0.0,0.0,0.0,-0.0,0.0,0.0,0.0,0.0,0.0,0.0,0.0,0.0,0.0,95.0,83.0,93.0,39.0,17.0,10.0,27.0,13.0,15.0,0.0,0.0
0.534,52,22336.0,551.0,91.0,600.0,600.0,0.0,1.0,0.0,0.0,0.457,0.023,0.45,0.5,0.464,0.036,0.449,0.513,0.0,0.0,-1.43,-5.3,-0.01,0.0,0.0,0.0,0.0,0.0,0.0,0.0,0.0,1.0,0.0,0.0,0.0,-0.0,-0.0,0.0,0.0,0.0,0.0,0.0,0.0,0.0,0.0,95.0,83.0,93.0,39.0,17.0,10.0,27.0,13.0,15.0,0.0,0.0
0.562,53,22389.0,550.0,91.0,600.0,600.0,0.0,1.0,0.0,0.0,0.457,0.023,0.45,0.5,0.464,0.036,0.449,0.513,0.0,0.0,-1.43,-5.3,-0.01,0.0,0.0,0.0,0.0,0.0,0.0,0.0,0.0,1.0,0.0,0.0,0.0,-0.0,0.0,0.0,0.0,0.0,0.0,0.0,0.0,0.0,0.0,95.0,83.0,93.0,39.0,17.0,10.0,27.0,13.0,15.0,0.0,0.0
0.619,51,22440.0,550.0,92.0,600.0,600.0,0.0,1.0,0.0,0.0,0.457,0.023,0.45,0.5,0.464,0.036,0.449,0.513,0.0,0.0,-1.43,-5.29,-0.01,0.0,0.0,0.0,0.0,0.0,0.0,0.0,0.0,1.0,0.0,0.0,0.0,-0.0,-0.0,0.0,0.0,0.0,0.0,0.0,0.0,0.0,0.0,95.0,83.0,93.0,39.0,17.0,10.0,27.0,13.0,15.0,0.0,0.0
0.677,54,22494.0,550.0,92.0,600.0,600.0,0.0,1.0,0.0,0.0,0.457,0.023,0.45,0.5,0.464,0.036,0.449,0.513,0.0,0.0,-1.43,-5.29,-0.01,0.0,0.0,0.0,0.0,0.0,0.0,0.0,0.0,1.0,0.0,0.0,0.0,-0.0,0.0,0.0,0.0,0.0,0.0,0.0,0.0,0.0,0.0,95.0,83.0,93.0,39.0,17.0,10.0,27.0,13.0,15.0,0.0,0.0
0.737,52,22546.0,550.0,92.0,600.0,600.0,0.0,1.0,0.0,0.0,0.457,0.023,0.477,0.5,0.464,0.036,0.48,0.514,0.0,0.0,-1.43,-5.3,-0.01,0.0,0.0,0.0,0.0,0.0,0.0,0.0,0.0,1.0,0.0,0.0,0.0,-0.0,0.0,0.0,0.0,0.0,0.0,0.0,0.0,0.0,0.0,95.0,83.0,93.0,39.0,17.0,10.0,27.0,13.0,15.0,0.0,0.0
0.794,53,22599.0,550.0,92.0,600.0,600.0,0.0,1.0,0.0,0.0,0.457,0.023,0.477,0.5,0.464,0.036,0.48,0.514,0.0,0.0,-1.43,-5.3,-0.01,0.0,0.0,0.0,0.0,0.0,0.0,0.0,0.0,1.0,0.0,0.0,0.0,-0.0,0.0,0.0,0.0,0.0,0.0,0.0,0.0,0.0,0.0,95.0,83.0,93.0,39.0,17.0,10.0,27.0,13.0,15.0,0.0,0.0
0.822,51,22650.0,550.0,92.0,600.0,600.0,0.0,1.0,0.0,0.0,0.457,0.023,0.477,0.5,0.464,0.036,0.48,0.514,0.0,0.0,-1.43,-5.3,-0.01,0.0,0.0,0.0,0.0,0.0,0.0,0.0,0.0,1.0,0.0,0.0,0.0,-0.0,0.0,0.0,0.0,0.0,0.0,0.0,0.0,0.0,0.0,95.0,83.0,93.0,39.0,17.0,10.0,27.0,13.0,15.0,0.0,1.0
0.879,53,22703.0,550.0,92.0,600.0,600.0,0.0,1.0,0.0,0.0,0.457,0.023,0.477,0.5,0.464,0.036,0.48,0.514,0.0,0.0,-1.43,-5.3,-0.01,0.0,0.0,0.0,0.0,0.0,0.0,0.0,0.0,1.0,0.0,0.0,0.0,-0.0,0.0,0.0,0.0,0.0,0.0,0.0,0.0,0.0,0.0,95.0,83.0,93.0,39.0,17.0,10.0,27.0,13.0,15.0,0.0,0.0
0.937,52,22755.0,550.0,92.0,600.0,600.0,0.0,1.0,0.0,0.0,0.456,0.023,0.489,0.5,0.464,0.037,0.495,0.514,0.0,0.0,-1.43,-5.3,-0.01,0.0,0.0,0.0,0.0,0.0,0.0,0.0,0.0,1.0,0.0,0.0,0.0,-0.0,0.0,0.0,0.0,0.0,0.0,0.0,0.0,0.0,0.0,95.0,83.0,93.0,39.0,17.0,10.0,27.0,13.0,15.0,0.0,0.0
0.994,53,22808.0,552.0,92.0,600.0,600.0,0.0,1.0,0.0,0.0,0.456,0.023,0.489,0.5,0.464,0.037,0.495,0.514,0.0,0.0,-1.43,-5.29,-0.01,0.0,0.0,0.0,0.0,0.0,0.0,0.0,0.0,1.0,0.0,0.0,0.0,-0.0,-0.0,0.0,0.0,0.0,0.0,0.0,0.0,0.0,0.0,95.0,83.0,93.0,39.0,17.0,10.0,27.0,13.0,15.0,0.0,0.0
1.051,51,22859.0,552.0,92.0,600.0,600.0,0.0,1.0,0.0,0.0,0.456,0.023,0.489,0.5,0.464,0.037,0.495,0.514,0.0,0.0,-1.43,-5.29,-0.01,0.0,0.0,0.0,0.0,0.0,0.0,0.0,0.0,1.0,0.0,0.0,0.0,-0.0,0.0,0.0,0.0,0.0,0.0,0.0,0.0,0.0,0.0,95.0,83.0,93.0,39.0,17.0,10.0,27.0,13.0,15.0,0.0,1.0
1.08,36,22895.0,552.0,92.0,600.0,600.0,0.0,1.0,0.0,0.0,0.456,0.023,0.489,0.5,0.464,0.037,0.495,0.514,0.0,0.0,-1.43,-5.29,-0.01,0.0,0.0,0.0,0.0,0.0,0.0,0.0,0.0,1.0,0.0,0.0,0.0,-0.0,0.0,0.0,0.0,0.0,0.0,0.0,0.0,0.0,0.0,95.0,83.0,93.0,39.0,17.0,10.0,27.0,13.0,15.0,0.0,0.0
1.193,101,22996.0,554.0,92.0,600.0,600.0,0.0,1.0,0.0,0.0,0.457,0.023,0.495,0.5,0.465,0.037,0.502,0.514,0.0,0.0,-1.43,-5.29,-0.01,0.0,0.0,0.0,0.0,0.0,0.0,0.0,0.0,1.0,0.0,0.0,0.0,-0.0,0.0,0.0,0.0,0.0,0.0,0.0,0.0,0.0,0.0,95.0,83.0,93.0,39.0,17.0,10.0,27.0,13.0,15.0,0.0,1.0
1.222,51,23047.0,554.0,92.0,600.0,600.0,0.0,1.0,0.0,0.0,0.457,0.023,0.495,0.5,0.465,0.037,0.502,0.514,0.0,0.0,-1.43,-5.3,-0.01,0.0,0.0,0.0,0.0,0.0,0.0,0.0,0.0,1.0,0.0,0.0,0.0,-0.0,0.0,0.0,0.0,0.0,0.0,0.0,0.0,0.0,0.0,95.0,83.0,93.0,39.0,17.0,10.0,27.0,13.0,15.0,0.0,0.0
1.279,53,23100.0,554.0,92.0,600.0,600.0,0.0,1.0,0.0,0.0,0.457,0.023,0.495,0.5,0.465,0.037,0.502,0.514,0.0,0.0,-1.43,-5.3,-0.01,0.0,0.0,0.0,0.0,0.0,0.0,0.0,0.0,1.0,0.0,0.0,0.0,-0.0,-0.0,0.0,0.0,0.0,0.0,0.0,0.0,0.0,0.0,95.0,83.0,93.0,39.0,17.0,10.0,27.0,13.0,15.0,0.0,0.0
1.338,52,23152.0,554.0,92.0,600.0,600.0,0.0,1.0,0.0,0.0,0.459,0.023,0.498,0.5,0.466,0.037,0.505,0.514,0.0,0.0,-1.43,-5.3,-0.01,0.0,0.0,0.0,0.0,0.0,0.0,0.0,0.0,1.0,0.0,0.0,0.0,-0.0,0.0,0.0,0.0,0.0,0.0,0.0,0.0,0.0,0.0,95.0,83.0,93.0,39.0,17.0,10.0,27.0,13.0,15.0,0.0,1.0
1.395,52,23204.0,553.0,92.0,600.0,600.0,0.0,1.0,0.0,0.0,0.459,0.023,0.498,0.5,0.466,0.037,0.505,0.514,0.0,0.0,-1.43,-5.3,-0.01,0.0,0.0,0.0,0.0,0.0,0.0,0.0,0.0,1.0,0.0,0.0,0.0,-0.0,-0.0,0.0,0.0,0.0,0.0,0.0,0.0,0.0,0.0,95.0,83.0,93.0,39.0,17.0,10.0,27.0,13.0,15.0,0.0,0.0
1.454,52,23256.0,553.0,93.0,600.0,600.0,0.0,1.0,0.0,0.0,0.459,0.023,0.498,0.5,0.466,0.037,0.505,0.514,0.0,0.0,-1.43,-5.3,-0.01,0.0,0.0,0.0,0.0,0.0,0.0,0.0,0.0,1.0,0.0,0.0,0.0,-0.0,-0.0,0.0,0.0,0.0,0.0,0.0,0.0,0.0,0.0,95.0,83.0,93.0,39.0,17.0,10.0,27.0,13.0,15.0,0.0,0.0
1.482,34,23290.0,553.0,93.0,600.0,600.0,0.0,1.0,0.0,0.0,0.459,0.023,0.498,0.5,0.466,0.037,0.505,0.514,0.0,0.0,-1.43,-5.3,-0.01,0.0,0.0,0.0,0.0,0.0,0.0,0.0,0.0,1.0,0.0,0.0,0.0,-0.0,0.0,0.0,0.0,0.0,0.0,0.0,0.0,0.0,0.0,95.0,83.0,93.0,39.0,17.0,10.0,27.0,13.0,15.0,0.0,0.0
1.568,99,23389.0,554.0,93.0,600.0,600.0,0.0,1.0,0.0,0.0,0.459,0.023,0.499,0.5,0.467,0.037,0.506,0.514,0.0,0.0,-1.43,-5.3,-0.01,0.0,0.0,0.0,0.0,0.0,0.0,0.0,0.0,1.0,0.0,0.0,0.0,-0.0,0.0,0.0,0.0,0.0,0.0,0.0,0.0,0.0,0.0,95.0,83.0,93.0,39.0,17.0,10.0,27.0,13.0,15.0,0.0,0.0
1.625,53,23442.0,554.0,92.0,600.0,600.0,0.0,1.0,0.0,0.0,0.459,0.023,0.499,0.5,0.467,0.037,0.506,0.514,0.0,0.0,-1.43,-5.3,-0.01,0.0,0.0,0.0,0.0,0.0,0.0,0.0,0.0,1.0,0.0,0.0,0.0,-0.0,-0.0,0.0,0.0,0.0,0.0,0.0,0.0,0.0,0.0,95.0,83.0,93.0,39.0,17.0,10.0,27.0,13.0,15.0,0.0,0.0
1.682,52,23494.0,554.0,92.0,600.0,600.0,0.0,1.0,0.0,0.0,0.459,0.023,0.499,0.5,0.467,0.037,0.506,0.514,0.0,0.0,-1.43,-5.3,-0.01,0.0,0.0,0.0,0.0,0.0,0.0,0.0,0.0,1.0,0.0,0.0,0.0,-0.0,-0.0,0.0,0.0,0.0,0.0,0.0,0.0,0.0,0.0,95.0,83.0,93.0,39.0,17.0,10.0,27.0,13.0,15.0,0.0,0.0
1.739,53,23547.0,554.0,92.0,600.0,600.0,0.0,1.0,0.0,0.0,0.46,0.023,0.5,0.5,0.467,0.037,0.507,0.514,0.0,0.0,-1.43,-5.3,-0.01,0.0,0.0,0.0,0.0,0.0,0.0,0.0,0.0,1.0,0.0,0.0,0.0,-0.0,0.0,0.0,0.0,0.0,0.0,0.0,0.0,0.0,0.0,95.0,83.0,93.0,39.0,17.0,10.0,27.0,13.0,15.0,0.0,0.0
1.797,53,23600.0,554.0,92.0,600.0,600.0,0.0,1.0,0.0,0.0,0.46,0.023,0.5,0.5,0.467,0.037,0.507,0.514,0.0,0.0,-1.43,-5.3,-0.01,0.0,0.0,0.0,0.0,0.0,0.0,0.0,0.0,1.0,0.0,0.0,0.0,0.0,0.0,0.0,0.0,0.0,0.0,0.0,0.0,0.0,0.0,95.0,83.0,93.0,39.0,17.0,10.0,27.0,13.0,15.0,0.0,1.0
1.825,53,23653.0,554.0,91.0,600.0,600.0,0.0,1.0,0.0,0.0,0.46,0.023,0.5,0.5,0.467,0.037,0.507,0.514,0.0,0.0,-1.43,-5.3,-0.01,0.0,0.0,0.0,0.0,0.0,0.0,0.0,0.0,1.0,0.0,0.0,0.0,0.0,-0.0,0.0,0.0,0.0,0.0,0.0,0.0,0.0,0.0,95.0,83.0,93.0,39.0,17.0,10.0,27.0,13.0,15.0,0.0,0.0
1.882,52,23705.0,554.0,91.0,600.0,600.0,0.0,1.0,0.0,0.0,0.46,0.023,0.5,0.5,0.467,0.037,0.507,0.514,0.0,0.0,-1.43,-5.3,-0.01,0.0,0.0,0.0,0.0,0.0,0.0,0.0,0.0,1.0,0.0,0.0,0.0,0.0,-0.0,0.0,0.0,0.0,0.0,0.0,0.0,0.0,0.0,95.0,83.0,93.0,39.0,17.0,10.0,27.0,13.0,15.0,0.0,1.0
1.939,53,23758.0,554.0,91.0,600.0,600.0,0.0,1.0,0.0,0.0,0.46,0.023,0.5,0.5,0.468,0.037,0.507,0.514,0.0,0.0,-1.43,-5.3,-0.01,0.0,0.0,0.0,0.0,0.0,0.0,0.0,0.0,1.0,0.0,0.0,0.0,0.0,-0.0,0.0,0.0,0.0,0.0,0.0,0.0,0.0,0.0,95.0,83.0,93.0,39.0,17.0,10.0,27.0,13.0,15.0,0.0,0.0
1.997,53,23811.0,552.0,91.0,600.0,600.0,0.0,1.0,0.0,0.0,0.46,0.023,0.5,0.5,0.468,0.037,0.507,0.514,0.0,0.0,-1.43,-5.3,-0.01,0.0,0.0,0.0,0.0,0.0,0.0,0.0,0.0,1.0,0.0,0.0,0.0,0.0,-0.0,0.0,0.0,0.0,0.0,0.0,0.0,0.0,0.0,95.0,83.0,93.0,39.0,17.0,10.0,27.0,13.0,15.0,0.0,1.0
2.054,52,23863.0,552.0,92.0,600.0,600.0,0.0,1.0,0.0,0.0,0.46,0.023,0.5,0.5,0.468,0.037,0.507,0.514,0.0,0.0,-1.43,-5.3,-0.01,0.0,0.0,0.0,0.0,0.0,0.0,0.0,0.0,1.0,0.0,0.0,0.0,0.0,-0.0,0.0,0.0,0.0,0.0,0.0,0.0,0.0,0.0,95.0,83.0,93.0,39.0,17.0,10.0,27.0,13.0,15.0,0.0,0.0
2.082,34,23897.0,552.0,92.0,600.0,600.0,0.0,1.0,0.0,0.0,0.46,0.023,0.5,0.5,0.468,0.037,0.507,0.514,0.0,0.0,-1.43,-5.3,-0.01,0.0,0.0,0.0,0.0,0.0,0.0,0.0,0.0,1.0,0.0,0.0,0.0,0.0,0.0,0.0,0.0,0.0,0.0,0.0,0.0,0.0,0.0,95.0,83.0,93.0,39.0,17.0,10.0,27.0,13.0,15.0,0.0,0.0
2.167,97,23994.0,552.0,92.0,600.0,600.0,0.0,1.0,0.0,0.0,0.459,0.023,0.5,0.5,0.467,0.037,0.508,0.514,0.0,0.0,-1.44,-5.3,-0.01,0.0,0.0,0.0,0.0,0.0,0.0,0.0,0.0,1.0,0.0,0.0,0.0,0.0,-0.0,0.0,0.0,0.0,0.0,0.0,0.0,0.0,0.0,95.0,83.0,93.0,39.0,17.0,10.0,27.0,13.0,15.0,0.0,0.0
2.224,52,24046.0,552.0,92.0,600.0,600.0,0.0,1.0,0.0,0.0,0.459,0.023,0.5,0.5,0.467,0.037,0.508,0.514,0.0,0.0,-1.44,-5.3,-0.01,0.0,0.0,0.0,0.0,0.0,0.0,0.0,0.0,1.0,0.0,0.0,0.0,0.0,0.0,0.0,0.0,0.0,0.0,0.0,0.0,0.0,0.0,95.0,83.0,93.0,39.0,17.0,10.0,27.0,13.0,15.0,0.0,0.0
2.253,34,24080.0,552.0,92.0,600.0,600.0,0.0,1.0,0.0,0.0,0.459,0.023,0.5,0.5,0.467,0.037,0.508,0.514,0.0,0.0,-1.44,-5.3,-0.01,0.0,0.0,0.0,0.0,0.0,0.0,0.0,0.0,1.0,0.0,0.0,0.0,0.0,-0.0,0.0,0.0,0.0,0.0,0.0,0.0,0.0,0.0,95.0,83.0,93.0,39.0,17.0,10.0,27.0,13.0,15.0,0.0,0.0
2.367,98,24178.0,553.0,92.0,600.0,600.0,0.0,1.0,0.0,0.0,0.459,0.023,0.5,0.5,0.467,0.037,0.508,0.514,0.0,0.0,-1.44,-5.3,-0.01,0.0,0.0,0.0,0.0,0.0,0.0,0.0,0.0,1.0,0.0,0.0,0.0,0.0,0.4,0.0,0.0,0.0,0.0,0.0,0.0,0.0,0.0,95.0,83.0,93.0,39.0,17.0,10.0,27.0,13.0,15.0,0.0,1.0
2.424,53,24231.0,553.0,92.0,600.0,600.0,0.0,1.0,0.0,0.0,0.459,0.023,0.5,0.5,0.467,0.037,0.508,0.514,0.0,0.0,-1.44,-5.3,-0.01,0.0,0.0,0.0,0.0,0.0,0.0,0.0,0.0,1.0,0.0,0.0,0.0,0.0,0.4,0.0,0.0,0.0,0.0,0.0,0.0,0.0,0.0,95.0,83.0,93.0,39.0,17.0,10.0,27.0,13.0,15.0,0.0,0.0
2.453,35,24266.0,553.0,92.0,600.0,600.0,0.0,1.0,0.0,0.0,0.459,0.023,0.5,0.5,0.467,0.037,0.508,0.514,0.0,0.0,-1.44,-5.31,-0.01,0.0,0.0,0.0,0.0,0.0,0.0,0.0,0.0,1.0,0.0,0.0,0.0,0.0,0.3,0.0,0.0,0.0,0.0,0.0,0.0,0.0,0.0,95.0,83.0,93.0,39.0,17.0,10.0,27.0,13.0,15.0,0.0,0.0
2.539,97,24363.0,551.0,92.0,600.0,600.0,0.0,1.0,0.0,0.0,0.459,0.023,0.5,0.5,0.467,0.037,0.508,0.514,0.0,0.0,-1.44,-5.31,-0.01,0.0,0.0,0.0,0.0,0.0,0.0,0.0,0.0,1.0,0.0,0.0,0.0,0.0,0.3,0.0,0.0,0.0,0.0,0.0,0.0,0.0,0.0,95.0,83.0,93.0,39.0,17.0,10.0,27.0,13.0,15.0,0.0,0.0
2.596,52,24415.0,551.0,92.0,600.0,600.0,0.0,1.0,0.0,0.0,0.459,0.023,0.5,0.5,0.467,0.037,0.508,0.514,0.0,0.0,-1.44,-5.31,-0.01,0.0,0.0,0.0,0.0,0.0,0.0,0.0,0.0,1.0,0.0,0.0,0.0,0.0,0.3,0.0,0.0,0.0,0.0,0.0,0.0,0.0,0.0,95.0,83.0,93.0,39.0,17.0,10.0,27.0,13.0,15.0,0.0,0.0
2.653,53,24468.0,551.0,92.0,600.0,600.0,0.0,1.0,0.0,0.0,0.459,0.023,0.5,0.5,0.467,0.037,0.508,0.514,0.0,0.0,-1.44,-5.31,-0.01,0.0,0.0,0.0,0.0,0.0,0.0,0.0,0.0,1.0,0.0,0.0,0.0,0.0,0.2,0.0,0.0,0.0,0.0,0.0,0.0,0.0,0.0,95.0,83.0,93.0,39.0,17.0,10.0,27.0,13.0,15.0,0.0,0.0
2.71,52,24520.0,551.0,92.0,600.0,600.0,0.0,1.0,0.0,0.0,0.458,0.023,0.5,0.5,0.466,0.037,0.508,0.514,0.0,0.0,-1.43,-5.3,-0.01,0.0,0.0,0.0,0.0,0.0,0.0,0.0,0.0,1.0,0.0,0.0,0.0,0.0,0.2,0.0,0.0,0.0,0.0,0.0,0.0,0.0,0.0,95.0,83.0,93.0,39.0,17.0,10.0,27.0,13.0,15.0,0.0,0.0
2.767,52,24572.0,550.0,92.0,600.0,600.0,0.0,1.0,0.0,0.0,0.458,0.023,0.5,0.5,0.466,0.037,0.508,0.514,0.0,0.0,-1.43,-5.3,-0.01,0.0,0.0,0.0,0.0,0.0,0.0,0.0,0.0,1.0,0.0,0.0,0.0,0.0,0.2,0.0,0.0,0.0,0.0,0.0,0.0,0.0,0.0,95.0,83.0,93.0,39.0,17.0,10.0,27.0,13.0,15.0,0.0,0.0
2.796,51,24623.0,550.0,92.0,600.0,600.0,0.0,1.0,0.0,0.0,0.458,0.023,0.5,0.5,0.466,0.037,0.508,0.514,0.0,0.0,-1.43,-5.31,-0.01,0.0,0.0,0.0,0.0,0.0,0.0,0.0,0.0,1.0,0.0,0.0,0.0,0.0,0.1,0.0,0.0,0.0,0.0,0.0,0.0,0.0,0.0,95.0,83.0,93.0,39.0,17.0,10.0,27.0,13.0,15.0,0.0,0.0
2.853,36,24659.0,550.0,92.0,600.0,600.0,0.0,1.0,0.0,0.0,0.458,0.023,0.5,0.5,0.466,0.037,0.508,0.514,0.0,0.0,-1.43,-5.31,-0.01,0.0,0.0,0.0,0.0,0.0,0.0,0.0,0.0,1.0,0.0,0.0,0.0,0.0,0.1,0.0,0.0,0.0,0.0,0.0,0.0,0.0,0.0,95.0,83.0,93.0,39.0,17.0,10.0,27.0,13.0,15.0,0.0,0.0
2.942,97,24756.0,552.0,92.0,600.0,600.0,0.0,1.0,0.0,0.0,0.457,0.023,0.5,0.5,0.465,0.037,0.508,0.514,0.0,0.0,-1.43,-5.31,-0.01,0.0,0.0,0.0,0.0,0.0,0.0,0.0,0.0,1.0,0.0,0.0,0.0,0.0,0.1,0.0,0.0,0.0,0.0,0.0,0.0,0.0,0.0,95.0,83.0,93.0,39.0,17.0,10.0,27.0,13.0,15.0,0.0,0.0
2.999,53,24809.0,552.0,92.0,600.0,600.0,0.0,1.0,0.0,0.0,0.457,0.023,0.5,0.5,0.465,0.037,0.508,0.514,0.0,0.0,-1.43,-5.31,-0.01,0.0,0.0,0.0,0.0,0.0,0.0,0.0,0.0,1.0,0.0,0.0,0.0,0.0,0.1,0.0,0.0,0.0,0.0,0.0,0.0,0.0,0.0,95.0,83.0,93.0,39.0,17.0,10.0,27.0,13.0,15.0,0.0,0.0
3.056,52,24861.0,552.0,92.0,600.0,600.0,0.0,1.0,0.0,0.0,0.457,0.023,0.5,0.5,0.465,0.037,0.508,0.514,0.0,0.0,-1.43,-5.31,-0.01,0.0,0.0,0.0,0.0,0.0,0.0,0.0,0.0,1.0,0.0,0.0,0.0,0.0,0.1,0.0,0.0,0.0,0.0,0.0,0.0,0.0,0.0,95.0,83.0,93.0,39.0,17.0,10.0,27.0,13.0,15.0,0.0,0.0
3.113,52,24913.0,552.0,92.0,600.0,600.0,0.0,1.0,0.0,0.0,0.458,0.023,0.5,0.5,0.465,0.037,0.508,0.514,0.0,0.0,-1.43,-5.31,-0.01,0.0,0.0,0.0,0.0,0.0,0.0,0.0,0.0,1.0,0.0,0.0,0.0,0.0,0.1,0.0,0.0,0.0,0.0,0.0,0.0,0.0,0.0,95.0,83.0,93.0,39.0,17.0,10.0,27.0,13.0,15.0,0.0,1.0
3.141,53,24966.0,550.0,92.0,600.0,600.0,0.0,1.0,0.0,0.0,0.458,0.023,0.5,0.5,0.465,0.037,0.508,0.514,0.0,0.0,-1.43,-5.31,-0.01,0.0,0.0,0.0,0.0,0.0,0.0,0.0,0.0,1.0,0.0,0.0,0.0,0.0,0.1,0.0,0.0,0.0,0.0,0.0,0.0,0.0,0.0,95.0,83.0,93.0,39.0,17.0,10.0,27.0,13.0,15.0,0.0,0.0
3.198,52,25018.0,550.0,92.0,600.0,600.0,0.0,1.0,0.0,0.0,0.458,0.023,0.5,0.5,0.465,0.037,0.508,0.514,0.0,0.0,-1.43,-5.31,-0.01,0.0,0.0,0.0,0.0,0.0,0.0,0.0,0.0,1.0,0.0,0.0,0.0,0.0,0.1,0.0,0.0,0.0,0.0,0.0,0.0,0.0,0.0,95.0,83.0,93.0,39.0,17.0,10.0,27.0,13.0,15.0,0.0,0.0
3.256,53,25071.0,550.0,92.0,600.0,600.0,0.0,1.0,0.0,0.0,0.458,0.023,0.5,0.5,0.465,0.037,0.508,0.514,0.0,0.0,-1.43,-5.32,-0.01,0.0,0.0,0.0,0.0,0.0,0.0,0.0,0.0,1.0,0.0,0.0,0.0,0.0,0.0,0.0,0.0,0.0,0.0,0.0,0.0,0.0,0.0,95.0,83.0,93.0,39.0,17.0,10.0,27.0,13.0,15.0,0.0,0.0
3.313,53,25124.0,550.0,92.0,600.0,600.0,0.0,1.0,0.0,0.0,0.457,0.023,0.5,0.5,0.465,0.037,0.508,0.514,0.0,0.0,-1.43,-5.32,-0.01,0.0,0.0,0.0,0.0,0.0,0.0,0.0,0.0,1.0,0.0,0.0,0.0,0.0,0.0,0.0,0.0,0.0,0.0,0.0,0.0,0.0,0.0,95.0,83.0,93.0,39.0,17.0,10.0,27.0,13.0,15.0,0.0,0.0
3.37,53,25177.0,550.0,92.0,600.0,600.0,0.0,1.0,0.0,0.0,0.457,0.023,0.5,0.5,0.465,0.037,0.508,0.514,0.0,0.0,-1.43,-5.32,-0.01,0.0,0.0,0.0,0.0,0.0,0.0,0.0,0.0,1.0,0.0,0.0,0.0,0.0,0.0,0.0,0.0,0.0,0.0,0.0,0.0,0.0,0.0,95.0,83.0,93.0,39.0,17.0,10.0,27.0,13.0,15.0,0.0,0.0
3.427,51,25228.0,550.0,93.0,600.0,600.0,0.0,1.0,0.0,0.0,0.457,0.023,0.5,0.5,0.465,0.037,0.508,0.514,0.0,0.0,-1.43,-5.32,-0.01,0.0,0.0,0.0,0.0,0.0,0.0,0.0,0.0,1.0,0.0,0.0,0.0,0.0,0.0,0.0,0.0,0.0,0.0,0.0,0.0,0.0,0.0,95.0,83.0,93.0,39.0,17.0,10.0,27.0,13.0,15.0,0.0,0.0
3.457,53,25281.0,550.0,93.0,600.0,600.0,0.0,1.0,0.0,0.0,0.457,0.023,0.5,0.5,0.465,0.037,0.508,0.514,0.0,0.0,-1.43,-5.33,-0.01,0.0,0.0,0.0,0.0,0.0,0.0,0.0,0.0,1.0,0.0,0.0,0.0,0.0,-0.0,0.0,0.0,0.0,0.0,0.0,0.0,0.0,0.0,95.0,83.0,93.0,39.0,17.0,10.0,27.0,13.0,15.0,0.0,0.0
3.514,52,25333.0,550.0,93.0,600.0,600.0,0.0,1.0,0.0,0.0,0.457,0.023,0.5,0.5,0.465,0.037,0.508,0.514,0.0,0.0,-1.43,-5.33,-0.01,0.0,0.0,0.0,0.0,0.0,0.0,0.0,0.0,1.0,0.0,0.0,0.0,0.0,0.0,0.0,0.0,0.0,0.0,0.0,0.0,0.0,0.0,95.0,83.0,93.0,39.0,17.0,10.0,27.0,13.0,15.0,0.0,1.0
3.571,53,25386.0,553.0,93.0,600.0,600.0,0.0,1.0,0.0,0.0,0.457,0.023,0.5,0.5,0.465,0.037,0.508,0.514,0.0,0.0,-1.43,-5.33,-0.01,0.0,0.0,0.0,0.0,0.0,0.0,0.0,0.0,1.0,0.0,0.0,0.0,0.0,-0.0,0.0,0.0,0.0,0.0,0.0,0.0,0.0,0.0,95.0,83.0,93.0,39.0,17.0,10.0,27.0,13.0,15.0,0.0,0.0
3.628,52,25438.0,553.0,93.0,600.0,600.0,0.0,1.0,0.0,0.0,0.457,0.023,0.5,0.5,0.465,0.037,0.508,0.514,0.0,0.0,-1.43,-5.33,-0.01,0.0,0.0,0.0,0.0,0.0,0.0,0.0,0.0,1.0,0.0,0.0,0.0,0.0,-0.0,0.0,0.0,0.0,0.0,0.0,0.0,0.0,0.0,95.0,83.0,93.0,39.0,17.0,10.0,27.0,13.0,15.0,0.0,0.0
3.685,53,25491.0,553.0,93.0,600.0,600.0,0.0,1.0,0.0,0.0,0.457,0.023,0.5,0.5,0.465,0.037,0.508,0.514,0.0,0.0,-1.42,-5.33,-0.01,0.0,0.0,0.0,0.0,0.0,0.0,0.0,0.0,1.0,0.0,0.0,0.0,0.0,0.0,0.0,0.0,0.0,0.0,0.0,0.0,0.0,0.0,95.0,83.0,93.0,39.0,17.0,10.0,27.0,13.0,15.0,0.0,0.0
3.742,53,25544.0,553.0,93.0,600.0,600.0,0.0,1.0,0.0,0.0,0.458,0.023,0.5,0.5,0.466,0.037,0.508,0.514,0.0,0.0,-1.42,-5.33,-0.01,0.0,0.0,0.0,0.0,0.0,0.0,0.0,0.0,1.0,0.0,0.0,0.0,0.0,0.0,0.0,0.0,0.0,0.0,0.0,0.0,0.0,0.0,95.0,83.0,93.0,39.0,17.0,10.0,27.0,13.0,15.0,0.0,1.0
3.771,53,25597.0,552.0,93.0,600.0,600.0,0.0,1.0,0.0,0.0,0.458,0.023,0.5,0.5,0.466,0.037,0.508,0.514,0.0,0.0,-1.42,-5.33,-0.01,0.0,0.0,0.0,0.0,0.0,0.0,0.0,0.0,1.0,0.0,0.0,0.0,0.0,0.0,0.0,0.0,0.0,0.0,0.0,0.0,0.0,0.0,95.0,83.0,93.0,39.0,17.0,10.0,27.0,13.0,15.0,0.0,0.0
3.832,52,25649.0,552.0,93.0,600.0,600.0,0.0,1.0,0.0,0.0,0.458,0.023,0.5,0.5,0.466,0.037,0.508,0.514,0.0,0.0,-1.42,-5.32,-0.01,0.0,0.0,0.0,0.0,0.0,0.0,0.0,0.0,1.0,0.0,0.0,0.0,0.0,-0.0,0.0,0.0,0.0,0.0,0.0,0.0,0.0,0.0,95.0,83.0,93.0,39.0,17.0,10.0,27.0,13.0,15.0,0.0,0.0
3.897,53,25702.0,552.0,93.0,480.0,600.0,0.0,1.0,0.0,0.0,0.458,0.023,0.5,0.5,0.466,0.037,0.508,0.514,0.0,0.0,-1.42,-5.32,-0.01,0.0,0.0,0.0,0.0,0.0,0.0,0.0,0.0,1.0,0.0,0.0,0.0,0.0,-0.0,0.0,0.0,0.0,0.0,0.0,0.0,0.0,0.0,95.0,83.0,93.0,39.0,17.0,10.0,27.0,13.0,15.0,0.0,0.0
3.965,53,25755.0,552.0,93.0,480.0,600.0,0.0,1.0,0.0,0.0,0.458,0.024,0.441,0.5,0.466,0.037,0.458,0.513,0.0,0.0,-1.42,-5.32,-0.01,0.0,0.0,0.0,0.0,0.0,0.0,0.0,0.0,1.0,0.0,0.0,0.0,-0.0,0.0,0.0,0.0,0.0,0.0,0.0,0.0,0.0,0.0,95.0,83.0,93.0,39.0,17.0,10.0,27.0,13.0,15.0,0.0,0.0
3.997,53,25808.0,549.0,93.0,480.0,600.0,0.0,1.0,0.0,0.0,0.458,0.024,0.441,0.5,0.466,0.037,0.458,0.513,0.0,0.0,-1.41,-5.31,-0.01,0.0,0.0,0.0,0.0,0.0,0.0,0.0,0.0,1.0,0.0,0.0,0.0,0.0,-0.0,0.0,0.0,0.0,0.0,0.0,0.0,0.0,0.0,95.0,83.0,93.0,39.0,17.0,10.0,27.0,13.0,15.0,0.0,0.0
4.062,53,25861.0,549.0,92.0,480.0,600.0,0.0,1.0,0.0,0.0,0.458,0.024,0.441,0.5,0.466,0.037,0.458,0.513,0.0,0.0,-1.41,-5.31,-0.01,0.0,0.0,0.0,0.0,0.0,0.0,0.0,0.0,1.0,0.0,0.0,0.0,0.0,0.0,0.0,0.0,0.0,0.0,0.0,0.0,0.0,0.0,95.0,83.0,93.0,39.0,17.0,10.0,27.0,13.0,15.0,0.0,0.0
4.095,52,25913.0,549.0,92.0,480.0,600.0,0.0,1.0,0.0,0.0,0.458,0.024,0.441,0.5,0.466,0.037,0.458,0.513,0.0,0.0,-1.41,-5.31,-0.01,0.0,0.0,0.0,0.0,0.0,0.0,0.0,0.0,1.0,0.0,0.0,0.0,0.0,-0.0,0.0,0.0,0.0,0.0,0.0,0.0,0.0,0.0,95.0,83.0,93.0,39.0,17.0,10.0,27.0,13.0,15.0,0.0,0.0
4.167,53,25966.0,549.0,92.0,480.0,600.0,0.0,1.0,0.0,0.0,0.457,0.023,0.414,0.5,0.465,0.036,0.426,0.513,0.0,0.0,-1.41,-5.31,-0.01,0.0,0.0,0.0,0.0,0.0,0.0,0.0,0.0,1.0,0.0,0.0,0.0,0.0,-0.0,0.0,0.0,0.0,0.0,0.0,0.0,0.0,0.0,95.0,83.0,93.0,39.0,17.0,10.0,27.0,13.0,15.0,0.0,0.0
4.2,53,26019.0,551.0,92.0,480.0,600.0,0.0,1.0,0.0,0.0,0.457,0.023,0.414,0.5,0.465,0.036,0.426,0.513,0.0,0.0,-1.41,-5.31,-0.01,0.0,0.0,0.0,0.0,0.0,0.0,0.0,0.0,1.0,0.0,0.0,0.0,0.0,-0.0,0.0,0.0,0.0,0.0,0.0,0.0,0.0,0.0,95.0,83.0,93.0,39.0,17.0,10.0,27.0,13.0,15.0,0.0,1.0
4.266,53,26072.0,551.0,91.0,480.0,600.0,0.0,1.0,0.0,0.0,0.457,0.023,0.414,0.5,0.465,0.036,0.426,0.513,0.0,0.0,-1.41,-5.32,-0.01,0.0,0.0,0.0,0.0,0.0,0.0,0.0,0.0,1.0,0.0,0.0,0.0,0.0,-0.0,0.0,0.0,0.0,0.0,0.0,0.0,0.0,0.0,95.0,83.0,93.0,39.0,17.0,10.0,27.0,13.0,15.0,0.0,0.0
4.299,52,26124.0,551.0,91.0,480.0,600.0,0.0,1.0,0.0,0.0,0.457,0.023,0.414,0.5,0.465,0.036,0.426,0.513,0.0,0.0,-1.41,-5.32,-0.01,0.0,0.0,0.0,0.0,0.0,0.0,0.0,0.0,1.0,0.0,0.0,0.0,0.0,-0.0,0.0,0.0,0.0,0.0,0.0,0.0,0.0,0.0,95.0,83.0,93.0,39.0,17.0,10.0,27.0,13.0,15.0,0.0,0.0
4.365,53,26177.0,551.0,91.0,480.0,600.0,0.0,1.0,0.0,0.0,0.457,0.023,0.401,0.5,0.465,0.036,0.411,0.513,0.0,0.0,-1.41,-5.32,-0.01,0.0,0.0,0.0,0.0,0.0,0.0,0.0,0.0,1.0,0.0,0.0,0.0,0.0,0.0,0.0,0.0,0.0,0.0,0.0,0.0,0.0,0.0,95.0,83.0,93.0,39.0,17.0,10.0,27.0,13.0,15.0,0.0,0.0
4.43,53,26230.0,549.0,91.0,480.0,600.0,0.0,1.0,0.0,0.0,0.457,0.023,0.401,0.5,0.465,0.036,0.411,0.513,0.0,0.0,-1.41,-5.32,-0.01,0.0,0.0,0.0,0.0,0.0,0.0,0.0,0.0,1.0,0.0,0.0,0.0,0.0,0.0,0.0,0.0,0.0,0.0,0.0,0.0,0.0,0.0,95.0,83.0,93.0,39.0,17.0,10.0,27.0,13.0,15.0,0.0,0.0
4.464,53,26283.0,549.0,90.0,480.0,600.0,0.0,1.0,0.0,0.0,0.457,0.023,0.401,0.5,0.465,0.036,0.411,0.513,0.0,0.0,-1.41,-5.32,-0.01,0.0,0.0,0.0,0.0,0.0,0.0,0.0,0.0,1.0,0.0,0.0,0.0,0.0,0.0,0.0,0.0,0.0,0.0,0.0,0.0,0.0,0.0,95.0,83.0,93.0,39.0,17.0,10.0,27.0,13.0,15.0,0.0,0.0
4.529,52,26335.0,549.0,90.0,480.0,600.0,0.0,1.0,0.0,0.0,0.457,0.023,0.401,0.5,0.465,0.036,0.411,0.513,0.0,0.0,-1.41,-5.32,-0.01,0.0,0.0,0.0,0.0,0.0,0.0,0.0,0.0,1.0,0.0,0.0,0.0,0.0,0.0,0.0,0.0,0.0,0.0,0.0,0.0,0.0,0.0,95.0,83.0,93.0,39.0,17.0,10.0,27.0,13.0,15.0,0.0,0.0
4.593,54,26389.0,549.0,90.0,480.0,600.0,0.0,1.0,0.0,0.0,0.456,0.022,0.396,0.5,0.464,0.035,0.404,0.513,0.0,0.0,-1.41,-5.32,-0.01,0.0,0.0,0.0,0.0,0.0,0.0,0.0,0.0,1.0,0.0,0.0,0.0,0.0,0.0,0.0,0.0,0.0,0.0,0.0,0.0,0.0,0.0,95.0,83.0,93.0,39.0,17.0,10.0,27.0,13.0,15.0,0.0,0.0
4.625,53,26442.0,549.0,90.0,480.0,600.0,0.0,1.0,0.0,0.0,0.456,0.022,0.396,0.5,0.464,0.035,0.404,0.513,0.0,0.0,-1.41,-5.32,-0.01,0.0,0.0,0.0,0.0,0.0,0.0,0.0,0.0,1.0,0.0,0.0,0.0,0.0,-0.0,0.0,0.0,0.0,0.0,0.0,0.0,0.0,0.0,95.0,83.0,93.0,39.0,17.0,10.0,27.0,13.0,15.0,0.0,1.0
4.691,52,26494.0,549.0,90.0,480.0,600.0,0.0,1.0,0.0,0.0,0.456,0.022,0.396,0.5,0.464,0.035,0.404,0.513,0.0,0.0,-1.41,-5.32,-0.01,0.0,0.0,0.0,0.0,0.0,0.0,0.0,0.0,1.0,0.0,0.0,0.0,0.0,0.0,0.0,0.0,0.0,0.0,0.0,0.0,0.0,0.0,95.0,83.0,93.0,39.0,17.0,10.0,27.0,13.0,15.0,0.0,0.0
4.733,53,26547.0,549.0,90.0,480.0,600.0,0.0,1.0,0.0,0.0,0.456,0.022,0.396,0.5,0.464,0.035,0.404,0.513,0.0,0.0,-1.41,-5.32,-0.01,0.0,0.0,0.0,0.0,0.0,0.0,0.0,0.0,1.0,0.0,0.0,0.0,0.0,0.0,0.0,0.0,0.0,0.0,0.0,0.0,0.0,0.0,95.0,83.0,93.0,39.0,17.0,10.0,27.0,13.0,15.0,0.0,0.0
4.797,52,26599.0,549.0,90.0,480.0,600.0,0.0,1.0,0.0,0.0,0.456,0.022,0.393,0.5,0.464,0.035,0.401,0.512,0.0,0.0,-1.41,-5.32,-0.01,0.0,0.0,0.0,0.0,0.0,0.0,0.0,0.0,1.0,0.0,0.0,0.0,0.0,0.0,0.0,0.0,0.0,0.0,0.0,0.0,0.0,0.0,95.0,83.0,93.0,39.0,17.0,10.0,27.0,13.0,15.0,0.0,0.0
4.829,53,26652.0,551.0,90.0,480.0,600.0,0.0,1.0,0.0,0.0,0.456,0.022,0.393,0.5,0.464,0.035,0.401,0.512,0.0,0.0,-1.41,-5.32,-0.01,0.0,0.0,0.0,0.0,0.0,0.0,0.0,0.0,1.0,0.0,0.0,0.0,0.0,-0.0,0.0,0.0,0.0,0.0,0.0,0.0,0.0,0.0,95.0,83.0,93.0,39.0,17.0,10.0,27.0,13.0,15.0,0.0,0.0
4.895,53,26705.0,551.0,90.0,480.0,600.0,0.0,1.0,0.0,0.0,0.456,0.022,0.393,0.5,0.464,0.035,0.401,0.512,0.0,0.0,-1.41,-5.31,-0.01,0.0,0.0,0.0,0.0,0.0,0.0,0.0,0.0,1.0,0.0,0.0,0.0,0.0,0.0,0.0,0.0,0.0,0.0,0.0,0.0,0.0,0.0,95.0,83.0,93.0,39.0,17.0,10.0,27.0,13.0,15.0,0.0,0.0
4.961,52,26757.0,551.0,90.0,600.0,600.0,0.0,1.0,0.0,0.0,0.456,0.022,0.393,0.5,0.464,0.035,0.401,0.512,0.0,0.0,-1.42,-5.31,-0.01,0.0,0.0,0.0,0.0,0.0,0.0,0.0,0.0,1.0,0.0,0.0,0.0,0.0,0.0,0.0,0.0,0.0,0.0,0.0,0.0,0.0,0.0,95.0,83.0,93.0,39.0,17.0,10.0,27.0,13.0,15.0,0.0,0.0
4.993,53,26810.0,551.0,90.0,600.0,600.0,0.0,1.0,0.0,0.0,0.457,0.022,0.45,0.5,0.464,0.035,0.449,0.513,0.0,0.0,-1.42,-5.31,-0.01,0.0,0.0,0.0,0.0,0.0,0.0,0.0,0.0,1.0,0.0,0.0,0.0,0.0,0.0,0.0,0.0,0.0,0.0,0.0,0.0,0.0,0.0,95.0,83.0,93.0,39.0,17.0,10.0,27.0,13.0,15.0,0.0,0.0
5.058,53,26863.0,553.0,90.0,600.0,600.0,0.0,1.0,0.0,0.0,0.457,0.022,0.45,0.5,0.464,0.035,0.449,0.513,0.0,0.0,-1.42,-5.31,-0.01,0.0,0.0,0.0,0.0,0.0,0.0,0.0,0.0,1.0,0.0,0.0,0.0,0.0,0.0,0.0,0.0,0.0,0.0,0.0,0.0,0.0,0.0,95.0,83.0,93.0,39.0,17.0,10.0,27.0,13.0,15.0,0.0,1.0
5.122,53,26916.0,553.0,90.0,600.0,600.0,0.0,1.0,0.0,0.0,0.457,0.022,0.45,0.5,0.464,0.035,0.449,0.513,0.0,0.0,-1.42,-5.31,-0.01,0.0,0.0,0.0,0.0,0.0,0.0,0.0,0.0,1.0,0.0,0.0,0.0,0.0,0.0,0.0,0.0,0.0,0.0,0.0,0.0,0.0,0.0,95.0,83.0,93.0,39.0,17.0,10.0,27.0,13.0,15.0,0.0,0.0
5.154,52,26968.0,553.0,90.0,600.0,600.0,0.0,1.0,0.0,0.0,0.457,0.022,0.45,0.5,0.464,0.035,0.449,0.513,0.0,0.0,-1.42,-5.31,-0.01,0.0,0.0,0.0,0.0,0.0,0.0,0.0,0.0,1.0,0.0,0.0,0.0,0.0,0.0,0.0,0.0,0.0,0.0,0.0,0.0,0.0,0.0,95.0,83.0,93.0,39.0,17.0,10.0,27.0,13.0,15.0,0.0,0.0
5.217,52,27020.0,553.0,90.0,600.0,600.0,0.0,1.0,0.0,0.0,0.458,0.022,0.477,0.5,0.466,0.036,0.48,0.514,0.0,0.0,-1.42,-5.31,-0.01,0.0,0.0,0.0,0.0,0.0,0.0,0.0,0.0,1.0,0.0,0.0,0.0,0.0,-0.0,0.0,0.0,0.0,0.0,0.0,0.0,0.0,0.0,95.0,83.0,93.0,39.0,17.0,10.0,27.0,13.0,15.0,0.0,0.0
5.249,53,27073.0,552.0,90.0,600.0,600.0,0.0,1.0,0.0,0.0,0.458,0.022,0.477,0.5,0.466,0.036,0.48,0.514,0.0,0.0,-1.42,-5.31,-0.01,0.0,0.0,0.0,0.0,0.0,0.0,0.0,0.0,1.0,0.0,0.0,0.0,0.0,-0.0,0.0,0.0,0.0,0.0,0.0,0.0,0.0,0.0,95.0,83.0,93.0,39.0,17.0,10.0,27.0,13.0,15.0,0.0,1.0
5.315,53,27126.0,552.0,90.0,600.0,600.0,0.0,1.0,0.0,0.0,0.458,0.022,0.477,0.5,0.466,0.036,0.48,0.514,0.0,0.0,-1.42,-5.31,-0.01,0.0,0.0,0.0,0.0,0.0,0.0,0.0,0.0,1.0,0.0,0.0,0.0,0.0,0.0,0.0,0.0,0.0,0.0,0.0,0.0,0.0,0.0,95.0,83.0,93.0,39.0,17.0,10.0,27.0,13.0,15.0,0.0,0.0
5.381,52,27178.0,552.0,90.0,600.0,600.0,0.0,1.0,0.0,0.0,0.458,0.022,0.477,0.5,0.466,0.036,0.48,0.514,0.0,0.0,-1.42,-5.31,-0.01,0.0,0.0,0.0,0.0,0.0,0.0,0.0,0.0,1.0,0.0,0.0,0.0,0.0,0.0,0.0,0.0,0.0,0.0,0.0,0.0,0.0,0.0,95.0,83.0,93.0,39.0,17.0,10.0,27.0,13.0,15.0,0.0,0.0
5.414,54,27232.0,552.0,90.0,600.0,600.0,0.0,1.0,0.0,0.0,0.458,0.022,0.489,0.5,0.466,0.036,0.495,0.514,0.0,0.0,-1.42,-5.31,-0.01,0.0,0.0,0.0,0.0,0.0,0.0,0.0,0.0,1.0,0.0,0.0,0.0,0.0,0.0,0.0,0.0,0.0,0.0,0.0,0.0,0.0,0.0,95.0,83.0,93.0,39.0,17.0,10.0,27.0,13.0,15.0,0.0,0.0
5.479,53,27285.0,553.0,90.0,600.0,600.0,0.0,1.0,0.0,0.0,0.458,0.022,0.489,0.5,0.466,0.036,0.495,0.514,0.0,0.0,-1.42,-5.31,-0.01,0.0,0.0,0.0,0.0,0.0,0.0,0.0,0.0,1.0,0.0,0.0,0.0,0.0,0.0,0.0,0.0,0.0,0.0,0.0,0.0,0.0,0.0,95.0,83.0,93.0,39.0,17.0,10.0,27.0,13.0,15.0,0.0,1.0
5.512,52,27337.0,553.0,91.0,600.0,600.0,0.0,1.0,0.0,0.0,0.458,0.022,0.489,0.5,0.466,0.036,0.495,0.514,0.0,0.0,-1.42,-5.31,-0.01,0.0,0.0,0.0,0.0,0.0,0.0,0.0,0.0,1.0,0.0,0.0,0.0,0.0,0.0,0.0,0.0,0.0,0.0,0.0,0.0,0.0,0.0,95.0,83.0,93.0,39.0,17.0,10.0,27.0,13.0,15.0,0.0,0.0
5.576,52,27389.0,553.0,91.0,480.0,600.0,0.0,1.0,0.0,0.0,0.458,0.022,0.489,0.5,0.466,0.036,0.495,0.514,0.0,0.0,-1.43,-5.3,-0.01,0.0,0.0,0.0,0.0,0.0,0.0,0.0,0.0,1.0,0.0,0.0,0.0,0.0,0.0,0.0,0.0,0.0,0.0,0.0,0.0,0.0,0.0,95.0,83.0,93.0,39.0,17.0,10.0,27.0,13.0,15.0,0.0,0.0
5.641,53,27442.0,553.0,91.0,480.0,600.0,0.0,1.0,0.0,0.0,0.459,0.022,0.436,0.5,0.466,0.036,0.452,0.513,0.0,0.0,-1.43,-5.3,-0.01,0.0,0.0,0.0,0.0,0.0,0.0,0.0,0.0,1.0,0.0,0.0,0.0,0.0,0.0,0.0,0.0,0.0,0.0,0.0,0.0,0.0,0.0,95.0,83.0,93.0,39.0,17.0,10.0,27.0,13.0,15.0,0.0,0.0
5.673,53,27495.0,554.0,91.0,480.0,600.0,0.0,1.0,0.0,0.0,0.459,0.022,0.436,0.5,0.466,0.036,0.452,0.513,0.0,0.0,-1.43,-5.3,-0.01,0.0,0.0,0.0,0.0,0.0,0.0,0.0,0.0,1.0,0.0,0.0,0.0,0.0,0.0,0.0,0.0,0.0,0.0,0.0,0.0,0.0,0.0,95.0,83.0,93.0,39.0,17.0,10.0,27.0,13.0,15.0,0.0,1.0
5.747,53,27548.0,554.0,91.0,480.0,600.0,0.0,1.0,0.0,0.0,0.459,0.022,0.436,0.5,0.466,0.036,0.452,0.513,0.0,0.0,-1.43,-5.3,-0.01,0.0,0.0,0.0,0.0,0.0,0.0,0.0,0.0,1.0,0.0,0.0,0.0,0.0,0.0,0.0,0.0,0.0,0.0,0.0,0.0,0.0,0.0,95.0,83.0,93.0,39.0,17.0,10.0,27.0,13.0,15.0,0.0,1.0
5.778,52,27600.0,554.0,91.0,480.0,600.0,0.0,1.0,0.0,0.0,0.459,0.022,0.436,0.5,0.466,0.036,0.452,0.513,0.0,0.0,-1.43,-5.3,-0.01,0.0,0.0,0.0,0.0,0.0,0.0,0.0,0.0,1.0,0.0,0.0,0.0,0.0,0.0,0.0,0.0,0.0,0.0,0.0,0.0,0.0,0.0,95.0,83.0,93.0,39.0,17.0,10.0,27.0,13.0,15.0,0.0,0.0
5.843,53,27653.0,554.0,91.0,480.0,600.0,0.0,1.0,0.0,0.0,0.459,0.022,0.411,0.5,0.467,0.035,0.423,0.513,0.0,0.0,-1.43,-5.3,-0.01,0.0,0.0,0.0,0.0,0.0,0.0,0.0,0.0,1.0,0.0,0.0,0.0,0.0,0.0,0.0,0.0,0.0,0.0,0.0,0.0,0.0,0.0,95.0,83.0,93.0,39.0,17.0,10.0,27.0,13.0,15.0,0.0,1.0
5.908,53,27706.0,555.0,91.0,480.0,600.0,0.0,1.0,0.0,0.0,0.459,0.022,0.411,0.5,0.467,0.035,0.423,0.513,0.0,0.0,-1.42,-5.3,-0.01,0.0,0.0,0.0,0.0,0.0,0.0,0.0,0.0,1.0,0.0,0.0,0.0,0.0,-0.0,0.0,0.0,0.0,0.0,0.0,0.0,0.0,0.0,95.0,83.0,93.0,39.0,17.0,10.0,27.0,13.0,15.0,0.0,1.0
5.943,52,27758.0,555.0,91.0,480.0,600.0,0.0,1.0,0.0,0.0,0.459,0.022,0.411,0.5,0.467,0.035,0.423,0.513,0.0,0.0,-1.42,-5.3,-0.01,0.0,0.0,0.0,0.0,0.0,0.0,0.0,0.0,1.0,0.0,0.0,0.0,0.0,-0.0,0.0,0.0,0.0,0.0,0.0,0.0,0.0,0.0,95.0,83.0,93.0,39.0,17.0,10.0,27.0,13.0,15.0,0.0,0.0
6.006,53,27811.0,555.0,91.0,360.0,600.0,0.0,1.0,0.0,0.0,0.459,0.022,0.411,0.5,0.467,0.035,0.423,0.513,0.0,0.0,-1.42,-5.3,-0.01,0.0,0.0,0.0,0.0,0.0,0.0,0.0,0.0,1.0,0.0,0.0,0.0,0.0,0.0,0.0,0.0,0.0,0.0,0.0,0.0,0.0,0.0,95.0,83.0,93.0,39.0,17.0,10.0,27.0,13.0,15.0,0.0,0.0
6.038,52,27863.0,555.0,91.0,360.0,600.0,0.0,1.0,0.0,0.0,0.46,0.022,0.333,0.5,0.468,0.034,0.353,0.512,0.0,0.0,-1.42,-5.3,-0.01,0.0,0.0,0.0,0.0,0.0,0.0,0.0,0.0,1.0,0.0,0.0,0.0,0.0,-0.0,0.0,0.0,0.0,0.0,0.0,0.0,0.0,0.0,95.0,83.0,93.0,39.0,17.0,10.0,27.0,13.0,15.0,0.0,1.0
6.103,52,27915.0,554.0,91.0,360.0,600.0,0.0,1.0,0.0,0.0,0.46,0.022,0.333,0.5,0.468,0.034,0.353,0.512,0.0,0.0,-1.42,-5.3,-0.01,0.0,0.0,0.0,0.0,0.0,0.0,0.0,0.0,1.0,0.0,0.0,0.0,0.0,0.0,0.0,0.0,0.0,0.0,0.0,0.0,0.0,0.0,95.0,83.0,93.0,39.0,17.0,10.0,27.0,13.0,15.0,0.0,0.0
6.173,51,27966.0,554.0,92.0,360.0,600.0,0.0,1.0,0.0,0.0,0.46,0.022,0.333,0.5,0.468,0.034,0.353,0.512,0.0,0.0,-1.42,-5.3,-0.01,0.0,0.0,0.0,0.0,0.0,0.0,0.0,0.0,1.0,0.0,0.0,0.0,0.0,0.0,0.0,0.0,0.0,0.0,0.0,0.0,0.0,0.0,95.0,83.0,93.0,39.0,17.0,10.0,27.0,13.0,15.0,0.0,0.0
6.206,35,28001.0,554.0,92.0,360.0,600.0,0.0,1.0,0.0,0.0,0.46,0.022,0.333,0.5,0.468,0.034,0.353,0.512,0.0,0.0,-1.42,-5.3,-0.01,0.0,0.0,0.0,0.0,0.0,0.0,0.0,0.0,1.0,0.0,0.0,0.0,0.0,0.0,0.0,0.0,0.0,0.0,0.0,0.0,0.0,0.0,95.0,83.0,93.0,39.0,17.0,10.0,27.0,13.0,15.0,0.0,0.0
6.304,96,28097.0,552.0,92.0,360.0,600.0,0.0,1.0,0.0,0.0,0.46,0.023,0.296,0.5,0.468,0.034,0.31,0.511,0.0,0.0,-1.42,-5.3,-0.01,0.0,0.0,0.0,0.0,0.0,0.0,0.0,0.0,1.0,0.0,0.0,0.0,0.0,-0.0,0.0,0.0,0.0,0.0,0.0,0.0,0.0,0.0,95.0,83.0,93.0,39.0,17.0,10.0,27.0,13.0,15.0,0.0,0.0
6.339,53,28150.0,552.0,91.0,360.0,600.0,0.0,1.0,0.0,0.0,0.46,0.023,0.296,0.5,0.468,0.034,0.31,0.511,0.0,0.0,-1.42,-5.3,-0.01,0.0,0.0,0.0,0.0,0.0,0.0,0.0,0.0,1.0,0.0,0.0,0.0,0.0,0.2,0.0,0.0,0.0,0.0,0.0,0.0,0.0,0.0,95.0,83.0,93.0,39.0,17.0,10.0,27.0,13.0,15.0,0.0,0.0
6.403,53,28203.0,552.0,91.0,360.0,600.0,0.0,1.0,0.0,0.0,0.46,0.023,0.296,0.5,0.468,0.034,0.31,0.511,0.0,0.0,-1.42,-5.3,-0.01,0.0,0.0,0.0,0.0,0.0,0.0,0.0,0.0,1.0,0.0,0.0,0.0,0.0,0.2,0.0,0.0,0.0,0.0,0.0,0.0,0.0,0.0,95.0,83.0,93.0,39.0,17.0,10.0,27.0,13.0,15.0,0.0,0.0
6.434,52,28255.0,552.0,91.0,360.0,600.0,0.0,1.0,0.0,0.0,0.459,0.023,0.279,0.5,0.467,0.033,0.29,0.511,0.0,0.0,-1.42,-5.3,-0.01,0.0,0.0,0.0,0.0,0.0,0.0,0.0,0.0,1.0,0.0,0.0,0.0,0.0,0.2,0.0,0.0,0.0,0.0,0.0,0.0,0.0,0.0,95.0,83.0,93.0,39.0,17.0,10.0,27.0,13.0,15.0,0.0,0.0
6.5,53,28308.0,554.0,91.0,360.0,600.0,0.0,1.0,0.0,0.0,0.459,0.023,0.279,0.5,0.467,0.033,0.29,0.511,0.0,0.0,-1.42,-5.3,-0.01,0.0,0.0,0.0,0.0,0.0,0.0,0.0,0.0,1.0,0.0,0.0,0.0,0.0,0.2,0.0,0.0,0.0,0.0,0.0,0.0,0.0,0.0,95.0,83.0,93.0,39.0,17.0,10.0,27.0,13.0,15.0,0.0,0.0
6.575,51,28359.0,554.0,91.0,360.0,600.0,0.0,1.0,0.0,0.0,0.459,0.023,0.279,0.5,0.467,0.033,0.29,0.511,0.0,0.0,-1.42,-5.3,-0.01,0.0,0.0,0.0,0.0,0.0,0.0,0.0,0.0,1.0,0.0,0.0,0.0,0.0,0.1,0.0,0.0,0.0,0.0,0.0,0.0,0.0,0.0,95.0,83.0,93.0,39.0,17.0,10.0,27.0,13.0,15.0,0.0,0.0
6.608,53,28412.0,554.0,91.0,360.0,600.0,0.0,1.0,0.0,0.0,0.459,0.023,0.279,0.5,0.467,0.033,0.29,0.511,0.0,0.0,-1.42,-5.3,-0.01,0.0,0.0,0.0,0.0,0.0,0.0,0.0,0.0,1.0,0.0,0.0,0.0,0.0,0.1,0.0,0.0,0.0,0.0,0.0,0.0,0.0,0.0,95.0,83.0,93.0,39.0,17.0,10.0,27.0,13.0,15.0,0.0,0.0
6.641,53,28465.0,554.0,91.0,360.0,600.0,0.0,1.0,0.0,0.0,0.46,0.023,0.271,0.5,0.468,0.033,0.28,0.511,0.0,0.0,-1.42,-5.3,-0.01,0.0,0.0,0.0,0.0,0.0,0.0,0.0,0.0,1.0,0.0,0.0,0.0,0.0,0.1,0.0,0.0,0.0,0.0,0.0,0.0,0.0,0.0,95.0,83.0,93.0,39.0,17.0,10.0,27.0,13.0,15.0,0.0,1.0
6.704,53,28518.0,553.0,91.0,360.0,600.0,0.0,1.0,0.0,0.0,0.46,0.023,0.271,0.5,0.468,0.033,0.28,0.511,0.0,0.0,-1.42,-5.3,-0.01,0.0,0.0,0.0,0.0,0.0,0.0,0.0,0.0,1.0,0.0,0.0,0.0,0.0,0.1,0.0,0.0,0.0,0.0,0.0,0.0,0.0,0.0,95.0,83.0,93.0,39.0,17.0,10.0,27.0,13.0,15.0,0.0,0.0
6.769,52,28570.0,553.0,90.0,360.0,600.0,0.0,1.0,0.0,0.0,0.46,0.023,0.271,0.5,0.468,0.033,0.28,0.511,0.0,0.0,-1.41,-5.3,-0.01,0.0,0.0,0.0,0.0,0.0,0.0,0.0,0.0,1.0,0.0,0.0,0.0,0.0,0.1,0.0,0.0,0.0,0.0,0.0,0.0,0.0,0.0,95.0,83.0,93.0,39.0,17.0,10.0,27.0,13.0,15.0,0.0,0.0
6.802,53,28623.0,553.0,90.0,360.0,600.0,0.0,1.0,0.0,0.0,0.46,0.023,0.271,0.5,0.468,0.033,0.28,0.511,0.0,0.0,-1.41,-5.29,-0.01,0.0,0.0,0.0,0.0,0.0,0.0,0.0,0.0,1.0,0.0,0.0,0.0,0.0,0.1,0.0,0.0,0.0,0.0,0.0,0.0,0.0,0.0,95.0,83.0,93.0,39.0,17.0,10.0,27.0,13.0,15.0,0.0,0.0
6.867,52,28675.0,553.0,90.0,360.0,600.0,0.0,1.0,0.0,0.0,0.46,0.022,0.268,0.5,0.468,0.033,0.276,0.511,0.0,0.0,-1.41,-5.29,-0.01,0.0,0.0,0.0,0.0,0.0,0.0,0.0,0.0,1.0,0.0,0.0,0.0,0.0,0.0,0.0,0.0,0.0,0.0,0.0,0.0,0.0,0.0,95.0,83.0,93.0,39.0,17.0,10.0,27.0,13.0,15.0,0.0,0.0
6.933,53,28728.0,553.0,90.0,360.0,600.0,0.0,1.0,0.0,0.0,0.46,0.022,0.268,0.5,0.468,0.033,0.276,0.511,0.0,0.0,-1.41,-5.3,-0.01,0.0,0.0,0.0,0.0,0.0,0.0,0.0,0.0,1.0,0.0,0.0,0.0,0.0,0.0,0.0,0.0,0.0,0.0,0.0,0.0,0.0,0.0,95.0,83.0,93.0,39.0,17.0,10.0,27.0,13.0,15.0,0.0,0.0
6.966,52,28780.0,553.0,90.0,360.0,600.0,0.0,1.0,0.0,0.0,0.46,0.022,0.268,0.5,0.468,0.033,0.276,0.511,0.0,0.0,-1.41,-5.3,-0.01,0.0,0.0,0.0,0.0,0.0,0.0,0.0,0.0,1.0,0.0,0.0,0.0,0.0,0.0,0.0,0.0,0.0,0.0,0.0,0.0,0.0,0.0,95.0,83.0,93.0,39.0,17.0,10.0,27.0,13.0,15.0,0.0,0.0
7.032,53,28833.0,553.0,90.0,480.0,600.0,0.0,1.0,0.0,0.0,0.46,0.022,0.268,0.5,0.468,0.033,0.276,0.511,0.0,0.0,-1.41,-5.3,-0.01,0.0,0.0,0.0,0.0,0.0,0.0,0.0,0.0,1.0,0.0,0.0,0.0,0.0,0.1,0.0,0.0,0.0,0.0,0.0,0.0,0.0,0.0,95.0,83.0,93.0,39.0,17.0,10.0,27.0,13.0,15.0,0.0,0.0
7.065,52,28885.0,553.0,90.0,480.0,600.0,0.0,1.0,0.0,0.0,0.46,0.022,0.334,0.5,0.467,0.034,0.331,0.511,0.0,0.0,-1.41,-5.3,-0.01,0.0,0.0,0.0,0.0,0.0,0.0,0.0,0.0,1.0,0.0,0.0,0.0,0.0,0.0,0.0,0.0,0.0,0.0,0.0,0.0,0.0,0.0,95.0,83.0,93.0,39.0,17.0,10.0,27.0,13.0,15.0,0.0,1.0
7.131,54,28939.0,554.0,90.0,480.0,600.0,0.0,1.0,0.0,0.0,0.46,0.022,0.334,0.5,0.467,0.034,0.331,0.511,0.0,0.0,-1.41,-5.29,-0.01,0.0,0.0,0.0,0.0,0.0,0.0,0.0,0.0,1.0,0.0,0.0,0.0,0.0,0.0,0.0,0.0,0.0,0.0,0.0,0.0,0.0,0.0,95.0,83.0,93.0,39.0,17.0,10.0,27.0,13.0,15.0,0.0,0.0
7.197,53,28992.0,554.0,89.0,480.0,600.0,0.0,1.0,0.0,0.0,0.46,0.022,0.334,0.5,0.467,0.034,0.331,0.511,0.0,0.0,-1.41,-5.3,-0.01,0.0,0.0,0.0,0.0,0.0,0.0,0.0,0.0,1.0,0.0,0.0,0.0,0.0,0.0,0.0,0.0,0.0,0.0,0.0,0.0,0.0,0.0,95.0,83.0,93.0,39.0,17.0,10.0,27.0,13.0,15.0,0.0,0.0
7.23,53,29045.0,554.0,89.0,480.0,600.0,0.0,1.0,0.0,0.0,0.46,0.022,0.334,0.5,0.467,0.034,0.331,0.511,0.0,0.0,-1.41,-5.3,-0.01,0.0,0.0,0.0,0.0,0.0,0.0,0.0,0.0,1.0,0.0,0.0,0.0,0.0,0.0,0.0,0.0,0.0,0.0,0.0,0.0,0.0,0.0,95.0,83.0,93.0,39.0,17.0,10.0,27.0,13.0,15.0,0.0,0.0
7.296,52,29097.0,554.0,89.0,480.0,600.0,0.0,1.0,0.0,0.0,0.46,0.022,0.364,0.5,0.468,0.034,0.366,0.512,0.0,0.0,-1.42,-5.3,-0.01,0.0,0.0,0.0,0.0,0.0,0.0,0.0,0.0,1.0,0.0,0.0,0.0,0.0,-0.0,0.0,0.0,0.0,0.0,0.0,0.0,0.0,0.0,95.0,83.0,93.0,39.0,17.0,10.0,27.0,13.0,15.0,0.0,0.0
7.337,53,29150.0,556.0,89.0,480.0,600.0,0.0,1.0,0.0,0.0,0.46,0.022,0.364,0.5,0.468,0.034,0.366,0.512,0.0,0.0,-1.42,-5.3,-0.01,0.0,0.0,0.0,0.0,0.0,0.0,0.0,0.0,1.0,0.0,0.0,0.0,0.0,-0.0,0.0,0.0,0.0,0.0,0.0,0.0,0.0,0.0,95.0,83.0,93.0,39.0,17.0,10.0,27.0,13.0,15.0,0.0,0.0
7.403,51,29201.0,556.0,89.0,480.0,600.0,0.0,1.0,0.0,0.0,0.46,0.022,0.364,0.5,0.468,0.034,0.366,0.512,0.0,0.0,-1.42,-5.3,-0.01,0.0,0.0,0.0,0.0,0.0,0.0,0.0,0.0,1.0,0.0,0.0,0.0,0.0,0.0,0.0,0.0,0.0,0.0,0.0,0.0,0.0,0.0,95.0,83.0,93.0,39.0,17.0,10.0,27.0,13.0,15.0,0.0,0.0
7.436,35,29236.0,556.0,89.0,480.0,600.0,0.0,1.0,0.0,0.0,0.46,0.022,0.364,0.5,0.468,0.034,0.366,0.512,0.0,0.0,-1.42,-5.3,-0.01,0.0,0.0,0.0,0.0,0.0,0.0,0.0,0.0,1.0,0.0,0.0,0.0,0.0,0.0,0.0,0.0,0.0,0.0,0.0,0.0,0.0,0.0,95.0,83.0,93.0,39.0,17.0,10.0,27.0,13.0,15.0,0.0,0.0
7.539,99,29335.0,554.0,89.0,480.0,600.0,0.0,1.0,0.0,0.0,0.461,0.022,0.378,0.5,0.468,0.034,0.383,0.512,0.0,0.0,-1.42,-5.3,-0.01,0.0,0.0,0.0,0.0,0.0,0.0,0.0,0.0,1.0,0.0,0.0,0.0,0.0,0.0,0.0,0.0,0.0,0.0,0.0,0.0,0.0,0.0,95.0,83.0,93.0,39.0,17.0,10.0,27.0,13.0,15.0,0.0,0.0
7.57,53,29388.0,554.0,89.0,480.0,600.0,0.0,1.0,0.0,0.0,0.461,0.022,0.378,0.5,0.468,0.034,0.383,0.512,0.0,0.0,-1.42,-5.29,-0.01,0.0,0.0,0.0,0.0,0.0,0.0,0.0,0.0,1.0,0.0,0.0,0.0,0.0,0.0,0.0,0.0,0.0,0.0,0.0,0.0,0.0,0.0,95.0,83.0,93.0,39.0,17.0,10.0,27.0,13.0,15.0,0.0,0.0
7.634,52,29440.0,554.0,89.0,600.0,600.0,0.0,1.0,0.0,0.0,0.461,0.022,0.378,0.5,0.468,0.034,0.383,0.512,0.0,0.0,-1.42,-5.29,-0.01,0.0,0.0,0.0,0.0,0.0,0.0,0.0,0.0,1.0,0.0,0.0,0.0,0.0,0.0,0.0,0.0,0.0,0.0,0.0,0.0,0.0,0.0,95.0,83.0,93.0,39.0,17.0,10.0,27.0,13.0,15.0,0.0,0.0
7.7,54,29494.0,554.0,89.0,600.0,600.0,0.0,1.0,0.0,0.0,0.46,0.022,0.444,0.5,0.468,0.035,0.441,0.513,0.0,0.0,-1.42,-5.3,-0.01,0.0,0.0,0.0,0.0,0.0,0.0,0.0,0.0,1.0,0.0,0.0,0.0,0.0,0.0,0.0,0.0,0.0,0.0,0.0,0.0,0.0,0.0,95.0,83.0,93.0,39.0,17.0,10.0,27.0,13.0,15.0,0.0,0.0
7.739,53,29547.0,552.0,89.0,600.0,600.0,0.0,1.0,0.0,0.0,0.46,0.022,0.444,0.5,0.468,0.035,0.441,0.513,0.0,0.0,-1.42,-5.3,-0.01,0.0,0.0,0.0,0.0,0.0,0.0,0.0,0.0,1.0,0.0,0.0,0.0,0.0,0.0,0.0,0.0,0.0,0.0,0.0,0.0,0.0,0.0,95.0,83.0,93.0,39.0,17.0,10.0,27.0,13.0,15.0,0.0,1.0
7.805,53,29600.0,552.0,89.0,600.0,600.0,0.0,1.0,0.0,0.0,0.46,0.022,0.444,0.5,0.468,0.035,0.441,0.513,0.0,0.0,-1.42,-5.3,-0.01,0.0,0.0,0.0,0.0,0.0,0.0,0.0,0.0,1.0,0.0,0.0,0.0,0.0,0.0,0.0,0.0,0.0,0.0,0.0,0.0,0.0,0.0,95.0,83.0,93.0,39.0,17.0,10.0,27.0,13.0,15.0,0.0,0.0
7.838,36,29636.0,552.0,89.0,600.0,600.0,0.0,1.0,0.0,0.0,0.46,0.022,0.444,0.5,0.468,0.035,0.441,0.513,0.0,0.0,-1.42,-5.3,-0.01,0.0,0.0,0.0,0.0,0.0,0.0,0.0,0.0,1.0,0.0,0.0,0.0,0.0,-0.0,0.0,0.0,0.0,0.0,0.0,0.0,0.0,0.0,95.0,83.0,93.0,39.0,17.0,10.0,27.0,13.0,15.0,0.0,1.0
7.938,100,29736.0,550.0,89.0,600.0,600.0,0.0,1.0,0.0,0.0,0.459,0.022,0.474,0.5,0.467,0.035,0.476,0.514,0.0,0.0,-1.42,-5.3,-0.01,0.0,0.0,0.0,0.0,0.0,0.0,0.0,0.0,1.0,0.0,0.0,0.0,0.0,-0.0,0.0,0.0,0.0,0.0,0.0,0.0,0.0,0.0,95.0,83.0,93.0,39.0,17.0,10.0,27.0,13.0,15.0,0.0,0.0
7.97,52,29788.0,550.0,89.0,600.0,600.0,0.0,1.0,0.0,0.0,0.459,0.022,0.474,0.5,0.467,0.035,0.476,0.514,0.0,0.0,-1.42,-5.3,-0.01,0.0,0.0,0.0,0.0,0.0,0.0,0.0,0.0,1.0,0.0,0.0,0.0,0.0,-0.0,0.0,0.0,0.0,0.0,0.0,0.0,0.0,0.0,95.0,83.0,93.0,39.0,17.0,10.0,27.0,13.0,15.0,0.0,0.0
8.034,52,29840.0,550.0,89.0,600.0,600.0,0.0,1.0,0.0,0.0,0.459,0.022,0.474,0.5,0.467,0.035,0.476,0.514,0.0,0.0,-1.42,-5.3,-0.01,0.0,0.0,0.0,0.0,0.0,0.0,0.0,0.0,1.0,0.0,0.0,0.0,0.0,-0.0,0.0,0.0,0.0,0.0,0.0,0.0,0.0,0.0,95.0,83.0,93.0,39.0,17.0,10.0,27.0,13.0,15.0,0.0,0.0
8.1,53,29893.0,550.0,89.0,600.0,600.0,0.0,1.0,0.0,0.0,0.458,0.022,0.488,0.5,0.466,0.036,0.493,0.514,0.0,0.0,-1.42,-5.31,-0.02,0.0,0.0,0.0,0.0,0.0,0.0,0.0,0.0,1.0,0.0,0.0,0.0,0.0,0.0,0.0,0.0,0.0,0.0,0.0,0.0,0.0,0.0,95.0,83.0,93.0,39.0,17.0,10.0,27.0,13.0,15.0,0.0,0.0
8.134,53,29946.0,550.0,89.0,600.0,600.0,0.0,1.0,0.0,0.0,0.458,0.022,0.488,0.5,0.466,0.036,0.493,0.514,0.0,0.0,-1.42,-5.31,-0.02,0.0,0.0,0.0,0.0,0.0,0.0,0.0,0.0,1.0,0.0,0.0,0.0,0.0,-0.0,0.0,0.0,0.0,0.0,0.0,0.0,0.0,0.0,95.0,83.0,93.0,39.0,17.0,10.0,27.0,13.0,15.0,0.0,1.0
8.201,52,29998.0,550.0,89.0,600.0,600.0,0.0,1.0,0.0,0.0,0.458,0.022,0.488,0.5,0.466,0.036,0.493,0.514,0.0,0.0,-1.42,-5.31,-0.02,0.0,0.0,0.0,0.0,0.0,0.0,0.0,0.0,1.0,0.0,0.0,0.0,0.0,0.0,0.0,0.0,0.0,0.0,0.0,0.0,0.0,0.0,95.0,83.0,93.0,39.0,17.0,10.0,27.0,13.0,15.0,0.0,0.0
8.233,53,30051.0,550.0,89.0,600.0,600.0,0.0,1.0,0.0,0.0,0.458,0.022,0.488,0.5,0.466,0.036,0.493,0.514,0.0,0.0,-1.42,-5.31,-0.02,0.0,0.0,0.0,0.0,0.0,0.0,0.0,0.0,1.0,0.0,0.0,0.0,0.0,0.0,0.0,0.0,0.0,0.0,0.0,0.0,0.0,0.0,95.0,83.0,93.0,39.0,17.0,10.0,27.0,13.0,15.0,0.0,0.0
8.299,52,30103.0,550.0,89.0,600.0,600.0,0.0,1.0,0.0,0.0,0.457,0.022,0.494,0.5,0.465,0.036,0.501,0.514,0.0,0.0,-1.42,-5.31,-0.02,0.0,0.0,0.0,0.0,0.0,0.0,0.0,0.0,1.0,0.0,0.0,0.0,0.0,0.0,0.0,0.0,0.0,0.0,0.0,0.0,0.0,0.0,95.0,83.0,93.0,39.0,17.0,10.0,27.0,13.0,15.0,0.0,0.0
8.368,53,30156.0,548.0,89.0,600.0,600.0,0.0,1.0,0.0,0.0,0.457,0.022,0.494,0.5,0.465,0.036,0.501,0.514,0.0,0.0,-1.42,-5.31,-0.02,0.0,0.0,0.0,0.0,0.0,0.0,0.0,0.0,1.0,0.0,0.0,0.0,0.0,0.0,0.0,0.0,0.0,0.0,0.0,0.0,0.0,0.0,95.0,83.0,93.0,39.0,17.0,10.0,27.0,13.0,15.0,0.0,1.0
8.401,52,30208.0,548.0,89.0,600.0,600.0,0.0,1.0,0.0,0.0,0.457,0.022,0.494,0.5,0.465,0.036,0.501,0.514,0.0,0.0,-1.42,-5.31,-0.02,0.0,0.0,0.0,0.0,0.0,0.0,0.0,0.0,1.0,0.0,0.0,0.0,0.0,0.0,0.0,0.0,0.0,0.0,0.0,0.0,0.0,0.0,95.0,83.0,93.0,39.0,17.0,10.0,27.0,13.0,15.0,0.0,0.0
8.467,53,30261.0,548.0,89.0,600.0,600.0,0.0,1.0,0.0,0.0,0.457,0.022,0.494,0.5,0.465,0.036,0.501,0.514,0.0,0.0,-1.42,-5.31,-0.02,0.0,0.0,0.0,0.0,0.0,0.0,0.0,0.0,1.0,0.0,0.0,0.0,0.0,0.0,0.0,0.0,0.0,0.0,0.0,0.0,0.0,0.0,95.0,83.0,93.0,39.0,17.0,10.0,27.0,13.0,15.0,0.0,0.0
8.499,53,30314.0,548.0,89.0,600.0,600.0,0.0,1.0,0.0,0.0,0.456,0.022,0.497,0.5,0.464,0.036,0.505,0.514,0.0,0.0,-1.42,-5.3,-0.02,0.0,0.0,0.0,0.0,0.0,0.0,0.0,0.0,1.0,0.0,0.0,0.0,0.0,0.0,0.0,0.0,0.0,0.0,0.0,0.0,0.0,0.0,95.0,83.0,93.0,39.0,17.0,10.0,27.0,13.0,15.0,0.0,0.0
8.566,53,30367.0,547.0,89.0,600.0,600.0,0.0,1.0,0.0,0.0,0.456,0.022,0.497,0.5,0.464,0.036,0.505,0.514,0.0,0.0,-1.42,-5.3,-0.02,0.0,0.0,0.0,0.0,0.0,0.0,0.0,0.0,1.0,0.0,0.0,0.0,0.0,0.0,0.0,0.0,0.0,0.0,0.0,0.0,0.0,0.0,95.0,83.0,93.0,39.0,17.0,10.0,27.0,13.0,15.0,0.0,1.0
8.598,52,30419.0,547.0,89.0,600.0,600.0,0.0,1.0,0.0,0.0,0.456,0.022,0.497,0.5,0.464,0.036,0.505,0.514,0.0,0.0,-1.42,-5.3,-0.02,0.0,0.0,0.0,0.0,0.0,0.0,0.0,0.0,1.0,0.0,0.0,0.0,0.0,0.0,0.0,0.0,0.0,0.0,0.0,0.0,0.0,0.0,95.0,83.0,93.0,39.0,17.0,10.0,27.0,13.0,15.0,0.0,1.0
8.664,53,30472.0,547.0,89.0,600.0,600.0,0.0,1.0,0.0,0.0,0.456,0.022,0.497,0.5,0.464,0.036,0.505,0.514,0.0,0.0,-1.42,-5.3,-0.02,0.0,0.0,0.0,0.0,0.0,0.0,0.0,0.0,1.0,0.0,0.0,0.0,0.0,-0.0,0.0,0.0,0.0,0.0,0.0,0.0,0.0,0.0,95.0,83.0,93.0,39.0,17.0,10.0,27.0,13.0,15.0,0.0,0.0
8.735,52,30524.0,547.0,89.0,600.0,600.0,0.0,1.0,0.0,0.0,0.455,0.021,0.499,0.5,0.463,0.035,0.506,0.514,0.0,0.0,-1.42,-5.3,-0.02,0.0,0.0,0.0,0.0,0.0,0.0,0.0,0.0,1.0,0.0,0.0,0.0,0.0,-0.0,0.0,0.0,0.0,0.0,0.0,0.0,0.0,0.0,95.0,83.0,93.0,39.0,17.0,10.0,27.0,13.0,15.0,0.0,0.0
8.768,54,30578.0,548.0,89.0,600.0,600.0,0.0,1.0,0.0,0.0,0.455,0.021,0.499,0.5,0.463,0.035,0.506,0.514,0.0,0.0,-1.42,-5.3,-0.02,0.0,0.0,0.0,0.0,0.0,0.0,0.0,0.0,1.0,0.0,0.0,0.0,0.0,0.0,0.0,0.0,0.0,0.0,0.0,0.0,0.0,0.0,95.0,83.0,93.0,39.0,17.0,10.0,27.0,13.0,15.0,0.0,1.0
8.835,51,30629.0,548.0,88.0,600.0,600.0,0.0,1.0,0.0,0.0,0.455,0.021,0.499,0.5,0.463,0.035,0.506,0.514,0.0,0.0,-1.42,-5.3,-0.02,0.0,0.0,0.0,0.0,0.0,0.0,0.0,0.0,1.0,0.0,0.0,0.0,0.0,0.0,0.0,0.0,0.0,0.0,0.0,0.0,0.0,0.0,95.0,83.0,93.0,39.0,17.0,10.0,27.0,13.0,15.0,0.0,0.0
8.868,36,30665.0,548.0,88.0,600.0,600.0,0.0,1.0,0.0,0.0,0.455,0.021,0.499,0.5,0.463,0.035,0.506,0.514,0.0,0.0,-1.42,-5.29,-0.02,0.0,0.0,0.0,0.0,0.0,0.0,0.0,0.0,1.0,0.0,0.0,0.0,0.0,-0.1,0.0,0.0,0.0,0.0,0.0,0.0,0.0,0.0,95.0,83.0,93.0,39.0,17.0,10.0,27.0,13.0,15.0,0.0,0.0
8.976,96,30761.0,547.0,88.0,600.0,600.0,0.0,1.0,0.0,0.0,0.455,0.021,0.499,0.5,0.463,0.035,0.507,0.514,0.0,0.0,-1.42,-5.29,-0.02,0.0,0.0,0.0,0.0,0.0,0.0,0.0,0.0,1.0,0.0,0.0,0.0,0.0,-0.0,0.0,0.0,0.0,0.0,0.0,0.0,0.0,0.0,95.0,83.0,93.0,39.0,17.0,10.0,27.0,13.0,15.0,0.0,0.0
9.009,54,30815.0,547.0,88.0,600.0,600.0,0.0,1.0,0.0,0.0,0.455,0.021,0.499,0.5,0.463,0.035,0.507,0.514,0.0,0.0,-1.43,-5.29,-0.02,0.0,0.0,0.0,0.0,0.0,0.0,0.0,0.0,1.0,0.0,0.0,0.0,0.0,0.2,0.0,0.0,0.0,0.0,0.0,0.0,0.0,0.0,95.0,83.0,93.0,39.0,17.0,10.0,27.0,13.0,15.0,0.0,0.0
9.043,52,30867.0,547.0,88.0,600.0,600.0,0.0,1.0,0.0,0.0,0.455,0.021,0.499,0.5,0.463,0.035,0.507,0.514,0.0,0.0,-1.43,-5.29,-0.02,0.0,0.0,0.0,0.0,0.0,0.0,0.0,0.0,1.0,0.0,0.0,0.0,0.0,0.2,0.0,0.0,0.0,0.0,0.0,0.0,0.0,0.0,95.0,83.0,93.0,39.0,17.0,10.0,27.0,13.0,15.0,0.0,1.0
9.112,52,30919.0,547.0,88.0,600.0,600.0,0.0,1.0,0.0,0.0,0.454,0.021,0.5,0.5,0.462,0.035,0.507,0.514,0.0,0.0,-1.43,-5.29,-0.02,0.0,0.0,0.0,0.0,0.0,0.0,0.0,0.0,1.0,0.0,0.0,0.0,0.0,0.2,0.0,0.0,0.0,0.0,0.0,0.0,0.0,0.0,95.0,83.0,93.0,39.0,17.0,10.0,27.0,13.0,15.0,0.0,0.0
9.148,52,30971.0,546.0,88.0,600.0,600.0,0.0,1.0,0.0,0.0,0.454,0.021,0.5,0.5,0.462,0.035,0.507,0.514,0.0,0.0,-1.43,-5.28,-0.02,0.0,0.0,0.0,0.0,0.0,0.0,0.0,0.0,1.0,0.0,0.0,0.0,0.0,0.1,0.0,0.0,0.0,0.0,0.0,0.0,0.0,0.0,95.0,83.0,93.0,39.0,17.0,10.0,27.0,13.0,15.0,0.0,0.0
9.213,54,31025.0,546.0,89.0,600.0,600.0,0.0,1.0,0.0,0.0,0.454,0.021,0.5,0.5,0.462,0.035,0.507,0.514,0.0,0.0,-1.43,-5.28,-0.02,0.0,0.0,0.0,0.0,0.0,0.0,0.0,0.0,1.0,0.0,0.0,0.0,0.0,0.1,0.0,0.0,0.0,0.0,0.0,0.0,0.0,0.0,95.0,83.0,93.0,39.0,17.0,10.0,27.0,13.0,15.0,0.0,0.0
9.279,52,31077.0,546.0,89.0,600.0,600.0,0.0,1.0,0.0,0.0,0.454,0.021,0.5,0.5,0.462,0.035,0.507,0.514,0.0,0.0,-1.43,-5.28,-0.02,0.0,0.0,0.0,0.0,0.0,0.0,0.0,0.0,1.0,0.0,0.0,0.0,0.0,0.1,0.0,0.0,0.0,0.0,0.0,0.0,0.0,0.0,95.0,83.0,93.0,39.0,17.0,10.0,27.0,13.0,15.0,0.0,1.0
9.314,52,31129.0,546.0,89.0,600.0,600.0,0.0,1.0,0.0,0.0,0.454,0.021,0.5,0.5,0.461,0.035,0.508,0.514,0.0,0.0,-1.43,-5.28,-0.02,0.0,0.0,0.0,0.0,0.0,0.0,0.0,0.0,1.0,0.0,0.0,0.0,0.0,0.1,0.0,0.0,0.0,0.0,0.0,0.0,0.0,0.0,95.0,83.0,93.0,39.0,17.0,10.0,27.0,13.0,15.0,0.0,0.0
9.381,53,31182.0,547.0,89.0,600.0,600.0,0.0,1.0,0.0,0.0,0.454,0.021,0.5,0.5,0.461,0.035,0.508,0.514,0.0,0.0,-1.43,-5.28,-0.02,0.0,0.0,0.0,0.0,0.0,0.0,0.0,0.0,1.0,0.0,0.0,0.0,0.0,0.1,0.0,0.0,0.0,0.0,0.0,0.0,0.0,0.0,95.0,83.0,93.0,39.0,17.0,10.0,27.0,13.0,15.0,0.0,0.0
9.412,53,31235.0,547.0,89.0,600.0,600.0,0.0,1.0,0.0,0.0,0.454,0.021,0.5,0.5,0.461,0.035,0.508,0.514,0.0,0.0,-1.43,-5.28,-0.02,0.0,0.0,0.0,0.0,0.0,0.0,0.0,0.0,1.0,0.0,0.0,0.0,0.0,0.1,0.0,0.0,0.0,0.0,0.0,0.0,0.0,0.0,95.0,83.0,93.0,39.0,17.0,10.0,27.0,13.0,15.0,0.0,0.0
9.444,34,31269.0,547.0,89.0,600.0,600.0,0.0,1.0,0.0,0.0,0.454,0.021,0.5,0.5,0.461,0.035,0.508,0.514,0.0,0.0,-1.43,-5.29,-0.02,0.0,0.0,0.0,0.0,0.0,0.0,0.0,0.0,1.0,0.0,0.0,0.0,0.0,0.1,0.0,0.0,0.0,0.0,0.0,0.0,0.0,0.0,95.0,83.0,93.0,39.0,17.0,10.0,27.0,13.0,15.0,0.0,0.0
9.542,98,31367.0,548.0,89.0,600.0,600.0,0.0,1.0,0.0,0.0,0.454,0.021,0.5,0.5,0.462,0.035,0.508,0.514,0.0,0.0,-1.43,-5.29,-0.02,0.0,0.0,0.0,0.0,0.0,0.0,0.0,0.0,1.0,0.0,0.0,0.0,0.0,0.1,0.0,0.0,0.0,0.0,0.0,0.0,0.0,0.0,95.0,83.0,93.0,39.0,17.0,10.0,27.0,13.0,15.0,0.0,1.0
9.605,53,31420.0,548.0,89.0,600.0,600.0,0.0,1.0,0.0,0.0,0.454,0.021,0.5,0.5,0.462,0.035,0.508,0.514,0.0,0.0,-1.43,-5.29,-0.02,0.0,0.0,0.0,0.0,0.0,0.0,0.0,0.0,1.0,0.0,0.0,0.0,0.0,0.1,0.0,0.0,0.0,0.0,0.0,0.0,0.0,0.0,95.0,83.0,93.0,39.0,17.0,10.0,27.0,13.0,15.0,0.0,0.0
9.637,35,31455.0,548.0,89.0,600.0,600.0,0.0,1.0,0.0,0.0,0.454,0.021,0.5,0.5,0.462,0.035,0.508,0.514,0.0,0.0,-1.44,-5.3,-0.02,0.0,0.0,0.0,0.0,0.0,0.0,0.0,0.0,1.0,0.0,0.0,0.0,0.0,0.0,0.0,0.0,0.0,0.0,0.0,0.0,0.0,0.0,95.0,83.0,93.0,39.0,17.0,10.0,27.0,13.0,15.0,0.0,0.0
9.739,96,31551.0,549.0,89.0,600.0,600.0,0.0,1.0,0.0,0.0,0.454,0.021,0.5,0.5,0.462,0.035,0.508,0.514,0.0,0.0,-1.44,-5.3,-0.02,0.0,0.0,0.0,0.0,0.0,0.0,0.0,0.0,1.0,0.0,0.0,0.0,0.0,0.0,0.0,0.0,0.0,0.0,0.0,0.0,0.0,0.0,95.0,83.0,93.0,39.0,17.0,10.0,27.0,13.0,15.0,0.0,0.0
9.803,54,31605.0,549.0,89.0,600.0,600.0,0.0,1.0,0.0,0.0,0.454,0.021,0.5,0.5,0.462,0.035,0.508,0.514,0.0,0.0,-1.44,-5.3,-0.02,0.0,0.0,0.0,0.0,0.0,0.0,0.0,0.0,1.0,0.0,0.0,0.0,0.0,-0.3,0.0,0.0,0.0,0.0,0.0,0.0,0.0,0.0,95.0,83.0,93.0,39.0,17.0,10.0,27.0,13.0,15.0,0.0,0.0
9.835,34,31639.0,549.0,89.0,600.0,600.0,0.0,1.0,0.0,0.0,0.454,0.021,0.5,0.5,0.462,0.035,0.508,0.514,0.0,0.0,-1.44,-5.3,-0.02,0.0,0.0,0.0,0.0,0.0,0.0,0.0,0.0,1.0,0.0,0.0,0.0,0.0,-0.2,0.0,0.0,0.0,0.0,0.0,0.0,0.0,0.0,95.0,83.0,93.0,39.0,17.0,10.0,27.0,13.0,15.0,0.0,0.0
9.935,99,31738.0,549.0,89.0,600.0,600.0,0.0,1.0,0.0,0.0,0.455,0.022,0.5,0.5,0.462,0.036,0.508,0.514,0.0,0.0,-1.44,-5.3,-0.02,0.0,0.0,0.0,0.0,0.0,0.0,0.0,0.0,1.0,0.0,0.0,0.0,0.0,-0.2,0.0,0.0,0.0,0.0,0.0,0.0,0.0,0.0,95.0,83.0,93.0,39.0,17.0,10.0,27.0,13.0,15.0,0.0,0.0
9.967,52,31790.0,549.0,89.0,600.0,600.0,0.0,1.0,0.0,0.0,0.455,0.022,0.5,0.5,0.462,0.036,0.508,0.514,0.0,0.0,-1.43,-5.3,-0.02,0.0,0.0,0.0,0.0,0.0,0.0,0.0,0.0,1.0,0.0,0.0,0.0,0.0,-0.2,0.0,0.0,0.0,0.0,0.0,0.0,0.0,0.0,95.0,83.0,93.0,39.0,17.0,10.0,27.0,13.0,15.0,0.0,0.0
10.03,52,31842.0,549.0,89.0,600.0,600.0,0.0,1.0,0.0,0.0,0.455,0.022,0.5,0.5,0.462,0.036,0.508,0.514,0.0,0.0,-1.43,-5.3,-0.02,0.0,0.0,0.0,0.0,0.0,0.0,0.0,0.0,1.0,0.0,0.0,0.0,0.0,-0.1,0.0,0.0,0.0,0.0,0.0,0.0,0.0,0.0,95.0,83.0,93.0,39.0,17.0,10.0,27.0,13.0,15.0,0.0,0.0
10.095,53,31895.0,549.0,89.0,600.0,600.0,0.0,1.0,0.0,0.0,0.455,0.021,0.5,0.5,0.463,0.035,0.508,0.514,0.0,0.0,-1.43,-5.29,-0.02,0.0,0.0,0.0,0.0,0.0,0.0,0.0,0.0,1.0,0.0,0.0,0.0,0.0,-0.1,0.0,0.0,0.0,0.0,0.0,0.0,0.0,0.0,95.0,83.0,93.0,39.0,17.0,10.0,27.0,13.0,15.0,0.0,1.0
10.132,53,31948.0,549.0,89.0,600.0,600.0,0.0,1.0,0.0,0.0,0.455,0.021,0.5,0.5,0.463,0.035,0.508,0.514,0.0,0.0,-1.43,-5.29,-0.02,0.0,0.0,0.0,0.0,0.0,0.0,0.0,0.0,1.0,0.0,0.0,0.0,0.0,-0.1,0.0,0.0,0.0,0.0,0.0,0.0,0.0,0.0,95.0,83.0,93.0,39.0,17.0,10.0,27.0,13.0,15.0,0.0,0.0
10.198,51,31999.0,549.0,88.0,600.0,600.0,0.0,1.0,0.0,0.0,0.455,0.021,0.5,0.5,0.463,0.035,0.508,0.514,0.0,0.0,-1.43,-5.29,-0.02,0.0,0.0,0.0,0.0,0.0,0.0,0.0,0.0,1.0,0.0,0.0,0.0,0.0,-0.1,0.0,0.0,0.0,0.0,0.0,0.0,0.0,0.0,95.0,83.0,93.0,39.0,17.0,10.0,27.0,13.0,15.0,0.0,0.0
10.231,36,32035.0,549.0,88.0,600.0,600.0,0.0,1.0,0.0,0.0,0.455,0.021,0.5,0.5,0.463,0.035,0.508,0.514,0.0,0.0,-1.43,-5.29,-0.02,0.0,0.0,0.0,0.0,0.0,0.0,0.0,0.0,1.0,0.0,0.0,0.0,0.0,-0.1,0.0,0.0,0.0,0.0,0.0,0.0,0.0,0.0,95.0,83.0,93.0,39.0,17.0,10.0,27.0,13.0,15.0,0.0,0.0
10.295,84,32119.0,549.0,88.0,600.0,600.0,0.0,1.0,0.0,0.0,0.455,0.021,0.5,0.5,0.463,0.035,0.508,0.514,0.0,0.0,-1.43,-5.29,-0.02,0.0,0.0,0.0,0.0,0.0,0.0,0.0,0.0,1.0,0.0,0.0,0.0,0.0,0.0,0.0,0.0,0.0,0.0,0.0,0.0,0.0,0.0,95.0,83.0,93.0,39.0,17.0,10.0,27.0,13.0,15.0,0.0,1.0
10.361,52,32171.0,549.0,88.0,600.0,600.0,0.0,1.0,0.0,0.0,0.455,0.021,0.5,0.5,0.463,0.035,0.508,0.514,0.0,0.0,-1.43,-5.29,-0.02,0.0,0.0,0.0,0.0,0.0,0.0,0.0,0.0,1.0,0.0,0.0,0.0,0.0,-0.0,0.0,0.0,0.0,0.0,0.0,0.0,0.0,0.0,95.0,83.0,93.0,39.0,17.0,10.0,27.0,13.0,15.0,0.0,0.0
10.424,52,32223.0,549.0,88.0,600.0,600.0,0.0,1.0,0.0,0.0,0.455,0.021,0.5,0.5,0.463,0.035,0.508,0.514,0.0,0.0,-1.44,-5.29,-0.02,0.0,0.0,0.0,0.0,0.0,0.0,0.0,0.0,1.0,0.0,0.0,0.0,0.0,-0.0,0.0,0.0,0.0,0.0,0.0,0.0,0.0,0.0,95.0,83.0,93.0,39.0,17.0,10.0,27.0,13.0,15.0,0.0,0.0
10.457,52,32275.0,549.0,88.0,600.0,600.0,0.0,1.0,0.0,0.0,0.455,0.021,0.5,0.5,0.463,0.035,0.508,0.514,0.0,0.0,-1.44,-5.3,-0.02,0.0,0.0,0.0,0.0,0.0,0.0,0.0,0.0,1.0,0.0,0.0,0.0,0.0,0.0,0.0,0.0,0.0,0.0,0.0,0.0,0.0,0.0,95.0,83.0,93.0,39.0,17.0,10.0,27.0,13.0,15.0,0.0,0.0
10.532,53,32328.0,549.0,88.0,600.0,600.0,0.0,1.0,0.0,0.0,0.455,0.021,0.5,0.5,0.463,0.035,0.508,0.514,0.0,0.0,-1.44,-5.3,-0.02,0.0,0.0,0.0,0.0,0.0,0.0,0.0,0.0,1.0,0.0,0.0,0.0,0.0,-0.0,0.0,0.0,0.0,0.0,0.0,0.0,0.0,0.0,95.0,83.0,93.0,39.0,17.0,10.0,27.0,13.0,15.0,0.0,0.0
10.565,51,32379.0,549.0,87.0,600.0,600.0,0.0,1.0,0.0,0.0,0.455,0.021,0.5,0.5,0.463,0.035,0.508,0.514,0.0,0.0,-1.44,-5.3,-0.02,0.0,0.0,0.0,0.0,0.0,0.0,0.0,0.0,1.0,0.0,0.0,0.0,0.0,-0.0,0.0,0.0,0.0,0.0,0.0,0.0,0.0,0.0,95.0,83.0,93.0,39.0,17.0,10.0,27.0,13.0,15.0,0.0,0.0
10.631,53,32432.0,549.0,87.0,600.0,600.0,0.0,1.0,0.0,0.0,0.455,0.021,0.5,0.5,0.463,0.035,0.508,0.514,0.0,0.0,-1.45,-5.3,-0.02,0.0,0.0,0.0,0.0,0.0,0.0,0.0,0.0,1.0,0.0,0.0,0.0,0.0,0.0,0.0,0.0,0.0,0.0,0.0,0.0,0.0,0.0,95.0,83.0,93.0,39.0,17.0,10.0,27.0,13.0,15.0,0.0,0.0
10.663,52,32484.0,549.0,87.0,600.0,600.0,0.0,1.0,0.0,0.0,0.456,0.021,0.5,0.5,0.463,0.035,0.508,0.514,0.0,0.0,-1.45,-5.3,-0.02,0.0,0.0,0.0,0.0,0.0,0.0,0.0,0.0,1.0,0.0,0.0,0.0,0.0,0.0,0.0,0.0,0.0,0.0,0.0,0.0,0.0,0.0,95.0,83.0,93.0,39.0,17.0,10.0,27.0,13.0,15.0,0.0,0.0
10.732,53,32537.0,547.0,87.0,600.0,600.0,0.0,1.0,0.0,0.0,0.456,0.021,0.5,0.5,0.463,0.035,0.508,0.514,0.0,0.0,-1.45,-5.3,-0.02,0.0,0.0,0.0,0.0,0.0,0.0,0.0,0.0,1.0,0.0,0.0,0.0,0.0,-0.0,0.0,0.0,0.0,0.0,0.0,0.0,0.0,0.0,95.0,83.0,93.0,39.0,17.0,10.0,27.0,13.0,15.0,0.0,0.0
10.798,52,32589.0,547.0,87.0,600.0,600.0,0.0,1.0,0.0,0.0,0.456,0.021,0.5,0.5,0.463,0.035,0.508,0.514,0.0,0.0,-1.45,-5.3,-0.02,0.0,0.0,0.0,0.0,0.0,0.0,0.0,0.0,1.0,0.0,0.0,0.0,0.0,0.0,0.0,0.0,0.0,0.0,0.0,0.0,0.0,0.0,95.0,83.0,93.0,39.0,17.0,10.0,27.0,13.0,15.0,0.0,0.0
10.83,35,32624.0,547.0,87.0,600.0,600.0,0.0,1.0,0.0,0.0,0.456,0.021,0.5,0.5,0.463,0.035,0.508,0.514,0.0,0.0,-1.45,-5.3,-0.02,0.0,0.0,0.0,0.0,0.0,0.0,0.0,0.0,1.0,0.0,0.0,0.0,0.0,0.0,0.0,0.0,0.0,0.0,0.0,0.0,0.0,0.0,95.0,83.0,93.0,39.0,17.0,10.0,27.0,13.0,15.0,0.0,0.0
10.939,99,32723.0,548.0,87.0,600.0,600.0,0.0,1.0,0.0,0.0,0.455,0.021,0.5,0.5,0.462,0.035,0.508,0.514,0.0,0.0,-1.45,-5.3,-0.02,0.0,0.0,0.0,0.0,0.0,0.0,0.0,0.0,1.0,0.0,0.0,0.0,0.0,0.0,0.0,0.0,0.0,0.0,0.0,0.0,0.0,0.0,95.0,83.0,93.0,39.0,17.0,10.0,27.0,13.0,15.0,0.0,0.0
10.972,53,32776.0,548.0,89.0,600.0,600.0,0.0,1.0,0.0,0.0,0.455,0.021,0.5,0.5,0.462,0.035,0.508,0.514,0.0,0.0,-1.45,-5.3,-0.02,0.0,0.0,0.0,0.0,0.0,0.0,0.0,0.0,1.0,0.0,0.0,0.0,0.0,-0.2,0.0,0.0,0.0,0.0,0.0,0.0,0.0,0.0,95.0,83.0,93.0,39.0,17.0,10.0,27.0,13.0,15.0,0.0,0.0
11.005,34,32810.0,548.0,89.0,600.0,600.0,0.0,1.0,0.0,0.0,0.455,0.021,0.5,0.5,0.462,0.035,0.508,0.514,0.0,0.0,-1.45,-5.3,-0.02,0.0,0.0,0.0,0.0,0.0,0.0,0.0,0.0,1.0,0.0,0.0,0.0,0.0,-0.2,0.0,0.0,0.0,0.0,0.0,0.0,0.0,0.0,95.0,83.0,93.0,39.0,17.0,10.0,27.0,13.0,15.0,0.0,0.0
11.102,97,32907.0,549.0,89.0,600.0,600.0,0.0,1.0,0.0,0.0,0.455,0.021,0.5,0.5,0.462,0.035,0.508,0.514,0.0,0.0,-1.45,-5.3,-0.02,0.0,0.0,0.0,0.0,0.0,0.0,0.0,0.0,1.0,0.0,0.0,0.0,0.0,-0.2,0.0,0.0,0.0,0.0,0.0,0.0,0.0,0.0,95.0,83.0,93.0,39.0,17.0,10.0,27.0,13.0,15.0,0.0,0.0
11.134,52,32959.0,549.0,89.0,600.0,600.0,0.0,1.0,0.0,0.0,0.455,0.021,0.5,0.5,0.462,0.035,0.508,0.514,0.0,0.0,-1.45,-5.3,-0.02,0.0,0.0,0.0,0.0,0.0,0.0,0.0,0.0,1.0,0.0,0.0,0.0,0.0,-0.1,0.0,0.0,0.0,0.0,0.0,0.0,0.0,0.0,95.0,83.0,93.0,39.0,17.0,10.0,27.0,13.0,15.0,0.0,0.0
11.197,52,33011.0,549.0,89.0,600.0,600.0,0.0,1.0,0.0,0.0,0.455,0.021,0.5,0.5,0.462,0.035,0.508,0.514,0.0,0.0,-1.45,-5.3,-0.02,0.0,0.0,0.0,0.0,0.0,0.0,0.0,0.0,1.0,0.0,0.0,0.0,0.0,-0.1,0.0,0.0,0.0,0.0,0.0,0.0,0.0,0.0,95.0,83.0,93.0,39.0,17.0,10.0,27.0,13.0,15.0,0.0,0.0
11.26,53,33064.0,549.0,89.0,600.0,600.0,0.0,1.0,0.0,0.0,0.455,0.021,0.5,0.5,0.463,0.035,0.508,0.514,0.0,0.0,-1.45,-5.3,-0.02,0.0,0.0,0.0,0.0,0.0,0.0,0.0,0.0,1.0,0.0,0.0,0.0,0.0,-0.1,0.0,0.0,0.0,0.0,0.0,0.0,0.0,0.0,95.0,83.0,93.0,39.0,17.0,10.0,27.0,13.0,15.0,0.0,0.0
11.293,52,33116.0,549.0,89.0,600.0,600.0,0.0,1.0,0.0,0.0,0.455,0.021,0.5,0.5,0.463,0.035,0.508,0.514,0.0,0.0,-1.44,-5.29,-0.02,0.0,0.0,0.0,0.0,0.0,0.0,0.0,0.0,1.0,0.0,0.0,0.0,0.0,-0.1,0.0,0.0,0.0,0.0,0.0,0.0,0.0,0.0,95.0,83.0,93.0,39.0,17.0,10.0,27.0,13.0,15.0,0.0,0.0
11.368,53,33169.0,549.0,90.0,600.0,600.0,0.0,1.0,0.0,0.0,0.455,0.021,0.5,0.5,0.463,0.035,0.508,0.514,0.0,0.0,-1.44,-5.29,-0.02,0.0,0.0,0.0,0.0,0.0,0.0,0.0,0.0,1.0,0.0,0.0,0.0,0.0,-0.1,0.0,0.0,0.0,0.0,0.0,0.0,0.0,0.0,95.0,83.0,93.0,39.0,17.0,10.0,27.0,13.0,15.0,0.0,0.0
11.401,52,33221.0,549.0,90.0,600.0,600.0,0.0,1.0,0.0,0.0,0.455,0.021,0.5,0.5,0.463,0.035,0.508,0.514,0.0,0.0,-1.44,-5.29,-0.02,0.0,0.0,0.0,0.0,0.0,0.0,0.0,0.0,1.0,0.0,0.0,0.0,0.0,-0.1,0.0,0.0,0.0,0.0,0.0,0.0,0.0,0.0,95.0,83.0,93.0,39.0,17.0,10.0,27.0,13.0,15.0,0.0,0.0
11.466,53,33274.0,549.0,90.0,600.0,600.0,0.0,1.0,0.0,0.0,0.455,0.022,0.5,0.5,0.463,0.036,0.508,0.514,0.0,0.0,-1.44,-5.29,-0.02,0.0,0.0,0.0,0.0,0.0,0.0,0.0,0.0,1.0,0.0,0.0,0.0,0.0,-0.0,0.0,0.0,0.0,0.0,0.0,0.0,0.0,0.0,95.0,83.0,93.0,39.0,17.0,10.0,27.0,13.0,15.0,0.0,1.0
11.543,53,33327.0,552.0,90.0,600.0,600.0,0.0,1.0,0.0,0.0,0.455,0.022,0.5,0.5,0.463,0.036,0.508,0.514,0.0,0.0,-1.44,-5.29,-0.02,0.0,0.0,0.0,0.0,0.0,0.0,0.0,0.0,1.0,0.0,0.0,0.0,0.0,-0.0,0.0,0.0,0.0,0.0,0.0,0.0,0.0,0.0,95.0,83.0,93.0,39.0,17.0,10.0,27.0,13.0,15.0,0.0,0.0
11.577,51,33378.0,552.0,91.0,600.0,600.0,0.0,1.0,0.0,0.0,0.455,0.022,0.5,0.5,0.463,0.036,0.508,0.514,0.0,0.0,-1.44,-5.29,-0.02,0.0,0.0,0.0,0.0,0.0,0.0,0.0,0.0,1.0,0.0,0.0,0.0,0.0,-0.1,0.0,0.0,0.0,0.0,0.0,0.0,0.0,0.0,95.0,83.0,93.0,39.0,17.0,10.0,27.0,13.0,15.0,0.0,0.0
11.61,35,33413.0,552.0,91.0,600.0,600.0,0.0,1.0,0.0,0.0,0.455,0.022,0.5,0.5,0.463,0.036,0.508,0.514,0.0,0.0,-1.43,-5.29,-0.02,0.0,0.0,0.0,0.0,0.0,0.0,0.0,0.0,1.0,0.0,0.0,0.0,0.0,-0.1,0.0,0.0,0.0,0.0,0.0,0.0,0.0,0.0,95.0,83.0,93.0,39.0,17.0,10.0,27.0,13.0,15.0,0.0,0.0
11.708,98,33511.0,550.0,91.0,600.0,600.0,0.0,1.0,0.0,0.0,0.457,0.022,0.5,0.5,0.464,0.036,0.508,0.514,0.0,0.0,-1.43,-5.29,-0.02,0.0,0.0,0.0,0.0,0.0,0.0,0.0,0.0,1.0,0.0,0.0,0.0,0.0,-0.4,0.0,0.0,0.0,0.0,0.0,0.0,0.0,0.0,95.0,83.0,93.0,39.0,17.0,10.0,27.0,13.0,15.0,0.0,0.0
11.741,53,33564.0,550.0,92.0,600.0,600.0,0.0,1.0,0.0,0.0,0.457,0.022,0.5,0.5,0.464,0.036,0.508,0.514,0.0,0.0,-1.44,-5.29,-0.02,0.0,0.0,0.0,0.0,0.0,0.0,0.0,0.0,1.0,0.0,0.0,0.0,0.0,-0.4,0.0,0.0,0.0,0.0,0.0,0.0,0.0,0.0,95.0,83.0,93.0,39.0,17.0,10.0,27.0,13.0,15.0,0.0,0.0
11.806,53,33617.0,550.0,92.0,600.0,600.0,0.0,1.0,0.0,0.0,0.457,0.022,0.5,0.5,0.464,0.036,0.508,0.514,0.0,0.0,-1.44,-5.28,-0.02,0.0,0.0,0.0,0.0,0.0,0.0,0.0,0.0,1.0,0.0,0.0,0.0,0.0,-0.3,0.0,0.0,0.0,0.0,0.0,0.0,0.0,0.0,95.0,83.0,93.0,39.0,17.0,10.0,27.0,13.0,15.0,0.0,0.0
11.871,52,33669.0,550.0,92.0,600.0,600.0,0.0,1.0,0.0,0.0,0.457,0.022,0.5,0.5,0.465,0.036,0.508,0.514,0.0,0.0,-1.44,-5.28,-0.02,0.0,0.0,0.0,0.0,0.0,0.0,0.0,0.0,1.0,0.0,0.0,0.0,0.0,-0.3,0.0,0.0,0.0,0.0,0.0,0.0,0.0,0.0,95.0,83.0,93.0,39.0,17.0,10.0,27.0,13.0,15.0,0.0,0.0
11.903,53,33722.0,550.0,92.0,600.0,600.0,0.0,1.0,0.0,0.0,0.457,0.022,0.5,0.5,0.465,0.036,0.508,0.514,0.0,0.0,-1.44,-5.28,-0.02,0.0,0.0,0.0,0.0,0.0,0.0,0.0,0.0,1.0,0.0,0.0,0.0,0.0,-0.3,0.0,0.0,0.0,0.0,0.0,0.0,0.0,0.0,95.0,83.0,93.0,39.0,17.0,10.0,27.0,13.0,15.0,0.0,0.0
11.973,52,33774.0,550.0,91.0,600.0,600.0,0.0,1.0,0.0,0.0,0.457,0.022,0.5,0.5,0.465,0.036,0.508,0.514,0.0,0.0,-1.45,-5.28,-0.02,0.0,0.0,0.0,0.0,0.0,0.0,0.0,0.0,1.0,0.0,0.0,0.0,0.0,-0.2,0.0,0.0,0.0,0.0,0.0,0.0,0.0,0.0,95.0,83.0,93.0,39.0,17.0,10.0,27.0,13.0,15.0,0.0,0.0
12.005,52,33826.0,550.0,91.0,600.0,600.0,0.0,1.0,0.0,0.0,0.457,0.022,0.5,0.5,0.465,0.036,0.508,0.514,0.0,0.0,-1.45,-5.28,-0.02,0.0,0.0,0.0,0.0,0.0,0.0,0.0,0.0,1.0,0.0,0.0,0.0,0.0,-0.2,0.0,0.0,0.0,0.0,0.0,0.0,0.0,0.0,95.0,83.0,93.0,39.0,17.0,10.0,27.0,13.0,15.0,0.0,0.0
12.072,52,33878.0,550.0,91.0,600.0,600.0,0.0,1.0,0.0,0.0,0.457,0.023,0.5,0.5,0.464,0.037,0.508,0.514,0.0,0.0,-1.45,-5.28,-0.02,0.0,0.0,0.0,0.0,0.0,0.0,0.0,0.0,1.0,0.0,0.0,0.0,0.0,-0.2,0.0,0.0,0.0,0.0,0.0,0.0,0.0,0.0,95.0,83.0,93.0,39.0,17.0,10.0,27.0,13.0,15.0,0.0,0.0
12.138,53,33931.0,549.0,91.0,600.0,600.0,0.0,1.0,0.0,0.0,0.457,0.023,0.5,0.5,0.464,0.037,0.508,0.514,0.0,0.0,-1.45,-5.28,-0.02,0.0,0.0,0.0,0.0,0.0,0.0,0.0,0.0,1.0,0.0,0.0,0.0,0.0,-0.2,0.0,0.0,0.0,0.0,0.0,0.0,0.0,0.0,95.0,83.0,93.0,39.0,17.0,10.0,27.0,13.0,15.0,0.0,0.0
12.171,52,33983.0,549.0,91.0,600.0,600.0,0.0,1.0,0.0,0.0,0.457,0.023,0.5,0.5,0.464,0.037,0.508,0.514,0.0,0.0,-1.44,-5.28,-0.02,0.0,0.0,0.0,0.0,0.0,0.0,0.0,0.0,1.0,0.0,0.0,0.0,0.0,-0.1,0.0,0.0,0.0,0.0,0.0,0.0,0.0,0.0,95.0,83.0,93.0,39.0,17.0,10.0,27.0,13.0,15.0,0.0,0.0
12.236,53,34036.0,549.0,91.0,600.0,600.0,0.0,1.0,0.0,0.0,0.457,0.023,0.5,0.5,0.464,0.037,0.508,0.514,0.0,0.0,-1.44,-5.29,-0.02,0.0,0.0,0.0,0.0,0.0,0.0,0.0,0.0,1.0,0.0,0.0,0.0,0.0,-0.1,0.0,0.0,0.0,0.0,0.0,0.0,0.0,0.0,95.0,83.0,93.0,39.0,17.0,10.0,27.0,13.0,15.0,0.0,0.0
12.269,53,34089.0,549.0,91.0,600.0,600.0,0.0,1.0,0.0,0.0,0.456,0.022,0.5,0.5,0.464,0.036,0.508,0.514,0.0,0.0,-1.44,-5.29,-0.02,0.0,0.0,0.0,0.0,0.0,0.0,0.0,0.0,1.0,0.0,0.0,0.0,0.0,-0.1,0.0,0.0,0.0,0.0,0.0,0.0,0.0,0.0,95.0,83.0,93.0,39.0,17.0,10.0,27.0,13.0,15.0,0.0,0.0
12.335,53,34142.0,551.0,91.0,600.0,600.0,0.0,1.0,0.0,0.0,0.456,0.022,0.5,0.5,0.464,0.036,0.508,0.514,0.0,0.0,-1.44,-5.29,-0.02,0.0,0.0,0.0,0.0,0.0,0.0,0.0,0.0,1.0,0.0,0.0,0.0,0.0,-0.1,0.0,0.0,0.0,0.0,0.0,0.0,0.0,0.0,95.0,83.0,93.0,39.0,17.0,10.0,27.0,13.0,15.0,0.0,0.0
12.401,53,34195.0,551.0,91.0,600.0,600.0,0.0,1.0,0.0,0.0,0.456,0.022,0.5,0.5,0.464,0.036,0.508,0.514,0.0,0.0,-1.44,-5.29,-0.02,0.0,0.0,0.0,0.0,0.0,0.0,0.0,0.0,1.0,0.0,0.0,0.0,0.0,-0.1,0.0,0.0,0.0,0.0,0.0,0.0,0.0,0.0,95.0,83.0,93.0,39.0,17.0,10.0,27.0,13.0,15.0,0.0,0.0
12.434,52,34247.0,551.0,91.0,480.0,600.0,0.0,1.0,0.0,0.0,0.456,0.022,0.5,0.5,0.464,0.036,0.508,0.514,0.0,0.0,-1.44,-5.29,-0.02,0.0,0.0,0.0,0.0,0.0,0.0,0.0,0.0,1.0,0.0,0.0,0.0,0.0,-0.1,0.0,0.0,0.0,0.0,0.0,0.0,0.0,0.0,95.0,83.0,93.0,39.0,17.0,10.0,27.0,13.0,15.0,0.0,0.0
12.499,52,34299.0,551.0,91.0,480.0,600.0,0.0,1.0,0.0,0.0,0.457,0.022,0.441,0.5,0.464,0.036,0.458,0.513,0.0,0.0,-1.44,-5.29,-0.02,0.0,0.0,0.0,0.0,0.0,0.0,0.0,0.0,1.0,0.0,0.0,0.0,0.0,-0.0,0.0,0.0,0.0,0.0,0.0,0.0,0.0,0.0,95.0,83.0,93.0,39.0,17.0,10.0,27.0,13.0,15.0,0.0,0.0
12.541,53,34352.0,547.0,91.0,480.0,600.0,0.0,1.0,0.0,0.0,0.457,0.022,0.441,0.5,0.464,0.036,0.458,0.513,0.0,0.0,-1.43,-5.28,-0.02,0.0,0.0,0.0,0.0,0.0,0.0,0.0,0.0,1.0,0.0,0.0,0.0,0.0,-0.1,0.0,0.0,0.0,0.0,0.0,0.0,0.0,0.0,95.0,83.0,93.0,39.0,17.0,10.0,27.0,13.0,15.0,0.0,0.0
12.607,53,34405.0,547.0,91.0,480.0,600.0,0.0,1.0,0.0,0.0,0.457,0.022,0.441,0.5,0.464,0.036,0.458,0.513,0.0,0.0,-1.43,-5.28,-0.02,0.0,0.0,0.0,0.0,0.0,0.0,0.0,0.0,1.0,0.0,0.0,0.0,0.0,-0.1,0.0,0.0,0.0,0.0,0.0,0.0,0.0,0.0,95.0,83.0,93.0,39.0,17.0,10.0,27.0,13.0,15.0,0.0,0.0
12.64,35,34440.0,547.0,91.0,480.0,600.0,0.0,1.0,0.0,0.0,0.457,0.022,0.441,0.5,0.464,0.036,0.458,0.513,0.0,0.0,-1.43,-5.28,-0.02,0.0,0.0,0.0,0.0,0.0,0.0,0.0,0.0,1.0,0.0,0.0,0.0,0.0,0.0,0.0,0.0,0.0,0.0,0.0,0.0,0.0,0.0,95.0,83.0,93.0,39.0,17.0,10.0,27.0,13.0,15.0,0.0,0.0
12.738,102,34542.0,549.0,91.0,480.0,600.0,0.0,1.0,0.0,0.0,0.455,0.022,0.414,0.5,0.463,0.035,0.426,0.513,0.0,0.0,-1.43,-5.28,-0.02,0.0,0.0,0.0,0.0,0.0,0.0,0.0,0.0,1.0,0.0,0.0,0.0,0.0,-0.0,0.0,0.0,0.0,0.0,0.0,0.0,0.0,0.0,95.0,83.0,93.0,39.0,17.0,10.0,27.0,13.0,15.0,0.0,0.0
12.771,53,34595.0,549.0,89.0,480.0,600.0,0.0,1.0,0.0,0.0,0.455,0.022,0.414,0.5,0.463,0.035,0.426,0.513,0.0,0.0,-1.43,-5.29,-0.02,0.0,0.0,0.0,0.0,0.0,0.0,0.0,0.0,1.0,0.0,0.0,0.0,0.0,-0.0,0.0,0.0,0.0,0.0,0.0,0.0,0.0,0.0,95.0,83.0,93.0,39.0,17.0,10.0,27.0,13.0,15.0,0.0,0.0
12.836,52,34647.0,549.0,89.0,480.0,600.0,0.0,1.0,0.0,0.0,0.455,0.022,0.414,0.5,0.463,0.035,0.426,0.513,0.0,0.0,-1.43,-5.29,-0.02,0.0,0.0,0.0,0.0,0.0,0.0,0.0,0.0,1.0,0.0,0.0,0.0,0.0,-0.0,0.0,0.0,0.0,0.0,0.0,0.0,0.0,0.0,95.0,83.0,93.0,39.0,17.0,10.0,27.0,13.0,15.0,0.0,0.0
12.902,53,34700.0,549.0,89.0,480.0,600.0,0.0,1.0,0.0,0.0,0.456,0.022,0.401,0.5,0.463,0.035,0.411,0.513,0.0,0.0,-1.43,-5.29,-0.02,0.0,0.0,0.0,0.0,0.0,0.0,0.0,0.0,1.0,0.0,0.0,0.0,0.0,-0.0,0.0,0.0,0.0,0.0,0.0,0.0,0.0,0.0,95.0,83.0,93.0,39.0,17.0,10.0,27.0,13.0,15.0,0.0,0.0
12.935,52,34752.0,551.0,89.0,480.0,600.0,0.0,1.0,0.0,0.0,0.456,0.022,0.401,0.5,0.463,0.035,0.411,0.513,0.0,0.0,-1.43,-5.29,-0.02,0.0,0.0,0.0,0.0,0.0,0.0,0.0,0.0,1.0,0.0,0.0,0.0,0.0,0.0,0.0,0.0,0.0,0.0,0.0,0.0,0.0,0.0,95.0,83.0,93.0,39.0,17.0,10.0,27.0,13.0,15.0,0.0,0.0
13.0,52,34804.0,551.0,89.0,480.0,600.0,0.0,1.0,0.0,0.0,0.456,0.022,0.401,0.5,0.463,0.035,0.411,0.513,0.0,0.0,-1.43,-5.29,-0.02,0.0,0.0,0.0,0.0,0.0,0.0,0.0,0.0,1.0,0.0,0.0,0.0,0.0,0.0,0.0,0.0,0.0,0.0,0.0,0.0,0.0,0.0,95.0,83.0,93.0,39.0,17.0,10.0,27.0,13.0,15.0,0.0,0.0
13.032,53,34857.0,551.0,89.0,360.0,600.0,0.0,1.0,0.0,0.0,0.456,0.022,0.401,0.5,0.463,0.035,0.411,0.513,0.0,0.0,-1.44,-5.3,-0.02,0.0,0.0,0.0,0.0,0.0,0.0,0.0,0.0,1.0,0.0,0.0,0.0,0.0,0.0,0.0,0.0,0.0,0.0,0.0,0.0,0.0,0.0,95.0,83.0,93.0,39.0,17.0,10.0,27.0,13.0,15.0,0.0,1.0
13.097,53,34910.0,551.0,89.0,360.0,600.0,0.0,1.0,0.0,0.0,0.457,0.022,0.328,0.5,0.464,0.033,0.347,0.512,0.0,0.0,-1.44,-5.3,-0.02,0.0,0.0,0.0,0.0,0.0,0.0,0.0,0.0,1.0,0.0,0.0,0.0,0.0,-0.0,0.0,0.0,0.0,0.0,0.0,0.0,0.0,0.0,95.0,83.0,93.0,39.0,17.0,10.0,27.0,13.0,15.0,0.0,0.0
13.167,53,34963.0,554.0,89.0,360.0,600.0,0.0,1.0,0.0,0.0,0.457,0.022,0.328,0.5,0.464,0.033,0.347,0.512,0.0,0.0,-1.44,-5.3,-0.02,0.0,0.0,0.0,0.0,0.0,0.0,0.0,0.0,1.0,0.0,0.0,0.0,0.0,0.0,0.0,0.0,0.0,0.0,0.0,0.0,0.0,0.0,95.0,83.0,93.0,39.0,17.0,10.0,27.0,13.0,15.0,0.0,0.0
13.199,52,35015.0,554.0,89.0,360.0,600.0,0.0,1.0,0.0,0.0,0.457,0.022,0.328,0.5,0.464,0.033,0.347,0.512,0.0,0.0,-1.44,-5.3,-0.02,0.0,0.0,0.0,0.0,0.0,0.0,0.0,0.0,1.0,0.0,0.0,0.0,0.0,-0.0,0.0,0.0,0.0,0.0,0.0,0.0,0.0,0.0,95.0,83.0,93.0,39.0,17.0,10.0,27.0,13.0,15.0,0.0,0.0
13.265,53,35068.0,554.0,89.0,360.0,600.0,0.0,1.0,0.0,0.0,0.457,0.022,0.328,0.5,0.464,0.033,0.347,0.512,0.0,0.0,-1.44,-5.3,-0.02,0.0,0.0,0.0,0.0,0.0,0.0,0.0,0.0,1.0,0.0,0.0,0.0,0.0,0.0,0.0,0.0,0.0,0.0,0.0,0.0,0.0,0.0,95.0,83.0,93.0,39.0,17.0,10.0,27.0,13.0,15.0,0.0,0.0
13.297,53,35121.0,554.0,89.0,360.0,600.0,0.0,1.0,0.0,0.0,0.458,0.022,0.294,0.5,0.466,0.033,0.307,0.511,0.0,0.0,-1.44,-5.3,-0.02,0.0,0.0,0.0,0.0,0.0,0.0,0.0,0.0,1.0,0.0,0.0,0.0,0.0,-0.0,0.0,0.0,0.0,0.0,0.0,0.0,0.0,0.0,95.0,83.0,93.0,39.0,17.0,10.0,27.0,13.0,15.0,0.0,0.0
13.366,52,35173.0,553.0,89.0,360.0,600.0,0.0,1.0,0.0,0.0,0.458,0.022,0.294,0.5,0.466,0.033,0.307,0.511,0.0,0.0,-1.44,-5.3,-0.02,0.0,0.0,0.0,0.0,0.0,0.0,0.0,0.0,1.0,0.0,0.0,0.0,0.0,0.0,0.0,0.0,0.0,0.0,0.0,0.0,0.0,0.0,95.0,83.0,93.0,39.0,17.0,10.0,27.0,13.0,15.0,0.0,1.0
13.431,53,35226.0,553.0,88.0,360.0,600.0,0.0,1.0,0.0,0.0,0.458,0.022,0.294,0.5,0.466,0.033,0.307,0.511,0.0,0.0,-1.44,-5.3,-0.02,0.0,0.0,0.0,0.0,0.0,0.0,0.0,0.0,1.0,0.0,0.0,0.0,0.0,0.0,0.0,0.0,0.0,0.0,0.0,0.0,0.0,0.0,95.0,83.0,93.0,39.0,17.0,10.0,27.0,13.0,15.0,0.0,0.0
13.465,54,35280.0,553.0,88.0,480.0,600.0,0.0,1.0,0.0,0.0,0.458,0.022,0.294,0.5,0.466,0.033,0.307,0.511,0.0,0.0,-1.43,-5.3,-0.02,0.0,0.0,0.0,0.0,0.0,0.0,0.0,0.0,1.0,0.0,0.0,0.0,0.0,-0.0,0.0,0.0,0.0,0.0,0.0,0.0,0.0,0.0,95.0,83.0,93.0,39.0,17.0,10.0,27.0,13.0,15.0,0.0,1.0
13.54,52,35332.0,553.0,88.0,480.0,600.0,0.0,1.0,0.0,0.0,0.459,0.021,0.346,0.5,0.466,0.033,0.345,0.512,0.0,0.0,-1.43,-5.3,-0.02,0.0,0.0,0.0,0.0,0.0,0.0,0.0,0.0,1.0,0.0,0.0,0.0,0.0,0.0,0.0,0.0,0.0,0.0,0.0,0.0,0.0,0.0,95.0,83.0,93.0,39.0,17.0,10.0,27.0,13.0,15.0,0.0,0.0
13.574,53,35385.0,552.0,88.0,480.0,600.0,0.0,1.0,0.0,0.0,0.459,0.021,0.346,0.5,0.466,0.033,0.345,0.512,0.0,0.0,-1.43,-5.3,-0.02,0.0,0.0,0.0,0.0,0.0,0.0,0.0,0.0,1.0,0.0,0.0,0.0,0.0,0.0,0.0,0.0,0.0,0.0,0.0,0.0,0.0,0.0,95.0,83.0,93.0,39.0,17.0,10.0,27.0,13.0,15.0,0.0,0.0
13.639,52,35437.0,552.0,88.0,480.0,600.0,0.0,1.0,0.0,0.0,0.459,0.021,0.346,0.5,0.466,0.033,0.345,0.512,0.0,0.0,-1.43,-5.3,-0.02,0.0,0.0,0.0,0.0,0.0,0.0,0.0,0.0,1.0,0.0,0.0,0.0,0.0,0.0,0.0,0.0,0.0,0.0,0.0,0.0,0.0,0.0,95.0,83.0,93.0,39.0,17.0,10.0,27.0,13.0,15.0,0.0,1.0
13.672,53,35490.0,552.0,88.0,480.0,600.0,0.0,1.0,0.0,0.0,0.459,0.021,0.346,0.5,0.466,0.033,0.345,0.512,0.0,0.0,-1.43,-5.3,-0.02,0.0,0.0,0.0,0.0,0.0,0.0,0.0,0.0,1.0,0.0,0.0,0.0,0.0,0.0,0.0,0.0,0.0,0.0,0.0,0.0,0.0,0.0,95.0,83.0,93.0,39.0,17.0,10.0,27.0,13.0,15.0,0.0,1.0
13.742,52,35542.0,552.0,88.0,480.0,600.0,0.0,1.0,0.0,0.0,0.458,0.021,0.37,0.5,0.466,0.033,0.373,0.512,0.0,0.0,-1.43,-5.3,-0.02,0.0,0.0,0.0,0.0,0.0,0.0,0.0,0.0,1.0,0.0,0.0,0.0,0.0,0.0,0.0,0.0,0.0,0.0,0.0,0.0,0.0,0.0,95.0,83.0,93.0,39.0,17.0,10.0,27.0,13.0,15.0,0.0,1.0
13.775,52,35594.0,550.0,88.0,480.0,600.0,0.0,1.0,0.0,0.0,0.458,0.021,0.37,0.5,0.466,0.033,0.373,0.512,0.0,0.0,-1.43,-5.3,-0.02,0.0,0.0,0.0,0.0,0.0,0.0,0.0,0.0,1.0,0.0,0.0,0.0,0.0,0.0,0.0,0.0,0.0,0.0,0.0,0.0,0.0,0.0,95.0,83.0,93.0,39.0,17.0,10.0,27.0,13.0,15.0,0.0,0.0
13.841,51,35645.0,550.0,88.0,480.0,600.0,0.0,1.0,0.0,0.0,0.458,0.021,0.37,0.5,0.466,0.033,0.373,0.512,0.0,0.0,-1.43,-5.3,-0.02,0.0,0.0,0.0,0.0,0.0,0.0,0.0,0.0,1.0,0.0,0.0,0.0,0.0,0.0,0.0,0.0,0.0,0.0,0.0,0.0,0.0,0.0,95.0,83.0,93.0,39.0,17.0,10.0,27.0,13.0,15.0,0.0,0.0
13.906,54,35699.0,550.0,88.0,480.0,600.0,0.0,1.0,0.0,0.0,0.458,0.021,0.37,0.5,0.466,0.033,0.373,0.512,0.0,0.0,-1.43,-5.3,-0.02,0.0,0.0,0.0,0.0,0.0,0.0,0.0,0.0,1.0,0.0,0.0,0.0,0.0,-0.0,0.0,0.0,0.0,0.0,0.0,0.0,0.0,0.0,95.0,83.0,93.0,39.0,17.0,10.0,27.0,13.0,15.0,0.0,0.0
13.939,52,35751.0,550.0,88.0,480.0,600.0,0.0,1.0,0.0,0.0,0.457,0.021,0.381,0.5,0.465,0.034,0.386,0.512,0.0,0.0,-1.43,-5.3,-0.02,0.0,0.0,0.0,0.0,0.0,0.0,0.0,0.0,1.0,0.0,0.0,0.0,0.0,-0.0,0.0,0.0,0.0,0.0,0.0,0.0,0.0,0.0,95.0,83.0,93.0,39.0,17.0,10.0,27.0,13.0,15.0,0.0,0.0
14.005,53,35804.0,549.0,88.0,480.0,600.0,0.0,1.0,0.0,0.0,0.457,0.021,0.381,0.5,0.465,0.034,0.386,0.512,0.0,0.0,-1.43,-5.3,-0.02,0.0,0.0,0.0,0.0,0.0,0.0,0.0,0.0,1.0,0.0,0.0,0.0,0.0,0.0,0.0,0.0,0.0,0.0,0.0,0.0,0.0,0.0,95.0,83.0,93.0,39.0,17.0,10.0,27.0,13.0,15.0,0.0,0.0
14.037,51,35855.0,549.0,88.0,480.0,600.0,0.0,1.0,0.0,0.0,0.457,0.021,0.381,0.5,0.465,0.034,0.386,0.512,0.0,0.0,-1.43,-5.31,-0.03,0.0,0.0,0.0,0.0,0.0,0.0,0.0,0.0,1.0,0.0,0.0,0.0,0.0,-0.0,0.0,0.0,0.0,0.0,0.0,0.0,0.0,0.0,95.0,83.0,93.0,39.0,17.0,10.0,27.0,13.0,15.0,0.0,0.0
14.103,53,35908.0,549.0,88.0,600.0,600.0,0.0,1.0,0.0,0.0,0.457,0.021,0.381,0.5,0.465,0.034,0.386,0.512,0.0,0.0,-1.43,-5.31,-0.03,0.0,0.0,0.0,0.0,0.0,0.0,0.0,0.0,1.0,0.0,0.0,0.0,0.0,-0.0,0.0,0.0,0.0,0.0,0.0,0.0,0.0,0.0,95.0,83.0,93.0,39.0,17.0,10.0,27.0,13.0,15.0,0.0,0.0
14.135,52,35960.0,549.0,88.0,600.0,600.0,0.0,1.0,0.0,0.0,0.457,0.021,0.445,0.5,0.464,0.034,0.442,0.513,0.0,0.0,-1.43,-5.32,-0.03,0.0,0.0,0.0,0.0,0.0,0.0,0.0,0.0,1.0,0.0,0.0,0.0,0.0,0.0,0.0,0.0,0.0,0.0,0.0,0.0,0.0,0.0,95.0,83.0,93.0,39.0,17.0,10.0,27.0,13.0,15.0,0.0,0.0
14.198,52,36012.0,546.0,88.0,600.0,600.0,0.0,1.0,0.0,0.0,0.457,0.021,0.445,0.5,0.464,0.034,0.442,0.513,0.0,0.0,-1.43,-5.32,-0.03,0.0,0.0,0.0,0.0,0.0,0.0,0.0,0.0,1.0,0.0,0.0,0.0,0.0,-0.0,0.0,0.0,0.0,0.0,0.0,0.0,0.0,0.0,95.0,83.0,93.0,39.0,17.0,10.0,27.0,13.0,15.0,0.0,0.0
14.262,51,36063.0,546.0,89.0,600.0,600.0,0.0,1.0,0.0,0.0,0.457,0.021,0.445,0.5,0.464,0.034,0.442,0.513,0.0,0.0,-1.43,-5.32,-0.03,0.0,0.0,0.0,0.0,0.0,0.0,0.0,0.0,1.0,0.0,0.0,0.0,0.0,-0.0,0.0,0.0,0.0,0.0,0.0,0.0,0.0,0.0,95.0,83.0,93.0,39.0,17.0,10.0,27.0,13.0,15.0,0.0,0.0
14.294,54,36117.0,546.0,89.0,480.0,600.0,0.0,1.0,0.0,0.0,0.457,0.021,0.445,0.5,0.464,0.034,0.442,0.513,0.0,0.0,-1.43,-5.32,-0.03,0.0,0.0,0.0,0.0,0.0,0.0,0.0,0.0,1.0,0.0,0.0,0.0,0.0,-0.0,0.0,0.0,0.0,0.0,0.0,0.0,0.0,0.0,95.0,83.0,93.0,39.0,17.0,10.0,27.0,13.0,15.0,0.0,0.0
14.367,52,36169.0,546.0,89.0,480.0,600.0,0.0,1.0,0.0,0.0,0.455,0.021,0.415,0.5,0.463,0.034,0.428,0.513,0.0,0.0,-1.43,-5.32,-0.03,0.0,0.0,0.0,0.0,0.0,0.0,0.0,0.0,1.0,0.0,0.0,0.0,0.0,0.0,0.0,0.0,0.0,0.0,0.0,0.0,0.0,0.0,95.0,83.0,93.0,39.0,17.0,10.0,27.0,13.0,15.0,0.0,0.0
14.4,53,36222.0,545.0,89.0,480.0,600.0,0.0,1.0,0.0,0.0,0.455,0.021,0.415,0.5,0.463,0.034,0.428,0.513,0.0,0.0,-1.43,-5.32,-0.03,0.0,0.0,0.0,0.0,0.0,0.0,0.0,0.0,1.0,0.0,0.0,0.0,0.0,-0.0,0.0,0.0,0.0,0.0,0.0,0.0,0.0,0.0,95.0,83.0,93.0,39.0,17.0,10.0,27.0,13.0,15.0,0.0,0.0
14.466,51,36273.0,545.0,89.0,480.0,600.0,0.0,1.0,0.0,0.0,0.455,0.021,0.415,0.5,0.463,0.034,0.428,0.513,0.0,0.0,-1.43,-5.33,-0.03,0.0,0.0,0.0,0.0,0.0,0.0,0.0,0.0,1.0,0.0,0.0,0.0,0.0,-0.0,0.0,0.0,0.0,0.0,0.0,0.0,0.0,0.0,95.0,83.0,93.0,39.0,17.0,10.0,27.0,13.0,15.0,0.0,0.0
14.5,53,36326.0,545.0,89.0,480.0,600.0,0.0,1.0,0.0,0.0,0.455,0.021,0.415,0.5,0.463,0.034,0.428,0.513,0.0,0.0,-1.43,-5.33,-0.03,0.0,0.0,0.0,0.0,0.0,0.0,0.0,0.0,1.0,0.0,0.0,0.0,0.0,0.0,0.0,0.0,0.0,0.0,0.0,0.0,0.0,0.0,95.0,83.0,93.0,39.0,17.0,10.0,27.0,13.0,15.0,0.0,0.0
14.575,52,36378.0,545.0,89.0,480.0,600.0,0.0,1.0,0.0,0.0,0.453,0.021,0.402,0.5,0.461,0.034,0.412,0.513,0.0,0.0,-1.43,-5.33,-0.03,0.0,0.0,0.0,0.0,0.0,0.0,0.0,0.0,1.0,0.0,0.0,0.0,0.0,-0.0,0.0,0.0,0.0,0.0,0.0,0.0,0.0,0.0,95.0,83.0,93.0,39.0,17.0,10.0,27.0,13.0,15.0,0.0,0.0
14.607,53,36431.0,547.0,89.0,480.0,600.0,0.0,1.0,0.0,0.0,0.453,0.021,0.402,0.5,0.461,0.034,0.412,0.513,0.0,0.0,-1.43,-5.33,-0.03,0.0,0.0,0.0,0.0,0.0,0.0,0.0,0.0,1.0,0.0,0.0,0.0,0.0,0.0,0.0,0.0,0.0,0.0,0.0,0.0,0.0,0.0,95.0,83.0,93.0,39.0,17.0,10.0,27.0,13.0,15.0,0.0,0.0
14.674,52,36483.0,547.0,89.0,480.0,600.0,0.0,1.0,0.0,0.0,0.453,0.021,0.402,0.5,0.461,0.034,0.412,0.513,0.0,0.0,-1.43,-5.34,-0.03,0.0,0.0,0.0,0.0,0.0,0.0,0.0,0.0,1.0,0.0,0.0,0.0,0.0,-0.0,0.0,0.0,0.0,0.0,0.0,0.0,0.0,0.0,95.0,83.0,93.0,39.0,17.0,10.0,27.0,13.0,15.0,0.0,1.0
14.707,35,36518.0,547.0,89.0,480.0,600.0,0.0,1.0,0.0,0.0,0.453,0.021,0.402,0.5,0.461,0.034,0.412,0.513,0.0,0.0,-1.43,-5.34,-0.03,0.0,0.0,0.0,0.0,0.0,0.0,0.0,0.0,1.0,0.0,0.0,0.0,0.0,-0.0,0.0,0.0,0.0,0.0,0.0,0.0,0.0,0.0,95.0,83.0,93.0,39.0,17.0,10.0,27.0,13.0,15.0,0.0,0.0
14.805,98,36616.0,548.0,89.0,480.0,600.0,0.0,1.0,0.0,0.0,0.454,0.022,0.396,0.5,0.461,0.034,0.404,0.512,0.0,0.0,-1.43,-5.34,-0.03,0.0,0.0,0.0,0.0,0.0,0.0,0.0,0.0,1.0,0.0,0.0,0.0,0.0,0.0,0.0,0.0,0.0,0.0,0.0,0.0,0.0,0.0,95.0,83.0,93.0,39.0,17.0,10.0,27.0,13.0,15.0,0.0,0.0
14.868,52,36668.0,548.0,89.0,480.0,600.0,0.0,1.0,0.0,0.0,0.454,0.022,0.396,0.5,0.461,0.034,0.404,0.512,0.0,0.0,-1.43,-5.34,-0.03,0.0,0.0,0.0,0.0,0.0,0.0,0.0,0.0,1.0,0.0,0.0,0.0,0.0,0.0,0.0,0.0,0.0,0.0,0.0,0.0,0.0,0.0,95.0,83.0,93.0,39.0,17.0,10.0,27.0,13.0,15.0,0.0,1.0
14.9,53,36721.0,548.0,89.0,480.0,600.0,0.0,1.0,0.0,0.0,0.454,0.022,0.396,0.5,0.461,0.034,0.404,0.512,0.0,0.0,-1.43,-5.34,-0.03,0.0,0.0,0.0,0.0,0.0,0.0,0.0,0.0,1.0,0.0,0.0,0.0,0.0,-0.0,0.0,0.0,0.0,0.0,0.0,0.0,0.0,0.0,95.0,83.0,93.0,39.0,17.0,10.0,27.0,13.0,15.0,0.0,0.0
14.975,52,36773.0,548.0,89.0,480.0,600.0,0.0,1.0,0.0,0.0,0.454,0.022,0.393,0.5,0.462,0.034,0.401,0.512,0.0,0.0,-1.43,-5.34,-0.03,0.0,0.0,0.0,0.0,0.0,0.0,0.0,0.0,1.0,0.0,0.0,0.0,0.0,-0.0,0.0,0.0,0.0,0.0,0.0,0.0,0.0,0.0,95.0,83.0,93.0,39.0,17.0,10.0,27.0,13.0,15.0,0.0,0.0
15.007,53,36826.0,547.0,89.0,480.0,600.0,0.0,1.0,0.0,0.0,0.454,0.022,0.393,0.5,0.462,0.034,0.401,0.512,0.0,0.0,-1.43,-5.34,-0.03,0.0,0.0,0.0,0.0,0.0,0.0,0.0,0.0,1.0,0.0,0.0,0.0,0.0,-0.0,0.0,0.0,0.0,0.0,0.0,0.0,0.0,0.0,95.0,83.0,93.0,39.0,17.0,10.0,27.0,13.0,15.0,0.0,0.0
15.074,52,36878.0,547.0,89.0,480.0,600.0,0.0,1.0,0.0,0.0,0.454,0.022,0.393,0.5,0.462,0.034,0.401,0.512,0.0,0.0,-1.43,-5.33,-0.03,0.0,0.0,0.0,0.0,0.0,0.0,0.0,0.0,1.0,0.0,0.0,0.0,0.0,-0.0,0.0,0.0,0.0,0.0,0.0,0.0,0.0,0.0,95.0,83.0,93.0,39.0,17.0,10.0,27.0,13.0,15.0,0.0,0.0
15.106,53,36931.0,547.0,89.0,480.0,600.0,0.0,1.0,0.0,0.0,0.454,0.022,0.393,0.5,0.462,0.034,0.401,0.512,0.0,0.0,-1.43,-5.33,-0.03,0.0,0.0,0.0,0.0,0.0,0.0,0.0,0.0,1.0,0.0,0.0,0.0,0.0,-0.0,0.0,0.0,0.0,0.0,0.0,0.0,0.0,0.0,95.0,83.0,93.0,39.0,17.0,10.0,27.0,13.0,15.0,0.0,0.0
15.175,53,36984.0,547.0,89.0,480.0,600.0,0.0,1.0,0.0,0.0,0.454,0.022,0.391,0.5,0.462,0.034,0.399,0.512,0.0,0.0,-1.44,-5.33,-0.03,0.0,0.0,0.0,0.0,0.0,0.0,0.0,0.0,1.0,0.0,0.0,0.0,0.0,-0.0,0.0,0.0,0.0,0.0,0.0,0.0,0.0,0.0,95.0,83.0,93.0,39.0,17.0,10.0,27.0,13.0,15.0,0.0,0.0
15.241,53,37037.0,549.0,89.0,480.0,600.0,0.0,1.0,0.0,0.0,0.454,0.022,0.391,0.5,0.462,0.034,0.399,0.512,0.0,0.0,-1.44,-5.32,-0.03,0.0,0.0,0.0,0.0,0.0,0.0,0.0,0.0,1.0,0.0,0.0,0.0,0.0,0.0,0.0,0.0,0.0,0.0,0.0,0.0,0.0,0.0,95.0,83.0,93.0,39.0,17.0,10.0,27.0,13.0,15.0,0.0,0.0
15.274,51,37088.0,549.0,89.0,480.0,600.0,0.0,1.0,0.0,0.0,0.454,0.022,0.391,0.5,0.462,0.034,0.399,0.512,0.0,0.0,-1.44,-5.32,-0.03,0.0,0.0,0.0,0.0,0.0,0.0,0.0,0.0,1.0,0.0,0.0,0.0,0.0,0.0,0.0,0.0,0.0,0.0,0.0,0.0,0.0,0.0,95.0,83.0,93.0,39.0,17.0,10.0,27.0,13.0,15.0,0.0,0.0
15.341,53,37141.0,549.0,89.0,600.0,600.0,0.0,1.0,0.0,0.0,0.454,0.022,0.391,0.5,0.462,0.034,0.399,0.512,0.0,0.0,-1.44,-5.32,-0.03,0.0,0.0,0.0,0.0,0.0,0.0,0.0,0.0,1.0,0.0,0.0,0.0,0.0,0.0,0.0,0.0,0.0,0.0,0.0,0.0,0.0,0.0,95.0,83.0,93.0,39.0,17.0,10.0,27.0,13.0,15.0,0.0,0.0
15.374,52,37193.0,549.0,89.0,600.0,600.0,0.0,1.0,0.0,0.0,0.455,0.022,0.45,0.5,0.462,0.035,0.448,0.513,0.0,0.0,-1.44,-5.32,-0.03,0.0,0.0,0.0,0.0,0.0,0.0,0.0,0.0,1.0,0.0,0.0,0.0,0.0,0.0,0.0,0.0,0.0,0.0,0.0,0.0,0.0,0.0,95.0,83.0,93.0,39.0,17.0,10.0,27.0,13.0,15.0,0.0,1.0
15.439,53,37246.0,549.0,89.0,600.0,600.0,0.0,1.0,0.0,0.0,0.455,0.022,0.45,0.5,0.462,0.035,0.448,0.513,0.0,0.0,-1.44,-5.32,-0.03,0.0,0.0,0.0,0.0,0.0,0.0,0.0,0.0,1.0,0.0,0.0,0.0,0.0,0.0,0.0,0.0,0.0,0.0,0.0,0.0,0.0,0.0,95.0,83.0,93.0,39.0,17.0,10.0,27.0,13.0,15.0,0.0,0.0
15.472,51,37297.0,549.0,89.0,600.0,600.0,0.0,1.0,0.0,0.0,0.455,0.022,0.45,0.5,0.462,0.035,0.448,0.513,0.0,0.0,-1.44,-5.31,-0.03,0.0,0.0,0.0,0.0,0.0,0.0,0.0,0.0,1.0,0.0,0.0,0.0,0.0,0.0,0.0,0.0,0.0,0.0,0.0,0.0,0.0,0.0,95.0,83.0,93.0,39.0,17.0,10.0,27.0,13.0,15.0,0.0,0.0
15.54,53,37350.0,549.0,89.0,600.0,600.0,0.0,1.0,0.0,0.0,0.455,0.022,0.45,0.5,0.462,0.035,0.448,0.513,0.0,0.0,-1.44,-5.31,-0.03,0.0,0.0,0.0,0.0,0.0,0.0,0.0,0.0,1.0,0.0,0.0,0.0,0.0,0.0,0.0,0.0,0.0,0.0,0.0,0.0,0.0,0.0,95.0,83.0,93.0,39.0,17.0,10.0,27.0,13.0,15.0,0.0,0.0
15.606,53,37403.0,549.0,89.0,600.0,600.0,0.0,1.0,0.0,0.0,0.455,0.022,0.477,0.5,0.463,0.035,0.48,0.514,0.0,0.0,-1.44,-5.31,-0.03,0.0,0.0,0.0,0.0,0.0,0.0,0.0,0.0,1.0,0.0,0.0,0.0,0.0,0.0,0.0,0.0,0.0,0.0,0.0,0.0,0.0,0.0,95.0,83.0,93.0,39.0,17.0,10.0,27.0,13.0,15.0,0.0,1.0
15.639,53,37456.0,548.0,89.0,600.0,600.0,0.0,1.0,0.0,0.0,0.455,0.022,0.477,0.5,0.463,0.035,0.48,0.514,0.0,0.0,-1.44,-5.3,-0.03,0.0,0.0,0.0,0.0,0.0,0.0,0.0,0.0,1.0,0.0,0.0,0.0,0.0,0.0,0.0,0.0,0.0,0.0,0.0,0.0,0.0,0.0,95.0,83.0,93.0,39.0,17.0,10.0,27.0,13.0,15.0,0.0,0.0
15.705,51,37507.0,548.0,90.0,600.0,600.0,0.0,1.0,0.0,0.0,0.455,0.022,0.477,0.5,0.463,0.035,0.48,0.514,0.0,0.0,-1.44,-5.3,-0.03,0.0,0.0,0.0,0.0,0.0,0.0,0.0,0.0,1.0,0.0,0.0,0.0,0.0,0.0,0.0,0.0,0.0,0.0,0.0,0.0,0.0,0.0,95.0,83.0,93.0,39.0,17.0,10.0,27.0,13.0,15.0,0.0,0.0
15.742,53,37560.0,548.0,90.0,600.0,600.0,0.0,1.0,0.0,0.0,0.455,0.022,0.477,0.5,0.463,0.035,0.48,0.514,0.0,0.0,-1.43,-5.3,-0.03,0.0,0.0,0.0,0.0,0.0,0.0,0.0,0.0,1.0,0.0,0.0,0.0,0.0,0.0,0.0,0.0,0.0,0.0,0.0,0.0,0.0,0.0,95.0,83.0,93.0,39.0,17.0,10.0,27.0,13.0,15.0,0.0,0.0
15.807,52,37612.0,548.0,90.0,600.0,600.0,0.0,1.0,0.0,0.0,0.455,0.022,0.489,0.5,0.463,0.036,0.495,0.514,0.0,0.0,-1.43,-5.3,-0.03,0.0,0.0,0.0,0.0,0.0,0.0,0.0,0.0,1.0,0.0,0.0,0.0,0.0,0.0,0.0,0.0,0.0,0.0,0.0,0.0,0.0,0.0,95.0,83.0,93.0,39.0,17.0,10.0,27.0,13.0,15.0,0.0,1.0
15.839,53,37665.0,549.0,90.0,600.0,600.0,0.0,1.0,0.0,0.0,0.455,0.022,0.489,0.5,0.463,0.036,0.495,0.514,0.0,0.0,-1.43,-5.3,-0.03,0.0,0.0,0.0,0.0,0.0,0.0,0.0,0.0,1.0,0.0,0.0,0.0,0.0,0.0,0.0,0.0,0.0,0.0,0.0,0.0,0.0,0.0,95.0,83.0,93.0,39.0,17.0,10.0,27.0,13.0,15.0,0.0,0.0
15.902,51,37716.0,549.0,90.0,600.0,600.0,0.0,1.0,0.0,0.0,0.455,0.022,0.489,0.5,0.463,0.036,0.495,0.514,0.0,0.0,-1.43,-5.3,-0.03,0.0,0.0,0.0,0.0,0.0,0.0,0.0,0.0,1.0,0.0,0.0,0.0,0.0,-0.0,0.0,0.0,0.0,0.0,0.0,0.0,0.0,0.0,95.0,83.0,93.0,39.0,17.0,10.0,27.0,13.0,15.0,0.0,0.0
15.938,35,37751.0,549.0,90.0,600.0,600.0,0.0,1.0,0.0,0.0,0.455,0.022,0.489,0.5,0.463,0.036,0.495,0.514,0.0,0.0,-1.43,-5.3,-0.03,0.0,0.0,0.0,0.0,0.0,0.0,0.0,0.0,1.0,0.0,0.0,0.0,0.0,-0.0,0.0,0.0,0.0,0.0,0.0,0.0,0.0,0.0,95.0,83.0,93.0,39.0,17.0,10.0,27.0,13.0,15.0,0.0,0.0
16.036,98,37849.0,552.0,90.0,600.0,600.0,0.0,1.0,0.0,0.0,0.455,0.022,0.495,0.5,0.463,0.036,0.502,0.514,0.0,0.0,-1.43,-5.3,-0.03,0.0,0.0,0.0,0.0,0.0,0.0,0.0,0.0,1.0,0.0,0.0,0.0,0.0,0.0,0.0,0.0,0.0,0.0,0.0,0.0,0.0,0.0,95.0,83.0,93.0,39.0,17.0,10.0,27.0,13.0,15.0,0.0,0.0
16.101,51,37900.0,552.0,90.0,600.0,600.0,0.0,1.0,0.0,0.0,0.455,0.022,0.495,0.5,0.463,0.036,0.502,0.514,0.0,0.0,-1.43,-5.3,-0.03,0.0,0.0,0.0,0.0,0.0,0.0,0.0,0.0,1.0,0.0,0.0,0.0,0.0,-0.0,0.0,0.0,0.0,0.0,0.0,0.0,0.0,0.0,95.0,83.0,93.0,39.0,17.0,10.0,27.0,13.0,15.0,0.0,1.0
16.134,53,37953.0,552.0,90.0,600.0,600.0,0.0,1.0,0.0,0.0,0.455,0.022,0.495,0.5,0.463,0.036,0.502,0.514,0.0,0.0,-1.43,-5.3,-0.03,0.0,0.0,0.0,0.0,0.0,0.0,0.0,0.0,1.0,0.0,0.0,0.0,0.0,0.0,0.0,0.0,0.0,0.0,0.0,0.0,0.0,0.0,95.0,83.0,93.0,39.0,17.0,10.0,27.0,13.0,15.0,0.0,1.0
16.198,52,38005.0,552.0,90.0,600.0,600.0,0.0,1.0,0.0,0.0,0.457,0.022,0.498,0.5,0.464,0.036,0.505,0.514,0.0,0.0,-1.43,-5.3,-0.03,0.0,0.0,0.0,0.0,0.0,0.0,0.0,0.0,1.0,0.0,0.0,0.0,0.0,-0.0,0.0,0.0,0.0,0.0,0.0,0.0,0.0,0.0,95.0,83.0,93.0,39.0,17.0,10.0,27.0,13.0,15.0,0.0,0.0
16.264,53,38058.0,553.0,90.0,600.0,600.0,0.0,1.0,0.0,0.0,0.457,0.022,0.498,0.5,0.464,0.036,0.505,0.514,0.0,0.0,-1.43,-5.3,-0.03,0.0,0.0,0.0,0.0,0.0,0.0,0.0,0.0,1.0,0.0,0.0,0.0,0.0,0.0,0.0,0.0,0.0,0.0,0.0,0.0,0.0,0.0,95.0,83.0,93.0,39.0,17.0,10.0,27.0,13.0,15.0,0.0,0.0
16.297,51,38109.0,553.0,90.0,600.0,600.0,0.0,1.0,0.0,0.0,0.457,0.022,0.498,0.5,0.464,0.036,0.505,0.514,0.0,0.0,-1.43,-5.3,-0.03,0.0,0.0,0.0,0.0,0.0,0.0,0.0,0.0,1.0,0.0,0.0,0.0,0.0,-0.0,0.0,0.0,0.0,0.0,0.0,0.0,0.0,0.0,95.0,83.0,93.0,39.0,17.0,10.0,27.0,13.0,15.0,0.0,0.0
16.338,35,38144.0,553.0,90.0,600.0,600.0,0.0,1.0,0.0,0.0,0.457,0.022,0.498,0.5,0.464,0.036,0.505,0.514,0.0,0.0,-1.43,-5.3,-0.03,0.0,0.0,0.0,0.0,0.0,0.0,0.0,0.0,1.0,0.0,0.0,0.0,0.0,0.0,0.0,0.0,0.0,0.0,0.0,0.0,0.0,0.0,95.0,83.0,93.0,39.0,17.0,10.0,27.0,13.0,15.0,0.0,0.0
16.434,99,38243.0,552.0,90.0,600.0,600.0,0.0,1.0,0.0,0.0,0.458,0.022,0.499,0.5,0.466,0.036,0.506,0.514,0.0,0.0,-1.43,-5.3,-0.03,0.0,0.0,0.0,0.0,0.0,0.0,0.0,0.0,1.0,0.0,0.0,0.0,0.0,0.0,0.0,0.0,0.0,0.0,0.0,0.0,0.0,0.0,95.0,83.0,93.0,39.0,17.0,10.0,27.0,13.0,15.0,0.0,0.0
16.5,53,38296.0,552.0,89.0,600.0,600.0,0.0,1.0,0.0,0.0,0.458,0.022,0.499,0.5,0.466,0.036,0.506,0.514,0.0,0.0,-1.43,-5.29,-0.03,0.0,0.0,0.0,0.0,0.0,0.0,0.0,0.0,1.0,0.0,0.0,0.0,0.0,-0.1,0.0,0.0,0.0,0.0,0.0,0.0,0.0,0.0,95.0,83.0,93.0,39.0,17.0,10.0,27.0,13.0,15.0,0.0,0.0
16.535,52,38348.0,552.0,89.0,600.0,600.0,0.0,1.0,0.0,0.0,0.458,0.022,0.499,0.5,0.466,0.036,0.506,0.514,0.0,0.0,-1.43,-5.29,-0.03,0.0,0.0,0.0,0.0,0.0,0.0,0.0,0.0,1.0,0.0,0.0,0.0,0.0,-0.1,0.0,0.0,0.0,0.0,0.0,0.0,0.0,0.0,95.0,83.0,93.0,39.0,17.0,10.0,27.0,13.0,15.0,0.0,0.0
16.601,53,38401.0,552.0,89.0,600.0,600.0,0.0,1.0,0.0,0.0,0.458,0.022,0.5,0.5,0.466,0.036,0.507,0.514,0.0,0.0,-1.43,-5.29,-0.03,0.0,0.0,0.0,0.0,0.0,0.0,0.0,0.0,1.0,0.0,0.0,0.0,0.0,-0.1,0.0,0.0,0.0,0.0,0.0,0.0,0.0,0.0,95.0,83.0,93.0,39.0,17.0,10.0,27.0,13.0,15.0,0.0,0.0
16.633,53,38454.0,555.0,89.0,600.0,600.0,0.0,1.0,0.0,0.0,0.458,0.022,0.5,0.5,0.466,0.036,0.507,0.514,0.0,0.0,-1.43,-5.29,-0.03,0.0,0.0,0.0,0.0,0.0,0.0,0.0,0.0,1.0,0.0,0.0,0.0,0.0,-0.1,0.0,0.0,0.0,0.0,0.0,0.0,0.0,0.0,95.0,83.0,93.0,39.0,17.0,10.0,27.0,13.0,15.0,0.0,1.0
16.7,52,38506.0,555.0,90.0,600.0,600.0,0.0,1.0,0.0,0.0,0.458,0.022,0.5,0.5,0.466,0.036,0.507,0.514,0.0,0.0,-1.43,-5.29,-0.03,0.0,0.0,0.0,0.0,0.0,0.0,0.0,0.0,1.0,0.0,0.0,0.0,0.0,-0.1,0.0,0.0,0.0,0.0,0.0,0.0,0.0,0.0,95.0,83.0,93.0,39.0,17.0,10.0,27.0,13.0,15.0,0.0,1.0
16.733,34,38540.0,555.0,90.0,600.0,600.0,0.0,1.0,0.0,0.0,0.458,0.022,0.5,0.5,0.466,0.036,0.507,0.514,0.0,0.0,-1.43,-5.28,-0.03,0.0,0.0,0.0,0.0,0.0,0.0,0.0,0.0,1.0,0.0,0.0,0.0,0.0,-0.0,0.0,0.0,0.0,0.0,0.0,0.0,0.0,0.0,95.0,83.0,93.0,39.0,17.0,10.0,27.0,13.0,15.0,0.0,0.0
16.827,101,38641.0,555.0,90.0,600.0,600.0,0.0,1.0,0.0,0.0,0.46,0.022,0.5,0.5,0.467,0.036,0.507,0.514,0.0,0.0,-1.43,-5.29,-0.03,0.0,0.0,0.0,0.0,0.0,0.0,0.0,0.0,1.0,0.0,0.0,0.0,0.0,-0.4,0.0,0.0,0.0,0.0,0.0,0.0,0.0,0.0,95.0,83.0,93.0,39.0,17.0,10.0,27.0,13.0,15.0,0.0,0.0
16.893,53,38694.0,555.0,89.0,600.0,600.0,0.0,1.0,0.0,0.0,0.46,0.022,0.5,0.5,0.467,0.036,0.507,0.514,0.0,0.0,-1.43,-5.29,-0.03,0.0,0.0,0.0,0.0,0.0,0.0,0.0,0.0,1.0,0.0,0.0,0.0,0.0,-0.3,0.0,0.0,0.0,0.0,0.0,0.0,0.0,0.0,95.0,83.0,93.0,39.0,17.0,10.0,27.0,13.0,15.0,0.0,0.0
16.932,53,38747.0,555.0,89.0,600.0,600.0,0.0,1.0,0.0,0.0,0.46,0.022,0.5,0.5,0.467,0.036,0.507,0.514,0.0,0.0,-1.43,-5.29,-0.03,0.0,0.0,0.0,0.0,0.0,0.0,0.0,0.0,1.0,0.0,0.0,0.0,0.0,-0.3,0.0,0.0,0.0,0.0,0.0,0.0,0.0,0.0,95.0,83.0,93.0,39.0,17.0,10.0,27.0,13.0,15.0,0.0,0.0
16.995,53,38800.0,555.0,89.0,600.0,600.0,0.0,1.0,0.0,0.0,0.46,0.022,0.5,0.5,0.468,0.036,0.508,0.514,0.0,0.0,-1.43,-5.29,-0.03,0.0,0.0,0.0,0.0,0.0,0.0,0.0,0.0,1.0,0.0,0.0,0.0,0.0,-0.3,0.0,0.0,0.0,0.0,0.0,0.0,0.0,0.0,95.0,83.0,93.0,39.0,17.0,10.0,27.0,13.0,15.0,0.0,0.0
17.027,53,38853.0,551.0,89.0,600.0,600.0,0.0,1.0,0.0,0.0,0.46,0.022,0.5,0.5,0.468,0.036,0.508,0.514,0.0,0.0,-1.43,-5.29,-0.03,0.0,0.0,0.0,0.0,0.0,0.0,0.0,0.0,1.0,0.0,0.0,0.0,0.0,-0.3,0.0,0.0,0.0,0.0,0.0,0.0,0.0,0.0,95.0,83.0,93.0,39.0,17.0,10.0,27.0,13.0,15.0,0.0,1.0
17.093,53,38906.0,551.0,89.0,600.0,600.0,0.0,1.0,0.0,0.0,0.46,0.022,0.5,0.5,0.468,0.036,0.508,0.514,0.0,0.0,-1.43,-5.3,-0.03,0.0,0.0,0.0,0.0,0.0,0.0,0.0,0.0,1.0,0.0,0.0,0.0,0.0,-0.3,0.0,0.0,0.0,0.0,0.0,0.0,0.0,0.0,95.0,83.0,93.0,39.0,17.0,10.0,27.0,13.0,15.0,0.0,0.0
17.166,52,38958.0,551.0,89.0,480.0,600.0,0.0,1.0,0.0,0.0,0.46,0.022,0.5,0.5,0.468,0.036,0.508,0.514,0.0,0.0,-1.43,-5.3,-0.03,0.0,0.0,0.0,0.0,0.0,0.0,0.0,0.0,1.0,0.0,0.0,0.0,0.0,-0.2,0.0,0.0,0.0,0.0,0.0,0.0,0.0,0.0,95.0,83.0,93.0,39.0,17.0,10.0,27.0,13.0,15.0,0.0,0.0
17.199,52,39010.0,551.0,89.0,480.0,600.0,0.0,1.0,0.0,0.0,0.459,0.022,0.441,0.5,0.467,0.035,0.458,0.513,0.0,0.0,-1.43,-5.3,-0.03,0.0,0.0,0.0,0.0,0.0,0.0,0.0,0.0,1.0,0.0,0.0,0.0,0.0,-0.2,0.0,0.0,0.0,0.0,0.0,0.0,0.0,0.0,95.0,83.0,93.0,39.0,17.0,10.0,27.0,13.0,15.0,0.0,0.0
17.264,53,39063.0,548.0,89.0,480.0,600.0,0.0,1.0,0.0,0.0,0.459,0.022,0.441,0.5,0.467,0.035,0.458,0.513,0.0,0.0,-1.43,-5.3,-0.03,0.0,0.0,0.0,0.0,0.0,0.0,0.0,0.0,1.0,0.0,0.0,0.0,0.0,-0.2,0.0,0.0,0.0,0.0,0.0,0.0,0.0,0.0,95.0,83.0,93.0,39.0,17.0,10.0,27.0,13.0,15.0,0.0,1.0
17.297,53,39116.0,548.0,88.0,480.0,600.0,0.0,1.0,0.0,0.0,0.459,0.022,0.441,0.5,0.467,0.035,0.458,0.513,0.0,0.0,-1.43,-5.3,-0.03,0.0,0.0,0.0,0.0,0.0,0.0,0.0,0.0,1.0,0.0,0.0,0.0,0.0,-0.1,0.0,0.0,0.0,0.0,0.0,0.0,0.0,0.0,95.0,83.0,93.0,39.0,17.0,10.0,27.0,13.0,15.0,0.0,0.0
17.372,52,39168.0,548.0,88.0,480.0,600.0,0.0,1.0,0.0,0.0,0.459,0.022,0.441,0.5,0.467,0.035,0.458,0.513,0.0,0.0,-1.43,-5.3,-0.03,0.0,0.0,0.0,0.0,0.0,0.0,0.0,0.0,1.0,0.0,0.0,0.0,0.0,-0.1,0.0,0.0,0.0,0.0,0.0,0.0,0.0,0.0,95.0,83.0,93.0,39.0,17.0,10.0,27.0,13.0,15.0,0.0,0.0
17.404,53,39221.0,548.0,88.0,480.0,600.0,0.0,1.0,0.0,0.0,0.457,0.021,0.414,0.5,0.465,0.034,0.426,0.513,0.0,0.0,-1.44,-5.3,-0.03,0.0,0.0,0.0,0.0,0.0,0.0,0.0,0.0,1.0,0.0,0.0,0.0,0.0,-0.1,0.0,0.0,0.0,0.0,0.0,0.0,0.0,0.0,95.0,83.0,93.0,39.0,17.0,10.0,27.0,13.0,15.0,0.0,0.0
17.47,53,39274.0,550.0,88.0,480.0,600.0,0.0,1.0,0.0,0.0,0.457,0.021,0.414,0.5,0.465,0.034,0.426,0.513,0.0,0.0,-1.44,-5.3,-0.03,0.0,0.0,0.0,0.0,0.0,0.0,0.0,0.0,1.0,0.0,0.0,0.0,0.0,-0.1,0.0,0.0,0.0,0.0,0.0,0.0,0.0,0.0,95.0,83.0,93.0,39.0,17.0,10.0,27.0,13.0,15.0,0.0,1.0
17.503,52,39326.0,550.0,90.0,480.0,600.0,0.0,1.0,0.0,0.0,0.457,0.021,0.414,0.5,0.465,0.034,0.426,0.513,0.0,0.0,-1.44,-5.3,-0.03,0.0,0.0,0.0,0.0,0.0,0.0,0.0,0.0,1.0,0.0,0.0,0.0,0.0,-0.1,0.0,0.0,0.0,0.0,0.0,0.0,0.0,0.0,95.0,83.0,93.0,39.0,17.0,10.0,27.0,13.0,15.0,0.0,0.0
17.569,54,39380.0,550.0,90.0,480.0,600.0,0.0,1.0,0.0,0.0,0.457,0.021,0.414,0.5,0.465,0.034,0.426,0.513,0.0,0.0,-1.45,-5.3,-0.03,0.0,0.0,0.0,0.0,0.0,0.0,0.0,0.0,1.0,0.0,0.0,0.0,0.0,-0.0,0.0,0.0,0.0,0.0,0.0,0.0,0.0,0.0,95.0,83.0,93.0,39.0,17.0,10.0,27.0,13.0,15.0,0.0,0.0
17.632,52,39432.0,550.0,90.0,480.0,600.0,0.0,1.0,0.0,0.0,0.457,0.022,0.401,0.5,0.465,0.034,0.411,0.513,0.0,0.0,-1.45,-5.3,-0.03,0.0,0.0,0.0,0.0,0.0,0.0,0.0,0.0,1.0,0.0,0.0,0.0,0.0,-0.1,0.0,0.0,0.0,0.0,0.0,0.0,0.0,0.0,95.0,83.0,93.0,39.0,17.0,10.0,27.0,13.0,15.0,0.0,1.0
17.664,53,39485.0,549.0,90.0,480.0,600.0,0.0,1.0,0.0,0.0,0.457,0.022,0.401,0.5,0.465,0.034,0.411,0.513,0.0,0.0,-1.45,-5.3,-0.03,0.0,0.0,0.0,0.0,0.0,0.0,0.0,0.0,1.0,0.0,0.0,0.0,0.0,-0.1,0.0,0.0,0.0,0.0,0.0,0.0,0.0,0.0,95.0,83.0,93.0,39.0,17.0,10.0,27.0,13.0,15.0,0.0,0.0
17.735,53,39538.0,549.0,89.0,480.0,600.0,0.0,1.0,0.0,0.0,0.457,0.022,0.401,0.5,0.465,0.034,0.411,0.513,0.0,0.0,-1.45,-5.3,-0.03,0.0,0.0,0.0,0.0,0.0,0.0,0.0,0.0,1.0,0.0,0.0,0.0,0.0,-0.1,0.0,0.0,0.0,0.0,0.0,0.0,0.0,0.0,95.0,83.0,93.0,39.0,17.0,10.0,27.0,13.0,15.0,0.0,0.0
17.768,52,39590.0,549.0,89.0,480.0,600.0,0.0,1.0,0.0,0.0,0.457,0.022,0.401,0.5,0.465,0.034,0.411,0.513,0.0,0.0,-1.45,-5.3,-0.03,0.0,0.0,0.0,0.0,0.0,0.0,0.0,0.0,1.0,0.0,0.0,0.0,0.0,-0.0,0.0,0.0,0.0,0.0,0.0,0.0,0.0,0.0,95.0,83.0,93.0,39.0,17.0,10.0,27.0,13.0,15.0,0.0,0.0
17.834,52,39642.0,549.0,89.0,480.0,600.0,0.0,1.0,0.0,0.0,0.456,0.022,0.395,0.5,0.464,0.034,0.404,0.512,0.0,0.0,-1.45,-5.3,-0.03,0.0,0.0,0.0,0.0,0.0,0.0,0.0,0.0,1.0,0.0,0.0,0.0,0.0,-0.0,0.0,0.0,0.0,0.0,0.0,0.0,0.0,0.0,95.0,83.0,93.0,39.0,17.0,10.0,27.0,13.0,15.0,0.0,0.0
17.897,53,39695.0,547.0,89.0,480.0,600.0,0.0,1.0,0.0,0.0,0.456,0.022,0.395,0.5,0.464,0.034,0.404,0.512,0.0,0.0,-1.45,-5.3,-0.03,0.0,0.0,0.0,0.0,0.0,0.0,0.0,0.0,1.0,0.0,0.0,0.0,0.0,-0.1,0.0,0.0,0.0,0.0,0.0,0.0,0.0,0.0,95.0,83.0,93.0,39.0,17.0,10.0,27.0,13.0,15.0,0.0,0.0
17.937,52,39747.0,547.0,90.0,480.0,600.0,0.0,1.0,0.0,0.0,0.456,0.022,0.395,0.5,0.464,0.034,0.404,0.512,0.0,0.0,-1.45,-5.3,-0.03,0.0,0.0,0.0,0.0,0.0,0.0,0.0,0.0,1.0,0.0,0.0,0.0,0.0,-0.0,0.0,0.0,0.0,0.0,0.0,0.0,0.0,0.0,95.0,83.0,93.0,39.0,17.0,10.0,27.0,13.0,15.0,0.0,0.0
17.971,35,39782.0,547.0,90.0,480.0,600.0,0.0,1.0,0.0,0.0,0.456,0.022,0.395,0.5,0.464,0.034,0.404,0.512,0.0,0.0,-1.45,-5.3,-0.03,0.0,0.0,0.0,0.0,0.0,0.0,0.0,0.0,1.0,0.0,0.0,0.0,0.0,-0.0,0.0,0.0,0.0,0.0,0.0,0.0,0.0,0.0,95.0,83.0,93.0,39.0,17.0,10.0,27.0,13.0,15.0,0.0,0.0
18.069,97,39879.0,548.0,90.0,480.0,600.0,0.0,1.0,0.0,0.0,0.455,0.022,0.393,0.5,0.463,0.034,0.401,0.512,0.0,0.0,-1.45,-5.3,-0.03,0.0,0.0,0.0,0.0,0.0,0.0,0.0,0.0,1.0,0.0,0.0,0.0,0.0,-0.0,0.0,0.0,0.0,0.0,0.0,0.0,0.0,0.0,95.0,83.0,93.0,39.0,17.0,10.0,27.0,13.0,15.0,0.0,0.0
18.135,52,39931.0,548.0,90.0,480.0,600.0,0.0,1.0,0.0,0.0,0.455,0.022,0.393,0.5,0.463,0.034,0.401,0.512,0.0,0.0,-1.45,-5.3,-0.03,0.0,0.0,0.0,0.0,0.0,0.0,0.0,0.0,1.0,0.0,0.0,0.0,0.0,-0.0,0.0,0.0,0.0,0.0,0.0,0.0,0.0,0.0,95.0,83.0,93.0,39.0,17.0,10.0,27.0,13.0,15.0,0.0,0.0
18.168,53,39984.0,548.0,90.0,488.0,600.0,0.0,1.0,0.0,0.0,0.455,0.022,0.393,0.5,0.463,0.034,0.401,0.512,0.0,0.0,-1.45,-5.3,-0.03,0.0,0.0,0.0,0.0,0.0,0.0,0.0,0.0,1.0,0.0,0.0,0.0,0.0,-0.0,0.0,0.0,0.0,0.0,0.0,0.0,0.0,0.0,95.0,83.0,93.0,39.0,17.0,10.0,27.0,13.0,15.0,0.0,1.0
18.234,53,40037.0,548.0,90.0,488.0,600.0,0.0,1.0,0.0,0.0,0.455,0.022,0.395,0.5,0.462,0.034,0.403,0.512,0.0,0.0,-1.45,-5.3,-0.03,0.0,0.0,0.0,0.0,0.0,0.0,0.0,0.0,1.0,0.0,0.0,0.0,0.0,-0.0,0.0,0.0,0.0,0.0,0.0,0.0,0.0,0.0,95.0,83.0,93.0,39.0,17.0,10.0,27.0,13.0,15.0,0.0,0.0
18.265,53,40090.0,551.0,90.0,488.0,600.0,0.0,1.0,0.0,0.0,0.455,0.022,0.395,0.5,0.462,0.034,0.403,0.512,0.0,0.0,-1.45,-5.3,-0.03,0.0,0.0,0.0,0.0,0.0,0.0,0.0,0.0,1.0,0.0,0.0,0.0,0.0,0.0,0.0,0.0,0.0,0.0,0.0,0.0,0.0,0.0,95.0,83.0,93.0,39.0,17.0,10.0,27.0,13.0,15.0,0.0,0.0
18.329,53,40143.0,551.0,90.0,488.0,600.0,0.0,1.0,0.0,0.0,0.455,0.022,0.395,0.5,0.462,0.034,0.403,0.512,0.0,0.0,-1.44,-5.3,-0.03,0.0,0.0,0.0,0.0,0.0,0.0,0.0,0.0,1.0,0.0,0.0,0.0,0.0,0.0,0.0,0.0,0.0,0.0,0.0,0.0,0.0,0.0,95.0,83.0,93.0,39.0,17.0,10.0,27.0,13.0,15.0,0.0,0.0
18.362,34,40177.0,551.0,90.0,488.0,600.0,0.0,1.0,0.0,0.0,0.455,0.022,0.395,0.5,0.462,0.034,0.403,0.512,0.0,0.0,-1.44,-5.3,-0.03,0.0,0.0,0.0,0.0,0.0,0.0,0.0,0.0,1.0,0.0,0.0,0.0,0.0,0.0,0.0,0.0,0.0,0.0,0.0,0.0,0.0,0.0,95.0,83.0,93.0,39.0,17.0,10.0,27.0,13.0,15.0,0.0,0.0
18.46,97,40274.0,550.0,90.0,488.0,600.0,0.0,1.0,0.0,0.0,0.456,0.022,0.397,0.5,0.464,0.034,0.404,0.513,0.0,0.0,-1.44,-5.3,-0.03,0.0,0.0,0.0,0.0,0.0,0.0,0.0,0.0,1.0,0.0,0.0,0.0,0.0,0.0,0.0,0.0,0.0,0.0,0.0,0.0,0.0,0.0,95.0,83.0,93.0,39.0,17.0,10.0,27.0,13.0,15.0,0.0,0.0
18.526,53,40327.0,550.0,90.0,488.0,600.0,0.0,1.0,0.0,0.0,0.456,0.022,0.397,0.5,0.464,0.034,0.404,0.513,0.0,0.0,-1.44,-5.29,-0.03,0.0,0.0,0.0,0.0,0.0,0.0,0.0,0.0,1.0,0.0,0.0,0.0,0.0,0.0,0.0,0.0,0.0,0.0,0.0,0.0,0.0,0.0,95.0,83.0,93.0,39.0,17.0,10.0,27.0,13.0,15.0,0.0,0.0
18.559,52,40379.0,550.0,90.0,488.0,600.0,0.0,1.0,0.0,0.0,0.456,0.022,0.397,0.5,0.464,0.034,0.404,0.513,0.0,0.0,-1.44,-5.29,-0.03,0.0,0.0,0.0,0.0,0.0,0.0,0.0,0.0,1.0,0.0,0.0,0.0,0.0,-0.0,0.0,0.0,0.0,0.0,0.0,0.0,0.0,0.0,95.0,83.0,93.0,39.0,17.0,10.0,27.0,13.0,15.0,0.0,0.0
18.625,53,40432.0,550.0,90.0,488.0,600.0,0.0,1.0,0.0,0.0,0.456,0.022,0.397,0.5,0.464,0.034,0.405,0.513,0.0,0.0,-1.44,-5.29,-0.03,0.0,0.0,0.0,0.0,0.0,0.0,0.0,0.0,1.0,0.0,0.0,0.0,0.0,0.0,0.0,0.0,0.0,0.0,0.0,0.0,0.0,0.0,95.0,83.0,93.0,39.0,17.0,10.0,27.0,13.0,15.0,0.0,1.0
18.691,53,40485.0,552.0,90.0,488.0,600.0,0.0,1.0,0.0,0.0,0.456,0.022,0.397,0.5,0.464,0.034,0.405,0.513,0.0,0.0,-1.44,-5.29,-0.03,0.0,0.0,0.0,0.0,0.0,0.0,0.0,0.0,1.0,0.0,0.0,0.0,0.0,-0.0,0.0,0.0,0.0,0.0,0.0,0.0,0.0,0.0,95.0,83.0,93.0,39.0,17.0,10.0,27.0,13.0,15.0,0.0,1.0
18.732,52,40537.0,552.0,90.0,488.0,600.0,0.0,1.0,0.0,0.0,0.456,0.022,0.397,0.5,0.464,0.034,0.405,0.513,0.0,0.0,-1.43,-5.29,-0.04,0.0,0.0,0.0,0.0,0.0,0.0,0.0,0.0,1.0,0.0,0.0,0.0,0.0,0.0,0.0,0.0,0.0,0.0,0.0,0.0,0.0,0.0,95.0,83.0,93.0,39.0,17.0,10.0,27.0,13.0,15.0,0.0,0.0
18.8,52,40589.0,552.0,90.0,488.0,600.0,0.0,1.0,0.0,0.0,0.456,0.022,0.397,0.5,0.464,0.034,0.405,0.513,0.0,0.0,-1.43,-5.29,-0.04,0.0,0.0,0.0,0.0,0.0,0.0,0.0,0.0,1.0,0.0,0.0,0.0,0.0,0.0,0.0,0.0,0.0,0.0,0.0,0.0,0.0,0.0,95.0,83.0,93.0,39.0,17.0,10.0,27.0,13.0,15.0,0.0,0.0
18.83,53,40642.0,552.0,90.0,488.0,600.0,0.0,1.0,0.0,0.0,0.457,0.022,0.398,0.5,0.465,0.034,0.405,0.513,0.0,0.0,-1.44,-5.3,-0.03,0.0,0.0,0.0,0.0,0.0,0.0,0.0,0.0,1.0,0.0,0.0,0.0,0.0,-0.0,0.0,0.0,0.0,0.0,0.0,0.0,0.0,0.0,95.0,83.0,93.0,39.0,17.0,10.0,27.0,13.0,15.0,0.0,0.0
18.894,53,40695.0,553.0,90.0,488.0,600.0,0.0,1.0,0.0,0.0,0.457,0.022,0.398,0.5,0.465,0.034,0.405,0.513,0.0,0.0,-1.44,-5.3,-0.03,0.0,0.0,0.0,0.0,0.0,0.0,0.0,0.0,1.0,0.0,0.0,0.0,0.0,-0.0,0.0,0.0,0.0,0.0,0.0,0.0,0.0,0.0,95.0,83.0,93.0,39.0,17.0,10.0,27.0,13.0,15.0,0.0,1.0
18.932,53,40748.0,553.0,90.0,488.0,600.0,0.0,1.0,0.0,0.0,0.457,0.022,0.398,0.5,0.465,0.034,0.405,0.513,0.0,0.0,-1.44,-5.3,-0.03,0.0,0.0,0.0,0.0,0.0,0.0,0.0,0.0,1.0,0.0,0.0,0.0,0.0,-0.0,0.0,0.0,0.0,0.0,0.0,0.0,0.0,0.0,95.0,83.0,93.0,39.0,17.0,10.0,27.0,13.0,15.0,0.0,0.0
18.965,34,40782.0,553.0,90.0,488.0,600.0,0.0,1.0,0.0,0.0,0.457,0.022,0.398,0.5,0.465,0.034,0.405,0.513,0.0,0.0,-1.45,-5.3,-0.03,0.0,0.0,0.0,0.0,0.0,0.0,0.0,0.0,1.0,0.0,0.0,0.0,0.0,-0.1,0.0,0.0,0.0,0.0,0.0,0.0,0.0,0.0,95.0,83.0,93.0,39.0,17.0,10.0,27.0,13.0,15.0,0.0,0.0
19.062,100,40882.0,552.0,90.0,488.0,600.0,0.0,1.0,0.0,0.0,0.459,0.022,0.398,0.5,0.466,0.034,0.405,0.513,0.0,0.0,-1.44,-5.3,-0.03,0.0,0.0,0.0,0.0,0.0,0.0,0.0,0.0,1.0,0.0,0.0,0.0,0.0,-0.4,0.0,0.0,0.0,0.0,0.0,0.0,0.0,0.0,95.0,83.0,93.0,39.0,17.0,10.0,27.0,13.0,15.0,0.0,0.0
19.136,53,40935.0,552.0,90.0,488.0,600.0,0.0,1.0,0.0,0.0,0.459,0.022,0.398,0.5,0.466,0.034,0.405,0.513,0.0,0.0,-1.44,-5.3,-0.03,0.0,0.0,0.0,0.0,0.0,0.0,0.0,0.0,1.0,0.0,0.0,0.0,0.0,-0.4,0.0,0.0,0.0,0.0,0.0,0.0,0.0,0.0,95.0,83.0,93.0,39.0,17.0,10.0,27.0,13.0,15.0,0.0,0.0
19.169,52,40987.0,552.0,90.0,600.0,600.0,0.0,1.0,0.0,0.0,0.459,0.022,0.398,0.5,0.466,0.034,0.405,0.513,0.0,0.0,-1.44,-5.3,-0.03,0.0,0.0,0.0,0.0,0.0,0.0,0.0,0.0,1.0,0.0,0.0,0.0,0.0,-0.3,0.0,0.0,0.0,0.0,0.0,0.0,0.0,0.0,95.0,83.0,93.0,39.0,17.0,10.0,27.0,13.0,15.0,0.0,1.0
19.235,52,41039.0,552.0,90.0,600.0,600.0,0.0,1.0,0.0,0.0,0.459,0.022,0.453,0.5,0.466,0.035,0.452,0.513,0.0,0.0,-1.44,-5.3,-0.03,0.0,0.0,0.0,0.0,0.0,0.0,0.0,0.0,1.0,0.0,0.0,0.0,0.0,-0.3,0.0,0.0,0.0,0.0,0.0,0.0,0.0,0.0,95.0,83.0,93.0,39.0,17.0,10.0,27.0,13.0,15.0,0.0,0.0
19.268,52,41091.0,549.0,90.0,600.0,600.0,0.0,1.0,0.0,0.0,0.459,0.022,0.453,0.5,0.466,0.035,0.452,0.513,0.0,0.0,-1.44,-5.3,-0.03,0.0,0.0,0.0,0.0,0.0,0.0,0.0,0.0,1.0,0.0,0.0,0.0,0.0,-0.3,0.0,0.0,0.0,0.0,0.0,0.0,0.0,0.0,95.0,83.0,93.0,39.0,17.0,10.0,27.0,13.0,15.0,0.0,0.0
19.334,53,41144.0,549.0,90.0,600.0,600.0,0.0,1.0,0.0,0.0,0.459,0.022,0.453,0.5,0.466,0.035,0.452,0.513,0.0,0.0,-1.44,-5.3,-0.03,0.0,0.0,0.0,0.0,0.0,0.0,0.0,0.0,1.0,0.0,0.0,0.0,0.0,-0.2,0.0,0.0,0.0,0.0,0.0,0.0,0.0,0.0,95.0,83.0,93.0,39.0,17.0,10.0,27.0,13.0,15.0,0.0,0.0
19.367,34,41178.0,549.0,90.0,600.0,600.0,0.0,1.0,0.0,0.0,0.459,0.022,0.453,0.5,0.466,0.035,0.452,0.513,0.0,0.0,-1.44,-5.3,-0.03,0.0,0.0,0.0,0.0,0.0,0.0,0.0,0.0,1.0,0.0,0.0,0.0,0.0,-0.2,0.0,0.0,0.0,0.0,0.0,0.0,0.0,0.0,95.0,83.0,93.0,39.0,17.0,10.0,27.0,13.0,15.0,0.0,0.0
19.465,100,41278.0,550.0,90.0,600.0,600.0,0.0,1.0,0.0,0.0,0.457,0.022,0.478,0.5,0.465,0.035,0.481,0.514,0.0,0.0,-1.43,-5.3,-0.03,0.0,0.0,0.0,0.0,0.0,0.0,0.0,0.0,1.0,0.0,0.0,0.0,0.0,-0.1,0.0,0.0,0.0,0.0,0.0,0.0,0.0,0.0,95.0,83.0,93.0,39.0,17.0,10.0,27.0,13.0,15.0,0.0,0.0
19.535,53,41331.0,550.0,89.0,600.0,600.0,0.0,1.0,0.0,0.0,0.457,0.022,0.478,0.5,0.465,0.035,0.481,0.514,0.0,0.0,-1.43,-5.3,-0.03,0.0,0.0,0.0,0.0,0.0,0.0,0.0,0.0,1.0,0.0,0.0,0.0,0.0,-0.1,0.0,0.0,0.0,0.0,0.0,0.0,0.0,0.0,95.0,83.0,93.0,39.0,17.0,10.0,27.0,13.0,15.0,0.0,0.0
19.567,53,41384.0,550.0,89.0,485.0,600.0,0.0,1.0,0.0,0.0,0.457,0.022,0.478,0.5,0.465,0.035,0.481,0.514,0.0,0.0,-1.43,-5.3,-0.03,0.0,0.0,0.0,0.0,0.0,0.0,0.0,0.0,1.0,0.0,0.0,0.0,0.0,-0.1,0.0,0.0,0.0,0.0,0.0,0.0,0.0,0.0,95.0,83.0,93.0,39.0,17.0,10.0,27.0,13.0,15.0,0.0,0.0
19.63,53,41437.0,550.0,89.0,485.0,600.0,0.0,1.0,0.0,0.0,0.457,0.022,0.433,0.5,0.464,0.035,0.448,0.513,0.0,0.0,-1.43,-5.3,-0.03,0.0,0.0,0.0,0.0,0.0,0.0,0.0,0.0,1.0,0.0,0.0,0.0,0.0,-0.1,0.0,0.0,0.0,0.0,0.0,0.0,0.0,0.0,95.0,83.0,93.0,39.0,17.0,10.0,27.0,13.0,15.0,0.0,0.0
19.695,52,41489.0,549.0,89.0,485.0,600.0,0.0,1.0,0.0,0.0,0.457,0.022,0.433,0.5,0.464,0.035,0.448,0.513,0.0,0.0,-1.43,-5.3,-0.03,0.0,0.0,0.0,0.0,0.0,0.0,0.0,0.0,1.0,0.0,0.0,0.0,0.0,-0.1,0.0,0.0,0.0,0.0,0.0,0.0,0.0,0.0,95.0,83.0,93.0,39.0,17.0,10.0,27.0,13.0,15.0,0.0,0.0
19.736,52,41541.0,549.0,89.0,485.0,600.0,0.0,1.0,0.0,0.0,0.457,0.022,0.433,0.5,0.464,0.035,0.448,0.513,0.0,0.0,-1.43,-5.3,-0.03,0.0,0.0,0.0,0.0,0.0,0.0,0.0,0.0,1.0,0.0,0.0,0.0,0.0,-0.1,0.0,0.0,0.0,0.0,0.0,0.0,0.0,0.0,95.0,83.0,93.0,39.0,17.0,10.0,27.0,13.0,15.0,0.0,0.0
19.77,53,41594.0,549.0,89.0,485.0,600.0,0.0,1.0,0.0,0.0,0.457,0.022,0.433,0.5,0.464,0.035,0.448,0.513,0.0,0.0,-1.43,-5.3,-0.03,0.0,0.0,0.0,0.0,0.0,0.0,0.0,0.0,1.0,0.0,0.0,0.0,0.0,-0.1,0.0,0.0,0.0,0.0,0.0,0.0,0.0,0.0,95.0,83.0,93.0,39.0,17.0,10.0,27.0,13.0,15.0,0.0,1.0
19.835,53,41647.0,549.0,89.0,485.0,600.0,0.0,1.0,0.0,0.0,0.456,0.022,0.413,0.5,0.464,0.034,0.424,0.513,0.0,0.0,-1.43,-5.31,-0.03,0.0,0.0,0.0,0.0,0.0,0.0,0.0,0.0,1.0,0.0,0.0,0.0,0.0,-0.0,0.0,0.0,0.0,0.0,0.0,0.0,0.0,0.0,95.0,83.0,93.0,39.0,17.0,10.0,27.0,13.0,15.0,0.0,0.0
19.901,53,41700.0,551.0,89.0,485.0,600.0,0.0,1.0,0.0,0.0,0.456,0.022,0.413,0.5,0.464,0.034,0.424,0.513,0.0,0.0,-1.43,-5.31,-0.03,0.0,0.0,0.0,0.0,0.0,0.0,0.0,0.0,1.0,0.0,0.0,0.0,0.0,-0.1,0.0,0.0,0.0,0.0,0.0,0.0,0.0,0.0,95.0,83.0,93.0,39.0,17.0,10.0,27.0,13.0,15.0,0.0,0.0
19.936,51,41751.0,551.0,89.0,485.0,600.0,0.0,1.0,0.0,0.0,0.456,0.022,0.413,0.5,0.464,0.034,0.424,0.513,0.0,0.0,-1.43,-5.31,-0.03,0.0,0.0,0.0,0.0,0.0,0.0,0.0,0.0,1.0,0.0,0.0,0.0,0.0,-0.1,0.0,0.0,0.0,0.0,0.0,0.0,0.0,0.0,95.0,83.0,93.0,39.0,17.0,10.0,27.0,13.0,15.0,0.0,0.0
20.002,53,41804.0,551.0,89.0,485.0,600.0,0.0,1.0,0.0,0.0,0.456,0.022,0.413,0.5,0.464,0.034,0.424,0.513,0.0,0.0,-1.43,-5.31,-0.03,0.0,0.0,0.0,0.0,0.0,0.0,0.0,0.0,1.0,0.0,0.0,0.0,0.0,-0.0,0.0,0.0,0.0,0.0,0.0,0.0,0.0,0.0,95.0,83.0,93.0,39.0,17.0,10.0,27.0,13.0,15.0,0.0,0.0
20.034,53,41857.0,551.0,89.0,485.0,600.0,0.0,1.0,0.0,0.0,0.457,0.021,0.403,0.5,0.465,0.034,0.413,0.513,0.0,0.0,-1.43,-5.31,-0.03,0.0,0.0,0.0,0.0,0.0,0.0,0.0,0.0,1.0,0.0,0.0,0.0,0.0,-0.0,0.0,0.0,0.0,0.0,0.0,0.0,0.0,0.0,95.0,83.0,93.0,39.0,17.0,10.0,27.0,13.0,15.0,0.0,0.0
20.099,53,41910.0,553.0,89.0,485.0,600.0,0.0,1.0,0.0,0.0,0.457,0.021,0.403,0.5,0.465,0.034,0.413,0.513,0.0,0.0,-1.43,-5.31,-0.03,0.0,0.0,0.0,0.0,0.0,0.0,0.0,0.0,1.0,0.0,0.0,0.0,0.0,-0.0,0.0,0.0,0.0,0.0,0.0,0.0,0.0,0.0,95.0,83.0,93.0,39.0,17.0,10.0,27.0,13.0,15.0,0.0,0.0
20.164,52,41962.0,553.0,89.0,485.0,600.0,0.0,1.0,0.0,0.0,0.457,0.021,0.403,0.5,0.465,0.034,0.413,0.513,0.0,0.0,-1.43,-5.31,-0.03,0.0,0.0,0.0,0.0,0.0,0.0,0.0,0.0,1.0,0.0,0.0,0.0,0.0,-0.0,0.0,0.0,0.0,0.0,0.0,0.0,0.0,0.0,95.0,83.0,93.0,39.0,17.0,10.0,27.0,13.0,15.0,0.0,0.0
20.197,35,41997.0,553.0,89.0,485.0,600.0,0.0,1.0,0.0,0.0,0.457,0.021,0.403,0.5,0.465,0.034,0.413,0.513,0.0,0.0,-1.43,-5.31,-0.04,0.0,0.0,0.0,0.0,0.0,0.0,0.0,0.0,1.0,0.0,0.0,0.0,0.0,-0.0,0.0,0.0,0.0,0.0,0.0,0.0,0.0,0.0,95.0,83.0,93.0,39.0,17.0,10.0,27.0,13.0,15.0,0.0,0.0
20.296,100,42097.0,552.0,89.0,485.0,600.0,0.0,1.0,0.0,0.0,0.458,0.021,0.399,0.5,0.466,0.034,0.407,0.513,0.0,0.0,-1.43,-5.31,-0.04,0.0,0.0,0.0,0.0,0.0,0.0,0.0,0.0,1.0,0.0,0.0,0.0,0.0,-0.0,0.0,0.0,0.0,0.0,0.0,0.0,0.0,0.0,95.0,83.0,93.0,39.0,17.0,10.0,27.0,13.0,15.0,0.0,0.0
20.329,51,42148.0,552.0,89.0,485.0,600.0,0.0,1.0,0.0,0.0,0.458,0.021,0.399,0.5,0.466,0.034,0.407,0.513,0.0,0.0,-1.43,-5.31,-0.04,0.0,0.0,0.0,0.0,0.0,0.0,0.0,0.0,1.0,0.0,0.0,0.0,0.0,-0.0,0.0,0.0,0.0,0.0,0.0,0.0,0.0,0.0,95.0,83.0,93.0,39.0,17.0,10.0,27.0,13.0,15.0,0.0,0.0
20.362,35,42183.0,552.0,89.0,485.0,600.0,0.0,1.0,0.0,0.0,0.458,0.021,0.399,0.5,0.466,0.034,0.407,0.513,0.0,0.0,-1.43,-5.31,-0.04,0.0,0.0,0.0,0.0,0.0,0.0,0.0,0.0,1.0,0.0,0.0,0.0,0.0,0.0,0.0,0.0,0.0,0.0,0.0,0.0,0.0,0.0,95.0,83.0,93.0,39.0,17.0,10.0,27.0,13.0,15.0,0.0,0.0
20.461,101,42284.0,551.0,89.0,485.0,600.0,0.0,1.0,0.0,0.0,0.458,0.022,0.397,0.5,0.466,0.034,0.405,0.513,0.0,0.0,-1.42,-5.31,-0.04,0.0,0.0,0.0,0.0,0.0,0.0,0.0,0.0,1.0,0.0,0.0,0.0,0.0,-0.4,0.0,0.0,0.0,0.0,0.0,0.0,0.0,0.0,95.0,83.0,93.0,39.0,17.0,10.0,27.0,13.0,15.0,0.0,0.0
20.533,52,42336.0,551.0,89.0,485.0,600.0,0.0,1.0,0.0,0.0,0.458,0.022,0.397,0.5,0.466,0.034,0.405,0.513,0.0,0.0,-1.42,-5.31,-0.04,0.0,0.0,0.0,0.0,0.0,0.0,0.0,0.0,1.0,0.0,0.0,0.0,0.0,-0.4,0.0,0.0,0.0,0.0,0.0,0.0,0.0,0.0,95.0,83.0,93.0,39.0,17.0,10.0,27.0,13.0,15.0,0.0,1.0
20.566,52,42388.0,551.0,89.0,600.0,600.0,0.0,1.0,0.0,0.0,0.458,0.022,0.397,0.5,0.466,0.034,0.405,0.513,0.0,0.0,-1.42,-5.31,-0.04,0.0,0.0,0.0,0.0,0.0,0.0,0.0,0.0,1.0,0.0,0.0,0.0,0.0,-0.3,0.0,0.0,0.0,0.0,0.0,0.0,0.0,0.0,95.0,83.0,93.0,39.0,17.0,10.0,27.0,13.0,15.0,0.0,0.0
20.631,52,42440.0,551.0,89.0,600.0,600.0,0.0,1.0,0.0,0.0,0.458,0.022,0.452,0.5,0.466,0.035,0.451,0.513,0.0,0.0,-1.42,-5.31,-0.04,0.0,0.0,0.0,0.0,0.0,0.0,0.0,0.0,1.0,0.0,0.0,0.0,0.0,-0.3,0.0,0.0,0.0,0.0,0.0,0.0,0.0,0.0,95.0,83.0,93.0,39.0,17.0,10.0,27.0,13.0,15.0,0.0,0.0
20.697,53,42493.0,550.0,89.0,600.0,600.0,0.0,1.0,0.0,0.0,0.458,0.022,0.452,0.5,0.466,0.035,0.451,0.513,0.0,0.0,-1.42,-5.31,-0.04,0.0,0.0,0.0,0.0,0.0,0.0,0.0,0.0,1.0,0.0,0.0,0.0,0.0,-0.2,0.0,0.0,0.0,0.0,0.0,0.0,0.0,0.0,95.0,83.0,93.0,39.0,17.0,10.0,27.0,13.0,15.0,0.0,0.0
20.73,53,42546.0,550.0,89.0,600.0,600.0,0.0,1.0,0.0,0.0,0.458,0.022,0.452,0.5,0.466,0.035,0.451,0.513,0.0,0.0,-1.42,-5.31,-0.04,0.0,0.0,0.0,0.0,0.0,0.0,0.0,0.0,1.0,0.0,0.0,0.0,0.0,-0.2,0.0,0.0,0.0,0.0,0.0,0.0,0.0,0.0,95.0,83.0,93.0,39.0,17.0,10.0,27.0,13.0,15.0,0.0,1.0
20.796,52,42598.0,550.0,89.0,600.0,600.0,0.0,1.0,0.0,0.0,0.458,0.022,0.452,0.5,0.466,0.035,0.451,0.513,0.0,0.0,-1.42,-5.3,-0.04,0.0,0.0,0.0,0.0,0.0,0.0,0.0,0.0,1.0,0.0,0.0,0.0,0.0,-0.2,0.0,0.0,0.0,0.0,0.0,0.0,0.0,0.0,95.0,83.0,93.0,39.0,17.0,10.0,27.0,13.0,15.0,0.0,0.0
20.829,52,42650.0,550.0,89.0,600.0,600.0,0.0,1.0,0.0,0.0,0.457,0.022,0.478,0.5,0.465,0.035,0.481,0.514,0.0,0.0,-1.42,-5.3,-0.04,0.0,0.0,0.0,0.0,0.0,0.0,0.0,0.0,1.0,0.0,0.0,0.0,0.0,-0.1,0.0,0.0,0.0,0.0,0.0,0.0,0.0,0.0,95.0,83.0,93.0,39.0,17.0,10.0,27.0,13.0,15.0,0.0,0.0
20.895,53,42703.0,547.0,89.0,600.0,600.0,0.0,1.0,0.0,0.0,0.457,0.022,0.478,0.5,0.465,0.035,0.481,0.514,0.0,0.0,-1.42,-5.3,-0.04,0.0,0.0,0.0,0.0,0.0,0.0,0.0,0.0,1.0,0.0,0.0,0.0,0.0,-0.2,0.0,0.0,0.0,0.0,0.0,0.0,0.0,0.0,95.0,83.0,93.0,39.0,17.0,10.0,27.0,13.0,15.0,0.0,0.0
20.938,52,42755.0,547.0,89.0,600.0,600.0,0.0,1.0,0.0,0.0,0.457,0.022,0.478,0.5,0.465,0.035,0.481,0.514,0.0,0.0,-1.42,-5.3,-0.04,0.0,0.0,0.0,0.0,0.0,0.0,0.0,0.0,1.0,0.0,0.0,0.0,0.0,-0.1,0.0,0.0,0.0,0.0,0.0,0.0,0.0,0.0,95.0,83.0,93.0,39.0,17.0,10.0,27.0,13.0,15.0,0.0,1.0
21.003,52,42807.0,547.0,89.0,480.0,600.0,0.0,1.0,0.0,0.0,0.457,0.022,0.478,0.5,0.465,0.035,0.481,0.514,0.0,0.0,-1.42,-5.3,-0.04,0.0,0.0,0.0,0.0,0.0,0.0,0.0,0.0,1.0,0.0,0.0,0.0,0.0,-0.1,0.0,0.0,0.0,0.0,0.0,0.0,0.0,0.0,95.0,83.0,93.0,39.0,17.0,10.0,27.0,13.0,15.0,0.0,0.0
21.035,52,42859.0,547.0,89.0,480.0,600.0,0.0,1.0,0.0,0.0,0.456,0.022,0.431,0.5,0.464,0.035,0.446,0.513,0.0,0.0,-1.42,-5.3,-0.04,0.0,0.0,0.0,0.0,0.0,0.0,0.0,0.0,1.0,0.0,0.0,0.0,0.0,-0.1,0.0,0.0,0.0,0.0,0.0,0.0,0.0,0.0,95.0,83.0,93.0,39.0,17.0,10.0,27.0,13.0,15.0,0.0,0.0
21.099,53,42912.0,549.0,89.0,480.0,600.0,0.0,1.0,0.0,0.0,0.456,0.022,0.431,0.5,0.464,0.035,0.446,0.513,0.0,0.0,-1.43,-5.3,-0.04,0.0,0.0,0.0,0.0,0.0,0.0,0.0,0.0,1.0,0.0,0.0,0.0,0.0,-0.1,0.0,0.0,0.0,0.0,0.0,0.0,0.0,0.0,95.0,83.0,93.0,39.0,17.0,10.0,27.0,13.0,15.0,0.0,0.0
21.142,53,42965.0,549.0,88.0,480.0,600.0,0.0,1.0,0.0,0.0,0.456,0.022,0.431,0.5,0.464,0.035,0.446,0.513,0.0,0.0,-1.43,-5.3,-0.04,0.0,0.0,0.0,0.0,0.0,0.0,0.0,0.0,1.0,0.0,0.0,0.0,0.0,-0.1,0.0,0.0,0.0,0.0,0.0,0.0,0.0,0.0,95.0,83.0,93.0,39.0,17.0,10.0,27.0,13.0,15.0,0.0,0.0
21.208,52,43017.0,549.0,88.0,480.0,600.0,0.0,1.0,0.0,0.0,0.456,0.022,0.431,0.5,0.464,0.035,0.446,0.513,0.0,0.0,-1.43,-5.3,-0.04,0.0,0.0,0.0,0.0,0.0,0.0,0.0,0.0,1.0,0.0,0.0,0.0,0.0,-0.1,0.0,0.0,0.0,0.0,0.0,0.0,0.0,0.0,95.0,83.0,93.0,39.0,17.0,10.0,27.0,13.0,15.0,0.0,1.0
21.274,52,43069.0,549.0,88.0,480.0,600.0,0.0,1.0,0.0,0.0,0.455,0.021,0.409,0.5,0.463,0.034,0.42,0.513,0.0,0.0,-1.43,-5.3,-0.04,0.0,0.0,0.0,0.0,0.0,0.0,0.0,0.0,1.0,0.0,0.0,0.0,0.0,-0.0,0.0,0.0,0.0,0.0,0.0,0.0,0.0,0.0,95.0,83.0,93.0,39.0,17.0,10.0,27.0,13.0,15.0,0.0,0.0
21.307,52,43121.0,550.0,88.0,480.0,600.0,0.0,1.0,0.0,0.0,0.455,0.021,0.409,0.5,0.463,0.034,0.42,0.513,0.0,0.0,-1.43,-5.3,-0.04,0.0,0.0,0.0,0.0,0.0,0.0,0.0,0.0,1.0,0.0,0.0,0.0,0.0,-0.0,0.0,0.0,0.0,0.0,0.0,0.0,0.0,0.0,95.0,83.0,93.0,39.0,17.0,10.0,27.0,13.0,15.0,0.0,0.0
21.374,52,43173.0,550.0,88.0,480.0,600.0,0.0,1.0,0.0,0.0,0.455,0.021,0.409,0.5,0.463,0.034,0.42,0.513,0.0,0.0,-1.43,-5.3,-0.04,0.0,0.0,0.0,0.0,0.0,0.0,0.0,0.0,1.0,0.0,0.0,0.0,0.0,-0.0,0.0,0.0,0.0,0.0,0.0,0.0,0.0,0.0,95.0,83.0,93.0,39.0,17.0,10.0,27.0,13.0,15.0,0.0,0.0
21.406,52,43225.0,550.0,88.0,480.0,600.0,0.0,1.0,0.0,0.0,0.455,0.021,0.409,0.5,0.463,0.034,0.42,0.513,0.0,0.0,-1.43,-5.3,-0.04,0.0,0.0,0.0,0.0,0.0,0.0,0.0,0.0,1.0,0.0,0.0,0.0,0.0,-0.0,0.0,0.0,0.0,0.0,0.0,0.0,0.0,0.0,95.0,83.0,93.0,39.0,17.0,10.0,27.0,13.0,15.0,0.0,0.0
21.47,52,43277.0,550.0,88.0,480.0,600.0,0.0,1.0,0.0,0.0,0.456,0.021,0.399,0.5,0.464,0.034,0.408,0.513,0.0,0.0,-1.43,-5.3,-0.04,0.0,0.0,0.0,0.0,0.0,0.0,0.0,0.0,1.0,0.0,0.0,0.0,0.0,-0.1,0.0,0.0,0.0,0.0,0.0,0.0,0.0,0.0,95.0,83.0,93.0,39.0,17.0,10.0,27.0,13.0,15.0,0.0,0.0
21.548,53,43330.0,551.0,88.0,480.0,600.0,0.0,1.0,0.0,0.0,0.456,0.021,0.399,0.5,0.464,0.034,0.408,0.513,0.0,0.0,-1.43,-5.3,-0.04,0.0,0.0,0.0,0.0,0.0,0.0,0.0,0.0,1.0,0.0,0.0,0.0,0.0,-0.1,0.0,0.0,0.0,0.0,0.0,0.0,0.0,0.0,95.0,83.0,93.0,39.0,17.0,10.0,27.0,13.0,15.0,0.0,0.0
21.582,54,43384.0,551.0,89.0,480.0,600.0,0.0,1.0,0.0,0.0,0.456,0.021,0.399,0.5,0.464,0.034,0.408,0.513,0.0,0.0,-1.43,-5.3,-0.04,0.0,0.0,0.0,0.0,0.0,0.0,0.0,0.0,1.0,0.0,0.0,0.0,0.0,-0.0,0.0,0.0,0.0,0.0,0.0,0.0,0.0,0.0,95.0,83.0,93.0,39.0,17.0,10.0,27.0,13.0,15.0,0.0,1.0
21.615,52,43436.0,551.0,89.0,360.0,600.0,0.0,1.0,0.0,0.0,0.456,0.021,0.399,0.5,0.464,0.034,0.408,0.513,0.0,0.0,-1.43,-5.3,-0.04,0.0,0.0,0.0,0.0,0.0,0.0,0.0,0.0,1.0,0.0,0.0,0.0,0.0,-0.0,0.0,0.0,0.0,0.0,0.0,0.0,0.0,0.0,95.0,83.0,93.0,39.0,17.0,10.0,27.0,13.0,15.0,0.0,0.0
21.681,52,43488.0,551.0,89.0,360.0,600.0,0.0,1.0,0.0,0.0,0.457,0.021,0.327,0.5,0.464,0.033,0.346,0.512,0.0,0.0,-1.43,-5.3,-0.04,0.0,0.0,0.0,0.0,0.0,0.0,0.0,0.0,1.0,0.0,0.0,0.0,0.0,-0.0,0.0,0.0,0.0,0.0,0.0,0.0,0.0,0.0,95.0,83.0,93.0,39.0,17.0,10.0,27.0,13.0,15.0,0.0,0.0
21.747,53,43541.0,554.0,89.0,360.0,600.0,0.0,1.0,0.0,0.0,0.457,0.021,0.327,0.5,0.464,0.033,0.346,0.512,0.0,0.0,-1.43,-5.29,-0.04,0.0,0.0,0.0,0.0,0.0,0.0,0.0,0.0,1.0,0.0,0.0,0.0,0.0,-0.0,0.0,0.0,0.0,0.0,0.0,0.0,0.0,0.0,95.0,83.0,93.0,39.0,17.0,10.0,27.0,13.0,15.0,0.0,0.0
21.78,52,43593.0,554.0,89.0,360.0,600.0,0.0,1.0,0.0,0.0,0.457,0.021,0.327,0.5,0.464,0.033,0.346,0.512,0.0,0.0,-1.43,-5.29,-0.04,0.0,0.0,0.0,0.0,0.0,0.0,0.0,0.0,1.0,0.0,0.0,0.0,0.0,-0.0,0.0,0.0,0.0,0.0,0.0,0.0,0.0,0.0,95.0,83.0,93.0,39.0,17.0,10.0,27.0,13.0,15.0,0.0,0.0
21.845,52,43645.0,554.0,89.0,360.0,600.0,0.0,1.0,0.0,0.0,0.457,0.021,0.327,0.5,0.464,0.033,0.346,0.512,0.0,0.0,-1.42,-5.29,-0.05,0.0,0.0,0.0,0.0,0.0,0.0,0.0,0.0,1.0,0.0,0.0,0.0,0.0,-0.0,0.0,0.0,0.0,0.0,0.0,0.0,0.0,0.0,95.0,83.0,93.0,39.0,17.0,10.0,27.0,13.0,15.0,0.0,0.0
21.878,52,43697.0,554.0,89.0,360.0,600.0,0.0,1.0,0.0,0.0,0.459,0.021,0.293,0.5,0.466,0.033,0.307,0.511,0.0,0.0,-1.42,-5.29,-0.05,0.0,0.0,0.0,0.0,0.0,0.0,0.0,0.0,1.0,0.0,0.0,0.0,0.0,-0.0,0.0,0.0,0.0,0.0,0.0,0.0,0.0,0.0,95.0,83.0,93.0,39.0,17.0,10.0,27.0,13.0,15.0,0.0,0.0
21.944,53,43750.0,554.0,89.0,360.0,600.0,0.0,1.0,0.0,0.0,0.459,0.021,0.293,0.5,0.466,0.033,0.307,0.511,0.0,0.0,-1.42,-5.29,-0.05,0.0,0.0,0.0,0.0,0.0,0.0,0.0,0.0,1.0,0.0,0.0,0.0,0.0,-0.0,0.0,0.0,0.0,0.0,0.0,0.0,0.0,0.0,95.0,83.0,93.0,39.0,17.0,10.0,27.0,13.0,15.0,0.0,0.0
21.978,53,43803.0,554.0,89.0,360.0,600.0,0.0,1.0,0.0,0.0,0.459,0.021,0.293,0.5,0.466,0.033,0.307,0.511,0.0,0.0,-1.43,-5.28,-0.05,0.0,0.0,0.0,0.0,0.0,0.0,0.0,0.0,1.0,0.0,0.0,0.0,0.0,-0.0,0.0,0.0,0.0,0.0,0.0,0.0,0.0,0.0,95.0,83.0,93.0,39.0,17.0,10.0,27.0,13.0,15.0,0.0,0.0
22.041,52,43855.0,554.0,89.0,480.0,600.0,0.0,1.0,0.0,0.0,0.459,0.021,0.293,0.5,0.466,0.033,0.307,0.511,0.0,0.0,-1.43,-5.28,-0.05,0.0,0.0,0.0,0.0,0.0,0.0,0.0,0.0,1.0,0.0,0.0,0.0,0.0,0.0,0.0,0.0,0.0,0.0,0.0,0.0,0.0,0.0,95.0,83.0,93.0,39.0,17.0,10.0,27.0,13.0,15.0,0.0,0.0
22.105,52,43907.0,554.0,89.0,480.0,600.0,0.0,1.0,0.0,0.0,0.459,0.022,0.345,0.5,0.467,0.033,0.345,0.512,0.0,0.0,-1.43,-5.28,-0.05,0.0,0.0,0.0,0.0,0.0,0.0,0.0,0.0,1.0,0.0,0.0,0.0,0.0,-0.0,0.0,0.0,0.0,0.0,0.0,0.0,0.0,0.0,95.0,83.0,93.0,39.0,17.0,10.0,27.0,13.0,15.0,0.0,0.0
22.146,53,43960.0,552.0,89.0,480.0,600.0,0.0,1.0,0.0,0.0,0.459,0.022,0.345,0.5,0.467,0.033,0.345,0.512,0.0,0.0,-1.43,-5.28,-0.05,0.0,0.0,0.0,0.0,0.0,0.0,0.0,0.0,1.0,0.0,0.0,0.0,0.0,-0.0,0.0,0.0,0.0,0.0,0.0,0.0,0.0,0.0,95.0,83.0,93.0,39.0,17.0,10.0,27.0,13.0,15.0,0.0,0.0
22.212,52,44012.0,552.0,90.0,480.0,600.0,0.0,1.0,0.0,0.0,0.459,0.022,0.345,0.5,0.467,0.033,0.345,0.512,0.0,0.0,-1.44,-5.28,-0.05,0.0,0.0,0.0,0.0,0.0,0.0,0.0,0.0,1.0,0.0,0.0,0.0,0.0,-0.0,0.0,0.0,0.0,0.0,0.0,0.0,0.0,0.0,95.0,83.0,93.0,39.0,17.0,10.0,27.0,13.0,15.0,0.0,0.0
22.245,52,44064.0,552.0,90.0,480.0,600.0,0.0,1.0,0.0,0.0,0.459,0.022,0.345,0.5,0.467,0.033,0.345,0.512,0.0,0.0,-1.44,-5.29,-0.05,0.0,0.0,0.0,0.0,0.0,0.0,0.0,0.0,1.0,0.0,0.0,0.0,0.0,-0.0,0.0,0.0,0.0,0.0,0.0,0.0,0.0,0.0,95.0,83.0,93.0,39.0,17.0,10.0,27.0,13.0,15.0,0.0,0.0
22.312,52,44116.0,552.0,90.0,480.0,600.0,0.0,1.0,0.0,0.0,0.459,0.022,0.37,0.5,0.467,0.034,0.373,0.512,0.0,0.0,-1.44,-5.29,-0.05,0.0,0.0,0.0,0.0,0.0,0.0,0.0,0.0,1.0,0.0,0.0,0.0,0.0,-0.0,0.0,0.0,0.0,0.0,0.0,0.0,0.0,0.0,95.0,83.0,93.0,39.0,17.0,10.0,27.0,13.0,15.0,0.0,0.0
22.345,53,44169.0,551.0,90.0,480.0,600.0,0.0,1.0,0.0,0.0,0.459,0.022,0.37,0.5,0.467,0.034,0.373,0.512,0.0,0.0,-1.44,-5.29,-0.05,0.0,0.0,0.0,0.0,0.0,0.0,0.0,0.0,1.0,0.0,0.0,0.0,0.0,0.0,0.0,0.0,0.0,0.0,0.0,0.0,0.0,0.0,95.0,83.0,93.0,39.0,17.0,10.0,27.0,13.0,15.0,0.0,0.0
22.409,53,44222.0,551.0,90.0,480.0,600.0,0.0,1.0,0.0,0.0,0.459,0.022,0.37,0.5,0.467,0.034,0.373,0.512,0.0,0.0,-1.44,-5.29,-0.05,0.0,0.0,0.0,0.0,0.0,0.0,0.0,0.0,1.0,0.0,0.0,0.0,0.0,-0.0,0.0,0.0,0.0,0.0,0.0,0.0,0.0,0.0,95.0,83.0,93.0,39.0,17.0,10.0,27.0,13.0,15.0,0.0,0.0
22.471,52,44274.0,551.0,90.0,480.0,600.0,0.0,1.0,0.0,0.0,0.459,0.022,0.37,0.5,0.467,0.034,0.373,0.512,0.0,0.0,-1.45,-5.29,-0.05,0.0,0.0,0.0,0.0,0.0,0.0,0.0,0.0,1.0,0.0,0.0,0.0,0.0,-0.0,0.0,0.0,0.0,0.0,0.0,0.0,0.0,0.0,95.0,83.0,93.0,39.0,17.0,10.0,27.0,13.0,15.0,0.0,0.0
22.504,53,44327.0,551.0,90.0,480.0,600.0,0.0,1.0,0.0,0.0,0.458,0.022,0.381,0.5,0.466,0.034,0.386,0.512,0.0,0.0,-1.45,-5.29,-0.05,0.0,0.0,0.0,0.0,0.0,0.0,0.0,0.0,1.0,0.0,0.0,0.0,0.0,-0.0,0.0,0.0,0.0,0.0,0.0,0.0,0.0,0.0,95.0,83.0,93.0,39.0,17.0,10.0,27.0,13.0,15.0,0.0,0.0
22.57,53,44380.0,551.0,90.0,480.0,600.0,0.0,1.0,0.0,0.0,0.458,0.022,0.381,0.5,0.466,0.034,0.386,0.512,0.0,0.0,-1.45,-5.29,-0.05,0.0,0.0,0.0,0.0,0.0,0.0,0.0,0.0,1.0,0.0,0.0,0.0,0.0,-0.0,0.0,0.0,0.0,0.0,0.0,0.0,0.0,0.0,95.0,83.0,93.0,39.0,17.0,10.0,27.0,13.0,15.0,0.0,0.0
22.636,53,44433.0,551.0,89.0,480.0,600.0,0.0,1.0,0.0,0.0,0.458,0.022,0.381,0.5,0.466,0.034,0.386,0.512,0.0,0.0,-1.45,-5.29,-0.05,0.0,0.0,0.0,0.0,0.0,0.0,0.0,0.0,1.0,0.0,0.0,0.0,0.0,-0.0,0.0,0.0,0.0,0.0,0.0,0.0,0.0,0.0,95.0,83.0,93.0,39.0,17.0,10.0,27.0,13.0,15.0,0.0,0.0
22.668,54,44487.0,551.0,89.0,480.0,600.0,0.0,1.0,0.0,0.0,0.458,0.022,0.381,0.5,0.466,0.034,0.386,0.512,0.0,0.0,-1.45,-5.28,-0.05,0.0,0.0,0.0,0.0,0.0,0.0,0.0,0.0,1.0,0.0,0.0,0.0,0.0,0.0,0.0,0.0,0.0,0.0,0.0,0.0,0.0,0.0,95.0,83.0,93.0,39.0,17.0,10.0,27.0,13.0,15.0,0.0,1.0
22.735,53,44540.0,551.0,89.0,480.0,600.0,0.0,1.0,0.0,0.0,0.458,0.022,0.386,0.5,0.466,0.034,0.393,0.512,0.0,0.0,-1.45,-5.28,-0.05,0.0,0.0,0.0,0.0,0.0,0.0,0.0,0.0,1.0,0.0,0.0,0.0,0.0,-0.0,0.0,0.0,0.0,0.0,0.0,0.0,0.0,0.0,95.0,83.0,93.0,39.0,17.0,10.0,27.0,13.0,15.0,0.0,0.0
22.769,53,44593.0,549.0,89.0,480.0,600.0,0.0,1.0,0.0,0.0,0.458,0.022,0.386,0.5,0.466,0.034,0.393,0.512,0.0,0.0,-1.45,-5.28,-0.05,0.0,0.0,0.0,0.0,0.0,0.0,0.0,0.0,1.0,0.0,0.0,0.0,0.0,-0.0,0.0,0.0,0.0,0.0,0.0,0.0,0.0,0.0,95.0,83.0,93.0,39.0,17.0,10.0,27.0,13.0,15.0,0.0,0.0
22.833,54,44647.0,549.0,89.0,480.0,600.0,0.0,1.0,0.0,0.0,0.458,0.022,0.386,0.5,0.466,0.034,0.393,0.512,0.0,0.0,-1.45,-5.28,-0.05,0.0,0.0,0.0,0.0,0.0,0.0,0.0,0.0,1.0,0.0,0.0,0.0,0.0,-0.0,0.0,0.0,0.0,0.0,0.0,0.0,0.0,0.0,95.0,83.0,93.0,39.0,17.0,10.0,27.0,13.0,15.0,0.0,0.0
22.897,52,44699.0,549.0,89.0,480.0,600.0,0.0,1.0,0.0,0.0,0.458,0.022,0.386,0.5,0.466,0.034,0.393,0.512,0.0,0.0,-1.45,-5.28,-0.05,0.0,0.0,0.0,0.0,0.0,0.0,0.0,0.0,1.0,0.0,0.0,0.0,0.0,0.0,0.0,0.0,0.0,0.0,0.0,0.0,0.0,0.0,95.0,83.0,93.0,39.0,17.0,10.0,27.0,13.0,15.0,0.0,1.0
22.966,52,44751.0,549.0,89.0,480.0,600.0,0.0,1.0,0.0,0.0,0.457,0.022,0.388,0.5,0.465,0.034,0.395,0.512,0.0,0.0,-1.45,-5.28,-0.05,0.0,0.0,0.0,0.0,0.0,0.0,0.0,0.0,1.0,0.0,0.0,0.0,0.0,0.0,0.0,0.0,0.0,0.0,0.0,0.0,0.0,0.0,95.0,83.0,93.0,39.0,17.0,10.0,27.0,13.0,15.0,0.0,0.0
22.999,53,44804.0,546.0,89.0,480.0,600.0,0.0,1.0,0.0,0.0,0.457,0.022,0.388,0.5,0.465,0.034,0.395,0.512,0.0,0.0,-1.45,-5.28,-0.05,0.0,0.0,0.0,0.0,0.0,0.0,0.0,0.0,1.0,0.0,0.0,0.0,0.0,-0.0,0.0,0.0,0.0,0.0,0.0,0.0,0.0,0.0,95.0,83.0,93.0,39.0,17.0,10.0,27.0,13.0,15.0,0.0,0.0
23.032,52,44856.0,546.0,89.0,480.0,600.0,0.0,1.0,0.0,0.0,0.457,0.022,0.388,0.5,0.465,0.034,0.395,0.512,0.0,0.0,-1.44,-5.28,-0.05,0.0,0.0,0.0,0.0,0.0,0.0,0.0,0.0,1.0,0.0,0.0,0.0,0.0,-0.0,0.0,0.0,0.0,0.0,0.0,0.0,0.0,0.0,95.0,83.0,93.0,39.0,17.0,10.0,27.0,13.0,15.0,0.0,0.0
23.065,34,44890.0,546.0,89.0,480.0,600.0,0.0,1.0,0.0,0.0,0.457,0.022,0.388,0.5,0.465,0.034,0.395,0.512,0.0,0.0,-1.44,-5.28,-0.05,0.0,0.0,0.0,0.0,0.0,0.0,0.0,0.0,1.0,0.0,0.0,0.0,0.0,-0.0,0.0,0.0,0.0,0.0,0.0,0.0,0.0,0.0,95.0,83.0,93.0,39.0,17.0,10.0,27.0,13.0,15.0,0.0,0.0
23.169,97,44987.0,546.0,89.0,480.0,600.0,0.0,1.0,0.0,0.0,0.455,0.022,0.389,0.5,0.463,0.034,0.397,0.512,0.0,0.0,-1.44,-5.28,-0.05,0.0,0.0,0.0,0.0,0.0,0.0,0.0,0.0,1.0,0.0,0.0,0.0,0.0,-0.0,0.0,0.0,0.0,0.0,0.0,0.0,0.0,0.0,95.0,83.0,93.0,39.0,17.0,10.0,27.0,13.0,15.0,0.0,1.0
23.235,55,45042.0,546.0,89.0,480.0,600.0,0.0,1.0,0.0,0.0,0.455,0.022,0.389,0.5,0.463,0.034,0.397,0.512,0.0,0.0,-1.44,-5.28,-0.05,0.0,0.0,0.0,0.0,0.0,0.0,0.0,0.0,1.0,0.0,0.0,0.0,0.0,0.1,0.0,0.0,0.0,0.0,0.0,0.0,0.0,0.0,95.0,83.0,93.0,39.0,17.0,10.0,27.0,13.0,15.0,0.0,0.0
23.268,35,45077.0,546.0,89.0,480.0,600.0,0.0,1.0,0.0,0.0,0.455,0.022,0.389,0.5,0.463,0.034,0.397,0.512,0.0,0.0,-1.44,-5.28,-0.06,0.0,0.0,0.0,0.0,0.0,0.0,0.0,0.0,1.0,0.0,0.0,0.0,0.0,0.2,0.0,0.0,0.0,0.0,0.0,0.0,0.0,0.0,95.0,83.0,93.0,39.0,17.0,10.0,27.0,13.0,15.0,0.0,0.0
23.367,98,45175.0,548.0,89.0,480.0,600.0,0.0,1.0,0.0,0.0,0.454,0.022,0.39,0.5,0.462,0.034,0.397,0.512,0.0,0.0,-1.44,-5.28,-0.06,0.0,0.0,0.0,0.0,0.0,0.0,0.0,0.0,1.0,0.0,0.0,0.0,0.0,-0.3,0.0,0.0,0.0,0.0,0.0,0.0,0.0,0.0,95.0,83.0,93.0,39.0,17.0,10.0,27.0,13.0,15.0,0.0,0.0
23.433,53,45228.0,548.0,90.0,480.0,600.0,0.0,1.0,0.0,0.0,0.454,0.022,0.39,0.5,0.462,0.034,0.397,0.512,0.0,0.0,-1.44,-5.28,-0.06,0.0,0.0,0.0,0.0,0.0,0.0,0.0,0.0,1.0,0.0,0.0,0.0,0.0,-0.3,0.0,0.0,0.0,0.0,0.0,0.0,0.0,0.0,95.0,83.0,93.0,39.0,17.0,10.0,27.0,13.0,15.0,0.0,0.0
23.466,34,45262.0,548.0,90.0,480.0,600.0,0.0,1.0,0.0,0.0,0.454,0.022,0.39,0.5,0.462,0.034,0.397,0.512,0.0,0.0,-1.43,-5.28,-0.06,0.0,0.0,0.0,0.0,0.0,0.0,0.0,0.0,1.0,0.0,0.0,0.0,0.0,-0.2,0.0,0.0,0.0,0.0,0.0,0.0,0.0,0.0,95.0,83.0,93.0,39.0,17.0,10.0,27.0,13.0,15.0,0.0,0.0
23.574,101,45363.0,550.0,90.0,480.0,600.0,0.0,1.0,0.0,0.0,0.455,0.022,0.39,0.5,0.462,0.034,0.398,0.512,0.0,0.0,-1.43,-5.28,-0.06,0.0,0.0,0.0,0.0,0.0,0.0,0.0,0.0,1.0,0.0,0.0,0.0,0.0,-0.1,0.0,0.0,0.0,0.0,0.0,0.0,0.0,0.0,95.0,83.0,93.0,39.0,17.0,10.0,27.0,13.0,15.0,0.0,1.0
23.608,52,45415.0,550.0,90.0,480.0,600.0,0.0,1.0,0.0,0.0,0.455,0.022,0.39,0.5,0.462,0.034,0.398,0.512,0.0,0.0,-1.42,-5.28,-0.06,0.0,0.0,0.0,0.0,0.0,0.0,0.0,0.0,1.0,0.0,0.0,0.0,0.0,-0.1,0.0,0.0,0.0,0.0,0.0,0.0,0.0,0.0,95.0,83.0,93.0,39.0,17.0,10.0,27.0,13.0,15.0,0.0,0.0
23.642,34,45449.0,550.0,90.0,600.0,600.0,0.0,1.0,0.0,0.0,0.455,0.022,0.39,0.5,0.462,0.034,0.398,0.512,0.0,0.0,-1.42,-5.28,-0.06,0.0,0.0,0.0,0.0,0.0,0.0,0.0,0.0,1.0,0.0,0.0,0.0,0.0,-0.1,0.0,0.0,0.0,0.0,0.0,0.0,0.0,0.0,95.0,83.0,93.0,39.0,17.0,10.0,27.0,13.0,15.0,0.0,0.0
23.744,99,45548.0,549.0,90.0,600.0,600.0,0.0,1.0,0.0,0.0,0.455,0.022,0.449,0.5,0.463,0.035,0.447,0.513,0.0,0.0,-1.42,-5.29,-0.06,0.0,0.0,0.0,0.0,0.0,0.0,0.0,0.0,1.0,0.0,0.0,0.0,0.0,-0.1,0.0,0.0,0.0,0.0,0.0,0.0,0.0,0.0,95.0,83.0,93.0,39.0,17.0,10.0,27.0,13.0,15.0,0.0,1.0
23.777,51,45599.0,549.0,90.0,600.0,600.0,0.0,1.0,0.0,0.0,0.455,0.022,0.449,0.5,0.463,0.035,0.447,0.513,0.0,0.0,-1.42,-5.29,-0.06,0.0,0.0,0.0,0.0,0.0,0.0,0.0,0.0,1.0,0.0,0.0,0.0,0.0,-0.0,0.0,0.0,0.0,0.0,0.0,0.0,0.0,0.0,95.0,83.0,93.0,39.0,17.0,10.0,27.0,13.0,15.0,0.0,1.0
23.809,35,45634.0,549.0,90.0,600.0,600.0,0.0,1.0,0.0,0.0,0.455,0.022,0.449,0.5,0.463,0.035,0.447,0.513,0.0,0.0,-1.42,-5.29,-0.06,0.0,0.0,0.0,0.0,0.0,0.0,0.0,0.0,1.0,0.0,0.0,0.0,0.0,-0.1,0.0,0.0,0.0,0.0,0.0,0.0,0.0,0.0,95.0,83.0,93.0,39.0,17.0,10.0,27.0,13.0,15.0,0.0,0.0
23.944,99,45733.0,553.0,90.0,600.0,600.0,0.0,1.0,0.0,0.0,0.456,0.022,0.476,0.5,0.463,0.036,0.479,0.514,0.0,0.0,-1.43,-5.3,-0.06,0.0,0.0,0.0,0.0,0.0,0.0,0.0,0.0,1.0,0.0,0.0,0.0,0.0,-0.1,0.0,0.0,0.0,0.0,0.0,0.0,0.0,0.0,95.0,83.0,93.0,39.0,17.0,10.0,27.0,13.0,15.0,0.0,1.0
23.977,52,45785.0,553.0,90.0,600.0,600.0,0.0,1.0,0.0,0.0,0.456,0.022,0.476,0.5,0.463,0.036,0.479,0.514,0.0,0.0,-1.43,-5.3,-0.06,0.0,0.0,0.0,0.0,0.0,0.0,0.0,0.0,1.0,0.0,0.0,0.0,0.0,-0.1,0.0,0.0,0.0,0.0,0.0,0.0,0.0,0.0,95.0,83.0,93.0,39.0,17.0,10.0,27.0,13.0,15.0,0.0,0.0
24.043,52,45837.0,553.0,90.0,600.0,600.0,0.0,1.0,0.0,0.0,0.456,0.022,0.476,0.5,0.463,0.036,0.479,0.514,0.0,0.0,-1.43,-5.3,-0.06,0.0,0.0,0.0,0.0,0.0,0.0,0.0,0.0,1.0,0.0,0.0,0.0,0.0,-0.1,0.0,0.0,0.0,0.0,0.0,0.0,0.0,0.0,95.0,83.0,93.0,39.0,17.0,10.0,27.0,13.0,15.0,0.0,0.0
24.076,52,45889.0,553.0,90.0,600.0,600.0,0.0,1.0,0.0,0.0,0.458,0.022,0.489,0.5,0.465,0.036,0.495,0.514,0.0,0.0,-1.44,-5.3,-0.06,0.0,0.0,0.0,0.0,0.0,0.0,0.0,0.0,1.0,0.0,0.0,0.0,0.0,-0.1,0.0,0.0,0.0,0.0,0.0,0.0,0.0,0.0,95.0,83.0,93.0,39.0,17.0,10.0,27.0,13.0,15.0,0.0,1.0
24.144,54,45943.0,554.0,90.0,600.0,600.0,0.0,1.0,0.0,0.0,0.458,0.022,0.489,0.5,0.465,0.036,0.495,0.514,0.0,0.0,-1.44,-5.3,-0.06,0.0,0.0,0.0,0.0,0.0,0.0,0.0,0.0,1.0,0.0,0.0,0.0,0.0,-0.0,0.0,0.0,0.0,0.0,0.0,0.0,0.0,0.0,95.0,83.0,93.0,39.0,17.0,10.0,27.0,13.0,15.0,0.0,0.0
24.177,51,45994.0,554.0,89.0,600.0,600.0,0.0,1.0,0.0,0.0,0.458,0.022,0.489,0.5,0.465,0.036,0.495,0.514,0.0,0.0,-1.44,-5.3,-0.06,0.0,0.0,0.0,0.0,0.0,0.0,0.0,0.0,1.0,0.0,0.0,0.0,0.0,-0.0,0.0,0.0,0.0,0.0,0.0,0.0,0.0,0.0,95.0,83.0,93.0,39.0,17.0,10.0,27.0,13.0,15.0,0.0,0.0
24.243,54,46048.0,554.0,89.0,600.0,600.0,0.0,1.0,0.0,0.0,0.458,0.022,0.489,0.5,0.465,0.036,0.495,0.514,0.0,0.0,-1.44,-5.3,-0.06,0.0,0.0,0.0,0.0,0.0,0.0,0.0,0.0,1.0,0.0,0.0,0.0,0.0,-0.0,0.0,0.0,0.0,0.0,0.0,0.0,0.0,0.0,95.0,83.0,93.0,39.0,17.0,10.0,27.0,13.0,15.0,0.0,0.0
24.276,52,46100.0,554.0,89.0,600.0,600.0,0.0,1.0,0.0,0.0,0.459,0.022,0.495,0.5,0.466,0.036,0.502,0.514,0.0,0.0,-1.43,-5.3,-0.06,0.0,0.0,0.0,0.0,0.0,0.0,0.0,0.0,1.0,0.0,0.0,0.0,0.0,-0.0,0.0,0.0,0.0,0.0,0.0,0.0,0.0,0.0,95.0,83.0,93.0,39.0,17.0,10.0,27.0,13.0,15.0,0.0,1.0
24.341,53,46153.0,554.0,89.0,600.0,600.0,0.0,1.0,0.0,0.0,0.459,0.022,0.495,0.5,0.466,0.036,0.502,0.514,0.0,0.0,-1.43,-5.3,-0.06,0.0,0.0,0.0,0.0,0.0,0.0,0.0,0.0,1.0,0.0,0.0,0.0,0.0,-0.0,0.0,0.0,0.0,0.0,0.0,0.0,0.0,0.0,95.0,83.0,93.0,39.0,17.0,10.0,27.0,13.0,15.0,0.0,0.0
24.407,51,46204.0,554.0,89.0,600.0,600.0,0.0,1.0,0.0,0.0,0.459,0.022,0.495,0.5,0.466,0.036,0.502,0.514,0.0,0.0,-1.44,-5.3,-0.06,0.0,0.0,0.0,0.0,0.0,0.0,0.0,0.0,1.0,0.0,0.0,0.0,0.0,-0.0,0.0,0.0,0.0,0.0,0.0,0.0,0.0,0.0,95.0,83.0,93.0,39.0,17.0,10.0,27.0,13.0,15.0,0.0,0.0
24.44,53,46257.0,554.0,89.0,600.0,600.0,0.0,1.0,0.0,0.0,0.459,0.022,0.495,0.5,0.466,0.036,0.502,0.514,0.0,0.0,-1.44,-5.3,-0.06,0.0,0.0,0.0,0.0,0.0,0.0,0.0,0.0,1.0,0.0,0.0,0.0,0.0,-0.0,0.0,0.0,0.0,0.0,0.0,0.0,0.0,0.0,95.0,83.0,93.0,39.0,17.0,10.0,27.0,13.0,15.0,0.0,0.0
24.505,52,46309.0,554.0,89.0,600.0,600.0,0.0,1.0,0.0,0.0,0.459,0.022,0.498,0.5,0.467,0.036,0.505,0.514,0.0,0.0,-1.44,-5.3,-0.06,0.0,0.0,0.0,0.0,0.0,0.0,0.0,0.0,1.0,0.0,0.0,0.0,0.0,-0.0,0.0,0.0,0.0,0.0,0.0,0.0,0.0,0.0,95.0,83.0,93.0,39.0,17.0,10.0,27.0,13.0,15.0,0.0,1.0
24.538,53,46362.0,553.0,89.0,600.0,600.0,0.0,1.0,0.0,0.0,0.459,0.022,0.498,0.5,0.467,0.036,0.505,0.514,0.0,0.0,-1.44,-5.3,-0.06,0.0,0.0,0.0,0.0,0.0,0.0,0.0,0.0,1.0,0.0,0.0,0.0,0.0,-0.0,0.0,0.0,0.0,0.0,0.0,0.0,0.0,0.0,95.0,83.0,93.0,39.0,17.0,10.0,27.0,13.0,15.0,0.0,0.0
24.604,51,46413.0,553.0,89.0,600.0,600.0,0.0,1.0,0.0,0.0,0.459,0.022,0.498,0.5,0.467,0.036,0.505,0.514,0.0,0.0,-1.44,-5.3,-0.06,0.0,0.0,0.0,0.0,0.0,0.0,0.0,0.0,1.0,0.0,0.0,0.0,0.0,-0.0,0.0,0.0,0.0,0.0,0.0,0.0,0.0,0.0,95.0,83.0,93.0,39.0,17.0,10.0,27.0,13.0,15.0,0.0,0.0
24.67,53,46466.0,553.0,89.0,600.0,600.0,0.0,1.0,0.0,0.0,0.459,0.022,0.498,0.5,0.467,0.036,0.505,0.514,0.0,0.0,-1.44,-5.3,-0.06,0.0,0.0,0.0,0.0,0.0,0.0,0.0,0.0,1.0,0.0,0.0,0.0,0.0,0.0,0.0,0.0,0.0,0.0,0.0,0.0,0.0,0.0,95.0,83.0,93.0,39.0,17.0,10.0,27.0,13.0,15.0,0.0,0.0
24.703,52,46518.0,553.0,89.0,600.0,600.0,0.0,1.0,0.0,0.0,0.459,0.021,0.499,0.5,0.467,0.036,0.506,0.514,0.0,0.0,-1.44,-5.3,-0.06,0.0,0.0,0.0,0.0,0.0,0.0,0.0,0.0,1.0,0.0,0.0,0.0,0.0,-0.0,0.0,0.0,0.0,0.0,0.0,0.0,0.0,0.0,95.0,83.0,93.0,39.0,17.0,10.0,27.0,13.0,15.0,0.0,0.0
24.769,53,46571.0,554.0,89.0,600.0,600.0,0.0,1.0,0.0,0.0,0.459,0.021,0.499,0.5,0.467,0.036,0.506,0.514,0.0,0.0,-1.44,-5.3,-0.06,0.0,0.0,0.0,0.0,0.0,0.0,0.0,0.0,1.0,0.0,0.0,0.0,0.0,-0.0,0.0,0.0,0.0,0.0,0.0,0.0,0.0,0.0,95.0,83.0,93.0,39.0,17.0,10.0,27.0,13.0,15.0,0.0,0.0
24.801,51,46622.0,554.0,89.0,600.0,600.0,0.0,1.0,0.0,0.0,0.459,0.021,0.499,0.5,0.467,0.036,0.506,0.514,0.0,0.0,-1.44,-5.3,-0.06,0.0,0.0,0.0,0.0,0.0,0.0,0.0,0.0,1.0,0.0,0.0,0.0,0.0,0.0,0.0,0.0,0.0,0.0,0.0,0.0,0.0,0.0,95.0,83.0,93.0,39.0,17.0,10.0,27.0,13.0,15.0,0.0,0.0
24.834,35,46657.0,554.0,89.0,600.0,600.0,0.0,1.0,0.0,0.0,0.459,0.021,0.499,0.5,0.467,0.036,0.506,0.514,0.0,0.0,-1.44,-5.3,-0.06,0.0,0.0,0.0,0.0,0.0,0.0,0.0,0.0,1.0,0.0,0.0,0.0,0.0,0.0,0.0,0.0,0.0,0.0,0.0,0.0,0.0,0.0,95.0,83.0,93.0,39.0,17.0,10.0,27.0,13.0,15.0,0.0,0.0
24.94,99,46756.0,554.0,89.0,600.0,600.0,0.0,1.0,0.0,0.0,0.46,0.021,0.5,0.5,0.467,0.035,0.507,0.514,0.0,0.0,-1.45,-5.3,-0.06,0.0,0.0,0.0,0.0,0.0,0.0,0.0,0.0,1.0,0.0,0.0,0.0,0.0,-0.0,0.0,0.0,0.0,0.0,0.0,0.0,0.0,0.0,95.0,83.0,93.0,39.0,17.0,10.0,27.0,13.0,15.0,0.0,0.0
25.006,51,46807.0,554.0,88.0,600.0,600.0,0.0,1.0,0.0,0.0,0.46,0.021,0.5,0.5,0.467,0.035,0.507,0.514,0.0,0.0,-1.45,-5.3,-0.06,0.0,0.0,0.0,0.0,0.0,0.0,0.0,0.0,1.0,0.0,0.0,0.0,0.0,-0.0,0.0,0.0,0.0,0.0,0.0,0.0,0.0,0.0,95.0,83.0,93.0,39.0,17.0,10.0,27.0,13.0,15.0,0.0,0.0
25.038,53,46860.0,554.0,88.0,600.0,600.0,0.0,1.0,0.0,0.0,0.46,0.021,0.5,0.5,0.467,0.035,0.507,0.514,0.0,0.0,-1.45,-5.3,-0.06,0.0,0.0,0.0,0.0,0.0,0.0,0.0,0.0,1.0,0.0,0.0,0.0,0.0,-0.0,0.0,0.0,0.0,0.0,0.0,0.0,0.0,0.0,95.0,83.0,93.0,39.0,17.0,10.0,27.0,13.0,15.0,0.0,1.0
25.104,52,46912.0,554.0,88.0,600.0,600.0,0.0,1.0,0.0,0.0,0.46,0.021,0.5,0.5,0.467,0.035,0.507,0.514,0.0,0.0,-1.45,-5.3,-0.06,0.0,0.0,0.0,0.0,0.0,0.0,0.0,0.0,1.0,0.0,0.0,0.0,0.0,-0.0,0.0,0.0,0.0,0.0,0.0,0.0,0.0,0.0,95.0,83.0,93.0,39.0,17.0,10.0,27.0,13.0,15.0,0.0,0.0
25.146,52,46964.0,554.0,88.0,600.0,600.0,0.0,1.0,0.0,0.0,0.46,0.021,0.5,0.5,0.467,0.035,0.507,0.514,0.0,0.0,-1.44,-5.3,-0.06,0.0,0.0,0.0,0.0,0.0,0.0,0.0,0.0,1.0,0.0,0.0,0.0,0.0,-0.0,0.0,0.0,0.0,0.0,0.0,0.0,0.0,0.0,95.0,83.0,93.0,39.0,17.0,10.0,27.0,13.0,15.0,0.0,0.0
25.212,53,47017.0,554.0,88.0,600.0,600.0,0.0,1.0,0.0,0.0,0.46,0.021,0.5,0.5,0.467,0.035,0.507,0.514,0.0,0.0,-1.44,-5.3,-0.06,0.0,0.0,0.0,0.0,0.0,0.0,0.0,0.0,1.0,0.0,0.0,0.0,0.0,0.0,0.0,0.0,0.0,0.0,0.0,0.0,0.0,0.0,95.0,83.0,93.0,39.0,17.0,10.0,27.0,13.0,15.0,0.0,0.0
25.244,52,47069.0,554.0,88.0,600.0,600.0,0.0,1.0,0.0,0.0,0.46,0.021,0.5,0.5,0.467,0.035,0.507,0.514,0.0,0.0,-1.44,-5.3,-0.06,0.0,0.0,0.0,0.0,0.0,0.0,0.0,0.0,1.0,0.0,0.0,0.0,0.0,-0.0,0.0,0.0,0.0,0.0,0.0,0.0,0.0,0.0,95.0,83.0,93.0,39.0,17.0,10.0,27.0,13.0,15.0,0.0,0.0
25.31,52,47121.0,554.0,88.0,600.0,600.0,0.0,1.0,0.0,0.0,0.46,0.021,0.5,0.5,0.468,0.035,0.508,0.514,0.0,0.0,-1.44,-5.3,-0.06,0.0,0.0,0.0,0.0,0.0,0.0,0.0,0.0,1.0,0.0,0.0,0.0,0.0,-0.0,0.0,0.0,0.0,0.0,0.0,0.0,0.0,0.0,95.0,83.0,93.0,39.0,17.0,10.0,27.0,13.0,15.0,0.0,1.0
25.377,53,47174.0,554.0,88.0,600.0,600.0,0.0,1.0,0.0,0.0,0.46,0.021,0.5,0.5,0.468,0.035,0.508,0.514,0.0,0.0,-1.44,-5.3,-0.06,0.0,0.0,0.0,0.0,0.0,0.0,0.0,0.0,1.0,0.0,0.0,0.0,0.0,-0.0,0.0,0.0,0.0,0.0,0.0,0.0,0.0,0.0,95.0,83.0,93.0,39.0,17.0,10.0,27.0,13.0,15.0,0.0,0.0
25.409,51,47225.0,554.0,88.0,600.0,600.0,0.0,1.0,0.0,0.0,0.46,0.021,0.5,0.5,0.468,0.035,0.508,0.514,0.0,0.0,-1.44,-5.3,-0.06,0.0,0.0,0.0,0.0,0.0,0.0,0.0,0.0,1.0,0.0,0.0,0.0,0.0,-0.0,0.0,0.0,0.0,0.0,0.0,0.0,0.0,0.0,95.0,83.0,93.0,39.0,17.0,10.0,27.0,13.0,15.0,0.0,0.0
25.475,53,47278.0,554.0,88.0,600.0,600.0,0.0,1.0,0.0,0.0,0.46,0.021,0.5,0.5,0.468,0.035,0.508,0.514,0.0,0.0,-1.44,-5.3,-0.06,0.0,0.0,0.0,0.0,0.0,0.0,0.0,0.0,1.0,0.0,0.0,0.0,0.0,-0.0,0.0,0.0,0.0,0.0,0.0,0.0,0.0,0.0,95.0,83.0,93.0,39.0,17.0,10.0,27.0,13.0,15.0,0.0,0.0
25.508,52,47330.0,554.0,88.0,600.0,600.0,0.0,1.0,0.0,0.0,0.46,0.021,0.5,0.5,0.468,0.035,0.508,0.514,0.0,0.0,-1.44,-5.3,-0.06,0.0,0.0,0.0,0.0,0.0,0.0,0.0,0.0,1.0,0.0,0.0,0.0,0.0,-0.0,0.0,0.0,0.0,0.0,0.0,0.0,0.0,0.0,95.0,83.0,93.0,39.0,17.0,10.0,27.0,13.0,15.0,0.0,0.0
25.575,52,47382.0,554.0,88.0,600.0,600.0,0.0,1.0,0.0,0.0,0.46,0.021,0.5,0.5,0.468,0.035,0.508,0.514,0.0,0.0,-1.44,-5.3,-0.05,0.0,0.0,0.0,0.0,0.0,0.0,0.0,0.0,1.0,0.0,0.0,0.0,0.0,-0.0,0.0,0.0,0.0,0.0,0.0,0.0,0.0,0.0,95.0,83.0,93.0,39.0,17.0,10.0,27.0,13.0,15.0,0.0,0.0
25.639,52,47434.0,554.0,88.0,600.0,600.0,0.0,1.0,0.0,0.0,0.46,0.021,0.5,0.5,0.468,0.035,0.508,0.514,0.0,0.0,-1.44,-5.3,-0.05,0.0,0.0,0.0,0.0,0.0,0.0,0.0,0.0,1.0,0.0,0.0,0.0,0.0,-0.0,0.0,0.0,0.0,0.0,0.0,0.0,0.0,0.0,95.0,83.0,93.0,39.0,17.0,10.0,27.0,13.0,15.0,0.0,0.0
25.671,53,47487.0,554.0,88.0,600.0,600.0,0.0,1.0,0.0,0.0,0.46,0.021,0.5,0.5,0.468,0.035,0.508,0.514,0.0,0.0,-1.44,-5.29,-0.05,0.0,0.0,0.0,0.0,0.0,0.0,0.0,0.0,1.0,0.0,0.0,0.0,0.0,-0.0,0.0,0.0,0.0,0.0,0.0,0.0,0.0,0.0,95.0,83.0,93.0,39.0,17.0,10.0,27.0,13.0,15.0,0.0,0.0
25.736,52,47539.0,554.0,88.0,600.0,600.0,0.0,1.0,0.0,0.0,0.46,0.021,0.5,0.5,0.468,0.035,0.508,0.514,0.0,0.0,-1.44,-5.29,-0.06,0.0,0.0,0.0,0.0,0.0,0.0,0.0,0.0,1.0,0.0,0.0,0.0,-0.0,-0.0,0.0,0.0,0.0,0.0,0.0,0.0,0.0,0.0,95.0,83.0,93.0,39.0,17.0,10.0,27.0,13.0,15.0,0.0,0.0
25.768,53,47592.0,554.0,88.0,600.0,600.0,0.0,1.0,0.0,0.0,0.46,0.021,0.5,0.5,0.468,0.035,0.508,0.514,0.0,0.0,-1.44,-5.29,-0.05,0.0,0.0,0.0,0.0,0.0,0.0,0.0,0.0,1.0,0.0,0.0,0.0,0.0,-0.0,0.0,0.0,0.0,0.0,0.0,0.0,0.0,0.0,95.0,83.0,93.0,39.0,17.0,10.0,27.0,13.0,15.0,0.0,0.0
25.833,51,47643.0,554.0,88.0,600.0,600.0,0.0,1.0,0.0,0.0,0.46,0.021,0.5,0.5,0.468,0.035,0.508,0.514,0.0,0.0,-1.44,-5.28,-0.05,0.0,0.0,0.0,0.0,0.0,0.0,0.0,0.0,1.0,0.0,0.0,0.0,0.0,-0.0,0.0,0.0,0.0,0.0,0.0,0.0,0.0,0.0,95.0,83.0,93.0,39.0,17.0,10.0,27.0,13.0,15.0,0.0,0.0
25.896,53,47696.0,554.0,88.0,600.0,600.0,0.0,1.0,0.0,0.0,0.46,0.021,0.5,0.5,0.468,0.035,0.508,0.514,0.0,0.0,-1.44,-5.28,-0.05,0.0,0.0,0.0,0.0,0.0,0.0,0.0,0.0,1.0,0.0,0.0,0.0,0.0,-0.0,0.0,0.0,0.0,0.0,0.0,0.0,0.0,0.0,95.0,83.0,93.0,39.0,17.0,10.0,27.0,13.0,15.0,0.0,0.0
25.935,52,47748.0,554.0,88.0,600.0,600.0,0.0,1.0,0.0,0.0,0.46,0.021,0.5,0.5,0.468,0.035,0.508,0.514,0.0,0.0,-1.43,-5.28,-0.06,0.0,0.0,0.0,0.0,0.0,0.0,0.0,0.0,1.0,0.0,0.0,0.0,0.0,0.0,0.0,0.0,0.0,0.0,0.0,0.0,0.0,0.0,95.0,83.0,93.0,39.0,17.0,10.0,27.0,13.0,15.0,0.0,0.0
26.001,53,47801.0,554.0,88.0,600.0,600.0,0.0,1.0,0.0,0.0,0.46,0.021,0.5,0.5,0.468,0.035,0.508,0.514,0.0,0.0,-1.43,-5.28,-0.06,0.0,0.0,0.0,0.0,0.0,0.0,0.0,0.0,1.0,0.0,0.0,0.0,0.0,-0.0,0.0,0.0,0.0,0.0,0.0,0.0,0.0,0.0,95.0,83.0,93.0,39.0,17.0,10.0,27.0,13.0,15.0,0.0,0.0
26.034,51,47852.0,554.0,90.0,600.0,600.0,0.0,1.0,0.0,0.0,0.46,0.021,0.5,0.5,0.468,0.035,0.508,0.514,0.0,0.0,-1.43,-5.28,-0.06,0.0,0.0,0.0,0.0,0.0,0.0,0.0,0.0,1.0,0.0,0.0,0.0,0.0,-0.0,0.0,0.0,0.0,0.0,0.0,0.0,0.0,0.0,95.0,83.0,93.0,39.0,17.0,10.0,27.0,13.0,15.0,0.0,0.0
26.1,53,47905.0,554.0,90.0,600.0,600.0,0.0,1.0,0.0,0.0,0.46,0.021,0.5,0.5,0.468,0.035,0.508,0.514,0.0,0.0,-1.43,-5.28,-0.06,0.0,0.0,0.0,0.0,0.0,0.0,0.0,0.0,1.0,0.0,0.0,0.0,0.0,-0.0,0.0,0.0,0.0,0.0,0.0,0.0,0.0,0.0,95.0,83.0,93.0,39.0,17.0,10.0,27.0,13.0,15.0,0.0,0.0
26.137,52,47957.0,554.0,90.0,600.0,600.0,0.0,1.0,0.0,0.0,0.46,0.022,0.5,0.5,0.468,0.036,0.508,0.514,0.0,0.0,-1.43,-5.28,-0.06,0.0,0.0,0.0,0.0,0.0,0.0,0.0,0.0,1.0,0.0,0.0,0.0,0.0,-0.0,0.0,0.0,0.0,0.0,0.0,0.0,0.0,0.0,95.0,83.0,93.0,39.0,17.0,10.0,27.0,13.0,15.0,0.0,0.0
26.201,53,48010.0,554.0,90.0,600.0,600.0,0.0,1.0,0.0,0.0,0.46,0.022,0.5,0.5,0.468,0.036,0.508,0.514,0.0,0.0,-1.43,-5.28,-0.06,0.0,0.0,0.0,0.0,0.0,0.0,0.0,0.0,1.0,0.0,0.0,0.0,0.0,-0.0,0.0,0.0,0.0,0.0,0.0,0.0,0.0,0.0,95.0,83.0,93.0,39.0,17.0,10.0,27.0,13.0,15.0,0.0,0.0
26.267,51,48061.0,554.0,90.0,600.0,600.0,0.0,1.0,0.0,0.0,0.46,0.022,0.5,0.5,0.468,0.036,0.508,0.514,0.0,0.0,-1.43,-5.28,-0.06,0.0,0.0,0.0,0.0,0.0,0.0,0.0,0.0,1.0,0.0,0.0,0.0,0.0,0.0,0.0,0.0,0.0,0.0,0.0,0.0,0.0,0.0,95.0,83.0,93.0,39.0,17.0,10.0,27.0,13.0,15.0,0.0,1.0
26.299,35,48096.0,554.0,90.0,600.0,600.0,0.0,1.0,0.0,0.0,0.46,0.022,0.5,0.5,0.468,0.036,0.508,0.514,0.0,0.0,-1.43,-5.28,-0.06,0.0,0.0,0.0,0.0,0.0,0.0,0.0,0.0,1.0,0.0,0.0,0.0,0.0,-0.0,0.0,0.0,0.0,0.0,0.0,0.0,0.0,0.0,95.0,83.0,93.0,39.0,17.0,10.0,27.0,13.0,15.0,0.0,0.0
26.399,99,48195.0,555.0,90.0,600.0,600.0,0.0,1.0,0.0,0.0,0.46,0.022,0.5,0.5,0.468,0.036,0.508,0.514,0.0,0.0,-1.43,-5.28,-0.06,0.0,0.0,0.0,0.0,0.0,0.0,0.0,0.0,1.0,0.0,0.0,0.0,0.0,-0.0,0.0,0.0,0.0,0.0,0.0,0.0,0.0,0.0,95.0,83.0,93.0,39.0,17.0,10.0,27.0,13.0,15.0,0.0,0.0
26.432,52,48247.0,555.0,90.0,600.0,600.0,0.0,1.0,0.0,0.0,0.46,0.022,0.5,0.5,0.468,0.036,0.508,0.514,0.0,0.0,-1.43,-5.28,-0.06,0.0,0.0,0.0,0.0,0.0,0.0,0.0,0.0,1.0,0.0,0.0,0.0,0.0,-0.0,0.0,0.0,0.0,0.0,0.0,0.0,0.0,0.0,95.0,83.0,93.0,39.0,17.0,10.0,27.0,13.0,15.0,0.0,0.0
26.465,34,48281.0,555.0,90.0,600.0,600.0,0.0,1.0,0.0,0.0,0.46,0.022,0.5,0.5,0.468,0.036,0.508,0.514,0.0,0.0,-1.43,-5.28,-0.06,0.0,0.0,0.0,0.0,0.0,0.0,0.0,0.0,1.0,0.0,0.0,0.0,0.0,-0.0,0.0,0.0,0.0,0.0,0.0,0.0,0.0,0.0,95.0,83.0,93.0,39.0,17.0,10.0,27.0,13.0,15.0,0.0,0.0
26.565,96,48377.0,557.0,90.0,600.0,600.0,0.0,1.0,0.0,0.0,0.461,0.022,0.5,0.5,0.468,0.036,0.508,0.514,0.0,0.0,-1.43,-5.28,-0.06,0.0,0.0,0.0,0.0,0.0,0.0,0.0,0.0,1.0,0.0,0.0,0.0,0.0,-0.0,0.0,0.0,0.0,0.0,0.0,0.0,0.0,0.0,95.0,83.0,93.0,39.0,17.0,10.0,27.0,13.0,15.0,0.0,1.0
26.63,54,48431.0,557.0,89.0,600.0,600.0,0.0,1.0,0.0,0.0,0.461,0.022,0.5,0.5,0.468,0.036,0.508,0.514,0.0,0.0,-1.43,-5.28,-0.06,0.0,0.0,0.0,0.0,0.0,0.0,0.0,0.0,1.0,0.0,0.0,0.0,0.0,-0.0,0.0,0.0,0.0,0.0,0.0,0.0,0.0,0.0,95.0,83.0,93.0,39.0,17.0,10.0,27.0,13.0,15.0,0.0,0.0
26.664,52,48483.0,557.0,89.0,600.0,600.0,0.0,1.0,0.0,0.0,0.461,0.022,0.5,0.5,0.468,0.036,0.508,0.514,0.0,0.0,-1.43,-5.28,-0.06,0.0,0.0,0.0,0.0,0.0,0.0,0.0,0.0,1.0,0.0,0.0,0.0,0.0,-0.0,0.0,0.0,0.0,0.0,0.0,0.0,0.0,0.0,95.0,83.0,93.0,39.0,17.0,10.0,27.0,13.0,15.0,0.0,0.0
26.738,52,48535.0,557.0,89.0,600.0,600.0,0.0,1.0,0.0,0.0,0.462,0.022,0.5,0.5,0.469,0.036,0.508,0.514,0.0,0.0,-1.42,-5.27,-0.06,0.0,0.0,0.0,0.0,0.0,0.0,0.0,0.0,1.0,0.0,0.0,0.0,0.0,-0.0,0.0,0.0,0.0,0.0,0.0,0.0,0.0,0.0,95.0,83.0,93.0,39.0,17.0,10.0,27.0,13.0,15.0,0.0,0.0
26.771,53,48588.0,557.0,89.0,600.0,600.0,0.0,1.0,0.0,0.0,0.462,0.022,0.5,0.5,0.469,0.036,0.508,0.514,0.0,0.0,-1.42,-5.27,-0.06,0.0,0.0,0.0,0.0,0.0,0.0,0.0,0.0,1.0,0.0,0.0,0.0,0.0,-0.0,0.0,0.0,0.0,0.0,0.0,0.0,0.0,0.0,95.0,83.0,93.0,39.0,17.0,10.0,27.0,13.0,15.0,0.0,0.0
26.836,52,48640.0,557.0,89.0,600.0,600.0,0.0,1.0,0.0,0.0,0.462,0.022,0.5,0.5,0.469,0.036,0.508,0.514,0.0,0.0,-1.42,-5.27,-0.06,0.0,0.0,0.0,0.0,0.0,0.0,0.0,0.0,1.0,0.0,0.0,0.0,0.0,-0.0,0.0,0.0,0.0,0.0,0.0,0.0,0.0,0.0,95.0,83.0,93.0,39.0,17.0,10.0,27.0,13.0,15.0,0.0,0.0
26.869,53,48693.0,557.0,89.0,600.0,600.0,0.0,1.0,0.0,0.0,0.462,0.022,0.5,0.5,0.469,0.036,0.508,0.514,0.0,0.0,-1.42,-5.28,-0.06,0.0,0.0,0.0,0.0,0.0,0.0,0.0,0.0,1.0,0.0,0.0,0.0,0.0,0.0,0.0,0.0,0.0,0.0,0.0,0.0,0.0,0.0,95.0,83.0,93.0,39.0,17.0,10.0,27.0,13.0,15.0,0.0,1.0
26.935,52,48745.0,557.0,89.0,600.0,600.0,0.0,1.0,0.0,0.0,0.462,0.022,0.5,0.5,0.47,0.036,0.508,0.514,0.0,0.0,-1.42,-5.28,-0.06,0.0,0.0,0.0,0.0,0.0,0.0,0.0,0.0,1.0,0.0,0.0,0.0,0.0,0.0,0.0,0.0,0.0,0.0,0.0,0.0,0.0,0.0,95.0,83.0,93.0,39.0,17.0,10.0,27.0,13.0,15.0,0.0,0.0
26.999,53,48798.0,559.0,89.0,600.0,600.0,0.0,1.0,0.0,0.0,0.462,0.022,0.5,0.5,0.47,0.036,0.508,0.514,0.0,0.0,-1.42,-5.28,-0.06,0.0,0.0,0.0,0.0,0.0,0.0,0.0,0.0,1.0,0.0,0.0,0.0,0.0,-0.0,0.0,0.0,0.0,0.0,0.0,0.0,0.0,0.0,95.0,83.0,93.0,39.0,17.0,10.0,27.0,13.0,15.0,0.0,0.0
27.031,53,48851.0,559.0,87.0,600.0,600.0,0.0,1.0,0.0,0.0,0.462,0.022,0.5,0.5,0.47,0.036,0.508,0.514,0.0,0.0,-1.42,-5.28,-0.06,0.0,0.0,0.0,0.0,0.0,0.0,0.0,0.0,1.0,0.0,0.0,0.0,0.0,0.0,0.0,0.0,0.0,0.0,0.0,0.0,0.0,0.0,95.0,83.0,93.0,39.0,17.0,10.0,27.0,13.0,15.0,0.0,1.0
27.064,34,48885.0,559.0,87.0,600.0,600.0,0.0,1.0,0.0,0.0,0.462,0.022,0.5,0.5,0.47,0.036,0.508,0.514,0.0,0.0,-1.42,-5.28,-0.06,0.0,0.0,0.0,0.0,0.0,0.0,0.0,0.0,1.0,0.0,0.0,0.0,0.0,-0.0,0.0,0.0,0.0,0.0,0.0,0.0,0.0,0.0,95.0,83.0,93.0,39.0,17.0,10.0,27.0,13.0,15.0,0.0,0.0
27.162,98,48983.0,560.0,87.0,600.0,600.0,0.0,1.0,0.0,0.0,0.463,0.021,0.5,0.5,0.471,0.035,0.508,0.514,0.0,0.0,-1.42,-5.28,-0.06,0.0,0.0,0.0,0.0,0.0,0.0,0.0,0.0,1.0,0.0,0.0,0.0,0.0,-0.0,0.0,0.0,0.0,0.0,0.0,0.0,0.0,0.0,95.0,83.0,93.0,39.0,17.0,10.0,27.0,13.0,15.0,0.0,0.0
27.225,53,49036.0,560.0,87.0,600.0,600.0,0.0,1.0,0.0,0.0,0.463,0.021,0.5,0.5,0.471,0.035,0.508,0.514,0.0,0.0,-1.42,-5.29,-0.06,0.0,0.0,0.0,0.0,0.0,0.0,0.0,0.0,1.0,0.0,0.0,0.0,0.0,-0.0,0.0,0.0,0.0,0.0,0.0,0.0,0.0,0.0,95.0,83.0,93.0,39.0,17.0,10.0,27.0,13.0,15.0,0.0,0.0
27.292,53,49089.0,560.0,87.0,600.0,600.0,0.0,1.0,0.0,0.0,0.463,0.021,0.5,0.5,0.471,0.035,0.508,0.514,0.0,0.0,-1.42,-5.29,-0.06,0.0,0.0,0.0,0.0,0.0,0.0,0.0,0.0,1.0,0.0,0.0,0.0,0.0,-0.0,0.0,0.0,0.0,0.0,0.0,0.0,0.0,0.0,95.0,83.0,93.0,39.0,17.0,10.0,27.0,13.0,15.0,0.0,0.0
27.325,52,49141.0,560.0,87.0,600.0,600.0,0.0,1.0,0.0,0.0,0.465,0.021,0.5,0.5,0.472,0.035,0.508,0.514,0.0,0.0,-1.42,-5.29,-0.06,0.0,0.0,0.0,0.0,0.0,0.0,0.0,0.0,1.0,0.0,0.0,0.0,0.0,-0.0,0.0,0.0,0.0,0.0,0.0,0.0,0.0,0.0,95.0,83.0,93.0,39.0,17.0,10.0,27.0,13.0,15.0,0.0,0.0
27.391,53,49194.0,559.0,87.0,600.0,600.0,0.0,1.0,0.0,0.0,0.465,0.021,0.5,0.5,0.472,0.035,0.508,0.514,0.0,0.0,-1.42,-5.29,-0.06,0.0,0.0,0.0,0.0,0.0,0.0,0.0,0.0,1.0,0.0,0.0,0.0,0.0,-0.0,0.0,0.0,0.0,0.0,0.0,0.0,0.0,0.0,95.0,83.0,93.0,39.0,17.0,10.0,27.0,13.0,15.0,0.0,0.0
27.424,53,49247.0,559.0,87.0,600.0,600.0,0.0,1.0,0.0,0.0,0.465,0.021,0.5,0.5,0.472,0.035,0.508,0.514,0.0,0.0,-1.42,-5.28,-0.06,0.0,0.0,0.0,0.0,0.0,0.0,0.0,0.0,1.0,0.0,0.0,0.0,0.0,-0.0,0.0,0.0,0.0,0.0,0.0,0.0,0.0,0.0,95.0,83.0,93.0,39.0,17.0,10.0,27.0,13.0,15.0,0.0,0.0
27.491,53,49300.0,559.0,87.0,600.0,600.0,0.0,1.0,0.0,0.0,0.465,0.021,0.5,0.5,0.472,0.035,0.508,0.514,0.0,0.0,-1.42,-5.28,-0.06,0.0,0.0,0.0,0.0,0.0,0.0,0.0,0.0,1.0,0.0,0.0,0.0,0.0,-0.0,0.0,0.0,0.0,0.0,0.0,0.0,0.0,0.0,95.0,83.0,93.0,39.0,17.0,10.0,27.0,13.0,15.0,0.0,0.0
27.567,53,49353.0,559.0,87.0,600.0,600.0,0.0,1.0,0.0,0.0,0.465,0.021,0.5,0.5,0.472,0.035,0.508,0.514,0.0,0.0,-1.42,-5.28,-0.06,0.0,0.0,0.0,0.0,0.0,0.0,0.0,0.0,1.0,0.0,0.0,0.0,0.0,-0.0,0.0,0.0,0.0,0.0,0.0,0.0,0.0,0.0,95.0,83.0,93.0,39.0,17.0,10.0,27.0,13.0,15.0,0.0,1.0
27.6,52,49405.0,556.0,87.0,600.0,600.0,0.0,1.0,0.0,0.0,0.465,0.021,0.5,0.5,0.472,0.035,0.508,0.514,0.0,0.0,-1.42,-5.29,-0.06,0.0,0.0,0.0,0.0,0.0,0.0,0.0,0.0,1.0,0.0,0.0,0.0,0.0,-0.0,0.0,0.0,0.0,0.0,0.0,0.0,0.0,0.0,95.0,83.0,93.0,39.0,17.0,10.0,27.0,13.0,15.0,0.0,0.0
27.633,53,49458.0,556.0,87.0,600.0,600.0,0.0,1.0,0.0,0.0,0.465,0.021,0.5,0.5,0.472,0.035,0.508,0.514,0.0,0.0,-1.42,-5.29,-0.05,0.0,0.0,0.0,0.0,0.0,0.0,0.0,0.0,1.0,0.0,0.0,0.0,0.0,-0.0,0.0,0.0,0.0,0.0,0.0,0.0,0.0,0.0,95.0,83.0,93.0,39.0,17.0,10.0,27.0,13.0,15.0,0.0,0.0
27.698,52,49510.0,556.0,87.0,600.0,600.0,0.0,1.0,0.0,0.0,0.465,0.021,0.5,0.5,0.472,0.035,0.508,0.514,0.0,0.0,-1.42,-5.29,-0.05,0.0,0.0,0.0,0.0,0.0,0.0,0.0,0.0,1.0,0.0,0.0,0.0,0.0,-0.0,0.0,0.0,0.0,0.0,0.0,0.0,0.0,0.0,95.0,83.0,93.0,39.0,17.0,10.0,27.0,13.0,15.0,0.0,0.0
27.738,52,49562.0,556.0,87.0,600.0,600.0,0.0,1.0,0.0,0.0,0.463,0.021,0.5,0.5,0.471,0.035,0.508,0.514,0.0,0.0,-1.42,-5.29,-0.05,0.0,0.0,0.0,0.0,0.0,0.0,0.0,0.0,1.0,0.0,0.0,0.0,0.0,0.0,0.0,0.0,0.0,0.0,0.0,0.0,0.0,0.0,95.0,83.0,93.0,39.0,17.0,10.0,27.0,13.0,15.0,0.0,0.0
27.801,53,49615.0,558.0,87.0,600.0,600.0,0.0,1.0,0.0,0.0,0.463,0.021,0.5,0.5,0.471,0.035,0.508,0.514,0.0,0.0,-1.42,-5.3,-0.05,0.0,0.0,0.0,0.0,0.0,0.0,0.0,0.0,1.0,0.0,0.0,0.0,0.0,-0.0,0.0,0.0,0.0,0.0,0.0,0.0,0.0,0.0,95.0,83.0,93.0,39.0,17.0,10.0,27.0,13.0,15.0,0.0,0.0
27.866,52,49667.0,558.0,87.0,600.0,600.0,0.0,1.0,0.0,0.0,0.463,0.021,0.5,0.5,0.471,0.035,0.508,0.514,0.0,0.0,-1.42,-5.3,-0.05,0.0,0.0,0.0,0.0,0.0,0.0,0.0,0.0,1.0,0.0,0.0,0.0,0.0,-0.0,0.0,0.0,0.0,0.0,0.0,0.0,0.0,0.0,95.0,83.0,93.0,39.0,17.0,10.0,27.0,13.0,15.0,0.0,1.0
27.899,35,49702.0,558.0,87.0,600.0,600.0,0.0,1.0,0.0,0.0,0.463,0.021,0.5,0.5,0.471,0.035,0.508,0.514,0.0,0.0,-1.42,-5.3,-0.05,0.0,0.0,0.0,0.0,0.0,0.0,0.0,0.0,1.0,0.0,0.0,0.0,0.0,-0.0,0.0,0.0,0.0,0.0,0.0,0.0,0.0,0.0,95.0,83.0,93.0,39.0,17.0,10.0,27.0,13.0,15.0,0.0,0.0
27.999,98,49800.0,556.0,87.0,600.0,600.0,0.0,1.0,0.0,0.0,0.463,0.021,0.5,0.5,0.471,0.035,0.508,0.514,0.0,0.0,-1.43,-5.3,-0.05,0.0,0.0,0.0,0.0,0.0,0.0,0.0,0.0,1.0,0.0,0.0,0.0,0.0,-0.4,0.0,0.0,0.0,0.0,0.0,0.0,0.0,0.0,95.0,83.0,93.0,39.0,17.0,10.0,27.0,13.0,15.0,0.0,1.0
28.032,51,49851.0,556.0,88.0,600.0,600.0,0.0,1.0,0.0,0.0,0.463,0.021,0.5,0.5,0.471,0.035,0.508,0.514,0.0,0.0,-1.43,-5.3,-0.05,0.0,0.0,0.0,0.0,0.0,0.0,0.0,0.0,1.0,0.0,0.0,0.0,0.0,-0.4,0.0,0.0,0.0,0.0,0.0,0.0,0.0,0.0,95.0,83.0,93.0,39.0,17.0,10.0,27.0,13.0,15.0,0.0,0.0
28.098,53,49904.0,556.0,88.0,600.0,600.0,0.0,1.0,0.0,0.0,0.463,0.021,0.5,0.5,0.471,0.035,0.508,0.514,0.0,0.0,-1.43,-5.3,-0.05,0.0,0.0,0.0,0.0,0.0,0.0,0.0,0.0,1.0,0.0,0.0,0.0,0.0,-0.3,0.0,0.0,0.0,0.0,0.0,0.0,0.0,0.0,95.0,83.0,93.0,39.0,17.0,10.0,27.0,13.0,15.0,0.0,1.0
28.141,52,49956.0,556.0,88.0,600.0,600.0,0.0,1.0,0.0,0.0,0.463,0.021,0.5,0.5,0.47,0.035,0.508,0.514,0.0,0.0,-1.43,-5.29,-0.05,0.0,0.0,0.0,0.0,0.0,0.0,0.0,0.0,1.0,0.0,0.0,0.0,0.0,-0.3,0.0,0.0,0.0,0.0,0.0,0.0,0.0,0.0,95.0,83.0,93.0,39.0,17.0,10.0,27.0,13.0,15.0,0.0,0.0
28.207,52,50008.0,552.0,88.0,600.0,600.0,0.0,1.0,0.0,0.0,0.463,0.021,0.5,0.5,0.47,0.035,0.508,0.514,0.0,0.0,-1.43,-5.29,-0.05,0.0,0.0,0.0,0.0,0.0,0.0,0.0,0.0,1.0,0.0,0.0,0.0,0.0,-0.3,0.0,0.0,0.0,0.0,0.0,0.0,0.0,0.0,95.0,83.0,93.0,39.0,17.0,10.0,27.0,13.0,15.0,0.0,0.0
28.239,52,50060.0,552.0,88.0,600.0,600.0,0.0,1.0,0.0,0.0,0.463,0.021,0.5,0.5,0.47,0.035,0.508,0.514,0.0,0.0,-1.43,-5.29,-0.05,0.0,0.0,0.0,0.0,0.0,0.0,0.0,0.0,1.0,0.0,0.0,0.0,0.0,-0.2,0.0,0.0,0.0,0.0,0.0,0.0,0.0,0.0,95.0,83.0,93.0,39.0,17.0,10.0,27.0,13.0,15.0,0.0,0.0
28.305,53,50113.0,552.0,88.0,600.0,600.0,0.0,1.0,0.0,0.0,0.463,0.021,0.5,0.5,0.47,0.035,0.508,0.514,0.0,0.0,-1.43,-5.29,-0.06,0.0,0.0,0.0,0.0,0.0,0.0,0.0,0.0,1.0,0.0,0.0,0.0,0.0,-0.2,0.0,0.0,0.0,0.0,0.0,0.0,0.0,0.0,95.0,83.0,93.0,39.0,17.0,10.0,27.0,13.0,15.0,0.0,1.0
28.376,53,50166.0,552.0,88.0,600.0,600.0,0.0,1.0,0.0,0.0,0.46,0.021,0.5,0.5,0.468,0.035,0.508,0.514,0.0,0.0,-1.43,-5.29,-0.06,0.0,0.0,0.0,0.0,0.0,0.0,0.0,0.0,1.0,0.0,0.0,0.0,0.0,-0.2,0.0,0.0,0.0,0.0,0.0,0.0,0.0,0.0,95.0,83.0,93.0,39.0,17.0,10.0,27.0,13.0,15.0,0.0,0.0
28.409,53,50219.0,550.0,88.0,600.0,600.0,0.0,1.0,0.0,0.0,0.46,0.021,0.5,0.5,0.468,0.035,0.508,0.514,0.0,0.0,-1.43,-5.29,-0.06,0.0,0.0,0.0,0.0,0.0,0.0,0.0,0.0,1.0,0.0,0.0,0.0,0.0,-0.2,0.0,0.0,0.0,0.0,0.0,0.0,0.0,0.0,95.0,83.0,93.0,39.0,17.0,10.0,27.0,13.0,15.0,0.0,0.0
28.475,52,50271.0,550.0,88.0,600.0,600.0,0.0,1.0,0.0,0.0,0.46,0.021,0.5,0.5,0.468,0.035,0.508,0.514,0.0,0.0,-1.43,-5.28,-0.06,0.0,0.0,0.0,0.0,0.0,0.0,0.0,0.0,1.0,0.0,0.0,0.0,0.0,-0.1,0.0,0.0,0.0,0.0,0.0,0.0,0.0,0.0,95.0,83.0,93.0,39.0,17.0,10.0,27.0,13.0,15.0,0.0,0.0
28.508,53,50324.0,550.0,88.0,600.0,600.0,0.0,1.0,0.0,0.0,0.46,0.021,0.5,0.5,0.468,0.035,0.508,0.514,0.0,0.0,-1.43,-5.29,-0.06,0.0,0.0,0.0,0.0,0.0,0.0,0.0,0.0,1.0,0.0,0.0,0.0,0.0,-0.1,0.0,0.0,0.0,0.0,0.0,0.0,0.0,0.0,95.0,83.0,93.0,39.0,17.0,10.0,27.0,13.0,15.0,0.0,1.0
28.572,52,50376.0,550.0,88.0,600.0,600.0,0.0,1.0,0.0,0.0,0.458,0.021,0.5,0.5,0.466,0.035,0.508,0.514,0.0,0.0,-1.43,-5.29,-0.06,0.0,0.0,0.0,0.0,0.0,0.0,0.0,0.0,1.0,0.0,0.0,0.0,0.0,-0.1,0.0,0.0,0.0,0.0,0.0,0.0,0.0,0.0,95.0,83.0,93.0,39.0,17.0,10.0,27.0,13.0,15.0,0.0,0.0
28.603,53,50429.0,551.0,88.0,600.0,600.0,0.0,1.0,0.0,0.0,0.458,0.021,0.5,0.5,0.466,0.035,0.508,0.514,0.0,0.0,-1.42,-5.29,-0.06,0.0,0.0,0.0,0.0,0.0,0.0,0.0,0.0,1.0,0.0,0.0,0.0,0.0,-0.1,0.0,0.0,0.0,0.0,0.0,0.0,0.0,0.0,95.0,83.0,93.0,39.0,17.0,10.0,27.0,13.0,15.0,0.0,0.0
28.666,51,50480.0,551.0,89.0,600.0,600.0,0.0,1.0,0.0,0.0,0.458,0.021,0.5,0.5,0.466,0.035,0.508,0.514,0.0,0.0,-1.42,-5.29,-0.06,0.0,0.0,0.0,0.0,0.0,0.0,0.0,0.0,1.0,0.0,0.0,0.0,0.0,-0.1,0.0,0.0,0.0,0.0,0.0,0.0,0.0,0.0,95.0,83.0,93.0,39.0,17.0,10.0,27.0,13.0,15.0,0.0,0.0
28.734,53,50533.0,551.0,89.0,600.0,600.0,0.0,1.0,0.0,0.0,0.458,0.021,0.5,0.5,0.466,0.035,0.508,0.514,0.0,0.0,-1.42,-5.29,-0.06,0.0,0.0,0.0,0.0,0.0,0.0,0.0,0.0,1.0,0.0,0.0,0.0,0.0,-0.1,0.0,0.0,0.0,0.0,0.0,0.0,0.0,0.0,95.0,83.0,93.0,39.0,17.0,10.0,27.0,13.0,15.0,0.0,1.0
28.766,53,50586.0,551.0,89.0,600.0,600.0,0.0,1.0,0.0,0.0,0.458,0.021,0.5,0.5,0.466,0.035,0.508,0.514,0.0,0.0,-1.42,-5.29,-0.06,0.0,0.0,0.0,0.0,0.0,0.0,0.0,0.0,1.0,0.0,0.0,0.0,0.0,-0.1,0.0,0.0,0.0,0.0,0.0,0.0,0.0,0.0,95.0,83.0,93.0,39.0,17.0,10.0,27.0,13.0,15.0,0.0,0.0
28.829,53,50639.0,550.0,89.0,600.0,600.0,0.0,1.0,0.0,0.0,0.458,0.021,0.5,0.5,0.466,0.035,0.508,0.514,0.0,0.0,-1.42,-5.29,-0.06,0.0,0.0,0.0,0.0,0.0,0.0,0.0,0.0,1.0,0.0,0.0,0.0,0.0,-0.1,0.0,0.0,0.0,0.0,0.0,0.0,0.0,0.0,95.0,83.0,93.0,39.0,17.0,10.0,27.0,13.0,15.0,0.0,0.0
28.895,53,50692.0,550.0,89.0,600.0,600.0,0.0,1.0,0.0,0.0,0.458,0.021,0.5,0.5,0.466,0.035,0.508,0.514,0.0,0.0,-1.42,-5.3,-0.06,0.0,0.0,0.0,0.0,0.0,0.0,0.0,0.0,1.0,0.0,0.0,0.0,0.0,-0.0,0.0,0.0,0.0,0.0,0.0,0.0,0.0,0.0,95.0,83.0,93.0,39.0,17.0,10.0,27.0,13.0,15.0,0.0,0.0
28.935,34,50726.0,550.0,89.0,600.0,600.0,0.0,1.0,0.0,0.0,0.458,0.021,0.5,0.5,0.466,0.035,0.508,0.514,0.0,0.0,-1.42,-5.3,-0.05,0.0,0.0,0.0,0.0,0.0,0.0,0.0,0.0,1.0,0.0,0.0,0.0,0.0,0.0,0.0,0.0,0.0,0.0,0.0,0.0,0.0,0.0,95.0,83.0,93.0,39.0,17.0,10.0,27.0,13.0,15.0,0.0,0.0
29.001,98,50824.0,551.0,89.0,600.0,600.0,0.0,1.0,0.0,0.0,0.457,0.021,0.5,0.5,0.465,0.035,0.508,0.514,0.0,0.0,-1.42,-5.3,-0.05,0.0,0.0,0.0,0.0,0.0,0.0,0.0,0.0,1.0,0.0,0.0,0.0,0.0,-0.0,0.0,0.0,0.0,0.0,0.0,0.0,0.0,0.0,95.0,83.0,93.0,39.0,17.0,10.0,27.0,13.0,15.0,0.0,0.0
29.068,53,50877.0,551.0,89.0,600.0,600.0,0.0,1.0,0.0,0.0,0.457,0.021,0.5,0.5,0.465,0.035,0.508,0.514,0.0,0.0,-1.42,-5.3,-0.05,0.0,0.0,0.0,0.0,0.0,0.0,0.0,0.0,1.0,0.0,0.0,0.0,0.0,-0.0,0.0,0.0,0.0,0.0,0.0,0.0,0.0,0.0,95.0,83.0,93.0,39.0,17.0,10.0,27.0,13.0,15.0,0.0,0.0
29.143,52,50929.0,551.0,89.0,600.0,600.0,0.0,1.0,0.0,0.0,0.457,0.021,0.5,0.5,0.465,0.035,0.508,0.514,0.0,0.0,-1.43,-5.3,-0.05,0.0,0.0,0.0,0.0,0.0,0.0,0.0,0.0,1.0,0.0,0.0,0.0,0.0,0.0,0.0,0.0,0.0,0.0,0.0,0.0,0.0,0.0,95.0,83.0,93.0,39.0,17.0,10.0,27.0,13.0,15.0,0.0,0.0
29.175,52,50981.0,551.0,89.0,600.0,600.0,0.0,1.0,0.0,0.0,0.457,0.021,0.5,0.5,0.465,0.035,0.508,0.514,0.0,0.0,-1.43,-5.3,-0.05,0.0,0.0,0.0,0.0,0.0,0.0,0.0,0.0,1.0,0.0,0.0,0.0,0.0,0.0,0.0,0.0,0.0,0.0,0.0,0.0,0.0,0.0,95.0,83.0,93.0,39.0,17.0,10.0,27.0,13.0,15.0,0.0,0.0
29.238,53,51034.0,551.0,89.0,600.0,600.0,0.0,1.0,0.0,0.0,0.457,0.021,0.5,0.5,0.465,0.035,0.508,0.514,0.0,0.0,-1.43,-5.3,-0.05,0.0,0.0,0.0,0.0,0.0,0.0,0.0,0.0,1.0,0.0,0.0,0.0,0.0,0.0,0.0,0.0,0.0,0.0,0.0,0.0,0.0,0.0,95.0,83.0,93.0,39.0,17.0,10.0,27.0,13.0,15.0,0.0,1.0
29.271,52,51086.0,551.0,89.0,600.0,600.0,0.0,1.0,0.0,0.0,0.457,0.021,0.5,0.5,0.465,0.035,0.508,0.514,0.0,0.0,-1.43,-5.3,-0.05,0.0,0.0,0.0,0.0,0.0,0.0,0.0,0.0,1.0,0.0,0.0,0.0,0.0,-0.0,0.0,0.0,0.0,0.0,0.0,0.0,0.0,0.0,95.0,83.0,93.0,39.0,17.0,10.0,27.0,13.0,15.0,0.0,0.0
29.337,52,51138.0,551.0,89.0,600.0,600.0,0.0,1.0,0.0,0.0,0.457,0.021,0.5,0.5,0.465,0.035,0.508,0.514,0.0,0.0,-1.44,-5.3,-0.05,0.0,0.0,0.0,0.0,0.0,0.0,0.0,0.0,1.0,0.0,0.0,0.0,0.0,-0.0,0.0,0.0,0.0,0.0,0.0,0.0,0.0,0.0,95.0,83.0,93.0,39.0,17.0,10.0,27.0,13.0,15.0,0.0,0.0
29.369,53,51191.0,551.0,89.0,600.0,600.0,0.0,1.0,0.0,0.0,0.458,0.022,0.5,0.5,0.465,0.036,0.508,0.514,0.0,0.0,-1.44,-5.3,-0.05,0.0,0.0,0.0,0.0,0.0,0.0,0.0,0.0,1.0,0.0,0.0,0.0,0.0,0.0,0.0,0.0,0.0,0.0,0.0,0.0,0.0,0.0,95.0,83.0,93.0,39.0,17.0,10.0,27.0,13.0,15.0,0.0,0.0
29.433,53,51244.0,553.0,89.0,600.0,600.0,0.0,1.0,0.0,0.0,0.458,0.022,0.5,0.5,0.465,0.036,0.508,0.514,0.0,0.0,-1.44,-5.3,-0.05,0.0,0.0,0.0,0.0,0.0,0.0,0.0,0.0,1.0,0.0,0.0,0.0,0.0,0.0,0.0,0.0,0.0,0.0,0.0,0.0,0.0,0.0,95.0,83.0,93.0,39.0,17.0,10.0,27.0,13.0,15.0,0.0,1.0
29.499,53,51297.0,553.0,89.0,600.0,600.0,0.0,1.0,0.0,0.0,0.458,0.022,0.5,0.5,0.465,0.036,0.508,0.514,0.0,0.0,-1.45,-5.3,-0.05,0.0,0.0,0.0,0.0,0.0,0.0,0.0,0.0,1.0,0.0,0.0,0.0,0.0,0.0,0.0,0.0,0.0,0.0,0.0,0.0,0.0,0.0,95.0,83.0,93.0,39.0,17.0,10.0,27.0,13.0,15.0,0.0,0.0
29.541,52,51349.0,553.0,89.0,600.0,600.0,0.0,1.0,0.0,0.0,0.458,0.022,0.5,0.5,0.465,0.036,0.508,0.514,0.0,0.0,-1.45,-5.3,-0.05,0.0,0.0,0.0,0.0,0.0,0.0,0.0,0.0,1.0,0.0,0.0,0.0,0.0,0.0,0.0,0.0,0.0,0.0,0.0,0.0,0.0,0.0,95.0,83.0,93.0,39.0,17.0,10.0,27.0,13.0,15.0,0.0,0.0
29.604,52,51401.0,553.0,89.0,600.0,600.0,0.0,1.0,0.0,0.0,0.458,0.022,0.5,0.5,0.466,0.036,0.508,0.514,0.0,0.0,-1.45,-5.3,-0.06,0.0,0.0,0.0,0.0,0.0,0.0,0.0,0.0,1.0,0.0,0.0,0.0,0.0,-0.0,0.0,0.0,0.0,0.0,0.0,0.0,0.0,0.0,95.0,83.0,93.0,39.0,17.0,10.0,27.0,13.0,15.0,0.0,0.0
29.636,53,51454.0,553.0,89.0,600.0,600.0,0.0,1.0,0.0,0.0,0.458,0.022,0.5,0.5,0.466,0.036,0.508,0.514,0.0,0.0,-1.44,-5.3,-0.06,0.0,0.0,0.0,0.0,0.0,0.0,0.0,0.0,1.0,0.0,0.0,0.0,0.0,-0.0,0.0,0.0,0.0,0.0,0.0,0.0,0.0,0.0,95.0,83.0,93.0,39.0,17.0,10.0,27.0,13.0,15.0,0.0,1.0
29.702,53,51507.0,553.0,89.0,600.0,600.0,0.0,1.0,0.0,0.0,0.458,0.022,0.5,0.5,0.466,0.036,0.508,0.514,0.0,0.0,-1.44,-5.3,-0.06,0.0,0.0,0.0,0.0,0.0,0.0,0.0,0.0,1.0,0.0,0.0,0.0,0.0,-0.0,0.0,0.0,0.0,0.0,0.0,0.0,0.0,0.0,95.0,83.0,93.0,39.0,17.0,10.0,27.0,13.0,15.0,0.0,0.0
29.771,52,51559.0,553.0,89.0,600.0,600.0,0.0,1.0,0.0,0.0,0.458,0.022,0.5,0.5,0.466,0.036,0.508,0.514,0.0,0.0,-1.44,-5.3,-0.06,0.0,0.0,0.0,0.0,0.0,0.0,0.0,0.0,1.0,0.0,0.0,0.0,0.0,-0.0,0.0,0.0,0.0,0.0,0.0,0.0,0.0,0.0,95.0,83.0,93.0,39.0,17.0,10.0,27.0,13.0,15.0,0.0,0.0
29.804,53,51612.0,553.0,89.0,600.0,600.0,0.0,1.0,0.0,0.0,0.459,0.021,0.5,0.5,0.467,0.036,0.508,0.514,0.0,0.0,-1.44,-5.3,-0.06,0.0,0.0,0.0,0.0,0.0,0.0,0.0,0.0,1.0,0.0,0.0,0.0,0.0,-0.0,0.0,0.0,0.0,0.0,0.0,0.0,0.0,0.0,95.0,83.0,93.0,39.0,17.0,10.0,27.0,13.0,15.0,0.0,0.0
29.87,53,51665.0,552.0,89.0,600.0,600.0,0.0,1.0,0.0,0.0,0.459,0.021,0.5,0.5,0.467,0.036,0.508,0.514,0.0,0.0,-1.44,-5.3,-0.06,0.0,0.0,0.0,0.0,0.0,0.0,0.0,0.0,1.0,0.0,0.0,0.0,0.0,0.0,0.0,0.0,0.0,0.0,0.0,0.0,0.0,0.0,95.0,83.0,93.0,39.0,17.0,10.0,27.0,13.0,15.0,0.0,1.0
29.902,52,51717.0,552.0,88.0,600.0,600.0,0.0,1.0,0.0,0.0,0.459,0.021,0.5,0.5,0.467,0.036,0.508,0.514,0.0,0.0,-1.44,-5.3,-0.06,0.0,0.0,0.0,0.0,0.0,0.0,0.0,0.0,1.0,0.0,0.0,0.0,0.0,0.0,0.0,0.0,0.0,0.0,0.0,0.0,0.0,0.0,95.0,83.0,93.0,39.0,17.0,10.0,27.0,13.0,15.0,0.0,0.0
29.968,52,51769.0,552.0,88.0,600.0,600.0,0.0,1.0,0.0,0.0,0.459,0.021,0.5,0.5,0.467,0.036,0.508,0.514,0.0,0.0,-1.43,-5.3,-0.06,0.0,0.0,0.0,0.0,0.0,0.0,0.0,0.0,1.0,0.0,0.0,0.0,0.0,0.0,0.0,0.0,0.0,0.0,0.0,0.0,0.0,0.0,95.0,83.0,93.0,39.0,17.0,10.0,27.0,13.0,15.0,0.0,0.0
29.999,52,51821.0,552.0,88.0,600.0,600.0,0.0,1.0,0.0,0.0,0.459,0.021,0.5,0.5,0.467,0.035,0.508,0.514,0.0,0.0,-1.43,-5.3,-0.06,0.0,0.0,0.0,0.0,0.0,0.0,0.0,0.0,1.0,0.0,0.0,0.0,0.0,-0.0,0.0,0.0,0.0,0.0,0.0,0.0,0.0,0.0,95.0,83.0,93.0,39.0,17.0,10.0,27.0,13.0,15.0,0.0,0.0
30.063,53,51874.0,552.0,88.0,600.0,600.0,0.0,1.0,0.0,0.0,0.459,0.021,0.5,0.5,0.467,0.035,0.508,0.514,0.0,0.0,-1.43,-5.3,-0.06,0.0,0.0,0.0,0.0,0.0,0.0,0.0,0.0,1.0,0.0,0.0,0.0,0.0,-0.0,0.0,0.0,0.0,0.0,0.0,0.0,0.0,0.0,95.0,83.0,93.0,39.0,17.0,10.0,27.0,13.0,15.0,0.0,0.0
30.126,52,51926.0,552.0,88.0,600.0,600.0,0.0,1.0,0.0,0.0,0.459,0.021,0.5,0.5,0.467,0.035,0.508,0.514,0.0,0.0,-1.44,-5.3,-0.06,0.0,0.0,0.0,0.0,0.0,0.0,0.0,0.0,1.0,0.0,0.0,0.0,0.0,-0.0,0.0,0.0,0.0,0.0,0.0,0.0,0.0,0.0,95.0,83.0,93.0,39.0,17.0,10.0,27.0,13.0,15.0,0.0,0.0
30.158,52,51978.0,552.0,88.0,600.0,600.0,0.0,1.0,0.0,0.0,0.459,0.021,0.5,0.5,0.467,0.035,0.508,0.514,0.0,0.0,-1.44,-5.29,-0.06,0.0,0.0,0.0,0.0,0.0,0.0,0.0,0.0,1.0,0.0,0.0,0.0,0.0,-0.0,0.0,0.0,0.0,0.0,0.0,0.0,0.0,0.0,95.0,83.0,93.0,39.0,17.0,10.0,27.0,13.0,15.0,0.0,0.0
30.225,52,52030.0,552.0,88.0,600.0,600.0,0.0,1.0,0.0,0.0,0.458,0.021,0.5,0.5,0.466,0.035,0.508,0.514,0.0,0.0,-1.44,-5.29,-0.06,0.0,0.0,0.0,0.0,0.0,0.0,0.0,0.0,1.0,0.0,0.0,0.0,0.0,-0.0,0.0,0.0,0.0,0.0,0.0,0.0,0.0,0.0,95.0,83.0,93.0,39.0,17.0,10.0,27.0,13.0,15.0,0.0,0.0
30.258,53,52083.0,552.0,88.0,600.0,600.0,0.0,1.0,0.0,0.0,0.458,0.021,0.5,0.5,0.466,0.035,0.508,0.514,0.0,0.0,-1.45,-5.29,-0.06,0.0,0.0,0.0,0.0,0.0,0.0,0.0,0.0,1.0,0.0,0.0,0.0,0.0,-0.0,0.0,0.0,0.0,0.0,0.0,0.0,0.0,0.0,95.0,83.0,93.0,39.0,17.0,10.0,27.0,13.0,15.0,0.0,0.0
30.334,53,52136.0,552.0,87.0,600.0,600.0,0.0,1.0,0.0,0.0,0.458,0.021,0.5,0.5,0.466,0.035,0.508,0.514,0.0,0.0,-1.45,-5.29,-0.06,0.0,0.0,0.0,0.0,0.0,0.0,0.0,0.0,1.0,0.0,0.0,0.0,0.0,-0.0,0.0,0.0,0.0,0.0,0.0,0.0,0.0,0.0,95.0,83.0,93.0,39.0,17.0,10.0,27.0,13.0,15.0,0.0,0.0
30.367,54,52190.0,552.0,87.0,600.0,600.0,0.0,1.0,0.0,0.0,0.458,0.021,0.5,0.5,0.466,0.035,0.508,0.514,0.0,0.0,-1.45,-5.28,-0.06,0.0,0.0,0.0,0.0,0.0,0.0,0.0,0.0,1.0,0.0,0.0,0.0,0.0,0.0,0.0,0.0,0.0,0.0,0.0,0.0,0.0,0.0,95.0,83.0,93.0,39.0,17.0,10.0,27.0,13.0,15.0,0.0,0.0
30.433,52,52242.0,552.0,87.0,600.0,600.0,0.0,1.0,0.0,0.0,0.458,0.021,0.5,0.5,0.466,0.035,0.508,0.514,0.0,0.0,-1.45,-5.28,-0.06,0.0,0.0,0.0,0.0,0.0,0.0,0.0,0.0,1.0,0.0,0.0,0.0,0.0,0.0,0.0,0.0,0.0,0.0,0.0,0.0,0.0,0.0,95.0,83.0,93.0,39.0,17.0,10.0,27.0,13.0,15.0,0.0,0.0
30.5,53,52295.0,552.0,87.0,600.0,600.0,0.0,1.0,0.0,0.0,0.458,0.021,0.5,0.5,0.466,0.035,0.508,0.514,0.0,0.0,-1.45,-5.28,-0.06,0.0,0.0,0.0,0.0,0.0,0.0,0.0,0.0,1.0,0.0,0.0,0.0,0.0,-0.0,0.0,0.0,0.0,0.0,0.0,0.0,0.0,0.0,95.0,83.0,93.0,39.0,17.0,10.0,27.0,13.0,15.0,0.0,0.0
30.536,51,52346.0,552.0,87.0,600.0,600.0,0.0,1.0,0.0,0.0,0.458,0.021,0.5,0.5,0.466,0.035,0.508,0.514,0.0,0.0,-1.45,-5.28,-0.06,0.0,0.0,0.0,0.0,0.0,0.0,0.0,0.0,1.0,0.0,0.0,0.0,0.0,0.0,0.0,0.0,0.0,0.0,0.0,0.0,0.0,0.0,95.0,83.0,93.0,39.0,17.0,10.0,27.0,13.0,15.0,0.0,1.0
30.602,53,52399.0,552.0,87.0,600.0,600.0,0.0,1.0,0.0,0.0,0.458,0.021,0.5,0.5,0.466,0.035,0.508,0.514,0.0,0.0,-1.45,-5.28,-0.06,0.0,0.0,0.0,0.0,0.0,0.0,0.0,0.0,1.0,0.0,0.0,0.0,0.0,-0.0,0.0,0.0,0.0,0.0,0.0,0.0,0.0,0.0,95.0,83.0,93.0,39.0,17.0,10.0,27.0,13.0,15.0,0.0,0.0
30.635,52,52451.0,552.0,87.0,600.0,600.0,0.0,1.0,0.0,0.0,0.458,0.021,0.5,0.5,0.466,0.035,0.508,0.514,0.0,0.0,-1.45,-5.28,-0.06,0.0,0.0,0.0,0.0,0.0,0.0,0.0,0.0,1.0,0.0,0.0,0.0,0.0,-0.0,0.0,0.0,0.0,0.0,0.0,0.0,0.0,0.0,95.0,83.0,93.0,39.0,17.0,10.0,27.0,13.0,15.0,0.0,0.0
30.7,53,52504.0,549.0,87.0,600.0,600.0,0.0,1.0,0.0,0.0,0.458,0.021,0.5,0.5,0.466,0.035,0.508,0.514,0.0,0.0,-1.45,-5.28,-0.06,0.0,0.0,0.0,0.0,0.0,0.0,0.0,0.0,1.0,0.0,0.0,0.0,0.0,-0.0,0.0,0.0,0.0,0.0,0.0,0.0,0.0,0.0,95.0,83.0,93.0,39.0,17.0,10.0,27.0,13.0,15.0,0.0,0.0
30.732,51,52555.0,549.0,87.0,600.0,600.0,0.0,1.0,0.0,0.0,0.458,0.021,0.5,0.5,0.466,0.035,0.508,0.514,0.0,0.0,-1.44,-5.28,-0.06,0.0,0.0,0.0,0.0,0.0,0.0,0.0,0.0,1.0,0.0,0.0,0.0,0.0,0.0,0.0,0.0,0.0,0.0,0.0,0.0,0.0,0.0,95.0,83.0,93.0,39.0,17.0,10.0,27.0,13.0,15.0,0.0,1.0
30.796,35,52590.0,549.0,87.0,600.0,600.0,0.0,1.0,0.0,0.0,0.458,0.021,0.5,0.5,0.466,0.035,0.508,0.514,0.0,0.0,-1.44,-5.27,-0.06,0.0,0.0,0.0,0.0,0.0,0.0,0.0,0.0,1.0,0.0,0.0,0.0,0.0,-0.0,0.0,0.0,0.0,0.0,0.0,0.0,0.0,0.0,95.0,83.0,93.0,39.0,17.0,10.0,27.0,13.0,15.0,0.0,0.0
30.892,100,52690.0,548.0,87.0,600.0,600.0,0.0,1.0,0.0,0.0,0.457,0.021,0.5,0.5,0.465,0.035,0.508,0.514,0.0,0.0,-1.44,-5.27,-0.06,0.0,0.0,0.0,0.0,0.0,0.0,0.0,0.0,1.0,0.0,0.0,0.0,0.0,-0.0,0.0,0.0,0.0,0.0,0.0,0.0,0.0,0.0,95.0,83.0,93.0,39.0,17.0,10.0,27.0,13.0,15.0,0.0,0.0
30.925,51,52741.0,548.0,88.0,600.0,600.0,0.0,1.0,0.0,0.0,0.457,0.021,0.5,0.5,0.465,0.035,0.508,0.514,0.0,0.0,-1.44,-5.27,-0.06,0.0,0.0,0.0,0.0,0.0,0.0,0.0,0.0,1.0,0.0,0.0,0.0,0.0,-0.3,0.0,0.0,0.0,0.0,0.0,0.0,0.0,0.0,95.0,83.0,93.0,39.0,17.0,10.0,27.0,13.0,15.0,0.0,0.0
30.99,53,52794.0,548.0,88.0,600.0,600.0,0.0,1.0,0.0,0.0,0.457,0.021,0.5,0.5,0.465,0.035,0.508,0.514,0.0,0.0,-1.44,-5.27,-0.06,0.0,0.0,0.0,0.0,0.0,0.0,0.0,0.0,1.0,0.0,0.0,0.0,0.0,-0.2,0.0,0.0,0.0,0.0,0.0,0.0,0.0,0.0,95.0,83.0,93.0,39.0,17.0,10.0,27.0,13.0,15.0,0.0,0.0
31.022,52,52846.0,548.0,88.0,600.0,600.0,0.0,1.0,0.0,0.0,0.456,0.021,0.5,0.5,0.464,0.035,0.508,0.514,0.0,0.0,-1.44,-5.28,-0.06,0.0,0.0,0.0,0.0,0.0,0.0,0.0,0.0,1.0,0.0,0.0,0.0,0.0,-0.2,0.0,0.0,0.0,0.0,0.0,0.0,0.0,0.0,95.0,83.0,93.0,39.0,17.0,10.0,27.0,13.0,15.0,0.0,1.0
31.086,53,52899.0,550.0,88.0,600.0,600.0,0.0,1.0,0.0,0.0,0.456,0.021,0.5,0.5,0.464,0.035,0.508,0.514,0.0,0.0,-1.44,-5.28,-0.06,0.0,0.0,0.0,0.0,0.0,0.0,0.0,0.0,1.0,0.0,0.0,0.0,0.0,-0.1,0.0,0.0,0.0,0.0,0.0,0.0,0.0,0.0,95.0,83.0,93.0,39.0,17.0,10.0,27.0,13.0,15.0,0.0,0.0
31.152,52,52951.0,550.0,87.0,600.0,600.0,0.0,1.0,0.0,0.0,0.456,0.021,0.5,0.5,0.464,0.035,0.508,0.514,0.0,0.0,-1.45,-5.28,-0.06,0.0,0.0,0.0,0.0,0.0,0.0,0.0,0.0,1.0,0.0,0.0,0.0,0.0,-0.2,0.0,0.0,0.0,0.0,0.0,0.0,0.0,0.0,95.0,83.0,93.0,39.0,17.0,10.0,27.0,13.0,15.0,0.0,0.0
31.183,52,53003.0,550.0,87.0,600.0,600.0,0.0,1.0,0.0,0.0,0.456,0.021,0.5,0.5,0.464,0.035,0.508,0.514,0.0,0.0,-1.45,-5.28,-0.06,0.0,0.0,0.0,0.0,0.0,0.0,0.0,0.0,1.0,0.0,0.0,0.0,0.0,-0.1,0.0,0.0,0.0,0.0,0.0,0.0,0.0,0.0,95.0,83.0,93.0,39.0,17.0,10.0,27.0,13.0,15.0,0.0,0.0
31.247,52,53055.0,550.0,87.0,600.0,600.0,0.0,1.0,0.0,0.0,0.456,0.021,0.5,0.5,0.464,0.035,0.508,0.514,0.0,0.0,-1.45,-5.28,-0.06,0.0,0.0,0.0,0.0,0.0,0.0,0.0,0.0,1.0,0.0,0.0,0.0,0.0,-0.1,0.0,0.0,0.0,0.0,0.0,0.0,0.0,0.0,95.0,83.0,93.0,39.0,17.0,10.0,27.0,13.0,15.0,0.0,0.0
31.312,53,53108.0,552.0,87.0,600.0,600.0,0.0,1.0,0.0,0.0,0.456,0.021,0.5,0.5,0.464,0.035,0.508,0.514,0.0,0.0,-1.45,-5.28,-0.06,0.0,0.0,0.0,0.0,0.0,0.0,0.0,0.0,1.0,0.0,0.0,0.0,0.0,-0.1,0.0,0.0,0.0,0.0,0.0,0.0,0.0,0.0,95.0,83.0,93.0,39.0,17.0,10.0,27.0,13.0,15.0,0.0,0.0
31.346,51,53159.0,552.0,88.0,600.0,600.0,0.0,1.0,0.0,0.0,0.456,0.021,0.5,0.5,0.464,0.035,0.508,0.514,0.0,0.0,-1.45,-5.29,-0.06,0.0,0.0,0.0,0.0,0.0,0.0,0.0,0.0,1.0,0.0,0.0,0.0,0.0,-0.1,0.0,0.0,0.0,0.0,0.0,0.0,0.0,0.0,95.0,83.0,93.0,39.0,17.0,10.0,27.0,13.0,15.0,0.0,0.0
31.41,56,53215.0,552.0,88.0,600.0,600.0,0.0,1.0,0.0,0.0,0.456,0.021,0.5,0.5,0.464,0.035,0.508,0.514,0.0,0.0,-1.45,-5.29,-0.06,0.0,0.0,0.0,0.0,0.0,0.0,0.0,0.0,1.0,0.0,0.0,0.0,0.0,-0.1,0.0,0.0,0.0,0.0,0.0,0.0,0.0,0.0,95.0,83.0,93.0,39.0,17.0,10.0,27.0,13.0,15.0,0.0,0.0
31.441,52,53267.0,552.0,88.0,600.0,600.0,0.0,1.0,0.0,0.0,0.458,0.021,0.5,0.5,0.465,0.035,0.508,0.514,0.0,0.0,-1.45,-5.29,-0.06,0.0,0.0,0.0,0.0,0.0,0.0,0.0,0.0,1.0,0.0,0.0,0.0,0.0,-0.0,0.0,0.0,0.0,0.0,0.0,0.0,0.0,0.0,95.0,83.0,93.0,39.0,17.0,10.0,27.0,13.0,15.0,0.0,0.0
31.505,53,53320.0,552.0,88.0,600.0,600.0,0.0,1.0,0.0,0.0,0.458,0.021,0.5,0.5,0.465,0.035,0.508,0.514,0.0,0.0,-1.45,-5.29,-0.06,0.0,0.0,0.0,0.0,0.0,0.0,0.0,0.0,1.0,0.0,0.0,0.0,0.0,-0.0,0.0,0.0,0.0,0.0,0.0,0.0,0.0,0.0,95.0,83.0,93.0,39.0,17.0,10.0,27.0,13.0,15.0,0.0,0.0
31.572,52,53372.0,552.0,88.0,600.0,600.0,0.0,1.0,0.0,0.0,0.458,0.021,0.5,0.5,0.465,0.035,0.508,0.514,0.0,0.0,-1.44,-5.3,-0.06,0.0,0.0,0.0,0.0,0.0,0.0,0.0,0.0,1.0,0.0,0.0,0.0,0.0,-0.1,0.0,0.0,0.0,0.0,0.0,0.0,0.0,0.0,95.0,83.0,93.0,39.0,17.0,10.0,27.0,13.0,15.0,0.0,0.0
31.605,52,53424.0,552.0,88.0,600.0,600.0,0.0,1.0,0.0,0.0,0.458,0.021,0.5,0.5,0.465,0.035,0.508,0.514,0.0,0.0,-1.44,-5.3,-0.06,0.0,0.0,0.0,0.0,0.0,0.0,0.0,0.0,1.0,0.0,0.0,0.0,0.0,-0.1,0.0,0.0,0.0,0.0,0.0,0.0,0.0,0.0,95.0,83.0,93.0,39.0,17.0,10.0,27.0,13.0,15.0,0.0,0.0
31.671,52,53476.0,552.0,88.0,600.0,600.0,0.0,1.0,0.0,0.0,0.458,0.021,0.5,0.5,0.466,0.035,0.508,0.514,0.0,0.0,-1.44,-5.3,-0.06,0.0,0.0,0.0,0.0,0.0,0.0,0.0,0.0,1.0,0.0,0.0,0.0,0.0,-0.1,0.0,0.0,0.0,0.0,0.0,0.0,0.0,0.0,95.0,83.0,93.0,39.0,17.0,10.0,27.0,13.0,15.0,0.0,1.0
31.704,53,53529.0,553.0,88.0,600.0,600.0,0.0,1.0,0.0,0.0,0.458,0.021,0.5,0.5,0.466,0.035,0.508,0.514,0.0,0.0,-1.43,-5.3,-0.05,0.0,0.0,0.0,0.0,0.0,0.0,0.0,0.0,1.0,0.0,0.0,0.0,0.0,-0.0,0.0,0.0,0.0,0.0,0.0,0.0,0.0,0.0,95.0,83.0,93.0,39.0,17.0,10.0,27.0,13.0,15.0,0.0,0.0
31.775,52,53581.0,553.0,88.0,600.0,600.0,0.0,1.0,0.0,0.0,0.458,0.021,0.5,0.5,0.466,0.035,0.508,0.514,0.0,0.0,-1.43,-5.3,-0.06,0.0,0.0,0.0,0.0,0.0,0.0,0.0,0.0,1.0,0.0,0.0,0.0,0.0,-0.0,0.0,0.0,0.0,0.0,0.0,0.0,0.0,0.0,95.0,83.0,93.0,39.0,17.0,10.0,27.0,13.0,15.0,0.0,0.0
31.81,53,53634.0,553.0,88.0,600.0,600.0,0.0,1.0,0.0,0.0,0.458,0.021,0.5,0.5,0.466,0.035,0.508,0.514,0.0,0.0,-1.43,-5.3,-0.06,0.0,0.0,0.0,0.0,0.0,0.0,0.0,0.0,1.0,0.0,0.0,0.0,0.0,-0.0,0.0,0.0,0.0,0.0,0.0,0.0,0.0,0.0,95.0,83.0,93.0,39.0,17.0,10.0,27.0,13.0,15.0,0.0,0.0
31.875,52,53686.0,553.0,88.0,600.0,600.0,0.0,1.0,0.0,0.0,0.459,0.021,0.5,0.5,0.466,0.035,0.508,0.514,0.0,0.0,-1.43,-5.3,-0.06,0.0,0.0,0.0,0.0,0.0,0.0,0.0,0.0,1.0,0.0,0.0,0.0,0.0,-0.0,0.0,0.0,0.0,0.0,0.0,0.0,0.0,0.0,95.0,83.0,93.0,39.0,17.0,10.0,27.0,13.0,15.0,0.0,1.0
31.943,53,53739.0,555.0,88.0,600.0,600.0,0.0,1.0,0.0,0.0,0.459,0.021,0.5,0.5,0.466,0.035,0.508,0.514,0.0,0.0,-1.43,-5.3,-0.06,0.0,0.0,0.0,0.0,0.0,0.0,0.0,0.0,1.0,0.0,0.0,0.0,0.0,-0.0,0.0,0.0,0.0,0.0,0.0,0.0,0.0,0.0,95.0,83.0,93.0,39.0,17.0,10.0,27.0,13.0,15.0,0.0,0.0
31.976,51,53790.0,555.0,88.0,600.0,600.0,0.0,1.0,0.0,0.0,0.459,0.021,0.5,0.5,0.466,0.035,0.508,0.514,0.0,0.0,-1.44,-5.3,-0.06,0.0,0.0,0.0,0.0,0.0,0.0,0.0,0.0,1.0,0.0,0.0,0.0,0.0,-0.0,0.0,0.0,0.0,0.0,0.0,0.0,0.0,0.0,95.0,83.0,93.0,39.0,17.0,10.0,27.0,13.0,15.0,0.0,0.0
32.008,35,53825.0,555.0,88.0,600.0,600.0,0.0,1.0,0.0,0.0,0.459,0.021,0.5,0.5,0.466,0.035,0.508,0.514,0.0,0.0,-1.44,-5.3,-0.06,0.0,0.0,0.0,0.0,0.0,0.0,0.0,0.0,1.0,0.0,0.0,0.0,0.0,-0.0,0.0,0.0,0.0,0.0,0.0,0.0,0.0,0.0,95.0,83.0,93.0,39.0,17.0,10.0,27.0,13.0,15.0,0.0,0.0
32.106,100,53925.0,555.0,88.0,600.0,600.0,0.0,1.0,0.0,0.0,0.46,0.021,0.5,0.5,0.468,0.035,0.508,0.514,0.0,0.0,-1.43,-5.29,-0.06,0.0,0.0,0.0,0.0,0.0,0.0,0.0,0.0,1.0,0.0,0.0,0.0,0.0,-0.0,0.0,0.0,0.0,0.0,0.0,0.0,0.0,0.0,95.0,83.0,93.0,39.0,17.0,10.0,27.0,13.0,15.0,0.0,0.0
32.171,52,53977.0,555.0,88.0,600.0,600.0,0.0,1.0,0.0,0.0,0.46,0.021,0.5,0.5,0.468,0.035,0.508,0.514,0.0,0.0,-1.43,-5.28,-0.06,0.0,0.0,0.0,0.0,0.0,0.0,0.0,0.0,1.0,0.0,0.0,0.0,0.0,-0.0,0.0,0.0,0.0,0.0,0.0,0.0,0.0,0.0,95.0,83.0,93.0,39.0,17.0,10.0,27.0,13.0,15.0,0.0,0.0
32.203,53,54030.0,555.0,88.0,600.0,600.0,0.0,1.0,0.0,0.0,0.46,0.021,0.5,0.5,0.468,0.035,0.508,0.514,0.0,0.0,-1.43,-5.28,-0.06,0.0,0.0,0.0,0.0,0.0,0.0,0.0,0.0,1.0,0.0,0.0,0.0,0.0,0.0,0.0,0.0,0.0,0.0,0.0,0.0,0.0,0.0,95.0,83.0,93.0,39.0,17.0,10.0,27.0,13.0,15.0,0.0,0.0
32.266,52,54082.0,555.0,88.0,600.0,600.0,0.0,1.0,0.0,0.0,0.46,0.021,0.5,0.5,0.468,0.035,0.508,0.514,0.0,0.0,-1.43,-5.29,-0.06,0.0,0.0,0.0,0.0,0.0,0.0,0.0,0.0,1.0,0.0,0.0,0.0,0.0,-0.0,0.0,0.0,0.0,0.0,0.0,0.0,0.0,0.0,95.0,83.0,93.0,39.0,17.0,10.0,27.0,13.0,15.0,0.0,0.0
32.341,53,54135.0,552.0,88.0,600.0,600.0,0.0,1.0,0.0,0.0,0.46,0.021,0.5,0.5,0.468,0.035,0.508,0.514,0.0,0.0,-1.43,-5.28,-0.06,0.0,0.0,0.0,0.0,0.0,0.0,0.0,0.0,1.0,0.0,0.0,0.0,0.0,-0.0,0.0,0.0,0.0,0.0,0.0,0.0,0.0,0.0,95.0,83.0,93.0,39.0,17.0,10.0,27.0,13.0,15.0,0.0,0.0
32.375,52,54187.0,552.0,88.0,600.0,600.0,0.0,1.0,0.0,0.0,0.46,0.021,0.5,0.5,0.468,0.035,0.508,0.514,0.0,0.0,-1.44,-5.28,-0.06,0.0,0.0,0.0,0.0,0.0,0.0,0.0,0.0,1.0,0.0,0.0,0.0,0.0,-0.0,0.0,0.0,0.0,0.0,0.0,0.0,0.0,0.0,95.0,83.0,93.0,39.0,17.0,10.0,27.0,13.0,15.0,0.0,0.0
32.408,36,54223.0,552.0,88.0,600.0,600.0,0.0,1.0,0.0,0.0,0.46,0.021,0.5,0.5,0.468,0.035,0.508,0.514,0.0,0.0,-1.44,-5.28,-0.06,0.0,0.0,0.0,0.0,0.0,0.0,0.0,0.0,1.0,0.0,0.0,0.0,0.0,-0.0,0.0,0.0,0.0,0.0,0.0,0.0,0.0,0.0,95.0,83.0,93.0,39.0,17.0,10.0,27.0,13.0,15.0,0.0,0.0
32.507,98,54321.0,551.0,88.0,600.0,600.0,0.0,1.0,0.0,0.0,0.459,0.021,0.5,0.5,0.467,0.035,0.508,0.514,0.0,0.0,-1.44,-5.28,-0.06,0.0,0.0,0.0,0.0,0.0,0.0,0.0,0.0,1.0,0.0,0.0,0.0,0.0,-0.0,0.0,0.0,0.0,0.0,0.0,0.0,0.0,0.0,95.0,83.0,93.0,39.0,17.0,10.0,27.0,13.0,15.0,0.0,1.0
32.575,54,54375.0,551.0,89.0,600.0,600.0,0.0,1.0,0.0,0.0,0.459,0.021,0.5,0.5,0.467,0.035,0.508,0.514,0.0,0.0,-1.44,-5.29,-0.06,0.0,0.0,0.0,0.0,0.0,0.0,0.0,0.0,1.0,0.0,0.0,0.0,0.0,0.0,0.0,0.0,0.0,0.0,0.0,0.0,0.0,0.0,95.0,83.0,93.0,39.0,17.0,10.0,27.0,13.0,15.0,0.0,0.0
32.608,52,54427.0,551.0,89.0,600.0,600.0,0.0,1.0,0.0,0.0,0.459,0.021,0.5,0.5,0.467,0.035,0.508,0.514,0.0,0.0,-1.44,-5.29,-0.06,0.0,0.0,0.0,0.0,0.0,0.0,0.0,0.0,1.0,0.0,0.0,0.0,0.0,-0.0,0.0,0.0,0.0,0.0,0.0,0.0,0.0,0.0,95.0,83.0,93.0,39.0,17.0,10.0,27.0,13.0,15.0,0.0,1.0
32.673,52,54479.0,551.0,89.0,600.0,600.0,0.0,1.0,0.0,0.0,0.458,0.021,0.5,0.5,0.466,0.035,0.508,0.514,0.0,0.0,-1.44,-5.29,-0.06,0.0,0.0,0.0,0.0,0.0,0.0,0.0,0.0,1.0,0.0,0.0,0.0,0.0,0.0,0.0,0.0,0.0,0.0,0.0,0.0,0.0,0.0,95.0,83.0,93.0,39.0,17.0,10.0,27.0,13.0,15.0,0.0,1.0
32.74,53,54532.0,551.0,89.0,600.0,600.0,0.0,1.0,0.0,0.0,0.458,0.021,0.5,0.5,0.466,0.035,0.508,0.514,0.0,0.0,-1.43,-5.29,-0.06,0.0,0.0,0.0,0.0,0.0,0.0,0.0,0.0,1.0,0.0,0.0,0.0,0.0,-0.0,0.0,0.0,0.0,0.0,0.0,0.0,0.0,0.0,95.0,83.0,93.0,39.0,17.0,10.0,27.0,13.0,15.0,0.0,0.0
32.773,52,54584.0,551.0,90.0,600.0,600.0,0.0,1.0,0.0,0.0,0.458,0.021,0.5,0.5,0.466,0.035,0.508,0.514,0.0,0.0,-1.43,-5.3,-0.06,0.0,0.0,0.0,0.0,0.0,0.0,0.0,0.0,1.0,0.0,0.0,0.0,0.0,0.0,0.0,0.0,0.0,0.0,0.0,0.0,0.0,0.0,95.0,83.0,93.0,39.0,17.0,10.0,27.0,13.0,15.0,0.0,0.0
32.804,35,54619.0,551.0,90.0,600.0,600.0,0.0,1.0,0.0,0.0,0.458,0.021,0.5,0.5,0.466,0.035,0.508,0.514,0.0,0.0,-1.43,-5.3,-0.06,0.0,0.0,0.0,0.0,0.0,0.0,0.0,0.0,1.0,0.0,0.0,0.0,0.0,0.0,0.0,0.0,0.0,0.0,0.0,0.0,0.0,0.0,95.0,83.0,93.0,39.0,17.0,10.0,27.0,13.0,15.0,0.0,0.0
32.899,98,54717.0,552.0,90.0,600.0,600.0,0.0,1.0,0.0,0.0,0.458,0.022,0.5,0.5,0.466,0.036,0.508,0.514,0.0,0.0,-1.43,-5.3,-0.06,0.0,0.0,0.0,0.0,0.0,0.0,0.0,0.0,1.0,0.0,0.0,0.0,0.0,0.0,0.0,0.0,0.0,0.0,0.0,0.0,0.0,0.0,95.0,83.0,93.0,39.0,17.0,10.0,27.0,13.0,15.0,0.0,0.0
32.973,52,54769.0,552.0,90.0,600.0,600.0,0.0,1.0,0.0,0.0,0.458,0.022,0.5,0.5,0.466,0.036,0.508,0.514,0.0,0.0,-1.43,-5.3,-0.06,0.0,0.0,0.0,0.0,0.0,0.0,0.0,0.0,1.0,0.0,0.0,0.0,0.0,0.0,0.0,0.0,0.0,0.0,0.0,0.0,0.0,0.0,95.0,83.0,93.0,39.0,17.0,10.0,27.0,13.0,15.0,0.0,0.0
33.006,35,54804.0,552.0,90.0,600.0,600.0,0.0,1.0,0.0,0.0,0.458,0.022,0.5,0.5,0.466,0.036,0.508,0.514,0.0,0.0,-1.43,-5.3,-0.06,0.0,0.0,0.0,0.0,0.0,0.0,0.0,0.0,1.0,0.0,0.0,0.0,0.0,0.1,0.0,0.0,0.0,0.0,0.0,0.0,0.0,0.0,95.0,83.0,93.0,39.0,17.0,10.0,27.0,13.0,15.0,0.0,0.0
33.105,101,54905.0,551.0,90.0,600.0,600.0,0.0,1.0,0.0,0.0,0.458,0.022,0.5,0.5,0.466,0.036,0.508,0.514,0.0,0.0,-1.43,-5.3,-0.06,0.0,0.0,0.0,0.0,0.0,0.0,0.0,0.0,1.0,0.0,0.0,0.0,0.0,0.0,0.0,0.0,0.0,0.0,0.0,0.0,0.0,0.0,95.0,83.0,93.0,39.0,17.0,10.0,27.0,13.0,15.0,0.0,0.0
33.146,53,54958.0,551.0,90.0,600.0,600.0,0.0,1.0,0.0,0.0,0.458,0.022,0.5,0.5,0.466,0.036,0.508,0.514,0.0,0.0,-1.43,-5.3,-0.06,0.0,0.0,0.0,0.0,0.0,0.0,0.0,0.0,1.0,0.0,0.0,0.0,0.0,0.0,0.0,0.0,0.0,0.0,0.0,0.0,0.0,0.0,95.0,83.0,93.0,39.0,17.0,10.0,27.0,13.0,15.0,0.0,0.0
33.179,34,54992.0,551.0,90.0,600.0,600.0,0.0,1.0,0.0,0.0,0.458,0.022,0.5,0.5,0.466,0.036,0.508,0.514,0.0,0.0,-1.43,-5.3,-0.06,0.0,0.0,0.0,0.0,0.0,0.0,0.0,0.0,1.0,0.0,0.0,0.0,0.0,0.0,0.0,0.0,0.0,0.0,0.0,0.0,0.0,0.0,95.0,83.0,93.0,39.0,17.0,10.0,27.0,13.0,15.0,0.0,0.0
33.277,99,55091.0,554.0,90.0,600.0,600.0,0.0,1.0,0.0,0.0,0.458,0.022,0.5,0.5,0.465,0.036,0.508,0.514,0.0,0.0,-1.43,-5.3,-0.06,0.0,0.0,0.0,0.0,0.0,0.0,0.0,0.0,1.0,0.0,0.0,0.0,0.0,0.0,0.0,0.0,0.0,0.0,0.0,0.0,0.0,0.0,95.0,83.0,93.0,39.0,17.0,10.0,27.0,13.0,15.0,0.0,0.0
33.345,52,55143.0,554.0,90.0,600.0,600.0,0.0,1.0,0.0,0.0,0.458,0.022,0.5,0.5,0.465,0.036,0.508,0.514,0.0,0.0,-1.43,-5.3,-0.06,0.0,0.0,0.0,0.0,0.0,0.0,0.0,0.0,1.0,0.0,0.0,0.0,0.0,0.0,0.0,0.0,0.0,0.0,0.0,0.0,0.0,0.0,95.0,83.0,93.0,39.0,17.0,10.0,27.0,13.0,15.0,0.0,0.0
33.377,35,55178.0,554.0,90.0,600.0,600.0,0.0,1.0,0.0,0.0,0.458,0.022,0.5,0.5,0.465,0.036,0.508,0.514,0.0,0.0,-1.43,-5.3,-0.06,0.0,0.0,0.0,0.0,0.0,0.0,0.0,0.0,1.0,0.0,0.0,0.0,0.0,0.0,0.0,0.0,0.0,0.0,0.0,0.0,0.0,0.0,95.0,83.0,93.0,39.0,17.0,10.0,27.0,13.0,15.0,0.0,0.0
33.477,99,55277.0,555.0,90.0,600.0,600.0,0.0,1.0,0.0,0.0,0.459,0.022,0.5,0.5,0.466,0.036,0.508,0.514,0.0,0.0,-1.43,-5.3,-0.06,0.0,0.0,0.0,0.0,0.0,0.0,0.0,0.0,1.0,0.0,0.0,0.0,0.0,0.3,0.0,0.0,0.0,0.0,0.0,0.0,0.0,0.0,95.0,83.0,93.0,39.0,17.0,10.0,27.0,13.0,15.0,0.0,0.0
33.509,52,55329.0,555.0,90.0,600.0,600.0,0.0,1.0,0.0,0.0,0.459,0.022,0.5,0.5,0.466,0.036,0.508,0.514,0.0,0.0,-1.43,-5.3,-0.06,0.0,0.0,0.0,0.0,0.0,0.0,0.0,0.0,1.0,0.0,0.0,0.0,0.0,0.2,0.0,0.0,0.0,0.0,0.0,0.0,0.0,0.0,95.0,83.0,93.0,39.0,17.0,10.0,27.0,13.0,15.0,0.0,0.0
33.577,52,55381.0,555.0,90.0,600.0,600.0,0.0,1.0,0.0,0.0,0.459,0.022,0.5,0.5,0.466,0.036,0.508,0.514,0.0,0.0,-1.43,-5.3,-0.06,0.0,0.0,0.0,0.0,0.0,0.0,0.0,0.0,1.0,0.0,0.0,0.0,0.0,0.2,0.0,0.0,0.0,0.0,0.0,0.0,0.0,0.0,95.0,83.0,93.0,39.0,17.0,10.0,27.0,13.0,15.0,0.0,0.0
33.609,52,55433.0,555.0,90.0,600.0,600.0,0.0,1.0,0.0,0.0,0.46,0.022,0.5,0.5,0.467,0.036,0.508,0.514,0.0,0.0,-1.44,-5.31,-0.06,0.0,0.0,0.0,0.0,0.0,0.0,0.0,0.0,1.0,0.0,0.0,0.0,0.0,0.2,0.0,0.0,0.0,0.0,0.0,0.0,0.0,0.0,95.0,83.0,93.0,39.0,17.0,10.0,27.0,13.0,15.0,0.0,0.0
33.672,53,55486.0,557.0,90.0,600.0,600.0,0.0,1.0,0.0,0.0,0.46,0.022,0.5,0.5,0.467,0.036,0.508,0.514,0.0,0.0,-1.44,-5.31,-0.06,0.0,0.0,0.0,0.0,0.0,0.0,0.0,0.0,1.0,0.0,0.0,0.0,0.0,0.2,0.0,0.0,0.0,0.0,0.0,0.0,0.0,0.0,95.0,83.0,93.0,39.0,17.0,10.0,27.0,13.0,15.0,0.0,0.0
33.744,51,55537.0,557.0,89.0,600.0,600.0,0.0,1.0,0.0,0.0,0.46,0.022,0.5,0.5,0.467,0.036,0.508,0.514,0.0,0.0,-1.44,-5.31,-0.06,0.0,0.0,0.0,0.0,0.0,0.0,0.0,0.0,1.0,0.0,0.0,0.0,0.0,0.1,0.0,0.0,0.0,0.0,0.0,0.0,0.0,0.0,95.0,83.0,93.0,39.0,17.0,10.0,27.0,13.0,15.0,0.0,1.0
33.777,53,55590.0,557.0,89.0,600.0,600.0,0.0,1.0,0.0,0.0,0.46,0.022,0.5,0.5,0.467,0.036,0.508,0.514,0.0,0.0,-1.43,-5.31,-0.06,0.0,0.0,0.0,0.0,0.0,0.0,0.0,0.0,1.0,0.0,0.0,0.0,0.0,0.2,0.0,0.0,0.0,0.0,0.0,0.0,0.0,0.0,95.0,83.0,93.0,39.0,17.0,10.0,27.0,13.0,15.0,0.0,0.0
33.844,52,55642.0,557.0,89.0,600.0,600.0,0.0,1.0,0.0,0.0,0.462,0.022,0.5,0.5,0.469,0.036,0.508,0.514,0.0,0.0,-1.43,-5.31,-0.06,0.0,0.0,0.0,0.0,0.0,0.0,0.0,0.0,1.0,0.0,0.0,0.0,0.0,0.2,0.0,0.0,0.0,0.0,0.0,0.0,0.0,0.0,95.0,83.0,93.0,39.0,17.0,10.0,27.0,13.0,15.0,0.0,0.0
33.877,53,55695.0,554.0,89.0,600.0,600.0,0.0,1.0,0.0,0.0,0.462,0.022,0.5,0.5,0.469,0.036,0.508,0.514,0.0,0.0,-1.44,-5.31,-0.06,0.0,0.0,0.0,0.0,0.0,0.0,0.0,0.0,1.0,0.0,0.0,0.0,0.0,0.1,0.0,0.0,0.0,0.0,0.0,0.0,0.0,0.0,95.0,83.0,93.0,39.0,17.0,10.0,27.0,13.0,15.0,0.0,0.0
33.944,51,55746.0,554.0,88.0,600.0,600.0,0.0,1.0,0.0,0.0,0.462,0.022,0.5,0.5,0.469,0.036,0.508,0.514,0.0,0.0,-1.44,-5.31,-0.06,0.0,0.0,0.0,0.0,0.0,0.0,0.0,0.0,1.0,0.0,0.0,0.0,0.0,0.1,0.0,0.0,0.0,0.0,0.0,0.0,0.0,0.0,95.0,83.0,93.0,39.0,17.0,10.0,27.0,13.0,15.0,0.0,1.0
33.977,35,55781.0,554.0,88.0,600.0,600.0,0.0,1.0,0.0,0.0,0.462,0.022,0.5,0.5,0.469,0.036,0.508,0.514,0.0,0.0,-1.44,-5.31,-0.06,0.0,0.0,0.0,0.0,0.0,0.0,0.0,0.0,1.0,0.0,0.0,0.0,0.0,0.0,0.0,0.0,0.0,0.0,0.0,0.0,0.0,0.0,95.0,83.0,93.0,39.0,17.0,10.0,27.0,13.0,15.0,0.0,0.0
34.075,99,55880.0,555.0,88.0,600.0,600.0,0.0,1.0,0.0,0.0,0.461,0.021,0.5,0.5,0.469,0.036,0.508,0.514,0.0,0.0,-1.44,-5.31,-0.06,0.0,0.0,0.0,0.0,0.0,0.0,0.0,0.0,1.0,0.0,0.0,0.0,0.0,0.0,0.0,0.0,0.0,0.0,0.0,0.0,0.0,0.0,95.0,83.0,93.0,39.0,17.0,10.0,27.0,13.0,15.0,0.0,0.0
34.107,51,55931.0,555.0,88.0,600.0,600.0,0.0,1.0,0.0,0.0,0.461,0.021,0.5,0.5,0.469,0.036,0.508,0.514,0.0,0.0,-1.45,-5.31,-0.06,0.0,0.0,0.0,0.0,0.0,0.0,0.0,0.0,1.0,0.0,0.0,0.0,0.0,0.0,0.0,0.0,0.0,0.0,0.0,0.0,0.0,0.0,95.0,83.0,93.0,39.0,17.0,10.0,27.0,13.0,15.0,0.0,0.0
34.174,53,55984.0,555.0,88.0,600.0,600.0,0.0,1.0,0.0,0.0,0.461,0.021,0.5,0.5,0.469,0.036,0.508,0.514,0.0,0.0,-1.45,-5.31,-0.06,0.0,0.0,0.0,0.0,0.0,0.0,0.0,0.0,1.0,0.0,0.0,0.0,0.0,0.0,0.0,0.0,0.0,0.0,0.0,0.0,0.0,0.0,95.0,83.0,93.0,39.0,17.0,10.0,27.0,13.0,15.0,0.0,0.0
34.239,52,56036.0,555.0,88.0,600.0,600.0,0.0,1.0,0.0,0.0,0.461,0.021,0.5,0.5,0.468,0.035,0.508,0.514,0.0,0.0,-1.44,-5.32,-0.06,0.0,0.0,0.0,0.0,0.0,0.0,0.0,0.0,1.0,0.0,0.0,0.0,0.0,0.0,0.0,0.0,0.0,0.0,0.0,0.0,0.0,0.0,95.0,83.0,93.0,39.0,17.0,10.0,27.0,13.0,15.0,0.0,0.0
34.272,52,56088.0,554.0,88.0,600.0,600.0,0.0,1.0,0.0,0.0,0.461,0.021,0.5,0.5,0.468,0.035,0.508,0.514,0.0,0.0,-1.44,-5.32,-0.06,0.0,0.0,0.0,0.0,0.0,0.0,0.0,0.0,1.0,0.0,0.0,0.0,0.0,0.0,0.0,0.0,0.0,0.0,0.0,0.0,0.0,0.0,95.0,83.0,93.0,39.0,17.0,10.0,27.0,13.0,15.0,0.0,0.0
34.338,53,56141.0,554.0,88.0,600.0,600.0,0.0,1.0,0.0,0.0,0.461,0.021,0.5,0.5,0.468,0.035,0.508,0.514,0.0,0.0,-1.44,-5.32,-0.06,0.0,0.0,0.0,0.0,0.0,0.0,0.0,0.0,1.0,0.0,0.0,0.0,0.0,0.0,0.0,0.0,0.0,0.0,0.0,0.0,0.0,0.0,95.0,83.0,93.0,39.0,17.0,10.0,27.0,13.0,15.0,0.0,0.0
34.37,52,56193.0,554.0,88.0,600.0,600.0,0.0,1.0,0.0,0.0,0.461,0.021,0.5,0.5,0.468,0.035,0.508,0.514,0.0,0.0,-1.44,-5.32,-0.06,0.0,0.0,0.0,0.0,0.0,0.0,0.0,0.0,1.0,0.0,0.0,0.0,0.0,0.0,0.0,0.0,0.0,0.0,0.0,0.0,0.0,0.0,95.0,83.0,93.0,39.0,17.0,10.0,27.0,13.0,15.0,0.0,0.0
34.436,52,56245.0,554.0,88.0,600.0,600.0,0.0,1.0,0.0,0.0,0.46,0.021,0.5,0.5,0.468,0.035,0.508,0.514,0.0,0.0,-1.44,-5.32,-0.06,0.0,0.0,0.0,0.0,0.0,0.0,0.0,0.0,1.0,0.0,0.0,0.0,0.0,0.0,0.0,0.0,0.0,0.0,0.0,0.0,0.0,0.0,95.0,83.0,93.0,39.0,17.0,10.0,27.0,13.0,15.0,0.0,0.0
34.502,53,56298.0,557.0,88.0,600.0,600.0,0.0,1.0,0.0,0.0,0.46,0.021,0.5,0.5,0.468,0.035,0.508,0.514,0.0,0.0,-1.44,-5.32,-0.06,0.0,0.0,0.0,0.0,0.0,0.0,0.0,0.0,1.0,0.0,0.0,0.0,0.0,0.0,0.0,0.0,0.0,0.0,0.0,0.0,0.0,0.0,95.0,83.0,93.0,39.0,17.0,10.0,27.0,13.0,15.0,0.0,0.0
34.543,52,56350.0,557.0,88.0,600.0,600.0,0.0,1.0,0.0,0.0,0.46,0.021,0.5,0.5,0.468,0.035,0.508,0.514,0.0,0.0,-1.44,-5.32,-0.06,0.0,0.0,0.0,0.0,0.0,0.0,0.0,0.0,1.0,0.0,0.0,0.0,0.0,0.0,0.0,0.0,0.0,0.0,0.0,0.0,0.0,0.0,95.0,83.0,93.0,39.0,17.0,10.0,27.0,13.0,15.0,0.0,0.0
34.608,52,56402.0,557.0,88.0,600.0,600.0,0.0,1.0,0.0,0.0,0.46,0.021,0.5,0.5,0.468,0.035,0.508,0.514,0.0,0.0,-1.44,-5.32,-0.06,0.0,0.0,0.0,0.0,0.0,0.0,0.0,0.0,1.0,0.0,0.0,0.0,0.0,0.0,0.0,0.0,0.0,0.0,0.0,0.0,0.0,0.0,95.0,83.0,93.0,39.0,17.0,10.0,27.0,13.0,15.0,0.0,0.0
34.64,52,56454.0,557.0,88.0,600.0,600.0,0.0,1.0,0.0,0.0,0.462,0.021,0.5,0.5,0.469,0.035,0.508,0.514,0.0,0.0,-1.43,-5.32,-0.06,0.0,0.0,0.0,0.0,0.0,0.0,0.0,0.0,1.0,0.0,0.0,0.0,0.0,-0.0,0.0,0.0,0.0,0.0,0.0,0.0,0.0,0.0,95.0,83.0,93.0,39.0,17.0,10.0,27.0,13.0,15.0,0.0,0.0
34.705,53,56507.0,555.0,88.0,600.0,600.0,0.0,1.0,0.0,0.0,0.462,0.021,0.5,0.5,0.469,0.035,0.508,0.514,0.0,0.0,-1.43,-5.32,-0.06,0.0,0.0,0.0,0.0,0.0,0.0,0.0,0.0,1.0,0.0,0.0,0.0,0.0,-0.0,0.0,0.0,0.0,0.0,0.0,0.0,0.0,0.0,95.0,83.0,93.0,39.0,17.0,10.0,27.0,13.0,15.0,0.0,0.0
34.741,52,56559.0,555.0,88.0,600.0,600.0,0.0,1.0,0.0,0.0,0.462,0.021,0.5,0.5,0.469,0.035,0.508,0.514,0.0,0.0,-1.43,-5.32,-0.06,0.0,0.0,0.0,0.0,0.0,0.0,0.0,0.0,1.0,0.0,0.0,0.0,0.0,-0.0,0.0,0.0,0.0,0.0,0.0,0.0,0.0,0.0,95.0,83.0,93.0,39.0,17.0,10.0,27.0,13.0,15.0,0.0,0.0
34.774,35,56594.0,555.0,88.0,600.0,600.0,0.0,1.0,0.0,0.0,0.462,0.021,0.5,0.5,0.469,0.035,0.508,0.514,0.0,0.0,-1.42,-5.31,-0.06,0.0,0.0,0.0,0.0,0.0,0.0,0.0,0.0,1.0,0.0,0.0,0.0,0.0,-0.0,0.0,0.0,0.0,0.0,0.0,0.0,0.0,0.0,95.0,83.0,93.0,39.0,17.0,10.0,27.0,13.0,15.0,0.0,0.0
34.871,98,56692.0,557.0,88.0,600.0,600.0,0.0,1.0,0.0,0.0,0.462,0.021,0.5,0.5,0.469,0.035,0.508,0.514,0.0,0.0,-1.42,-5.31,-0.06,0.0,0.0,0.0,0.0,0.0,0.0,0.0,0.0,1.0,0.0,0.0,0.0,0.0,-0.0,0.0,0.0,0.0,0.0,0.0,0.0,0.0,0.0,95.0,83.0,93.0,39.0,17.0,10.0,27.0,13.0,15.0,0.0,0.0
34.938,52,56744.0,557.0,88.0,600.0,600.0,0.0,1.0,0.0,0.0,0.462,0.021,0.5,0.5,0.469,0.035,0.508,0.514,0.0,0.0,-1.42,-5.31,-0.06,0.0,0.0,0.0,0.0,0.0,0.0,0.0,0.0,1.0,0.0,0.0,0.0,0.0,-0.0,0.0,0.0,0.0,0.0,0.0,0.0,0.0,0.0,95.0,83.0,93.0,39.0,17.0,10.0,27.0,13.0,15.0,0.0,0.0
34.97,37,56781.0,557.0,88.0,600.0,600.0,0.0,1.0,0.0,0.0,0.462,0.021,0.5,0.5,0.469,0.035,0.508,0.514,0.0,0.0,-1.42,-5.31,-0.06,0.0,0.0,0.0,0.0,0.0,0.0,0.0,0.0,1.0,0.0,0.0,0.0,0.0,0.1,0.0,0.0,0.0,0.0,0.0,0.0,0.0,0.0,95.0,83.0,93.0,39.0,17.0,10.0,27.0,13.0,15.0,0.0,0.0
35.065,98,56879.0,557.0,88.0,600.0,600.0,0.0,1.0,0.0,0.0,0.462,0.021,0.5,0.5,0.47,0.035,0.508,0.514,0.0,0.0,-1.42,-5.31,-0.06,0.0,0.0,0.0,0.0,0.0,0.0,0.0,0.0,1.0,0.0,0.0,0.0,0.0,0.0,0.0,0.0,0.0,0.0,0.0,0.0,0.0,0.0,95.0,83.0,93.0,39.0,17.0,10.0,27.0,13.0,15.0,0.0,0.0
35.14,52,56931.0,557.0,88.0,600.0,600.0,0.0,1.0,0.0,0.0,0.462,0.021,0.5,0.5,0.47,0.035,0.508,0.514,0.0,0.0,-1.42,-5.31,-0.06,0.0,0.0,0.0,0.0,0.0,0.0,0.0,0.0,1.0,0.0,0.0,0.0,0.0,0.0,0.0,0.0,0.0,0.0,0.0,0.0,0.0,0.0,95.0,83.0,93.0,39.0,17.0,10.0,27.0,13.0,15.0,0.0,0.0
35.173,53,56984.0,557.0,88.0,600.0,600.0,0.0,1.0,0.0,0.0,0.462,0.021,0.5,0.5,0.47,0.035,0.508,0.514,0.0,0.0,-1.42,-5.31,-0.06,0.0,0.0,0.0,0.0,0.0,0.0,0.0,0.0,1.0,0.0,0.0,0.0,0.0,0.1,0.0,0.0,0.0,0.0,0.0,0.0,0.0,0.0,95.0,83.0,93.0,39.0,17.0,10.0,27.0,13.0,15.0,0.0,0.0
35.239,53,57037.0,557.0,88.0,600.0,600.0,0.0,1.0,0.0,0.0,0.463,0.021,0.5,0.5,0.47,0.035,0.508,0.514,0.0,0.0,-1.42,-5.31,-0.06,0.0,0.0,0.0,0.0,0.0,0.0,0.0,0.0,1.0,0.0,0.0,0.0,0.0,0.0,0.0,0.0,0.0,0.0,0.0,0.0,0.0,0.0,95.0,83.0,93.0,39.0,17.0,10.0,27.0,13.0,15.0,0.0,0.0
35.272,52,57089.0,555.0,88.0,600.0,600.0,0.0,1.0,0.0,0.0,0.463,0.021,0.5,0.5,0.47,0.035,0.508,0.514,0.0,0.0,-1.42,-5.31,-0.06,0.0,0.0,0.0,0.0,0.0,0.0,0.0,0.0,1.0,0.0,0.0,0.0,0.0,0.0,0.0,0.0,0.0,0.0,0.0,0.0,0.0,0.0,95.0,83.0,93.0,39.0,17.0,10.0,27.0,13.0,15.0,0.0,1.0
35.338,52,57141.0,555.0,89.0,600.0,600.0,0.0,1.0,0.0,0.0,0.463,0.021,0.5,0.5,0.47,0.035,0.508,0.514,0.0,0.0,-1.42,-5.31,-0.06,0.0,0.0,0.0,0.0,0.0,0.0,0.0,0.0,1.0,0.0,0.0,0.0,0.0,0.0,0.0,0.0,0.0,0.0,0.0,0.0,0.0,0.0,95.0,83.0,93.0,39.0,17.0,10.0,27.0,13.0,15.0,0.0,0.0
35.371,53,57194.0,555.0,89.0,600.0,600.0,0.0,1.0,0.0,0.0,0.463,0.021,0.5,0.5,0.47,0.035,0.508,0.514,0.0,0.0,-1.42,-5.31,-0.06,0.0,0.0,0.0,0.0,0.0,0.0,0.0,0.0,1.0,0.0,0.0,0.0,0.0,0.0,0.0,0.0,0.0,0.0,0.0,0.0,0.0,0.0,95.0,83.0,93.0,39.0,17.0,10.0,27.0,13.0,15.0,0.0,0.0
35.437,52,57246.0,555.0,89.0,600.0,600.0,0.0,1.0,0.0,0.0,0.462,0.021,0.5,0.5,0.47,0.035,0.508,0.514,0.0,0.0,-1.42,-5.31,-0.06,0.0,0.0,0.0,0.0,0.0,0.0,0.0,0.0,1.0,0.0,0.0,0.0,0.0,0.0,0.0,0.0,0.0,0.0,0.0,0.0,0.0,0.0,95.0,83.0,93.0,39.0,17.0,10.0,27.0,13.0,15.0,0.0,0.0
35.503,54,57300.0,553.0,89.0,600.0,600.0,0.0,1.0,0.0,0.0,0.462,0.021,0.5,0.5,0.47,0.035,0.508,0.514,0.0,0.0,-1.43,-5.31,-0.06,0.0,0.0,0.0,0.0,0.0,0.0,0.0,0.0,1.0,0.0,0.0,0.0,0.0,0.0,0.0,0.0,0.0,0.0,0.0,0.0,0.0,0.0,95.0,83.0,93.0,39.0,17.0,10.0,27.0,13.0,15.0,0.0,1.0
35.539,52,57352.0,553.0,89.0,600.0,600.0,0.0,1.0,0.0,0.0,0.462,0.021,0.5,0.5,0.47,0.035,0.508,0.514,0.0,0.0,-1.43,-5.31,-0.06,0.0,0.0,0.0,0.0,0.0,0.0,0.0,0.0,1.0,0.0,0.0,0.0,0.0,0.0,0.0,0.0,0.0,0.0,0.0,0.0,0.0,0.0,95.0,83.0,93.0,39.0,17.0,10.0,27.0,13.0,15.0,0.0,0.0
35.603,53,57405.0,553.0,89.0,600.0,600.0,0.0,1.0,0.0,0.0,0.462,0.021,0.5,0.5,0.47,0.035,0.508,0.514,0.0,0.0,-1.43,-5.31,-0.06,0.0,0.0,0.0,0.0,0.0,0.0,0.0,0.0,1.0,0.0,0.0,0.0,0.0,-0.0,0.0,0.0,0.0,0.0,0.0,0.0,0.0,0.0,95.0,83.0,93.0,39.0,17.0,10.0,27.0,13.0,15.0,0.0,0.0
35.636,52,57457.0,553.0,89.0,600.0,600.0,0.0,1.0,0.0,0.0,0.46,0.021,0.5,0.5,0.468,0.035,0.508,0.514,0.0,0.0,-1.44,-5.32,-0.06,0.0,0.0,0.0,0.0,0.0,0.0,0.0,0.0,1.0,0.0,0.0,0.0,0.0,0.0,0.0,0.0,0.0,0.0,0.0,0.0,0.0,0.0,95.0,83.0,93.0,39.0,17.0,10.0,27.0,13.0,15.0,0.0,0.0
35.701,53,57510.0,552.0,89.0,600.0,600.0,0.0,1.0,0.0,0.0,0.46,0.021,0.5,0.5,0.468,0.035,0.508,0.514,0.0,0.0,-1.44,-5.32,-0.06,0.0,0.0,0.0,0.0,0.0,0.0,0.0,0.0,1.0,0.0,0.0,0.0,0.0,-0.0,0.0,0.0,0.0,0.0,0.0,0.0,0.0,0.0,95.0,83.0,93.0,39.0,17.0,10.0,27.0,13.0,15.0,0.0,0.0
35.737,51,57561.0,552.0,90.0,600.0,600.0,0.0,1.0,0.0,0.0,0.46,0.021,0.5,0.5,0.468,0.035,0.508,0.514,0.0,0.0,-1.44,-5.32,-0.06,0.0,0.0,0.0,0.0,0.0,0.0,0.0,0.0,1.0,0.0,0.0,0.0,0.0,-0.0,0.0,0.0,0.0,0.0,0.0,0.0,0.0,0.0,95.0,83.0,93.0,39.0,17.0,10.0,27.0,13.0,15.0,0.0,0.0
35.801,54,57615.0,552.0,90.0,600.0,600.0,0.0,1.0,0.0,0.0,0.46,0.021,0.5,0.5,0.468,0.035,0.508,0.514,0.0,0.0,-1.44,-5.32,-0.06,0.0,0.0,0.0,0.0,0.0,0.0,0.0,0.0,1.0,0.0,0.0,0.0,0.0,-0.0,0.0,0.0,0.0,0.0,0.0,0.0,0.0,0.0,95.0,83.0,93.0,39.0,17.0,10.0,27.0,13.0,15.0,0.0,0.0
35.867,52,57667.0,552.0,90.0,600.0,600.0,0.0,1.0,0.0,0.0,0.46,0.022,0.5,0.5,0.467,0.036,0.508,0.514,0.0,0.0,-1.44,-5.32,-0.06,0.0,0.0,0.0,0.0,0.0,0.0,0.0,0.0,1.0,0.0,0.0,0.0,0.0,-0.0,0.0,0.0,0.0,0.0,0.0,0.0,0.0,0.0,95.0,83.0,93.0,39.0,17.0,10.0,27.0,13.0,15.0,0.0,0.0
35.9,53,57720.0,552.0,90.0,600.0,600.0,0.0,1.0,0.0,0.0,0.46,0.022,0.5,0.5,0.467,0.036,0.508,0.514,0.0,0.0,-1.44,-5.32,-0.06,0.0,0.0,0.0,0.0,0.0,0.0,0.0,0.0,1.0,0.0,0.0,0.0,0.0,-0.0,0.0,0.0,0.0,0.0,0.0,0.0,0.0,0.0,95.0,83.0,93.0,39.0,17.0,10.0,27.0,13.0,15.0,0.0,0.0
35.975,51,57771.0,552.0,90.0,600.0,600.0,0.0,1.0,0.0,0.0,0.46,0.022,0.5,0.5,0.467,0.036,0.508,0.514,0.0,0.0,-1.44,-5.32,-0.06,0.0,0.0,0.0,0.0,0.0,0.0,0.0,0.0,1.0,0.0,0.0,0.0,0.0,0.0,0.0,0.0,0.0,0.0,0.0,0.0,0.0,0.0,95.0,83.0,93.0,39.0,17.0,10.0,27.0,13.0,15.0,0.0,0.0
36.008,37,57808.0,552.0,90.0,600.0,600.0,0.0,1.0,0.0,0.0,0.46,0.022,0.5,0.5,0.467,0.036,0.508,0.514,0.0,0.0,-1.44,-5.32,-0.06,0.0,0.0,0.0,0.0,0.0,0.0,0.0,0.0,1.0,0.0,0.0,0.0,0.0,-0.0,0.0,0.0,0.0,0.0,0.0,0.0,0.0,0.0,95.0,83.0,93.0,39.0,17.0,10.0,27.0,13.0,15.0,0.0,0.0
36.106,99,57907.0,553.0,90.0,600.0,600.0,0.0,1.0,0.0,0.0,0.459,0.022,0.5,0.5,0.467,0.036,0.508,0.514,0.0,0.0,-1.43,-5.32,-0.06,0.0,0.0,0.0,0.0,0.0,0.0,0.0,0.0,1.0,0.0,0.0,0.0,0.0,-0.0,0.0,0.0,0.0,0.0,0.0,0.0,0.0,0.0,95.0,83.0,93.0,39.0,17.0,10.0,27.0,13.0,15.0,0.0,0.0
36.138,51,57958.0,553.0,90.0,600.0,600.0,0.0,1.0,0.0,0.0,0.459,0.022,0.5,0.5,0.467,0.036,0.508,0.514,0.0,0.0,-1.43,-5.32,-0.06,0.0,0.0,0.0,0.0,0.0,0.0,0.0,0.0,1.0,0.0,0.0,0.0,0.0,-0.0,0.0,0.0,0.0,0.0,0.0,0.0,0.0,0.0,95.0,83.0,93.0,39.0,17.0,10.0,27.0,13.0,15.0,0.0,0.0
36.202,53,58011.0,553.0,90.0,600.0,600.0,0.0,1.0,0.0,0.0,0.459,0.022,0.5,0.5,0.467,0.036,0.508,0.514,0.0,0.0,-1.44,-5.32,-0.06,0.0,0.0,0.0,0.0,0.0,0.0,0.0,0.0,1.0,0.0,0.0,0.0,0.0,0.0,0.0,0.0,0.0,0.0,0.0,0.0,0.0,0.0,95.0,83.0,93.0,39.0,17.0,10.0,27.0,13.0,15.0,0.0,0.0
36.265,53,58064.0,553.0,90.0,600.0,600.0,0.0,1.0,0.0,0.0,0.459,0.022,0.5,0.5,0.467,0.036,0.508,0.514,0.0,0.0,-1.44,-5.32,-0.06,0.0,0.0,0.0,0.0,0.0,0.0,0.0,0.0,1.0,0.0,0.0,0.0,0.0,0.0,0.0,0.0,0.0,0.0,0.0,0.0,0.0,0.0,95.0,83.0,93.0,39.0,17.0,10.0,27.0,13.0,15.0,0.0,0.0
36.297,53,58117.0,556.0,90.0,600.0,600.0,0.0,1.0,0.0,0.0,0.459,0.022,0.5,0.5,0.467,0.036,0.508,0.514,0.0,0.0,-1.45,-5.32,-0.06,0.0,0.0,0.0,0.0,0.0,0.0,0.0,0.0,1.0,0.0,0.0,0.0,0.0,-0.0,0.0,0.0,0.0,0.0,0.0,0.0,0.0,0.0,95.0,83.0,93.0,39.0,17.0,10.0,27.0,13.0,15.0,0.0,0.0
36.363,52,58169.0,556.0,89.0,600.0,600.0,0.0,1.0,0.0,0.0,0.459,0.022,0.5,0.5,0.467,0.036,0.508,0.514,0.0,0.0,-1.45,-5.32,-0.06,0.0,0.0,0.0,0.0,0.0,0.0,0.0,0.0,1.0,0.0,0.0,0.0,0.0,-0.0,0.0,0.0,0.0,0.0,0.0,0.0,0.0,0.0,95.0,83.0,93.0,39.0,17.0,10.0,27.0,13.0,15.0,0.0,0.0
36.397,53,58222.0,556.0,89.0,493.0,600.0,0.0,1.0,0.0,0.0,0.459,0.022,0.5,0.5,0.467,0.036,0.508,0.514,0.0,0.0,-1.44,-5.32,-0.06,0.0,0.0,0.0,0.0,0.0,0.0,0.0,0.0,1.0,0.0,0.0,0.0,0.0,-0.0,0.0,0.0,0.0,0.0,0.0,0.0,0.0,0.0,95.0,83.0,93.0,39.0,17.0,10.0,27.0,13.0,15.0,0.0,0.0
36.464,53,58275.0,556.0,89.0,493.0,600.0,0.0,1.0,0.0,0.0,0.461,0.022,0.448,0.5,0.468,0.035,0.464,0.513,0.0,0.0,-1.44,-5.32,-0.06,0.0,0.0,0.0,0.0,0.0,0.0,0.0,0.0,1.0,0.0,0.0,0.0,0.0,0.0,0.0,0.0,0.0,0.0,0.0,0.0,0.0,0.0,95.0,83.0,93.0,39.0,17.0,10.0,27.0,13.0,15.0,0.0,0.0
36.531,53,58328.0,554.0,89.0,493.0,600.0,0.0,1.0,0.0,0.0,0.461,0.022,0.448,0.5,0.468,0.035,0.464,0.513,0.0,0.0,-1.44,-5.32,-0.06,0.0,0.0,0.0,0.0,0.0,0.0,0.0,0.0,1.0,0.0,0.0,0.0,0.0,-0.0,0.0,0.0,0.0,0.0,0.0,0.0,0.0,0.0,95.0,83.0,93.0,39.0,17.0,10.0,27.0,13.0,15.0,0.0,0.0
36.563,51,58379.0,554.0,89.0,493.0,600.0,0.0,1.0,0.0,0.0,0.461,0.022,0.448,0.5,0.468,0.035,0.464,0.513,0.0,0.0,-1.44,-5.32,-0.06,0.0,0.0,0.0,0.0,0.0,0.0,0.0,0.0,1.0,0.0,0.0,0.0,0.0,-0.0,0.0,0.0,0.0,0.0,0.0,0.0,0.0,0.0,95.0,83.0,93.0,39.0,17.0,10.0,27.0,13.0,15.0,0.0,1.0
36.63,53,58432.0,554.0,89.0,493.0,600.0,0.0,1.0,0.0,0.0,0.461,0.022,0.448,0.5,0.468,0.035,0.464,0.513,0.0,0.0,-1.44,-5.32,-0.06,0.0,0.0,0.0,0.0,0.0,0.0,0.0,0.0,1.0,0.0,0.0,0.0,0.0,0.0,0.0,0.0,0.0,0.0,0.0,0.0,0.0,0.0,95.0,83.0,93.0,39.0,17.0,10.0,27.0,13.0,15.0,0.0,1.0
36.663,52,58484.0,554.0,89.0,493.0,600.0,0.0,1.0,0.0,0.0,0.46,0.022,0.424,0.5,0.468,0.035,0.436,0.513,0.0,0.0,-1.44,-5.32,-0.06,0.0,0.0,0.0,0.0,0.0,0.0,0.0,0.0,1.0,0.0,0.0,0.0,0.0,0.0,0.0,0.0,0.0,0.0,0.0,0.0,0.0,0.0,95.0,83.0,93.0,39.0,17.0,10.0,27.0,13.0,15.0,0.0,0.0
36.73,54,58538.0,553.0,89.0,493.0,600.0,0.0,1.0,0.0,0.0,0.46,0.022,0.424,0.5,0.468,0.035,0.436,0.513,0.0,0.0,-1.44,-5.32,-0.06,0.0,0.0,0.0,0.0,0.0,0.0,0.0,0.0,1.0,0.0,0.0,0.0,0.0,-0.0,0.0,0.0,0.0,0.0,0.0,0.0,0.0,0.0,95.0,83.0,93.0,39.0,17.0,10.0,27.0,13.0,15.0,0.0,0.0
36.764,51,58589.0,553.0,88.0,493.0,600.0,0.0,1.0,0.0,0.0,0.46,0.022,0.424,0.5,0.468,0.035,0.436,0.513,0.0,0.0,-1.43,-5.31,-0.06,0.0,0.0,0.0,0.0,0.0,0.0,0.0,0.0,1.0,0.0,0.0,0.0,0.0,-0.0,0.0,0.0,0.0,0.0,0.0,0.0,0.0,0.0,95.0,83.0,93.0,39.0,17.0,10.0,27.0,13.0,15.0,0.0,1.0
36.829,53,58642.0,553.0,88.0,493.0,600.0,0.0,1.0,0.0,0.0,0.46,0.022,0.424,0.5,0.468,0.035,0.436,0.513,0.0,0.0,-1.43,-5.31,-0.06,0.0,0.0,0.0,0.0,0.0,0.0,0.0,0.0,1.0,0.0,0.0,0.0,0.0,-0.0,0.0,0.0,0.0,0.0,0.0,0.0,0.0,0.0,95.0,83.0,93.0,39.0,17.0,10.0,27.0,13.0,15.0,0.0,0.0
36.892,53,58695.0,553.0,88.0,493.0,600.0,0.0,1.0,0.0,0.0,0.46,0.021,0.413,0.5,0.467,0.034,0.422,0.513,0.0,0.0,-1.43,-5.31,-0.06,0.0,0.0,0.0,0.0,0.0,0.0,0.0,0.0,1.0,0.0,0.0,0.0,0.0,-0.0,0.0,0.0,0.0,0.0,0.0,0.0,0.0,0.0,95.0,83.0,93.0,39.0,17.0,10.0,27.0,13.0,15.0,0.0,1.0
36.926,53,58748.0,552.0,88.0,493.0,600.0,0.0,1.0,0.0,0.0,0.46,0.021,0.413,0.5,0.467,0.034,0.422,0.513,0.0,0.0,-1.43,-5.3,-0.06,0.0,0.0,0.0,0.0,0.0,0.0,0.0,0.0,1.0,0.0,0.0,0.0,0.0,-0.0,0.0,0.0,0.0,0.0,0.0,0.0,0.0,0.0,95.0,83.0,93.0,39.0,17.0,10.0,27.0,13.0,15.0,0.0,0.0
36.992,52,58800.0,552.0,88.0,493.0,600.0,0.0,1.0,0.0,0.0,0.46,0.021,0.413,0.5,0.467,0.034,0.422,0.513,0.0,0.0,-1.43,-5.3,-0.06,0.0,0.0,0.0,0.0,0.0,0.0,0.0,0.0,1.0,0.0,0.0,0.0,0.0,-0.0,0.0,0.0,0.0,0.0,0.0,0.0,0.0,0.0,95.0,83.0,93.0,39.0,17.0,10.0,27.0,13.0,15.0,0.0,1.0
37.024,34,58834.0,552.0,88.0,493.0,600.0,0.0,1.0,0.0,0.0,0.46,0.021,0.413,0.5,0.467,0.034,0.422,0.513,0.0,0.0,-1.43,-5.3,-0.06,0.0,0.0,0.0,0.0,0.0,0.0,0.0,0.0,1.0,0.0,0.0,0.0,0.0,-0.0,0.0,0.0,0.0,0.0,0.0,0.0,0.0,0.0,95.0,83.0,93.0,39.0,17.0,10.0,27.0,13.0,15.0,0.0,0.0
37.12,100,58934.0,551.0,88.0,493.0,600.0,0.0,1.0,0.0,0.0,0.459,0.021,0.407,0.5,0.467,0.034,0.416,0.513,0.0,0.0,-1.43,-5.3,-0.06,0.0,0.0,0.0,0.0,0.0,0.0,0.0,0.0,1.0,0.0,0.0,0.0,0.0,-0.0,0.0,0.0,0.0,0.0,0.0,0.0,0.0,0.0,95.0,83.0,93.0,39.0,17.0,10.0,27.0,13.0,15.0,0.0,0.0
37.186,52,58986.0,551.0,88.0,493.0,600.0,0.0,1.0,0.0,0.0,0.459,0.021,0.407,0.5,0.467,0.034,0.416,0.513,0.0,0.0,-1.43,-5.3,-0.06,0.0,0.0,0.0,0.0,0.0,0.0,0.0,0.0,1.0,0.0,0.0,0.0,0.0,-0.0,0.0,0.0,0.0,0.0,0.0,0.0,0.0,0.0,95.0,83.0,93.0,39.0,17.0,10.0,27.0,13.0,15.0,0.0,0.0
37.219,52,59038.0,551.0,88.0,493.0,600.0,0.0,1.0,0.0,0.0,0.459,0.021,0.407,0.5,0.467,0.034,0.416,0.513,0.0,0.0,-1.42,-5.3,-0.06,0.0,0.0,0.0,0.0,0.0,0.0,0.0,0.0,1.0,0.0,0.0,0.0,0.0,-0.0,0.0,0.0,0.0,0.0,0.0,0.0,0.0,0.0,95.0,83.0,93.0,39.0,17.0,10.0,27.0,13.0,15.0,0.0,0.0
37.285,52,59090.0,551.0,88.0,493.0,600.0,0.0,1.0,0.0,0.0,0.458,0.021,0.405,0.5,0.466,0.034,0.413,0.513,0.0,0.0,-1.42,-5.29,-0.06,0.0,0.0,0.0,0.0,0.0,0.0,0.0,0.0,1.0,0.0,0.0,0.0,0.0,-0.0,0.0,0.0,0.0,0.0,0.0,0.0,0.0,0.0,95.0,83.0,93.0,39.0,17.0,10.0,27.0,13.0,15.0,0.0,0.0
37.319,53,59143.0,550.0,88.0,493.0,600.0,0.0,1.0,0.0,0.0,0.458,0.021,0.405,0.5,0.466,0.034,0.413,0.513,0.0,0.0,-1.42,-5.29,-0.06,0.0,0.0,0.0,0.0,0.0,0.0,0.0,0.0,1.0,0.0,0.0,0.0,0.0,-0.0,0.0,0.0,0.0,0.0,0.0,0.0,0.0,0.0,95.0,83.0,93.0,39.0,17.0,10.0,27.0,13.0,15.0,0.0,0.0
37.385,52,59195.0,550.0,88.0,493.0,600.0,0.0,1.0,0.0,0.0,0.458,0.021,0.405,0.5,0.466,0.034,0.413,0.513,0.0,0.0,-1.4,-5.29,-0.06,0.0,0.0,0.0,0.0,0.0,0.0,0.0,0.0,1.0,0.0,0.0,0.0,0.0,-0.0,0.0,0.0,0.0,0.0,0.0,0.0,0.0,0.0,95.0,83.0,93.0,39.0,17.0,10.0,27.0,13.0,15.0,0.0,0.0
37.418,34,59229.0,550.0,88.0,600.0,600.0,0.0,1.0,0.0,0.0,0.458,0.021,0.405,0.5,0.466,0.034,0.413,0.513,0.0,0.0,-1.4,-5.29,-0.06,0.0,0.0,0.0,0.0,0.0,0.0,0.0,0.0,1.0,0.0,0.0,0.0,0.0,-0.0,0.0,0.0,0.0,0.0,0.0,0.0,0.0,0.0,95.0,83.0,93.0,39.0,17.0,10.0,27.0,13.0,15.0,0.0,0.0
37.513,97,59326.0,552.0,88.0,600.0,600.0,0.0,1.0,0.0,0.0,0.457,0.021,0.456,0.5,0.465,0.034,0.456,0.513,0.0,0.0,-1.4,-5.29,-0.06,0.0,0.0,0.0,0.0,0.0,0.0,0.0,0.0,1.0,0.0,0.0,0.0,0.0,-0.0,0.0,0.0,0.0,0.0,0.0,0.0,0.0,0.0,95.0,83.0,93.0,39.0,17.0,10.0,27.0,13.0,15.0,0.0,0.0
37.577,53,59379.0,552.0,87.0,600.0,600.0,0.0,1.0,0.0,0.0,0.457,0.021,0.456,0.5,0.465,0.034,0.456,0.513,0.0,0.0,-1.4,-5.28,-0.06,0.0,0.0,0.0,0.0,0.0,0.0,0.0,0.0,1.0,0.0,0.0,0.0,0.0,-0.0,0.0,0.0,0.0,0.0,0.0,0.0,0.0,0.0,95.0,83.0,93.0,39.0,17.0,10.0,27.0,13.0,15.0,0.0,0.0
37.609,53,59432.0,552.0,87.0,600.0,600.0,0.0,1.0,0.0,0.0,0.457,0.021,0.456,0.5,0.465,0.034,0.456,0.513,0.0,0.0,-1.4,-5.28,-0.06,0.0,0.0,0.0,0.0,0.0,0.0,0.0,0.0,1.0,0.0,0.0,0.0,0.0,-0.0,0.0,0.0,0.0,0.0,0.0,0.0,0.0,0.0,95.0,83.0,93.0,39.0,17.0,10.0,27.0,13.0,15.0,0.0,1.0
37.673,52,59484.0,552.0,87.0,600.0,600.0,0.0,1.0,0.0,0.0,0.458,0.021,0.48,0.5,0.465,0.035,0.483,0.514,0.0,0.0,-1.4,-5.28,-0.06,0.0,0.0,0.0,0.0,0.0,0.0,0.0,0.0,1.0,0.0,0.0,0.0,0.0,-0.0,0.0,0.0,0.0,0.0,0.0,0.0,0.0,0.0,95.0,83.0,93.0,39.0,17.0,10.0,27.0,13.0,15.0,0.0,0.0
37.739,53,59537.0,555.0,87.0,600.0,600.0,0.0,1.0,0.0,0.0,0.458,0.021,0.48,0.5,0.465,0.035,0.483,0.514,0.0,0.0,-1.41,-5.29,-0.06,0.0,0.0,0.0,0.0,0.0,0.0,0.0,0.0,1.0,0.0,0.0,0.0,0.0,-0.0,0.0,0.0,0.0,0.0,0.0,0.0,0.0,0.0,95.0,83.0,93.0,39.0,17.0,10.0,27.0,13.0,15.0,0.0,0.0
37.772,52,59589.0,555.0,88.0,600.0,600.0,0.0,1.0,0.0,0.0,0.458,0.021,0.48,0.5,0.465,0.035,0.483,0.514,0.0,0.0,-1.4,-5.29,-0.06,0.0,0.0,0.0,0.0,0.0,0.0,0.0,0.0,1.0,0.0,0.0,0.0,0.0,-0.0,0.0,0.0,0.0,0.0,0.0,0.0,0.0,0.0,95.0,83.0,93.0,39.0,17.0,10.0,27.0,13.0,15.0,0.0,1.0
37.838,53,59642.0,555.0,88.0,600.0,600.0,0.0,1.0,0.0,0.0,0.458,0.021,0.48,0.5,0.465,0.035,0.483,0.514,0.0,0.0,-1.41,-5.29,-0.06,0.0,0.0,0.0,0.0,0.0,0.0,0.0,0.0,1.0,0.0,0.0,0.0,0.0,0.0,0.0,0.0,0.0,0.0,0.0,0.0,0.0,0.0,95.0,83.0,93.0,39.0,17.0,10.0,27.0,13.0,15.0,0.0,1.0
37.871,52,59694.0,555.0,88.0,600.0,600.0,0.0,1.0,0.0,0.0,0.46,0.021,0.491,0.5,0.467,0.035,0.496,0.514,0.0,0.0,-1.41,-5.3,-0.06,0.0,0.0,0.0,0.0,0.0,0.0,0.0,0.0,1.0,0.0,0.0,0.0,0.0,-0.0,0.0,0.0,0.0,0.0,0.0,0.0,0.0,0.0,95.0,83.0,93.0,39.0,17.0,10.0,27.0,13.0,15.0,0.0,0.0
37.944,52,59746.0,556.0,88.0,600.0,600.0,0.0,1.0,0.0,0.0,0.46,0.021,0.491,0.5,0.467,0.035,0.496,0.514,0.0,0.0,-1.41,-5.3,-0.06,0.0,0.0,0.0,0.0,0.0,0.0,0.0,0.0,1.0,0.0,0.0,0.0,0.0,-0.0,0.0,0.0,0.0,0.0,0.0,0.0,0.0,0.0,95.0,83.0,93.0,39.0,17.0,10.0,27.0,13.0,15.0,0.0,0.0
37.976,52,59798.0,556.0,87.0,600.0,600.0,0.0,1.0,0.0,0.0,0.46,0.021,0.491,0.5,0.467,0.035,0.496,0.514,0.0,0.0,-1.41,-5.3,-0.06,0.0,0.0,0.0,0.0,0.0,0.0,0.0,0.0,1.0,0.0,0.0,0.0,0.0,-0.0,0.0,0.0,0.0,0.0,0.0,0.0,0.0,0.0,95.0,83.0,93.0,39.0,17.0,10.0,27.0,13.0,15.0,0.0,0.0
38.042,53,59851.0,556.0,87.0,600.0,600.0,0.0,1.0,0.0,0.0,0.46,0.021,0.491,0.5,0.467,0.035,0.496,0.514,0.0,0.0,-1.41,-5.3,-0.06,0.0,0.0,0.0,0.0,0.0,0.0,0.0,0.0,1.0,0.0,0.0,0.0,0.0,-0.0,0.0,0.0,0.0,0.0,0.0,0.0,0.0,0.0,95.0,83.0,93.0,39.0,17.0,10.0,27.0,13.0,15.0,0.0,1.0
38.108,53,59904.0,556.0,87.0,600.0,600.0,0.0,1.0,0.0,0.0,0.461,0.021,0.496,0.5,0.468,0.035,0.502,0.514,0.0,0.0,-1.41,-5.3,-0.06,0.0,0.0,0.0,0.0,0.0,0.0,0.0,0.0,1.0,0.0,0.0,0.0,0.0,-0.0,0.0,0.0,0.0,0.0,0.0,0.0,0.0,0.0,95.0,83.0,93.0,39.0,17.0,10.0,27.0,13.0,15.0,0.0,0.0
38.141,53,59957.0,557.0,87.0,600.0,600.0,0.0,1.0,0.0,0.0,0.461,0.021,0.496,0.5,0.468,0.035,0.502,0.514,0.0,0.0,-1.41,-5.3,-0.05,0.0,0.0,0.0,0.0,0.0,0.0,0.0,0.0,1.0,0.0,0.0,0.0,0.0,-0.0,0.0,0.0,0.0,0.0,0.0,0.0,0.0,0.0,95.0,83.0,93.0,39.0,17.0,10.0,27.0,13.0,15.0,0.0,0.0
38.208,53,60010.0,557.0,87.0,600.0,600.0,0.0,1.0,0.0,0.0,0.461,0.021,0.496,0.5,0.468,0.035,0.502,0.514,0.0,0.0,-1.41,-5.3,-0.05,0.0,0.0,0.0,0.0,0.0,0.0,0.0,0.0,1.0,0.0,0.0,0.0,0.0,-0.0,0.0,0.0,0.0,0.0,0.0,0.0,0.0,0.0,95.0,83.0,93.0,39.0,17.0,10.0,27.0,13.0,15.0,0.0,1.0
38.24,34,60044.0,557.0,87.0,600.0,600.0,0.0,1.0,0.0,0.0,0.461,0.021,0.496,0.5,0.468,0.035,0.502,0.514,0.0,0.0,-1.42,-5.3,-0.05,0.0,0.0,0.0,0.0,0.0,0.0,0.0,0.0,1.0,0.0,0.0,0.0,0.0,-0.0,0.0,0.0,0.0,0.0,0.0,0.0,0.0,0.0,95.0,83.0,93.0,39.0,17.0,10.0,27.0,13.0,15.0,0.0,0.0
38.34,98,60142.0,555.0,87.0,600.0,600.0,0.0,1.0,0.0,0.0,0.462,0.021,0.498,0.5,0.47,0.035,0.505,0.514,0.0,0.0,-1.42,-5.3,-0.05,0.0,0.0,0.0,0.0,0.0,0.0,0.0,0.0,1.0,0.0,0.0,0.0,0.0,-0.0,0.0,0.0,0.0,0.0,0.0,0.0,0.0,0.0,95.0,83.0,93.0,39.0,17.0,10.0,27.0,13.0,15.0,0.0,0.0
38.373,52,60194.0,555.0,88.0,600.0,600.0,0.0,1.0,0.0,0.0,0.462,0.021,0.498,0.5,0.47,0.035,0.505,0.514,0.0,0.0,-1.42,-5.31,-0.05,0.0,0.0,0.0,0.0,0.0,0.0,0.0,0.0,1.0,0.0,0.0,0.0,0.0,-0.0,0.0,0.0,0.0,0.0,0.0,0.0,0.0,0.0,95.0,83.0,93.0,39.0,17.0,10.0,27.0,13.0,15.0,0.0,0.0
38.438,52,60246.0,555.0,88.0,600.0,600.0,0.0,1.0,0.0,0.0,0.462,0.021,0.498,0.5,0.47,0.035,0.505,0.514,0.0,0.0,-1.42,-5.31,-0.05,0.0,0.0,0.0,0.0,0.0,0.0,0.0,0.0,1.0,0.0,0.0,0.0,0.0,-0.0,0.0,0.0,0.0,0.0,0.0,0.0,0.0,0.0,95.0,83.0,93.0,39.0,17.0,10.0,27.0,13.0,15.0,0.0,0.0
38.502,53,60299.0,555.0,88.0,600.0,600.0,0.0,1.0,0.0,0.0,0.462,0.021,0.499,0.5,0.469,0.035,0.507,0.514,0.0,0.0,-1.42,-5.32,-0.05,0.0,0.0,0.0,0.0,0.0,0.0,0.0,0.0,1.0,0.0,0.0,0.0,0.0,0.0,0.0,0.0,0.0,0.0,0.0,0.0,0.0,0.0,95.0,83.0,93.0,39.0,17.0,10.0,27.0,13.0,15.0,0.0,0.0
38.543,53,60352.0,554.0,88.0,600.0,600.0,0.0,1.0,0.0,0.0,0.462,0.021,0.499,0.5,0.469,0.035,0.507,0.514,0.0,0.0,-1.42,-5.32,-0.05,0.0,0.0,0.0,0.0,0.0,0.0,0.0,0.0,1.0,0.0,0.0,0.0,0.0,-0.0,0.0,0.0,0.0,0.0,0.0,0.0,0.0,0.0,95.0,83.0,93.0,39.0,17.0,10.0,27.0,13.0,15.0,0.0,1.0
38.609,53,60405.0,554.0,88.0,600.0,600.0,0.0,1.0,0.0,0.0,0.462,0.021,0.499,0.5,0.469,0.035,0.507,0.514,0.0,0.0,-1.42,-5.32,-0.05,0.0,0.0,0.0,0.0,0.0,0.0,0.0,0.0,1.0,0.0,0.0,0.0,0.0,-0.0,0.0,0.0,0.0,0.0,0.0,0.0,0.0,0.0,95.0,83.0,93.0,39.0,17.0,10.0,27.0,13.0,15.0,0.0,0.0
38.641,53,60458.0,554.0,88.0,600.0,600.0,0.0,1.0,0.0,0.0,0.462,0.021,0.499,0.5,0.469,0.035,0.507,0.514,0.0,0.0,-1.42,-5.32,-0.05,0.0,0.0,0.0,0.0,0.0,0.0,0.0,0.0,1.0,0.0,0.0,0.0,0.0,0.0,0.0,0.0,0.0,0.0,0.0,0.0,0.0,0.0,95.0,83.0,93.0,39.0,17.0,10.0,27.0,13.0,15.0,0.0,0.0
38.704,53,60511.0,554.0,88.0,600.0,600.0,0.0,1.0,0.0,0.0,0.461,0.021,0.5,0.5,0.469,0.035,0.507,0.514,0.0,0.0,-1.42,-5.32,-0.05,0.0,0.0,0.0,0.0,0.0,0.0,0.0,0.0,1.0,0.0,0.0,0.0,0.0,-0.0,0.0,0.0,0.0,0.0,0.0,0.0,0.0,0.0,95.0,83.0,93.0,39.0,17.0,10.0,27.0,13.0,15.0,0.0,0.0
38.744,53,60564.0,554.0,88.0,600.0,600.0,0.0,1.0,0.0,0.0,0.461,0.021,0.5,0.5,0.469,0.035,0.507,0.514,0.0,0.0,-1.42,-5.32,-0.05,0.0,0.0,0.0,0.0,0.0,0.0,0.0,0.0,1.0,0.0,0.0,0.0,0.0,-0.0,0.0,0.0,0.0,0.0,0.0,0.0,0.0,0.0,95.0,83.0,93.0,39.0,17.0,10.0,27.0,13.0,15.0,0.0,0.0
38.817,52,60616.0,554.0,87.0,600.0,600.0,0.0,1.0,0.0,0.0,0.461,0.021,0.5,0.5,0.469,0.035,0.507,0.514,0.0,0.0,-1.42,-5.32,-0.05,0.0,0.0,0.0,0.0,0.0,0.0,0.0,0.0,1.0,0.0,0.0,0.0,0.0,-0.0,0.0,0.0,0.0,0.0,0.0,0.0,0.0,0.0,95.0,83.0,93.0,39.0,17.0,10.0,27.0,13.0,15.0,0.0,0.0
38.85,34,60650.0,554.0,87.0,600.0,600.0,0.0,1.0,0.0,0.0,0.461,0.021,0.5,0.5,0.469,0.035,0.507,0.514,0.0,0.0,-1.42,-5.32,-0.05,0.0,0.0,0.0,0.0,0.0,0.0,0.0,0.0,1.0,0.0,0.0,0.0,0.0,-0.0,0.0,0.0,0.0,0.0,0.0,0.0,0.0,0.0,95.0,83.0,93.0,39.0,17.0,10.0,27.0,13.0,15.0,0.0,0.0
38.946,100,60750.0,552.0,87.0,600.0,600.0,0.0,1.0,0.0,0.0,0.46,0.021,0.5,0.5,0.468,0.035,0.507,0.514,0.0,0.0,-1.42,-5.31,-0.06,0.0,0.0,0.0,0.0,0.0,0.0,0.0,0.0,1.0,0.0,0.0,0.0,0.0,-0.0,0.0,0.0,0.0,0.0,0.0,0.0,0.0,0.0,95.0,83.0,93.0,39.0,17.0,10.0,27.0,13.0,15.0,0.0,0.0
38.978,52,60802.0,552.0,88.0,600.0,600.0,0.0,1.0,0.0,0.0,0.46,0.021,0.5,0.5,0.468,0.035,0.507,0.514,0.0,0.0,-1.42,-5.31,-0.06,0.0,0.0,0.0,0.0,0.0,0.0,0.0,0.0,1.0,0.0,0.0,0.0,0.0,-0.0,0.0,0.0,0.0,0.0,0.0,0.0,0.0,0.0,95.0,83.0,93.0,39.0,17.0,10.0,27.0,13.0,15.0,0.0,0.0
39.042,53,60855.0,552.0,88.0,600.0,600.0,0.0,1.0,0.0,0.0,0.46,0.021,0.5,0.5,0.468,0.035,0.507,0.514,0.0,0.0,-1.42,-5.31,-0.06,0.0,0.0,0.0,0.0,0.0,0.0,0.0,0.0,1.0,0.0,0.0,0.0,0.0,-0.0,0.0,0.0,0.0,0.0,0.0,0.0,0.0,0.0,95.0,83.0,93.0,39.0,17.0,10.0,27.0,13.0,15.0,0.0,0.0
39.109,54,60909.0,552.0,88.0,600.0,600.0,0.0,1.0,0.0,0.0,0.459,0.021,0.5,0.5,0.467,0.035,0.508,0.514,0.0,0.0,-1.42,-5.31,-0.06,0.0,0.0,0.0,0.0,0.0,0.0,0.0,0.0,1.0,0.0,0.0,0.0,0.0,0.0,0.0,0.0,0.0,0.0,0.0,0.0,0.0,0.0,95.0,83.0,93.0,39.0,17.0,10.0,27.0,13.0,15.0,0.0,0.0
39.141,53,60962.0,553.0,88.0,600.0,600.0,0.0,1.0,0.0,0.0,0.459,0.021,0.5,0.5,0.467,0.035,0.508,0.514,0.0,0.0,-1.42,-5.31,-0.06,0.0,0.0,0.0,0.0,0.0,0.0,0.0,0.0,1.0,0.0,0.0,0.0,0.0,-0.0,0.0,0.0,0.0,0.0,0.0,0.0,0.0,0.0,95.0,83.0,93.0,39.0,17.0,10.0,27.0,13.0,15.0,0.0,0.0
39.205,51,61013.0,553.0,87.0,600.0,600.0,0.0,1.0,0.0,0.0,0.459,0.021,0.5,0.5,0.467,0.035,0.508,0.514,0.0,0.0,-1.42,-5.31,-0.06,0.0,0.0,0.0,0.0,0.0,0.0,0.0,0.0,1.0,0.0,0.0,0.0,0.0,-0.0,0.0,0.0,0.0,0.0,0.0,0.0,0.0,0.0,95.0,83.0,93.0,39.0,17.0,10.0,27.0,13.0,15.0,0.0,0.0
39.269,53,61066.0,553.0,87.0,600.0,600.0,0.0,1.0,0.0,0.0,0.459,0.021,0.5,0.5,0.467,0.035,0.508,0.514,0.0,0.0,-1.42,-5.31,-0.06,0.0,0.0,0.0,0.0,0.0,0.0,0.0,0.0,1.0,0.0,0.0,0.0,0.0,-0.0,0.0,0.0,0.0,0.0,0.0,0.0,0.0,0.0,95.0,83.0,93.0,39.0,17.0,10.0,27.0,13.0,15.0,0.0,0.0
39.3,53,61119.0,553.0,87.0,600.0,600.0,0.0,1.0,0.0,0.0,0.459,0.021,0.5,0.5,0.467,0.035,0.508,0.514,0.0,0.0,-1.42,-5.3,-0.06,0.0,0.0,0.0,0.0,0.0,0.0,0.0,0.0,1.0,0.0,0.0,0.0,0.0,-0.0,0.0,0.0,0.0,0.0,0.0,0.0,0.0,0.0,95.0,83.0,93.0,39.0,17.0,10.0,27.0,13.0,15.0,0.0,0.0
39.373,53,61172.0,555.0,87.0,600.0,600.0,0.0,1.0,0.0,0.0,0.459,0.021,0.5,0.5,0.467,0.035,0.508,0.514,0.0,0.0,-1.42,-5.3,-0.06,0.0,0.0,0.0,0.0,0.0,0.0,0.0,0.0,1.0,0.0,0.0,0.0,0.0,-0.0,0.0,0.0,0.0,0.0,0.0,0.0,0.0,0.0,95.0,83.0,93.0,39.0,17.0,10.0,27.0,13.0,15.0,0.0,1.0
39.406,53,61225.0,555.0,88.0,600.0,600.0,0.0,1.0,0.0,0.0,0.459,0.021,0.5,0.5,0.467,0.035,0.508,0.514,0.0,0.0,-1.42,-5.3,-0.06,0.0,0.0,0.0,0.0,0.0,0.0,0.0,0.0,1.0,0.0,0.0,0.0,0.0,-0.0,0.0,0.0,0.0,0.0,0.0,0.0,0.0,0.0,95.0,83.0,93.0,39.0,17.0,10.0,27.0,13.0,15.0,0.0,0.0
39.47,52,61277.0,555.0,88.0,600.0,600.0,0.0,1.0,0.0,0.0,0.459,0.021,0.5,0.5,0.467,0.035,0.508,0.514,0.0,0.0,-1.43,-5.3,-0.06,0.0,0.0,0.0,0.0,0.0,0.0,0.0,0.0,1.0,0.0,0.0,0.0,0.0,0.0,0.0,0.0,0.0,0.0,0.0,0.0,0.0,0.0,95.0,83.0,93.0,39.0,17.0,10.0,27.0,13.0,15.0,0.0,1.0
39.535,53,61330.0,555.0,88.0,600.0,600.0,0.0,1.0,0.0,0.0,0.46,0.021,0.5,0.5,0.468,0.035,0.508,0.514,0.0,0.0,-1.43,-5.3,-0.06,0.0,0.0,0.0,0.0,0.0,0.0,0.0,0.0,1.0,0.0,0.0,0.0,0.0,0.0,0.0,0.0,0.0,0.0,0.0,0.0,0.0,0.0,95.0,83.0,93.0,39.0,17.0,10.0,27.0,13.0,15.0,0.0,0.0
39.568,53,61383.0,555.0,88.0,600.0,600.0,0.0,1.0,0.0,0.0,0.46,0.021,0.5,0.5,0.468,0.035,0.508,0.514,0.0,0.0,-1.44,-5.3,-0.06,0.0,0.0,0.0,0.0,0.0,0.0,0.0,0.0,1.0,0.0,0.0,0.0,0.0,-0.0,0.0,0.0,0.0,0.0,0.0,0.0,0.0,0.0,95.0,83.0,93.0,39.0,17.0,10.0,27.0,13.0,15.0,0.0,1.0
39.634,52,61435.0,555.0,88.0,600.0,600.0,0.0,1.0,0.0,0.0,0.46,0.021,0.5,0.5,0.468,0.035,0.508,0.514,0.0,0.0,-1.44,-5.3,-0.06,0.0,0.0,0.0,0.0,0.0,0.0,0.0,0.0,1.0,0.0,0.0,0.0,0.0,-0.0,0.0,0.0,0.0,0.0,0.0,0.0,0.0,0.0,95.0,83.0,93.0,39.0,17.0,10.0,27.0,13.0,15.0,0.0,0.0
39.667,53,61488.0,555.0,88.0,600.0,600.0,0.0,1.0,0.0,0.0,0.46,0.021,0.5,0.5,0.468,0.035,0.508,0.514,0.0,0.0,-1.44,-5.3,-0.06,0.0,0.0,0.0,0.0,0.0,0.0,0.0,0.0,1.0,0.0,0.0,0.0,0.0,-0.0,0.0,0.0,0.0,0.0,0.0,0.0,0.0,0.0,95.0,83.0,93.0,39.0,17.0,10.0,27.0,13.0,15.0,0.0,0.0
39.736,53,61541.0,555.0,88.0,600.0,600.0,0.0,1.0,0.0,0.0,0.461,0.021,0.5,0.5,0.468,0.035,0.508,0.514,0.0,0.0,-1.44,-5.3,-0.06,0.0,0.0,0.0,0.0,0.0,0.0,0.0,0.0,1.0,0.0,0.0,0.0,0.0,-0.0,0.0,0.0,0.0,0.0,0.0,0.0,0.0,0.0,95.0,83.0,93.0,39.0,17.0,10.0,27.0,13.0,15.0,0.0,0.0
39.768,53,61594.0,554.0,88.0,600.0,600.0,0.0,1.0,0.0,0.0,0.461,0.021,0.5,0.5,0.468,0.035,0.508,0.514,0.0,0.0,-1.44,-5.29,-0.06,0.0,0.0,0.0,0.0,0.0,0.0,0.0,0.0,1.0,0.0,0.0,0.0,0.0,-0.0,0.0,0.0,0.0,0.0,0.0,0.0,0.0,0.0,95.0,83.0,93.0,39.0,17.0,10.0,27.0,13.0,15.0,0.0,1.0
39.833,53,61647.0,554.0,88.0,600.0,600.0,0.0,1.0,0.0,0.0,0.461,0.021,0.5,0.5,0.468,0.035,0.508,0.514,0.0,0.0,-1.44,-5.29,-0.06,0.0,0.0,0.0,0.0,0.0,0.0,0.0,0.0,1.0,0.0,0.0,0.0,0.0,-0.0,0.0,0.0,0.0,0.0,0.0,0.0,0.0,0.0,95.0,83.0,93.0,39.0,17.0,10.0,27.0,13.0,15.0,0.0,0.0
39.866,35,61682.0,554.0,88.0,600.0,600.0,0.0,1.0,0.0,0.0,0.461,0.021,0.5,0.5,0.468,0.035,0.508,0.514,0.0,0.0,-1.44,-5.29,-0.06,0.0,0.0,0.0,0.0,0.0,0.0,0.0,0.0,1.0,0.0,0.0,0.0,0.0,-0.0,0.0,0.0,0.0,0.0,0.0,0.0,0.0,0.0,95.0,83.0,93.0,39.0,17.0,10.0,27.0,13.0,15.0,0.0,2.0
39.962,100,61782.0,556.0,88.0,600.0,600.0,0.0,1.0,0.0,0.0,0.461,0.021,0.5,0.5,0.468,0.035,0.508,0.514,0.0,0.0,-1.44,-5.3,-0.06,0.0,0.0,0.0,0.0,0.0,0.0,0.0,0.0,1.0,0.0,0.0,0.0,0.0,-0.0,0.0,0.0,0.0,0.0,0.0,0.0,0.0,0.0,95.0,83.0,93.0,39.0,17.0,10.0,27.0,13.0,15.0,0.0,0.0
40.026,53,61835.0,556.0,88.0,600.0,600.0,0.0,1.0,0.0,0.0,0.461,0.021,0.5,0.5,0.468,0.035,0.508,0.514,0.0,0.0,-1.44,-5.3,-0.06,0.0,0.0,0.0,0.0,0.0,0.0,0.0,0.0,1.0,0.0,0.0,0.0,0.0,-0.0,0.0,0.0,0.0,0.0,0.0,0.0,0.0,0.0,95.0,83.0,93.0,39.0,17.0,10.0,27.0,13.0,15.0,0.0,0.0
40.058,34,61869.0,556.0,88.0,600.0,600.0,0.0,1.0,0.0,0.0,0.461,0.021,0.5,0.5,0.468,0.035,0.508,0.514,0.0,0.0,-1.44,-5.3,-0.06,0.0,0.0,0.0,0.0,0.0,0.0,0.0,0.0,1.0,0.0,0.0,0.0,0.0,-0.0,0.0,0.0,0.0,0.0,0.0,0.0,0.0,0.0,95.0,83.0,93.0,39.0,17.0,10.0,27.0,13.0,15.0,0.0,0.0
40.16,97,61966.0,555.0,88.0,600.0,600.0,0.0,1.0,0.0,0.0,0.461,0.021,0.5,0.5,0.469,0.035,0.508,0.514,0.0,0.0,-1.43,-5.3,-0.06,0.0,0.0,0.0,0.0,0.0,0.0,0.0,0.0,1.0,0.0,0.0,0.0,0.0,-0.0,0.0,0.0,0.0,0.0,0.0,0.0,0.0,0.0,95.0,83.0,93.0,39.0,17.0,10.0,27.0,13.0,15.0,0.0,1.0
40.193,53,62019.0,555.0,89.0,600.0,600.0,0.0,1.0,0.0,0.0,0.461,0.021,0.5,0.5,0.469,0.035,0.508,0.514,0.0,0.0,-1.43,-5.3,-0.06,0.0,0.0,0.0,0.0,0.0,0.0,0.0,0.0,1.0,0.0,0.0,0.0,0.0,0.0,0.0,0.0,0.0,0.0,0.0,0.0,0.0,0.0,95.0,83.0,93.0,39.0,17.0,10.0,27.0,13.0,15.0,0.0,0.0
40.258,52,62071.0,555.0,89.0,600.0,600.0,0.0,1.0,0.0,0.0,0.461,0.021,0.5,0.5,0.469,0.035,0.508,0.514,0.0,0.0,-1.43,-5.3,-0.06,0.0,0.0,0.0,0.0,0.0,0.0,0.0,0.0,1.0,0.0,0.0,0.0,0.0,-0.0,0.0,0.0,0.0,0.0,0.0,0.0,0.0,0.0,95.0,83.0,93.0,39.0,17.0,10.0,27.0,13.0,15.0,0.0,1.0
40.322,53,62124.0,555.0,89.0,600.0,600.0,0.0,1.0,0.0,0.0,0.461,0.021,0.5,0.5,0.469,0.035,0.508,0.514,0.0,0.0,-1.43,-5.3,-0.06,0.0,0.0,0.0,0.0,0.0,0.0,0.0,0.0,1.0,0.0,0.0,0.0,0.0,-0.0,0.0,0.0,0.0,0.0,0.0,0.0,0.0,0.0,95.0,83.0,93.0,39.0,17.0,10.0,27.0,13.0,15.0,0.0,0.0
40.355,53,62177.0,555.0,89.0,600.0,600.0,0.0,1.0,0.0,0.0,0.461,0.021,0.5,0.5,0.469,0.035,0.508,0.514,0.0,0.0,-1.43,-5.3,-0.06,0.0,0.0,0.0,0.0,0.0,0.0,0.0,0.0,1.0,0.0,0.0,0.0,0.0,0.0,0.0,0.0,0.0,0.0,0.0,0.0,0.0,0.0,95.0,83.0,93.0,39.0,17.0,10.0,27.0,13.0,15.0,0.0,0.0
40.421,53,62230.0,555.0,89.0,600.0,600.0,0.0,1.0,0.0,0.0,0.461,0.021,0.5,0.5,0.469,0.035,0.508,0.514,0.0,0.0,-1.43,-5.3,-0.06,0.0,0.0,0.0,0.0,0.0,0.0,0.0,0.0,1.0,0.0,0.0,0.0,0.0,0.0,0.0,0.0,0.0,0.0,0.0,0.0,0.0,0.0,95.0,83.0,93.0,39.0,17.0,10.0,27.0,13.0,15.0,0.0,0.0
40.486,52,62282.0,555.0,89.0,600.0,600.0,0.0,1.0,0.0,0.0,0.461,0.021,0.5,0.5,0.469,0.035,0.508,0.514,0.0,0.0,-1.43,-5.3,-0.06,0.0,0.0,0.0,0.0,0.0,0.0,0.0,0.0,1.0,0.0,0.0,0.0,0.0,-0.0,0.0,0.0,0.0,0.0,0.0,0.0,0.0,0.0,95.0,83.0,93.0,39.0,17.0,10.0,27.0,13.0,15.0,0.0,0.0
40.518,52,62334.0,555.0,89.0,600.0,600.0,0.0,1.0,0.0,0.0,0.461,0.021,0.5,0.5,0.469,0.036,0.508,0.514,0.0,0.0,-1.43,-5.3,-0.06,0.0,0.0,0.0,0.0,0.0,0.0,0.0,0.0,1.0,0.0,0.0,0.0,0.0,-0.0,0.0,0.0,0.0,0.0,0.0,0.0,0.0,0.0,95.0,83.0,93.0,39.0,17.0,10.0,27.0,13.0,15.0,0.0,0.0
40.584,52,62386.0,556.0,89.0,600.0,600.0,0.0,1.0,0.0,0.0,0.461,0.021,0.5,0.5,0.469,0.036,0.508,0.514,0.0,0.0,-1.43,-5.3,-0.06,0.0,0.0,0.0,0.0,0.0,0.0,0.0,0.0,1.0,0.0,0.0,0.0,0.0,-0.0,0.0,0.0,0.0,0.0,0.0,0.0,0.0,0.0,95.0,83.0,93.0,39.0,17.0,10.0,27.0,13.0,15.0,0.0,0.0
40.617,52,62438.0,556.0,90.0,600.0,600.0,0.0,1.0,0.0,0.0,0.461,0.021,0.5,0.5,0.469,0.036,0.508,0.514,0.0,0.0,-1.43,-5.3,-0.06,0.0,0.0,0.0,0.0,0.0,0.0,0.0,0.0,1.0,0.0,0.0,0.0,0.0,-0.0,0.0,0.0,0.0,0.0,0.0,0.0,0.0,0.0,95.0,83.0,93.0,39.0,17.0,10.0,27.0,13.0,15.0,0.0,0.0
40.684,52,62490.0,556.0,90.0,600.0,600.0,0.0,1.0,0.0,0.0,0.461,0.021,0.5,0.5,0.469,0.036,0.508,0.514,0.0,0.0,-1.43,-5.3,-0.06,0.0,0.0,0.0,0.0,0.0,0.0,0.0,0.0,1.0,0.0,0.0,0.0,0.0,0.0,0.0,0.0,0.0,0.0,0.0,0.0,0.0,0.0,95.0,83.0,93.0,39.0,17.0,10.0,27.0,13.0,15.0,0.0,0.0
40.717,52,62542.0,556.0,90.0,600.0,600.0,0.0,1.0,0.0,0.0,0.461,0.022,0.5,0.5,0.469,0.036,0.508,0.514,0.0,0.0,-1.43,-5.3,-0.06,0.0,0.0,0.0,0.0,0.0,0.0,0.0,0.0,1.0,0.0,0.0,0.0,0.0,-0.0,0.0,0.0,0.0,0.0,0.0,0.0,0.0,0.0,95.0,83.0,93.0,39.0,17.0,10.0,27.0,13.0,15.0,0.0,0.0
40.783,53,62595.0,557.0,90.0,600.0,600.0,0.0,1.0,0.0,0.0,0.461,0.022,0.5,0.5,0.469,0.036,0.508,0.514,0.0,0.0,-1.43,-5.3,-0.06,0.0,0.0,0.0,0.0,0.0,0.0,0.0,0.0,1.0,0.0,0.0,0.0,0.0,-0.0,0.0,0.0,0.0,0.0,0.0,0.0,0.0,0.0,95.0,83.0,93.0,39.0,17.0,10.0,27.0,13.0,15.0,0.0,0.0
40.848,52,62647.0,557.0,90.0,600.0,600.0,0.0,1.0,0.0,0.0,0.461,0.022,0.5,0.5,0.469,0.036,0.508,0.514,0.0,0.0,-1.43,-5.3,-0.06,0.0,0.0,0.0,0.0,0.0,0.0,0.0,0.0,1.0,0.0,0.0,0.0,0.0,-0.0,0.0,0.0,0.0,0.0,0.0,0.0,0.0,0.0,95.0,83.0,93.0,39.0,17.0,10.0,27.0,13.0,15.0,0.0,0.0
40.881,53,62700.0,557.0,90.0,600.0,600.0,0.0,1.0,0.0,0.0,0.461,0.022,0.5,0.5,0.469,0.036,0.508,0.514,0.0,0.0,-1.43,-5.3,-0.06,0.0,0.0,0.0,0.0,0.0,0.0,0.0,0.0,1.0,0.0,0.0,0.0,0.0,-0.0,0.0,0.0,0.0,0.0,0.0,0.0,0.0,0.0,95.0,83.0,93.0,39.0,17.0,10.0,27.0,13.0,15.0,0.0,0.0
40.946,52,62752.0,557.0,90.0,600.0,600.0,0.0,1.0,0.0,0.0,0.462,0.022,0.5,0.5,0.47,0.036,0.508,0.514,0.0,0.0,-1.43,-5.3,-0.06,0.0,0.0,0.0,0.0,0.0,0.0,0.0,0.0,1.0,0.0,0.0,0.0,0.0,0.0,0.0,0.0,0.0,0.0,0.0,0.0,0.0,0.0,95.0,83.0,93.0,39.0,17.0,10.0,27.0,13.0,15.0,0.0,0.0
40.979,53,62805.0,556.0,90.0,600.0,600.0,0.0,1.0,0.0,0.0,0.462,0.022,0.5,0.5,0.47,0.036,0.508,0.514,0.0,0.0,-1.43,-5.31,-0.06,0.0,0.0,0.0,0.0,0.0,0.0,0.0,0.0,1.0,0.0,0.0,0.0,0.0,-0.0,0.0,0.0,0.0,0.0,0.0,0.0,0.0,0.0,95.0,83.0,93.0,39.0,17.0,10.0,27.0,13.0,15.0,0.0,1.0
41.042,52,62857.0,556.0,89.0,600.0,600.0,0.0,1.0,0.0,0.0,0.462,0.022,0.5,0.5,0.47,0.036,0.508,0.514,0.0,0.0,-1.43,-5.31,-0.06,0.0,0.0,0.0,0.0,0.0,0.0,0.0,0.0,1.0,0.0,0.0,0.0,0.0,-0.0,0.0,0.0,0.0,0.0,0.0,0.0,0.0,0.0,95.0,83.0,93.0,39.0,17.0,10.0,27.0,13.0,15.0,0.0,0.0
41.074,35,62892.0,556.0,89.0,600.0,600.0,0.0,1.0,0.0,0.0,0.462,0.022,0.5,0.5,0.47,0.036,0.508,0.514,0.0,0.0,-1.43,-5.31,-0.06,0.0,0.0,0.0,0.0,0.0,0.0,0.0,0.0,1.0,0.0,0.0,0.0,0.0,-0.0,0.0,0.0,0.0,0.0,0.0,0.0,0.0,0.0,95.0,83.0,93.0,39.0,17.0,10.0,27.0,13.0,15.0,0.0,0.0
41.168,99,62991.0,555.0,89.0,600.0,600.0,0.0,1.0,0.0,0.0,0.462,0.022,0.5,0.5,0.47,0.036,0.508,0.514,0.0,0.0,-1.44,-5.31,-0.06,0.0,0.0,0.0,0.0,0.0,0.0,0.0,0.0,1.0,0.0,0.0,0.0,0.0,-0.0,0.0,0.0,0.0,0.0,0.0,0.0,0.0,0.0,95.0,83.0,93.0,39.0,17.0,10.0,27.0,13.0,15.0,0.0,0.0
41.232,53,63044.0,555.0,89.0,600.0,600.0,0.0,1.0,0.0,0.0,0.462,0.022,0.5,0.5,0.47,0.036,0.508,0.514,0.0,0.0,-1.44,-5.31,-0.06,0.0,0.0,0.0,0.0,0.0,0.0,0.0,0.0,1.0,0.0,0.0,0.0,0.0,-0.0,0.0,0.0,0.0,0.0,0.0,0.0,0.0,0.0,95.0,83.0,93.0,39.0,17.0,10.0,27.0,13.0,15.0,0.0,0.0
41.298,52,63096.0,555.0,89.0,600.0,600.0,0.0,1.0,0.0,0.0,0.462,0.022,0.5,0.5,0.47,0.036,0.508,0.514,0.0,0.0,-1.44,-5.31,-0.06,0.0,0.0,0.0,0.0,0.0,0.0,0.0,0.0,1.0,0.0,0.0,0.0,0.0,-0.0,0.0,0.0,0.0,0.0,0.0,0.0,0.0,0.0,95.0,83.0,93.0,39.0,17.0,10.0,27.0,13.0,15.0,0.0,0.0
41.332,52,63148.0,555.0,89.0,600.0,600.0,0.0,1.0,0.0,0.0,0.462,0.022,0.5,0.5,0.469,0.036,0.508,0.514,0.0,0.0,-1.44,-5.31,-0.06,0.0,0.0,0.0,0.0,0.0,0.0,0.0,0.0,1.0,0.0,0.0,0.0,0.0,-0.0,0.0,0.0,0.0,0.0,0.0,0.0,0.0,0.0,95.0,83.0,93.0,39.0,17.0,10.0,27.0,13.0,15.0,0.0,0.0
41.395,53,63201.0,554.0,89.0,600.0,600.0,0.0,1.0,0.0,0.0,0.462,0.022,0.5,0.5,0.469,0.036,0.508,0.514,0.0,0.0,-1.45,-5.31,-0.06,0.0,0.0,0.0,0.0,0.0,0.0,0.0,0.0,1.0,0.0,0.0,0.0,0.0,0.0,0.0,0.0,0.0,0.0,0.0,0.0,0.0,0.0,95.0,83.0,93.0,39.0,17.0,10.0,27.0,13.0,15.0,0.0,0.0
41.427,52,63253.0,554.0,89.0,600.0,600.0,0.0,1.0,0.0,0.0,0.462,0.022,0.5,0.5,0.469,0.036,0.508,0.514,0.0,0.0,-1.45,-5.31,-0.06,0.0,0.0,0.0,0.0,0.0,0.0,0.0,0.0,1.0,0.0,0.0,0.0,0.0,-0.0,0.0,0.0,0.0,0.0,0.0,0.0,0.0,0.0,95.0,83.0,93.0,39.0,17.0,10.0,27.0,13.0,15.0,0.0,0.0
41.494,53,63306.0,554.0,89.0,600.0,600.0,0.0,1.0,0.0,0.0,0.462,0.022,0.5,0.5,0.469,0.036,0.508,0.514,0.0,0.0,-1.45,-5.31,-0.06,0.0,0.0,0.0,0.0,0.0,0.0,0.0,0.0,1.0,0.0,0.0,0.0,0.0,-0.0,0.0,0.0,0.0,0.0,0.0,0.0,0.0,0.0,95.0,83.0,93.0,39.0,17.0,10.0,27.0,13.0,15.0,0.0,0.0
41.567,52,63358.0,554.0,89.0,600.0,600.0,0.0,1.0,0.0,0.0,0.461,0.022,0.5,0.5,0.469,0.036,0.508,0.514,0.0,0.0,-1.45,-5.31,-0.06,0.0,0.0,0.0,0.0,0.0,0.0,0.0,0.0,1.0,0.0,0.0,0.0,0.0,-0.0,0.0,0.0,0.0,0.0,0.0,0.0,0.0,0.0,95.0,83.0,93.0,39.0,17.0,10.0,27.0,13.0,15.0,0.0,0.0
41.599,53,63411.0,554.0,89.0,600.0,600.0,0.0,1.0,0.0,0.0,0.461,0.022,0.5,0.5,0.469,0.036,0.508,0.514,0.0,0.0,-1.45,-5.31,-0.06,0.0,0.0,0.0,0.0,0.0,0.0,0.0,0.0,1.0,0.0,0.0,0.0,0.0,-0.0,0.0,0.0,0.0,0.0,0.0,0.0,0.0,0.0,95.0,83.0,93.0,39.0,17.0,10.0,27.0,13.0,15.0,0.0,0.0
41.663,52,63463.0,554.0,88.0,600.0,600.0,0.0,1.0,0.0,0.0,0.461,0.022,0.5,0.5,0.469,0.036,0.508,0.514,0.0,0.0,-1.44,-5.31,-0.06,0.0,0.0,0.0,0.0,0.0,0.0,0.0,0.0,1.0,0.0,0.0,0.0,0.0,-0.0,0.0,0.0,0.0,0.0,0.0,0.0,0.0,0.0,95.0,83.0,93.0,39.0,17.0,10.0,27.0,13.0,15.0,0.0,0.0
41.696,53,63516.0,554.0,88.0,600.0,600.0,0.0,1.0,0.0,0.0,0.461,0.022,0.5,0.5,0.469,0.036,0.508,0.514,0.0,0.0,-1.44,-5.31,-0.06,0.0,0.0,0.0,0.0,0.0,0.0,0.0,0.0,1.0,0.0,0.0,0.0,0.0,-0.0,0.0,0.0,0.0,0.0,0.0,0.0,0.0,0.0,95.0,83.0,93.0,39.0,17.0,10.0,27.0,13.0,15.0,0.0,0.0
41.773,52,63568.0,554.0,88.0,600.0,600.0,0.0,1.0,0.0,0.0,0.461,0.021,0.5,0.5,0.468,0.035,0.508,0.514,0.0,0.0,-1.44,-5.31,-0.06,0.0,0.0,0.0,0.0,0.0,0.0,0.0,0.0,1.0,0.0,0.0,0.0,0.0,0.0,0.0,0.0,0.0,0.0,0.0,0.0,0.0,0.0,95.0,83.0,93.0,39.0,17.0,10.0,27.0,13.0,15.0,0.0,0.0
41.806,53,63621.0,555.0,88.0,600.0,600.0,0.0,1.0,0.0,0.0,0.461,0.021,0.5,0.5,0.468,0.035,0.508,0.514,0.0,0.0,-1.44,-5.31,-0.06,0.0,0.0,0.0,0.0,0.0,0.0,0.0,0.0,1.0,0.0,0.0,0.0,0.0,-0.0,0.0,0.0,0.0,0.0,0.0,0.0,0.0,0.0,95.0,83.0,93.0,39.0,17.0,10.0,27.0,13.0,15.0,0.0,1.0
41.872,52,63673.0,555.0,88.0,600.0,600.0,0.0,1.0,0.0,0.0,0.461,0.021,0.5,0.5,0.468,0.035,0.508,0.514,0.0,0.0,-1.44,-5.31,-0.06,0.0,0.0,0.0,0.0,0.0,0.0,0.0,0.0,1.0,0.0,0.0,0.0,0.0,0.0,0.0,0.0,0.0,0.0,0.0,0.0,0.0,0.0,95.0,83.0,93.0,39.0,17.0,10.0,27.0,13.0,15.0,0.0,0.0
41.904,52,63725.0,555.0,88.0,480.0,600.0,0.0,1.0,0.0,0.0,0.461,0.021,0.5,0.5,0.468,0.035,0.508,0.514,0.0,0.0,-1.43,-5.31,-0.06,0.0,0.0,0.0,0.0,0.0,0.0,0.0,0.0,1.0,0.0,0.0,0.0,0.0,-0.0,0.0,0.0,0.0,0.0,0.0,0.0,0.0,0.0,95.0,83.0,93.0,39.0,17.0,10.0,27.0,13.0,15.0,0.0,1.0
41.969,53,63778.0,555.0,88.0,480.0,600.0,0.0,1.0,0.0,0.0,0.461,0.021,0.441,0.5,0.468,0.035,0.458,0.513,0.0,0.0,-1.43,-5.31,-0.06,0.0,0.0,0.0,0.0,0.0,0.0,0.0,0.0,1.0,0.0,0.0,0.0,0.0,-0.0,0.0,0.0,0.0,0.0,0.0,0.0,0.0,0.0,95.0,83.0,93.0,39.0,17.0,10.0,27.0,13.0,15.0,0.0,0.0
42.033,53,63831.0,556.0,88.0,480.0,600.0,0.0,1.0,0.0,0.0,0.461,0.021,0.441,0.5,0.468,0.035,0.458,0.513,0.0,0.0,-1.43,-5.3,-0.06,0.0,0.0,0.0,0.0,0.0,0.0,0.0,0.0,1.0,0.0,0.0,0.0,0.0,-0.0,0.0,0.0,0.0,0.0,0.0,0.0,0.0,0.0,95.0,83.0,93.0,39.0,17.0,10.0,27.0,13.0,15.0,0.0,0.0
42.066,52,63883.0,556.0,89.0,480.0,600.0,0.0,1.0,0.0,0.0,0.461,0.021,0.441,0.5,0.468,0.035,0.458,0.513,0.0,0.0,-1.43,-5.3,-0.06,0.0,0.0,0.0,0.0,0.0,0.0,0.0,0.0,1.0,0.0,0.0,0.0,0.0,0.0,0.0,0.0,0.0,0.0,0.0,0.0,0.0,0.0,95.0,83.0,93.0,39.0,17.0,10.0,27.0,13.0,15.0,0.0,0.0
42.14,53,63936.0,556.0,89.0,480.0,600.0,0.0,1.0,0.0,0.0,0.461,0.021,0.441,0.5,0.468,0.035,0.458,0.513,0.0,0.0,-1.43,-5.3,-0.06,0.0,0.0,0.0,0.0,0.0,0.0,0.0,0.0,1.0,0.0,0.0,0.0,0.0,-0.0,0.0,0.0,0.0,0.0,0.0,0.0,0.0,0.0,95.0,83.0,93.0,39.0,17.0,10.0,27.0,13.0,15.0,0.0,0.0
42.173,52,63988.0,556.0,89.0,480.0,600.0,0.0,1.0,0.0,0.0,0.462,0.021,0.414,0.5,0.469,0.034,0.426,0.513,0.0,0.0,-1.43,-5.3,-0.06,0.0,0.0,0.0,0.0,0.0,0.0,0.0,0.0,1.0,0.0,0.0,0.0,0.0,-0.0,0.0,0.0,0.0,0.0,0.0,0.0,0.0,0.0,95.0,83.0,93.0,39.0,17.0,10.0,27.0,13.0,15.0,0.0,0.0
42.238,53,64041.0,556.0,89.0,480.0,600.0,0.0,1.0,0.0,0.0,0.462,0.021,0.414,0.5,0.469,0.034,0.426,0.513,0.0,0.0,-1.43,-5.3,-0.06,0.0,0.0,0.0,0.0,0.0,0.0,0.0,0.0,1.0,0.0,0.0,0.0,0.0,-0.0,0.0,0.0,0.0,0.0,0.0,0.0,0.0,0.0,95.0,83.0,93.0,39.0,17.0,10.0,27.0,13.0,15.0,0.0,0.0
42.271,52,64093.0,556.0,89.0,480.0,600.0,0.0,1.0,0.0,0.0,0.462,0.021,0.414,0.5,0.469,0.034,0.426,0.513,0.0,0.0,-1.43,-5.3,-0.06,0.0,0.0,0.0,0.0,0.0,0.0,0.0,0.0,1.0,0.0,0.0,0.0,0.0,-0.0,0.0,0.0,0.0,0.0,0.0,0.0,0.0,0.0,95.0,83.0,93.0,39.0,17.0,10.0,27.0,13.0,15.0,0.0,0.0
42.337,53,64146.0,556.0,89.0,480.0,600.0,0.0,1.0,0.0,0.0,0.462,0.021,0.414,0.5,0.469,0.034,0.426,0.513,0.0,0.0,-1.43,-5.3,-0.06,0.0,0.0,0.0,0.0,0.0,0.0,0.0,0.0,1.0,0.0,0.0,0.0,0.0,0.0,0.0,0.0,0.0,0.0,0.0,0.0,0.0,0.0,95.0,83.0,93.0,39.0,17.0,10.0,27.0,13.0,15.0,0.0,1.0
42.403,52,64198.0,556.0,89.0,480.0,600.0,0.0,1.0,0.0,0.0,0.462,0.021,0.401,0.5,0.469,0.034,0.411,0.513,0.0,0.0,-1.43,-5.3,-0.06,0.0,0.0,0.0,0.0,0.0,0.0,0.0,0.0,1.0,0.0,0.0,0.0,0.0,-0.0,0.0,0.0,0.0,0.0,0.0,0.0,0.0,0.0,95.0,83.0,93.0,39.0,17.0,10.0,27.0,13.0,15.0,0.0,0.0
42.435,53,64251.0,557.0,89.0,480.0,600.0,0.0,1.0,0.0,0.0,0.462,0.021,0.401,0.5,0.469,0.034,0.411,0.513,0.0,0.0,-1.43,-5.3,-0.06,0.0,0.0,0.0,0.0,0.0,0.0,0.0,0.0,1.0,0.0,0.0,0.0,0.0,-0.0,0.0,0.0,0.0,0.0,0.0,0.0,0.0,0.0,95.0,83.0,93.0,39.0,17.0,10.0,27.0,13.0,15.0,0.0,0.0
42.501,52,64303.0,557.0,89.0,480.0,600.0,0.0,1.0,0.0,0.0,0.462,0.021,0.401,0.5,0.469,0.034,0.411,0.513,0.0,0.0,-1.43,-5.3,-0.06,0.0,0.0,0.0,0.0,0.0,0.0,0.0,0.0,1.0,0.0,0.0,0.0,0.0,-0.0,0.0,0.0,0.0,0.0,0.0,0.0,0.0,0.0,95.0,83.0,93.0,39.0,17.0,10.0,27.0,13.0,15.0,0.0,0.0
42.54,53,64356.0,557.0,89.0,480.0,600.0,0.0,1.0,0.0,0.0,0.462,0.021,0.401,0.5,0.469,0.034,0.411,0.513,0.0,0.0,-1.43,-5.3,-0.06,0.0,0.0,0.0,0.0,0.0,0.0,0.0,0.0,1.0,0.0,0.0,0.0,0.0,-0.0,0.0,0.0,0.0,0.0,0.0,0.0,0.0,0.0,95.0,83.0,93.0,39.0,17.0,10.0,27.0,13.0,15.0,0.0,1.0
42.604,52,64408.0,557.0,89.0,480.0,600.0,0.0,1.0,0.0,0.0,0.462,0.021,0.395,0.5,0.47,0.034,0.404,0.513,0.0,0.0,-1.43,-5.3,-0.06,0.0,0.0,0.0,0.0,0.0,0.0,0.0,0.0,1.0,0.0,0.0,0.0,0.0,-0.0,0.0,0.0,0.0,0.0,0.0,0.0,0.0,0.0,95.0,83.0,93.0,39.0,17.0,10.0,27.0,13.0,15.0,0.0,0.0
42.636,53,64461.0,554.0,89.0,480.0,600.0,0.0,1.0,0.0,0.0,0.462,0.021,0.395,0.5,0.47,0.034,0.404,0.513,0.0,0.0,-1.43,-5.3,-0.06,0.0,0.0,0.0,0.0,0.0,0.0,0.0,0.0,1.0,0.0,0.0,0.0,0.0,0.0,0.0,0.0,0.0,0.0,0.0,0.0,0.0,0.0,95.0,83.0,93.0,39.0,17.0,10.0,27.0,13.0,15.0,0.0,0.0
42.702,51,64512.0,554.0,89.0,480.0,600.0,0.0,1.0,0.0,0.0,0.462,0.021,0.395,0.5,0.47,0.034,0.404,0.513,0.0,0.0,-1.43,-5.3,-0.06,0.0,0.0,0.0,0.0,0.0,0.0,0.0,0.0,1.0,0.0,0.0,0.0,0.0,0.0,0.0,0.0,0.0,0.0,0.0,0.0,0.0,0.0,95.0,83.0,93.0,39.0,17.0,10.0,27.0,13.0,15.0,0.0,0.0
42.772,53,64565.0,554.0,89.0,480.0,600.0,0.0,1.0,0.0,0.0,0.462,0.021,0.395,0.5,0.47,0.034,0.404,0.513,0.0,0.0,-1.43,-5.3,-0.06,0.0,0.0,0.0,0.0,0.0,0.0,0.0,0.0,1.0,0.0,0.0,0.0,0.0,-0.0,0.0,0.0,0.0,0.0,0.0,0.0,0.0,0.0,95.0,83.0,93.0,39.0,17.0,10.0,27.0,13.0,15.0,0.0,1.0
42.804,52,64617.0,554.0,89.0,480.0,600.0,0.0,1.0,0.0,0.0,0.461,0.021,0.393,0.5,0.469,0.034,0.401,0.513,0.0,0.0,-1.42,-5.3,-0.06,0.0,0.0,0.0,0.0,0.0,0.0,0.0,0.0,1.0,0.0,0.0,0.0,0.0,-0.0,0.0,0.0,0.0,0.0,0.0,0.0,0.0,0.0,95.0,83.0,93.0,39.0,17.0,10.0,27.0,13.0,15.0,0.0,1.0
42.868,54,64671.0,552.0,89.0,480.0,600.0,0.0,1.0,0.0,0.0,0.461,0.021,0.393,0.5,0.469,0.034,0.401,0.513,0.0,0.0,-1.42,-5.29,-0.05,0.0,0.0,0.0,0.0,0.0,0.0,0.0,0.0,1.0,0.0,0.0,0.0,0.0,-0.0,0.0,0.0,0.0,0.0,0.0,0.0,0.0,0.0,95.0,83.0,93.0,39.0,17.0,10.0,27.0,13.0,15.0,0.0,0.0
42.901,53,64724.0,552.0,89.0,480.0,600.0,0.0,1.0,0.0,0.0,0.461,0.021,0.393,0.5,0.469,0.034,0.401,0.513,0.0,0.0,-1.42,-5.29,-0.05,0.0,0.0,0.0,0.0,0.0,0.0,0.0,0.0,1.0,0.0,0.0,0.0,0.0,0.0,0.0,0.0,0.0,0.0,0.0,0.0,0.0,0.0,95.0,83.0,93.0,39.0,17.0,10.0,27.0,13.0,15.0,0.0,0.0
42.968,52,64776.0,552.0,89.0,600.0,600.0,0.0,1.0,0.0,0.0,0.461,0.021,0.393,0.5,0.469,0.034,0.401,0.513,0.0,0.0,-1.43,-5.29,-0.05,0.0,0.0,0.0,0.0,0.0,0.0,0.0,0.0,1.0,0.0,0.0,0.0,0.0,-0.0,0.0,0.0,0.0,0.0,0.0,0.0,0.0,0.0,95.0,83.0,93.0,39.0,17.0,10.0,27.0,13.0,15.0,0.0,0.0
43.034,52,64828.0,552.0,89.0,600.0,600.0,0.0,1.0,0.0,0.0,0.46,0.021,0.45,0.5,0.468,0.035,0.449,0.513,0.0,0.0,-1.43,-5.29,-0.05,0.0,0.0,0.0,0.0,0.0,0.0,0.0,0.0,1.0,0.0,0.0,0.0,0.0,-0.0,0.0,0.0,0.0,0.0,0.0,0.0,0.0,0.0,95.0,83.0,93.0,39.0,17.0,10.0,27.0,13.0,15.0,0.0,0.0
43.067,53,64881.0,551.0,89.0,600.0,600.0,0.0,1.0,0.0,0.0,0.46,0.021,0.45,0.5,0.468,0.035,0.449,0.513,0.0,0.0,-1.43,-5.28,-0.05,0.0,0.0,0.0,0.0,0.0,0.0,0.0,0.0,1.0,0.0,0.0,0.0,0.0,-0.0,0.0,0.0,0.0,0.0,0.0,0.0,0.0,0.0,95.0,83.0,93.0,39.0,17.0,10.0,27.0,13.0,15.0,0.0,0.0
43.133,51,64932.0,551.0,88.0,600.0,600.0,0.0,1.0,0.0,0.0,0.46,0.021,0.45,0.5,0.468,0.035,0.449,0.513,0.0,0.0,-1.43,-5.28,-0.05,0.0,0.0,0.0,0.0,0.0,0.0,0.0,0.0,1.0,0.0,0.0,0.0,0.0,-0.0,0.0,0.0,0.0,0.0,0.0,0.0,0.0,0.0,95.0,83.0,93.0,39.0,17.0,10.0,27.0,13.0,15.0,0.0,1.0
43.166,53,64985.0,551.0,88.0,600.0,600.0,0.0,1.0,0.0,0.0,0.46,0.021,0.45,0.5,0.468,0.035,0.449,0.513,0.0,0.0,-1.43,-5.28,-0.05,0.0,0.0,0.0,0.0,0.0,0.0,0.0,0.0,1.0,0.0,0.0,0.0,0.0,-0.0,0.0,0.0,0.0,0.0,0.0,0.0,0.0,0.0,95.0,83.0,93.0,39.0,17.0,10.0,27.0,13.0,15.0,0.0,0.0
43.231,52,65037.0,551.0,88.0,600.0,600.0,0.0,1.0,0.0,0.0,0.458,0.021,0.477,0.5,0.466,0.035,0.48,0.514,0.0,0.0,-1.43,-5.28,-0.05,0.0,0.0,0.0,0.0,0.0,0.0,0.0,0.0,1.0,0.0,0.0,0.0,0.0,-0.0,0.0,0.0,0.0,0.0,0.0,0.0,0.0,0.0,95.0,83.0,93.0,39.0,17.0,10.0,27.0,13.0,15.0,0.0,0.0
43.298,54,65091.0,552.0,88.0,600.0,600.0,0.0,1.0,0.0,0.0,0.458,0.021,0.477,0.5,0.466,0.035,0.48,0.514,0.0,0.0,-1.43,-5.28,-0.05,0.0,0.0,0.0,0.0,0.0,0.0,0.0,0.0,1.0,0.0,0.0,0.0,0.0,-0.0,0.0,0.0,0.0,0.0,0.0,0.0,0.0,0.0,95.0,83.0,93.0,39.0,17.0,10.0,27.0,13.0,15.0,0.0,0.0
43.34,51,65142.0,552.0,88.0,600.0,600.0,0.0,1.0,0.0,0.0,0.458,0.021,0.477,0.5,0.466,0.035,0.48,0.514,0.0,0.0,-1.43,-5.28,-0.05,0.0,0.0,0.0,0.0,0.0,0.0,0.0,0.0,1.0,0.0,0.0,0.0,0.0,0.0,0.0,0.0,0.0,0.0,0.0,0.0,0.0,0.0,95.0,83.0,93.0,39.0,17.0,10.0,27.0,13.0,15.0,0.0,0.0
43.373,53,65195.0,552.0,88.0,600.0,600.0,0.0,1.0,0.0,0.0,0.458,0.021,0.477,0.5,0.466,0.035,0.48,0.514,0.0,0.0,-1.43,-5.28,-0.05,0.0,0.0,0.0,0.0,0.0,0.0,0.0,0.0,1.0,0.0,0.0,0.0,0.0,-0.0,0.0,0.0,0.0,0.0,0.0,0.0,0.0,0.0,95.0,83.0,93.0,39.0,17.0,10.0,27.0,13.0,15.0,0.0,0.0
43.438,52,65247.0,552.0,88.0,600.0,600.0,0.0,1.0,0.0,0.0,0.458,0.021,0.489,0.5,0.466,0.035,0.495,0.514,0.0,0.0,-1.43,-5.28,-0.05,0.0,0.0,0.0,0.0,0.0,0.0,0.0,0.0,1.0,0.0,0.0,0.0,0.0,-0.0,0.0,0.0,0.0,0.0,0.0,0.0,0.0,0.0,95.0,83.0,93.0,39.0,17.0,10.0,27.0,13.0,15.0,0.0,1.0
43.504,53,65300.0,552.0,88.0,600.0,600.0,0.0,1.0,0.0,0.0,0.458,0.021,0.489,0.5,0.466,0.035,0.495,0.514,0.0,0.0,-1.43,-5.28,-0.05,0.0,0.0,0.0,0.0,0.0,0.0,0.0,0.0,1.0,0.0,0.0,0.0,0.0,-0.0,0.0,0.0,0.0,0.0,0.0,0.0,0.0,0.0,95.0,83.0,93.0,39.0,17.0,10.0,27.0,13.0,15.0,0.0,0.0
43.539,51,65351.0,552.0,87.0,600.0,600.0,0.0,1.0,0.0,0.0,0.458,0.021,0.489,0.5,0.466,0.035,0.495,0.514,0.0,0.0,-1.43,-5.28,-0.06,0.0,0.0,0.0,0.0,0.0,0.0,0.0,0.0,1.0,0.0,0.0,0.0,0.0,-0.0,0.0,0.0,0.0,0.0,0.0,0.0,0.0,0.0,95.0,83.0,93.0,39.0,17.0,10.0,27.0,13.0,15.0,0.0,0.0
43.571,35,65386.0,552.0,87.0,600.0,600.0,0.0,1.0,0.0,0.0,0.458,0.021,0.489,0.5,0.466,0.035,0.495,0.514,0.0,0.0,-1.43,-5.28,-0.06,0.0,0.0,0.0,0.0,0.0,0.0,0.0,0.0,1.0,0.0,0.0,0.0,0.0,-0.0,0.0,0.0,0.0,0.0,0.0,0.0,0.0,0.0,95.0,83.0,93.0,39.0,17.0,10.0,27.0,13.0,15.0,0.0,0.0
43.668,98,65484.0,551.0,87.0,600.0,600.0,0.0,1.0,0.0,0.0,0.458,0.021,0.495,0.5,0.466,0.035,0.502,0.514,0.0,0.0,-1.43,-5.28,-0.06,0.0,0.0,0.0,0.0,0.0,0.0,0.0,0.0,1.0,0.0,0.0,0.0,0.0,-0.0,0.0,0.0,0.0,0.0,0.0,0.0,0.0,0.0,95.0,83.0,93.0,39.0,17.0,10.0,27.0,13.0,15.0,0.0,0.0
43.744,52,65536.0,551.0,87.0,600.0,600.0,0.0,1.0,0.0,0.0,0.458,0.021,0.495,0.5,0.466,0.035,0.502,0.514,0.0,0.0,-1.43,-5.28,-0.06,0.0,0.0,0.0,0.0,0.0,0.0,0.0,0.0,1.0,0.0,0.0,0.0,0.0,-0.0,0.0,0.0,0.0,0.0,0.0,0.0,0.0,0.0,95.0,83.0,93.0,39.0,17.0,10.0,27.0,13.0,15.0,0.0,1.0
43.777,53,65589.0,551.0,87.0,600.0,600.0,0.0,1.0,0.0,0.0,0.458,0.021,0.495,0.5,0.466,0.035,0.502,0.514,0.0,0.0,-1.43,-5.28,-0.06,0.0,0.0,0.0,0.0,0.0,0.0,0.0,0.0,1.0,0.0,0.0,0.0,0.0,0.0,0.0,0.0,0.0,0.0,0.0,0.0,0.0,0.0,95.0,83.0,93.0,39.0,17.0,10.0,27.0,13.0,15.0,0.0,0.0
43.843,52,65641.0,551.0,87.0,600.0,600.0,0.0,1.0,0.0,0.0,0.458,0.021,0.498,0.5,0.466,0.035,0.505,0.514,0.0,0.0,-1.42,-5.29,-0.06,0.0,0.0,0.0,0.0,0.0,0.0,0.0,0.0,1.0,0.0,0.0,0.0,0.0,0.0,0.0,0.0,0.0,0.0,0.0,0.0,0.0,0.0,95.0,83.0,93.0,39.0,17.0,10.0,27.0,13.0,15.0,0.0,0.0
43.876,53,65694.0,549.0,87.0,600.0,600.0,0.0,1.0,0.0,0.0,0.458,0.021,0.498,0.5,0.466,0.035,0.505,0.514,0.0,0.0,-1.42,-5.29,-0.06,0.0,0.0,0.0,0.0,0.0,0.0,0.0,0.0,1.0,0.0,0.0,0.0,0.0,-0.0,0.0,0.0,0.0,0.0,0.0,0.0,0.0,0.0,95.0,83.0,93.0,39.0,17.0,10.0,27.0,13.0,15.0,0.0,0.0
43.941,51,65745.0,549.0,88.0,600.0,600.0,0.0,1.0,0.0,0.0,0.458,0.021,0.498,0.5,0.466,0.035,0.505,0.514,0.0,0.0,-1.42,-5.29,-0.06,0.0,0.0,0.0,0.0,0.0,0.0,0.0,0.0,1.0,0.0,0.0,0.0,0.0,-0.0,0.0,0.0,0.0,0.0,0.0,0.0,0.0,0.0,95.0,83.0,93.0,39.0,17.0,10.0,27.0,13.0,15.0,0.0,0.0
43.973,53,65798.0,549.0,88.0,484.0,600.0,0.0,1.0,0.0,0.0,0.458,0.021,0.498,0.5,0.466,0.035,0.505,0.514,0.0,0.0,-1.42,-5.29,-0.05,0.0,0.0,0.0,0.0,0.0,0.0,0.0,0.0,1.0,0.0,0.0,0.0,0.0,-0.0,0.0,0.0,0.0,0.0,0.0,0.0,0.0,0.0,95.0,83.0,93.0,39.0,17.0,10.0,27.0,13.0,15.0,0.0,0.0
44.036,52,65850.0,549.0,88.0,484.0,600.0,0.0,1.0,0.0,0.0,0.457,0.021,0.442,0.5,0.465,0.034,0.459,0.513,0.0,0.0,-1.42,-5.29,-0.05,0.0,0.0,0.0,0.0,0.0,0.0,0.0,0.0,1.0,0.0,0.0,0.0,0.0,-0.0,0.0,0.0,0.0,0.0,0.0,0.0,0.0,0.0,95.0,83.0,93.0,39.0,17.0,10.0,27.0,13.0,15.0,0.0,0.0
44.102,54,65904.0,550.0,88.0,484.0,600.0,0.0,1.0,0.0,0.0,0.457,0.021,0.442,0.5,0.465,0.034,0.459,0.513,0.0,0.0,-1.42,-5.29,-0.05,0.0,0.0,0.0,0.0,0.0,0.0,0.0,0.0,1.0,0.0,0.0,0.0,0.0,-0.0,0.0,0.0,0.0,0.0,0.0,0.0,0.0,0.0,95.0,83.0,93.0,39.0,17.0,10.0,27.0,13.0,15.0,0.0,1.0
44.138,52,65956.0,550.0,88.0,484.0,600.0,0.0,1.0,0.0,0.0,0.457,0.021,0.442,0.5,0.465,0.034,0.459,0.513,0.0,0.0,-1.42,-5.29,-0.05,0.0,0.0,0.0,0.0,0.0,0.0,0.0,0.0,1.0,0.0,0.0,0.0,0.0,-0.0,0.0,0.0,0.0,0.0,0.0,0.0,0.0,0.0,95.0,83.0,93.0,39.0,17.0,10.0,27.0,13.0,15.0,0.0,1.0
44.204,52,66008.0,550.0,88.0,484.0,600.0,0.0,1.0,0.0,0.0,0.457,0.021,0.442,0.5,0.465,0.034,0.459,0.513,0.0,0.0,-1.42,-5.29,-0.05,0.0,0.0,0.0,0.0,0.0,0.0,0.0,0.0,1.0,0.0,0.0,0.0,0.0,0.0,0.0,0.0,0.0,0.0,0.0,0.0,0.0,0.0,95.0,83.0,93.0,39.0,17.0,10.0,27.0,13.0,15.0,0.0,0.0
44.237,52,66060.0,550.0,88.0,484.0,600.0,0.0,1.0,0.0,0.0,0.457,0.021,0.417,0.5,0.464,0.034,0.429,0.513,0.0,0.0,-1.42,-5.29,-0.05,0.0,0.0,0.0,0.0,0.0,0.0,0.0,0.0,1.0,0.0,0.0,0.0,0.0,-0.0,0.0,0.0,0.0,0.0,0.0,0.0,0.0,0.0,95.0,83.0,93.0,39.0,17.0,10.0,27.0,13.0,15.0,0.0,0.0
44.303,53,66113.0,547.0,88.0,484.0,600.0,0.0,1.0,0.0,0.0,0.457,0.021,0.417,0.5,0.464,0.034,0.429,0.513,0.0,0.0,-1.42,-5.29,-0.05,0.0,0.0,0.0,0.0,0.0,0.0,0.0,0.0,1.0,0.0,0.0,0.0,0.0,-0.0,0.0,0.0,0.0,0.0,0.0,0.0,0.0,0.0,95.0,83.0,93.0,39.0,17.0,10.0,27.0,13.0,15.0,0.0,0.0
44.343,53,66166.0,547.0,88.0,484.0,600.0,0.0,1.0,0.0,0.0,0.457,0.021,0.417,0.5,0.464,0.034,0.429,0.513,0.0,0.0,-1.42,-5.3,-0.05,0.0,0.0,0.0,0.0,0.0,0.0,0.0,0.0,1.0,0.0,0.0,0.0,0.0,-0.0,0.0,0.0,0.0,0.0,0.0,0.0,0.0,0.0,95.0,83.0,93.0,39.0,17.0,10.0,27.0,13.0,15.0,0.0,1.0
44.409,52,66218.0,547.0,88.0,484.0,600.0,0.0,1.0,0.0,0.0,0.457,0.021,0.417,0.5,0.464,0.034,0.429,0.513,0.0,0.0,-1.42,-5.3,-0.05,0.0,0.0,0.0,0.0,0.0,0.0,0.0,0.0,1.0,0.0,0.0,0.0,0.0,-0.0,0.0,0.0,0.0,0.0,0.0,0.0,0.0,0.0,95.0,83.0,93.0,39.0,17.0,10.0,27.0,13.0,15.0,0.0,0.0
44.475,52,66270.0,547.0,88.0,484.0,600.0,0.0,1.0,0.0,0.0,0.455,0.021,0.405,0.5,0.463,0.034,0.414,0.513,0.0,0.0,-1.42,-5.3,-0.05,0.0,0.0,0.0,0.0,0.0,0.0,0.0,0.0,1.0,0.0,0.0,0.0,0.0,-0.0,0.0,0.0,0.0,0.0,0.0,0.0,0.0,0.0,95.0,83.0,93.0,39.0,17.0,10.0,27.0,13.0,15.0,0.0,0.0
44.508,54,66324.0,547.0,88.0,484.0,600.0,0.0,1.0,0.0,0.0,0.455,0.021,0.405,0.5,0.463,0.034,0.414,0.513,0.0,0.0,-1.43,-5.29,-0.05,0.0,0.0,0.0,0.0,0.0,0.0,0.0,0.0,1.0,0.0,0.0,0.0,0.0,-0.0,0.0,0.0,0.0,0.0,0.0,0.0,0.0,0.0,95.0,83.0,93.0,39.0,17.0,10.0,27.0,13.0,15.0,0.0,0.0
44.574,51,66375.0,547.0,88.0,484.0,600.0,0.0,1.0,0.0,0.0,0.455,0.021,0.405,0.5,0.463,0.034,0.414,0.513,0.0,0.0,-1.43,-5.29,-0.05,0.0,0.0,0.0,0.0,0.0,0.0,0.0,0.0,1.0,0.0,0.0,0.0,0.0,-0.0,0.0,0.0,0.0,0.0,0.0,0.0,0.0,0.0,95.0,83.0,93.0,39.0,17.0,10.0,27.0,13.0,15.0,0.0,1.0
44.607,53,66428.0,547.0,88.0,364.0,600.0,0.0,1.0,0.0,0.0,0.455,0.021,0.405,0.5,0.463,0.034,0.414,0.513,0.0,0.0,-1.44,-5.29,-0.05,0.0,0.0,0.0,0.0,0.0,0.0,0.0,0.0,1.0,0.0,0.0,0.0,0.0,-0.0,0.0,0.0,0.0,0.0,0.0,0.0,0.0,0.0,95.0,83.0,93.0,39.0,17.0,10.0,27.0,13.0,15.0,0.0,0.0
44.672,52,66480.0,547.0,88.0,364.0,600.0,0.0,1.0,0.0,0.0,0.454,0.021,0.332,0.5,0.462,0.033,0.351,0.512,0.0,0.0,-1.44,-5.29,-0.05,0.0,0.0,0.0,0.0,0.0,0.0,0.0,0.0,1.0,0.0,0.0,0.0,0.0,-0.0,0.0,0.0,0.0,0.0,0.0,0.0,0.0,0.0,95.0,83.0,93.0,39.0,17.0,10.0,27.0,13.0,15.0,0.0,0.0
44.706,53,66533.0,546.0,88.0,364.0,600.0,0.0,1.0,0.0,0.0,0.454,0.021,0.332,0.5,0.462,0.033,0.351,0.512,0.0,0.0,-1.44,-5.29,-0.05,0.0,0.0,0.0,0.0,0.0,0.0,0.0,0.0,1.0,0.0,0.0,0.0,0.0,0.0,0.0,0.0,0.0,0.0,0.0,0.0,0.0,0.0,95.0,83.0,93.0,39.0,17.0,10.0,27.0,13.0,15.0,0.0,0.0
44.773,51,66584.0,546.0,88.0,364.0,600.0,0.0,1.0,0.0,0.0,0.454,0.021,0.332,0.5,0.462,0.033,0.351,0.512,0.0,0.0,-1.44,-5.29,-0.06,0.0,0.0,0.0,0.0,0.0,0.0,0.0,0.0,1.0,0.0,0.0,0.0,0.0,-0.0,0.0,0.0,0.0,0.0,0.0,0.0,0.0,0.0,95.0,83.0,93.0,39.0,17.0,10.0,27.0,13.0,15.0,0.0,0.0
44.806,35,66619.0,546.0,88.0,364.0,600.0,0.0,1.0,0.0,0.0,0.454,0.021,0.332,0.5,0.462,0.033,0.351,0.512,0.0,0.0,-1.43,-5.29,-0.06,0.0,0.0,0.0,0.0,0.0,0.0,0.0,0.0,1.0,0.0,0.0,0.0,0.0,-0.0,0.0,0.0,0.0,0.0,0.0,0.0,0.0,0.0,95.0,83.0,93.0,39.0,17.0,10.0,27.0,13.0,15.0,0.0,0.0
44.905,100,66719.0,549.0,88.0,364.0,600.0,0.0,1.0,0.0,0.0,0.453,0.021,0.298,0.5,0.461,0.032,0.312,0.511,0.0,0.0,-1.43,-5.3,-0.06,0.0,0.0,0.0,0.0,0.0,0.0,0.0,0.0,1.0,0.0,0.0,0.0,0.0,-0.0,0.0,0.0,0.0,0.0,0.0,0.0,0.0,0.0,95.0,83.0,93.0,39.0,17.0,10.0,27.0,13.0,15.0,0.0,1.0
44.978,51,66770.0,549.0,88.0,364.0,600.0,0.0,1.0,0.0,0.0,0.453,0.021,0.298,0.5,0.461,0.032,0.312,0.511,0.0,0.0,-1.43,-5.3,-0.06,0.0,0.0,0.0,0.0,0.0,0.0,0.0,0.0,1.0,0.0,0.0,0.0,0.0,-0.0,0.0,0.0,0.0,0.0,0.0,0.0,0.0,0.0,95.0,83.0,93.0,39.0,17.0,10.0,27.0,13.0,15.0,0.0,0.0
45.007,54,66824.0,549.0,88.0,360.0,600.0,0.0,1.0,0.0,0.0,0.453,0.021,0.298,0.5,0.461,0.032,0.312,0.511,0.0,0.0,-1.43,-5.29,-0.06,0.0,0.0,0.0,0.0,0.0,0.0,0.0,0.0,1.0,0.0,0.0,0.0,0.0,0.0,0.0,0.0,0.0,0.0,0.0,0.0,0.0,0.0,95.0,83.0,93.0,39.0,17.0,10.0,27.0,13.0,15.0,0.0,1.0
45.065,52,66876.0,549.0,88.0,360.0,600.0,0.0,1.0,0.0,0.0,0.455,0.021,0.28,0.5,0.462,0.032,0.291,0.511,0.0,0.0,-1.43,-5.29,-0.06,0.0,0.0,0.0,0.0,0.0,0.0,0.0,0.0,1.0,0.0,0.0,0.0,0.0,-0.0,0.0,0.0,0.0,0.0,0.0,0.0,0.0,0.0,95.0,83.0,93.0,39.0,17.0,10.0,27.0,13.0,15.0,0.0,1.0
45.123,53,66929.0,549.0,88.0,360.0,600.0,0.0,1.0,0.0,0.0,0.455,0.021,0.28,0.5,0.462,0.032,0.291,0.511,0.0,0.0,-1.43,-5.29,-0.06,0.0,0.0,0.0,0.0,0.0,0.0,0.0,0.0,1.0,0.0,0.0,0.0,0.0,-0.0,0.0,0.0,0.0,0.0,0.0,0.0,0.0,0.0,95.0,83.0,93.0,39.0,17.0,10.0,27.0,13.0,15.0,0.0,0.0
45.153,51,66980.0,549.0,88.0,360.0,600.0,0.0,1.0,0.0,0.0,0.455,0.021,0.28,0.5,0.462,0.032,0.291,0.511,0.0,0.0,-1.43,-5.29,-0.06,0.0,0.0,0.0,0.0,0.0,0.0,0.0,0.0,1.0,0.0,0.0,0.0,0.0,-0.0,0.0,0.0,0.0,0.0,0.0,0.0,0.0,0.0,95.0,83.0,93.0,39.0,17.0,10.0,27.0,13.0,15.0,0.0,0.0
45.213,53,67033.0,549.0,88.0,360.0,600.0,0.0,1.0,0.0,0.0,0.455,0.021,0.28,0.5,0.462,0.032,0.291,0.511,0.0,0.0,-1.43,-5.29,-0.06,0.0,0.0,0.0,0.0,0.0,0.0,0.0,0.0,1.0,0.0,0.0,0.0,0.0,0.0,0.0,0.0,0.0,0.0,0.0,0.0,0.0,0.0,95.0,83.0,93.0,39.0,17.0,10.0,27.0,13.0,15.0,0.0,0.0
45.273,52,67085.0,549.0,88.0,360.0,600.0,0.0,1.0,0.0,0.0,0.455,0.021,0.272,0.5,0.463,0.032,0.281,0.511,0.0,0.0,-1.43,-5.28,-0.06,0.0,0.0,0.0,0.0,0.0,0.0,0.0,0.0,1.0,0.0,0.0,0.0,0.0,0.0,0.0,0.0,0.0,0.0,0.0,0.0,0.0,0.0,95.0,83.0,93.0,39.0,17.0,10.0,27.0,13.0,15.0,0.0,1.0
45.331,54,67139.0,552.0,88.0,360.0,600.0,0.0,1.0,0.0,0.0,0.455,0.021,0.272,0.5,0.463,0.032,0.281,0.511,0.0,0.0,-1.43,-5.28,-0.06,0.0,0.0,0.0,0.0,0.0,0.0,0.0,0.0,1.0,0.0,0.0,0.0,0.0,-0.0,0.0,0.0,0.0,0.0,0.0,0.0,0.0,0.0,95.0,83.0,93.0,39.0,17.0,10.0,27.0,13.0,15.0,0.0,0.0
45.388,51,67190.0,552.0,87.0,360.0,600.0,0.0,1.0,0.0,0.0,0.455,0.021,0.272,0.5,0.463,0.032,0.281,0.511,0.0,0.0,-1.43,-5.28,-0.06,0.0,0.0,0.0,0.0,0.0,0.0,0.0,0.0,1.0,0.0,0.0,0.0,0.0,-0.0,0.0,0.0,0.0,0.0,0.0,0.0,0.0,0.0,95.0,83.0,93.0,39.0,17.0,10.0,27.0,13.0,15.0,0.0,0.0
45.419,55,67245.0,552.0,87.0,360.0,600.0,0.0,1.0,0.0,0.0,0.455,0.021,0.272,0.5,0.463,0.032,0.281,0.511,0.0,0.0,-1.43,-5.28,-0.06,0.0,0.0,0.0,0.0,0.0,0.0,0.0,0.0,1.0,0.0,0.0,0.0,0.0,-0.0,0.0,0.0,0.0,0.0,0.0,0.0,0.0,0.0,95.0,83.0,93.0,39.0,17.0,10.0,27.0,13.0,15.0,0.0,1.0
45.477,52,67297.0,552.0,87.0,360.0,600.0,0.0,1.0,0.0,0.0,0.457,0.021,0.268,0.5,0.464,0.032,0.276,0.511,0.0,0.0,-1.43,-5.28,-0.06,0.0,0.0,0.0,0.0,0.0,0.0,0.0,0.0,1.0,0.0,0.0,0.0,0.0,-0.0,0.0,0.0,0.0,0.0,0.0,0.0,0.0,0.0,95.0,83.0,93.0,39.0,17.0,10.0,27.0,13.0,15.0,0.0,1.0
45.535,53,67350.0,554.0,87.0,360.0,600.0,0.0,1.0,0.0,0.0,0.457,0.021,0.268,0.5,0.464,0.032,0.276,0.511,0.0,0.0,-1.43,-5.28,-0.06,0.0,0.0,0.0,0.0,0.0,0.0,0.0,0.0,1.0,0.0,0.0,0.0,0.0,0.0,0.0,0.0,0.0,0.0,0.0,0.0,0.0,0.0,95.0,83.0,93.0,39.0,17.0,10.0,27.0,13.0,15.0,0.0,0.0
45.593,51,67401.0,554.0,88.0,360.0,600.0,0.0,1.0,0.0,0.0,0.457,0.021,0.268,0.5,0.464,0.032,0.276,0.511,0.0,0.0,-1.43,-5.28,-0.06,0.0,0.0,0.0,0.0,0.0,0.0,0.0,0.0,1.0,0.0,0.0,0.0,0.0,-0.0,0.0,0.0,0.0,0.0,0.0,0.0,0.0,0.0,95.0,83.0,93.0,39.0,17.0,10.0,27.0,13.0,15.0,0.0,0.0
45.65,53,67454.0,554.0,88.0,480.0,600.0,0.0,1.0,0.0,0.0,0.457,0.021,0.268,0.5,0.464,0.032,0.276,0.511,0.0,0.0,-1.43,-5.28,-0.06,0.0,0.0,0.0,0.0,0.0,0.0,0.0,0.0,1.0,0.0,0.0,0.0,0.0,0.0,0.0,0.0,0.0,0.0,0.0,0.0,0.0,0.0,95.0,83.0,93.0,39.0,17.0,10.0,27.0,13.0,15.0,0.0,0.0
45.679,52,67506.0,554.0,88.0,480.0,600.0,0.0,1.0,0.0,0.0,0.459,0.021,0.334,0.5,0.466,0.032,0.331,0.511,0.0,0.0,-1.43,-5.28,-0.06,0.0,0.0,0.0,0.0,0.0,0.0,0.0,0.0,1.0,0.0,0.0,0.0,0.0,-0.0,0.0,0.0,0.0,0.0,0.0,0.0,0.0,0.0,95.0,83.0,93.0,39.0,17.0,10.0,27.0,13.0,15.0,0.0,0.0
45.736,53,67559.0,556.0,88.0,480.0,600.0,0.0,1.0,0.0,0.0,0.459,0.021,0.334,0.5,0.466,0.032,0.331,0.511,0.0,0.0,-1.43,-5.28,-0.06,0.0,0.0,0.0,0.0,0.0,0.0,0.0,0.0,1.0,0.0,0.0,0.0,0.0,-0.0,0.0,0.0,0.0,0.0,0.0,0.0,0.0,0.0,95.0,83.0,93.0,39.0,17.0,10.0,27.0,13.0,15.0,0.0,0.0
45.793,51,67610.0,556.0,88.0,480.0,600.0,0.0,1.0,0.0,0.0,0.459,0.021,0.334,0.5,0.466,0.032,0.331,0.511,0.0,0.0,-1.43,-5.29,-0.06,0.0,0.0,0.0,0.0,0.0,0.0,0.0,0.0,1.0,0.0,0.0,0.0,0.0,-0.0,0.0,0.0,0.0,0.0,0.0,0.0,0.0,0.0,95.0,83.0,93.0,39.0,17.0,10.0,27.0,13.0,15.0,0.0,0.0
45.851,55,67665.0,556.0,88.0,480.0,600.0,0.0,1.0,0.0,0.0,0.459,0.021,0.334,0.5,0.466,0.032,0.331,0.511,0.0,0.0,-1.43,-5.29,-0.06,0.0,0.0,0.0,0.0,0.0,0.0,0.0,0.0,1.0,0.0,0.0,0.0,0.0,-0.0,0.0,0.0,0.0,0.0,0.0,0.0,0.0,0.0,95.0,83.0,93.0,39.0,17.0,10.0,27.0,13.0,15.0,0.0,0.0
45.908,52,67717.0,556.0,88.0,480.0,600.0,0.0,1.0,0.0,0.0,0.46,0.021,0.364,0.5,0.468,0.033,0.367,0.512,0.0,0.0,-1.43,-5.29,-0.06,0.0,0.0,0.0,0.0,0.0,0.0,0.0,0.0,1.0,0.0,0.0,0.0,0.0,-0.0,0.0,0.0,0.0,0.0,0.0,0.0,0.0,0.0,95.0,83.0,93.0,39.0,17.0,10.0,27.0,13.0,15.0,0.0,1.0
45.966,53,67770.0,553.0,88.0,480.0,600.0,0.0,1.0,0.0,0.0,0.46,0.021,0.364,0.5,0.468,0.033,0.367,0.512,0.0,0.0,-1.43,-5.29,-0.06,0.0,0.0,0.0,0.0,0.0,0.0,0.0,0.0,1.0,0.0,0.0,0.0,0.0,-0.0,0.0,0.0,0.0,0.0,0.0,0.0,0.0,0.0,95.0,83.0,93.0,39.0,17.0,10.0,27.0,13.0,15.0,0.0,0.0
45.994,51,67821.0,553.0,89.0,480.0,600.0,0.0,1.0,0.0,0.0,0.46,0.021,0.364,0.5,0.468,0.033,0.367,0.512,0.0,0.0,-1.43,-5.29,-0.06,0.0,0.0,0.0,0.0,0.0,0.0,0.0,0.0,1.0,0.0,0.0,0.0,0.0,-0.0,0.0,0.0,0.0,0.0,0.0,0.0,0.0,0.0,95.0,83.0,93.0,39.0,17.0,10.0,27.0,13.0,15.0,0.0,0.0
46.051,53,67874.0,553.0,89.0,600.0,600.0,0.0,1.0,0.0,0.0,0.46,0.021,0.364,0.5,0.468,0.033,0.367,0.512,0.0,0.0,-1.42,-5.29,-0.06,0.0,0.0,0.0,0.0,0.0,0.0,0.0,0.0,1.0,0.0,0.0,0.0,0.0,0.0,0.0,0.0,0.0,0.0,0.0,0.0,0.0,0.0,95.0,83.0,93.0,39.0,17.0,10.0,27.0,13.0,15.0,0.0,0.0
46.109,52,67926.0,553.0,89.0,600.0,600.0,0.0,1.0,0.0,0.0,0.46,0.021,0.437,0.5,0.468,0.034,0.433,0.513,0.0,0.0,-1.42,-5.28,-0.06,0.0,0.0,0.0,0.0,0.0,0.0,0.0,0.0,1.0,0.0,0.0,0.0,0.0,-0.0,0.0,0.0,0.0,0.0,0.0,0.0,0.0,0.0,95.0,83.0,93.0,39.0,17.0,10.0,27.0,13.0,15.0,0.0,0.0
46.166,53,67979.0,553.0,89.0,600.0,600.0,0.0,1.0,0.0,0.0,0.46,0.021,0.437,0.5,0.468,0.034,0.433,0.513,0.0,0.0,-1.42,-5.28,-0.06,0.0,0.0,0.0,0.0,0.0,0.0,0.0,0.0,1.0,0.0,0.0,0.0,0.0,-0.0,0.0,0.0,0.0,0.0,0.0,0.0,0.0,0.0,95.0,83.0,93.0,39.0,17.0,10.0,27.0,13.0,15.0,0.0,0.0
46.224,51,68030.0,553.0,88.0,600.0,600.0,0.0,1.0,0.0,0.0,0.46,0.021,0.437,0.5,0.468,0.034,0.433,0.513,0.0,0.0,-1.42,-5.28,-0.06,0.0,0.0,0.0,0.0,0.0,0.0,0.0,0.0,1.0,0.0,0.0,0.0,0.0,-0.0,0.0,0.0,0.0,0.0,0.0,0.0,0.0,0.0,95.0,83.0,93.0,39.0,17.0,10.0,27.0,13.0,15.0,0.0,0.0
46.252,35,68065.0,553.0,88.0,600.0,600.0,0.0,1.0,0.0,0.0,0.46,0.021,0.437,0.5,0.468,0.034,0.433,0.513,0.0,0.0,-1.43,-5.28,-0.06,0.0,0.0,0.0,0.0,0.0,0.0,0.0,0.0,1.0,0.0,0.0,0.0,0.0,-0.0,0.0,0.0,0.0,0.0,0.0,0.0,0.0,0.0,95.0,83.0,93.0,39.0,17.0,10.0,27.0,13.0,15.0,0.0,0.0
46.338,98,68163.0,553.0,88.0,600.0,600.0,0.0,1.0,0.0,0.0,0.46,0.021,0.471,0.5,0.467,0.035,0.473,0.514,0.0,0.0,-1.43,-5.28,-0.06,0.0,0.0,0.0,0.0,0.0,0.0,0.0,0.0,1.0,0.0,0.0,0.0,0.0,0.0,0.0,0.0,0.0,0.0,0.0,0.0,0.0,0.0,95.0,83.0,93.0,39.0,17.0,10.0,27.0,13.0,15.0,0.0,1.0
46.396,52,68215.0,553.0,88.0,600.0,600.0,0.0,1.0,0.0,0.0,0.46,0.021,0.471,0.5,0.467,0.035,0.473,0.514,0.0,0.0,-1.44,-5.28,-0.06,0.0,0.0,0.0,0.0,0.0,0.0,0.0,0.0,1.0,0.0,0.0,0.0,0.0,-0.0,0.0,0.0,0.0,0.0,0.0,0.0,0.0,0.0,95.0,83.0,93.0,39.0,17.0,10.0,27.0,13.0,15.0,0.0,0.0
46.454,53,68268.0,553.0,88.0,600.0,600.0,0.0,1.0,0.0,0.0,0.46,0.021,0.471,0.5,0.467,0.035,0.473,0.514,0.0,0.0,-1.44,-5.28,-0.06,0.0,0.0,0.0,0.0,0.0,0.0,0.0,0.0,1.0,0.0,0.0,0.0,0.0,-0.0,0.0,0.0,0.0,0.0,0.0,0.0,0.0,0.0,95.0,83.0,93.0,39.0,17.0,10.0,27.0,13.0,15.0,0.0,0.0
46.511,52,68320.0,553.0,88.0,600.0,600.0,0.0,1.0,0.0,0.0,0.46,0.021,0.487,0.5,0.467,0.035,0.491,0.514,0.0,0.0,-1.44,-5.28,-0.06,0.0,0.0,0.0,0.0,0.0,0.0,0.0,0.0,1.0,0.0,0.0,0.0,0.0,-0.0,0.0,0.0,0.0,0.0,0.0,0.0,0.0,0.0,95.0,83.0,93.0,39.0,17.0,10.0,27.0,13.0,15.0,0.0,1.0
46.569,52,68372.0,549.0,88.0,600.0,600.0,0.0,1.0,0.0,0.0,0.46,0.021,0.487,0.5,0.467,0.035,0.491,0.514,0.0,0.0,-1.44,-5.28,-0.06,0.0,0.0,0.0,0.0,0.0,0.0,0.0,0.0,1.0,0.0,0.0,0.0,0.0,-0.0,0.0,0.0,0.0,0.0,0.0,0.0,0.0,0.0,95.0,83.0,93.0,39.0,17.0,10.0,27.0,13.0,15.0,0.0,0.0
46.597,53,68425.0,549.0,89.0,600.0,600.0,0.0,1.0,0.0,0.0,0.46,0.021,0.487,0.5,0.467,0.035,0.491,0.514,0.0,0.0,-1.45,-5.28,-0.06,0.0,0.0,0.0,0.0,0.0,0.0,0.0,0.0,1.0,0.0,0.0,0.0,0.0,-0.0,0.0,0.0,0.0,0.0,0.0,0.0,0.0,0.0,95.0,83.0,93.0,39.0,17.0,10.0,27.0,13.0,15.0,0.0,0.0
46.654,52,68477.0,549.0,89.0,600.0,600.0,0.0,1.0,0.0,0.0,0.46,0.021,0.487,0.5,0.467,0.035,0.491,0.514,0.0,0.0,-1.45,-5.28,-0.06,0.0,0.0,0.0,0.0,0.0,0.0,0.0,0.0,1.0,0.0,0.0,0.0,0.0,-0.0,0.0,0.0,0.0,0.0,0.0,0.0,0.0,0.0,95.0,83.0,93.0,39.0,17.0,10.0,27.0,13.0,15.0,0.0,1.0
46.712,52,68529.0,549.0,89.0,600.0,600.0,0.0,1.0,0.0,0.0,0.457,0.021,0.494,0.5,0.465,0.035,0.5,0.514,0.0,0.0,-1.45,-5.28,-0.06,0.0,0.0,0.0,0.0,0.0,0.0,0.0,0.0,1.0,0.0,0.0,0.0,0.0,-0.0,0.0,0.0,0.0,0.0,0.0,0.0,0.0,0.0,95.0,83.0,93.0,39.0,17.0,10.0,27.0,13.0,15.0,0.0,1.0
46.769,53,68582.0,548.0,89.0,600.0,600.0,0.0,1.0,0.0,0.0,0.457,0.021,0.494,0.5,0.465,0.035,0.5,0.514,0.0,0.0,-1.45,-5.28,-0.06,0.0,0.0,0.0,0.0,0.0,0.0,0.0,0.0,1.0,0.0,0.0,0.0,0.0,-0.0,0.0,0.0,0.0,0.0,0.0,0.0,0.0,0.0,95.0,83.0,93.0,39.0,17.0,10.0,27.0,13.0,15.0,0.0,0.0
46.827,51,68633.0,548.0,89.0,600.0,600.0,0.0,1.0,0.0,0.0,0.457,0.021,0.494,0.5,0.465,0.035,0.5,0.514,0.0,0.0,-1.45,-5.28,-0.06,0.0,0.0,0.0,0.0,0.0,0.0,0.0,0.0,1.0,0.0,0.0,0.0,0.0,-0.0,0.0,0.0,0.0,0.0,0.0,0.0,0.0,0.0,95.0,83.0,93.0,39.0,17.0,10.0,27.0,13.0,15.0,0.0,0.0
46.884,55,68688.0,548.0,89.0,600.0,600.0,0.0,1.0,0.0,0.0,0.457,0.021,0.494,0.5,0.465,0.035,0.5,0.514,0.0,0.0,-1.45,-5.28,-0.06,0.0,0.0,0.0,0.0,0.0,0.0,0.0,0.0,1.0,0.0,0.0,0.0,0.0,-0.0,0.0,0.0,0.0,0.0,0.0,0.0,0.0,0.0,95.0,83.0,93.0,39.0,17.0,10.0,27.0,13.0,15.0,0.0,0.0
46.913,52,68740.0,548.0,89.0,600.0,600.0,0.0,1.0,0.0,0.0,0.456,0.021,0.497,0.5,0.464,0.035,0.504,0.514,0.0,0.0,-1.45,-5.28,-0.06,0.0,0.0,0.0,0.0,0.0,0.0,0.0,0.0,1.0,0.0,0.0,0.0,0.0,-0.0,0.0,0.0,0.0,0.0,0.0,0.0,0.0,0.0,95.0,83.0,93.0,39.0,17.0,10.0,27.0,13.0,15.0,0.0,0.0
46.97,53,68793.0,552.0,89.0,600.0,600.0,0.0,1.0,0.0,0.0,0.456,0.021,0.497,0.5,0.464,0.035,0.504,0.514,0.0,0.0,-1.45,-5.28,-0.06,0.0,0.0,0.0,0.0,0.0,0.0,0.0,0.0,1.0,0.0,0.0,0.0,0.0,-0.0,0.0,0.0,0.0,0.0,0.0,0.0,0.0,0.0,95.0,83.0,93.0,39.0,17.0,10.0,27.0,13.0,15.0,0.0,0.0
47.028,53,68846.0,552.0,89.0,600.0,600.0,0.0,1.0,0.0,0.0,0.456,0.021,0.497,0.5,0.464,0.035,0.504,0.514,0.0,0.0,-1.45,-5.28,-0.06,0.0,0.0,0.0,0.0,0.0,0.0,0.0,0.0,1.0,0.0,0.0,0.0,0.0,-0.0,0.0,0.0,0.0,0.0,0.0,0.0,0.0,0.0,95.0,83.0,93.0,39.0,17.0,10.0,27.0,13.0,15.0,0.0,0.0
47.057,34,68880.0,552.0,89.0,600.0,600.0,0.0,1.0,0.0,0.0,0.456,0.021,0.497,0.5,0.464,0.035,0.504,0.514,0.0,0.0,-1.45,-5.28,-0.06,0.0,0.0,0.0,0.0,0.0,0.0,0.0,0.0,1.0,0.0,0.0,0.0,0.0,0.1,0.0,0.0,0.0,0.0,0.0,0.0,0.0,0.0,95.0,83.0,93.0,39.0,17.0,10.0,27.0,13.0,15.0,0.0,0.0
47.171,99,68979.0,553.0,89.0,600.0,600.0,0.0,1.0,0.0,0.0,0.457,0.021,0.499,0.5,0.465,0.035,0.506,0.514,0.0,0.0,-1.45,-5.28,-0.06,0.0,0.0,0.0,0.0,0.0,0.0,0.0,0.0,1.0,0.0,0.0,0.0,0.0,0.0,0.0,0.0,0.0,0.0,0.0,0.0,0.0,0.0,95.0,83.0,93.0,39.0,17.0,10.0,27.0,13.0,15.0,0.0,0.0
47.228,51,69030.0,553.0,89.0,600.0,600.0,0.0,1.0,0.0,0.0,0.457,0.021,0.499,0.5,0.465,0.035,0.506,0.514,0.0,0.0,-1.45,-5.28,-0.06,0.0,0.0,0.0,0.0,0.0,0.0,0.0,0.0,1.0,0.0,0.0,0.0,0.0,0.0,0.0,0.0,0.0,0.0,0.0,0.0,0.0,0.0,95.0,83.0,93.0,39.0,17.0,10.0,27.0,13.0,15.0,0.0,0.0
47.257,54,69084.0,553.0,89.0,600.0,600.0,0.0,1.0,0.0,0.0,0.457,0.021,0.499,0.5,0.465,0.035,0.506,0.514,0.0,0.0,-1.44,-5.28,-0.06,0.0,0.0,0.0,0.0,0.0,0.0,0.0,0.0,1.0,0.0,0.0,0.0,0.0,0.0,0.0,0.0,0.0,0.0,0.0,0.0,0.0,0.0,95.0,83.0,93.0,39.0,17.0,10.0,27.0,13.0,15.0,0.0,0.0
47.315,52,69136.0,553.0,89.0,600.0,600.0,0.0,1.0,0.0,0.0,0.458,0.021,0.499,0.5,0.466,0.035,0.507,0.514,0.0,0.0,-1.44,-5.28,-0.06,0.0,0.0,0.0,0.0,0.0,0.0,0.0,0.0,1.0,0.0,0.0,0.0,0.0,0.0,0.0,0.0,0.0,0.0,0.0,0.0,0.0,0.0,95.0,83.0,93.0,39.0,17.0,10.0,27.0,13.0,15.0,0.0,0.0
47.372,53,69189.0,551.0,89.0,600.0,600.0,0.0,1.0,0.0,0.0,0.458,0.021,0.499,0.5,0.466,0.035,0.507,0.514,0.0,0.0,-1.44,-5.28,-0.06,0.0,0.0,0.0,0.0,0.0,0.0,0.0,0.0,1.0,0.0,0.0,0.0,0.0,0.0,0.0,0.0,0.0,0.0,0.0,0.0,0.0,0.0,95.0,83.0,93.0,39.0,17.0,10.0,27.0,13.0,15.0,0.0,0.0
47.429,51,69240.0,551.0,89.0,600.0,600.0,0.0,1.0,0.0,0.0,0.458,0.021,0.499,0.5,0.466,0.035,0.507,0.514,0.0,0.0,-1.44,-5.28,-0.06,0.0,0.0,0.0,0.0,0.0,0.0,0.0,0.0,1.0,0.0,0.0,0.0,0.0,0.0,0.0,0.0,0.0,0.0,0.0,0.0,0.0,0.0,95.0,83.0,93.0,39.0,17.0,10.0,27.0,13.0,15.0,0.0,0.0
47.489,54,69294.0,551.0,89.0,487.0,600.0,0.0,1.0,0.0,0.0,0.458,0.021,0.499,0.5,0.466,0.035,0.507,0.514,0.0,0.0,-1.44,-5.28,-0.06,0.0,0.0,0.0,0.0,0.0,0.0,0.0,0.0,1.0,0.0,0.0,0.0,0.0,0.0,0.0,0.0,0.0,0.0,0.0,0.0,0.0,0.0,95.0,83.0,93.0,39.0,17.0,10.0,27.0,13.0,15.0,0.0,0.0
47.523,52,69346.0,551.0,89.0,487.0,600.0,0.0,1.0,0.0,0.0,0.458,0.021,0.444,0.5,0.466,0.035,0.461,0.513,0.0,0.0,-1.44,-5.28,-0.06,0.0,0.0,0.0,0.0,0.0,0.0,0.0,0.0,1.0,0.0,0.0,0.0,0.0,-0.0,0.0,0.0,0.0,0.0,0.0,0.0,0.0,0.0,95.0,83.0,93.0,39.0,17.0,10.0,27.0,13.0,15.0,0.0,0.0
47.581,53,69399.0,556.0,89.0,487.0,600.0,0.0,1.0,0.0,0.0,0.458,0.021,0.444,0.5,0.466,0.035,0.461,0.513,0.0,0.0,-1.44,-5.28,-0.06,0.0,0.0,0.0,0.0,0.0,0.0,0.0,0.0,1.0,0.0,0.0,0.0,0.0,-0.0,0.0,0.0,0.0,0.0,0.0,0.0,0.0,0.0,95.0,83.0,93.0,39.0,17.0,10.0,27.0,13.0,15.0,0.0,0.0
47.638,52,69451.0,556.0,89.0,487.0,600.0,0.0,1.0,0.0,0.0,0.458,0.021,0.444,0.5,0.466,0.035,0.461,0.513,0.0,0.0,-1.44,-5.28,-0.06,0.0,0.0,0.0,0.0,0.0,0.0,0.0,0.0,1.0,0.0,0.0,0.0,0.0,-0.0,0.0,0.0,0.0,0.0,0.0,0.0,0.0,0.0,95.0,83.0,93.0,39.0,17.0,10.0,27.0,13.0,15.0,0.0,1.0
47.667,34,69485.0,556.0,89.0,487.0,600.0,0.0,1.0,0.0,0.0,0.458,0.021,0.444,0.5,0.466,0.035,0.461,0.513,0.0,0.0,-1.43,-5.29,-0.06,0.0,0.0,0.0,0.0,0.0,0.0,0.0,0.0,1.0,0.0,0.0,0.0,0.0,-0.0,0.0,0.0,0.0,0.0,0.0,0.0,0.0,0.0,95.0,83.0,93.0,39.0,17.0,10.0,27.0,13.0,15.0,0.0,0.0
47.781,99,69584.0,558.0,89.0,487.0,600.0,0.0,1.0,0.0,0.0,0.46,0.021,0.419,0.5,0.468,0.034,0.431,0.513,0.0,0.0,-1.43,-5.29,-0.06,0.0,0.0,0.0,0.0,0.0,0.0,0.0,0.0,1.0,0.0,0.0,0.0,0.0,-0.0,0.0,0.0,0.0,0.0,0.0,0.0,0.0,0.0,95.0,83.0,93.0,39.0,17.0,10.0,27.0,13.0,15.0,0.0,0.0
47.81,52,69636.0,558.0,90.0,487.0,600.0,0.0,1.0,0.0,0.0,0.46,0.021,0.419,0.5,0.468,0.034,0.431,0.513,0.0,0.0,-1.43,-5.29,-0.06,0.0,0.0,0.0,0.0,0.0,0.0,0.0,0.0,1.0,0.0,0.0,0.0,0.0,-0.0,0.0,0.0,0.0,0.0,0.0,0.0,0.0,0.0,95.0,83.0,93.0,39.0,17.0,10.0,27.0,13.0,15.0,0.0,1.0
47.867,54,69690.0,558.0,90.0,487.0,600.0,0.0,1.0,0.0,0.0,0.46,0.021,0.419,0.5,0.468,0.034,0.431,0.513,0.0,0.0,-1.43,-5.29,-0.06,0.0,0.0,0.0,0.0,0.0,0.0,0.0,0.0,1.0,0.0,0.0,0.0,0.0,-0.0,0.0,0.0,0.0,0.0,0.0,0.0,0.0,0.0,95.0,83.0,93.0,39.0,17.0,10.0,27.0,13.0,15.0,0.0,0.0
47.924,53,69743.0,558.0,90.0,487.0,600.0,0.0,1.0,0.0,0.0,0.462,0.022,0.407,0.5,0.469,0.034,0.417,0.513,0.0,0.0,-1.43,-5.3,-0.06,0.0,0.0,0.0,0.0,0.0,0.0,0.0,0.0,1.0,0.0,0.0,0.0,0.0,-0.0,0.0,0.0,0.0,0.0,0.0,0.0,0.0,0.0,95.0,83.0,93.0,39.0,17.0,10.0,27.0,13.0,15.0,0.0,0.0
47.982,53,69796.0,556.0,90.0,487.0,600.0,0.0,1.0,0.0,0.0,0.462,0.022,0.407,0.5,0.469,0.034,0.417,0.513,0.0,0.0,-1.43,-5.3,-0.06,0.0,0.0,0.0,0.0,0.0,0.0,0.0,0.0,1.0,0.0,0.0,0.0,0.0,-0.0,0.0,0.0,0.0,0.0,0.0,0.0,0.0,0.0,95.0,83.0,93.0,39.0,17.0,10.0,27.0,13.0,15.0,0.0,0.0
48.039,52,69848.0,556.0,89.0,487.0,600.0,0.0,1.0,0.0,0.0,0.462,0.022,0.407,0.5,0.469,0.034,0.417,0.513,0.0,0.0,-1.43,-5.3,-0.06,0.0,0.0,0.0,0.0,0.0,0.0,0.0,0.0,1.0,0.0,0.0,0.0,0.0,-0.0,0.0,0.0,0.0,0.0,0.0,0.0,0.0,0.0,95.0,83.0,93.0,39.0,17.0,10.0,27.0,13.0,15.0,0.0,0.0
48.068,34,69882.0,556.0,89.0,487.0,600.0,0.0,1.0,0.0,0.0,0.462,0.022,0.407,0.5,0.469,0.034,0.417,0.513,0.0,0.0,-1.43,-5.3,-0.06,0.0,0.0,0.0,0.0,0.0,0.0,0.0,0.0,1.0,0.0,0.0,0.0,0.0,-0.0,0.0,0.0,0.0,0.0,0.0,0.0,0.0,0.0,95.0,83.0,93.0,39.0,17.0,10.0,27.0,13.0,15.0,0.0,0.0
48.159,96,69978.0,554.0,89.0,487.0,600.0,0.0,1.0,0.0,0.0,0.462,0.022,0.401,0.5,0.47,0.034,0.41,0.513,0.0,0.0,-1.43,-5.3,-0.06,0.0,0.0,0.0,0.0,0.0,0.0,0.0,0.0,1.0,0.0,0.0,0.0,0.0,-0.0,0.0,0.0,0.0,0.0,0.0,0.0,0.0,0.0,95.0,83.0,93.0,39.0,17.0,10.0,27.0,13.0,15.0,0.0,0.0
48.217,52,70030.0,554.0,89.0,487.0,600.0,0.0,1.0,0.0,0.0,0.462,0.022,0.401,0.5,0.47,0.034,0.41,0.513,0.0,0.0,-1.43,-5.3,-0.06,0.0,0.0,0.0,0.0,0.0,0.0,0.0,0.0,1.0,0.0,0.0,0.0,0.0,0.0,0.0,0.0,0.0,0.0,0.0,0.0,0.0,0.0,95.0,83.0,93.0,39.0,17.0,10.0,27.0,13.0,15.0,0.0,0.0
48.245,35,70065.0,554.0,89.0,487.0,600.0,0.0,1.0,0.0,0.0,0.462,0.022,0.401,0.5,0.47,0.034,0.41,0.513,0.0,0.0,-1.43,-5.3,-0.06,0.0,0.0,0.0,0.0,0.0,0.0,0.0,0.0,1.0,0.0,0.0,0.0,0.0,-0.0,0.0,0.0,0.0,0.0,0.0,0.0,0.0,0.0,95.0,83.0,93.0,39.0,17.0,10.0,27.0,13.0,15.0,0.0,0.0
48.36,98,70163.0,555.0,89.0,487.0,600.0,0.0,1.0,0.0,0.0,0.461,0.022,0.399,0.5,0.469,0.034,0.407,0.513,0.0,0.0,-1.43,-5.3,-0.06,0.0,0.0,0.0,0.0,0.0,0.0,0.0,0.0,1.0,0.0,0.0,0.0,0.0,-0.0,0.0,0.0,0.0,0.0,0.0,0.0,0.0,0.0,95.0,83.0,93.0,39.0,17.0,10.0,27.0,13.0,15.0,0.0,0.0
48.388,52,70215.0,555.0,89.0,487.0,600.0,0.0,1.0,0.0,0.0,0.461,0.022,0.399,0.5,0.469,0.034,0.407,0.513,0.0,0.0,-1.43,-5.3,-0.06,0.0,0.0,0.0,0.0,0.0,0.0,0.0,0.0,1.0,0.0,0.0,0.0,0.0,-0.0,0.0,0.0,0.0,0.0,0.0,0.0,0.0,0.0,95.0,83.0,93.0,39.0,17.0,10.0,27.0,13.0,15.0,0.0,0.0
48.445,53,70268.0,555.0,89.0,600.0,600.0,0.0,1.0,0.0,0.0,0.461,0.022,0.399,0.5,0.469,0.034,0.407,0.513,0.0,0.0,-1.43,-5.3,-0.06,0.0,0.0,0.0,0.0,0.0,0.0,0.0,0.0,1.0,0.0,0.0,0.0,0.0,-0.0,0.0,0.0,0.0,0.0,0.0,0.0,0.0,0.0,95.0,83.0,93.0,39.0,17.0,10.0,27.0,13.0,15.0,0.0,0.0
48.502,52,70320.0,555.0,89.0,600.0,600.0,0.0,1.0,0.0,0.0,0.461,0.022,0.453,0.5,0.469,0.035,0.452,0.513,0.0,0.0,-1.42,-5.3,-0.06,0.0,0.0,0.0,0.0,0.0,0.0,0.0,0.0,1.0,0.0,0.0,0.0,0.0,-0.0,0.0,0.0,0.0,0.0,0.0,0.0,0.0,0.0,95.0,83.0,93.0,39.0,17.0,10.0,27.0,13.0,15.0,0.0,1.0
48.565,53,70373.0,553.0,89.0,600.0,600.0,0.0,1.0,0.0,0.0,0.461,0.022,0.453,0.5,0.469,0.035,0.452,0.513,0.0,0.0,-1.42,-5.3,-0.06,0.0,0.0,0.0,0.0,0.0,0.0,0.0,0.0,1.0,0.0,0.0,0.0,0.0,-0.0,0.0,0.0,0.0,0.0,0.0,0.0,0.0,0.0,95.0,83.0,93.0,39.0,17.0,10.0,27.0,13.0,15.0,0.0,1.0
48.623,53,70426.0,553.0,89.0,600.0,600.0,0.0,1.0,0.0,0.0,0.461,0.022,0.453,0.5,0.469,0.035,0.452,0.513,0.0,0.0,-1.42,-5.31,-0.06,0.0,0.0,0.0,0.0,0.0,0.0,0.0,0.0,1.0,0.0,0.0,0.0,0.0,0.0,0.0,0.0,0.0,0.0,0.0,0.0,0.0,0.0,95.0,83.0,93.0,39.0,17.0,10.0,27.0,13.0,15.0,0.0,0.0
48.651,34,70460.0,553.0,89.0,600.0,600.0,0.0,1.0,0.0,0.0,0.461,0.022,0.453,0.5,0.469,0.035,0.452,0.513,0.0,0.0,-1.42,-5.31,-0.06,0.0,0.0,0.0,0.0,0.0,0.0,0.0,0.0,1.0,0.0,0.0,0.0,0.0,-0.0,0.0,0.0,0.0,0.0,0.0,0.0,0.0,0.0,95.0,83.0,93.0,39.0,17.0,10.0,27.0,13.0,15.0,0.0,0.0
48.737,100,70560.0,552.0,89.0,600.0,600.0,0.0,1.0,0.0,0.0,0.46,0.022,0.478,0.5,0.468,0.035,0.482,0.514,0.0,0.0,-1.42,-5.31,-0.06,0.0,0.0,0.0,0.0,0.0,0.0,0.0,0.0,1.0,0.0,0.0,0.0,0.0,-0.4,0.0,0.0,0.0,0.0,0.0,0.0,0.0,0.0,95.0,83.0,93.0,39.0,17.0,10.0,27.0,13.0,15.0,0.0,0.0
48.794,53,70613.0,552.0,89.0,600.0,600.0,0.0,1.0,0.0,0.0,0.46,0.022,0.478,0.5,0.468,0.035,0.482,0.514,0.0,0.0,-1.42,-5.31,-0.06,0.0,0.0,0.0,0.0,0.0,0.0,0.0,0.0,1.0,0.0,0.0,0.0,0.0,-0.3,0.0,0.0,0.0,0.0,0.0,0.0,0.0,0.0,95.0,83.0,93.0,39.0,17.0,10.0,27.0,13.0,15.0,0.0,0.0
48.852,52,70665.0,552.0,89.0,600.0,600.0,0.0,1.0,0.0,0.0,0.46,0.022,0.478,0.5,0.468,0.035,0.482,0.514,0.0,0.0,-1.42,-5.31,-0.06,0.0,0.0,0.0,0.0,0.0,0.0,0.0,0.0,1.0,0.0,0.0,0.0,0.0,-0.3,0.0,0.0,0.0,0.0,0.0,0.0,0.0,0.0,95.0,83.0,93.0,39.0,17.0,10.0,27.0,13.0,15.0,0.0,0.0
48.909,53,70718.0,552.0,89.0,600.0,600.0,0.0,1.0,0.0,0.0,0.459,0.021,0.49,0.5,0.467,0.035,0.496,0.514,0.0,0.0,-1.42,-5.31,-0.06,0.0,0.0,0.0,0.0,0.0,0.0,0.0,0.0,1.0,0.0,0.0,0.0,0.0,-0.3,0.0,0.0,0.0,0.0,0.0,0.0,0.0,0.0,95.0,83.0,93.0,39.0,17.0,10.0,27.0,13.0,15.0,0.0,0.0
48.967,53,70771.0,550.0,89.0,600.0,600.0,0.0,1.0,0.0,0.0,0.459,0.021,0.49,0.5,0.467,0.035,0.496,0.514,0.0,0.0,-1.43,-5.31,-0.06,0.0,0.0,0.0,0.0,0.0,0.0,0.0,0.0,1.0,0.0,0.0,0.0,0.0,-0.2,0.0,0.0,0.0,0.0,0.0,0.0,0.0,0.0,95.0,83.0,93.0,39.0,17.0,10.0,27.0,13.0,15.0,0.0,1.0
48.996,52,70823.0,550.0,89.0,600.0,600.0,0.0,1.0,0.0,0.0,0.459,0.021,0.49,0.5,0.467,0.035,0.496,0.514,0.0,0.0,-1.43,-5.31,-0.06,0.0,0.0,0.0,0.0,0.0,0.0,0.0,0.0,1.0,0.0,0.0,0.0,0.0,-0.2,0.0,0.0,0.0,0.0,0.0,0.0,0.0,0.0,95.0,83.0,93.0,39.0,17.0,10.0,27.0,13.0,15.0,0.0,0.0
49.053,52,70875.0,550.0,89.0,600.0,600.0,0.0,1.0,0.0,0.0,0.459,0.021,0.49,0.5,0.467,0.035,0.496,0.514,0.0,0.0,-1.43,-5.31,-0.06,0.0,0.0,0.0,0.0,0.0,0.0,0.0,0.0,1.0,0.0,0.0,0.0,0.0,-0.2,0.0,0.0,0.0,0.0,0.0,0.0,0.0,0.0,95.0,83.0,93.0,39.0,17.0,10.0,27.0,13.0,15.0,0.0,0.0
49.111,53,70928.0,550.0,89.0,600.0,600.0,0.0,1.0,0.0,0.0,0.458,0.021,0.495,0.5,0.466,0.035,0.502,0.514,0.0,0.0,-1.44,-5.31,-0.06,0.0,0.0,0.0,0.0,0.0,0.0,0.0,0.0,1.0,0.0,0.0,0.0,0.0,-0.1,0.0,0.0,0.0,0.0,0.0,0.0,0.0,0.0,95.0,83.0,93.0,39.0,17.0,10.0,27.0,13.0,15.0,0.0,0.0
49.168,53,70981.0,551.0,89.0,600.0,600.0,0.0,1.0,0.0,0.0,0.458,0.021,0.495,0.5,0.466,0.035,0.502,0.514,0.0,0.0,-1.44,-5.3,-0.06,0.0,0.0,0.0,0.0,0.0,0.0,0.0,0.0,1.0,0.0,0.0,0.0,0.0,-0.1,0.0,0.0,0.0,0.0,0.0,0.0,0.0,0.0,95.0,83.0,93.0,39.0,17.0,10.0,27.0,13.0,15.0,0.0,1.0
49.225,53,71034.0,551.0,89.0,600.0,600.0,0.0,1.0,0.0,0.0,0.458,0.021,0.495,0.5,0.466,0.035,0.502,0.514,0.0,0.0,-1.44,-5.3,-0.06,0.0,0.0,0.0,0.0,0.0,0.0,0.0,0.0,1.0,0.0,0.0,0.0,0.0,-0.1,0.0,0.0,0.0,0.0,0.0,0.0,0.0,0.0,95.0,83.0,93.0,39.0,17.0,10.0,27.0,13.0,15.0,0.0,0.0
49.283,52,71086.0,551.0,89.0,600.0,600.0,0.0,1.0,0.0,0.0,0.458,0.021,0.495,0.5,0.466,0.035,0.502,0.514,0.0,0.0,-1.45,-5.3,-0.06,0.0,0.0,0.0,0.0,0.0,0.0,0.0,0.0,1.0,0.0,0.0,0.0,0.0,-0.1,0.0,0.0,0.0,0.0,0.0,0.0,0.0,0.0,95.0,83.0,93.0,39.0,17.0,10.0,27.0,13.0,15.0,0.0,0.0
49.312,52,71138.0,551.0,89.0,600.0,600.0,0.0,1.0,0.0,0.0,0.458,0.022,0.498,0.5,0.465,0.036,0.505,0.514,0.0,0.0,-1.45,-5.3,-0.06,0.0,0.0,0.0,0.0,0.0,0.0,0.0,0.0,1.0,0.0,0.0,0.0,0.0,-0.1,0.0,0.0,0.0,0.0,0.0,0.0,0.0,0.0,95.0,83.0,93.0,39.0,17.0,10.0,27.0,13.0,15.0,0.0,0.0
49.369,53,71191.0,548.0,89.0,600.0,600.0,0.0,1.0,0.0,0.0,0.458,0.022,0.498,0.5,0.465,0.036,0.505,0.514,0.0,0.0,-1.45,-5.3,-0.06,0.0,0.0,0.0,0.0,0.0,0.0,0.0,0.0,1.0,0.0,0.0,0.0,0.0,-0.0,0.0,0.0,0.0,0.0,0.0,0.0,0.0,0.0,95.0,83.0,93.0,39.0,17.0,10.0,27.0,13.0,15.0,0.0,1.0
49.427,52,71243.0,548.0,89.0,600.0,600.0,0.0,1.0,0.0,0.0,0.458,0.022,0.498,0.5,0.465,0.036,0.505,0.514,0.0,0.0,-1.45,-5.3,-0.06,0.0,0.0,0.0,0.0,0.0,0.0,0.0,0.0,1.0,0.0,0.0,0.0,0.0,-0.1,0.0,0.0,0.0,0.0,0.0,0.0,0.0,0.0,95.0,83.0,93.0,39.0,17.0,10.0,27.0,13.0,15.0,0.0,0.0
49.488,52,71295.0,548.0,89.0,600.0,600.0,0.0,1.0,0.0,0.0,0.458,0.022,0.498,0.5,0.465,0.036,0.505,0.514,0.0,0.0,-1.45,-5.3,-0.06,0.0,0.0,0.0,0.0,0.0,0.0,0.0,0.0,1.0,0.0,0.0,0.0,0.0,-0.1,0.0,0.0,0.0,0.0,0.0,0.0,0.0,0.0,95.0,83.0,93.0,39.0,17.0,10.0,27.0,13.0,15.0,0.0,0.0
49.546,53,71348.0,548.0,89.0,600.0,600.0,0.0,1.0,0.0,0.0,0.456,0.022,0.499,0.5,0.464,0.036,0.506,0.514,0.0,0.0,-1.45,-5.3,-0.05,0.0,0.0,0.0,0.0,0.0,0.0,0.0,0.0,1.0,0.0,0.0,0.0,0.0,-0.1,0.0,0.0,0.0,0.0,0.0,0.0,0.0,0.0,95.0,83.0,93.0,39.0,17.0,10.0,27.0,13.0,15.0,0.0,0.0
49.581,53,71401.0,549.0,89.0,600.0,600.0,0.0,1.0,0.0,0.0,0.456,0.022,0.499,0.5,0.464,0.036,0.506,0.514,0.0,0.0,-1.45,-5.3,-0.05,0.0,0.0,0.0,0.0,0.0,0.0,0.0,0.0,1.0,0.0,0.0,0.0,0.0,-0.0,0.0,0.0,0.0,0.0,0.0,0.0,0.0,0.0,95.0,83.0,93.0,39.0,17.0,10.0,27.0,13.0,15.0,0.0,1.0
49.639,53,71454.0,549.0,89.0,600.0,600.0,0.0,1.0,0.0,0.0,0.456,0.022,0.499,0.5,0.464,0.036,0.506,0.514,0.0,0.0,-1.45,-5.3,-0.05,0.0,0.0,0.0,0.0,0.0,0.0,0.0,0.0,1.0,0.0,0.0,0.0,0.0,-0.0,0.0,0.0,0.0,0.0,0.0,0.0,0.0,0.0,95.0,83.0,93.0,39.0,17.0,10.0,27.0,13.0,15.0,0.0,0.0
49.696,52,71506.0,549.0,89.0,600.0,600.0,0.0,1.0,0.0,0.0,0.456,0.022,0.499,0.5,0.464,0.036,0.506,0.514,0.0,0.0,-1.45,-5.3,-0.06,0.0,0.0,0.0,0.0,0.0,0.0,0.0,0.0,1.0,0.0,0.0,0.0,0.0,-0.1,0.0,0.0,0.0,0.0,0.0,0.0,0.0,0.0,95.0,83.0,93.0,39.0,17.0,10.0,27.0,13.0,15.0,0.0,0.0
49.754,52,71558.0,549.0,89.0,600.0,600.0,0.0,1.0,0.0,0.0,0.456,0.022,0.5,0.5,0.463,0.036,0.507,0.514,0.0,0.0,-1.45,-5.3,-0.06,0.0,0.0,0.0,0.0,0.0,0.0,0.0,0.0,1.0,0.0,0.0,0.0,0.0,-0.0,0.0,0.0,0.0,0.0,0.0,0.0,0.0,0.0,95.0,83.0,93.0,39.0,17.0,10.0,27.0,13.0,15.0,0.0,0.0
49.782,53,71611.0,549.0,89.0,600.0,600.0,0.0,1.0,0.0,0.0,0.456,0.022,0.5,0.5,0.463,0.036,0.507,0.514,0.0,0.0,-1.45,-5.3,-0.06,0.0,0.0,0.0,0.0,0.0,0.0,0.0,0.0,1.0,0.0,0.0,0.0,0.0,-0.0,0.0,0.0,0.0,0.0,0.0,0.0,0.0,0.0,95.0,83.0,93.0,39.0,17.0,10.0,27.0,13.0,15.0,0.0,1.0
49.839,53,71664.0,549.0,90.0,600.0,600.0,0.0,1.0,0.0,0.0,0.456,0.022,0.5,0.5,0.463,0.036,0.507,0.514,0.0,0.0,-1.45,-5.3,-0.06,0.0,0.0,0.0,0.0,0.0,0.0,0.0,0.0,1.0,0.0,0.0,0.0,0.0,-0.0,0.0,0.0,0.0,0.0,0.0,0.0,0.0,0.0,95.0,83.0,93.0,39.0,17.0,10.0,27.0,13.0,15.0,0.0,0.0
49.897,52,71716.0,549.0,90.0,600.0,600.0,0.0,1.0,0.0,0.0,0.456,0.022,0.5,0.5,0.463,0.036,0.507,0.514,0.0,0.0,-1.44,-5.3,-0.06,0.0,0.0,0.0,0.0,0.0,0.0,0.0,0.0,1.0,0.0,0.0,0.0,0.0,-0.0,0.0,0.0,0.0,0.0,0.0,0.0,0.0,0.0,95.0,83.0,93.0,39.0,17.0,10.0,27.0,13.0,15.0,0.0,0.0
49.958,53,71769.0,549.0,90.0,600.0,600.0,0.0,1.0,0.0,0.0,0.456,0.022,0.5,0.5,0.463,0.036,0.507,0.514,0.0,0.0,-1.43,-5.3,-0.06,0.0,0.0,0.0,0.0,0.0,0.0,0.0,0.0,1.0,0.0,0.0,0.0,0.0,-0.0,0.0,0.0,0.0,0.0,0.0,0.0,0.0,0.0,95.0,83.0,93.0,39.0,17.0,10.0,27.0,13.0,15.0,0.0,0.0
50.024,53,71822.0,551.0,90.0,600.0,600.0,0.0,1.0,0.0,0.0,0.456,0.022,0.5,0.5,0.463,0.036,0.507,0.514,0.0,0.0,-1.43,-5.3,-0.06,0.0,0.0,0.0,0.0,0.0,0.0,0.0,0.0,1.0,0.0,0.0,0.0,0.0,-0.0,0.0,0.0,0.0,0.0,0.0,0.0,0.0,0.0,95.0,83.0,93.0,39.0,17.0,10.0,27.0,13.0,15.0,0.0,1.0
50.057,53,71875.0,551.0,89.0,600.0,600.0,0.0,1.0,0.0,0.0,0.456,0.022,0.5,0.5,0.463,0.036,0.507,0.514,0.0,0.0,-1.43,-5.3,-0.06,0.0,0.0,0.0,0.0,0.0,0.0,0.0,0.0,1.0,0.0,0.0,0.0,0.0,-0.0,0.0,0.0,0.0,0.0,0.0,0.0,0.0,0.0,95.0,83.0,93.0,39.0,17.0,10.0,27.0,13.0,15.0,0.0,0.0
50.131,52,71927.0,551.0,89.0,600.0,600.0,0.0,1.0,0.0,0.0,0.456,0.022,0.5,0.5,0.463,0.036,0.507,0.514,0.0,0.0,-1.42,-5.3,-0.06,0.0,0.0,0.0,0.0,0.0,0.0,0.0,0.0,1.0,0.0,0.0,0.0,0.0,-0.0,0.0,0.0,0.0,0.0,0.0,0.0,0.0,0.0,95.0,83.0,93.0,39.0,17.0,10.0,27.0,13.0,15.0,0.0,0.0
50.164,52,71979.0,551.0,89.0,600.0,600.0,0.0,1.0,0.0,0.0,0.457,0.022,0.5,0.5,0.464,0.036,0.508,0.514,0.0,0.0,-1.42,-5.3,-0.06,0.0,0.0,0.0,0.0,0.0,0.0,0.0,0.0,1.0,0.0,0.0,0.0,0.0,0.0,0.0,0.0,0.0,0.0,0.0,0.0,0.0,0.0,95.0,83.0,93.0,39.0,17.0,10.0,27.0,13.0,15.0,0.0,0.0
50.23,53,72032.0,548.0,89.0,600.0,600.0,0.0,1.0,0.0,0.0,0.457,0.022,0.5,0.5,0.464,0.036,0.508,0.514,0.0,0.0,-1.42,-5.3,-0.06,0.0,0.0,0.0,0.0,0.0,0.0,0.0,0.0,1.0,0.0,0.0,0.0,0.0,-0.0,0.0,0.0,0.0,0.0,0.0,0.0,0.0,0.0,95.0,83.0,93.0,39.0,17.0,10.0,27.0,13.0,15.0,0.0,1.0
50.263,52,72084.0,548.0,89.0,600.0,600.0,0.0,1.0,0.0,0.0,0.457,0.022,0.5,0.5,0.464,0.036,0.508,0.514,0.0,0.0,-1.42,-5.3,-0.06,0.0,0.0,0.0,0.0,0.0,0.0,0.0,0.0,1.0,0.0,0.0,0.0,0.0,-0.0,0.0,0.0,0.0,0.0,0.0,0.0,0.0,0.0,95.0,83.0,93.0,39.0,17.0,10.0,27.0,13.0,15.0,0.0,0.0
50.341,52,72136.0,548.0,89.0,600.0,600.0,0.0,1.0,0.0,0.0,0.457,0.022,0.5,0.5,0.464,0.036,0.508,0.514,0.0,0.0,-1.42,-5.3,-0.06,0.0,0.0,0.0,0.0,0.0,0.0,0.0,0.0,1.0,0.0,0.0,0.0,0.0,-0.0,0.0,0.0,0.0,0.0,0.0,0.0,0.0,0.0,95.0,83.0,93.0,39.0,17.0,10.0,27.0,13.0,15.0,0.0,0.0
50.374,53,72189.0,548.0,89.0,600.0,600.0,0.0,1.0,0.0,0.0,0.456,0.022,0.5,0.5,0.463,0.036,0.508,0.514,0.0,0.0,-1.42,-5.3,-0.06,0.0,0.0,0.0,0.0,0.0,0.0,0.0,0.0,1.0,0.0,0.0,0.0,0.0,-0.0,0.0,0.0,0.0,0.0,0.0,0.0,0.0,0.0,95.0,83.0,93.0,39.0,17.0,10.0,27.0,13.0,15.0,0.0,0.0
50.44,53,72242.0,551.0,89.0,600.0,600.0,0.0,1.0,0.0,0.0,0.456,0.022,0.5,0.5,0.463,0.036,0.508,0.514,0.0,0.0,-1.42,-5.3,-0.06,0.0,0.0,0.0,0.0,0.0,0.0,0.0,0.0,1.0,0.0,0.0,0.0,0.0,-0.0,0.0,0.0,0.0,0.0,0.0,0.0,0.0,0.0,95.0,83.0,93.0,39.0,17.0,10.0,27.0,13.0,15.0,0.0,1.0
50.472,54,72296.0,551.0,89.0,600.0,600.0,0.0,1.0,0.0,0.0,0.456,0.022,0.5,0.5,0.463,0.036,0.508,0.514,0.0,0.0,-1.42,-5.3,-0.06,0.0,0.0,0.0,0.0,0.0,0.0,0.0,0.0,1.0,0.0,0.0,0.0,0.0,-0.0,0.0,0.0,0.0,0.0,0.0,0.0,0.0,0.0,95.0,83.0,93.0,39.0,17.0,10.0,27.0,13.0,15.0,0.0,0.0
50.505,35,72331.0,551.0,89.0,600.0,600.0,0.0,1.0,0.0,0.0,0.456,0.022,0.5,0.5,0.463,0.036,0.508,0.514,0.0,0.0,-1.42,-5.3,-0.06,0.0,0.0,0.0,0.0,0.0,0.0,0.0,0.0,1.0,0.0,0.0,0.0,0.0,-0.0,0.0,0.0,0.0,0.0,0.0,0.0,0.0,0.0,95.0,83.0,93.0,39.0,17.0,10.0,27.0,13.0,15.0,0.0,0.0
50.634,102,72433.0,551.0,89.0,600.0,600.0,0.0,1.0,0.0,0.0,0.457,0.022,0.5,0.5,0.464,0.036,0.508,0.514,0.0,0.0,-1.42,-5.3,-0.06,0.0,0.0,0.0,0.0,0.0,0.0,0.0,0.0,1.0,0.0,0.0,0.0,0.0,-0.0,0.0,0.0,0.0,0.0,0.0,0.0,0.0,0.0,95.0,83.0,93.0,39.0,17.0,10.0,27.0,13.0,15.0,0.0,1.0
50.666,52,72485.0,551.0,89.0,600.0,600.0,0.0,1.0,0.0,0.0,0.457,0.022,0.5,0.5,0.464,0.036,0.508,0.514,0.0,0.0,-1.42,-5.3,-0.06,0.0,0.0,0.0,0.0,0.0,0.0,0.0,0.0,1.0,0.0,0.0,0.0,0.0,0.0,0.0,0.0,0.0,0.0,0.0,0.0,0.0,0.0,95.0,83.0,93.0,39.0,17.0,10.0,27.0,13.0,15.0,0.0,0.0
50.732,52,72537.0,551.0,89.0,600.0,600.0,0.0,1.0,0.0,0.0,0.457,0.022,0.5,0.5,0.464,0.036,0.508,0.514,0.0,0.0,-1.42,-5.3,-0.06,0.0,0.0,0.0,0.0,0.0,0.0,0.0,0.0,1.0,0.0,0.0,0.0,0.0,0.0,0.0,0.0,0.0,0.0,0.0,0.0,0.0,0.0,95.0,83.0,93.0,39.0,17.0,10.0,27.0,13.0,15.0,0.0,0.0
50.765,53,72590.0,551.0,89.0,600.0,600.0,0.0,1.0,0.0,0.0,0.457,0.022,0.5,0.5,0.465,0.036,0.508,0.514,0.0,0.0,-1.42,-5.3,-0.06,0.0,0.0,0.0,0.0,0.0,0.0,0.0,0.0,1.0,0.0,0.0,0.0,0.0,-0.0,0.0,0.0,0.0,0.0,0.0,0.0,0.0,0.0,95.0,83.0,93.0,39.0,17.0,10.0,27.0,13.0,15.0,0.0,0.0
50.831,53,72643.0,553.0,89.0,600.0,600.0,0.0,1.0,0.0,0.0,0.457,0.022,0.5,0.5,0.465,0.036,0.508,0.514,0.0,0.0,-1.42,-5.3,-0.06,0.0,0.0,0.0,0.0,0.0,0.0,0.0,0.0,1.0,0.0,0.0,0.0,-0.0,-0.0,0.0,0.0,0.0,0.0,0.0,0.0,0.0,0.0,95.0,83.0,93.0,39.0,17.0,10.0,27.0,13.0,15.0,0.0,1.0
50.898,53,72696.0,553.0,90.0,600.0,600.0,0.0,1.0,0.0,0.0,0.457,0.022,0.5,0.5,0.465,0.036,0.508,0.514,0.0,0.0,-1.42,-5.3,-0.06,0.0,0.0,0.0,0.0,0.0,0.0,0.0,0.0,1.0,0.0,0.0,0.0,-0.0,-0.0,0.0,0.0,0.0,0.0,0.0,0.0,0.0,0.0,95.0,83.0,93.0,39.0,17.0,10.0,27.0,13.0,15.0,0.0,0.0
50.935,34,72730.0,553.0,90.0,600.0,600.0,0.0,1.0,0.0,0.0,0.457,0.022,0.5,0.5,0.465,0.036,0.508,0.514,0.0,0.0,-1.42,-5.3,-0.06,0.0,0.0,0.0,0.0,0.0,0.0,0.0,0.0,1.0,0.0,0.0,0.0,0.0,-0.0,0.0,0.0,0.0,0.0,0.0,0.0,0.0,0.0,95.0,83.0,93.0,39.0,17.0,10.0,27.0,13.0,15.0,0.0,0.0
51.0,98,72828.0,553.0,90.0,600.0,600.0,0.0,1.0,0.0,0.0,0.458,0.022,0.5,0.5,0.465,0.036,0.508,0.514,0.0,0.0,-1.42,-5.3,-0.06,0.0,0.0,0.0,0.0,0.0,0.0,0.0,0.0,1.0,0.0,0.0,0.0,0.0,-0.0,0.0,0.0,0.0,0.0,0.0,0.0,0.0,0.0,95.0,83.0,93.0,39.0,17.0,10.0,27.0,13.0,15.0,0.0,1.0
51.063,52,72880.0,553.0,91.0,600.0,600.0,0.0,1.0,0.0,0.0,0.458,0.022,0.5,0.5,0.465,0.036,0.508,0.514,0.0,0.0,-1.42,-5.3,-0.06,0.0,0.0,0.0,0.0,0.0,0.0,0.0,0.0,1.0,0.0,0.0,0.0,0.0,-0.0,0.0,0.0,0.0,0.0,0.0,0.0,0.0,0.0,95.0,83.0,93.0,39.0,17.0,10.0,27.0,13.0,15.0,0.0,0.0
51.129,53,72933.0,553.0,91.0,600.0,600.0,0.0,1.0,0.0,0.0,0.458,0.022,0.5,0.5,0.465,0.036,0.508,0.514,0.0,0.0,-1.42,-5.3,-0.06,0.0,0.0,0.0,0.0,0.0,0.0,0.0,0.0,1.0,0.0,0.0,0.0,0.0,-0.0,0.0,0.0,0.0,0.0,0.0,0.0,0.0,0.0,95.0,83.0,93.0,39.0,17.0,10.0,27.0,13.0,15.0,0.0,1.0
51.162,52,72985.0,553.0,91.0,600.0,600.0,0.0,1.0,0.0,0.0,0.459,0.022,0.5,0.5,0.466,0.036,0.508,0.514,0.0,0.0,-1.42,-5.3,-0.06,0.0,0.0,0.0,0.0,0.0,0.0,0.0,0.0,1.0,0.0,0.0,0.0,0.0,0.0,0.0,0.0,0.0,0.0,0.0,0.0,0.0,0.0,95.0,83.0,93.0,39.0,17.0,10.0,27.0,13.0,15.0,0.0,0.0
51.228,53,73038.0,554.0,91.0,600.0,600.0,0.0,1.0,0.0,0.0,0.459,0.022,0.5,0.5,0.466,0.036,0.508,0.514,0.0,0.0,-1.42,-5.3,-0.06,0.0,0.0,0.0,0.0,0.0,0.0,0.0,0.0,1.0,0.0,0.0,0.0,0.0,0.0,0.0,0.0,0.0,0.0,0.0,0.0,0.0,0.0,95.0,83.0,93.0,39.0,17.0,10.0,27.0,13.0,15.0,0.0,0.0
51.295,53,73091.0,554.0,90.0,600.0,600.0,0.0,1.0,0.0,0.0,0.459,0.022,0.5,0.5,0.466,0.036,0.508,0.514,0.0,0.0,-1.42,-5.3,-0.06,0.0,0.0,0.0,0.0,0.0,0.0,0.0,0.0,1.0,0.0,0.0,0.0,0.0,-0.0,0.0,0.0,0.0,0.0,0.0,0.0,0.0,0.0,95.0,83.0,93.0,39.0,17.0,10.0,27.0,13.0,15.0,0.0,0.0
51.332,53,73144.0,554.0,90.0,600.0,600.0,0.0,1.0,0.0,0.0,0.459,0.022,0.5,0.5,0.466,0.036,0.508,0.514,0.0,0.0,-1.42,-5.3,-0.06,0.0,0.0,0.0,0.0,0.0,0.0,0.0,0.0,1.0,0.0,0.0,0.0,0.0,-0.0,0.0,0.0,0.0,0.0,0.0,0.0,0.0,0.0,95.0,83.0,93.0,39.0,17.0,10.0,27.0,13.0,15.0,0.0,0.0
51.398,52,73196.0,554.0,90.0,600.0,600.0,0.0,1.0,0.0,0.0,0.459,0.022,0.5,0.5,0.467,0.036,0.508,0.514,0.0,0.0,-1.42,-5.3,-0.06,0.0,0.0,0.0,0.0,0.0,0.0,0.0,0.0,1.0,0.0,0.0,0.0,0.0,-0.0,0.0,0.0,0.0,0.0,0.0,0.0,0.0,0.0,95.0,83.0,93.0,39.0,17.0,10.0,27.0,13.0,15.0,0.0,0.0
51.431,53,73249.0,552.0,90.0,600.0,600.0,0.0,1.0,0.0,0.0,0.459,0.022,0.5,0.5,0.467,0.036,0.508,0.514,0.0,0.0,-1.42,-5.3,-0.06,0.0,0.0,0.0,0.0,0.0,0.0,0.0,0.0,1.0,0.0,0.0,0.0,0.0,-0.0,0.0,0.0,0.0,0.0,0.0,0.0,0.0,0.0,95.0,83.0,93.0,39.0,17.0,10.0,27.0,13.0,15.0,0.0,0.0
51.498,52,73301.0,552.0,91.0,600.0,600.0,0.0,1.0,0.0,0.0,0.459,0.022,0.5,0.5,0.467,0.036,0.508,0.514,0.0,0.0,-1.42,-5.3,-0.06,0.0,0.0,0.0,0.0,0.0,0.0,0.0,0.0,1.0,0.0,0.0,0.0,0.0,-0.0,0.0,0.0,0.0,0.0,0.0,0.0,0.0,0.0,95.0,83.0,93.0,39.0,17.0,10.0,27.0,13.0,15.0,0.0,0.0
51.532,34,73335.0,552.0,91.0,600.0,600.0,0.0,1.0,0.0,0.0,0.459,0.022,0.5,0.5,0.467,0.036,0.508,0.514,0.0,0.0,-1.43,-5.3,-0.06,0.0,0.0,0.0,0.0,0.0,0.0,0.0,0.0,1.0,0.0,0.0,0.0,0.0,-0.0,0.0,0.0,0.0,0.0,0.0,0.0,0.0,0.0,95.0,83.0,93.0,39.0,17.0,10.0,27.0,13.0,15.0,0.0,0.0
51.628,102,73437.0,552.0,91.0,600.0,600.0,0.0,1.0,0.0,0.0,0.459,0.022,0.5,0.5,0.467,0.036,0.508,0.514,0.0,0.0,-1.43,-5.31,-0.06,0.0,0.0,0.0,0.0,0.0,0.0,0.0,0.0,1.0,0.0,0.0,0.0,0.0,-0.0,0.0,0.0,0.0,0.0,0.0,0.0,0.0,0.0,95.0,83.0,93.0,39.0,17.0,10.0,27.0,13.0,15.0,0.0,0.0
51.693,53,73490.0,552.0,91.0,600.0,600.0,0.0,1.0,0.0,0.0,0.459,0.022,0.5,0.5,0.467,0.036,0.508,0.514,0.0,0.0,-1.43,-5.3,-0.06,0.0,0.0,0.0,0.0,0.0,0.0,0.0,0.0,1.0,0.0,0.0,0.0,0.0,-0.0,0.0,0.0,0.0,0.0,0.0,0.0,0.0,0.0,95.0,83.0,93.0,39.0,17.0,10.0,27.0,13.0,15.0,0.0,0.0
51.729,52,73542.0,552.0,91.0,600.0,600.0,0.0,1.0,0.0,0.0,0.459,0.022,0.5,0.5,0.467,0.036,0.508,0.514,0.0,0.0,-1.43,-5.3,-0.06,0.0,0.0,0.0,0.0,0.0,0.0,0.0,0.0,1.0,0.0,0.0,0.0,0.0,-0.0,0.0,0.0,0.0,0.0,0.0,0.0,0.0,0.0,95.0,83.0,93.0,39.0,17.0,10.0,27.0,13.0,15.0,0.0,1.0
51.793,53,73595.0,552.0,91.0,600.0,600.0,0.0,1.0,0.0,0.0,0.459,0.022,0.5,0.5,0.467,0.036,0.508,0.514,0.0,0.0,-1.43,-5.3,-0.06,0.0,0.0,0.0,0.0,0.0,0.0,0.0,0.0,1.0,0.0,0.0,0.0,0.0,-0.0,0.0,0.0,0.0,0.0,0.0,0.0,0.0,0.0,95.0,83.0,93.0,39.0,17.0,10.0,27.0,13.0,15.0,0.0,0.0
51.825,53,73648.0,551.0,91.0,600.0,600.0,0.0,1.0,0.0,0.0,0.459,0.022,0.5,0.5,0.467,0.036,0.508,0.514,0.0,0.0,-1.43,-5.3,-0.06,0.0,0.0,0.0,0.0,0.0,0.0,0.0,0.0,1.0,0.0,0.0,0.0,0.0,-0.0,0.0,0.0,0.0,0.0,0.0,0.0,0.0,0.0,95.0,83.0,93.0,39.0,17.0,10.0,27.0,13.0,15.0,0.0,0.0
51.89,53,73701.0,551.0,90.0,600.0,600.0,0.0,1.0,0.0,0.0,0.459,0.022,0.5,0.5,0.467,0.036,0.508,0.514,0.0,0.0,-1.43,-5.3,-0.06,0.0,0.0,0.0,0.0,0.0,0.0,0.0,0.0,1.0,0.0,0.0,0.0,0.0,-0.0,0.0,0.0,0.0,0.0,0.0,0.0,0.0,0.0,95.0,83.0,93.0,39.0,17.0,10.0,27.0,13.0,15.0,0.0,0.0
51.922,34,73735.0,551.0,90.0,600.0,600.0,0.0,1.0,0.0,0.0,0.459,0.022,0.5,0.5,0.467,0.036,0.508,0.514,0.0,0.0,-1.44,-5.3,-0.06,0.0,0.0,0.0,0.0,0.0,0.0,0.0,0.0,1.0,0.0,0.0,0.0,0.0,-0.0,0.0,0.0,0.0,0.0,0.0,0.0,0.0,0.0,95.0,83.0,93.0,39.0,17.0,10.0,27.0,13.0,15.0,0.0,0.0
52.02,98,73833.0,549.0,90.0,600.0,600.0,0.0,1.0,0.0,0.0,0.458,0.022,0.5,0.5,0.466,0.036,0.508,0.514,0.0,0.0,-1.44,-5.3,-0.06,0.0,0.0,0.0,0.0,0.0,0.0,0.0,0.0,1.0,0.0,0.0,0.0,0.0,-0.4,0.0,0.0,0.0,0.0,0.0,0.0,0.0,0.0,95.0,83.0,93.0,39.0,17.0,10.0,27.0,13.0,15.0,0.0,1.0
52.086,53,73886.0,549.0,91.0,600.0,600.0,0.0,1.0,0.0,0.0,0.458,0.022,0.5,0.5,0.466,0.036,0.508,0.514,0.0,0.0,-1.44,-5.29,-0.06,0.0,0.0,0.0,0.0,0.0,0.0,0.0,0.0,1.0,0.0,0.0,0.0,0.0,-0.4,0.0,0.0,0.0,0.0,0.0,0.0,0.0,0.0,95.0,83.0,93.0,39.0,17.0,10.0,27.0,13.0,15.0,0.0,0.0
52.119,52,73938.0,549.0,91.0,600.0,600.0,0.0,1.0,0.0,0.0,0.458,0.022,0.5,0.5,0.466,0.036,0.508,0.514,0.0,0.0,-1.44,-5.29,-0.06,0.0,0.0,0.0,0.0,0.0,0.0,0.0,0.0,1.0,0.0,0.0,0.0,0.0,-0.4,0.0,0.0,0.0,0.0,0.0,0.0,0.0,0.0,95.0,83.0,93.0,39.0,17.0,10.0,27.0,13.0,15.0,0.0,0.0
52.184,54,73992.0,549.0,91.0,600.0,600.0,0.0,1.0,0.0,0.0,0.457,0.022,0.5,0.5,0.465,0.036,0.508,0.514,0.0,0.0,-1.44,-5.3,-0.06,0.0,0.0,0.0,0.0,0.0,0.0,0.0,0.0,1.0,0.0,0.0,0.0,-0.0,-0.3,0.0,0.0,0.0,0.0,0.0,0.0,0.0,0.0,95.0,83.0,93.0,39.0,17.0,10.0,27.0,13.0,15.0,0.0,0.0
52.248,53,74045.0,551.0,91.0,600.0,600.0,0.0,1.0,0.0,0.0,0.457,0.022,0.5,0.5,0.465,0.036,0.508,0.514,0.0,0.0,-1.44,-5.3,-0.06,0.0,0.0,0.0,0.0,0.0,0.0,0.0,0.0,1.0,0.0,0.0,0.0,-0.0,-0.2,0.0,0.0,0.0,0.0,0.0,0.0,0.0,0.0,95.0,83.0,93.0,39.0,17.0,10.0,27.0,13.0,15.0,0.0,0.0
52.28,52,74097.0,551.0,92.0,600.0,600.0,0.0,1.0,0.0,0.0,0.457,0.022,0.5,0.5,0.465,0.036,0.508,0.514,0.0,0.0,-1.43,-5.3,-0.06,0.0,0.0,0.0,0.0,0.0,0.0,0.0,0.0,1.0,0.0,0.0,0.0,-0.0,-0.2,0.0,0.0,0.0,0.0,0.0,0.0,0.0,0.0,95.0,83.0,93.0,39.0,17.0,10.0,27.0,13.0,15.0,0.0,0.0
52.312,34,74131.0,551.0,92.0,600.0,600.0,0.0,1.0,0.0,0.0,0.457,0.022,0.5,0.5,0.465,0.036,0.508,0.514,0.0,0.0,-1.43,-5.3,-0.06,0.0,0.0,0.0,0.0,0.0,0.0,0.0,0.0,1.0,0.0,0.0,0.0,-0.0,-0.2,0.0,0.0,0.0,0.0,0.0,0.0,0.0,0.0,95.0,83.0,93.0,39.0,17.0,10.0,27.0,13.0,15.0,0.0,0.0
52.41,99,74230.0,551.0,92.0,600.0,600.0,0.0,1.0,0.0,0.0,0.457,0.023,0.5,0.5,0.465,0.037,0.508,0.514,0.0,0.0,-1.43,-5.3,-0.06,0.0,0.0,0.0,0.0,0.0,0.0,0.0,0.0,1.0,0.0,0.0,0.0,-0.4,-0.1,0.0,0.0,0.0,0.0,0.0,0.0,0.0,0.0,95.0,83.0,93.0,39.0,17.0,10.0,27.0,13.0,15.0,0.0,1.0
52.476,52,74282.0,551.0,93.0,600.0,600.0,0.0,1.0,0.0,0.0,0.457,0.023,0.5,0.5,0.465,0.037,0.508,0.514,0.0,0.0,-1.44,-5.3,-0.06,0.0,0.0,0.0,0.0,0.0,0.0,0.0,0.0,1.0,0.0,0.0,0.0,-0.3,-0.1,0.0,0.0,0.0,0.0,0.0,0.0,0.0,0.0,95.0,83.0,93.0,39.0,17.0,10.0,27.0,13.0,15.0,0.0,0.0
52.509,34,74316.0,551.0,93.0,600.0,600.0,0.0,1.0,0.0,0.0,0.457,0.023,0.5,0.5,0.465,0.037,0.508,0.514,0.0,0.0,-1.44,-5.3,-0.06,0.0,0.0,0.0,0.0,0.0,0.0,0.0,0.0,1.0,0.0,0.0,0.0,-0.3,-0.1,0.0,0.0,0.0,0.0,0.0,0.0,0.0,0.0,95.0,83.0,93.0,39.0,17.0,10.0,27.0,13.0,15.0,0.0,0.0
52.607,98,74414.0,550.0,93.0,600.0,600.0,0.0,1.0,0.0,0.0,0.458,0.023,0.5,0.5,0.465,0.037,0.508,0.514,0.0,0.0,-1.44,-5.3,-0.06,0.0,0.0,0.0,0.0,0.0,0.0,0.0,0.0,1.0,0.0,0.0,0.0,-0.2,-0.1,0.0,0.0,0.0,0.0,0.0,0.0,0.0,0.0,95.0,83.0,93.0,39.0,17.0,10.0,27.0,13.0,15.0,0.0,0.0
52.641,53,74467.0,550.0,93.0,600.0,600.0,0.0,1.0,0.0,0.0,0.458,0.023,0.5,0.5,0.465,0.037,0.508,0.514,0.0,0.0,-1.45,-5.3,-0.06,0.0,0.0,0.0,0.0,0.0,0.0,0.0,0.0,1.0,0.0,0.0,0.0,-0.2,-0.1,0.0,0.0,0.0,0.0,0.0,0.0,0.0,0.0,95.0,83.0,93.0,39.0,17.0,10.0,27.0,13.0,15.0,0.0,0.0
52.706,52,74519.0,550.0,93.0,600.0,600.0,0.0,1.0,0.0,0.0,0.458,0.023,0.5,0.5,0.465,0.037,0.508,0.514,0.0,0.0,-1.45,-5.3,-0.06,0.0,0.0,0.0,0.0,0.0,0.0,0.0,0.0,1.0,0.0,0.0,0.0,-0.2,-0.1,0.0,0.0,0.0,0.0,0.0,0.0,0.0,0.0,95.0,83.0,93.0,39.0,17.0,10.0,27.0,13.0,15.0,0.0,0.0
52.778,52,74571.0,550.0,93.0,600.0,600.0,0.0,1.0,0.0,0.0,0.457,0.023,0.5,0.5,0.465,0.037,0.508,0.514,0.0,0.0,-1.45,-5.3,-0.06,0.0,0.0,0.0,0.0,0.0,0.0,0.0,0.0,1.0,0.0,0.0,0.0,-0.1,-0.1,0.0,0.0,0.0,0.0,0.0,0.0,0.0,0.0,95.0,83.0,93.0,39.0,17.0,10.0,27.0,13.0,15.0,0.0,0.0
52.811,53,74624.0,549.0,93.0,600.0,600.0,0.0,1.0,0.0,0.0,0.457,0.023,0.5,0.5,0.465,0.037,0.508,0.514,0.0,0.0,-1.44,-5.3,-0.06,0.0,0.0,0.0,0.0,0.0,0.0,0.0,0.0,1.0,0.0,0.0,0.0,-0.1,-0.1,0.0,0.0,0.0,0.0,0.0,0.0,0.0,0.0,95.0,83.0,93.0,39.0,17.0,10.0,27.0,13.0,15.0,0.0,0.0
52.878,51,74675.0,549.0,93.0,600.0,600.0,0.0,1.0,0.0,0.0,0.457,0.023,0.5,0.5,0.465,0.037,0.508,0.514,0.0,0.0,-1.44,-5.3,-0.06,0.0,0.0,0.0,0.0,0.0,0.0,0.0,0.0,1.0,0.0,0.0,0.0,-0.1,-0.1,0.0,0.0,0.0,0.0,0.0,0.0,0.0,0.0,95.0,83.0,93.0,39.0,17.0,10.0,27.0,13.0,15.0,0.0,0.0
52.911,35,74710.0,549.0,93.0,600.0,600.0,0.0,1.0,0.0,0.0,0.457,0.023,0.5,0.5,0.465,0.037,0.508,0.514,0.0,0.0,-1.44,-5.3,-0.06,0.0,0.0,0.0,0.0,0.0,0.0,0.0,0.0,1.0,0.0,0.0,0.0,-0.1,-0.1,0.0,0.0,0.0,0.0,0.0,0.0,0.0,0.0,95.0,83.0,93.0,39.0,17.0,10.0,27.0,13.0,15.0,0.0,0.0
53.009,98,74808.0,549.0,93.0,600.0,600.0,0.0,1.0,0.0,0.0,0.456,0.023,0.5,0.5,0.464,0.037,0.508,0.514,0.0,0.0,-1.44,-5.3,-0.06,0.0,0.0,0.0,0.0,0.0,0.0,0.0,0.0,1.0,0.0,0.0,0.0,-0.1,-0.0,0.0,0.0,0.0,0.0,0.0,0.0,0.0,0.0,95.0,83.0,93.0,39.0,17.0,10.0,27.0,13.0,15.0,0.0,1.0
53.04,51,74859.0,549.0,93.0,600.0,600.0,0.0,1.0,0.0,0.0,0.456,0.023,0.5,0.5,0.464,0.037,0.508,0.514,0.0,0.0,-1.44,-5.3,-0.06,0.0,0.0,0.0,0.0,0.0,0.0,0.0,0.0,1.0,0.0,0.0,0.0,-0.1,-0.0,0.0,0.0,0.0,0.0,0.0,0.0,0.0,0.0,95.0,83.0,93.0,39.0,17.0,10.0,27.0,13.0,15.0,0.0,1.0
53.105,54,74913.0,549.0,93.0,600.0,600.0,0.0,1.0,0.0,0.0,0.456,0.023,0.5,0.5,0.464,0.037,0.508,0.514,0.0,0.0,-1.44,-5.3,-0.06,0.0,0.0,0.0,0.0,0.0,0.0,0.0,0.0,1.0,0.0,0.0,0.0,-0.1,-0.0,0.0,0.0,0.0,0.0,0.0,0.0,0.0,0.0,95.0,83.0,93.0,39.0,17.0,10.0,27.0,13.0,15.0,0.0,0.0
53.145,53,74966.0,549.0,93.0,600.0,600.0,0.0,1.0,0.0,0.0,0.456,0.023,0.5,0.5,0.464,0.037,0.508,0.514,0.0,0.0,-1.43,-5.3,-0.06,0.0,0.0,0.0,0.0,0.0,0.0,0.0,0.0,1.0,0.0,0.0,0.0,-0.1,0.0,0.0,0.0,0.0,0.0,0.0,0.0,0.0,0.0,95.0,83.0,93.0,39.0,17.0,10.0,27.0,13.0,15.0,0.0,0.0
53.209,53,75019.0,548.0,93.0,600.0,600.0,0.0,1.0,0.0,0.0,0.456,0.023,0.5,0.5,0.464,0.037,0.508,0.514,0.0,0.0,-1.43,-5.3,-0.06,0.0,0.0,0.0,0.0,0.0,0.0,0.0,0.0,1.0,0.0,0.0,0.0,-0.0,-0.0,0.0,0.0,0.0,0.0,0.0,0.0,0.0,0.0,95.0,83.0,93.0,39.0,17.0,10.0,27.0,13.0,15.0,0.0,0.0
53.273,51,75070.0,548.0,92.0,600.0,600.0,0.0,1.0,0.0,0.0,0.456,0.023,0.5,0.5,0.464,0.037,0.508,0.514,0.0,0.0,-1.43,-5.3,-0.06,0.0,0.0,0.0,0.0,0.0,0.0,0.0,0.0,1.0,0.0,0.0,0.0,-0.1,0.0,0.0,0.0,0.0,0.0,0.0,0.0,0.0,0.0,95.0,83.0,93.0,39.0,17.0,10.0,27.0,13.0,15.0,0.0,0.0
53.306,35,75105.0,548.0,92.0,600.0,600.0,0.0,1.0,0.0,0.0,0.456,0.023,0.5,0.5,0.464,0.037,0.508,0.514,0.0,0.0,-1.43,-5.3,-0.06,0.0,0.0,0.0,0.0,0.0,0.0,0.0,0.0,1.0,0.0,0.0,0.0,-0.0,-0.1,0.0,0.0,0.0,0.0,0.0,0.0,0.0,0.0,95.0,83.0,93.0,39.0,17.0,10.0,27.0,13.0,15.0,0.0,0.0
53.404,96,75201.0,549.0,92.0,600.0,600.0,0.0,1.0,0.0,0.0,0.456,0.023,0.5,0.5,0.463,0.037,0.508,0.514,0.0,0.0,-1.43,-5.3,-0.06,0.0,0.0,0.0,0.0,0.0,0.0,0.0,0.0,1.0,0.0,0.0,0.0,-0.0,-0.0,0.0,0.0,0.0,0.0,0.0,0.0,0.0,0.0,95.0,83.0,93.0,39.0,17.0,10.0,27.0,13.0,15.0,0.0,0.0
53.436,53,75254.0,549.0,91.0,600.0,600.0,0.0,1.0,0.0,0.0,0.456,0.023,0.5,0.5,0.463,0.037,0.508,0.514,0.0,0.0,-1.43,-5.3,-0.06,0.0,0.0,0.0,0.0,0.0,0.0,0.0,0.0,1.0,0.0,0.0,0.0,-0.0,-0.0,0.0,0.0,0.0,0.0,0.0,0.0,0.0,0.0,95.0,83.0,93.0,39.0,17.0,10.0,27.0,13.0,15.0,0.0,0.0
53.501,52,75306.0,549.0,91.0,600.0,600.0,0.0,1.0,0.0,0.0,0.456,0.023,0.5,0.5,0.463,0.037,0.508,0.514,0.0,0.0,-1.42,-5.3,-0.06,0.0,0.0,0.0,0.0,0.0,0.0,0.0,0.0,1.0,0.0,0.0,0.0,-0.0,-0.0,0.0,0.0,0.0,0.0,0.0,0.0,0.0,0.0,95.0,83.0,93.0,39.0,17.0,10.0,27.0,13.0,15.0,0.0,0.0
53.537,53,75359.0,549.0,91.0,600.0,600.0,0.0,1.0,0.0,0.0,0.456,0.023,0.5,0.5,0.463,0.037,0.508,0.514,0.0,0.0,-1.42,-5.3,-0.06,0.0,0.0,0.0,0.0,0.0,0.0,0.0,0.0,1.0,0.0,0.0,0.0,-0.0,-0.0,0.0,0.0,0.0,0.0,0.0,0.0,0.0,0.0,95.0,83.0,93.0,39.0,17.0,10.0,27.0,13.0,15.0,0.0,0.0
53.603,53,75412.0,548.0,91.0,600.0,600.0,0.0,1.0,0.0,0.0,0.456,0.023,0.5,0.5,0.463,0.037,0.508,0.514,0.0,0.0,-1.42,-5.3,-0.06,0.0,0.0,0.0,0.0,0.0,0.0,0.0,0.0,1.0,0.0,0.0,0.0,-0.0,-0.0,0.0,0.0,0.0,0.0,0.0,0.0,0.0,0.0,95.0,83.0,93.0,39.0,17.0,10.0,27.0,13.0,15.0,0.0,0.0
53.669,52,75464.0,548.0,92.0,600.0,600.0,0.0,1.0,0.0,0.0,0.456,0.023,0.5,0.5,0.463,0.037,0.508,0.514,0.0,0.0,-1.42,-5.3,-0.06,0.0,0.0,0.0,0.0,0.0,0.0,0.0,0.0,1.0,0.0,0.0,0.0,-0.0,0.0,0.0,0.0,0.0,0.0,0.0,0.0,0.0,0.0,95.0,83.0,93.0,39.0,17.0,10.0,27.0,13.0,15.0,0.0,1.0
53.702,53,75517.0,548.0,92.0,600.0,600.0,0.0,1.0,0.0,0.0,0.456,0.023,0.5,0.5,0.463,0.037,0.508,0.514,0.0,0.0,-1.42,-5.3,-0.06,0.0,0.0,0.0,0.0,0.0,0.0,0.0,0.0,1.0,0.0,0.0,0.0,-0.0,0.0,0.0,0.0,0.0,0.0,0.0,0.0,0.0,0.0,95.0,83.0,93.0,39.0,17.0,10.0,27.0,13.0,15.0,0.0,0.0
53.777,53,75570.0,548.0,92.0,600.0,600.0,0.0,1.0,0.0,0.0,0.455,0.023,0.5,0.5,0.463,0.037,0.508,0.514,0.0,0.0,-1.41,-5.29,-0.06,0.0,0.0,0.0,0.0,0.0,0.0,0.0,0.0,1.0,0.0,0.0,0.0,-0.0,0.0,0.0,0.0,0.0,0.0,0.0,0.0,0.0,0.0,95.0,83.0,93.0,39.0,17.0,10.0,27.0,13.0,15.0,0.0,0.0
53.809,53,75623.0,550.0,92.0,600.0,600.0,0.0,1.0,0.0,0.0,0.455,0.023,0.5,0.5,0.463,0.037,0.508,0.514,0.0,0.0,-1.41,-5.29,-0.06,0.0,0.0,0.0,0.0,0.0,0.0,0.0,0.0,1.0,0.0,0.0,0.0,-0.0,-0.0,0.0,0.0,0.0,0.0,0.0,0.0,0.0,0.0,95.0,83.0,93.0,39.0,17.0,10.0,27.0,13.0,15.0,0.0,0.0
53.875,52,75675.0,550.0,92.0,600.0,600.0,0.0,1.0,0.0,0.0,0.455,0.023,0.5,0.5,0.463,0.037,0.508,0.514,0.0,0.0,-1.41,-5.29,-0.06,0.0,0.0,0.0,0.0,0.0,0.0,0.0,0.0,1.0,0.0,0.0,0.0,-0.0,0.0,0.0,0.0,0.0,0.0,0.0,0.0,0.0,0.0,95.0,83.0,93.0,39.0,17.0,10.0,27.0,13.0,15.0,0.0,0.0
53.908,52,75727.0,550.0,92.0,600.0,600.0,0.0,1.0,0.0,0.0,0.455,0.023,0.5,0.5,0.463,0.037,0.508,0.514,0.0,0.0,-1.4,-5.29,-0.06,0.0,0.0,0.0,0.0,0.0,0.0,0.0,0.0,1.0,0.0,0.0,0.0,-0.0,-0.0,0.0,0.0,0.0,0.0,0.0,0.0,0.0,0.0,95.0,83.0,93.0,39.0,17.0,10.0,27.0,13.0,15.0,0.0,0.0
53.978,53,75780.0,550.0,92.0,600.0,600.0,0.0,1.0,0.0,0.0,0.456,0.023,0.5,0.5,0.464,0.037,0.508,0.514,0.0,0.0,-1.4,-5.29,-0.06,0.0,0.0,0.0,0.0,0.0,0.0,0.0,0.0,1.0,0.0,0.0,0.0,-0.0,-0.0,0.0,0.0,0.0,0.0,0.0,0.0,0.0,0.0,95.0,83.0,93.0,39.0,17.0,10.0,27.0,13.0,15.0,0.0,0.0
54.011,54,75834.0,553.0,92.0,600.0,600.0,0.0,1.0,0.0,0.0,0.456,0.023,0.5,0.5,0.464,0.037,0.508,0.514,0.0,0.0,-1.41,-5.29,-0.06,0.0,0.0,0.0,0.0,0.0,0.0,0.0,0.0,1.0,0.0,0.0,0.0,-0.0,-0.0,0.0,0.0,0.0,0.0,0.0,0.0,0.0,0.0,95.0,83.0,93.0,39.0,17.0,10.0,27.0,13.0,15.0,0.0,0.0
54.077,52,75886.0,553.0,92.0,600.0,600.0,0.0,1.0,0.0,0.0,0.456,0.023,0.5,0.5,0.464,0.037,0.508,0.514,0.0,0.0,-1.41,-5.29,-0.06,0.0,0.0,0.0,0.0,0.0,0.0,0.0,0.0,1.0,0.0,0.0,0.0,0.0,-0.0,0.0,0.0,0.0,0.0,0.0,0.0,0.0,0.0,95.0,83.0,93.0,39.0,17.0,10.0,27.0,13.0,15.0,0.0,0.0
54.144,52,75938.0,553.0,92.0,600.0,600.0,0.0,1.0,0.0,0.0,0.456,0.023,0.5,0.5,0.464,0.037,0.508,0.514,0.0,0.0,-1.41,-5.29,-0.06,0.0,0.0,0.0,0.0,0.0,0.0,0.0,0.0,1.0,0.0,0.0,0.0,0.0,-0.0,0.0,0.0,0.0,0.0,0.0,0.0,0.0,0.0,95.0,83.0,93.0,39.0,17.0,10.0,27.0,13.0,15.0,0.0,0.0
54.177,52,75990.0,553.0,92.0,600.0,600.0,0.0,1.0,0.0,0.0,0.458,0.023,0.5,0.5,0.465,0.037,0.508,0.514,0.0,0.0,-1.41,-5.3,-0.06,0.0,0.0,0.0,0.0,0.0,0.0,0.0,0.0,1.0,0.0,0.0,0.0,0.0,-0.0,0.0,0.0,0.0,0.0,0.0,0.0,0.0,0.0,95.0,83.0,93.0,39.0,17.0,10.0,27.0,13.0,15.0,0.0,0.0
54.242,53,76043.0,554.0,92.0,600.0,600.0,0.0,1.0,0.0,0.0,0.458,0.023,0.5,0.5,0.465,0.037,0.508,0.514,0.0,0.0,-1.41,-5.29,-0.06,0.0,0.0,0.0,0.0,0.0,0.0,0.0,0.0,1.0,0.0,0.0,0.0,0.0,-0.0,0.0,0.0,0.0,0.0,0.0,0.0,0.0,0.0,95.0,83.0,93.0,39.0,17.0,10.0,27.0,13.0,15.0,0.0,0.0
54.275,51,76094.0,554.0,91.0,600.0,600.0,0.0,1.0,0.0,0.0,0.458,0.023,0.5,0.5,0.465,0.037,0.508,0.514,0.0,0.0,-1.41,-5.29,-0.06,0.0,0.0,0.0,0.0,0.0,0.0,0.0,0.0,1.0,0.0,0.0,0.0,0.0,-0.0,0.0,0.0,0.0,0.0,0.0,0.0,0.0,0.0,95.0,83.0,93.0,39.0,17.0,10.0,27.0,13.0,15.0,0.0,1.0
54.308,35,76129.0,554.0,91.0,600.0,600.0,0.0,1.0,0.0,0.0,0.458,0.023,0.5,0.5,0.465,0.037,0.508,0.514,0.0,0.0,-1.41,-5.29,-0.06,0.0,0.0,0.0,0.0,0.0,0.0,0.0,0.0,1.0,0.0,0.0,0.0,0.0,-0.0,0.0,0.0,0.0,0.0,0.0,0.0,0.0,0.0,95.0,83.0,93.0,39.0,17.0,10.0,27.0,13.0,15.0,0.0,0.0
54.405,99,76228.0,554.0,91.0,600.0,600.0,0.0,1.0,0.0,0.0,0.459,0.023,0.5,0.5,0.466,0.037,0.508,0.514,0.0,0.0,-1.42,-5.3,-0.06,0.0,0.0,0.0,0.0,0.0,0.0,0.0,0.0,1.0,0.0,0.0,0.0,0.0,-0.0,0.0,0.0,0.0,0.0,0.0,0.0,0.0,0.0,95.0,83.0,93.0,39.0,17.0,10.0,27.0,13.0,15.0,0.0,0.0
54.471,52,76280.0,554.0,91.0,600.0,600.0,0.0,1.0,0.0,0.0,0.459,0.023,0.5,0.5,0.466,0.037,0.508,0.514,0.0,0.0,-1.42,-5.3,-0.06,0.0,0.0,0.0,0.0,0.0,0.0,0.0,0.0,1.0,0.0,0.0,0.0,0.0,-0.0,0.0,0.0,0.0,0.0,0.0,0.0,0.0,0.0,95.0,83.0,93.0,39.0,17.0,10.0,27.0,13.0,15.0,0.0,0.0
54.545,53,76333.0,554.0,91.0,600.0,600.0,0.0,1.0,0.0,0.0,0.459,0.023,0.5,0.5,0.466,0.037,0.508,0.514,0.0,0.0,-1.42,-5.29,-0.06,0.0,0.0,0.0,0.0,0.0,0.0,0.0,0.0,1.0,0.0,0.0,0.0,0.0,-0.0,0.0,0.0,0.0,0.0,0.0,0.0,0.0,0.0,95.0,83.0,93.0,39.0,17.0,10.0,27.0,13.0,15.0,0.0,0.0
54.578,52,76385.0,554.0,91.0,600.0,600.0,0.0,1.0,0.0,0.0,0.46,0.023,0.5,0.5,0.467,0.037,0.508,0.514,0.0,0.0,-1.42,-5.29,-0.06,0.0,0.0,0.0,0.0,0.0,0.0,0.0,0.0,1.0,0.0,0.0,0.0,0.0,-0.0,0.0,0.0,0.0,0.0,0.0,0.0,0.0,0.0,95.0,83.0,93.0,39.0,17.0,10.0,27.0,13.0,15.0,0.0,0.0
54.644,53,76438.0,556.0,91.0,600.0,600.0,0.0,1.0,0.0,0.0,0.46,0.023,0.5,0.5,0.467,0.037,0.508,0.514,0.0,0.0,-1.42,-5.29,-0.06,0.0,0.0,0.0,0.0,0.0,0.0,0.0,0.0,1.0,0.0,0.0,0.0,0.0,-0.0,0.0,0.0,0.0,0.0,0.0,0.0,0.0,0.0,95.0,83.0,93.0,39.0,17.0,10.0,27.0,13.0,15.0,0.0,0.0
54.676,52,76490.0,556.0,91.0,600.0,600.0,0.0,1.0,0.0,0.0,0.46,0.023,0.5,0.5,0.467,0.037,0.508,0.514,0.0,0.0,-1.42,-5.29,-0.06,0.0,0.0,0.0,0.0,0.0,0.0,0.0,0.0,1.0,0.0,0.0,0.0,0.0,-0.0,0.0,0.0,0.0,0.0,0.0,0.0,0.0,0.0,95.0,83.0,93.0,39.0,17.0,10.0,27.0,13.0,15.0,0.0,1.0
54.743,53,76543.0,556.0,91.0,600.0,600.0,0.0,1.0,0.0,0.0,0.46,0.023,0.5,0.5,0.467,0.037,0.508,0.514,0.0,0.0,-1.43,-5.29,-0.06,0.0,0.0,0.0,0.0,0.0,0.0,0.0,0.0,1.0,0.0,0.0,0.0,0.0,-0.0,0.0,0.0,0.0,0.0,0.0,0.0,0.0,0.0,95.0,83.0,93.0,39.0,17.0,10.0,27.0,13.0,15.0,0.0,0.0
54.776,52,76595.0,556.0,91.0,600.0,600.0,0.0,1.0,0.0,0.0,0.461,0.022,0.5,0.5,0.469,0.037,0.508,0.514,0.0,0.0,-1.43,-5.29,-0.06,0.0,0.0,0.0,0.0,0.0,0.0,0.0,0.0,1.0,0.0,0.0,0.0,0.0,-0.0,0.0,0.0,0.0,0.0,0.0,0.0,0.0,0.0,95.0,83.0,93.0,39.0,17.0,10.0,27.0,13.0,15.0,0.0,0.0
54.839,53,76648.0,554.0,91.0,600.0,600.0,0.0,1.0,0.0,0.0,0.461,0.022,0.5,0.5,0.469,0.037,0.508,0.514,0.0,0.0,-1.43,-5.3,-0.06,0.0,0.0,0.0,0.0,0.0,0.0,0.0,0.0,1.0,0.0,0.0,0.0,0.0,-0.0,0.0,0.0,0.0,0.0,0.0,0.0,0.0,0.0,95.0,83.0,93.0,39.0,17.0,10.0,27.0,13.0,15.0,0.0,0.0
54.903,53,76701.0,554.0,92.0,600.0,600.0,0.0,1.0,0.0,0.0,0.461,0.022,0.5,0.5,0.469,0.037,0.508,0.514,0.0,0.0,-1.44,-5.3,-0.06,0.0,0.0,0.0,0.0,0.0,0.0,0.0,0.0,1.0,0.0,0.0,0.0,0.0,-0.0,0.0,0.0,0.0,0.0,0.0,0.0,0.0,0.0,95.0,83.0,93.0,39.0,17.0,10.0,27.0,13.0,15.0,0.0,0.0
54.945,53,76754.0,554.0,92.0,600.0,600.0,0.0,1.0,0.0,0.0,0.461,0.022,0.5,0.5,0.469,0.037,0.508,0.514,0.0,0.0,-1.44,-5.3,-0.06,0.0,0.0,0.0,0.0,0.0,0.0,0.0,0.0,1.0,0.0,0.0,0.0,0.0,-0.0,0.0,0.0,0.0,0.0,0.0,0.0,0.0,0.0,95.0,83.0,93.0,39.0,17.0,10.0,27.0,13.0,15.0,0.0,0.0
55.009,52,76806.0,554.0,92.0,600.0,600.0,0.0,1.0,0.0,0.0,0.461,0.023,0.5,0.5,0.468,0.037,0.508,0.514,0.0,0.0,-1.43,-5.3,-0.06,0.0,0.0,0.0,0.0,0.0,0.0,0.0,0.0,1.0,0.0,0.0,0.0,0.0,0.0,0.0,0.0,0.0,0.0,0.0,0.0,0.0,0.0,95.0,83.0,93.0,39.0,17.0,10.0,27.0,13.0,15.0,0.0,1.0
55.041,53,76859.0,553.0,92.0,600.0,600.0,0.0,1.0,0.0,0.0,0.461,0.023,0.5,0.5,0.468,0.037,0.508,0.514,0.0,0.0,-1.43,-5.3,-0.06,0.0,0.0,0.0,0.0,0.0,0.0,0.0,0.0,1.0,0.0,0.0,0.0,0.0,0.0,0.0,0.0,0.0,0.0,0.0,0.0,0.0,0.0,95.0,83.0,93.0,39.0,17.0,10.0,27.0,13.0,15.0,0.0,0.0
55.106,52,76911.0,553.0,92.0,600.0,600.0,0.0,1.0,0.0,0.0,0.461,0.023,0.5,0.5,0.468,0.037,0.508,0.514,0.0,0.0,-1.43,-5.3,-0.06,0.0,0.0,0.0,0.0,0.0,0.0,0.0,0.0,1.0,0.0,0.0,0.0,0.0,-0.0,0.0,0.0,0.0,0.0,0.0,0.0,0.0,0.0,95.0,83.0,93.0,39.0,17.0,10.0,27.0,13.0,15.0,0.0,0.0
55.143,54,76965.0,553.0,92.0,600.0,600.0,0.0,1.0,0.0,0.0,0.461,0.023,0.5,0.5,0.468,0.037,0.508,0.514,0.0,0.0,-1.43,-5.3,-0.06,0.0,0.0,0.0,0.0,0.0,0.0,0.0,0.0,1.0,0.0,0.0,0.0,0.0,-0.0,0.0,0.0,0.0,0.0,0.0,0.0,0.0,0.0,95.0,83.0,93.0,39.0,17.0,10.0,27.0,13.0,15.0,0.0,0.0
55.207,52,77017.0,553.0,92.0,600.0,600.0,0.0,1.0,0.0,0.0,0.46,0.023,0.5,0.5,0.468,0.037,0.508,0.514,0.0,0.0,-1.43,-5.3,-0.06,0.0,0.0,0.0,0.0,0.0,0.0,0.0,0.0,1.0,0.0,0.0,0.0,0.0,-0.0,0.0,0.0,0.0,0.0,0.0,0.0,0.0,0.0,95.0,83.0,93.0,39.0,17.0,10.0,27.0,13.0,15.0,0.0,0.0
55.271,54,77071.0,552.0,92.0,600.0,600.0,0.0,1.0,0.0,0.0,0.46,0.023,0.5,0.5,0.468,0.037,0.508,0.514,0.0,0.0,-1.43,-5.3,-0.06,0.0,0.0,0.0,0.0,0.0,0.0,0.0,0.0,1.0,0.0,0.0,0.0,0.0,-0.0,0.0,0.0,0.0,0.0,0.0,0.0,0.0,0.0,95.0,83.0,93.0,39.0,17.0,10.0,27.0,13.0,15.0,0.0,0.0
55.303,52,77123.0,552.0,93.0,600.0,600.0,0.0,1.0,0.0,0.0,0.46,0.023,0.5,0.5,0.468,0.037,0.508,0.514,0.0,0.0,-1.43,-5.3,-0.06,0.0,0.0,0.0,0.0,0.0,0.0,0.0,0.0,1.0,0.0,0.0,0.0,0.0,-0.0,0.0,0.0,0.0,0.0,0.0,0.0,0.0,0.0,95.0,83.0,93.0,39.0,17.0,10.0,27.0,13.0,15.0,0.0,0.0
55.375,52,77175.0,552.0,93.0,482.0,600.0,0.0,1.0,0.0,0.0,0.46,0.023,0.5,0.5,0.468,0.037,0.508,0.514,0.0,0.0,-1.43,-5.3,-0.06,0.0,0.0,0.0,0.0,0.0,0.0,0.0,0.0,1.0,0.0,0.0,0.0,0.0,-0.0,0.0,0.0,0.0,0.0,0.0,0.0,0.0,0.0,95.0,83.0,93.0,39.0,17.0,10.0,27.0,13.0,15.0,0.0,0.0
55.408,52,77227.0,552.0,93.0,482.0,600.0,0.0,1.0,0.0,0.0,0.459,0.023,0.442,0.5,0.467,0.036,0.459,0.513,0.0,0.0,-1.43,-5.3,-0.06,0.0,0.0,0.0,0.0,0.0,0.0,0.0,0.0,1.0,0.0,0.0,0.0,0.0,-0.0,0.0,0.0,0.0,0.0,0.0,0.0,0.0,0.0,95.0,83.0,93.0,39.0,17.0,10.0,27.0,13.0,15.0,0.0,0.0
55.473,53,77280.0,552.0,93.0,482.0,600.0,0.0,1.0,0.0,0.0,0.459,0.023,0.442,0.5,0.467,0.036,0.459,0.513,0.0,0.0,-1.43,-5.3,-0.06,0.0,0.0,0.0,0.0,0.0,0.0,0.0,0.0,1.0,0.0,0.0,0.0,0.0,-0.0,0.0,0.0,0.0,0.0,0.0,0.0,0.0,0.0,95.0,83.0,93.0,39.0,17.0,10.0,27.0,13.0,15.0,0.0,0.0
55.506,51,77331.0,552.0,92.0,482.0,600.0,0.0,1.0,0.0,0.0,0.459,0.023,0.442,0.5,0.467,0.036,0.459,0.513,0.0,0.0,-1.42,-5.3,-0.06,0.0,0.0,0.0,0.0,0.0,0.0,0.0,0.0,1.0,0.0,0.0,0.0,0.0,-0.0,0.0,0.0,0.0,0.0,0.0,0.0,0.0,0.0,95.0,83.0,93.0,39.0,17.0,10.0,27.0,13.0,15.0,0.0,0.0
55.573,53,77384.0,552.0,92.0,482.0,600.0,0.0,1.0,0.0,0.0,0.459,0.023,0.442,0.5,0.467,0.036,0.459,0.513,0.0,0.0,-1.42,-5.3,-0.06,0.0,0.0,0.0,0.0,0.0,0.0,0.0,0.0,1.0,0.0,0.0,0.0,0.0,-0.0,0.0,0.0,0.0,0.0,0.0,0.0,0.0,0.0,95.0,83.0,93.0,39.0,17.0,10.0,27.0,13.0,15.0,0.0,0.0
55.636,52,77436.0,552.0,92.0,482.0,600.0,0.0,1.0,0.0,0.0,0.459,0.023,0.415,0.5,0.466,0.036,0.428,0.513,0.0,0.0,-1.42,-5.29,-0.06,0.0,0.0,0.0,0.0,0.0,0.0,0.0,0.0,1.0,0.0,0.0,0.0,0.0,-0.0,0.0,0.0,0.0,0.0,0.0,0.0,0.0,0.0,95.0,83.0,93.0,39.0,17.0,10.0,27.0,13.0,15.0,0.0,1.0
55.668,53,77489.0,551.0,92.0,482.0,600.0,0.0,1.0,0.0,0.0,0.459,0.023,0.415,0.5,0.466,0.036,0.428,0.513,0.0,0.0,-1.42,-5.29,-0.06,0.0,0.0,0.0,0.0,0.0,0.0,0.0,0.0,1.0,0.0,0.0,0.0,0.0,-0.0,0.0,0.0,0.0,0.0,0.0,0.0,0.0,0.0,95.0,83.0,93.0,39.0,17.0,10.0,27.0,13.0,15.0,0.0,0.0
55.735,51,77540.0,551.0,91.0,482.0,600.0,0.0,1.0,0.0,0.0,0.459,0.023,0.415,0.5,0.466,0.036,0.428,0.513,0.0,0.0,-1.42,-5.3,-0.06,0.0,0.0,0.0,0.0,0.0,0.0,0.0,0.0,1.0,0.0,0.0,0.0,0.0,-0.0,0.0,0.0,0.0,0.0,0.0,0.0,0.0,0.0,95.0,83.0,93.0,39.0,17.0,10.0,27.0,13.0,15.0,0.0,0.0
55.767,53,77593.0,551.0,91.0,482.0,600.0,0.0,1.0,0.0,0.0,0.459,0.023,0.415,0.5,0.466,0.036,0.428,0.513,0.0,0.0,-1.42,-5.3,-0.06,0.0,0.0,0.0,0.0,0.0,0.0,0.0,0.0,1.0,0.0,0.0,0.0,0.0,-0.0,0.0,0.0,0.0,0.0,0.0,0.0,0.0,0.0,95.0,83.0,93.0,39.0,17.0,10.0,27.0,13.0,15.0,0.0,0.0
55.831,52,77645.0,551.0,91.0,482.0,600.0,0.0,1.0,0.0,0.0,0.458,0.023,0.403,0.5,0.466,0.036,0.413,0.513,0.0,0.0,-1.42,-5.31,-0.06,0.0,0.0,0.0,0.0,0.0,0.0,0.0,0.0,1.0,0.0,0.0,0.0,0.0,-0.0,0.0,0.0,0.0,0.0,0.0,0.0,0.0,0.0,95.0,83.0,93.0,39.0,17.0,10.0,27.0,13.0,15.0,0.0,0.0
55.895,52,77697.0,551.0,91.0,482.0,600.0,0.0,1.0,0.0,0.0,0.458,0.023,0.403,0.5,0.466,0.036,0.413,0.513,0.0,0.0,-1.42,-5.31,-0.06,0.0,0.0,0.0,0.0,0.0,0.0,0.0,0.0,1.0,0.0,0.0,0.0,0.0,-0.0,0.0,0.0,0.0,0.0,0.0,0.0,0.0,0.0,95.0,83.0,93.0,39.0,17.0,10.0,27.0,13.0,15.0,0.0,0.0
55.928,51,77748.0,551.0,90.0,482.0,600.0,0.0,1.0,0.0,0.0,0.458,0.023,0.403,0.5,0.466,0.036,0.413,0.513,0.0,0.0,-1.42,-5.32,-0.06,0.0,0.0,0.0,0.0,0.0,0.0,0.0,0.0,1.0,0.0,0.0,0.0,0.0,-0.0,0.0,0.0,0.0,0.0,0.0,0.0,0.0,0.0,95.0,83.0,93.0,39.0,17.0,10.0,27.0,13.0,15.0,0.0,0.0
55.992,53,77801.0,551.0,90.0,482.0,600.0,0.0,1.0,0.0,0.0,0.458,0.023,0.403,0.5,0.466,0.036,0.413,0.513,0.0,0.0,-1.42,-5.32,-0.06,0.0,0.0,0.0,0.0,0.0,0.0,0.0,0.0,1.0,0.0,0.0,0.0,0.0,-0.0,0.0,0.0,0.0,0.0,0.0,0.0,0.0,0.0,95.0,83.0,93.0,39.0,17.0,10.0,27.0,13.0,15.0,0.0,0.0
56.058,52,77853.0,551.0,90.0,482.0,600.0,0.0,1.0,0.0,0.0,0.458,0.022,0.397,0.5,0.465,0.035,0.406,0.513,0.0,0.0,-1.42,-5.32,-0.06,0.0,0.0,0.0,0.0,0.0,0.0,0.0,0.0,1.0,0.0,0.0,0.0,0.0,-0.0,0.0,0.0,0.0,0.0,0.0,0.0,0.0,0.0,95.0,83.0,93.0,39.0,17.0,10.0,27.0,13.0,15.0,0.0,0.0
56.091,53,77906.0,551.0,90.0,482.0,600.0,0.0,1.0,0.0,0.0,0.458,0.022,0.397,0.5,0.465,0.035,0.406,0.513,0.0,0.0,-1.42,-5.32,-0.06,0.0,0.0,0.0,0.0,0.0,0.0,0.0,0.0,1.0,0.0,0.0,0.0,0.0,-0.0,0.0,0.0,0.0,0.0,0.0,0.0,0.0,0.0,95.0,83.0,93.0,39.0,17.0,10.0,27.0,13.0,15.0,0.0,0.0
56.163,51,77957.0,551.0,90.0,482.0,600.0,0.0,1.0,0.0,0.0,0.458,0.022,0.397,0.5,0.465,0.035,0.406,0.513,0.0,0.0,-1.42,-5.32,-0.06,0.0,0.0,0.0,0.0,0.0,0.0,0.0,0.0,1.0,0.0,0.0,0.0,0.0,-0.0,0.0,0.0,0.0,0.0,0.0,0.0,0.0,0.0,95.0,83.0,93.0,39.0,17.0,10.0,27.0,13.0,15.0,0.0,1.0
56.196,35,77992.0,551.0,90.0,482.0,600.0,0.0,1.0,0.0,0.0,0.458,0.022,0.397,0.5,0.465,0.035,0.406,0.513,0.0,0.0,-1.42,-5.32,-0.05,0.0,0.0,0.0,0.0,0.0,0.0,0.0,0.0,1.0,0.0,0.0,0.0,0.0,0.1,0.0,0.0,0.0,0.0,0.0,0.0,0.0,0.0,95.0,83.0,93.0,39.0,17.0,10.0,27.0,13.0,15.0,0.0,0.0
56.291,99,78091.0,552.0,90.0,482.0,600.0,0.0,1.0,0.0,0.0,0.458,0.022,0.395,0.5,0.465,0.035,0.403,0.513,0.0,0.0,-1.42,-5.32,-0.05,0.0,0.0,0.0,0.0,0.0,0.0,0.0,0.0,1.0,0.0,0.0,0.0,0.0,0.0,0.0,0.0,0.0,0.0,0.0,0.0,0.0,0.0,95.0,83.0,93.0,39.0,17.0,10.0,27.0,13.0,15.0,0.0,0.0
56.325,52,78143.0,552.0,91.0,482.0,600.0,0.0,1.0,0.0,0.0,0.458,0.022,0.395,0.5,0.465,0.035,0.403,0.513,0.0,0.0,-1.42,-5.32,-0.05,0.0,0.0,0.0,0.0,0.0,0.0,0.0,0.0,1.0,0.0,0.0,0.0,0.0,0.0,0.0,0.0,0.0,0.0,0.0,0.0,0.0,0.0,95.0,83.0,93.0,39.0,17.0,10.0,27.0,13.0,15.0,0.0,1.0
56.39,53,78196.0,552.0,91.0,600.0,600.0,0.0,1.0,0.0,0.0,0.458,0.022,0.395,0.5,0.465,0.035,0.403,0.513,0.0,0.0,-1.42,-5.32,-0.05,0.0,0.0,0.0,0.0,0.0,0.0,0.0,0.0,1.0,0.0,0.0,0.0,0.0,0.0,0.0,0.0,0.0,0.0,0.0,0.0,0.0,0.0,95.0,83.0,93.0,39.0,17.0,10.0,27.0,13.0,15.0,0.0,0.0
56.423,52,78248.0,552.0,91.0,600.0,600.0,0.0,1.0,0.0,0.0,0.458,0.022,0.451,0.5,0.466,0.035,0.45,0.513,0.0,0.0,-1.42,-5.32,-0.05,0.0,0.0,0.0,0.0,0.0,0.0,0.0,0.0,1.0,0.0,0.0,0.0,0.0,0.0,0.0,0.0,0.0,0.0,0.0,0.0,0.0,0.0,95.0,83.0,93.0,39.0,17.0,10.0,27.0,13.0,15.0,0.0,0.0
56.489,53,78301.0,551.0,91.0,600.0,600.0,0.0,1.0,0.0,0.0,0.458,0.022,0.451,0.5,0.466,0.035,0.45,0.513,0.0,0.0,-1.42,-5.32,-0.05,0.0,0.0,0.0,0.0,0.0,0.0,0.0,0.0,1.0,0.0,0.0,0.0,0.0,0.0,0.0,0.0,0.0,0.0,0.0,0.0,0.0,0.0,95.0,83.0,93.0,39.0,17.0,10.0,27.0,13.0,15.0,0.0,0.0
56.555,52,78353.0,551.0,90.0,600.0,600.0,0.0,1.0,0.0,0.0,0.458,0.022,0.451,0.5,0.466,0.035,0.45,0.513,0.0,0.0,-1.42,-5.32,-0.05,0.0,0.0,0.0,0.0,0.0,0.0,0.0,0.0,1.0,0.0,0.0,0.0,0.0,0.0,0.0,0.0,0.0,0.0,0.0,0.0,0.0,0.0,95.0,83.0,93.0,39.0,17.0,10.0,27.0,13.0,15.0,0.0,0.0
56.587,53,78406.0,551.0,90.0,485.0,600.0,0.0,1.0,0.0,0.0,0.458,0.022,0.451,0.5,0.466,0.035,0.45,0.513,0.0,0.0,-1.42,-5.32,-0.05,0.0,0.0,0.0,0.0,0.0,0.0,0.0,0.0,1.0,0.0,0.0,0.0,0.0,0.0,0.0,0.0,0.0,0.0,0.0,0.0,0.0,0.0,95.0,83.0,93.0,39.0,17.0,10.0,27.0,13.0,15.0,0.0,0.0
56.653,52,78458.0,551.0,90.0,485.0,600.0,0.0,1.0,0.0,0.0,0.458,0.022,0.421,0.5,0.465,0.035,0.433,0.513,0.0,0.0,-1.42,-5.32,-0.05,0.0,0.0,0.0,0.0,0.0,0.0,0.0,0.0,1.0,0.0,0.0,0.0,0.0,0.0,0.0,0.0,0.0,0.0,0.0,0.0,0.0,0.0,95.0,83.0,93.0,39.0,17.0,10.0,27.0,13.0,15.0,0.0,1.0
56.686,52,78510.0,550.0,90.0,485.0,600.0,0.0,1.0,0.0,0.0,0.458,0.022,0.421,0.5,0.465,0.035,0.433,0.513,0.0,0.0,-1.42,-5.32,-0.05,0.0,0.0,0.0,0.0,0.0,0.0,0.0,0.0,1.0,0.0,0.0,0.0,0.0,0.0,0.0,0.0,0.0,0.0,0.0,0.0,0.0,0.0,95.0,83.0,93.0,39.0,17.0,10.0,27.0,13.0,15.0,0.0,0.0
56.753,51,78561.0,550.0,91.0,485.0,600.0,0.0,1.0,0.0,0.0,0.458,0.022,0.421,0.5,0.465,0.035,0.433,0.513,0.0,0.0,-1.42,-5.32,-0.05,0.0,0.0,0.0,0.0,0.0,0.0,0.0,0.0,1.0,0.0,0.0,0.0,0.0,0.0,0.0,0.0,0.0,0.0,0.0,0.0,0.0,0.0,95.0,83.0,93.0,39.0,17.0,10.0,27.0,13.0,15.0,0.0,0.0
56.786,35,78596.0,550.0,91.0,485.0,600.0,0.0,1.0,0.0,0.0,0.458,0.022,0.421,0.5,0.465,0.035,0.433,0.513,0.0,0.0,-1.42,-5.32,-0.05,0.0,0.0,0.0,0.0,0.0,0.0,0.0,0.0,1.0,0.0,0.0,0.0,0.0,-0.0,0.0,0.0,0.0,0.0,0.0,0.0,0.0,0.0,95.0,83.0,93.0,39.0,17.0,10.0,27.0,13.0,15.0,0.0,0.0
56.88,99,78695.0,552.0,91.0,485.0,600.0,0.0,1.0,0.0,0.0,0.457,0.022,0.407,0.5,0.465,0.035,0.417,0.513,0.0,0.0,-1.42,-5.32,-0.05,0.0,0.0,0.0,0.0,0.0,0.0,0.0,0.0,1.0,0.0,0.0,0.0,0.0,-0.0,0.0,0.0,0.0,0.0,0.0,0.0,0.0,0.0,95.0,83.0,93.0,39.0,17.0,10.0,27.0,13.0,15.0,0.0,0.0
56.946,52,78747.0,552.0,90.0,485.0,600.0,0.0,1.0,0.0,0.0,0.457,0.022,0.407,0.5,0.465,0.035,0.417,0.513,0.0,0.0,-1.42,-5.31,-0.05,0.0,0.0,0.0,0.0,0.0,0.0,0.0,0.0,1.0,0.0,0.0,0.0,0.0,-0.0,0.0,0.0,0.0,0.0,0.0,0.0,0.0,0.0,95.0,83.0,93.0,39.0,17.0,10.0,27.0,13.0,15.0,0.0,1.0
56.979,54,78801.0,552.0,90.0,485.0,600.0,0.0,1.0,0.0,0.0,0.457,0.022,0.407,0.5,0.465,0.035,0.417,0.513,0.0,0.0,-1.42,-5.31,-0.05,0.0,0.0,0.0,0.0,0.0,0.0,0.0,0.0,1.0,0.0,0.0,0.0,0.0,-0.0,0.0,0.0,0.0,0.0,0.0,0.0,0.0,0.0,95.0,83.0,93.0,39.0,17.0,10.0,27.0,13.0,15.0,0.0,0.0
57.043,53,78854.0,552.0,90.0,485.0,600.0,0.0,1.0,0.0,0.0,0.458,0.022,0.401,0.5,0.465,0.035,0.41,0.513,0.0,0.0,-1.42,-5.3,-0.05,0.0,0.0,0.0,0.0,0.0,0.0,0.0,0.0,1.0,0.0,0.0,0.0,0.0,-0.0,0.0,0.0,0.0,0.0,0.0,0.0,0.0,0.0,95.0,83.0,93.0,39.0,17.0,10.0,27.0,13.0,15.0,0.0,0.0
57.107,53,78907.0,553.0,90.0,485.0,600.0,0.0,1.0,0.0,0.0,0.458,0.022,0.401,0.5,0.465,0.035,0.41,0.513,0.0,0.0,-1.42,-5.3,-0.05,0.0,0.0,0.0,0.0,0.0,0.0,0.0,0.0,1.0,0.0,0.0,0.0,0.0,-0.0,0.0,0.0,0.0,0.0,0.0,0.0,0.0,0.0,95.0,83.0,93.0,39.0,17.0,10.0,27.0,13.0,15.0,0.0,1.0
57.14,52,78959.0,553.0,91.0,485.0,600.0,0.0,1.0,0.0,0.0,0.458,0.022,0.401,0.5,0.465,0.035,0.41,0.513,0.0,0.0,-1.42,-5.3,-0.05,0.0,0.0,0.0,0.0,0.0,0.0,0.0,0.0,1.0,0.0,0.0,0.0,0.0,-0.0,0.0,0.0,0.0,0.0,0.0,0.0,0.0,0.0,95.0,83.0,93.0,39.0,17.0,10.0,27.0,13.0,15.0,0.0,0.0
57.206,54,79013.0,553.0,91.0,485.0,600.0,0.0,1.0,0.0,0.0,0.458,0.022,0.401,0.5,0.465,0.035,0.41,0.513,0.0,0.0,-1.42,-5.3,-0.05,0.0,0.0,0.0,0.0,0.0,0.0,0.0,0.0,1.0,0.0,0.0,0.0,0.0,0.0,0.0,0.0,0.0,0.0,0.0,0.0,0.0,0.0,95.0,83.0,93.0,39.0,17.0,10.0,27.0,13.0,15.0,0.0,1.0
57.269,53,79066.0,553.0,91.0,485.0,600.0,0.0,1.0,0.0,0.0,0.459,0.022,0.398,0.5,0.466,0.035,0.406,0.513,0.0,0.0,-1.42,-5.3,-0.05,0.0,0.0,0.0,0.0,0.0,0.0,0.0,0.0,1.0,0.0,0.0,0.0,0.0,-0.0,0.0,0.0,0.0,0.0,0.0,0.0,0.0,0.0,95.0,83.0,93.0,39.0,17.0,10.0,27.0,13.0,15.0,0.0,1.0
57.301,53,79119.0,554.0,91.0,485.0,600.0,0.0,1.0,0.0,0.0,0.459,0.022,0.398,0.5,0.466,0.035,0.406,0.513,0.0,0.0,-1.42,-5.3,-0.05,0.0,0.0,0.0,0.0,0.0,0.0,0.0,0.0,1.0,0.0,0.0,0.0,0.0,-0.0,0.0,0.0,0.0,0.0,0.0,0.0,0.0,0.0,95.0,83.0,93.0,39.0,17.0,10.0,27.0,13.0,15.0,0.0,0.0
57.373,52,79171.0,554.0,89.0,485.0,600.0,0.0,1.0,0.0,0.0,0.459,0.022,0.398,0.5,0.466,0.035,0.406,0.513,0.0,0.0,-1.42,-5.3,-0.05,0.0,0.0,0.0,0.0,0.0,0.0,0.0,0.0,1.0,0.0,0.0,0.0,0.0,-0.0,0.0,0.0,0.0,0.0,0.0,0.0,0.0,0.0,95.0,83.0,93.0,39.0,17.0,10.0,27.0,13.0,15.0,0.0,0.0
57.406,53,79224.0,554.0,89.0,485.0,600.0,0.0,1.0,0.0,0.0,0.459,0.022,0.398,0.5,0.466,0.035,0.406,0.513,0.0,0.0,-1.42,-5.3,-0.05,0.0,0.0,0.0,0.0,0.0,0.0,0.0,0.0,1.0,0.0,0.0,0.0,0.0,-0.0,0.0,0.0,0.0,0.0,0.0,0.0,0.0,0.0,95.0,83.0,93.0,39.0,17.0,10.0,27.0,13.0,15.0,0.0,0.0
57.473,52,79276.0,554.0,89.0,485.0,600.0,0.0,1.0,0.0,0.0,0.459,0.022,0.397,0.5,0.467,0.035,0.404,0.513,0.0,0.0,-1.42,-5.3,-0.05,0.0,0.0,0.0,0.0,0.0,0.0,0.0,0.0,1.0,0.0,0.0,0.0,0.0,-0.0,0.0,0.0,0.0,0.0,0.0,0.0,0.0,0.0,95.0,83.0,93.0,39.0,17.0,10.0,27.0,13.0,15.0,0.0,0.0
57.506,53,79329.0,556.0,89.0,485.0,600.0,0.0,1.0,0.0,0.0,0.459,0.022,0.397,0.5,0.467,0.035,0.404,0.513,0.0,0.0,-1.42,-5.3,-0.05,0.0,0.0,0.0,0.0,0.0,0.0,0.0,0.0,1.0,0.0,0.0,0.0,0.0,-0.0,0.0,0.0,0.0,0.0,0.0,0.0,0.0,0.0,95.0,83.0,93.0,39.0,17.0,10.0,27.0,13.0,15.0,0.0,0.0
57.57,51,79380.0,556.0,90.0,485.0,600.0,0.0,1.0,0.0,0.0,0.459,0.022,0.397,0.5,0.467,0.035,0.404,0.513,0.0,0.0,-1.42,-5.3,-0.05,0.0,0.0,0.0,0.0,0.0,0.0,0.0,0.0,1.0,0.0,0.0,0.0,0.0,-0.0,0.0,0.0,0.0,0.0,0.0,0.0,0.0,0.0,95.0,83.0,93.0,39.0,17.0,10.0,27.0,13.0,15.0,0.0,0.0
57.635,54,79434.0,556.0,90.0,491.0,600.0,0.0,1.0,0.0,0.0,0.459,0.022,0.397,0.5,0.467,0.035,0.404,0.513,0.0,0.0,-1.42,-5.29,-0.05,0.0,0.0,0.0,0.0,0.0,0.0,0.0,0.0,1.0,0.0,0.0,0.0,0.0,-0.0,0.0,0.0,0.0,0.0,0.0,0.0,0.0,0.0,95.0,83.0,93.0,39.0,17.0,10.0,27.0,13.0,15.0,0.0,0.0
57.668,52,79486.0,556.0,90.0,491.0,600.0,0.0,1.0,0.0,0.0,0.461,0.022,0.399,0.5,0.468,0.035,0.406,0.513,0.0,0.0,-1.42,-5.29,-0.05,0.0,0.0,0.0,0.0,0.0,0.0,0.0,0.0,1.0,0.0,0.0,0.0,0.0,-0.0,0.0,0.0,0.0,0.0,0.0,0.0,0.0,0.0,95.0,83.0,93.0,39.0,17.0,10.0,27.0,13.0,15.0,0.0,1.0
57.743,53,79539.0,558.0,90.0,491.0,600.0,0.0,1.0,0.0,0.0,0.461,0.022,0.399,0.5,0.468,0.035,0.406,0.513,0.0,0.0,-1.42,-5.29,-0.05,0.0,0.0,0.0,0.0,0.0,0.0,0.0,0.0,1.0,0.0,0.0,0.0,0.0,-0.0,0.0,0.0,0.0,0.0,0.0,0.0,0.0,0.0,95.0,83.0,93.0,39.0,17.0,10.0,27.0,13.0,15.0,0.0,0.0
57.776,51,79590.0,558.0,91.0,491.0,600.0,0.0,1.0,0.0,0.0,0.461,0.022,0.399,0.5,0.468,0.035,0.406,0.513,0.0,0.0,-1.42,-5.29,-0.05,0.0,0.0,0.0,0.0,0.0,0.0,0.0,0.0,1.0,0.0,0.0,0.0,0.0,-0.0,0.0,0.0,0.0,0.0,0.0,0.0,0.0,0.0,95.0,83.0,93.0,39.0,17.0,10.0,27.0,13.0,15.0,0.0,0.0
57.809,36,79626.0,558.0,91.0,491.0,600.0,0.0,1.0,0.0,0.0,0.461,0.022,0.399,0.5,0.468,0.035,0.406,0.513,0.0,0.0,-1.42,-5.29,-0.05,0.0,0.0,0.0,0.0,0.0,0.0,0.0,0.0,1.0,0.0,0.0,0.0,0.0,0.1,0.0,0.0,0.0,0.0,0.0,0.0,0.0,0.0,95.0,83.0,93.0,39.0,17.0,10.0,27.0,13.0,15.0,0.0,0.0
57.903,99,79725.0,557.0,91.0,491.0,600.0,0.0,1.0,0.0,0.0,0.462,0.022,0.4,0.5,0.47,0.035,0.408,0.513,0.0,0.0,-1.42,-5.29,-0.05,0.0,0.0,0.0,0.0,0.0,0.0,0.0,0.0,1.0,0.0,0.0,0.0,0.0,-0.3,0.0,0.0,0.0,0.0,0.0,0.0,0.0,0.0,95.0,83.0,93.0,39.0,17.0,10.0,27.0,13.0,15.0,0.0,1.0
57.97,52,79777.0,557.0,90.0,491.0,600.0,0.0,1.0,0.0,0.0,0.462,0.022,0.4,0.5,0.47,0.035,0.408,0.513,0.0,0.0,-1.42,-5.29,-0.05,0.0,0.0,0.0,0.0,0.0,0.0,0.0,0.0,1.0,0.0,0.0,0.0,0.0,-0.3,0.0,0.0,0.0,0.0,0.0,0.0,0.0,0.0,95.0,83.0,93.0,39.0,17.0,10.0,27.0,13.0,15.0,0.0,0.0
58.003,52,79829.0,557.0,90.0,491.0,600.0,0.0,1.0,0.0,0.0,0.462,0.022,0.4,0.5,0.47,0.035,0.408,0.513,0.0,0.0,-1.42,-5.29,-0.05,0.0,0.0,0.0,0.0,0.0,0.0,0.0,0.0,1.0,0.0,0.0,0.0,0.0,-0.3,0.0,0.0,0.0,0.0,0.0,0.0,0.0,0.0,95.0,83.0,93.0,39.0,17.0,10.0,27.0,13.0,15.0,0.0,1.0
58.066,52,79881.0,557.0,90.0,491.0,600.0,0.0,1.0,0.0,0.0,0.462,0.022,0.401,0.5,0.47,0.035,0.409,0.513,0.0,0.0,-1.43,-5.29,-0.05,0.0,0.0,0.0,0.0,0.0,0.0,0.0,0.0,1.0,0.0,0.0,0.0,0.0,-0.3,0.0,0.0,0.0,0.0,0.0,0.0,0.0,0.0,95.0,83.0,93.0,39.0,17.0,10.0,27.0,13.0,15.0,0.0,0.0
58.131,53,79934.0,558.0,90.0,491.0,600.0,0.0,1.0,0.0,0.0,0.462,0.022,0.401,0.5,0.47,0.035,0.409,0.513,0.0,0.0,-1.43,-5.29,-0.05,0.0,0.0,0.0,0.0,0.0,0.0,0.0,0.0,1.0,0.0,0.0,0.0,0.0,-0.2,0.0,0.0,0.0,0.0,0.0,0.0,0.0,0.0,95.0,83.0,93.0,39.0,17.0,10.0,27.0,13.0,15.0,0.0,0.0
58.164,52,79986.0,558.0,91.0,491.0,600.0,0.0,1.0,0.0,0.0,0.462,0.022,0.401,0.5,0.47,0.035,0.409,0.513,0.0,0.0,-1.43,-5.29,-0.05,0.0,0.0,0.0,0.0,0.0,0.0,0.0,0.0,1.0,0.0,0.0,0.0,0.0,-0.2,0.0,0.0,0.0,0.0,0.0,0.0,0.0,0.0,95.0,83.0,93.0,39.0,17.0,10.0,27.0,13.0,15.0,0.0,1.0
58.197,35,80021.0,558.0,91.0,491.0,600.0,0.0,1.0,0.0,0.0,0.462,0.022,0.401,0.5,0.47,0.035,0.409,0.513,0.0,0.0,-1.43,-5.29,-0.05,0.0,0.0,0.0,0.0,0.0,0.0,0.0,0.0,1.0,0.0,0.0,0.0,0.0,-0.2,0.0,0.0,0.0,0.0,0.0,0.0,0.0,0.0,95.0,83.0,93.0,39.0,17.0,10.0,27.0,13.0,15.0,0.0,0.0
58.325,98,80119.0,557.0,91.0,491.0,600.0,0.0,1.0,0.0,0.0,0.463,0.022,0.401,0.5,0.471,0.035,0.409,0.513,0.0,0.0,-1.42,-5.29,-0.05,0.0,0.0,0.0,0.0,0.0,0.0,0.0,0.0,1.0,0.0,0.0,0.0,0.0,-0.2,0.0,0.0,0.0,0.0,0.0,0.0,0.0,0.0,95.0,83.0,93.0,39.0,17.0,10.0,27.0,13.0,15.0,0.0,1.0
58.358,53,80172.0,557.0,91.0,491.0,600.0,0.0,1.0,0.0,0.0,0.463,0.022,0.401,0.5,0.471,0.035,0.409,0.513,0.0,0.0,-1.42,-5.28,-0.05,0.0,0.0,0.0,0.0,0.0,0.0,0.0,0.0,1.0,0.0,0.0,0.0,0.0,-0.1,0.0,0.0,0.0,0.0,0.0,0.0,0.0,0.0,95.0,83.0,93.0,39.0,17.0,10.0,27.0,13.0,15.0,0.0,0.0
58.422,52,80224.0,557.0,91.0,491.0,600.0,0.0,1.0,0.0,0.0,0.463,0.022,0.401,0.5,0.471,0.035,0.409,0.513,0.0,0.0,-1.42,-5.28,-0.05,0.0,0.0,0.0,0.0,0.0,0.0,0.0,0.0,1.0,0.0,0.0,0.0,0.0,-0.1,0.0,0.0,0.0,0.0,0.0,0.0,0.0,0.0,95.0,83.0,93.0,39.0,17.0,10.0,27.0,13.0,15.0,0.0,0.0
58.455,53,80277.0,557.0,91.0,491.0,600.0,0.0,1.0,0.0,0.0,0.463,0.022,0.401,0.5,0.47,0.035,0.409,0.513,0.0,0.0,-1.42,-5.28,-0.05,0.0,0.0,0.0,0.0,0.0,0.0,0.0,0.0,1.0,0.0,0.0,0.0,0.0,-0.1,0.0,0.0,0.0,0.0,0.0,0.0,0.0,0.0,95.0,83.0,93.0,39.0,17.0,10.0,27.0,13.0,15.0,0.0,0.0
58.521,52,80329.0,555.0,91.0,491.0,600.0,0.0,1.0,0.0,0.0,0.463,0.022,0.401,0.5,0.47,0.035,0.409,0.513,0.0,0.0,-1.42,-5.28,-0.05,0.0,0.0,0.0,0.0,0.0,0.0,0.0,0.0,1.0,0.0,0.0,0.0,0.0,-0.1,0.0,0.0,0.0,0.0,0.0,0.0,0.0,0.0,95.0,83.0,93.0,39.0,17.0,10.0,27.0,13.0,15.0,0.0,1.0
58.554,51,80380.0,555.0,91.0,491.0,600.0,0.0,1.0,0.0,0.0,0.463,0.022,0.401,0.5,0.47,0.035,0.409,0.513,0.0,0.0,-1.42,-5.28,-0.05,0.0,0.0,0.0,0.0,0.0,0.0,0.0,0.0,1.0,0.0,0.0,0.0,0.0,-0.0,0.0,0.0,0.0,0.0,0.0,0.0,0.0,0.0,95.0,83.0,93.0,39.0,17.0,10.0,27.0,13.0,15.0,0.0,0.0
58.62,35,80415.0,555.0,91.0,600.0,600.0,0.0,1.0,0.0,0.0,0.463,0.022,0.401,0.5,0.47,0.035,0.409,0.513,0.0,0.0,-1.42,-5.28,-0.05,0.0,0.0,0.0,0.0,0.0,0.0,0.0,0.0,1.0,0.0,0.0,0.0,0.0,-0.1,0.0,0.0,0.0,0.0,0.0,0.0,0.0,0.0,95.0,83.0,93.0,39.0,17.0,10.0,27.0,13.0,15.0,0.0,0.0
58.718,101,80516.0,555.0,91.0,600.0,600.0,0.0,1.0,0.0,0.0,0.462,0.022,0.454,0.5,0.47,0.036,0.454,0.513,0.0,0.0,-1.42,-5.28,-0.05,0.0,0.0,0.0,0.0,0.0,0.0,0.0,0.0,1.0,0.0,0.0,0.0,0.0,-0.1,0.0,0.0,0.0,0.0,0.0,0.0,0.0,0.0,95.0,83.0,93.0,39.0,17.0,10.0,27.0,13.0,15.0,0.0,0.0
58.75,52,80568.0,555.0,90.0,600.0,600.0,0.0,1.0,0.0,0.0,0.462,0.022,0.454,0.5,0.47,0.036,0.454,0.513,0.0,0.0,-1.42,-5.29,-0.05,0.0,0.0,0.0,0.0,0.0,0.0,0.0,0.0,1.0,0.0,0.0,0.0,0.0,-0.1,0.0,0.0,0.0,0.0,0.0,0.0,0.0,0.0,95.0,83.0,93.0,39.0,17.0,10.0,27.0,13.0,15.0,0.0,0.0
58.814,53,80621.0,555.0,90.0,491.0,600.0,0.0,1.0,0.0,0.0,0.462,0.022,0.454,0.5,0.47,0.036,0.454,0.513,0.0,0.0,-1.42,-5.29,-0.05,0.0,0.0,0.0,0.0,0.0,0.0,0.0,0.0,1.0,0.0,0.0,0.0,0.0,-0.1,0.0,0.0,0.0,0.0,0.0,0.0,0.0,0.0,95.0,83.0,93.0,39.0,17.0,10.0,27.0,13.0,15.0,0.0,0.0
58.878,53,80674.0,555.0,90.0,491.0,600.0,0.0,1.0,0.0,0.0,0.461,0.022,0.426,0.5,0.469,0.035,0.438,0.513,0.0,0.0,-1.42,-5.29,-0.05,0.0,0.0,0.0,0.0,0.0,0.0,0.0,0.0,1.0,0.0,0.0,0.0,0.0,-0.0,0.0,0.0,0.0,0.0,0.0,0.0,0.0,0.0,95.0,83.0,93.0,39.0,17.0,10.0,27.0,13.0,15.0,0.0,0.0
58.91,53,80727.0,554.0,90.0,491.0,600.0,0.0,1.0,0.0,0.0,0.461,0.022,0.426,0.5,0.469,0.035,0.438,0.513,0.0,0.0,-1.42,-5.29,-0.05,0.0,0.0,0.0,0.0,0.0,0.0,0.0,0.0,1.0,0.0,0.0,0.0,0.0,-0.0,0.0,0.0,0.0,0.0,0.0,0.0,0.0,0.0,95.0,83.0,93.0,39.0,17.0,10.0,27.0,13.0,15.0,0.0,0.0
58.976,52,80779.0,554.0,90.0,491.0,600.0,0.0,1.0,0.0,0.0,0.461,0.022,0.426,0.5,0.469,0.035,0.438,0.513,0.0,0.0,-1.42,-5.3,-0.05,0.0,0.0,0.0,0.0,0.0,0.0,0.0,0.0,1.0,0.0,0.0,0.0,0.0,-0.0,0.0,0.0,0.0,0.0,0.0,0.0,0.0,0.0,95.0,83.0,93.0,39.0,17.0,10.0,27.0,13.0,15.0,0.0,0.0
59.009,53,80832.0,554.0,90.0,491.0,600.0,0.0,1.0,0.0,0.0,0.461,0.022,0.426,0.5,0.469,0.035,0.438,0.513,0.0,0.0,-1.42,-5.3,-0.05,0.0,0.0,0.0,0.0,0.0,0.0,0.0,0.0,1.0,0.0,0.0,0.0,0.0,-0.0,0.0,0.0,0.0,0.0,0.0,0.0,0.0,0.0,95.0,83.0,93.0,39.0,17.0,10.0,27.0,13.0,15.0,0.0,0.0
59.072,52,80884.0,554.0,90.0,491.0,600.0,0.0,1.0,0.0,0.0,0.461,0.022,0.412,0.5,0.469,0.035,0.422,0.513,0.0,0.0,-1.42,-5.3,-0.05,0.0,0.0,0.0,0.0,0.0,0.0,0.0,0.0,1.0,0.0,0.0,0.0,0.0,-0.0,0.0,0.0,0.0,0.0,0.0,0.0,0.0,0.0,95.0,83.0,93.0,39.0,17.0,10.0,27.0,13.0,15.0,0.0,0.0
59.144,53,80937.0,551.0,90.0,491.0,600.0,0.0,1.0,0.0,0.0,0.461,0.022,0.412,0.5,0.469,0.035,0.422,0.513,0.0,0.0,-1.42,-5.3,-0.05,0.0,0.0,0.0,0.0,0.0,0.0,0.0,0.0,1.0,0.0,0.0,0.0,0.0,-0.0,0.0,0.0,0.0,0.0,0.0,0.0,0.0,0.0,95.0,83.0,93.0,39.0,17.0,10.0,27.0,13.0,15.0,0.0,0.0
59.178,52,80989.0,551.0,90.0,491.0,600.0,0.0,1.0,0.0,0.0,0.461,0.022,0.412,0.5,0.469,0.035,0.422,0.513,0.0,0.0,-1.42,-5.3,-0.05,0.0,0.0,0.0,0.0,0.0,0.0,0.0,0.0,1.0,0.0,0.0,0.0,0.0,-0.0,0.0,0.0,0.0,0.0,0.0,0.0,0.0,0.0,95.0,83.0,93.0,39.0,17.0,10.0,27.0,13.0,15.0,0.0,0.0
59.243,53,81042.0,551.0,90.0,491.0,600.0,0.0,1.0,0.0,0.0,0.461,0.022,0.412,0.5,0.469,0.035,0.422,0.513,0.0,0.0,-1.42,-5.3,-0.05,0.0,0.0,0.0,0.0,0.0,0.0,0.0,0.0,1.0,0.0,0.0,0.0,0.0,-0.0,0.0,0.0,0.0,0.0,0.0,0.0,0.0,0.0,95.0,83.0,93.0,39.0,17.0,10.0,27.0,13.0,15.0,0.0,0.0
59.276,54,81096.0,551.0,90.0,491.0,600.0,0.0,1.0,0.0,0.0,0.459,0.022,0.406,0.5,0.467,0.035,0.415,0.513,0.0,0.0,-1.42,-5.3,-0.05,0.0,0.0,0.0,0.0,0.0,0.0,0.0,0.0,1.0,0.0,0.0,0.0,0.0,0.0,0.0,0.0,0.0,0.0,0.0,0.0,0.0,0.0,95.0,83.0,93.0,39.0,17.0,10.0,27.0,13.0,15.0,0.0,0.0
59.342,53,81149.0,550.0,90.0,491.0,600.0,0.0,1.0,0.0,0.0,0.459,0.022,0.406,0.5,0.467,0.035,0.415,0.513,0.0,0.0,-1.42,-5.3,-0.05,0.0,0.0,0.0,0.0,0.0,0.0,0.0,0.0,1.0,0.0,0.0,0.0,0.0,-0.0,0.0,0.0,0.0,0.0,0.0,0.0,0.0,0.0,95.0,83.0,93.0,39.0,17.0,10.0,27.0,13.0,15.0,0.0,1.0
59.409,52,81201.0,550.0,90.0,491.0,600.0,0.0,1.0,0.0,0.0,0.459,0.022,0.406,0.5,0.467,0.035,0.415,0.513,0.0,0.0,-1.42,-5.3,-0.05,0.0,0.0,0.0,0.0,0.0,0.0,0.0,0.0,1.0,0.0,0.0,0.0,0.0,-0.0,0.0,0.0,0.0,0.0,0.0,0.0,0.0,0.0,95.0,83.0,93.0,39.0,17.0,10.0,27.0,13.0,15.0,0.0,0.0
59.442,53,81254.0,550.0,90.0,491.0,600.0,0.0,1.0,0.0,0.0,0.459,0.022,0.406,0.5,0.467,0.035,0.415,0.513,0.0,0.0,-1.42,-5.3,-0.05,0.0,0.0,0.0,0.0,0.0,0.0,0.0,0.0,1.0,0.0,0.0,0.0,0.0,-0.0,0.0,0.0,0.0,0.0,0.0,0.0,0.0,0.0,95.0,83.0,93.0,39.0,17.0,10.0,27.0,13.0,15.0,0.0,0.0
59.508,53,81307.0,550.0,90.0,491.0,600.0,0.0,1.0,0.0,0.0,0.458,0.022,0.403,0.5,0.466,0.035,0.411,0.513,0.0,0.0,-1.42,-5.3,-0.05,0.0,0.0,0.0,0.0,0.0,0.0,0.0,0.0,1.0,0.0,0.0,0.0,0.0,-0.0,0.0,0.0,0.0,0.0,0.0,0.0,0.0,0.0,95.0,83.0,93.0,39.0,17.0,10.0,27.0,13.0,15.0,0.0,0.0
59.547,54,81361.0,550.0,90.0,491.0,600.0,0.0,1.0,0.0,0.0,0.458,0.022,0.403,0.5,0.466,0.035,0.411,0.513,0.0,0.0,-1.42,-5.3,-0.05,0.0,0.0,0.0,0.0,0.0,0.0,0.0,0.0,1.0,0.0,0.0,0.0,0.0,-0.0,0.0,0.0,0.0,0.0,0.0,0.0,0.0,0.0,95.0,83.0,93.0,39.0,17.0,10.0,27.0,13.0,15.0,0.0,0.0
59.613,52,81413.0,550.0,90.0,491.0,600.0,0.0,1.0,0.0,0.0,0.458,0.022,0.403,0.5,0.466,0.035,0.411,0.513,0.0,0.0,-1.42,-5.3,-0.05,0.0,0.0,0.0,0.0,0.0,0.0,0.0,0.0,1.0,0.0,0.0,0.0,0.0,-0.0,0.0,0.0,0.0,0.0,0.0,0.0,0.0,0.0,95.0,83.0,93.0,39.0,17.0,10.0,27.0,13.0,15.0,0.0,0.0
59.646,35,81448.0,550.0,90.0,491.0,600.0,0.0,1.0,0.0,0.0,0.458,0.022,0.403,0.5,0.466,0.035,0.411,0.513,0.0,0.0,-1.42,-5.3,-0.05,0.0,0.0,0.0,0.0,0.0,0.0,0.0,0.0,1.0,0.0,0.0,0.0,0.0,-0.0,0.0,0.0,0.0,0.0,0.0,0.0,0.0,0.0,95.0,83.0,93.0,39.0,17.0,10.0,27.0,13.0,15.0,0.0,0.0
59.743,99,81547.0,549.0,90.0,491.0,600.0,0.0,1.0,0.0,0.0,0.457,0.022,0.402,0.5,0.465,0.035,0.41,0.513,0.0,0.0,-1.42,-5.3,-0.05,0.0,0.0,0.0,0.0,0.0,0.0,0.0,0.0,1.0,0.0,0.0,0.0,0.0,-0.0,0.0,0.0,0.0,0.0,0.0,0.0,0.0,0.0,95.0,83.0,93.0,39.0,17.0,10.0,27.0,13.0,15.0,0.0,0.0
59.775,53,81600.0,549.0,91.0,491.0,600.0,0.0,1.0,0.0,0.0,0.457,0.022,0.402,0.5,0.465,0.035,0.41,0.513,0.0,0.0,-1.42,-5.3,-0.05,0.0,0.0,0.0,0.0,0.0,0.0,0.0,0.0,1.0,0.0,0.0,0.0,0.0,-0.0,0.0,0.0,0.0,0.0,0.0,0.0,0.0,0.0,95.0,83.0,93.0,39.0,17.0,10.0,27.0,13.0,15.0,0.0,0.0
59.838,52,81652.0,549.0,91.0,480.0,600.0,0.0,1.0,0.0,0.0,0.457,0.022,0.402,0.5,0.465,0.035,0.41,0.513,0.0,0.0,-1.42,-5.3,-0.05,0.0,0.0,0.0,0.0,0.0,0.0,0.0,0.0,1.0,0.0,0.0,0.0,-0.0,-0.0,0.0,0.0,0.0,0.0,0.0,0.0,0.0,0.0,95.0,83.0,93.0,39.0,17.0,10.0,27.0,13.0,15.0,0.0,0.0
59.902,52,81704.0,549.0,91.0,480.0,600.0,0.0,1.0,0.0,0.0,0.456,0.022,0.396,0.5,0.464,0.035,0.404,0.513,0.0,0.0,-1.42,-5.31,-0.05,0.0,0.0,0.0,0.0,0.0,0.0,0.0,0.0,1.0,0.0,0.0,0.0,0.0,-0.0,0.0,0.0,0.0,0.0,0.0,0.0,0.0,0.0,95.0,83.0,93.0,39.0,17.0,10.0,27.0,13.0,15.0,0.0,0.0
59.934,53,81757.0,549.0,91.0,480.0,600.0,0.0,1.0,0.0,0.0,0.456,0.022,0.396,0.5,0.464,0.035,0.404,0.513,0.0,0.0,-1.42,-5.31,-0.05,0.0,0.0,0.0,0.0,0.0,0.0,0.0,0.0,1.0,0.0,0.0,0.0,0.0,-0.0,0.0,0.0,0.0,0.0,0.0,0.0,0.0,0.0,95.0,83.0,93.0,39.0,17.0,10.0,27.0,13.0,15.0,0.0,0.0
60.0,52,81809.0,549.0,91.0,480.0,600.0,0.0,1.0,0.0,0.0,0.456,0.022,0.396,0.5,0.464,0.035,0.404,0.513,0.0,0.0,-1.42,-5.31,-0.05,0.0,0.0,0.0,0.0,0.0,0.0,0.0,0.0,1.0,0.0,0.0,0.0,0.0,-0.0,0.0,0.0,0.0,0.0,0.0,0.0,0.0,0.0,95.0,83.0,93.0,39.0,17.0,10.0,27.0,13.0,15.0,0.0,0.0
60.064,53,81862.0,549.0,91.0,480.0,600.0,0.0,1.0,0.0,0.0,0.456,0.022,0.396,0.5,0.464,0.035,0.404,0.513,0.0,0.0,-1.42,-5.31,-0.05,0.0,0.0,0.0,0.0,0.0,0.0,0.0,0.0,1.0,0.0,0.0,0.0,0.0,-0.0,0.0,0.0,0.0,0.0,0.0,0.0,0.0,0.0,95.0,83.0,93.0,39.0,17.0,10.0,27.0,13.0,15.0,0.0,0.0
60.096,52,81914.0,549.0,91.0,480.0,600.0,0.0,1.0,0.0,0.0,0.456,0.022,0.393,0.5,0.464,0.035,0.401,0.512,0.0,0.0,-1.42,-5.31,-0.05,0.0,0.0,0.0,0.0,0.0,0.0,0.0,0.0,1.0,0.0,0.0,0.0,0.0,-0.0,0.0,0.0,0.0,0.0,0.0,0.0,0.0,0.0,95.0,83.0,93.0,39.0,17.0,10.0,27.0,13.0,15.0,0.0,0.0
60.165,53,81967.0,550.0,91.0,480.0,600.0,0.0,1.0,0.0,0.0,0.456,0.022,0.393,0.5,0.464,0.035,0.401,0.512,0.0,0.0,-1.42,-5.31,-0.05,0.0,0.0,0.0,0.0,0.0,0.0,0.0,0.0,1.0,0.0,0.0,0.0,0.0,-0.0,0.0,0.0,0.0,0.0,0.0,0.0,0.0,0.0,95.0,83.0,93.0,39.0,17.0,10.0,27.0,13.0,15.0,0.0,0.0
60.198,52,82019.0,550.0,91.0,480.0,600.0,0.0,1.0,0.0,0.0,0.456,0.022,0.393,0.5,0.464,0.035,0.401,0.512,0.0,0.0,-1.42,-5.3,-0.05,0.0,0.0,0.0,0.0,0.0,0.0,0.0,0.0,1.0,0.0,0.0,0.0,0.0,-0.0,0.0,0.0,0.0,0.0,0.0,0.0,0.0,0.0,95.0,83.0,93.0,39.0,17.0,10.0,27.0,13.0,15.0,0.0,0.0
60.264,52,82071.0,550.0,91.0,480.0,600.0,0.0,1.0,0.0,0.0,0.456,0.022,0.393,0.5,0.464,0.035,0.401,0.512,0.0,0.0,-1.42,-5.3,-0.05,0.0,0.0,0.0,0.0,0.0,0.0,0.0,0.0,1.0,0.0,0.0,0.0,0.0,-0.0,0.0,0.0,0.0,0.0,0.0,0.0,0.0,0.0,95.0,83.0,93.0,39.0,17.0,10.0,27.0,13.0,15.0,0.0,0.0
60.337,53,82124.0,550.0,91.0,480.0,600.0,0.0,1.0,0.0,0.0,0.456,0.022,0.391,0.5,0.464,0.035,0.399,0.512,0.0,0.0,-1.42,-5.3,-0.05,0.0,0.0,0.0,0.0,0.0,0.0,0.0,0.0,1.0,0.0,0.0,0.0,0.0,-0.0,0.0,0.0,0.0,0.0,0.0,0.0,0.0,0.0,95.0,83.0,93.0,39.0,17.0,10.0,27.0,13.0,15.0,0.0,0.0
60.37,53,82177.0,552.0,91.0,480.0,600.0,0.0,1.0,0.0,0.0,0.456,0.022,0.391,0.5,0.464,0.035,0.399,0.512,0.0,0.0,-1.42,-5.3,-0.05,0.0,0.0,0.0,0.0,0.0,0.0,0.0,0.0,1.0,0.0,0.0,0.0,0.0,-0.0,0.0,0.0,0.0,0.0,0.0,0.0,0.0,0.0,95.0,83.0,93.0,39.0,17.0,10.0,27.0,13.0,15.0,0.0,0.0
60.436,53,82230.0,552.0,91.0,480.0,600.0,0.0,1.0,0.0,0.0,0.456,0.022,0.391,0.5,0.464,0.035,0.399,0.512,0.0,0.0,-1.42,-5.3,-0.05,0.0,0.0,0.0,0.0,0.0,0.0,0.0,0.0,1.0,0.0,0.0,0.0,0.0,-0.0,0.0,0.0,0.0,0.0,0.0,0.0,0.0,0.0,95.0,83.0,93.0,39.0,17.0,10.0,27.0,13.0,15.0,0.0,0.0
60.469,34,82264.0,552.0,91.0,480.0,600.0,0.0,1.0,0.0,0.0,0.456,0.022,0.391,0.5,0.464,0.035,0.399,0.512,0.0,0.0,-1.42,-5.31,-0.05,0.0,0.0,0.0,0.0,0.0,0.0,0.0,0.0,1.0,0.0,0.0,0.0,0.0,-0.0,0.0,0.0,0.0,0.0,0.0,0.0,0.0,0.0,95.0,83.0,93.0,39.0,17.0,10.0,27.0,13.0,15.0,0.0,0.0
60.567,101,82365.0,553.0,91.0,480.0,600.0,0.0,1.0,0.0,0.0,0.457,0.022,0.391,0.5,0.465,0.035,0.399,0.512,0.0,0.0,-1.42,-5.32,-0.05,0.0,0.0,0.0,0.0,0.0,0.0,0.0,0.0,1.0,0.0,0.0,0.0,0.0,-0.0,0.0,0.0,0.0,0.0,0.0,0.0,0.0,0.0,95.0,83.0,93.0,39.0,17.0,10.0,27.0,13.0,15.0,0.0,1.0
60.598,53,82418.0,553.0,89.0,480.0,600.0,0.0,1.0,0.0,0.0,0.457,0.022,0.391,0.5,0.465,0.035,0.399,0.512,0.0,0.0,-1.42,-5.32,-0.05,0.0,0.0,0.0,0.0,0.0,0.0,0.0,0.0,1.0,0.0,0.0,0.0,0.0,-0.0,0.0,0.0,0.0,0.0,0.0,0.0,0.0,0.0,95.0,83.0,93.0,39.0,17.0,10.0,27.0,13.0,15.0,0.0,0.0
60.663,52,82470.0,553.0,89.0,480.0,600.0,0.0,1.0,0.0,0.0,0.457,0.022,0.391,0.5,0.465,0.035,0.399,0.512,0.0,0.0,-1.42,-5.32,-0.05,0.0,0.0,0.0,0.0,0.0,0.0,0.0,0.0,1.0,0.0,0.0,0.0,0.0,-0.0,0.0,0.0,0.0,0.0,0.0,0.0,0.0,0.0,95.0,83.0,93.0,39.0,17.0,10.0,27.0,13.0,15.0,0.0,1.0
60.696,52,82522.0,553.0,89.0,480.0,600.0,0.0,1.0,0.0,0.0,0.458,0.022,0.39,0.5,0.466,0.034,0.398,0.512,0.0,0.0,-1.42,-5.32,-0.05,0.0,0.0,0.0,0.0,0.0,0.0,0.0,0.0,1.0,0.0,0.0,0.0,0.0,-0.0,0.0,0.0,0.0,0.0,0.0,0.0,0.0,0.0,95.0,83.0,93.0,39.0,17.0,10.0,27.0,13.0,15.0,0.0,0.0
60.771,53,82575.0,553.0,89.0,480.0,600.0,0.0,1.0,0.0,0.0,0.458,0.022,0.39,0.5,0.466,0.034,0.398,0.512,0.0,0.0,-1.42,-5.32,-0.05,0.0,0.0,0.0,0.0,0.0,0.0,0.0,0.0,1.0,0.0,0.0,0.0,0.0,-0.0,0.0,0.0,0.0,0.0,0.0,0.0,0.0,0.0,95.0,83.0,93.0,39.0,17.0,10.0,27.0,13.0,15.0,0.0,0.0
60.804,53,82628.0,553.0,89.0,480.0,600.0,0.0,1.0,0.0,0.0,0.458,0.022,0.39,0.5,0.466,0.034,0.398,0.512,0.0,0.0,-1.42,-5.32,-0.05,0.0,0.0,0.0,0.0,0.0,0.0,0.0,0.0,1.0,0.0,0.0,0.0,0.0,-0.0,0.0,0.0,0.0,0.0,0.0,0.0,0.0,0.0,95.0,83.0,93.0,39.0,17.0,10.0,27.0,13.0,15.0,0.0,0.0
60.87,53,82681.0,553.0,89.0,600.0,600.0,0.0,1.0,0.0,0.0,0.458,0.022,0.39,0.5,0.466,0.034,0.398,0.512,0.0,0.0,-1.42,-5.32,-0.05,0.0,0.0,0.0,0.0,0.0,0.0,0.0,0.0,1.0,0.0,0.0,0.0,0.0,-0.0,0.0,0.0,0.0,0.0,0.0,0.0,0.0,0.0,95.0,83.0,93.0,39.0,17.0,10.0,27.0,13.0,15.0,0.0,1.0
60.938,52,82733.0,553.0,89.0,600.0,600.0,0.0,1.0,0.0,0.0,0.459,0.022,0.449,0.5,0.466,0.035,0.448,0.513,0.0,0.0,-1.42,-5.32,-0.05,0.0,0.0,0.0,0.0,0.0,0.0,0.0,0.0,1.0,0.0,0.0,0.0,0.0,-0.0,0.0,0.0,0.0,0.0,0.0,0.0,0.0,0.0,95.0,83.0,93.0,39.0,17.0,10.0,27.0,13.0,15.0,0.0,0.0
60.97,53,82786.0,554.0,89.0,600.0,600.0,0.0,1.0,0.0,0.0,0.459,0.022,0.449,0.5,0.466,0.035,0.448,0.513,0.0,0.0,-1.42,-5.32,-0.05,0.0,0.0,0.0,0.0,0.0,0.0,0.0,0.0,1.0,0.0,0.0,0.0,0.0,-0.0,0.0,0.0,0.0,0.0,0.0,0.0,0.0,0.0,95.0,83.0,93.0,39.0,17.0,10.0,27.0,13.0,15.0,0.0,0.0
61.034,53,82839.0,554.0,89.0,600.0,600.0,0.0,1.0,0.0,0.0,0.459,0.022,0.449,0.5,0.466,0.035,0.448,0.513,0.0,0.0,-1.42,-5.32,-0.05,0.0,0.0,0.0,0.0,0.0,0.0,0.0,0.0,1.0,0.0,0.0,0.0,0.0,-0.0,0.0,0.0,0.0,0.0,0.0,0.0,0.0,0.0,95.0,83.0,93.0,39.0,17.0,10.0,27.0,13.0,15.0,0.0,0.0
61.067,34,82873.0,554.0,89.0,600.0,600.0,0.0,1.0,0.0,0.0,0.459,0.022,0.449,0.5,0.466,0.035,0.448,0.513,0.0,0.0,-1.42,-5.32,-0.05,0.0,0.0,0.0,0.0,0.0,0.0,0.0,0.0,1.0,0.0,0.0,0.0,0.0,-0.0,0.0,0.0,0.0,0.0,0.0,0.0,0.0,0.0,95.0,83.0,93.0,39.0,17.0,10.0,27.0,13.0,15.0,0.0,0.0
61.167,99,82972.0,556.0,89.0,600.0,600.0,0.0,1.0,0.0,0.0,0.46,0.022,0.477,0.5,0.467,0.035,0.48,0.514,0.0,0.0,-1.42,-5.31,-0.05,0.0,0.0,0.0,0.0,0.0,0.0,0.0,0.0,1.0,0.0,0.0,0.0,0.0,-0.0,0.0,0.0,0.0,0.0,0.0,0.0,0.0,0.0,95.0,83.0,93.0,39.0,17.0,10.0,27.0,13.0,15.0,0.0,0.0
61.199,53,83025.0,556.0,89.0,600.0,600.0,0.0,1.0,0.0,0.0,0.46,0.022,0.477,0.5,0.467,0.035,0.48,0.514,0.0,0.0,-1.42,-5.31,-0.05,0.0,0.0,0.0,0.0,0.0,0.0,0.0,0.0,1.0,0.0,0.0,0.0,0.0,-0.0,0.0,0.0,0.0,0.0,0.0,0.0,0.0,0.0,95.0,83.0,93.0,39.0,17.0,10.0,27.0,13.0,15.0,0.0,0.0
61.265,52,83077.0,556.0,89.0,600.0,600.0,0.0,1.0,0.0,0.0,0.46,0.022,0.477,0.5,0.467,0.035,0.48,0.514,0.0,0.0,-1.43,-5.3,-0.05,0.0,0.0,0.0,0.0,0.0,0.0,0.0,0.0,1.0,0.0,0.0,0.0,0.0,-0.0,0.0,0.0,0.0,0.0,0.0,0.0,0.0,0.0,95.0,83.0,93.0,39.0,17.0,10.0,27.0,13.0,15.0,0.0,0.0
61.335,53,83130.0,556.0,89.0,600.0,600.0,0.0,1.0,0.0,0.0,0.461,0.022,0.489,0.5,0.468,0.036,0.495,0.514,0.0,0.0,-1.43,-5.3,-0.06,0.0,0.0,0.0,0.0,0.0,0.0,0.0,0.0,1.0,0.0,0.0,0.0,0.0,-0.0,0.0,0.0,0.0,0.0,0.0,0.0,0.0,0.0,95.0,83.0,93.0,39.0,17.0,10.0,27.0,13.0,15.0,0.0,0.0
61.367,53,83183.0,556.0,89.0,600.0,600.0,0.0,1.0,0.0,0.0,0.461,0.022,0.489,0.5,0.468,0.036,0.495,0.514,0.0,0.0,-1.43,-5.3,-0.06,0.0,0.0,0.0,0.0,0.0,0.0,0.0,0.0,1.0,0.0,0.0,0.0,0.0,-0.0,0.0,0.0,0.0,0.0,0.0,0.0,0.0,0.0,95.0,83.0,93.0,39.0,17.0,10.0,27.0,13.0,15.0,0.0,0.0
61.43,53,83236.0,556.0,88.0,600.0,600.0,0.0,1.0,0.0,0.0,0.461,0.022,0.489,0.5,0.468,0.036,0.495,0.514,0.0,0.0,-1.44,-5.31,-0.05,0.0,0.0,0.0,0.0,0.0,0.0,0.0,0.0,1.0,0.0,0.0,0.0,0.0,-0.0,0.0,0.0,0.0,0.0,0.0,0.0,0.0,0.0,95.0,83.0,93.0,39.0,17.0,10.0,27.0,13.0,15.0,0.0,0.0
61.464,34,83270.0,556.0,88.0,600.0,600.0,0.0,1.0,0.0,0.0,0.461,0.022,0.489,0.5,0.468,0.036,0.495,0.514,0.0,0.0,-1.44,-5.31,-0.05,0.0,0.0,0.0,0.0,0.0,0.0,0.0,0.0,1.0,0.0,0.0,0.0,0.0,-0.0,0.0,0.0,0.0,0.0,0.0,0.0,0.0,0.0,95.0,83.0,93.0,39.0,17.0,10.0,27.0,13.0,15.0,0.0,0.0
61.562,98,83368.0,555.0,88.0,600.0,600.0,0.0,1.0,0.0,0.0,0.461,0.021,0.495,0.5,0.469,0.035,0.502,0.514,0.0,0.0,-1.44,-5.31,-0.06,0.0,0.0,0.0,0.0,0.0,0.0,0.0,0.0,1.0,0.0,0.0,0.0,0.0,-0.0,0.0,0.0,0.0,0.0,0.0,0.0,0.0,0.0,95.0,83.0,93.0,39.0,17.0,10.0,27.0,13.0,15.0,0.0,0.0
61.626,54,83422.0,555.0,89.0,600.0,600.0,0.0,1.0,0.0,0.0,0.461,0.021,0.495,0.5,0.469,0.035,0.502,0.514,0.0,0.0,-1.45,-5.31,-0.05,0.0,0.0,0.0,0.0,0.0,0.0,0.0,0.0,1.0,0.0,0.0,0.0,0.0,-0.0,0.0,0.0,0.0,0.0,0.0,0.0,0.0,0.0,95.0,83.0,93.0,39.0,17.0,10.0,27.0,13.0,15.0,0.0,0.0
61.658,52,83474.0,555.0,89.0,600.0,600.0,0.0,1.0,0.0,0.0,0.461,0.021,0.495,0.5,0.469,0.035,0.502,0.514,0.0,0.0,-1.45,-5.31,-0.05,0.0,0.0,0.0,0.0,0.0,0.0,0.0,0.0,1.0,0.0,0.0,0.0,0.0,-0.0,0.0,0.0,0.0,0.0,0.0,0.0,0.0,0.0,95.0,83.0,93.0,39.0,17.0,10.0,27.0,13.0,15.0,0.0,0.0
61.731,52,83526.0,555.0,89.0,600.0,600.0,0.0,1.0,0.0,0.0,0.461,0.021,0.498,0.5,0.469,0.035,0.505,0.514,0.0,0.0,-1.45,-5.31,-0.05,0.0,0.0,0.0,0.0,0.0,0.0,0.0,0.0,1.0,0.0,0.0,0.0,0.0,-0.0,0.0,0.0,0.0,0.0,0.0,0.0,0.0,0.0,95.0,83.0,93.0,39.0,17.0,10.0,27.0,13.0,15.0,0.0,0.0
61.764,53,83579.0,555.0,89.0,600.0,600.0,0.0,1.0,0.0,0.0,0.461,0.021,0.498,0.5,0.469,0.035,0.505,0.514,0.0,0.0,-1.44,-5.31,-0.06,0.0,0.0,0.0,0.0,0.0,0.0,0.0,0.0,1.0,0.0,0.0,0.0,0.0,-0.0,0.0,0.0,0.0,0.0,0.0,0.0,0.0,0.0,95.0,83.0,93.0,39.0,17.0,10.0,27.0,13.0,15.0,0.0,0.0
61.829,52,83631.0,555.0,89.0,600.0,600.0,0.0,1.0,0.0,0.0,0.461,0.021,0.498,0.5,0.469,0.035,0.505,0.514,0.0,0.0,-1.44,-5.31,-0.06,0.0,0.0,0.0,0.0,0.0,0.0,0.0,0.0,1.0,0.0,0.0,0.0,0.0,-0.0,0.0,0.0,0.0,0.0,0.0,0.0,0.0,0.0,95.0,83.0,93.0,39.0,17.0,10.0,27.0,13.0,15.0,0.0,0.0
61.862,53,83684.0,555.0,89.0,600.0,600.0,0.0,1.0,0.0,0.0,0.461,0.021,0.498,0.5,0.469,0.035,0.505,0.514,0.0,0.0,-1.44,-5.31,-0.06,0.0,0.0,0.0,0.0,0.0,0.0,0.0,0.0,1.0,0.0,0.0,0.0,0.0,-0.0,0.0,0.0,0.0,0.0,0.0,0.0,0.0,0.0,95.0,83.0,93.0,39.0,17.0,10.0,27.0,13.0,15.0,0.0,0.0
61.928,52,83736.0,555.0,89.0,600.0,600.0,0.0,1.0,0.0,0.0,0.461,0.022,0.499,0.5,0.469,0.036,0.506,0.514,0.0,0.0,-1.44,-5.31,-0.06,0.0,0.0,0.0,0.0,0.0,0.0,0.0,0.0,1.0,0.0,0.0,0.0,0.0,0.0,0.0,0.0,0.0,0.0,0.0,0.0,0.0,0.0,95.0,83.0,93.0,39.0,17.0,10.0,27.0,13.0,15.0,0.0,0.0
61.993,53,83789.0,553.0,89.0,600.0,600.0,0.0,1.0,0.0,0.0,0.461,0.022,0.499,0.5,0.469,0.036,0.506,0.514,0.0,0.0,-1.44,-5.31,-0.06,0.0,0.0,0.0,0.0,0.0,0.0,0.0,0.0,1.0,0.0,0.0,0.0,0.0,-0.0,0.0,0.0,0.0,0.0,0.0,0.0,0.0,0.0,95.0,83.0,93.0,39.0,17.0,10.0,27.0,13.0,15.0,0.0,0.0
62.025,53,83842.0,553.0,89.0,600.0,600.0,0.0,1.0,0.0,0.0,0.461,0.022,0.499,0.5,0.469,0.036,0.506,0.514,0.0,0.0,-1.44,-5.31,-0.06,0.0,0.0,0.0,0.0,0.0,0.0,0.0,0.0,1.0,0.0,0.0,0.0,0.0,-0.0,0.0,0.0,0.0,0.0,0.0,0.0,0.0,0.0,95.0,83.0,93.0,39.0,17.0,10.0,27.0,13.0,15.0,0.0,0.0
62.057,34,83876.0,553.0,89.0,600.0,600.0,0.0,1.0,0.0,0.0,0.461,0.022,0.499,0.5,0.469,0.036,0.506,0.514,0.0,0.0,-1.44,-5.31,-0.06,0.0,0.0,0.0,0.0,0.0,0.0,0.0,0.0,1.0,0.0,0.0,0.0,0.0,-0.0,0.0,0.0,0.0,0.0,0.0,0.0,0.0,0.0,95.0,83.0,93.0,39.0,17.0,10.0,27.0,13.0,15.0,0.0,0.0
62.159,98,83974.0,553.0,89.0,600.0,600.0,0.0,1.0,0.0,0.0,0.46,0.021,0.5,0.5,0.468,0.036,0.507,0.514,0.0,0.0,-1.43,-5.31,-0.06,0.0,0.0,0.0,0.0,0.0,0.0,8.0,0.0,1.0,0.0,0.0,0.0,0.0,-0.0,0.0,0.0,0.0,0.0,0.0,0.0,0.0,0.0,95.0,83.0,93.0,39.0,17.0,10.0,27.0,13.0,15.0,0.0,0.0
62.226,52,84026.0,553.0,89.0,600.0,600.0,0.0,1.0,0.0,0.0,0.46,0.021,0.5,0.5,0.468,0.036,0.507,0.514,0.0,0.0,-1.43,-5.31,-0.06,0.0,0.0,0.0,0.0,0.0,0.0,0.0,0.0,1.0,0.0,0.0,0.0,0.0,-0.0,0.0,0.0,0.0,0.0,0.0,0.0,0.0,0.0,95.0,83.0,93.0,39.0,17.0,10.0,27.0,13.0,15.0,0.0,0.0
62.259,52,84078.0,553.0,89.0,600.0,600.0,0.0,1.0,0.0,0.0,0.46,0.021,0.5,0.5,0.468,0.036,0.507,0.514,0.0,0.0,-1.43,-5.31,-0.06,0.0,0.0,0.0,0.0,0.0,0.0,0.0,0.0,1.0,0.0,0.0,0.0,0.0,-0.0,0.0,0.0,0.0,0.0,0.0,0.0,0.0,0.0,95.0,83.0,93.0,39.0,17.0,10.0,27.0,13.0,15.0,0.0,0.0
62.325,54,84132.0,553.0,89.0,600.0,600.0,0.0,1.0,0.0,0.0,0.46,0.021,0.5,0.5,0.468,0.035,0.507,0.514,0.0,0.0,-1.43,-5.31,-0.06,0.0,0.0,0.0,0.0,0.0,0.0,0.0,0.0,1.0,0.0,0.0,0.0,0.0,-0.0,0.0,0.0,0.0,0.0,0.0,0.0,0.0,0.0,95.0,83.0,93.0,39.0,17.0,10.0,27.0,13.0,15.0,0.0,1.0
62.359,52,84184.0,551.0,89.0,600.0,600.0,0.0,1.0,0.0,0.0,0.46,0.021,0.5,0.5,0.468,0.035,0.507,0.514,0.0,0.0,-1.43,-5.31,-0.06,0.0,0.0,0.0,0.0,0.0,0.0,0.0,0.0,1.0,0.0,0.0,0.0,0.0,-0.0,0.0,0.0,0.0,0.0,0.0,0.0,0.0,0.0,95.0,83.0,93.0,39.0,17.0,10.0,27.0,13.0,15.0,0.0,0.0
62.422,53,84237.0,551.0,89.0,600.0,600.0,0.0,1.0,0.0,0.0,0.46,0.021,0.5,0.5,0.468,0.035,0.507,0.514,0.0,0.0,-1.43,-5.31,-0.06,0.0,0.0,0.0,0.0,0.0,0.0,0.0,0.0,1.0,0.0,0.0,0.0,0.0,-0.0,0.0,0.0,0.0,0.0,0.0,0.0,0.0,0.0,95.0,83.0,93.0,39.0,17.0,10.0,27.0,13.0,15.0,0.0,0.0
62.489,52,84289.0,551.0,89.0,600.0,600.0,0.0,1.0,0.0,0.0,0.46,0.021,0.5,0.5,0.468,0.035,0.507,0.514,0.0,0.0,-1.43,-5.31,-0.06,0.0,0.0,0.0,0.0,0.0,0.0,0.0,0.0,1.0,0.0,0.0,0.0,0.0,-0.0,0.0,0.0,0.0,0.0,0.0,0.0,0.0,0.0,95.0,83.0,93.0,39.0,17.0,10.0,27.0,13.0,15.0,0.0,1.0
62.521,52,84341.0,551.0,89.0,600.0,600.0,0.0,1.0,0.0,0.0,0.459,0.022,0.5,0.5,0.466,0.036,0.508,0.514,0.0,0.0,-1.43,-5.31,-0.06,0.0,0.0,0.0,0.0,0.0,0.0,0.0,0.0,1.0,0.0,0.0,0.0,-0.0,-0.0,0.0,0.0,0.0,0.0,0.0,0.0,0.0,0.0,95.0,83.0,93.0,39.0,17.0,10.0,27.0,13.0,15.0,0.0,0.0
62.586,53,84394.0,551.0,89.0,600.0,600.0,0.0,1.0,0.0,0.0,0.459,0.022,0.5,0.5,0.466,0.036,0.508,0.514,0.0,0.0,-1.43,-5.31,-0.06,0.0,0.0,0.0,0.0,0.0,0.0,0.0,0.0,1.0,0.0,0.0,0.0,0.0,-0.0,0.0,0.0,0.0,0.0,0.0,0.0,0.0,0.0,95.0,83.0,93.0,39.0,17.0,10.0,27.0,13.0,15.0,0.0,0.0
62.652,53,84447.0,551.0,88.0,600.0,600.0,0.0,1.0,0.0,0.0,0.459,0.022,0.5,0.5,0.466,0.036,0.508,0.514,0.0,0.0,-1.43,-5.31,-0.06,0.0,0.0,0.0,0.0,0.0,0.0,0.0,0.0,1.0,0.0,0.0,0.0,0.0,-0.0,0.0,0.0,0.0,0.0,0.0,0.0,0.0,0.0,95.0,83.0,93.0,39.0,17.0,10.0,27.0,13.0,15.0,0.0,0.0
62.685,34,84481.0,551.0,88.0,600.0,600.0,0.0,1.0,0.0,0.0,0.459,0.022,0.5,0.5,0.466,0.036,0.508,0.514,0.0,0.0,-1.43,-5.31,-0.05,0.0,0.0,0.0,0.0,0.0,0.0,0.0,0.0,1.0,0.0,0.0,0.0,0.0,-0.0,0.0,0.0,0.0,0.0,0.0,0.0,0.0,0.0,95.0,83.0,93.0,39.0,17.0,10.0,27.0,13.0,15.0,0.0,0.0
62.783,99,84580.0,550.0,88.0,600.0,600.0,0.0,1.0,0.0,0.0,0.458,0.021,0.5,0.5,0.466,0.035,0.508,0.514,0.0,0.0,-1.43,-5.31,-0.05,0.0,0.0,0.0,0.0,0.0,0.0,0.0,0.0,1.0,0.0,0.0,0.0,0.0,-0.0,0.0,0.0,0.0,0.0,0.0,0.0,0.0,0.0,95.0,83.0,93.0,39.0,17.0,10.0,27.0,13.0,15.0,0.0,0.0
62.814,53,84633.0,550.0,88.0,600.0,600.0,0.0,1.0,0.0,0.0,0.458,0.021,0.5,0.5,0.466,0.035,0.508,0.514,0.0,0.0,-1.43,-5.31,-0.05,0.0,0.0,0.0,0.0,0.0,0.0,0.0,0.0,1.0,0.0,0.0,0.0,0.0,-0.0,0.0,0.0,0.0,0.0,0.0,0.0,0.0,0.0,95.0,83.0,93.0,39.0,17.0,10.0,27.0,13.0,15.0,0.0,1.0
62.88,52,84685.0,550.0,88.0,600.0,600.0,0.0,1.0,0.0,0.0,0.458,0.021,0.5,0.5,0.466,0.035,0.508,0.514,0.0,0.0,-1.43,-5.31,-0.05,0.0,0.0,0.0,0.0,0.0,0.0,0.0,0.0,1.0,0.0,0.0,0.0,0.0,-0.0,0.0,0.0,0.0,0.0,0.0,0.0,0.0,0.0,95.0,83.0,93.0,39.0,17.0,10.0,27.0,13.0,15.0,0.0,0.0
62.913,52,84737.0,550.0,88.0,600.0,600.0,0.0,1.0,0.0,0.0,0.457,0.021,0.5,0.5,0.465,0.035,0.508,0.514,0.0,0.0,-1.44,-5.32,-0.06,0.0,0.0,0.0,0.0,0.0,0.0,0.0,0.0,1.0,0.0,0.0,0.0,-0.0,-0.0,0.0,0.0,0.0,0.0,0.0,0.0,0.0,0.0,95.0,83.0,93.0,39.0,17.0,10.0,27.0,13.0,15.0,0.0,1.0
62.986,53,84790.0,551.0,88.0,600.0,600.0,0.0,1.0,0.0,0.0,0.457,0.021,0.5,0.5,0.465,0.035,0.508,0.514,0.0,0.0,-1.44,-5.32,-0.06,0.0,0.0,0.0,0.0,0.0,0.0,0.0,0.0,1.0,0.0,0.0,0.0,0.0,-0.0,0.0,0.0,0.0,0.0,0.0,0.0,0.0,0.0,95.0,83.0,93.0,39.0,17.0,10.0,27.0,13.0,15.0,0.0,0.0
63.018,53,84843.0,551.0,88.0,600.0,600.0,0.0,1.0,0.0,0.0,0.457,0.021,0.5,0.5,0.465,0.035,0.508,0.514,0.0,0.0,-1.44,-5.32,-0.06,0.0,0.0,0.0,0.0,0.0,0.0,0.0,0.0,1.0,0.0,0.0,0.0,0.0,-0.0,0.0,0.0,0.0,0.0,0.0,0.0,0.0,0.0,95.0,83.0,93.0,39.0,17.0,10.0,27.0,13.0,15.0,0.0,1.0
63.051,34,84877.0,551.0,88.0,600.0,600.0,0.0,1.0,0.0,0.0,0.457,0.021,0.5,0.5,0.465,0.035,0.508,0.514,0.0,0.0,-1.43,-5.32,-0.06,0.0,0.0,0.0,0.0,0.0,0.0,0.0,0.0,1.0,0.0,0.0,0.0,0.0,-0.0,0.0,0.0,0.0,0.0,0.0,0.0,0.0,0.0,95.0,83.0,93.0,39.0,17.0,10.0,27.0,13.0,15.0,0.0,0.0
63.15,99,84976.0,550.0,88.0,600.0,600.0,0.0,1.0,0.0,0.0,0.458,0.021,0.5,0.5,0.465,0.035,0.508,0.514,0.0,0.0,-1.43,-5.32,-0.06,0.0,0.0,0.0,0.0,0.0,0.0,0.0,0.0,1.0,0.0,0.0,0.0,0.0,-0.0,0.0,0.0,0.0,0.0,0.0,0.0,0.0,0.0,95.0,83.0,93.0,39.0,17.0,10.0,27.0,13.0,15.0,0.0,0.0
63.216,51,85027.0,550.0,88.0,600.0,600.0,0.0,1.0,0.0,0.0,0.458,0.021,0.5,0.5,0.465,0.035,0.508,0.514,0.0,0.0,-1.43,-5.33,-0.06,0.0,0.0,0.0,0.0,0.0,0.0,0.0,0.0,1.0,0.0,0.0,0.0,0.0,-0.0,0.0,0.0,0.0,0.0,0.0,0.0,0.0,0.0,95.0,83.0,93.0,39.0,17.0,10.0,27.0,13.0,15.0,0.0,0.0
63.249,36,85063.0,550.0,88.0,600.0,600.0,0.0,1.0,0.0,0.0,0.458,0.021,0.5,0.5,0.465,0.035,0.508,0.514,0.0,0.0,-1.44,-5.33,-0.06,0.0,0.0,0.0,0.0,0.0,0.0,0.0,0.0,1.0,0.0,0.0,0.0,0.0,-0.0,0.0,0.0,0.0,0.0,0.0,0.0,0.0,0.0,95.0,83.0,93.0,39.0,17.0,10.0,27.0,13.0,15.0,0.0,1.0
63.348,99,85162.0,551.0,88.0,600.0,600.0,0.0,1.0,0.0,0.0,0.457,0.021,0.5,0.5,0.465,0.035,0.508,0.514,0.0,0.0,-1.44,-5.33,-0.06,0.0,0.0,0.0,0.0,0.0,0.0,0.0,0.0,1.0,0.0,-0.3,0.0,0.0,-0.0,0.0,0.0,0.0,0.0,0.0,0.0,0.0,0.0,95.0,83.0,93.0,39.0,17.0,10.0,27.0,13.0,15.0,0.0,1.0
63.414,52,85214.0,551.0,87.0,600.0,600.0,0.0,1.0,0.0,0.0,0.457,0.021,0.5,0.5,0.465,0.035,0.508,0.514,0.0,0.0,-1.44,-5.33,-0.06,0.0,0.0,0.0,0.0,0.0,0.0,0.0,0.0,1.0,0.0,-0.2,0.0,0.0,0.0,0.0,0.0,0.0,0.0,0.0,0.0,0.0,0.0,95.0,83.0,93.0,39.0,17.0,10.0,27.0,13.0,15.0,0.0,0.0
63.447,35,85249.0,551.0,87.0,600.0,600.0,0.0,1.0,0.0,0.0,0.457,0.021,0.5,0.5,0.465,0.035,0.508,0.514,0.0,0.0,-1.44,-5.34,-0.06,0.0,0.0,0.0,0.0,0.0,0.0,0.0,0.0,1.0,0.0,-0.2,0.0,0.0,-0.0,0.0,0.0,0.0,0.0,0.0,0.0,0.0,0.0,95.0,83.0,93.0,39.0,17.0,10.0,27.0,13.0,15.0,0.0,0.0
63.545,97,85346.0,551.0,87.0,600.0,600.0,0.0,1.0,0.0,0.0,0.457,0.021,0.5,0.5,0.465,0.035,0.508,0.514,0.0,0.0,-1.45,-5.34,-0.05,0.0,0.0,0.0,0.0,0.0,0.0,0.0,0.0,1.0,0.0,-0.2,0.0,0.0,-0.0,0.0,0.0,0.0,0.0,0.0,0.0,0.0,0.0,95.0,83.0,93.0,39.0,17.0,10.0,27.0,13.0,15.0,0.0,0.0
63.577,53,85399.0,551.0,88.0,600.0,600.0,0.0,1.0,0.0,0.0,0.457,0.021,0.5,0.5,0.465,0.035,0.508,0.514,0.0,0.0,-1.45,-5.34,-0.05,0.0,0.0,0.0,0.0,0.0,0.0,0.0,0.0,1.0,0.0,-0.1,0.0,0.0,-0.0,0.0,0.0,0.0,0.0,0.0,0.0,0.0,0.0,95.0,83.0,93.0,39.0,17.0,10.0,27.0,13.0,15.0,0.0,0.0
63.64,52,85451.0,551.0,88.0,600.0,600.0,0.0,1.0,0.0,0.0,0.457,0.021,0.5,0.5,0.465,0.035,0.508,0.514,0.0,0.0,-1.45,-5.34,-0.05,0.0,0.0,0.0,0.0,0.0,0.0,0.0,0.0,1.0,0.0,-0.1,0.0,0.0,-0.0,0.0,0.0,0.0,0.0,0.0,0.0,0.0,0.0,95.0,83.0,93.0,39.0,17.0,10.0,27.0,13.0,15.0,0.0,0.0
63.708,52,85503.0,551.0,88.0,600.0,600.0,0.0,1.0,0.0,0.0,0.458,0.021,0.5,0.5,0.465,0.035,0.508,0.514,0.0,0.0,-1.45,-5.34,-0.05,0.0,0.0,0.0,0.0,0.0,0.0,0.0,0.0,1.0,0.0,-0.1,0.0,0.0,-0.0,0.0,0.0,0.0,0.0,0.0,0.0,0.0,0.0,95.0,83.0,93.0,39.0,17.0,10.0,27.0,13.0,15.0,0.0,0.0
63.741,52,85555.0,554.0,88.0,600.0,600.0,0.0,1.0,0.0,0.0,0.458,0.021,0.5,0.5,0.465,0.035,0.508,0.514,0.0,0.0,-1.45,-5.33,-0.05,0.0,0.0,0.0,0.0,0.0,0.0,0.0,0.0,1.0,0.0,-0.1,0.0,0.0,-0.0,0.0,0.0,0.0,0.0,0.0,0.0,0.0,0.0,95.0,83.0,93.0,39.0,17.0,10.0,27.0,13.0,15.0,0.0,0.0
63.805,53,85608.0,554.0,88.0,600.0,600.0,0.0,1.0,0.0,0.0,0.458,0.021,0.5,0.5,0.465,0.035,0.508,0.514,0.0,0.0,-1.45,-5.34,-0.05,0.0,0.0,0.0,0.0,0.0,0.0,0.0,0.0,1.0,0.0,-0.1,0.0,0.0,-0.0,0.0,0.0,0.0,0.0,0.0,0.0,0.0,0.0,95.0,83.0,93.0,39.0,17.0,10.0,27.0,13.0,15.0,0.0,0.0
63.837,53,85661.0,554.0,88.0,600.0,600.0,0.0,1.0,0.0,0.0,0.458,0.021,0.5,0.5,0.465,0.035,0.508,0.514,0.0,0.0,-1.45,-5.34,-0.05,0.0,0.0,0.0,0.0,0.0,0.0,0.0,0.0,1.0,0.0,-0.1,0.0,0.0,-0.0,0.0,0.0,0.0,0.0,0.0,0.0,0.0,0.0,95.0,83.0,93.0,39.0,17.0,10.0,27.0,13.0,15.0,0.0,0.0
63.902,53,85714.0,554.0,88.0,600.0,600.0,0.0,1.0,0.0,0.0,0.459,0.021,0.5,0.5,0.466,0.035,0.508,0.514,0.0,0.0,-1.45,-5.34,-0.05,0.0,0.0,0.0,0.0,0.0,0.0,0.0,0.0,1.0,0.0,-0.1,0.0,0.0,-0.0,0.0,0.0,0.0,0.0,0.0,0.0,0.0,0.0,95.0,83.0,93.0,39.0,17.0,10.0,27.0,13.0,15.0,0.0,0.0
63.968,53,85767.0,554.0,88.0,600.0,600.0,0.0,1.0,0.0,0.0,0.459,0.021,0.5,0.5,0.466,0.035,0.508,0.514,0.0,0.0,-1.45,-5.34,-0.05,0.0,0.0,0.0,0.0,0.0,0.0,0.0,0.0,1.0,0.0,-0.1,0.0,0.0,0.0,0.0,0.0,0.0,0.0,0.0,0.0,0.0,0.0,95.0,83.0,93.0,39.0,17.0,10.0,27.0,13.0,15.0,0.0,0.0
64.001,51,85818.0,554.0,87.0,600.0,600.0,0.0,1.0,0.0,0.0,0.459,0.021,0.5,0.5,0.466,0.035,0.508,0.514,0.0,0.0,-1.44,-5.34,-0.06,0.0,0.0,0.0,0.0,0.0,0.0,0.0,0.0,1.0,0.0,-0.1,0.0,0.0,0.0,0.0,0.0,0.0,0.0,0.0,0.0,0.0,0.0,95.0,83.0,93.0,39.0,17.0,10.0,27.0,13.0,15.0,0.0,1.0
64.066,53,85871.0,554.0,87.0,600.0,600.0,0.0,1.0,0.0,0.0,0.459,0.021,0.5,0.5,0.466,0.035,0.508,0.514,0.0,0.0,-1.44,-5.34,-0.06,0.0,0.0,0.0,0.0,0.0,0.0,0.0,0.0,1.0,0.0,-0.0,0.0,0.0,-0.0,0.0,0.0,0.0,0.0,0.0,0.0,0.0,0.0,95.0,83.0,93.0,39.0,17.0,10.0,27.0,13.0,15.0,0.0,0.0
64.099,52,85923.0,554.0,87.0,600.0,600.0,0.0,1.0,0.0,0.0,0.46,0.021,0.5,0.5,0.467,0.035,0.508,0.514,0.0,0.0,-1.44,-5.34,-0.06,0.0,0.0,0.0,0.0,0.0,0.0,0.0,0.0,1.0,0.0,-0.0,0.0,0.0,-0.0,0.0,0.0,0.0,0.0,0.0,0.0,0.0,0.0,95.0,83.0,93.0,39.0,17.0,10.0,27.0,13.0,15.0,0.0,1.0
64.165,53,85976.0,554.0,87.0,600.0,600.0,0.0,1.0,0.0,0.0,0.46,0.021,0.5,0.5,0.467,0.035,0.508,0.514,0.0,0.0,-1.44,-5.34,-0.06,0.0,0.0,0.0,0.0,0.0,0.0,0.0,0.0,1.0,0.0,-0.0,0.0,0.0,-0.0,0.0,0.0,0.0,0.0,0.0,0.0,0.0,0.0,95.0,83.0,93.0,39.0,17.0,10.0,27.0,13.0,15.0,0.0,0.0
64.231,52,86028.0,554.0,88.0,600.0,600.0,0.0,1.0,0.0,0.0,0.46,0.021,0.5,0.5,0.467,0.035,0.508,0.514,0.0,0.0,-1.44,-5.34,-0.06,0.0,0.0,0.0,0.0,0.0,0.0,0.0,0.0,1.0,0.0,-0.0,0.0,0.0,-0.0,0.0,0.0,0.0,0.0,0.0,0.0,0.0,0.0,95.0,83.0,93.0,39.0,17.0,10.0,27.0,13.0,15.0,0.0,0.0
64.264,35,86063.0,554.0,88.0,600.0,600.0,0.0,1.0,0.0,0.0,0.46,0.021,0.5,0.5,0.467,0.035,0.508,0.514,0.0,0.0,-1.44,-5.34,-0.06,0.0,0.0,0.0,0.0,0.0,0.0,0.0,0.0,1.0,0.0,-0.0,0.0,0.0,-0.0,0.0,0.0,0.0,0.0,0.0,0.0,0.0,0.0,95.0,83.0,93.0,39.0,17.0,10.0,27.0,13.0,15.0,0.0,1.0
64.335,97,86160.0,553.0,88.0,600.0,600.0,0.0,1.0,0.0,0.0,0.46,0.021,0.5,0.5,0.468,0.035,0.508,0.514,0.0,0.0,-1.44,-5.34,-0.06,0.0,0.0,0.0,0.0,0.0,0.0,0.0,0.0,1.0,0.0,-0.0,0.0,0.0,-0.0,0.0,0.0,0.0,0.0,0.0,0.0,0.0,0.0,95.0,83.0,93.0,39.0,17.0,10.0,27.0,13.0,15.0,0.0,1.0
64.401,53,86213.0,553.0,88.0,600.0,600.0,0.0,1.0,0.0,0.0,0.46,0.021,0.5,0.5,0.468,0.035,0.508,0.514,0.0,0.0,-1.43,-5.34,-0.06,0.0,0.0,0.0,0.0,0.0,0.0,0.0,0.0,1.0,0.0,-0.0,0.0,0.0,-0.0,0.0,0.0,0.0,0.0,0.0,0.0,0.0,0.0,95.0,83.0,93.0,39.0,17.0,10.0,27.0,13.0,15.0,0.0,0.0
64.433,34,86247.0,553.0,88.0,600.0,600.0,0.0,1.0,0.0,0.0,0.46,0.021,0.5,0.5,0.468,0.035,0.508,0.514,0.0,0.0,-1.43,-5.34,-0.06,0.0,0.0,0.0,0.0,0.0,0.0,0.0,0.0,1.0,0.0,-0.0,0.0,0.0,-0.0,0.0,0.0,0.0,0.0,0.0,0.0,0.0,0.0,95.0,83.0,93.0,39.0,17.0,10.0,27.0,13.0,15.0,0.0,0.0
64.536,101,86348.0,553.0,88.0,600.0,600.0,0.0,1.0,0.0,0.0,0.46,0.021,0.5,0.5,0.467,0.035,0.508,0.514,0.0,0.0,-1.43,-5.34,-0.06,0.0,0.0,0.0,0.0,0.0,0.0,0.0,0.0,1.0,0.0,-0.0,0.0,0.0,-0.0,0.0,0.0,0.0,0.0,0.0,0.0,0.0,0.0,95.0,83.0,93.0,39.0,17.0,10.0,27.0,13.0,15.0,0.0,0.0
64.602,53,86401.0,553.0,89.0,600.0,600.0,0.0,1.0,0.0,0.0,0.46,0.021,0.5,0.5,0.467,0.035,0.508,0.514,0.0,0.0,-1.43,-5.34,-0.06,0.0,0.0,0.0,0.0,0.0,0.0,0.0,0.0,1.0,0.0,-0.0,0.0,0.0,-0.0,0.0,0.0,0.0,0.0,0.0,0.0,0.0,0.0,95.0,83.0,93.0,39.0,17.0,10.0,27.0,13.0,15.0,0.0,0.0
64.635,52,86453.0,553.0,89.0,600.0,600.0,0.0,1.0,0.0,0.0,0.46,0.021,0.5,0.5,0.467,0.035,0.508,0.514,0.0,0.0,-1.44,-5.34,-0.06,0.0,0.0,0.0,0.0,0.0,0.0,0.0,0.0,1.0,0.0,-0.0,0.0,0.0,-0.0,0.0,0.0,0.0,0.0,0.0,0.0,0.0,0.0,95.0,83.0,93.0,39.0,17.0,10.0,27.0,13.0,15.0,0.0,1.0
64.7,52,86505.0,553.0,89.0,600.0,600.0,0.0,1.0,0.0,0.0,0.459,0.021,0.5,0.5,0.467,0.035,0.508,0.514,0.0,0.0,-1.44,-5.34,-0.06,0.0,0.0,0.0,0.0,0.0,0.0,0.0,0.0,1.0,0.0,-0.0,0.0,0.0,-0.0,0.0,0.0,0.0,0.0,0.0,0.0,0.0,0.0,95.0,83.0,93.0,39.0,17.0,10.0,27.0,13.0,15.0,0.0,0.0
64.733,53,86558.0,550.0,89.0,600.0,600.0,0.0,1.0,0.0,0.0,0.459,0.021,0.5,0.5,0.467,0.035,0.508,0.514,0.0,0.0,-1.44,-5.33,-0.06,0.0,0.0,0.0,0.0,0.0,0.0,0.0,0.0,1.0,0.0,-0.0,0.0,0.0,-0.0,0.0,0.0,0.0,0.0,0.0,0.0,0.0,0.0,95.0,83.0,93.0,39.0,17.0,10.0,27.0,13.0,15.0,0.0,0.0
64.806,52,86610.0,550.0,89.0,600.0,600.0,0.0,1.0,0.0,0.0,0.459,0.021,0.5,0.5,0.467,0.035,0.508,0.514,0.0,0.0,-1.44,-5.33,-0.06,0.0,0.0,0.0,0.0,0.0,0.0,0.0,0.0,1.0,0.0,-0.0,0.0,0.0,-0.0,0.0,0.0,0.0,0.0,0.0,0.0,0.0,0.0,95.0,83.0,93.0,39.0,17.0,10.0,27.0,13.0,15.0,0.0,0.0
64.839,34,86644.0,550.0,89.0,600.0,600.0,0.0,1.0,0.0,0.0,0.459,0.021,0.5,0.5,0.467,0.035,0.508,0.514,0.0,0.0,-1.44,-5.33,-0.06,0.0,0.0,0.0,0.0,0.0,0.0,0.0,0.0,1.0,0.0,-0.0,0.0,0.0,-0.0,0.0,0.0,0.0,0.0,0.0,0.0,0.0,0.0,95.0,83.0,93.0,39.0,17.0,10.0,27.0,13.0,15.0,0.0,0.0
64.936,98,86742.0,549.0,89.0,600.0,600.0,0.0,1.0,0.0,0.0,0.458,0.021,0.5,0.5,0.466,0.035,0.508,0.514,0.0,0.0,-1.44,-5.33,-0.06,0.0,0.0,0.0,0.0,0.0,0.0,0.0,0.0,1.0,0.0,-0.0,0.0,-0.3,-0.0,0.0,0.0,0.0,0.0,0.0,0.0,0.0,0.0,95.0,83.0,93.0,39.0,17.0,10.0,27.0,13.0,15.0,0.0,1.0
64.968,51,86793.0,549.0,89.0,600.0,600.0,0.0,1.0,0.0,0.0,0.458,0.021,0.5,0.5,0.466,0.035,0.508,0.514,0.0,0.0,-1.44,-5.33,-0.06,0.0,0.0,0.0,0.0,0.0,0.0,0.0,0.0,1.0,0.0,-0.0,0.0,-0.2,-0.0,0.0,0.0,0.0,0.0,0.0,0.0,0.0,0.0,95.0,83.0,93.0,39.0,17.0,10.0,27.0,13.0,15.0,0.0,0.0
65.032,53,86846.0,549.0,89.0,600.0,600.0,0.0,1.0,0.0,0.0,0.458,0.021,0.5,0.5,0.466,0.035,0.508,0.514,0.0,0.0,-1.44,-5.32,-0.06,0.0,0.0,0.0,0.0,0.0,0.0,0.0,0.0,1.0,0.0,-0.0,0.0,-0.2,-0.0,0.0,0.0,0.0,0.0,0.0,0.0,0.0,0.0,95.0,83.0,93.0,39.0,17.0,10.0,27.0,13.0,15.0,0.0,0.0
65.097,52,86898.0,549.0,89.0,600.0,600.0,0.0,1.0,0.0,0.0,0.457,0.021,0.5,0.5,0.464,0.035,0.508,0.514,0.0,0.0,-1.43,-5.32,-0.06,0.0,0.0,0.0,0.0,0.0,0.0,0.0,0.0,1.0,0.0,-0.0,0.0,-0.1,-0.0,0.0,0.0,0.0,0.0,0.0,0.0,0.0,0.0,95.0,83.0,93.0,39.0,17.0,10.0,27.0,13.0,15.0,0.0,0.0
65.13,53,86951.0,549.0,89.0,600.0,600.0,0.0,1.0,0.0,0.0,0.457,0.021,0.5,0.5,0.464,0.035,0.508,0.514,0.0,0.0,-1.43,-5.32,-0.06,0.0,0.0,0.0,0.0,0.0,0.0,0.0,0.0,1.0,1.0,-0.0,0.0,-0.1,-0.0,0.0,0.0,0.0,0.0,0.0,0.0,0.0,0.0,95.0,83.0,93.0,39.0,17.0,10.0,27.0,13.0,15.0,0.0,1.0
65.196,53,87004.0,549.0,89.0,600.0,600.0,0.0,1.0,0.0,0.0,0.457,0.021,0.5,0.5,0.464,0.035,0.508,0.514,0.0,0.0,-1.43,-5.32,-0.06,0.0,0.0,0.0,0.0,0.0,0.0,0.0,0.0,1.0,1.0,-0.0,0.0,-0.1,-0.0,0.0,0.0,0.0,0.0,0.0,0.0,0.0,0.0,95.0,83.0,93.0,39.0,17.0,10.0,27.0,13.0,15.0,0.0,0.0
65.23,52,87056.0,549.0,89.0,600.0,600.0,0.0,1.0,0.0,0.0,0.457,0.021,0.5,0.5,0.464,0.035,0.508,0.514,0.0,0.0,-1.43,-5.32,-0.06,0.0,0.0,0.0,0.0,0.0,0.0,0.0,0.0,1.0,1.0,-0.0,0.0,-0.1,-0.0,0.0,0.0,0.0,0.0,0.0,0.0,0.0,0.0,95.0,83.0,93.0,39.0,17.0,10.0,27.0,13.0,15.0,0.0,0.0
65.295,53,87109.0,549.0,89.0,600.0,600.0,0.0,1.0,0.0,0.0,0.456,0.021,0.5,0.5,0.464,0.035,0.508,0.514,0.0,0.0,-1.43,-5.32,-0.06,0.0,0.0,0.0,0.0,0.0,0.0,0.0,0.0,1.0,1.0,-0.0,0.0,-0.1,-0.0,0.0,0.0,0.0,0.0,0.0,0.0,0.0,0.0,95.0,83.0,93.0,39.0,17.0,10.0,27.0,13.0,15.0,0.0,0.0
65.338,52,87161.0,549.0,89.0,600.0,600.0,0.0,1.0,0.0,0.0,0.456,0.021,0.5,0.5,0.464,0.035,0.508,0.514,0.0,0.0,-1.43,-5.32,-0.06,0.0,0.0,0.0,0.0,0.0,0.0,0.0,0.0,1.0,1.0,-0.0,0.0,-0.1,-0.0,0.0,0.0,0.0,0.0,0.0,0.0,0.0,0.0,95.0,83.0,93.0,39.0,17.0,10.0,27.0,13.0,15.0,0.0,0.0
65.404,53,87214.0,549.0,89.0,600.0,600.0,0.0,1.0,0.0,0.0,0.456,0.021,0.5,0.5,0.464,0.035,0.508,0.514,0.0,0.0,-1.43,-5.32,-0.06,0.0,0.0,0.0,0.0,0.0,0.0,0.0,0.0,1.0,1.0,-0.0,0.0,-0.1,-0.0,0.0,0.0,0.0,0.0,0.0,0.0,0.0,0.0,95.0,83.0,93.0,39.0,17.0,10.0,27.0,13.0,15.0,0.0,0.0
65.47,52,87266.0,549.0,89.0,600.0,600.0,0.0,1.0,0.0,0.0,0.456,0.021,0.5,0.5,0.464,0.035,0.508,0.514,0.0,0.0,-1.43,-5.32,-0.06,0.0,0.0,0.0,0.0,0.0,0.0,0.0,0.0,1.0,1.0,-0.0,0.0,-0.1,-0.0,0.0,0.0,0.0,0.0,0.0,0.0,0.0,0.0,95.0,83.0,93.0,39.0,17.0,10.0,27.0,13.0,15.0,0.0,0.0
65.502,53,87319.0,549.0,89.0,600.0,600.0,0.0,1.0,0.0,0.0,0.456,0.021,0.5,0.5,0.464,0.035,0.508,0.514,0.0,0.0,-1.43,-5.32,-0.06,0.0,0.0,0.0,0.0,0.0,0.0,0.0,0.0,1.0,1.0,-0.0,0.0,-0.1,-0.0,0.0,0.0,0.0,0.0,0.0,0.0,0.0,0.0,95.0,83.0,93.0,39.0,17.0,10.0,27.0,13.0,15.0,0.0,0.0
65.569,53,87372.0,549.0,89.0,600.0,600.0,0.0,1.0,0.0,0.0,0.456,0.021,0.5,0.5,0.464,0.035,0.508,0.514,0.0,0.0,-1.43,-5.32,-0.06,0.0,0.0,0.0,0.0,0.0,0.0,0.0,0.0,1.0,1.0,-0.0,0.0,-0.0,-0.0,0.0,0.0,0.0,0.0,0.0,0.0,0.0,0.0,95.0,83.0,93.0,39.0,17.0,10.0,27.0,13.0,15.0,0.0,0.0
65.6,53,87425.0,549.0,88.0,600.0,600.0,0.0,1.0,0.0,0.0,0.456,0.021,0.5,0.5,0.464,0.035,0.508,0.514,0.0,0.0,-1.43,-5.32,-0.06,0.0,0.0,0.0,0.0,0.0,0.0,0.0,0.0,1.0,1.0,-0.0,0.0,-0.0,-0.0,0.0,0.0,0.0,0.0,0.0,0.0,0.0,0.0,95.0,83.0,93.0,39.0,17.0,10.0,27.0,13.0,15.0,0.0,0.0
65.664,52,87477.0,549.0,88.0,483.0,600.0,0.0,1.0,0.0,0.0,0.456,0.021,0.5,0.5,0.464,0.035,0.508,0.514,0.0,0.0,-1.43,-5.32,-0.06,0.0,0.0,0.0,0.0,0.0,0.0,0.0,0.0,1.0,1.0,-0.0,0.0,-0.0,-0.0,0.0,0.0,0.0,0.0,0.0,0.0,0.0,0.0,95.0,83.0,93.0,39.0,17.0,10.0,27.0,13.0,15.0,0.0,0.0
65.73,53,87530.0,549.0,88.0,483.0,600.0,0.0,1.0,0.0,0.0,0.456,0.021,0.443,0.5,0.463,0.035,0.46,0.513,0.0,0.0,-1.43,-5.32,-0.06,0.0,0.0,0.0,0.0,0.0,0.0,0.0,0.0,1.0,1.0,-0.0,0.0,-0.0,-0.0,0.0,0.0,0.0,0.0,0.0,0.0,0.0,0.0,95.0,83.0,93.0,39.0,17.0,10.0,27.0,13.0,15.0,0.0,0.0
65.763,53,87583.0,550.0,88.0,483.0,600.0,0.0,1.0,0.0,0.0,0.456,0.021,0.443,0.5,0.463,0.035,0.46,0.513,0.0,0.0,-1.42,-5.32,-0.06,0.0,0.0,0.0,0.0,0.0,0.0,0.0,0.0,1.0,1.0,-0.0,0.0,-0.0,-0.0,0.0,0.0,0.0,0.0,0.0,0.0,0.0,0.0,95.0,83.0,93.0,39.0,17.0,10.0,27.0,13.0,15.0,0.0,0.0
65.828,53,87636.0,550.0,88.0,483.0,600.0,0.0,1.0,0.0,0.0,0.456,0.021,0.443,0.5,0.463,0.035,0.46,0.513,0.0,0.0,-1.42,-5.32,-0.06,0.0,0.0,0.0,0.0,0.0,0.0,0.0,0.0,1.0,1.0,-0.0,0.0,-0.0,-0.0,0.0,0.0,0.0,0.0,0.0,0.0,0.0,0.0,95.0,83.0,93.0,39.0,17.0,10.0,27.0,13.0,15.0,0.0,0.0
65.895,52,87688.0,550.0,88.0,363.0,600.0,0.0,1.0,0.0,0.0,0.456,0.021,0.443,0.5,0.463,0.035,0.46,0.513,0.0,0.0,-1.42,-5.32,-0.06,0.0,0.0,0.0,0.0,0.0,0.0,0.0,0.0,1.0,1.0,-0.0,0.0,-0.0,-0.0,0.0,0.0,0.0,0.0,0.0,0.0,0.0,0.0,95.0,83.0,93.0,39.0,17.0,10.0,27.0,13.0,15.0,0.0,0.0
65.933,53,87741.0,550.0,88.0,363.0,600.0,0.0,1.0,0.0,0.0,0.456,0.021,0.349,0.5,0.464,0.033,0.372,0.512,0.0,0.0,-1.42,-5.32,-0.06,0.0,0.0,0.0,0.0,0.0,0.0,0.0,0.0,1.0,1.0,-0.0,0.0,-0.0,-0.0,0.0,0.0,0.0,0.0,0.0,0.0,0.0,0.0,95.0,83.0,93.0,39.0,17.0,10.0,27.0,13.0,15.0,0.0,0.0
65.967,52,87793.0,551.0,88.0,363.0,600.0,0.0,1.0,0.0,0.0,0.456,0.021,0.349,0.5,0.464,0.033,0.372,0.512,0.0,0.0,-1.42,-5.32,-0.06,0.0,0.0,0.0,0.0,0.0,0.0,0.0,0.0,1.0,1.0,-0.0,0.0,-0.0,-0.0,0.0,0.0,0.0,0.0,0.0,0.0,0.0,0.0,95.0,83.0,93.0,39.0,17.0,10.0,27.0,13.0,15.0,0.0,0.0
66.033,53,87846.0,551.0,88.0,363.0,600.0,0.0,1.0,0.0,0.0,0.456,0.021,0.349,0.5,0.464,0.033,0.372,0.512,0.0,0.0,-1.42,-5.32,-0.06,0.0,0.0,0.0,0.0,0.0,0.0,0.0,0.0,1.0,1.0,-0.0,0.0,-0.0,-0.0,0.0,0.0,0.0,0.0,0.0,0.0,0.0,0.0,95.0,83.0,93.0,39.0,17.0,10.0,27.0,13.0,15.0,0.0,0.0
66.065,34,87880.0,551.0,88.0,363.0,600.0,0.0,1.0,0.0,0.0,0.456,0.021,0.349,0.5,0.464,0.033,0.372,0.512,0.0,0.0,-1.42,-5.32,-0.06,0.0,0.0,0.0,0.0,0.0,0.0,0.0,0.0,1.0,1.0,-0.0,0.0,-0.0,-0.0,0.0,0.0,0.0,0.0,0.0,0.0,0.0,0.0,95.0,83.0,93.0,39.0,17.0,10.0,27.0,13.0,15.0,0.0,0.0
66.173,98,87978.0,553.0,88.0,363.0,600.0,0.0,1.0,0.0,0.0,0.457,0.021,0.306,0.5,0.464,0.032,0.321,0.511,0.0,0.0,-1.42,-5.32,-0.06,0.0,0.0,0.0,0.0,0.0,0.0,0.0,0.0,1.0,1.0,-0.0,0.0,-0.0,-0.0,0.0,0.0,0.0,0.0,0.0,0.0,0.0,0.0,95.0,83.0,93.0,39.0,17.0,10.0,27.0,13.0,15.0,0.0,1.0
66.206,53,88031.0,553.0,88.0,363.0,600.0,0.0,1.0,0.0,0.0,0.457,0.021,0.306,0.5,0.464,0.032,0.321,0.511,0.0,0.0,-1.42,-5.32,-0.06,0.0,0.0,0.0,0.0,0.0,0.0,0.0,0.0,1.0,1.0,-0.0,0.0,-0.0,-0.0,0.0,0.0,0.0,0.0,0.0,0.0,0.0,0.0,95.0,83.0,93.0,39.0,17.0,10.0,27.0,13.0,15.0,0.0,0.0
66.272,52,88083.0,553.0,88.0,363.0,600.0,0.0,1.0,0.0,0.0,0.457,0.021,0.306,0.5,0.464,0.032,0.321,0.511,0.0,0.0,-1.42,-5.32,-0.06,0.0,0.0,0.0,0.0,0.0,0.0,0.0,0.0,1.0,1.0,-0.0,0.0,-0.0,-0.0,0.0,0.0,0.0,0.0,0.0,0.0,0.0,0.0,95.0,83.0,93.0,39.0,17.0,10.0,27.0,13.0,15.0,0.0,0.0
66.348,53,88136.0,553.0,88.0,363.0,600.0,0.0,1.0,0.0,0.0,0.458,0.021,0.286,0.5,0.465,0.032,0.297,0.511,0.0,0.0,-1.42,-5.32,-0.06,0.0,0.0,0.0,0.0,0.0,0.0,0.0,0.0,1.0,1.0,-0.0,0.0,-0.0,-0.0,0.0,0.0,0.0,0.0,0.0,0.0,0.0,0.0,95.0,83.0,93.0,39.0,17.0,10.0,27.0,13.0,15.0,0.0,0.0
66.382,53,88189.0,555.0,88.0,363.0,600.0,0.0,1.0,0.0,0.0,0.458,0.021,0.286,0.5,0.465,0.032,0.297,0.511,0.0,0.0,-1.42,-5.32,-0.06,0.0,0.0,0.0,0.0,0.0,0.0,0.0,0.0,1.0,1.0,-0.0,0.0,-0.0,-0.0,0.0,0.0,0.0,0.0,0.0,0.0,0.0,0.0,95.0,83.0,93.0,39.0,17.0,10.0,27.0,13.0,15.0,0.0,0.0
66.416,53,88242.0,555.0,88.0,363.0,600.0,0.0,1.0,0.0,0.0,0.458,0.021,0.286,0.5,0.465,0.032,0.297,0.511,0.0,0.0,-1.42,-5.32,-0.06,0.0,0.0,0.0,0.0,0.0,0.0,0.0,0.0,1.0,1.0,-0.0,0.0,-0.0,-0.0,0.0,0.0,0.0,0.0,0.0,0.0,0.0,0.0,95.0,83.0,93.0,39.0,17.0,10.0,27.0,13.0,15.0,0.0,0.0
66.483,53,88295.0,555.0,88.0,363.0,600.0,0.0,1.0,0.0,0.0,0.458,0.021,0.286,0.5,0.465,0.032,0.297,0.511,0.0,0.0,-1.42,-5.32,-0.06,0.0,0.0,0.0,0.0,0.0,0.0,0.0,0.0,1.0,1.0,-0.0,0.0,-0.0,-0.0,0.0,0.0,0.0,0.0,0.0,0.0,0.0,0.0,95.0,83.0,93.0,39.0,17.0,10.0,27.0,13.0,15.0,0.0,1.0
66.556,53,88348.0,555.0,88.0,363.0,600.0,0.0,1.0,0.0,0.0,0.459,0.021,0.276,0.5,0.467,0.032,0.286,0.511,0.0,0.0,-1.42,-5.32,-0.06,0.0,0.0,0.0,0.0,0.0,0.0,0.0,0.0,1.0,1.0,-0.0,0.0,-0.0,-0.0,0.0,0.0,0.0,0.0,0.0,0.0,0.0,0.0,95.0,83.0,93.0,39.0,17.0,10.0,27.0,13.0,15.0,0.0,0.0
66.591,53,88401.0,552.0,88.0,363.0,600.0,0.0,1.0,0.0,0.0,0.459,0.021,0.276,0.5,0.467,0.032,0.286,0.511,0.0,0.0,-1.42,-5.32,-0.06,0.0,0.0,0.0,0.0,0.0,0.0,0.0,0.0,1.0,1.0,-0.0,0.0,-0.0,-0.0,0.0,0.0,0.0,0.0,0.0,0.0,0.0,0.0,95.0,83.0,93.0,39.0,17.0,10.0,27.0,13.0,15.0,0.0,0.0
66.655,52,88453.0,552.0,88.0,363.0,600.0,0.0,1.0,0.0,0.0,0.459,0.021,0.276,0.5,0.467,0.032,0.286,0.511,0.0,0.0,-1.42,-5.32,-0.06,0.0,0.0,0.0,0.0,0.0,0.0,0.0,0.0,1.0,1.0,-0.0,0.0,-0.0,-0.0,0.0,0.0,0.0,0.0,0.0,0.0,0.0,0.0,95.0,83.0,93.0,39.0,17.0,10.0,27.0,13.0,15.0,0.0,0.0
66.687,35,88488.0,552.0,88.0,480.0,600.0,0.0,1.0,0.0,0.0,0.459,0.021,0.276,0.5,0.467,0.032,0.286,0.511,0.0,0.0,-1.42,-5.32,-0.06,0.0,0.0,0.0,0.0,2.0,10.0,0.0,0.0,1.0,1.0,-0.0,0.0,-0.0,0.1,4.9,-4.9,4.9,-4.9,52.0,46.0,51.0,21.0,95.0,83.0,93.0,39.0,17.0,10.0,27.0,13.0,15.0,0.0,0.0
66.72,54,88542.0,552.0,88.0,480.0,600.0,0.0,1.0,0.0,0.0,0.459,0.021,0.276,0.5,0.467,0.032,0.286,0.511,0.0,0.0,-1.42,-5.32,-0.06,-0.48,-1.25,0.0,0.0,2.0,10.0,0.0,0.0,1.0,1.0,-0.0,0.0,-0.1,-1.3,9.3,-9.3,9.3,-9.3,52.0,46.0,51.0,26.0,95.0,83.0,93.0,39.0,17.0,10.0,27.0,13.0,15.0,0.0,0.0
66.786,53,88595.0,552.0,88.0,480.0,600.0,0.0,1.0,0.0,0.0,0.459,0.021,0.276,0.5,0.467,0.032,0.286,0.511,0.0,0.0,-1.33,-5.39,-0.14,-1.27,-2.55,0.0,0.0,2.0,10.0,0.0,0.0,1.0,1.0,0.9,-0.1,-1.1,-0.5,16.8,-16.8,16.8,-16.8,52.0,46.0,53.0,47.0,95.0,83.0,93.0,39.0,17.0,10.0,27.0,13.0,15.0,0.0,0.0
66.852,53,88648.0,552.0,88.0,480.0,600.0,0.0,1.0,0.0,0.0,0.459,0.021,0.276,0.5,0.467,0.032,0.286,0.511,0.0,0.0,-1.25,-5.36,-0.36,-2.54,-3.93,0.0,0.0,2.0,10.0,0.0,0.0,1.0,1.0,2.3,-0.0,-1.3,-5.3,24.7,-24.7,24.7,-24.7,97.0,85.0,95.0,69.0,95.0,83.0,93.0,39.0,17.0,10.0,27.0,13.0,15.0,0.0,0.0
66.885,53,88701.0,552.0,88.0,480.0,600.0,0.0,1.0,0.0,0.0,0.459,0.021,0.276,0.5,0.467,0.032,0.286,0.511,0.0,0.0,-1.32,-5.25,-0.89,-4.2,-5.28,0.0,0.0,2.0,10.0,0.0,0.0,1.0,1.0,2.2,1.7,-2.3,-7.6,32.5,-32.5,32.5,-32.5,101.0,89.0,102.0,90.0,95.0,83.0,93.0,39.0,17.0,10.0,27.0,13.0,15.0,0.0,0.0
66.957,53,88754.0,552.0,88.0,480.0,600.0,0.0,1.0,0.0,0.0,0.459,0.021,0.276,0.5,0.467,0.032,0.286,0.511,0.0,0.0,-1.44,-5.16,-1.43,-5.98,-6.55,0.0,0.0,2.0,10.0,0.0,0.0,1.0,1.0,6.0,7.4,-3.7,-8.4,35.8,-35.8,35.8,-35.8,105.0,93.0,113.0,99.0,95.0,83.0,93.0,39.0,31.0,10.0,59.0,27.0,15.0,0.0,0.0
66.99,53,88807.0,552.0,88.0,480.0,600.0,0.0,1.0,0.0,0.0,0.459,0.021,0.276,0.5,0.467,0.032,0.286,0.511,0.0,0.0,-1.21,-5.32,-2.73,-7.94,-5.15,0.0,0.0,2.0,10.0,0.0,0.0,1.0,1.0,11.0,13.3,-6.7,-11.1,34.4,-34.4,34.4,-34.4,84.0,82.0,109.0,99.0,107.0,93.0,93.0,51.0,31.0,10.0,59.0,27.0,15.0,0.0,0.0
67.054,53,88860.0,552.0,88.0,480.0,600.0,0.0,1.0,0.0,0.0,0.459,0.021,0.276,0.5,0.467,0.032,0.286,0.511,0.0,0.0,-1.07,-5.29,-5.7,-9.83,-3.8,0.0,0.0,2.0,10.0,0.0,0.0,1.0,1.0,15.9,21.0,-14.6,-15.7,33.0,-33.0,33.0,-33.0,88.0,104.0,127.0,103.0,107.0,93.0,107.0,51.0,31.0,10.0,59.0,27.0,15.0,0.0,0.0
67.124,53,88913.0,552.0,88.0,480.0,600.0,0.0,1.0,0.0,0.0,0.459,0.021,0.276,0.5,0.467,0.032,0.286,0.511,0.0,0.0,-1.18,-5.15,-7.96,-11.65,-2.5,0.0,0.0,2.0,10.0,0.0,0.0,1.0,1.0,19.5,27.4,-21.2,-20.2,31.7,-31.7,31.7,-31.7,89.0,128.0,146.0,103.0,107.0,93.0,107.0,51.0,31.0,10.0,59.0,27.0,15.0,0.0,0.0
67.157,53,88966.0,552.0,88.0,480.0,600.0,0.0,1.0,0.0,0.0,0.459,0.021,0.276,0.5,0.467,0.032,0.286,0.511,0.0,0.0,-0.86,-5.11,-11.28,-13.54,-1.15,0.0,0.0,2.0,10.0,0.0,0.0,1.0,1.0,21.1,32.5,-26.6,-27.4,30.4,-30.4,30.4,-30.4,90.0,154.0,167.0,100.0,107.0,93.0,107.0,51.0,31.0,10.0,59.0,27.0,15.0,0.0,0.0
67.223,53,89019.0,552.0,88.0,480.0,600.0,0.0,1.0,0.0,0.0,0.459,0.021,0.276,0.5,0.467,0.032,0.286,0.511,0.0,0.0,-0.76,-5.06,-15.22,-15.43,0.2,0.0,0.0,2.0,10.0,0.0,0.0,1.0,1.0,27.6,39.3,-31.5,-45.8,29.0,-29.0,29.0,-29.0,87.0,182.0,190.0,87.0,107.0,93.0,107.0,51.0,31.0,10.0,59.0,27.0,15.0,0.0,0.0
67.255,53,89072.0,552.0,88.0,480.0,600.0,0.0,1.0,0.0,0.0,0.459,0.021,0.276,0.5,0.467,0.032,0.286,0.511,0.0,0.0,-0.5,-4.88,-18.58,-17.25,1.5,0.0,0.0,2.0,10.0,0.0,0.0,1.0,1.0,36.3,46.9,-36.1,-58.8,27.7,-27.7,27.7,-27.7,79.0,212.0,213.0,68.0,107.0,93.0,107.0,51.0,31.0,10.0,59.0,27.0,15.0,0.0,0.0
67.329,53,89125.0,552.0,88.0,480.0,600.0,0.0,1.0,0.0,0.0,0.459,0.021,0.276,0.5,0.467,0.032,0.286,0.511,0.0,0.0,-0.57,-4.87,-22.37,-19.14,2.85,0.0,0.0,2.0,10.0,0.0,0.0,1.0,1.0,41.9,56.3,-37.5,-73.7,26.4,-26.4,26.4,-26.4,68.0,247.0,237.0,42.0,107.0,93.0,107.0,51.0,31.0,10.0,59.0,27.0,15.0,0.0,0.0
67.362,53,89178.0,552.0,88.0,480.0,600.0,0.0,1.0,0.0,0.0,0.459,0.021,0.276,0.5,0.467,0.032,0.286,0.511,0.0,0.0,-0.75,-5.03,-26.47,-21.03,4.2,0.0,0.0,2.0,10.0,0.0,0.0,1.0,1.0,46.8,64.4,-36.8,-87.6,25.0,-25.0,25.0,-25.0,55.0,255.0,255.0,10.0,107.0,93.0,107.0,51.0,31.0,10.0,59.0,27.0,15.0,0.0,0.0
67.428,53,89231.0,552.0,88.0,480.0,600.0,0.0,1.0,0.0,0.0,0.459,0.021,0.276,0.5,0.467,0.032,0.286,0.511,0.0,0.0,-0.53,-4.67,-28.41,-22.85,5.5,0.0,0.0,2.0,10.0,0.0,0.0,1.0,1.0,40.8,73.7,-33.2,-122.4,23.7,-23.7,23.7,-23.7,53.0,255.0,255.0,0.0,107.0,93.0,107.0,51.0,31.0,10.0,59.0,27.0,15.0,0.0,0.0
67.464,53,89284.0,552.0,88.0,480.0,600.0,0.0,1.0,0.0,0.0,0.459,0.021,0.276,0.5,0.467,0.032,0.286,0.511,0.0,0.0,-0.2,-4.57,-29.98,-24.74,6.85,0.0,0.0,2.0,10.0,0.0,0.0,1.0,1.0,36.1,82.6,-24.5,-145.8,22.4,0.0,22.4,-22.4,51.0,0.0,255.0,0.0,107.0,93.0,107.0,51.0,36.0,16.0,30.0,37.0,15.0,2.0,1.0
67.538,53,89337.0,552.0,88.0,480.0,600.0,0.0,1.0,0.0,0.0,0.459,0.021,0.276,0.5,0.467,0.032,0.286,0.511,0.0,0.0,-0.46,-4.51,-30.25,-26.7,8.25,0.0,0.0,2.0,10.0,0.0,0.0,1.0,1.0,35.5,93.2,-19.8,-143.9,21.0,0.0,0.0,-21.0,48.0,0.0,0.0,0.0,107.0,93.0,107.0,51.0,36.0,16.0,30.0,37.0,15.0,6.0,1.0
67.571,53,89390.0,552.0,88.0,480.0,600.0,0.0,1.0,0.0,0.0,0.459,0.021,0.276,0.5,0.467,0.032,0.286,0.511,0.0,0.0,-0.22,-4.41,-31.32,-28.52,9.55,0.0,0.0,2.0,10.0,0.0,0.0,1.0,1.0,33.4,91.8,-16.4,-125.2,19.7,0.0,0.0,-19.7,45.0,0.0,0.0,0.0,107.0,93.0,107.0,51.0,36.0,16.0,30.0,37.0,15.0,6.0,0.0
67.638,53,89443.0,552.0,88.0,480.0,600.0,0.0,1.0,0.0,0.0,0.459,0.021,0.276,0.5,0.467,0.032,0.286,0.511,0.0,0.0,0.12,-4.53,-32.92,-30.55,11.0,0.0,0.0,2.0,10.0,0.0,0.0,1.0,1.0,29.8,76.1,-12.0,-96.2,18.2,0.0,0.0,-18.2,43.0,0.0,0.0,0.0,107.0,93.0,107.0,51.0,36.0,16.0,30.0,37.0,15.0,6.0,0.0
67.704,53,89496.0,552.0,88.0,480.0,600.0,0.0,1.0,0.0,0.0,0.459,0.021,0.276,0.5,0.467,0.032,0.286,0.511,0.0,0.0,0.02,-4.54,-32.94,-32.37,10.71,0.0,0.0,2.0,10.0,0.0,0.0,1.0,1.0,25.0,60.6,-8.6,-73.9,18.5,0.0,0.0,-18.5,45.0,0.0,0.0,0.0,107.0,93.0,107.0,51.0,36.0,16.0,30.0,37.0,15.0,6.0,0.0
67.741,53,89549.0,552.0,88.0,480.0,600.0,0.0,1.0,0.0,0.0,0.459,0.021,0.276,0.5,0.467,0.032,0.286,0.511,0.0,0.0,-0.01,-4.53,-33.15,-34.16,9.44,0.0,0.0,2.0,10.0,0.0,0.0,1.0,1.0,20.7,47.5,-6.9,-58.7,19.8,0.0,0.0,-19.8,49.0,0.0,0.0,2.0,107.0,93.0,107.0,51.0,36.0,16.0,30.0,37.0,15.0,6.0,0.0
67.807,53,89602.0,552.0,88.0,480.0,600.0,0.0,1.0,0.0,0.0,0.459,0.021,0.276,0.5,0.467,0.032,0.286,0.511,0.0,0.0,-0.04,-4.53,-33.31,-36.12,8.04,0.0,0.0,2.0,10.0,0.0,0.0,1.0,1.0,16.6,36.9,-5.2,-45.4,21.2,0.0,0.0,-21.2,57.0,0.0,0.0,10.0,107.0,93.0,107.0,51.0,36.0,16.0,30.0,37.0,15.0,6.0,0.0
67.839,53,89655.0,552.0,88.0,480.0,600.0,0.0,1.0,0.0,0.0,0.459,0.021,0.276,0.5,0.467,0.032,0.286,0.511,0.0,0.0,-0.06,-4.53,-33.36,-36.99,7.41,0.0,0.0,2.0,10.0,0.0,0.0,1.0,1.0,12.8,28.5,-4.1,-35.2,22.4,0.0,0.0,-22.4,62.0,0.0,0.0,16.0,107.0,93.0,107.0,51.0,36.0,16.0,30.0,37.0,15.0,6.0,0.0
67.906,53,89708.0,552.0,88.0,480.0,600.0,0.0,1.0,0.0,0.0,0.459,0.021,0.276,0.5,0.467,0.032,0.286,0.511,0.0,0.0,-0.07,-4.53,-33.36,-39.72,5.46,0.0,0.0,2.0,10.0,0.0,0.0,1.0,1.0,9.9,22.1,-3.1,-27.1,23.8,0.0,0.0,-23.8,107.0,0.0,0.0,22.0,107.0,93.0,107.0,51.0,36.0,16.0,30.0,37.0,15.0,6.0,0.0
67.974,53,89761.0,552.0,88.0,480.0,600.0,0.0,1.0,0.0,0.0,0.459,0.021,0.276,0.5,0.467,0.032,0.286,0.511,0.0,0.0,-0.1,-4.53,-33.36,-41.47,4.21,0.0,0.0,2.0,10.0,0.0,0.0,1.0,1.0,7.7,17.1,-2.5,-21.2,25.0,0.0,0.0,-25.0,111.0,0.0,0.0,28.0,107.0,93.0,107.0,51.0,31.0,9.0,30.0,68.0,15.0,6.0,0.0
68.007,53,89814.0,552.0,88.0,480.0,600.0,0.0,1.0,0.0,0.0,0.459,0.021,0.276,0.5,0.467,0.032,0.286,0.511,0.0,0.0,-0.12,-4.53,-33.35,-43.36,2.86,0.0,0.0,2.0,10.0,0.0,0.0,1.0,1.0,6.0,13.3,-1.9,-16.4,26.4,0.0,0.0,-26.4,115.0,0.0,0.0,36.0,107.0,93.0,107.0,51.0,31.0,9.0,30.0,68.0,15.0,6.0,0.0
68.073,53,89867.0,552.0,88.0,480.0,600.0,0.0,1.0,0.0,0.0,0.459,0.021,0.276,0.5,0.467,0.032,0.286,0.511,0.0,0.0,-0.13,-4.54,-33.35,-45.25,1.51,0.0,0.0,2.0,10.0,0.0,0.0,1.0,1.0,4.6,10.3,-1.5,-12.8,27.7,0.0,0.0,-27.7,119.0,0.0,0.0,47.0,107.0,93.0,107.0,51.0,31.0,9.0,30.0,68.0,15.0,6.0,0.0
68.106,53,89920.0,552.0,88.0,480.0,600.0,0.0,1.0,0.0,0.0,0.459,0.021,0.276,0.5,0.467,0.032,0.286,0.511,0.0,0.0,-0.25,-4.58,-33.4,-47.07,0.21,0.0,0.0,2.0,10.0,0.0,0.0,1.0,1.0,2.3,8.9,-1.2,-10.1,29.0,0.0,0.0,-29.0,123.0,0.0,0.0,59.0,107.0,93.0,107.0,51.0,31.0,9.0,30.0,68.0,15.0,6.0,0.0
68.175,53,89973.0,552.0,88.0,480.0,600.0,0.0,1.0,0.0,0.0,0.459,0.021,0.276,0.5,0.467,0.032,0.286,0.511,0.0,0.0,-0.25,-4.63,-34.16,-48.96,-1.14,0.0,0.0,2.0,10.0,0.0,0.0,1.0,1.0,8.5,7.5,-0.9,-11.3,30.4,0.0,0.0,-30.4,127.0,0.0,0.0,66.0,107.0,93.0,107.0,49.0,31.0,9.0,30.0,68.0,15.0,6.0,0.0
68.208,53,90026.0,552.0,88.0,480.0,600.0,0.0,1.0,0.0,0.0,0.459,0.021,0.276,0.5,0.467,0.032,0.286,0.511,0.0,0.0,-0.09,-4.46,-35.52,-50.85,-2.49,0.0,0.0,2.0,10.0,0.0,0.0,1.0,1.0,14.1,6.1,-1.0,-14.1,31.7,0.0,0.0,-31.7,95.0,0.0,0.0,76.0,127.0,93.0,107.0,49.0,31.0,9.0,30.0,68.0,15.0,6.0,0.0
68.272,53,90079.0,552.0,88.0,480.0,600.0,0.0,1.0,0.0,0.0,0.459,0.021,0.276,0.5,0.467,0.032,0.286,0.511,0.0,0.0,-0.09,-4.47,-35.85,-52.67,-3.79,0.0,0.0,2.0,10.0,0.0,0.0,1.0,1.0,14.7,4.6,-2.6,-10.9,33.0,0.0,0.0,-33.0,105.0,0.0,0.0,90.0,127.0,93.0,107.0,49.0,31.0,9.0,30.0,68.0,15.0,6.0,0.0
68.338,53,90132.0,552.0,88.0,480.0,600.0,0.0,1.0,0.0,0.0,0.459,0.021,0.276,0.5,0.467,0.032,0.286,0.511,0.0,0.0,-0.19,-4.47,-36.42,-54.6,-5.16,0.0,0.0,2.0,10.0,0.0,0.0,1.0,1.0,16.1,3.6,-1.9,-8.6,34.4,0.0,0.0,-34.4,116.0,0.0,0.0,94.0,127.0,93.0,107.0,49.0,31.0,9.0,30.0,68.0,15.0,6.0,0.0
68.371,53,90185.0,552.0,88.0,480.0,600.0,0.0,1.0,0.0,0.0,0.459,0.021,0.276,0.5,0.467,0.032,0.286,0.511,0.0,0.0,-0.29,-4.46,-36.97,-56.38,-6.44,0.0,0.0,2.0,10.0,0.0,0.0,1.0,1.0,16.0,2.8,-1.4,-6.6,35.7,0.0,0.0,-35.7,127.0,0.0,0.0,98.0,127.0,93.0,107.0,49.0,31.0,9.0,30.0,68.0,15.0,6.0,0.0
68.438,53,90238.0,552.0,88.0,480.0,600.0,0.0,1.0,0.0,0.0,0.459,0.021,0.276,0.5,0.467,0.032,0.286,0.511,0.0,0.0,-0.33,-4.48,-37.34,-58.2,-7.74,0.0,0.0,2.0,10.0,0.0,0.0,1.0,1.0,16.9,2.1,-1.0,-5.6,37.0,0.0,0.0,-37.0,138.0,0.0,0.0,102.0,127.0,93.0,107.0,49.0,31.0,9.0,30.0,68.0,15.0,6.0,1.0
68.471,53,90291.0,552.0,88.0,480.0,600.0,0.0,1.0,0.0,0.0,0.459,0.021,0.276,0.5,0.467,0.032,0.286,0.511,0.0,0.0,-0.39,-4.44,-38.02,-59.99,-9.01,0.0,0.0,2.0,10.0,0.0,0.0,1.0,1.0,19.4,1.7,-0.7,-6.2,38.2,0.0,0.0,-38.2,149.0,0.0,0.0,106.0,127.0,93.0,107.0,49.0,13.0,11.0,12.0,10.0,15.0,6.0,0.0
68.537,53,90344.0,552.0,88.0,480.0,600.0,0.0,1.0,0.0,0.0,0.459,0.021,0.276,0.5,0.467,0.032,0.286,0.511,0.0,0.0,-0.39,-4.42,-38.5,-61.77,-10.29,0.0,0.0,2.0,10.0,0.0,0.0,1.0,1.0,24.2,1.4,-0.3,-5.3,39.5,0.0,0.0,-39.5,157.0,0.0,0.0,109.0,127.0,93.0,107.0,49.0,13.0,11.0,12.0,10.0,15.0,6.0,0.0
68.6,53,90397.0,552.0,88.0,480.0,600.0,0.0,1.0,0.0,0.0,0.459,0.021,0.276,0.5,0.467,0.032,0.286,0.511,0.0,0.0,-0.37,-4.37,-38.76,-63.56,-11.56,0.0,0.0,2.0,10.0,0.0,0.0,1.0,1.0,30.5,1.1,0.3,-4.3,40.8,0.0,0.0,-40.8,163.0,0.0,0.0,113.0,127.0,93.0,107.0,49.0,13.0,11.0,12.0,10.0,15.0,6.0,0.0
68.633,53,90450.0,552.0,88.0,480.0,600.0,0.0,1.0,0.0,0.0,0.459,0.021,0.276,0.5,0.467,0.032,0.286,0.511,0.0,0.0,-0.47,-4.43,-38.92,-65.38,-12.86,0.0,0.0,2.0,10.0,0.0,0.0,1.0,1.0,34.6,0.8,0.0,-3.3,42.1,0.0,0.0,-42.1,169.0,0.0,0.0,117.0,127.0,93.0,107.0,49.0,13.0,11.0,12.0,10.0,15.0,6.0,0.0
68.7,53,90503.0,552.0,88.0,480.0,600.0,0.0,1.0,0.0,0.0,0.459,0.021,0.276,0.5,0.467,0.032,0.286,0.511,0.0,0.0,-0.42,-4.37,-39.21,-67.3,-13.0,0.0,0.0,2.0,10.0,0.0,0.0,1.0,1.0,39.7,0.6,-1.0,-2.6,42.2,0.0,0.0,-42.2,169.0,0.0,0.0,118.0,127.0,93.0,107.0,49.0,13.0,11.0,12.0,10.0,15.0,6.0,0.0
68.739,53,90556.0,552.0,88.0,480.0,600.0,0.0,1.0,0.0,0.0,0.459,0.021,0.276,0.5,0.467,0.032,0.286,0.511,0.0,0.0,-0.41,-4.37,-39.44,-69.12,-13.0,0.0,0.0,2.0,10.0,0.0,0.0,1.0,1.0,42.4,0.4,-5.0,-2.0,42.2,0.0,0.0,-42.2,169.0,0.0,0.0,118.0,127.0,93.0,107.0,49.0,13.0,11.0,12.0,10.0,15.0,6.0,0.0
68.805,53,90609.0,552.0,88.0,480.0,600.0,0.0,1.0,0.0,0.0,0.459,0.021,0.276,0.5,0.467,0.032,0.286,0.511,0.0,0.0,-0.26,-4.24,-40.63,-71.05,-13.0,0.0,0.0,2.0,10.0,0.0,0.0,1.0,1.0,43.5,0.3,-9.0,-2.5,42.2,0.0,0.0,-42.2,168.0,0.0,0.0,118.0,127.0,93.0,107.0,49.0,13.0,11.0,12.0,10.0,15.0,6.0,0.0
68.837,53,90662.0,552.0,88.0,480.0,600.0,0.0,1.0,0.0,0.0,0.459,0.021,0.276,0.5,0.467,0.032,0.286,0.511,0.0,0.0,-0.42,-4.33,-41.71,-72.97,-13.0,0.0,0.0,2.0,10.0,0.0,0.0,1.0,1.0,44.4,0.3,-12.8,-4.4,42.2,0.0,0.0,-42.2,166.0,0.0,0.0,117.0,127.0,93.0,107.0,49.0,13.0,11.0,12.0,10.0,15.0,6.0,0.0
68.901,53,90715.0,552.0,88.0,480.0,600.0,0.0,1.0,0.0,0.0,0.459,0.021,0.276,0.5,0.467,0.032,0.286,0.511,0.0,0.0,-0.43,-4.34,-42.41,-74.79,-13.0,0.0,0.0,2.0,10.0,0.0,0.0,1.0,1.0,47.4,0.1,-15.0,-9.2,42.2,0.0,0.0,-42.2,164.0,0.0,0.0,116.0,127.0,93.0,107.0,49.0,13.0,11.0,12.0,10.0,15.0,6.0,0.0
68.974,53,90768.0,552.0,88.0,480.0,600.0,0.0,1.0,0.0,0.0,0.459,0.021,0.276,0.5,0.467,0.032,0.286,0.511,0.0,0.0,-0.27,-4.34,-43.8,-76.65,-13.0,0.0,0.0,2.0,10.0,0.0,0.0,1.0,1.0,46.8,0.2,-17.7,-16.8,42.2,0.0,0.0,-42.2,162.0,0.0,0.0,126.0,127.0,93.0,107.0,95.0,15.0,9.0,6.0,10.0,15.0,6.0,0.0
69.007,53,90821.0,552.0,88.0,480.0,600.0,0.0,1.0,0.0,0.0,0.459,0.021,0.276,0.5,0.467,0.032,0.286,0.511,0.0,0.0,-0.34,-4.35,-46.15,-78.61,-13.0,0.0,0.0,2.0,10.0,0.0,0.0,1.0,1.0,47.1,0.2,-19.7,-21.6,42.2,0.0,0.0,-42.2,160.0,0.0,0.0,134.0,127.0,93.0,107.0,95.0,15.0,9.0,6.0,10.0,15.0,6.0,0.0
69.071,53,90874.0,552.0,88.0,480.0,600.0,0.0,1.0,0.0,0.0,0.459,0.021,0.276,0.5,0.467,0.032,0.286,0.511,0.0,0.0,-0.18,-4.16,-47.99,-80.39,-13.0,0.0,0.0,2.0,10.0,0.0,0.0,1.0,1.0,49.3,0.1,-22.5,-24.0,42.2,0.0,0.0,-42.2,157.0,0.0,0.0,141.0,127.0,93.0,107.0,95.0,15.0,9.0,6.0,10.0,15.0,6.0,0.0
69.102,53,90927.0,552.0,88.0,480.0,600.0,0.0,1.0,0.0,0.0,0.459,0.021,0.276,0.5,0.467,0.032,0.286,0.511,0.0,0.0,-0.3,-4.28,-51.41,-82.35,-13.0,0.0,0.0,2.0,10.0,0.0,0.0,1.0,1.0,49.2,0.1,-29.0,-24.5,42.2,0.0,0.0,-42.2,153.0,0.0,0.0,149.0,127.0,93.0,107.0,95.0,15.0,9.0,6.0,10.0,15.0,6.0,0.0
69.166,53,90980.0,552.0,88.0,480.0,600.0,0.0,1.0,0.0,0.0,0.459,0.021,0.276,0.5,0.467,0.032,0.286,0.511,0.0,0.0,0.07,-4.04,-55.42,-84.28,-13.0,0.0,0.0,2.0,10.0,0.0,0.0,1.0,1.0,49.0,0.0,-33.2,-23.2,42.2,0.0,0.0,-42.2,151.0,0.0,0.0,157.0,127.0,93.0,107.0,95.0,15.0,9.0,6.0,10.0,15.0,6.0,0.0
69.23,53,91033.0,552.0,88.0,480.0,600.0,0.0,1.0,0.0,0.0,0.459,0.021,0.276,0.5,0.467,0.032,0.286,0.511,0.0,0.0,0.19,-4.06,-58.12,-86.1,-13.0,0.0,0.0,2.0,10.0,0.0,0.0,1.0,1.0,54.1,0.4,-38.7,-23.1,42.2,0.0,0.0,-42.2,145.0,0.0,0.0,166.0,127.0,93.0,107.0,95.0,15.0,9.0,6.0,10.0,15.0,6.0,0.0
69.262,53,91086.0,552.0,88.0,480.0,600.0,0.0,1.0,0.0,0.0,0.459,0.021,0.276,0.5,0.467,0.032,0.286,0.511,0.0,0.0,0.05,-3.91,-62.28,-87.98,-13.0,0.0,0.0,2.0,10.0,0.0,0.0,1.0,1.0,57.9,0.2,-42.1,-23.6,42.0,0.0,0.0,-42.0,137.0,0.0,0.0,173.0,127.0,93.0,107.0,95.0,15.0,9.0,6.0,10.0,15.0,6.0,0.0
69.327,53,91139.0,552.0,88.0,480.0,600.0,0.0,1.0,0.0,0.0,0.459,0.021,0.276,0.5,0.467,0.032,0.286,0.511,0.0,0.0,0.27,-3.73,-66.49,-89.64,-13.0,0.0,0.0,2.0,10.0,0.0,0.0,1.0,1.0,57.5,0.2,-46.5,-23.7,39.5,0.0,0.0,-39.5,124.0,0.0,0.0,172.0,127.0,93.0,107.0,95.0,15.0,9.0,6.0,10.0,15.0,6.0,0.0
69.393,53,91192.0,552.0,88.0,480.0,600.0,0.0,1.0,0.0,0.0,0.459,0.021,0.276,0.5,0.467,0.032,0.286,0.511,0.0,0.0,0.13,-3.78,-67.87,-91.1,-13.0,0.0,0.0,2.0,10.0,0.0,0.0,1.0,1.0,55.8,0.3,-52.0,-22.9,35.2,0.0,0.0,-35.2,106.0,0.0,0.0,166.0,127.0,93.0,107.0,95.0,15.0,9.0,6.0,10.0,15.0,6.0,0.0
69.426,53,91245.0,552.0,88.0,480.0,600.0,0.0,1.0,0.0,0.0,0.459,0.021,0.276,0.5,0.467,0.032,0.286,0.511,0.0,0.0,0.46,-3.52,-74.49,-92.51,-13.0,0.0,0.0,2.0,10.0,0.0,0.0,1.0,1.0,54.7,0.2,-54.9,-22.4,33.9,0.0,0.0,-33.9,94.0,0.0,0.0,168.0,127.0,93.0,107.0,95.0,15.0,9.0,6.0,10.0,15.0,6.0,0.0
69.491,53,91298.0,552.0,88.0,480.0,600.0,0.0,1.0,0.0,0.0,0.459,0.021,0.276,0.5,0.467,0.032,0.286,0.511,0.0,0.0,0.31,-3.51,-76.48,-93.79,-13.0,0.0,0.0,2.0,10.0,0.0,0.0,1.0,1.0,42.5,0.1,-55.4,-25.3,33.9,0.0,0.0,-33.9,92.0,0.0,0.0,171.0,127.0,93.0,107.0,95.0,17.0,9.0,2.0,4.0,15.0,6.0,0.0
69.525,53,91351.0,552.0,88.0,480.0,600.0,0.0,1.0,0.0,0.0,0.459,0.021,0.276,0.5,0.467,0.032,0.286,0.511,0.0,0.0,0.21,-3.38,-79.37,-95.19,-13.0,0.0,0.0,2.0,10.0,0.0,0.0,1.0,1.0,36.0,0.2,-56.4,-25.6,33.9,0.0,0.0,-33.9,92.0,0.0,0.0,175.0,127.0,93.0,107.0,95.0,17.0,9.0,2.0,4.0,15.0,6.0,0.0
69.591,53,91404.0,552.0,88.0,480.0,600.0,0.0,1.0,0.0,0.0,0.459,0.021,0.276,0.5,0.467,0.032,0.286,0.511,0.0,0.0,0.23,-3.42,-80.14,-95.84,-13.0,0.0,0.0,2.0,10.0,0.0,0.0,1.0,1.0,31.0,0.1,-58.1,-25.9,33.9,0.0,0.0,-33.9,94.0,0.0,0.0,178.0,127.0,93.0,107.0,95.0,17.0,9.0,2.0,4.0,15.0,6.0,0.0
69.656,53,91457.0,552.0,88.0,480.0,600.0,0.0,1.0,0.0,0.0,0.459,0.021,0.276,0.5,0.467,0.032,0.286,0.511,0.0,0.0,0.35,-3.35,-84.25,-97.89,-13.0,0.0,0.0,2.0,10.0,0.0,0.0,1.0,1.0,27.8,0.1,-60.3,-24.4,33.9,0.0,0.0,-33.9,97.0,0.0,0.0,182.0,127.0,93.0,107.0,95.0,17.0,9.0,2.0,4.0,15.0,6.0,0.0
69.689,53,91510.0,552.0,88.0,480.0,600.0,0.0,1.0,0.0,0.0,0.459,0.021,0.276,0.5,0.467,0.032,0.286,0.511,0.0,0.0,0.3,-3.17,-86.18,-98.61,-12.27,0.0,0.0,2.0,10.0,0.0,0.0,1.0,1.0,24.6,0.1,-61.8,-28.2,0.0,0.0,0.0,0.0,0.0,0.0,0.0,0.0,127.0,93.0,107.0,95.0,17.0,9.0,2.0,4.0,15.0,6.0,0.0
69.756,53,91563.0,552.0,88.0,480.0,600.0,0.0,1.0,0.0,0.0,0.459,0.021,0.276,0.5,0.467,0.032,0.286,0.511,0.0,0.0,0.34,-3.11,-88.0,-98.61,0.0,0.0,0.0,2.0,10.0,0.0,0.0,1.0,1.0,20.5,-0.1,-60.3,-27.9,0.0,0.0,0.0,0.0,0.0,0.0,0.0,0.0,127.0,93.0,107.0,95.0,17.0,9.0,2.0,4.0,15.0,6.0,0.0
69.822,53,91616.0,552.0,88.0,480.0,600.0,0.0,1.0,0.0,0.0,0.459,0.021,0.276,0.5,0.467,0.032,0.286,0.511,0.0,0.0,0.23,-3.21,-89.83,-98.61,0.0,0.0,0.0,2.0,10.0,0.0,0.0,1.0,1.0,18.2,-1.3,-51.2,-34.4,0.0,0.0,0.0,0.0,0.0,0.0,0.0,0.0,127.0,93.0,107.0,95.0,17.0,9.0,2.0,4.0,15.0,6.0,0.0
70.339,532,92148.0,552.0,88.0,480.0,600.0,0.0,1.0,0.0,0.0,0.459,0.021,0.276,0.5,0.467,0.032,0.286,0.511,0.0,0.0,0.27,-3.49,-90.63,-90.63,0.0,0.0,0.0,0.0,0.0,7.0,0.57,1.0,1.0,3.2,-0.2,-8.6,-6.9,0.0,0.0,0.0,0.0,0.0,0.0,0.0,0.0,127.0,93.0,107.0,95.0,13.0,7.0,22.0,40.0,15.0,6.0,0.0
70.438,106,92254.0,600.0,88.0,480.0,622.0,0.0,1.0,0.0,0.0,0.459,0.021,0.338,0.51,0.467,0.033,0.336,0.52,0.0,0.0,-0.57,-4.32,-90.59,-90.63,0.0,0.0,0.0,0.0,0.0,9.0,0.57,1.0,1.0,2.5,-0.1,-6.6,-5.3,0.0,0.0,0.0,0.0,0.0,0.0,0.0,0.0,127.0,93.0,107.0,95.0,13.0,7.0,22.0,40.0,15.0,6.0,1.0
70.506,53,92307.0,600.0,83.0,480.0,622.0,0.0,1.0,0.0,0.0,0.459,0.021,0.338,0.51,0.467,0.033,0.336,0.52,0.0,0.0,-0.8,-4.54,-90.57,-90.63,0.0,0.0,0.0,0.0,0.0,0.0,0.57,1.0,1.0,2.2,-0.1,-5.8,-4.7,0.0,0.0,0.0,0.0,0.0,0.0,0.0,0.0,127.0,93.0,107.0,95.0,13.0,7.0,22.0,40.0,15.0,6.0,0.0
70.542,53,92360.0,600.0,83.0,600.0,622.0,0.0,1.0,0.0,0.0,0.459,0.021,0.338,0.51,0.467,0.033,0.336,0.52,0.0,0.0,-0.84,-4.58,-90.56,-90.63,0.0,0.0,0.0,0.0,0.0,0.0,0.57,1.0,1.0,1.9,-0.1,-5.1,-4.1,0.0,0.0,0.0,0.0,0.0,0.0,0.0,0.0,127.0,93.0,107.0,95.0,13.0,7.0,22.0,40.0,15.0,6.0,0.0
70.606,52,92412.0,600.0,83.0,600.0,621.0,0.0,1.0,0.0,0.0,0.481,0.02,0.425,0.514,0.485,0.033,0.418,0.526,0.0,0.0,-0.93,-4.66,-90.55,-90.63,0.0,0.0,0.0,0.0,0.0,0.0,0.57,1.0,1.0,1.9,-0.1,-4.5,-3.6,0.0,0.0,0.0,0.0,0.0,0.0,0.0,0.0,127.0,93.0,107.0,95.0,13.0,7.0,22.0,40.0,15.0,6.0,0.0
70.638,53,92465.0,600.0,83.0,600.0,621.0,0.0,1.0,0.0,0.0,0.481,0.02,0.425,0.514,0.485,0.033,0.418,0.526,0.0,0.0,-1.02,-4.74,-90.55,-90.63,0.0,0.0,0.0,0.0,0.0,0.0,0.57,1.0,1.0,1.5,-0.1,-4.0,-3.2,0.0,0.0,0.0,0.0,0.0,0.0,0.0,0.0,127.0,93.0,107.0,95.0,13.0,7.0,22.0,40.0,15.0,6.0,0.0
70.704,51,92516.0,600.0,83.0,600.0,621.0,0.0,1.0,0.0,0.0,0.481,0.02,0.425,0.514,0.485,0.033,0.418,0.526,0.0,0.0,-1.04,-4.76,-90.55,-90.63,0.0,0.0,0.0,0.0,0.0,0.0,0.57,1.0,1.0,1.3,-0.1,-3.5,-2.8,0.0,0.0,0.0,0.0,0.0,0.0,0.0,0.0,127.0,93.0,107.0,95.0,13.0,7.0,22.0,40.0,15.0,6.0,1.0
70.771,53,92569.0,600.0,83.0,600.0,621.0,0.0,1.0,0.0,0.0,0.481,0.02,0.425,0.514,0.485,0.033,0.418,0.526,0.0,0.0,-1.11,-4.82,-90.55,-90.63,0.0,0.0,0.0,0.0,0.0,0.0,0.57,1.0,1.0,1.2,-0.1,-3.1,-2.5,0.0,0.0,0.0,0.0,0.0,0.0,0.0,0.0,127.0,93.0,107.0,95.0,13.0,7.0,22.0,40.0,15.0,6.0,0.0
70.804,52,92621.0,600.0,83.0,600.0,621.0,0.0,1.0,0.0,0.0,0.491,0.019,0.465,0.516,0.497,0.033,0.466,0.529,0.0,0.0,-1.12,-4.83,-90.55,-90.63,0.0,0.0,0.0,0.0,0.0,0.0,0.57,1.0,1.0,1.0,-0.1,-2.7,-2.2,0.0,0.0,0.0,0.0,0.0,0.0,0.0,0.0,127.0,93.0,107.0,95.0,13.0,7.0,22.0,40.0,15.0,6.0,0.0
70.868,54,92675.0,600.0,83.0,600.0,621.0,0.0,1.0,0.0,0.0,0.491,0.019,0.465,0.516,0.497,0.033,0.466,0.529,0.0,0.0,-1.15,-4.86,-90.54,-90.63,0.0,0.0,0.0,0.0,0.0,0.0,0.57,1.0,1.0,1.0,-0.1,-2.7,-2.2,0.0,0.0,0.0,0.0,0.0,0.0,0.0,0.0,127.0,93.0,107.0,95.0,13.0,7.0,22.0,40.0,15.0,6.0,0.0
70.932,53,92728.0,600.0,84.0,600.0,621.0,0.0,1.0,0.0,0.0,0.491,0.019,0.465,0.516,0.497,0.033,0.466,0.529,0.0,0.0,-1.22,-4.92,-90.54,-90.63,0.0,0.0,0.0,0.0,0.0,0.0,0.57,1.0,1.0,0.8,-0.0,-2.1,-1.7,0.0,0.0,0.0,0.0,0.0,0.0,0.0,0.0,127.0,93.0,107.0,95.0,13.0,7.0,22.0,40.0,15.0,6.0,0.0
70.964,52,92780.0,600.0,84.0,600.0,621.0,0.0,1.0,0.0,0.0,0.491,0.019,0.465,0.516,0.497,0.033,0.466,0.529,0.0,0.0,-1.23,-4.93,-90.54,-90.63,0.0,0.0,0.0,0.0,0.0,0.0,0.57,1.0,1.0,0.7,-0.0,-1.8,-1.5,0.0,0.0,0.0,0.0,0.0,0.0,0.0,0.0,127.0,93.0,107.0,95.0,13.0,7.0,22.0,40.0,15.0,6.0,0.0
71.027,53,92833.0,600.0,84.0,600.0,620.0,0.0,1.0,0.0,0.0,0.496,0.019,0.484,0.516,0.503,0.034,0.489,0.53,0.0,0.0,-1.25,-4.96,-90.54,-90.54,0.0,0.0,0.0,0.0,0.0,0.0,0.57,1.0,1.0,0.6,-0.0,-1.6,-1.3,0.0,0.0,0.0,0.0,0.0,0.0,0.0,0.0,127.0,93.0,107.0,95.0,13.0,7.0,22.0,40.0,15.0,6.0,0.0
71.06,53,92886.0,600.0,84.0,600.0,620.0,0.0,1.0,0.0,0.0,0.496,0.019,0.484,0.516,0.503,0.034,0.489,0.53,0.0,0.0,-1.31,-5.0,-90.54,-90.54,0.0,0.0,0.0,0.0,0.0,0.0,0.57,1.0,1.0,0.5,-0.0,-1.4,-1.2,0.0,0.0,0.0,0.0,0.0,0.0,0.0,0.0,127.0,93.0,107.0,95.0,13.0,7.0,22.0,40.0,15.0,6.0,1.0
71.131,52,92938.0,600.0,84.0,600.0,620.0,0.0,1.0,0.0,0.0,0.496,0.019,0.484,0.516,0.503,0.034,0.489,0.53,0.0,0.0,-1.32,-5.0,-90.53,-90.54,0.0,0.0,0.0,0.0,0.0,0.0,0.57,1.0,1.0,0.5,-0.0,-1.3,-1.0,0.0,0.0,0.0,0.0,0.0,0.0,0.0,0.0,127.0,93.0,107.0,95.0,13.0,7.0,22.0,40.0,15.0,6.0,0.0
71.165,52,92990.0,600.0,84.0,600.0,620.0,0.0,1.0,0.0,0.0,0.496,0.019,0.484,0.516,0.503,0.034,0.489,0.53,0.0,0.0,-1.36,-5.04,-90.53,-90.54,0.0,0.0,0.0,0.0,0.0,0.0,0.57,1.0,1.0,0.5,-0.0,-1.1,-0.9,0.0,0.0,0.0,0.0,0.0,0.0,0.0,0.0,127.0,93.0,107.0,95.0,13.0,7.0,22.0,40.0,15.0,6.0,0.0
71.23,52,93042.0,600.0,84.0,600.0,619.0,0.0,1.0,0.0,0.0,0.498,0.019,0.493,0.516,0.506,0.034,0.499,0.531,0.0,0.0,-1.37,-5.05,-90.53,-90.54,0.0,0.0,0.0,0.0,0.0,0.0,0.57,1.0,1.0,0.4,-0.0,-1.0,-0.8,0.0,0.0,0.0,0.0,0.0,0.0,0.0,0.0,127.0,93.0,107.0,95.0,13.0,7.0,22.0,40.0,15.0,6.0,0.0
71.296,53,93095.0,600.0,84.0,600.0,619.0,0.0,1.0,0.0,0.0,0.498,0.019,0.493,0.516,0.506,0.034,0.499,0.531,0.0,0.0,-1.39,-5.06,-90.53,-90.54,0.0,0.0,0.0,0.0,0.0,0.0,0.57,1.0,1.0,0.4,-0.0,-1.0,-0.8,0.0,0.0,0.0,0.0,0.0,0.0,0.0,0.0,127.0,93.0,107.0,95.0,13.0,7.0,22.0,40.0,15.0,6.0,0.0
71.335,53,93148.0,600.0,85.0,600.0,619.0,0.0,1.0,0.0,0.0,0.498,0.019,0.493,0.516,0.506,0.034,0.499,0.531,0.0,0.0,-1.41,-5.08,-90.53,-90.54,0.0,0.0,0.0,0.0,0.0,0.0,0.57,1.0,1.0,0.3,-0.0,-0.8,-0.6,0.0,0.0,0.0,0.0,0.0,0.0,0.0,0.0,127.0,93.0,107.0,95.0,13.0,7.0,22.0,40.0,15.0,6.0,0.0
71.399,52,93200.0,600.0,85.0,600.0,619.0,0.0,1.0,0.0,0.0,0.498,0.019,0.493,0.516,0.506,0.034,0.499,0.531,0.0,0.0,-1.43,-5.1,-90.52,-90.54,0.0,0.0,0.0,0.0,0.0,0.0,0.57,1.0,1.0,0.2,-0.0,-0.7,-0.5,0.0,0.0,0.0,0.0,0.0,0.0,0.0,0.0,127.0,93.0,107.0,95.0,13.0,7.0,22.0,40.0,15.0,6.0,0.0
71.431,53,93253.0,600.0,85.0,600.0,620.0,0.0,1.0,0.0,0.0,0.499,0.02,0.497,0.516,0.507,0.034,0.504,0.531,0.0,0.0,-1.44,-5.12,-90.51,-90.54,0.0,0.0,0.0,0.0,0.0,0.0,0.57,1.0,1.0,0.3,-0.0,-0.6,-0.5,0.0,0.0,0.0,0.0,0.0,0.0,0.0,0.0,127.0,93.0,107.0,95.0,13.0,7.0,22.0,40.0,15.0,6.0,0.0
71.498,53,93306.0,600.0,85.0,600.0,620.0,0.0,1.0,0.0,0.0,0.499,0.02,0.497,0.516,0.507,0.034,0.504,0.531,0.0,0.0,-1.47,-5.15,-90.52,-90.54,0.0,0.0,0.0,0.0,0.0,0.0,0.57,1.0,1.0,0.2,-0.0,-0.5,-0.4,0.0,0.0,0.0,0.0,0.0,0.0,0.0,0.0,127.0,93.0,107.0,95.0,13.0,7.0,22.0,40.0,15.0,6.0,0.0
71.565,53,93359.0,600.0,86.0,600.0,620.0,0.0,1.0,0.0,0.0,0.499,0.02,0.497,0.516,0.507,0.034,0.504,0.531,0.0,0.0,-1.47,-5.16,-90.52,-90.54,0.0,0.0,0.0,0.0,0.0,0.0,0.57,1.0,1.0,0.2,-0.0,-0.5,-0.4,0.0,0.0,0.0,0.0,0.0,0.0,0.0,0.0,127.0,93.0,107.0,95.0,13.0,7.0,22.0,40.0,15.0,6.0,0.0
71.597,52,93411.0,600.0,86.0,600.0,620.0,0.0,1.0,0.0,0.0,0.499,0.02,0.497,0.516,0.507,0.034,0.504,0.531,0.0,0.0,-1.49,-5.16,-90.52,-90.54,0.0,0.0,0.0,0.0,0.0,0.0,0.57,1.0,1.0,0.2,-0.0,-0.4,-0.3,0.0,0.0,0.0,0.0,0.0,0.0,0.0,0.0,127.0,93.0,107.0,95.0,13.0,7.0,22.0,40.0,15.0,6.0,0.0
71.661,53,93464.0,600.0,86.0,600.0,621.0,0.0,1.0,0.0,0.0,0.5,0.02,0.498,0.517,0.507,0.034,0.506,0.531,0.0,0.0,-1.51,-5.19,-90.52,-90.54,0.0,0.0,0.0,0.0,0.0,0.0,0.57,1.0,1.0,0.1,-0.0,-0.4,-0.3,0.0,0.0,0.0,0.0,0.0,0.0,0.0,0.0,127.0,93.0,107.0,95.0,13.0,7.0,22.0,40.0,15.0,6.0,0.0
71.692,54,93518.0,600.0,86.0,600.0,621.0,0.0,1.0,0.0,0.0,0.5,0.02,0.498,0.517,0.507,0.034,0.506,0.531,0.0,0.0,-1.51,-5.2,-90.52,-90.54,0.0,0.0,0.0,0.0,0.0,0.0,0.57,1.0,1.0,0.1,-0.0,-0.3,-0.2,0.0,0.0,0.0,0.0,0.0,0.0,0.0,0.0,127.0,93.0,107.0,95.0,13.0,7.0,22.0,40.0,15.0,6.0,0.0
71.757,53,93571.0,600.0,86.0,600.0,621.0,0.0,1.0,0.0,0.0,0.5,0.02,0.498,0.517,0.507,0.034,0.506,0.531,0.0,0.0,-1.52,-5.21,-90.52,-90.54,0.0,0.0,0.0,0.0,0.0,0.0,0.57,1.0,1.0,0.1,-0.0,-0.3,-0.2,0.0,0.0,0.0,0.0,0.0,0.0,0.0,0.0,127.0,93.0,107.0,95.0,13.0,7.0,22.0,40.0,15.0,6.0,0.0
71.822,52,93623.0,600.0,86.0,600.0,621.0,0.0,1.0,0.0,0.0,0.5,0.02,0.498,0.517,0.507,0.034,0.506,0.531,0.0,0.0,-1.52,-5.23,-90.52,-90.54,0.0,0.0,0.0,0.0,0.0,0.0,0.57,1.0,1.0,0.1,-0.0,-0.2,-0.2,0.0,0.0,0.0,0.0,0.0,0.0,0.0,0.0,127.0,93.0,107.0,95.0,13.0,7.0,22.0,40.0,15.0,6.0,0.0
71.855,53,93676.0,600.0,86.0,600.0,622.0,0.0,1.0,0.0,0.0,0.5,0.02,0.499,0.518,0.508,0.035,0.507,0.532,0.0,0.0,-1.53,-5.23,-90.52,-90.54,0.0,0.0,0.0,0.0,0.0,0.0,0.57,1.0,1.0,0.1,-0.0,-0.2,-0.2,0.0,0.0,0.0,0.0,0.0,0.0,0.0,0.0,127.0,93.0,107.0,95.0,13.0,7.0,22.0,40.0,15.0,6.0,0.0
71.929,53,93729.0,600.0,86.0,600.0,622.0,0.0,1.0,0.0,0.0,0.5,0.02,0.499,0.518,0.508,0.035,0.507,0.532,0.0,0.0,-1.55,-5.25,-90.52,-90.54,0.0,0.0,0.0,0.0,0.0,0.0,0.57,1.0,1.0,0.1,-0.0,-0.2,-0.1,0.0,0.0,0.0,0.0,0.0,0.0,0.0,0.0,127.0,93.0,107.0,95.0,13.0,7.0,22.0,40.0,15.0,6.0,1.0
71.962,52,93781.0,600.0,86.0,600.0,622.0,0.0,1.0,0.0,0.0,0.5,0.02,0.499,0.518,0.508,0.035,0.507,0.532,0.0,0.0,-1.55,-5.25,-90.52,-90.54,0.0,0.0,0.0,0.0,0.0,0.0,0.57,1.0,1.0,0.1,-0.0,-0.2,-0.1,0.0,0.0,0.0,0.0,0.0,0.0,0.0,0.0,127.0,93.0,107.0,95.0,13.0,7.0,22.0,40.0,15.0,6.0,0.0
72.028,53,93834.0,600.0,86.0,600.0,622.0,0.0,1.0,0.0,0.0,0.5,0.02,0.499,0.518,0.508,0.035,0.507,0.532,0.0,0.0,-1.55,-5.26,-90.51,-90.54,0.0,0.0,0.0,0.0,0.0,0.0,0.57,1.0,1.0,0.1,-0.0,-0.2,-0.1,0.0,0.0,0.0,0.0,0.0,0.0,0.0,0.0,127.0,93.0,107.0,95.0,13.0,7.0,22.0,40.0,15.0,6.0,0.0
72.094,55,93889.0,600.0,86.0,600.0,623.0,0.0,1.0,0.0,0.0,0.5,0.02,0.5,0.518,0.508,0.035,0.507,0.533,0.0,0.0,-1.57,-5.28,-90.51,-90.54,0.0,0.0,0.0,2.0,10.0,0.0,0.57,1.0,1.0,0.0,-0.0,-0.1,-0.1,7.5,0.0,0.0,-7.5,70.0,0.0,0.0,52.0,127.0,93.0,107.0,95.0,13.0,7.0,22.0,40.0,15.0,6.0,0.0
72.128,53,93942.0,600.0,86.0,600.0,623.0,0.0,1.0,0.0,0.0,0.5,0.02,0.5,0.518,0.508,0.035,0.507,0.533,0.0,0.0,-1.58,-5.29,-90.51,-91.25,-2.0,0.0,0.0,2.0,10.0,0.0,0.57,1.0,1.0,0.1,-0.0,-0.1,-0.1,15.3,0.0,0.0,-15.3,70.0,0.0,0.0,52.0,127.0,93.0,107.0,95.0,13.0,7.0,22.0,40.0,15.0,6.0,0.0
72.193,53,93995.0,600.0,86.0,600.0,623.0,0.0,1.0,0.0,0.0,0.5,0.02,0.5,0.518,0.508,0.035,0.507,0.533,0.0,0.0,-1.59,-5.3,-90.51,-92.13,-3.3,0.0,0.0,2.0,10.0,0.0,0.57,1.0,1.0,0.2,-0.0,-0.1,-0.1,22.8,0.0,0.0,-22.8,129.0,0.0,0.0,97.0,127.0,93.0,107.0,95.0,13.0,7.0,22.0,40.0,15.0,6.0,0.0
72.225,53,94048.0,600.0,86.0,600.0,623.0,0.0,1.0,0.0,0.0,0.5,0.02,0.5,0.518,0.508,0.035,0.507,0.533,0.0,0.0,-1.61,-5.31,-90.52,-93.41,-4.6,0.0,0.0,2.0,10.0,0.0,0.57,1.0,1.0,1.6,1.2,-2.1,-0.4,30.2,0.0,0.0,-30.2,133.0,0.0,0.0,101.0,127.0,93.0,107.0,95.0,13.0,7.0,22.0,40.0,15.0,6.0,0.0
72.289,53,94101.0,600.0,86.0,600.0,623.0,0.0,1.0,0.0,0.0,0.5,0.02,0.5,0.518,0.508,0.035,0.507,0.533,0.0,0.0,-1.52,-5.24,-91.25,-94.99,-4.6,0.0,0.0,2.0,10.0,0.0,0.57,1.0,1.0,7.3,1.0,-6.2,0.9,33.1,0.0,0.0,-33.1,137.0,0.0,0.0,105.0,127.0,93.0,107.0,95.0,13.0,7.0,22.0,40.0,15.0,6.0,1.0
72.354,53,94154.0,600.0,86.0,600.0,623.0,0.0,1.0,0.0,0.0,0.5,0.02,0.5,0.518,0.508,0.035,0.507,0.533,0.0,0.0,-1.51,-5.21,-92.96,-97.72,-3.9,0.0,0.0,2.0,10.0,0.0,0.57,1.0,1.0,12.6,0.7,-9.8,0.7,33.1,0.0,0.0,-33.1,80.0,0.0,0.0,109.0,139.0,93.0,107.0,95.0,13.0,7.0,22.0,40.0,15.0,6.0,0.0
72.386,53,94207.0,600.0,86.0,600.0,623.0,0.0,1.0,0.0,0.0,0.5,0.02,0.5,0.518,0.508,0.035,0.507,0.533,0.0,0.0,-1.3,-5.18,-96.12,-99.54,-2.6,0.0,0.0,2.0,10.0,0.0,0.57,1.0,1.0,16.2,0.8,-14.3,0.3,31.8,0.0,0.0,-31.8,83.0,0.0,0.0,113.0,139.0,93.0,107.0,95.0,13.0,7.0,22.0,40.0,15.0,6.0,0.0
72.454,53,94260.0,600.0,86.0,600.0,623.0,0.0,1.0,0.0,0.0,0.5,0.02,0.5,0.518,0.508,0.035,0.507,0.533,0.0,0.0,-1.27,-5.15,-97.01,-101.33,-1.33,0.0,0.0,2.0,10.0,0.0,0.57,1.0,1.0,16.7,0.6,-17.4,0.3,30.5,0.0,0.0,-30.5,85.0,0.0,0.0,117.0,139.0,93.0,107.0,95.0,13.0,7.0,22.0,40.0,15.0,6.0,0.0
72.488,53,94313.0,600.0,86.0,600.0,623.0,0.0,1.0,0.0,0.0,0.5,0.02,0.5,0.518,0.508,0.035,0.507,0.533,0.0,0.0,-1.18,-5.1,-98.24,-103.29,-1.23,0.0,0.0,2.0,10.0,0.0,0.57,1.0,1.0,15.9,0.5,-18.6,0.2,30.4,0.0,0.0,-30.4,92.0,0.0,0.0,121.0,139.0,93.0,107.0,95.0,13.0,7.0,22.0,40.0,15.0,6.0,0.0
72.565,53,94366.0,600.0,86.0,600.0,623.0,0.0,1.0,0.0,0.0,0.5,0.02,0.5,0.518,0.508,0.035,0.507,0.533,0.0,0.0,-1.14,-5.1,-98.67,-104.2,-1.88,0.0,0.0,2.0,10.0,0.0,0.57,1.0,1.0,16.0,0.4,-19.9,0.2,31.8,0.0,0.0,-31.8,102.0,0.0,0.0,125.0,139.0,93.0,107.0,95.0,13.0,9.0,10.0,48.0,15.0,6.0,0.0
72.598,53,94419.0,600.0,86.0,600.0,623.0,0.0,1.0,0.0,0.0,0.5,0.02,0.5,0.518,0.508,0.035,0.507,0.533,0.0,0.0,-1.08,-5.08,-100.87,-107.0,-2.55,0.0,0.0,2.0,10.0,0.0,0.57,1.0,1.0,16.8,0.0,-21.3,0.1,31.8,0.0,0.0,-31.8,108.0,0.0,0.0,129.0,139.0,93.0,107.0,95.0,13.0,9.0,10.0,48.0,15.0,6.0,0.0
72.663,53,94472.0,600.0,86.0,600.0,623.0,0.0,1.0,0.0,0.0,0.5,0.02,0.5,0.518,0.508,0.035,0.507,0.533,0.0,0.0,-1.04,-5.16,-102.29,-108.01,-1.82,0.0,0.0,2.0,10.0,0.0,0.57,1.0,1.0,18.5,0.2,-24.1,-0.0,30.4,0.0,0.0,-30.4,110.0,0.0,0.0,133.0,139.0,93.0,107.0,95.0,13.0,9.0,10.0,48.0,15.0,6.0,0.0
72.737,53,94525.0,600.0,86.0,600.0,623.0,0.0,1.0,0.0,0.0,0.5,0.02,0.5,0.518,0.508,0.035,0.507,0.533,0.0,0.0,-1.04,-5.12,-104.03,-109.83,-0.52,0.0,0.0,2.0,10.0,0.0,0.57,1.0,1.0,22.4,0.2,-27.4,-1.0,29.0,0.0,0.0,-29.0,109.0,0.0,0.0,137.0,139.0,93.0,107.0,95.0,13.0,9.0,10.0,48.0,15.0,6.0,0.0
72.77,53,94578.0,600.0,86.0,600.0,623.0,0.0,1.0,0.0,0.0,0.5,0.02,0.5,0.518,0.508,0.035,0.507,0.533,0.0,0.0,-0.82,-5.0,-106.35,-111.72,0.83,0.0,0.0,2.0,10.0,0.0,0.57,1.0,1.0,23.9,0.0,-28.8,-2.5,27.7,0.0,0.0,-27.7,107.0,0.0,0.0,141.0,139.0,93.0,107.0,95.0,13.0,9.0,10.0,48.0,15.0,6.0,0.0
72.836,53,94631.0,600.0,86.0,600.0,623.0,0.0,1.0,0.0,0.0,0.5,0.02,0.5,0.518,0.508,0.035,0.507,0.533,0.0,0.0,-0.54,-4.95,-108.6,-113.68,2.23,0.0,0.0,2.0,10.0,0.0,0.57,1.0,1.0,26.7,-0.1,-30.9,-6.2,26.4,0.0,0.0,-26.4,103.0,0.0,0.0,145.0,139.0,93.0,107.0,95.0,13.0,9.0,10.0,48.0,15.0,6.0,0.0
72.869,53,94684.0,600.0,86.0,600.0,623.0,0.0,1.0,0.0,0.0,0.5,0.02,0.5,0.518,0.508,0.035,0.507,0.533,0.0,0.0,-0.68,-4.98,-110.23,-115.43,3.48,0.0,0.0,2.0,10.0,0.0,0.57,1.0,1.0,27.6,0.0,-32.5,-1.2,25.1,0.0,0.0,-25.1,99.0,0.0,0.0,149.0,139.0,93.0,107.0,95.0,13.0,9.0,10.0,48.0,15.0,6.0,0.0
72.934,53,94737.0,600.0,86.0,600.0,623.0,0.0,1.0,0.0,0.0,0.5,0.02,0.5,0.518,0.508,0.035,0.507,0.533,0.0,0.0,-0.75,-4.89,-112.8,-117.29,4.8,0.0,0.0,2.0,10.0,0.0,0.57,1.0,1.0,27.2,-0.0,-35.6,-1.4,23.8,0.0,0.0,-23.8,95.0,0.0,0.0,153.0,139.0,93.0,107.0,95.0,13.0,9.0,10.0,48.0,15.0,6.0,0.0
72.966,53,94790.0,600.0,86.0,600.0,623.0,0.0,1.0,0.0,0.0,0.5,0.02,0.5,0.518,0.508,0.035,0.507,0.533,0.0,0.0,-0.4,-4.71,-114.53,-119.07,6.08,0.0,0.0,2.0,10.0,0.0,0.57,1.0,1.0,30.2,0.0,-36.9,-4.9,22.4,0.0,0.0,-22.4,87.0,0.0,0.0,157.0,139.0,93.0,107.0,95.0,13.0,9.0,10.0,48.0,15.0,6.0,0.0
73.032,53,94843.0,600.0,86.0,600.0,623.0,0.0,1.0,0.0,0.0,0.5,0.02,0.5,0.518,0.508,0.035,0.507,0.533,0.0,0.0,-0.5,-4.59,-116.95,-121.03,7.48,0.0,0.0,2.0,10.0,0.0,0.57,1.0,1.0,23.4,0.0,-37.2,-12.2,21.1,0.0,0.0,-21.1,84.0,0.0,0.0,66.0,139.0,93.0,107.0,159.0,11.0,9.0,4.0,49.0,15.0,6.0,0.0
73.098,53,94896.0,600.0,86.0,600.0,623.0,0.0,1.0,0.0,0.0,0.5,0.02,0.5,0.518,0.508,0.035,0.507,0.533,0.0,0.0,-0.48,-4.62,-118.88,-122.96,8.85,0.0,0.0,2.0,10.0,0.0,0.57,1.0,1.0,20.1,-0.1,-36.4,-22.1,20.7,0.0,0.0,-20.7,84.0,0.0,0.0,55.0,139.0,93.0,107.0,159.0,11.0,9.0,4.0,49.0,15.0,6.0,0.0
73.137,53,94949.0,600.0,86.0,600.0,623.0,0.0,1.0,0.0,0.0,0.5,0.02,0.5,0.518,0.508,0.035,0.507,0.533,0.0,0.0,-0.38,-4.59,-120.07,-124.78,7.88,0.0,0.0,2.0,10.0,0.0,0.57,1.0,1.0,21.8,-0.3,-32.5,-27.3,22.1,0.0,0.0,-22.1,86.0,0.0,0.0,58.0,139.0,93.0,107.0,159.0,11.0,9.0,4.0,49.0,15.0,6.0,0.0
73.203,53,95002.0,600.0,86.0,600.0,623.0,0.0,1.0,0.0,0.0,0.5,0.02,0.5,0.518,0.508,0.035,0.507,0.533,0.0,0.0,-0.27,-4.58,-121.18,-126.74,6.48,0.0,0.0,2.0,10.0,0.0,0.57,1.0,1.0,16.8,-1.3,-28.5,-25.0,23.4,0.0,0.0,-23.4,93.0,0.0,0.0,62.0,139.0,93.0,107.0,159.0,11.0,9.0,4.0,49.0,15.0,6.0,0.0
73.236,53,95055.0,600.0,86.0,600.0,623.0,0.0,1.0,0.0,0.0,0.5,0.02,0.5,0.518,0.508,0.035,0.507,0.533,0.0,0.0,-0.36,-4.58,-121.65,-128.63,5.13,0.0,0.0,2.0,10.0,0.0,0.57,1.0,1.0,12.9,-0.9,-25.0,-19.2,24.7,0.0,0.0,-24.7,101.0,0.0,0.0,76.0,139.0,93.0,107.0,159.0,11.0,9.0,4.0,49.0,15.0,6.0,0.0
73.301,53,95108.0,600.0,86.0,600.0,623.0,0.0,1.0,0.0,0.0,0.5,0.02,0.5,0.518,0.508,0.035,0.507,0.533,0.0,0.0,-0.38,-4.6,-121.93,-130.41,3.86,0.0,0.0,2.0,10.0,0.0,0.57,1.0,1.0,9.9,-0.4,-22.0,-15.8,26.1,0.0,0.0,-26.1,139.0,0.0,0.0,79.0,139.0,93.0,107.0,159.0,11.0,9.0,4.0,49.0,15.0,6.0,0.0
73.37,53,95161.0,600.0,86.0,600.0,623.0,0.0,1.0,0.0,0.0,0.5,0.02,0.5,0.518,0.508,0.035,0.507,0.533,0.0,0.0,-0.42,-4.59,-122.26,-132.37,2.46,0.0,0.0,2.0,10.0,0.0,0.57,1.0,1.0,7.9,-0.1,-18.9,-12.8,27.4,0.0,0.0,-27.4,143.0,0.0,0.0,88.0,139.0,93.0,107.0,159.0,11.0,9.0,4.0,49.0,15.0,6.0,1.0
73.403,53,95214.0,600.0,86.0,600.0,623.0,0.0,1.0,0.0,0.0,0.5,0.02,0.5,0.518,0.508,0.035,0.507,0.533,0.0,0.0,-0.43,-4.59,-122.53,-134.33,1.06,0.0,0.0,2.0,10.0,0.0,0.57,1.0,1.0,5.3,0.0,-17.8,-11.2,28.2,0.0,0.0,-28.2,145.0,0.0,0.0,95.0,139.0,93.0,107.0,159.0,11.0,9.0,4.0,49.0,15.0,6.0,0.0
73.469,53,95267.0,600.0,86.0,600.0,623.0,0.0,1.0,0.0,0.0,0.5,0.02,0.5,0.518,0.508,0.035,0.507,0.533,0.0,0.0,-0.53,-4.66,-123.25,-136.15,-0.24,0.0,0.0,2.0,10.0,0.0,0.57,1.0,1.0,9.6,0.1,-18.0,-8.4,29.5,0.0,0.0,-29.5,149.0,0.0,0.0,161.0,139.0,93.0,107.0,159.0,11.0,9.0,4.0,49.0,15.0,6.0,0.0
73.501,53,95320.0,600.0,86.0,600.0,623.0,0.0,1.0,0.0,0.0,0.5,0.02,0.5,0.518,0.508,0.035,0.507,0.533,0.0,0.0,-0.28,-4.54,-125.67,-138.08,-1.62,0.0,0.0,2.0,10.0,0.0,0.57,1.0,1.0,21.6,0.4,-23.8,-5.8,30.8,0.0,0.0,-30.8,122.0,0.0,0.0,165.0,149.0,93.0,107.0,159.0,11.0,9.0,4.0,49.0,15.0,6.0,0.0
73.575,53,95373.0,600.0,86.0,600.0,623.0,0.0,1.0,0.0,0.0,0.5,0.02,0.5,0.518,0.508,0.035,0.507,0.533,0.0,0.0,-0.06,-4.43,-129.28,-140.04,-3.02,0.0,0.0,2.0,10.0,0.0,0.57,1.0,1.0,26.5,0.5,-30.8,-6.4,32.2,0.0,0.0,-32.2,127.0,0.0,0.0,169.0,149.0,93.0,107.0,159.0,25.0,9.0,4.0,33.0,15.0,6.0,0.0
73.608,53,95426.0,600.0,86.0,600.0,623.0,0.0,1.0,0.0,0.0,0.5,0.02,0.5,0.518,0.508,0.035,0.507,0.533,0.0,0.0,-0.32,-4.5,-131.38,-141.86,-3.27,0.0,0.0,2.0,10.0,0.0,0.57,1.0,1.0,21.7,0.1,-36.6,-7.8,32.5,0.0,0.0,-32.5,132.0,0.0,0.0,170.0,149.0,93.0,107.0,159.0,25.0,9.0,4.0,33.0,15.0,6.0,0.0
73.674,53,95479.0,600.0,86.0,600.0,623.0,0.0,1.0,0.0,0.0,0.5,0.02,0.5,0.518,0.508,0.035,0.507,0.533,0.0,0.0,-0.22,-4.41,-134.84,-143.71,-1.95,0.0,0.0,2.0,10.0,0.0,0.57,1.0,1.0,26.2,0.2,-41.6,-10.1,31.2,0.0,0.0,-31.2,131.0,0.0,0.0,108.0,149.0,93.0,107.0,157.0,25.0,9.0,4.0,33.0,15.0,6.0,0.0
73.707,53,95532.0,600.0,86.0,600.0,623.0,0.0,1.0,0.0,0.0,0.5,0.02,0.5,0.518,0.508,0.035,0.507,0.533,0.0,0.0,-0.17,-4.35,-136.21,-145.46,-0.7,0.0,0.0,2.0,10.0,0.0,0.57,1.0,1.0,30.4,0.3,-43.3,-14.7,29.9,0.0,0.0,-29.9,127.0,0.0,0.0,110.0,149.0,93.0,107.0,157.0,25.0,9.0,4.0,33.0,15.0,6.0,0.0
73.782,53,95585.0,600.0,86.0,600.0,623.0,0.0,1.0,0.0,0.0,0.5,0.02,0.5,0.518,0.508,0.035,0.507,0.533,0.0,0.0,-0.02,-4.27,-140.42,-147.35,0.65,0.0,0.0,2.0,10.0,0.0,0.57,1.0,1.0,29.1,0.2,-40.4,-17.3,28.6,0.0,0.0,-28.6,124.0,0.0,0.0,110.0,149.0,93.0,107.0,157.0,25.0,9.0,4.0,33.0,15.0,6.0,0.0
73.815,53,95638.0,600.0,86.0,600.0,623.0,0.0,1.0,0.0,0.0,0.5,0.02,0.5,0.518,0.508,0.035,0.507,0.533,0.0,0.0,-0.03,-4.27,-142.74,-149.24,2.0,0.0,0.0,2.0,10.0,0.0,0.57,1.0,1.0,28.4,0.1,-37.8,-18.9,27.2,0.0,0.0,-27.2,121.0,0.0,0.0,110.0,149.0,93.0,107.0,157.0,25.0,9.0,4.0,33.0,15.0,6.0,0.0
73.882,53,95691.0,600.0,86.0,600.0,623.0,0.0,1.0,0.0,0.0,0.5,0.02,0.5,0.518,0.508,0.035,0.507,0.533,0.0,0.0,-0.13,-4.22,-144.1,-151.03,1.96,0.0,0.0,2.0,10.0,0.0,0.57,1.0,1.0,30.2,0.1,-35.7,-19.0,27.3,0.0,0.0,-27.3,119.0,0.0,0.0,113.0,149.0,93.0,107.0,157.0,25.0,9.0,4.0,33.0,15.0,6.0,0.0
73.95,53,95744.0,600.0,86.0,600.0,623.0,0.0,1.0,0.0,0.0,0.5,0.02,0.5,0.518,0.508,0.035,0.507,0.533,0.0,0.0,0.01,-4.16,-145.6,-152.99,0.56,0.0,0.0,2.0,10.0,0.0,0.57,1.0,1.0,31.5,0.2,-33.6,-21.1,28.7,0.0,0.0,-28.7,121.0,0.0,0.0,120.0,149.0,93.0,107.0,157.0,25.0,9.0,4.0,33.0,15.0,6.0,0.0
73.982,53,95797.0,600.0,86.0,600.0,623.0,0.0,1.0,0.0,0.0,0.5,0.02,0.5,0.518,0.508,0.035,0.507,0.533,0.0,0.0,0.11,-4.1,-147.74,-154.91,-0.81,0.0,0.0,2.0,10.0,0.0,0.57,1.0,1.0,31.4,0.1,-32.2,-23.6,30.0,0.0,0.0,-30.0,123.0,0.0,0.0,126.0,149.0,93.0,107.0,157.0,25.0,9.0,4.0,33.0,15.0,6.0,0.0
74.046,53,95850.0,600.0,86.0,600.0,623.0,0.0,1.0,0.0,0.0,0.5,0.02,0.5,0.518,0.508,0.035,0.507,0.533,0.0,0.0,0.02,-3.97,-149.14,-156.73,-2.11,0.0,0.0,2.0,10.0,0.0,0.57,1.0,1.0,32.3,-0.0,-31.2,-26.0,31.3,0.0,0.0,-31.3,126.0,0.0,0.0,132.0,149.0,93.0,107.0,157.0,25.0,9.0,8.0,7.0,15.0,6.0,0.0
74.079,54,95904.0,600.0,86.0,600.0,623.0,0.0,1.0,0.0,0.0,0.5,0.02,0.5,0.518,0.508,0.035,0.507,0.533,0.0,0.0,0.08,-3.95,-151.81,-158.66,-0.74,0.0,0.0,2.0,10.0,0.0,0.57,1.0,1.0,33.4,0.1,-34.3,-24.4,30.0,0.0,0.0,-30.0,121.0,0.0,0.0,131.0,149.0,93.0,107.0,157.0,25.0,9.0,8.0,7.0,15.0,6.0,0.0
74.145,53,95957.0,600.0,86.0,600.0,623.0,0.0,1.0,0.0,0.0,0.5,0.02,0.5,0.518,0.508,0.035,0.507,0.533,0.0,0.0,0.08,-3.94,-154.11,-160.49,0.61,0.0,0.0,2.0,10.0,0.0,0.57,1.0,1.0,34.0,-0.0,-35.9,-25.7,27.4,0.0,0.0,-27.4,112.0,0.0,0.0,124.0,149.0,93.0,107.0,157.0,25.0,9.0,8.0,7.0,15.0,6.0,0.0
74.21,53,96010.0,600.0,86.0,600.0,623.0,0.0,1.0,0.0,0.0,0.5,0.02,0.5,0.518,0.508,0.035,0.507,0.533,0.0,0.0,0.22,-3.8,-155.84,-162.11,1.91,0.0,0.0,2.0,10.0,0.0,0.57,1.0,1.0,33.9,-0.0,-36.6,-26.2,23.7,0.0,0.0,-23.7,99.0,0.0,0.0,113.0,149.0,93.0,107.0,157.0,25.0,9.0,8.0,7.0,15.0,6.0,0.0
74.242,53,96063.0,600.0,86.0,600.0,623.0,0.0,1.0,0.0,0.0,0.5,0.02,0.5,0.518,0.508,0.035,0.507,0.533,0.0,0.0,0.15,-3.77,-158.1,-163.66,3.26,0.0,0.0,2.0,10.0,0.0,0.57,1.0,1.0,29.9,-0.0,-36.1,-28.9,19.8,0.0,0.0,-19.8,86.0,0.0,0.0,98.0,149.0,93.0,107.0,157.0,25.0,9.0,8.0,7.0,15.0,6.0,0.0
74.306,53,96116.0,600.0,86.0,600.0,623.0,0.0,1.0,0.0,0.0,0.5,0.02,0.5,0.518,0.508,0.035,0.507,0.533,0.0,0.0,0.03,-3.72,-159.37,-165.12,2.0,0.0,0.0,2.0,10.0,0.0,0.57,1.0,1.0,26.1,-0.1,-34.2,-28.9,19.9,0.0,0.0,-19.9,84.0,0.0,0.0,95.0,149.0,93.0,107.0,157.0,25.0,9.0,8.0,7.0,15.0,6.0,0.0
74.371,53,96169.0,600.0,86.0,600.0,623.0,0.0,1.0,0.0,0.0,0.5,0.02,0.5,0.518,0.508,0.035,0.507,0.533,0.0,0.0,0.17,-3.74,-160.18,-166.43,0.7,0.0,0.0,2.0,10.0,0.0,0.57,1.0,1.0,23.7,0.2,-31.6,-30.8,20.2,0.0,0.0,-20.2,84.0,0.0,0.0,90.0,149.0,93.0,107.0,157.0,25.0,9.0,8.0,7.0,15.0,6.0,0.0
74.403,53,96222.0,600.0,86.0,600.0,623.0,0.0,1.0,0.0,0.0,0.5,0.02,0.5,0.518,0.508,0.035,0.507,0.533,0.0,0.0,0.32,-3.69,-161.48,-167.78,-0.65,0.0,0.0,2.0,10.0,0.0,0.57,1.0,1.0,22.9,0.1,-28.6,-33.8,21.5,0.0,0.0,-21.5,86.0,0.0,0.0,88.0,149.0,93.0,107.0,157.0,25.0,9.0,8.0,7.0,15.0,6.0,0.0
74.467,53,96275.0,600.0,86.0,600.0,623.0,0.0,1.0,0.0,0.0,0.5,0.02,0.5,0.518,0.508,0.035,0.507,0.533,0.0,0.0,0.39,-3.67,-162.68,-169.16,-2.02,0.0,0.0,2.0,10.0,0.0,0.57,1.0,1.0,20.8,0.1,-26.0,-33.3,22.9,0.0,0.0,-22.9,90.0,0.0,0.0,88.0,149.0,93.0,107.0,157.0,25.0,9.0,8.0,7.0,15.0,6.0,0.0
74.542,53,96328.0,600.0,86.0,600.0,623.0,0.0,1.0,0.0,0.0,0.5,0.02,0.5,0.518,0.508,0.035,0.507,0.533,0.0,0.0,0.26,-3.61,-163.28,-170.46,-3.32,0.0,0.0,2.0,10.0,0.0,0.57,1.0,1.0,17.4,0.1,-22.6,-28.6,24.2,0.0,0.0,-24.2,97.0,0.0,0.0,90.0,149.0,93.0,107.0,157.0,25.0,9.0,8.0,7.0,15.0,6.0,0.0
74.575,53,96381.0,600.0,86.0,600.0,623.0,0.0,1.0,0.0,0.0,0.5,0.02,0.5,0.518,0.508,0.035,0.507,0.533,0.0,0.0,0.24,-3.62,-164.32,-171.78,-4.65,0.0,0.0,2.0,10.0,0.0,0.57,1.0,1.0,16.4,0.2,-20.6,-23.5,25.5,0.0,0.0,-25.5,104.0,0.0,0.0,95.0,149.0,93.0,107.0,157.0,11.0,9.0,10.0,13.0,15.0,6.0,0.0
74.608,53,96434.0,600.0,86.0,600.0,623.0,0.0,1.0,0.0,0.0,0.5,0.02,0.5,0.518,0.508,0.035,0.507,0.533,0.0,0.0,0.11,-3.73,-165.12,-173.03,-5.9,0.0,0.0,2.0,10.0,0.0,0.57,1.0,1.0,16.1,0.2,-20.7,-19.8,26.8,0.0,0.0,-26.8,111.0,0.0,0.0,102.0,149.0,93.0,107.0,157.0,11.0,9.0,10.0,13.0,15.0,6.0,0.0
74.671,53,96487.0,600.0,86.0,600.0,623.0,0.0,1.0,0.0,0.0,0.5,0.02,0.5,0.518,0.508,0.035,0.507,0.533,0.0,0.0,0.04,-3.77,-166.53,-174.35,-7.22,0.0,0.0,2.0,10.0,0.0,0.57,1.0,1.0,16.7,0.1,-21.3,-18.7,28.1,0.0,0.0,-28.1,119.0,0.0,0.0,110.0,149.0,93.0,107.0,157.0,11.0,9.0,10.0,13.0,15.0,6.0,0.0
74.737,53,96540.0,600.0,86.0,600.0,623.0,0.0,1.0,0.0,0.0,0.5,0.02,0.5,0.518,0.508,0.035,0.507,0.533,0.0,0.0,0.13,-3.73,-168.13,-175.75,-8.62,0.0,0.0,2.0,10.0,0.0,0.57,1.0,1.0,18.6,0.1,-21.4,-19.6,29.5,0.0,0.0,-29.5,127.0,0.0,0.0,118.0,149.0,93.0,107.0,157.0,11.0,9.0,10.0,13.0,15.0,6.0,0.0
74.77,53,96593.0,600.0,86.0,600.0,623.0,0.0,1.0,0.0,0.0,0.5,0.02,0.5,0.518,0.508,0.035,0.507,0.533,0.0,0.0,0.29,-3.65,-168.99,-177.05,-9.92,0.0,0.0,2.0,10.0,0.0,0.57,1.0,1.0,20.2,0.1,-21.0,-23.2,30.8,0.0,0.0,-30.8,134.0,0.0,0.0,124.0,149.0,93.0,107.0,157.0,11.0,9.0,10.0,13.0,15.0,6.0,0.0
74.836,53,96646.0,600.0,86.0,600.0,623.0,0.0,1.0,0.0,0.0,0.5,0.02,0.5,0.518,0.508,0.035,0.507,0.533,0.0,0.0,0.33,-3.62,-170.46,-178.4,-11.27,0.0,0.0,2.0,10.0,0.0,0.57,1.0,1.0,22.2,0.1,-20.9,-23.3,32.1,0.0,0.0,-32.1,141.0,0.0,0.0,131.0,149.0,93.0,107.0,157.0,11.0,9.0,10.0,13.0,15.0,6.0,0.0
74.902,53,96699.0,600.0,86.0,600.0,623.0,0.0,1.0,0.0,0.0,0.5,0.02,0.5,0.518,0.508,0.035,0.507,0.533,0.0,0.0,0.21,-3.6,-172.38,-179.75,-9.92,0.0,0.0,2.0,10.0,0.0,0.57,1.0,1.0,24.0,0.1,-22.6,-22.9,30.8,0.0,0.0,-30.8,140.0,0.0,0.0,131.0,149.0,93.0,107.0,157.0,11.0,9.0,10.0,13.0,15.0,6.0,0.0
74.935,53,96752.0,600.0,86.0,600.0,623.0,0.0,1.0,0.0,0.0,0.5,0.02,0.5,0.518,0.508,0.035,0.507,0.533,0.0,0.0,0.19,-3.63,-174.11,-181.05,-8.62,0.0,0.0,2.0,10.0,0.0,0.57,1.0,1.0,27.1,0.1,-25.9,-22.4,29.5,0.0,0.0,-29.5,138.0,0.0,0.0,131.0,149.0,93.0,107.0,157.0,11.0,9.0,10.0,13.0,15.0,6.0,0.0
74.999,53,96805.0,600.0,86.0,600.0,623.0,0.0,1.0,0.0,0.0,0.5,0.02,0.5,0.518,0.508,0.035,0.507,0.533,0.0,0.0,0.34,-3.5,-176.47,-182.4,-7.27,0.0,0.0,2.0,10.0,0.0,0.57,1.0,1.0,30.4,0.1,-29.2,-23.4,28.1,0.0,0.0,-28.1,133.0,0.0,0.0,129.0,149.0,93.0,107.0,157.0,11.0,9.0,10.0,13.0,15.0,6.0,0.0
75.032,53,96858.0,600.0,86.0,600.0,623.0,0.0,1.0,0.0,0.0,0.5,0.02,0.5,0.518,0.508,0.035,0.507,0.533,0.0,0.0,0.32,-3.39,-178.81,-182.4,0.0,0.0,0.0,2.0,10.0,0.0,0.57,1.0,1.0,30.7,0.0,-29.6,-24.2,0.0,0.0,0.0,0.0,0.0,0.0,0.0,0.0,149.0,93.0,107.0,157.0,13.0,9.0,4.0,5.0,15.0,6.0,0.0
75.097,53,96911.0,600.0,86.0,600.0,623.0,0.0,1.0,0.0,0.0,0.5,0.02,0.5,0.518,0.508,0.035,0.507,0.533,0.0,0.0,0.27,-3.37,-179.72,-182.4,0.0,0.0,0.0,2.0,10.0,0.0,0.57,1.0,1.0,23.4,-3.3,-24.5,-14.8,0.0,0.0,0.0,0.0,0.0,0.0,0.0,0.0,149.0,93.0,107.0,157.0,13.0,9.0,4.0,5.0,15.0,6.0,0.0
75.65,535,97446.0,600.0,86.0,600.0,623.0,0.0,1.0,0.0,0.0,0.5,0.02,0.5,0.518,0.508,0.035,0.507,0.533,0.0,0.0,0.01,-3.73,-179.86,-179.86,0.0,0.0,0.0,0.0,0.0,7.0,-0.65,1.0,1.0,3.4,-0.4,-3.6,-2.0,0.0,0.0,0.0,0.0,0.0,0.0,0.0,0.0,149.0,93.0,107.0,157.0,13.0,9.0,4.0,5.0,15.0,6.0,0.0
75.749,104,97550.0,600.0,88.0,600.0,623.0,0.0,1.0,0.0,0.0,0.5,0.02,0.5,0.518,0.508,0.035,0.507,0.533,0.0,0.0,-0.81,-4.5,-179.86,-179.86,0.0,0.0,0.0,0.0,0.0,0.0,-0.65,1.0,1.0,2.3,-0.3,-2.5,-1.4,0.0,0.0,0.0,0.0,0.0,0.0,0.0,0.0,149.0,93.0,107.0,157.0,17.0,5.0,6.0,9.0,15.0,6.0,1.0
75.782,53,97603.0,600.0,88.0,542.0,623.0,0.0,1.0,0.0,0.0,0.5,0.02,0.5,0.518,0.508,0.035,0.507,0.533,0.0,0.0,-0.97,-4.66,-179.78,-179.86,0.0,0.0,0.0,0.0,0.0,0.0,-0.65,1.0,1.0,2.0,-0.2,-2.2,-1.2,0.0,0.0,0.0,0.0,0.0,0.0,0.0,0.0,149.0,93.0,107.0,157.0,17.0,5.0,6.0,9.0,15.0,6.0,1.0
75.814,36,97639.0,600.0,88.0,542.0,600.0,0.0,1.0,0.0,0.0,0.5,0.021,0.473,0.509,0.508,0.035,0.485,0.524,0.0,0.0,-1.06,-4.74,-179.78,-179.86,0.0,0.0,0.0,0.0,0.0,0.0,-0.65,1.0,1.0,1.8,-0.2,-1.9,-1.0,0.0,0.0,0.0,0.0,0.0,0.0,0.0,0.0,149.0,93.0,107.0,157.0,17.0,5.0,6.0,9.0,15.0,6.0,0.0
75.943,96,97735.0,600.0,89.0,542.0,600.0,0.0,1.0,0.0,0.0,0.5,0.021,0.473,0.509,0.508,0.035,0.485,0.524,0.0,0.0,-1.16,-4.82,-179.77,-179.86,0.0,0.0,0.0,0.0,0.0,0.0,-0.65,1.0,1.0,1.6,-0.2,-1.7,-0.8,0.0,0.0,0.0,0.0,0.0,0.0,0.0,0.0,149.0,93.0,107.0,157.0,17.0,5.0,6.0,9.0,15.0,6.0,0.0
75.975,53,97788.0,600.0,89.0,543.0,600.0,0.0,1.0,0.0,0.0,0.5,0.021,0.473,0.509,0.508,0.035,0.485,0.524,0.0,0.0,-1.23,-4.9,-179.76,-179.76,0.0,0.0,0.0,0.0,0.0,0.0,-0.65,1.0,1.0,1.2,-0.1,-1.3,-0.7,0.0,0.0,0.0,0.0,0.0,0.0,0.0,0.0,149.0,93.0,107.0,157.0,17.0,5.0,6.0,9.0,15.0,6.0,0.0
76.039,52,97840.0,600.0,89.0,543.0,600.0,0.0,1.0,0.0,0.0,0.5,0.021,0.461,0.504,0.508,0.035,0.47,0.519,0.0,0.0,-1.24,-4.91,-179.76,-179.76,0.0,0.0,0.0,0.0,0.0,0.0,-0.65,1.0,1.0,1.2,-0.1,-1.3,-0.6,0.0,0.0,0.0,0.0,0.0,0.0,0.0,0.0,149.0,93.0,107.0,157.0,17.0,5.0,6.0,9.0,15.0,6.0,0.0
76.07,53,97893.0,600.0,89.0,543.0,600.0,0.0,1.0,0.0,0.0,0.5,0.021,0.461,0.504,0.508,0.035,0.47,0.519,0.0,0.0,-1.3,-4.96,-179.76,-179.76,0.0,0.0,0.0,0.0,0.0,0.0,-0.65,1.0,1.0,0.9,-0.1,-1.0,-0.6,0.0,0.0,0.0,0.0,0.0,0.0,0.0,0.0,149.0,93.0,107.0,157.0,17.0,5.0,6.0,9.0,15.0,6.0,0.0
76.141,53,97946.0,600.0,89.0,543.0,600.0,0.0,1.0,0.0,0.0,0.5,0.021,0.461,0.504,0.508,0.035,0.47,0.519,0.0,0.0,-1.3,-4.98,-179.76,-179.76,0.0,0.0,0.0,0.0,0.0,0.0,-0.65,1.0,1.0,0.8,-0.1,-0.9,-0.5,0.0,0.0,0.0,0.0,0.0,0.0,0.0,0.0,149.0,93.0,107.0,157.0,17.0,5.0,6.0,9.0,15.0,6.0,0.0
76.174,52,97998.0,600.0,89.0,545.0,600.0,0.0,1.0,0.0,0.0,0.5,0.021,0.461,0.504,0.508,0.035,0.47,0.519,0.0,0.0,-1.33,-5.01,-179.76,-179.76,0.0,0.0,0.0,0.0,0.0,0.0,-0.65,1.0,1.0,0.7,-0.1,-0.8,-0.4,0.0,0.0,0.0,0.0,0.0,0.0,0.0,0.0,149.0,93.0,107.0,157.0,17.0,5.0,6.0,9.0,15.0,6.0,0.0
76.208,36,98034.0,600.0,89.0,545.0,600.0,0.0,1.0,0.0,0.0,0.5,0.021,0.456,0.502,0.508,0.035,0.464,0.516,0.0,0.0,-1.37,-5.03,-179.75,-179.76,0.0,0.0,0.0,0.0,0.0,0.0,-0.65,1.0,1.0,0.6,-0.1,-0.7,-0.4,0.0,0.0,0.0,0.0,0.0,0.0,0.0,0.0,149.0,93.0,107.0,157.0,17.0,5.0,6.0,9.0,15.0,6.0,0.0
76.306,96,98130.0,600.0,90.0,545.0,600.0,0.0,1.0,0.0,0.0,0.5,0.021,0.456,0.502,0.508,0.035,0.464,0.516,0.0,0.0,-1.41,-5.08,-179.75,-179.76,0.0,0.0,0.0,0.0,0.0,0.0,-0.65,1.0,1.0,0.5,-0.5,-0.5,-0.3,0.0,0.0,0.0,0.0,0.0,0.0,0.0,0.0,149.0,93.0,107.0,157.0,17.0,5.0,6.0,9.0,15.0,6.0,1.0
76.373,53,98183.0,600.0,90.0,548.0,600.0,0.0,1.0,0.0,0.0,0.5,0.021,0.456,0.502,0.508,0.035,0.464,0.516,0.0,0.0,-1.43,-5.1,-179.74,-179.76,0.0,0.0,0.0,0.0,0.0,0.0,-0.65,1.0,1.0,0.4,-0.4,-0.5,-0.3,0.0,0.0,0.0,0.0,0.0,0.0,0.0,0.0,149.0,93.0,107.0,157.0,17.0,5.0,6.0,9.0,15.0,6.0,0.0
76.437,52,98235.0,600.0,90.0,548.0,600.0,0.0,1.0,0.0,0.0,0.5,0.022,0.455,0.501,0.508,0.036,0.463,0.515,0.0,0.0,-1.45,-5.11,-179.74,-179.76,0.0,0.0,0.0,0.0,0.0,0.0,-0.65,1.0,1.0,0.4,-0.3,-0.4,-0.2,0.0,0.0,0.0,0.0,0.0,0.0,0.0,0.0,149.0,93.0,107.0,157.0,17.0,5.0,6.0,9.0,15.0,6.0,1.0
76.469,53,98288.0,600.0,90.0,548.0,600.0,0.0,1.0,0.0,0.0,0.5,0.022,0.455,0.501,0.508,0.036,0.463,0.515,0.0,0.0,-1.47,-5.14,-179.74,-179.76,0.0,0.0,0.0,0.0,0.0,0.0,-0.65,1.0,1.0,0.3,-0.3,-0.4,-0.2,0.0,0.0,0.0,0.0,0.0,0.0,0.0,0.0,149.0,93.0,107.0,157.0,17.0,5.0,6.0,9.0,15.0,6.0,0.0
76.539,51,98339.0,600.0,90.0,548.0,600.0,0.0,1.0,0.0,0.0,0.5,0.022,0.455,0.501,0.508,0.036,0.463,0.515,0.0,0.0,-1.48,-5.15,-179.73,-179.76,0.0,0.0,0.0,0.0,0.0,0.0,-0.65,1.0,1.0,0.3,-0.3,-0.4,-0.2,0.0,0.0,0.0,0.0,0.0,0.0,0.0,0.0,149.0,93.0,107.0,157.0,17.0,5.0,6.0,9.0,15.0,6.0,0.0
76.571,54,98393.0,600.0,90.0,549.0,600.0,0.0,1.0,0.0,0.0,0.5,0.022,0.455,0.501,0.508,0.036,0.463,0.515,0.0,0.0,-1.52,-5.18,-179.74,-179.76,0.0,0.0,0.0,0.0,0.0,0.0,-0.65,1.0,1.0,0.3,-0.2,-0.3,-0.2,0.0,0.0,0.0,0.0,0.0,0.0,0.0,0.0,149.0,93.0,107.0,157.0,17.0,5.0,6.0,9.0,15.0,6.0,0.0
76.604,35,98428.0,600.0,90.0,549.0,600.0,0.0,1.0,0.0,0.0,0.5,0.022,0.455,0.5,0.508,0.036,0.463,0.514,0.0,0.0,-1.52,-5.19,-179.74,-179.76,0.0,0.0,0.0,0.0,0.0,0.0,-0.65,1.0,1.0,0.2,-0.2,-0.2,-0.1,0.0,0.0,0.0,0.0,0.0,0.0,0.0,0.0,149.0,93.0,107.0,157.0,17.0,5.0,6.0,9.0,15.0,6.0,0.0
76.702,98,98526.0,600.0,90.0,549.0,600.0,0.0,1.0,0.0,0.0,0.5,0.022,0.455,0.5,0.508,0.036,0.463,0.514,0.0,0.0,-1.55,-5.21,-179.74,-179.76,0.0,0.0,0.0,0.0,0.0,0.0,-0.65,1.0,1.0,0.2,-0.2,-0.2,-0.1,0.0,0.0,0.0,0.0,0.0,0.0,0.0,0.0,149.0,93.0,107.0,157.0,17.0,5.0,6.0,9.0,15.0,6.0,0.0
76.776,54,98580.0,600.0,90.0,548.0,600.0,0.0,1.0,0.0,0.0,0.5,0.022,0.455,0.5,0.508,0.036,0.463,0.514,0.0,0.0,-1.57,-5.23,-179.74,-179.76,0.0,0.0,0.0,0.0,0.0,0.0,-0.65,1.0,1.0,0.2,-0.2,-0.2,-0.1,0.0,0.0,0.0,0.0,0.0,0.0,0.0,0.0,149.0,93.0,107.0,157.0,17.0,5.0,6.0,9.0,15.0,6.0,0.0
76.809,52,98632.0,600.0,90.0,548.0,600.0,0.0,1.0,0.0,0.0,0.5,0.022,0.455,0.5,0.508,0.036,0.463,0.514,0.0,0.0,-1.59,-5.25,-179.73,-179.76,0.0,0.0,0.0,0.0,0.0,0.0,-0.65,1.0,1.0,0.1,-0.1,-0.1,-0.1,0.0,0.0,0.0,0.0,0.0,0.0,0.0,0.0,149.0,93.0,107.0,157.0,17.0,5.0,6.0,9.0,15.0,6.0,0.0
76.875,53,98685.0,600.0,90.0,548.0,600.0,0.0,1.0,0.0,0.0,0.5,0.022,0.455,0.5,0.508,0.036,0.463,0.514,0.0,0.0,-1.59,-5.26,-179.73,-179.76,0.0,0.0,0.0,0.0,0.0,0.0,-0.65,1.0,1.0,0.1,-0.1,-0.1,-0.1,0.0,0.0,0.0,0.0,0.0,0.0,0.0,0.0,149.0,93.0,107.0,157.0,17.0,5.0,6.0,9.0,15.0,6.0,0.0
76.942,51,98736.0,600.0,90.0,548.0,600.0,0.0,1.0,0.0,0.0,0.5,0.022,0.455,0.5,0.508,0.036,0.463,0.514,0.0,0.0,-1.6,-5.26,-179.73,-179.76,0.0,0.0,0.0,0.0,0.0,0.0,-0.65,1.0,1.0,0.1,-0.1,-0.1,-0.1,0.0,0.0,0.0,0.0,0.0,0.0,0.0,0.0,149.0,93.0,107.0,157.0,17.0,5.0,6.0,9.0,15.0,6.0,0.0
76.975,54,98790.0,600.0,90.0,550.0,600.0,0.0,1.0,0.0,0.0,0.5,0.022,0.455,0.5,0.508,0.036,0.463,0.514,0.0,0.0,-1.62,-5.28,-179.73,-179.76,0.0,0.0,0.0,0.0,0.0,0.0,-0.65,1.0,1.0,0.1,-0.1,-0.1,-0.1,0.0,0.0,0.0,0.0,0.0,0.0,0.0,0.0,149.0,93.0,107.0,157.0,17.0,5.0,6.0,9.0,15.0,6.0,0.0
77.038,53,98843.0,600.0,90.0,550.0,600.0,0.0,1.0,0.0,0.0,0.5,0.022,0.456,0.5,0.508,0.036,0.464,0.514,0.0,0.0,-1.63,-5.29,-179.73,-179.76,0.0,0.0,0.0,0.0,0.0,0.0,-0.65,1.0,1.0,0.1,-0.1,-0.1,-0.0,0.0,0.0,0.0,0.0,0.0,0.0,0.0,0.0,149.0,93.0,107.0,157.0,17.0,5.0,6.0,9.0,15.0,6.0,1.0
77.07,53,98896.0,600.0,90.0,550.0,600.0,0.0,1.0,0.0,0.0,0.5,0.022,0.456,0.5,0.508,0.036,0.464,0.514,0.0,0.0,-1.64,-5.3,-179.72,-179.76,0.0,0.0,0.0,0.0,0.0,0.0,-0.65,1.0,1.0,0.1,-0.1,-0.1,-0.0,0.0,0.0,0.0,0.0,0.0,0.0,0.0,0.0,149.0,93.0,107.0,157.0,17.0,5.0,6.0,9.0,15.0,6.0,0.0
77.135,52,98948.0,600.0,90.0,550.0,600.0,0.0,1.0,0.0,0.0,0.5,0.022,0.456,0.5,0.508,0.036,0.464,0.514,0.0,0.0,-1.66,-5.31,-179.72,-179.76,0.0,0.0,0.0,0.0,0.0,0.0,-0.65,1.0,1.0,0.1,-0.1,-0.1,-0.0,0.0,0.0,0.0,0.0,0.0,0.0,0.0,0.0,149.0,93.0,107.0,157.0,17.0,5.0,6.0,9.0,15.0,6.0,0.0
77.201,52,99000.0,600.0,90.0,552.0,600.0,0.0,1.0,0.0,0.0,0.5,0.022,0.456,0.5,0.508,0.036,0.464,0.514,0.0,0.0,-1.66,-5.31,-179.72,-179.76,0.0,0.0,0.0,0.0,0.0,0.0,-0.65,1.0,1.0,0.1,-0.1,-0.1,-0.0,0.0,0.0,0.0,0.0,0.0,0.0,0.0,0.0,149.0,93.0,107.0,157.0,17.0,5.0,6.0,9.0,15.0,6.0,0.0
77.233,53,99053.0,600.0,90.0,552.0,600.0,0.0,1.0,0.0,0.0,0.5,0.022,0.458,0.5,0.508,0.036,0.465,0.514,0.0,0.0,-1.69,-5.33,-179.72,-179.76,0.0,0.0,0.0,0.0,0.0,0.0,-0.65,1.0,1.0,0.0,-0.0,-0.1,-0.0,0.0,0.0,0.0,0.0,0.0,0.0,0.0,0.0,149.0,93.0,107.0,157.0,17.0,5.0,6.0,9.0,15.0,6.0,0.0
77.297,53,99106.0,600.0,90.0,552.0,600.0,0.0,1.0,0.0,0.0,0.5,0.022,0.458,0.5,0.508,0.036,0.465,0.514,0.0,0.0,-1.69,-5.33,-179.72,-179.76,0.0,0.0,0.0,0.0,0.0,0.0,-0.65,1.0,1.0,0.0,-0.0,-0.0,-0.0,0.0,0.0,0.0,0.0,0.0,0.0,0.0,0.0,149.0,93.0,107.0,157.0,17.0,5.0,6.0,9.0,15.0,6.0,0.0
77.369,51,99157.0,600.0,90.0,552.0,600.0,0.0,1.0,0.0,0.0,0.5,0.022,0.458,0.5,0.508,0.036,0.465,0.514,0.0,0.0,-1.69,-5.34,-179.72,-179.76,0.0,0.0,0.0,0.0,0.0,0.0,-0.65,1.0,1.0,0.0,-0.0,-0.0,-0.0,0.0,0.0,0.0,0.0,0.0,0.0,0.0,0.0,149.0,93.0,107.0,157.0,17.0,5.0,6.0,9.0,15.0,6.0,0.0
77.402,54,99211.0,600.0,90.0,551.0,600.0,0.0,1.0,0.0,0.0,0.5,0.022,0.458,0.5,0.508,0.036,0.465,0.514,0.0,0.0,-1.71,-5.35,-179.72,-179.76,0.0,0.0,0.0,0.0,0.0,0.0,-0.65,1.0,1.0,0.0,-0.0,-0.0,-0.0,0.0,0.0,0.0,0.0,0.0,0.0,0.0,0.0,149.0,93.0,107.0,157.0,17.0,5.0,6.0,9.0,15.0,6.0,0.0
77.435,36,99247.0,600.0,90.0,551.0,600.0,0.0,1.0,0.0,0.0,0.5,0.022,0.458,0.5,0.508,0.036,0.465,0.514,0.0,0.0,-1.71,-5.35,-179.72,-179.76,0.0,0.0,0.0,0.0,0.0,0.0,-0.65,1.0,1.0,0.0,0.0,-0.0,-0.0,0.0,0.0,0.0,0.0,0.0,0.0,0.0,0.0,149.0,93.0,107.0,157.0,17.0,5.0,6.0,9.0,15.0,6.0,0.0
77.539,96,99343.0,600.0,91.0,551.0,600.0,0.0,1.0,0.0,0.0,0.5,0.022,0.458,0.5,0.508,0.036,0.465,0.514,0.0,0.0,-1.73,-5.36,-179.72,-179.76,0.0,0.0,0.0,0.0,0.0,0.0,-0.65,1.0,1.0,0.0,0.0,-0.0,-0.0,0.0,0.0,0.0,0.0,0.0,0.0,0.0,0.0,149.0,93.0,107.0,157.0,17.0,5.0,6.0,9.0,15.0,6.0,0.0
77.571,53,99396.0,600.0,91.0,553.0,600.0,0.0,1.0,0.0,0.0,0.5,0.022,0.458,0.5,0.508,0.036,0.465,0.514,0.0,0.0,-1.73,-5.37,-179.72,-179.76,0.0,0.0,0.0,0.0,0.0,0.0,-0.65,1.0,1.0,0.0,0.0,-0.0,-0.0,0.0,0.0,0.0,0.0,0.0,0.0,0.0,0.0,149.0,93.0,107.0,157.0,17.0,5.0,6.0,9.0,15.0,6.0,0.0
77.635,35,99431.0,600.0,91.0,553.0,600.0,0.0,1.0,0.0,0.0,0.5,0.022,0.458,0.5,0.508,0.036,0.466,0.514,0.0,0.0,-1.74,-5.37,-179.72,-179.76,0.0,0.0,0.0,0.0,0.0,0.0,-0.65,1.0,1.0,0.0,0.0,-0.0,-0.0,0.0,0.0,0.0,0.0,0.0,0.0,0.0,0.0,149.0,93.0,107.0,157.0,17.0,5.0,6.0,9.0,15.0,6.0,0.0
77.742,102,99533.0,600.0,91.0,553.0,600.0,0.0,1.0,0.0,0.0,0.5,0.022,0.458,0.5,0.508,0.036,0.466,0.514,0.0,0.0,-1.75,-5.38,-179.72,-179.76,0.0,0.0,0.0,0.0,0.0,0.0,-0.65,1.0,1.0,0.0,-0.0,-0.0,-0.0,0.0,0.0,0.0,0.0,0.0,0.0,0.0,0.0,149.0,93.0,107.0,157.0,17.0,5.0,6.0,9.0,15.0,6.0,1.0
77.776,53,99586.0,600.0,91.0,552.0,600.0,0.0,1.0,0.0,0.0,0.5,0.022,0.458,0.5,0.508,0.036,0.466,0.514,0.0,0.0,-1.76,-5.38,-179.72,-179.76,0.0,0.0,0.0,0.0,0.0,0.0,-0.65,1.0,1.0,0.0,-0.0,-0.0,-0.0,0.0,0.0,0.0,0.0,0.0,0.0,0.0,0.0,149.0,93.0,107.0,157.0,17.0,5.0,6.0,9.0,15.0,6.0,0.0
77.842,53,99639.0,600.0,91.0,552.0,600.0,0.0,1.0,0.0,0.0,0.5,0.022,0.459,0.5,0.508,0.036,0.466,0.514,0.0,0.0,-1.76,-5.39,-179.72,-179.76,0.0,0.0,0.0,0.0,0.0,0.0,-0.65,1.0,1.0,0.0,-0.0,-0.0,-0.0,0.0,0.0,0.0,0.0,0.0,0.0,0.0,0.0,149.0,93.0,107.0,157.0,17.0,5.0,6.0,9.0,15.0,6.0,2.0
77.875,54,99693.0,600.0,91.0,552.0,600.0,0.0,1.0,0.0,0.0,0.5,0.022,0.459,0.5,0.508,0.036,0.466,0.514,0.0,0.0,-1.77,-5.4,-179.72,-179.76,0.0,0.0,0.0,0.0,0.0,0.0,-0.65,1.0,1.0,0.0,-0.0,-0.0,-0.0,0.0,0.0,0.0,0.0,0.0,0.0,0.0,0.0,149.0,93.0,107.0,157.0,17.0,5.0,6.0,9.0,15.0,6.0,0.0
77.942,53,99746.0,600.0,91.0,552.0,600.0,0.0,1.0,0.0,0.0,0.5,0.022,0.459,0.5,0.508,0.036,0.466,0.514,0.0,0.0,-1.77,-5.4,-179.72,-179.76,0.0,0.0,0.0,0.0,0.0,0.0,-0.65,1.0,1.0,0.0,-0.0,-0.0,-0.0,0.0,0.0,0.0,0.0,0.0,0.0,0.0,0.0,149.0,93.0,107.0,157.0,17.0,5.0,6.0,9.0,15.0,6.0,0.0
77.975,52,99798.0,600.0,91.0,551.0,600.0,0.0,1.0,0.0,0.0,0.5,0.022,0.459,0.5,0.508,0.036,0.466,0.514,0.0,0.0,-1.77,-5.4,-179.72,-179.76,0.0,0.0,0.0,0.0,0.0,0.0,-0.65,1.0,1.0,0.0,-0.0,-0.0,-0.0,0.0,0.0,0.0,0.0,0.0,0.0,0.0,0.0,149.0,93.0,107.0,157.0,17.0,5.0,6.0,9.0,15.0,6.0,0.0
78.008,35,99833.0,600.0,91.0,551.0,600.0,0.0,1.0,0.0,0.0,0.5,0.023,0.458,0.5,0.508,0.037,0.466,0.514,0.0,0.0,-1.78,-5.4,-179.72,-179.76,0.0,0.0,0.0,0.0,0.0,0.0,-0.65,1.0,1.0,0.0,-0.0,-0.0,-0.0,0.0,0.0,0.0,0.0,0.0,0.0,0.0,0.0,149.0,93.0,107.0,157.0,17.0,5.0,6.0,9.0,15.0,6.0,0.0
78.135,99,99932.0,600.0,91.0,551.0,600.0,0.0,1.0,0.0,0.0,0.5,0.023,0.458,0.5,0.508,0.037,0.466,0.514,0.0,0.0,-1.78,-5.41,-179.72,-179.76,0.0,0.0,0.0,0.0,0.0,0.0,-0.65,1.0,1.0,0.0,-0.0,-0.0,-0.0,0.0,0.0,0.0,0.0,0.0,0.0,0.0,0.0,149.0,93.0,107.0,157.0,17.0,5.0,6.0,9.0,15.0,6.0,1.0
78.167,54,99986.0,600.0,91.0,550.0,600.0,0.0,1.0,0.0,0.0,0.5,0.023,0.458,0.5,0.508,0.037,0.466,0.514,0.0,0.0,-1.79,-5.41,-179.72,-179.76,0.0,0.0,0.0,2.0,10.0,0.0,-0.65,1.0,1.0,0.0,-0.0,-0.0,-0.0,8.0,0.0,0.0,-8.0,82.0,0.0,0.0,86.0,149.0,93.0,107.0,157.0,17.0,5.0,6.0,9.0,15.0,6.0,0.0
78.231,53,100039.0,600.0,91.0,550.0,600.0,0.0,1.0,0.0,0.0,0.5,0.023,0.458,0.5,0.508,0.037,0.466,0.514,0.0,0.0,-1.8,-5.42,-179.72,-180.5,-2.03,0.0,0.0,2.0,10.0,0.0,-0.65,1.0,1.0,0.1,-0.0,-0.2,-0.0,15.5,0.0,0.0,-15.5,82.0,0.0,0.0,86.0,149.0,93.0,107.0,157.0,17.0,5.0,6.0,9.0,15.0,6.0,0.0
78.295,53,100092.0,600.0,91.0,550.0,600.0,0.0,1.0,0.0,0.0,0.5,0.023,0.458,0.5,0.508,0.037,0.466,0.514,0.0,0.0,-1.78,-5.41,-179.72,-181.37,-3.3,0.0,0.0,2.0,10.0,0.0,-0.65,1.0,1.0,1.0,0.5,-3.6,-2.9,22.5,0.0,0.0,-22.5,151.0,0.0,0.0,159.0,149.0,93.0,107.0,157.0,17.0,5.0,6.0,9.0,15.0,6.0,0.0
78.336,53,100145.0,600.0,91.0,550.0,600.0,0.0,1.0,0.0,0.0,0.5,0.023,0.458,0.5,0.508,0.037,0.466,0.514,0.0,0.0,-1.78,-5.42,-180.15,-182.61,-4.29,0.0,0.0,2.0,10.0,0.0,-0.65,1.0,1.0,6.8,1.6,-12.5,-10.9,28.6,0.0,0.0,-28.6,155.0,0.0,0.0,86.0,149.0,93.0,107.0,161.0,17.0,5.0,6.0,9.0,15.0,6.0,0.0
78.402,53,100198.0,600.0,91.0,550.0,600.0,0.0,1.0,0.0,0.0,0.5,0.023,0.458,0.5,0.508,0.037,0.466,0.514,0.0,0.0,-1.66,-5.43,-181.28,-184.23,-3.02,0.0,0.0,2.0,10.0,0.0,-0.65,1.0,1.0,13.2,1.3,-17.6,-10.6,31.6,0.0,0.0,-31.6,80.0,0.0,0.0,99.0,157.0,93.0,107.0,161.0,17.0,5.0,6.0,9.0,15.0,6.0,0.0
78.435,53,100251.0,600.0,91.0,550.0,600.0,0.0,1.0,0.0,0.0,0.5,0.023,0.458,0.5,0.508,0.037,0.466,0.514,0.0,0.0,-1.33,-5.36,-184.73,-186.92,-1.09,0.0,0.0,2.0,10.0,0.0,-0.65,1.0,1.0,17.3,0.9,-19.1,-12.0,30.3,0.0,0.0,-30.3,77.0,0.0,0.0,103.0,157.0,93.0,107.0,161.0,17.0,5.0,6.0,9.0,15.0,6.0,0.0
78.501,53,100304.0,600.0,91.0,550.0,600.0,0.0,1.0,0.0,0.0,0.5,0.023,0.458,0.5,0.508,0.037,0.466,0.514,0.0,0.0,-1.15,-5.37,-185.48,-187.83,-0.44,0.0,0.0,2.0,10.0,0.0,-0.65,1.0,1.0,18.4,0.7,-19.5,-12.2,28.9,0.0,0.0,-28.9,79.0,0.0,0.0,106.0,157.0,93.0,107.0,161.0,17.0,5.0,6.0,9.0,15.0,6.0,0.0
78.569,53,100357.0,600.0,91.0,550.0,600.0,0.0,1.0,0.0,0.0,0.5,0.023,0.458,0.5,0.508,0.037,0.466,0.514,0.0,0.0,-1.3,-5.43,-187.17,-190.67,1.58,0.0,0.0,2.0,10.0,0.0,-0.65,1.0,1.0,16.0,0.5,-21.0,-19.1,27.6,0.0,0.0,-27.6,81.0,0.0,0.0,105.0,157.0,93.0,107.0,161.0,17.0,5.0,6.0,9.0,15.0,6.0,0.0
78.602,53,100410.0,600.0,91.0,550.0,600.0,0.0,1.0,0.0,0.0,0.5,0.023,0.458,0.5,0.508,0.037,0.466,0.514,0.0,0.0,-1.31,-5.39,-187.76,-191.72,0.83,0.0,0.0,2.0,10.0,0.0,-0.65,1.0,1.0,14.7,0.4,-22.3,-20.3,29.0,0.0,0.0,-29.0,91.0,0.0,0.0,113.0,157.0,93.0,107.0,161.0,17.0,5.0,6.0,9.0,15.0,6.0,0.0
78.666,53,100463.0,600.0,91.0,550.0,600.0,0.0,1.0,0.0,0.0,0.5,0.023,0.458,0.5,0.508,0.037,0.466,0.514,0.0,0.0,-1.19,-5.42,-188.74,-193.5,-0.44,0.0,0.0,2.0,10.0,0.0,-0.65,1.0,1.0,12.6,0.3,-23.1,-22.4,30.3,0.0,0.0,-30.3,101.0,0.0,0.0,119.0,157.0,93.0,107.0,161.0,17.0,5.0,6.0,9.0,15.0,6.0,0.0
78.698,53,100516.0,600.0,91.0,550.0,600.0,0.0,1.0,0.0,0.0,0.5,0.023,0.458,0.5,0.508,0.037,0.466,0.514,0.0,0.0,-0.96,-5.39,-190.18,-196.23,-2.39,0.0,0.0,2.0,10.0,0.0,-0.65,1.0,1.0,9.7,0.2,-23.8,-24.1,31.6,0.0,0.0,-31.6,157.0,0.0,0.0,125.0,157.0,93.0,107.0,161.0,17.0,5.0,6.0,9.0,15.0,6.0,0.0
78.772,53,100569.0,600.0,91.0,550.0,600.0,0.0,1.0,0.0,0.0,0.5,0.023,0.458,0.5,0.508,0.037,0.466,0.514,0.0,0.0,-1.01,-5.5,-191.0,-197.21,-3.09,0.0,0.0,2.0,10.0,0.0,-0.65,1.0,1.0,13.9,0.3,-26.6,-25.4,33.0,0.0,0.0,-33.0,120.0,0.0,0.0,132.0,155.0,93.0,107.0,161.0,11.0,7.0,6.0,47.0,15.0,6.0,0.0
78.805,53,100622.0,600.0,91.0,550.0,600.0,0.0,1.0,0.0,0.0,0.5,0.023,0.458,0.5,0.508,0.037,0.466,0.514,0.0,0.0,-0.95,-5.41,-192.4,-199.94,-5.04,0.0,0.0,2.0,10.0,0.0,-0.65,1.0,1.0,17.7,0.2,-28.8,-28.1,34.3,0.0,0.0,-34.3,130.0,0.0,0.0,138.0,155.0,93.0,107.0,161.0,11.0,7.0,6.0,47.0,15.0,6.0,0.0
78.87,53,100675.0,600.0,91.0,550.0,600.0,0.0,1.0,0.0,0.0,0.5,0.023,0.458,0.5,0.508,0.037,0.466,0.514,0.0,0.0,-0.93,-5.29,-192.7,-201.8,-6.37,0.0,0.0,2.0,10.0,0.0,-0.65,1.0,1.0,24.2,-0.6,-33.9,-28.3,35.6,0.0,0.0,-35.6,137.0,0.0,0.0,144.0,155.0,93.0,107.0,161.0,11.0,7.0,6.0,47.0,15.0,6.0,0.0
78.904,53,100728.0,600.0,91.0,550.0,600.0,0.0,1.0,0.0,0.0,0.5,0.023,0.458,0.5,0.508,0.037,0.466,0.514,0.0,0.0,-0.85,-5.43,-192.9,-202.71,-7.02,0.0,0.0,2.0,10.0,0.0,-0.65,1.0,1.0,27.4,0.1,-35.4,-29.7,37.0,0.0,0.0,-37.0,143.0,0.0,0.0,151.0,155.0,93.0,107.0,161.0,11.0,7.0,6.0,47.0,15.0,6.0,0.0
78.974,53,100781.0,600.0,91.0,550.0,600.0,0.0,1.0,0.0,0.0,0.5,0.023,0.458,0.5,0.508,0.037,0.466,0.514,0.0,0.0,-0.65,-5.43,-194.71,-204.67,-8.42,0.0,0.0,2.0,10.0,0.0,-0.65,1.0,1.0,31.9,0.2,-37.3,-37.0,38.3,0.0,0.0,-38.3,148.0,0.0,0.0,155.0,155.0,93.0,107.0,161.0,11.0,7.0,6.0,47.0,15.0,6.0,0.0
79.041,53,100834.0,600.0,91.0,550.0,600.0,0.0,1.0,0.0,0.0,0.5,0.023,0.458,0.5,0.508,0.037,0.466,0.514,0.0,0.0,-0.44,-5.33,-196.18,-206.56,-9.77,0.0,0.0,2.0,10.0,0.0,-0.65,1.0,1.0,32.1,0.2,-38.2,-38.1,39.6,0.0,0.0,-39.6,155.0,0.0,0.0,159.0,155.0,93.0,107.0,161.0,11.0,7.0,6.0,47.0,15.0,6.0,0.0
79.074,53,100887.0,600.0,91.0,550.0,600.0,0.0,1.0,0.0,0.0,0.5,0.023,0.458,0.5,0.508,0.037,0.466,0.514,0.0,0.0,-0.51,-5.32,-197.79,-208.38,-11.07,0.0,0.0,2.0,10.0,0.0,-0.65,1.0,1.0,35.8,0.2,-40.3,-38.5,39.6,0.0,0.0,-39.6,156.0,0.0,0.0,159.0,155.0,93.0,107.0,161.0,11.0,7.0,6.0,47.0,15.0,6.0,0.0
79.14,53,100940.0,600.0,91.0,550.0,600.0,0.0,1.0,0.0,0.0,0.5,0.023,0.458,0.5,0.508,0.037,0.466,0.514,0.0,0.0,-0.35,-5.32,-200.22,-210.3,-10.62,0.0,0.0,2.0,10.0,0.0,-0.65,1.0,1.0,39.3,0.1,-42.1,-39.2,39.2,0.0,0.0,-39.2,154.0,0.0,0.0,158.0,155.0,93.0,107.0,161.0,11.0,7.0,6.0,47.0,15.0,6.0,0.0
79.173,53,100993.0,600.0,91.0,550.0,600.0,0.0,1.0,0.0,0.0,0.5,0.023,0.458,0.5,0.508,0.037,0.466,0.514,0.0,0.0,-0.16,-5.15,-203.76,-212.19,-9.27,0.0,0.0,2.0,10.0,0.0,-0.65,1.0,1.0,41.7,0.0,-46.0,-37.4,37.9,0.0,0.0,-37.9,150.0,0.0,0.0,155.0,155.0,93.0,107.0,161.0,11.0,7.0,6.0,47.0,15.0,6.0,0.0
79.239,53,101046.0,600.0,91.0,550.0,600.0,0.0,1.0,0.0,0.0,0.5,0.023,0.458,0.5,0.508,0.037,0.466,0.514,0.0,0.0,-0.33,-5.17,-206.34,-213.98,-7.99,0.0,0.0,2.0,10.0,0.0,-0.65,1.0,1.0,45.9,0.2,-49.3,-34.7,36.5,0.0,0.0,-36.5,141.0,0.0,0.0,152.0,155.0,93.0,107.0,161.0,23.0,7.0,10.0,8.0,15.0,6.0,0.0
79.306,53,101099.0,600.0,91.0,550.0,600.0,0.0,1.0,0.0,0.0,0.5,0.023,0.458,0.5,0.508,0.037,0.466,0.514,0.0,0.0,0.14,-4.95,-209.59,-215.94,-6.59,0.0,0.0,2.0,10.0,0.0,-0.65,1.0,1.0,46.2,0.1,-50.1,-35.3,35.2,0.0,0.0,-35.2,134.0,0.0,0.0,149.0,155.0,93.0,107.0,161.0,23.0,7.0,10.0,8.0,15.0,6.0,0.0
79.346,53,101152.0,600.0,91.0,550.0,600.0,0.0,1.0,0.0,0.0,0.5,0.023,0.458,0.5,0.508,0.037,0.466,0.514,0.0,0.0,0.12,-4.92,-213.07,-217.86,-5.22,0.0,0.0,2.0,10.0,0.0,-0.65,1.0,1.0,45.4,0.2,-49.9,-35.8,33.8,0.0,0.0,-33.8,125.0,0.0,0.0,144.0,155.0,93.0,107.0,161.0,23.0,7.0,10.0,8.0,15.0,6.0,0.0
79.38,53,101205.0,600.0,91.0,550.0,600.0,0.0,1.0,0.0,0.0,0.5,0.023,0.458,0.5,0.508,0.037,0.466,0.514,0.0,0.0,0.12,-4.74,-215.18,-219.68,-3.92,0.0,0.0,2.0,10.0,0.0,-0.65,1.0,1.0,44.8,0.1,-49.7,-36.6,32.4,0.0,0.0,-32.4,117.0,0.0,0.0,138.0,155.0,93.0,107.0,161.0,23.0,7.0,10.0,8.0,15.0,6.0,1.0
79.446,53,101258.0,600.0,91.0,550.0,600.0,0.0,1.0,0.0,0.0,0.5,0.023,0.458,0.5,0.508,0.037,0.466,0.514,0.0,0.0,0.49,-4.55,-217.94,-221.64,-2.52,0.0,0.0,2.0,10.0,0.0,-0.65,1.0,1.0,41.9,-0.0,-47.1,-34.9,31.1,0.0,0.0,-31.1,110.0,0.0,0.0,133.0,155.0,93.0,107.0,161.0,23.0,7.0,10.0,8.0,15.0,6.0,0.0
79.512,53,101311.0,600.0,91.0,550.0,600.0,0.0,1.0,0.0,0.0,0.5,0.023,0.458,0.5,0.508,0.037,0.466,0.514,0.0,0.0,0.4,-4.62,-220.72,-223.57,-1.14,0.0,0.0,2.0,10.0,0.0,-0.65,1.0,1.0,40.3,0.1,-45.1,-40.7,29.7,0.0,0.0,-29.7,104.0,0.0,0.0,124.0,155.0,93.0,107.0,161.0,23.0,7.0,10.0,8.0,15.0,6.0,0.0
79.545,53,101364.0,600.0,91.0,550.0,600.0,0.0,1.0,0.0,0.0,0.5,0.023,0.458,0.5,0.508,0.037,0.466,0.514,0.0,0.0,0.33,-4.52,-222.06,-225.35,0.13,0.0,0.0,2.0,10.0,0.0,-0.65,1.0,1.0,36.0,-0.0,-43.7,-42.3,29.1,0.0,0.0,-29.1,102.0,0.0,0.0,119.0,155.0,93.0,107.0,161.0,23.0,7.0,10.0,8.0,15.0,6.0,0.0
79.611,53,101417.0,600.0,91.0,550.0,600.0,0.0,1.0,0.0,0.0,0.5,0.023,0.458,0.5,0.508,0.037,0.466,0.514,0.0,0.0,0.62,-4.42,-224.29,-227.28,1.51,0.0,0.0,2.0,10.0,0.0,-0.65,1.0,1.0,34.8,-0.1,-40.9,-44.0,27.7,0.0,0.0,-27.7,95.0,0.0,0.0,108.0,155.0,93.0,107.0,161.0,23.0,7.0,10.0,8.0,15.0,6.0,0.0
79.677,53,101470.0,600.0,91.0,550.0,600.0,0.0,1.0,0.0,0.0,0.5,0.023,0.458,0.5,0.508,0.037,0.466,0.514,0.0,0.0,0.74,-4.35,-226.46,-229.24,2.91,0.0,0.0,2.0,10.0,0.0,-0.65,1.0,1.0,32.9,-0.0,-38.1,-42.4,26.3,0.0,0.0,-26.3,90.0,0.0,0.0,97.0,155.0,93.0,107.0,161.0,23.0,7.0,10.0,8.0,15.0,6.0,0.0
79.71,53,101523.0,600.0,91.0,550.0,600.0,0.0,1.0,0.0,0.0,0.5,0.023,0.458,0.5,0.508,0.037,0.466,0.514,0.0,0.0,0.61,-4.24,-227.54,-231.06,4.21,0.0,0.0,2.0,10.0,0.0,-0.65,1.0,1.0,26.9,-0.0,-35.0,-37.7,25.0,0.0,0.0,-25.0,87.0,0.0,0.0,89.0,155.0,93.0,107.0,161.0,23.0,7.0,10.0,8.0,15.0,6.0,0.0
79.774,53,101576.0,600.0,91.0,550.0,600.0,0.0,1.0,0.0,0.0,0.5,0.023,0.458,0.5,0.508,0.037,0.466,0.514,0.0,0.0,0.65,-4.2,-228.59,-233.02,2.81,0.0,0.0,2.0,10.0,0.0,-0.65,1.0,1.0,24.4,-0.0,-31.3,-34.9,26.4,0.0,0.0,-26.4,91.0,0.0,0.0,89.0,155.0,93.0,107.0,161.0,11.0,7.0,4.0,10.0,15.0,6.0,0.0
79.806,53,101629.0,600.0,91.0,550.0,600.0,0.0,1.0,0.0,0.0,0.5,0.023,0.458,0.5,0.508,0.037,0.466,0.514,0.0,0.0,0.69,-4.23,-229.74,-234.91,1.46,0.0,0.0,2.0,10.0,0.0,-0.65,1.0,1.0,22.2,-0.0,-28.5,-32.7,27.8,0.0,0.0,-27.8,97.0,0.0,0.0,91.0,155.0,93.0,107.0,161.0,11.0,7.0,4.0,10.0,15.0,6.0,0.0
79.872,53,101682.0,600.0,91.0,550.0,600.0,0.0,1.0,0.0,0.0,0.5,0.023,0.458,0.5,0.508,0.037,0.466,0.514,0.0,0.0,0.73,-4.19,-230.59,-236.73,0.16,0.0,0.0,2.0,10.0,0.0,-0.65,1.0,1.0,20.9,-0.1,-26.9,-29.5,29.1,0.0,0.0,-29.1,104.0,0.0,0.0,95.0,155.0,93.0,107.0,161.0,11.0,7.0,4.0,10.0,15.0,6.0,0.0
79.938,53,101735.0,600.0,91.0,550.0,600.0,0.0,1.0,0.0,0.0,0.5,0.023,0.458,0.5,0.508,0.037,0.466,0.514,0.0,0.0,0.78,-4.16,-231.93,-238.62,-1.19,0.0,0.0,2.0,10.0,0.0,-0.65,1.0,1.0,21.3,0.2,-24.5,-23.6,30.4,0.0,0.0,-30.4,110.0,0.0,0.0,102.0,155.0,93.0,107.0,161.0,11.0,7.0,4.0,10.0,15.0,6.0,0.0
79.97,53,101788.0,600.0,91.0,550.0,600.0,0.0,1.0,0.0,0.0,0.5,0.023,0.458,0.5,0.508,0.037,0.466,0.514,0.0,0.0,0.93,-4.03,-233.72,-240.58,-2.59,0.0,0.0,2.0,10.0,0.0,-0.65,1.0,1.0,25.2,0.3,-22.7,-18.4,31.8,0.0,0.0,-31.8,116.0,0.0,0.0,113.0,155.0,93.0,107.0,161.0,11.0,7.0,4.0,10.0,15.0,6.0,0.0
80.034,53,101841.0,600.0,91.0,550.0,600.0,0.0,1.0,0.0,0.0,0.5,0.023,0.458,0.5,0.508,0.037,0.466,0.514,0.0,0.0,0.89,-4.02,-234.84,-242.4,-3.89,0.0,0.0,2.0,10.0,0.0,-0.65,1.0,1.0,23.3,0.3,-22.9,-14.5,33.1,0.0,0.0,-33.1,123.0,0.0,0.0,125.0,155.0,93.0,107.0,161.0,11.0,7.0,4.0,10.0,15.0,6.0,0.0
80.1,53,101894.0,600.0,91.0,550.0,600.0,0.0,1.0,0.0,0.0,0.5,0.023,0.458,0.5,0.508,0.037,0.466,0.514,0.0,0.0,0.83,-4.02,-236.56,-244.29,-5.24,0.0,0.0,2.0,10.0,0.0,-0.65,1.0,1.0,23.2,0.2,-23.4,-12.2,34.5,0.0,0.0,-34.5,131.0,0.0,0.0,138.0,155.0,93.0,107.0,161.0,11.0,7.0,4.0,10.0,15.0,6.0,0.0
80.141,53,101947.0,600.0,91.0,550.0,600.0,0.0,1.0,0.0,0.0,0.5,0.023,0.458,0.5,0.508,0.037,0.466,0.514,0.0,0.0,0.87,-3.95,-238.7,-246.04,-5.24,0.0,0.0,2.0,10.0,0.0,-0.65,1.0,1.0,24.7,-0.0,-25.8,-10.4,34.5,0.0,0.0,-34.5,135.0,0.0,0.0,148.0,155.0,93.0,107.0,161.0,11.0,7.0,4.0,10.0,15.0,6.0,1.0
80.205,53,102000.0,600.0,91.0,550.0,600.0,0.0,1.0,0.0,0.0,0.5,0.023,0.458,0.5,0.508,0.037,0.466,0.514,0.0,0.0,0.98,-3.81,-240.69,-247.89,-3.92,0.0,0.0,2.0,10.0,0.0,-0.65,1.0,1.0,29.7,0.1,-29.6,-8.1,33.1,0.0,0.0,-33.1,133.0,0.0,0.0,163.0,155.0,93.0,107.0,161.0,11.0,7.0,4.0,10.0,15.0,6.0,0.0
80.238,53,102053.0,600.0,91.0,550.0,600.0,0.0,1.0,0.0,0.0,0.5,0.023,0.458,0.5,0.508,0.037,0.466,0.514,0.0,0.0,1.01,-3.68,-244.04,-249.87,-2.47,0.0,0.0,2.0,10.0,0.0,-0.65,1.0,1.0,34.0,0.3,-33.4,-7.5,30.4,0.0,0.0,-30.4,125.0,0.0,0.0,167.0,155.0,93.0,107.0,161.0,15.0,9.0,6.0,6.0,15.0,6.0,0.0
80.304,53,102106.0,600.0,91.0,550.0,600.0,0.0,1.0,0.0,0.0,0.5,0.023,0.458,0.5,0.508,0.037,0.466,0.514,0.0,0.0,0.97,-3.52,-246.4,-251.41,-1.19,0.0,0.0,2.0,10.0,0.0,-0.65,1.0,1.0,35.8,0.0,-38.5,-7.8,25.8,0.0,0.0,-25.8,110.0,0.0,0.0,170.0,155.0,93.0,107.0,161.0,15.0,9.0,6.0,6.0,15.0,6.0,0.0
80.343,53,102159.0,600.0,91.0,550.0,600.0,0.0,1.0,0.0,0.0,0.5,0.023,0.458,0.5,0.508,0.037,0.466,0.514,0.0,0.0,1.21,-3.32,-250.11,-252.84,0.16,0.0,0.0,2.0,10.0,0.0,-0.65,1.0,1.0,37.4,0.2,-42.3,-9.7,20.7,0.0,0.0,-20.7,91.0,0.0,0.0,170.0,155.0,93.0,107.0,161.0,15.0,9.0,6.0,6.0,15.0,6.0,0.0
80.407,53,102212.0,600.0,91.0,550.0,600.0,0.0,1.0,0.0,0.0,0.5,0.023,0.458,0.5,0.508,0.037,0.466,0.514,0.0,0.0,0.96,-3.25,-252.1,-253.49,0.81,0.0,0.0,2.0,10.0,0.0,-0.65,1.0,1.0,36.3,0.2,-45.0,-13.7,19.4,0.0,0.0,-19.4,81.0,0.0,0.0,108.0,155.0,93.0,107.0,159.0,15.0,9.0,6.0,6.0,15.0,6.0,1.0
80.44,53,102265.0,600.0,91.0,550.0,600.0,0.0,1.0,0.0,0.0,0.5,0.023,0.458,0.5,0.508,0.037,0.466,0.514,0.0,0.0,1.11,-3.17,-255.29,-255.44,2.76,0.0,0.0,2.0,10.0,0.0,-0.65,1.0,1.0,31.5,0.1,-43.0,-17.0,18.1,0.0,0.0,-18.1,73.0,0.0,0.0,104.0,155.0,93.0,107.0,159.0,15.0,9.0,6.0,6.0,15.0,6.0,0.0
80.505,53,102318.0,600.0,91.0,550.0,600.0,0.0,1.0,0.0,0.0,0.5,0.023,0.458,0.5,0.508,0.037,0.466,0.514,0.0,0.0,0.96,-3.26,-256.72,-256.82,4.13,0.0,0.0,2.0,10.0,0.0,-0.65,1.0,1.0,25.4,0.0,-40.0,-16.7,16.7,0.0,0.0,-16.7,67.0,0.0,0.0,100.0,155.0,93.0,107.0,159.0,15.0,9.0,6.0,6.0,15.0,6.0,0.0
80.573,53,102371.0,600.0,91.0,550.0,600.0,0.0,1.0,0.0,0.0,0.5,0.023,0.458,0.5,0.508,0.037,0.466,0.514,0.0,0.0,0.83,-3.3,-257.46,-258.09,5.41,0.0,0.0,2.0,10.0,0.0,-0.65,1.0,1.0,20.1,-0.1,-36.9,-14.9,15.5,0.0,0.0,-15.5,63.0,0.0,0.0,98.0,155.0,93.0,107.0,159.0,15.0,9.0,6.0,6.0,15.0,6.0,0.0
80.605,53,102424.0,600.0,91.0,550.0,600.0,0.0,1.0,0.0,0.0,0.5,0.023,0.458,0.5,0.508,0.037,0.466,0.514,0.0,0.0,0.85,-3.19,-258.29,-259.47,6.78,0.0,0.0,2.0,10.0,0.0,-0.65,1.0,1.0,15.6,-0.0,-33.3,-17.0,14.1,0.0,0.0,-14.1,60.0,0.0,0.0,92.0,155.0,93.0,107.0,159.0,15.0,9.0,6.0,6.0,15.0,6.0,0.0
80.669,53,102477.0,600.0,91.0,550.0,600.0,0.0,1.0,0.0,0.0,0.5,0.023,0.458,0.5,0.508,0.037,0.466,0.514,0.0,0.0,0.87,-3.17,-258.95,-260.74,5.51,0.0,0.0,2.0,10.0,0.0,-0.65,1.0,1.0,12.4,-0.0,-29.4,-16.5,15.4,0.0,0.0,-15.4,64.0,0.0,0.0,95.0,155.0,93.0,107.0,159.0,15.0,9.0,6.0,6.0,15.0,6.0,0.0
80.741,53,102530.0,600.0,91.0,550.0,600.0,0.0,1.0,0.0,0.0,0.5,0.023,0.458,0.5,0.508,0.037,0.466,0.514,0.0,0.0,0.92,-3.17,-259.43,-262.04,4.21,0.0,0.0,2.0,10.0,0.0,-0.65,1.0,1.0,9.1,-0.0,-26.2,-14.7,16.7,0.0,0.0,-16.7,85.0,0.0,0.0,100.0,155.0,93.0,107.0,159.0,15.0,9.0,6.0,6.0,15.0,6.0,0.0
80.774,53,102583.0,600.0,91.0,550.0,600.0,0.0,1.0,0.0,0.0,0.5,0.023,0.458,0.5,0.508,0.037,0.466,0.514,0.0,0.0,0.92,-3.21,-260.15,-263.29,2.96,0.0,0.0,2.0,10.0,0.0,-0.65,1.0,1.0,6.8,-0.0,-24.6,-13.5,17.9,0.0,0.0,-17.9,85.0,0.0,0.0,105.0,155.0,93.0,107.0,159.0,17.0,9.0,2.0,10.0,15.0,6.0,0.0
80.841,53,102636.0,600.0,91.0,550.0,600.0,0.0,1.0,0.0,0.0,0.5,0.023,0.458,0.5,0.508,0.037,0.466,0.514,0.0,0.0,0.86,-3.29,-260.69,-264.57,1.68,0.0,0.0,2.0,10.0,0.0,-0.65,1.0,1.0,5.8,0.2,-24.6,-9.8,19.2,0.0,0.0,-19.2,157.0,0.0,0.0,159.0,155.0,93.0,107.0,159.0,17.0,9.0,2.0,10.0,15.0,6.0,0.0
80.874,53,102689.0,600.0,91.0,550.0,600.0,0.0,1.0,0.0,0.0,0.5,0.023,0.458,0.5,0.508,0.037,0.466,0.514,0.0,0.0,0.73,-3.32,-261.75,-265.84,0.41,0.0,0.0,2.0,10.0,0.0,-0.65,1.0,1.0,7.7,0.1,-26.8,-14.8,20.5,0.0,0.0,-20.5,161.0,0.0,0.0,115.0,155.0,93.0,107.0,161.0,17.0,9.0,2.0,10.0,15.0,6.0,0.0
80.945,53,102742.0,600.0,91.0,550.0,600.0,0.0,1.0,0.0,0.0,0.5,0.023,0.458,0.5,0.508,0.037,0.466,0.514,0.0,0.0,0.82,-3.12,-263.64,-267.14,1.71,0.0,0.0,2.0,10.0,0.0,-0.65,1.0,1.0,17.6,0.1,-29.5,-16.1,18.5,0.0,0.0,-18.5,73.0,0.0,0.0,111.0,161.0,93.0,107.0,161.0,17.0,9.0,2.0,10.0,15.0,6.0,0.0
80.977,53,102795.0,600.0,91.0,550.0,600.0,0.0,1.0,0.0,0.0,0.5,0.023,0.458,0.5,0.508,0.037,0.466,0.514,0.0,0.0,0.9,-3.01,-265.74,-268.49,3.06,0.0,0.0,2.0,10.0,0.0,-0.65,1.0,1.0,19.1,0.1,-30.2,-16.2,17.8,0.0,0.0,-17.8,71.0,0.0,0.0,110.0,161.0,93.0,107.0,161.0,17.0,9.0,2.0,10.0,15.0,6.0,0.0
81.041,53,102848.0,600.0,91.0,550.0,600.0,0.0,1.0,0.0,0.0,0.5,0.023,0.458,0.5,0.508,0.037,0.466,0.514,0.0,0.0,0.69,-3.13,-266.48,-268.49,0.0,0.0,0.0,2.0,10.0,0.0,-0.65,1.0,1.0,12.6,0.1,-29.6,-16.1,0.0,0.0,0.0,0.0,0.0,0.0,0.0,0.0,161.0,93.0,107.0,161.0,17.0,9.0,2.0,10.0,15.0,6.0,0.0
81.105,53,102901.0,600.0,91.0,550.0,600.0,0.0,1.0,0.0,0.0,0.5,0.023,0.458,0.5,0.508,0.037,0.466,0.514,0.0,0.0,0.63,-3.25,-267.14,-268.49,0.0,0.0,0.0,2.0,10.0,0.0,-0.65,1.0,1.0,12.2,-0.5,-26.0,-18.6,0.0,0.0,0.0,0.0,0.0,0.0,0.0,0.0,161.0,93.0,107.0,161.0,17.0,9.0,2.0,10.0,15.0,6.0,0.0
81.631,524,103425.0,600.0,91.0,550.0,600.0,0.0,1.0,0.0,0.0,0.5,0.023,0.458,0.5,0.508,0.037,0.466,0.514,0.0,0.0,0.5,-3.58,-267.58,-267.58,0.0,0.0,0.0,0.0,0.0,7.0,-2.14,1.0,1.0,2.4,-0.1,-3.9,-4.0,0.0,0.0,0.0,0.0,0.0,0.0,0.0,0.0,161.0,93.0,107.0,161.0,33.0,7.0,12.0,44.0,15.0,6.0,0.0
81.739,130,103555.0,600.0,171.0,550.0,600.0,0.0,1.0,0.0,0.0,0.5,0.023,0.457,0.5,0.508,0.037,0.465,0.514,0.0,0.0,-0.45,-4.53,-267.52,-267.58,0.0,0.0,0.0,0.0,0.0,0.0,-2.14,1.0,1.0,1.4,-0.0,-2.4,-2.4,0.0,0.0,0.0,0.0,0.0,0.0,0.0,0.0,161.0,93.0,107.0,161.0,33.0,7.0,12.0,44.0,15.0,6.0,1.0
81.805,54,103609.0,600.0,171.0,600.0,600.0,0.0,1.0,0.0,0.0,0.5,0.023,0.457,0.5,0.508,0.037,0.465,0.514,0.0,0.0,-0.57,-4.63,-267.51,-267.58,0.0,0.0,0.0,0.0,0.0,0.0,-2.14,1.0,1.0,1.3,-0.0,-2.1,-2.1,0.0,0.0,0.0,0.0,0.0,0.0,0.0,0.0,161.0,93.0,107.0,161.0,33.0,7.0,12.0,44.0,15.0,6.0,0.0
81.838,35,103644.0,600.0,171.0,600.0,600.0,0.0,1.0,0.0,0.0,0.5,0.051,0.48,0.5,0.508,0.061,0.484,0.514,0.0,0.0,-0.66,-4.73,-267.5,-267.58,0.0,0.0,0.0,0.0,0.0,0.0,-2.14,1.0,1.0,1.1,-0.0,-1.8,-1.9,0.0,0.0,0.0,0.0,0.0,0.0,0.0,0.0,161.0,93.0,107.0,161.0,33.0,7.0,12.0,44.0,15.0,6.0,0.0
81.937,95,103739.0,600.0,171.0,600.0,600.0,0.0,1.0,0.0,0.0,0.5,0.051,0.48,0.5,0.508,0.061,0.484,0.514,0.0,0.0,-0.81,-4.88,-267.49,-267.58,0.0,0.0,0.0,0.0,0.0,0.0,-2.14,1.0,1.0,0.9,-0.0,-1.4,-1.5,0.0,0.0,0.0,0.0,0.0,0.0,0.0,0.0,161.0,93.0,107.0,161.0,33.0,7.0,12.0,44.0,15.0,6.0,0.0
81.968,53,103792.0,600.0,171.0,600.0,600.0,0.0,1.0,0.0,0.0,0.5,0.051,0.48,0.5,0.508,0.061,0.484,0.514,0.0,0.0,-0.85,-4.91,-267.49,-267.49,0.0,0.0,0.0,0.0,0.0,0.0,-2.14,1.0,1.0,0.8,-0.0,-1.2,-1.3,0.0,0.0,0.0,0.0,0.0,0.0,0.0,0.0,161.0,93.0,107.0,161.0,33.0,7.0,12.0,44.0,15.0,6.0,0.0
82.032,52,103844.0,600.0,171.0,600.0,600.0,0.0,1.0,0.0,0.0,0.5,0.064,0.491,0.5,0.508,0.076,0.497,0.515,0.0,0.0,-0.88,-4.94,-267.49,-267.49,0.0,0.0,0.0,0.0,0.0,0.0,-2.14,1.0,1.0,0.8,-0.0,-1.2,-1.3,0.0,0.0,0.0,0.0,0.0,0.0,0.0,0.0,161.0,93.0,107.0,161.0,33.0,7.0,12.0,44.0,15.0,6.0,0.0
82.098,53,103897.0,600.0,171.0,600.0,600.0,0.0,1.0,0.0,0.0,0.5,0.064,0.491,0.5,0.508,0.076,0.497,0.515,0.0,0.0,-0.95,-5.01,-267.48,-267.49,0.0,0.0,0.0,0.0,0.0,0.0,-2.14,1.0,1.0,0.6,-0.0,-1.0,-1.0,0.0,0.0,0.0,0.0,0.0,0.0,0.0,0.0,161.0,93.0,107.0,161.0,33.0,7.0,12.0,44.0,15.0,6.0,1.0
82.137,52,103949.0,600.0,171.0,600.0,600.0,0.0,1.0,0.0,0.0,0.5,0.064,0.491,0.5,0.508,0.076,0.497,0.515,0.0,0.0,-0.97,-5.03,-267.47,-267.49,0.0,0.0,0.0,0.0,0.0,0.0,-2.14,1.0,1.0,0.6,-0.0,-1.0,-1.0,0.0,0.0,0.0,0.0,0.0,0.0,0.0,0.0,161.0,93.0,107.0,161.0,33.0,7.0,12.0,44.0,15.0,6.0,0.0
82.201,53,104002.0,600.0,171.0,600.0,600.0,0.0,1.0,0.0,0.0,0.5,0.064,0.491,0.5,0.508,0.076,0.497,0.515,0.0,0.0,-0.99,-5.06,-267.47,-267.49,0.0,0.0,0.0,0.0,0.0,0.0,-2.14,1.0,1.0,0.5,-0.0,-0.7,-0.8,0.0,0.0,0.0,0.0,0.0,0.0,0.0,0.0,161.0,93.0,107.0,161.0,33.0,7.0,12.0,44.0,15.0,6.0,0.0
82.233,35,104037.0,600.0,171.0,600.0,600.0,0.0,1.0,0.0,0.0,0.5,0.07,0.496,0.5,0.508,0.083,0.503,0.515,0.0,0.0,-1.04,-5.13,-267.47,-267.49,0.0,0.0,0.0,0.0,0.0,0.0,-2.14,1.0,1.0,0.4,-0.0,-0.7,-0.7,0.0,0.0,0.0,0.0,0.0,0.0,0.0,0.0,161.0,93.0,107.0,161.0,33.0,7.0,12.0,44.0,15.0,6.0,0.0
82.332,98,104135.0,600.0,171.0,600.0,600.0,0.0,1.0,0.0,0.0,0.5,0.07,0.496,0.5,0.508,0.083,0.503,0.515,0.0,0.0,-1.06,-5.15,-267.46,-267.49,0.0,0.0,0.0,0.0,0.0,0.0,-2.14,1.0,1.0,0.3,-0.0,-0.5,-0.5,0.0,0.0,0.0,0.0,0.0,0.0,0.0,0.0,161.0,93.0,107.0,161.0,33.0,7.0,12.0,44.0,15.0,6.0,0.0
82.364,53,104188.0,600.0,171.0,600.0,600.0,0.0,1.0,0.0,0.0,0.5,0.07,0.496,0.5,0.508,0.083,0.503,0.515,0.0,0.0,-1.08,-5.16,-267.46,-267.49,0.0,0.0,0.0,0.0,0.0,0.0,-2.14,1.0,1.0,0.3,-0.0,-0.4,-0.5,0.0,0.0,0.0,0.0,0.0,0.0,0.0,0.0,161.0,93.0,107.0,161.0,33.0,7.0,12.0,44.0,15.0,6.0,1.0
82.397,35,104223.0,600.0,171.0,600.0,600.0,0.0,1.0,0.0,0.0,0.5,0.073,0.498,0.5,0.508,0.087,0.506,0.515,0.0,0.0,-1.12,-5.19,-267.46,-267.49,0.0,0.0,0.0,0.0,0.0,0.0,-2.14,1.0,1.0,0.2,-0.0,-0.4,-0.4,0.0,0.0,0.0,0.0,0.0,0.0,0.0,0.0,161.0,93.0,107.0,161.0,33.0,7.0,12.0,44.0,15.0,6.0,0.0
82.498,101,104324.0,600.0,170.0,600.0,600.0,0.0,1.0,0.0,0.0,0.5,0.073,0.498,0.5,0.508,0.087,0.506,0.515,0.0,0.0,-1.16,-5.24,-267.46,-267.49,0.0,0.0,0.0,0.0,0.0,0.0,-2.14,1.0,1.0,0.2,-0.0,-0.3,-0.3,0.0,0.0,0.0,0.0,0.0,0.0,0.0,0.0,161.0,93.0,107.0,161.0,33.0,7.0,12.0,44.0,15.0,6.0,0.0
82.566,54,104378.0,600.0,170.0,600.0,600.0,0.0,1.0,0.0,0.0,0.5,0.073,0.498,0.5,0.508,0.087,0.506,0.515,0.0,0.0,-1.18,-5.28,-267.45,-267.49,0.0,0.0,0.0,0.0,0.0,0.0,-2.14,1.0,1.0,0.2,-0.0,-0.3,-0.3,0.0,0.0,0.0,0.0,0.0,0.0,0.0,0.0,161.0,93.0,107.0,161.0,33.0,7.0,12.0,44.0,15.0,6.0,1.0
82.598,35,104413.0,600.0,170.0,600.0,600.0,0.0,1.0,0.0,0.0,0.5,0.074,0.499,0.5,0.508,0.088,0.507,0.515,0.0,0.0,-1.18,-5.29,-267.45,-267.49,0.0,0.0,0.0,0.0,0.0,0.0,-2.14,1.0,1.0,0.1,-0.0,-0.2,-0.2,0.0,0.0,0.0,0.0,0.0,0.0,0.0,0.0,161.0,93.0,107.0,161.0,33.0,7.0,12.0,44.0,15.0,6.0,0.0
82.706,99,104512.0,600.0,170.0,600.0,600.0,0.0,1.0,0.0,0.0,0.5,0.074,0.499,0.5,0.508,0.088,0.507,0.515,0.0,0.0,-1.21,-5.32,-267.45,-267.49,0.0,0.0,0.0,0.0,0.0,0.0,-2.14,1.0,1.0,0.1,-0.0,-0.2,-0.2,0.0,0.0,0.0,0.0,0.0,0.0,0.0,0.0,161.0,93.0,107.0,161.0,33.0,7.0,12.0,44.0,15.0,6.0,0.0
82.741,53,104565.0,600.0,170.0,600.0,600.0,0.0,1.0,0.0,0.0,0.5,0.074,0.499,0.5,0.508,0.088,0.507,0.515,0.0,0.0,-1.23,-5.34,-267.45,-267.49,0.0,0.0,0.0,0.0,0.0,0.0,-2.14,1.0,1.0,0.1,-0.0,-0.2,-0.2,0.0,0.0,0.0,0.0,0.0,0.0,0.0,0.0,161.0,93.0,107.0,161.0,33.0,7.0,12.0,44.0,15.0,6.0,0.0
82.806,37,104602.0,600.0,170.0,600.0,600.0,0.0,1.0,0.0,0.0,0.5,0.074,0.5,0.5,0.508,0.089,0.508,0.515,0.0,0.0,-1.25,-5.37,-267.44,-267.49,0.0,0.0,0.0,0.0,0.0,0.0,-2.14,1.0,1.0,0.1,-0.0,-0.1,-0.1,0.0,0.0,0.0,0.0,0.0,0.0,0.0,0.0,161.0,93.0,107.0,161.0,33.0,7.0,12.0,44.0,15.0,6.0,1.0
82.904,100,104702.0,600.0,171.0,600.0,600.0,0.0,1.0,0.0,0.0,0.5,0.074,0.5,0.5,0.508,0.089,0.508,0.515,0.0,0.0,-1.27,-5.38,-267.44,-267.49,0.0,0.0,0.0,0.0,0.0,0.0,-2.14,1.0,1.0,0.1,-0.0,-0.1,-0.1,0.0,0.0,0.0,0.0,0.0,0.0,0.0,0.0,161.0,93.0,107.0,161.0,33.0,7.0,12.0,44.0,15.0,6.0,0.0
82.938,54,104756.0,600.0,171.0,600.0,600.0,0.0,1.0,0.0,0.0,0.5,0.074,0.5,0.5,0.508,0.089,0.508,0.515,0.0,0.0,-1.28,-5.4,-267.43,-267.49,0.0,0.0,0.0,0.0,0.0,0.0,-2.14,1.0,1.0,0.0,-0.0,-0.1,-0.1,0.0,0.0,0.0,0.0,0.0,0.0,0.0,0.0,161.0,93.0,107.0,161.0,33.0,7.0,12.0,44.0,15.0,6.0,0.0
82.969,36,104792.0,600.0,171.0,600.0,600.0,0.0,1.0,0.0,0.0,0.5,0.075,0.5,0.5,0.508,0.089,0.508,0.515,0.0,0.0,-1.28,-5.41,-267.43,-267.49,0.0,0.0,0.0,0.0,0.0,0.0,-2.14,1.0,1.0,0.0,-0.0,-0.1,-0.1,0.0,0.0,0.0,0.0,0.0,0.0,0.0,0.0,161.0,93.0,107.0,161.0,33.0,7.0,12.0,44.0,15.0,6.0,0.0
83.065,99,104891.0,600.0,169.0,600.0,600.0,0.0,1.0,0.0,0.0,0.5,0.075,0.5,0.5,0.508,0.089,0.508,0.515,0.0,0.0,-1.31,-5.44,-267.43,-267.49,0.0,0.0,0.0,0.0,0.0,0.0,-2.14,1.0,1.0,0.0,-0.0,-0.0,-0.0,0.0,0.0,0.0,0.0,0.0,0.0,0.0,0.0,161.0,93.0,107.0,161.0,33.0,7.0,12.0,44.0,15.0,6.0,0.0
83.137,53,104944.0,600.0,169.0,600.0,600.0,0.0,1.0,0.0,0.0,0.5,0.075,0.5,0.5,0.508,0.089,0.508,0.515,0.0,0.0,-1.31,-5.44,-267.43,-267.49,0.0,0.0,0.0,0.0,0.0,0.0,-2.14,1.0,1.0,0.0,-0.0,-0.0,-0.0,0.0,0.0,0.0,0.0,0.0,0.0,0.0,0.0,161.0,93.0,107.0,161.0,33.0,7.0,12.0,44.0,15.0,6.0,0.0
83.17,35,104979.0,600.0,169.0,600.0,600.0,0.0,1.0,0.0,0.0,0.5,0.074,0.5,0.5,0.508,0.089,0.508,0.515,0.0,0.0,-1.32,-5.46,-267.42,-267.49,0.0,0.0,0.0,0.0,0.0,0.0,-2.14,1.0,1.0,0.0,-0.0,-0.0,-0.0,0.0,0.0,0.0,0.0,0.0,0.0,0.0,0.0,161.0,93.0,107.0,161.0,33.0,7.0,12.0,44.0,15.0,6.0,0.0
83.269,99,105078.0,600.0,170.0,600.0,600.0,0.0,1.0,0.0,0.0,0.5,0.074,0.5,0.5,0.508,0.089,0.508,0.515,0.0,0.0,-1.33,-5.47,-267.42,-267.49,0.0,0.0,0.0,0.0,0.0,0.0,-2.14,1.0,1.0,0.0,-0.0,-0.0,-0.0,0.0,0.0,0.0,0.0,0.0,0.0,0.0,0.0,161.0,93.0,107.0,161.0,33.0,7.0,12.0,44.0,15.0,6.0,0.0
83.338,54,105132.0,600.0,170.0,600.0,600.0,0.0,1.0,0.0,0.0,0.5,0.074,0.5,0.5,0.508,0.089,0.508,0.515,0.0,0.0,-1.34,-5.47,-267.42,-267.49,0.0,0.0,0.0,0.0,0.0,0.0,-2.14,1.0,1.0,0.0,-0.0,-0.0,-0.0,0.0,0.0,0.0,0.0,0.0,0.0,0.0,0.0,161.0,93.0,107.0,161.0,33.0,7.0,12.0,44.0,15.0,6.0,0.0
83.371,35,105167.0,600.0,170.0,600.0,600.0,0.0,1.0,0.0,0.0,0.5,0.074,0.5,0.5,0.508,0.089,0.508,0.515,0.0,0.0,-1.34,-5.48,-267.42,-267.49,0.0,0.0,0.0,0.0,0.0,0.0,-2.14,1.0,1.0,0.0,-0.0,-0.0,-0.0,0.0,0.0,0.0,0.0,0.0,0.0,0.0,0.0,161.0,93.0,107.0,161.0,33.0,7.0,12.0,44.0,15.0,6.0,0.0
83.44,99,105266.0,600.0,169.0,600.0,600.0,0.0,1.0,0.0,0.0,0.5,0.074,0.5,0.5,0.508,0.089,0.508,0.515,0.0,0.0,-1.35,-5.49,-267.42,-267.49,0.0,0.0,0.0,0.0,0.0,0.0,-2.14,1.0,1.0,0.0,-0.0,-0.0,-0.0,0.0,0.0,0.0,0.0,0.0,0.0,0.0,0.0,161.0,93.0,107.0,161.0,33.0,7.0,12.0,44.0,15.0,6.0,0.0
83.506,53,105319.0,600.0,169.0,600.0,600.0,0.0,1.0,0.0,0.0,0.5,0.074,0.5,0.5,0.508,0.089,0.508,0.515,0.0,0.0,-1.36,-5.5,-267.42,-267.49,0.0,0.0,0.0,0.0,0.0,0.0,-2.14,1.0,1.0,0.0,-0.0,-0.0,-0.0,0.0,0.0,0.0,0.0,0.0,0.0,0.0,0.0,161.0,93.0,107.0,161.0,33.0,7.0,12.0,44.0,15.0,6.0,1.0
83.575,53,105372.0,600.0,169.0,600.0,600.0,0.0,1.0,0.0,0.0,0.5,0.074,0.5,0.5,0.508,0.089,0.508,0.515,0.0,0.0,-1.38,-5.5,-267.42,-267.49,0.0,0.0,0.0,0.0,0.0,0.0,-2.14,1.0,1.0,0.0,-0.0,-0.0,-0.0,0.0,0.0,0.0,0.0,0.0,0.0,0.0,0.0,161.0,93.0,107.0,161.0,33.0,7.0,12.0,44.0,15.0,6.0,0.0
83.608,53,105425.0,600.0,169.0,600.0,600.0,0.0,1.0,0.0,0.0,0.5,0.074,0.5,0.5,0.508,0.089,0.508,0.515,0.0,0.0,-1.38,-5.51,-267.42,-267.49,0.0,0.0,0.0,0.0,0.0,0.0,-2.14,1.0,1.0,0.0,-0.0,-0.0,-0.0,0.0,0.0,0.0,0.0,0.0,0.0,0.0,0.0,161.0,93.0,107.0,161.0,33.0,7.0,12.0,44.0,15.0,6.0,0.0
83.674,52,105477.0,600.0,170.0,600.0,600.0,0.0,1.0,0.0,0.0,0.5,0.074,0.5,0.5,0.508,0.089,0.508,0.515,0.0,0.0,-1.39,-5.51,-267.42,-267.49,0.0,0.0,0.0,0.0,0.0,0.0,-2.14,1.0,1.0,0.0,-0.0,-0.0,-0.0,0.0,0.0,0.0,0.0,0.0,0.0,0.0,0.0,161.0,93.0,107.0,161.0,33.0,7.0,12.0,44.0,15.0,6.0,0.0
83.707,53,105530.0,600.0,170.0,600.0,600.0,0.0,1.0,0.0,0.0,0.5,0.074,0.5,0.5,0.508,0.089,0.508,0.515,0.0,0.0,-1.39,-5.52,-267.42,-267.49,0.0,0.0,0.0,0.0,0.0,0.0,-2.14,1.0,1.0,0.0,-0.0,-0.0,-0.0,0.0,0.0,0.0,0.0,0.0,0.0,0.0,0.0,161.0,93.0,107.0,161.0,33.0,7.0,12.0,44.0,15.0,6.0,1.0
83.75,36,105566.0,600.0,170.0,600.0,600.0,0.0,1.0,0.0,0.0,0.5,0.074,0.5,0.5,0.508,0.089,0.508,0.515,0.0,0.0,-1.4,-5.52,-267.41,-267.49,0.0,0.0,0.0,0.0,0.0,0.0,-2.14,1.0,1.0,0.0,-0.0,-0.0,-0.0,0.0,0.0,0.0,0.0,0.0,0.0,0.0,0.0,161.0,93.0,107.0,161.0,33.0,7.0,12.0,44.0,15.0,6.0,0.0
83.848,97,105663.0,600.0,170.0,600.0,600.0,0.0,1.0,0.0,0.0,0.5,0.074,0.5,0.5,0.508,0.089,0.508,0.515,0.0,0.0,-1.4,-5.53,-267.41,-267.49,0.0,0.0,0.0,0.0,0.0,0.0,-2.14,1.0,1.0,0.0,-0.0,-0.0,-0.0,0.0,0.0,0.0,0.0,0.0,0.0,0.0,0.0,161.0,93.0,107.0,161.0,33.0,7.0,12.0,44.0,15.0,6.0,0.0
83.915,53,105716.0,600.0,170.0,600.0,600.0,0.0,1.0,0.0,0.0,0.5,0.074,0.5,0.5,0.508,0.089,0.508,0.515,0.0,0.0,-1.41,-5.53,-267.41,-267.49,0.0,0.0,0.0,0.0,0.0,0.0,-2.14,1.0,1.0,0.0,-0.0,-0.0,-0.0,0.0,0.0,0.0,0.0,0.0,0.0,0.0,0.0,161.0,93.0,107.0,161.0,33.0,7.0,12.0,44.0,15.0,6.0,0.0
83.948,35,105751.0,600.0,170.0,600.0,600.0,0.0,1.0,0.0,0.0,0.5,0.074,0.5,0.5,0.508,0.089,0.508,0.515,0.0,0.0,-1.41,-5.53,-267.41,-267.49,0.0,0.0,0.0,0.0,0.0,0.0,-2.14,1.0,1.0,0.0,-0.0,-0.0,-0.0,0.0,0.0,0.0,0.0,0.0,0.0,0.0,0.0,161.0,93.0,107.0,161.0,33.0,7.0,12.0,44.0,15.0,6.0,0.0
84.043,98,105849.0,600.0,170.0,600.0,600.0,0.0,1.0,0.0,0.0,0.5,0.074,0.5,0.5,0.508,0.089,0.508,0.515,0.0,0.0,-1.42,-5.54,-267.41,-267.49,0.0,0.0,0.0,0.0,0.0,0.0,-2.14,1.0,1.0,0.0,-0.0,-0.0,-0.0,0.0,0.0,0.0,0.0,0.0,0.0,0.0,0.0,161.0,93.0,107.0,161.0,33.0,7.0,12.0,44.0,15.0,6.0,0.0
84.108,53,105902.0,600.0,170.0,600.0,600.0,0.0,1.0,0.0,0.0,0.5,0.074,0.5,0.5,0.508,0.089,0.508,0.515,0.0,0.0,-1.42,-5.54,-267.41,-267.49,0.0,0.0,0.0,0.0,0.0,0.0,-2.14,1.0,1.0,0.0,-0.0,-0.0,-0.0,0.0,0.0,0.0,0.0,0.0,0.0,0.0,0.0,161.0,93.0,107.0,161.0,33.0,7.0,12.0,44.0,15.0,6.0,0.0
84.141,53,105955.0,600.0,170.0,600.0,600.0,0.0,1.0,0.0,0.0,0.5,0.074,0.5,0.5,0.508,0.089,0.508,0.515,0.0,0.0,-1.43,-5.55,-267.41,-267.49,0.0,0.0,0.0,0.0,0.0,0.0,-2.14,1.0,1.0,0.0,-0.0,-0.0,-0.0,0.0,0.0,0.0,0.0,0.0,0.0,0.0,0.0,161.0,93.0,107.0,161.0,33.0,7.0,12.0,44.0,15.0,6.0,0.0
84.205,53,106008.0,600.0,170.0,600.0,600.0,0.0,1.0,0.0,0.0,0.5,0.074,0.5,0.5,0.508,0.089,0.508,0.515,0.0,0.0,-1.43,-5.55,-267.41,-267.49,0.0,0.0,0.0,0.0,0.0,0.0,-2.14,1.0,1.0,0.0,-0.0,-0.0,-0.0,0.0,0.0,0.0,0.0,0.0,0.0,0.0,0.0,161.0,93.0,107.0,161.0,33.0,7.0,12.0,44.0,15.0,6.0,1.0
84.237,53,106061.0,600.0,170.0,600.0,600.0,0.0,1.0,0.0,0.0,0.5,0.074,0.5,0.5,0.508,0.089,0.508,0.515,0.0,0.0,-1.43,-5.55,-267.41,-267.49,0.0,0.0,0.0,0.0,0.0,0.0,-2.14,1.0,1.0,0.0,-0.0,-0.0,-0.0,0.0,0.0,0.0,0.0,0.0,0.0,0.0,0.0,161.0,93.0,107.0,161.0,33.0,7.0,12.0,44.0,15.0,6.0,0.0
84.302,53,106114.0,600.0,170.0,600.0,600.0,0.0,1.0,0.0,0.0,0.5,0.074,0.5,0.5,0.508,0.089,0.508,0.515,0.0,0.0,-1.43,-5.55,-267.41,-267.49,0.0,0.0,0.0,0.0,0.0,0.0,-2.14,1.0,1.0,0.0,-0.0,-0.0,-0.0,0.0,0.0,0.0,0.0,0.0,0.0,0.0,0.0,161.0,93.0,107.0,161.0,33.0,7.0,12.0,44.0,15.0,6.0,0.0
84.336,36,106150.0,600.0,170.0,600.0,600.0,0.0,1.0,0.0,0.0,0.5,0.075,0.5,0.5,0.508,0.089,0.508,0.515,0.0,0.0,-1.43,-5.55,-267.41,-267.49,0.0,0.0,0.0,0.0,0.0,0.0,-2.14,1.0,1.0,0.0,-0.0,-0.0,-0.0,0.0,0.0,0.0,0.0,0.0,0.0,0.0,0.0,161.0,93.0,107.0,161.0,33.0,7.0,12.0,44.0,15.0,6.0,0.0
84.434,97,106247.0,600.0,172.0,600.0,600.0,0.0,1.0,0.0,0.0,0.5,0.075,0.5,0.5,0.508,0.089,0.508,0.515,0.0,0.0,-1.44,-5.56,-267.41,-267.49,0.0,0.0,0.0,0.0,0.0,0.0,-2.14,1.0,1.0,0.0,-0.0,-0.0,-0.0,0.0,0.0,0.0,0.0,0.0,0.0,0.0,0.0,161.0,93.0,107.0,161.0,33.0,7.0,12.0,44.0,15.0,6.0,0.0
84.501,53,106300.0,600.0,172.0,600.0,600.0,0.0,1.0,0.0,0.0,0.5,0.075,0.5,0.5,0.508,0.089,0.508,0.515,0.0,0.0,-1.44,-5.56,-267.41,-267.49,0.0,0.0,0.0,0.0,0.0,0.0,-2.14,1.0,1.0,0.0,-0.0,-0.0,-0.0,0.0,0.0,0.0,0.0,0.0,0.0,0.0,0.0,161.0,93.0,107.0,161.0,33.0,7.0,12.0,44.0,15.0,6.0,0.0
84.543,34,106334.0,600.0,172.0,600.0,600.0,0.0,1.0,0.0,0.0,0.5,0.075,0.5,0.5,0.508,0.09,0.508,0.515,0.0,0.0,-1.44,-5.56,-267.41,-267.49,0.0,0.0,0.0,0.0,0.0,0.0,-2.14,1.0,1.0,0.0,-0.0,-0.0,-0.0,0.0,0.0,0.0,0.0,0.0,0.0,0.0,0.0,161.0,93.0,107.0,161.0,33.0,7.0,12.0,44.0,15.0,6.0,0.0
84.607,99,106433.0,600.0,171.0,600.0,600.0,0.0,1.0,0.0,0.0,0.5,0.075,0.5,0.5,0.508,0.09,0.508,0.515,0.0,0.0,-1.45,-5.57,-267.41,-267.49,0.0,0.0,0.0,0.0,0.0,0.0,-2.14,1.0,1.0,0.0,-0.0,-0.0,-0.0,0.0,0.0,0.0,0.0,0.0,0.0,0.0,0.0,161.0,93.0,107.0,161.0,33.0,7.0,12.0,44.0,15.0,6.0,0.0
84.671,53,106486.0,600.0,171.0,600.0,600.0,0.0,1.0,0.0,0.0,0.5,0.075,0.5,0.5,0.508,0.09,0.508,0.515,0.0,0.0,-1.45,-5.57,-267.41,-267.49,0.0,0.0,0.0,0.0,0.0,0.0,-2.14,1.0,1.0,0.0,-0.0,-0.0,-0.0,0.0,0.0,0.0,0.0,0.0,0.0,0.0,0.0,161.0,93.0,107.0,161.0,33.0,7.0,12.0,44.0,15.0,6.0,0.0
84.703,36,106522.0,600.0,171.0,600.0,600.0,0.0,1.0,0.0,0.0,0.5,0.075,0.5,0.5,0.508,0.09,0.508,0.515,0.0,0.0,-1.45,-5.57,-267.41,-267.49,0.0,0.0,0.0,0.0,0.0,0.0,-2.14,1.0,1.0,0.0,-0.0,-0.0,-0.0,0.0,0.0,0.0,0.0,0.0,0.0,0.0,0.0,161.0,93.0,107.0,161.0,33.0,7.0,12.0,44.0,15.0,6.0,0.0
84.806,99,106621.0,600.0,171.0,600.0,600.0,0.0,1.0,0.0,0.0,0.5,0.075,0.5,0.5,0.508,0.09,0.508,0.515,0.0,0.0,-1.45,-5.58,-267.41,-267.49,0.0,0.0,0.0,0.0,0.0,0.0,-2.14,1.0,1.0,0.0,-0.0,-0.0,-0.0,0.0,0.0,0.0,0.0,0.0,0.0,0.0,0.0,161.0,93.0,107.0,161.0,33.0,7.0,12.0,44.0,15.0,6.0,0.0
84.873,54,106675.0,600.0,171.0,541.0,600.0,0.0,1.0,0.0,0.0,0.5,0.075,0.5,0.5,0.508,0.09,0.508,0.515,0.0,0.0,-1.45,-5.58,-267.41,-267.49,0.0,0.0,0.0,0.0,0.0,0.0,-2.14,1.0,1.0,0.0,-0.0,-0.0,-0.0,0.0,0.0,0.0,0.0,0.0,0.0,0.0,0.0,161.0,93.0,107.0,161.0,33.0,7.0,12.0,44.0,15.0,6.0,0.0
84.905,35,106710.0,600.0,171.0,541.0,600.0,0.0,1.0,0.0,0.0,0.5,0.075,0.472,0.5,0.508,0.09,0.485,0.514,0.0,0.0,-1.45,-5.58,-267.41,-267.49,0.0,0.0,0.0,0.0,0.0,0.0,-2.14,1.0,1.0,0.0,-0.0,-0.0,-0.0,0.0,0.0,0.0,0.0,0.0,0.0,0.0,0.0,161.0,93.0,107.0,161.0,33.0,7.0,12.0,44.0,15.0,6.0,0.0
85.005,96,106806.0,600.0,171.0,541.0,600.0,0.0,1.0,0.0,0.0,0.5,0.075,0.472,0.5,0.508,0.09,0.485,0.514,0.0,0.0,-1.46,-5.59,-267.41,-267.49,0.0,0.0,0.0,0.0,0.0,0.0,-2.14,1.0,1.0,0.0,-0.0,-0.0,-0.0,0.0,0.0,0.0,0.0,0.0,0.0,0.0,0.0,161.0,93.0,107.0,161.0,33.0,7.0,12.0,44.0,15.0,6.0,0.0
85.038,54,106860.0,600.0,171.0,541.0,600.0,0.0,1.0,0.0,0.0,0.5,0.075,0.472,0.5,0.508,0.09,0.485,0.514,0.0,0.0,-1.45,-5.59,-267.41,-267.49,0.0,0.0,0.0,0.0,0.0,0.0,-2.14,1.0,1.0,0.0,-0.0,-0.0,-0.0,0.0,0.0,0.0,0.0,0.0,0.0,0.0,0.0,161.0,93.0,107.0,161.0,33.0,7.0,12.0,44.0,15.0,6.0,0.0
85.071,35,106895.0,600.0,171.0,541.0,600.0,0.0,1.0,0.0,0.0,0.5,0.075,0.459,0.5,0.508,0.089,0.47,0.514,0.0,0.0,-1.45,-5.59,-267.41,-267.49,0.0,0.0,0.0,0.0,0.0,0.0,-2.14,1.0,1.0,0.0,-0.0,-0.0,-0.0,0.0,0.0,0.0,0.0,0.0,0.0,0.0,0.0,161.0,93.0,107.0,161.0,33.0,7.0,12.0,44.0,15.0,6.0,0.0
85.17,98,106993.0,600.0,171.0,541.0,600.0,0.0,1.0,0.0,0.0,0.5,0.075,0.459,0.5,0.508,0.089,0.47,0.514,0.0,0.0,-1.45,-5.6,-267.41,-267.49,0.0,0.0,0.0,0.0,0.0,0.0,-2.14,1.0,1.0,0.0,-0.0,-0.0,-0.0,0.0,0.0,0.0,0.0,0.0,0.0,0.0,0.0,161.0,93.0,107.0,161.0,33.0,7.0,12.0,44.0,15.0,6.0,0.0
85.236,53,107046.0,600.0,171.0,541.0,600.0,0.0,1.0,0.0,0.0,0.5,0.075,0.459,0.5,0.508,0.089,0.47,0.514,0.0,0.0,-1.45,-5.59,-267.41,-267.49,0.0,0.0,0.0,0.0,0.0,0.0,-2.14,1.0,1.0,0.0,-0.0,-0.0,-0.0,0.0,0.0,0.0,0.0,0.0,0.0,0.0,0.0,161.0,93.0,107.0,161.0,33.0,7.0,12.0,44.0,15.0,6.0,0.0
85.302,53,107099.0,600.0,171.0,541.0,600.0,0.0,1.0,0.0,0.0,0.5,0.075,0.453,0.5,0.508,0.089,0.463,0.514,0.0,0.0,-1.45,-5.59,-267.41,-267.49,0.0,0.0,0.0,0.0,0.0,0.0,-2.14,1.0,1.0,0.0,-0.0,-0.0,-0.0,0.0,0.0,0.0,0.0,0.0,0.0,0.0,0.0,161.0,93.0,107.0,161.0,33.0,7.0,12.0,44.0,15.0,6.0,0.0
85.341,53,107152.0,600.0,171.0,541.0,600.0,0.0,1.0,0.0,0.0,0.5,0.075,0.453,0.5,0.508,0.089,0.463,0.514,0.0,0.0,-1.45,-5.59,-267.41,-267.49,0.0,0.0,0.0,0.0,0.0,0.0,-2.14,1.0,1.0,0.0,-0.0,-0.0,-0.0,0.0,0.0,0.0,0.0,0.0,0.0,0.0,0.0,161.0,93.0,107.0,161.0,33.0,7.0,12.0,44.0,15.0,6.0,1.0
85.406,53,107205.0,600.0,170.0,541.0,600.0,0.0,1.0,0.0,0.0,0.5,0.075,0.453,0.5,0.508,0.089,0.463,0.514,0.0,0.0,-1.45,-5.59,-267.41,-267.49,0.0,0.0,0.0,0.0,0.0,0.0,-2.14,1.0,1.0,0.0,-0.0,-0.0,-0.0,0.0,0.0,0.0,0.0,0.0,0.0,0.0,0.0,161.0,93.0,107.0,161.0,33.0,7.0,12.0,44.0,15.0,6.0,0.0
85.439,52,107257.0,600.0,170.0,541.0,600.0,0.0,1.0,0.0,0.0,0.5,0.075,0.453,0.5,0.508,0.089,0.463,0.514,0.0,0.0,-1.46,-5.6,-267.41,-267.49,0.0,0.0,0.0,0.0,0.0,0.0,-2.14,1.0,1.0,0.0,-0.0,-0.0,-0.0,0.0,0.0,0.0,0.0,0.0,0.0,0.0,0.0,161.0,93.0,107.0,161.0,33.0,7.0,12.0,44.0,15.0,6.0,0.0
85.471,36,107293.0,600.0,170.0,541.0,600.0,0.0,1.0,0.0,0.0,0.5,0.075,0.45,0.5,0.508,0.089,0.459,0.514,0.0,0.0,-1.46,-5.6,-267.41,-267.49,0.0,0.0,0.0,0.0,0.0,0.0,-2.14,1.0,1.0,0.0,-0.0,-0.0,-0.0,0.0,0.0,0.0,0.0,0.0,0.0,0.0,0.0,161.0,93.0,107.0,161.0,33.0,7.0,12.0,44.0,15.0,6.0,0.0
85.569,102,107395.0,600.0,170.0,541.0,600.0,0.0,1.0,0.0,0.0,0.5,0.075,0.45,0.5,0.508,0.089,0.459,0.514,0.0,0.0,-1.46,-5.6,-267.41,-267.49,0.0,0.0,0.0,0.0,0.0,0.0,-2.14,1.0,1.0,0.0,-0.0,-0.0,-0.0,0.0,0.0,0.0,0.0,0.0,0.0,0.0,0.0,161.0,93.0,107.0,161.0,33.0,7.0,12.0,44.0,15.0,6.0,0.0
85.632,52,107447.0,600.0,170.0,541.0,600.0,0.0,1.0,0.0,0.0,0.5,0.075,0.45,0.5,0.508,0.089,0.459,0.514,0.0,0.0,-1.46,-5.6,-267.41,-267.49,0.0,0.0,0.0,0.0,0.0,0.0,-2.14,1.0,1.0,0.0,-0.0,-0.0,-0.0,0.0,0.0,0.0,0.0,0.0,0.0,0.0,0.0,161.0,93.0,107.0,161.0,33.0,7.0,12.0,44.0,15.0,6.0,0.0
85.664,36,107483.0,600.0,170.0,541.0,600.0,0.0,1.0,0.0,0.0,0.5,0.074,0.449,0.5,0.508,0.088,0.458,0.514,0.0,0.0,-1.46,-5.59,-267.41,-267.49,0.0,0.0,0.0,0.0,0.0,0.0,-2.14,1.0,1.0,0.0,-0.0,-0.0,-0.0,0.0,0.0,0.0,0.0,0.0,0.0,0.0,0.0,161.0,93.0,107.0,161.0,33.0,7.0,12.0,44.0,15.0,6.0,0.0
85.768,98,107581.0,600.0,170.0,541.0,600.0,0.0,1.0,0.0,0.0,0.5,0.074,0.449,0.5,0.508,0.088,0.458,0.514,0.0,0.0,-1.46,-5.59,-267.41,-267.49,0.0,0.0,0.0,0.0,0.0,0.0,-2.14,1.0,1.0,0.0,-0.0,-0.0,-0.0,0.0,0.0,0.0,0.0,0.0,0.0,0.0,0.0,161.0,93.0,107.0,161.0,33.0,7.0,12.0,44.0,15.0,6.0,0.0
85.834,53,107634.0,600.0,170.0,600.0,600.0,0.0,1.0,0.0,0.0,0.5,0.074,0.449,0.5,0.508,0.088,0.458,0.514,0.0,0.0,-1.46,-5.59,-267.41,-267.49,0.0,0.0,0.0,0.0,0.0,0.0,-2.14,1.0,1.0,0.0,-0.0,-0.0,-0.0,0.0,0.0,0.0,0.0,0.0,0.0,0.0,0.0,161.0,93.0,107.0,161.0,33.0,7.0,12.0,44.0,15.0,6.0,0.0
85.867,35,107669.0,600.0,170.0,600.0,600.0,0.0,1.0,0.0,0.0,0.5,0.074,0.476,0.5,0.508,0.088,0.481,0.514,0.0,0.0,-1.46,-5.59,-267.41,-267.49,0.0,0.0,0.0,0.0,0.0,0.0,-2.14,1.0,1.0,0.0,-0.0,-0.0,-0.0,0.0,0.0,0.0,0.0,0.0,0.0,0.0,0.0,161.0,93.0,107.0,161.0,33.0,7.0,12.0,44.0,15.0,6.0,0.0
85.966,96,107765.0,600.0,169.0,600.0,600.0,0.0,1.0,0.0,0.0,0.5,0.074,0.476,0.5,0.508,0.088,0.481,0.514,0.0,0.0,-1.46,-5.59,-267.41,-267.49,0.0,0.0,0.0,0.0,0.0,0.0,-2.14,1.0,1.0,0.0,-0.0,-0.0,-0.0,0.0,0.0,0.0,0.0,0.0,0.0,0.0,0.0,161.0,93.0,107.0,161.0,33.0,7.0,12.0,44.0,15.0,6.0,0.0
85.999,54,107819.0,600.0,169.0,600.0,600.0,0.0,1.0,0.0,0.0,0.5,0.074,0.476,0.5,0.508,0.088,0.481,0.514,0.0,0.0,-1.46,-5.59,-267.41,-267.49,0.0,0.0,0.0,0.0,0.0,0.0,-2.14,1.0,1.0,0.0,-0.0,-0.0,-0.0,0.0,0.0,0.0,0.0,0.0,0.0,0.0,0.0,161.0,93.0,107.0,161.0,33.0,7.0,12.0,44.0,15.0,6.0,0.0
86.032,35,107854.0,600.0,169.0,600.0,600.0,0.0,1.0,0.0,0.0,0.5,0.074,0.489,0.5,0.508,0.088,0.495,0.514,0.0,0.0,-1.46,-5.59,-267.41,-267.49,0.0,0.0,0.0,0.0,0.0,0.0,-2.14,1.0,1.0,0.0,-0.0,-0.0,-0.0,0.0,0.0,0.0,0.0,0.0,0.0,0.0,0.0,161.0,93.0,107.0,161.0,33.0,7.0,12.0,44.0,15.0,6.0,0.0
86.168,99,107953.0,600.0,169.0,600.0,600.0,0.0,1.0,0.0,0.0,0.5,0.074,0.489,0.5,0.508,0.088,0.495,0.514,0.0,0.0,-1.47,-5.59,-267.41,-267.49,0.0,0.0,0.0,0.0,0.0,0.0,-2.14,1.0,1.0,0.0,-0.0,-0.0,-0.0,0.0,0.0,0.0,0.0,0.0,0.0,0.0,0.0,161.0,93.0,107.0,161.0,33.0,7.0,12.0,44.0,15.0,6.0,0.0
86.202,53,108006.0,600.0,169.0,600.0,600.0,0.0,1.0,0.0,0.0,0.5,0.074,0.489,0.5,0.508,0.088,0.495,0.514,0.0,0.0,-1.47,-5.59,-267.41,-267.49,0.0,0.0,0.0,0.0,0.0,0.0,-2.14,1.0,1.0,0.0,-0.0,-0.0,-0.0,0.0,0.0,0.0,0.0,0.0,0.0,0.0,0.0,161.0,93.0,107.0,161.0,33.0,7.0,12.0,44.0,15.0,6.0,0.0
86.235,36,108042.0,600.0,169.0,600.0,600.0,0.0,1.0,0.0,0.0,0.5,0.073,0.495,0.5,0.508,0.088,0.502,0.515,0.0,0.0,-1.47,-5.59,-267.41,-267.49,0.0,0.0,0.0,0.0,0.0,0.0,-2.14,1.0,1.0,0.0,-0.0,-0.0,-0.0,0.0,0.0,0.0,0.0,0.0,0.0,0.0,0.0,161.0,93.0,107.0,161.0,33.0,7.0,12.0,44.0,15.0,6.0,1.0
86.333,100,108142.0,600.0,169.0,600.0,600.0,0.0,1.0,0.0,0.0,0.5,0.073,0.495,0.5,0.508,0.088,0.502,0.515,0.0,0.0,-1.47,-5.59,-267.41,-267.49,0.0,0.0,0.0,0.0,0.0,0.0,-2.14,1.0,1.0,0.0,-0.0,-0.0,-0.0,0.0,0.0,0.0,0.0,0.0,0.0,0.0,0.0,161.0,93.0,107.0,161.0,33.0,7.0,12.0,44.0,15.0,6.0,0.0
86.398,54,108196.0,600.0,169.0,600.0,600.0,0.0,1.0,0.0,0.0,0.5,0.073,0.495,0.5,0.508,0.088,0.502,0.515,0.0,0.0,-1.47,-5.59,-267.41,-267.49,0.0,0.0,0.0,0.0,0.0,0.0,-2.14,1.0,1.0,0.0,-0.0,-0.0,-0.0,0.0,0.0,0.0,0.0,0.0,0.0,0.0,0.0,161.0,93.0,107.0,161.0,33.0,7.0,12.0,44.0,15.0,6.0,0.0
86.431,37,108233.0,600.0,169.0,600.0,600.0,0.0,1.0,0.0,0.0,0.5,0.073,0.498,0.5,0.508,0.088,0.506,0.515,0.0,0.0,-1.47,-5.6,-267.41,-267.49,0.0,0.0,0.0,0.0,0.0,0.0,-2.14,1.0,1.0,0.0,-0.0,-0.0,-0.0,0.0,0.0,0.0,0.0,0.0,0.0,0.0,0.0,161.0,93.0,107.0,161.0,33.0,7.0,12.0,44.0,15.0,6.0,0.0
86.531,96,108329.0,600.0,169.0,600.0,600.0,0.0,1.0,0.0,0.0,0.5,0.073,0.498,0.5,0.508,0.088,0.506,0.515,0.0,0.0,-1.47,-5.59,-267.41,-267.49,0.0,0.0,0.0,0.0,0.0,0.0,-2.14,1.0,1.0,0.0,-0.0,-0.0,-0.0,0.0,0.0,0.0,0.0,0.0,0.0,0.0,0.0,161.0,93.0,107.0,161.0,33.0,7.0,12.0,44.0,15.0,6.0,0.0
86.564,53,108382.0,600.0,169.0,600.0,600.0,0.0,1.0,0.0,0.0,0.5,0.073,0.498,0.5,0.508,0.088,0.506,0.515,0.0,0.0,-1.47,-5.6,-267.41,-267.49,0.0,0.0,0.0,0.0,0.0,0.0,-2.14,1.0,1.0,0.0,-0.0,-0.0,-0.0,0.0,0.0,0.0,0.0,0.0,0.0,0.0,0.0,161.0,93.0,107.0,161.0,33.0,7.0,12.0,44.0,15.0,6.0,1.0
86.597,35,108417.0,600.0,169.0,600.0,600.0,0.0,1.0,0.0,0.0,0.5,0.074,0.499,0.5,0.508,0.088,0.507,0.515,0.0,0.0,-1.47,-5.6,-267.41,-267.49,0.0,0.0,0.0,0.0,0.0,0.0,-2.14,1.0,1.0,0.0,-0.0,-0.0,-0.0,0.0,0.0,0.0,0.0,0.0,0.0,0.0,0.0,161.0,93.0,107.0,161.0,33.0,7.0,12.0,44.0,15.0,6.0,0.0
86.694,101,108518.0,600.0,169.0,600.0,600.0,0.0,1.0,0.0,0.0,0.5,0.074,0.499,0.5,0.508,0.088,0.507,0.515,0.0,0.0,-1.47,-5.6,-267.41,-267.49,0.0,0.0,0.0,0.0,0.0,0.0,-2.14,1.0,1.0,0.0,-0.0,-0.0,-0.0,0.0,0.0,0.0,0.0,0.0,0.0,0.0,0.0,161.0,93.0,107.0,161.0,33.0,7.0,12.0,44.0,15.0,6.0,0.0
86.77,53,108571.0,600.0,169.0,600.0,600.0,0.0,1.0,0.0,0.0,0.5,0.074,0.499,0.5,0.508,0.088,0.507,0.515,0.0,0.0,-1.47,-5.6,-267.41,-267.49,0.0,0.0,0.0,0.0,0.0,0.0,-2.14,1.0,1.0,0.0,-0.0,-0.0,-0.0,0.0,0.0,0.0,0.0,0.0,0.0,0.0,0.0,161.0,93.0,107.0,161.0,33.0,7.0,12.0,44.0,15.0,6.0,1.0
86.803,35,108606.0,600.0,169.0,600.0,600.0,0.0,1.0,0.0,0.0,0.5,0.074,0.5,0.5,0.508,0.088,0.508,0.515,0.0,0.0,-1.48,-5.61,-267.41,-267.49,0.0,0.0,0.0,0.0,0.0,0.0,-2.14,1.0,1.0,0.0,-0.0,-0.0,-0.0,0.0,0.0,0.0,0.0,0.0,0.0,0.0,0.0,161.0,93.0,107.0,161.0,33.0,7.0,12.0,44.0,15.0,6.0,0.0
86.901,95,108701.0,600.0,170.0,600.0,600.0,0.0,1.0,0.0,0.0,0.5,0.074,0.5,0.5,0.508,0.088,0.508,0.515,0.0,0.0,-1.48,-5.61,-267.41,-267.49,0.0,0.0,0.0,0.0,0.0,0.0,-2.14,1.0,1.0,0.0,-0.0,-0.0,-0.0,0.0,0.0,0.0,0.0,0.0,0.0,0.0,0.0,161.0,93.0,107.0,161.0,33.0,7.0,12.0,44.0,15.0,6.0,1.0
86.935,54,108755.0,600.0,170.0,600.0,600.0,0.0,1.0,0.0,0.0,0.5,0.074,0.5,0.5,0.508,0.088,0.508,0.515,0.0,0.0,-1.48,-5.61,-267.41,-267.49,0.0,0.0,0.0,0.0,0.0,0.0,-2.14,1.0,1.0,0.0,-0.0,-0.0,-0.0,0.0,0.0,0.0,0.0,0.0,0.0,0.0,0.0,161.0,93.0,107.0,161.0,33.0,7.0,12.0,44.0,15.0,6.0,0.0
86.968,36,108791.0,600.0,170.0,600.0,600.0,0.0,1.0,0.0,0.0,0.5,0.074,0.5,0.5,0.508,0.089,0.508,0.515,0.0,0.0,-1.47,-5.61,-267.41,-267.49,0.0,0.0,0.0,0.0,0.0,0.0,-2.14,1.0,1.0,0.0,-0.0,-0.0,-0.0,0.0,0.0,0.0,0.0,0.0,0.0,0.0,0.0,161.0,93.0,107.0,161.0,33.0,7.0,12.0,44.0,15.0,6.0,0.0
87.065,96,108887.0,600.0,171.0,600.0,600.0,0.0,1.0,0.0,0.0,0.5,0.074,0.5,0.5,0.508,0.089,0.508,0.515,0.0,0.0,-1.47,-5.61,-267.41,-267.49,0.0,0.0,0.0,0.0,0.0,0.0,-2.14,1.0,1.0,0.0,-0.0,-0.0,-0.0,0.0,0.0,0.0,0.0,0.0,0.0,0.0,0.0,161.0,93.0,107.0,161.0,33.0,7.0,12.0,44.0,15.0,6.0,0.0
87.135,53,108940.0,600.0,171.0,600.0,600.0,0.0,1.0,0.0,0.0,0.5,0.074,0.5,0.5,0.508,0.089,0.508,0.515,0.0,0.0,-1.47,-5.61,-267.41,-267.49,0.0,0.0,0.0,0.0,0.0,0.0,-2.14,1.0,1.0,0.0,-0.0,-0.0,-0.0,0.0,0.0,0.0,0.0,0.0,0.0,0.0,0.0,161.0,93.0,107.0,161.0,33.0,7.0,12.0,44.0,15.0,6.0,0.0
87.167,35,108975.0,600.0,171.0,600.0,600.0,0.0,1.0,0.0,0.0,0.5,0.074,0.5,0.5,0.508,0.089,0.508,0.515,0.0,0.0,-1.47,-5.61,-267.41,-267.49,0.0,0.0,0.0,0.0,0.0,0.0,-2.14,1.0,1.0,0.0,-0.0,-0.0,-0.0,0.0,0.0,0.0,0.0,0.0,0.0,0.0,0.0,161.0,93.0,107.0,161.0,33.0,7.0,12.0,44.0,15.0,6.0,0.0
87.266,99,109074.0,600.0,171.0,600.0,600.0,0.0,1.0,0.0,0.0,0.5,0.074,0.5,0.5,0.508,0.089,0.508,0.515,0.0,0.0,-1.47,-5.6,-267.41,-267.49,0.0,0.0,0.0,0.0,0.0,0.0,-2.14,1.0,1.0,0.0,-0.0,-0.0,-0.0,0.0,0.0,0.0,0.0,0.0,0.0,0.0,0.0,161.0,93.0,107.0,161.0,33.0,7.0,12.0,44.0,15.0,6.0,0.0
87.299,53,109127.0,600.0,171.0,600.0,600.0,0.0,1.0,0.0,0.0,0.5,0.074,0.5,0.5,0.508,0.089,0.508,0.515,0.0,0.0,-1.47,-5.6,-267.41,-267.49,0.0,0.0,0.0,0.0,0.0,0.0,-2.14,1.0,1.0,0.0,-0.0,-0.0,-0.0,0.0,0.0,0.0,0.0,0.0,0.0,0.0,0.0,161.0,93.0,107.0,161.0,33.0,7.0,12.0,44.0,15.0,6.0,0.0
87.373,35,109162.0,600.0,171.0,600.0,600.0,0.0,1.0,0.0,0.0,0.5,0.075,0.5,0.5,0.508,0.089,0.508,0.515,0.0,0.0,-1.47,-5.6,-267.41,-267.49,0.0,0.0,0.0,0.0,0.0,0.0,-2.14,1.0,1.0,0.0,-0.0,-0.0,-0.0,0.0,0.0,0.0,0.0,0.0,0.0,0.0,0.0,161.0,93.0,107.0,161.0,33.0,7.0,12.0,44.0,15.0,6.0,0.0
87.438,98,109260.0,600.0,171.0,600.0,600.0,0.0,1.0,0.0,0.0,0.5,0.075,0.5,0.5,0.508,0.089,0.508,0.515,0.0,0.0,-1.48,-5.6,-267.41,-267.49,0.0,0.0,0.0,0.0,0.0,0.0,-2.14,1.0,1.0,0.0,-0.0,-0.0,-0.0,0.0,0.0,0.0,0.0,0.0,0.0,0.0,0.0,161.0,93.0,107.0,161.0,33.0,7.0,12.0,44.0,15.0,6.0,1.0
87.505,53,109313.0,600.0,171.0,526.0,600.0,0.0,1.0,0.0,0.0,0.5,0.075,0.5,0.5,0.508,0.089,0.508,0.515,0.0,0.0,-1.48,-5.6,-267.41,-267.49,0.0,0.0,0.0,0.0,0.0,0.0,-2.14,1.0,1.0,0.0,-0.0,-0.0,-0.0,0.0,0.0,0.0,0.0,0.0,0.0,0.0,0.0,161.0,93.0,107.0,161.0,33.0,7.0,12.0,44.0,15.0,6.0,1.0
87.543,35,109348.0,600.0,171.0,526.0,600.0,0.0,1.0,0.0,0.0,0.5,0.075,0.465,0.5,0.508,0.089,0.479,0.514,0.0,0.0,-1.48,-5.6,-267.41,-267.49,0.0,0.0,0.0,0.0,0.0,0.0,-2.14,1.0,1.0,0.0,-0.0,-0.0,-0.0,0.0,0.0,0.0,0.0,0.0,0.0,0.0,0.0,161.0,93.0,107.0,161.0,33.0,7.0,12.0,44.0,15.0,6.0,0.0
87.642,97,109445.0,600.0,172.0,526.0,600.0,0.0,1.0,0.0,0.0,0.5,0.075,0.465,0.5,0.508,0.089,0.479,0.514,0.0,0.0,-1.49,-5.6,-267.41,-267.49,0.0,0.0,0.0,0.0,0.0,0.0,-2.14,1.0,1.0,0.0,-0.0,-0.0,-0.0,0.0,0.0,0.0,0.0,0.0,0.0,0.0,0.0,161.0,93.0,107.0,161.0,33.0,7.0,12.0,44.0,15.0,6.0,0.0
87.674,54,109499.0,600.0,172.0,526.0,600.0,0.0,1.0,0.0,0.0,0.5,0.075,0.465,0.5,0.508,0.089,0.479,0.514,0.0,0.0,-1.49,-5.6,-267.41,-267.49,0.0,0.0,0.0,0.0,0.0,0.0,-2.14,1.0,1.0,0.0,-0.0,-0.0,-0.0,0.0,0.0,0.0,0.0,0.0,0.0,0.0,0.0,161.0,93.0,107.0,161.0,33.0,7.0,12.0,44.0,15.0,6.0,0.0
87.74,53,109552.0,600.0,172.0,526.0,600.0,0.0,1.0,0.0,0.0,0.5,0.075,0.448,0.5,0.508,0.089,0.46,0.514,0.0,0.0,-1.49,-5.6,-267.41,-267.49,0.0,0.0,0.0,0.0,0.0,0.0,-2.14,1.0,1.0,0.0,-0.0,-0.0,-0.0,0.0,0.0,0.0,0.0,0.0,0.0,0.0,0.0,161.0,93.0,107.0,161.0,33.0,7.0,12.0,44.0,15.0,6.0,1.0
87.806,53,109605.0,600.0,172.0,526.0,600.0,0.0,1.0,0.0,0.0,0.5,0.075,0.448,0.5,0.508,0.089,0.46,0.514,0.0,0.0,-1.49,-5.6,-267.41,-267.49,0.0,0.0,0.0,0.0,0.0,0.0,-2.14,1.0,1.0,0.0,-0.0,-0.0,-0.0,0.0,0.0,0.0,0.0,0.0,0.0,0.0,0.0,161.0,93.0,107.0,161.0,33.0,7.0,12.0,44.0,15.0,6.0,1.0
87.838,52,109657.0,600.0,172.0,526.0,600.0,0.0,1.0,0.0,0.0,0.5,0.075,0.448,0.5,0.508,0.089,0.46,0.514,0.0,0.0,-1.49,-5.6,-267.41,-267.49,0.0,0.0,0.0,0.0,0.0,0.0,-2.14,1.0,1.0,0.0,-0.0,-0.0,-0.0,0.0,0.0,0.0,0.0,0.0,0.0,0.0,0.0,161.0,93.0,107.0,161.0,33.0,7.0,12.0,44.0,15.0,6.0,0.0
87.902,53,109710.0,600.0,172.0,526.0,600.0,0.0,1.0,0.0,0.0,0.5,0.075,0.448,0.5,0.508,0.089,0.46,0.514,0.0,0.0,-1.49,-5.6,-267.41,-267.49,0.0,0.0,0.0,0.0,0.0,0.0,-2.14,1.0,1.0,0.0,-0.0,-0.0,-0.0,0.0,0.0,0.0,0.0,0.0,0.0,0.0,0.0,161.0,93.0,107.0,161.0,33.0,7.0,12.0,44.0,15.0,6.0,0.0
87.935,35,109745.0,600.0,172.0,526.0,600.0,0.0,1.0,0.0,0.0,0.5,0.076,0.441,0.5,0.508,0.089,0.45,0.514,0.0,0.0,-1.5,-5.61,-267.41,-267.49,0.0,0.0,0.0,0.0,0.0,0.0,-2.14,1.0,1.0,0.0,-0.0,-0.0,-0.0,0.0,0.0,0.0,0.0,0.0,0.0,0.0,0.0,161.0,93.0,107.0,161.0,33.0,7.0,12.0,44.0,15.0,6.0,0.0
88.033,98,109843.0,600.0,172.0,526.0,600.0,0.0,1.0,0.0,0.0,0.5,0.076,0.441,0.5,0.508,0.089,0.45,0.514,0.0,0.0,-1.5,-5.61,-267.41,-267.49,0.0,0.0,0.0,0.0,0.0,0.0,-2.14,1.0,1.0,0.0,-0.0,-0.0,-0.0,0.0,0.0,0.0,0.0,0.0,0.0,0.0,0.0,161.0,93.0,107.0,161.0,33.0,7.0,12.0,44.0,15.0,6.0,1.0
88.099,53,109896.0,600.0,172.0,526.0,600.0,0.0,1.0,0.0,0.0,0.5,0.076,0.441,0.5,0.508,0.089,0.45,0.514,0.0,0.0,-1.5,-5.62,-267.41,-267.49,0.0,0.0,0.0,0.0,0.0,0.0,-2.14,1.0,1.0,0.0,-0.0,-0.0,-0.0,0.0,0.0,0.0,0.0,0.0,0.0,0.0,0.0,161.0,93.0,107.0,161.0,33.0,7.0,12.0,44.0,15.0,6.0,0.0
88.133,36,109932.0,600.0,172.0,526.0,600.0,0.0,1.0,0.0,0.0,0.5,0.076,0.437,0.5,0.508,0.09,0.446,0.514,0.0,0.0,-1.5,-5.62,-267.41,-267.49,0.0,0.0,0.0,0.0,0.0,0.0,-2.14,1.0,1.0,0.0,-0.0,-0.0,-0.0,0.0,0.0,0.0,0.0,0.0,0.0,0.0,0.0,161.0,93.0,107.0,161.0,33.0,7.0,12.0,44.0,15.0,6.0,0.0
88.232,98,110030.0,600.0,172.0,526.0,600.0,0.0,1.0,0.0,0.0,0.5,0.076,0.437,0.5,0.508,0.09,0.446,0.514,0.0,0.0,-1.5,-5.62,-267.41,-267.49,0.0,0.0,0.0,0.0,0.0,0.0,-2.14,1.0,1.0,0.0,-0.0,-0.0,-0.0,0.0,0.0,0.0,0.0,0.0,0.0,0.0,0.0,161.0,93.0,107.0,161.0,33.0,7.0,12.0,44.0,15.0,6.0,0.0
88.265,53,110083.0,600.0,172.0,526.0,600.0,0.0,1.0,0.0,0.0,0.5,0.076,0.437,0.5,0.508,0.09,0.446,0.514,0.0,0.0,-1.5,-5.62,-267.41,-267.49,0.0,0.0,0.0,0.0,0.0,0.0,-2.14,1.0,1.0,0.0,-0.0,-0.0,-0.0,0.0,0.0,0.0,0.0,0.0,0.0,0.0,0.0,161.0,93.0,107.0,161.0,33.0,7.0,12.0,44.0,15.0,6.0,1.0
88.298,36,110119.0,600.0,172.0,526.0,600.0,0.0,1.0,0.0,0.0,0.5,0.076,0.436,0.5,0.508,0.089,0.444,0.514,0.0,0.0,-1.5,-5.61,-267.41,-267.49,0.0,0.0,0.0,0.0,0.0,0.0,-2.14,1.0,1.0,0.0,-0.0,-0.0,-0.0,0.0,0.0,0.0,0.0,0.0,0.0,0.0,0.0,161.0,93.0,107.0,161.0,33.0,7.0,12.0,44.0,15.0,6.0,0.0
88.397,96,110215.0,600.0,171.0,526.0,600.0,0.0,1.0,0.0,0.0,0.5,0.076,0.436,0.5,0.508,0.089,0.444,0.514,0.0,0.0,-1.5,-5.61,-267.41,-267.49,0.0,0.0,0.0,0.0,0.0,0.0,-2.14,1.0,1.0,0.0,-0.0,-0.0,-0.0,0.0,0.0,0.0,0.0,0.0,0.0,0.0,0.0,161.0,93.0,107.0,161.0,33.0,7.0,12.0,44.0,15.0,6.0,1.0
88.465,54,110269.0,600.0,171.0,600.0,600.0,0.0,1.0,0.0,0.0,0.5,0.076,0.436,0.5,0.508,0.089,0.444,0.514,0.0,0.0,-1.49,-5.61,-267.41,-267.49,0.0,0.0,0.0,0.0,0.0,0.0,-2.14,1.0,1.0,0.0,-0.0,-0.0,-0.0,0.0,0.0,0.0,0.0,0.0,0.0,0.0,0.0,161.0,93.0,107.0,161.0,33.0,7.0,12.0,44.0,15.0,6.0,0.0
88.497,35,110304.0,600.0,171.0,600.0,600.0,0.0,1.0,0.0,0.0,0.5,0.075,0.47,0.5,0.508,0.09,0.473,0.514,0.0,0.0,-1.49,-5.61,-267.41,-267.49,0.0,0.0,0.0,0.0,0.0,0.0,-2.14,1.0,1.0,0.0,-0.0,-0.0,-0.0,0.0,0.0,0.0,0.0,0.0,0.0,0.0,0.0,161.0,93.0,107.0,161.0,33.0,7.0,12.0,44.0,15.0,6.0,0.0
88.595,100,110404.0,600.0,171.0,600.0,600.0,0.0,1.0,0.0,0.0,0.5,0.075,0.47,0.5,0.508,0.09,0.473,0.514,0.0,0.0,-1.49,-5.61,-267.41,-267.49,0.0,0.0,0.0,0.0,0.0,0.0,-2.14,1.0,1.0,0.0,-0.0,-0.0,-0.0,0.0,0.0,0.0,0.0,0.0,0.0,0.0,0.0,161.0,93.0,107.0,161.0,33.0,7.0,12.0,44.0,15.0,6.0,1.0
88.662,54,110458.0,600.0,171.0,600.0,600.0,0.0,1.0,0.0,0.0,0.5,0.075,0.47,0.5,0.508,0.09,0.473,0.514,0.0,0.0,-1.49,-5.61,-267.41,-267.49,0.0,0.0,0.0,0.0,0.0,0.0,-2.14,1.0,1.0,0.0,-0.0,-0.0,-0.0,0.0,0.0,0.0,0.0,0.0,0.0,0.0,0.0,161.0,93.0,107.0,161.0,33.0,7.0,12.0,44.0,15.0,6.0,0.0
88.694,35,110493.0,600.0,171.0,600.0,600.0,0.0,1.0,0.0,0.0,0.5,0.075,0.486,0.5,0.508,0.09,0.492,0.514,0.0,0.0,-1.49,-5.61,-267.41,-267.49,0.0,0.0,0.0,0.0,0.0,0.0,-2.14,1.0,1.0,0.0,-0.0,-0.0,-0.0,0.0,0.0,0.0,0.0,0.0,0.0,0.0,0.0,161.0,93.0,107.0,161.0,33.0,7.0,12.0,44.0,15.0,6.0,0.0
88.792,97,110590.0,600.0,170.0,600.0,600.0,0.0,1.0,0.0,0.0,0.5,0.075,0.486,0.5,0.508,0.09,0.492,0.514,0.0,0.0,-1.49,-5.61,-267.41,-267.49,0.0,0.0,0.0,0.0,0.0,0.0,-2.14,1.0,1.0,0.0,-0.0,-0.0,-0.0,0.0,0.0,0.0,0.0,0.0,0.0,0.0,0.0,161.0,93.0,107.0,161.0,33.0,7.0,12.0,44.0,15.0,6.0,0.0
88.824,53,110643.0,600.0,170.0,600.0,600.0,0.0,1.0,0.0,0.0,0.5,0.075,0.486,0.5,0.508,0.09,0.492,0.514,0.0,0.0,-1.49,-5.61,-267.41,-267.49,0.0,0.0,0.0,0.0,0.0,0.0,-2.14,1.0,1.0,0.0,-0.0,-0.0,-0.0,0.0,0.0,0.0,0.0,0.0,0.0,0.0,0.0,161.0,93.0,107.0,161.0,33.0,7.0,12.0,44.0,15.0,6.0,1.0
88.856,35,110678.0,600.0,170.0,600.0,600.0,0.0,1.0,0.0,0.0,0.5,0.075,0.494,0.5,0.508,0.089,0.501,0.515,0.0,0.0,-1.49,-5.61,-267.41,-267.49,0.0,0.0,0.0,0.0,0.0,0.0,-2.14,1.0,1.0,0.0,-0.0,-0.0,-0.0,0.0,0.0,0.0,0.0,0.0,0.0,0.0,0.0,161.0,93.0,107.0,161.0,33.0,7.0,12.0,44.0,15.0,6.0,0.0
88.952,99,110777.0,600.0,169.0,600.0,600.0,0.0,1.0,0.0,0.0,0.5,0.075,0.494,0.5,0.508,0.089,0.501,0.515,0.0,0.0,-1.49,-5.61,-267.41,-267.49,0.0,0.0,0.0,0.0,0.0,0.0,-2.14,1.0,1.0,0.0,-0.0,-0.0,-0.0,0.0,0.0,0.0,0.0,0.0,0.0,0.0,0.0,161.0,93.0,107.0,161.0,33.0,7.0,12.0,44.0,15.0,6.0,1.0
89.018,53,110830.0,600.0,169.0,600.0,600.0,0.0,1.0,0.0,0.0,0.5,0.075,0.494,0.5,0.508,0.089,0.501,0.515,0.0,0.0,-1.49,-5.61,-267.41,-267.49,0.0,0.0,0.0,0.0,0.0,0.0,-2.14,1.0,1.0,0.0,-0.0,-0.0,-0.0,0.0,0.0,0.0,0.0,0.0,0.0,0.0,0.0,161.0,93.0,107.0,161.0,33.0,7.0,12.0,44.0,15.0,6.0,0.0
89.05,35,110865.0,600.0,169.0,600.0,600.0,0.0,1.0,0.0,0.0,0.5,0.074,0.497,0.5,0.508,0.089,0.505,0.515,0.0,0.0,-1.48,-5.62,-267.41,-267.49,0.0,0.0,0.0,0.0,0.0,0.0,-2.14,1.0,1.0,0.0,-0.0,-0.0,-0.0,0.0,0.0,0.0,0.0,0.0,0.0,0.0,0.0,161.0,93.0,107.0,161.0,33.0,7.0,12.0,44.0,15.0,6.0,0.0
89.146,98,110963.0,600.0,169.0,600.0,600.0,0.0,1.0,0.0,0.0,0.5,0.074,0.497,0.5,0.508,0.089,0.505,0.515,0.0,0.0,-1.48,-5.62,-267.41,-267.49,0.0,0.0,0.0,0.0,0.0,0.0,-2.14,1.0,1.0,0.0,-0.0,-0.0,-0.0,0.0,0.0,0.0,0.0,0.0,0.0,0.0,0.0,161.0,93.0,107.0,161.0,33.0,7.0,12.0,44.0,15.0,6.0,0.0
89.212,53,111016.0,600.0,169.0,600.0,600.0,0.0,1.0,0.0,0.0,0.5,0.074,0.497,0.5,0.508,0.089,0.505,0.515,0.0,0.0,-1.49,-5.61,-267.41,-267.49,0.0,0.0,0.0,0.0,0.0,0.0,-2.14,1.0,1.0,0.0,-0.0,-0.0,-0.0,0.0,0.0,0.0,0.0,0.0,0.0,0.0,0.0,161.0,93.0,107.0,161.0,33.0,7.0,12.0,44.0,15.0,6.0,0.0
89.243,36,111052.0,600.0,169.0,600.0,600.0,0.0,1.0,0.0,0.0,0.5,0.074,0.499,0.5,0.508,0.089,0.507,0.515,0.0,0.0,-1.49,-5.61,-267.41,-267.49,0.0,0.0,0.0,0.0,0.0,0.0,-2.14,1.0,1.0,0.0,-0.0,-0.0,-0.0,0.0,0.0,0.0,0.0,0.0,0.0,0.0,0.0,161.0,93.0,107.0,161.0,33.0,7.0,12.0,44.0,15.0,6.0,0.0
89.339,96,111148.0,600.0,170.0,600.0,600.0,0.0,1.0,0.0,0.0,0.5,0.074,0.499,0.5,0.508,0.089,0.507,0.515,0.0,0.0,-1.48,-5.61,-267.41,-267.49,0.0,0.0,0.0,0.0,0.0,0.0,-2.14,1.0,1.0,0.0,-0.0,-0.0,-0.0,0.0,0.0,0.0,0.0,0.0,0.0,0.0,0.0,161.0,93.0,107.0,161.0,33.0,7.0,12.0,44.0,15.0,6.0,1.0
89.403,55,111203.0,600.0,170.0,600.0,600.0,0.0,1.0,0.0,0.0,0.5,0.074,0.499,0.5,0.508,0.089,0.507,0.515,0.0,0.0,-1.48,-5.61,-267.41,-267.49,0.0,0.0,0.0,0.0,0.0,0.0,-2.14,1.0,1.0,0.0,-0.0,-0.0,-0.0,0.0,0.0,0.0,0.0,0.0,0.0,0.0,0.0,161.0,93.0,107.0,161.0,33.0,7.0,12.0,44.0,15.0,6.0,0.0
89.435,35,111238.0,600.0,170.0,600.0,600.0,0.0,1.0,0.0,0.0,0.5,0.074,0.499,0.5,0.508,0.089,0.508,0.515,0.0,0.0,-1.48,-5.61,-267.41,-267.49,0.0,0.0,0.0,0.0,0.0,0.0,-2.14,1.0,1.0,0.0,-0.0,-0.0,-0.0,0.0,0.0,0.0,0.0,0.0,0.0,0.0,0.0,161.0,93.0,107.0,161.0,33.0,7.0,12.0,44.0,15.0,6.0,0.0
89.538,99,111337.0,600.0,170.0,600.0,600.0,0.0,1.0,0.0,0.0,0.5,0.074,0.499,0.5,0.508,0.089,0.508,0.515,0.0,0.0,-1.48,-5.61,-267.41,-267.49,0.0,0.0,0.0,0.0,0.0,0.0,-2.14,1.0,1.0,0.0,-0.0,-0.0,-0.0,0.0,0.0,0.0,0.0,0.0,0.0,0.0,0.0,161.0,93.0,107.0,161.0,33.0,7.0,12.0,44.0,15.0,6.0,1.0
89.571,53,111390.0,600.0,170.0,600.0,600.0,0.0,1.0,0.0,0.0,0.5,0.074,0.499,0.5,0.508,0.089,0.508,0.515,0.0,0.0,-1.48,-5.61,-267.41,-267.49,0.0,0.0,0.0,0.0,0.0,0.0,-2.14,1.0,1.0,0.0,-0.0,-0.0,-0.0,0.0,0.0,0.0,0.0,0.0,0.0,0.0,0.0,161.0,93.0,107.0,161.0,33.0,7.0,12.0,44.0,15.0,6.0,0.0
89.604,35,111425.0,600.0,170.0,600.0,600.0,0.0,1.0,0.0,0.0,0.5,0.074,0.5,0.5,0.508,0.089,0.508,0.515,0.0,0.0,-1.48,-5.61,-267.41,-267.49,0.0,0.0,0.0,0.0,0.0,0.0,-2.14,1.0,1.0,0.0,-0.0,-0.0,-0.0,0.0,0.0,0.0,0.0,0.0,0.0,0.0,0.0,161.0,93.0,107.0,161.0,33.0,7.0,12.0,44.0,15.0,6.0,0.0
89.702,100,111525.0,600.0,171.0,600.0,600.0,0.0,1.0,0.0,0.0,0.5,0.074,0.5,0.5,0.508,0.089,0.508,0.515,0.0,0.0,-1.48,-5.61,-267.41,-267.49,0.0,0.0,0.0,0.0,0.0,0.0,-2.14,1.0,1.0,0.0,-0.0,-0.0,-0.0,0.0,0.0,0.0,0.0,0.0,0.0,0.0,0.0,161.0,93.0,107.0,161.0,33.0,7.0,12.0,44.0,15.0,6.0,0.0
89.77,54,111579.0,600.0,171.0,600.0,600.0,0.0,1.0,0.0,0.0,0.5,0.074,0.5,0.5,0.508,0.089,0.508,0.515,0.0,0.0,-1.48,-5.61,-267.41,-267.49,0.0,0.0,0.0,0.0,0.0,0.0,-2.14,1.0,1.0,0.0,-0.0,-0.0,-0.0,0.0,0.0,0.0,0.0,0.0,0.0,0.0,0.0,161.0,93.0,107.0,161.0,33.0,7.0,12.0,44.0,15.0,6.0,0.0
89.803,35,111614.0,600.0,171.0,600.0,600.0,0.0,1.0,0.0,0.0,0.5,0.075,0.5,0.5,0.508,0.089,0.508,0.515,0.0,0.0,-1.48,-5.61,-267.41,-267.49,0.0,0.0,0.0,0.0,0.0,0.0,-2.14,1.0,1.0,0.0,-0.0,-0.0,-0.0,0.0,0.0,0.0,0.0,0.0,0.0,0.0,0.0,161.0,93.0,107.0,161.0,33.0,7.0,12.0,44.0,15.0,6.0,0.0
89.901,98,111712.0,600.0,171.0,600.0,600.0,0.0,1.0,0.0,0.0,0.5,0.075,0.5,0.5,0.508,0.089,0.508,0.515,0.0,0.0,-1.48,-5.61,-267.41,-267.49,0.0,0.0,0.0,0.0,0.0,0.0,-2.14,1.0,1.0,0.0,-0.0,-0.0,-0.0,0.0,0.0,0.0,0.0,0.0,0.0,0.0,0.0,161.0,93.0,107.0,161.0,33.0,7.0,12.0,44.0,15.0,6.0,0.0
89.969,53,111765.0,600.0,171.0,600.0,600.0,0.0,1.0,0.0,0.0,0.5,0.075,0.5,0.5,0.508,0.089,0.508,0.515,0.0,0.0,-1.48,-5.62,-267.41,-267.49,0.0,0.0,0.0,0.0,0.0,0.0,-2.14,1.0,1.0,0.0,-0.0,-0.0,-0.0,0.0,0.0,0.0,0.0,0.0,0.0,0.0,0.0,161.0,93.0,107.0,161.0,33.0,7.0,12.0,44.0,15.0,6.0,1.0
90.001,36,111801.0,600.0,171.0,600.0,600.0,0.0,1.0,0.0,0.0,0.5,0.075,0.5,0.5,0.508,0.09,0.508,0.515,0.0,0.0,-1.48,-5.62,-267.41,-267.49,0.0,0.0,0.0,0.0,0.0,0.0,-2.14,1.0,1.0,0.0,-0.0,-0.0,-0.0,0.0,0.0,0.0,0.0,0.0,0.0,0.0,0.0,161.0,93.0,107.0,161.0,33.0,7.0,12.0,44.0,15.0,6.0,0.0
90.101,98,111899.0,600.0,172.0,600.0,600.0,0.0,1.0,0.0,0.0,0.5,0.075,0.5,0.5,0.508,0.09,0.508,0.515,0.0,0.0,-1.48,-5.62,-267.41,-267.49,0.0,0.0,0.0,0.0,0.0,0.0,-2.14,1.0,1.0,0.0,-0.0,-0.0,-0.0,0.0,0.0,0.0,0.0,0.0,0.0,0.0,0.0,161.0,93.0,107.0,161.0,33.0,7.0,12.0,44.0,15.0,6.0,1.0
90.139,53,111952.0,600.0,172.0,600.0,600.0,0.0,1.0,0.0,0.0,0.5,0.075,0.5,0.5,0.508,0.09,0.508,0.515,0.0,0.0,-1.48,-5.62,-267.41,-267.49,0.0,0.0,0.0,0.0,0.0,0.0,-2.14,1.0,1.0,0.0,-0.0,-0.0,-0.0,0.0,0.0,0.0,0.0,0.0,0.0,0.0,0.0,161.0,93.0,107.0,161.0,33.0,7.0,12.0,44.0,15.0,6.0,0.0
90.172,35,111987.0,600.0,172.0,600.0,600.0,0.0,1.0,0.0,0.0,0.5,0.076,0.5,0.5,0.508,0.09,0.508,0.515,0.0,0.0,-1.48,-5.62,-267.41,-267.49,0.0,0.0,0.0,0.0,0.0,0.0,-2.14,1.0,1.0,0.0,-0.0,-0.0,-0.0,0.0,0.0,0.0,0.0,0.0,0.0,0.0,0.0,161.0,93.0,107.0,161.0,33.0,7.0,12.0,44.0,15.0,6.0,0.0
90.27,102,112089.0,600.0,172.0,600.0,600.0,0.0,1.0,0.0,0.0,0.5,0.076,0.5,0.5,0.508,0.09,0.508,0.515,0.0,0.0,-1.48,-5.62,-267.41,-267.49,0.0,0.0,0.0,0.0,0.0,0.0,-2.14,1.0,1.0,0.0,-0.0,-0.0,-0.0,0.0,0.0,0.0,0.0,0.0,0.0,0.0,0.0,161.0,93.0,107.0,161.0,33.0,7.0,12.0,44.0,15.0,6.0,1.0
90.337,53,112142.0,600.0,172.0,600.0,600.0,0.0,1.0,0.0,0.0,0.5,0.076,0.5,0.5,0.508,0.09,0.508,0.515,0.0,0.0,-1.47,-5.62,-267.41,-267.49,0.0,0.0,0.0,0.0,0.0,0.0,-2.14,1.0,1.0,0.0,-0.0,-0.0,-0.0,0.0,0.0,0.0,0.0,0.0,0.0,0.0,0.0,161.0,93.0,107.0,161.0,33.0,7.0,12.0,44.0,15.0,6.0,0.0
90.37,52,112194.0,600.0,172.0,600.0,600.0,0.0,1.0,0.0,0.0,0.5,0.076,0.5,0.5,0.508,0.09,0.508,0.515,0.0,0.0,-1.47,-5.62,-267.41,-267.49,0.0,0.0,0.0,0.0,0.0,0.0,-2.14,1.0,1.0,0.0,-0.0,-0.0,-0.0,0.0,0.0,0.0,0.0,0.0,0.0,0.0,0.0,161.0,93.0,107.0,161.0,33.0,7.0,12.0,44.0,15.0,6.0,0.0
90.436,53,112247.0,600.0,172.0,600.0,600.0,0.0,1.0,0.0,0.0,0.5,0.076,0.5,0.5,0.508,0.09,0.508,0.515,0.0,0.0,-1.47,-5.62,-267.41,-267.49,0.0,0.0,0.0,0.0,0.0,0.0,-2.14,1.0,1.0,0.0,-0.0,-0.0,-0.0,0.0,0.0,0.0,0.0,0.0,0.0,0.0,0.0,161.0,93.0,107.0,161.0,33.0,7.0,12.0,44.0,15.0,6.0,1.0
90.501,53,112300.0,600.0,171.0,600.0,600.0,0.0,1.0,0.0,0.0,0.5,0.076,0.5,0.5,0.508,0.09,0.508,0.515,0.0,0.0,-1.48,-5.61,-267.41,-267.49,0.0,0.0,0.0,0.0,0.0,0.0,-2.14,1.0,1.0,0.0,-0.0,-0.0,-0.0,0.0,0.0,0.0,0.0,0.0,0.0,0.0,0.0,161.0,93.0,107.0,161.0,33.0,7.0,12.0,44.0,15.0,6.0,0.0
90.539,53,112353.0,600.0,171.0,600.0,600.0,0.0,1.0,0.0,0.0,0.5,0.076,0.5,0.5,0.508,0.09,0.508,0.515,0.0,0.0,-1.48,-5.61,-267.41,-267.49,0.0,0.0,0.0,0.0,0.0,0.0,-2.14,1.0,1.0,0.0,-0.0,-0.0,-0.0,0.0,0.0,0.0,0.0,0.0,0.0,0.0,0.0,161.0,93.0,107.0,161.0,33.0,7.0,12.0,44.0,15.0,6.0,0.0
90.571,36,112389.0,600.0,171.0,600.0,600.0,0.0,1.0,0.0,0.0,0.5,0.076,0.5,0.5,0.508,0.09,0.508,0.515,0.0,0.0,-1.48,-5.61,-267.41,-267.49,0.0,0.0,0.0,0.0,0.0,0.0,-2.14,1.0,1.0,0.0,-0.0,-0.0,-0.0,0.0,0.0,0.0,0.0,0.0,0.0,0.0,0.0,161.0,93.0,107.0,161.0,33.0,7.0,12.0,44.0,15.0,6.0,0.0
90.667,103,112492.0,600.0,170.0,600.0,600.0,0.0,1.0,0.0,0.0,0.5,0.076,0.5,0.5,0.508,0.09,0.508,0.515,0.0,0.0,-1.47,-5.61,-267.41,-267.49,0.0,0.0,0.0,0.0,0.0,0.0,-2.14,1.0,1.0,0.0,-0.0,-0.0,-0.0,0.0,0.0,0.0,0.0,0.0,0.0,0.0,0.0,161.0,93.0,107.0,161.0,33.0,7.0,12.0,44.0,15.0,6.0,0.0
90.739,53,112545.0,600.0,170.0,600.0,600.0,0.0,1.0,0.0,0.0,0.5,0.076,0.5,0.5,0.508,0.09,0.508,0.515,0.0,0.0,-1.47,-5.61,-267.41,-267.49,0.0,0.0,0.0,0.0,0.0,0.0,-2.14,1.0,1.0,0.0,-0.0,-0.0,-0.0,0.0,0.0,0.0,0.0,0.0,0.0,0.0,0.0,161.0,93.0,107.0,161.0,33.0,7.0,12.0,44.0,15.0,6.0,0.0
90.771,35,112580.0,600.0,170.0,600.0,600.0,0.0,1.0,0.0,0.0,0.5,0.075,0.5,0.5,0.508,0.09,0.508,0.515,0.0,0.0,-1.47,-5.61,-267.41,-267.49,0.0,0.0,0.0,0.0,0.0,0.0,-2.14,1.0,1.0,0.0,-0.0,-0.0,-0.0,0.0,0.0,0.0,0.0,0.0,0.0,0.0,0.0,161.0,93.0,107.0,161.0,33.0,7.0,12.0,44.0,15.0,6.0,0.0
90.867,98,112678.0,600.0,170.0,600.0,600.0,0.0,1.0,0.0,0.0,0.5,0.075,0.5,0.5,0.508,0.09,0.508,0.515,0.0,0.0,-1.47,-5.61,-267.41,-267.49,0.0,0.0,0.0,0.0,0.0,0.0,-2.14,1.0,1.0,0.0,-0.0,-0.0,-0.0,0.0,0.0,0.0,0.0,0.0,0.0,0.0,0.0,161.0,93.0,107.0,161.0,33.0,7.0,12.0,44.0,15.0,6.0,0.0
90.942,53,112731.0,600.0,170.0,600.0,600.0,0.0,1.0,0.0,0.0,0.5,0.075,0.5,0.5,0.508,0.09,0.508,0.515,0.0,0.0,-1.47,-5.6,-267.41,-267.49,0.0,0.0,0.0,0.0,0.0,0.0,-2.14,1.0,1.0,0.0,-0.0,-0.0,-0.0,0.0,0.0,0.0,0.0,0.0,0.0,0.0,0.0,161.0,93.0,107.0,161.0,33.0,7.0,12.0,44.0,15.0,6.0,0.0
90.975,35,112766.0,600.0,170.0,600.0,600.0,0.0,1.0,0.0,0.0,0.5,0.075,0.5,0.5,0.508,0.089,0.508,0.515,0.0,0.0,-1.47,-5.6,-267.41,-267.49,0.0,0.0,0.0,0.0,0.0,0.0,-2.14,1.0,1.0,0.0,-0.0,-0.0,-0.0,0.0,0.0,0.0,0.0,0.0,0.0,0.0,0.0,161.0,93.0,107.0,161.0,33.0,7.0,12.0,44.0,15.0,6.0,0.0
91.041,100,112866.0,600.0,169.0,600.0,600.0,0.0,1.0,0.0,0.0,0.5,0.075,0.5,0.5,0.508,0.089,0.508,0.515,0.0,0.0,-1.47,-5.6,-267.41,-267.49,0.0,0.0,0.0,0.0,0.0,0.0,-2.14,1.0,1.0,0.0,-0.0,-0.0,-0.0,0.0,0.0,0.0,0.0,0.0,0.0,0.0,0.0,161.0,93.0,107.0,161.0,33.0,7.0,12.0,44.0,15.0,6.0,0.0
91.107,53,112919.0,600.0,169.0,533.0,600.0,0.0,1.0,0.0,0.0,0.5,0.075,0.5,0.5,0.508,0.089,0.508,0.515,0.0,0.0,-1.47,-5.6,-267.41,-267.49,0.0,0.0,0.0,0.0,0.0,0.0,-2.14,1.0,1.0,0.0,-0.0,-0.0,-0.0,0.0,0.0,0.0,0.0,0.0,0.0,0.0,0.0,161.0,93.0,107.0,161.0,33.0,7.0,12.0,44.0,15.0,6.0,0.0
91.139,35,112954.0,600.0,169.0,533.0,600.0,0.0,1.0,0.0,0.0,0.5,0.074,0.468,0.5,0.508,0.089,0.482,0.514,0.0,0.0,-1.47,-5.6,-267.41,-267.49,0.0,0.0,0.0,0.0,0.0,0.0,-2.14,1.0,1.0,0.0,-0.0,-0.0,-0.0,0.0,0.0,0.0,0.0,0.0,0.0,0.0,0.0,161.0,93.0,107.0,161.0,33.0,7.0,12.0,44.0,15.0,6.0,0.0
91.234,96,113050.0,600.0,170.0,533.0,600.0,0.0,1.0,0.0,0.0,0.5,0.074,0.468,0.5,0.508,0.089,0.482,0.514,0.0,0.0,-1.47,-5.6,-267.41,-267.49,0.0,0.0,0.0,0.0,0.0,0.0,-2.14,1.0,1.0,0.0,-0.0,-0.0,-0.0,0.0,0.0,0.0,0.0,0.0,0.0,0.0,0.0,161.0,93.0,107.0,161.0,33.0,7.0,12.0,44.0,15.0,6.0,0.0
91.3,53,113103.0,600.0,170.0,533.0,600.0,0.0,1.0,0.0,0.0,0.5,0.074,0.468,0.5,0.508,0.089,0.482,0.514,0.0,0.0,-1.47,-5.6,-267.41,-267.49,0.0,0.0,0.0,0.0,0.0,0.0,-2.14,1.0,1.0,0.0,-0.0,-0.0,-0.0,0.0,0.0,0.0,0.0,0.0,0.0,0.0,0.0,161.0,93.0,107.0,161.0,33.0,7.0,12.0,44.0,15.0,6.0,0.0
91.338,35,113138.0,600.0,170.0,533.0,600.0,0.0,1.0,0.0,0.0,0.5,0.074,0.453,0.5,0.508,0.088,0.464,0.514,0.0,0.0,-1.47,-5.6,-267.41,-267.49,0.0,0.0,0.0,0.0,0.0,0.0,-2.14,1.0,1.0,0.0,-0.0,-0.0,-0.0,0.0,0.0,0.0,0.0,0.0,0.0,0.0,0.0,161.0,93.0,107.0,161.0,33.0,7.0,12.0,44.0,15.0,6.0,0.0
91.434,100,113238.0,600.0,171.0,533.0,600.0,0.0,1.0,0.0,0.0,0.5,0.074,0.453,0.5,0.508,0.088,0.464,0.514,0.0,0.0,-1.47,-5.6,-267.41,-267.49,0.0,0.0,0.0,0.0,0.0,0.0,-2.14,1.0,1.0,0.0,-0.0,-0.0,-0.0,0.0,0.0,0.0,0.0,0.0,0.0,0.0,0.0,161.0,93.0,107.0,161.0,33.0,7.0,12.0,44.0,15.0,6.0,0.0
91.467,54,113292.0,600.0,171.0,533.0,600.0,0.0,1.0,0.0,0.0,0.5,0.074,0.453,0.5,0.508,0.088,0.464,0.514,0.0,0.0,-1.47,-5.6,-267.41,-267.49,0.0,0.0,0.0,0.0,0.0,0.0,-2.14,1.0,1.0,0.0,-0.0,-0.0,-0.0,0.0,0.0,0.0,0.0,0.0,0.0,0.0,0.0,161.0,93.0,107.0,161.0,33.0,7.0,12.0,44.0,15.0,6.0,0.0
91.54,36,113328.0,600.0,171.0,533.0,600.0,0.0,1.0,0.0,0.0,0.5,0.075,0.447,0.5,0.508,0.089,0.456,0.514,0.0,0.0,-1.47,-5.6,-267.41,-267.49,0.0,0.0,0.0,0.0,0.0,0.0,-2.14,1.0,1.0,0.0,-0.0,-0.0,-0.0,0.0,0.0,0.0,0.0,0.0,0.0,0.0,0.0,161.0,93.0,107.0,161.0,33.0,7.0,12.0,44.0,15.0,6.0,0.0
91.606,98,113426.0,600.0,171.0,533.0,600.0,0.0,1.0,0.0,0.0,0.5,0.075,0.447,0.5,0.508,0.089,0.456,0.514,0.0,0.0,-1.47,-5.6,-267.41,-267.49,0.0,0.0,0.0,0.0,0.0,0.0,-2.14,1.0,1.0,0.0,-0.0,-0.0,-0.0,0.0,0.0,0.0,0.0,0.0,0.0,0.0,0.0,161.0,93.0,107.0,161.0,33.0,7.0,12.0,44.0,15.0,6.0,0.0
91.672,53,113479.0,600.0,171.0,533.0,600.0,0.0,1.0,0.0,0.0,0.5,0.075,0.447,0.5,0.508,0.089,0.456,0.514,0.0,0.0,-1.47,-5.6,-267.41,-267.49,0.0,0.0,0.0,0.0,0.0,0.0,-2.14,1.0,1.0,0.0,-0.0,-0.0,-0.0,0.0,0.0,0.0,0.0,0.0,0.0,0.0,0.0,161.0,93.0,107.0,161.0,33.0,7.0,12.0,44.0,15.0,6.0,0.0
91.704,36,113515.0,600.0,171.0,533.0,600.0,0.0,1.0,0.0,0.0,0.5,0.075,0.443,0.5,0.508,0.089,0.452,0.514,0.0,0.0,-1.47,-5.6,-267.41,-267.49,0.0,0.0,0.0,0.0,0.0,0.0,-2.14,1.0,1.0,0.0,-0.0,-0.0,-0.0,0.0,0.0,0.0,0.0,0.0,0.0,0.0,0.0,161.0,93.0,107.0,161.0,33.0,7.0,12.0,44.0,15.0,6.0,0.0
91.804,96,113611.0,600.0,172.0,533.0,600.0,0.0,1.0,0.0,0.0,0.5,0.075,0.443,0.5,0.508,0.089,0.452,0.514,0.0,0.0,-1.47,-5.59,-267.41,-267.49,0.0,0.0,0.0,0.0,0.0,0.0,-2.14,1.0,1.0,0.0,-0.0,-0.0,-0.0,0.0,0.0,0.0,0.0,0.0,0.0,0.0,0.0,161.0,93.0,107.0,161.0,33.0,7.0,12.0,44.0,15.0,6.0,0.0
91.869,53,113664.0,600.0,172.0,533.0,600.0,0.0,1.0,0.0,0.0,0.5,0.075,0.443,0.5,0.508,0.089,0.452,0.514,0.0,0.0,-1.47,-5.59,-267.41,-267.49,0.0,0.0,0.0,0.0,0.0,0.0,-2.14,1.0,1.0,0.0,-0.0,-0.0,-0.0,0.0,0.0,0.0,0.0,0.0,0.0,0.0,0.0,161.0,93.0,107.0,161.0,33.0,7.0,12.0,44.0,15.0,6.0,0.0
91.901,36,113700.0,600.0,172.0,533.0,600.0,0.0,1.0,0.0,0.0,0.5,0.075,0.442,0.5,0.508,0.089,0.451,0.514,0.0,0.0,-1.47,-5.6,-267.41,-267.49,0.0,0.0,0.0,0.0,0.0,0.0,-2.14,1.0,1.0,0.0,-0.0,-0.0,-0.0,0.0,0.0,0.0,0.0,0.0,0.0,0.0,0.0,161.0,93.0,107.0,161.0,33.0,7.0,12.0,44.0,15.0,6.0,0.0
91.997,98,113798.0,600.0,172.0,533.0,600.0,0.0,1.0,0.0,0.0,0.5,0.075,0.442,0.5,0.508,0.089,0.451,0.514,0.0,0.0,-1.46,-5.59,-267.41,-267.49,0.0,0.0,0.0,0.0,0.0,0.0,-2.14,1.0,1.0,0.0,-0.0,-0.0,-0.0,0.0,0.0,0.0,0.0,0.0,0.0,0.0,0.0,161.0,93.0,107.0,161.0,33.0,7.0,12.0,44.0,15.0,6.0,0.0
92.028,53,113851.0,600.0,172.0,600.0,600.0,0.0,1.0,0.0,0.0,0.5,0.075,0.442,0.5,0.508,0.089,0.451,0.514,0.0,0.0,-1.46,-5.59,-267.41,-267.49,0.0,0.0,0.0,0.0,0.0,0.0,-2.14,1.0,1.0,0.0,-0.0,-0.0,-0.0,0.0,0.0,0.0,0.0,0.0,0.0,0.0,0.0,161.0,93.0,107.0,161.0,33.0,7.0,12.0,44.0,15.0,6.0,0.0
92.06,35,113886.0,600.0,172.0,600.0,600.0,0.0,1.0,0.0,0.0,0.5,0.076,0.473,0.5,0.508,0.09,0.477,0.514,0.0,0.0,-1.46,-5.59,-267.41,-267.49,0.0,0.0,0.0,0.0,0.0,0.0,-2.14,1.0,1.0,0.0,-0.0,-0.0,-0.0,0.0,0.0,0.0,0.0,0.0,0.0,0.0,0.0,161.0,93.0,107.0,161.0,33.0,7.0,12.0,44.0,15.0,6.0,0.0
92.159,98,113984.0,600.0,171.0,600.0,600.0,0.0,1.0,0.0,0.0,0.5,0.076,0.473,0.5,0.508,0.09,0.477,0.514,0.0,0.0,-1.46,-5.59,-267.41,-267.49,0.0,0.0,0.0,0.0,0.0,0.0,-2.14,1.0,1.0,0.0,-0.0,-0.0,-0.0,0.0,0.0,0.0,0.0,0.0,0.0,0.0,0.0,161.0,93.0,107.0,161.0,33.0,7.0,12.0,44.0,15.0,6.0,0.0
92.225,54,114038.0,600.0,171.0,600.0,600.0,0.0,1.0,0.0,0.0,0.5,0.076,0.473,0.5,0.508,0.09,0.477,0.514,0.0,0.0,-1.46,-5.59,-267.41,-267.49,0.0,0.0,0.0,0.0,0.0,0.0,-2.14,1.0,1.0,0.0,-0.0,-0.0,-0.0,0.0,0.0,0.0,0.0,0.0,0.0,0.0,0.0,161.0,93.0,107.0,161.0,33.0,7.0,12.0,44.0,15.0,6.0,0.0
92.291,52,114090.0,600.0,171.0,600.0,600.0,0.0,1.0,0.0,0.0,0.5,0.075,0.488,0.5,0.508,0.09,0.494,0.514,0.0,0.0,-1.46,-5.59,-267.41,-267.49,0.0,0.0,0.0,0.0,0.0,0.0,-2.14,1.0,1.0,0.0,-0.0,-0.0,-0.0,0.0,0.0,0.0,0.0,0.0,0.0,0.0,0.0,161.0,93.0,107.0,161.0,33.0,7.0,12.0,44.0,15.0,6.0,0.0
92.324,55,114145.0,600.0,171.0,600.0,600.0,0.0,1.0,0.0,0.0,0.5,0.075,0.488,0.5,0.508,0.09,0.494,0.514,0.0,0.0,-1.46,-5.59,-267.41,-267.49,0.0,0.0,0.0,0.0,0.0,0.0,-2.14,1.0,1.0,0.0,-0.0,-0.0,-0.0,0.0,0.0,0.0,0.0,0.0,0.0,0.0,0.0,161.0,93.0,107.0,161.0,33.0,7.0,12.0,44.0,15.0,6.0,0.0
92.391,51,114196.0,600.0,171.0,600.0,600.0,0.0,1.0,0.0,0.0,0.5,0.075,0.488,0.5,0.508,0.09,0.494,0.514,0.0,0.0,-1.46,-5.59,-267.41,-267.49,0.0,0.0,0.0,0.0,0.0,0.0,-2.14,1.0,1.0,0.0,-0.0,-0.0,-0.0,0.0,0.0,0.0,0.0,0.0,0.0,0.0,0.0,161.0,93.0,107.0,161.0,33.0,7.0,12.0,44.0,15.0,6.0,1.0
92.424,53,114249.0,600.0,171.0,600.0,600.0,0.0,1.0,0.0,0.0,0.5,0.075,0.488,0.5,0.508,0.09,0.494,0.514,0.0,0.0,-1.46,-5.59,-267.41,-267.49,0.0,0.0,0.0,0.0,0.0,0.0,-2.14,1.0,1.0,0.0,-0.0,-0.0,-0.0,0.0,0.0,0.0,0.0,0.0,0.0,0.0,0.0,161.0,93.0,107.0,161.0,33.0,7.0,12.0,44.0,15.0,6.0,0.0
92.494,52,114301.0,600.0,171.0,600.0,600.0,0.0,1.0,0.0,0.0,0.5,0.075,0.494,0.5,0.508,0.09,0.502,0.515,0.0,0.0,-1.46,-5.59,-267.41,-267.49,0.0,0.0,0.0,0.0,0.0,0.0,-2.14,1.0,1.0,0.0,-0.0,-0.0,-0.0,0.0,0.0,0.0,0.0,0.0,0.0,0.0,0.0,161.0,93.0,107.0,161.0,33.0,7.0,12.0,44.0,15.0,6.0,0.0
92.56,53,114354.0,600.0,171.0,600.0,600.0,0.0,1.0,0.0,0.0,0.5,0.075,0.494,0.5,0.508,0.09,0.502,0.515,0.0,0.0,-1.46,-5.59,-267.41,-267.49,0.0,0.0,0.0,0.0,0.0,0.0,-2.14,1.0,1.0,0.0,-0.0,-0.0,-0.0,0.0,0.0,0.0,0.0,0.0,0.0,0.0,0.0,161.0,93.0,107.0,161.0,33.0,7.0,12.0,44.0,15.0,6.0,0.0
92.594,51,114405.0,600.0,171.0,600.0,600.0,0.0,1.0,0.0,0.0,0.5,0.075,0.494,0.5,0.508,0.09,0.502,0.515,0.0,0.0,-1.46,-5.59,-267.41,-267.49,0.0,0.0,0.0,0.0,0.0,0.0,-2.14,1.0,1.0,0.0,-0.0,-0.0,-0.0,0.0,0.0,0.0,0.0,0.0,0.0,0.0,0.0,161.0,93.0,107.0,161.0,33.0,7.0,12.0,44.0,15.0,6.0,1.0
92.66,53,114458.0,600.0,171.0,600.0,600.0,0.0,1.0,0.0,0.0,0.5,0.075,0.494,0.5,0.508,0.09,0.502,0.515,0.0,0.0,-1.46,-5.59,-267.41,-267.49,0.0,0.0,0.0,0.0,0.0,0.0,-2.14,1.0,1.0,0.0,-0.0,-0.0,-0.0,0.0,0.0,0.0,0.0,0.0,0.0,0.0,0.0,161.0,93.0,107.0,161.0,33.0,7.0,12.0,44.0,15.0,6.0,0.0
92.693,35,114493.0,600.0,171.0,600.0,600.0,0.0,1.0,0.0,0.0,0.5,0.075,0.497,0.5,0.508,0.09,0.505,0.515,0.0,0.0,-1.46,-5.59,-267.41,-267.49,0.0,0.0,0.0,0.0,0.0,0.0,-2.14,1.0,1.0,0.0,-0.0,-0.0,-0.0,0.0,0.0,0.0,0.0,0.0,0.0,0.0,0.0,161.0,93.0,107.0,161.0,33.0,7.0,12.0,44.0,15.0,6.0,0.0
92.764,97,114590.0,600.0,171.0,600.0,600.0,0.0,1.0,0.0,0.0,0.5,0.075,0.497,0.5,0.508,0.09,0.505,0.515,0.0,0.0,-1.46,-5.59,-267.41,-267.49,0.0,0.0,0.0,0.0,0.0,0.0,-2.14,1.0,1.0,0.0,-0.0,-0.0,-0.0,0.0,0.0,0.0,0.0,0.0,0.0,0.0,0.0,161.0,93.0,107.0,161.0,33.0,7.0,12.0,44.0,15.0,6.0,0.0
92.83,54,114644.0,600.0,171.0,600.0,600.0,0.0,1.0,0.0,0.0,0.5,0.075,0.497,0.5,0.508,0.09,0.505,0.515,0.0,0.0,-1.46,-5.59,-267.41,-267.49,0.0,0.0,0.0,0.0,0.0,0.0,-2.14,1.0,1.0,0.0,-0.0,-0.0,-0.0,0.0,0.0,0.0,0.0,0.0,0.0,0.0,0.0,161.0,93.0,107.0,161.0,33.0,7.0,12.0,44.0,15.0,6.0,0.0
92.863,34,114678.0,600.0,171.0,600.0,600.0,0.0,1.0,0.0,0.0,0.5,0.075,0.499,0.5,0.508,0.09,0.507,0.515,0.0,0.0,-1.46,-5.59,-267.41,-267.49,0.0,0.0,0.0,0.0,0.0,0.0,-2.14,1.0,1.0,0.0,-0.0,-0.0,-0.0,0.0,0.0,0.0,0.0,0.0,0.0,0.0,0.0,161.0,93.0,107.0,161.0,33.0,7.0,12.0,44.0,15.0,6.0,0.0
92.967,97,114775.0,600.0,171.0,600.0,600.0,0.0,1.0,0.0,0.0,0.5,0.075,0.499,0.5,0.508,0.09,0.507,0.515,0.0,0.0,-1.46,-5.59,-267.41,-267.49,0.0,0.0,0.0,0.0,0.0,0.0,-2.14,1.0,1.0,0.0,-0.0,-0.0,-0.0,0.0,0.0,0.0,0.0,0.0,0.0,0.0,0.0,161.0,93.0,107.0,161.0,33.0,7.0,12.0,44.0,15.0,6.0,0.0
93.034,53,114828.0,600.0,171.0,600.0,600.0,0.0,1.0,0.0,0.0,0.5,0.075,0.499,0.5,0.508,0.09,0.507,0.515,0.0,0.0,-1.46,-5.59,-267.41,-267.49,0.0,0.0,0.0,0.0,0.0,0.0,-2.14,1.0,1.0,0.0,-0.0,-0.0,-0.0,0.0,0.0,0.0,0.0,0.0,0.0,0.0,0.0,161.0,93.0,107.0,161.0,33.0,7.0,12.0,44.0,15.0,6.0,1.0
93.067,34,114862.0,600.0,171.0,600.0,600.0,0.0,1.0,0.0,0.0,0.5,0.075,0.499,0.5,0.508,0.09,0.508,0.515,0.0,0.0,-1.46,-5.59,-267.41,-267.49,0.0,0.0,0.0,0.0,0.0,0.0,-2.14,1.0,1.0,0.0,-0.0,-0.0,-0.0,0.0,0.0,0.0,0.0,0.0,0.0,0.0,0.0,161.0,93.0,107.0,161.0,33.0,7.0,12.0,44.0,15.0,6.0,0.0
93.174,102,114964.0,600.0,171.0,600.0,600.0,0.0,1.0,0.0,0.0,0.5,0.075,0.499,0.5,0.508,0.09,0.508,0.515,0.0,0.0,-1.47,-5.59,-267.41,-267.49,0.0,0.0,0.0,0.0,0.0,0.0,-2.14,1.0,1.0,0.0,-0.0,-0.0,-0.0,0.0,0.0,0.0,0.0,0.0,0.0,0.0,0.0,161.0,93.0,107.0,161.0,33.0,7.0,12.0,44.0,15.0,6.0,1.0
93.207,52,115016.0,600.0,171.0,600.0,600.0,0.0,1.0,0.0,0.0,0.5,0.075,0.499,0.5,0.508,0.09,0.508,0.515,0.0,0.0,-1.46,-5.59,-267.41,-267.49,0.0,0.0,0.0,0.0,0.0,0.0,-2.14,1.0,1.0,0.0,-0.0,-0.0,-0.0,0.0,0.0,0.0,0.0,0.0,0.0,0.0,0.0,161.0,93.0,107.0,161.0,33.0,7.0,12.0,44.0,15.0,6.0,0.0
93.273,53,115069.0,600.0,171.0,600.0,600.0,0.0,1.0,0.0,0.0,0.5,0.075,0.5,0.5,0.508,0.09,0.508,0.515,0.0,0.0,-1.46,-5.59,-267.41,-267.49,0.0,0.0,0.0,0.0,0.0,0.0,-2.14,1.0,1.0,0.0,-0.0,-0.0,-0.0,0.0,0.0,0.0,0.0,0.0,0.0,0.0,0.0,161.0,93.0,107.0,161.0,33.0,7.0,12.0,44.0,15.0,6.0,0.0
93.305,52,115121.0,600.0,171.0,600.0,600.0,0.0,1.0,0.0,0.0,0.5,0.075,0.5,0.5,0.508,0.09,0.508,0.515,0.0,0.0,-1.46,-5.59,-267.41,-267.49,0.0,0.0,0.0,0.0,0.0,0.0,-2.14,1.0,1.0,0.0,-0.0,-0.0,-0.0,0.0,0.0,0.0,0.0,0.0,0.0,0.0,0.0,161.0,93.0,107.0,161.0,33.0,7.0,12.0,44.0,15.0,6.0,0.0
93.373,53,115174.0,600.0,171.0,600.0,600.0,0.0,1.0,0.0,0.0,0.5,0.075,0.5,0.5,0.508,0.09,0.508,0.515,0.0,0.0,-1.46,-5.59,-267.41,-267.49,0.0,0.0,0.0,0.0,0.0,0.0,-2.14,1.0,1.0,0.0,-0.0,-0.0,-0.0,0.0,0.0,0.0,0.0,0.0,0.0,0.0,0.0,161.0,93.0,107.0,161.0,33.0,7.0,12.0,44.0,15.0,6.0,0.0
93.404,52,115226.0,600.0,171.0,600.0,600.0,0.0,1.0,0.0,0.0,0.5,0.075,0.5,0.5,0.508,0.09,0.508,0.515,0.0,0.0,-1.47,-5.59,-267.41,-267.49,0.0,0.0,0.0,0.0,0.0,0.0,-2.14,1.0,1.0,0.0,-0.0,-0.0,-0.0,0.0,0.0,0.0,0.0,0.0,0.0,0.0,0.0,161.0,93.0,107.0,161.0,33.0,7.0,12.0,44.0,15.0,6.0,0.0
93.436,36,115262.0,600.0,171.0,600.0,600.0,0.0,1.0,0.0,0.0,0.5,0.075,0.5,0.5,0.508,0.09,0.508,0.515,0.0,0.0,-1.47,-5.59,-267.41,-267.49,0.0,0.0,0.0,2.0,11.0,0.0,-2.14,1.0,1.0,0.0,-0.0,-0.0,-0.0,-4.4,0.0,0.0,4.4,89.0,0.0,0.0,89.0,161.0,93.0,107.0,161.0,33.0,7.0,12.0,44.0,15.0,6.0,0.0
93.5,53,115315.0,600.0,171.0,600.0,600.0,0.0,1.0,0.0,0.0,0.5,0.075,0.5,0.5,0.508,0.09,0.508,0.515,0.0,0.0,-1.47,-5.59,-267.41,-267.1,0.97,0.0,0.0,2.0,11.0,0.0,-2.14,1.0,1.0,-0.8,-0.1,2.3,-0.0,-12.3,0.0,0.0,12.3,89.0,0.0,0.0,89.0,161.0,93.0,107.0,161.0,33.0,7.0,12.0,44.0,15.0,6.0,0.0
93.571,53,115368.0,600.0,171.0,600.0,600.0,0.0,1.0,0.0,0.0,0.5,0.075,0.5,0.5,0.508,0.09,0.508,0.515,0.0,0.0,-1.44,-5.56,-267.37,-266.32,2.32,0.0,0.0,2.0,11.0,0.0,-2.14,1.0,1.0,-4.0,-4.1,5.7,4.2,-18.3,0.0,0.0,18.3,161.0,0.0,0.0,161.0,161.0,93.0,107.0,161.0,45.0,7.0,16.0,44.0,15.0,6.0,0.0
93.603,53,115421.0,600.0,171.0,600.0,600.0,0.0,1.0,0.0,0.0,0.5,0.075,0.5,0.5,0.508,0.09,0.508,0.515,0.0,0.0,-1.43,-5.56,-266.37,-265.18,1.02,0.0,0.0,2.0,11.0,0.0,-2.14,1.0,1.0,-11.9,-4.0,9.5,11.7,-23.4,0.0,0.0,23.4,62.0,0.0,0.0,72.0,163.0,93.0,107.0,163.0,45.0,7.0,16.0,44.0,15.0,6.0,0.0
93.668,53,115474.0,600.0,171.0,600.0,600.0,0.0,1.0,0.0,0.0,0.5,0.075,0.5,0.5,0.508,0.09,0.508,0.515,0.0,0.0,-1.61,-5.53,-264.51,-263.62,-0.3,0.0,0.0,2.0,11.0,0.0,-2.14,1.0,1.0,-18.8,-3.3,13.2,12.8,-28.3,0.0,0.0,28.3,73.0,0.0,0.0,85.0,163.0,93.0,107.0,163.0,45.0,7.0,16.0,44.0,15.0,6.0,1.0
93.745,53,115527.0,600.0,171.0,600.0,600.0,0.0,1.0,0.0,0.0,0.5,0.075,0.5,0.5,0.508,0.09,0.508,0.515,0.0,0.0,-1.71,-5.54,-262.4,-261.65,-1.63,0.0,0.0,2.0,11.0,0.0,-2.14,1.0,1.0,-18.3,-2.6,14.0,10.3,-33.3,0.0,0.0,33.3,87.0,0.0,0.0,108.0,163.0,93.0,107.0,163.0,45.0,7.0,16.0,44.0,15.0,6.0,0.0
93.778,53,115580.0,600.0,171.0,600.0,600.0,0.0,1.0,0.0,0.0,0.5,0.075,0.5,0.5,0.508,0.09,0.508,0.515,0.0,0.0,-1.78,-5.56,-261.66,-259.44,-2.88,0.0,0.0,2.0,11.0,0.0,-2.14,1.0,1.0,-17.9,-2.1,15.3,8.9,-39.4,0.0,0.0,39.4,109.0,0.0,0.0,165.0,163.0,93.0,107.0,163.0,45.0,7.0,16.0,44.0,15.0,6.0,0.0
93.81,53,115633.0,600.0,171.0,600.0,600.0,0.0,1.0,0.0,0.0,0.5,0.075,0.5,0.5,0.508,0.09,0.508,0.515,0.0,0.0,-1.86,-5.59,-260.82,-255.26,-0.93,0.0,0.0,2.0,11.0,0.0,-2.14,1.0,1.0,-19.1,-1.6,21.2,10.3,-46.9,0.0,0.0,46.9,138.0,0.0,0.0,155.0,163.0,93.0,107.0,167.0,45.0,7.0,16.0,44.0,15.0,6.0,0.0
93.874,53,115686.0,600.0,171.0,600.0,600.0,0.0,1.0,0.0,0.0,0.5,0.075,0.5,0.5,0.508,0.09,0.508,0.515,0.0,0.0,-1.74,-5.49,-260.61,-253.76,-0.3,0.0,0.0,2.0,11.0,0.0,-2.14,1.0,1.0,-21.7,-1.3,25.3,14.1,-50.5,0.0,0.0,50.5,159.0,0.0,0.0,180.0,163.0,93.0,107.0,167.0,45.0,7.0,16.0,44.0,15.0,6.0,0.0
93.943,53,115739.0,600.0,171.0,600.0,600.0,0.0,1.0,0.0,0.0,0.5,0.075,0.5,0.5,0.508,0.09,0.508,0.515,0.0,0.0,-1.97,-5.62,-257.31,-248.9,1.33,0.0,0.0,2.0,11.0,0.0,-2.14,1.0,1.0,-25.2,-0.9,33.4,19.6,-51.4,0.0,0.0,51.4,171.0,0.0,0.0,194.0,163.0,93.0,107.0,167.0,45.0,7.0,16.0,44.0,15.0,6.0,0.0
93.977,53,115792.0,600.0,171.0,600.0,600.0,0.0,1.0,0.0,0.0,0.5,0.075,0.5,0.5,0.508,0.09,0.508,0.515,0.0,0.0,-2.14,-5.58,-253.08,-245.78,0.03,0.0,0.0,2.0,11.0,0.0,-2.14,1.0,1.0,-31.2,-0.7,42.9,18.2,-50.1,0.0,0.0,50.1,175.0,0.0,0.0,204.0,163.0,93.0,107.0,167.0,45.0,7.0,16.0,44.0,15.0,6.0,1.0
94.039,53,115845.0,600.0,171.0,600.0,600.0,0.0,1.0,0.0,0.0,0.5,0.075,0.5,0.5,0.508,0.09,0.508,0.515,0.0,0.0,-2.18,-5.58,-251.22,-244.22,-0.62,0.0,0.0,2.0,11.0,0.0,-2.14,1.0,1.0,-38.2,-0.6,52.1,14.4,-48.8,0.0,0.0,48.8,176.0,0.0,0.0,216.0,163.0,93.0,107.0,167.0,17.0,17.0,22.0,92.0,15.0,6.0,1.0
94.072,53,115898.0,600.0,171.0,600.0,600.0,0.0,1.0,0.0,0.0,0.5,0.075,0.5,0.5,0.508,0.09,0.508,0.515,0.0,0.0,-2.54,-5.45,-243.51,-239.36,-2.65,0.0,0.0,2.0,11.0,0.0,-2.14,1.0,1.0,-45.1,-2.1,62.0,14.1,-47.4,0.0,0.0,47.4,173.0,0.0,0.0,226.0,163.0,93.0,107.0,167.0,17.0,17.0,22.0,92.0,15.0,6.0,0.0
94.139,53,115951.0,600.0,171.0,600.0,600.0,0.0,1.0,0.0,0.0,0.5,0.075,0.5,0.5,0.508,0.09,0.508,0.515,0.0,0.0,-2.97,-5.4,-241.5,-237.8,-3.3,0.0,0.0,2.0,11.0,0.0,-2.14,1.0,1.0,-48.4,-0.8,68.0,9.4,-46.1,0.0,0.0,46.1,168.0,0.0,0.0,230.0,163.0,93.0,107.0,167.0,17.0,17.0,22.0,92.0,15.0,6.0,0.0
94.204,53,116004.0,600.0,171.0,600.0,600.0,0.0,1.0,0.0,0.0,0.5,0.075,0.5,0.5,0.508,0.09,0.508,0.515,0.0,0.0,-2.97,-5.28,-233.05,-233.0,-5.3,0.0,0.0,2.0,11.0,0.0,-2.14,1.0,1.0,-53.7,-1.8,72.9,12.6,-44.8,0.0,0.0,44.8,160.0,0.0,0.0,239.0,163.0,93.0,107.0,165.0,17.0,17.0,22.0,92.0,15.0,6.0,0.0
94.236,53,116057.0,600.0,171.0,600.0,600.0,0.0,1.0,0.0,0.0,0.5,0.075,0.5,0.5,0.508,0.09,0.508,0.515,0.0,0.0,-3.57,-5.2,-229.12,-231.32,-6.0,0.0,0.0,2.0,11.0,0.0,-2.14,1.0,1.0,-58.9,-0.9,81.1,11.1,-43.4,0.0,0.0,43.4,150.0,0.0,0.0,250.0,163.0,93.0,107.0,165.0,17.0,17.0,22.0,92.0,15.0,6.0,0.0
94.301,53,116110.0,600.0,171.0,600.0,600.0,0.0,1.0,0.0,0.0,0.5,0.075,0.5,0.5,0.508,0.09,0.508,0.515,0.0,0.0,-3.78,-4.97,-224.99,-228.2,-7.3,0.0,0.0,2.0,11.0,0.0,-2.14,1.0,1.0,-62.1,-0.6,87.7,9.1,-42.1,0.0,0.0,42.1,138.0,0.0,0.0,247.0,163.0,93.0,107.0,165.0,17.0,17.0,22.0,92.0,15.0,6.0,0.0
94.342,53,116163.0,600.0,171.0,600.0,600.0,0.0,1.0,0.0,0.0,0.5,0.075,0.5,0.5,0.508,0.09,0.508,0.515,0.0,0.0,-3.82,-4.79,-219.88,-224.96,-8.65,0.0,0.0,2.0,11.0,0.0,-2.14,1.0,1.0,-60.5,-0.4,91.0,9.5,-40.8,0.0,0.0,40.8,127.0,0.0,0.0,243.0,163.0,93.0,107.0,165.0,17.0,17.0,22.0,92.0,15.0,6.0,0.0
94.407,53,116216.0,600.0,171.0,600.0,600.0,0.0,1.0,0.0,0.0,0.5,0.075,0.5,0.5,0.508,0.09,0.508,0.515,0.0,0.0,-4.04,-4.78,-215.05,-221.72,-10.0,0.0,0.0,2.0,11.0,0.0,-2.14,1.0,1.0,-58.5,0.8,93.7,11.3,-39.4,0.0,0.0,39.4,116.0,0.0,0.0,251.0,163.0,93.0,107.0,163.0,17.0,17.0,22.0,92.0,15.0,6.0,0.0
94.47,53,116269.0,600.0,171.0,600.0,600.0,0.0,1.0,0.0,0.0,0.5,0.075,0.5,0.5,0.508,0.09,0.508,0.515,0.0,0.0,-4.01,-4.54,-211.41,-218.6,-11.3,0.0,0.0,2.0,11.0,0.0,-2.14,1.0,1.0,-55.4,-0.7,97.0,13.4,-38.1,0.0,0.0,38.1,105.0,0.0,0.0,255.0,163.0,93.0,107.0,163.0,17.0,17.0,22.0,92.0,15.0,6.0,0.0
94.503,53,116322.0,600.0,171.0,600.0,600.0,0.0,1.0,0.0,0.0,0.5,0.075,0.5,0.5,0.508,0.09,0.508,0.515,0.0,0.0,-4.43,-4.54,-206.7,-215.36,-12.65,0.0,0.0,2.0,11.0,0.0,-2.14,1.0,1.0,-47.4,-0.7,98.6,15.7,-35.9,0.0,0.0,35.9,97.0,0.0,0.0,255.0,163.0,93.0,107.0,163.0,17.0,17.0,22.0,92.0,15.0,6.0,0.0
94.576,53,116375.0,600.0,171.0,600.0,600.0,0.0,1.0,0.0,0.0,0.5,0.075,0.5,0.5,0.508,0.09,0.508,0.515,0.0,0.0,-4.65,-4.48,-202.99,-212.22,-13.0,0.0,0.0,2.0,11.0,0.0,-2.14,1.0,1.0,-38.9,-0.2,99.9,18.7,-30.6,0.0,0.0,30.6,82.0,0.0,0.0,251.0,163.0,93.0,107.0,163.0,35.0,9.0,6.0,46.0,15.0,6.0,0.0
94.609,53,116428.0,600.0,171.0,600.0,600.0,0.0,1.0,0.0,0.0,0.5,0.075,0.5,0.5,0.508,0.09,0.508,0.515,0.0,0.0,-4.49,-4.27,-200.34,-209.65,-13.0,0.0,0.0,2.0,11.0,0.0,-2.14,1.0,1.0,-32.3,0.2,103.8,20.8,-25.3,0.0,0.0,25.3,68.0,0.0,0.0,237.0,163.0,93.0,107.0,163.0,35.0,9.0,6.0,46.0,15.0,6.0,0.0
94.675,53,116481.0,600.0,171.0,600.0,600.0,0.0,1.0,0.0,0.0,0.5,0.075,0.5,0.5,0.508,0.09,0.508,0.515,0.0,0.0,-4.7,-3.84,-195.66,-207.18,-13.0,0.0,0.0,2.0,11.0,0.0,-2.14,1.0,1.0,-28.4,0.1,107.6,23.9,-19.1,0.0,0.0,19.1,51.0,0.0,0.0,218.0,163.0,93.0,107.0,163.0,35.0,9.0,6.0,46.0,15.0,6.0,0.0
94.709,53,116534.0,600.0,171.0,600.0,600.0,0.0,1.0,0.0,0.0,0.5,0.075,0.5,0.5,0.508,0.09,0.508,0.515,0.0,0.0,-4.61,-3.58,-191.23,-205.16,-13.0,0.0,0.0,2.0,11.0,0.0,-2.14,1.0,1.0,-22.8,0.3,103.0,30.0,-12.4,0.0,0.0,12.4,31.0,0.0,0.0,191.0,163.0,93.0,107.0,163.0,35.0,9.0,6.0,46.0,15.0,6.0,0.0
94.776,53,116587.0,600.0,171.0,600.0,600.0,0.0,1.0,0.0,0.0,0.5,0.075,0.5,0.5,0.508,0.09,0.508,0.515,0.0,0.0,-4.64,-3.59,-188.61,-203.7,-13.0,0.0,0.0,2.0,11.0,0.0,-2.14,1.0,1.0,-18.2,0.4,99.6,36.6,-7.9,0.0,0.0,7.9,22.0,0.0,0.0,165.0,163.0,93.0,107.0,163.0,35.0,9.0,6.0,46.0,15.0,6.0,0.0
94.843,53,116640.0,600.0,171.0,600.0,600.0,0.0,1.0,0.0,0.0,0.5,0.075,0.5,0.5,0.508,0.09,0.508,0.515,0.0,0.0,-4.74,-3.32,-185.14,-202.3,-13.0,0.0,0.0,2.0,11.0,0.0,-2.14,1.0,1.0,-14.5,0.3,93.7,39.5,-7.9,0.0,0.0,7.9,23.0,0.0,0.0,151.0,163.0,93.0,107.0,163.0,35.0,9.0,6.0,46.0,15.0,6.0,0.0
94.876,53,116693.0,600.0,171.0,600.0,600.0,0.0,1.0,0.0,0.0,0.5,0.075,0.5,0.5,0.508,0.09,0.508,0.515,0.0,0.0,-4.79,-3.19,-182.61,-200.92,-13.0,0.0,0.0,2.0,11.0,0.0,-2.14,1.0,1.0,-12.8,0.3,85.9,40.6,-7.9,0.0,0.0,7.9,24.0,0.0,0.0,137.0,163.0,93.0,107.0,163.0,35.0,9.0,6.0,46.0,15.0,6.0,0.0
94.944,53,116746.0,600.0,171.0,600.0,600.0,0.0,1.0,0.0,0.0,0.5,0.075,0.5,0.5,0.508,0.09,0.508,0.515,0.0,0.0,-4.75,-3.26,-181.27,-199.62,-13.0,0.0,0.0,2.0,11.0,0.0,-2.14,1.0,1.0,-9.7,0.4,82.2,41.0,-7.9,0.0,0.0,7.9,24.0,0.0,0.0,130.0,163.0,93.0,107.0,163.0,35.0,9.0,6.0,46.0,15.0,6.0,0.0
94.977,53,116799.0,600.0,171.0,600.0,600.0,0.0,1.0,0.0,0.0,0.5,0.075,0.5,0.5,0.508,0.09,0.508,0.515,0.0,0.0,-4.73,-3.11,-179.53,-199.62,0.0,0.0,0.0,2.0,11.0,0.0,-2.14,1.0,1.0,-7.7,0.5,73.8,39.0,0.0,0.0,0.0,0.0,0.0,0.0,0.0,0.0,163.0,93.0,107.0,163.0,35.0,9.0,6.0,46.0,15.0,6.0,0.0
95.044,53,116852.0,600.0,171.0,600.0,600.0,0.0,1.0,0.0,0.0,0.5,0.075,0.5,0.5,0.508,0.09,0.508,0.515,0.0,0.0,-4.73,-3.07,-178.43,-199.62,0.0,0.0,0.0,2.0,11.0,0.0,-2.14,1.0,1.0,-5.9,0.4,58.6,30.0,0.0,0.0,0.0,0.0,0.0,0.0,0.0,0.0,163.0,93.0,107.0,163.0,29.0,17.0,12.0,54.0,15.0,6.0,0.0
95.57,520,117372.0,600.0,171.0,600.0,600.0,0.0,1.0,0.0,0.0,0.5,0.075,0.5,0.5,0.508,0.09,0.508,0.515,0.0,0.0,-4.51,-3.29,-178.61,-178.61,0.0,0.0,0.0,0.0,0.0,7.0,1.19,1.0,1.0,-0.8,-0.2,8.4,4.3,0.0,0.0,0.0,0.0,0.0,0.0,0.0,0.0,163.0,93.0,107.0,163.0,29.0,17.0,12.0,54.0,15.0,6.0,0.0
95.667,120,117492.0,600.0,92.0,517.0,600.0,0.0,1.0,0.0,0.0,0.5,0.075,0.5,0.5,0.508,0.09,0.508,0.515,0.0,0.0,-3.31,-4.33,-178.7,-178.61,0.0,0.0,0.0,0.0,0.0,0.0,1.19,1.0,1.0,-0.5,-0.1,5.7,2.9,0.0,0.0,0.0,0.0,0.0,0.0,0.0,0.0,163.0,93.0,107.0,163.0,29.0,17.0,14.0,52.0,15.0,6.0,0.0
95.733,54,117546.0,600.0,92.0,517.0,600.0,0.0,1.0,0.0,0.0,0.5,0.047,0.46,0.5,0.508,0.066,0.475,0.514,0.0,0.0,-2.94,-4.63,-178.74,-178.61,0.0,0.0,0.0,0.0,0.0,0.0,1.19,1.0,1.0,-0.4,0.1,4.4,2.3,0.0,0.0,0.0,0.0,0.0,0.0,0.0,0.0,163.0,93.0,107.0,163.0,29.0,17.0,14.0,52.0,15.0,6.0,0.0
95.8,53,117599.0,600.0,92.0,517.0,600.0,0.0,1.0,0.0,0.0,0.5,0.047,0.46,0.5,0.508,0.066,0.475,0.514,0.0,0.0,-2.88,-4.68,-178.74,-178.61,0.0,0.0,0.0,0.0,0.0,0.0,1.19,1.0,1.0,-0.4,0.1,3.9,2.0,0.0,0.0,0.0,0.0,0.0,0.0,0.0,0.0,163.0,93.0,107.0,163.0,29.0,17.0,14.0,52.0,15.0,6.0,1.0
95.832,52,117651.0,600.0,92.0,517.0,600.0,0.0,1.0,0.0,0.0,0.5,0.047,0.46,0.5,0.508,0.066,0.475,0.514,0.0,0.0,-2.77,-4.77,-178.75,-178.61,0.0,0.0,0.0,0.0,0.0,0.0,1.19,1.0,1.0,-0.3,0.1,3.4,1.8,0.0,0.0,0.0,0.0,0.0,0.0,0.0,0.0,163.0,93.0,107.0,163.0,29.0,17.0,14.0,52.0,15.0,6.0,0.0
95.897,54,117705.0,600.0,92.0,518.0,600.0,0.0,1.0,0.0,0.0,0.5,0.047,0.46,0.5,0.508,0.066,0.475,0.514,0.0,0.0,-2.62,-4.88,-178.76,-178.61,0.0,0.0,0.0,2.0,11.0,0.0,1.19,1.0,1.0,-0.3,0.1,3.0,1.5,-8.0,0.0,0.0,8.0,90.0,0.0,0.0,90.0,163.0,93.0,107.0,163.0,29.0,17.0,14.0,52.0,15.0,6.0,0.0
95.967,53,117758.0,600.0,92.0,518.0,600.0,0.0,1.0,0.0,0.0,0.5,0.047,0.46,0.5,0.508,0.066,0.475,0.514,0.0,0.0,-2.45,-5.01,-178.78,-177.87,2.03,0.0,0.0,2.0,11.0,0.0,1.19,1.0,1.0,-2.1,-0.0,3.3,2.0,-15.5,0.0,0.0,15.5,90.0,0.0,0.0,90.0,163.0,93.0,107.0,163.0,29.0,17.0,14.0,52.0,15.0,6.0,0.0
96.001,53,117811.0,600.0,92.0,518.0,600.0,0.0,1.0,0.0,0.0,0.5,0.047,0.46,0.5,0.508,0.066,0.475,0.514,0.0,0.0,-2.42,-5.02,-178.73,-176.98,3.33,0.0,0.0,2.0,11.0,0.0,1.19,1.0,1.0,-3.9,-0.2,7.4,4.1,-21.9,0.0,0.0,21.9,165.0,0.0,0.0,165.0,163.0,93.0,107.0,163.0,29.0,17.0,14.0,52.0,15.0,6.0,0.0
96.066,53,117864.0,600.0,92.0,518.0,600.0,0.0,1.0,0.0,0.0,0.5,0.047,0.46,0.5,0.508,0.066,0.475,0.514,0.0,0.0,-2.48,-5.02,-178.0,-175.63,3.28,0.0,0.0,2.0,11.0,0.0,1.19,1.0,1.0,-10.8,0.0,18.0,3.0,-29.4,0.0,0.0,29.4,75.0,0.0,0.0,169.0,167.0,93.0,107.0,163.0,29.0,17.0,14.0,52.0,15.0,6.0,0.0
96.097,53,117917.0,600.0,92.0,518.0,600.0,0.0,1.0,0.0,0.0,0.5,0.047,0.46,0.5,0.508,0.066,0.475,0.514,0.0,0.0,-2.67,-5.13,-177.92,-173.87,4.63,0.0,0.0,2.0,11.0,0.0,1.19,1.0,1.0,-13.9,-0.0,26.0,2.9,-37.2,0.0,0.0,37.2,99.0,0.0,0.0,170.0,167.0,93.0,107.0,163.0,21.0,17.0,20.0,58.0,15.0,6.0,0.0
96.173,53,117970.0,600.0,92.0,518.0,600.0,0.0,1.0,0.0,0.0,0.5,0.047,0.46,0.5,0.508,0.066,0.475,0.514,0.0,0.0,-2.55,-5.03,-177.65,-171.79,5.93,0.0,0.0,2.0,11.0,0.0,1.19,1.0,1.0,-14.0,-0.1,29.6,2.2,-41.0,0.0,0.0,41.0,130.0,0.0,0.0,170.0,167.0,93.0,107.0,163.0,21.0,17.0,20.0,58.0,15.0,6.0,0.0
96.205,53,118023.0,600.0,92.0,518.0,600.0,0.0,1.0,0.0,0.0,0.5,0.047,0.46,0.5,0.508,0.066,0.475,0.514,0.0,0.0,-2.47,-5.03,-177.44,-169.15,7.3,0.0,0.0,2.0,11.0,0.0,1.19,1.0,1.0,-19.3,-0.2,41.7,1.8,-52.7,0.0,0.0,52.7,160.0,0.0,0.0,170.0,167.0,93.0,107.0,163.0,21.0,17.0,20.0,58.0,15.0,6.0,0.0
96.268,53,118076.0,600.0,92.0,518.0,600.0,0.0,1.0,0.0,0.0,0.5,0.047,0.46,0.5,0.508,0.066,0.475,0.514,0.0,0.0,-2.42,-5.01,-177.26,-166.15,8.65,0.0,0.0,2.0,11.0,0.0,1.19,1.0,1.0,-24.6,-0.1,44.4,2.0,-59.4,0.0,0.0,59.4,190.0,0.0,0.0,170.0,167.0,93.0,107.0,163.0,21.0,17.0,20.0,58.0,15.0,6.0,0.0
96.332,53,118129.0,600.0,92.0,518.0,600.0,0.0,1.0,0.0,0.0,0.5,0.047,0.46,0.5,0.508,0.066,0.475,0.514,0.0,0.0,-2.62,-5.13,-176.97,-163.15,9.9,0.0,0.0,2.0,11.0,0.0,1.19,1.0,1.0,-30.9,0.0,45.5,1.3,-60.0,0.0,0.0,60.6,199.0,0.0,0.0,171.0,167.0,93.0,107.0,163.0,21.0,17.0,20.0,58.0,15.0,6.0,0.0
96.364,53,118182.0,600.0,92.0,518.0,600.0,0.0,1.0,0.0,0.0,0.5,0.047,0.46,0.5,0.508,0.066,0.475,0.514,0.0,0.0,-2.45,-5.11,-177.12,-160.03,11.2,0.0,0.0,2.0,11.0,0.0,1.19,1.0,1.0,-53.0,-0.3,51.2,0.5,-61.9,0.0,0.0,61.9,204.0,0.0,0.0,175.0,167.0,93.0,107.0,163.0,21.0,17.0,20.0,58.0,15.0,6.0,0.0
96.428,53,118235.0,600.0,92.0,518.0,600.0,0.0,1.0,0.0,0.0,0.5,0.047,0.46,0.5,0.508,0.066,0.475,0.514,0.0,0.0,-2.54,-5.14,-176.73,-156.97,12.47,0.0,0.0,2.0,11.0,0.0,1.19,1.0,1.0,-64.4,-0.1,54.4,1.7,-63.1,0.0,0.0,63.1,204.0,0.0,0.0,178.0,167.0,93.0,107.0,163.0,21.0,17.0,20.0,58.0,15.0,6.0,1.0
96.494,53,118288.0,600.0,92.0,518.0,600.0,0.0,1.0,0.0,0.0,0.5,0.047,0.46,0.5,0.508,0.066,0.475,0.514,0.0,0.0,-2.29,-5.08,-176.67,-153.91,13.0,0.0,0.0,2.0,11.0,0.0,1.19,1.0,1.0,-63.1,-0.4,54.6,1.4,-63.1,0.0,0.0,63.1,204.0,0.0,0.0,178.0,167.0,93.0,107.0,163.0,21.0,17.0,20.0,58.0,15.0,6.0,0.0
96.535,53,118341.0,600.0,92.0,518.0,600.0,0.0,1.0,0.0,0.0,0.5,0.047,0.46,0.5,0.508,0.066,0.475,0.514,0.0,0.0,-2.71,-5.08,-174.54,-150.91,13.0,0.0,0.0,2.0,11.0,0.0,1.19,1.0,1.0,-65.1,-0.3,55.7,4.2,-63.1,0.0,0.0,63.1,203.0,0.0,0.0,178.0,167.0,93.0,107.0,163.0,21.0,17.0,20.0,58.0,15.0,6.0,0.0
96.569,53,118394.0,600.0,92.0,518.0,600.0,0.0,1.0,0.0,0.0,0.5,0.047,0.46,0.5,0.508,0.066,0.475,0.514,0.0,0.0,-2.56,-4.91,-169.89,-146.29,13.0,0.0,0.0,2.0,11.0,0.0,1.19,1.0,1.0,-65.0,-0.4,56.7,5.2,-63.1,0.0,0.0,63.1,202.0,0.0,0.0,177.0,167.0,93.0,107.0,163.0,13.0,17.0,10.0,62.0,15.0,6.0,0.0
96.634,53,118447.0,600.0,92.0,518.0,600.0,0.0,1.0,0.0,0.0,0.5,0.047,0.46,0.5,0.508,0.066,0.475,0.514,0.0,0.0,-3.02,-4.99,-165.87,-143.23,13.0,0.0,0.0,2.0,11.0,0.0,1.19,1.0,1.0,-64.3,-0.3,58.0,9.0,-63.1,0.0,0.0,63.1,202.0,0.0,0.0,176.0,167.0,93.0,107.0,163.0,13.0,17.0,10.0,62.0,15.0,6.0,1.0
96.698,53,118500.0,600.0,92.0,518.0,600.0,0.0,1.0,0.0,0.0,0.5,0.047,0.46,0.5,0.508,0.066,0.475,0.514,0.0,0.0,-2.78,-4.89,-163.02,-140.11,13.0,0.0,0.0,2.0,11.0,0.0,1.19,1.0,1.0,-67.5,0.1,58.1,11.0,-63.1,0.0,0.0,63.1,200.0,0.0,0.0,186.0,167.0,93.0,107.0,161.0,13.0,17.0,10.0,62.0,15.0,6.0,1.0
96.74,53,118553.0,600.0,92.0,518.0,600.0,0.0,1.0,0.0,0.0,0.5,0.047,0.46,0.5,0.508,0.066,0.475,0.514,0.0,0.0,-3.37,-5.03,-157.71,-136.75,13.0,0.0,0.0,2.0,11.0,0.0,1.19,1.0,1.0,-69.7,0.1,60.5,11.1,-63.1,0.0,0.0,63.1,197.0,0.0,0.0,210.0,167.0,93.0,107.0,161.0,13.0,17.0,10.0,62.0,15.0,6.0,0.0
96.806,53,118606.0,600.0,92.0,518.0,600.0,0.0,1.0,0.0,0.0,0.5,0.047,0.46,0.5,0.508,0.066,0.475,0.514,0.0,0.0,-3.2,-4.84,-153.98,-133.63,12.35,0.0,0.0,2.0,11.0,0.0,1.19,1.0,1.0,-77.1,-0.1,64.3,11.0,-62.4,0.0,0.0,62.4,188.0,0.0,0.0,229.0,167.0,93.0,107.0,161.0,13.0,17.0,10.0,62.0,15.0,6.0,0.0
96.839,53,118659.0,600.0,92.0,518.0,600.0,0.0,1.0,0.0,0.0,0.5,0.047,0.46,0.5,0.508,0.066,0.475,0.514,0.0,0.0,-3.45,-4.77,-148.04,-130.27,10.95,0.0,0.0,2.0,11.0,0.0,1.19,1.0,1.0,-79.4,-0.3,69.0,11.0,-61.0,0.0,0.0,61.0,176.0,0.0,0.0,248.0,167.0,93.0,107.0,161.0,13.0,17.0,10.0,62.0,15.0,6.0,0.0
96.905,53,118712.0,600.0,92.0,518.0,600.0,0.0,1.0,0.0,0.0,0.5,0.047,0.46,0.5,0.508,0.066,0.475,0.514,0.0,0.0,-4.05,-4.76,-145.91,-128.77,10.33,0.0,0.0,2.0,11.0,0.0,1.19,1.0,1.0,-75.5,-0.0,76.8,11.4,-59.6,0.0,0.0,59.6,166.0,0.0,0.0,255.0,167.0,93.0,107.0,161.0,13.0,17.0,10.0,62.0,15.0,6.0,0.0
96.938,53,118765.0,600.0,92.0,518.0,600.0,0.0,1.0,0.0,0.0,0.5,0.047,0.46,0.5,0.508,0.066,0.475,0.514,0.0,0.0,-3.69,-4.5,-140.68,-125.35,8.9,0.0,0.0,2.0,11.0,0.0,1.19,1.0,1.0,-68.0,-0.3,85.4,13.2,-58.3,0.0,0.0,58.3,160.0,0.0,0.0,255.0,167.0,93.0,107.0,161.0,13.0,17.0,10.0,62.0,15.0,6.0,0.0
97.002,53,118818.0,600.0,92.0,518.0,600.0,0.0,1.0,0.0,0.0,0.5,0.047,0.46,0.5,0.508,0.066,0.475,0.514,0.0,0.0,-3.93,-4.53,-135.27,-122.11,7.55,0.0,0.0,2.0,11.0,0.0,1.19,1.0,1.0,-61.0,-0.2,93.7,15.2,-57.0,0.0,0.0,57.0,157.0,0.0,0.0,255.0,167.0,93.0,107.0,161.0,13.0,17.0,10.0,62.0,15.0,6.0,0.0
97.069,53,118871.0,600.0,92.0,518.0,600.0,0.0,1.0,0.0,0.0,0.5,0.047,0.46,0.5,0.508,0.066,0.475,0.514,0.0,0.0,-4.1,-4.25,-131.31,-118.99,6.25,0.0,0.0,2.0,11.0,0.0,1.19,1.0,1.0,-58.1,-0.1,95.9,16.1,-55.6,0.0,0.0,55.6,153.0,0.0,0.0,255.0,167.0,93.0,107.0,161.0,13.0,17.0,10.0,62.0,15.0,6.0,0.0
97.102,53,118924.0,600.0,92.0,518.0,600.0,0.0,1.0,0.0,0.0,0.5,0.047,0.46,0.5,0.508,0.066,0.475,0.514,0.0,0.0,-4.17,-4.01,-125.14,-115.75,4.9,0.0,0.0,2.0,11.0,0.0,1.19,1.0,1.0,-54.7,-0.0,100.2,18.4,-54.3,0.0,0.0,54.3,150.0,0.0,0.0,255.0,167.0,93.0,107.0,161.0,37.0,17.0,4.0,52.0,15.0,6.0,0.0
97.17,53,118977.0,600.0,92.0,518.0,600.0,0.0,1.0,0.0,0.0,0.5,0.047,0.46,0.5,0.508,0.066,0.475,0.514,0.0,0.0,-4.38,-3.82,-119.94,-112.51,3.55,0.0,0.0,2.0,11.0,0.0,1.19,1.0,1.0,-54.9,-0.3,103.8,20.1,-53.0,0.0,0.0,53.0,146.0,0.0,0.0,255.0,167.0,93.0,107.0,161.0,37.0,17.0,4.0,52.0,15.0,6.0,0.0
97.205,53,119030.0,600.0,92.0,518.0,600.0,0.0,1.0,0.0,0.0,0.5,0.047,0.46,0.5,0.508,0.066,0.475,0.514,0.0,0.0,-4.35,-3.7,-115.83,-109.43,2.25,0.0,0.0,2.0,11.0,0.0,1.19,1.0,1.0,-58.3,-0.1,106.8,25.4,-46.9,0.0,0.0,46.9,128.0,0.0,0.0,255.0,167.0,93.0,107.0,161.0,37.0,17.0,4.0,52.0,15.0,6.0,0.0
97.27,53,119083.0,600.0,92.0,518.0,600.0,0.0,1.0,0.0,0.0,0.5,0.047,0.46,0.5,0.508,0.066,0.475,0.514,0.0,0.0,-4.67,-3.37,-109.7,-106.59,0.9,0.0,0.0,2.0,11.0,0.0,1.19,1.0,1.0,-59.8,0.1,113.2,30.5,-39.4,0.0,0.0,39.4,102.0,0.0,0.0,255.0,167.0,93.0,107.0,161.0,37.0,17.0,4.0,52.0,15.0,6.0,0.0
97.343,53,119136.0,600.0,92.0,518.0,600.0,0.0,1.0,0.0,0.0,0.5,0.047,0.46,0.5,0.508,0.066,0.475,0.514,0.0,0.0,-4.65,-2.99,-103.02,-104.13,-0.47,0.0,0.0,2.0,11.0,0.0,1.19,1.0,1.0,-58.7,0.3,113.4,32.8,-31.5,0.0,0.0,31.5,72.0,0.0,0.0,255.0,167.0,93.0,107.0,161.0,37.0,17.0,4.0,52.0,15.0,6.0,0.0
97.375,53,119189.0,600.0,92.0,518.0,600.0,0.0,1.0,0.0,0.0,0.5,0.047,0.46,0.5,0.508,0.066,0.475,0.514,0.0,0.0,-4.91,-2.96,-99.09,-102.2,-1.77,0.0,0.0,2.0,11.0,0.0,1.19,1.0,1.0,-52.1,0.1,113.5,44.3,-23.7,0.0,0.0,23.7,49.0,0.0,0.0,252.0,167.0,93.0,107.0,161.0,37.0,17.0,4.0,52.0,15.0,6.0,0.0
97.44,53,119242.0,600.0,92.0,518.0,600.0,0.0,1.0,0.0,0.0,0.5,0.047,0.46,0.5,0.508,0.066,0.475,0.514,0.0,0.0,-4.76,-2.82,-93.93,-100.6,-3.12,0.0,0.0,2.0,11.0,0.0,1.19,1.0,1.0,-43.2,0.1,114.5,72.9,-17.1,0.0,0.0,17.1,35.0,0.0,0.0,205.0,167.0,93.0,107.0,161.0,37.0,17.0,4.0,52.0,15.0,6.0,0.0
97.473,53,119295.0,600.0,92.0,518.0,600.0,0.0,1.0,0.0,0.0,0.5,0.047,0.46,0.5,0.508,0.066,0.475,0.514,0.0,0.0,-4.86,-2.61,-89.31,-99.95,0.0,0.0,0.0,2.0,11.0,0.0,1.19,1.0,1.0,-35.0,0.1,111.4,65.0,0.0,0.0,0.0,0.0,0.0,0.0,0.0,0.0,167.0,93.0,107.0,161.0,37.0,17.0,4.0,52.0,15.0,6.0,0.0
97.542,53,119348.0,600.0,92.0,518.0,600.0,0.0,1.0,0.0,0.0,0.5,0.047,0.46,0.5,0.508,0.066,0.475,0.514,0.0,0.0,-4.89,-2.42,-86.84,-99.95,0.0,0.0,0.0,2.0,11.0,0.0,1.19,1.0,1.0,-28.3,0.1,99.7,51.9,0.0,0.0,0.0,0.0,0.0,0.0,0.0,0.0,167.0,93.0,107.0,161.0,37.0,17.0,4.0,52.0,15.0,6.0,0.0
97.575,53,119401.0,600.0,92.0,518.0,600.0,0.0,1.0,0.0,0.0,0.5,0.047,0.46,0.5,0.508,0.066,0.475,0.514,0.0,0.0,-4.84,-2.46,-83.98,-99.95,0.0,0.0,0.0,2.0,11.0,0.0,1.19,1.0,1.0,-21.1,0.8,80.9,40.4,3.8,0.0,0.0,-3.8,20.0,0.0,0.0,30.0,167.0,93.0,107.0,161.0,31.0,17.0,14.0,66.0,15.0,6.0,0.0
97.641,53,119454.0,600.0,92.0,518.0,600.0,0.0,1.0,0.0,0.0,0.5,0.047,0.46,0.5,0.508,0.066,0.475,0.514,0.0,0.0,-4.86,-2.47,-83.73,-100.29,-1.4,0.0,0.0,2.0,11.0,0.0,1.19,1.0,1.0,-15.8,1.0,62.4,30.2,11.9,0.0,0.0,-11.9,49.0,0.0,0.0,70.0,167.0,93.0,107.0,161.0,31.0,17.0,14.0,66.0,15.0,6.0,0.0
97.708,53,119507.0,600.0,92.0,518.0,600.0,0.0,1.0,0.0,0.0,0.5,0.047,0.46,0.5,0.508,0.066,0.475,0.514,0.0,0.0,-4.86,-2.51,-83.76,-101.0,-2.7,0.0,0.0,2.0,11.0,0.0,1.19,1.0,1.0,-13.9,0.6,54.1,23.8,15.6,0.0,0.0,-15.6,64.0,0.0,0.0,87.0,167.0,93.0,107.0,161.0,31.0,17.0,14.0,66.0,15.0,6.0,0.0
97.74,53,119560.0,600.0,92.0,518.0,600.0,0.0,1.0,0.0,0.0,0.5,0.047,0.46,0.5,0.508,0.066,0.475,0.514,0.0,0.0,-4.87,-2.55,-84.07,-102.18,-4.08,0.0,0.0,2.0,11.0,0.0,1.19,1.0,1.0,-12.1,0.9,36.4,15.7,25.6,0.0,0.0,-25.6,110.0,0.0,0.0,140.0,167.0,93.0,107.0,161.0,31.0,17.0,14.0,66.0,15.0,6.0,0.0
97.804,53,119613.0,600.0,92.0,518.0,600.0,0.0,1.0,0.0,0.0,0.5,0.047,0.46,0.5,0.508,0.066,0.475,0.514,0.0,0.0,-4.85,-2.52,-84.93,-103.53,-5.43,0.0,0.0,2.0,11.0,0.0,1.19,1.0,1.0,-1.6,3.8,11.5,1.6,0.0,0.0,0.0,0.0,0.0,0.0,0.0,0.0,167.0,93.0,107.0,161.0,31.0,17.0,14.0,66.0,15.0,6.0,0.0
97.869,53,119666.0,600.0,92.0,518.0,600.0,0.0,1.0,0.0,0.0,0.5,0.047,0.46,0.5,0.508,0.066,0.475,0.514,0.0,0.0,-4.89,-2.65,-85.95,-103.53,0.0,0.0,0.0,2.0,11.0,0.0,1.19,1.0,1.0,3.4,3.8,3.9,-2.3,0.0,0.0,0.0,0.0,0.0,0.0,0.0,0.0,167.0,93.0,107.0,161.0,31.0,17.0,14.0,66.0,15.0,6.0,0.0
97.902,53,119719.0,600.0,92.0,518.0,600.0,0.0,1.0,0.0,0.0,0.5,0.047,0.46,0.5,0.508,0.066,0.475,0.514,0.0,0.0,-4.86,-2.89,-88.12,-103.53,0.0,0.0,0.0,2.0,11.0,0.0,1.19,1.0,1.0,1.3,2.6,-0.1,-13.2,0.0,0.0,0.0,0.0,0.0,0.0,0.0,0.0,167.0,93.0,107.0,161.0,31.0,17.0,14.0,66.0,15.0,6.0,0.0
98.458,542,120261.0,600.0,92.0,518.0,600.0,0.0,1.0,0.0,0.0,0.5,0.047,0.46,0.5,0.508,0.066,0.475,0.514,0.0,0.0,-4.63,-3.21,-88.37,-88.37,0.0,0.0,0.0,0.0,0.0,7.0,-0.4,1.0,1.0,0.2,0.4,-0.1,-1.7,0.0,0.0,0.0,0.0,0.0,0.0,0.0,0.0,167.0,93.0,107.0,161.0,18.0,7.0,12.0,54.0,15.0,6.0,0.0
98.557,100,120361.0,600.0,92.0,518.0,612.0,0.0,1.0,0.0,0.0,0.5,0.034,0.442,0.505,0.508,0.05,0.453,0.518,0.0,0.0,-3.32,-4.16,-88.37,-88.37,0.0,0.0,0.0,0.0,0.0,0.0,-0.4,1.0,1.0,0.2,0.3,-0.1,-1.3,0.0,0.0,0.0,0.0,0.0,0.0,0.0,0.0,167.0,93.0,107.0,161.0,18.0,7.0,12.0,54.0,15.0,6.0,0.0
98.589,53,120414.0,600.0,85.0,518.0,612.0,0.0,1.0,0.0,0.0,0.5,0.034,0.442,0.505,0.508,0.05,0.453,0.518,0.0,0.0,-3.13,-4.3,-88.44,-88.37,0.0,0.0,0.0,0.0,0.0,0.0,-0.4,1.0,1.0,0.2,0.3,-0.1,-1.3,0.0,0.0,0.0,0.0,0.0,0.0,0.0,0.0,167.0,93.0,107.0,161.0,18.0,7.0,12.0,54.0,15.0,6.0,0.0
98.656,54,120468.0,600.0,85.0,600.0,612.0,0.0,1.0,0.0,0.0,0.5,0.034,0.442,0.505,0.508,0.05,0.453,0.518,0.0,0.0,-2.76,-4.56,-88.46,-88.46,0.0,0.0,0.0,0.0,0.0,0.0,-0.4,1.0,1.0,0.1,0.2,-0.1,-1.0,0.0,0.0,0.0,0.0,0.0,0.0,0.0,0.0,167.0,93.0,107.0,161.0,18.0,7.0,12.0,54.0,15.0,6.0,1.0
98.727,53,120521.0,600.0,85.0,600.0,613.0,0.0,1.0,0.0,0.0,0.5,0.026,0.473,0.508,0.508,0.042,0.476,0.522,0.0,0.0,-2.71,-4.6,-88.47,-88.46,0.0,0.0,0.0,0.0,0.0,0.0,-0.4,1.0,1.0,0.1,0.2,-0.1,-0.9,0.0,0.0,0.0,0.0,0.0,0.0,0.0,0.0,167.0,93.0,107.0,161.0,18.0,7.0,12.0,54.0,15.0,6.0,0.0
98.76,53,120574.0,600.0,85.0,600.0,613.0,0.0,1.0,0.0,0.0,0.5,0.026,0.473,0.508,0.508,0.042,0.476,0.522,0.0,0.0,-2.61,-4.68,-88.48,-88.46,0.0,0.0,0.0,0.0,0.0,0.0,-0.4,1.0,1.0,0.1,0.2,-0.0,-0.8,0.0,0.0,0.0,0.0,0.0,0.0,0.0,0.0,167.0,93.0,107.0,161.0,18.0,7.0,12.0,54.0,15.0,6.0,0.0
98.826,53,120627.0,600.0,85.0,600.0,613.0,0.0,1.0,0.0,0.0,0.5,0.026,0.473,0.508,0.508,0.042,0.476,0.522,0.0,0.0,-2.44,-4.8,-88.49,-88.46,0.0,0.0,0.0,0.0,0.0,0.0,-0.4,1.0,1.0,0.1,0.2,-0.0,-0.7,0.0,0.0,0.0,0.0,0.0,0.0,0.0,0.0,167.0,93.0,107.0,161.0,18.0,7.0,12.0,54.0,15.0,6.0,0.0
98.859,52,120679.0,600.0,85.0,600.0,613.0,0.0,1.0,0.0,0.0,0.5,0.026,0.473,0.508,0.508,0.042,0.476,0.522,0.0,0.0,-2.43,-4.82,-88.49,-88.46,0.0,0.0,0.0,0.0,0.0,0.0,-0.4,1.0,1.0,0.1,0.1,-0.0,-0.6,0.0,0.0,0.0,0.0,0.0,0.0,0.0,0.0,167.0,93.0,107.0,161.0,18.0,7.0,12.0,54.0,15.0,6.0,0.0
98.925,53,120732.0,600.0,85.0,600.0,613.0,0.0,1.0,0.0,0.0,0.5,0.023,0.488,0.51,0.508,0.038,0.493,0.524,0.0,0.0,-2.36,-4.87,-88.5,-88.46,0.0,0.0,0.0,0.0,0.0,0.0,-0.4,1.0,1.0,0.1,0.1,-0.0,-0.5,0.0,0.0,0.0,0.0,0.0,0.0,0.0,0.0,167.0,93.0,107.0,161.0,18.0,7.0,12.0,54.0,15.0,6.0,0.0
98.958,53,120785.0,600.0,85.0,600.0,613.0,0.0,1.0,0.0,0.0,0.5,0.023,0.488,0.51,0.508,0.038,0.493,0.524,0.0,0.0,-2.34,-4.88,-88.5,-88.46,0.0,0.0,0.0,0.0,0.0,0.0,-0.4,1.0,1.0,0.1,0.1,-0.0,-0.5,0.0,0.0,0.0,0.0,0.0,0.0,0.0,0.0,167.0,93.0,107.0,161.0,18.0,7.0,12.0,54.0,15.0,6.0,0.0
99.021,53,120838.0,600.0,85.0,600.0,613.0,0.0,1.0,0.0,0.0,0.5,0.023,0.488,0.51,0.508,0.038,0.493,0.524,0.0,0.0,-2.31,-4.9,-88.5,-88.46,0.0,0.0,0.0,0.0,0.0,0.0,-0.4,1.0,1.0,0.1,0.1,-0.0,-0.5,0.0,0.0,0.0,0.0,0.0,0.0,0.0,0.0,167.0,93.0,107.0,161.0,18.0,7.0,12.0,54.0,15.0,6.0,0.0
99.087,53,120891.0,600.0,85.0,600.0,613.0,0.0,1.0,0.0,0.0,0.5,0.023,0.488,0.51,0.508,0.038,0.493,0.524,0.0,0.0,-2.24,-4.95,-88.5,-88.46,0.0,0.0,0.0,0.0,0.0,0.0,-0.4,1.0,1.0,0.1,0.1,-0.0,-0.4,0.0,0.0,0.0,0.0,0.0,0.0,0.0,0.0,167.0,93.0,107.0,161.0,18.0,7.0,12.0,54.0,15.0,6.0,0.0
99.119,52,120943.0,600.0,85.0,600.0,616.0,0.0,1.0,0.0,0.0,0.5,0.021,0.494,0.512,0.508,0.036,0.501,0.526,0.0,0.0,-2.23,-4.96,-88.51,-88.46,0.0,0.0,0.0,0.0,0.0,0.0,-0.4,1.0,1.0,0.0,0.1,-0.0,-0.3,0.0,0.0,0.0,0.0,0.0,0.0,0.0,0.0,167.0,93.0,107.0,161.0,18.0,7.0,12.0,54.0,15.0,6.0,0.0
99.185,53,120996.0,600.0,85.0,600.0,616.0,0.0,1.0,0.0,0.0,0.5,0.021,0.494,0.512,0.508,0.036,0.501,0.526,0.0,0.0,-2.21,-4.98,-88.51,-88.46,0.0,0.0,0.0,0.0,0.0,0.0,-0.4,1.0,1.0,0.0,0.1,-0.0,-0.3,0.0,0.0,0.0,0.0,0.0,0.0,0.0,0.0,167.0,93.0,107.0,161.0,18.0,7.0,12.0,54.0,15.0,6.0,0.0
99.248,52,121048.0,600.0,86.0,600.0,616.0,0.0,1.0,0.0,0.0,0.5,0.021,0.494,0.512,0.508,0.036,0.501,0.526,0.0,0.0,-2.16,-5.03,-88.51,-88.46,0.0,0.0,0.0,0.0,0.0,0.0,-0.4,1.0,1.0,0.0,0.1,-0.0,-0.3,0.0,0.0,0.0,0.0,0.0,0.0,0.0,0.0,167.0,93.0,107.0,161.0,18.0,7.0,12.0,54.0,15.0,6.0,0.0
99.281,53,121101.0,600.0,86.0,600.0,616.0,0.0,1.0,0.0,0.0,0.5,0.021,0.494,0.512,0.508,0.036,0.501,0.526,0.0,0.0,-2.15,-5.04,-88.51,-88.46,0.0,0.0,0.0,0.0,0.0,0.0,-0.4,1.0,1.0,0.0,0.0,-0.0,-0.2,0.0,0.0,0.0,0.0,0.0,0.0,0.0,0.0,167.0,93.0,107.0,161.0,18.0,7.0,12.0,54.0,15.0,6.0,0.0
99.347,52,121153.0,600.0,86.0,600.0,618.0,0.0,1.0,0.0,0.0,0.5,0.021,0.497,0.513,0.508,0.035,0.505,0.528,0.0,0.0,-2.14,-5.05,-88.51,-88.46,0.0,0.0,0.0,0.0,0.0,0.0,-0.4,1.0,1.0,0.0,0.0,-0.0,-0.2,0.0,0.0,0.0,0.0,0.0,0.0,0.0,0.0,167.0,93.0,107.0,161.0,18.0,7.0,12.0,54.0,15.0,6.0,1.0
99.38,54,121207.0,600.0,86.0,600.0,618.0,0.0,1.0,0.0,0.0,0.5,0.021,0.497,0.513,0.508,0.035,0.505,0.528,0.0,0.0,-2.11,-5.08,-88.51,-88.46,0.0,0.0,0.0,0.0,0.0,0.0,-0.4,1.0,1.0,0.0,0.0,-0.0,-0.2,0.0,0.0,0.0,0.0,0.0,0.0,0.0,0.0,167.0,93.0,107.0,161.0,18.0,7.0,12.0,54.0,15.0,6.0,0.0
99.446,52,121259.0,600.0,86.0,600.0,618.0,0.0,1.0,0.0,0.0,0.5,0.021,0.497,0.513,0.508,0.035,0.505,0.528,0.0,0.0,-2.09,-5.09,-88.51,-88.46,0.0,0.0,0.0,0.0,0.0,0.0,-0.4,1.0,1.0,0.0,0.0,-0.0,-0.2,0.0,0.0,0.0,0.0,0.0,0.0,0.0,0.0,167.0,93.0,107.0,161.0,18.0,7.0,12.0,54.0,15.0,6.0,0.0
99.51,53,121312.0,600.0,86.0,600.0,618.0,0.0,1.0,0.0,0.0,0.5,0.021,0.497,0.513,0.508,0.035,0.505,0.528,0.0,0.0,-2.06,-5.11,-88.51,-88.46,0.0,0.0,0.0,0.0,0.0,0.0,-0.4,1.0,1.0,0.0,0.0,-0.0,-0.1,0.0,0.0,0.0,0.0,0.0,0.0,0.0,0.0,167.0,93.0,107.0,161.0,18.0,7.0,12.0,54.0,15.0,6.0,0.0
99.545,52,121364.0,600.0,86.0,600.0,620.0,0.0,1.0,0.0,0.0,0.5,0.02,0.499,0.515,0.508,0.035,0.506,0.529,0.0,0.0,-2.04,-5.13,-88.52,-88.46,0.0,0.0,0.0,0.0,0.0,0.0,-0.4,1.0,1.0,0.0,0.0,-0.0,-0.1,0.0,0.0,0.0,0.0,0.0,0.0,0.0,0.0,167.0,93.0,107.0,161.0,18.0,7.0,12.0,54.0,15.0,6.0,0.0
99.61,53,121417.0,600.0,86.0,600.0,620.0,0.0,1.0,0.0,0.0,0.5,0.02,0.499,0.515,0.508,0.035,0.506,0.529,0.0,0.0,-2.02,-5.15,-88.52,-88.46,0.0,0.0,0.0,0.0,0.0,0.0,-0.4,1.0,1.0,0.0,0.0,-0.0,-0.1,0.0,0.0,0.0,0.0,0.0,0.0,0.0,0.0,167.0,93.0,107.0,161.0,18.0,7.0,12.0,54.0,15.0,6.0,0.0
99.643,52,121469.0,600.0,84.0,600.0,620.0,0.0,1.0,0.0,0.0,0.5,0.02,0.499,0.515,0.508,0.035,0.506,0.529,0.0,0.0,-1.99,-5.18,-88.52,-88.46,0.0,0.0,0.0,0.0,0.0,0.0,-0.4,1.0,1.0,0.0,0.0,-0.0,-0.1,0.0,0.0,0.0,0.0,0.0,0.0,0.0,0.0,167.0,93.0,107.0,161.0,18.0,7.0,12.0,54.0,15.0,6.0,0.0
99.71,53,121522.0,600.0,84.0,600.0,620.0,0.0,1.0,0.0,0.0,0.5,0.02,0.499,0.515,0.508,0.035,0.506,0.529,0.0,0.0,-1.99,-5.18,-88.53,-88.46,0.0,0.0,0.0,0.0,0.0,0.0,-0.4,1.0,1.0,0.0,0.0,-0.0,-0.1,0.0,0.0,0.0,0.0,0.0,0.0,0.0,0.0,167.0,93.0,107.0,161.0,18.0,7.0,12.0,54.0,15.0,6.0,0.0
99.775,52,121574.0,600.0,84.0,600.0,621.0,0.0,1.0,0.0,0.0,0.5,0.02,0.499,0.516,0.508,0.035,0.507,0.53,0.0,0.0,-1.97,-5.19,-88.53,-88.46,0.0,0.0,0.0,0.0,0.0,0.0,-0.4,1.0,1.0,0.0,0.0,-0.0,-0.1,0.0,0.0,0.0,0.0,0.0,0.0,0.0,0.0,167.0,93.0,107.0,161.0,18.0,7.0,12.0,54.0,15.0,6.0,1.0
99.807,54,121628.0,600.0,84.0,600.0,621.0,0.0,1.0,0.0,0.0,0.5,0.02,0.499,0.516,0.508,0.035,0.507,0.53,0.0,0.0,-1.96,-5.2,-88.53,-88.46,0.0,0.0,0.0,0.0,0.0,0.0,-0.4,1.0,1.0,0.0,0.0,-0.0,-0.1,0.0,0.0,0.0,0.0,0.0,0.0,0.0,0.0,167.0,93.0,107.0,161.0,18.0,7.0,12.0,54.0,15.0,6.0,0.0
99.871,51,121679.0,600.0,85.0,600.0,621.0,0.0,1.0,0.0,0.0,0.5,0.02,0.499,0.516,0.508,0.035,0.507,0.53,0.0,0.0,-1.95,-5.21,-88.53,-88.46,0.0,0.0,0.0,0.0,0.0,0.0,-0.4,1.0,1.0,0.0,0.0,-0.0,-0.1,0.0,0.0,0.0,0.0,0.0,0.0,0.0,0.0,167.0,93.0,107.0,161.0,18.0,7.0,12.0,54.0,15.0,6.0,0.0
99.942,53,121732.0,600.0,85.0,600.0,621.0,0.0,1.0,0.0,0.0,0.5,0.02,0.499,0.516,0.508,0.035,0.507,0.53,0.0,0.0,-1.93,-5.22,-88.53,-88.46,0.0,0.0,0.0,0.0,0.0,0.0,-0.4,1.0,1.0,0.0,0.0,-0.0,-0.0,0.0,0.0,0.0,0.0,0.0,0.0,0.0,0.0,167.0,93.0,107.0,161.0,18.0,7.0,12.0,54.0,15.0,6.0,0.0
99.975,52,121784.0,600.0,85.0,600.0,622.0,0.0,1.0,0.0,0.0,0.5,0.02,0.5,0.517,0.508,0.034,0.508,0.532,0.0,0.0,-1.92,-5.23,-88.53,-88.46,0.0,0.0,0.0,0.0,0.0,0.0,-0.4,1.0,1.0,0.0,0.0,-0.0,-0.0,0.0,0.0,0.0,0.0,0.0,0.0,0.0,0.0,167.0,93.0,107.0,161.0,18.0,7.0,12.0,54.0,15.0,6.0,1.0
100.041,53,121837.0,600.0,85.0,600.0,622.0,0.0,1.0,0.0,0.0,0.5,0.02,0.5,0.517,0.508,0.034,0.508,0.532,0.0,0.0,-1.91,-5.24,-88.53,-88.46,0.0,0.0,0.0,0.0,0.0,0.0,-0.4,1.0,1.0,0.0,0.0,-0.0,-0.0,0.0,0.0,0.0,0.0,0.0,0.0,0.0,0.0,167.0,93.0,107.0,161.0,18.0,7.0,12.0,54.0,15.0,6.0,0.0
100.074,51,121888.0,600.0,85.0,600.0,622.0,0.0,1.0,0.0,0.0,0.5,0.02,0.5,0.517,0.508,0.034,0.508,0.532,0.0,0.0,-1.9,-5.26,-88.53,-88.46,0.0,0.0,0.0,0.0,0.0,0.0,-0.4,1.0,1.0,0.0,0.0,-0.0,-0.0,0.0,0.0,0.0,0.0,0.0,0.0,0.0,0.0,167.0,93.0,107.0,161.0,18.0,7.0,12.0,54.0,15.0,6.0,0.0
100.14,53,121941.0,600.0,85.0,600.0,622.0,0.0,1.0,0.0,0.0,0.5,0.02,0.5,0.517,0.508,0.034,0.508,0.532,0.0,0.0,-1.89,-5.26,-88.53,-88.46,0.0,0.0,0.0,0.0,0.0,0.0,-0.4,1.0,1.0,0.0,0.0,-0.0,-0.0,0.0,0.0,0.0,0.0,0.0,0.0,0.0,0.0,167.0,93.0,107.0,161.0,18.0,7.0,12.0,54.0,15.0,6.0,0.0
100.173,52,121993.0,600.0,85.0,600.0,621.0,0.0,1.0,0.0,0.0,0.5,0.02,0.5,0.517,0.508,0.034,0.508,0.532,0.0,0.0,-1.88,-5.27,-88.53,-88.46,0.0,0.0,0.0,0.0,0.0,0.0,-0.4,1.0,1.0,0.0,0.0,-0.0,-0.0,0.0,0.0,0.0,0.0,0.0,0.0,0.0,0.0,167.0,93.0,107.0,161.0,18.0,7.0,12.0,54.0,15.0,6.0,1.0
100.237,54,122047.0,600.0,85.0,600.0,621.0,0.0,1.0,0.0,0.0,0.5,0.02,0.5,0.517,0.508,0.034,0.508,0.532,0.0,0.0,-1.87,-5.28,-88.54,-88.46,0.0,0.0,0.0,0.0,0.0,0.0,-0.4,1.0,1.0,0.0,0.0,-0.0,-0.0,0.0,0.0,0.0,0.0,0.0,0.0,0.0,0.0,167.0,93.0,107.0,161.0,18.0,7.0,12.0,54.0,15.0,6.0,0.0
100.301,52,122099.0,600.0,84.0,600.0,621.0,0.0,1.0,0.0,0.0,0.5,0.02,0.5,0.517,0.508,0.034,0.508,0.532,0.0,0.0,-1.87,-5.29,-88.54,-88.46,0.0,0.0,0.0,0.0,0.0,0.0,-0.4,1.0,1.0,0.0,0.0,-0.0,-0.0,0.0,0.0,0.0,0.0,0.0,0.0,0.0,0.0,167.0,93.0,107.0,161.0,18.0,7.0,12.0,54.0,15.0,6.0,0.0
100.341,53,122152.0,600.0,84.0,600.0,621.0,0.0,1.0,0.0,0.0,0.5,0.02,0.5,0.517,0.508,0.034,0.508,0.532,0.0,0.0,-1.86,-5.29,-88.54,-88.46,0.0,0.0,0.0,0.0,0.0,0.0,-0.4,1.0,1.0,0.0,0.0,-0.0,-0.0,0.0,0.0,0.0,0.0,0.0,0.0,0.0,0.0,167.0,93.0,107.0,161.0,18.0,7.0,12.0,54.0,15.0,6.0,0.0
100.407,52,122204.0,600.0,84.0,600.0,621.0,0.0,1.0,0.0,0.0,0.5,0.019,0.5,0.517,0.508,0.034,0.508,0.532,0.0,0.0,-1.85,-5.3,-88.54,-88.46,0.0,0.0,0.0,0.0,0.0,0.0,-0.4,1.0,1.0,0.0,0.0,-0.0,-0.0,0.0,0.0,0.0,0.0,0.0,0.0,0.0,0.0,167.0,93.0,107.0,161.0,18.0,7.0,12.0,54.0,15.0,6.0,1.0
100.439,53,122257.0,600.0,84.0,600.0,621.0,0.0,1.0,0.0,0.0,0.5,0.019,0.5,0.517,0.508,0.034,0.508,0.532,0.0,0.0,-1.85,-5.31,-88.54,-88.46,0.0,0.0,0.0,0.0,0.0,0.0,-0.4,1.0,1.0,0.0,0.0,-0.0,-0.0,0.0,0.0,0.0,0.0,0.0,0.0,0.0,0.0,167.0,93.0,107.0,161.0,18.0,7.0,12.0,54.0,15.0,6.0,0.0
100.503,51,122308.0,600.0,85.0,600.0,621.0,0.0,1.0,0.0,0.0,0.5,0.019,0.5,0.517,0.508,0.034,0.508,0.532,0.0,0.0,-1.84,-5.32,-88.54,-88.46,0.0,0.0,0.0,0.0,0.0,0.0,-0.4,1.0,1.0,0.0,0.0,-0.0,-0.0,0.0,0.0,0.0,0.0,0.0,0.0,0.0,0.0,167.0,93.0,107.0,161.0,18.0,7.0,12.0,54.0,15.0,6.0,0.0
100.538,53,122361.0,600.0,85.0,600.0,621.0,0.0,1.0,0.0,0.0,0.5,0.019,0.5,0.517,0.508,0.034,0.508,0.532,0.0,0.0,-1.83,-5.32,-88.54,-88.46,0.0,0.0,0.0,0.0,0.0,0.0,-0.4,1.0,1.0,0.0,0.0,-0.0,-0.0,0.0,0.0,0.0,0.0,0.0,0.0,0.0,0.0,167.0,93.0,107.0,161.0,18.0,7.0,12.0,54.0,15.0,6.0,0.0
100.603,52,122413.0,600.0,85.0,600.0,622.0,0.0,1.0,0.0,0.0,0.5,0.02,0.5,0.517,0.508,0.034,0.508,0.532,0.0,0.0,-1.83,-5.33,-88.55,-88.46,0.0,0.0,0.0,0.0,0.0,0.0,-0.4,1.0,1.0,0.0,0.0,-0.0,-0.0,0.0,0.0,0.0,0.0,0.0,0.0,0.0,0.0,167.0,93.0,107.0,161.0,18.0,7.0,12.0,54.0,15.0,6.0,0.0
100.669,54,122467.0,600.0,85.0,600.0,622.0,0.0,1.0,0.0,0.0,0.5,0.02,0.5,0.517,0.508,0.034,0.508,0.532,0.0,0.0,-1.82,-5.33,-88.55,-88.46,0.0,0.0,0.0,0.0,0.0,0.0,-0.4,1.0,1.0,0.0,0.0,-0.0,-0.0,0.0,0.0,0.0,0.0,0.0,0.0,0.0,0.0,167.0,93.0,107.0,161.0,18.0,7.0,12.0,54.0,15.0,6.0,0.0
100.701,52,122519.0,600.0,86.0,600.0,622.0,0.0,1.0,0.0,0.0,0.5,0.02,0.5,0.517,0.508,0.034,0.508,0.532,0.0,0.0,-1.82,-5.33,-88.55,-88.46,0.0,0.0,0.0,0.0,0.0,0.0,-0.4,1.0,1.0,0.0,0.0,-0.0,-0.0,0.0,0.0,0.0,0.0,0.0,0.0,0.0,0.0,167.0,93.0,107.0,161.0,18.0,7.0,12.0,54.0,15.0,6.0,0.0
100.779,54,122573.0,600.0,86.0,600.0,622.0,0.0,1.0,0.0,0.0,0.5,0.02,0.5,0.517,0.508,0.034,0.508,0.532,0.0,0.0,-1.81,-5.34,-88.55,-88.46,0.0,0.0,0.0,0.0,0.0,0.0,-0.4,1.0,1.0,0.0,0.0,-0.0,-0.0,0.0,0.0,0.0,0.0,0.0,0.0,0.0,0.0,167.0,93.0,107.0,161.0,18.0,7.0,12.0,54.0,15.0,6.0,0.0
100.812,52,122625.0,600.0,86.0,600.0,623.0,0.0,1.0,0.0,0.0,0.5,0.02,0.5,0.518,0.508,0.034,0.508,0.533,0.0,0.0,-1.81,-5.34,-88.55,-88.46,0.0,0.0,0.0,0.0,0.0,0.0,-0.4,1.0,1.0,0.0,0.0,-0.0,-0.0,0.0,0.0,0.0,0.0,0.0,0.0,0.0,0.0,167.0,93.0,107.0,161.0,18.0,7.0,12.0,54.0,15.0,6.0,1.0
100.878,53,122678.0,600.0,86.0,600.0,623.0,0.0,1.0,0.0,0.0,0.5,0.02,0.5,0.518,0.508,0.034,0.508,0.533,0.0,0.0,-1.82,-5.35,-88.55,-88.46,0.0,0.0,0.0,0.0,0.0,0.0,-0.4,1.0,1.0,0.0,0.0,-0.0,-0.0,0.0,0.0,0.0,0.0,0.0,0.0,0.0,0.0,167.0,93.0,107.0,161.0,18.0,7.0,12.0,54.0,15.0,6.0,0.0
100.91,53,122731.0,600.0,84.0,600.0,623.0,0.0,1.0,0.0,0.0,0.5,0.02,0.5,0.518,0.508,0.034,0.508,0.533,0.0,0.0,-1.81,-5.35,-88.55,-88.46,0.0,0.0,0.0,0.0,0.0,0.0,-0.4,1.0,1.0,0.0,0.0,-0.0,-0.0,0.0,0.0,0.0,0.0,0.0,0.0,0.0,0.0,167.0,93.0,107.0,161.0,18.0,7.0,12.0,54.0,15.0,6.0,0.0
100.976,52,122783.0,600.0,84.0,600.0,623.0,0.0,1.0,0.0,0.0,0.5,0.02,0.5,0.518,0.508,0.034,0.508,0.533,0.0,0.0,-1.81,-5.35,-88.55,-88.46,0.0,0.0,0.0,0.0,0.0,0.0,-0.4,1.0,1.0,0.0,0.0,-0.0,-0.0,0.0,0.0,0.0,0.0,0.0,0.0,0.0,0.0,167.0,93.0,107.0,161.0,18.0,7.0,12.0,54.0,15.0,6.0,0.0
101.009,52,122835.0,600.0,84.0,600.0,622.0,0.0,1.0,0.0,0.0,0.5,0.02,0.5,0.518,0.508,0.034,0.508,0.533,0.0,0.0,-1.81,-5.36,-88.55,-88.46,0.0,0.0,0.0,0.0,0.0,0.0,-0.4,1.0,1.0,0.0,0.0,-0.0,-0.0,0.0,0.0,0.0,0.0,0.0,0.0,0.0,0.0,167.0,93.0,107.0,161.0,18.0,7.0,12.0,54.0,15.0,6.0,0.0
101.075,54,122889.0,600.0,84.0,600.0,622.0,0.0,1.0,0.0,0.0,0.5,0.02,0.5,0.518,0.508,0.034,0.508,0.533,0.0,0.0,-1.81,-5.37,-88.55,-88.46,0.0,0.0,0.0,0.0,0.0,0.0,-0.4,1.0,1.0,0.0,0.0,-0.0,-0.0,0.0,0.0,0.0,0.0,0.0,0.0,0.0,0.0,167.0,93.0,107.0,161.0,18.0,7.0,12.0,54.0,15.0,6.0,0.0
101.142,52,122941.0,600.0,85.0,600.0,622.0,0.0,1.0,0.0,0.0,0.5,0.02,0.5,0.518,0.508,0.034,0.508,0.533,0.0,0.0,-1.81,-5.37,-88.55,-88.46,0.0,0.0,0.0,0.0,0.0,0.0,-0.4,1.0,1.0,0.0,0.0,-0.0,-0.0,0.0,0.0,0.0,0.0,0.0,0.0,0.0,0.0,167.0,93.0,107.0,161.0,18.0,7.0,12.0,54.0,15.0,6.0,0.0
101.175,52,122993.0,600.0,85.0,600.0,622.0,0.0,1.0,0.0,0.0,0.5,0.02,0.5,0.518,0.508,0.034,0.508,0.533,0.0,0.0,-1.81,-5.37,-88.55,-88.46,0.0,0.0,0.0,0.0,0.0,0.0,-0.4,1.0,1.0,0.0,0.0,-0.0,-0.0,0.0,0.0,0.0,0.0,0.0,0.0,0.0,0.0,167.0,93.0,107.0,161.0,18.0,7.0,12.0,54.0,15.0,6.0,0.0
101.242,53,123046.0,600.0,85.0,600.0,624.0,0.0,1.0,0.0,0.0,0.5,0.02,0.5,0.519,0.508,0.034,0.508,0.533,0.0,0.0,-1.81,-5.37,-88.55,-88.46,0.0,0.0,0.0,0.0,0.0,0.0,-0.4,1.0,1.0,0.0,0.0,-0.0,-0.0,0.0,0.0,0.0,0.0,0.0,0.0,0.0,0.0,167.0,93.0,107.0,161.0,18.0,7.0,12.0,54.0,15.0,6.0,0.0
101.275,53,123099.0,600.0,85.0,600.0,624.0,0.0,1.0,0.0,0.0,0.5,0.02,0.5,0.519,0.508,0.034,0.508,0.533,0.0,0.0,-1.8,-5.37,-88.55,-88.46,0.0,0.0,0.0,0.0,0.0,0.0,-0.4,1.0,1.0,0.0,0.0,-0.0,-0.0,0.0,0.0,0.0,0.0,0.0,0.0,0.0,0.0,167.0,93.0,107.0,161.0,18.0,7.0,12.0,54.0,15.0,6.0,0.0
101.342,53,123152.0,600.0,86.0,600.0,624.0,0.0,1.0,0.0,0.0,0.5,0.02,0.5,0.519,0.508,0.034,0.508,0.533,0.0,0.0,-1.81,-5.38,-88.54,-88.46,0.0,0.0,0.0,0.0,0.0,0.0,-0.4,1.0,1.0,0.0,0.0,-0.0,-0.0,0.0,0.0,0.0,0.0,0.0,0.0,0.0,0.0,167.0,93.0,107.0,161.0,18.0,7.0,12.0,54.0,15.0,6.0,0.0
101.408,52,123204.0,600.0,86.0,600.0,624.0,0.0,1.0,0.0,0.0,0.5,0.02,0.5,0.519,0.508,0.034,0.508,0.533,0.0,0.0,-1.81,-5.38,-88.54,-88.46,0.0,0.0,0.0,0.0,0.0,0.0,-0.4,1.0,1.0,0.0,0.0,-0.0,-0.0,0.0,0.0,0.0,0.0,0.0,0.0,0.0,0.0,167.0,93.0,107.0,161.0,18.0,7.0,12.0,54.0,15.0,6.0,1.0
101.441,52,123256.0,600.0,86.0,600.0,624.0,0.0,1.0,0.0,0.0,0.5,0.02,0.5,0.519,0.508,0.034,0.508,0.534,0.0,0.0,-1.8,-5.38,-88.54,-88.46,0.0,0.0,0.0,0.0,0.0,0.0,-0.4,1.0,1.0,0.0,0.0,-0.0,-0.0,0.0,0.0,0.0,0.0,0.0,0.0,0.0,0.0,167.0,93.0,107.0,161.0,18.0,7.0,12.0,54.0,15.0,6.0,0.0
101.506,53,123309.0,600.0,86.0,600.0,624.0,0.0,1.0,0.0,0.0,0.5,0.02,0.5,0.519,0.508,0.034,0.508,0.534,0.0,0.0,-1.8,-5.38,-88.54,-88.46,0.0,0.0,0.0,0.0,0.0,0.0,-0.4,1.0,1.0,0.0,0.0,-0.0,-0.0,0.0,0.0,0.0,0.0,0.0,0.0,0.0,0.0,167.0,93.0,107.0,161.0,18.0,7.0,12.0,54.0,15.0,6.0,0.0
101.545,53,123362.0,600.0,85.0,600.0,624.0,0.0,1.0,0.0,0.0,0.5,0.02,0.5,0.519,0.508,0.034,0.508,0.534,0.0,0.0,-1.8,-5.38,-88.54,-88.46,0.0,0.0,0.0,0.0,0.0,0.0,-0.4,1.0,1.0,0.0,0.0,-0.0,-0.0,0.0,0.0,0.0,0.0,0.0,0.0,0.0,0.0,167.0,93.0,107.0,161.0,18.0,7.0,12.0,54.0,15.0,6.0,0.0
101.611,52,123414.0,600.0,85.0,600.0,624.0,0.0,1.0,0.0,0.0,0.5,0.02,0.5,0.519,0.508,0.034,0.508,0.534,0.0,0.0,-1.8,-5.38,-88.54,-88.46,0.0,0.0,0.0,0.0,0.0,0.0,-0.4,1.0,1.0,0.0,0.0,-0.0,-0.0,0.0,0.0,0.0,0.0,0.0,0.0,0.0,0.0,167.0,93.0,107.0,161.0,18.0,7.0,12.0,54.0,15.0,6.0,1.0
101.644,52,123466.0,600.0,85.0,600.0,623.0,0.0,1.0,0.0,0.0,0.5,0.02,0.5,0.519,0.508,0.034,0.508,0.534,0.0,0.0,-1.8,-5.39,-88.54,-88.46,0.0,0.0,0.0,0.0,0.0,0.0,-0.4,1.0,1.0,0.0,0.0,-0.0,-0.0,0.0,0.0,0.0,0.0,0.0,0.0,0.0,0.0,167.0,93.0,107.0,161.0,18.0,7.0,12.0,54.0,15.0,6.0,0.0
101.711,53,123519.0,600.0,85.0,600.0,623.0,0.0,1.0,0.0,0.0,0.5,0.02,0.5,0.519,0.508,0.034,0.508,0.534,0.0,0.0,-1.8,-5.39,-88.55,-88.46,0.0,0.0,0.0,0.0,0.0,0.0,-0.4,1.0,1.0,0.0,0.0,-0.0,-0.0,0.0,0.0,0.0,0.0,0.0,0.0,0.0,0.0,167.0,93.0,107.0,161.0,18.0,7.0,12.0,54.0,15.0,6.0,0.0
101.778,55,123574.0,600.0,85.0,600.0,623.0,0.0,1.0,0.0,0.0,0.5,0.02,0.5,0.519,0.508,0.034,0.508,0.534,0.0,0.0,-1.79,-5.38,-88.55,-88.46,0.0,0.0,0.0,0.0,0.0,0.0,-0.4,1.0,1.0,0.0,0.0,-0.0,-0.0,0.0,0.0,0.0,0.0,0.0,0.0,0.0,0.0,167.0,93.0,107.0,161.0,18.0,7.0,12.0,54.0,15.0,6.0,0.0
101.811,52,123626.0,600.0,85.0,600.0,623.0,0.0,1.0,0.0,0.0,0.5,0.02,0.5,0.519,0.508,0.034,0.508,0.534,0.0,0.0,-1.79,-5.38,-88.55,-88.46,0.0,0.0,0.0,0.0,0.0,0.0,-0.4,1.0,1.0,0.0,0.0,-0.0,-0.0,0.0,0.0,0.0,0.0,0.0,0.0,0.0,0.0,167.0,93.0,107.0,161.0,18.0,7.0,12.0,54.0,15.0,6.0,0.0
101.877,52,123678.0,600.0,85.0,600.0,622.0,0.0,1.0,0.0,0.0,0.5,0.02,0.5,0.519,0.508,0.034,0.508,0.533,0.0,0.0,-1.79,-5.39,-88.55,-88.46,0.0,0.0,0.0,0.0,0.0,0.0,-0.4,1.0,1.0,0.0,0.0,-0.0,-0.0,0.0,0.0,0.0,0.0,0.0,0.0,0.0,0.0,167.0,93.0,107.0,161.0,18.0,7.0,12.0,54.0,15.0,6.0,0.0
101.909,53,123731.0,600.0,85.0,600.0,622.0,0.0,1.0,0.0,0.0,0.5,0.02,0.5,0.519,0.508,0.034,0.508,0.533,0.0,0.0,-1.79,-5.39,-88.55,-88.46,0.0,0.0,0.0,0.0,0.0,0.0,-0.4,1.0,1.0,0.0,0.0,-0.0,-0.0,0.0,0.0,0.0,0.0,0.0,0.0,0.0,0.0,167.0,93.0,107.0,161.0,18.0,7.0,12.0,54.0,15.0,6.0,0.0
101.974,53,123784.0,600.0,86.0,600.0,622.0,0.0,1.0,0.0,0.0,0.5,0.02,0.5,0.519,0.508,0.034,0.508,0.533,0.0,0.0,-1.78,-5.39,-88.55,-88.46,0.0,0.0,0.0,0.0,0.0,0.0,-0.4,1.0,1.0,0.0,0.0,-0.0,-0.0,0.0,0.0,0.0,0.0,0.0,0.0,0.0,0.0,167.0,93.0,107.0,161.0,18.0,7.0,12.0,54.0,15.0,6.0,1.0
102.04,52,123836.0,600.0,86.0,600.0,622.0,0.0,1.0,0.0,0.0,0.5,0.02,0.5,0.519,0.508,0.034,0.508,0.533,0.0,0.0,-1.78,-5.39,-88.55,-88.46,0.0,0.0,0.0,0.0,0.0,0.0,-0.4,1.0,1.0,0.0,0.0,-0.0,-0.0,0.0,0.0,0.0,0.0,0.0,0.0,0.0,0.0,167.0,93.0,107.0,161.0,18.0,7.0,12.0,54.0,15.0,6.0,0.0
102.073,53,123889.0,600.0,86.0,600.0,624.0,0.0,1.0,0.0,0.0,0.5,0.02,0.5,0.519,0.508,0.034,0.508,0.534,0.0,0.0,-1.78,-5.39,-88.55,-88.46,0.0,0.0,0.0,0.0,0.0,0.0,-0.4,1.0,1.0,0.0,0.0,-0.0,-0.0,0.0,0.0,0.0,0.0,0.0,0.0,0.0,0.0,167.0,93.0,107.0,161.0,18.0,7.0,12.0,54.0,15.0,6.0,0.0
102.139,53,123942.0,600.0,86.0,600.0,624.0,0.0,1.0,0.0,0.0,0.5,0.02,0.5,0.519,0.508,0.034,0.508,0.534,0.0,0.0,-1.78,-5.39,-88.55,-88.46,0.0,0.0,0.0,0.0,0.0,0.0,-0.4,1.0,1.0,0.0,0.0,-0.0,-0.0,0.0,0.0,0.0,0.0,0.0,0.0,0.0,0.0,167.0,93.0,107.0,161.0,18.0,7.0,12.0,54.0,15.0,6.0,0.0
102.172,52,123994.0,600.0,86.0,600.0,624.0,0.0,1.0,0.0,0.0,0.5,0.02,0.5,0.519,0.508,0.034,0.508,0.534,0.0,0.0,-1.78,-5.39,-88.55,-88.46,0.0,0.0,0.0,0.0,0.0,0.0,-0.4,1.0,1.0,0.0,0.0,-0.0,-0.0,0.0,0.0,0.0,0.0,0.0,0.0,0.0,0.0,167.0,93.0,107.0,161.0,18.0,7.0,12.0,54.0,15.0,6.0,0.0
102.236,53,124047.0,600.0,86.0,600.0,624.0,0.0,1.0,0.0,0.0,0.5,0.02,0.5,0.519,0.508,0.034,0.508,0.534,0.0,0.0,-1.77,-5.39,-88.55,-88.46,0.0,0.0,0.0,0.0,0.0,0.0,-0.4,1.0,1.0,0.0,0.0,-0.0,-0.0,0.0,0.0,0.0,0.0,0.0,0.0,0.0,0.0,167.0,93.0,107.0,161.0,18.0,7.0,12.0,54.0,15.0,6.0,0.0
102.301,53,124100.0,600.0,86.0,600.0,622.0,0.0,1.0,0.0,0.0,0.5,0.02,0.5,0.518,0.508,0.035,0.508,0.533,0.0,0.0,-1.77,-5.39,-88.55,-88.46,0.0,0.0,0.0,0.0,0.0,0.0,-0.4,1.0,1.0,0.0,0.0,-0.0,-0.0,0.0,0.0,0.0,0.0,0.0,0.0,0.0,0.0,167.0,93.0,107.0,161.0,18.0,7.0,12.0,54.0,15.0,6.0,0.0
102.336,54,124154.0,600.0,86.0,600.0,622.0,0.0,1.0,0.0,0.0,0.5,0.02,0.5,0.518,0.508,0.035,0.508,0.533,0.0,0.0,-1.77,-5.39,-88.55,-88.46,0.0,0.0,0.0,0.0,0.0,0.0,-0.4,1.0,1.0,0.0,0.0,-0.0,-0.0,0.0,0.0,0.0,0.0,0.0,0.0,0.0,0.0,167.0,93.0,107.0,161.0,18.0,7.0,12.0,54.0,15.0,6.0,1.0
102.403,53,124207.0,600.0,86.0,600.0,622.0,0.0,1.0,0.0,0.0,0.5,0.02,0.5,0.518,0.508,0.035,0.508,0.533,0.0,0.0,-1.77,-5.39,-88.55,-88.46,0.0,0.0,0.0,0.0,0.0,0.0,-0.4,1.0,1.0,0.0,0.0,-0.0,-0.0,0.0,0.0,0.0,0.0,0.0,0.0,0.0,0.0,167.0,93.0,107.0,161.0,18.0,7.0,12.0,54.0,15.0,6.0,0.0
102.435,52,124259.0,600.0,86.0,600.0,622.0,0.0,1.0,0.0,0.0,0.5,0.02,0.5,0.518,0.508,0.035,0.508,0.533,0.0,0.0,-1.77,-5.39,-88.55,-88.46,0.0,0.0,0.0,0.0,0.0,0.0,-0.4,1.0,1.0,0.0,0.0,-0.0,-0.0,0.0,0.0,0.0,0.0,0.0,0.0,0.0,0.0,167.0,93.0,107.0,161.0,18.0,7.0,12.0,54.0,15.0,6.0,0.0
102.502,53,124312.0,600.0,86.0,600.0,622.0,0.0,1.0,0.0,0.0,0.5,0.02,0.5,0.518,0.508,0.035,0.508,0.533,0.0,0.0,-1.77,-5.4,-88.55,-88.46,0.0,0.0,0.0,0.0,0.0,0.0,-0.4,1.0,1.0,0.0,0.0,-0.0,-0.0,0.0,0.0,0.0,0.0,0.0,0.0,0.0,0.0,167.0,93.0,107.0,161.0,18.0,7.0,12.0,54.0,15.0,6.0,0.0
102.579,53,124365.0,600.0,86.0,600.0,622.0,0.0,1.0,0.0,0.0,0.5,0.02,0.5,0.518,0.508,0.035,0.508,0.533,0.0,0.0,-1.77,-5.4,-88.55,-88.46,0.0,0.0,0.0,0.0,0.0,0.0,-0.4,1.0,1.0,0.0,0.0,-0.0,-0.0,0.0,0.0,0.0,0.0,0.0,0.0,0.0,0.0,167.0,93.0,107.0,161.0,18.0,7.0,12.0,54.0,15.0,6.0,1.0
102.612,53,124418.0,600.0,87.0,600.0,622.0,0.0,1.0,0.0,0.0,0.5,0.02,0.5,0.518,0.508,0.035,0.508,0.533,0.0,0.0,-1.77,-5.4,-88.55,-88.46,0.0,0.0,0.0,0.0,0.0,0.0,-0.4,1.0,1.0,0.0,0.0,-0.0,-0.0,0.0,0.0,0.0,0.0,0.0,0.0,0.0,0.0,167.0,93.0,107.0,161.0,18.0,7.0,12.0,54.0,15.0,6.0,1.0
102.677,53,124471.0,600.0,87.0,600.0,622.0,0.0,1.0,0.0,0.0,0.5,0.02,0.5,0.518,0.508,0.035,0.508,0.533,0.0,0.0,-1.76,-5.39,-88.55,-88.46,0.0,0.0,0.0,0.0,0.0,0.0,-0.4,1.0,1.0,0.0,0.0,-0.0,-0.0,0.0,0.0,0.0,0.0,0.0,0.0,0.0,0.0,167.0,93.0,107.0,161.0,18.0,7.0,12.0,54.0,15.0,6.0,0.0
102.71,53,124524.0,600.0,87.0,600.0,621.0,0.0,1.0,0.0,0.0,0.5,0.02,0.5,0.518,0.508,0.035,0.508,0.533,0.0,0.0,-1.76,-5.39,-88.55,-88.46,0.0,0.0,0.0,0.0,0.0,0.0,-0.4,1.0,1.0,0.0,0.0,-0.0,-0.0,0.0,0.0,0.0,0.0,0.0,0.0,0.0,0.0,167.0,93.0,107.0,161.0,18.0,7.0,12.0,54.0,15.0,6.0,0.0
102.776,54,124578.0,600.0,87.0,600.0,621.0,0.0,1.0,0.0,0.0,0.5,0.02,0.5,0.518,0.508,0.035,0.508,0.533,0.0,0.0,-1.76,-5.39,-88.55,-88.46,0.0,0.0,0.0,0.0,0.0,0.0,-0.4,1.0,1.0,0.0,0.0,-0.0,-0.0,0.0,0.0,0.0,0.0,0.0,0.0,0.0,0.0,167.0,93.0,107.0,161.0,18.0,7.0,12.0,54.0,15.0,6.0,0.0
102.808,53,124631.0,600.0,87.0,600.0,621.0,0.0,1.0,0.0,0.0,0.5,0.02,0.5,0.518,0.508,0.035,0.508,0.533,0.0,0.0,-1.76,-5.4,-88.55,-88.46,0.0,0.0,0.0,0.0,0.0,0.0,-0.4,1.0,1.0,0.0,0.0,-0.0,-0.0,0.0,0.0,0.0,0.0,0.0,0.0,0.0,0.0,167.0,93.0,107.0,161.0,18.0,7.0,12.0,54.0,15.0,6.0,0.0
102.872,52,124683.0,600.0,87.0,600.0,621.0,0.0,1.0,0.0,0.0,0.5,0.02,0.5,0.518,0.508,0.035,0.508,0.533,0.0,0.0,-1.76,-5.4,-88.55,-88.46,0.0,0.0,0.0,0.0,0.0,0.0,-0.4,1.0,1.0,0.0,0.0,-0.0,-0.0,0.0,0.0,0.0,0.0,0.0,0.0,0.0,0.0,167.0,93.0,107.0,161.0,18.0,7.0,12.0,54.0,15.0,6.0,0.0
102.938,52,124735.0,600.0,87.0,600.0,619.0,0.0,1.0,0.0,0.0,0.5,0.02,0.5,0.517,0.508,0.035,0.508,0.532,0.0,0.0,-1.76,-5.4,-88.55,-88.46,0.0,0.0,0.0,0.0,0.0,0.0,-0.4,1.0,1.0,0.0,0.0,-0.0,-0.0,0.0,0.0,0.0,0.0,0.0,0.0,0.0,0.0,167.0,93.0,107.0,161.0,18.0,7.0,12.0,54.0,15.0,6.0,0.0
102.971,53,124788.0,600.0,87.0,600.0,619.0,0.0,1.0,0.0,0.0,0.5,0.02,0.5,0.517,0.508,0.035,0.508,0.532,0.0,0.0,-1.76,-5.4,-88.55,-88.46,0.0,0.0,0.0,0.0,0.0,0.0,-0.4,1.0,1.0,0.0,0.0,-0.0,-0.0,0.0,0.0,0.0,0.0,0.0,0.0,0.0,0.0,167.0,93.0,107.0,161.0,18.0,7.0,12.0,54.0,15.0,6.0,0.0
103.034,51,124839.0,600.0,86.0,600.0,619.0,0.0,1.0,0.0,0.0,0.5,0.02,0.5,0.517,0.508,0.035,0.508,0.532,0.0,0.0,-1.76,-5.4,-88.55,-88.46,0.0,0.0,0.0,0.0,0.0,0.0,-0.4,1.0,1.0,0.0,0.0,-0.0,-0.0,0.0,0.0,0.0,0.0,0.0,0.0,0.0,0.0,167.0,93.0,107.0,161.0,18.0,7.0,12.0,54.0,15.0,6.0,0.0
103.066,54,124893.0,600.0,86.0,600.0,619.0,0.0,1.0,0.0,0.0,0.5,0.02,0.5,0.517,0.508,0.035,0.508,0.532,0.0,0.0,-1.76,-5.4,-88.55,-88.46,0.0,0.0,0.0,0.0,0.0,0.0,-0.4,1.0,1.0,0.0,0.0,-0.0,-0.0,0.0,0.0,0.0,0.0,0.0,0.0,0.0,0.0,167.0,93.0,107.0,161.0,18.0,7.0,12.0,54.0,15.0,6.0,1.0
103.131,52,124945.0,600.0,86.0,600.0,618.0,0.0,1.0,0.0,0.0,0.5,0.02,0.5,0.516,0.508,0.035,0.508,0.531,0.0,0.0,-1.76,-5.4,-88.55,-88.46,0.0,0.0,0.0,0.0,0.0,0.0,-0.4,1.0,1.0,0.0,0.0,-0.0,-0.0,0.0,0.0,0.0,0.0,0.0,0.0,0.0,0.0,167.0,93.0,107.0,161.0,18.0,7.0,12.0,54.0,15.0,6.0,1.0
103.198,54,124999.0,600.0,86.0,600.0,618.0,0.0,1.0,0.0,0.0,0.5,0.02,0.5,0.516,0.508,0.035,0.508,0.531,0.0,0.0,-1.76,-5.4,-88.55,-88.46,0.0,0.0,0.0,0.0,0.0,0.0,-0.4,1.0,1.0,0.0,0.0,-0.0,-0.0,0.0,0.0,0.0,0.0,0.0,0.0,0.0,0.0,167.0,93.0,107.0,161.0,18.0,7.0,12.0,54.0,15.0,6.0,0.0
103.23,52,125051.0,600.0,85.0,600.0,618.0,0.0,1.0,0.0,0.0,0.5,0.02,0.5,0.516,0.508,0.035,0.508,0.531,0.0,0.0,-1.76,-5.4,-88.55,-88.46,0.0,0.0,0.0,0.0,0.0,0.0,-0.4,1.0,1.0,0.0,0.0,-0.0,-0.0,0.0,0.0,0.0,0.0,0.0,0.0,0.0,0.0,167.0,93.0,107.0,161.0,18.0,7.0,12.0,54.0,15.0,6.0,0.0
103.294,52,125103.0,600.0,85.0,600.0,618.0,0.0,1.0,0.0,0.0,0.5,0.02,0.5,0.516,0.508,0.035,0.508,0.531,0.0,0.0,-1.76,-5.4,-88.55,-88.46,0.0,0.0,0.0,0.0,0.0,0.0,-0.4,1.0,1.0,0.0,0.0,-0.0,-0.0,0.0,0.0,0.0,0.0,0.0,0.0,0.0,0.0,167.0,93.0,107.0,161.0,18.0,7.0,12.0,54.0,15.0,6.0,0.0
103.361,53,125156.0,600.0,85.0,600.0,618.0,0.0,1.0,0.0,0.0,0.5,0.02,0.5,0.515,0.508,0.035,0.508,0.53,0.0,0.0,-1.75,-5.4,-88.55,-88.46,0.0,0.0,0.0,0.0,0.0,0.0,-0.4,1.0,1.0,0.0,0.0,-0.0,-0.0,0.0,0.0,0.0,0.0,0.0,0.0,0.0,0.0,167.0,93.0,107.0,161.0,18.0,7.0,12.0,54.0,15.0,6.0,1.0
103.394,53,125209.0,600.0,85.0,600.0,618.0,0.0,1.0,0.0,0.0,0.5,0.02,0.5,0.515,0.508,0.035,0.508,0.53,0.0,0.0,-1.75,-5.4,-88.55,-88.46,0.0,0.0,0.0,0.0,0.0,0.0,-0.4,1.0,1.0,0.0,0.0,-0.0,-0.0,0.0,0.0,0.0,0.0,0.0,0.0,0.0,0.0,167.0,93.0,107.0,161.0,18.0,7.0,12.0,54.0,15.0,6.0,0.0
103.461,51,125260.0,600.0,85.0,600.0,618.0,0.0,1.0,0.0,0.0,0.5,0.02,0.5,0.515,0.508,0.035,0.508,0.53,0.0,0.0,-1.75,-5.4,-88.55,-88.46,0.0,0.0,0.0,0.0,0.0,0.0,-0.4,1.0,1.0,0.0,0.0,-0.0,-0.0,0.0,0.0,0.0,0.0,0.0,0.0,0.0,0.0,167.0,93.0,107.0,161.0,18.0,7.0,12.0,54.0,15.0,6.0,0.0
103.494,54,125314.0,600.0,85.0,600.0,618.0,0.0,1.0,0.0,0.0,0.5,0.02,0.5,0.515,0.508,0.035,0.508,0.53,0.0,0.0,-1.75,-5.4,-88.55,-88.46,0.0,0.0,0.0,0.0,0.0,0.0,-0.4,1.0,1.0,0.0,0.0,-0.0,-0.0,0.0,0.0,0.0,0.0,0.0,0.0,0.0,0.0,167.0,93.0,107.0,161.0,18.0,7.0,12.0,54.0,15.0,6.0,0.0
103.567,52,125366.0,600.0,85.0,600.0,619.0,0.0,1.0,0.0,0.0,0.5,0.02,0.5,0.515,0.508,0.034,0.508,0.53,0.0,0.0,-1.75,-5.4,-88.55,-88.46,0.0,0.0,0.0,0.0,0.0,0.0,-0.4,1.0,1.0,0.0,0.0,-0.0,-0.0,0.0,0.0,0.0,0.0,0.0,0.0,0.0,0.0,167.0,93.0,107.0,161.0,18.0,7.0,12.0,54.0,15.0,6.0,1.0
103.6,54,125420.0,600.0,85.0,600.0,619.0,0.0,1.0,0.0,0.0,0.5,0.02,0.5,0.515,0.508,0.034,0.508,0.53,0.0,0.0,-1.75,-5.4,-88.55,-88.46,0.0,0.0,0.0,0.0,0.0,0.0,-0.4,1.0,1.0,0.0,0.0,-0.0,-0.0,0.0,0.0,0.0,0.0,0.0,0.0,0.0,0.0,167.0,93.0,107.0,161.0,18.0,7.0,12.0,54.0,15.0,6.0,0.0
103.665,51,125471.0,600.0,84.0,600.0,619.0,0.0,1.0,0.0,0.0,0.5,0.02,0.5,0.515,0.508,0.034,0.508,0.53,0.0,0.0,-1.76,-5.4,-88.55,-88.46,0.0,0.0,0.0,0.0,0.0,0.0,-0.4,1.0,1.0,0.0,0.0,-0.0,-0.0,0.0,0.0,0.0,0.0,0.0,0.0,0.0,0.0,167.0,93.0,107.0,161.0,18.0,7.0,12.0,54.0,15.0,6.0,0.0
103.698,53,125524.0,600.0,84.0,600.0,619.0,0.0,1.0,0.0,0.0,0.5,0.02,0.5,0.515,0.508,0.034,0.508,0.53,0.0,0.0,-1.76,-5.4,-88.55,-88.46,0.0,0.0,0.0,0.0,0.0,0.0,-0.4,1.0,1.0,0.0,0.0,-0.0,-0.0,0.0,0.0,0.0,0.0,0.0,0.0,0.0,0.0,167.0,93.0,107.0,161.0,18.0,7.0,12.0,54.0,15.0,6.0,0.0
103.775,52,125576.0,600.0,84.0,600.0,621.0,0.0,1.0,0.0,0.0,0.5,0.019,0.5,0.516,0.508,0.034,0.508,0.531,0.0,0.0,-1.76,-5.4,-88.55,-88.46,0.0,0.0,0.0,0.0,0.0,0.0,-0.4,1.0,1.0,0.0,0.0,-0.0,-0.0,0.0,0.0,0.0,0.0,0.0,0.0,0.0,0.0,167.0,93.0,107.0,161.0,18.0,7.0,12.0,54.0,15.0,6.0,1.0
103.807,53,125629.0,600.0,84.0,600.0,621.0,0.0,1.0,0.0,0.0,0.5,0.019,0.5,0.516,0.508,0.034,0.508,0.531,0.0,0.0,-1.76,-5.4,-88.55,-88.46,0.0,0.0,0.0,0.0,0.0,0.0,-0.4,1.0,1.0,0.0,0.0,-0.0,-0.0,0.0,0.0,0.0,0.0,0.0,0.0,0.0,0.0,167.0,93.0,107.0,161.0,18.0,7.0,12.0,54.0,15.0,6.0,0.0
103.874,51,125680.0,600.0,83.0,600.0,621.0,0.0,1.0,0.0,0.0,0.5,0.019,0.5,0.516,0.508,0.034,0.508,0.531,0.0,0.0,-1.76,-5.4,-88.55,-88.46,0.0,0.0,0.0,0.0,0.0,0.0,-0.4,1.0,1.0,0.0,0.0,-0.0,-0.0,0.0,0.0,0.0,0.0,0.0,0.0,0.0,0.0,167.0,93.0,107.0,161.0,18.0,7.0,12.0,54.0,15.0,6.0,0.0
103.941,54,125734.0,600.0,83.0,600.0,621.0,0.0,1.0,0.0,0.0,0.5,0.019,0.5,0.516,0.508,0.034,0.508,0.531,0.0,0.0,-1.76,-5.4,-88.55,-88.46,0.0,0.0,0.0,0.0,0.0,0.0,-0.4,1.0,1.0,0.0,0.0,-0.0,-0.0,0.0,0.0,0.0,0.0,0.0,0.0,0.0,0.0,167.0,93.0,107.0,161.0,18.0,7.0,12.0,54.0,15.0,6.0,0.0
103.973,52,125786.0,600.0,83.0,600.0,624.0,0.0,1.0,0.0,0.0,0.5,0.019,0.5,0.518,0.508,0.034,0.508,0.532,0.0,0.0,-1.76,-5.4,-88.55,-88.46,0.0,0.0,0.0,0.0,0.0,0.0,-0.4,1.0,1.0,0.0,0.0,-0.0,-0.0,0.0,0.0,0.0,0.0,0.0,0.0,0.0,0.0,167.0,93.0,107.0,161.0,18.0,7.0,12.0,54.0,15.0,6.0,1.0
104.039,54,125840.0,600.0,83.0,600.0,624.0,0.0,1.0,0.0,0.0,0.5,0.019,0.5,0.518,0.508,0.034,0.508,0.532,0.0,0.0,-1.76,-5.4,-88.55,-88.46,0.0,0.0,0.0,0.0,0.0,0.0,-0.4,1.0,1.0,0.0,0.0,-0.0,-0.0,0.0,0.0,0.0,0.0,0.0,0.0,0.0,0.0,167.0,93.0,107.0,161.0,18.0,7.0,12.0,54.0,15.0,6.0,0.0
104.072,51,125891.0,600.0,83.0,600.0,624.0,0.0,1.0,0.0,0.0,0.5,0.019,0.5,0.518,0.508,0.034,0.508,0.532,0.0,0.0,-1.76,-5.4,-88.55,-88.46,0.0,0.0,0.0,0.0,0.0,0.0,-0.4,1.0,1.0,0.0,0.0,-0.0,-0.0,0.0,0.0,0.0,0.0,0.0,0.0,0.0,0.0,167.0,93.0,107.0,161.0,18.0,7.0,12.0,54.0,15.0,6.0,0.0
104.139,53,125944.0,600.0,83.0,600.0,624.0,0.0,1.0,0.0,0.0,0.5,0.019,0.5,0.518,0.508,0.034,0.508,0.532,0.0,0.0,-1.76,-5.4,-88.55,-88.46,0.0,0.0,0.0,0.0,0.0,0.0,-0.4,1.0,1.0,0.0,0.0,-0.0,-0.0,0.0,0.0,0.0,0.0,0.0,0.0,0.0,0.0,167.0,93.0,107.0,161.0,18.0,7.0,12.0,54.0,15.0,6.0,0.0
104.172,52,125996.0,600.0,83.0,600.0,624.0,0.0,1.0,0.0,0.0,0.5,0.019,0.5,0.519,0.508,0.034,0.508,0.533,0.0,0.0,-1.76,-5.4,-88.55,-88.46,0.0,0.0,0.0,0.0,0.0,0.0,-0.4,1.0,1.0,0.0,0.0,-0.0,-0.0,0.0,0.0,0.0,0.0,0.0,0.0,0.0,0.0,167.0,93.0,107.0,161.0,18.0,7.0,12.0,54.0,15.0,6.0,1.0
104.236,53,126049.0,600.0,83.0,600.0,624.0,0.0,1.0,0.0,0.0,0.5,0.019,0.5,0.519,0.508,0.034,0.508,0.533,0.0,0.0,-1.76,-5.4,-88.55,-88.46,0.0,0.0,0.0,0.0,0.0,0.0,-0.4,1.0,1.0,0.0,0.0,-0.0,-0.0,0.0,0.0,0.0,0.0,0.0,0.0,0.0,0.0,167.0,93.0,107.0,161.0,18.0,7.0,12.0,54.0,15.0,6.0,0.0
104.299,51,126100.0,600.0,84.0,600.0,624.0,0.0,1.0,0.0,0.0,0.5,0.019,0.5,0.519,0.508,0.034,0.508,0.533,0.0,0.0,-1.76,-5.4,-88.55,-88.46,0.0,0.0,0.0,0.0,0.0,0.0,-0.4,1.0,1.0,0.0,0.0,-0.0,-0.0,0.0,0.0,0.0,0.0,0.0,0.0,0.0,0.0,167.0,93.0,107.0,161.0,18.0,7.0,12.0,54.0,15.0,6.0,0.0
104.367,53,126153.0,600.0,84.0,600.0,624.0,0.0,1.0,0.0,0.0,0.5,0.019,0.5,0.519,0.508,0.034,0.508,0.533,0.0,0.0,-1.76,-5.39,-88.55,-88.46,0.0,0.0,0.0,0.0,0.0,0.0,-0.4,1.0,1.0,0.0,0.0,-0.0,-0.0,0.0,0.0,0.0,0.0,0.0,0.0,0.0,0.0,167.0,93.0,107.0,161.0,18.0,7.0,12.0,54.0,15.0,6.0,0.0
104.399,52,126205.0,600.0,84.0,600.0,627.0,0.0,1.0,0.0,0.0,0.5,0.019,0.5,0.521,0.508,0.034,0.508,0.535,0.0,0.0,-1.76,-5.39,-88.55,-88.46,0.0,0.0,0.0,0.0,0.0,0.0,-0.4,1.0,1.0,0.0,0.0,-0.0,-0.0,0.0,0.0,0.0,0.0,0.0,0.0,0.0,0.0,167.0,93.0,107.0,161.0,18.0,7.0,12.0,54.0,15.0,6.0,0.0
104.433,54,126259.0,600.0,84.0,600.0,627.0,0.0,1.0,0.0,0.0,0.5,0.019,0.5,0.521,0.508,0.034,0.508,0.535,0.0,0.0,-1.77,-5.39,-88.55,-88.46,0.0,0.0,0.0,0.0,0.0,0.0,-0.4,1.0,1.0,0.0,0.0,-0.0,-0.0,0.0,0.0,0.0,0.0,0.0,0.0,0.0,0.0,167.0,93.0,107.0,161.0,18.0,7.0,12.0,54.0,15.0,6.0,0.0
104.499,51,126310.0,600.0,84.0,600.0,627.0,0.0,1.0,0.0,0.0,0.5,0.019,0.5,0.521,0.508,0.034,0.508,0.535,0.0,0.0,-1.77,-5.39,-88.55,-88.46,0.0,0.0,0.0,0.0,0.0,0.0,-0.4,1.0,1.0,0.0,0.0,-0.0,-0.0,0.0,0.0,0.0,0.0,0.0,0.0,0.0,0.0,167.0,93.0,107.0,161.0,18.0,7.0,12.0,54.0,15.0,6.0,0.0
104.542,53,126363.0,600.0,84.0,600.0,627.0,0.0,1.0,0.0,0.0,0.5,0.019,0.5,0.521,0.508,0.034,0.508,0.535,0.0,0.0,-1.77,-5.39,-88.55,-88.46,0.0,0.0,0.0,0.0,0.0,0.0,-0.4,1.0,1.0,0.0,0.0,-0.0,-0.0,0.0,0.0,0.0,0.0,0.0,0.0,0.0,0.0,167.0,93.0,107.0,161.0,18.0,7.0,12.0,54.0,15.0,6.0,0.0
104.608,52,126415.0,600.0,84.0,600.0,628.0,0.0,1.0,0.0,0.0,0.5,0.019,0.5,0.522,0.508,0.034,0.508,0.536,0.0,0.0,-1.77,-5.38,-88.55,-88.46,0.0,0.0,0.0,0.0,0.0,0.0,-0.4,1.0,1.0,0.0,0.0,-0.0,-0.0,0.0,0.0,0.0,0.0,0.0,0.0,0.0,0.0,167.0,93.0,107.0,161.0,18.0,7.0,12.0,54.0,15.0,6.0,0.0
104.641,53,126468.0,600.0,84.0,600.0,628.0,0.0,1.0,0.0,0.0,0.5,0.019,0.5,0.522,0.508,0.034,0.508,0.536,0.0,0.0,-1.77,-5.38,-88.55,-88.46,0.0,0.0,0.0,0.0,0.0,0.0,-0.4,1.0,1.0,0.0,0.0,-0.0,-0.0,0.0,0.0,0.0,0.0,0.0,0.0,0.0,0.0,167.0,93.0,107.0,161.0,18.0,7.0,12.0,54.0,15.0,6.0,0.0
104.707,52,126520.0,600.0,84.0,600.0,628.0,0.0,1.0,0.0,0.0,0.5,0.019,0.5,0.522,0.508,0.034,0.508,0.536,0.0,0.0,-1.77,-5.38,-88.55,-88.46,0.0,0.0,0.0,0.0,0.0,0.0,-0.4,1.0,1.0,0.0,0.0,-0.0,-0.0,0.0,0.0,0.0,0.0,0.0,0.0,0.0,0.0,167.0,93.0,107.0,161.0,18.0,7.0,12.0,54.0,15.0,6.0,0.0
104.774,53,126573.0,600.0,84.0,600.0,628.0,0.0,1.0,0.0,0.0,0.5,0.019,0.5,0.522,0.508,0.034,0.508,0.536,0.0,0.0,-1.77,-5.38,-88.55,-88.46,0.0,0.0,0.0,0.0,0.0,0.0,-0.4,1.0,1.0,0.0,0.0,-0.0,-0.0,0.0,0.0,0.0,0.0,0.0,0.0,0.0,0.0,167.0,93.0,107.0,161.0,18.0,7.0,12.0,54.0,15.0,6.0,1.0
104.807,53,126626.0,600.0,84.0,600.0,627.0,0.0,1.0,0.0,0.0,0.5,0.019,0.5,0.522,0.508,0.034,0.508,0.537,0.0,0.0,-1.77,-5.38,-88.55,-88.46,0.0,0.0,0.0,0.0,0.0,0.0,-0.4,1.0,1.0,0.0,0.0,-0.0,-0.0,0.0,0.0,0.0,0.0,0.0,0.0,0.0,0.0,167.0,93.0,107.0,161.0,18.0,7.0,12.0,54.0,15.0,6.0,1.0
104.87,54,126680.0,600.0,84.0,600.0,627.0,0.0,1.0,0.0,0.0,0.5,0.019,0.5,0.522,0.508,0.034,0.508,0.537,0.0,0.0,-1.77,-5.38,-88.55,-88.46,0.0,0.0,0.0,0.0,0.0,0.0,-0.4,1.0,1.0,0.0,0.0,-0.0,-0.0,0.0,0.0,0.0,0.0,0.0,0.0,0.0,0.0,167.0,93.0,107.0,161.0,18.0,7.0,12.0,54.0,15.0,6.0,0.0
104.934,55,126735.0,600.0,84.0,600.0,627.0,0.0,1.0,0.0,0.0,0.5,0.019,0.5,0.522,0.508,0.034,0.508,0.537,0.0,0.0,-1.76,-5.37,-88.55,-88.46,0.0,0.0,0.0,0.0,0.0,0.0,-0.4,1.0,1.0,0.0,0.0,-0.0,-0.0,0.0,0.0,0.0,0.0,0.0,0.0,0.0,0.0,167.0,93.0,107.0,161.0,18.0,7.0,12.0,54.0,15.0,6.0,1.0
104.965,52,126787.0,600.0,84.0,600.0,627.0,0.0,1.0,0.0,0.0,0.5,0.019,0.5,0.522,0.508,0.034,0.508,0.537,0.0,0.0,-1.76,-5.37,-88.55,-88.46,0.0,0.0,0.0,0.0,0.0,0.0,-0.4,1.0,1.0,0.0,0.0,-0.0,-0.0,0.0,0.0,0.0,0.0,0.0,0.0,0.0,0.0,167.0,93.0,107.0,161.0,18.0,7.0,12.0,54.0,15.0,6.0,1.0
105.03,52,126839.0,600.0,84.0,600.0,626.0,0.0,1.0,0.0,0.0,0.5,0.019,0.5,0.522,0.508,0.034,0.508,0.536,0.0,0.0,-1.76,-5.37,-88.55,-88.46,0.0,0.0,0.0,0.0,0.0,0.0,-0.4,1.0,1.0,0.0,0.0,-0.0,-0.0,0.0,0.0,0.0,0.0,0.0,0.0,0.0,0.0,167.0,93.0,107.0,161.0,18.0,7.0,12.0,54.0,15.0,6.0,0.0
105.097,53,126892.0,600.0,84.0,600.0,626.0,0.0,1.0,0.0,0.0,0.5,0.019,0.5,0.522,0.508,0.034,0.508,0.536,0.0,0.0,-1.76,-5.37,-88.55,-88.46,0.0,0.0,0.0,0.0,0.0,0.0,-0.4,1.0,1.0,0.0,0.0,-0.0,-0.0,0.0,0.0,0.0,0.0,0.0,0.0,0.0,0.0,167.0,93.0,107.0,161.0,18.0,7.0,12.0,54.0,15.0,6.0,1.0
105.13,53,126945.0,600.0,85.0,600.0,626.0,0.0,1.0,0.0,0.0,0.5,0.019,0.5,0.522,0.508,0.034,0.508,0.536,0.0,0.0,-1.77,-5.38,-88.55,-88.46,0.0,0.0,0.0,0.0,0.0,0.0,-0.4,1.0,1.0,0.0,0.0,-0.0,-0.0,0.0,0.0,0.0,0.0,0.0,0.0,0.0,0.0,167.0,93.0,107.0,161.0,18.0,7.0,12.0,54.0,15.0,6.0,0.0
105.197,52,126997.0,600.0,85.0,600.0,626.0,0.0,1.0,0.0,0.0,0.5,0.019,0.5,0.522,0.508,0.034,0.508,0.536,0.0,0.0,-1.77,-5.38,-88.55,-88.46,0.0,0.0,0.0,0.0,0.0,0.0,-0.4,1.0,1.0,0.0,0.0,-0.0,-0.0,0.0,0.0,0.0,0.0,0.0,0.0,0.0,0.0,167.0,93.0,107.0,161.0,18.0,7.0,12.0,54.0,15.0,6.0,0.0
105.228,52,127049.0,600.0,85.0,600.0,627.0,0.0,1.0,0.0,0.0,0.5,0.019,0.5,0.522,0.508,0.034,0.508,0.536,0.0,0.0,-1.77,-5.38,-88.55,-88.46,0.0,0.0,0.0,0.0,0.0,0.0,-0.4,1.0,1.0,0.0,0.0,-0.0,-0.0,0.0,0.0,0.0,0.0,0.0,0.0,0.0,0.0,167.0,93.0,107.0,161.0,18.0,7.0,12.0,54.0,15.0,6.0,0.0
105.292,54,127103.0,600.0,85.0,600.0,627.0,0.0,1.0,0.0,0.0,0.5,0.019,0.5,0.522,0.508,0.034,0.508,0.536,0.0,0.0,-1.77,-5.38,-88.55,-88.46,0.0,0.0,0.0,0.0,0.0,0.0,-0.4,1.0,1.0,0.0,0.0,-0.0,-0.0,0.0,0.0,0.0,0.0,0.0,0.0,0.0,0.0,167.0,93.0,107.0,161.0,18.0,7.0,12.0,54.0,15.0,6.0,0.0
105.365,53,127156.0,600.0,84.0,600.0,627.0,0.0,1.0,0.0,0.0,0.5,0.019,0.5,0.522,0.508,0.034,0.508,0.536,0.0,0.0,-1.77,-5.38,-88.55,-88.46,0.0,0.0,0.0,0.0,0.0,0.0,-0.4,1.0,1.0,0.0,0.0,-0.0,-0.0,0.0,0.0,0.0,0.0,0.0,0.0,0.0,0.0,167.0,93.0,107.0,161.0,18.0,7.0,12.0,54.0,15.0,6.0,0.0
105.398,52,127208.0,600.0,84.0,600.0,627.0,0.0,1.0,0.0,0.0,0.5,0.019,0.5,0.522,0.508,0.034,0.508,0.536,0.0,0.0,-1.78,-5.39,-88.55,-88.46,0.0,0.0,0.0,0.0,0.0,0.0,-0.4,1.0,1.0,0.0,0.0,-0.0,-0.0,0.0,0.0,0.0,0.0,0.0,0.0,0.0,0.0,167.0,93.0,107.0,161.0,18.0,7.0,12.0,54.0,15.0,6.0,1.0
105.463,53,127261.0,600.0,84.0,600.0,625.0,0.0,1.0,0.0,0.0,0.5,0.019,0.5,0.521,0.508,0.034,0.508,0.536,0.0,0.0,-1.78,-5.39,-88.55,-88.46,0.0,0.0,0.0,0.0,0.0,0.0,-0.4,1.0,1.0,0.0,0.0,-0.0,-0.0,0.0,0.0,0.0,0.0,0.0,0.0,0.0,0.0,167.0,93.0,107.0,161.0,18.0,7.0,12.0,54.0,15.0,6.0,1.0
105.495,53,127314.0,600.0,84.0,600.0,625.0,0.0,1.0,0.0,0.0,0.5,0.019,0.5,0.521,0.508,0.034,0.508,0.536,0.0,0.0,-1.77,-5.39,-88.55,-88.46,0.0,0.0,0.0,0.0,0.0,0.0,-0.4,1.0,1.0,0.0,0.0,-0.0,-0.0,0.0,0.0,0.0,0.0,0.0,0.0,0.0,0.0,167.0,93.0,107.0,161.0,18.0,7.0,12.0,54.0,15.0,6.0,0.0
105.562,52,127366.0,600.0,84.0,600.0,625.0,0.0,1.0,0.0,0.0,0.5,0.019,0.5,0.521,0.508,0.034,0.508,0.536,0.0,0.0,-1.77,-5.39,-88.55,-88.46,0.0,0.0,0.0,0.0,0.0,0.0,-0.4,1.0,1.0,0.0,0.0,-0.0,-0.0,0.0,0.0,0.0,0.0,0.0,0.0,0.0,0.0,167.0,93.0,107.0,161.0,18.0,7.0,12.0,54.0,15.0,6.0,0.0
105.595,53,127419.0,600.0,84.0,600.0,625.0,0.0,1.0,0.0,0.0,0.5,0.019,0.5,0.521,0.508,0.034,0.508,0.536,0.0,0.0,-1.77,-5.39,-88.55,-88.46,0.0,0.0,0.0,0.0,0.0,0.0,-0.4,1.0,1.0,0.0,0.0,-0.0,-0.0,0.0,0.0,0.0,0.0,0.0,0.0,0.0,0.0,167.0,93.0,107.0,161.0,18.0,7.0,12.0,54.0,15.0,6.0,1.0
105.661,52,127471.0,600.0,84.0,600.0,624.0,0.0,1.0,0.0,0.0,0.5,0.019,0.5,0.52,0.508,0.034,0.508,0.535,0.0,0.0,-1.77,-5.39,-88.55,-88.46,0.0,0.0,0.0,0.0,0.0,0.0,-0.4,1.0,1.0,0.0,0.0,-0.0,-0.0,0.0,0.0,0.0,0.0,0.0,0.0,0.0,0.0,167.0,93.0,107.0,161.0,18.0,7.0,12.0,54.0,15.0,6.0,0.0
105.732,54,127525.0,600.0,84.0,600.0,624.0,0.0,1.0,0.0,0.0,0.5,0.019,0.5,0.52,0.508,0.034,0.508,0.535,0.0,0.0,-1.77,-5.39,-88.55,-88.46,0.0,0.0,0.0,0.0,0.0,0.0,-0.4,1.0,1.0,0.0,0.0,-0.0,-0.0,0.0,0.0,0.0,0.0,0.0,0.0,0.0,0.0,167.0,93.0,107.0,161.0,18.0,7.0,12.0,54.0,15.0,6.0,0.0
105.765,53,127578.0,600.0,84.0,600.0,624.0,0.0,1.0,0.0,0.0,0.5,0.019,0.5,0.52,0.508,0.034,0.508,0.535,0.0,0.0,-1.77,-5.39,-88.55,-88.46,0.0,0.0,0.0,0.0,0.0,0.0,-0.4,1.0,1.0,0.0,0.0,-0.0,-0.0,0.0,0.0,0.0,0.0,0.0,0.0,0.0,0.0,167.0,93.0,107.0,161.0,18.0,7.0,12.0,54.0,15.0,6.0,0.0
105.83,52,127630.0,600.0,84.0,600.0,624.0,0.0,1.0,0.0,0.0,0.5,0.019,0.5,0.52,0.508,0.034,0.508,0.535,0.0,0.0,-1.78,-5.4,-88.55,-88.46,0.0,0.0,0.0,0.0,0.0,0.0,-0.4,1.0,1.0,0.0,0.0,-0.0,-0.0,0.0,0.0,0.0,0.0,0.0,0.0,0.0,0.0,167.0,93.0,107.0,161.0,18.0,7.0,12.0,54.0,15.0,6.0,0.0
105.861,52,127682.0,600.0,84.0,600.0,623.0,0.0,1.0,0.0,0.0,0.5,0.019,0.5,0.52,0.508,0.034,0.508,0.534,0.0,0.0,-1.78,-5.4,-88.55,-88.46,0.0,0.0,0.0,0.0,0.0,0.0,-0.4,1.0,1.0,0.0,0.0,-0.0,-0.0,0.0,0.0,0.0,0.0,0.0,0.0,0.0,0.0,167.0,93.0,107.0,161.0,18.0,7.0,12.0,54.0,15.0,6.0,0.0
105.934,53,127735.0,600.0,84.0,600.0,623.0,0.0,1.0,0.0,0.0,0.5,0.019,0.5,0.52,0.508,0.034,0.508,0.534,0.0,0.0,-1.78,-5.4,-88.55,-88.46,0.0,0.0,0.0,0.0,0.0,0.0,-0.4,1.0,1.0,0.0,0.0,-0.0,-0.0,0.0,0.0,0.0,0.0,0.0,0.0,0.0,0.0,167.0,93.0,107.0,161.0,18.0,7.0,12.0,54.0,15.0,6.0,0.0
105.967,52,127787.0,600.0,84.0,600.0,623.0,0.0,1.0,0.0,0.0,0.5,0.019,0.5,0.52,0.508,0.034,0.508,0.534,0.0,0.0,-1.78,-5.4,-88.55,-88.46,0.0,0.0,0.0,0.0,0.0,0.0,-0.4,1.0,1.0,0.0,0.0,-0.0,-0.0,0.0,0.0,0.0,0.0,0.0,0.0,0.0,0.0,167.0,93.0,107.0,161.0,18.0,7.0,12.0,54.0,15.0,6.0,1.0
106.032,53,127840.0,600.0,84.0,600.0,623.0,0.0,1.0,0.0,0.0,0.5,0.019,0.5,0.52,0.508,0.034,0.508,0.534,0.0,0.0,-1.78,-5.4,-88.55,-88.46,0.0,0.0,0.0,0.0,0.0,0.0,-0.4,1.0,1.0,0.0,0.0,-0.0,-0.0,0.0,0.0,0.0,0.0,0.0,0.0,0.0,0.0,167.0,93.0,107.0,161.0,18.0,7.0,12.0,54.0,15.0,6.0,0.0
106.065,53,127893.0,600.0,84.0,600.0,624.0,0.0,1.0,0.0,0.0,0.5,0.019,0.5,0.52,0.508,0.034,0.508,0.534,0.0,0.0,-1.78,-5.4,-88.55,-88.46,0.0,0.0,0.0,0.0,0.0,0.0,-0.4,1.0,1.0,0.0,0.0,-0.0,-0.0,0.0,0.0,0.0,0.0,0.0,0.0,0.0,0.0,167.0,93.0,107.0,161.0,18.0,7.0,12.0,54.0,15.0,6.0,0.0
106.13,54,127947.0,600.0,84.0,600.0,624.0,0.0,1.0,0.0,0.0,0.5,0.019,0.5,0.52,0.508,0.034,0.508,0.534,0.0,0.0,-1.78,-5.4,-88.55,-88.46,0.0,0.0,0.0,0.0,0.0,0.0,-0.4,1.0,1.0,0.0,0.0,-0.0,-0.0,0.0,0.0,0.0,0.0,0.0,0.0,0.0,0.0,167.0,93.0,107.0,161.0,18.0,7.0,12.0,54.0,15.0,6.0,1.0
106.196,53,128000.0,600.0,84.0,600.0,624.0,0.0,1.0,0.0,0.0,0.5,0.019,0.5,0.52,0.508,0.034,0.508,0.534,0.0,0.0,-1.78,-5.4,-88.55,-88.46,0.0,0.0,0.0,0.0,0.0,0.0,-0.4,1.0,1.0,0.0,0.0,-0.0,-0.0,0.0,0.0,0.0,0.0,0.0,0.0,0.0,0.0,167.0,93.0,107.0,161.0,18.0,7.0,12.0,54.0,15.0,6.0,0.0
106.229,52,128052.0,600.0,84.0,600.0,624.0,0.0,1.0,0.0,0.0,0.5,0.019,0.5,0.52,0.508,0.034,0.508,0.534,0.0,0.0,-1.78,-5.4,-88.55,-88.46,0.0,0.0,0.0,0.0,0.0,0.0,-0.4,1.0,1.0,0.0,0.0,-0.0,-0.0,0.0,0.0,0.0,0.0,0.0,0.0,0.0,0.0,167.0,93.0,107.0,161.0,18.0,7.0,12.0,54.0,15.0,6.0,0.0
106.294,53,128105.0,600.0,84.0,600.0,622.0,0.0,1.0,0.0,0.0,0.5,0.019,0.5,0.519,0.508,0.034,0.508,0.534,0.0,0.0,-1.78,-5.4,-88.55,-88.46,0.0,0.0,0.0,0.0,0.0,0.0,-0.4,1.0,1.0,0.0,0.0,-0.0,-0.0,0.0,0.0,0.0,0.0,0.0,0.0,0.0,0.0,167.0,93.0,107.0,161.0,18.0,7.0,12.0,54.0,15.0,6.0,0.0
106.371,53,128158.0,600.0,84.0,600.0,622.0,0.0,1.0,0.0,0.0,0.5,0.019,0.5,0.519,0.508,0.034,0.508,0.534,0.0,0.0,-1.78,-5.4,-88.55,-88.46,0.0,0.0,0.0,0.0,0.0,0.0,-0.4,1.0,1.0,0.0,0.0,-0.0,-0.0,0.0,0.0,0.0,0.0,0.0,0.0,0.0,0.0,167.0,93.0,107.0,161.0,18.0,7.0,12.0,54.0,15.0,6.0,1.0
106.404,53,128211.0,600.0,84.0,600.0,622.0,0.0,1.0,0.0,0.0,0.5,0.019,0.5,0.519,0.508,0.034,0.508,0.534,0.0,0.0,-1.78,-5.4,-88.55,-88.46,0.0,0.0,0.0,0.0,0.0,0.0,-0.4,1.0,1.0,0.0,0.0,-0.0,-0.0,0.0,0.0,0.0,0.0,0.0,0.0,0.0,0.0,167.0,93.0,107.0,161.0,18.0,7.0,12.0,54.0,15.0,6.0,0.0
106.438,53,128264.0,600.0,84.0,600.0,622.0,0.0,1.0,0.0,0.0,0.5,0.019,0.5,0.519,0.508,0.034,0.508,0.534,0.0,0.0,-1.78,-5.4,-88.55,-88.46,0.0,0.0,0.0,0.0,0.0,0.0,-0.4,1.0,1.0,0.0,0.0,-0.0,-0.0,0.0,0.0,0.0,0.0,0.0,0.0,0.0,0.0,167.0,93.0,107.0,161.0,18.0,7.0,12.0,54.0,15.0,6.0,1.0
106.504,53,128317.0,600.0,84.0,600.0,622.0,0.0,1.0,0.0,0.0,0.5,0.019,0.5,0.518,0.508,0.034,0.508,0.533,0.0,0.0,-1.77,-5.4,-88.55,-88.46,0.0,0.0,0.0,0.0,0.0,0.0,-0.4,1.0,1.0,0.0,0.0,-0.0,-0.0,0.0,0.0,0.0,0.0,0.0,0.0,0.0,0.0,167.0,93.0,107.0,161.0,18.0,7.0,12.0,54.0,15.0,6.0,0.0
106.568,54,128371.0,600.0,84.0,600.0,622.0,0.0,1.0,0.0,0.0,0.5,0.019,0.5,0.518,0.508,0.034,0.508,0.533,0.0,0.0,-1.77,-5.4,-88.55,-88.46,0.0,0.0,0.0,0.0,0.0,0.0,-0.4,1.0,1.0,0.0,0.0,-0.0,-0.0,0.0,0.0,0.0,0.0,0.0,0.0,0.0,0.0,167.0,93.0,107.0,161.0,18.0,7.0,12.0,54.0,15.0,6.0,0.0
106.6,52,128423.0,600.0,83.0,600.0,622.0,0.0,1.0,0.0,0.0,0.5,0.019,0.5,0.518,0.508,0.034,0.508,0.533,0.0,0.0,-1.77,-5.4,-88.55,-88.46,0.0,0.0,0.0,0.0,0.0,0.0,-0.4,1.0,1.0,0.0,0.0,-0.0,-0.0,0.0,0.0,0.0,0.0,0.0,0.0,0.0,0.0,167.0,93.0,107.0,161.0,18.0,7.0,12.0,54.0,15.0,6.0,0.0
106.666,53,128476.0,600.0,83.0,600.0,622.0,0.0,1.0,0.0,0.0,0.5,0.019,0.5,0.518,0.508,0.034,0.508,0.533,0.0,0.0,-1.77,-5.4,-88.55,-88.46,0.0,0.0,0.0,0.0,0.0,0.0,-0.4,1.0,1.0,0.0,0.0,-0.0,-0.0,0.0,0.0,0.0,0.0,0.0,0.0,0.0,0.0,167.0,93.0,107.0,161.0,18.0,7.0,12.0,54.0,15.0,6.0,0.0
106.738,53,128529.0,600.0,83.0,600.0,620.0,0.0,1.0,0.0,0.0,0.5,0.019,0.5,0.518,0.508,0.034,0.508,0.532,0.0,0.0,-1.77,-5.4,-88.55,-88.46,0.0,0.0,0.0,0.0,0.0,0.0,-0.4,1.0,1.0,0.0,0.0,-0.0,-0.0,0.0,0.0,0.0,0.0,0.0,0.0,0.0,0.0,167.0,93.0,107.0,161.0,18.0,7.0,12.0,54.0,15.0,6.0,0.0
106.771,54,128583.0,600.0,83.0,600.0,620.0,0.0,1.0,0.0,0.0,0.5,0.019,0.5,0.518,0.508,0.034,0.508,0.532,0.0,0.0,-1.77,-5.4,-88.55,-88.46,0.0,0.0,0.0,0.0,0.0,0.0,-0.4,1.0,1.0,0.0,0.0,-0.0,-0.0,0.0,0.0,0.0,0.0,0.0,0.0,0.0,0.0,167.0,93.0,107.0,161.0,18.0,7.0,12.0,54.0,15.0,6.0,0.0
106.837,52,128635.0,600.0,83.0,600.0,620.0,0.0,1.0,0.0,0.0,0.5,0.019,0.5,0.518,0.508,0.034,0.508,0.532,0.0,0.0,-1.77,-5.4,-88.55,-88.46,0.0,0.0,0.0,0.0,0.0,0.0,-0.4,1.0,1.0,0.0,0.0,-0.0,-0.0,0.0,0.0,0.0,0.0,0.0,0.0,0.0,0.0,167.0,93.0,107.0,161.0,18.0,7.0,12.0,54.0,15.0,6.0,0.0
106.87,53,128688.0,600.0,83.0,600.0,620.0,0.0,1.0,0.0,0.0,0.5,0.019,0.5,0.518,0.508,0.034,0.508,0.532,0.0,0.0,-1.77,-5.4,-88.55,-88.46,0.0,0.0,0.0,0.0,0.0,0.0,-0.4,1.0,1.0,0.0,0.0,-0.0,-0.0,0.0,0.0,0.0,0.0,0.0,0.0,0.0,0.0,167.0,93.0,107.0,161.0,18.0,7.0,12.0,54.0,15.0,6.0,0.0
106.937,52,128740.0,600.0,83.0,600.0,621.0,0.0,1.0,0.0,0.0,0.5,0.019,0.5,0.517,0.508,0.034,0.508,0.532,0.0,0.0,-1.77,-5.4,-88.55,-88.46,0.0,0.0,0.0,0.0,0.0,0.0,-0.4,1.0,1.0,0.0,0.0,-0.0,-0.0,0.0,0.0,0.0,0.0,0.0,0.0,0.0,0.0,167.0,93.0,107.0,161.0,18.0,7.0,12.0,54.0,15.0,6.0,1.0
106.968,54,128794.0,600.0,83.0,600.0,621.0,0.0,1.0,0.0,0.0,0.5,0.019,0.5,0.517,0.508,0.034,0.508,0.532,0.0,0.0,-1.77,-5.4,-88.55,-88.46,0.0,0.0,0.0,0.0,0.0,0.0,-0.4,1.0,1.0,0.0,0.0,-0.0,-0.0,0.0,0.0,0.0,0.0,0.0,0.0,0.0,0.0,167.0,93.0,107.0,161.0,18.0,7.0,12.0,54.0,15.0,6.0,0.0
107.032,52,128846.0,600.0,83.0,600.0,621.0,0.0,1.0,0.0,0.0,0.5,0.019,0.5,0.517,0.508,0.034,0.508,0.532,0.0,0.0,-1.77,-5.4,-88.55,-88.46,0.0,0.0,0.0,0.0,0.0,0.0,-0.4,1.0,1.0,0.0,0.0,-0.0,-0.0,0.0,0.0,0.0,0.0,0.0,0.0,0.0,0.0,167.0,93.0,107.0,161.0,18.0,7.0,12.0,54.0,15.0,6.0,0.0
107.098,53,128899.0,600.0,83.0,600.0,621.0,0.0,1.0,0.0,0.0,0.5,0.019,0.5,0.517,0.508,0.034,0.508,0.532,0.0,0.0,-1.77,-5.4,-88.55,-88.46,0.0,0.0,0.0,0.0,0.0,0.0,-0.4,1.0,1.0,0.0,0.0,-0.0,-0.0,0.0,0.0,0.0,0.0,0.0,0.0,0.0,0.0,167.0,93.0,107.0,161.0,18.0,7.0,12.0,54.0,15.0,6.0,0.0
107.138,52,128951.0,600.0,83.0,600.0,620.0,0.0,1.0,0.0,0.0,0.5,0.019,0.5,0.517,0.508,0.034,0.508,0.532,0.0,0.0,-1.77,-5.4,-88.55,-88.46,0.0,0.0,0.0,0.0,0.0,0.0,-0.4,1.0,1.0,0.0,0.0,-0.0,-0.0,0.0,0.0,0.0,0.0,0.0,0.0,0.0,0.0,167.0,93.0,107.0,161.0,18.0,7.0,12.0,54.0,15.0,6.0,1.0
107.202,53,129004.0,600.0,83.0,600.0,620.0,0.0,1.0,0.0,0.0,0.5,0.019,0.5,0.517,0.508,0.034,0.508,0.532,0.0,0.0,-1.77,-5.4,-88.55,-88.46,0.0,0.0,0.0,0.0,0.0,0.0,-0.4,1.0,1.0,0.0,0.0,-0.0,-0.0,0.0,0.0,0.0,0.0,0.0,0.0,0.0,0.0,167.0,93.0,107.0,161.0,18.0,7.0,12.0,54.0,15.0,6.0,0.0
107.234,52,129056.0,600.0,84.0,600.0,620.0,0.0,1.0,0.0,0.0,0.5,0.019,0.5,0.517,0.508,0.034,0.508,0.532,0.0,0.0,-1.77,-5.4,-88.55,-88.46,0.0,0.0,0.0,0.0,0.0,0.0,-0.4,1.0,1.0,0.0,0.0,-0.0,-0.0,0.0,0.0,0.0,0.0,0.0,0.0,0.0,0.0,167.0,93.0,107.0,161.0,18.0,7.0,12.0,54.0,15.0,6.0,0.0
107.301,53,129109.0,600.0,84.0,600.0,620.0,0.0,1.0,0.0,0.0,0.5,0.019,0.5,0.517,0.508,0.034,0.508,0.532,0.0,0.0,-1.77,-5.4,-88.55,-88.46,0.0,0.0,0.0,0.0,0.0,0.0,-0.4,1.0,1.0,0.0,0.0,-0.0,-0.0,0.0,0.0,0.0,0.0,0.0,0.0,0.0,0.0,167.0,93.0,107.0,161.0,18.0,7.0,12.0,54.0,15.0,6.0,0.0
107.344,52,129161.0,600.0,84.0,600.0,622.0,0.0,1.0,0.0,0.0,0.5,0.019,0.5,0.518,0.508,0.034,0.508,0.532,0.0,0.0,-1.77,-5.4,-88.55,-88.46,0.0,0.0,0.0,0.0,0.0,0.0,-0.4,1.0,1.0,0.0,0.0,-0.0,-0.0,0.0,0.0,0.0,0.0,0.0,0.0,0.0,0.0,167.0,93.0,107.0,161.0,18.0,7.0,12.0,54.0,15.0,6.0,0.0
107.407,54,129215.0,600.0,84.0,600.0,622.0,0.0,1.0,0.0,0.0,0.5,0.019,0.5,0.518,0.508,0.034,0.508,0.532,0.0,0.0,-1.77,-5.4,-88.55,-88.46,0.0,0.0,0.0,0.0,0.0,0.0,-0.4,1.0,1.0,0.0,0.0,-0.0,-0.0,0.0,0.0,0.0,0.0,0.0,0.0,0.0,0.0,167.0,93.0,107.0,161.0,18.0,7.0,12.0,54.0,15.0,6.0,0.0
107.44,51,129266.0,600.0,85.0,600.0,622.0,0.0,1.0,0.0,0.0,0.5,0.019,0.5,0.518,0.508,0.034,0.508,0.532,0.0,0.0,-1.77,-5.4,-88.55,-88.46,0.0,0.0,0.0,0.0,0.0,0.0,-0.4,1.0,1.0,0.0,0.0,-0.0,-0.0,0.0,0.0,0.0,0.0,0.0,0.0,0.0,0.0,167.0,93.0,107.0,161.0,18.0,7.0,12.0,54.0,15.0,6.0,0.0
107.506,53,129319.0,600.0,85.0,600.0,622.0,0.0,1.0,0.0,0.0,0.5,0.019,0.5,0.518,0.508,0.034,0.508,0.532,0.0,0.0,-1.77,-5.4,-88.55,-88.46,0.0,0.0,0.0,0.0,0.0,0.0,-0.4,1.0,1.0,0.0,0.0,-0.0,-0.0,0.0,0.0,0.0,0.0,0.0,0.0,0.0,0.0,167.0,93.0,107.0,161.0,18.0,7.0,12.0,54.0,15.0,6.0,0.0
107.575,52,129371.0,600.0,85.0,600.0,622.0,0.0,1.0,0.0,0.0,0.5,0.019,0.5,0.518,0.508,0.034,0.508,0.533,0.0,0.0,-1.77,-5.41,-88.55,-88.46,0.0,0.0,0.0,0.0,0.0,0.0,-0.4,1.0,1.0,0.0,0.0,-0.0,-0.0,0.0,0.0,0.0,0.0,0.0,0.0,0.0,0.0,167.0,93.0,107.0,161.0,18.0,7.0,12.0,54.0,15.0,6.0,1.0
107.608,53,129424.0,600.0,85.0,600.0,622.0,0.0,1.0,0.0,0.0,0.5,0.019,0.5,0.518,0.508,0.034,0.508,0.533,0.0,0.0,-1.76,-5.4,-88.55,-88.46,0.0,0.0,0.0,0.0,0.0,0.0,-0.4,1.0,1.0,0.0,0.0,-0.0,-0.0,0.0,0.0,0.0,0.0,0.0,0.0,0.0,0.0,167.0,93.0,107.0,161.0,18.0,7.0,12.0,54.0,15.0,6.0,0.0
107.674,52,129476.0,600.0,85.0,600.0,622.0,0.0,1.0,0.0,0.0,0.5,0.019,0.5,0.518,0.508,0.034,0.508,0.533,0.0,0.0,-1.76,-5.4,-88.55,-88.46,0.0,0.0,0.0,0.0,0.0,0.0,-0.4,1.0,1.0,0.0,0.0,-0.0,-0.0,0.0,0.0,0.0,0.0,0.0,0.0,0.0,0.0,167.0,93.0,107.0,161.0,18.0,7.0,12.0,54.0,15.0,6.0,0.0
107.707,53,129529.0,600.0,85.0,600.0,622.0,0.0,1.0,0.0,0.0,0.5,0.019,0.5,0.518,0.508,0.034,0.508,0.533,0.0,0.0,-1.76,-5.4,-88.55,-88.46,0.0,0.0,0.0,0.0,0.0,0.0,-0.4,1.0,1.0,0.0,0.0,-0.0,-0.0,0.0,0.0,0.0,0.0,0.0,0.0,0.0,0.0,167.0,93.0,107.0,161.0,18.0,7.0,12.0,54.0,15.0,6.0,0.0
107.774,52,129581.0,600.0,85.0,600.0,623.0,0.0,1.0,0.0,0.0,0.5,0.019,0.5,0.518,0.508,0.034,0.508,0.533,0.0,0.0,-1.76,-5.4,-88.55,-88.46,0.0,0.0,0.0,0.0,0.0,0.0,-0.4,1.0,1.0,0.0,0.0,-0.0,-0.0,0.0,0.0,0.0,0.0,0.0,0.0,0.0,0.0,167.0,93.0,107.0,161.0,18.0,7.0,12.0,54.0,15.0,6.0,1.0
107.841,54,129635.0,600.0,85.0,600.0,623.0,0.0,1.0,0.0,0.0,0.5,0.019,0.5,0.518,0.508,0.034,0.508,0.533,0.0,0.0,-1.76,-5.4,-88.55,-88.46,0.0,0.0,0.0,0.0,0.0,0.0,-0.4,1.0,1.0,0.0,0.0,-0.0,-0.0,0.0,0.0,0.0,0.0,0.0,0.0,0.0,0.0,167.0,93.0,107.0,161.0,18.0,7.0,12.0,54.0,15.0,6.0,0.0
107.874,51,129686.0,600.0,86.0,600.0,623.0,0.0,1.0,0.0,0.0,0.5,0.019,0.5,0.518,0.508,0.034,0.508,0.533,0.0,0.0,-1.76,-5.4,-88.55,-88.46,0.0,0.0,0.0,0.0,0.0,0.0,-0.4,1.0,1.0,0.0,0.0,-0.0,-0.0,0.0,0.0,0.0,0.0,0.0,0.0,0.0,0.0,167.0,93.0,107.0,161.0,18.0,7.0,12.0,54.0,15.0,6.0,0.0
107.944,53,129739.0,600.0,86.0,600.0,623.0,0.0,1.0,0.0,0.0,0.5,0.019,0.5,0.518,0.508,0.034,0.508,0.533,0.0,0.0,-1.76,-5.4,-88.55,-88.46,0.0,0.0,0.0,0.0,0.0,0.0,-0.4,1.0,1.0,0.0,0.0,-0.0,-0.0,0.0,0.0,0.0,0.0,0.0,0.0,0.0,0.0,167.0,93.0,107.0,161.0,18.0,7.0,12.0,54.0,15.0,6.0,0.0
107.975,53,129792.0,600.0,86.0,600.0,621.0,0.0,1.0,0.0,0.0,0.5,0.02,0.5,0.518,0.508,0.034,0.508,0.532,0.0,0.0,-1.75,-5.4,-88.55,-88.46,0.0,0.0,0.0,0.0,0.0,0.0,-0.4,1.0,1.0,0.0,0.0,-0.0,-0.0,0.0,0.0,0.0,0.0,0.0,0.0,0.0,0.0,167.0,93.0,107.0,161.0,18.0,7.0,12.0,54.0,15.0,6.0,0.0
108.039,53,129845.0,600.0,86.0,600.0,621.0,0.0,1.0,0.0,0.0,0.5,0.02,0.5,0.518,0.508,0.034,0.508,0.532,0.0,0.0,-1.75,-5.4,-88.55,-88.46,0.0,0.0,0.0,0.0,0.0,0.0,-0.4,1.0,1.0,0.0,0.0,-0.0,-0.0,0.0,0.0,0.0,0.0,0.0,0.0,0.0,0.0,167.0,93.0,107.0,161.0,18.0,7.0,12.0,54.0,15.0,6.0,0.0
108.103,56,129901.0,600.0,87.0,600.0,621.0,0.0,1.0,0.0,0.0,0.5,0.02,0.5,0.518,0.508,0.034,0.508,0.532,0.0,0.0,-1.75,-5.4,-88.55,-88.46,0.0,0.0,0.0,0.0,0.0,0.0,-0.4,1.0,1.0,0.0,0.0,-0.0,-0.0,0.0,0.0,0.0,0.0,0.0,0.0,0.0,0.0,167.0,93.0,107.0,161.0,18.0,7.0,12.0,54.0,15.0,6.0,1.0
108.141,52,129953.0,600.0,87.0,600.0,621.0,0.0,1.0,0.0,0.0,0.5,0.02,0.5,0.518,0.508,0.034,0.508,0.532,0.0,0.0,-1.76,-5.4,-88.55,-88.46,0.0,0.0,0.0,0.0,0.0,0.0,-0.4,1.0,1.0,0.0,0.0,-0.0,-0.0,0.0,0.0,0.0,0.0,0.0,0.0,0.0,0.0,167.0,93.0,107.0,161.0,18.0,7.0,12.0,54.0,15.0,6.0,0.0
108.207,52,130005.0,600.0,87.0,600.0,624.0,0.0,1.0,0.0,0.0,0.5,0.02,0.5,0.519,0.508,0.035,0.508,0.533,0.0,0.0,-1.76,-5.4,-88.55,-88.46,0.0,0.0,0.0,0.0,0.0,0.0,-0.4,1.0,1.0,0.0,0.0,-0.0,-0.0,0.0,0.0,0.0,0.0,0.0,0.0,0.0,0.0,167.0,93.0,107.0,161.0,18.0,7.0,12.0,54.0,15.0,6.0,0.0
108.239,54,130059.0,600.0,87.0,600.0,624.0,0.0,1.0,0.0,0.0,0.5,0.02,0.5,0.519,0.508,0.035,0.508,0.533,0.0,0.0,-1.76,-5.4,-88.55,-88.46,0.0,0.0,0.0,0.0,0.0,0.0,-0.4,1.0,1.0,0.0,0.0,-0.0,-0.0,0.0,0.0,0.0,0.0,0.0,0.0,0.0,0.0,167.0,93.0,107.0,161.0,18.0,7.0,12.0,54.0,15.0,6.0,0.0
108.303,52,130111.0,600.0,86.0,600.0,624.0,0.0,1.0,0.0,0.0,0.5,0.02,0.5,0.519,0.508,0.035,0.508,0.533,0.0,0.0,-1.76,-5.4,-88.55,-88.46,0.0,0.0,0.0,0.0,0.0,0.0,-0.4,1.0,1.0,0.0,0.0,-0.0,-0.0,0.0,0.0,0.0,0.0,0.0,0.0,0.0,0.0,167.0,93.0,107.0,161.0,18.0,7.0,12.0,54.0,15.0,6.0,1.0
108.37,53,130164.0,600.0,86.0,600.0,624.0,0.0,1.0,0.0,0.0,0.5,0.02,0.5,0.519,0.508,0.035,0.508,0.533,0.0,0.0,-1.76,-5.4,-88.55,-88.46,0.0,0.0,0.0,0.0,0.0,0.0,-0.4,1.0,1.0,0.0,0.0,-0.0,-0.0,0.0,0.0,0.0,0.0,0.0,0.0,0.0,0.0,167.0,93.0,107.0,161.0,18.0,7.0,12.0,54.0,15.0,6.0,0.0
108.402,53,130217.0,600.0,86.0,600.0,622.0,0.0,1.0,0.0,0.0,0.5,0.02,0.5,0.518,0.508,0.035,0.508,0.533,0.0,0.0,-1.76,-5.4,-88.55,-88.46,0.0,0.0,0.0,0.0,0.0,0.0,-0.4,1.0,1.0,0.0,0.0,-0.0,-0.0,0.0,0.0,0.0,0.0,0.0,0.0,0.0,0.0,167.0,93.0,107.0,161.0,18.0,7.0,12.0,54.0,15.0,6.0,1.0
108.469,53,130270.0,600.0,86.0,600.0,622.0,0.0,1.0,0.0,0.0,0.5,0.02,0.5,0.518,0.508,0.035,0.508,0.533,0.0,0.0,-1.76,-5.4,-88.55,-88.46,0.0,0.0,0.0,0.0,0.0,0.0,-0.4,1.0,1.0,0.0,0.0,-0.0,-0.0,0.0,0.0,0.0,0.0,0.0,0.0,0.0,0.0,167.0,93.0,107.0,161.0,18.0,7.0,12.0,54.0,15.0,6.0,1.0
108.503,53,130323.0,600.0,86.0,600.0,622.0,0.0,1.0,0.0,0.0,0.5,0.02,0.5,0.518,0.508,0.035,0.508,0.533,0.0,0.0,-1.76,-5.4,-88.55,-88.46,0.0,0.0,0.0,0.0,0.0,0.0,-0.4,1.0,1.0,0.0,0.0,-0.0,-0.0,0.0,0.0,0.0,0.0,0.0,0.0,0.0,0.0,167.0,93.0,107.0,161.0,18.0,7.0,12.0,54.0,15.0,6.0,0.0
108.576,52,130375.0,600.0,86.0,600.0,622.0,0.0,1.0,0.0,0.0,0.5,0.02,0.5,0.518,0.508,0.035,0.508,0.533,0.0,0.0,-1.75,-5.39,-88.55,-88.46,0.0,0.0,0.0,0.0,0.0,0.0,-0.4,1.0,1.0,0.0,0.0,-0.0,-0.0,0.0,0.0,0.0,0.0,0.0,0.0,0.0,0.0,167.0,93.0,107.0,161.0,18.0,7.0,12.0,54.0,15.0,6.0,0.0
108.608,53,130428.0,600.0,86.0,600.0,621.0,0.0,1.0,0.0,0.0,0.5,0.02,0.5,0.518,0.508,0.035,0.508,0.533,0.0,0.0,-1.75,-5.39,-88.55,-88.46,0.0,0.0,0.0,0.0,0.0,0.0,-0.4,1.0,1.0,0.0,0.0,-0.0,-0.0,0.0,0.0,0.0,0.0,0.0,0.0,0.0,0.0,167.0,93.0,107.0,161.0,18.0,7.0,12.0,54.0,15.0,6.0,0.0
108.674,54,130482.0,600.0,86.0,600.0,621.0,0.0,1.0,0.0,0.0,0.5,0.02,0.5,0.518,0.508,0.035,0.508,0.533,0.0,0.0,-1.75,-5.39,-88.55,-88.46,0.0,0.0,0.0,0.0,0.0,0.0,-0.4,1.0,1.0,0.0,0.0,-0.0,-0.0,0.0,0.0,0.0,0.0,0.0,0.0,0.0,0.0,167.0,93.0,107.0,161.0,18.0,7.0,12.0,54.0,15.0,6.0,0.0
108.708,53,130535.0,600.0,86.0,600.0,621.0,0.0,1.0,0.0,0.0,0.5,0.02,0.5,0.518,0.508,0.035,0.508,0.533,0.0,0.0,-1.75,-5.38,-88.55,-88.46,0.0,0.0,0.0,0.0,0.0,0.0,-0.4,1.0,1.0,0.0,0.0,-0.0,-0.0,0.0,0.0,0.0,0.0,0.0,0.0,0.0,0.0,167.0,93.0,107.0,161.0,18.0,7.0,12.0,54.0,15.0,6.0,0.0
108.773,52,130587.0,600.0,86.0,600.0,621.0,0.0,1.0,0.0,0.0,0.5,0.02,0.5,0.518,0.508,0.035,0.508,0.533,0.0,0.0,-1.75,-5.38,-88.55,-88.46,0.0,0.0,0.0,0.0,0.0,0.0,-0.4,1.0,1.0,0.0,0.0,-0.0,-0.0,0.0,0.0,0.0,0.0,0.0,0.0,0.0,0.0,167.0,93.0,107.0,161.0,18.0,7.0,12.0,54.0,15.0,6.0,0.0
108.837,53,130640.0,600.0,86.0,600.0,620.0,0.0,1.0,0.0,0.0,0.5,0.02,0.5,0.517,0.508,0.035,0.508,0.532,0.0,0.0,-1.75,-5.38,-88.55,-88.46,0.0,0.0,0.0,0.0,0.0,0.0,-0.4,1.0,1.0,0.0,0.0,-0.0,-0.0,0.0,0.0,0.0,0.0,0.0,0.0,0.0,0.0,167.0,93.0,107.0,161.0,18.0,7.0,12.0,54.0,15.0,6.0,0.0
108.869,53,130693.0,600.0,86.0,600.0,620.0,0.0,1.0,0.0,0.0,0.5,0.02,0.5,0.517,0.508,0.035,0.508,0.532,0.0,0.0,-1.75,-5.38,-88.55,-88.46,0.0,0.0,0.0,0.0,0.0,0.0,-0.4,1.0,1.0,0.0,0.0,-0.0,-0.0,0.0,0.0,0.0,0.0,0.0,0.0,0.0,0.0,167.0,93.0,107.0,161.0,18.0,7.0,12.0,54.0,15.0,6.0,0.0
108.934,53,130746.0,600.0,87.0,600.0,620.0,0.0,1.0,0.0,0.0,0.5,0.02,0.5,0.517,0.508,0.035,0.508,0.532,0.0,0.0,-1.75,-5.38,-88.55,-88.46,0.0,0.0,0.0,0.0,0.0,0.0,-0.4,1.0,1.0,0.0,0.0,-0.0,-0.0,0.0,0.0,0.0,0.0,0.0,0.0,0.0,0.0,167.0,93.0,107.0,161.0,18.0,7.0,12.0,54.0,15.0,6.0,0.0
109.0,52,130798.0,600.0,87.0,600.0,620.0,0.0,1.0,0.0,0.0,0.5,0.02,0.5,0.517,0.508,0.035,0.508,0.532,0.0,0.0,-1.75,-5.38,-88.55,-88.46,0.0,0.0,0.0,0.0,0.0,0.0,-0.4,1.0,1.0,0.0,0.0,-0.0,-0.0,0.0,0.0,0.0,0.0,0.0,0.0,0.0,0.0,167.0,93.0,107.0,161.0,18.0,7.0,12.0,54.0,15.0,6.0,0.0
109.032,53,130851.0,600.0,87.0,600.0,622.0,0.0,1.0,0.0,0.0,0.5,0.02,0.5,0.518,0.508,0.035,0.508,0.532,0.0,0.0,-1.75,-5.38,-88.55,-88.46,0.0,0.0,0.0,0.0,0.0,0.0,-0.4,1.0,1.0,0.0,0.0,-0.0,-0.0,0.0,0.0,0.0,0.0,0.0,0.0,0.0,0.0,167.0,93.0,107.0,161.0,18.0,7.0,12.0,54.0,15.0,6.0,0.0
109.098,54,130905.0,600.0,87.0,600.0,622.0,0.0,1.0,0.0,0.0,0.5,0.02,0.5,0.518,0.508,0.035,0.508,0.532,0.0,0.0,-1.75,-5.38,-88.55,-88.46,0.0,0.0,0.0,0.0,0.0,0.0,-0.4,1.0,1.0,0.0,0.0,-0.0,-0.0,0.0,0.0,0.0,0.0,0.0,0.0,0.0,0.0,167.0,93.0,107.0,161.0,18.0,7.0,12.0,54.0,15.0,6.0,0.0
109.17,55,130960.0,600.0,85.0,600.0,622.0,0.0,1.0,0.0,0.0,0.5,0.02,0.5,0.518,0.508,0.035,0.508,0.532,0.0,0.0,-1.76,-5.39,-88.55,-88.46,0.0,0.0,0.0,0.0,0.0,0.0,-0.4,1.0,1.0,0.0,0.0,-0.0,-0.0,0.0,0.0,0.0,0.0,0.0,0.0,0.0,0.0,167.0,93.0,107.0,161.0,18.0,7.0,12.0,54.0,15.0,6.0,0.0
109.201,52,131012.0,600.0,85.0,600.0,622.0,0.0,1.0,0.0,0.0,0.5,0.02,0.5,0.518,0.508,0.035,0.508,0.532,0.0,0.0,-1.76,-5.39,-88.55,-88.46,0.0,0.0,0.0,0.0,0.0,0.0,-0.4,1.0,1.0,0.0,0.0,-0.0,-0.0,0.0,0.0,0.0,0.0,0.0,0.0,0.0,0.0,167.0,93.0,107.0,161.0,18.0,7.0,12.0,54.0,15.0,6.0,0.0
109.266,53,131065.0,600.0,85.0,600.0,619.0,0.0,1.0,0.0,0.0,0.5,0.02,0.5,0.517,0.508,0.035,0.508,0.532,0.0,0.0,-1.76,-5.39,-88.55,-88.46,0.0,0.0,0.0,0.0,0.0,0.0,-0.4,1.0,1.0,0.0,0.0,-0.0,-0.0,0.0,0.0,0.0,0.0,0.0,0.0,0.0,0.0,167.0,93.0,107.0,161.0,18.0,7.0,12.0,54.0,15.0,6.0,0.0
109.299,53,131118.0,600.0,85.0,600.0,619.0,0.0,1.0,0.0,0.0,0.5,0.02,0.5,0.517,0.508,0.035,0.508,0.532,0.0,0.0,-1.76,-5.38,-88.55,-88.46,0.0,0.0,0.0,0.0,0.0,0.0,-0.4,1.0,1.0,0.0,0.0,-0.0,-0.0,0.0,0.0,0.0,0.0,0.0,0.0,0.0,0.0,167.0,93.0,107.0,161.0,18.0,7.0,12.0,54.0,15.0,6.0,0.0
109.373,53,131171.0,600.0,85.0,600.0,619.0,0.0,1.0,0.0,0.0,0.5,0.02,0.5,0.517,0.508,0.035,0.508,0.532,0.0,0.0,-1.76,-5.38,-88.55,-88.46,0.0,0.0,0.0,0.0,0.0,0.0,-0.4,1.0,1.0,0.0,0.0,-0.0,-0.0,0.0,0.0,0.0,0.0,0.0,0.0,0.0,0.0,167.0,93.0,107.0,161.0,18.0,7.0,12.0,54.0,15.0,6.0,0.0
109.405,52,131223.0,600.0,85.0,600.0,619.0,0.0,1.0,0.0,0.0,0.5,0.02,0.5,0.517,0.508,0.035,0.508,0.532,0.0,0.0,-1.77,-5.38,-88.55,-88.46,0.0,0.0,0.0,0.0,0.0,0.0,-0.4,1.0,1.0,0.0,0.0,-0.0,-0.0,0.0,0.0,0.0,0.0,0.0,0.0,0.0,0.0,167.0,93.0,107.0,161.0,18.0,7.0,12.0,54.0,15.0,6.0,1.0
109.471,52,131275.0,600.0,85.0,600.0,621.0,0.0,1.0,0.0,0.0,0.5,0.02,0.5,0.517,0.508,0.035,0.508,0.532,0.0,0.0,-1.77,-5.38,-88.55,-88.46,0.0,0.0,0.0,0.0,0.0,0.0,-0.4,1.0,1.0,0.0,0.0,-0.0,-0.0,0.0,0.0,0.0,0.0,0.0,0.0,0.0,0.0,167.0,93.0,107.0,161.0,18.0,7.0,12.0,54.0,15.0,6.0,0.0
109.504,54,131329.0,600.0,85.0,600.0,621.0,0.0,1.0,0.0,0.0,0.5,0.02,0.5,0.517,0.508,0.035,0.508,0.532,0.0,0.0,-1.77,-5.38,-88.55,-88.46,0.0,0.0,0.0,0.0,0.0,0.0,-0.4,1.0,1.0,0.0,0.0,-0.0,-0.0,0.0,0.0,0.0,0.0,0.0,0.0,0.0,0.0,167.0,93.0,107.0,161.0,18.0,7.0,12.0,54.0,15.0,6.0,1.0
109.569,53,131382.0,600.0,85.0,600.0,621.0,0.0,1.0,0.0,0.0,0.5,0.02,0.5,0.517,0.508,0.035,0.508,0.532,0.0,0.0,-1.77,-5.38,-88.55,-88.46,0.0,0.0,0.0,0.0,0.0,0.0,-0.4,1.0,1.0,0.0,0.0,-0.0,-0.0,0.0,0.0,0.0,0.0,0.0,0.0,0.0,0.0,167.0,93.0,107.0,161.0,18.0,7.0,12.0,54.0,15.0,6.0,0.0
109.634,52,131434.0,600.0,85.0,600.0,621.0,0.0,1.0,0.0,0.0,0.5,0.02,0.5,0.517,0.508,0.035,0.508,0.532,0.0,0.0,-1.77,-5.38,-88.55,-88.46,0.0,0.0,0.0,0.0,0.0,0.0,-0.4,1.0,1.0,0.0,0.0,-0.0,-0.0,0.0,0.0,0.0,0.0,0.0,0.0,0.0,0.0,167.0,93.0,107.0,161.0,18.0,7.0,12.0,54.0,15.0,6.0,0.0
109.667,53,131487.0,600.0,85.0,600.0,622.0,0.0,1.0,0.0,0.0,0.5,0.02,0.5,0.517,0.508,0.034,0.508,0.532,0.0,0.0,-1.77,-5.38,-88.55,-88.46,0.0,0.0,0.0,0.0,0.0,0.0,-0.4,1.0,1.0,0.0,0.0,-0.0,-0.0,0.0,0.0,0.0,0.0,0.0,0.0,0.0,0.0,167.0,93.0,107.0,161.0,18.0,7.0,12.0,54.0,15.0,6.0,0.0
109.743,53,131540.0,600.0,85.0,600.0,622.0,0.0,1.0,0.0,0.0,0.5,0.02,0.5,0.517,0.508,0.034,0.508,0.532,0.0,0.0,-1.77,-5.38,-88.55,-88.46,0.0,0.0,0.0,0.0,0.0,0.0,-0.4,1.0,1.0,0.0,0.0,-0.0,-0.0,0.0,0.0,0.0,0.0,0.0,0.0,0.0,0.0,167.0,93.0,107.0,161.0,18.0,7.0,12.0,54.0,15.0,6.0,0.0
109.776,52,131592.0,600.0,86.0,600.0,622.0,0.0,1.0,0.0,0.0,0.5,0.02,0.5,0.517,0.508,0.034,0.508,0.532,0.0,0.0,-1.77,-5.38,-88.55,-88.46,0.0,0.0,0.0,0.0,0.0,0.0,-0.4,1.0,1.0,0.0,0.0,-0.0,-0.0,0.0,0.0,0.0,0.0,0.0,0.0,0.0,0.0,167.0,93.0,107.0,161.0,18.0,7.0,12.0,54.0,15.0,6.0,0.0
109.842,53,131645.0,600.0,86.0,600.0,622.0,0.0,1.0,0.0,0.0,0.5,0.02,0.5,0.517,0.508,0.034,0.508,0.532,0.0,0.0,-1.77,-5.38,-88.55,-88.46,0.0,0.0,0.0,0.0,0.0,0.0,-0.4,1.0,1.0,0.0,0.0,-0.0,-0.0,0.0,0.0,0.0,0.0,0.0,0.0,0.0,0.0,167.0,93.0,107.0,161.0,18.0,7.0,12.0,54.0,15.0,6.0,0.0
109.875,52,131697.0,600.0,86.0,600.0,622.0,0.0,1.0,0.0,0.0,0.5,0.02,0.5,0.518,0.508,0.034,0.508,0.532,0.0,0.0,-1.77,-5.39,-88.55,-88.46,0.0,0.0,0.0,0.0,0.0,0.0,-0.4,1.0,1.0,0.0,0.0,-0.0,-0.0,0.0,0.0,0.0,0.0,0.0,0.0,0.0,0.0,167.0,93.0,107.0,161.0,18.0,7.0,12.0,54.0,15.0,6.0,1.0
109.941,54,131751.0,600.0,86.0,600.0,622.0,0.0,1.0,0.0,0.0,0.5,0.02,0.5,0.518,0.508,0.034,0.508,0.532,0.0,0.0,-1.77,-5.39,-88.55,-88.46,0.0,0.0,0.0,0.0,0.0,0.0,-0.4,1.0,1.0,0.0,0.0,-0.0,-0.0,0.0,0.0,0.0,0.0,0.0,0.0,0.0,0.0,167.0,93.0,107.0,161.0,18.0,7.0,12.0,54.0,15.0,6.0,1.0
110.005,52,131803.0,600.0,86.0,600.0,622.0,0.0,1.0,0.0,0.0,0.5,0.02,0.5,0.518,0.508,0.034,0.508,0.532,0.0,0.0,-1.77,-5.39,-88.55,-88.46,0.0,0.0,0.0,0.0,0.0,0.0,-0.4,1.0,1.0,0.0,0.0,-0.0,-0.0,0.0,0.0,0.0,0.0,0.0,0.0,0.0,0.0,167.0,93.0,107.0,161.0,18.0,7.0,12.0,54.0,15.0,6.0,0.0
110.037,54,131857.0,600.0,86.0,600.0,622.0,0.0,1.0,0.0,0.0,0.5,0.02,0.5,0.518,0.508,0.034,0.508,0.532,0.0,0.0,-1.76,-5.39,-88.55,-88.46,0.0,0.0,0.0,0.0,0.0,0.0,-0.4,1.0,1.0,0.0,0.0,-0.0,-0.0,0.0,0.0,0.0,0.0,0.0,0.0,0.0,0.0,167.0,93.0,107.0,161.0,18.0,7.0,12.0,54.0,15.0,6.0,1.0
110.102,52,131909.0,600.0,86.0,600.0,623.0,0.0,1.0,0.0,0.0,0.5,0.02,0.5,0.518,0.508,0.035,0.508,0.533,0.0,0.0,-1.76,-5.39,-88.55,-88.46,0.0,0.0,0.0,0.0,0.0,0.0,-0.4,1.0,1.0,0.0,0.0,-0.0,-0.0,0.0,0.0,0.0,0.0,0.0,0.0,0.0,0.0,167.0,93.0,107.0,161.0,18.0,7.0,12.0,54.0,15.0,6.0,0.0
110.136,53,131962.0,600.0,86.0,600.0,623.0,0.0,1.0,0.0,0.0,0.5,0.02,0.5,0.518,0.508,0.035,0.508,0.533,0.0,0.0,-1.76,-5.39,-88.55,-88.46,0.0,0.0,0.0,0.0,0.0,0.0,-0.4,1.0,1.0,0.0,0.0,-0.0,-0.0,0.0,0.0,0.0,0.0,0.0,0.0,0.0,0.0,167.0,93.0,107.0,161.0,18.0,7.0,12.0,54.0,15.0,6.0,0.0
110.2,51,132013.0,600.0,86.0,600.0,623.0,0.0,1.0,0.0,0.0,0.5,0.02,0.5,0.518,0.508,0.035,0.508,0.533,0.0,0.0,-1.76,-5.39,-88.55,-88.46,0.0,0.0,0.0,0.0,0.0,0.0,-0.4,1.0,1.0,0.0,0.0,-0.0,-0.0,0.0,0.0,0.0,0.0,0.0,0.0,0.0,0.0,167.0,93.0,107.0,161.0,18.0,7.0,12.0,54.0,15.0,6.0,0.0
110.265,53,132066.0,600.0,86.0,600.0,623.0,0.0,1.0,0.0,0.0,0.5,0.02,0.5,0.518,0.508,0.035,0.508,0.533,0.0,0.0,-1.76,-5.39,-88.55,-88.46,0.0,0.0,0.0,0.0,0.0,0.0,-0.4,1.0,1.0,0.0,0.0,-0.0,-0.0,0.0,0.0,0.0,0.0,0.0,0.0,0.0,0.0,167.0,93.0,107.0,161.0,18.0,7.0,12.0,54.0,15.0,6.0,0.0
110.298,52,132118.0,600.0,86.0,600.0,624.0,0.0,1.0,0.0,0.0,0.5,0.02,0.5,0.519,0.508,0.035,0.508,0.534,0.0,0.0,-1.76,-5.39,-88.55,-88.46,0.0,0.0,0.0,0.0,0.0,0.0,-0.4,1.0,1.0,0.0,0.0,-0.0,-0.0,0.0,0.0,0.0,0.0,0.0,0.0,0.0,0.0,167.0,93.0,107.0,161.0,18.0,7.0,12.0,54.0,15.0,6.0,0.0
110.364,54,132172.0,600.0,86.0,600.0,624.0,0.0,1.0,0.0,0.0,0.5,0.02,0.5,0.519,0.508,0.035,0.508,0.534,0.0,0.0,-1.76,-5.39,-88.55,-88.46,0.0,0.0,0.0,0.0,0.0,0.0,-0.4,1.0,1.0,0.0,0.0,-0.0,-0.0,0.0,0.0,0.0,0.0,0.0,0.0,0.0,0.0,167.0,93.0,107.0,161.0,18.0,7.0,12.0,54.0,15.0,6.0,0.0
110.397,52,132224.0,600.0,86.0,600.0,624.0,0.0,1.0,0.0,0.0,0.5,0.02,0.5,0.519,0.508,0.035,0.508,0.534,0.0,0.0,-1.76,-5.39,-88.55,-88.46,0.0,0.0,0.0,0.0,0.0,0.0,-0.4,1.0,1.0,0.0,0.0,-0.0,-0.0,0.0,0.0,0.0,0.0,0.0,0.0,0.0,0.0,167.0,93.0,107.0,161.0,18.0,7.0,12.0,54.0,15.0,6.0,0.0
110.464,53,132277.0,600.0,86.0,600.0,624.0,0.0,1.0,0.0,0.0,0.5,0.02,0.5,0.519,0.508,0.035,0.508,0.534,0.0,0.0,-1.76,-5.39,-88.55,-88.46,0.0,0.0,0.0,0.0,0.0,0.0,-0.4,1.0,1.0,0.0,0.0,-0.0,-0.0,0.0,0.0,0.0,0.0,0.0,0.0,0.0,0.0,167.0,93.0,107.0,161.0,18.0,7.0,12.0,54.0,15.0,6.0,0.0
110.53,52,132329.0,600.0,86.0,600.0,622.0,0.0,1.0,0.0,0.0,0.5,0.02,0.5,0.519,0.508,0.035,0.508,0.533,0.0,0.0,-1.76,-5.39,-88.55,-88.46,0.0,0.0,0.0,0.0,0.0,0.0,-0.4,1.0,1.0,0.0,0.0,-0.0,-0.0,0.0,0.0,0.0,0.0,0.0,0.0,0.0,0.0,167.0,93.0,107.0,161.0,18.0,7.0,12.0,54.0,15.0,6.0,0.0
110.562,53,132382.0,600.0,86.0,600.0,622.0,0.0,1.0,0.0,0.0,0.5,0.02,0.5,0.519,0.508,0.035,0.508,0.533,0.0,0.0,-1.76,-5.39,-88.55,-88.46,0.0,0.0,0.0,0.0,0.0,0.0,-0.4,1.0,1.0,0.0,0.0,-0.0,-0.0,0.0,0.0,0.0,0.0,0.0,0.0,0.0,0.0,167.0,93.0,107.0,161.0,18.0,7.0,12.0,54.0,15.0,6.0,0.0
110.625,51,132433.0,600.0,87.0,600.0,622.0,0.0,1.0,0.0,0.0,0.5,0.02,0.5,0.519,0.508,0.035,0.508,0.533,0.0,0.0,-1.76,-5.39,-88.55,-88.46,0.0,0.0,0.0,0.0,0.0,0.0,-0.4,1.0,1.0,0.0,0.0,-0.0,-0.0,0.0,0.0,0.0,0.0,0.0,0.0,0.0,0.0,167.0,93.0,107.0,161.0,18.0,7.0,12.0,54.0,15.0,6.0,0.0
110.658,53,132486.0,600.0,87.0,600.0,622.0,0.0,1.0,0.0,0.0,0.5,0.02,0.5,0.519,0.508,0.035,0.508,0.533,0.0,0.0,-1.76,-5.39,-88.55,-88.46,0.0,0.0,0.0,0.0,0.0,0.0,-0.4,1.0,1.0,0.0,0.0,-0.0,-0.0,0.0,0.0,0.0,0.0,0.0,0.0,0.0,0.0,167.0,93.0,107.0,161.0,18.0,7.0,12.0,54.0,15.0,6.0,0.0
110.729,53,132539.0,600.0,87.0,600.0,622.0,0.0,1.0,0.0,0.0,0.5,0.02,0.5,0.518,0.508,0.035,0.508,0.533,0.0,0.0,-1.76,-5.39,-88.55,-88.46,0.0,0.0,0.0,0.0,0.0,0.0,-0.4,1.0,1.0,0.0,0.0,-0.0,-0.0,0.0,0.0,0.0,0.0,0.0,0.0,0.0,0.0,167.0,93.0,107.0,161.0,18.0,7.0,12.0,54.0,15.0,6.0,0.0
110.795,54,132593.0,600.0,87.0,600.0,622.0,0.0,1.0,0.0,0.0,0.5,0.02,0.5,0.518,0.508,0.035,0.508,0.533,0.0,0.0,-1.76,-5.39,-88.55,-88.46,0.0,0.0,0.0,0.0,0.0,0.0,-0.4,1.0,1.0,0.0,0.0,-0.0,-0.0,0.0,0.0,0.0,0.0,0.0,0.0,0.0,0.0,167.0,93.0,107.0,161.0,18.0,7.0,12.0,54.0,15.0,6.0,0.0
110.828,51,132644.0,600.0,85.0,600.0,622.0,0.0,1.0,0.0,0.0,0.5,0.02,0.5,0.518,0.508,0.035,0.508,0.533,0.0,0.0,-1.76,-5.4,-88.55,-88.46,0.0,0.0,0.0,0.0,0.0,0.0,-0.4,1.0,1.0,0.0,0.0,-0.0,-0.0,0.0,0.0,0.0,0.0,0.0,0.0,0.0,0.0,167.0,93.0,107.0,161.0,18.0,7.0,12.0,54.0,15.0,6.0,0.0
110.895,53,132697.0,600.0,85.0,600.0,622.0,0.0,1.0,0.0,0.0,0.5,0.02,0.5,0.518,0.508,0.035,0.508,0.533,0.0,0.0,-1.76,-5.4,-88.55,-88.46,0.0,0.0,0.0,0.0,0.0,0.0,-0.4,1.0,1.0,0.0,0.0,-0.0,-0.0,0.0,0.0,0.0,0.0,0.0,0.0,0.0,0.0,167.0,93.0,107.0,161.0,18.0,7.0,12.0,54.0,15.0,6.0,0.0
110.929,53,132750.0,600.0,85.0,600.0,625.0,0.0,1.0,0.0,0.0,0.5,0.02,0.5,0.519,0.508,0.035,0.508,0.534,0.0,0.0,-1.76,-5.4,-88.55,-88.46,0.0,0.0,0.0,0.0,0.0,0.0,-0.4,1.0,1.0,0.0,0.0,-0.0,-0.0,0.0,0.0,0.0,0.0,0.0,0.0,0.0,0.0,167.0,93.0,107.0,161.0,18.0,7.0,12.0,54.0,15.0,6.0,0.0
110.995,53,132803.0,600.0,85.0,600.0,625.0,0.0,1.0,0.0,0.0,0.5,0.02,0.5,0.519,0.508,0.035,0.508,0.534,0.0,0.0,-1.76,-5.4,-88.55,-88.46,0.0,0.0,0.0,0.0,0.0,0.0,-0.4,1.0,1.0,0.0,0.0,-0.0,-0.0,0.0,0.0,0.0,0.0,0.0,0.0,0.0,0.0,167.0,93.0,107.0,161.0,18.0,7.0,12.0,54.0,15.0,6.0,0.0
111.028,51,132854.0,600.0,85.0,600.0,625.0,0.0,1.0,0.0,0.0,0.5,0.02,0.5,0.519,0.508,0.035,0.508,0.534,0.0,0.0,-1.76,-5.4,-88.55,-88.46,0.0,0.0,0.0,0.0,0.0,0.0,-0.4,1.0,1.0,0.0,0.0,-0.0,-0.0,0.0,0.0,0.0,0.0,0.0,0.0,0.0,0.0,167.0,93.0,107.0,161.0,18.0,7.0,12.0,54.0,15.0,6.0,0.0
111.094,53,132907.0,600.0,85.0,600.0,625.0,0.0,1.0,0.0,0.0,0.5,0.02,0.5,0.519,0.508,0.035,0.508,0.534,0.0,0.0,-1.76,-5.4,-88.55,-88.46,0.0,0.0,0.0,0.0,0.0,0.0,-0.4,1.0,1.0,0.0,0.0,-0.0,-0.0,0.0,0.0,0.0,0.0,0.0,0.0,0.0,0.0,167.0,93.0,107.0,161.0,18.0,7.0,12.0,54.0,15.0,6.0,0.0
111.161,52,132959.0,600.0,85.0,600.0,623.0,0.0,1.0,0.0,0.0,0.5,0.02,0.5,0.519,0.508,0.034,0.508,0.534,0.0,0.0,-1.76,-5.4,-88.55,-88.46,0.0,0.0,0.0,0.0,0.0,0.0,-0.4,1.0,1.0,0.0,0.0,-0.0,-0.0,0.0,0.0,0.0,0.0,0.0,0.0,0.0,0.0,167.0,93.0,107.0,161.0,18.0,7.0,12.0,54.0,15.0,6.0,0.0
111.193,54,133013.0,600.0,85.0,600.0,623.0,0.0,1.0,0.0,0.0,0.5,0.02,0.5,0.519,0.508,0.034,0.508,0.534,0.0,0.0,-1.76,-5.4,-88.55,-88.46,0.0,0.0,0.0,0.0,0.0,0.0,-0.4,1.0,1.0,0.0,0.0,-0.0,-0.0,0.0,0.0,0.0,0.0,0.0,0.0,0.0,0.0,167.0,93.0,107.0,161.0,18.0,7.0,12.0,54.0,15.0,6.0,0.0
111.257,51,133064.0,600.0,85.0,600.0,623.0,0.0,1.0,0.0,0.0,0.5,0.02,0.5,0.519,0.508,0.034,0.508,0.534,0.0,0.0,-1.76,-5.4,-88.55,-88.46,0.0,0.0,0.0,0.0,0.0,0.0,-0.4,1.0,1.0,0.0,0.0,-0.0,-0.0,0.0,0.0,0.0,0.0,0.0,0.0,0.0,0.0,167.0,93.0,107.0,161.0,18.0,7.0,12.0,54.0,15.0,6.0,0.0
111.291,53,133117.0,600.0,85.0,600.0,623.0,0.0,1.0,0.0,0.0,0.5,0.02,0.5,0.519,0.508,0.034,0.508,0.534,0.0,0.0,-1.76,-5.4,-88.55,-88.46,0.0,0.0,0.0,0.0,0.0,0.0,-0.4,1.0,1.0,0.0,0.0,-0.0,-0.0,0.0,0.0,0.0,0.0,0.0,0.0,0.0,0.0,167.0,93.0,107.0,161.0,18.0,7.0,12.0,54.0,15.0,6.0,0.0
111.366,52,133169.0,600.0,85.0,600.0,621.0,0.0,1.0,0.0,0.0,0.5,0.02,0.5,0.518,0.508,0.034,0.508,0.533,0.0,0.0,-1.76,-5.4,-88.55,-88.46,0.0,0.0,0.0,0.0,0.0,0.0,-0.4,1.0,1.0,0.0,0.0,-0.0,-0.0,0.0,0.0,0.0,0.0,0.0,0.0,0.0,0.0,167.0,93.0,107.0,161.0,18.0,7.0,12.0,54.0,15.0,6.0,0.0
111.399,53,133222.0,600.0,85.0,600.0,621.0,0.0,1.0,0.0,0.0,0.5,0.02,0.5,0.518,0.508,0.034,0.508,0.533,0.0,0.0,-1.76,-5.4,-88.55,-88.46,0.0,0.0,0.0,0.0,0.0,0.0,-0.4,1.0,1.0,0.0,0.0,-0.0,-0.0,0.0,0.0,0.0,0.0,0.0,0.0,0.0,0.0,167.0,93.0,107.0,161.0,18.0,7.0,12.0,54.0,15.0,6.0,0.0
111.464,51,133273.0,600.0,85.0,600.0,621.0,0.0,1.0,0.0,0.0,0.5,0.02,0.5,0.518,0.508,0.034,0.508,0.533,0.0,0.0,-1.76,-5.4,-88.55,-88.46,0.0,0.0,0.0,0.0,0.0,0.0,-0.4,1.0,1.0,0.0,0.0,-0.0,-0.0,0.0,0.0,0.0,0.0,0.0,0.0,0.0,0.0,167.0,93.0,107.0,161.0,18.0,7.0,12.0,54.0,15.0,6.0,0.0
111.529,53,133326.0,600.0,85.0,600.0,621.0,0.0,1.0,0.0,0.0,0.5,0.02,0.5,0.518,0.508,0.034,0.508,0.533,0.0,0.0,-1.76,-5.4,-88.55,-88.46,0.0,0.0,0.0,0.0,0.0,0.0,-0.4,1.0,1.0,0.0,0.0,-0.0,-0.0,0.0,0.0,0.0,0.0,0.0,0.0,0.0,0.0,167.0,93.0,107.0,161.0,18.0,7.0,12.0,54.0,15.0,6.0,0.0
111.561,52,133378.0,600.0,85.0,600.0,622.0,0.0,1.0,0.0,0.0,0.5,0.02,0.5,0.518,0.508,0.034,0.508,0.533,0.0,0.0,-1.76,-5.4,-88.55,-88.46,0.0,0.0,0.0,0.0,0.0,0.0,-0.4,1.0,1.0,0.0,0.0,-0.0,-0.0,0.0,0.0,0.0,0.0,0.0,0.0,0.0,0.0,167.0,93.0,107.0,161.0,18.0,7.0,12.0,54.0,15.0,6.0,0.0
111.625,54,133432.0,600.0,85.0,600.0,622.0,0.0,1.0,0.0,0.0,0.5,0.02,0.5,0.518,0.508,0.034,0.508,0.533,0.0,0.0,-1.76,-5.4,-88.55,-88.46,0.0,0.0,0.0,0.0,0.0,0.0,-0.4,1.0,1.0,0.0,0.0,-0.0,-0.0,0.0,0.0,0.0,0.0,0.0,0.0,0.0,0.0,167.0,93.0,107.0,161.0,18.0,7.0,12.0,54.0,15.0,6.0,0.0
111.657,51,133483.0,600.0,85.0,600.0,622.0,0.0,1.0,0.0,0.0,0.5,0.02,0.5,0.518,0.508,0.034,0.508,0.533,0.0,0.0,-1.75,-5.4,-88.55,-88.46,0.0,0.0,0.0,0.0,0.0,0.0,-0.4,1.0,1.0,0.0,0.0,-0.0,-0.0,0.0,0.0,0.0,0.0,0.0,0.0,0.0,0.0,167.0,93.0,107.0,161.0,18.0,7.0,12.0,54.0,15.0,6.0,1.0
111.723,53,133536.0,600.0,85.0,600.0,622.0,0.0,1.0,0.0,0.0,0.5,0.02,0.5,0.518,0.508,0.034,0.508,0.533,0.0,0.0,-1.75,-5.4,-88.55,-88.46,0.0,0.0,0.0,0.0,0.0,0.0,-0.4,1.0,1.0,0.0,0.0,-0.0,-0.0,0.0,0.0,0.0,0.0,0.0,0.0,0.0,0.0,167.0,93.0,107.0,161.0,18.0,7.0,12.0,54.0,15.0,6.0,0.0
111.789,54,133590.0,600.0,85.0,600.0,624.0,0.0,1.0,0.0,0.0,0.5,0.02,0.5,0.519,0.508,0.034,0.508,0.533,0.0,0.0,-1.75,-5.4,-88.55,-88.46,0.0,0.0,0.0,0.0,0.0,0.0,-0.4,1.0,1.0,0.0,0.0,-0.0,-0.0,0.0,0.0,0.0,0.0,0.0,0.0,0.0,0.0,167.0,93.0,107.0,161.0,18.0,7.0,12.0,54.0,15.0,6.0,0.0
111.822,53,133643.0,600.0,85.0,600.0,624.0,0.0,1.0,0.0,0.0,0.5,0.02,0.5,0.519,0.508,0.034,0.508,0.533,0.0,0.0,-1.75,-5.4,-88.55,-88.46,0.0,0.0,0.0,0.0,0.0,0.0,-0.4,1.0,1.0,0.0,0.0,-0.0,-0.0,0.0,0.0,0.0,0.0,0.0,0.0,0.0,0.0,167.0,93.0,107.0,161.0,18.0,7.0,12.0,54.0,15.0,6.0,0.0
111.888,51,133694.0,600.0,85.0,600.0,624.0,0.0,1.0,0.0,0.0,0.5,0.02,0.5,0.519,0.508,0.034,0.508,0.533,0.0,0.0,-1.76,-5.4,-88.55,-88.46,0.0,0.0,0.0,0.0,0.0,0.0,-0.4,1.0,1.0,0.0,0.0,-0.0,-0.0,0.0,0.0,0.0,0.0,0.0,0.0,0.0,0.0,167.0,93.0,107.0,161.0,18.0,7.0,12.0,54.0,15.0,6.0,0.0
111.921,53,133747.0,600.0,85.0,600.0,624.0,0.0,1.0,0.0,0.0,0.5,0.02,0.5,0.519,0.508,0.034,0.508,0.533,0.0,0.0,-1.76,-5.4,-88.55,-88.46,0.0,0.0,0.0,0.0,0.0,0.0,-0.4,1.0,1.0,0.0,0.0,-0.0,-0.0,0.0,0.0,0.0,0.0,0.0,0.0,0.0,0.0,167.0,93.0,107.0,161.0,18.0,7.0,12.0,54.0,15.0,6.0,0.0
111.986,53,133800.0,600.0,85.0,600.0,623.0,0.0,1.0,0.0,0.0,0.5,0.02,0.5,0.519,0.508,0.034,0.508,0.533,0.0,0.0,-1.76,-5.4,-88.55,-88.46,0.0,0.0,0.0,0.0,0.0,0.0,-0.4,1.0,1.0,0.0,0.0,-0.0,-0.0,0.0,0.0,0.0,0.0,0.0,0.0,0.0,0.0,167.0,93.0,107.0,161.0,18.0,7.0,12.0,54.0,15.0,6.0,0.0
112.052,54,133854.0,600.0,85.0,600.0,623.0,0.0,1.0,0.0,0.0,0.5,0.02,0.5,0.519,0.508,0.034,0.508,0.533,0.0,0.0,-1.76,-5.4,-88.55,-88.46,0.0,0.0,0.0,0.0,0.0,0.0,-0.4,1.0,1.0,0.0,0.0,-0.0,-0.0,0.0,0.0,0.0,0.0,0.0,0.0,0.0,0.0,167.0,93.0,107.0,161.0,18.0,7.0,12.0,54.0,15.0,6.0,0.0
112.084,53,133907.0,600.0,85.0,600.0,623.0,0.0,1.0,0.0,0.0,0.5,0.02,0.5,0.519,0.508,0.034,0.508,0.533,0.0,0.0,-1.76,-5.4,-88.55,-88.46,0.0,0.0,0.0,0.0,0.0,0.0,-0.4,1.0,1.0,0.0,0.0,-0.0,-0.0,0.0,0.0,0.0,0.0,0.0,0.0,0.0,0.0,167.0,93.0,107.0,161.0,18.0,7.0,12.0,54.0,15.0,6.0,0.0
112.151,52,133959.0,600.0,85.0,600.0,623.0,0.0,1.0,0.0,0.0,0.5,0.02,0.5,0.519,0.508,0.034,0.508,0.533,0.0,0.0,-1.76,-5.4,-88.55,-88.46,0.0,0.0,0.0,0.0,0.0,0.0,-0.4,1.0,1.0,0.0,0.0,-0.0,-0.0,0.0,0.0,0.0,0.0,0.0,0.0,0.0,0.0,167.0,93.0,107.0,161.0,18.0,7.0,12.0,54.0,15.0,6.0,0.0
112.214,53,134012.0,600.0,85.0,600.0,621.0,0.0,1.0,0.0,0.0,0.5,0.02,0.5,0.518,0.508,0.034,0.508,0.533,0.0,0.0,-1.76,-5.4,-88.55,-88.46,0.0,0.0,0.0,0.0,0.0,0.0,-0.4,1.0,1.0,0.0,0.0,-0.0,-0.0,0.0,0.0,0.0,0.0,0.0,0.0,0.0,0.0,167.0,93.0,107.0,161.0,18.0,7.0,12.0,54.0,15.0,6.0,0.0
112.246,53,134065.0,600.0,85.0,600.0,621.0,0.0,1.0,0.0,0.0,0.5,0.02,0.5,0.518,0.508,0.034,0.508,0.533,0.0,0.0,-1.76,-5.4,-88.55,-88.46,0.0,0.0,0.0,0.0,0.0,0.0,-0.4,1.0,1.0,0.0,0.0,-0.0,-0.0,0.0,0.0,0.0,0.0,0.0,0.0,0.0,0.0,167.0,93.0,107.0,161.0,18.0,7.0,12.0,54.0,15.0,6.0,0.0
112.311,53,134118.0,600.0,84.0,600.0,621.0,0.0,1.0,0.0,0.0,0.5,0.02,0.5,0.518,0.508,0.034,0.508,0.533,0.0,0.0,-1.75,-5.4,-88.55,-88.46,0.0,0.0,0.0,0.0,0.0,0.0,-0.4,1.0,1.0,0.0,0.0,-0.0,-0.0,0.0,0.0,0.0,0.0,0.0,0.0,0.0,0.0,167.0,93.0,107.0,161.0,18.0,7.0,12.0,54.0,15.0,6.0,0.0
112.344,52,134170.0,600.0,84.0,600.0,621.0,0.0,1.0,0.0,0.0,0.5,0.02,0.5,0.518,0.508,0.034,0.508,0.533,0.0,0.0,-1.75,-5.4,-88.55,-88.46,0.0,0.0,0.0,0.0,0.0,0.0,-0.4,1.0,1.0,0.0,0.0,-0.0,-0.0,0.0,0.0,0.0,0.0,0.0,0.0,0.0,0.0,167.0,93.0,107.0,161.0,18.0,7.0,12.0,54.0,15.0,6.0,0.0
112.408,53,134223.0,600.0,84.0,600.0,622.0,0.0,1.0,0.0,0.0,0.5,0.019,0.5,0.518,0.508,0.034,0.508,0.533,0.0,0.0,-1.75,-5.4,-88.55,-88.46,0.0,0.0,0.0,0.0,0.0,0.0,-0.4,1.0,1.0,0.0,0.0,-0.0,-0.0,0.0,0.0,0.0,0.0,0.0,0.0,0.0,0.0,167.0,93.0,107.0,161.0,18.0,7.0,12.0,54.0,15.0,6.0,0.0
112.472,54,134277.0,600.0,84.0,600.0,622.0,0.0,1.0,0.0,0.0,0.5,0.019,0.5,0.518,0.508,0.034,0.508,0.533,0.0,0.0,-1.75,-5.4,-88.55,-88.46,0.0,0.0,0.0,0.0,0.0,0.0,-0.4,1.0,1.0,0.0,0.0,-0.0,-0.0,0.0,0.0,0.0,0.0,0.0,0.0,0.0,0.0,167.0,93.0,107.0,161.0,18.0,7.0,12.0,54.0,15.0,6.0,0.0
112.504,53,134330.0,600.0,84.0,600.0,622.0,0.0,1.0,0.0,0.0,0.5,0.019,0.5,0.518,0.508,0.034,0.508,0.533,0.0,0.0,-1.75,-5.4,-88.55,-88.46,0.0,0.0,0.0,0.0,0.0,0.0,-0.4,1.0,1.0,0.0,0.0,-0.0,-0.0,0.0,0.0,0.0,0.0,0.0,0.0,0.0,0.0,167.0,93.0,107.0,161.0,18.0,7.0,12.0,54.0,15.0,6.0,0.0
112.568,52,134382.0,600.0,84.0,600.0,622.0,0.0,1.0,0.0,0.0,0.5,0.019,0.5,0.518,0.508,0.034,0.508,0.533,0.0,0.0,-1.75,-5.4,-88.55,-88.46,0.0,0.0,0.0,0.0,0.0,0.0,-0.4,1.0,1.0,0.0,0.0,-0.0,-0.0,0.0,0.0,0.0,0.0,0.0,0.0,0.0,0.0,167.0,93.0,107.0,161.0,18.0,7.0,12.0,54.0,15.0,6.0,0.0
112.631,53,134435.0,600.0,84.0,600.0,621.0,0.0,1.0,0.0,0.0,0.5,0.019,0.5,0.518,0.508,0.034,0.508,0.532,0.0,0.0,-1.75,-5.4,-88.55,-88.46,0.0,0.0,0.0,0.0,0.0,0.0,-0.4,1.0,1.0,0.0,0.0,-0.0,-0.0,0.0,0.0,0.0,0.0,0.0,0.0,0.0,0.0,167.0,93.0,107.0,161.0,18.0,7.0,12.0,54.0,15.0,6.0,0.0
112.663,53,134488.0,600.0,84.0,600.0,621.0,0.0,1.0,0.0,0.0,0.5,0.019,0.5,0.518,0.508,0.034,0.508,0.532,0.0,0.0,-1.75,-5.4,-88.55,-88.46,0.0,0.0,0.0,0.0,0.0,0.0,-0.4,1.0,1.0,0.0,0.0,-0.0,-0.0,0.0,0.0,0.0,0.0,0.0,0.0,0.0,0.0,167.0,93.0,107.0,161.0,18.0,7.0,12.0,54.0,15.0,6.0,0.0
112.728,53,134541.0,600.0,84.0,600.0,621.0,0.0,1.0,0.0,0.0,0.5,0.019,0.5,0.518,0.508,0.034,0.508,0.532,0.0,0.0,-1.75,-5.4,-88.55,-88.46,0.0,0.0,0.0,0.0,0.0,0.0,-0.4,1.0,1.0,0.0,0.0,-0.0,-0.0,0.0,0.0,0.0,0.0,0.0,0.0,0.0,0.0,167.0,93.0,107.0,161.0,18.0,7.0,12.0,54.0,15.0,6.0,0.0
112.794,52,134593.0,600.0,84.0,600.0,621.0,0.0,1.0,0.0,0.0,0.5,0.019,0.5,0.518,0.508,0.034,0.508,0.532,0.0,0.0,-1.75,-5.4,-88.55,-88.46,0.0,0.0,0.0,0.0,0.0,0.0,-0.4,1.0,1.0,0.0,0.0,-0.0,-0.0,0.0,0.0,0.0,0.0,0.0,0.0,0.0,0.0,167.0,93.0,107.0,161.0,18.0,7.0,12.0,54.0,15.0,6.0,1.0
112.826,53,134646.0,600.0,84.0,600.0,621.0,0.0,1.0,0.0,0.0,0.5,0.019,0.5,0.517,0.508,0.034,0.508,0.532,0.0,0.0,-1.75,-5.4,-88.55,-88.46,0.0,0.0,0.0,0.0,0.0,0.0,-0.4,1.0,1.0,0.0,0.0,-0.0,-0.0,0.0,0.0,0.0,0.0,0.0,0.0,0.0,0.0,167.0,93.0,107.0,161.0,18.0,7.0,12.0,54.0,15.0,6.0,0.0
112.892,54,134700.0,600.0,84.0,600.0,621.0,0.0,1.0,0.0,0.0,0.5,0.019,0.5,0.517,0.508,0.034,0.508,0.532,0.0,0.0,-1.76,-5.4,-88.55,-88.46,0.0,0.0,0.0,0.0,0.0,0.0,-0.4,1.0,1.0,0.0,0.0,-0.0,-0.0,0.0,0.0,0.0,0.0,0.0,0.0,0.0,0.0,167.0,93.0,107.0,161.0,18.0,7.0,12.0,54.0,15.0,6.0,0.0
112.934,53,134753.0,600.0,85.0,600.0,621.0,0.0,1.0,0.0,0.0,0.5,0.019,0.5,0.517,0.508,0.034,0.508,0.532,0.0,0.0,-1.76,-5.4,-88.55,-88.46,0.0,0.0,0.0,0.0,0.0,0.0,-0.4,1.0,1.0,0.0,0.0,-0.0,-0.0,0.0,0.0,0.0,0.0,0.0,0.0,0.0,0.0,167.0,93.0,107.0,161.0,18.0,7.0,12.0,54.0,15.0,6.0,1.0
113.0,52,134805.0,600.0,85.0,600.0,621.0,0.0,1.0,0.0,0.0,0.5,0.019,0.5,0.517,0.508,0.034,0.508,0.532,0.0,0.0,-1.76,-5.4,-88.55,-88.46,0.0,0.0,0.0,0.0,0.0,0.0,-0.4,1.0,1.0,0.0,0.0,-0.0,-0.0,0.0,0.0,0.0,0.0,0.0,0.0,0.0,0.0,167.0,93.0,107.0,161.0,18.0,7.0,12.0,54.0,15.0,6.0,1.0
113.033,53,134858.0,600.0,85.0,600.0,621.0,0.0,1.0,0.0,0.0,0.5,0.02,0.5,0.517,0.508,0.034,0.508,0.532,0.0,0.0,-1.76,-5.4,-88.55,-88.46,0.0,0.0,0.0,0.0,0.0,0.0,-0.4,1.0,1.0,0.0,0.0,-0.0,-0.0,0.0,0.0,0.0,0.0,0.0,0.0,0.0,0.0,167.0,93.0,107.0,161.0,18.0,7.0,12.0,54.0,15.0,6.0,0.0
113.099,53,134911.0,600.0,85.0,600.0,621.0,0.0,1.0,0.0,0.0,0.5,0.02,0.5,0.517,0.508,0.034,0.508,0.532,0.0,0.0,-1.76,-5.4,-88.55,-88.46,0.0,0.0,0.0,0.0,0.0,0.0,-0.4,1.0,1.0,0.0,0.0,-0.0,-0.0,0.0,0.0,0.0,0.0,0.0,0.0,0.0,0.0,167.0,93.0,107.0,161.0,18.0,7.0,12.0,54.0,15.0,6.0,0.0
113.165,53,134964.0,600.0,84.0,600.0,621.0,0.0,1.0,0.0,0.0,0.5,0.02,0.5,0.517,0.508,0.034,0.508,0.532,0.0,0.0,-1.76,-5.4,-88.55,-88.46,0.0,0.0,0.0,0.0,0.0,0.0,-0.4,1.0,1.0,0.0,0.0,-0.0,-0.0,0.0,0.0,0.0,0.0,0.0,0.0,0.0,0.0,167.0,93.0,107.0,161.0,18.0,7.0,12.0,54.0,15.0,6.0,0.0
113.197,52,135016.0,600.0,84.0,600.0,621.0,0.0,1.0,0.0,0.0,0.5,0.02,0.5,0.517,0.508,0.034,0.508,0.532,0.0,0.0,-1.76,-5.4,-88.55,-88.46,0.0,0.0,0.0,0.0,0.0,0.0,-0.4,1.0,1.0,0.0,0.0,-0.0,-0.0,0.0,0.0,0.0,0.0,0.0,0.0,0.0,0.0,167.0,93.0,107.0,161.0,18.0,7.0,12.0,54.0,15.0,6.0,0.0
113.261,53,135069.0,600.0,84.0,600.0,622.0,0.0,1.0,0.0,0.0,0.5,0.019,0.5,0.518,0.508,0.034,0.508,0.533,0.0,0.0,-1.76,-5.4,-88.55,-88.46,0.0,0.0,0.0,0.0,0.0,0.0,-0.4,1.0,1.0,0.0,0.0,-0.0,-0.0,0.0,0.0,0.0,0.0,0.0,0.0,0.0,0.0,167.0,93.0,107.0,161.0,18.0,7.0,12.0,54.0,15.0,6.0,0.0
113.327,55,135124.0,600.0,84.0,600.0,622.0,0.0,1.0,0.0,0.0,0.5,0.019,0.5,0.518,0.508,0.034,0.508,0.533,0.0,0.0,-1.75,-5.39,-88.55,-88.46,0.0,0.0,0.0,0.0,0.0,0.0,-0.4,1.0,1.0,0.0,0.0,-0.0,-0.0,0.0,0.0,0.0,0.0,0.0,0.0,0.0,0.0,167.0,93.0,107.0,161.0,18.0,7.0,12.0,54.0,15.0,6.0,2.0
113.36,53,135177.0,600.0,85.0,600.0,622.0,0.0,1.0,0.0,0.0,0.5,0.019,0.5,0.518,0.508,0.034,0.508,0.533,0.0,0.0,-1.75,-5.39,-88.55,-88.46,0.0,0.0,0.0,0.0,0.0,0.0,-0.4,1.0,1.0,0.0,0.0,-0.0,-0.0,0.0,0.0,0.0,0.0,0.0,0.0,0.0,0.0,167.0,93.0,107.0,161.0,18.0,7.0,12.0,54.0,15.0,6.0,1.0
113.424,52,135229.0,600.0,85.0,600.0,622.0,0.0,1.0,0.0,0.0,0.5,0.019,0.5,0.518,0.508,0.034,0.508,0.533,0.0,0.0,-1.75,-5.39,-88.55,-88.46,0.0,0.0,0.0,0.0,0.0,0.0,-0.4,1.0,1.0,0.0,0.0,-0.0,-0.0,0.0,0.0,0.0,0.0,0.0,0.0,0.0,0.0,167.0,93.0,107.0,161.0,18.0,7.0,12.0,54.0,15.0,6.0,0.0
113.457,53,135282.0,600.0,85.0,600.0,623.0,0.0,1.0,0.0,0.0,0.5,0.02,0.5,0.518,0.508,0.034,0.508,0.533,0.0,0.0,-1.75,-5.39,-88.55,-88.46,0.0,0.0,0.0,0.0,0.0,0.0,-0.4,1.0,1.0,0.0,0.0,-0.0,-0.0,0.0,0.0,0.0,0.0,0.0,0.0,0.0,0.0,167.0,93.0,107.0,161.0,18.0,7.0,12.0,54.0,15.0,6.0,0.0
113.523,53,135335.0,600.0,85.0,600.0,623.0,0.0,1.0,0.0,0.0,0.5,0.02,0.5,0.518,0.508,0.034,0.508,0.533,0.0,0.0,-1.75,-5.39,-88.55,-88.46,0.0,0.0,0.0,0.0,0.0,0.0,-0.4,1.0,1.0,0.0,0.0,-0.0,-0.0,0.0,0.0,0.0,0.0,0.0,0.0,0.0,0.0,167.0,93.0,107.0,161.0,18.0,7.0,12.0,54.0,15.0,6.0,0.0
113.588,52,135387.0,600.0,85.0,600.0,623.0,0.0,1.0,0.0,0.0,0.5,0.02,0.5,0.518,0.508,0.034,0.508,0.533,0.0,0.0,-1.75,-5.39,-88.55,-88.46,0.0,0.0,0.0,0.0,0.0,0.0,-0.4,1.0,1.0,0.0,0.0,-0.0,-0.0,0.0,0.0,0.0,0.0,0.0,0.0,0.0,0.0,167.0,93.0,107.0,161.0,18.0,7.0,12.0,54.0,15.0,6.0,0.0
113.62,53,135440.0,600.0,85.0,600.0,623.0,0.0,1.0,0.0,0.0,0.5,0.02,0.5,0.518,0.508,0.034,0.508,0.533,0.0,0.0,-1.75,-5.39,-88.55,-88.46,0.0,0.0,0.0,0.0,0.0,0.0,-0.4,1.0,1.0,0.0,0.0,-0.0,-0.0,0.0,0.0,0.0,0.0,0.0,0.0,0.0,0.0,167.0,93.0,107.0,161.0,18.0,7.0,12.0,54.0,15.0,6.0,0.0
113.685,52,135492.0,600.0,85.0,600.0,622.0,0.0,1.0,0.0,0.0,0.5,0.02,0.5,0.518,0.508,0.034,0.508,0.533,0.0,0.0,-1.75,-5.39,-88.55,-88.46,0.0,0.0,0.0,0.0,0.0,0.0,-0.4,1.0,1.0,0.0,0.0,-0.0,-0.0,0.0,0.0,0.0,0.0,0.0,0.0,0.0,0.0,167.0,93.0,107.0,161.0,18.0,7.0,12.0,54.0,15.0,6.0,1.0
113.729,54,135546.0,600.0,85.0,600.0,622.0,0.0,1.0,0.0,0.0,0.5,0.02,0.5,0.518,0.508,0.034,0.508,0.533,0.0,0.0,-1.75,-5.39,-88.55,-88.46,0.0,0.0,0.0,0.0,0.0,0.0,-0.4,1.0,1.0,0.0,0.0,-0.0,-0.0,0.0,0.0,0.0,0.0,0.0,0.0,0.0,0.0,167.0,93.0,107.0,161.0,18.0,7.0,12.0,54.0,15.0,6.0,0.0
113.794,52,135598.0,600.0,86.0,600.0,622.0,0.0,1.0,0.0,0.0,0.5,0.02,0.5,0.518,0.508,0.034,0.508,0.533,0.0,0.0,-1.75,-5.39,-88.55,-88.46,0.0,0.0,0.0,0.0,0.0,0.0,-0.4,1.0,1.0,0.0,0.0,-0.0,-0.0,0.0,0.0,0.0,0.0,0.0,0.0,0.0,0.0,167.0,93.0,107.0,161.0,18.0,7.0,12.0,54.0,15.0,6.0,0.0
113.826,52,135650.0,600.0,86.0,600.0,622.0,0.0,1.0,0.0,0.0,0.5,0.02,0.5,0.518,0.508,0.034,0.508,0.533,0.0,0.0,-1.75,-5.39,-88.55,-88.46,0.0,0.0,0.0,0.0,0.0,0.0,-0.4,1.0,1.0,0.0,0.0,-0.0,-0.0,0.0,0.0,0.0,0.0,0.0,0.0,0.0,0.0,167.0,93.0,107.0,161.0,18.0,7.0,12.0,54.0,15.0,6.0,0.0
113.891,53,135703.0,600.0,86.0,600.0,623.0,0.0,1.0,0.0,0.0,0.5,0.02,0.5,0.519,0.508,0.034,0.508,0.533,0.0,0.0,-1.75,-5.4,-88.55,-88.46,0.0,0.0,0.0,0.0,0.0,0.0,-0.4,1.0,1.0,0.0,0.0,-0.0,-0.0,0.0,0.0,0.0,0.0,0.0,0.0,0.0,0.0,167.0,93.0,107.0,161.0,18.0,7.0,12.0,54.0,15.0,6.0,0.0
113.933,53,135756.0,600.0,86.0,600.0,623.0,0.0,1.0,0.0,0.0,0.5,0.02,0.5,0.519,0.508,0.034,0.508,0.533,0.0,0.0,-1.75,-5.4,-88.55,-88.46,0.0,0.0,0.0,0.0,0.0,0.0,-0.4,1.0,1.0,0.0,0.0,-0.0,-0.0,0.0,0.0,0.0,0.0,0.0,0.0,0.0,0.0,167.0,93.0,107.0,161.0,18.0,7.0,12.0,54.0,15.0,6.0,0.0
113.998,52,135808.0,600.0,86.0,600.0,623.0,0.0,1.0,0.0,0.0,0.5,0.02,0.5,0.519,0.508,0.034,0.508,0.533,0.0,0.0,-1.75,-5.39,-88.55,-88.46,0.0,0.0,0.0,0.0,0.0,0.0,-0.4,1.0,1.0,0.0,0.0,-0.0,-0.0,0.0,0.0,0.0,0.0,0.0,0.0,0.0,0.0,167.0,93.0,107.0,161.0,18.0,7.0,12.0,54.0,15.0,6.0,0.0
114.061,53,135861.0,600.0,86.0,600.0,623.0,0.0,1.0,0.0,0.0,0.5,0.02,0.5,0.519,0.508,0.034,0.508,0.533,0.0,0.0,-1.75,-5.39,-88.55,-88.46,0.0,0.0,0.0,0.0,0.0,0.0,-0.4,1.0,1.0,0.0,0.0,-0.0,-0.0,0.0,0.0,0.0,0.0,0.0,0.0,0.0,0.0,167.0,93.0,107.0,161.0,18.0,7.0,12.0,54.0,15.0,6.0,0.0
114.094,52,135913.0,600.0,86.0,600.0,623.0,0.0,1.0,0.0,0.0,0.5,0.02,0.5,0.519,0.508,0.035,0.508,0.533,0.0,0.0,-1.75,-5.39,-88.55,-88.46,0.0,0.0,0.0,0.0,0.0,0.0,-0.4,1.0,1.0,0.0,0.0,-0.0,-0.0,0.0,0.0,0.0,0.0,0.0,0.0,0.0,0.0,167.0,93.0,107.0,161.0,18.0,7.0,12.0,54.0,15.0,6.0,0.0
114.168,54,135967.0,600.0,86.0,600.0,623.0,0.0,1.0,0.0,0.0,0.5,0.02,0.5,0.519,0.508,0.035,0.508,0.533,0.0,0.0,-1.75,-5.39,-88.55,-88.46,0.0,0.0,0.0,0.0,0.0,0.0,-0.4,1.0,1.0,0.0,0.0,-0.0,-0.0,0.0,0.0,0.0,0.0,0.0,0.0,0.0,0.0,167.0,93.0,107.0,161.0,18.0,7.0,12.0,54.0,15.0,6.0,0.0
114.201,51,136018.0,600.0,86.0,600.0,623.0,0.0,1.0,0.0,0.0,0.5,0.02,0.5,0.519,0.508,0.035,0.508,0.533,0.0,0.0,-1.75,-5.39,-88.55,-88.46,0.0,0.0,0.0,0.0,0.0,0.0,-0.4,1.0,1.0,0.0,0.0,-0.0,-0.0,0.0,0.0,0.0,0.0,0.0,0.0,0.0,0.0,167.0,93.0,107.0,161.0,18.0,7.0,12.0,54.0,15.0,6.0,0.0
114.267,53,136071.0,600.0,86.0,600.0,623.0,0.0,1.0,0.0,0.0,0.5,0.02,0.5,0.519,0.508,0.035,0.508,0.533,0.0,0.0,-1.75,-5.38,-88.55,-88.46,0.0,0.0,0.0,0.0,0.0,0.0,-0.4,1.0,1.0,0.0,0.0,-0.0,-0.0,0.0,0.0,0.0,0.0,0.0,0.0,0.0,0.0,167.0,93.0,107.0,161.0,18.0,7.0,12.0,54.0,15.0,6.0,0.0
114.299,52,136123.0,600.0,86.0,600.0,625.0,0.0,1.0,0.0,0.0,0.5,0.02,0.5,0.52,0.508,0.035,0.508,0.534,0.0,0.0,-1.75,-5.38,-88.55,-88.46,0.0,0.0,0.0,0.0,0.0,0.0,-0.4,1.0,1.0,0.0,0.0,-0.0,-0.0,0.0,0.0,0.0,0.0,0.0,0.0,0.0,0.0,167.0,93.0,107.0,161.0,18.0,7.0,12.0,54.0,15.0,6.0,0.0
114.367,53,136176.0,600.0,86.0,600.0,625.0,0.0,1.0,0.0,0.0,0.5,0.02,0.5,0.52,0.508,0.035,0.508,0.534,0.0,0.0,-1.75,-5.38,-88.55,-88.46,0.0,0.0,0.0,0.0,0.0,0.0,-0.4,1.0,1.0,0.0,0.0,-0.0,-0.0,0.0,0.0,0.0,0.0,0.0,0.0,0.0,0.0,167.0,93.0,107.0,161.0,18.0,7.0,12.0,54.0,15.0,6.0,0.0
114.401,51,136227.0,600.0,86.0,600.0,625.0,0.0,1.0,0.0,0.0,0.5,0.02,0.5,0.52,0.508,0.035,0.508,0.534,0.0,0.0,-1.76,-5.38,-88.55,-88.46,0.0,0.0,0.0,0.0,0.0,0.0,-0.4,1.0,1.0,0.0,0.0,-0.0,-0.0,0.0,0.0,0.0,0.0,0.0,0.0,0.0,0.0,167.0,93.0,107.0,161.0,18.0,7.0,12.0,54.0,15.0,6.0,0.0
114.467,53,136280.0,600.0,86.0,600.0,625.0,0.0,1.0,0.0,0.0,0.5,0.02,0.5,0.52,0.508,0.035,0.508,0.534,0.0,0.0,-1.75,-5.37,-88.55,-88.46,0.0,0.0,0.0,0.0,0.0,0.0,-0.4,1.0,1.0,0.0,0.0,-0.0,-0.0,0.0,0.0,0.0,0.0,0.0,0.0,0.0,0.0,167.0,93.0,107.0,161.0,18.0,7.0,12.0,54.0,15.0,6.0,0.0
114.54,52,136332.0,600.0,86.0,600.0,624.0,0.0,1.0,0.0,0.0,0.5,0.02,0.5,0.519,0.508,0.035,0.508,0.534,0.0,0.0,-1.75,-5.37,-88.55,-88.46,0.0,0.0,0.0,0.0,0.0,0.0,-0.4,1.0,1.0,0.0,0.0,-0.0,-0.0,0.0,0.0,0.0,0.0,0.0,0.0,0.0,0.0,167.0,93.0,107.0,161.0,18.0,7.0,12.0,54.0,15.0,6.0,0.0
114.573,54,136386.0,600.0,86.0,600.0,624.0,0.0,1.0,0.0,0.0,0.5,0.02,0.5,0.519,0.508,0.035,0.508,0.534,0.0,0.0,-1.75,-5.37,-88.55,-88.46,0.0,0.0,0.0,0.0,0.0,0.0,-0.4,1.0,1.0,0.0,0.0,-0.0,-0.0,0.0,0.0,0.0,0.0,0.0,0.0,0.0,0.0,167.0,93.0,107.0,161.0,18.0,7.0,12.0,54.0,15.0,6.0,0.0
114.637,51,136437.0,600.0,86.0,600.0,624.0,0.0,1.0,0.0,0.0,0.5,0.02,0.5,0.519,0.508,0.035,0.508,0.534,0.0,0.0,-1.75,-5.38,-88.55,-88.46,0.0,0.0,0.0,0.0,0.0,0.0,-0.4,1.0,1.0,0.0,0.0,-0.0,-0.0,0.0,0.0,0.0,0.0,0.0,0.0,0.0,0.0,167.0,93.0,107.0,161.0,18.0,7.0,12.0,54.0,15.0,6.0,0.0
114.669,53,136490.0,600.0,86.0,600.0,624.0,0.0,1.0,0.0,0.0,0.5,0.02,0.5,0.519,0.508,0.035,0.508,0.534,0.0,0.0,-1.75,-5.38,-88.55,-88.46,0.0,0.0,0.0,0.0,0.0,0.0,-0.4,1.0,1.0,0.0,0.0,-0.0,-0.0,0.0,0.0,0.0,0.0,0.0,0.0,0.0,0.0,167.0,93.0,107.0,161.0,18.0,7.0,12.0,54.0,15.0,6.0,0.0
114.741,52,136542.0,600.0,86.0,600.0,625.0,0.0,1.0,0.0,0.0,0.5,0.02,0.5,0.52,0.508,0.035,0.508,0.534,0.0,0.0,-1.75,-5.38,-88.55,-88.46,0.0,0.0,0.0,0.0,0.0,0.0,-0.4,1.0,1.0,0.0,0.0,-0.0,-0.0,0.0,0.0,0.0,0.0,0.0,0.0,0.0,0.0,167.0,93.0,107.0,161.0,18.0,7.0,12.0,54.0,15.0,6.0,0.0
114.774,53,136595.0,600.0,86.0,600.0,625.0,0.0,1.0,0.0,0.0,0.5,0.02,0.5,0.52,0.508,0.035,0.508,0.534,0.0,0.0,-1.75,-5.38,-88.55,-88.46,0.0,0.0,0.0,0.0,0.0,0.0,-0.4,1.0,1.0,0.0,0.0,-0.0,-0.0,0.0,0.0,0.0,0.0,0.0,0.0,0.0,0.0,167.0,93.0,107.0,161.0,18.0,7.0,12.0,54.0,15.0,6.0,0.0
114.84,51,136646.0,600.0,85.0,600.0,625.0,0.0,1.0,0.0,0.0,0.5,0.02,0.5,0.52,0.508,0.035,0.508,0.534,0.0,0.0,-1.75,-5.38,-88.55,-88.46,0.0,0.0,0.0,0.0,0.0,0.0,-0.4,1.0,1.0,0.0,0.0,-0.0,-0.0,0.0,0.0,0.0,0.0,0.0,0.0,0.0,0.0,167.0,93.0,107.0,161.0,18.0,7.0,12.0,54.0,15.0,6.0,0.0
114.873,53,136699.0,600.0,85.0,600.0,625.0,0.0,1.0,0.0,0.0,0.5,0.02,0.5,0.52,0.508,0.035,0.508,0.534,0.0,0.0,-1.75,-5.39,-88.55,-88.46,0.0,0.0,0.0,0.0,0.0,0.0,-0.4,1.0,1.0,0.0,0.0,-0.0,-0.0,0.0,0.0,0.0,0.0,0.0,0.0,0.0,0.0,167.0,93.0,107.0,161.0,18.0,7.0,12.0,54.0,15.0,6.0,0.0
114.94,52,136751.0,600.0,85.0,600.0,625.0,0.0,1.0,0.0,0.0,0.5,0.02,0.5,0.52,0.508,0.035,0.508,0.535,0.0,0.0,-1.75,-5.39,-88.55,-88.46,0.0,0.0,0.0,0.0,0.0,0.0,-0.4,1.0,1.0,0.0,0.0,-0.0,-0.0,0.0,0.0,0.0,0.0,0.0,0.0,0.0,0.0,167.0,93.0,107.0,161.0,18.0,7.0,12.0,54.0,15.0,6.0,0.0
115.005,54,136805.0,600.0,85.0,600.0,625.0,0.0,1.0,0.0,0.0,0.5,0.02,0.5,0.52,0.508,0.035,0.508,0.535,0.0,0.0,-1.75,-5.39,-88.55,-88.46,0.0,0.0,0.0,0.0,0.0,0.0,-0.4,1.0,1.0,0.0,0.0,-0.0,-0.0,0.0,0.0,0.0,0.0,0.0,0.0,0.0,0.0,167.0,93.0,107.0,161.0,18.0,7.0,12.0,54.0,15.0,6.0,0.0
115.037,52,136857.0,600.0,85.0,600.0,625.0,0.0,1.0,0.0,0.0,0.5,0.02,0.5,0.52,0.508,0.035,0.508,0.535,0.0,0.0,-1.75,-5.39,-88.55,-88.46,0.0,0.0,0.0,0.0,0.0,0.0,-0.4,1.0,1.0,0.0,0.0,-0.0,-0.0,0.0,0.0,0.0,0.0,0.0,0.0,0.0,0.0,167.0,93.0,107.0,161.0,18.0,7.0,12.0,54.0,15.0,6.0,0.0
115.102,52,136909.0,600.0,85.0,600.0,625.0,0.0,1.0,0.0,0.0,0.5,0.02,0.5,0.52,0.508,0.035,0.508,0.535,0.0,0.0,-1.75,-5.39,-88.55,-88.46,0.0,0.0,0.0,0.0,0.0,0.0,-0.4,1.0,1.0,0.0,0.0,-0.0,-0.0,0.0,0.0,0.0,0.0,0.0,0.0,0.0,0.0,167.0,93.0,107.0,161.0,18.0,7.0,12.0,54.0,15.0,6.0,0.0
115.139,52,136961.0,600.0,85.0,600.0,626.0,0.0,1.0,0.0,0.0,0.5,0.02,0.5,0.521,0.508,0.035,0.508,0.535,0.0,0.0,-1.75,-5.39,-88.55,-88.46,0.0,0.0,0.0,0.0,0.0,0.0,-0.4,1.0,1.0,0.0,0.0,-0.0,-0.0,0.0,0.0,0.0,0.0,0.0,0.0,0.0,0.0,167.0,93.0,107.0,161.0,18.0,7.0,12.0,54.0,15.0,6.0,0.0
115.204,53,137014.0,600.0,85.0,600.0,626.0,0.0,1.0,0.0,0.0,0.5,0.02,0.5,0.521,0.508,0.035,0.508,0.535,0.0,0.0,-1.75,-5.39,-88.55,-88.46,0.0,0.0,0.0,0.0,0.0,0.0,-0.4,1.0,1.0,0.0,0.0,-0.0,-0.0,0.0,0.0,0.0,0.0,0.0,0.0,0.0,0.0,167.0,93.0,107.0,161.0,18.0,7.0,12.0,54.0,15.0,6.0,0.0
115.27,51,137065.0,600.0,86.0,600.0,626.0,0.0,1.0,0.0,0.0,0.5,0.02,0.5,0.521,0.508,0.035,0.508,0.535,0.0,0.0,-1.75,-5.39,-88.55,-88.46,0.0,0.0,0.0,0.0,0.0,0.0,-0.4,1.0,1.0,0.0,0.0,-0.0,-0.0,0.0,0.0,0.0,0.0,0.0,0.0,0.0,0.0,167.0,93.0,107.0,161.0,18.0,7.0,12.0,54.0,15.0,6.0,1.0
115.31,53,137118.0,600.0,86.0,567.0,626.0,0.0,1.0,0.0,0.0,0.5,0.02,0.5,0.521,0.508,0.035,0.508,0.535,0.0,0.0,-1.75,-5.39,-88.55,-88.46,0.0,0.0,0.0,0.0,0.0,0.0,-0.4,1.0,1.0,0.0,0.0,-0.0,-0.0,0.0,0.0,0.0,0.0,0.0,0.0,0.0,0.0,167.0,93.0,107.0,161.0,18.0,7.0,12.0,54.0,15.0,6.0,0.0
115.344,53,137171.0,600.0,86.0,567.0,624.0,0.0,1.0,0.0,0.0,0.5,0.02,0.485,0.52,0.508,0.034,0.495,0.535,0.0,0.0,-1.75,-5.4,-88.55,-88.46,0.0,0.0,0.0,0.0,0.0,0.0,-0.4,1.0,1.0,0.0,0.0,-0.0,-0.0,0.0,0.0,0.0,0.0,0.0,0.0,0.0,0.0,167.0,93.0,107.0,161.0,18.0,7.0,12.0,54.0,15.0,6.0,0.0
115.409,54,137225.0,600.0,86.0,567.0,624.0,0.0,1.0,0.0,0.0,0.5,0.02,0.485,0.52,0.508,0.034,0.495,0.535,0.0,0.0,-1.75,-5.4,-88.55,-88.46,0.0,0.0,0.0,0.0,0.0,0.0,-0.4,1.0,1.0,0.0,0.0,-0.0,-0.0,0.0,0.0,0.0,0.0,0.0,0.0,0.0,0.0,167.0,93.0,107.0,161.0,18.0,7.0,12.0,54.0,15.0,6.0,0.0
115.472,52,137277.0,600.0,85.0,567.0,624.0,0.0,1.0,0.0,0.0,0.5,0.02,0.485,0.52,0.508,0.034,0.495,0.535,0.0,0.0,-1.75,-5.4,-88.55,-88.46,0.0,0.0,0.0,0.0,0.0,0.0,-0.4,1.0,1.0,0.0,0.0,-0.0,-0.0,0.0,0.0,0.0,0.0,0.0,0.0,0.0,0.0,167.0,93.0,107.0,161.0,18.0,7.0,12.0,54.0,15.0,6.0,1.0
115.505,52,137329.0,600.0,85.0,567.0,624.0,0.0,1.0,0.0,0.0,0.5,0.02,0.485,0.52,0.508,0.034,0.495,0.535,0.0,0.0,-1.75,-5.4,-88.55,-88.46,0.0,0.0,0.0,0.0,0.0,0.0,-0.4,1.0,1.0,0.0,0.0,-0.0,-0.0,0.0,0.0,0.0,0.0,0.0,0.0,0.0,0.0,167.0,93.0,107.0,161.0,18.0,7.0,12.0,54.0,15.0,6.0,0.0
115.571,53,137382.0,600.0,85.0,567.0,626.0,0.0,1.0,0.0,0.0,0.5,0.02,0.478,0.521,0.508,0.034,0.487,0.535,0.0,0.0,-1.75,-5.39,-88.55,-88.46,0.0,0.0,0.0,0.0,0.0,0.0,-0.4,1.0,1.0,0.0,0.0,-0.0,-0.0,0.0,0.0,0.0,0.0,0.0,0.0,0.0,0.0,167.0,93.0,107.0,161.0,18.0,7.0,12.0,54.0,15.0,6.0,0.0
115.637,53,137435.0,600.0,85.0,567.0,626.0,0.0,1.0,0.0,0.0,0.5,0.02,0.478,0.521,0.508,0.034,0.487,0.535,0.0,0.0,-1.75,-5.39,-88.55,-88.46,0.0,0.0,0.0,0.0,0.0,0.0,-0.4,1.0,1.0,0.0,0.0,-0.0,-0.0,0.0,0.0,0.0,0.0,0.0,0.0,0.0,0.0,167.0,93.0,107.0,161.0,18.0,7.0,12.0,54.0,15.0,6.0,1.0
115.67,52,137487.0,600.0,85.0,567.0,626.0,0.0,1.0,0.0,0.0,0.5,0.02,0.478,0.521,0.508,0.034,0.487,0.535,0.0,0.0,-1.75,-5.39,-88.55,-88.46,0.0,0.0,0.0,0.0,0.0,0.0,-0.4,1.0,1.0,0.0,0.0,-0.0,-0.0,0.0,0.0,0.0,0.0,0.0,0.0,0.0,0.0,167.0,93.0,107.0,161.0,18.0,7.0,12.0,54.0,15.0,6.0,0.0
115.741,52,137539.0,600.0,85.0,567.0,626.0,0.0,1.0,0.0,0.0,0.5,0.02,0.478,0.521,0.508,0.034,0.487,0.535,0.0,0.0,-1.75,-5.39,-88.55,-88.46,0.0,0.0,0.0,0.0,0.0,0.0,-0.4,1.0,1.0,0.0,0.0,-0.0,-0.0,0.0,0.0,0.0,0.0,0.0,0.0,0.0,0.0,167.0,93.0,107.0,161.0,18.0,7.0,12.0,54.0,15.0,6.0,0.0
115.774,53,137592.0,600.0,85.0,567.0,627.0,0.0,1.0,0.0,0.0,0.5,0.02,0.474,0.521,0.508,0.034,0.483,0.535,0.0,0.0,-1.75,-5.39,-88.55,-88.46,0.0,0.0,0.0,0.0,0.0,0.0,-0.4,1.0,1.0,0.0,0.0,-0.0,-0.0,0.0,0.0,0.0,0.0,0.0,0.0,0.0,0.0,167.0,93.0,107.0,161.0,18.0,7.0,12.0,54.0,15.0,6.0,0.0
115.84,54,137646.0,600.0,85.0,567.0,627.0,0.0,1.0,0.0,0.0,0.5,0.02,0.474,0.521,0.508,0.034,0.483,0.535,0.0,0.0,-1.75,-5.39,-88.55,-88.46,0.0,0.0,0.0,0.0,0.0,0.0,-0.4,1.0,1.0,0.0,0.0,-0.0,-0.0,0.0,0.0,0.0,0.0,0.0,0.0,0.0,0.0,167.0,93.0,107.0,161.0,18.0,7.0,12.0,54.0,15.0,6.0,1.0
115.873,53,137699.0,600.0,85.0,567.0,627.0,0.0,1.0,0.0,0.0,0.5,0.02,0.474,0.521,0.508,0.034,0.483,0.535,0.0,0.0,-1.75,-5.39,-88.55,-88.46,0.0,0.0,0.0,0.0,0.0,0.0,-0.4,1.0,1.0,0.0,0.0,-0.0,-0.0,0.0,0.0,0.0,0.0,0.0,0.0,0.0,0.0,167.0,93.0,107.0,161.0,18.0,7.0,12.0,54.0,15.0,6.0,0.0
115.939,52,137751.0,600.0,85.0,567.0,627.0,0.0,1.0,0.0,0.0,0.5,0.02,0.474,0.521,0.508,0.034,0.483,0.535,0.0,0.0,-1.75,-5.39,-88.55,-88.46,0.0,0.0,0.0,0.0,0.0,0.0,-0.4,1.0,1.0,0.0,0.0,-0.0,-0.0,0.0,0.0,0.0,0.0,0.0,0.0,0.0,0.0,167.0,93.0,107.0,161.0,18.0,7.0,12.0,54.0,15.0,6.0,0.0
116.005,54,137805.0,600.0,85.0,567.0,624.0,0.0,1.0,0.0,0.0,0.5,0.02,0.473,0.52,0.508,0.034,0.481,0.535,0.0,0.0,-1.75,-5.39,-88.55,-88.46,0.0,0.0,0.0,0.0,0.0,0.0,-0.4,1.0,1.0,0.0,0.0,-0.0,-0.0,0.0,0.0,0.0,0.0,0.0,0.0,0.0,0.0,167.0,93.0,107.0,161.0,18.0,7.0,12.0,54.0,15.0,6.0,0.0
116.037,53,137858.0,600.0,85.0,567.0,624.0,0.0,1.0,0.0,0.0,0.5,0.02,0.473,0.52,0.508,0.034,0.481,0.535,0.0,0.0,-1.75,-5.39,-88.55,-88.46,0.0,0.0,0.0,0.0,0.0,0.0,-0.4,1.0,1.0,0.0,0.0,-0.0,-0.0,0.0,0.0,0.0,0.0,0.0,0.0,0.0,0.0,167.0,93.0,107.0,161.0,18.0,7.0,12.0,54.0,15.0,6.0,0.0
116.103,53,137911.0,600.0,85.0,567.0,624.0,0.0,1.0,0.0,0.0,0.5,0.02,0.473,0.52,0.508,0.034,0.481,0.535,0.0,0.0,-1.75,-5.39,-88.55,-88.46,0.0,0.0,0.0,0.0,0.0,0.0,-0.4,1.0,1.0,0.0,0.0,-0.0,-0.0,0.0,0.0,0.0,0.0,0.0,0.0,0.0,0.0,167.0,93.0,107.0,161.0,18.0,7.0,12.0,54.0,15.0,6.0,0.0
116.137,52,137963.0,600.0,85.0,567.0,624.0,0.0,1.0,0.0,0.0,0.5,0.02,0.473,0.52,0.508,0.034,0.481,0.535,0.0,0.0,-1.75,-5.39,-88.55,-88.46,0.0,0.0,0.0,0.0,0.0,0.0,-0.4,1.0,1.0,0.0,0.0,-0.0,-0.0,0.0,0.0,0.0,0.0,0.0,0.0,0.0,0.0,167.0,93.0,107.0,161.0,18.0,7.0,12.0,54.0,15.0,6.0,0.0
116.201,53,138016.0,600.0,85.0,567.0,622.0,0.0,1.0,0.0,0.0,0.5,0.02,0.472,0.519,0.508,0.034,0.48,0.533,0.0,0.0,-1.75,-5.39,-88.55,-88.46,0.0,0.0,0.0,0.0,0.0,0.0,-0.4,1.0,1.0,0.0,0.0,-0.0,-0.0,0.0,0.0,0.0,0.0,0.0,0.0,0.0,0.0,167.0,93.0,107.0,161.0,18.0,7.0,12.0,54.0,15.0,6.0,0.0
116.265,54,138070.0,600.0,85.0,567.0,622.0,0.0,1.0,0.0,0.0,0.5,0.02,0.472,0.519,0.508,0.034,0.48,0.533,0.0,0.0,-1.75,-5.39,-88.55,-88.46,0.0,0.0,0.0,0.0,0.0,0.0,-0.4,1.0,1.0,0.0,0.0,-0.0,-0.0,0.0,0.0,0.0,0.0,0.0,0.0,0.0,0.0,167.0,93.0,107.0,161.0,18.0,7.0,12.0,54.0,15.0,6.0,0.0
116.298,53,138123.0,600.0,84.0,567.0,622.0,0.0,1.0,0.0,0.0,0.5,0.02,0.472,0.519,0.508,0.034,0.48,0.533,0.0,0.0,-1.75,-5.39,-88.55,-88.46,0.0,0.0,0.0,0.0,0.0,0.0,-0.4,1.0,1.0,0.0,0.0,-0.0,-0.0,0.0,0.0,0.0,0.0,0.0,0.0,0.0,0.0,167.0,93.0,107.0,161.0,18.0,7.0,12.0,54.0,15.0,6.0,0.0
116.373,52,138175.0,600.0,84.0,600.0,622.0,0.0,1.0,0.0,0.0,0.5,0.02,0.472,0.519,0.508,0.034,0.48,0.533,0.0,0.0,-1.75,-5.4,-88.55,-88.46,0.0,0.0,0.0,0.0,0.0,0.0,-0.4,1.0,1.0,0.0,0.0,-0.0,-0.0,0.0,0.0,0.0,0.0,0.0,0.0,0.0,0.0,167.0,93.0,107.0,161.0,18.0,7.0,12.0,54.0,15.0,6.0,1.0
116.406,53,138228.0,600.0,84.0,600.0,622.0,0.0,1.0,0.0,0.0,0.5,0.019,0.487,0.518,0.508,0.034,0.493,0.533,0.0,0.0,-1.75,-5.4,-88.55,-88.46,0.0,0.0,0.0,0.0,0.0,0.0,-0.4,1.0,1.0,0.0,0.0,-0.0,-0.0,0.0,0.0,0.0,0.0,0.0,0.0,0.0,0.0,167.0,93.0,107.0,161.0,18.0,7.0,12.0,54.0,15.0,6.0,0.0
116.472,53,138281.0,600.0,84.0,600.0,622.0,0.0,1.0,0.0,0.0,0.5,0.019,0.487,0.518,0.508,0.034,0.493,0.533,0.0,0.0,-1.75,-5.4,-88.55,-88.46,0.0,0.0,0.0,0.0,0.0,0.0,-0.4,1.0,1.0,0.0,0.0,-0.0,-0.0,0.0,0.0,0.0,0.0,0.0,0.0,0.0,0.0,167.0,93.0,107.0,161.0,18.0,7.0,12.0,54.0,15.0,6.0,0.0
116.546,53,138334.0,600.0,84.0,600.0,622.0,0.0,1.0,0.0,0.0,0.5,0.019,0.487,0.518,0.508,0.034,0.493,0.533,0.0,0.0,-1.75,-5.4,-88.55,-88.46,0.0,0.0,0.0,0.0,0.0,0.0,-0.4,1.0,1.0,0.0,0.0,-0.0,-0.0,0.0,0.0,0.0,0.0,0.0,0.0,0.0,0.0,167.0,93.0,107.0,161.0,18.0,7.0,12.0,54.0,15.0,6.0,0.0
116.579,52,138386.0,600.0,84.0,600.0,622.0,0.0,1.0,0.0,0.0,0.5,0.019,0.487,0.518,0.508,0.034,0.493,0.533,0.0,0.0,-1.75,-5.4,-88.55,-88.46,0.0,0.0,0.0,0.0,0.0,0.0,-0.4,1.0,1.0,0.0,0.0,-0.0,-0.0,0.0,0.0,0.0,0.0,0.0,0.0,0.0,0.0,167.0,93.0,107.0,161.0,18.0,7.0,12.0,54.0,15.0,6.0,1.0
116.644,53,138439.0,600.0,84.0,600.0,620.0,0.0,1.0,0.0,0.0,0.5,0.019,0.494,0.518,0.508,0.034,0.501,0.532,0.0,0.0,-1.75,-5.39,-88.55,-88.46,0.0,0.0,0.0,0.0,0.0,0.0,-0.4,1.0,1.0,0.0,0.0,-0.0,-0.0,0.0,0.0,0.0,0.0,0.0,0.0,0.0,0.0,167.0,93.0,107.0,161.0,18.0,7.0,12.0,54.0,15.0,6.0,1.0
116.677,54,138493.0,600.0,84.0,600.0,620.0,0.0,1.0,0.0,0.0,0.5,0.019,0.494,0.518,0.508,0.034,0.501,0.532,0.0,0.0,-1.76,-5.4,-88.55,-88.46,0.0,0.0,0.0,0.0,0.0,0.0,-0.4,1.0,1.0,0.0,0.0,-0.0,-0.0,0.0,0.0,0.0,0.0,0.0,0.0,0.0,0.0,167.0,93.0,107.0,161.0,18.0,7.0,12.0,54.0,15.0,6.0,0.0
116.743,53,138546.0,600.0,85.0,600.0,620.0,0.0,1.0,0.0,0.0,0.5,0.019,0.494,0.518,0.508,0.034,0.501,0.532,0.0,0.0,-1.76,-5.4,-88.55,-88.46,0.0,0.0,0.0,0.0,0.0,0.0,-0.4,1.0,1.0,0.0,0.0,-0.0,-0.0,0.0,0.0,0.0,0.0,0.0,0.0,0.0,0.0,167.0,93.0,107.0,161.0,18.0,7.0,12.0,54.0,15.0,6.0,0.0
116.777,52,138598.0,600.0,85.0,600.0,620.0,0.0,1.0,0.0,0.0,0.5,0.019,0.494,0.518,0.508,0.034,0.501,0.532,0.0,0.0,-1.76,-5.4,-88.55,-88.46,0.0,0.0,0.0,0.0,0.0,0.0,-0.4,1.0,1.0,0.0,0.0,-0.0,-0.0,0.0,0.0,0.0,0.0,0.0,0.0,0.0,0.0,167.0,93.0,107.0,161.0,18.0,7.0,12.0,54.0,15.0,6.0,1.0
116.841,52,138650.0,600.0,85.0,600.0,620.0,0.0,1.0,0.0,0.0,0.5,0.019,0.497,0.517,0.508,0.034,0.505,0.532,0.0,0.0,-1.76,-5.4,-88.55,-88.46,0.0,0.0,0.0,0.0,0.0,0.0,-0.4,1.0,1.0,0.0,0.0,-0.0,-0.0,0.0,0.0,0.0,0.0,0.0,0.0,0.0,0.0,167.0,93.0,107.0,161.0,18.0,7.0,12.0,54.0,15.0,6.0,0.0
116.906,53,138703.0,600.0,85.0,600.0,620.0,0.0,1.0,0.0,0.0,0.5,0.019,0.497,0.517,0.508,0.034,0.505,0.532,0.0,0.0,-1.76,-5.4,-88.55,-88.46,0.0,0.0,0.0,0.0,0.0,0.0,-0.4,1.0,1.0,0.0,0.0,-0.0,-0.0,0.0,0.0,0.0,0.0,0.0,0.0,0.0,0.0,167.0,93.0,107.0,161.0,18.0,7.0,12.0,54.0,15.0,6.0,0.0
116.939,53,138756.0,600.0,86.0,600.0,620.0,0.0,1.0,0.0,0.0,0.5,0.019,0.497,0.517,0.508,0.034,0.505,0.532,0.0,0.0,-1.76,-5.4,-88.55,-88.46,0.0,0.0,0.0,0.0,0.0,0.0,-0.4,1.0,1.0,0.0,0.0,-0.0,-0.0,0.0,0.0,0.0,0.0,0.0,0.0,0.0,0.0,167.0,93.0,107.0,161.0,18.0,7.0,12.0,54.0,15.0,6.0,0.0
117.005,52,138808.0,600.0,86.0,600.0,620.0,0.0,1.0,0.0,0.0,0.5,0.019,0.497,0.517,0.508,0.034,0.505,0.532,0.0,0.0,-1.76,-5.4,-88.55,-88.46,0.0,0.0,0.0,0.0,0.0,0.0,-0.4,1.0,1.0,0.0,0.0,-0.0,-0.0,0.0,0.0,0.0,0.0,0.0,0.0,0.0,0.0,167.0,93.0,107.0,161.0,18.0,7.0,12.0,54.0,15.0,6.0,1.0
117.038,52,138860.0,600.0,86.0,600.0,620.0,0.0,1.0,0.0,0.0,0.5,0.02,0.499,0.517,0.508,0.034,0.506,0.531,0.0,0.0,-1.76,-5.4,-88.55,-88.46,0.0,0.0,0.0,0.0,0.0,0.0,-0.4,1.0,1.0,0.0,0.0,-0.0,-0.0,0.0,0.0,0.0,0.0,0.0,0.0,0.0,0.0,167.0,93.0,107.0,161.0,18.0,7.0,12.0,54.0,15.0,6.0,0.0
117.104,54,138914.0,600.0,86.0,600.0,620.0,0.0,1.0,0.0,0.0,0.5,0.02,0.499,0.517,0.508,0.034,0.506,0.531,0.0,0.0,-1.76,-5.4,-88.55,-88.46,0.0,0.0,0.0,0.0,0.0,0.0,-0.4,1.0,1.0,0.0,0.0,-0.0,-0.0,0.0,0.0,0.0,0.0,0.0,0.0,0.0,0.0,167.0,93.0,107.0,161.0,18.0,7.0,12.0,54.0,15.0,6.0,0.0
117.17,53,138967.0,600.0,86.0,600.0,620.0,0.0,1.0,0.0,0.0,0.5,0.02,0.499,0.517,0.508,0.034,0.506,0.531,0.0,0.0,-1.76,-5.4,-88.55,-88.46,0.0,0.0,0.0,0.0,0.0,0.0,-0.4,1.0,1.0,0.0,0.0,-0.0,-0.0,0.0,0.0,0.0,0.0,0.0,0.0,0.0,0.0,167.0,93.0,107.0,161.0,18.0,7.0,12.0,54.0,15.0,6.0,0.0
117.203,52,139019.0,600.0,86.0,600.0,620.0,0.0,1.0,0.0,0.0,0.5,0.02,0.499,0.517,0.508,0.034,0.506,0.531,0.0,0.0,-1.76,-5.4,-88.55,-88.46,0.0,0.0,0.0,0.0,0.0,0.0,-0.4,1.0,1.0,0.0,0.0,-0.0,-0.0,0.0,0.0,0.0,0.0,0.0,0.0,0.0,0.0,167.0,93.0,107.0,161.0,18.0,7.0,12.0,54.0,15.0,6.0,0.0
117.268,52,139071.0,600.0,86.0,600.0,621.0,0.0,1.0,0.0,0.0,0.5,0.02,0.499,0.517,0.508,0.034,0.507,0.532,0.0,0.0,-1.77,-5.4,-88.55,-88.46,0.0,0.0,0.0,0.0,0.0,0.0,-0.4,1.0,1.0,0.0,0.0,-0.0,-0.0,0.0,0.0,0.0,0.0,0.0,0.0,0.0,0.0,167.0,93.0,107.0,161.0,18.0,7.0,12.0,54.0,15.0,6.0,0.0
117.301,53,139124.0,600.0,86.0,600.0,621.0,0.0,1.0,0.0,0.0,0.5,0.02,0.499,0.517,0.508,0.034,0.507,0.532,0.0,0.0,-1.77,-5.4,-88.55,-88.46,0.0,0.0,0.0,0.0,0.0,0.0,-0.4,1.0,1.0,0.0,0.0,-0.0,-0.0,0.0,0.0,0.0,0.0,0.0,0.0,0.0,0.0,167.0,93.0,107.0,161.0,18.0,7.0,12.0,54.0,15.0,6.0,0.0
117.374,51,139175.0,600.0,86.0,600.0,621.0,0.0,1.0,0.0,0.0,0.5,0.02,0.499,0.517,0.508,0.034,0.507,0.532,0.0,0.0,-1.77,-5.4,-88.55,-88.46,0.0,0.0,0.0,0.0,0.0,0.0,-0.4,1.0,1.0,0.0,0.0,-0.0,-0.0,0.0,0.0,0.0,0.0,0.0,0.0,0.0,0.0,167.0,93.0,107.0,161.0,18.0,7.0,12.0,54.0,15.0,6.0,1.0
117.407,53,139228.0,600.0,86.0,600.0,621.0,0.0,1.0,0.0,0.0,0.5,0.02,0.499,0.517,0.508,0.034,0.507,0.532,0.0,0.0,-1.77,-5.4,-88.55,-88.46,0.0,0.0,0.0,0.0,0.0,0.0,-0.4,1.0,1.0,0.0,0.0,-0.0,-0.0,0.0,0.0,0.0,0.0,0.0,0.0,0.0,0.0,167.0,93.0,107.0,161.0,18.0,7.0,12.0,54.0,15.0,6.0,0.0
117.473,52,139280.0,600.0,86.0,600.0,623.0,0.0,1.0,0.0,0.0,0.5,0.02,0.5,0.518,0.508,0.035,0.508,0.533,0.0,0.0,-1.77,-5.4,-88.55,-88.46,0.0,0.0,0.0,0.0,0.0,0.0,-0.4,1.0,1.0,0.0,0.0,-0.0,-0.0,0.0,0.0,0.0,0.0,0.0,0.0,0.0,0.0,167.0,93.0,107.0,161.0,18.0,7.0,12.0,54.0,15.0,6.0,0.0
117.541,54,139334.0,600.0,86.0,600.0,623.0,0.0,1.0,0.0,0.0,0.5,0.02,0.5,0.518,0.508,0.035,0.508,0.533,0.0,0.0,-1.77,-5.4,-88.55,-88.46,0.0,0.0,0.0,0.0,0.0,0.0,-0.4,1.0,1.0,0.0,0.0,-0.0,-0.0,0.0,0.0,0.0,0.0,0.0,0.0,0.0,0.0,167.0,93.0,107.0,161.0,18.0,7.0,12.0,54.0,15.0,6.0,0.0
117.574,53,139387.0,600.0,86.0,600.0,623.0,0.0,1.0,0.0,0.0,0.5,0.02,0.5,0.518,0.508,0.035,0.508,0.533,0.0,0.0,-1.77,-5.4,-88.55,-88.46,0.0,0.0,0.0,0.0,0.0,0.0,-0.4,1.0,1.0,0.0,0.0,-0.0,-0.0,0.0,0.0,0.0,0.0,0.0,0.0,0.0,0.0,167.0,93.0,107.0,161.0,18.0,7.0,12.0,54.0,15.0,6.0,1.0
117.639,53,139440.0,600.0,86.0,600.0,623.0,0.0,1.0,0.0,0.0,0.5,0.02,0.5,0.518,0.508,0.035,0.508,0.533,0.0,0.0,-1.77,-5.4,-88.55,-88.46,0.0,0.0,0.0,0.0,0.0,0.0,-0.4,1.0,1.0,0.0,0.0,-0.0,-0.0,0.0,0.0,0.0,0.0,0.0,0.0,0.0,0.0,167.0,93.0,107.0,161.0,18.0,7.0,12.0,54.0,15.0,6.0,0.0
117.672,52,139492.0,600.0,86.0,600.0,623.0,0.0,1.0,0.0,0.0,0.5,0.02,0.5,0.518,0.508,0.035,0.508,0.533,0.0,0.0,-1.77,-5.4,-88.55,-88.46,0.0,0.0,0.0,0.0,0.0,0.0,-0.4,1.0,1.0,0.0,0.0,-0.0,-0.0,0.0,0.0,0.0,0.0,0.0,0.0,0.0,0.0,167.0,93.0,107.0,161.0,18.0,7.0,12.0,54.0,15.0,6.0,0.0
117.738,53,139545.0,600.0,86.0,600.0,623.0,0.0,1.0,0.0,0.0,0.5,0.02,0.5,0.518,0.508,0.035,0.508,0.533,0.0,0.0,-1.76,-5.4,-88.55,-88.46,0.0,0.0,0.0,0.0,0.0,0.0,-0.4,1.0,1.0,0.0,0.0,-0.0,-0.0,0.0,0.0,0.0,0.0,0.0,0.0,0.0,0.0,167.0,93.0,107.0,161.0,18.0,7.0,12.0,54.0,15.0,6.0,0.0
117.771,52,139597.0,600.0,86.0,600.0,623.0,0.0,1.0,0.0,0.0,0.5,0.02,0.5,0.518,0.508,0.035,0.508,0.533,0.0,0.0,-1.76,-5.4,-88.55,-88.46,0.0,0.0,0.0,0.0,0.0,0.0,-0.4,1.0,1.0,0.0,0.0,-0.0,-0.0,0.0,0.0,0.0,0.0,0.0,0.0,0.0,0.0,167.0,93.0,107.0,161.0,18.0,7.0,12.0,54.0,15.0,6.0,1.0
117.835,53,139650.0,600.0,86.0,600.0,623.0,0.0,1.0,0.0,0.0,0.5,0.02,0.5,0.518,0.508,0.035,0.508,0.533,0.0,0.0,-1.76,-5.4,-88.55,-88.46,0.0,0.0,0.0,0.0,0.0,0.0,-0.4,1.0,1.0,0.0,0.0,-0.0,-0.0,0.0,0.0,0.0,0.0,0.0,0.0,0.0,0.0,167.0,93.0,107.0,161.0,18.0,7.0,12.0,54.0,15.0,6.0,0.0
117.899,52,139702.0,600.0,86.0,600.0,624.0,0.0,1.0,0.0,0.0,0.5,0.02,0.5,0.519,0.508,0.035,0.508,0.533,0.0,0.0,-1.76,-5.4,-88.55,-88.46,0.0,0.0,0.0,0.0,0.0,0.0,-0.4,1.0,1.0,0.0,0.0,-0.0,-0.0,0.0,0.0,0.0,0.0,0.0,0.0,0.0,0.0,167.0,93.0,107.0,161.0,18.0,7.0,12.0,54.0,15.0,6.0,1.0
117.931,54,139756.0,600.0,86.0,600.0,624.0,0.0,1.0,0.0,0.0,0.5,0.02,0.5,0.519,0.508,0.035,0.508,0.533,0.0,0.0,-1.76,-5.4,-88.55,-88.46,0.0,0.0,0.0,0.0,0.0,0.0,-0.4,1.0,1.0,0.0,0.0,-0.0,-0.0,0.0,0.0,0.0,0.0,0.0,0.0,0.0,0.0,167.0,93.0,107.0,161.0,18.0,7.0,12.0,54.0,15.0,6.0,0.0
117.994,51,139807.0,600.0,86.0,600.0,624.0,0.0,1.0,0.0,0.0,0.5,0.02,0.5,0.519,0.508,0.035,0.508,0.533,0.0,0.0,-1.76,-5.4,-88.55,-88.46,0.0,0.0,0.0,0.0,0.0,0.0,-0.4,1.0,1.0,0.0,0.0,-0.0,-0.0,0.0,0.0,0.0,0.0,0.0,0.0,0.0,0.0,167.0,93.0,107.0,161.0,18.0,7.0,12.0,54.0,15.0,6.0,1.0
118.06,53,139860.0,600.0,86.0,600.0,624.0,0.0,1.0,0.0,0.0,0.5,0.02,0.5,0.519,0.508,0.035,0.508,0.533,0.0,0.0,-1.76,-5.4,-88.55,-88.46,0.0,0.0,0.0,0.0,0.0,0.0,-0.4,1.0,1.0,0.0,0.0,-0.0,-0.0,0.0,0.0,0.0,0.0,0.0,0.0,0.0,0.0,167.0,93.0,107.0,161.0,18.0,7.0,12.0,54.0,15.0,6.0,0.0
118.093,52,139912.0,600.0,86.0,600.0,626.0,0.0,1.0,0.0,0.0,0.5,0.02,0.5,0.52,0.508,0.035,0.508,0.534,0.0,0.0,-1.76,-5.4,-88.55,-88.46,0.0,0.0,0.0,0.0,0.0,0.0,-0.4,1.0,1.0,0.0,0.0,-0.0,-0.0,0.0,0.0,0.0,0.0,0.0,0.0,0.0,0.0,167.0,93.0,107.0,161.0,18.0,7.0,12.0,54.0,15.0,6.0,0.0
118.159,53,139965.0,600.0,86.0,600.0,626.0,0.0,1.0,0.0,0.0,0.5,0.02,0.5,0.52,0.508,0.035,0.508,0.534,0.0,0.0,-1.75,-5.4,-88.55,-88.46,0.0,0.0,0.0,0.0,0.0,0.0,-0.4,1.0,1.0,0.0,0.0,-0.0,-0.0,0.0,0.0,0.0,0.0,0.0,0.0,0.0,0.0,167.0,93.0,107.0,161.0,18.0,7.0,12.0,54.0,15.0,6.0,0.0
118.192,51,140016.0,600.0,85.0,600.0,626.0,0.0,1.0,0.0,0.0,0.5,0.02,0.5,0.52,0.508,0.035,0.508,0.534,0.0,0.0,-1.75,-5.4,-88.55,-88.46,0.0,0.0,0.0,0.0,0.0,0.0,-0.4,1.0,1.0,0.0,0.0,-0.0,-0.0,0.0,0.0,0.0,0.0,0.0,0.0,0.0,0.0,167.0,93.0,107.0,161.0,18.0,7.0,12.0,54.0,15.0,6.0,0.0
118.258,53,140069.0,600.0,85.0,600.0,626.0,0.0,1.0,0.0,0.0,0.5,0.02,0.5,0.52,0.508,0.035,0.508,0.534,0.0,0.0,-1.75,-5.4,-88.55,-88.46,0.0,0.0,0.0,0.0,0.0,0.0,-0.4,1.0,1.0,0.0,0.0,-0.0,-0.0,0.0,0.0,0.0,0.0,0.0,0.0,0.0,0.0,167.0,93.0,107.0,161.0,18.0,7.0,12.0,54.0,15.0,6.0,0.0
118.324,52,140121.0,600.0,85.0,600.0,628.0,0.0,1.0,0.0,0.0,0.5,0.02,0.5,0.521,0.508,0.035,0.508,0.536,0.0,0.0,-1.75,-5.4,-88.55,-88.46,0.0,0.0,0.0,0.0,0.0,0.0,-0.4,1.0,1.0,0.0,0.0,-0.0,-0.0,0.0,0.0,0.0,0.0,0.0,0.0,0.0,0.0,167.0,93.0,107.0,161.0,18.0,7.0,12.0,54.0,15.0,6.0,0.0
118.357,54,140175.0,600.0,85.0,600.0,628.0,0.0,1.0,0.0,0.0,0.5,0.02,0.5,0.521,0.508,0.035,0.508,0.536,0.0,0.0,-1.75,-5.41,-88.55,-88.46,0.0,0.0,0.0,0.0,0.0,0.0,-0.4,1.0,1.0,0.0,0.0,-0.0,-0.0,0.0,0.0,0.0,0.0,0.0,0.0,0.0,0.0,167.0,93.0,107.0,161.0,18.0,7.0,12.0,54.0,15.0,6.0,0.0
118.423,51,140226.0,600.0,86.0,600.0,628.0,0.0,1.0,0.0,0.0,0.5,0.02,0.5,0.521,0.508,0.035,0.508,0.536,0.0,0.0,-1.74,-5.4,-88.55,-88.46,0.0,0.0,0.0,0.0,0.0,0.0,-0.4,1.0,1.0,0.0,0.0,-0.0,-0.0,0.0,0.0,0.0,0.0,0.0,0.0,0.0,0.0,167.0,93.0,107.0,161.0,18.0,7.0,12.0,54.0,15.0,6.0,1.0
118.46,53,140279.0,600.0,86.0,600.0,628.0,0.0,1.0,0.0,0.0,0.5,0.02,0.5,0.521,0.508,0.035,0.508,0.536,0.0,0.0,-1.74,-5.4,-88.55,-88.46,0.0,0.0,0.0,0.0,0.0,0.0,-0.4,1.0,1.0,0.0,0.0,-0.0,-0.0,0.0,0.0,0.0,0.0,0.0,0.0,0.0,0.0,167.0,93.0,107.0,161.0,18.0,7.0,12.0,54.0,15.0,6.0,0.0
118.525,52,140331.0,600.0,86.0,600.0,628.0,0.0,1.0,0.0,0.0,0.5,0.02,0.5,0.522,0.508,0.035,0.508,0.537,0.0,0.0,-1.74,-5.4,-88.55,-88.46,0.0,0.0,0.0,0.0,0.0,0.0,-0.4,1.0,1.0,0.0,0.0,-0.0,-0.0,0.0,0.0,0.0,0.0,0.0,0.0,0.0,0.0,167.0,93.0,107.0,161.0,18.0,7.0,12.0,54.0,15.0,6.0,0.0
118.558,53,140384.0,600.0,86.0,600.0,628.0,0.0,1.0,0.0,0.0,0.5,0.02,0.5,0.522,0.508,0.035,0.508,0.537,0.0,0.0,-1.74,-5.4,-88.55,-88.46,0.0,0.0,0.0,0.0,0.0,0.0,-0.4,1.0,1.0,0.0,0.0,-0.0,-0.0,0.0,0.0,0.0,0.0,0.0,0.0,0.0,0.0,167.0,93.0,107.0,161.0,18.0,7.0,12.0,54.0,15.0,6.0,0.0
118.632,51,140435.0,600.0,86.0,600.0,628.0,0.0,1.0,0.0,0.0,0.5,0.02,0.5,0.522,0.508,0.035,0.508,0.537,0.0,0.0,-1.74,-5.4,-88.55,-88.46,0.0,0.0,0.0,0.0,0.0,0.0,-0.4,1.0,1.0,0.0,0.0,-0.0,-0.0,0.0,0.0,0.0,0.0,0.0,0.0,0.0,0.0,167.0,93.0,107.0,161.0,18.0,7.0,12.0,54.0,15.0,6.0,0.0
118.664,53,140488.0,600.0,86.0,600.0,628.0,0.0,1.0,0.0,0.0,0.5,0.02,0.5,0.522,0.508,0.035,0.508,0.537,0.0,0.0,-1.74,-5.4,-88.55,-88.46,0.0,0.0,0.0,0.0,0.0,0.0,-0.4,1.0,1.0,0.0,0.0,-0.0,-0.0,0.0,0.0,0.0,0.0,0.0,0.0,0.0,0.0,167.0,93.0,107.0,161.0,18.0,7.0,12.0,54.0,15.0,6.0,0.0
118.742,52,140540.0,600.0,86.0,600.0,629.0,0.0,1.0,0.0,0.0,0.5,0.02,0.5,0.523,0.508,0.035,0.508,0.538,0.0,0.0,-1.75,-5.4,-88.55,-88.46,0.0,0.0,0.0,0.0,0.0,0.0,-0.4,1.0,1.0,0.0,0.0,-0.0,-0.0,0.0,0.0,0.0,0.0,0.0,0.0,0.0,0.0,167.0,93.0,107.0,161.0,18.0,7.0,12.0,54.0,15.0,6.0,1.0
118.782,54,140594.0,600.0,86.0,600.0,629.0,0.0,1.0,0.0,0.0,0.5,0.02,0.5,0.523,0.508,0.035,0.508,0.538,0.0,0.0,-1.75,-5.4,-88.55,-88.46,0.0,0.0,0.0,0.0,0.0,0.0,-0.4,1.0,1.0,0.0,0.0,-0.0,-0.0,0.0,0.0,0.0,0.0,0.0,0.0,0.0,0.0,167.0,93.0,107.0,161.0,18.0,7.0,12.0,54.0,15.0,6.0,0.0
118.847,52,140646.0,600.0,85.0,600.0,629.0,0.0,1.0,0.0,0.0,0.5,0.02,0.5,0.523,0.508,0.035,0.508,0.538,0.0,0.0,-1.75,-5.4,-88.55,-88.46,0.0,0.0,0.0,0.0,0.0,0.0,-0.4,1.0,1.0,0.0,0.0,-0.0,-0.0,0.0,0.0,0.0,0.0,0.0,0.0,0.0,0.0,167.0,93.0,107.0,161.0,18.0,7.0,12.0,54.0,15.0,6.0,0.0
118.879,53,140699.0,600.0,85.0,600.0,629.0,0.0,1.0,0.0,0.0,0.5,0.02,0.5,0.523,0.508,0.035,0.508,0.538,0.0,0.0,-1.74,-5.4,-88.55,-88.46,0.0,0.0,0.0,0.0,0.0,0.0,-0.4,1.0,1.0,0.0,0.0,-0.0,-0.0,0.0,0.0,0.0,0.0,0.0,0.0,0.0,0.0,167.0,93.0,107.0,161.0,18.0,7.0,12.0,54.0,15.0,6.0,0.0
118.944,52,140751.0,600.0,85.0,600.0,627.0,0.0,1.0,0.0,0.0,0.5,0.02,0.5,0.523,0.508,0.034,0.508,0.537,0.0,0.0,-1.74,-5.4,-88.55,-88.46,0.0,0.0,0.0,0.0,0.0,0.0,-0.4,1.0,1.0,0.0,0.0,-0.0,-0.0,0.0,0.0,0.0,0.0,0.0,0.0,0.0,0.0,167.0,93.0,107.0,161.0,18.0,7.0,12.0,54.0,15.0,6.0,0.0
119.014,53,140804.0,600.0,85.0,600.0,627.0,0.0,1.0,0.0,0.0,0.5,0.02,0.5,0.523,0.508,0.034,0.508,0.537,0.0,0.0,-1.74,-5.4,-88.55,-88.46,0.0,0.0,0.0,0.0,0.0,0.0,-0.4,1.0,1.0,0.0,0.0,-0.0,-0.0,0.0,0.0,0.0,0.0,0.0,0.0,0.0,0.0,167.0,93.0,107.0,161.0,18.0,7.0,12.0,54.0,15.0,6.0,0.0
119.046,53,140857.0,600.0,84.0,600.0,627.0,0.0,1.0,0.0,0.0,0.5,0.02,0.5,0.523,0.508,0.034,0.508,0.537,0.0,0.0,-1.74,-5.4,-88.55,-88.46,0.0,0.0,0.0,0.0,0.0,0.0,-0.4,1.0,1.0,0.0,0.0,-0.0,-0.0,0.0,0.0,0.0,0.0,0.0,0.0,0.0,0.0,167.0,93.0,107.0,161.0,18.0,7.0,12.0,54.0,15.0,6.0,1.0
119.111,53,140910.0,600.0,84.0,600.0,627.0,0.0,1.0,0.0,0.0,0.5,0.02,0.5,0.523,0.508,0.034,0.508,0.537,0.0,0.0,-1.74,-5.4,-88.55,-88.46,0.0,0.0,0.0,0.0,0.0,0.0,-0.4,1.0,1.0,0.0,0.0,-0.0,-0.0,0.0,0.0,0.0,0.0,0.0,0.0,0.0,0.0,167.0,93.0,107.0,161.0,18.0,7.0,12.0,54.0,15.0,6.0,0.0
119.144,52,140962.0,600.0,84.0,600.0,625.0,0.0,1.0,0.0,0.0,0.5,0.019,0.5,0.521,0.508,0.034,0.508,0.536,0.0,0.0,-1.74,-5.4,-88.55,-88.46,0.0,0.0,0.0,0.0,0.0,0.0,-0.4,1.0,1.0,0.0,0.0,-0.0,-0.0,0.0,0.0,0.0,0.0,0.0,0.0,0.0,0.0,167.0,93.0,107.0,161.0,18.0,7.0,12.0,54.0,15.0,6.0,0.0
119.219,54,141016.0,600.0,84.0,600.0,625.0,0.0,1.0,0.0,0.0,0.5,0.019,0.5,0.521,0.508,0.034,0.508,0.536,0.0,0.0,-1.74,-5.4,-88.55,-88.46,0.0,0.0,0.0,0.0,0.0,0.0,-0.4,1.0,1.0,0.0,0.0,-0.0,-0.0,0.0,0.0,0.0,0.0,0.0,0.0,0.0,0.0,167.0,93.0,107.0,161.0,18.0,7.0,12.0,54.0,15.0,6.0,1.0
119.252,52,141068.0,600.0,85.0,600.0,625.0,0.0,1.0,0.0,0.0,0.5,0.019,0.5,0.521,0.508,0.034,0.508,0.536,0.0,0.0,-1.74,-5.4,-88.55,-88.46,0.0,0.0,0.0,0.0,0.0,0.0,-0.4,1.0,1.0,0.0,0.0,-0.0,-0.0,0.0,0.0,0.0,0.0,0.0,0.0,0.0,0.0,167.0,93.0,107.0,161.0,18.0,7.0,12.0,54.0,15.0,6.0,0.0
119.319,52,141120.0,600.0,85.0,600.0,625.0,0.0,1.0,0.0,0.0,0.5,0.019,0.5,0.521,0.508,0.034,0.508,0.536,0.0,0.0,-1.75,-5.4,-88.55,-88.46,0.0,0.0,0.0,0.0,0.0,0.0,-0.4,1.0,1.0,0.0,0.0,-0.0,-0.0,0.0,0.0,0.0,0.0,0.0,0.0,0.0,0.0,167.0,93.0,107.0,161.0,18.0,7.0,12.0,54.0,15.0,6.0,1.0
119.352,52,141172.0,600.0,85.0,600.0,623.0,0.0,1.0,0.0,0.0,0.5,0.019,0.5,0.52,0.508,0.034,0.508,0.535,0.0,0.0,-1.75,-5.4,-88.55,-88.46,0.0,0.0,0.0,0.0,0.0,0.0,-0.4,1.0,1.0,0.0,0.0,-0.0,-0.0,0.0,0.0,0.0,0.0,0.0,0.0,0.0,0.0,167.0,93.0,107.0,161.0,18.0,7.0,12.0,54.0,15.0,6.0,0.0
119.419,53,141225.0,600.0,85.0,600.0,623.0,0.0,1.0,0.0,0.0,0.5,0.019,0.5,0.52,0.508,0.034,0.508,0.535,0.0,0.0,-1.75,-5.4,-88.55,-88.46,0.0,0.0,0.0,0.0,0.0,0.0,-0.4,1.0,1.0,0.0,0.0,-0.0,-0.0,0.0,0.0,0.0,0.0,0.0,0.0,0.0,0.0,167.0,93.0,107.0,161.0,18.0,7.0,12.0,54.0,15.0,6.0,0.0
119.452,52,141277.0,600.0,85.0,600.0,623.0,0.0,1.0,0.0,0.0,0.5,0.019,0.5,0.52,0.508,0.034,0.508,0.535,0.0,0.0,-1.75,-5.4,-88.55,-88.46,0.0,0.0,0.0,0.0,0.0,0.0,-0.4,1.0,1.0,0.0,0.0,-0.0,-0.0,0.0,0.0,0.0,0.0,0.0,0.0,0.0,0.0,167.0,93.0,107.0,161.0,18.0,7.0,12.0,54.0,15.0,6.0,0.0
119.518,52,141329.0,600.0,85.0,600.0,623.0,0.0,1.0,0.0,0.0,0.5,0.019,0.5,0.52,0.508,0.034,0.508,0.535,0.0,0.0,-1.75,-5.4,-88.55,-88.46,0.0,0.0,0.0,0.0,0.0,0.0,-0.4,1.0,1.0,0.0,0.0,-0.0,-0.0,0.0,0.0,0.0,0.0,0.0,0.0,0.0,0.0,167.0,93.0,107.0,161.0,18.0,7.0,12.0,54.0,15.0,6.0,1.0
119.586,52,141381.0,600.0,85.0,600.0,621.0,0.0,1.0,0.0,0.0,0.5,0.02,0.5,0.519,0.508,0.034,0.508,0.533,0.0,0.0,-1.76,-5.4,-88.55,-88.46,0.0,0.0,0.0,0.0,0.0,0.0,-0.4,1.0,1.0,0.0,0.0,-0.0,-0.0,0.0,0.0,0.0,0.0,0.0,0.0,0.0,0.0,167.0,93.0,107.0,161.0,18.0,7.0,12.0,54.0,15.0,6.0,0.0
119.619,54,141435.0,600.0,85.0,600.0,621.0,0.0,1.0,0.0,0.0,0.5,0.02,0.5,0.519,0.508,0.034,0.508,0.533,0.0,0.0,-1.76,-5.4,-88.55,-88.46,0.0,0.0,0.0,0.0,0.0,0.0,-0.4,1.0,1.0,0.0,0.0,-0.0,-0.0,0.0,0.0,0.0,0.0,0.0,0.0,0.0,0.0,167.0,93.0,107.0,161.0,18.0,7.0,12.0,54.0,15.0,6.0,1.0
119.685,54,141489.0,600.0,86.0,600.0,621.0,0.0,1.0,0.0,0.0,0.5,0.02,0.5,0.519,0.508,0.034,0.508,0.533,0.0,0.0,-1.76,-5.39,-88.55,-88.46,0.0,0.0,0.0,0.0,0.0,0.0,-0.4,1.0,1.0,0.0,0.0,-0.0,-0.0,0.0,0.0,0.0,0.0,0.0,0.0,0.0,0.0,167.0,93.0,107.0,161.0,18.0,7.0,12.0,54.0,15.0,6.0,0.0
119.718,52,141541.0,600.0,86.0,600.0,621.0,0.0,1.0,0.0,0.0,0.5,0.02,0.5,0.519,0.508,0.034,0.508,0.533,0.0,0.0,-1.76,-5.39,-88.55,-88.46,0.0,0.0,0.0,0.0,0.0,0.0,-0.4,1.0,1.0,0.0,0.0,-0.0,-0.0,0.0,0.0,0.0,0.0,0.0,0.0,0.0,0.0,167.0,93.0,107.0,161.0,18.0,7.0,12.0,54.0,15.0,6.0,0.0
119.784,53,141594.0,600.0,86.0,600.0,620.0,0.0,1.0,0.0,0.0,0.5,0.02,0.5,0.517,0.508,0.034,0.508,0.532,0.0,0.0,-1.76,-5.39,-88.55,-88.46,0.0,0.0,0.0,0.0,0.0,0.0,-0.4,1.0,1.0,0.0,0.0,-0.0,-0.0,0.0,0.0,0.0,0.0,0.0,0.0,0.0,0.0,167.0,93.0,107.0,161.0,18.0,7.0,12.0,54.0,15.0,6.0,0.0
119.85,53,141647.0,600.0,86.0,600.0,620.0,0.0,1.0,0.0,0.0,0.5,0.02,0.5,0.517,0.508,0.034,0.508,0.532,0.0,0.0,-1.77,-5.39,-88.55,-88.46,0.0,0.0,0.0,0.0,0.0,0.0,-0.4,1.0,1.0,0.0,0.0,-0.0,-0.0,0.0,0.0,0.0,0.0,0.0,0.0,0.0,0.0,167.0,93.0,107.0,161.0,18.0,7.0,12.0,54.0,15.0,6.0,0.0
119.882,53,141700.0,600.0,86.0,600.0,620.0,0.0,1.0,0.0,0.0,0.5,0.02,0.5,0.517,0.508,0.034,0.508,0.532,0.0,0.0,-1.77,-5.39,-88.55,-88.46,0.0,0.0,0.0,0.0,0.0,0.0,-0.4,1.0,1.0,0.0,0.0,-0.0,-0.0,0.0,0.0,0.0,0.0,0.0,0.0,0.0,0.0,167.0,93.0,107.0,161.0,18.0,7.0,12.0,54.0,15.0,6.0,0.0
119.947,52,141752.0,600.0,86.0,600.0,620.0,0.0,1.0,0.0,0.0,0.5,0.02,0.5,0.517,0.508,0.034,0.508,0.532,0.0,0.0,-1.77,-5.39,-88.54,-88.46,0.0,0.0,0.0,0.0,0.0,0.0,-0.4,1.0,1.0,0.0,0.0,-0.0,-0.0,0.0,0.0,0.0,0.0,0.0,0.0,0.0,0.0,167.0,93.0,107.0,161.0,18.0,7.0,12.0,54.0,15.0,6.0,0.0
119.98,53,141805.0,600.0,86.0,600.0,620.0,0.0,1.0,0.0,0.0,0.5,0.02,0.5,0.517,0.508,0.035,0.508,0.531,0.0,0.0,-1.78,-5.4,-88.54,-88.46,0.0,0.0,0.0,0.0,0.0,0.0,-0.4,1.0,1.0,0.0,0.0,-0.0,-0.0,0.0,0.0,0.0,0.0,0.0,0.0,0.0,0.0,167.0,93.0,107.0,161.0,18.0,7.0,12.0,54.0,15.0,6.0,0.0
120.045,54,141859.0,600.0,86.0,600.0,620.0,0.0,1.0,0.0,0.0,0.5,0.02,0.5,0.517,0.508,0.035,0.508,0.531,0.0,0.0,-1.78,-5.4,-88.54,-88.46,0.0,0.0,0.0,0.0,0.0,0.0,-0.4,1.0,1.0,0.0,0.0,-0.0,-0.0,0.0,0.0,0.0,0.0,0.0,0.0,0.0,0.0,167.0,93.0,107.0,161.0,18.0,7.0,12.0,54.0,15.0,6.0,1.0
120.108,53,141912.0,600.0,87.0,600.0,620.0,0.0,1.0,0.0,0.0,0.5,0.02,0.5,0.517,0.508,0.035,0.508,0.531,0.0,0.0,-1.78,-5.4,-88.54,-88.46,0.0,0.0,0.0,0.0,0.0,0.0,-0.4,1.0,1.0,0.0,0.0,-0.0,-0.0,0.0,0.0,0.0,0.0,0.0,0.0,0.0,0.0,167.0,93.0,107.0,161.0,18.0,7.0,12.0,54.0,15.0,6.0,0.0
120.14,52,141964.0,600.0,87.0,600.0,620.0,0.0,1.0,0.0,0.0,0.5,0.02,0.5,0.517,0.508,0.035,0.508,0.531,0.0,0.0,-1.78,-5.4,-88.54,-88.46,0.0,0.0,0.0,0.0,0.0,0.0,-0.4,1.0,1.0,0.0,0.0,-0.0,-0.0,0.0,0.0,0.0,0.0,0.0,0.0,0.0,0.0,167.0,93.0,107.0,161.0,18.0,7.0,12.0,54.0,15.0,6.0,0.0
120.204,53,142017.0,600.0,87.0,600.0,622.0,0.0,1.0,0.0,0.0,0.5,0.02,0.5,0.517,0.508,0.035,0.508,0.532,0.0,0.0,-1.78,-5.4,-88.54,-88.46,0.0,0.0,0.0,0.0,0.0,0.0,-0.4,1.0,1.0,0.0,0.0,-0.0,-0.0,0.0,0.0,0.0,0.0,0.0,0.0,0.0,0.0,167.0,93.0,107.0,161.0,18.0,7.0,12.0,54.0,15.0,6.0,0.0
120.267,53,142070.0,600.0,87.0,600.0,622.0,0.0,1.0,0.0,0.0,0.5,0.02,0.5,0.517,0.508,0.035,0.508,0.532,0.0,0.0,-1.78,-5.4,-88.54,-88.46,0.0,0.0,0.0,0.0,0.0,0.0,-0.4,1.0,1.0,0.0,0.0,-0.0,-0.0,0.0,0.0,0.0,0.0,0.0,0.0,0.0,0.0,167.0,93.0,107.0,161.0,18.0,7.0,12.0,54.0,15.0,6.0,1.0
120.299,53,142123.0,600.0,86.0,600.0,622.0,0.0,1.0,0.0,0.0,0.5,0.02,0.5,0.517,0.508,0.035,0.508,0.532,0.0,0.0,-1.78,-5.39,-88.54,-88.46,0.0,0.0,0.0,0.0,0.0,0.0,-0.4,1.0,1.0,0.0,0.0,-0.0,-0.0,0.0,0.0,0.0,0.0,0.0,0.0,0.0,0.0,167.0,93.0,107.0,161.0,18.0,7.0,12.0,54.0,15.0,6.0,0.0
120.376,52,142175.0,600.0,86.0,600.0,622.0,0.0,1.0,0.0,0.0,0.5,0.02,0.5,0.517,0.508,0.035,0.508,0.532,0.0,0.0,-1.78,-5.39,-88.54,-88.46,0.0,0.0,0.0,0.0,0.0,0.0,-0.4,1.0,1.0,0.0,0.0,-0.0,-0.0,0.0,0.0,0.0,0.0,0.0,0.0,0.0,0.0,167.0,93.0,107.0,161.0,18.0,7.0,12.0,54.0,15.0,6.0,0.0
120.408,53,142228.0,600.0,86.0,600.0,622.0,0.0,1.0,0.0,0.0,0.5,0.02,0.5,0.518,0.508,0.035,0.508,0.532,0.0,0.0,-1.78,-5.39,-88.54,-88.46,0.0,0.0,0.0,0.0,0.0,0.0,-0.4,1.0,1.0,0.0,0.0,-0.0,-0.0,0.0,0.0,0.0,0.0,0.0,0.0,0.0,0.0,167.0,93.0,107.0,161.0,18.0,7.0,12.0,54.0,15.0,6.0,0.0
120.474,54,142282.0,600.0,86.0,600.0,622.0,0.0,1.0,0.0,0.0,0.5,0.02,0.5,0.518,0.508,0.035,0.508,0.532,0.0,0.0,-1.78,-5.39,-88.54,-88.46,0.0,0.0,0.0,0.0,0.0,0.0,-0.4,1.0,1.0,0.0,0.0,-0.0,-0.0,0.0,0.0,0.0,0.0,0.0,0.0,0.0,0.0,167.0,93.0,107.0,161.0,18.0,7.0,12.0,54.0,15.0,6.0,0.0
120.539,53,142335.0,600.0,85.0,600.0,622.0,0.0,1.0,0.0,0.0,0.5,0.02,0.5,0.518,0.508,0.035,0.508,0.532,0.0,0.0,-1.79,-5.39,-88.54,-88.46,0.0,0.0,0.0,0.0,0.0,0.0,-0.4,1.0,1.0,0.0,0.0,-0.0,-0.0,0.0,0.0,0.0,0.0,0.0,0.0,0.0,0.0,167.0,93.0,107.0,161.0,18.0,7.0,12.0,54.0,15.0,6.0,0.0
120.571,52,142387.0,600.0,85.0,600.0,622.0,0.0,1.0,0.0,0.0,0.5,0.02,0.5,0.518,0.508,0.035,0.508,0.532,0.0,0.0,-1.78,-5.38,-88.54,-88.46,0.0,0.0,0.0,0.0,0.0,0.0,-0.4,1.0,1.0,0.0,0.0,-0.0,-0.0,0.0,0.0,0.0,0.0,0.0,0.0,0.0,0.0,167.0,93.0,107.0,161.0,18.0,7.0,12.0,54.0,15.0,6.0,0.0
120.636,53,142440.0,600.0,85.0,600.0,622.0,0.0,1.0,0.0,0.0,0.5,0.02,0.5,0.518,0.508,0.035,0.508,0.532,0.0,0.0,-1.78,-5.38,-88.54,-88.46,0.0,0.0,0.0,0.0,0.0,0.0,-0.4,1.0,1.0,0.0,0.0,-0.0,-0.0,0.0,0.0,0.0,0.0,0.0,0.0,0.0,0.0,167.0,93.0,107.0,161.0,18.0,7.0,12.0,54.0,15.0,6.0,0.0
120.669,53,142493.0,600.0,85.0,600.0,622.0,0.0,1.0,0.0,0.0,0.5,0.02,0.5,0.518,0.508,0.035,0.508,0.532,0.0,0.0,-1.78,-5.38,-88.54,-88.46,0.0,0.0,0.0,0.0,0.0,0.0,-0.4,1.0,1.0,0.0,0.0,-0.0,-0.0,0.0,0.0,0.0,0.0,0.0,0.0,0.0,0.0,167.0,93.0,107.0,161.0,18.0,7.0,12.0,54.0,15.0,6.0,0.0
120.734,53,142546.0,600.0,85.0,600.0,622.0,0.0,1.0,0.0,0.0,0.5,0.02,0.5,0.518,0.508,0.035,0.508,0.532,0.0,0.0,-1.79,-5.38,-88.54,-88.46,0.0,0.0,0.0,0.0,0.0,0.0,-0.4,1.0,1.0,0.0,0.0,-0.0,-0.0,0.0,0.0,0.0,0.0,0.0,0.0,0.0,0.0,167.0,93.0,107.0,161.0,18.0,7.0,12.0,54.0,15.0,6.0,0.0
120.797,53,142599.0,600.0,85.0,600.0,622.0,0.0,1.0,0.0,0.0,0.5,0.02,0.5,0.518,0.508,0.035,0.508,0.532,0.0,0.0,-1.79,-5.38,-88.54,-88.46,0.0,0.0,0.0,0.0,0.0,0.0,-0.4,1.0,1.0,0.0,0.0,-0.0,-0.0,0.0,0.0,0.0,0.0,0.0,0.0,0.0,0.0,167.0,93.0,107.0,161.0,18.0,7.0,12.0,54.0,15.0,6.0,0.0
120.83,53,142652.0,600.0,85.0,600.0,622.0,0.0,1.0,0.0,0.0,0.5,0.02,0.5,0.518,0.508,0.035,0.508,0.533,0.0,0.0,-1.79,-5.38,-88.54,-88.46,0.0,0.0,0.0,0.0,0.0,0.0,-0.4,1.0,1.0,0.0,0.0,-0.0,-0.0,0.0,0.0,0.0,0.0,0.0,0.0,0.0,0.0,167.0,93.0,107.0,161.0,18.0,7.0,12.0,54.0,15.0,6.0,0.0
120.895,54,142706.0,600.0,85.0,600.0,622.0,0.0,1.0,0.0,0.0,0.5,0.02,0.5,0.518,0.508,0.035,0.508,0.533,0.0,0.0,-1.79,-5.38,-88.54,-88.46,0.0,0.0,0.0,0.0,0.0,0.0,-0.4,1.0,1.0,0.0,0.0,-0.0,-0.0,0.0,0.0,0.0,0.0,0.0,0.0,0.0,0.0,167.0,93.0,107.0,161.0,18.0,7.0,12.0,54.0,15.0,6.0,0.0
120.961,53,142759.0,600.0,86.0,600.0,622.0,0.0,1.0,0.0,0.0,0.5,0.02,0.5,0.518,0.508,0.035,0.508,0.533,0.0,0.0,-1.79,-5.38,-88.54,-88.46,0.0,0.0,0.0,0.0,0.0,0.0,-0.4,1.0,1.0,0.0,0.0,-0.0,-0.0,0.0,0.0,0.0,0.0,0.0,0.0,0.0,0.0,167.0,93.0,107.0,161.0,18.0,7.0,12.0,54.0,15.0,6.0,1.0
120.992,52,142811.0,600.0,86.0,600.0,622.0,0.0,1.0,0.0,0.0,0.5,0.02,0.5,0.518,0.508,0.035,0.508,0.533,0.0,0.0,-1.79,-5.38,-88.54,-88.46,0.0,0.0,0.0,0.0,0.0,0.0,-0.4,1.0,1.0,0.0,0.0,-0.0,-0.0,0.0,0.0,0.0,0.0,0.0,0.0,0.0,0.0,167.0,93.0,107.0,161.0,18.0,7.0,12.0,54.0,15.0,6.0,0.0
121.057,52,142863.0,600.0,86.0,600.0,622.0,0.0,1.0,0.0,0.0,0.5,0.02,0.5,0.518,0.508,0.035,0.508,0.533,0.0,0.0,-1.79,-5.38,-88.54,-88.46,0.0,0.0,0.0,0.0,0.0,0.0,-0.4,1.0,1.0,0.0,0.0,-0.0,-0.0,0.0,0.0,0.0,0.0,0.0,0.0,0.0,0.0,167.0,93.0,107.0,161.0,18.0,7.0,12.0,54.0,15.0,6.0,0.0
121.09,53,142916.0,600.0,86.0,600.0,622.0,0.0,1.0,0.0,0.0,0.5,0.02,0.5,0.518,0.508,0.035,0.508,0.533,0.0,0.0,-1.79,-5.38,-88.54,-88.46,0.0,0.0,0.0,0.0,0.0,0.0,-0.4,1.0,1.0,0.0,0.0,-0.0,-0.0,0.0,0.0,0.0,0.0,0.0,0.0,0.0,0.0,167.0,93.0,107.0,161.0,18.0,7.0,12.0,54.0,15.0,6.0,0.0
121.155,52,142968.0,600.0,85.0,600.0,622.0,0.0,1.0,0.0,0.0,0.5,0.02,0.5,0.518,0.508,0.035,0.508,0.533,0.0,0.0,-1.79,-5.37,-88.54,-88.46,0.0,0.0,0.0,0.0,0.0,0.0,-0.4,1.0,1.0,0.0,0.0,-0.0,-0.0,0.0,0.0,0.0,0.0,0.0,0.0,0.0,0.0,167.0,93.0,107.0,161.0,18.0,7.0,12.0,54.0,15.0,6.0,0.0
121.221,53,143021.0,600.0,85.0,600.0,622.0,0.0,1.0,0.0,0.0,0.5,0.02,0.5,0.518,0.508,0.035,0.508,0.533,0.0,0.0,-1.79,-5.38,-88.54,-88.46,0.0,0.0,0.0,0.0,0.0,0.0,-0.4,1.0,1.0,0.0,0.0,-0.0,-0.0,0.0,0.0,0.0,0.0,0.0,0.0,0.0,0.0,167.0,93.0,107.0,161.0,18.0,7.0,12.0,54.0,15.0,6.0,0.0
121.253,52,143073.0,600.0,85.0,600.0,621.0,0.0,1.0,0.0,0.0,0.5,0.02,0.5,0.518,0.508,0.034,0.508,0.532,0.0,0.0,-1.79,-5.38,-88.54,-88.46,0.0,0.0,0.0,0.0,0.0,0.0,-0.4,1.0,1.0,0.0,0.0,-0.0,-0.0,0.0,0.0,0.0,0.0,0.0,0.0,0.0,0.0,167.0,93.0,107.0,161.0,18.0,7.0,12.0,54.0,15.0,6.0,0.0
121.317,54,143127.0,600.0,85.0,600.0,621.0,0.0,1.0,0.0,0.0,0.5,0.02,0.5,0.518,0.508,0.034,0.508,0.532,0.0,0.0,-1.79,-5.38,-88.54,-88.46,0.0,0.0,0.0,0.0,0.0,0.0,-0.4,1.0,1.0,0.0,0.0,-0.0,-0.0,0.0,0.0,0.0,0.0,0.0,0.0,0.0,0.0,167.0,93.0,107.0,161.0,18.0,7.0,12.0,54.0,15.0,6.0,0.0
121.389,51,143178.0,600.0,86.0,600.0,621.0,0.0,1.0,0.0,0.0,0.5,0.02,0.5,0.518,0.508,0.034,0.508,0.532,0.0,0.0,-1.79,-5.38,-88.54,-88.46,0.0,0.0,0.0,0.0,0.0,0.0,-0.4,1.0,1.0,0.0,0.0,-0.0,-0.0,0.0,0.0,0.0,0.0,0.0,0.0,0.0,0.0,167.0,93.0,107.0,161.0,18.0,7.0,12.0,54.0,15.0,6.0,1.0
121.422,53,143231.0,600.0,86.0,600.0,621.0,0.0,1.0,0.0,0.0,0.5,0.02,0.5,0.518,0.508,0.034,0.508,0.532,0.0,0.0,-1.79,-5.38,-88.54,-88.46,0.0,0.0,0.0,0.0,0.0,0.0,-0.4,1.0,1.0,0.0,0.0,-0.0,-0.0,0.0,0.0,0.0,0.0,0.0,0.0,0.0,0.0,167.0,93.0,107.0,161.0,18.0,7.0,12.0,54.0,15.0,6.0,0.0
121.46,52,143283.0,600.0,86.0,600.0,620.0,0.0,1.0,0.0,0.0,0.5,0.02,0.5,0.517,0.508,0.035,0.508,0.532,0.0,0.0,-1.79,-5.38,-88.54,-88.46,0.0,0.0,0.0,0.0,0.0,0.0,-0.4,1.0,1.0,0.0,0.0,-0.0,-0.0,0.0,0.0,0.0,0.0,0.0,0.0,0.0,0.0,167.0,93.0,107.0,161.0,18.0,7.0,12.0,54.0,15.0,6.0,1.0
121.526,53,143336.0,600.0,86.0,600.0,620.0,0.0,1.0,0.0,0.0,0.5,0.02,0.5,0.517,0.508,0.035,0.508,0.532,0.0,0.0,-1.79,-5.38,-88.54,-88.46,0.0,0.0,0.0,0.0,0.0,0.0,-0.4,1.0,1.0,0.0,0.0,-0.0,-0.0,0.0,0.0,0.0,0.0,0.0,0.0,0.0,0.0,167.0,93.0,107.0,161.0,18.0,7.0,12.0,54.0,15.0,6.0,0.0
121.592,52,143388.0,600.0,86.0,600.0,620.0,0.0,1.0,0.0,0.0,0.5,0.02,0.5,0.517,0.508,0.035,0.508,0.532,0.0,0.0,-1.79,-5.39,-88.54,-88.46,0.0,0.0,0.0,0.0,0.0,0.0,-0.4,1.0,1.0,0.0,0.0,-0.0,-0.0,0.0,0.0,0.0,0.0,0.0,0.0,0.0,0.0,167.0,93.0,107.0,161.0,18.0,7.0,12.0,54.0,15.0,6.0,0.0
121.625,53,143441.0,600.0,86.0,600.0,620.0,0.0,1.0,0.0,0.0,0.5,0.02,0.5,0.517,0.508,0.035,0.508,0.532,0.0,0.0,-1.79,-5.39,-88.54,-88.46,0.0,0.0,0.0,0.0,0.0,0.0,-0.4,1.0,1.0,0.0,0.0,-0.0,-0.0,0.0,0.0,0.0,0.0,0.0,0.0,0.0,0.0,167.0,93.0,107.0,161.0,18.0,7.0,12.0,54.0,15.0,6.0,1.0
121.69,52,143493.0,600.0,86.0,600.0,620.0,0.0,1.0,0.0,0.0,0.5,0.02,0.5,0.517,0.508,0.035,0.508,0.531,0.0,0.0,-1.79,-5.39,-88.54,-88.46,0.0,0.0,0.0,0.0,0.0,0.0,-0.4,1.0,1.0,0.0,0.0,-0.0,-0.0,0.0,0.0,0.0,0.0,0.0,0.0,0.0,0.0,167.0,93.0,107.0,161.0,18.0,7.0,12.0,54.0,15.0,6.0,0.0
121.723,54,143547.0,600.0,86.0,600.0,620.0,0.0,1.0,0.0,0.0,0.5,0.02,0.5,0.517,0.508,0.035,0.508,0.531,0.0,0.0,-1.79,-5.38,-88.54,-88.46,0.0,0.0,0.0,0.0,0.0,0.0,-0.4,1.0,1.0,0.0,0.0,-0.0,-0.0,0.0,0.0,0.0,0.0,0.0,0.0,0.0,0.0,167.0,93.0,107.0,161.0,18.0,7.0,12.0,54.0,15.0,6.0,0.0
121.79,53,143600.0,600.0,85.0,600.0,620.0,0.0,1.0,0.0,0.0,0.5,0.02,0.5,0.517,0.508,0.035,0.508,0.531,0.0,0.0,-1.79,-5.38,-88.54,-88.46,0.0,0.0,0.0,0.0,0.0,0.0,-0.4,1.0,1.0,0.0,0.0,-0.0,-0.0,0.0,0.0,0.0,0.0,0.0,0.0,0.0,0.0,167.0,93.0,107.0,161.0,18.0,7.0,12.0,54.0,15.0,6.0,1.0
121.856,53,143653.0,600.0,85.0,600.0,620.0,0.0,1.0,0.0,0.0,0.5,0.02,0.5,0.517,0.508,0.035,0.508,0.531,0.0,0.0,-1.79,-5.38,-88.54,-88.46,0.0,0.0,0.0,0.0,0.0,0.0,-0.4,1.0,1.0,0.0,0.0,-0.0,-0.0,0.0,0.0,0.0,0.0,0.0,0.0,0.0,0.0,167.0,93.0,107.0,161.0,18.0,7.0,12.0,54.0,15.0,6.0,1.0
121.889,52,143705.0,600.0,85.0,600.0,621.0,0.0,1.0,0.0,0.0,0.5,0.02,0.5,0.517,0.508,0.034,0.508,0.532,0.0,0.0,-1.79,-5.38,-88.54,-88.46,0.0,0.0,0.0,0.0,0.0,0.0,-0.4,1.0,1.0,0.0,0.0,-0.0,-0.0,0.0,0.0,0.0,0.0,0.0,0.0,0.0,0.0,167.0,93.0,107.0,161.0,18.0,7.0,12.0,54.0,15.0,6.0,0.0
121.961,53,143758.0,600.0,85.0,600.0,621.0,0.0,1.0,0.0,0.0,0.5,0.02,0.5,0.517,0.508,0.034,0.508,0.532,0.0,0.0,-1.79,-5.38,-88.54,-88.46,0.0,0.0,0.0,0.0,0.0,0.0,-0.4,1.0,1.0,0.0,0.0,-0.0,-0.0,0.0,0.0,0.0,0.0,0.0,0.0,0.0,0.0,167.0,93.0,107.0,161.0,18.0,7.0,12.0,54.0,15.0,6.0,0.0
121.993,51,143809.0,600.0,85.0,600.0,621.0,0.0,1.0,0.0,0.0,0.5,0.02,0.5,0.517,0.508,0.034,0.508,0.532,0.0,0.0,-1.79,-5.38,-88.54,-88.46,0.0,0.0,0.0,0.0,0.0,0.0,-0.4,1.0,1.0,0.0,0.0,-0.0,-0.0,0.0,0.0,0.0,0.0,0.0,0.0,0.0,0.0,167.0,93.0,107.0,161.0,18.0,7.0,12.0,54.0,15.0,6.0,0.0
122.06,53,143862.0,600.0,85.0,600.0,621.0,0.0,1.0,0.0,0.0,0.5,0.02,0.5,0.517,0.508,0.034,0.508,0.532,0.0,0.0,-1.79,-5.38,-88.54,-88.46,0.0,0.0,0.0,0.0,0.0,0.0,-0.4,1.0,1.0,0.0,0.0,-0.0,-0.0,0.0,0.0,0.0,0.0,0.0,0.0,0.0,0.0,167.0,93.0,107.0,161.0,18.0,7.0,12.0,54.0,15.0,6.0,0.0
122.093,52,143914.0,600.0,85.0,600.0,621.0,0.0,1.0,0.0,0.0,0.5,0.02,0.5,0.517,0.508,0.034,0.508,0.532,0.0,0.0,-1.79,-5.38,-88.54,-88.46,0.0,0.0,0.0,0.0,0.0,0.0,-0.4,1.0,1.0,0.0,0.0,-0.0,-0.0,0.0,0.0,0.0,0.0,0.0,0.0,0.0,0.0,167.0,93.0,107.0,161.0,18.0,7.0,12.0,54.0,15.0,6.0,0.0
122.16,54,143968.0,600.0,85.0,600.0,621.0,0.0,1.0,0.0,0.0,0.5,0.02,0.5,0.517,0.508,0.034,0.508,0.532,0.0,0.0,-1.79,-5.38,-88.54,-88.46,0.0,0.0,0.0,0.0,0.0,0.0,-0.4,1.0,1.0,0.0,0.0,-0.0,-0.0,0.0,0.0,0.0,0.0,0.0,0.0,0.0,0.0,167.0,93.0,107.0,161.0,18.0,7.0,12.0,54.0,15.0,6.0,0.0
122.193,51,144019.0,600.0,85.0,600.0,621.0,0.0,1.0,0.0,0.0,0.5,0.02,0.5,0.517,0.508,0.034,0.508,0.532,0.0,0.0,-1.79,-5.39,-88.54,-88.46,0.0,0.0,0.0,0.0,0.0,0.0,-0.4,1.0,1.0,0.0,0.0,-0.0,-0.0,0.0,0.0,0.0,0.0,0.0,0.0,0.0,0.0,167.0,93.0,107.0,161.0,18.0,7.0,12.0,54.0,15.0,6.0,0.0
122.258,53,144072.0,600.0,85.0,600.0,621.0,0.0,1.0,0.0,0.0,0.5,0.02,0.5,0.517,0.508,0.034,0.508,0.532,0.0,0.0,-1.79,-5.39,-88.54,-88.46,0.0,0.0,0.0,0.0,0.0,0.0,-0.4,1.0,1.0,0.0,0.0,-0.0,-0.0,0.0,0.0,0.0,0.0,0.0,0.0,0.0,0.0,167.0,93.0,107.0,161.0,18.0,7.0,12.0,54.0,15.0,6.0,0.0
122.323,52,144124.0,600.0,85.0,600.0,623.0,0.0,1.0,0.0,0.0,0.5,0.02,0.5,0.518,0.508,0.034,0.508,0.532,0.0,0.0,-1.79,-5.39,-88.54,-88.46,0.0,0.0,0.0,0.0,0.0,0.0,-0.4,1.0,1.0,0.0,0.0,-0.0,-0.0,0.0,0.0,0.0,0.0,0.0,0.0,0.0,0.0,167.0,93.0,107.0,161.0,18.0,7.0,12.0,54.0,15.0,6.0,1.0
122.355,53,144177.0,600.0,85.0,600.0,623.0,0.0,1.0,0.0,0.0,0.5,0.02,0.5,0.518,0.508,0.034,0.508,0.532,0.0,0.0,-1.79,-5.39,-88.54,-88.46,0.0,0.0,0.0,0.0,0.0,0.0,-0.4,1.0,1.0,0.0,0.0,-0.0,-0.0,0.0,0.0,0.0,0.0,0.0,0.0,0.0,0.0,167.0,93.0,107.0,161.0,18.0,7.0,12.0,54.0,15.0,6.0,0.0
122.419,52,144229.0,600.0,85.0,600.0,623.0,0.0,1.0,0.0,0.0,0.5,0.02,0.5,0.518,0.508,0.034,0.508,0.532,0.0,0.0,-1.8,-5.39,-88.54,-88.46,0.0,0.0,0.0,0.0,0.0,0.0,-0.4,1.0,1.0,0.0,0.0,-0.0,-0.0,0.0,0.0,0.0,0.0,0.0,0.0,0.0,0.0,167.0,93.0,107.0,161.0,18.0,7.0,12.0,54.0,15.0,6.0,0.0
122.485,53,144282.0,600.0,85.0,600.0,623.0,0.0,1.0,0.0,0.0,0.5,0.02,0.5,0.518,0.508,0.034,0.508,0.532,0.0,0.0,-1.8,-5.39,-88.54,-88.46,0.0,0.0,0.0,0.0,0.0,0.0,-0.4,1.0,1.0,0.0,0.0,-0.0,-0.0,0.0,0.0,0.0,0.0,0.0,0.0,0.0,0.0,167.0,93.0,107.0,161.0,18.0,7.0,12.0,54.0,15.0,6.0,0.0
122.519,52,144334.0,600.0,85.0,600.0,623.0,0.0,1.0,0.0,0.0,0.5,0.02,0.5,0.518,0.508,0.034,0.508,0.533,0.0,0.0,-1.8,-5.39,-88.54,-88.46,0.0,0.0,0.0,0.0,0.0,0.0,-0.4,1.0,1.0,0.0,0.0,-0.0,-0.0,0.0,0.0,0.0,0.0,0.0,0.0,0.0,0.0,167.0,93.0,107.0,161.0,18.0,7.0,12.0,54.0,15.0,6.0,0.0
122.583,54,144388.0,600.0,85.0,600.0,623.0,0.0,1.0,0.0,0.0,0.5,0.02,0.5,0.518,0.508,0.034,0.508,0.533,0.0,0.0,-1.8,-5.38,-88.54,-88.46,0.0,0.0,0.0,0.0,0.0,0.0,-0.4,1.0,1.0,0.0,0.0,-0.0,-0.0,0.0,0.0,0.0,0.0,0.0,0.0,0.0,0.0,167.0,93.0,107.0,161.0,18.0,7.0,12.0,54.0,15.0,6.0,0.0
122.615,52,144440.0,600.0,86.0,600.0,623.0,0.0,1.0,0.0,0.0,0.5,0.02,0.5,0.518,0.508,0.034,0.508,0.533,0.0,0.0,-1.8,-5.38,-88.54,-88.46,0.0,0.0,0.0,0.0,0.0,0.0,-0.4,1.0,1.0,0.0,0.0,-0.0,-0.0,0.0,0.0,0.0,0.0,0.0,0.0,0.0,0.0,167.0,93.0,107.0,161.0,18.0,7.0,12.0,54.0,15.0,6.0,1.0
122.68,53,144493.0,600.0,86.0,600.0,623.0,0.0,1.0,0.0,0.0,0.5,0.02,0.5,0.518,0.508,0.034,0.508,0.533,0.0,0.0,-1.8,-5.38,-88.54,-88.46,0.0,0.0,0.0,0.0,0.0,0.0,-0.4,1.0,1.0,0.0,0.0,-0.0,-0.0,0.0,0.0,0.0,0.0,0.0,0.0,0.0,0.0,167.0,93.0,107.0,161.0,18.0,7.0,12.0,54.0,15.0,6.0,1.0
122.747,52,144545.0,600.0,86.0,600.0,622.0,0.0,1.0,0.0,0.0,0.5,0.02,0.5,0.518,0.508,0.034,0.508,0.533,0.0,0.0,-1.8,-5.38,-88.54,-88.46,0.0,0.0,0.0,0.0,0.0,0.0,-0.4,1.0,1.0,0.0,0.0,-0.0,-0.0,0.0,0.0,0.0,0.0,0.0,0.0,0.0,0.0,167.0,93.0,107.0,161.0,18.0,7.0,12.0,54.0,15.0,6.0,0.0
122.778,53,144598.0,600.0,86.0,600.0,622.0,0.0,1.0,0.0,0.0,0.5,0.02,0.5,0.518,0.508,0.034,0.508,0.533,0.0,0.0,-1.8,-5.38,-88.54,-88.46,0.0,0.0,0.0,0.0,0.0,0.0,-0.4,1.0,1.0,0.0,0.0,-0.0,-0.0,0.0,0.0,0.0,0.0,0.0,0.0,0.0,0.0,167.0,93.0,107.0,161.0,18.0,7.0,12.0,54.0,15.0,6.0,1.0
122.842,53,144651.0,600.0,86.0,600.0,622.0,0.0,1.0,0.0,0.0,0.5,0.02,0.5,0.518,0.508,0.034,0.508,0.533,0.0,0.0,-1.8,-5.38,-88.54,-88.46,0.0,0.0,0.0,0.0,0.0,0.0,-0.4,1.0,1.0,0.0,0.0,-0.0,-0.0,0.0,0.0,0.0,0.0,0.0,0.0,0.0,0.0,167.0,93.0,107.0,161.0,18.0,7.0,12.0,54.0,15.0,6.0,0.0
122.908,52,144703.0,600.0,86.0,600.0,622.0,0.0,1.0,0.0,0.0,0.5,0.02,0.5,0.518,0.508,0.034,0.508,0.533,0.0,0.0,-1.8,-5.38,-88.54,-88.46,0.0,0.0,0.0,0.0,0.0,0.0,-0.4,1.0,1.0,0.0,0.0,-0.0,-0.0,0.0,0.0,0.0,0.0,0.0,0.0,0.0,0.0,167.0,93.0,107.0,161.0,18.0,7.0,12.0,54.0,15.0,6.0,0.0
122.944,53,144756.0,600.0,86.0,600.0,622.0,0.0,1.0,0.0,0.0,0.5,0.02,0.5,0.518,0.508,0.035,0.508,0.533,0.0,0.0,-1.8,-5.38,-88.54,-88.46,0.0,0.0,0.0,0.0,0.0,0.0,-0.4,1.0,1.0,0.0,0.0,-0.0,-0.0,0.0,0.0,0.0,0.0,0.0,0.0,0.0,0.0,167.0,93.0,107.0,161.0,18.0,7.0,12.0,54.0,15.0,6.0,0.0
123.009,54,144810.0,600.0,86.0,600.0,622.0,0.0,1.0,0.0,0.0,0.5,0.02,0.5,0.518,0.508,0.035,0.508,0.533,0.0,0.0,-1.8,-5.38,-88.54,-88.46,0.0,0.0,0.0,0.0,0.0,0.0,-0.4,1.0,1.0,0.0,0.0,-0.0,-0.0,0.0,0.0,0.0,0.0,0.0,0.0,0.0,0.0,167.0,93.0,107.0,161.0,18.0,7.0,12.0,54.0,15.0,6.0,0.0
123.042,53,144863.0,600.0,85.0,600.0,622.0,0.0,1.0,0.0,0.0,0.5,0.02,0.5,0.518,0.508,0.035,0.508,0.533,0.0,0.0,-1.8,-5.38,-88.54,-88.46,0.0,0.0,0.0,0.0,0.0,0.0,-0.4,1.0,1.0,0.0,0.0,-0.0,-0.0,0.0,0.0,0.0,0.0,0.0,0.0,0.0,0.0,167.0,93.0,107.0,161.0,18.0,7.0,12.0,54.0,15.0,6.0,0.0
123.108,52,144915.0,600.0,85.0,600.0,622.0,0.0,1.0,0.0,0.0,0.5,0.02,0.5,0.518,0.508,0.035,0.508,0.533,0.0,0.0,-1.8,-5.38,-88.54,-88.46,0.0,0.0,0.0,0.0,0.0,0.0,-0.4,1.0,1.0,0.0,0.0,-0.0,-0.0,0.0,0.0,0.0,0.0,0.0,0.0,0.0,0.0,167.0,93.0,107.0,161.0,18.0,7.0,12.0,54.0,15.0,6.0,0.0
123.146,53,144968.0,600.0,85.0,600.0,623.0,0.0,1.0,0.0,0.0,0.5,0.02,0.5,0.518,0.508,0.035,0.508,0.533,0.0,0.0,-1.79,-5.37,-88.54,-88.46,0.0,0.0,0.0,0.0,0.0,0.0,-0.4,1.0,1.0,0.0,0.0,-0.0,-0.0,0.0,0.0,0.0,0.0,0.0,0.0,0.0,0.0,167.0,93.0,107.0,161.0,18.0,7.0,12.0,54.0,15.0,6.0,0.0
123.213,53,145021.0,626.0,85.0,600.0,623.0,0.0,1.0,0.0,0.0,0.5,0.02,0.5,0.518,0.508,0.035,0.508,0.533,0.0,0.0,-1.79,-5.37,-88.54,-88.46,0.0,0.0,0.0,0.0,0.0,0.0,-0.4,1.0,1.0,0.0,0.0,-0.0,-0.0,0.0,0.0,0.0,0.0,0.0,0.0,0.0,0.0,167.0,93.0,107.0,161.0,18.0,7.0,12.0,54.0,15.0,6.0,1.0
123.277,53,145074.0,626.0,85.0,600.0,623.0,0.0,1.0,0.0,0.0,0.5,0.02,0.5,0.518,0.508,0.035,0.508,0.533,0.0,0.0,-1.79,-5.37,-88.54,-88.46,0.0,0.0,0.0,0.0,0.0,0.0,-0.4,1.0,1.0,0.0,0.0,-0.0,-0.0,0.0,0.0,0.0,0.0,0.0,0.0,0.0,0.0,167.0,93.0,107.0,161.0,18.0,7.0,12.0,54.0,15.0,6.0,0.0
123.309,52,145126.0,626.0,85.0,600.0,623.0,0.0,1.0,0.0,0.0,0.5,0.02,0.5,0.518,0.508,0.035,0.508,0.533,0.0,0.0,-1.79,-5.37,-88.54,-88.46,0.0,0.0,0.0,0.0,0.0,0.0,-0.4,1.0,1.0,0.0,0.0,-0.0,-0.0,0.0,0.0,0.0,0.0,0.0,0.0,0.0,0.0,167.0,93.0,107.0,161.0,18.0,7.0,12.0,54.0,15.0,6.0,0.0
123.382,53,145179.0,626.0,85.0,600.0,623.0,0.0,1.0,0.0,0.0,0.511,0.02,0.5,0.519,0.517,0.035,0.508,0.533,0.0,0.0,-1.79,-5.37,-88.54,-88.46,0.0,0.0,0.0,0.0,0.0,0.0,-0.4,1.0,1.0,0.0,0.0,-0.0,-0.0,0.0,0.0,0.0,0.0,0.0,0.0,0.0,0.0,167.0,93.0,107.0,161.0,18.0,7.0,12.0,54.0,15.0,6.0,0.0
123.415,54,145233.0,626.0,85.0,600.0,623.0,0.0,1.0,0.0,0.0,0.511,0.02,0.5,0.519,0.517,0.035,0.508,0.533,0.0,0.0,-1.78,-5.37,-88.54,-88.46,0.0,0.0,0.0,0.0,0.0,0.0,-0.4,1.0,1.0,0.0,0.0,-0.0,-0.0,0.0,0.0,0.0,0.0,0.0,0.0,0.0,0.0,167.0,93.0,107.0,161.0,18.0,7.0,12.0,54.0,15.0,6.0,1.0
123.481,53,145286.0,626.0,85.0,600.0,623.0,0.0,1.0,0.0,0.0,0.511,0.02,0.5,0.519,0.517,0.035,0.508,0.533,0.0,0.0,-1.79,-5.37,-88.54,-88.46,0.0,0.0,0.0,0.0,0.0,0.0,-0.4,1.0,1.0,0.0,0.0,-0.0,-0.0,0.0,0.0,0.0,0.0,0.0,0.0,0.0,0.0,167.0,93.0,107.0,161.0,18.0,7.0,12.0,54.0,15.0,6.0,0.0
123.512,52,145338.0,626.0,85.0,600.0,623.0,0.0,1.0,0.0,0.0,0.511,0.02,0.5,0.519,0.517,0.035,0.508,0.533,0.0,0.0,-1.79,-5.37,-88.54,-88.46,0.0,0.0,0.0,0.0,0.0,0.0,-0.4,1.0,1.0,0.0,0.0,-0.0,-0.0,0.0,0.0,0.0,0.0,0.0,0.0,0.0,0.0,167.0,93.0,107.0,161.0,18.0,7.0,12.0,54.0,15.0,6.0,0.0
123.578,53,145391.0,626.0,85.0,600.0,624.0,0.0,1.0,0.0,0.0,0.517,0.02,0.5,0.519,0.524,0.035,0.508,0.534,0.0,0.0,-1.78,-5.37,-88.54,-88.46,0.0,0.0,0.0,0.0,0.0,0.0,-0.4,1.0,1.0,0.0,0.0,-0.0,-0.0,0.0,0.0,0.0,0.0,0.0,0.0,0.0,0.0,167.0,93.0,107.0,161.0,18.0,7.0,12.0,54.0,15.0,6.0,0.0
123.644,53,145444.0,626.0,85.0,600.0,624.0,0.0,1.0,0.0,0.0,0.517,0.02,0.5,0.519,0.524,0.035,0.508,0.534,0.0,0.0,-1.79,-5.38,-88.54,-88.46,0.0,0.0,0.0,0.0,0.0,0.0,-0.4,1.0,1.0,0.0,0.0,-0.0,-0.0,0.0,0.0,0.0,0.0,0.0,0.0,0.0,0.0,167.0,93.0,107.0,161.0,18.0,7.0,12.0,54.0,15.0,6.0,1.0
123.676,53,145497.0,626.0,86.0,600.0,624.0,0.0,1.0,0.0,0.0,0.517,0.02,0.5,0.519,0.524,0.035,0.508,0.534,0.0,0.0,-1.79,-5.38,-88.54,-88.46,0.0,0.0,0.0,0.0,0.0,0.0,-0.4,1.0,1.0,0.0,0.0,-0.0,-0.0,0.0,0.0,0.0,0.0,0.0,0.0,0.0,0.0,167.0,93.0,107.0,161.0,18.0,7.0,12.0,54.0,15.0,6.0,0.0
123.742,52,145549.0,626.0,86.0,600.0,624.0,0.0,1.0,0.0,0.0,0.517,0.02,0.5,0.519,0.524,0.035,0.508,0.534,0.0,0.0,-1.79,-5.38,-88.54,-88.46,0.0,0.0,0.0,0.0,0.0,0.0,-0.4,1.0,1.0,0.0,0.0,-0.0,-0.0,0.0,0.0,0.0,0.0,0.0,0.0,0.0,0.0,167.0,93.0,107.0,161.0,18.0,7.0,12.0,54.0,15.0,6.0,0.0
123.81,53,145602.0,626.0,86.0,600.0,625.0,0.0,1.0,0.0,0.0,0.519,0.02,0.5,0.52,0.526,0.035,0.508,0.535,0.0,0.0,-1.79,-5.38,-88.54,-88.46,0.0,0.0,0.0,0.0,0.0,0.0,-0.4,1.0,1.0,0.0,0.0,-0.0,-0.0,0.0,0.0,0.0,0.0,0.0,0.0,0.0,0.0,167.0,93.0,107.0,161.0,18.0,7.0,12.0,54.0,15.0,6.0,0.0
123.843,54,145656.0,626.0,86.0,600.0,625.0,0.0,1.0,0.0,0.0,0.519,0.02,0.5,0.52,0.526,0.035,0.508,0.535,0.0,0.0,-1.79,-5.38,-88.54,-88.46,0.0,0.0,0.0,0.0,0.0,0.0,-0.4,1.0,1.0,0.0,0.0,-0.0,-0.0,0.0,0.0,0.0,0.0,0.0,0.0,0.0,0.0,167.0,93.0,107.0,161.0,18.0,7.0,12.0,54.0,15.0,6.0,0.0
123.909,54,145710.0,626.0,85.0,600.0,625.0,0.0,1.0,0.0,0.0,0.519,0.02,0.5,0.52,0.526,0.035,0.508,0.535,0.0,0.0,-1.79,-5.38,-88.54,-88.46,0.0,0.0,0.0,0.0,0.0,0.0,-0.4,1.0,1.0,0.0,0.0,-0.0,-0.0,0.0,0.0,0.0,0.0,0.0,0.0,0.0,0.0,167.0,93.0,107.0,161.0,18.0,7.0,12.0,54.0,15.0,6.0,0.0
123.942,52,145762.0,626.0,85.0,600.0,625.0,0.0,1.0,0.0,0.0,0.519,0.02,0.5,0.52,0.526,0.035,0.508,0.535,0.0,0.0,-1.8,-5.39,-88.54,-88.46,0.0,0.0,0.0,0.0,0.0,0.0,-0.4,1.0,1.0,0.0,0.0,-0.0,-0.0,0.0,0.0,0.0,0.0,0.0,0.0,0.0,0.0,167.0,93.0,107.0,161.0,18.0,7.0,12.0,54.0,15.0,6.0,1.0
124.017,53,145815.0,626.0,85.0,600.0,624.0,0.0,1.0,0.0,0.0,0.52,0.02,0.5,0.52,0.528,0.035,0.508,0.535,0.0,0.0,-1.8,-5.39,-88.54,-88.46,0.0,0.0,0.0,0.0,0.0,0.0,-0.4,1.0,1.0,0.0,0.0,-0.0,-0.0,0.0,0.0,0.0,0.0,0.0,0.0,0.0,0.0,167.0,93.0,107.0,161.0,18.0,7.0,12.0,54.0,15.0,6.0,0.0
124.05,53,145868.0,626.0,85.0,600.0,624.0,0.0,1.0,0.0,0.0,0.52,0.02,0.5,0.52,0.528,0.035,0.508,0.535,0.0,0.0,-1.8,-5.39,-88.54,-88.46,0.0,0.0,0.0,0.0,0.0,0.0,-0.4,1.0,1.0,0.0,0.0,-0.0,-0.0,0.0,0.0,0.0,0.0,0.0,0.0,0.0,0.0,167.0,93.0,107.0,161.0,18.0,7.0,12.0,54.0,15.0,6.0,0.0
124.116,53,145921.0,626.0,87.0,600.0,624.0,0.0,1.0,0.0,0.0,0.52,0.02,0.5,0.52,0.528,0.035,0.508,0.535,0.0,0.0,-1.8,-5.39,-88.54,-88.46,0.0,0.0,0.0,0.0,0.0,0.0,-0.4,1.0,1.0,0.0,0.0,-0.0,-0.0,0.0,0.0,0.0,0.0,0.0,0.0,0.0,0.0,167.0,93.0,107.0,161.0,18.0,7.0,12.0,54.0,15.0,6.0,0.0
124.148,52,145973.0,626.0,87.0,600.0,624.0,0.0,1.0,0.0,0.0,0.52,0.02,0.5,0.52,0.528,0.035,0.508,0.535,0.0,0.0,-1.81,-5.39,-88.54,-88.46,0.0,0.0,0.0,0.0,0.0,0.0,-0.4,1.0,1.0,0.0,0.0,-0.0,-0.0,0.0,0.0,0.0,0.0,0.0,0.0,0.0,0.0,167.0,93.0,107.0,161.0,18.0,7.0,12.0,54.0,15.0,6.0,1.0
124.214,53,146026.0,626.0,87.0,600.0,623.0,0.0,1.0,0.0,0.0,0.521,0.02,0.5,0.519,0.528,0.035,0.508,0.534,0.0,0.0,-1.81,-5.39,-88.54,-88.46,0.0,0.0,0.0,0.0,0.0,0.0,-0.4,1.0,1.0,0.0,0.0,-0.0,-0.0,0.0,0.0,0.0,0.0,0.0,0.0,0.0,0.0,167.0,93.0,107.0,161.0,18.0,7.0,12.0,54.0,15.0,6.0,0.0
124.281,54,146080.0,630.0,87.0,600.0,623.0,0.0,1.0,0.0,0.0,0.521,0.02,0.5,0.519,0.528,0.035,0.508,0.534,0.0,0.0,-1.81,-5.39,-88.54,-88.46,0.0,0.0,0.0,0.0,0.0,0.0,-0.4,1.0,1.0,0.0,0.0,-0.0,-0.0,0.0,0.0,0.0,0.0,0.0,0.0,0.0,0.0,167.0,93.0,107.0,161.0,18.0,7.0,12.0,54.0,15.0,6.0,0.0
124.313,53,146133.0,630.0,86.0,600.0,623.0,0.0,1.0,0.0,0.0,0.521,0.02,0.5,0.519,0.528,0.035,0.508,0.534,0.0,0.0,-1.81,-5.39,-88.54,-88.46,0.0,0.0,0.0,0.0,0.0,0.0,-0.4,1.0,1.0,0.0,0.0,-0.0,-0.0,0.0,0.0,0.0,0.0,0.0,0.0,0.0,0.0,167.0,93.0,107.0,161.0,18.0,7.0,12.0,54.0,15.0,6.0,0.0
124.38,52,146185.0,630.0,86.0,600.0,623.0,0.0,1.0,0.0,0.0,0.521,0.02,0.5,0.519,0.528,0.035,0.508,0.534,0.0,0.0,-1.8,-5.38,-88.54,-88.46,0.0,0.0,0.0,0.0,0.0,0.0,-0.4,1.0,1.0,0.0,0.0,-0.0,-0.0,0.0,0.0,0.0,0.0,0.0,0.0,0.0,0.0,167.0,93.0,107.0,161.0,18.0,7.0,12.0,54.0,15.0,6.0,0.0
124.413,53,146238.0,630.0,86.0,600.0,621.0,0.0,1.0,0.0,0.0,0.523,0.02,0.5,0.518,0.53,0.035,0.508,0.533,0.0,0.0,-1.8,-5.38,-88.54,-88.46,0.0,0.0,0.0,0.0,0.0,0.0,-0.4,1.0,1.0,0.0,0.0,-0.0,-0.0,0.0,0.0,0.0,0.0,0.0,0.0,0.0,0.0,167.0,93.0,107.0,161.0,18.0,7.0,12.0,54.0,15.0,6.0,0.0
124.478,53,146291.0,657.0,86.0,600.0,621.0,0.0,1.0,0.0,0.0,0.523,0.02,0.5,0.518,0.53,0.035,0.508,0.533,0.0,0.0,-1.8,-5.38,-88.54,-88.46,0.0,0.0,0.0,0.0,0.0,0.0,-0.4,1.0,1.0,0.0,0.0,-0.0,-0.0,0.0,0.0,0.0,0.0,0.0,0.0,0.0,0.0,167.0,93.0,107.0,161.0,18.0,7.0,12.0,54.0,15.0,6.0,0.0
124.542,53,146344.0,657.0,86.0,600.0,621.0,0.0,1.0,0.0,0.0,0.523,0.02,0.5,0.518,0.53,0.035,0.508,0.533,0.0,0.0,-1.8,-5.38,-88.54,-88.46,0.0,0.0,0.0,0.0,0.0,0.0,-0.4,1.0,1.0,0.0,0.0,-0.0,-0.0,0.0,0.0,0.0,0.0,0.0,0.0,0.0,0.0,167.0,93.0,107.0,161.0,18.0,7.0,12.0,54.0,15.0,6.0,1.0
124.575,52,146396.0,657.0,86.0,600.0,621.0,0.0,1.0,0.0,0.0,0.523,0.02,0.5,0.518,0.53,0.035,0.508,0.533,0.0,0.0,-1.8,-5.39,-88.54,-88.46,0.0,0.0,0.0,0.0,0.0,0.0,-0.4,1.0,1.0,0.0,0.0,-0.0,-0.0,0.0,0.0,0.0,0.0,0.0,0.0,0.0,0.0,167.0,93.0,107.0,161.0,18.0,7.0,12.0,54.0,15.0,6.0,0.0
124.645,52,146448.0,657.0,86.0,600.0,622.0,0.0,1.0,0.0,0.0,0.535,0.02,0.5,0.518,0.541,0.035,0.508,0.533,0.0,0.0,-1.8,-5.39,-88.54,-88.46,0.0,0.0,0.0,0.0,0.0,0.0,-0.4,1.0,1.0,0.0,0.0,-0.0,-0.0,0.0,0.0,0.0,0.0,0.0,0.0,0.0,0.0,167.0,93.0,107.0,161.0,18.0,7.0,12.0,54.0,15.0,6.0,0.0
124.678,54,146502.0,690.0,86.0,600.0,622.0,0.0,1.0,0.0,0.0,0.535,0.02,0.5,0.518,0.541,0.035,0.508,0.533,0.0,0.0,-1.8,-5.39,-88.54,-88.46,0.0,0.0,0.0,0.0,0.0,0.0,-0.4,1.0,1.0,0.0,0.0,-0.0,-0.0,0.0,0.0,0.0,0.0,0.0,0.0,0.0,0.0,167.0,93.0,107.0,161.0,18.0,7.0,12.0,54.0,15.0,6.0,0.0
124.745,52,146554.0,690.0,85.0,600.0,622.0,0.0,1.0,0.0,0.0,0.535,0.02,0.5,0.518,0.541,0.035,0.508,0.533,0.0,0.0,-1.8,-5.39,-88.54,-88.46,0.0,0.0,0.0,0.0,0.0,0.0,-0.4,1.0,1.0,0.0,0.0,-0.0,-0.0,0.0,0.0,0.0,0.0,0.0,0.0,0.0,0.0,167.0,93.0,107.0,161.0,18.0,7.0,12.0,54.0,15.0,6.0,0.0
124.785,53,146607.0,690.0,85.0,600.0,622.0,0.0,1.0,0.0,0.0,0.535,0.02,0.5,0.518,0.541,0.035,0.508,0.533,0.0,0.0,-1.8,-5.39,-88.54,-88.46,0.0,0.0,0.0,0.0,0.0,0.0,-0.4,1.0,1.0,0.0,0.0,-0.0,-0.0,0.0,0.0,0.0,0.0,0.0,0.0,0.0,0.0,167.0,93.0,107.0,161.0,18.0,7.0,12.0,54.0,15.0,6.0,0.0
124.85,52,146659.0,690.0,85.0,600.0,620.0,0.0,1.0,0.0,0.0,0.553,0.02,0.5,0.517,0.558,0.035,0.508,0.533,0.0,0.0,-1.8,-5.4,-88.54,-88.46,0.0,0.0,0.0,0.0,0.0,0.0,-0.4,1.0,1.0,0.0,0.0,-0.0,-0.0,0.0,0.0,0.0,0.0,0.0,0.0,0.0,0.0,167.0,93.0,107.0,161.0,18.0,7.0,12.0,54.0,15.0,6.0,0.0
124.916,53,146712.0,725.0,85.0,600.0,620.0,0.0,1.0,0.0,0.0,0.553,0.02,0.5,0.517,0.558,0.035,0.508,0.533,0.0,0.0,-1.79,-5.39,-88.54,-88.46,0.0,0.0,0.0,0.0,0.0,0.0,-0.4,1.0,1.0,0.0,0.0,-0.0,-0.0,0.0,0.0,0.0,0.0,0.0,0.0,0.0,0.0,167.0,93.0,107.0,161.0,18.0,7.0,12.0,54.0,15.0,6.0,0.0
124.949,52,146764.0,725.0,85.0,600.0,620.0,0.0,1.0,0.0,0.0,0.553,0.02,0.5,0.517,0.558,0.035,0.508,0.533,0.0,0.0,-1.79,-5.39,-88.54,-88.46,0.0,0.0,0.0,0.0,0.0,0.0,-0.4,1.0,1.0,0.0,0.0,-0.0,-0.0,0.0,0.0,0.0,0.0,0.0,0.0,0.0,0.0,167.0,93.0,107.0,161.0,18.0,7.0,12.0,54.0,15.0,6.0,1.0
125.013,53,146817.0,725.0,85.0,600.0,620.0,0.0,1.0,0.0,0.0,0.553,0.02,0.5,0.517,0.558,0.035,0.508,0.533,0.0,0.0,-1.79,-5.39,-88.54,-88.46,0.0,0.0,0.0,0.0,0.0,0.0,-0.4,1.0,1.0,0.0,0.0,-0.0,-0.0,0.0,0.0,0.0,0.0,0.0,0.0,0.0,0.0,167.0,93.0,107.0,161.0,18.0,7.0,12.0,54.0,15.0,6.0,0.0
125.045,52,146869.0,725.0,85.0,600.0,623.0,0.0,1.0,0.0,0.0,0.575,0.02,0.5,0.518,0.579,0.036,0.508,0.534,0.0,0.0,-1.79,-5.39,-88.54,-88.46,0.0,0.0,0.0,0.0,0.0,0.0,-0.4,1.0,1.0,0.0,0.0,-0.0,-0.0,0.0,0.0,0.0,0.0,0.0,0.0,0.0,0.0,167.0,93.0,107.0,161.0,18.0,7.0,12.0,54.0,15.0,6.0,0.0
125.111,54,146923.0,754.0,85.0,600.0,623.0,0.0,1.0,0.0,0.0,0.575,0.02,0.5,0.518,0.579,0.036,0.508,0.534,0.0,0.0,-1.79,-5.39,-88.54,-88.46,0.0,0.0,0.0,0.0,0.0,0.0,-0.4,1.0,1.0,0.0,0.0,-0.0,-0.0,0.0,0.0,0.0,0.0,0.0,0.0,0.0,0.0,167.0,93.0,107.0,161.0,18.0,7.0,12.0,54.0,15.0,6.0,0.0
125.176,52,146975.0,754.0,85.0,600.0,623.0,0.0,1.0,0.0,0.0,0.575,0.02,0.5,0.518,0.579,0.036,0.508,0.534,0.0,0.0,-1.79,-5.39,-88.54,-88.46,0.0,0.0,0.0,0.0,0.0,0.0,-0.4,1.0,1.0,0.0,0.0,-0.0,-0.0,0.0,0.0,0.0,0.0,0.0,0.0,0.0,0.0,167.0,93.0,107.0,161.0,18.0,7.0,12.0,54.0,15.0,6.0,0.0
125.207,53,147028.0,754.0,85.0,600.0,623.0,0.0,1.0,0.0,0.0,0.575,0.02,0.5,0.518,0.579,0.036,0.508,0.534,0.0,0.0,-1.79,-5.39,-88.54,-88.46,0.0,0.0,0.0,0.0,0.0,0.0,-0.4,1.0,1.0,0.0,0.0,-0.0,-0.0,0.0,0.0,0.0,0.0,0.0,0.0,0.0,0.0,167.0,93.0,107.0,161.0,18.0,7.0,12.0,54.0,15.0,6.0,0.0
125.271,52,147080.0,754.0,85.0,600.0,623.0,0.0,1.0,0.0,0.0,0.595,0.02,0.5,0.518,0.599,0.036,0.508,0.534,0.0,0.0,-1.79,-5.39,-88.54,-88.46,0.0,0.0,0.0,0.0,0.0,0.0,-0.4,1.0,1.0,0.0,0.0,-0.0,-0.0,0.0,0.0,0.0,0.0,0.0,0.0,0.0,0.0,167.0,93.0,107.0,161.0,18.0,7.0,12.0,54.0,15.0,6.0,0.0
125.337,53,147133.0,750.0,85.0,600.0,623.0,0.0,1.0,0.0,0.0,0.595,0.02,0.5,0.518,0.599,0.036,0.508,0.534,0.0,0.0,-1.79,-5.39,-88.54,-88.46,0.0,0.0,0.0,0.0,0.0,0.0,-0.4,1.0,1.0,0.0,0.0,-0.0,-0.0,0.0,0.0,0.0,0.0,0.0,0.0,0.0,0.0,167.0,93.0,107.0,161.0,18.0,7.0,12.0,54.0,15.0,6.0,0.0
125.369,52,147185.0,750.0,85.0,600.0,623.0,0.0,1.0,0.0,0.0,0.595,0.02,0.5,0.518,0.599,0.036,0.508,0.534,0.0,0.0,-1.79,-5.39,-88.54,-88.46,0.0,0.0,0.0,0.0,0.0,0.0,-0.4,1.0,1.0,0.0,0.0,-0.0,-0.0,0.0,0.0,0.0,0.0,0.0,0.0,0.0,0.0,167.0,93.0,107.0,161.0,18.0,7.0,12.0,54.0,15.0,6.0,0.0
125.433,53,147238.0,750.0,85.0,600.0,623.0,0.0,1.0,0.0,0.0,0.595,0.02,0.5,0.518,0.599,0.036,0.508,0.534,0.0,0.0,-1.79,-5.39,-88.54,-88.46,0.0,0.0,0.0,0.0,0.0,0.0,-0.4,1.0,1.0,0.0,0.0,-0.0,-0.0,0.0,0.0,0.0,0.0,0.0,0.0,0.0,0.0,167.0,93.0,107.0,161.0,18.0,7.0,12.0,54.0,15.0,6.0,0.0
125.464,53,147291.0,750.0,85.0,600.0,621.0,0.0,1.0,0.0,0.0,0.603,0.02,0.5,0.518,0.609,0.036,0.508,0.534,0.0,0.0,-1.79,-5.38,-88.54,-88.46,0.0,0.0,0.0,0.0,0.0,0.0,-0.4,1.0,1.0,0.0,0.0,-0.0,-0.0,0.0,0.0,0.0,0.0,0.0,0.0,0.0,0.0,167.0,93.0,107.0,161.0,18.0,7.0,12.0,54.0,15.0,6.0,0.0
125.536,54,147345.0,752.0,85.0,600.0,621.0,0.0,1.0,0.0,0.0,0.603,0.02,0.5,0.518,0.609,0.036,0.508,0.534,0.0,0.0,-1.79,-5.38,-88.54,-88.46,0.0,0.0,0.0,0.0,0.0,0.0,-0.4,1.0,1.0,0.0,0.0,-0.0,-0.0,0.0,0.0,0.0,0.0,0.0,0.0,0.0,0.0,167.0,93.0,107.0,161.0,18.0,7.0,12.0,54.0,15.0,6.0,0.0
125.601,52,147397.0,752.0,85.0,600.0,621.0,0.0,1.0,0.0,0.0,0.603,0.02,0.5,0.518,0.609,0.036,0.508,0.534,0.0,0.0,-1.79,-5.38,-88.54,-88.46,0.0,0.0,0.0,0.0,0.0,0.0,-0.4,1.0,1.0,0.0,0.0,-0.0,-0.0,0.0,0.0,0.0,0.0,0.0,0.0,0.0,0.0,167.0,93.0,107.0,161.0,18.0,7.0,12.0,54.0,15.0,6.0,0.0
125.632,54,147451.0,752.0,85.0,600.0,621.0,0.0,1.0,0.0,0.0,0.603,0.02,0.5,0.518,0.609,0.036,0.508,0.534,0.0,0.0,-1.79,-5.38,-88.54,-88.46,0.0,0.0,0.0,0.0,0.0,0.0,-0.4,1.0,1.0,0.0,0.0,-0.0,-0.0,0.0,0.0,0.0,0.0,0.0,0.0,0.0,0.0,167.0,93.0,107.0,161.0,18.0,7.0,12.0,54.0,15.0,6.0,0.0
125.697,52,147503.0,752.0,85.0,600.0,619.0,0.0,1.0,0.0,0.0,0.607,0.02,0.5,0.517,0.614,0.036,0.508,0.533,0.0,0.0,-1.79,-5.38,-88.54,-88.46,0.0,0.0,0.0,0.0,0.0,0.0,-0.4,1.0,1.0,0.0,0.0,-0.0,-0.0,0.0,0.0,0.0,0.0,0.0,0.0,0.0,0.0,167.0,93.0,107.0,161.0,18.0,7.0,12.0,54.0,15.0,6.0,0.0
125.765,53,147556.0,752.0,85.0,600.0,619.0,0.0,1.0,0.0,0.0,0.607,0.02,0.5,0.517,0.614,0.036,0.508,0.533,0.0,0.0,-1.79,-5.38,-88.54,-88.46,0.0,0.0,0.0,0.0,0.0,0.0,-0.4,1.0,1.0,0.0,0.0,-0.0,-0.0,0.0,0.0,0.0,0.0,0.0,0.0,0.0,0.0,167.0,93.0,107.0,161.0,18.0,7.0,12.0,54.0,15.0,6.0,0.0
125.798,53,147609.0,752.0,86.0,600.0,619.0,0.0,1.0,0.0,0.0,0.607,0.02,0.5,0.517,0.614,0.036,0.508,0.533,0.0,0.0,-1.79,-5.37,-88.54,-88.46,0.0,0.0,0.0,0.0,0.0,0.0,-0.4,1.0,1.0,0.0,0.0,-0.0,-0.0,0.0,0.0,0.0,0.0,0.0,0.0,0.0,0.0,167.0,93.0,107.0,161.0,18.0,7.0,12.0,54.0,15.0,6.0,0.0
125.864,52,147661.0,752.0,86.0,600.0,619.0,0.0,1.0,0.0,0.0,0.607,0.02,0.5,0.517,0.614,0.036,0.508,0.533,0.0,0.0,-1.79,-5.37,-88.54,-88.46,0.0,0.0,0.0,0.0,0.0,0.0,-0.4,1.0,1.0,0.0,0.0,-0.0,-0.0,0.0,0.0,0.0,0.0,0.0,0.0,0.0,0.0,167.0,93.0,107.0,161.0,18.0,7.0,12.0,54.0,15.0,6.0,0.0
125.897,52,147713.0,752.0,86.0,600.0,622.0,0.0,1.0,0.0,0.0,0.609,0.02,0.5,0.518,0.617,0.036,0.508,0.534,0.0,0.0,-1.79,-5.37,-88.54,-88.46,0.0,0.0,0.0,0.0,0.0,0.0,-0.4,1.0,1.0,0.0,0.0,-0.0,-0.0,0.0,0.0,0.0,0.0,0.0,0.0,0.0,0.0,167.0,93.0,107.0,161.0,18.0,7.0,12.0,54.0,15.0,6.0,0.0
125.973,54,147767.0,744.0,86.0,600.0,622.0,0.0,1.0,0.0,0.0,0.609,0.02,0.5,0.518,0.617,0.036,0.508,0.534,0.0,0.0,-1.79,-5.37,-88.54,-88.46,0.0,0.0,0.0,0.0,0.0,0.0,-0.4,1.0,1.0,0.0,0.0,-0.0,-0.0,0.0,0.0,0.0,0.0,0.0,0.0,0.0,0.0,167.0,93.0,107.0,161.0,18.0,7.0,12.0,54.0,15.0,6.0,0.0
126.006,53,147820.0,744.0,86.0,600.0,622.0,0.0,1.0,0.0,0.0,0.609,0.02,0.5,0.518,0.617,0.036,0.508,0.534,0.0,0.0,-1.79,-5.37,-88.54,-88.46,0.0,0.0,0.0,0.0,0.0,0.0,-0.4,1.0,1.0,0.0,0.0,-0.0,-0.0,0.0,0.0,0.0,0.0,0.0,0.0,0.0,0.0,167.0,93.0,107.0,161.0,18.0,7.0,12.0,54.0,15.0,6.0,0.0
126.072,53,147873.0,744.0,86.0,600.0,622.0,0.0,1.0,0.0,0.0,0.609,0.02,0.5,0.518,0.617,0.036,0.508,0.534,0.0,0.0,-1.79,-5.37,-88.54,-88.46,0.0,0.0,0.0,0.0,0.0,0.0,-0.4,1.0,1.0,0.0,0.0,-0.0,-0.0,0.0,0.0,0.0,0.0,0.0,0.0,0.0,0.0,167.0,93.0,107.0,161.0,18.0,7.0,12.0,54.0,15.0,6.0,0.0
126.104,52,147925.0,744.0,86.0,600.0,624.0,0.0,1.0,0.0,0.0,0.608,0.02,0.5,0.519,0.616,0.036,0.508,0.535,0.0,0.0,-1.79,-5.37,-88.54,-88.46,0.0,0.0,0.0,0.0,0.0,0.0,-0.4,1.0,1.0,0.0,0.0,-0.0,-0.0,0.0,0.0,0.0,0.0,0.0,0.0,0.0,0.0,167.0,93.0,107.0,161.0,18.0,7.0,12.0,54.0,15.0,6.0,1.0
126.171,53,147978.0,754.0,86.0,600.0,624.0,0.0,1.0,0.0,0.0,0.608,0.02,0.5,0.519,0.616,0.036,0.508,0.535,0.0,0.0,-1.79,-5.37,-88.54,-88.46,0.0,0.0,0.0,0.0,0.0,0.0,-0.4,1.0,1.0,0.0,0.0,-0.0,-0.0,0.0,0.0,0.0,0.0,0.0,0.0,0.0,0.0,167.0,93.0,107.0,161.0,18.0,7.0,12.0,54.0,15.0,6.0,0.0
126.205,53,148031.0,754.0,86.0,600.0,624.0,0.0,1.0,0.0,0.0,0.608,0.02,0.5,0.519,0.616,0.036,0.508,0.535,0.0,0.0,-1.79,-5.37,-88.54,-88.46,0.0,0.0,0.0,0.0,0.0,0.0,-0.4,1.0,1.0,0.0,0.0,-0.0,-0.0,0.0,0.0,0.0,0.0,0.0,0.0,0.0,0.0,167.0,93.0,107.0,161.0,18.0,7.0,12.0,54.0,15.0,6.0,0.0
126.27,52,148083.0,754.0,86.0,600.0,624.0,0.0,1.0,0.0,0.0,0.608,0.02,0.5,0.519,0.616,0.036,0.508,0.535,0.0,0.0,-1.79,-5.37,-88.54,-88.46,0.0,0.0,0.0,0.0,0.0,0.0,-0.4,1.0,1.0,0.0,0.0,-0.0,-0.0,0.0,0.0,0.0,0.0,0.0,0.0,0.0,0.0,167.0,93.0,107.0,161.0,18.0,7.0,12.0,54.0,15.0,6.0,1.0
126.339,52,148135.0,754.0,86.0,600.0,627.0,0.0,1.0,0.0,0.0,0.61,0.02,0.5,0.52,0.618,0.036,0.508,0.536,0.0,0.0,-1.79,-5.37,-88.54,-88.46,0.0,0.0,0.0,0.0,0.0,0.0,-0.4,1.0,1.0,0.0,0.0,-0.0,-0.0,0.0,0.0,0.0,0.0,0.0,0.0,0.0,0.0,167.0,93.0,107.0,161.0,18.0,7.0,12.0,54.0,15.0,6.0,1.0
126.372,54,148189.0,757.0,86.0,600.0,627.0,0.0,1.0,0.0,0.0,0.61,0.02,0.5,0.52,0.618,0.036,0.508,0.536,0.0,0.0,-1.79,-5.37,-88.54,-88.46,0.0,0.0,0.0,0.0,0.0,0.0,-0.4,1.0,1.0,0.0,0.0,-0.0,-0.0,0.0,0.0,0.0,0.0,0.0,0.0,0.0,0.0,167.0,93.0,107.0,161.0,18.0,7.0,12.0,54.0,15.0,6.0,0.0
126.438,53,148242.0,757.0,86.0,600.0,627.0,0.0,1.0,0.0,0.0,0.61,0.02,0.5,0.52,0.618,0.036,0.508,0.536,0.0,0.0,-1.79,-5.37,-88.54,-88.46,0.0,0.0,0.0,0.0,0.0,0.0,-0.4,1.0,1.0,0.0,0.0,-0.0,-0.0,0.0,0.0,0.0,0.0,0.0,0.0,0.0,0.0,167.0,93.0,107.0,161.0,18.0,7.0,12.0,54.0,15.0,6.0,0.0
126.471,52,148294.0,757.0,86.0,600.0,627.0,0.0,1.0,0.0,0.0,0.61,0.02,0.5,0.52,0.618,0.036,0.508,0.536,0.0,0.0,-1.79,-5.37,-88.54,-88.46,0.0,0.0,0.0,0.0,0.0,0.0,-0.4,1.0,1.0,0.0,0.0,-0.0,-0.0,0.0,0.0,0.0,0.0,0.0,0.0,0.0,0.0,167.0,93.0,107.0,161.0,18.0,7.0,12.0,54.0,15.0,6.0,1.0
126.546,53,148347.0,757.0,86.0,600.0,628.0,0.0,1.0,0.0,0.0,0.612,0.02,0.5,0.522,0.62,0.036,0.508,0.538,0.0,0.0,-1.79,-5.36,-88.54,-88.46,0.0,0.0,0.0,0.0,0.0,0.0,-0.4,1.0,1.0,0.0,0.0,-0.0,-0.0,0.0,0.0,0.0,0.0,0.0,0.0,0.0,0.0,167.0,93.0,107.0,161.0,18.0,7.0,12.0,54.0,15.0,6.0,0.0
126.579,53,148400.0,757.0,86.0,600.0,628.0,0.0,1.0,0.0,0.0,0.612,0.02,0.5,0.522,0.62,0.036,0.508,0.538,0.0,0.0,-1.79,-5.36,-88.54,-88.46,0.0,0.0,0.0,0.0,0.0,0.0,-0.4,1.0,1.0,0.0,0.0,-0.0,-0.0,0.0,0.0,0.0,0.0,0.0,0.0,0.0,0.0,167.0,93.0,107.0,161.0,18.0,7.0,12.0,54.0,15.0,6.0,0.0
126.645,52,148452.0,757.0,86.0,600.0,628.0,0.0,1.0,0.0,0.0,0.612,0.02,0.5,0.522,0.62,0.036,0.508,0.538,0.0,0.0,-1.79,-5.36,-88.54,-88.46,0.0,0.0,0.0,0.0,0.0,0.0,-0.4,1.0,1.0,0.0,0.0,-0.0,-0.0,0.0,0.0,0.0,0.0,0.0,0.0,0.0,0.0,167.0,93.0,107.0,161.0,18.0,7.0,12.0,54.0,15.0,6.0,0.0
126.679,53,148505.0,757.0,86.0,600.0,628.0,0.0,1.0,0.0,0.0,0.612,0.02,0.5,0.522,0.62,0.036,0.508,0.538,0.0,0.0,-1.79,-5.36,-88.54,-88.46,0.0,0.0,0.0,0.0,0.0,0.0,-0.4,1.0,1.0,0.0,0.0,-0.0,-0.0,0.0,0.0,0.0,0.0,0.0,0.0,0.0,0.0,167.0,93.0,107.0,161.0,18.0,7.0,12.0,54.0,15.0,6.0,1.0
126.743,53,148558.0,757.0,86.0,600.0,629.0,0.0,1.0,0.0,0.0,0.613,0.02,0.5,0.523,0.621,0.036,0.508,0.539,0.0,0.0,-1.79,-5.36,-88.54,-88.46,0.0,0.0,0.0,0.0,0.0,0.0,-0.4,1.0,1.0,0.0,0.0,-0.0,-0.0,0.0,0.0,0.0,0.0,0.0,0.0,0.0,0.0,167.0,93.0,107.0,161.0,18.0,7.0,12.0,54.0,15.0,6.0,0.0
126.808,54,148612.0,724.0,86.0,600.0,629.0,0.0,1.0,0.0,0.0,0.613,0.02,0.5,0.523,0.621,0.036,0.508,0.539,0.0,0.0,-1.78,-5.36,-88.54,-88.46,0.0,0.0,0.0,0.0,0.0,0.0,-0.4,1.0,1.0,0.0,0.0,-0.0,-0.0,0.0,0.0,0.0,0.0,0.0,0.0,0.0,0.0,167.0,93.0,107.0,161.0,18.0,7.0,12.0,54.0,15.0,6.0,0.0
126.841,53,148665.0,724.0,85.0,600.0,629.0,0.0,1.0,0.0,0.0,0.613,0.02,0.5,0.523,0.621,0.036,0.508,0.539,0.0,0.0,-1.79,-5.37,-88.54,-88.46,0.0,0.0,0.0,0.0,0.0,0.0,-0.4,1.0,1.0,0.0,0.0,-0.0,-0.0,0.0,0.0,0.0,0.0,0.0,0.0,0.0,0.0,167.0,93.0,107.0,161.0,18.0,7.0,12.0,54.0,15.0,6.0,0.0
126.907,52,148717.0,724.0,85.0,600.0,629.0,0.0,1.0,0.0,0.0,0.613,0.02,0.5,0.523,0.621,0.036,0.508,0.539,0.0,0.0,-1.79,-5.37,-88.54,-88.46,0.0,0.0,0.0,0.0,0.0,0.0,-0.4,1.0,1.0,0.0,0.0,-0.0,-0.0,0.0,0.0,0.0,0.0,0.0,0.0,0.0,0.0,167.0,93.0,107.0,161.0,18.0,7.0,12.0,54.0,15.0,6.0,1.0
126.977,53,148770.0,724.0,85.0,600.0,627.0,0.0,1.0,0.0,0.0,0.602,0.02,0.5,0.522,0.612,0.036,0.508,0.538,0.0,0.0,-1.79,-5.37,-88.54,-88.46,0.0,0.0,0.0,0.0,0.0,0.0,-0.4,1.0,1.0,0.0,0.0,-0.0,-0.0,0.0,0.0,0.0,0.0,0.0,0.0,0.0,0.0,167.0,93.0,107.0,161.0,18.0,7.0,12.0,54.0,15.0,6.0,0.0
127.009,53,148823.0,727.0,85.0,600.0,627.0,0.0,1.0,0.0,0.0,0.602,0.02,0.5,0.522,0.612,0.036,0.508,0.538,0.0,0.0,-1.79,-5.37,-88.54,-88.46,0.0,0.0,0.0,0.0,0.0,0.0,-0.4,1.0,1.0,0.0,0.0,-0.0,-0.0,0.0,0.0,0.0,0.0,0.0,0.0,0.0,0.0,167.0,93.0,107.0,161.0,18.0,7.0,12.0,54.0,15.0,6.0,0.0
127.076,53,148876.0,727.0,85.0,600.0,627.0,0.0,1.0,0.0,0.0,0.602,0.02,0.5,0.522,0.612,0.036,0.508,0.538,0.0,0.0,-1.79,-5.37,-88.54,-88.46,0.0,0.0,0.0,0.0,0.0,0.0,-0.4,1.0,1.0,0.0,0.0,-0.0,-0.0,0.0,0.0,0.0,0.0,0.0,0.0,0.0,0.0,167.0,93.0,107.0,161.0,18.0,7.0,12.0,54.0,15.0,6.0,0.0
127.108,52,148928.0,727.0,85.0,600.0,627.0,0.0,1.0,0.0,0.0,0.602,0.02,0.5,0.522,0.612,0.036,0.508,0.538,0.0,0.0,-1.79,-5.37,-88.54,-88.46,0.0,0.0,0.0,0.0,0.0,0.0,-0.4,1.0,1.0,0.0,0.0,-0.0,-0.0,0.0,0.0,0.0,0.0,0.0,0.0,0.0,0.0,167.0,93.0,107.0,161.0,18.0,7.0,12.0,54.0,15.0,6.0,0.0
127.175,52,148980.0,727.0,85.0,600.0,624.0,0.0,1.0,0.0,0.0,0.598,0.02,0.5,0.521,0.607,0.036,0.508,0.537,0.0,0.0,-1.79,-5.37,-88.54,-88.46,0.0,0.0,0.0,0.0,0.0,0.0,-0.4,1.0,1.0,0.0,0.0,-0.0,-0.0,0.0,0.0,0.0,0.0,0.0,0.0,0.0,0.0,167.0,93.0,107.0,161.0,18.0,7.0,12.0,54.0,15.0,6.0,0.0
127.208,54,149034.0,729.0,85.0,600.0,624.0,0.0,1.0,0.0,0.0,0.598,0.02,0.5,0.521,0.607,0.036,0.508,0.537,0.0,0.0,-1.79,-5.37,-88.54,-88.46,0.0,0.0,0.0,0.0,0.0,0.0,-0.4,1.0,1.0,0.0,0.0,-0.0,-0.0,0.0,0.0,0.0,0.0,0.0,0.0,0.0,0.0,167.0,93.0,107.0,161.0,18.0,7.0,12.0,54.0,15.0,6.0,0.0
127.275,53,149087.0,729.0,86.0,600.0,624.0,0.0,1.0,0.0,0.0,0.598,0.02,0.5,0.521,0.607,0.036,0.508,0.537,0.0,0.0,-1.79,-5.37,-88.54,-88.46,0.0,0.0,0.0,0.0,0.0,0.0,-0.4,1.0,1.0,0.0,0.0,-0.0,-0.0,0.0,0.0,0.0,0.0,0.0,0.0,0.0,0.0,167.0,93.0,107.0,161.0,18.0,7.0,12.0,54.0,15.0,6.0,0.0
127.341,52,149139.0,729.0,86.0,600.0,624.0,0.0,1.0,0.0,0.0,0.598,0.02,0.5,0.521,0.607,0.036,0.508,0.537,0.0,0.0,-1.79,-5.37,-88.54,-88.46,0.0,0.0,0.0,0.0,0.0,0.0,-0.4,1.0,1.0,0.0,0.0,-0.0,-0.0,0.0,0.0,0.0,0.0,0.0,0.0,0.0,0.0,167.0,93.0,107.0,161.0,18.0,7.0,12.0,54.0,15.0,6.0,0.0
127.374,53,149192.0,729.0,86.0,600.0,620.0,0.0,1.0,0.0,0.0,0.597,0.02,0.5,0.518,0.605,0.036,0.508,0.535,0.0,0.0,-1.79,-5.37,-88.55,-88.46,0.0,0.0,0.0,0.0,0.0,0.0,-0.4,1.0,1.0,0.0,0.0,-0.0,-0.0,0.0,0.0,0.0,0.0,0.0,0.0,0.0,0.0,167.0,93.0,107.0,161.0,18.0,7.0,12.0,54.0,15.0,6.0,0.0
127.438,53,149245.0,731.0,86.0,600.0,620.0,0.0,1.0,0.0,0.0,0.597,0.02,0.5,0.518,0.605,0.036,0.508,0.535,0.0,0.0,-1.79,-5.36,-88.55,-88.46,0.0,0.0,0.0,0.0,0.0,0.0,-0.4,1.0,1.0,0.0,0.0,-0.0,-0.0,0.0,0.0,0.0,0.0,0.0,0.0,0.0,0.0,167.0,93.0,107.0,161.0,18.0,7.0,12.0,54.0,15.0,6.0,1.0
127.504,53,149298.0,731.0,86.0,600.0,620.0,0.0,1.0,0.0,0.0,0.597,0.02,0.5,0.518,0.605,0.036,0.508,0.535,0.0,0.0,-1.8,-5.37,-88.55,-88.46,0.0,0.0,0.0,0.0,0.0,0.0,-0.4,1.0,1.0,0.0,0.0,-0.0,-0.0,0.0,0.0,0.0,0.0,0.0,0.0,0.0,0.0,167.0,93.0,107.0,161.0,18.0,7.0,12.0,54.0,15.0,6.0,0.0
127.542,52,149350.0,731.0,86.0,600.0,620.0,0.0,1.0,0.0,0.0,0.597,0.02,0.5,0.518,0.605,0.036,0.508,0.535,0.0,0.0,-1.8,-5.37,-88.55,-88.46,0.0,0.0,0.0,0.0,0.0,0.0,-0.4,1.0,1.0,0.0,0.0,-0.0,-0.0,0.0,0.0,0.0,0.0,0.0,0.0,0.0,0.0,167.0,93.0,107.0,161.0,18.0,7.0,12.0,54.0,15.0,6.0,0.0
127.576,53,149403.0,731.0,86.0,600.0,622.0,0.0,1.0,0.0,0.0,0.597,0.02,0.5,0.518,0.605,0.036,0.508,0.534,0.0,0.0,-1.8,-5.37,-88.56,-88.46,0.0,0.0,0.0,0.0,0.0,0.0,-0.4,1.0,1.0,0.0,0.0,-0.0,-0.0,0.0,0.0,0.0,0.0,0.0,0.0,0.0,0.0,167.0,93.0,107.0,161.0,18.0,7.0,12.0,54.0,15.0,6.0,1.0
127.641,53,149456.0,735.0,86.0,600.0,622.0,0.0,1.0,0.0,0.0,0.597,0.02,0.5,0.518,0.605,0.036,0.508,0.534,0.0,0.0,-1.8,-5.37,-88.56,-88.46,0.0,0.0,0.0,0.0,0.0,0.0,-0.4,1.0,1.0,0.0,0.0,-0.0,-0.0,0.0,0.0,0.0,0.0,0.0,0.0,0.0,0.0,167.0,93.0,107.0,161.0,18.0,7.0,12.0,54.0,15.0,6.0,1.0
127.707,53,149509.0,735.0,86.0,600.0,622.0,0.0,1.0,0.0,0.0,0.597,0.02,0.5,0.518,0.605,0.036,0.508,0.534,0.0,0.0,-1.8,-5.37,-88.56,-88.46,0.0,0.0,0.0,0.0,0.0,0.0,-0.4,1.0,1.0,0.0,0.0,-0.0,-0.0,0.0,0.0,0.0,0.0,0.0,0.0,0.0,0.0,167.0,93.0,107.0,161.0,18.0,7.0,12.0,54.0,15.0,6.0,0.0
127.74,53,149562.0,735.0,86.0,600.0,622.0,0.0,1.0,0.0,0.0,0.597,0.02,0.5,0.518,0.605,0.036,0.508,0.534,0.0,0.0,-1.79,-5.37,-88.56,-88.46,0.0,0.0,0.0,0.0,0.0,0.0,-0.4,1.0,1.0,0.0,0.0,-0.0,-0.0,0.0,0.0,0.0,0.0,0.0,0.0,0.0,0.0,167.0,93.0,107.0,161.0,18.0,7.0,12.0,54.0,15.0,6.0,0.0
127.804,53,149615.0,735.0,86.0,600.0,624.0,0.0,1.0,0.0,0.0,0.599,0.02,0.5,0.519,0.606,0.036,0.508,0.535,0.0,0.0,-1.79,-5.37,-88.56,-88.46,0.0,0.0,0.0,0.0,0.0,0.0,-0.4,1.0,1.0,0.0,0.0,-0.0,-0.0,0.0,0.0,0.0,0.0,0.0,0.0,0.0,0.0,167.0,93.0,107.0,161.0,18.0,7.0,12.0,54.0,15.0,6.0,0.0
127.868,53,149668.0,766.0,86.0,600.0,624.0,0.0,1.0,0.0,0.0,0.599,0.02,0.5,0.519,0.606,0.036,0.508,0.535,0.0,0.0,-1.79,-5.38,-88.56,-88.46,0.0,0.0,0.0,0.0,0.0,0.0,-0.4,1.0,1.0,0.0,0.0,-0.0,-0.0,0.0,0.0,0.0,0.0,0.0,0.0,0.0,0.0,167.0,93.0,107.0,161.0,18.0,7.0,12.0,54.0,15.0,6.0,0.0
127.901,53,149721.0,766.0,87.0,600.0,624.0,0.0,1.0,0.0,0.0,0.599,0.02,0.5,0.519,0.606,0.036,0.508,0.535,0.0,0.0,-1.79,-5.38,-88.56,-88.46,0.0,0.0,0.0,0.0,0.0,0.0,-0.4,1.0,1.0,0.0,0.0,-0.0,-0.0,0.0,0.0,0.0,0.0,0.0,0.0,0.0,0.0,167.0,93.0,107.0,161.0,18.0,7.0,12.0,54.0,15.0,6.0,0.0
127.977,53,149774.0,766.0,87.0,600.0,624.0,0.0,1.0,0.0,0.0,0.599,0.02,0.5,0.519,0.606,0.036,0.508,0.535,0.0,0.0,-1.79,-5.37,-88.56,-88.46,0.0,0.0,0.0,0.0,0.0,0.0,-0.4,1.0,1.0,0.0,0.0,-0.0,-0.0,0.0,0.0,0.0,0.0,0.0,0.0,0.0,0.0,167.0,93.0,107.0,161.0,18.0,7.0,12.0,54.0,15.0,6.0,0.0
128.011,52,149826.0,766.0,87.0,600.0,626.0,0.0,1.0,0.0,0.0,0.61,0.02,0.5,0.52,0.616,0.036,0.508,0.536,0.0,0.0,-1.79,-5.37,-88.56,-88.46,0.0,0.0,0.0,0.0,0.0,0.0,-0.4,1.0,1.0,0.0,0.0,-0.0,-0.0,0.0,0.0,0.0,0.0,0.0,0.0,0.0,0.0,167.0,93.0,107.0,161.0,18.0,7.0,12.0,54.0,15.0,6.0,1.0
128.078,54,149880.0,784.0,87.0,600.0,626.0,0.0,1.0,0.0,0.0,0.61,0.02,0.5,0.52,0.616,0.036,0.508,0.536,0.0,0.0,-1.79,-5.37,-88.56,-88.46,0.0,0.0,0.0,0.0,0.0,0.0,-0.4,1.0,1.0,0.0,0.0,-0.0,-0.0,0.0,0.0,0.0,0.0,0.0,0.0,0.0,0.0,167.0,93.0,107.0,161.0,18.0,7.0,12.0,54.0,15.0,6.0,0.0
128.111,53,149933.0,784.0,87.0,600.0,626.0,0.0,1.0,0.0,0.0,0.61,0.02,0.5,0.52,0.616,0.036,0.508,0.536,0.0,0.0,-1.79,-5.36,-88.56,-88.46,0.0,0.0,0.0,0.0,0.0,0.0,-0.4,1.0,1.0,0.0,0.0,-0.0,-0.0,0.0,0.0,0.0,0.0,0.0,0.0,0.0,0.0,167.0,93.0,107.0,161.0,18.0,7.0,12.0,54.0,15.0,6.0,0.0
128.18,53,149986.0,784.0,87.0,600.0,626.0,0.0,1.0,0.0,0.0,0.61,0.02,0.5,0.52,0.616,0.036,0.508,0.536,0.0,0.0,-1.79,-5.36,-88.56,-88.46,0.0,0.0,0.0,0.0,0.0,0.0,-0.4,1.0,1.0,0.0,0.0,-0.0,-0.0,0.0,0.0,0.0,0.0,0.0,0.0,0.0,0.0,167.0,93.0,107.0,161.0,18.0,7.0,12.0,54.0,15.0,6.0,0.0
128.212,52,150038.0,784.0,87.0,600.0,626.0,0.0,1.0,0.0,0.0,0.621,0.02,0.5,0.521,0.627,0.037,0.508,0.537,0.0,0.0,-1.79,-5.37,-88.56,-88.46,0.0,0.0,0.0,0.0,0.0,0.0,-0.4,1.0,1.0,0.0,0.0,-0.0,-0.0,0.0,0.0,0.0,0.0,0.0,0.0,0.0,0.0,167.0,93.0,107.0,161.0,18.0,7.0,12.0,54.0,15.0,6.0,1.0
128.276,53,150091.0,743.0,87.0,600.0,626.0,0.0,1.0,0.0,0.0,0.621,0.02,0.5,0.521,0.627,0.037,0.508,0.537,0.0,0.0,-1.79,-5.37,-88.56,-88.46,0.0,0.0,0.0,0.0,0.0,0.0,-0.4,1.0,1.0,0.0,0.0,-0.0,-0.0,0.0,0.0,0.0,0.0,0.0,0.0,0.0,0.0,167.0,93.0,107.0,161.0,18.0,7.0,12.0,54.0,15.0,6.0,0.0
128.344,51,150142.0,743.0,86.0,600.0,626.0,0.0,1.0,0.0,0.0,0.621,0.02,0.5,0.521,0.627,0.037,0.508,0.537,0.0,0.0,-1.78,-5.37,-88.56,-88.46,0.0,0.0,0.0,0.0,0.0,0.0,-0.4,1.0,1.0,0.0,0.0,-0.0,-0.0,0.0,0.0,0.0,0.0,0.0,0.0,0.0,0.0,167.0,93.0,107.0,161.0,18.0,7.0,12.0,54.0,15.0,6.0,0.0
128.376,54,150196.0,743.0,86.0,600.0,626.0,0.0,1.0,0.0,0.0,0.621,0.02,0.5,0.521,0.627,0.037,0.508,0.537,0.0,0.0,-1.78,-5.38,-88.56,-88.46,0.0,0.0,0.0,0.0,0.0,0.0,-0.4,1.0,1.0,0.0,0.0,-0.0,-0.0,0.0,0.0,0.0,0.0,0.0,0.0,0.0,0.0,167.0,93.0,107.0,161.0,18.0,7.0,12.0,54.0,15.0,6.0,0.0
128.44,52,150248.0,743.0,86.0,600.0,627.0,0.0,1.0,0.0,0.0,0.613,0.02,0.5,0.522,0.622,0.037,0.508,0.538,0.0,0.0,-1.77,-5.37,-88.56,-88.46,0.0,0.0,0.0,0.0,0.0,0.0,-0.4,1.0,1.0,0.0,0.0,-0.0,-0.0,0.0,0.0,0.0,0.0,0.0,0.0,0.0,0.0,167.0,93.0,107.0,161.0,18.0,7.0,12.0,54.0,15.0,6.0,0.0
128.505,54,150302.0,744.0,86.0,600.0,627.0,0.0,1.0,0.0,0.0,0.613,0.02,0.5,0.522,0.622,0.037,0.508,0.538,0.0,0.0,-1.78,-5.38,-88.56,-88.46,0.0,0.0,0.0,0.0,0.0,0.0,-0.4,1.0,1.0,0.0,0.0,-0.0,-0.0,0.0,0.0,0.0,0.0,0.0,0.0,0.0,0.0,167.0,93.0,107.0,161.0,18.0,7.0,12.0,54.0,15.0,6.0,0.0
128.539,52,150354.0,744.0,86.0,600.0,627.0,0.0,1.0,0.0,0.0,0.613,0.02,0.5,0.522,0.622,0.037,0.508,0.538,0.0,0.0,-1.77,-5.38,-88.56,-88.46,0.0,0.0,0.0,0.0,0.0,0.0,-0.4,1.0,1.0,0.0,0.0,-0.0,-0.0,0.0,0.0,0.0,0.0,0.0,0.0,0.0,0.0,167.0,93.0,107.0,161.0,18.0,7.0,12.0,54.0,15.0,6.0,0.0
128.605,53,150407.0,744.0,86.0,600.0,627.0,0.0,1.0,0.0,0.0,0.613,0.02,0.5,0.522,0.622,0.037,0.508,0.538,0.0,0.0,-1.77,-5.38,-88.57,-88.46,0.0,0.0,0.0,0.0,0.0,0.0,-0.4,1.0,1.0,0.0,0.0,-0.0,-0.0,0.0,0.0,0.0,0.0,0.0,0.0,0.0,0.0,167.0,93.0,107.0,161.0,18.0,7.0,12.0,54.0,15.0,6.0,0.0
128.637,52,150459.0,744.0,86.0,600.0,626.0,0.0,1.0,0.0,0.0,0.609,0.02,0.5,0.521,0.618,0.036,0.508,0.538,0.0,0.0,-1.77,-5.38,-88.57,-88.46,0.0,0.0,0.0,0.0,0.0,0.0,-0.4,1.0,1.0,0.0,0.0,-0.0,-0.0,0.0,0.0,0.0,0.0,0.0,0.0,0.0,0.0,167.0,93.0,107.0,161.0,18.0,7.0,12.0,54.0,15.0,6.0,0.0
128.704,53,150512.0,739.0,86.0,600.0,626.0,0.0,1.0,0.0,0.0,0.609,0.02,0.5,0.521,0.618,0.036,0.508,0.538,0.0,0.0,-1.77,-5.38,-88.57,-88.46,0.0,0.0,0.0,0.0,0.0,0.0,-0.4,1.0,1.0,0.0,0.0,-0.0,-0.0,0.0,0.0,0.0,0.0,0.0,0.0,0.0,0.0,167.0,93.0,107.0,161.0,18.0,7.0,12.0,54.0,15.0,6.0,0.0
128.775,53,150565.0,739.0,86.0,600.0,626.0,0.0,1.0,0.0,0.0,0.609,0.02,0.5,0.521,0.618,0.036,0.508,0.538,0.0,0.0,-1.77,-5.38,-88.57,-88.46,0.0,0.0,0.0,0.0,0.0,0.0,-0.4,1.0,1.0,0.0,0.0,-0.0,-0.0,0.0,0.0,0.0,0.0,0.0,0.0,0.0,0.0,167.0,93.0,107.0,161.0,18.0,7.0,12.0,54.0,15.0,6.0,1.0
128.809,53,150618.0,739.0,86.0,600.0,626.0,0.0,1.0,0.0,0.0,0.609,0.02,0.5,0.521,0.618,0.036,0.508,0.538,0.0,0.0,-1.77,-5.38,-88.57,-88.46,0.0,0.0,0.0,0.0,0.0,0.0,-0.4,1.0,1.0,0.0,0.0,-0.0,-0.0,0.0,0.0,0.0,0.0,0.0,0.0,0.0,0.0,167.0,93.0,107.0,161.0,18.0,7.0,12.0,54.0,15.0,6.0,0.0
128.875,52,150670.0,739.0,86.0,600.0,623.0,0.0,1.0,0.0,0.0,0.606,0.02,0.5,0.52,0.614,0.036,0.508,0.536,0.0,0.0,-1.76,-5.37,-88.57,-88.46,0.0,0.0,0.0,0.0,0.0,0.0,-0.4,1.0,1.0,0.0,0.0,-0.0,-0.0,0.0,0.0,0.0,0.0,0.0,0.0,0.0,0.0,167.0,93.0,107.0,161.0,18.0,7.0,12.0,54.0,15.0,6.0,0.0
128.908,54,150724.0,746.0,86.0,600.0,623.0,0.0,1.0,0.0,0.0,0.606,0.02,0.5,0.52,0.614,0.036,0.508,0.536,0.0,0.0,-1.76,-5.37,-88.57,-88.46,0.0,0.0,0.0,0.0,0.0,0.0,-0.4,1.0,1.0,0.0,0.0,-0.0,-0.0,0.0,0.0,0.0,0.0,0.0,0.0,0.0,0.0,167.0,93.0,107.0,161.0,18.0,7.0,12.0,54.0,15.0,6.0,0.0
128.977,51,150775.0,746.0,86.0,600.0,623.0,0.0,1.0,0.0,0.0,0.606,0.02,0.5,0.52,0.614,0.036,0.508,0.536,0.0,0.0,-1.76,-5.37,-88.57,-88.46,0.0,0.0,0.0,0.0,0.0,0.0,-0.4,1.0,1.0,0.0,0.0,-0.0,-0.0,0.0,0.0,0.0,0.0,0.0,0.0,0.0,0.0,167.0,93.0,107.0,161.0,18.0,7.0,12.0,54.0,15.0,6.0,1.0
129.01,53,150828.0,746.0,86.0,600.0,623.0,0.0,1.0,0.0,0.0,0.606,0.02,0.5,0.52,0.614,0.036,0.508,0.536,0.0,0.0,-1.76,-5.37,-88.57,-88.46,0.0,0.0,0.0,0.0,0.0,0.0,-0.4,1.0,1.0,0.0,0.0,-0.0,-0.0,0.0,0.0,0.0,0.0,0.0,0.0,0.0,0.0,167.0,93.0,107.0,161.0,18.0,7.0,12.0,54.0,15.0,6.0,0.0
129.077,52,150880.0,746.0,86.0,600.0,622.0,0.0,1.0,0.0,0.0,0.606,0.02,0.5,0.519,0.614,0.036,0.508,0.535,0.0,0.0,-1.76,-5.37,-88.57,-88.46,0.0,0.0,0.0,0.0,0.0,0.0,-0.4,1.0,1.0,0.0,0.0,-0.0,-0.0,0.0,0.0,0.0,0.0,0.0,0.0,0.0,0.0,167.0,93.0,107.0,161.0,18.0,7.0,12.0,54.0,15.0,6.0,0.0
129.111,53,150933.0,731.0,86.0,600.0,622.0,0.0,1.0,0.0,0.0,0.606,0.02,0.5,0.519,0.614,0.036,0.508,0.535,0.0,0.0,-1.76,-5.37,-88.57,-88.46,0.0,0.0,0.0,0.0,0.0,0.0,-0.4,1.0,1.0,0.0,0.0,-0.0,-0.0,0.0,0.0,0.0,0.0,0.0,0.0,0.0,0.0,167.0,93.0,107.0,161.0,18.0,7.0,12.0,54.0,15.0,6.0,0.0
129.178,52,150985.0,731.0,86.0,600.0,622.0,0.0,1.0,0.0,0.0,0.606,0.02,0.5,0.519,0.614,0.036,0.508,0.535,0.0,0.0,-1.76,-5.37,-88.57,-88.46,0.0,0.0,0.0,0.0,0.0,0.0,-0.4,1.0,1.0,0.0,0.0,-0.0,-0.0,0.0,0.0,0.0,0.0,0.0,0.0,0.0,0.0,167.0,93.0,107.0,161.0,18.0,7.0,12.0,54.0,15.0,6.0,0.0
129.211,53,151038.0,731.0,86.0,600.0,622.0,0.0,1.0,0.0,0.0,0.606,0.02,0.5,0.519,0.614,0.036,0.508,0.535,0.0,0.0,-1.76,-5.37,-88.57,-88.46,0.0,0.0,0.0,0.0,0.0,0.0,-0.4,1.0,1.0,0.0,0.0,-0.0,-0.0,0.0,0.0,0.0,0.0,0.0,0.0,0.0,0.0,167.0,93.0,107.0,161.0,18.0,7.0,12.0,54.0,15.0,6.0,0.0
129.278,52,151090.0,731.0,86.0,600.0,623.0,0.0,1.0,0.0,0.0,0.601,0.02,0.5,0.519,0.61,0.036,0.508,0.535,0.0,0.0,-1.76,-5.36,-88.57,-88.46,0.0,0.0,0.0,0.0,0.0,0.0,-0.4,1.0,1.0,0.0,0.0,-0.0,-0.0,0.0,0.0,0.0,0.0,0.0,0.0,0.0,0.0,167.0,93.0,107.0,161.0,18.0,7.0,12.0,54.0,15.0,6.0,0.0
129.345,54,151144.0,762.0,86.0,600.0,623.0,0.0,1.0,0.0,0.0,0.601,0.02,0.5,0.519,0.61,0.036,0.508,0.535,0.0,0.0,-1.77,-5.37,-88.57,-88.46,0.0,0.0,0.0,0.0,0.0,0.0,-0.4,1.0,1.0,0.0,0.0,-0.0,-0.0,0.0,0.0,0.0,0.0,0.0,0.0,0.0,0.0,167.0,93.0,107.0,161.0,18.0,7.0,12.0,54.0,15.0,6.0,0.0
129.379,53,151197.0,762.0,85.0,600.0,623.0,0.0,1.0,0.0,0.0,0.601,0.02,0.5,0.519,0.61,0.036,0.508,0.535,0.0,0.0,-1.77,-5.37,-88.57,-88.46,0.0,0.0,0.0,0.0,0.0,0.0,-0.4,1.0,1.0,0.0,0.0,-0.0,-0.0,0.0,0.0,0.0,0.0,0.0,0.0,0.0,0.0,167.0,93.0,107.0,161.0,18.0,7.0,12.0,54.0,15.0,6.0,1.0
129.444,53,151250.0,762.0,85.0,600.0,623.0,0.0,1.0,0.0,0.0,0.601,0.02,0.5,0.519,0.61,0.036,0.508,0.535,0.0,0.0,-1.77,-5.37,-88.57,-88.46,0.0,0.0,0.0,0.0,0.0,0.0,-0.4,1.0,1.0,0.0,0.0,-0.0,-0.0,0.0,0.0,0.0,0.0,0.0,0.0,0.0,0.0,167.0,93.0,107.0,161.0,18.0,7.0,12.0,54.0,15.0,6.0,0.0
129.477,53,151303.0,762.0,85.0,600.0,625.0,0.0,1.0,0.0,0.0,0.61,0.02,0.5,0.52,0.616,0.036,0.508,0.536,0.0,0.0,-1.77,-5.36,-88.57,-88.46,0.0,0.0,0.0,0.0,0.0,0.0,-0.4,1.0,1.0,0.0,0.0,-0.0,-0.0,0.0,0.0,0.0,0.0,0.0,0.0,0.0,0.0,167.0,93.0,107.0,161.0,18.0,7.0,12.0,54.0,15.0,6.0,0.0
129.543,53,151356.0,759.0,85.0,600.0,625.0,0.0,1.0,0.0,0.0,0.61,0.02,0.5,0.52,0.616,0.036,0.508,0.536,0.0,0.0,-1.77,-5.37,-88.57,-88.46,0.0,0.0,0.0,0.0,0.0,0.0,-0.4,1.0,1.0,0.0,0.0,-0.0,-0.0,0.0,0.0,0.0,0.0,0.0,0.0,0.0,0.0,167.0,93.0,107.0,161.0,18.0,7.0,12.0,54.0,15.0,6.0,0.0
129.608,53,151409.0,759.0,84.0,600.0,625.0,0.0,1.0,0.0,0.0,0.61,0.02,0.5,0.52,0.616,0.036,0.508,0.536,0.0,0.0,-1.77,-5.37,-88.57,-88.46,0.0,0.0,0.0,0.0,0.0,0.0,-0.4,1.0,1.0,0.0,0.0,-0.0,-0.0,0.0,0.0,0.0,0.0,0.0,0.0,0.0,0.0,167.0,93.0,107.0,161.0,18.0,7.0,12.0,54.0,15.0,6.0,0.0
129.641,52,151461.0,759.0,84.0,600.0,625.0,0.0,1.0,0.0,0.0,0.61,0.02,0.5,0.52,0.616,0.036,0.508,0.536,0.0,0.0,-1.77,-5.37,-88.57,-88.46,0.0,0.0,0.0,0.0,0.0,0.0,-0.4,1.0,1.0,0.0,0.0,-0.0,-0.0,0.0,0.0,0.0,0.0,0.0,0.0,0.0,0.0,167.0,93.0,107.0,161.0,18.0,7.0,12.0,54.0,15.0,6.0,0.0
129.707,55,151516.0,759.0,84.0,600.0,625.0,0.0,1.0,0.0,0.0,0.613,0.02,0.5,0.52,0.62,0.036,0.508,0.536,0.0,0.0,-1.77,-5.38,-88.57,-88.46,0.0,0.0,0.0,0.0,0.0,0.0,-0.4,1.0,1.0,0.0,0.0,-0.0,-0.0,0.0,0.0,0.0,0.0,0.0,0.0,0.0,0.0,167.0,93.0,107.0,161.0,18.0,7.0,12.0,54.0,15.0,6.0,0.0
129.774,54,151570.0,767.0,84.0,600.0,625.0,0.0,1.0,0.0,0.0,0.613,0.02,0.5,0.52,0.62,0.036,0.508,0.536,0.0,0.0,-1.77,-5.38,-88.57,-88.46,0.0,0.0,0.0,0.0,0.0,0.0,-0.4,1.0,1.0,0.0,0.0,-0.0,-0.0,0.0,0.0,0.0,0.0,0.0,0.0,0.0,0.0,167.0,93.0,107.0,161.0,18.0,7.0,12.0,54.0,15.0,6.0,0.0
129.805,53,151623.0,767.0,85.0,600.0,625.0,0.0,1.0,0.0,0.0,0.613,0.02,0.5,0.52,0.62,0.036,0.508,0.536,0.0,0.0,-1.77,-5.38,-88.57,-88.46,0.0,0.0,0.0,0.0,0.0,0.0,-0.4,1.0,1.0,0.0,0.0,-0.0,-0.0,0.0,0.0,0.0,0.0,0.0,0.0,0.0,0.0,167.0,93.0,107.0,161.0,18.0,7.0,12.0,54.0,15.0,6.0,0.0
129.869,52,151675.0,767.0,85.0,600.0,625.0,0.0,1.0,0.0,0.0,0.613,0.02,0.5,0.52,0.62,0.036,0.508,0.536,0.0,0.0,-1.77,-5.38,-88.57,-88.46,0.0,0.0,0.0,0.0,0.0,0.0,-0.4,1.0,1.0,0.0,0.0,-0.0,-0.0,0.0,0.0,0.0,0.0,0.0,0.0,0.0,0.0,167.0,93.0,107.0,161.0,18.0,7.0,12.0,54.0,15.0,6.0,0.0
129.902,53,151728.0,767.0,85.0,600.0,628.0,0.0,1.0,0.0,0.0,0.617,0.02,0.5,0.521,0.624,0.036,0.508,0.538,0.0,0.0,-1.77,-5.38,-88.57,-88.46,0.0,0.0,0.0,0.0,0.0,0.0,-0.4,1.0,1.0,0.0,0.0,-0.0,-0.0,0.0,0.0,0.0,0.0,0.0,0.0,0.0,0.0,167.0,93.0,107.0,161.0,18.0,7.0,12.0,54.0,15.0,6.0,0.0
129.968,53,151781.0,770.0,85.0,600.0,628.0,0.0,1.0,0.0,0.0,0.617,0.02,0.5,0.521,0.624,0.036,0.508,0.538,0.0,0.0,-1.77,-5.38,-88.57,-88.46,0.0,0.0,0.0,0.0,0.0,0.0,-0.4,1.0,1.0,0.0,0.0,-0.0,-0.0,0.0,0.0,0.0,0.0,0.0,0.0,0.0,0.0,167.0,93.0,107.0,161.0,18.0,7.0,12.0,54.0,15.0,6.0,0.0
130.034,53,151834.0,770.0,84.0,600.0,628.0,0.0,1.0,0.0,0.0,0.617,0.02,0.5,0.521,0.624,0.036,0.508,0.538,0.0,0.0,-1.78,-5.39,-88.57,-88.46,0.0,0.0,0.0,0.0,0.0,0.0,-0.4,1.0,1.0,0.0,0.0,-0.0,-0.0,0.0,0.0,0.0,0.0,0.0,0.0,0.0,0.0,167.0,93.0,107.0,161.0,18.0,7.0,12.0,54.0,15.0,6.0,0.0
130.066,52,151886.0,770.0,84.0,600.0,628.0,0.0,1.0,0.0,0.0,0.617,0.02,0.5,0.521,0.624,0.036,0.508,0.538,0.0,0.0,-1.78,-5.39,-88.57,-88.46,0.0,0.0,0.0,0.0,0.0,0.0,-0.4,1.0,1.0,0.0,0.0,-0.0,-0.0,0.0,0.0,0.0,0.0,0.0,0.0,0.0,0.0,167.0,93.0,107.0,161.0,18.0,7.0,12.0,54.0,15.0,6.0,1.0
130.132,53,151939.0,770.0,84.0,600.0,627.0,0.0,1.0,0.0,0.0,0.62,0.019,0.5,0.522,0.627,0.036,0.508,0.538,0.0,0.0,-1.78,-5.39,-88.57,-88.46,0.0,0.0,0.0,0.0,0.0,0.0,-0.4,1.0,1.0,0.0,0.0,-0.0,-0.0,0.0,0.0,0.0,0.0,0.0,0.0,0.0,0.0,167.0,93.0,107.0,161.0,18.0,7.0,12.0,54.0,15.0,6.0,0.0
130.166,54,151993.0,776.0,84.0,600.0,627.0,0.0,1.0,0.0,0.0,0.62,0.019,0.5,0.522,0.627,0.036,0.508,0.538,0.0,0.0,-1.78,-5.39,-88.57,-88.46,0.0,0.0,0.0,0.0,0.0,0.0,-0.4,1.0,1.0,0.0,0.0,-0.0,-0.0,0.0,0.0,0.0,0.0,0.0,0.0,0.0,0.0,167.0,93.0,107.0,161.0,18.0,7.0,12.0,54.0,15.0,6.0,0.0
130.232,53,152046.0,776.0,84.0,600.0,627.0,0.0,1.0,0.0,0.0,0.62,0.019,0.5,0.522,0.627,0.036,0.508,0.538,0.0,0.0,-1.78,-5.39,-88.57,-88.46,0.0,0.0,0.0,0.0,0.0,0.0,-0.4,1.0,1.0,0.0,0.0,-0.0,-0.0,0.0,0.0,0.0,0.0,0.0,0.0,0.0,0.0,167.0,93.0,107.0,161.0,18.0,7.0,12.0,54.0,15.0,6.0,0.0
130.299,52,152098.0,776.0,84.0,600.0,627.0,0.0,1.0,0.0,0.0,0.62,0.019,0.5,0.522,0.627,0.036,0.508,0.538,0.0,0.0,-1.78,-5.39,-88.57,-88.46,0.0,0.0,0.0,0.0,0.0,0.0,-0.4,1.0,1.0,0.0,0.0,-0.0,-0.0,0.0,0.0,0.0,0.0,0.0,0.0,0.0,0.0,167.0,93.0,107.0,161.0,18.0,7.0,12.0,54.0,15.0,6.0,1.0
130.338,53,152151.0,776.0,84.0,600.0,624.0,0.0,1.0,0.0,0.0,0.623,0.019,0.5,0.521,0.631,0.036,0.508,0.537,0.0,0.0,-1.77,-5.39,-88.57,-88.46,0.0,0.0,0.0,0.0,0.0,0.0,-0.4,1.0,1.0,0.0,0.0,-0.0,-0.0,0.0,0.0,0.0,0.0,0.0,0.0,0.0,0.0,167.0,93.0,107.0,161.0,18.0,7.0,12.0,54.0,15.0,6.0,0.0
130.403,53,152204.0,781.0,84.0,600.0,624.0,0.0,1.0,0.0,0.0,0.623,0.019,0.5,0.521,0.631,0.036,0.508,0.537,0.0,0.0,-1.77,-5.39,-88.57,-88.46,0.0,0.0,0.0,0.0,0.0,0.0,-0.4,1.0,1.0,0.0,0.0,-0.0,-0.0,0.0,0.0,0.0,0.0,0.0,0.0,0.0,0.0,167.0,93.0,107.0,161.0,18.0,7.0,12.0,54.0,15.0,6.0,0.0
130.434,53,152257.0,781.0,84.0,600.0,624.0,0.0,1.0,0.0,0.0,0.623,0.019,0.5,0.521,0.631,0.036,0.508,0.537,0.0,0.0,-1.77,-5.39,-88.57,-88.46,0.0,0.0,0.0,0.0,0.0,0.0,-0.4,1.0,1.0,0.0,0.0,-0.0,-0.0,0.0,0.0,0.0,0.0,0.0,0.0,0.0,0.0,167.0,93.0,107.0,161.0,18.0,7.0,12.0,54.0,15.0,6.0,0.0
130.499,52,152309.0,781.0,84.0,600.0,624.0,0.0,1.0,0.0,0.0,0.623,0.019,0.5,0.521,0.631,0.036,0.508,0.537,0.0,0.0,-1.77,-5.39,-88.57,-88.46,0.0,0.0,0.0,0.0,0.0,0.0,-0.4,1.0,1.0,0.0,0.0,-0.0,-0.0,0.0,0.0,0.0,0.0,0.0,0.0,0.0,0.0,167.0,93.0,107.0,161.0,18.0,7.0,12.0,54.0,15.0,6.0,1.0
130.539,52,152361.0,781.0,84.0,600.0,621.0,0.0,1.0,0.0,0.0,0.626,0.019,0.5,0.519,0.634,0.036,0.508,0.536,0.0,0.0,-1.77,-5.39,-88.57,-88.46,0.0,0.0,0.0,0.0,0.0,0.0,-0.4,1.0,1.0,0.0,0.0,-0.0,-0.0,0.0,0.0,0.0,0.0,0.0,0.0,0.0,0.0,167.0,93.0,107.0,161.0,18.0,7.0,12.0,54.0,15.0,6.0,0.0
130.604,53,152414.0,775.0,84.0,600.0,621.0,0.0,1.0,0.0,0.0,0.626,0.019,0.5,0.519,0.634,0.036,0.508,0.536,0.0,0.0,-1.77,-5.39,-88.57,-88.46,0.0,0.0,0.0,0.0,0.0,0.0,-0.4,1.0,1.0,0.0,0.0,-0.0,-0.0,0.0,0.0,0.0,0.0,0.0,0.0,0.0,0.0,167.0,93.0,107.0,161.0,18.0,7.0,12.0,54.0,15.0,6.0,0.0
130.67,52,152466.0,775.0,85.0,600.0,621.0,0.0,1.0,0.0,0.0,0.626,0.019,0.5,0.519,0.634,0.036,0.508,0.536,0.0,0.0,-1.77,-5.39,-88.57,-88.46,0.0,0.0,0.0,0.0,0.0,0.0,-0.4,1.0,1.0,0.0,0.0,-0.0,-0.0,0.0,0.0,0.0,0.0,0.0,0.0,0.0,0.0,167.0,93.0,107.0,161.0,18.0,7.0,12.0,54.0,15.0,6.0,0.0
130.704,53,152519.0,775.0,85.0,600.0,621.0,0.0,1.0,0.0,0.0,0.626,0.019,0.5,0.519,0.634,0.036,0.508,0.536,0.0,0.0,-1.77,-5.39,-88.57,-88.46,0.0,0.0,0.0,0.0,0.0,0.0,-0.4,1.0,1.0,0.0,0.0,-0.0,-0.0,0.0,0.0,0.0,0.0,0.0,0.0,0.0,0.0,167.0,93.0,107.0,161.0,18.0,7.0,12.0,54.0,15.0,6.0,1.0
130.771,53,152572.0,775.0,85.0,600.0,622.0,0.0,1.0,0.0,0.0,0.626,0.019,0.5,0.518,0.634,0.036,0.508,0.535,0.0,0.0,-1.76,-5.38,-88.57,-88.46,0.0,0.0,0.0,0.0,0.0,0.0,-0.4,1.0,1.0,0.0,0.0,-0.0,-0.0,0.0,0.0,0.0,0.0,0.0,0.0,0.0,0.0,167.0,93.0,107.0,161.0,18.0,7.0,12.0,54.0,15.0,6.0,0.0
130.804,53,152625.0,768.0,85.0,600.0,622.0,0.0,1.0,0.0,0.0,0.626,0.019,0.5,0.518,0.634,0.036,0.508,0.535,0.0,0.0,-1.76,-5.38,-88.57,-88.46,0.0,0.0,0.0,0.0,0.0,0.0,-0.4,1.0,1.0,0.0,0.0,-0.0,-0.0,0.0,0.0,0.0,0.0,0.0,0.0,0.0,0.0,167.0,93.0,107.0,161.0,18.0,7.0,12.0,54.0,15.0,6.0,0.0
130.87,52,152677.0,768.0,85.0,600.0,622.0,0.0,1.0,0.0,0.0,0.626,0.019,0.5,0.518,0.634,0.036,0.508,0.535,0.0,0.0,-1.76,-5.38,-88.57,-88.46,0.0,0.0,0.0,0.0,0.0,0.0,-0.4,1.0,1.0,0.0,0.0,-0.0,-0.0,0.0,0.0,0.0,0.0,0.0,0.0,0.0,0.0,167.0,93.0,107.0,161.0,18.0,7.0,12.0,54.0,15.0,6.0,0.0
130.904,53,152730.0,768.0,85.0,600.0,622.0,0.0,1.0,0.0,0.0,0.626,0.019,0.5,0.518,0.634,0.036,0.508,0.535,0.0,0.0,-1.76,-5.38,-88.57,-88.46,0.0,0.0,0.0,0.0,0.0,0.0,-0.4,1.0,1.0,0.0,0.0,-0.0,-0.0,0.0,0.0,0.0,0.0,0.0,0.0,0.0,0.0,167.0,93.0,107.0,161.0,18.0,7.0,12.0,54.0,15.0,6.0,0.0
130.978,53,152783.0,768.0,85.0,600.0,621.0,0.0,1.0,0.0,0.0,0.623,0.02,0.5,0.518,0.631,0.036,0.508,0.534,0.0,0.0,-1.76,-5.37,-88.57,-88.46,0.0,0.0,0.0,0.0,0.0,0.0,-0.4,1.0,1.0,0.0,0.0,-0.0,-0.0,0.0,0.0,0.0,0.0,0.0,0.0,0.0,0.0,167.0,93.0,107.0,161.0,18.0,7.0,12.0,54.0,15.0,6.0,0.0
131.011,54,152837.0,764.0,85.0,600.0,621.0,0.0,1.0,0.0,0.0,0.623,0.02,0.5,0.518,0.631,0.036,0.508,0.534,0.0,0.0,-1.77,-5.38,-88.57,-88.46,0.0,0.0,0.0,0.0,0.0,0.0,-0.4,1.0,1.0,0.0,0.0,-0.0,-0.0,0.0,0.0,0.0,0.0,0.0,0.0,0.0,0.0,167.0,93.0,107.0,161.0,18.0,7.0,12.0,54.0,15.0,6.0,0.0
131.076,52,152889.0,764.0,86.0,600.0,621.0,0.0,1.0,0.0,0.0,0.623,0.02,0.5,0.518,0.631,0.036,0.508,0.534,0.0,0.0,-1.77,-5.38,-88.57,-88.46,0.0,0.0,0.0,0.0,0.0,0.0,-0.4,1.0,1.0,0.0,0.0,-0.0,-0.0,0.0,0.0,0.0,0.0,0.0,0.0,0.0,0.0,167.0,93.0,107.0,161.0,18.0,7.0,12.0,54.0,15.0,6.0,1.0
131.153,53,152942.0,764.0,86.0,600.0,621.0,0.0,1.0,0.0,0.0,0.623,0.02,0.5,0.518,0.631,0.036,0.508,0.534,0.0,0.0,-1.77,-5.37,-88.57,-88.46,0.0,0.0,0.0,0.0,0.0,0.0,-0.4,1.0,1.0,0.0,0.0,-0.0,-0.0,0.0,0.0,0.0,0.0,0.0,0.0,0.0,0.0,167.0,93.0,107.0,161.0,18.0,7.0,12.0,54.0,15.0,6.0,0.0
131.186,53,152995.0,764.0,86.0,600.0,621.0,0.0,1.0,0.0,0.0,0.621,0.02,0.5,0.517,0.629,0.036,0.508,0.534,0.0,0.0,-1.77,-5.37,-88.57,-88.46,0.0,0.0,0.0,0.0,0.0,0.0,-0.4,1.0,1.0,0.0,0.0,-0.0,-0.0,0.0,0.0,0.0,0.0,0.0,0.0,0.0,0.0,167.0,93.0,107.0,161.0,18.0,7.0,12.0,54.0,15.0,6.0,0.0
131.251,53,153048.0,757.0,86.0,600.0,621.0,0.0,1.0,0.0,0.0,0.621,0.02,0.5,0.517,0.629,0.036,0.508,0.534,0.0,0.0,-1.77,-5.37,-88.57,-88.46,0.0,0.0,0.0,0.0,0.0,0.0,-0.4,1.0,1.0,0.0,0.0,-0.0,-0.0,0.0,0.0,0.0,0.0,0.0,0.0,0.0,0.0,167.0,93.0,107.0,161.0,18.0,7.0,12.0,54.0,15.0,6.0,1.0
131.284,53,153101.0,757.0,85.0,600.0,621.0,0.0,1.0,0.0,0.0,0.621,0.02,0.5,0.517,0.629,0.036,0.508,0.534,0.0,0.0,-1.77,-5.37,-88.57,-88.46,0.0,0.0,0.0,0.0,0.0,0.0,-0.4,1.0,1.0,0.0,0.0,-0.0,-0.0,0.0,0.0,0.0,0.0,0.0,0.0,0.0,0.0,167.0,93.0,107.0,161.0,18.0,7.0,12.0,54.0,15.0,6.0,0.0
131.35,53,153154.0,757.0,85.0,600.0,621.0,0.0,1.0,0.0,0.0,0.621,0.02,0.5,0.517,0.629,0.036,0.508,0.534,0.0,0.0,-1.78,-5.37,-88.57,-88.46,0.0,0.0,0.0,0.0,0.0,0.0,-0.4,1.0,1.0,0.0,0.0,-0.0,-0.0,0.0,0.0,0.0,0.0,0.0,0.0,0.0,0.0,167.0,93.0,107.0,161.0,18.0,7.0,12.0,54.0,15.0,6.0,0.0
131.383,52,153206.0,757.0,85.0,600.0,623.0,0.0,1.0,0.0,0.0,0.617,0.02,0.5,0.518,0.626,0.036,0.508,0.534,0.0,0.0,-1.78,-5.37,-88.57,-88.46,0.0,0.0,0.0,0.0,0.0,0.0,-0.4,1.0,1.0,0.0,0.0,-0.0,-0.0,0.0,0.0,0.0,0.0,0.0,0.0,0.0,0.0,167.0,93.0,107.0,161.0,18.0,7.0,12.0,54.0,15.0,6.0,0.0
131.446,54,153260.0,759.0,85.0,600.0,623.0,0.0,1.0,0.0,0.0,0.617,0.02,0.5,0.518,0.626,0.036,0.508,0.534,0.0,0.0,-1.78,-5.37,-88.57,-88.46,0.0,0.0,0.0,0.0,0.0,0.0,-0.4,1.0,1.0,0.0,0.0,-0.0,-0.0,0.0,0.0,0.0,0.0,0.0,0.0,0.0,0.0,167.0,93.0,107.0,161.0,18.0,7.0,12.0,54.0,15.0,6.0,0.0
131.511,52,153312.0,759.0,85.0,600.0,623.0,0.0,1.0,0.0,0.0,0.617,0.02,0.5,0.518,0.626,0.036,0.508,0.534,0.0,0.0,-1.78,-5.37,-88.57,-88.46,0.0,0.0,0.0,0.0,0.0,0.0,-0.4,1.0,1.0,0.0,0.0,-0.0,-0.0,0.0,0.0,0.0,0.0,0.0,0.0,0.0,0.0,167.0,93.0,107.0,161.0,18.0,7.0,12.0,54.0,15.0,6.0,0.0
131.544,53,153365.0,759.0,85.0,600.0,623.0,0.0,1.0,0.0,0.0,0.617,0.02,0.5,0.518,0.626,0.036,0.508,0.534,0.0,0.0,-1.78,-5.37,-88.57,-88.46,0.0,0.0,0.0,0.0,0.0,0.0,-0.4,1.0,1.0,0.0,0.0,-0.0,-0.0,0.0,0.0,0.0,0.0,0.0,0.0,0.0,0.0,167.0,93.0,107.0,161.0,18.0,7.0,12.0,54.0,15.0,6.0,0.0
131.61,52,153417.0,759.0,85.0,600.0,623.0,0.0,1.0,0.0,0.0,0.616,0.02,0.5,0.519,0.624,0.036,0.508,0.535,0.0,0.0,-1.78,-5.38,-88.57,-88.46,0.0,0.0,0.0,0.0,0.0,0.0,-0.4,1.0,1.0,0.0,0.0,-0.0,-0.0,0.0,0.0,0.0,0.0,0.0,0.0,0.0,0.0,167.0,93.0,107.0,161.0,18.0,7.0,12.0,54.0,15.0,6.0,0.0
131.644,53,153470.0,759.0,85.0,600.0,623.0,0.0,1.0,0.0,0.0,0.616,0.02,0.5,0.519,0.624,0.036,0.508,0.535,0.0,0.0,-1.78,-5.38,-88.57,-88.46,0.0,0.0,0.0,0.0,0.0,0.0,-0.4,1.0,1.0,0.0,0.0,-0.0,-0.0,0.0,0.0,0.0,0.0,0.0,0.0,0.0,0.0,167.0,93.0,107.0,161.0,18.0,7.0,12.0,54.0,15.0,6.0,0.0
131.71,53,153523.0,759.0,84.0,600.0,623.0,0.0,1.0,0.0,0.0,0.616,0.02,0.5,0.519,0.624,0.036,0.508,0.535,0.0,0.0,-1.78,-5.38,-88.57,-88.46,0.0,0.0,0.0,0.0,0.0,0.0,-0.4,1.0,1.0,0.0,0.0,-0.0,-0.0,0.0,0.0,0.0,0.0,0.0,0.0,0.0,0.0,167.0,93.0,107.0,161.0,18.0,7.0,12.0,54.0,15.0,6.0,0.0
131.776,53,153576.0,759.0,84.0,600.0,623.0,0.0,1.0,0.0,0.0,0.616,0.02,0.5,0.519,0.624,0.036,0.508,0.535,0.0,0.0,-1.77,-5.38,-88.57,-88.46,0.0,0.0,0.0,0.0,0.0,0.0,-0.4,1.0,1.0,0.0,0.0,-0.0,-0.0,0.0,0.0,0.0,0.0,0.0,0.0,0.0,0.0,167.0,93.0,107.0,161.0,18.0,7.0,12.0,54.0,15.0,6.0,0.0
131.809,53,153629.0,759.0,84.0,600.0,623.0,0.0,1.0,0.0,0.0,0.616,0.02,0.5,0.519,0.624,0.036,0.508,0.535,0.0,0.0,-1.77,-5.38,-88.57,-88.46,0.0,0.0,0.0,0.0,0.0,0.0,-0.4,1.0,1.0,0.0,0.0,-0.0,-0.0,0.0,0.0,0.0,0.0,0.0,0.0,0.0,0.0,167.0,93.0,107.0,161.0,18.0,7.0,12.0,54.0,15.0,6.0,1.0
131.876,54,153683.0,770.0,84.0,600.0,623.0,0.0,1.0,0.0,0.0,0.616,0.02,0.5,0.519,0.624,0.036,0.508,0.535,0.0,0.0,-1.77,-5.38,-88.57,-88.46,0.0,0.0,0.0,0.0,0.0,0.0,-0.4,1.0,1.0,0.0,0.0,-0.0,-0.0,0.0,0.0,0.0,0.0,0.0,0.0,0.0,0.0,167.0,93.0,107.0,161.0,18.0,7.0,12.0,54.0,15.0,6.0,0.0
131.909,52,153735.0,770.0,84.0,600.0,623.0,0.0,1.0,0.0,0.0,0.616,0.02,0.5,0.519,0.624,0.036,0.508,0.535,0.0,0.0,-1.77,-5.39,-88.57,-88.46,0.0,0.0,0.0,0.0,0.0,0.0,-0.4,1.0,1.0,0.0,0.0,-0.0,-0.0,0.0,0.0,0.0,0.0,0.0,0.0,0.0,0.0,167.0,93.0,107.0,161.0,18.0,7.0,12.0,54.0,15.0,6.0,0.0
131.974,53,153788.0,770.0,84.0,600.0,623.0,0.0,1.0,0.0,0.0,0.616,0.02,0.5,0.519,0.624,0.036,0.508,0.535,0.0,0.0,-1.76,-5.38,-88.57,-88.46,0.0,0.0,0.0,0.0,0.0,0.0,-0.4,1.0,1.0,0.0,0.0,-0.0,-0.0,0.0,0.0,0.0,0.0,0.0,0.0,0.0,0.0,167.0,93.0,107.0,161.0,18.0,7.0,12.0,54.0,15.0,6.0,0.0
132.038,52,153840.0,770.0,84.0,600.0,623.0,0.0,1.0,0.0,0.0,0.619,0.019,0.5,0.519,0.627,0.036,0.508,0.535,0.0,0.0,-1.76,-5.39,-88.57,-88.46,0.0,0.0,0.0,0.0,0.0,0.0,-0.4,1.0,1.0,0.0,0.0,-0.0,-0.0,0.0,0.0,0.0,0.0,0.0,0.0,0.0,0.0,167.0,93.0,107.0,161.0,18.0,7.0,12.0,54.0,15.0,6.0,1.0
132.07,53,153893.0,765.0,84.0,600.0,623.0,0.0,1.0,0.0,0.0,0.619,0.019,0.5,0.519,0.627,0.036,0.508,0.535,0.0,0.0,-1.76,-5.39,-88.57,-88.46,0.0,0.0,0.0,0.0,0.0,0.0,-0.4,1.0,1.0,0.0,0.0,-0.0,-0.0,0.0,0.0,0.0,0.0,0.0,0.0,0.0,0.0,167.0,93.0,107.0,161.0,18.0,7.0,12.0,54.0,15.0,6.0,0.0
132.142,52,153945.0,765.0,84.0,600.0,623.0,0.0,1.0,0.0,0.0,0.619,0.019,0.5,0.519,0.627,0.036,0.508,0.535,0.0,0.0,-1.75,-5.39,-88.57,-88.46,0.0,0.0,0.0,0.0,0.0,0.0,-0.4,1.0,1.0,0.0,0.0,-0.0,-0.0,0.0,0.0,0.0,0.0,0.0,0.0,0.0,0.0,167.0,93.0,107.0,161.0,18.0,7.0,12.0,54.0,15.0,6.0,0.0
132.175,53,153998.0,765.0,84.0,600.0,623.0,0.0,1.0,0.0,0.0,0.619,0.019,0.5,0.519,0.627,0.036,0.508,0.535,0.0,0.0,-1.75,-5.39,-88.57,-88.46,0.0,0.0,0.0,0.0,0.0,0.0,-0.4,1.0,1.0,0.0,0.0,-0.0,-0.0,0.0,0.0,0.0,0.0,0.0,0.0,0.0,0.0,167.0,93.0,107.0,161.0,18.0,7.0,12.0,54.0,15.0,6.0,0.0
132.241,52,154050.0,765.0,84.0,600.0,625.0,0.0,1.0,0.0,0.0,0.619,0.019,0.5,0.52,0.627,0.036,0.508,0.536,0.0,0.0,-1.75,-5.39,-88.57,-88.46,0.0,0.0,0.0,0.0,0.0,0.0,-0.4,1.0,1.0,0.0,0.0,-0.0,-0.0,0.0,0.0,0.0,0.0,0.0,0.0,0.0,0.0,167.0,93.0,107.0,161.0,18.0,7.0,12.0,54.0,15.0,6.0,1.0
132.308,54,154104.0,768.0,84.0,600.0,625.0,0.0,1.0,0.0,0.0,0.619,0.019,0.5,0.52,0.627,0.036,0.508,0.536,0.0,0.0,-1.74,-5.4,-88.57,-88.46,0.0,0.0,0.0,0.0,0.0,0.0,-0.4,1.0,1.0,0.0,0.0,-0.0,-0.0,0.0,0.0,0.0,0.0,0.0,0.0,0.0,0.0,167.0,93.0,107.0,161.0,18.0,7.0,12.0,54.0,15.0,6.0,0.0
132.342,53,154157.0,768.0,84.0,600.0,625.0,0.0,1.0,0.0,0.0,0.619,0.019,0.5,0.52,0.627,0.036,0.508,0.536,0.0,0.0,-1.74,-5.4,-88.57,-88.46,0.0,0.0,0.0,0.0,0.0,0.0,-0.4,1.0,1.0,0.0,0.0,-0.0,-0.0,0.0,0.0,0.0,0.0,0.0,0.0,0.0,0.0,167.0,93.0,107.0,161.0,18.0,7.0,12.0,54.0,15.0,6.0,0.0
132.408,52,154209.0,768.0,84.0,600.0,625.0,0.0,1.0,0.0,0.0,0.619,0.019,0.5,0.52,0.627,0.036,0.508,0.536,0.0,0.0,-1.74,-5.39,-88.57,-88.46,0.0,0.0,0.0,0.0,0.0,0.0,-0.4,1.0,1.0,0.0,0.0,-0.0,-0.0,0.0,0.0,0.0,0.0,0.0,0.0,0.0,0.0,167.0,93.0,107.0,161.0,18.0,7.0,12.0,54.0,15.0,6.0,0.0
132.441,52,154261.0,768.0,84.0,600.0,624.0,0.0,1.0,0.0,0.0,0.62,0.019,0.5,0.52,0.628,0.036,0.508,0.536,0.0,0.0,-1.75,-5.39,-88.57,-88.46,0.0,0.0,0.0,0.0,0.0,0.0,-0.4,1.0,1.0,0.0,0.0,-0.0,-0.0,0.0,0.0,0.0,0.0,0.0,0.0,0.0,0.0,167.0,93.0,107.0,161.0,18.0,7.0,12.0,54.0,15.0,6.0,1.0
132.507,53,154314.0,730.0,84.0,600.0,624.0,0.0,1.0,0.0,0.0,0.62,0.019,0.5,0.52,0.628,0.036,0.508,0.536,0.0,0.0,-1.75,-5.39,-88.57,-88.46,0.0,0.0,0.0,0.0,0.0,0.0,-0.4,1.0,1.0,0.0,0.0,-0.0,-0.0,0.0,0.0,0.0,0.0,0.0,0.0,0.0,0.0,167.0,93.0,107.0,161.0,18.0,7.0,12.0,54.0,15.0,6.0,0.0
132.541,52,154366.0,730.0,85.0,600.0,624.0,0.0,1.0,0.0,0.0,0.62,0.019,0.5,0.52,0.628,0.036,0.508,0.536,0.0,0.0,-1.75,-5.39,-88.57,-88.46,0.0,0.0,0.0,0.0,0.0,0.0,-0.4,1.0,1.0,0.0,0.0,-0.0,-0.0,0.0,0.0,0.0,0.0,0.0,0.0,0.0,0.0,167.0,93.0,107.0,161.0,18.0,7.0,12.0,54.0,15.0,6.0,0.0
132.606,53,154419.0,730.0,85.0,600.0,624.0,0.0,1.0,0.0,0.0,0.62,0.019,0.5,0.52,0.628,0.036,0.508,0.536,0.0,0.0,-1.75,-5.38,-88.57,-88.46,0.0,0.0,0.0,0.0,0.0,0.0,-0.4,1.0,1.0,0.0,0.0,-0.0,-0.0,0.0,0.0,0.0,0.0,0.0,0.0,0.0,0.0,167.0,93.0,107.0,161.0,18.0,7.0,12.0,54.0,15.0,6.0,0.0
132.669,52,154471.0,730.0,85.0,600.0,624.0,0.0,1.0,0.0,0.0,0.608,0.02,0.5,0.52,0.618,0.036,0.508,0.536,0.0,0.0,-1.75,-5.38,-88.57,-88.46,0.0,0.0,0.0,0.0,0.0,0.0,-0.4,1.0,1.0,0.0,0.0,-0.0,-0.0,0.0,0.0,0.0,0.0,0.0,0.0,0.0,0.0,167.0,93.0,107.0,161.0,18.0,7.0,12.0,54.0,15.0,6.0,1.0
132.702,54,154525.0,706.0,85.0,600.0,624.0,0.0,1.0,0.0,0.0,0.608,0.02,0.5,0.52,0.618,0.036,0.508,0.536,0.0,0.0,-1.75,-5.38,-88.57,-88.46,0.0,0.0,0.0,0.0,0.0,0.0,-0.4,1.0,1.0,0.0,0.0,-0.0,-0.0,0.0,0.0,0.0,0.0,0.0,0.0,0.0,0.0,167.0,93.0,107.0,161.0,18.0,7.0,12.0,54.0,15.0,6.0,0.0
132.768,52,154577.0,706.0,86.0,600.0,624.0,0.0,1.0,0.0,0.0,0.608,0.02,0.5,0.52,0.618,0.036,0.508,0.536,0.0,0.0,-1.75,-5.38,-88.57,-88.46,0.0,0.0,0.0,0.0,0.0,0.0,-0.4,1.0,1.0,0.0,0.0,-0.0,-0.0,0.0,0.0,0.0,0.0,0.0,0.0,0.0,0.0,167.0,93.0,107.0,161.0,18.0,7.0,12.0,54.0,15.0,6.0,1.0
132.834,53,154630.0,706.0,86.0,600.0,624.0,0.0,1.0,0.0,0.0,0.608,0.02,0.5,0.52,0.618,0.036,0.508,0.536,0.0,0.0,-1.75,-5.38,-88.57,-88.46,0.0,0.0,0.0,0.0,0.0,0.0,-0.4,1.0,1.0,0.0,0.0,-0.0,-0.0,0.0,0.0,0.0,0.0,0.0,0.0,0.0,0.0,167.0,93.0,107.0,161.0,18.0,7.0,12.0,54.0,15.0,6.0,0.0
132.866,53,154683.0,706.0,86.0,600.0,623.0,0.0,1.0,0.0,0.0,0.593,0.02,0.5,0.519,0.603,0.036,0.508,0.535,0.0,0.0,-1.75,-5.38,-88.57,-88.46,0.0,0.0,0.0,0.0,0.0,0.0,-0.4,1.0,1.0,0.0,0.0,-0.0,-0.0,0.0,0.0,0.0,0.0,0.0,0.0,0.0,0.0,167.0,93.0,107.0,161.0,18.0,7.0,12.0,54.0,15.0,6.0,1.0
132.932,53,154736.0,666.0,86.0,600.0,623.0,0.0,1.0,0.0,0.0,0.593,0.02,0.5,0.519,0.603,0.036,0.508,0.535,0.0,0.0,-1.75,-5.37,-88.57,-88.46,0.0,0.0,0.0,0.0,0.0,0.0,-0.4,1.0,1.0,0.0,0.0,-0.0,-0.0,0.0,0.0,0.0,0.0,0.0,0.0,0.0,0.0,167.0,93.0,107.0,161.0,18.0,7.0,12.0,54.0,15.0,6.0,1.0
132.965,52,154788.0,666.0,86.0,600.0,623.0,0.0,1.0,0.0,0.0,0.593,0.02,0.5,0.519,0.603,0.036,0.508,0.535,0.0,0.0,-1.75,-5.37,-88.57,-88.46,0.0,0.0,0.0,0.0,0.0,0.0,-0.4,1.0,1.0,0.0,0.0,-0.0,-0.0,0.0,0.0,0.0,0.0,0.0,0.0,0.0,0.0,167.0,93.0,107.0,161.0,18.0,7.0,12.0,54.0,15.0,6.0,0.0
133.03,53,154841.0,666.0,86.0,600.0,623.0,0.0,1.0,0.0,0.0,0.593,0.02,0.5,0.519,0.603,0.036,0.508,0.535,0.0,0.0,-1.75,-5.37,-88.57,-88.46,0.0,0.0,0.0,0.0,0.0,0.0,-0.4,1.0,1.0,0.0,0.0,-0.0,-0.0,0.0,0.0,0.0,0.0,0.0,0.0,0.0,0.0,167.0,93.0,107.0,161.0,18.0,7.0,12.0,54.0,15.0,6.0,0.0
133.097,53,154894.0,666.0,86.0,600.0,621.0,0.0,1.0,0.0,0.0,0.571,0.02,0.5,0.518,0.582,0.036,0.508,0.534,0.0,0.0,-1.75,-5.37,-88.57,-88.46,0.0,0.0,0.0,0.0,0.0,0.0,-0.4,1.0,1.0,0.0,0.0,-0.0,-0.0,0.0,0.0,0.0,0.0,0.0,0.0,0.0,0.0,167.0,93.0,107.0,161.0,18.0,7.0,12.0,54.0,15.0,6.0,0.0
133.13,54,154948.0,633.0,86.0,600.0,621.0,0.0,1.0,0.0,0.0,0.571,0.02,0.5,0.518,0.582,0.036,0.508,0.534,0.0,0.0,-1.75,-5.37,-88.57,-88.46,0.0,0.0,0.0,0.0,0.0,0.0,-0.4,1.0,1.0,0.0,0.0,-0.0,-0.0,0.0,0.0,0.0,0.0,0.0,0.0,0.0,0.0,167.0,93.0,107.0,161.0,18.0,7.0,12.0,54.0,15.0,6.0,1.0
133.196,53,155001.0,633.0,86.0,600.0,621.0,0.0,1.0,0.0,0.0,0.571,0.02,0.5,0.518,0.582,0.036,0.508,0.534,0.0,0.0,-1.75,-5.37,-88.57,-88.46,0.0,0.0,0.0,0.0,0.0,0.0,-0.4,1.0,1.0,0.0,0.0,-0.0,-0.0,0.0,0.0,0.0,0.0,0.0,0.0,0.0,0.0,167.0,93.0,107.0,161.0,18.0,7.0,12.0,54.0,15.0,6.0,0.0
133.228,52,155053.0,633.0,86.0,600.0,621.0,0.0,1.0,0.0,0.0,0.571,0.02,0.5,0.518,0.582,0.036,0.508,0.534,0.0,0.0,-1.75,-5.37,-88.57,-88.46,0.0,0.0,0.0,0.0,0.0,0.0,-0.4,1.0,1.0,0.0,0.0,-0.0,-0.0,0.0,0.0,0.0,0.0,0.0,0.0,0.0,0.0,167.0,93.0,107.0,161.0,18.0,7.0,12.0,54.0,15.0,6.0,0.0
133.292,53,155106.0,633.0,86.0,600.0,620.0,0.0,1.0,0.0,0.0,0.547,0.02,0.5,0.517,0.559,0.036,0.508,0.533,0.0,0.0,-1.75,-5.38,-88.57,-88.46,0.0,0.0,0.0,0.0,0.0,0.0,-0.4,1.0,1.0,0.0,0.0,-0.0,-0.0,0.0,0.0,0.0,0.0,0.0,0.0,0.0,0.0,167.0,93.0,107.0,161.0,18.0,7.0,12.0,54.0,15.0,6.0,0.0
133.36,53,155159.0,599.0,86.0,600.0,620.0,0.0,1.0,0.0,0.0,0.547,0.02,0.5,0.517,0.559,0.036,0.508,0.533,0.0,0.0,-1.75,-5.38,-88.57,-88.46,0.0,0.0,0.0,0.0,0.0,0.0,-0.4,1.0,1.0,0.0,0.0,-0.0,-0.0,0.0,0.0,0.0,0.0,0.0,0.0,0.0,0.0,167.0,93.0,107.0,161.0,18.0,7.0,12.0,54.0,15.0,6.0,0.0
133.392,53,155212.0,599.0,87.0,600.0,620.0,0.0,1.0,0.0,0.0,0.547,0.02,0.5,0.517,0.559,0.036,0.508,0.533,0.0,0.0,-1.75,-5.38,-88.57,-88.46,0.0,0.0,0.0,0.0,0.0,0.0,-0.4,1.0,1.0,0.0,0.0,-0.0,-0.0,0.0,0.0,0.0,0.0,0.0,0.0,0.0,0.0,167.0,93.0,107.0,161.0,18.0,7.0,12.0,54.0,15.0,6.0,0.0
133.456,52,155264.0,599.0,87.0,600.0,620.0,0.0,1.0,0.0,0.0,0.547,0.02,0.5,0.517,0.559,0.036,0.508,0.533,0.0,0.0,-1.75,-5.38,-88.57,-88.46,0.0,0.0,0.0,0.0,0.0,0.0,-0.4,1.0,1.0,0.0,0.0,-0.0,-0.0,0.0,0.0,0.0,0.0,0.0,0.0,0.0,0.0,167.0,93.0,107.0,161.0,18.0,7.0,12.0,54.0,15.0,6.0,0.0
133.489,53,155317.0,599.0,87.0,600.0,620.0,0.0,1.0,0.0,0.0,0.522,0.02,0.5,0.517,0.534,0.035,0.508,0.532,0.0,0.0,-1.75,-5.38,-88.57,-88.46,0.0,0.0,0.0,0.0,0.0,0.0,-0.4,1.0,1.0,0.0,0.0,-0.0,-0.0,0.0,0.0,0.0,0.0,0.0,0.0,0.0,0.0,167.0,93.0,107.0,161.0,18.0,7.0,12.0,54.0,15.0,6.0,0.0
133.557,54,155371.0,599.0,87.0,600.0,620.0,0.0,1.0,0.0,0.0,0.522,0.02,0.5,0.517,0.534,0.035,0.508,0.532,0.0,0.0,-1.75,-5.38,-88.57,-88.46,0.0,0.0,0.0,0.0,0.0,0.0,-0.4,1.0,1.0,0.0,0.0,-0.0,-0.0,0.0,0.0,0.0,0.0,0.0,0.0,0.0,0.0,167.0,93.0,107.0,161.0,18.0,7.0,12.0,54.0,15.0,6.0,1.0
133.623,53,155424.0,599.0,87.0,600.0,620.0,0.0,1.0,0.0,0.0,0.522,0.02,0.5,0.517,0.534,0.035,0.508,0.532,0.0,0.0,-1.75,-5.38,-88.57,-88.46,0.0,0.0,0.0,0.0,0.0,0.0,-0.4,1.0,1.0,0.0,0.0,-0.0,-0.0,0.0,0.0,0.0,0.0,0.0,0.0,0.0,0.0,167.0,93.0,107.0,161.0,18.0,7.0,12.0,54.0,15.0,6.0,0.0
133.655,52,155476.0,599.0,87.0,600.0,620.0,0.0,1.0,0.0,0.0,0.522,0.02,0.5,0.517,0.534,0.035,0.508,0.532,0.0,0.0,-1.76,-5.38,-88.57,-88.46,0.0,0.0,0.0,0.0,0.0,0.0,-0.4,1.0,1.0,0.0,0.0,-0.0,-0.0,0.0,0.0,0.0,0.0,0.0,0.0,0.0,0.0,167.0,93.0,107.0,161.0,18.0,7.0,12.0,54.0,15.0,6.0,0.0
133.722,53,155529.0,599.0,87.0,600.0,618.0,0.0,1.0,0.0,0.0,0.51,0.02,0.5,0.516,0.52,0.035,0.508,0.531,0.0,0.0,-1.76,-5.38,-88.57,-88.46,0.0,0.0,0.0,0.0,0.0,0.0,-0.4,1.0,1.0,0.0,0.0,-0.0,-0.0,0.0,0.0,0.0,0.0,0.0,0.0,0.0,0.0,167.0,93.0,107.0,161.0,18.0,7.0,12.0,54.0,15.0,6.0,0.0
133.756,53,155582.0,599.0,87.0,600.0,618.0,0.0,1.0,0.0,0.0,0.51,0.02,0.5,0.516,0.52,0.035,0.508,0.531,0.0,0.0,-1.76,-5.38,-88.57,-88.46,0.0,0.0,0.0,0.0,0.0,0.0,-0.4,1.0,1.0,0.0,0.0,-0.0,-0.0,0.0,0.0,0.0,0.0,0.0,0.0,0.0,0.0,167.0,93.0,107.0,161.0,18.0,7.0,12.0,54.0,15.0,6.0,1.0
133.822,53,155635.0,599.0,87.0,600.0,618.0,0.0,1.0,0.0,0.0,0.51,0.02,0.5,0.516,0.52,0.035,0.508,0.531,0.0,0.0,-1.76,-5.38,-88.57,-88.46,0.0,0.0,0.0,0.0,0.0,0.0,-0.4,1.0,1.0,0.0,0.0,-0.0,-0.0,0.0,0.0,0.0,0.0,0.0,0.0,0.0,0.0,167.0,93.0,107.0,161.0,18.0,7.0,12.0,54.0,15.0,6.0,0.0
133.888,52,155687.0,599.0,87.0,600.0,618.0,0.0,1.0,0.0,0.0,0.51,0.02,0.5,0.516,0.52,0.035,0.508,0.531,0.0,0.0,-1.76,-5.38,-88.57,-88.46,0.0,0.0,0.0,0.0,0.0,0.0,-0.4,1.0,1.0,0.0,0.0,-0.0,-0.0,0.0,0.0,0.0,0.0,0.0,0.0,0.0,0.0,167.0,93.0,107.0,161.0,18.0,7.0,12.0,54.0,15.0,6.0,0.0
133.928,54,155741.0,599.0,87.0,600.0,619.0,0.0,1.0,0.0,0.0,0.504,0.02,0.5,0.516,0.513,0.035,0.508,0.53,0.0,0.0,-1.76,-5.38,-88.57,-88.46,0.0,0.0,0.0,0.0,0.0,0.0,-0.4,1.0,1.0,0.0,0.0,-0.0,-0.0,0.0,0.0,0.0,0.0,0.0,0.0,0.0,0.0,167.0,93.0,107.0,161.0,18.0,7.0,12.0,54.0,15.0,6.0,0.0
133.995,54,155795.0,606.0,87.0,600.0,619.0,0.0,1.0,0.0,0.0,0.504,0.02,0.5,0.516,0.513,0.035,0.508,0.53,0.0,0.0,-1.76,-5.38,-88.57,-88.46,0.0,0.0,0.0,0.0,0.0,0.0,-0.4,1.0,1.0,0.0,0.0,-0.0,-0.0,0.0,0.0,0.0,0.0,0.0,0.0,0.0,0.0,167.0,93.0,107.0,161.0,18.0,7.0,12.0,54.0,15.0,6.0,0.0
134.027,53,155848.0,606.0,86.0,600.0,619.0,0.0,1.0,0.0,0.0,0.504,0.02,0.5,0.516,0.513,0.035,0.508,0.53,0.0,0.0,-1.76,-5.38,-88.57,-88.46,0.0,0.0,0.0,0.0,0.0,0.0,-0.4,1.0,1.0,0.0,0.0,-0.0,-0.0,0.0,0.0,0.0,0.0,0.0,0.0,0.0,0.0,167.0,93.0,107.0,161.0,18.0,7.0,12.0,54.0,15.0,6.0,0.0
134.092,52,155900.0,606.0,86.0,600.0,619.0,0.0,1.0,0.0,0.0,0.504,0.02,0.5,0.516,0.513,0.035,0.508,0.53,0.0,0.0,-1.76,-5.38,-88.57,-88.46,0.0,0.0,0.0,0.0,0.0,0.0,-0.4,1.0,1.0,0.0,0.0,-0.0,-0.0,0.0,0.0,0.0,0.0,0.0,0.0,0.0,0.0,167.0,93.0,107.0,161.0,18.0,7.0,12.0,54.0,15.0,6.0,0.0
134.132,53,155953.0,606.0,86.0,600.0,619.0,0.0,1.0,0.0,0.0,0.505,0.02,0.5,0.516,0.513,0.035,0.508,0.53,0.0,0.0,-1.76,-5.38,-88.57,-88.46,0.0,0.0,0.0,0.0,0.0,0.0,-0.4,1.0,1.0,0.0,0.0,-0.0,-0.0,0.0,0.0,0.0,0.0,0.0,0.0,0.0,0.0,167.0,93.0,107.0,161.0,18.0,7.0,12.0,54.0,15.0,6.0,1.0
134.199,53,156006.0,606.0,86.0,600.0,619.0,0.0,1.0,0.0,0.0,0.505,0.02,0.5,0.516,0.513,0.035,0.508,0.53,0.0,0.0,-1.76,-5.38,-88.57,-88.46,0.0,0.0,0.0,0.0,0.0,0.0,-0.4,1.0,1.0,0.0,0.0,-0.0,-0.0,0.0,0.0,0.0,0.0,0.0,0.0,0.0,0.0,167.0,93.0,107.0,161.0,18.0,7.0,12.0,54.0,15.0,6.0,0.0
134.232,53,156059.0,606.0,86.0,600.0,619.0,0.0,1.0,0.0,0.0,0.505,0.02,0.5,0.516,0.513,0.035,0.508,0.53,0.0,0.0,-1.75,-5.37,-88.57,-88.46,0.0,0.0,0.0,0.0,0.0,0.0,-0.4,1.0,1.0,0.0,0.0,-0.0,-0.0,0.0,0.0,0.0,0.0,0.0,0.0,0.0,0.0,167.0,93.0,107.0,161.0,18.0,7.0,12.0,54.0,15.0,6.0,0.0
134.299,52,156111.0,606.0,86.0,600.0,619.0,0.0,1.0,0.0,0.0,0.505,0.02,0.5,0.516,0.513,0.035,0.508,0.53,0.0,0.0,-1.75,-5.37,-88.57,-88.46,0.0,0.0,0.0,0.0,0.0,0.0,-0.4,1.0,1.0,0.0,0.0,-0.0,-0.0,0.0,0.0,0.0,0.0,0.0,0.0,0.0,0.0,167.0,93.0,107.0,161.0,18.0,7.0,12.0,54.0,15.0,6.0,1.0
134.366,53,156164.0,606.0,86.0,600.0,621.0,0.0,1.0,0.0,0.0,0.505,0.02,0.5,0.517,0.513,0.035,0.508,0.531,0.0,0.0,-1.75,-5.37,-88.57,-88.46,0.0,0.0,0.0,0.0,0.0,0.0,-0.4,1.0,1.0,0.0,0.0,-0.0,-0.0,0.0,0.0,0.0,0.0,0.0,0.0,0.0,0.0,167.0,93.0,107.0,161.0,18.0,7.0,12.0,54.0,15.0,6.0,0.0
134.399,54,156218.0,616.0,86.0,600.0,621.0,0.0,1.0,0.0,0.0,0.505,0.02,0.5,0.517,0.513,0.035,0.508,0.531,0.0,0.0,-1.75,-5.37,-88.57,-88.46,0.0,0.0,0.0,0.0,0.0,0.0,-0.4,1.0,1.0,0.0,0.0,-0.0,-0.0,0.0,0.0,0.0,0.0,0.0,0.0,0.0,0.0,167.0,93.0,107.0,161.0,18.0,7.0,12.0,54.0,15.0,6.0,0.0
134.464,52,156270.0,616.0,86.0,600.0,621.0,0.0,1.0,0.0,0.0,0.505,0.02,0.5,0.517,0.513,0.035,0.508,0.531,0.0,0.0,-1.75,-5.37,-88.57,-88.46,0.0,0.0,0.0,0.0,0.0,0.0,-0.4,1.0,1.0,0.0,0.0,-0.0,-0.0,0.0,0.0,0.0,0.0,0.0,0.0,0.0,0.0,167.0,93.0,107.0,161.0,18.0,7.0,12.0,54.0,15.0,6.0,0.0
134.495,53,156323.0,616.0,86.0,600.0,621.0,0.0,1.0,0.0,0.0,0.505,0.02,0.5,0.517,0.513,0.035,0.508,0.531,0.0,0.0,-1.76,-5.37,-88.57,-88.46,0.0,0.0,0.0,0.0,0.0,0.0,-0.4,1.0,1.0,0.0,0.0,-0.0,-0.0,0.0,0.0,0.0,0.0,0.0,0.0,0.0,0.0,167.0,93.0,107.0,161.0,18.0,7.0,12.0,54.0,15.0,6.0,0.0
134.567,52,156375.0,616.0,86.0,600.0,622.0,0.0,1.0,0.0,0.0,0.509,0.02,0.5,0.517,0.517,0.035,0.508,0.532,0.0,0.0,-1.76,-5.37,-88.57,-88.46,0.0,0.0,0.0,0.0,0.0,0.0,-0.4,1.0,1.0,0.0,0.0,-0.0,-0.0,0.0,0.0,0.0,0.0,0.0,0.0,0.0,0.0,167.0,93.0,107.0,161.0,18.0,7.0,12.0,54.0,15.0,6.0,0.0
134.6,53,156428.0,621.0,86.0,600.0,622.0,0.0,1.0,0.0,0.0,0.509,0.02,0.5,0.517,0.517,0.035,0.508,0.532,0.0,0.0,-1.76,-5.37,-88.57,-88.46,0.0,0.0,0.0,0.0,0.0,0.0,-0.4,1.0,1.0,0.0,0.0,-0.0,-0.0,0.0,0.0,0.0,0.0,0.0,0.0,0.0,0.0,167.0,93.0,107.0,161.0,18.0,7.0,12.0,54.0,15.0,6.0,0.0
134.666,52,156480.0,621.0,86.0,600.0,622.0,0.0,1.0,0.0,0.0,0.509,0.02,0.5,0.517,0.517,0.035,0.508,0.532,0.0,0.0,-1.76,-5.37,-88.57,-88.46,0.0,0.0,0.0,0.0,0.0,0.0,-0.4,1.0,1.0,0.0,0.0,-0.0,-0.0,0.0,0.0,0.0,0.0,0.0,0.0,0.0,0.0,167.0,93.0,107.0,161.0,18.0,7.0,12.0,54.0,15.0,6.0,1.0
134.738,53,156533.0,621.0,86.0,600.0,622.0,0.0,1.0,0.0,0.0,0.509,0.02,0.5,0.517,0.517,0.035,0.508,0.532,0.0,0.0,-1.76,-5.37,-88.57,-88.46,0.0,0.0,0.0,0.0,0.0,0.0,-0.4,1.0,1.0,0.0,0.0,-0.0,-0.0,0.0,0.0,0.0,0.0,0.0,0.0,0.0,0.0,167.0,93.0,107.0,161.0,18.0,7.0,12.0,54.0,15.0,6.0,0.0
134.771,52,156585.0,621.0,86.0,600.0,623.0,0.0,1.0,0.0,0.0,0.513,0.02,0.5,0.518,0.521,0.035,0.508,0.533,0.0,0.0,-1.76,-5.37,-88.57,-88.46,0.0,0.0,0.0,0.0,0.0,0.0,-0.4,1.0,1.0,0.0,0.0,-0.0,-0.0,0.0,0.0,0.0,0.0,0.0,0.0,0.0,0.0,167.0,93.0,107.0,161.0,18.0,7.0,12.0,54.0,15.0,6.0,0.0
134.839,54,156639.0,621.0,86.0,600.0,623.0,0.0,1.0,0.0,0.0,0.513,0.02,0.5,0.518,0.521,0.035,0.508,0.533,0.0,0.0,-1.76,-5.37,-88.57,-88.46,0.0,0.0,0.0,0.0,0.0,0.0,-0.4,1.0,1.0,0.0,0.0,-0.0,-0.0,0.0,0.0,0.0,0.0,0.0,0.0,0.0,0.0,167.0,93.0,107.0,161.0,18.0,7.0,12.0,54.0,15.0,6.0,0.0
134.872,51,156690.0,621.0,86.0,600.0,623.0,0.0,1.0,0.0,0.0,0.513,0.02,0.5,0.518,0.521,0.035,0.508,0.533,0.0,0.0,-1.76,-5.37,-88.57,-88.46,0.0,0.0,0.0,0.0,0.0,0.0,-0.4,1.0,1.0,0.0,0.0,-0.0,-0.0,0.0,0.0,0.0,0.0,0.0,0.0,0.0,0.0,167.0,93.0,107.0,161.0,18.0,7.0,12.0,54.0,15.0,6.0,1.0
134.946,54,156744.0,621.0,86.0,600.0,623.0,0.0,1.0,0.0,0.0,0.513,0.02,0.5,0.518,0.521,0.035,0.508,0.533,0.0,0.0,-1.76,-5.37,-88.57,-88.46,0.0,0.0,0.0,0.0,0.0,0.0,-0.4,1.0,1.0,0.0,0.0,-0.0,-0.0,0.0,0.0,0.0,0.0,0.0,0.0,0.0,0.0,167.0,93.0,107.0,161.0,18.0,7.0,12.0,54.0,15.0,6.0,0.0
134.98,52,156796.0,621.0,86.0,600.0,621.0,0.0,1.0,0.0,0.0,0.515,0.02,0.5,0.518,0.523,0.035,0.508,0.533,0.0,0.0,-1.76,-5.37,-88.57,-88.46,0.0,0.0,0.0,0.0,0.0,0.0,-0.4,1.0,1.0,0.0,0.0,-0.0,-0.0,0.0,0.0,0.0,0.0,0.0,0.0,0.0,0.0,167.0,93.0,107.0,161.0,18.0,7.0,12.0,54.0,15.0,6.0,0.0
135.047,53,156849.0,614.0,86.0,600.0,621.0,0.0,1.0,0.0,0.0,0.515,0.02,0.5,0.518,0.523,0.035,0.508,0.533,0.0,0.0,-1.76,-5.37,-88.57,-88.46,0.0,0.0,0.0,0.0,0.0,0.0,-0.4,1.0,1.0,0.0,0.0,-0.0,-0.0,0.0,0.0,0.0,0.0,0.0,0.0,0.0,0.0,167.0,93.0,107.0,161.0,18.0,7.0,12.0,54.0,15.0,6.0,0.0
135.079,52,156901.0,614.0,86.0,600.0,621.0,0.0,1.0,0.0,0.0,0.515,0.02,0.5,0.518,0.523,0.035,0.508,0.533,0.0,0.0,-1.76,-5.37,-88.57,-88.46,0.0,0.0,0.0,0.0,0.0,0.0,-0.4,1.0,1.0,0.0,0.0,-0.0,-0.0,0.0,0.0,0.0,0.0,0.0,0.0,0.0,0.0,167.0,93.0,107.0,161.0,18.0,7.0,12.0,54.0,15.0,6.0,0.0
135.145,53,156954.0,614.0,86.0,600.0,621.0,0.0,1.0,0.0,0.0,0.515,0.02,0.5,0.518,0.523,0.035,0.508,0.533,0.0,0.0,-1.76,-5.37,-88.57,-88.46,0.0,0.0,0.0,0.0,0.0,0.0,-0.4,1.0,1.0,0.0,0.0,-0.0,-0.0,0.0,0.0,0.0,0.0,0.0,0.0,0.0,0.0,167.0,93.0,107.0,161.0,18.0,7.0,12.0,54.0,15.0,6.0,0.0
135.179,52,157006.0,614.0,86.0,600.0,621.0,0.0,1.0,0.0,0.0,0.513,0.02,0.5,0.517,0.522,0.035,0.508,0.532,0.0,0.0,-1.76,-5.37,-88.57,-88.46,0.0,0.0,0.0,0.0,0.0,0.0,-0.4,1.0,1.0,0.0,0.0,-0.0,-0.0,0.0,0.0,0.0,0.0,0.0,0.0,0.0,0.0,167.0,93.0,107.0,161.0,18.0,7.0,12.0,54.0,15.0,6.0,0.0
135.243,54,157060.0,614.0,86.0,600.0,621.0,0.0,1.0,0.0,0.0,0.513,0.02,0.5,0.517,0.522,0.035,0.508,0.532,0.0,0.0,-1.76,-5.37,-88.57,-88.46,0.0,0.0,0.0,0.0,0.0,0.0,-0.4,1.0,1.0,0.0,0.0,-0.0,-0.0,0.0,0.0,0.0,0.0,0.0,0.0,0.0,0.0,167.0,93.0,107.0,161.0,18.0,7.0,12.0,54.0,15.0,6.0,0.0
135.306,52,157112.0,614.0,87.0,600.0,621.0,0.0,1.0,0.0,0.0,0.513,0.02,0.5,0.517,0.522,0.035,0.508,0.532,0.0,0.0,-1.76,-5.37,-88.57,-88.46,0.0,0.0,0.0,0.0,0.0,0.0,-0.4,1.0,1.0,0.0,0.0,-0.0,-0.0,0.0,0.0,0.0,0.0,0.0,0.0,0.0,0.0,167.0,93.0,107.0,161.0,18.0,7.0,12.0,54.0,15.0,6.0,1.0
135.342,53,157165.0,614.0,87.0,600.0,621.0,0.0,1.0,0.0,0.0,0.513,0.02,0.5,0.517,0.522,0.035,0.508,0.532,0.0,0.0,-1.76,-5.37,-88.57,-88.46,0.0,0.0,0.0,0.0,0.0,0.0,-0.4,1.0,1.0,0.0,0.0,-0.0,-0.0,0.0,0.0,0.0,0.0,0.0,0.0,0.0,0.0,167.0,93.0,107.0,161.0,18.0,7.0,12.0,54.0,15.0,6.0,0.0
135.408,52,157217.0,614.0,87.0,600.0,619.0,0.0,1.0,0.0,0.0,0.512,0.02,0.5,0.516,0.52,0.035,0.508,0.531,0.0,0.0,-1.76,-5.37,-88.57,-88.46,0.0,0.0,0.0,0.0,0.0,0.0,-0.4,1.0,1.0,0.0,0.0,-0.0,-0.0,0.0,0.0,0.0,0.0,0.0,0.0,0.0,0.0,167.0,93.0,107.0,161.0,18.0,7.0,12.0,54.0,15.0,6.0,0.0
135.472,53,157270.0,604.0,87.0,600.0,619.0,0.0,1.0,0.0,0.0,0.512,0.02,0.5,0.516,0.52,0.035,0.508,0.531,0.0,0.0,-1.76,-5.37,-88.57,-88.46,0.0,0.0,0.0,0.0,0.0,0.0,-0.4,1.0,1.0,0.0,0.0,-0.0,-0.0,0.0,0.0,0.0,0.0,0.0,0.0,0.0,0.0,167.0,93.0,107.0,161.0,18.0,7.0,12.0,54.0,15.0,6.0,0.0
135.504,51,157321.0,604.0,86.0,600.0,619.0,0.0,1.0,0.0,0.0,0.512,0.02,0.5,0.516,0.52,0.035,0.508,0.531,0.0,0.0,-1.76,-5.37,-88.57,-88.46,0.0,0.0,0.0,0.0,0.0,0.0,-0.4,1.0,1.0,0.0,0.0,-0.0,-0.0,0.0,0.0,0.0,0.0,0.0,0.0,0.0,0.0,167.0,93.0,107.0,161.0,18.0,7.0,12.0,54.0,15.0,6.0,0.0
135.569,53,157374.0,604.0,86.0,600.0,619.0,0.0,1.0,0.0,0.0,0.512,0.02,0.5,0.516,0.52,0.035,0.508,0.531,0.0,0.0,-1.76,-5.37,-88.57,-88.46,0.0,0.0,0.0,0.0,0.0,0.0,-0.4,1.0,1.0,0.0,0.0,-0.0,-0.0,0.0,0.0,0.0,0.0,0.0,0.0,0.0,0.0,167.0,93.0,107.0,161.0,18.0,7.0,12.0,54.0,15.0,6.0,0.0
135.602,52,157426.0,604.0,86.0,600.0,618.0,0.0,1.0,0.0,0.0,0.508,0.02,0.5,0.515,0.516,0.035,0.508,0.53,0.0,0.0,-1.76,-5.37,-88.57,-88.46,0.0,0.0,0.0,0.0,0.0,0.0,-0.4,1.0,1.0,0.0,0.0,-0.0,-0.0,0.0,0.0,0.0,0.0,0.0,0.0,0.0,0.0,167.0,93.0,107.0,161.0,18.0,7.0,12.0,54.0,15.0,6.0,0.0
135.666,54,157480.0,605.0,86.0,600.0,618.0,0.0,1.0,0.0,0.0,0.508,0.02,0.5,0.515,0.516,0.035,0.508,0.53,0.0,0.0,-1.75,-5.36,-88.57,-88.46,0.0,0.0,0.0,0.0,0.0,0.0,-0.4,1.0,1.0,0.0,0.0,-0.0,-0.0,0.0,0.0,0.0,0.0,0.0,0.0,0.0,0.0,167.0,93.0,107.0,161.0,18.0,7.0,12.0,54.0,15.0,6.0,0.0
135.738,51,157531.0,605.0,86.0,600.0,618.0,0.0,1.0,0.0,0.0,0.508,0.02,0.5,0.515,0.516,0.035,0.508,0.53,0.0,0.0,-1.75,-5.36,-88.57,-88.46,0.0,0.0,0.0,0.0,0.0,0.0,-0.4,1.0,1.0,0.0,0.0,-0.0,-0.0,0.0,0.0,0.0,0.0,0.0,0.0,0.0,0.0,167.0,93.0,107.0,161.0,18.0,7.0,12.0,54.0,15.0,6.0,1.0
135.77,53,157584.0,605.0,86.0,600.0,618.0,0.0,1.0,0.0,0.0,0.508,0.02,0.5,0.515,0.516,0.035,0.508,0.53,0.0,0.0,-1.75,-5.37,-88.57,-88.46,0.0,0.0,0.0,0.0,0.0,0.0,-0.4,1.0,1.0,0.0,0.0,-0.0,-0.0,0.0,0.0,0.0,0.0,0.0,0.0,0.0,0.0,167.0,93.0,107.0,161.0,18.0,7.0,12.0,54.0,15.0,6.0,0.0
135.836,52,157636.0,605.0,86.0,600.0,617.0,0.0,1.0,0.0,0.0,0.506,0.02,0.5,0.515,0.514,0.035,0.508,0.53,0.0,0.0,-1.75,-5.37,-88.57,-88.46,0.0,0.0,0.0,0.0,0.0,0.0,-0.4,1.0,1.0,0.0,0.0,-0.0,-0.0,0.0,0.0,0.0,0.0,0.0,0.0,0.0,0.0,167.0,93.0,107.0,161.0,18.0,7.0,12.0,54.0,15.0,6.0,0.0
135.869,53,157689.0,599.0,86.0,600.0,617.0,0.0,1.0,0.0,0.0,0.506,0.02,0.5,0.515,0.514,0.035,0.508,0.53,0.0,0.0,-1.75,-5.37,-88.57,-88.46,0.0,0.0,0.0,0.0,0.0,0.0,-0.4,1.0,1.0,0.0,0.0,-0.0,-0.0,0.0,0.0,0.0,0.0,0.0,0.0,0.0,0.0,167.0,93.0,107.0,161.0,18.0,7.0,12.0,54.0,15.0,6.0,0.0
135.935,52,157741.0,599.0,85.0,600.0,617.0,0.0,1.0,0.0,0.0,0.506,0.02,0.5,0.515,0.514,0.035,0.508,0.53,0.0,0.0,-1.75,-5.37,-88.57,-88.46,0.0,0.0,0.0,0.0,0.0,0.0,-0.4,1.0,1.0,0.0,0.0,-0.0,-0.0,0.0,0.0,0.0,0.0,0.0,0.0,0.0,0.0,167.0,93.0,107.0,161.0,18.0,7.0,12.0,54.0,15.0,6.0,0.0
135.968,53,157794.0,599.0,85.0,600.0,617.0,0.0,1.0,0.0,0.0,0.506,0.02,0.5,0.515,0.514,0.035,0.508,0.53,0.0,0.0,-1.75,-5.37,-88.57,-88.46,0.0,0.0,0.0,0.0,0.0,0.0,-0.4,1.0,1.0,0.0,0.0,-0.0,-0.0,0.0,0.0,0.0,0.0,0.0,0.0,0.0,0.0,167.0,93.0,107.0,161.0,18.0,7.0,12.0,54.0,15.0,6.0,0.0
136.034,52,157846.0,599.0,85.0,600.0,618.0,0.0,1.0,0.0,0.0,0.502,0.02,0.5,0.515,0.511,0.035,0.508,0.53,0.0,0.0,-1.75,-5.37,-88.57,-88.46,0.0,0.0,0.0,0.0,0.0,0.0,-0.4,1.0,1.0,0.0,0.0,-0.0,-0.0,0.0,0.0,0.0,0.0,0.0,0.0,0.0,0.0,167.0,93.0,107.0,161.0,18.0,7.0,12.0,54.0,15.0,6.0,1.0
136.1,54,157900.0,595.0,85.0,600.0,618.0,0.0,1.0,0.0,0.0,0.502,0.02,0.5,0.515,0.511,0.035,0.508,0.53,0.0,0.0,-1.75,-5.37,-88.57,-88.46,0.0,0.0,0.0,0.0,0.0,0.0,-0.4,1.0,1.0,0.0,0.0,-0.0,-0.0,0.0,0.0,0.0,0.0,0.0,0.0,0.0,0.0,167.0,93.0,107.0,161.0,18.0,7.0,12.0,54.0,15.0,6.0,0.0
136.139,53,157953.0,595.0,85.0,600.0,618.0,0.0,1.0,0.0,0.0,0.502,0.02,0.5,0.515,0.511,0.035,0.508,0.53,0.0,0.0,-1.75,-5.37,-88.57,-88.46,0.0,0.0,0.0,0.0,0.0,0.0,-0.4,1.0,1.0,0.0,0.0,-0.0,-0.0,0.0,0.0,0.0,0.0,0.0,0.0,0.0,0.0,167.0,93.0,107.0,161.0,18.0,7.0,12.0,54.0,15.0,6.0,1.0
136.206,53,158006.0,595.0,85.0,600.0,618.0,0.0,1.0,0.0,0.0,0.502,0.02,0.5,0.515,0.511,0.035,0.508,0.53,0.0,0.0,-1.75,-5.37,-88.57,-88.46,0.0,0.0,0.0,0.0,0.0,0.0,-0.4,1.0,1.0,0.0,0.0,-0.0,-0.0,0.0,0.0,0.0,0.0,0.0,0.0,0.0,0.0,167.0,93.0,107.0,161.0,18.0,7.0,12.0,54.0,15.0,6.0,0.0
136.238,52,158058.0,595.0,85.0,600.0,618.0,0.0,1.0,0.0,0.0,0.499,0.02,0.5,0.515,0.507,0.035,0.508,0.529,0.0,0.0,-1.75,-5.37,-88.57,-88.46,0.0,0.0,0.0,0.0,0.0,0.0,-0.4,1.0,1.0,0.0,0.0,-0.0,-0.0,0.0,0.0,0.0,0.0,0.0,0.0,0.0,0.0,167.0,93.0,107.0,161.0,18.0,7.0,12.0,54.0,15.0,6.0,0.0
136.301,53,158111.0,600.0,85.0,600.0,618.0,0.0,1.0,0.0,0.0,0.499,0.02,0.5,0.515,0.507,0.035,0.508,0.529,0.0,0.0,-1.75,-5.37,-88.57,-88.46,0.0,0.0,0.0,0.0,0.0,0.0,-0.4,1.0,1.0,0.0,0.0,-0.0,-0.0,0.0,0.0,0.0,0.0,0.0,0.0,0.0,0.0,167.0,93.0,107.0,161.0,18.0,7.0,12.0,54.0,15.0,6.0,0.0
136.342,53,158164.0,600.0,85.0,600.0,618.0,0.0,1.0,0.0,0.0,0.499,0.02,0.5,0.515,0.507,0.035,0.508,0.529,0.0,0.0,-1.75,-5.37,-88.57,-88.46,0.0,0.0,0.0,0.0,0.0,0.0,-0.4,1.0,1.0,0.0,0.0,-0.0,-0.0,0.0,0.0,0.0,0.0,0.0,0.0,0.0,0.0,167.0,93.0,107.0,161.0,18.0,7.0,12.0,54.0,15.0,6.0,1.0
136.408,53,158217.0,600.0,85.0,600.0,618.0,0.0,1.0,0.0,0.0,0.499,0.02,0.5,0.515,0.507,0.035,0.508,0.529,0.0,0.0,-1.75,-5.37,-88.57,-88.46,0.0,0.0,0.0,0.0,0.0,0.0,-0.4,1.0,1.0,0.0,0.0,-0.0,-0.0,0.0,0.0,0.0,0.0,0.0,0.0,0.0,0.0,167.0,93.0,107.0,161.0,18.0,7.0,12.0,54.0,15.0,6.0,0.0
136.442,52,158269.0,600.0,85.0,600.0,619.0,0.0,1.0,0.0,0.0,0.499,0.02,0.5,0.515,0.507,0.034,0.508,0.53,0.0,0.0,-1.75,-5.37,-88.57,-88.46,0.0,0.0,0.0,0.0,0.0,0.0,-0.4,1.0,1.0,0.0,0.0,-0.0,-0.0,0.0,0.0,0.0,0.0,0.0,0.0,0.0,0.0,167.0,93.0,107.0,161.0,18.0,7.0,12.0,54.0,15.0,6.0,0.0
136.508,54,158323.0,600.0,85.0,600.0,619.0,0.0,1.0,0.0,0.0,0.499,0.02,0.5,0.515,0.507,0.034,0.508,0.53,0.0,0.0,-1.75,-5.37,-88.57,-88.46,0.0,0.0,0.0,0.0,0.0,0.0,-0.4,1.0,1.0,0.0,0.0,-0.0,-0.0,0.0,0.0,0.0,0.0,0.0,0.0,0.0,0.0,167.0,93.0,107.0,161.0,18.0,7.0,12.0,54.0,15.0,6.0,1.0
136.571,53,158376.0,600.0,86.0,600.0,619.0,0.0,1.0,0.0,0.0,0.499,0.02,0.5,0.515,0.507,0.034,0.508,0.53,0.0,0.0,-1.75,-5.37,-88.57,-88.46,0.0,0.0,0.0,0.0,0.0,0.0,-0.4,1.0,1.0,0.0,0.0,-0.0,-0.0,0.0,0.0,0.0,0.0,0.0,0.0,0.0,0.0,167.0,93.0,107.0,161.0,18.0,7.0,12.0,54.0,15.0,6.0,0.0
136.603,52,158428.0,600.0,86.0,600.0,619.0,0.0,1.0,0.0,0.0,0.499,0.02,0.5,0.515,0.507,0.034,0.508,0.53,0.0,0.0,-1.75,-5.37,-88.57,-88.46,0.0,0.0,0.0,0.0,0.0,0.0,-0.4,1.0,1.0,0.0,0.0,-0.0,-0.0,0.0,0.0,0.0,0.0,0.0,0.0,0.0,0.0,167.0,93.0,107.0,161.0,18.0,7.0,12.0,54.0,15.0,6.0,0.0
136.666,53,158481.0,600.0,86.0,600.0,619.0,0.0,1.0,0.0,0.0,0.5,0.02,0.5,0.515,0.507,0.035,0.508,0.53,0.0,0.0,-1.75,-5.37,-88.57,-88.46,0.0,0.0,0.0,0.0,0.0,0.0,-0.4,1.0,1.0,0.0,0.0,-0.0,-0.0,0.0,0.0,0.0,0.0,0.0,0.0,0.0,0.0,167.0,93.0,107.0,161.0,18.0,7.0,12.0,54.0,15.0,6.0,0.0
136.737,53,158534.0,595.0,86.0,600.0,619.0,0.0,1.0,0.0,0.0,0.5,0.02,0.5,0.515,0.507,0.035,0.508,0.53,0.0,0.0,-1.75,-5.37,-88.57,-88.46,0.0,0.0,0.0,0.0,0.0,0.0,-0.4,1.0,1.0,0.0,0.0,-0.0,-0.0,0.0,0.0,0.0,0.0,0.0,0.0,0.0,0.0,167.0,93.0,107.0,161.0,18.0,7.0,12.0,54.0,15.0,6.0,1.0
136.77,52,158586.0,595.0,85.0,600.0,619.0,0.0,1.0,0.0,0.0,0.5,0.02,0.5,0.515,0.507,0.035,0.508,0.53,0.0,0.0,-1.75,-5.37,-88.57,-88.46,0.0,0.0,0.0,0.0,0.0,0.0,-0.4,1.0,1.0,0.0,0.0,-0.0,-0.0,0.0,0.0,0.0,0.0,0.0,0.0,0.0,0.0,167.0,93.0,107.0,161.0,18.0,7.0,12.0,54.0,15.0,6.0,0.0
136.835,53,158639.0,595.0,85.0,600.0,619.0,0.0,1.0,0.0,0.0,0.5,0.02,0.5,0.515,0.507,0.035,0.508,0.53,0.0,0.0,-1.75,-5.37,-88.57,-88.46,0.0,0.0,0.0,0.0,0.0,0.0,-0.4,1.0,1.0,0.0,0.0,-0.0,-0.0,0.0,0.0,0.0,0.0,0.0,0.0,0.0,0.0,167.0,93.0,107.0,161.0,18.0,7.0,12.0,54.0,15.0,6.0,0.0
136.868,53,158692.0,595.0,85.0,600.0,619.0,0.0,1.0,0.0,0.0,0.497,0.02,0.5,0.516,0.506,0.034,0.508,0.53,0.0,0.0,-1.75,-5.37,-88.57,-88.46,0.0,0.0,0.0,0.0,0.0,0.0,-0.4,1.0,1.0,0.0,0.0,-0.0,-0.0,0.0,0.0,0.0,0.0,0.0,0.0,0.0,0.0,167.0,93.0,107.0,161.0,18.0,7.0,12.0,54.0,15.0,6.0,0.0
136.934,54,158746.0,601.0,85.0,600.0,619.0,0.0,1.0,0.0,0.0,0.497,0.02,0.5,0.516,0.506,0.034,0.508,0.53,0.0,0.0,-1.75,-5.37,-88.57,-88.46,0.0,0.0,0.0,0.0,0.0,0.0,-0.4,1.0,1.0,0.0,0.0,-0.0,-0.0,0.0,0.0,0.0,0.0,0.0,0.0,0.0,0.0,167.0,93.0,107.0,161.0,18.0,7.0,12.0,54.0,15.0,6.0,0.0
137.001,53,158799.0,601.0,85.0,600.0,619.0,0.0,1.0,0.0,0.0,0.497,0.02,0.5,0.516,0.506,0.034,0.508,0.53,0.0,0.0,-1.75,-5.37,-88.57,-88.46,0.0,0.0,0.0,0.0,0.0,0.0,-0.4,1.0,1.0,0.0,0.0,-0.0,-0.0,0.0,0.0,0.0,0.0,0.0,0.0,0.0,0.0,167.0,93.0,107.0,161.0,18.0,7.0,12.0,54.0,15.0,6.0,0.0
137.033,52,158851.0,601.0,85.0,600.0,619.0,0.0,1.0,0.0,0.0,0.497,0.02,0.5,0.516,0.506,0.034,0.508,0.53,0.0,0.0,-1.75,-5.37,-88.57,-88.46,0.0,0.0,0.0,0.0,0.0,0.0,-0.4,1.0,1.0,0.0,0.0,-0.0,-0.0,0.0,0.0,0.0,0.0,0.0,0.0,0.0,0.0,167.0,93.0,107.0,161.0,18.0,7.0,12.0,54.0,15.0,6.0,0.0
137.099,53,158904.0,601.0,85.0,600.0,620.0,0.0,1.0,0.0,0.0,0.499,0.02,0.5,0.516,0.507,0.035,0.508,0.53,0.0,0.0,-1.75,-5.37,-88.57,-88.46,0.0,0.0,0.0,0.0,0.0,0.0,-0.4,1.0,1.0,0.0,0.0,-0.0,-0.0,0.0,0.0,0.0,0.0,0.0,0.0,0.0,0.0,167.0,93.0,107.0,161.0,18.0,7.0,12.0,54.0,15.0,6.0,0.0
137.133,53,158957.0,605.0,85.0,600.0,620.0,0.0,1.0,0.0,0.0,0.499,0.02,0.5,0.516,0.507,0.035,0.508,0.53,0.0,0.0,-1.75,-5.37,-88.57,-88.46,0.0,0.0,0.0,0.0,0.0,0.0,-0.4,1.0,1.0,0.0,0.0,-0.0,-0.0,0.0,0.0,0.0,0.0,0.0,0.0,0.0,0.0,167.0,93.0,107.0,161.0,18.0,7.0,12.0,54.0,15.0,6.0,0.0
137.197,53,159010.0,605.0,86.0,600.0,620.0,0.0,1.0,0.0,0.0,0.499,0.02,0.5,0.516,0.507,0.035,0.508,0.53,0.0,0.0,-1.75,-5.37,-88.57,-88.46,0.0,0.0,0.0,0.0,0.0,0.0,-0.4,1.0,1.0,0.0,0.0,-0.0,-0.0,0.0,0.0,0.0,0.0,0.0,0.0,0.0,0.0,167.0,93.0,107.0,161.0,18.0,7.0,12.0,54.0,15.0,6.0,0.0
137.262,52,159062.0,605.0,86.0,600.0,620.0,0.0,1.0,0.0,0.0,0.499,0.02,0.5,0.516,0.507,0.035,0.508,0.53,0.0,0.0,-1.75,-5.36,-88.57,-88.46,0.0,0.0,0.0,0.0,0.0,0.0,-0.4,1.0,1.0,0.0,0.0,-0.0,-0.0,0.0,0.0,0.0,0.0,0.0,0.0,0.0,0.0,167.0,93.0,107.0,161.0,18.0,7.0,12.0,54.0,15.0,6.0,0.0
137.295,53,159115.0,605.0,86.0,600.0,621.0,0.0,1.0,0.0,0.0,0.502,0.02,0.5,0.517,0.509,0.035,0.508,0.531,0.0,0.0,-1.75,-5.36,-88.57,-88.46,0.0,0.0,0.0,0.0,0.0,0.0,-0.4,1.0,1.0,0.0,0.0,-0.0,-0.0,0.0,0.0,0.0,0.0,0.0,0.0,0.0,0.0,167.0,93.0,107.0,161.0,18.0,7.0,12.0,54.0,15.0,6.0,0.0
137.365,54,159169.0,600.0,86.0,600.0,621.0,0.0,1.0,0.0,0.0,0.502,0.02,0.5,0.517,0.509,0.035,0.508,0.531,0.0,0.0,-1.75,-5.36,-88.57,-88.46,0.0,0.0,0.0,0.0,0.0,0.0,-0.4,1.0,1.0,0.0,0.0,-0.0,-0.0,0.0,0.0,0.0,0.0,0.0,0.0,0.0,0.0,167.0,93.0,107.0,161.0,18.0,7.0,12.0,54.0,15.0,6.0,0.0
137.397,53,159222.0,600.0,85.0,600.0,621.0,0.0,1.0,0.0,0.0,0.502,0.02,0.5,0.517,0.509,0.035,0.508,0.531,0.0,0.0,-1.75,-5.36,-88.57,-88.46,0.0,0.0,0.0,0.0,0.0,0.0,-0.4,1.0,1.0,0.0,0.0,-0.0,-0.0,0.0,0.0,0.0,0.0,0.0,0.0,0.0,0.0,167.0,93.0,107.0,161.0,18.0,7.0,12.0,54.0,15.0,6.0,0.0
137.463,52,159274.0,600.0,85.0,600.0,621.0,0.0,1.0,0.0,0.0,0.502,0.02,0.5,0.517,0.509,0.035,0.508,0.531,0.0,0.0,-1.75,-5.36,-88.57,-88.46,0.0,0.0,0.0,0.0,0.0,0.0,-0.4,1.0,1.0,0.0,0.0,-0.0,-0.0,0.0,0.0,0.0,0.0,0.0,0.0,0.0,0.0,167.0,93.0,107.0,161.0,18.0,7.0,12.0,54.0,15.0,6.0,1.0
137.531,53,159327.0,600.0,85.0,600.0,621.0,0.0,1.0,0.0,0.0,0.501,0.02,0.5,0.517,0.509,0.035,0.508,0.532,0.0,0.0,-1.75,-5.36,-88.57,-88.46,0.0,0.0,0.0,0.0,0.0,0.0,-0.4,1.0,1.0,0.0,0.0,-0.0,-0.0,0.0,0.0,0.0,0.0,0.0,0.0,0.0,0.0,167.0,93.0,107.0,161.0,18.0,7.0,12.0,54.0,15.0,6.0,0.0
137.564,53,159380.0,600.0,85.0,600.0,621.0,0.0,1.0,0.0,0.0,0.501,0.02,0.5,0.517,0.509,0.035,0.508,0.532,0.0,0.0,-1.75,-5.36,-88.57,-88.46,0.0,0.0,0.0,0.0,0.0,0.0,-0.4,1.0,1.0,0.0,0.0,-0.0,-0.0,0.0,0.0,0.0,0.0,0.0,0.0,0.0,0.0,167.0,93.0,107.0,161.0,18.0,7.0,12.0,54.0,15.0,6.0,0.0
137.63,53,159433.0,600.0,84.0,600.0,621.0,0.0,1.0,0.0,0.0,0.501,0.02,0.5,0.517,0.509,0.035,0.508,0.532,0.0,0.0,-1.75,-5.36,-88.57,-88.46,0.0,0.0,0.0,0.0,0.0,0.0,-0.4,1.0,1.0,0.0,0.0,-0.0,-0.0,0.0,0.0,0.0,0.0,0.0,0.0,0.0,0.0,167.0,93.0,107.0,161.0,18.0,7.0,12.0,54.0,15.0,6.0,0.0
137.662,52,159485.0,600.0,84.0,600.0,621.0,0.0,1.0,0.0,0.0,0.501,0.02,0.5,0.517,0.509,0.035,0.508,0.532,0.0,0.0,-1.75,-5.36,-88.57,-88.46,0.0,0.0,0.0,0.0,0.0,0.0,-0.4,1.0,1.0,0.0,0.0,-0.0,-0.0,0.0,0.0,0.0,0.0,0.0,0.0,0.0,0.0,167.0,93.0,107.0,161.0,18.0,7.0,12.0,54.0,15.0,6.0,1.0
137.735,53,159538.0,600.0,84.0,600.0,622.0,0.0,1.0,0.0,0.0,0.5,0.02,0.5,0.518,0.508,0.034,0.508,0.532,0.0,0.0,-1.75,-5.37,-88.57,-88.46,0.0,0.0,0.0,0.0,0.0,0.0,-0.4,1.0,1.0,0.0,0.0,-0.0,-0.0,0.0,0.0,0.0,0.0,0.0,0.0,0.0,0.0,167.0,93.0,107.0,161.0,18.0,7.0,12.0,54.0,15.0,6.0,0.0
137.768,54,159592.0,600.0,84.0,600.0,622.0,0.0,1.0,0.0,0.0,0.5,0.02,0.5,0.518,0.508,0.034,0.508,0.532,0.0,0.0,-1.75,-5.37,-88.57,-88.46,0.0,0.0,0.0,0.0,0.0,0.0,-0.4,1.0,1.0,0.0,0.0,-0.0,-0.0,0.0,0.0,0.0,0.0,0.0,0.0,0.0,0.0,167.0,93.0,107.0,161.0,18.0,7.0,12.0,54.0,15.0,6.0,0.0
137.834,52,159644.0,600.0,84.0,600.0,622.0,0.0,1.0,0.0,0.0,0.5,0.02,0.5,0.518,0.508,0.034,0.508,0.532,0.0,0.0,-1.75,-5.37,-88.57,-88.46,0.0,0.0,0.0,0.0,0.0,0.0,-0.4,1.0,1.0,0.0,0.0,-0.0,-0.0,0.0,0.0,0.0,0.0,0.0,0.0,0.0,0.0,167.0,93.0,107.0,161.0,18.0,7.0,12.0,54.0,15.0,6.0,0.0
137.9,53,159697.0,600.0,84.0,600.0,622.0,0.0,1.0,0.0,0.0,0.5,0.02,0.5,0.518,0.508,0.034,0.508,0.532,0.0,0.0,-1.75,-5.37,-88.57,-88.46,0.0,0.0,0.0,0.0,0.0,0.0,-0.4,1.0,1.0,0.0,0.0,-0.0,-0.0,0.0,0.0,0.0,0.0,0.0,0.0,0.0,0.0,167.0,93.0,107.0,161.0,18.0,7.0,12.0,54.0,15.0,6.0,0.0
137.938,52,159749.0,600.0,84.0,600.0,621.0,0.0,1.0,0.0,0.0,0.5,0.019,0.5,0.518,0.508,0.034,0.508,0.532,0.0,0.0,-1.76,-5.38,-88.57,-88.46,0.0,0.0,0.0,0.0,0.0,0.0,-0.4,1.0,1.0,0.0,0.0,-0.0,-0.0,0.0,0.0,0.0,0.0,0.0,0.0,0.0,0.0,167.0,93.0,107.0,161.0,18.0,7.0,12.0,54.0,15.0,6.0,0.0
138.002,53,159802.0,600.0,84.0,600.0,621.0,0.0,1.0,0.0,0.0,0.5,0.019,0.5,0.518,0.508,0.034,0.508,0.532,0.0,0.0,-1.76,-5.37,-88.57,-88.46,0.0,0.0,0.0,0.0,0.0,0.0,-0.4,1.0,1.0,0.0,0.0,-0.0,-0.0,0.0,0.0,0.0,0.0,0.0,0.0,0.0,0.0,167.0,93.0,107.0,161.0,18.0,7.0,12.0,54.0,15.0,6.0,0.0
138.034,53,159855.0,600.0,85.0,600.0,621.0,0.0,1.0,0.0,0.0,0.5,0.019,0.5,0.518,0.508,0.034,0.508,0.532,0.0,0.0,-1.76,-5.37,-88.57,-88.46,0.0,0.0,0.0,0.0,0.0,0.0,-0.4,1.0,1.0,0.0,0.0,-0.0,-0.0,0.0,0.0,0.0,0.0,0.0,0.0,0.0,0.0,167.0,93.0,107.0,161.0,18.0,7.0,12.0,54.0,15.0,6.0,0.0
138.099,52,159907.0,600.0,85.0,600.0,621.0,0.0,1.0,0.0,0.0,0.5,0.019,0.5,0.518,0.508,0.034,0.508,0.532,0.0,0.0,-1.76,-5.37,-88.57,-88.46,0.0,0.0,0.0,0.0,0.0,0.0,-0.4,1.0,1.0,0.0,0.0,-0.0,-0.0,0.0,0.0,0.0,0.0,0.0,0.0,0.0,0.0,167.0,93.0,107.0,161.0,18.0,7.0,12.0,54.0,15.0,6.0,1.0
138.132,52,159959.0,600.0,85.0,600.0,622.0,0.0,1.0,0.0,0.0,0.5,0.019,0.5,0.518,0.508,0.034,0.508,0.532,0.0,0.0,-1.77,-5.37,-88.57,-88.46,0.0,0.0,0.0,0.0,0.0,0.0,-0.4,1.0,1.0,0.0,0.0,-0.0,-0.0,0.0,0.0,0.0,0.0,0.0,0.0,0.0,0.0,167.0,93.0,107.0,161.0,18.0,7.0,12.0,54.0,15.0,6.0,0.0
138.195,54,160013.0,600.0,85.0,600.0,622.0,0.0,1.0,0.0,0.0,0.5,0.019,0.5,0.518,0.508,0.034,0.508,0.532,0.0,0.0,-1.77,-5.37,-88.57,-88.46,0.0,0.0,0.0,0.0,0.0,0.0,-0.4,1.0,1.0,0.0,0.0,-0.0,-0.0,0.0,0.0,0.0,0.0,0.0,0.0,0.0,0.0,167.0,93.0,107.0,161.0,18.0,7.0,12.0,54.0,15.0,6.0,0.0
138.26,51,160064.0,600.0,85.0,600.0,622.0,0.0,1.0,0.0,0.0,0.5,0.019,0.5,0.518,0.508,0.034,0.508,0.532,0.0,0.0,-1.77,-5.37,-88.57,-88.46,0.0,0.0,0.0,0.0,0.0,0.0,-0.4,1.0,1.0,0.0,0.0,-0.0,-0.0,0.0,0.0,0.0,0.0,0.0,0.0,0.0,0.0,167.0,93.0,107.0,161.0,18.0,7.0,12.0,54.0,15.0,6.0,1.0
138.292,53,160117.0,600.0,85.0,600.0,622.0,0.0,1.0,0.0,0.0,0.5,0.019,0.5,0.518,0.508,0.034,0.508,0.532,0.0,0.0,-1.77,-5.37,-88.57,-88.46,0.0,0.0,0.0,0.0,0.0,0.0,-0.4,1.0,1.0,0.0,0.0,-0.0,-0.0,0.0,0.0,0.0,0.0,0.0,0.0,0.0,0.0,167.0,93.0,107.0,161.0,18.0,7.0,12.0,54.0,15.0,6.0,0.0
138.359,52,160169.0,600.0,85.0,600.0,621.0,0.0,1.0,0.0,0.0,0.5,0.019,0.5,0.518,0.508,0.034,0.508,0.532,0.0,0.0,-1.77,-5.36,-88.57,-88.46,0.0,0.0,0.0,0.0,0.0,0.0,-0.4,1.0,1.0,0.0,0.0,-0.0,-0.0,0.0,0.0,0.0,0.0,0.0,0.0,0.0,0.0,167.0,93.0,107.0,161.0,18.0,7.0,12.0,54.0,15.0,6.0,0.0
138.425,53,160222.0,600.0,85.0,600.0,621.0,0.0,1.0,0.0,0.0,0.5,0.019,0.5,0.518,0.508,0.034,0.508,0.532,0.0,0.0,-1.77,-5.36,-88.57,-88.46,0.0,0.0,0.0,0.0,0.0,0.0,-0.4,1.0,1.0,0.0,0.0,-0.0,-0.0,0.0,0.0,0.0,0.0,0.0,0.0,0.0,0.0,167.0,93.0,107.0,161.0,18.0,7.0,12.0,54.0,15.0,6.0,0.0
138.459,52,160274.0,600.0,85.0,600.0,621.0,0.0,1.0,0.0,0.0,0.5,0.019,0.5,0.518,0.508,0.034,0.508,0.532,0.0,0.0,-1.77,-5.36,-88.57,-88.46,0.0,0.0,0.0,0.0,0.0,0.0,-0.4,1.0,1.0,0.0,0.0,-0.0,-0.0,0.0,0.0,0.0,0.0,0.0,0.0,0.0,0.0,167.0,93.0,107.0,161.0,18.0,7.0,12.0,54.0,15.0,6.0,1.0
138.528,53,160327.0,600.0,85.0,600.0,621.0,0.0,1.0,0.0,0.0,0.5,0.019,0.5,0.518,0.508,0.034,0.508,0.532,0.0,0.0,-1.77,-5.36,-88.57,-88.46,0.0,0.0,0.0,0.0,0.0,0.0,-0.4,1.0,1.0,0.0,0.0,-0.0,-0.0,0.0,0.0,0.0,0.0,0.0,0.0,0.0,0.0,167.0,93.0,107.0,161.0,18.0,7.0,12.0,54.0,15.0,6.0,0.0
138.559,52,160379.0,600.0,85.0,600.0,621.0,0.0,1.0,0.0,0.0,0.5,0.02,0.5,0.517,0.508,0.034,0.508,0.532,0.0,0.0,-1.76,-5.35,-88.57,-88.46,0.0,0.0,0.0,0.0,0.0,0.0,-0.4,1.0,1.0,0.0,0.0,-0.0,-0.0,0.0,0.0,0.0,0.0,0.0,0.0,0.0,0.0,167.0,93.0,107.0,161.0,18.0,7.0,12.0,54.0,15.0,6.0,0.0
138.623,54,160433.0,600.0,85.0,600.0,621.0,0.0,1.0,0.0,0.0,0.5,0.02,0.5,0.517,0.508,0.034,0.508,0.532,0.0,0.0,-1.77,-5.35,-88.57,-88.46,0.0,0.0,0.0,0.0,0.0,0.0,-0.4,1.0,1.0,0.0,0.0,-0.0,-0.0,0.0,0.0,0.0,0.0,0.0,0.0,0.0,0.0,167.0,93.0,107.0,161.0,18.0,7.0,12.0,54.0,15.0,6.0,0.0
138.69,51,160484.0,600.0,85.0,600.0,621.0,0.0,1.0,0.0,0.0,0.5,0.02,0.5,0.517,0.508,0.034,0.508,0.532,0.0,0.0,-1.76,-5.35,-88.57,-88.46,0.0,0.0,0.0,0.0,0.0,0.0,-0.4,1.0,1.0,0.0,0.0,-0.0,-0.0,0.0,0.0,0.0,0.0,0.0,0.0,0.0,0.0,167.0,93.0,107.0,161.0,18.0,7.0,12.0,54.0,15.0,6.0,1.0
138.723,53,160537.0,600.0,85.0,600.0,621.0,0.0,1.0,0.0,0.0,0.5,0.02,0.5,0.517,0.508,0.034,0.508,0.532,0.0,0.0,-1.76,-5.35,-88.57,-88.46,0.0,0.0,0.0,0.0,0.0,0.0,-0.4,1.0,1.0,0.0,0.0,-0.0,-0.0,0.0,0.0,0.0,0.0,0.0,0.0,0.0,0.0,167.0,93.0,107.0,161.0,18.0,7.0,12.0,54.0,15.0,6.0,0.0
138.787,52,160589.0,600.0,85.0,600.0,622.0,0.0,1.0,0.0,0.0,0.5,0.02,0.5,0.518,0.508,0.034,0.508,0.532,0.0,0.0,-1.76,-5.35,-88.57,-88.46,0.0,0.0,0.0,0.0,0.0,0.0,-0.4,1.0,1.0,0.0,0.0,-0.0,-0.0,0.0,0.0,0.0,0.0,0.0,0.0,0.0,0.0,167.0,93.0,107.0,161.0,18.0,7.0,12.0,54.0,15.0,6.0,0.0
138.819,53,160642.0,600.0,85.0,600.0,622.0,0.0,1.0,0.0,0.0,0.5,0.02,0.5,0.518,0.508,0.034,0.508,0.532,0.0,0.0,-1.76,-5.35,-88.57,-88.46,0.0,0.0,0.0,0.0,0.0,0.0,-0.4,1.0,1.0,0.0,0.0,-0.0,-0.0,0.0,0.0,0.0,0.0,0.0,0.0,0.0,0.0,167.0,93.0,107.0,161.0,18.0,7.0,12.0,54.0,15.0,6.0,0.0
138.885,51,160693.0,600.0,85.0,600.0,622.0,0.0,1.0,0.0,0.0,0.5,0.02,0.5,0.518,0.508,0.034,0.508,0.532,0.0,0.0,-1.76,-5.35,-88.57,-88.46,0.0,0.0,0.0,0.0,0.0,0.0,-0.4,1.0,1.0,0.0,0.0,-0.0,-0.0,0.0,0.0,0.0,0.0,0.0,0.0,0.0,0.0,167.0,93.0,107.0,161.0,18.0,7.0,12.0,54.0,15.0,6.0,0.0
138.919,53,160746.0,600.0,85.0,600.0,622.0,0.0,1.0,0.0,0.0,0.5,0.02,0.5,0.518,0.508,0.034,0.508,0.532,0.0,0.0,-1.76,-5.35,-88.57,-88.46,0.0,0.0,0.0,0.0,0.0,0.0,-0.4,1.0,1.0,0.0,0.0,-0.0,-0.0,0.0,0.0,0.0,0.0,0.0,0.0,0.0,0.0,167.0,93.0,107.0,161.0,18.0,7.0,12.0,54.0,15.0,6.0,0.0
138.983,52,160798.0,600.0,85.0,600.0,625.0,0.0,1.0,0.0,0.0,0.5,0.02,0.5,0.519,0.508,0.034,0.508,0.534,0.0,0.0,-1.76,-5.35,-88.57,-88.46,0.0,0.0,0.0,0.0,0.0,0.0,-0.4,1.0,1.0,0.0,0.0,-0.0,-0.0,0.0,0.0,0.0,0.0,0.0,0.0,0.0,0.0,167.0,93.0,107.0,161.0,18.0,7.0,12.0,54.0,15.0,6.0,0.0
139.047,54,160852.0,654.0,85.0,600.0,625.0,0.0,1.0,0.0,0.0,0.5,0.02,0.5,0.519,0.508,0.034,0.508,0.534,0.0,0.0,-1.76,-5.35,-88.57,-88.46,0.0,0.0,0.0,0.0,0.0,0.0,-0.4,1.0,1.0,0.0,0.0,-0.0,-0.0,0.0,0.0,0.0,0.0,0.0,0.0,0.0,0.0,167.0,93.0,107.0,161.0,18.0,7.0,12.0,54.0,15.0,6.0,0.0
139.08,53,160905.0,654.0,85.0,600.0,625.0,0.0,1.0,0.0,0.0,0.5,0.02,0.5,0.519,0.508,0.034,0.508,0.534,0.0,0.0,-1.75,-5.36,-88.57,-88.46,0.0,0.0,0.0,0.0,0.0,0.0,-0.4,1.0,1.0,0.0,0.0,-0.0,-0.0,0.0,0.0,0.0,0.0,0.0,0.0,0.0,0.0,167.0,93.0,107.0,161.0,18.0,7.0,12.0,54.0,15.0,6.0,1.0
139.147,53,160958.0,654.0,85.0,600.0,625.0,0.0,1.0,0.0,0.0,0.5,0.02,0.5,0.519,0.508,0.034,0.508,0.534,0.0,0.0,-1.75,-5.36,-88.57,-88.46,0.0,0.0,0.0,0.0,0.0,0.0,-0.4,1.0,1.0,0.0,0.0,-0.0,-0.0,0.0,0.0,0.0,0.0,0.0,0.0,0.0,0.0,167.0,93.0,107.0,161.0,18.0,7.0,12.0,54.0,15.0,6.0,0.0
139.219,53,161011.0,654.0,85.0,600.0,627.0,0.0,1.0,0.0,0.0,0.523,0.02,0.5,0.521,0.527,0.035,0.508,0.535,0.0,0.0,-1.76,-5.36,-88.57,-88.46,0.0,0.0,0.0,0.0,0.0,0.0,-0.4,1.0,1.0,0.0,0.0,-0.0,-0.0,0.0,0.0,0.0,0.0,0.0,0.0,0.0,0.0,167.0,93.0,107.0,161.0,18.0,7.0,12.0,54.0,15.0,6.0,0.0
139.252,53,161064.0,711.0,85.0,600.0,627.0,0.0,1.0,0.0,0.0,0.523,0.02,0.5,0.521,0.527,0.035,0.508,0.535,0.0,0.0,-1.75,-5.36,-88.57,-88.46,0.0,0.0,0.0,0.0,0.0,0.0,-0.4,1.0,1.0,0.0,0.0,-0.0,-0.0,0.0,0.0,0.0,0.0,0.0,0.0,0.0,0.0,167.0,93.0,107.0,161.0,18.0,7.0,12.0,54.0,15.0,6.0,0.0
139.322,52,161116.0,711.0,85.0,600.0,627.0,0.0,1.0,0.0,0.0,0.523,0.02,0.5,0.521,0.527,0.035,0.508,0.535,0.0,0.0,-1.75,-5.36,-88.57,-88.46,0.0,0.0,0.0,0.0,0.0,0.0,-0.4,1.0,1.0,0.0,0.0,-0.0,-0.0,0.0,0.0,0.0,0.0,0.0,0.0,0.0,0.0,167.0,93.0,107.0,161.0,18.0,7.0,12.0,54.0,15.0,6.0,0.0
139.356,53,161169.0,711.0,85.0,600.0,627.0,0.0,1.0,0.0,0.0,0.523,0.02,0.5,0.521,0.527,0.035,0.508,0.535,0.0,0.0,-1.75,-5.36,-88.57,-88.46,0.0,0.0,0.0,0.0,0.0,0.0,-0.4,1.0,1.0,0.0,0.0,-0.0,-0.0,0.0,0.0,0.0,0.0,0.0,0.0,0.0,0.0,167.0,93.0,107.0,161.0,18.0,7.0,12.0,54.0,15.0,6.0,0.0
139.422,52,161221.0,711.0,85.0,600.0,626.0,0.0,1.0,0.0,0.0,0.556,0.02,0.5,0.521,0.558,0.035,0.508,0.536,0.0,0.0,-1.75,-5.36,-88.57,-88.46,0.0,0.0,0.0,0.0,0.0,0.0,-0.4,1.0,1.0,0.0,0.0,-0.0,-0.0,0.0,0.0,0.0,0.0,0.0,0.0,0.0,0.0,167.0,93.0,107.0,161.0,18.0,7.0,12.0,54.0,15.0,6.0,0.0
139.456,54,161275.0,757.0,85.0,600.0,626.0,0.0,1.0,0.0,0.0,0.556,0.02,0.5,0.521,0.558,0.035,0.508,0.536,0.0,0.0,-1.75,-5.36,-88.57,-88.46,0.0,0.0,0.0,0.0,0.0,0.0,-0.4,1.0,1.0,0.0,0.0,-0.0,-0.0,0.0,0.0,0.0,0.0,0.0,0.0,0.0,0.0,167.0,93.0,107.0,161.0,18.0,7.0,12.0,54.0,15.0,6.0,0.0
139.527,52,161327.0,757.0,85.0,600.0,626.0,0.0,1.0,0.0,0.0,0.556,0.02,0.5,0.521,0.558,0.035,0.508,0.536,0.0,0.0,-1.75,-5.36,-88.57,-88.46,0.0,0.0,0.0,0.0,0.0,0.0,-0.4,1.0,1.0,0.0,0.0,-0.0,-0.0,0.0,0.0,0.0,0.0,0.0,0.0,0.0,0.0,167.0,93.0,107.0,161.0,18.0,7.0,12.0,54.0,15.0,6.0,0.0
139.559,54,161381.0,757.0,85.0,600.0,626.0,0.0,1.0,0.0,0.0,0.556,0.02,0.5,0.521,0.558,0.035,0.508,0.536,0.0,0.0,-1.75,-5.36,-88.57,-88.46,0.0,0.0,0.0,0.0,0.0,0.0,-0.4,1.0,1.0,0.0,0.0,-0.0,-0.0,0.0,0.0,0.0,0.0,0.0,0.0,0.0,0.0,167.0,93.0,107.0,161.0,18.0,7.0,12.0,54.0,15.0,6.0,0.0
139.622,52,161433.0,757.0,85.0,600.0,625.0,0.0,1.0,0.0,0.0,0.587,0.02,0.5,0.521,0.59,0.035,0.508,0.537,0.0,0.0,-1.75,-5.36,-88.57,-88.46,0.0,0.0,0.0,0.0,0.0,0.0,-0.4,1.0,1.0,0.0,0.0,-0.0,-0.0,0.0,0.0,0.0,0.0,0.0,0.0,0.0,0.0,167.0,93.0,107.0,161.0,18.0,7.0,12.0,54.0,15.0,6.0,0.0
139.688,53,161486.0,804.0,85.0,600.0,625.0,0.0,1.0,0.0,0.0,0.587,0.02,0.5,0.521,0.59,0.035,0.508,0.537,0.0,0.0,-1.75,-5.36,-88.57,-88.46,0.0,0.0,0.0,0.0,0.0,0.0,-0.4,1.0,1.0,0.0,0.0,-0.0,-0.0,0.0,0.0,0.0,0.0,0.0,0.0,0.0,0.0,167.0,93.0,107.0,161.0,18.0,7.0,12.0,54.0,15.0,6.0,1.0
139.722,51,161537.0,804.0,85.0,600.0,625.0,0.0,1.0,0.0,0.0,0.587,0.02,0.5,0.521,0.59,0.035,0.508,0.537,0.0,0.0,-1.75,-5.36,-88.57,-88.46,0.0,0.0,0.0,0.0,0.0,0.0,-0.4,1.0,1.0,0.0,0.0,-0.0,-0.0,0.0,0.0,0.0,0.0,0.0,0.0,0.0,0.0,167.0,93.0,107.0,161.0,18.0,7.0,12.0,54.0,15.0,6.0,1.0
139.788,53,161590.0,804.0,85.0,600.0,625.0,0.0,1.0,0.0,0.0,0.587,0.02,0.5,0.521,0.59,0.035,0.508,0.537,0.0,0.0,-1.75,-5.36,-88.57,-88.46,0.0,0.0,0.0,0.0,0.0,0.0,-0.4,1.0,1.0,0.0,0.0,-0.0,-0.0,0.0,0.0,0.0,0.0,0.0,0.0,0.0,0.0,167.0,93.0,107.0,161.0,18.0,7.0,12.0,54.0,15.0,6.0,0.0
139.821,52,161642.0,804.0,85.0,600.0,624.0,0.0,1.0,0.0,0.0,0.617,0.02,0.5,0.52,0.62,0.036,0.508,0.537,0.0,0.0,-1.75,-5.36,-88.57,-88.46,0.0,0.0,0.0,0.0,0.0,0.0,-0.4,1.0,1.0,0.0,0.0,-0.0,-0.0,0.0,0.0,0.0,0.0,0.0,0.0,0.0,0.0,167.0,93.0,107.0,161.0,18.0,7.0,12.0,54.0,15.0,6.0,0.0
139.885,54,161696.0,804.0,85.0,600.0,624.0,0.0,1.0,0.0,0.0,0.617,0.02,0.5,0.52,0.62,0.036,0.508,0.537,0.0,0.0,-1.75,-5.36,-88.57,-88.46,0.0,0.0,0.0,0.0,0.0,0.0,-0.4,1.0,1.0,0.0,0.0,-0.0,-0.0,0.0,0.0,0.0,0.0,0.0,0.0,0.0,0.0,167.0,93.0,107.0,161.0,18.0,7.0,12.0,54.0,15.0,6.0,0.0
139.95,53,161749.0,804.0,85.0,600.0,624.0,0.0,1.0,0.0,0.0,0.617,0.02,0.5,0.52,0.62,0.036,0.508,0.537,0.0,0.0,-1.75,-5.36,-88.57,-88.46,0.0,0.0,0.0,0.0,0.0,0.0,-0.4,1.0,1.0,0.0,0.0,-0.0,-0.0,0.0,0.0,0.0,0.0,0.0,0.0,0.0,0.0,167.0,93.0,107.0,161.0,18.0,7.0,12.0,54.0,15.0,6.0,0.0
139.982,53,161802.0,804.0,85.0,600.0,624.0,0.0,1.0,0.0,0.0,0.617,0.02,0.5,0.52,0.62,0.036,0.508,0.537,0.0,0.0,-1.75,-5.36,-88.57,-88.46,0.0,0.0,0.0,0.0,0.0,0.0,-0.4,1.0,1.0,0.0,0.0,-0.0,-0.0,0.0,0.0,0.0,0.0,0.0,0.0,0.0,0.0,167.0,93.0,107.0,161.0,18.0,7.0,12.0,54.0,15.0,6.0,0.0
140.045,52,161854.0,804.0,85.0,600.0,624.0,0.0,1.0,0.0,0.0,0.631,0.02,0.5,0.52,0.636,0.036,0.508,0.537,0.0,0.0,-1.75,-5.36,-88.57,-88.46,0.0,0.0,0.0,0.0,0.0,0.0,-0.4,1.0,1.0,0.0,0.0,-0.0,-0.0,0.0,0.0,0.0,0.0,0.0,0.0,0.0,0.0,167.0,93.0,107.0,161.0,18.0,7.0,12.0,54.0,15.0,6.0,0.0
140.111,53,161907.0,811.0,85.0,600.0,624.0,0.0,1.0,0.0,0.0,0.631,0.02,0.5,0.52,0.636,0.036,0.508,0.537,0.0,0.0,-1.75,-5.36,-88.57,-88.46,0.0,0.0,0.0,0.0,0.0,0.0,-0.4,1.0,1.0,0.0,0.0,-0.0,-0.0,0.0,0.0,0.0,0.0,0.0,0.0,0.0,0.0,167.0,93.0,107.0,161.0,18.0,7.0,12.0,54.0,15.0,6.0,0.0
140.144,53,161960.0,811.0,86.0,600.0,624.0,0.0,1.0,0.0,0.0,0.631,0.02,0.5,0.52,0.636,0.036,0.508,0.537,0.0,0.0,-1.75,-5.36,-88.57,-88.46,0.0,0.0,0.0,0.0,0.0,0.0,-0.4,1.0,1.0,0.0,0.0,-0.0,-0.0,0.0,0.0,0.0,0.0,0.0,0.0,0.0,0.0,167.0,93.0,107.0,161.0,18.0,7.0,12.0,54.0,15.0,6.0,0.0
140.208,52,162012.0,811.0,86.0,600.0,624.0,0.0,1.0,0.0,0.0,0.631,0.02,0.5,0.52,0.636,0.036,0.508,0.537,0.0,0.0,-1.75,-5.36,-88.57,-88.46,0.0,0.0,0.0,0.0,0.0,0.0,-0.4,1.0,1.0,0.0,0.0,-0.0,-0.0,0.0,0.0,0.0,0.0,0.0,0.0,0.0,0.0,167.0,93.0,107.0,161.0,18.0,7.0,12.0,54.0,15.0,6.0,0.0
140.24,54,162066.0,811.0,86.0,600.0,620.0,0.0,1.0,0.0,0.0,0.639,0.02,0.5,0.518,0.645,0.036,0.508,0.535,0.0,0.0,-1.75,-5.36,-88.57,-88.46,0.0,0.0,0.0,0.0,0.0,0.0,-0.4,1.0,1.0,0.0,0.0,-0.0,-0.0,0.0,0.0,0.0,0.0,0.0,0.0,0.0,0.0,167.0,93.0,107.0,161.0,18.0,7.0,12.0,54.0,15.0,6.0,0.0
140.309,54,162120.0,792.0,86.0,600.0,620.0,0.0,1.0,0.0,0.0,0.639,0.02,0.5,0.518,0.645,0.036,0.508,0.535,0.0,0.0,-1.75,-5.36,-88.57,-88.46,0.0,0.0,0.0,0.0,0.0,0.0,-0.4,1.0,1.0,0.0,0.0,-0.0,-0.0,0.0,0.0,0.0,0.0,0.0,0.0,0.0,0.0,167.0,93.0,107.0,161.0,18.0,7.0,12.0,54.0,15.0,6.0,0.0
140.378,53,162173.0,792.0,85.0,600.0,620.0,0.0,1.0,0.0,0.0,0.639,0.02,0.5,0.518,0.645,0.036,0.508,0.535,0.0,0.0,-1.75,-5.36,-88.57,-88.46,0.0,0.0,0.0,0.0,0.0,0.0,-0.4,1.0,1.0,0.0,0.0,-0.0,-0.0,0.0,0.0,0.0,0.0,0.0,0.0,0.0,0.0,167.0,93.0,107.0,161.0,18.0,7.0,12.0,54.0,15.0,6.0,0.0
140.41,52,162225.0,792.0,85.0,600.0,620.0,0.0,1.0,0.0,0.0,0.639,0.02,0.5,0.518,0.645,0.036,0.508,0.535,0.0,0.0,-1.75,-5.36,-88.57,-88.46,0.0,0.0,0.0,0.0,0.0,0.0,-0.4,1.0,1.0,0.0,0.0,-0.0,-0.0,0.0,0.0,0.0,0.0,0.0,0.0,0.0,0.0,167.0,93.0,107.0,161.0,18.0,7.0,12.0,54.0,15.0,6.0,0.0
140.474,53,162278.0,792.0,85.0,600.0,620.0,0.0,1.0,0.0,0.0,0.637,0.02,0.5,0.517,0.645,0.037,0.508,0.534,0.0,0.0,-1.75,-5.36,-88.57,-88.46,0.0,0.0,0.0,0.0,0.0,0.0,-0.4,1.0,1.0,0.0,0.0,-0.0,-0.0,0.0,0.0,0.0,0.0,0.0,0.0,0.0,0.0,167.0,93.0,107.0,161.0,18.0,7.0,12.0,54.0,15.0,6.0,0.0
140.507,53,162331.0,779.0,85.0,600.0,620.0,0.0,1.0,0.0,0.0,0.637,0.02,0.5,0.517,0.645,0.037,0.508,0.534,0.0,0.0,-1.76,-5.36,-88.57,-88.46,0.0,0.0,0.0,0.0,0.0,0.0,-0.4,1.0,1.0,0.0,0.0,-0.0,-0.0,0.0,0.0,0.0,0.0,0.0,0.0,0.0,0.0,167.0,93.0,107.0,161.0,18.0,7.0,12.0,54.0,15.0,6.0,0.0
140.573,53,162384.0,779.0,85.0,600.0,620.0,0.0,1.0,0.0,0.0,0.637,0.02,0.5,0.517,0.645,0.037,0.508,0.534,0.0,0.0,-1.76,-5.36,-88.57,-88.46,0.0,0.0,0.0,0.0,0.0,0.0,-0.4,1.0,1.0,0.0,0.0,-0.0,-0.0,0.0,0.0,0.0,0.0,0.0,0.0,0.0,0.0,167.0,93.0,107.0,161.0,18.0,7.0,12.0,54.0,15.0,6.0,0.0
140.637,52,162436.0,779.0,85.0,600.0,620.0,0.0,1.0,0.0,0.0,0.637,0.02,0.5,0.517,0.645,0.037,0.508,0.534,0.0,0.0,-1.76,-5.36,-88.57,-88.46,0.0,0.0,0.0,0.0,0.0,0.0,-0.4,1.0,1.0,0.0,0.0,-0.0,-0.0,0.0,0.0,0.0,0.0,0.0,0.0,0.0,0.0,167.0,93.0,107.0,161.0,18.0,7.0,12.0,54.0,15.0,6.0,1.0
140.67,53,162489.0,779.0,85.0,600.0,621.0,0.0,1.0,0.0,0.0,0.632,0.02,0.5,0.517,0.641,0.036,0.508,0.534,0.0,0.0,-1.76,-5.36,-88.57,-88.46,0.0,0.0,0.0,0.0,0.0,0.0,-0.4,1.0,1.0,0.0,0.0,-0.0,-0.0,0.0,0.0,0.0,0.0,0.0,0.0,0.0,0.0,167.0,93.0,107.0,161.0,18.0,7.0,12.0,54.0,15.0,6.0,0.0
140.736,54,162543.0,785.0,85.0,600.0,621.0,0.0,1.0,0.0,0.0,0.632,0.02,0.5,0.517,0.641,0.036,0.508,0.534,0.0,0.0,-1.77,-5.36,-88.57,-88.46,0.0,0.0,0.0,0.0,0.0,0.0,-0.4,1.0,1.0,0.0,0.0,-0.0,-0.0,0.0,0.0,0.0,0.0,0.0,0.0,0.0,0.0,167.0,93.0,107.0,161.0,18.0,7.0,12.0,54.0,15.0,6.0,0.0
140.768,53,162596.0,785.0,85.0,600.0,621.0,0.0,1.0,0.0,0.0,0.632,0.02,0.5,0.517,0.641,0.036,0.508,0.534,0.0,0.0,-1.77,-5.36,-88.57,-88.46,0.0,0.0,0.0,0.0,0.0,0.0,-0.4,1.0,1.0,0.0,0.0,-0.0,-0.0,0.0,0.0,0.0,0.0,0.0,0.0,0.0,0.0,167.0,93.0,107.0,161.0,18.0,7.0,12.0,54.0,15.0,6.0,0.0
140.831,52,162648.0,785.0,85.0,600.0,621.0,0.0,1.0,0.0,0.0,0.632,0.02,0.5,0.517,0.641,0.036,0.508,0.534,0.0,0.0,-1.77,-5.36,-88.57,-88.46,0.0,0.0,0.0,0.0,0.0,0.0,-0.4,1.0,1.0,0.0,0.0,-0.0,-0.0,0.0,0.0,0.0,0.0,0.0,0.0,0.0,0.0,167.0,93.0,107.0,161.0,18.0,7.0,12.0,54.0,15.0,6.0,1.0
140.896,53,162701.0,785.0,85.0,600.0,619.0,0.0,1.0,0.0,0.0,0.632,0.02,0.5,0.516,0.64,0.036,0.508,0.533,0.0,0.0,-1.77,-5.36,-88.57,-88.46,0.0,0.0,0.0,0.0,0.0,0.0,-0.4,1.0,1.0,0.0,0.0,-0.0,-0.0,0.0,0.0,0.0,0.0,0.0,0.0,0.0,0.0,167.0,93.0,107.0,161.0,18.0,7.0,12.0,54.0,15.0,6.0,0.0
140.938,53,162754.0,837.0,85.0,600.0,619.0,0.0,1.0,0.0,0.0,0.632,0.02,0.5,0.516,0.64,0.036,0.508,0.533,0.0,0.0,-1.77,-5.36,-88.57,-88.46,0.0,0.0,0.0,0.0,0.0,0.0,-0.4,1.0,1.0,0.0,0.0,-0.0,-0.0,0.0,0.0,0.0,0.0,0.0,0.0,0.0,0.0,167.0,93.0,107.0,161.0,18.0,7.0,12.0,54.0,15.0,6.0,0.0
141.005,53,162807.0,837.0,85.0,600.0,619.0,0.0,1.0,0.0,0.0,0.632,0.02,0.5,0.516,0.64,0.036,0.508,0.533,0.0,0.0,-1.77,-5.37,-88.57,-88.46,0.0,0.0,0.0,0.0,0.0,0.0,-0.4,1.0,1.0,0.0,0.0,-0.0,-0.0,0.0,0.0,0.0,0.0,0.0,0.0,0.0,0.0,167.0,93.0,107.0,161.0,18.0,7.0,12.0,54.0,15.0,6.0,0.0
141.038,52,162859.0,837.0,85.0,600.0,619.0,0.0,1.0,0.0,0.0,0.632,0.02,0.5,0.516,0.64,0.036,0.508,0.533,0.0,0.0,-1.77,-5.37,-88.57,-88.46,0.0,0.0,0.0,0.0,0.0,0.0,-0.4,1.0,1.0,0.0,0.0,-0.0,-0.0,0.0,0.0,0.0,0.0,0.0,0.0,0.0,0.0,167.0,93.0,107.0,161.0,18.0,7.0,12.0,54.0,15.0,6.0,0.0
141.104,52,162911.0,837.0,85.0,600.0,619.0,0.0,1.0,0.0,0.0,0.647,0.02,0.5,0.516,0.652,0.037,0.508,0.533,0.0,0.0,-1.77,-5.37,-88.57,-88.46,0.0,0.0,0.0,0.0,0.0,0.0,-0.4,1.0,1.0,0.0,0.0,-0.0,-0.0,0.0,0.0,0.0,0.0,0.0,0.0,0.0,0.0,167.0,93.0,107.0,161.0,18.0,7.0,12.0,54.0,15.0,6.0,0.0
141.171,54,162965.0,827.0,85.0,600.0,619.0,0.0,1.0,0.0,0.0,0.647,0.02,0.5,0.516,0.652,0.037,0.508,0.533,0.0,0.0,-1.77,-5.38,-88.57,-88.46,0.0,0.0,0.0,0.0,0.0,0.0,-0.4,1.0,1.0,0.0,0.0,-0.0,-0.0,0.0,0.0,0.0,0.0,0.0,0.0,0.0,0.0,167.0,93.0,107.0,161.0,18.0,7.0,12.0,54.0,15.0,6.0,0.0
141.203,53,163018.0,827.0,86.0,600.0,619.0,0.0,1.0,0.0,0.0,0.647,0.02,0.5,0.516,0.652,0.037,0.508,0.533,0.0,0.0,-1.77,-5.38,-88.57,-88.46,0.0,0.0,0.0,0.0,0.0,0.0,-0.4,1.0,1.0,0.0,0.0,-0.0,-0.0,0.0,0.0,0.0,0.0,0.0,0.0,0.0,0.0,167.0,93.0,107.0,161.0,18.0,7.0,12.0,54.0,15.0,6.0,0.0
141.267,52,163070.0,827.0,86.0,600.0,619.0,0.0,1.0,0.0,0.0,0.647,0.02,0.5,0.516,0.652,0.037,0.508,0.533,0.0,0.0,-1.77,-5.38,-88.57,-88.46,0.0,0.0,0.0,0.0,0.0,0.0,-0.4,1.0,1.0,0.0,0.0,-0.0,-0.0,0.0,0.0,0.0,0.0,0.0,0.0,0.0,0.0,167.0,93.0,107.0,161.0,18.0,7.0,12.0,54.0,15.0,6.0,0.0
141.3,53,163123.0,827.0,86.0,600.0,620.0,0.0,1.0,0.0,0.0,0.651,0.02,0.5,0.516,0.659,0.037,0.508,0.533,0.0,0.0,-1.77,-5.37,-88.57,-88.46,0.0,0.0,0.0,0.0,0.0,0.0,-0.4,1.0,1.0,0.0,0.0,-0.0,-0.0,0.0,0.0,0.0,0.0,0.0,0.0,0.0,0.0,167.0,93.0,107.0,161.0,18.0,7.0,12.0,54.0,15.0,6.0,0.0
141.372,53,163176.0,835.0,86.0,600.0,620.0,0.0,1.0,0.0,0.0,0.651,0.02,0.5,0.516,0.659,0.037,0.508,0.533,0.0,0.0,-1.77,-5.37,-88.57,-88.46,0.0,0.0,0.0,0.0,0.0,0.0,-0.4,1.0,1.0,0.0,0.0,-0.0,-0.0,0.0,0.0,0.0,0.0,0.0,0.0,0.0,0.0,167.0,93.0,107.0,161.0,18.0,7.0,12.0,54.0,15.0,6.0,0.0
141.405,53,163229.0,835.0,86.0,600.0,620.0,0.0,1.0,0.0,0.0,0.651,0.02,0.5,0.516,0.659,0.037,0.508,0.533,0.0,0.0,-1.77,-5.37,-88.57,-88.46,0.0,0.0,0.0,0.0,0.0,0.0,-0.4,1.0,1.0,0.0,0.0,-0.0,-0.0,0.0,0.0,0.0,0.0,0.0,0.0,0.0,0.0,167.0,93.0,107.0,161.0,18.0,7.0,12.0,54.0,15.0,6.0,0.0
141.472,52,163281.0,835.0,86.0,600.0,620.0,0.0,1.0,0.0,0.0,0.651,0.02,0.5,0.516,0.659,0.037,0.508,0.533,0.0,0.0,-1.77,-5.37,-88.57,-88.46,0.0,0.0,0.0,0.0,0.0,0.0,-0.4,1.0,1.0,0.0,0.0,-0.0,-0.0,0.0,0.0,0.0,0.0,0.0,0.0,0.0,0.0,167.0,93.0,107.0,161.0,18.0,7.0,12.0,54.0,15.0,6.0,0.0
141.538,52,163333.0,835.0,86.0,600.0,618.0,0.0,1.0,0.0,0.0,0.656,0.02,0.5,0.515,0.663,0.037,0.508,0.532,0.0,0.0,-1.77,-5.37,-88.57,-88.46,0.0,0.0,0.0,0.0,0.0,0.0,-0.4,1.0,1.0,0.0,0.0,-0.0,-0.0,0.0,0.0,0.0,0.0,0.0,0.0,0.0,0.0,167.0,93.0,107.0,161.0,18.0,7.0,12.0,54.0,15.0,6.0,1.0
141.571,54,163387.0,844.0,86.0,600.0,618.0,0.0,1.0,0.0,0.0,0.656,0.02,0.5,0.515,0.663,0.037,0.508,0.532,0.0,0.0,-1.77,-5.37,-88.57,-88.46,0.0,0.0,0.0,0.0,0.0,0.0,-0.4,1.0,1.0,0.0,0.0,-0.0,-0.0,0.0,0.0,0.0,0.0,0.0,0.0,0.0,0.0,167.0,93.0,107.0,161.0,18.0,7.0,12.0,54.0,15.0,6.0,1.0
141.632,53,163440.0,844.0,86.0,600.0,618.0,0.0,1.0,0.0,0.0,0.656,0.02,0.5,0.515,0.663,0.037,0.508,0.532,0.0,0.0,-1.77,-5.37,-88.57,-88.46,0.0,0.0,0.0,0.0,0.0,0.0,-0.4,1.0,1.0,0.0,0.0,-0.0,-0.0,0.0,0.0,0.0,0.0,0.0,0.0,0.0,0.0,167.0,93.0,107.0,161.0,18.0,7.0,12.0,54.0,15.0,6.0,0.0
141.663,52,163492.0,844.0,86.0,600.0,618.0,0.0,1.0,0.0,0.0,0.656,0.02,0.5,0.515,0.663,0.037,0.508,0.532,0.0,0.0,-1.77,-5.37,-88.57,-88.46,0.0,0.0,0.0,0.0,0.0,0.0,-0.4,1.0,1.0,0.0,0.0,-0.0,-0.0,0.0,0.0,0.0,0.0,0.0,0.0,0.0,0.0,167.0,93.0,107.0,161.0,18.0,7.0,12.0,54.0,15.0,6.0,0.0
141.738,52,163544.0,844.0,86.0,600.0,617.0,0.0,1.0,0.0,0.0,0.66,0.02,0.5,0.515,0.667,0.037,0.508,0.532,0.0,0.0,-1.77,-5.37,-88.57,-88.46,0.0,0.0,0.0,0.0,0.0,0.0,-0.4,1.0,1.0,0.0,0.0,-0.0,-0.0,0.0,0.0,0.0,0.0,0.0,0.0,0.0,0.0,167.0,93.0,107.0,161.0,18.0,7.0,12.0,54.0,15.0,6.0,0.0
141.771,53,163597.0,839.0,86.0,600.0,617.0,0.0,1.0,0.0,0.0,0.66,0.02,0.5,0.515,0.667,0.037,0.508,0.532,0.0,0.0,-1.77,-5.37,-88.57,-88.46,0.0,0.0,0.0,0.0,0.0,0.0,-0.4,1.0,1.0,0.0,0.0,-0.0,-0.0,0.0,0.0,0.0,0.0,0.0,0.0,0.0,0.0,167.0,93.0,107.0,161.0,18.0,7.0,12.0,54.0,15.0,6.0,0.0
141.837,52,163649.0,839.0,87.0,600.0,617.0,0.0,1.0,0.0,0.0,0.66,0.02,0.5,0.515,0.667,0.037,0.508,0.532,0.0,0.0,-1.77,-5.37,-88.57,-88.46,0.0,0.0,0.0,0.0,0.0,0.0,-0.4,1.0,1.0,0.0,0.0,-0.0,-0.0,0.0,0.0,0.0,0.0,0.0,0.0,0.0,0.0,167.0,93.0,107.0,161.0,18.0,7.0,12.0,54.0,15.0,6.0,1.0
141.903,52,163701.0,839.0,87.0,600.0,617.0,0.0,1.0,0.0,0.0,0.66,0.02,0.5,0.515,0.667,0.037,0.508,0.532,0.0,0.0,-1.76,-5.37,-88.57,-88.46,0.0,0.0,0.0,0.0,0.0,0.0,-0.4,1.0,1.0,0.0,0.0,-0.0,-0.0,0.0,0.0,0.0,0.0,0.0,0.0,0.0,0.0,167.0,93.0,107.0,161.0,18.0,7.0,12.0,54.0,15.0,6.0,0.0
141.944,52,163753.0,839.0,87.0,600.0,618.0,0.0,1.0,0.0,0.0,0.661,0.02,0.5,0.515,0.669,0.037,0.508,0.532,0.0,0.0,-1.77,-5.37,-88.57,-88.46,0.0,0.0,0.0,0.0,0.0,0.0,-0.4,1.0,1.0,0.0,0.0,-0.0,-0.0,0.0,0.0,0.0,0.0,0.0,0.0,0.0,0.0,167.0,93.0,107.0,161.0,18.0,7.0,12.0,54.0,15.0,6.0,0.0
142.01,54,163807.0,824.0,87.0,600.0,618.0,0.0,1.0,0.0,0.0,0.661,0.02,0.5,0.515,0.669,0.037,0.508,0.532,0.0,0.0,-1.77,-5.37,-88.57,-88.46,0.0,0.0,0.0,0.0,0.0,0.0,-0.4,1.0,1.0,0.0,0.0,-0.0,-0.0,0.0,0.0,0.0,0.0,0.0,0.0,0.0,0.0,167.0,93.0,107.0,161.0,18.0,7.0,12.0,54.0,15.0,6.0,0.0
142.043,52,163859.0,824.0,86.0,600.0,618.0,0.0,1.0,0.0,0.0,0.661,0.02,0.5,0.515,0.669,0.037,0.508,0.532,0.0,0.0,-1.77,-5.37,-88.57,-88.46,0.0,0.0,0.0,0.0,0.0,0.0,-0.4,1.0,1.0,0.0,0.0,-0.0,-0.0,0.0,0.0,0.0,0.0,0.0,0.0,0.0,0.0,167.0,93.0,107.0,161.0,18.0,7.0,12.0,54.0,15.0,6.0,1.0
142.109,53,163912.0,824.0,86.0,600.0,618.0,0.0,1.0,0.0,0.0,0.661,0.02,0.5,0.515,0.669,0.037,0.508,0.532,0.0,0.0,-1.77,-5.37,-88.57,-88.46,0.0,0.0,0.0,0.0,0.0,0.0,-0.4,1.0,1.0,0.0,0.0,-0.0,-0.0,0.0,0.0,0.0,0.0,0.0,0.0,0.0,0.0,167.0,93.0,107.0,161.0,18.0,7.0,12.0,54.0,15.0,6.0,0.0
142.142,52,163964.0,824.0,86.0,600.0,619.0,0.0,1.0,0.0,0.0,0.657,0.02,0.5,0.515,0.665,0.037,0.508,0.532,0.0,0.0,-1.78,-5.37,-88.57,-88.46,0.0,0.0,0.0,0.0,0.0,0.0,-0.4,1.0,1.0,0.0,0.0,-0.0,-0.0,0.0,0.0,0.0,0.0,0.0,0.0,0.0,0.0,167.0,93.0,107.0,161.0,18.0,7.0,12.0,54.0,15.0,6.0,0.0
142.207,53,164017.0,803.0,86.0,600.0,619.0,0.0,1.0,0.0,0.0,0.657,0.02,0.5,0.515,0.665,0.037,0.508,0.532,0.0,0.0,-1.78,-5.37,-88.57,-88.46,0.0,0.0,0.0,0.0,0.0,0.0,-0.4,1.0,1.0,0.0,0.0,-0.0,-0.0,0.0,0.0,0.0,0.0,0.0,0.0,0.0,0.0,167.0,93.0,107.0,161.0,18.0,7.0,12.0,54.0,15.0,6.0,0.0
142.271,52,164069.0,803.0,86.0,600.0,619.0,0.0,1.0,0.0,0.0,0.657,0.02,0.5,0.515,0.665,0.037,0.508,0.532,0.0,0.0,-1.78,-5.37,-88.57,-88.46,0.0,0.0,0.0,0.0,0.0,0.0,-0.4,1.0,1.0,0.0,0.0,-0.0,-0.0,0.0,0.0,0.0,0.0,0.0,0.0,0.0,0.0,167.0,93.0,107.0,161.0,18.0,7.0,12.0,54.0,15.0,6.0,1.0
142.303,52,164121.0,803.0,86.0,600.0,619.0,0.0,1.0,0.0,0.0,0.657,0.02,0.5,0.515,0.665,0.037,0.508,0.532,0.0,0.0,-1.78,-5.37,-88.57,-88.46,0.0,0.0,0.0,0.0,0.0,0.0,-0.4,1.0,1.0,0.0,0.0,-0.0,-0.0,0.0,0.0,0.0,0.0,0.0,0.0,0.0,0.0,167.0,93.0,107.0,161.0,18.0,7.0,12.0,54.0,15.0,6.0,0.0
142.369,52,164173.0,803.0,86.0,600.0,622.0,0.0,1.0,0.0,0.0,0.649,0.02,0.5,0.517,0.658,0.037,0.508,0.533,0.0,0.0,-1.78,-5.37,-88.57,-88.46,0.0,0.0,0.0,0.0,0.0,0.0,-0.4,1.0,1.0,0.0,0.0,-0.0,-0.0,0.0,0.0,0.0,0.0,0.0,0.0,0.0,0.0,167.0,93.0,107.0,161.0,18.0,7.0,12.0,54.0,15.0,6.0,0.0
142.401,54,164227.0,790.0,86.0,600.0,622.0,0.0,1.0,0.0,0.0,0.649,0.02,0.5,0.517,0.658,0.037,0.508,0.533,0.0,0.0,-1.78,-5.37,-88.57,-88.46,0.0,0.0,0.0,0.0,0.0,0.0,-0.4,1.0,1.0,0.0,0.0,-0.0,-0.0,0.0,0.0,0.0,0.0,0.0,0.0,0.0,0.0,167.0,93.0,107.0,161.0,18.0,7.0,12.0,54.0,15.0,6.0,0.0
142.465,51,164278.0,790.0,87.0,600.0,622.0,0.0,1.0,0.0,0.0,0.649,0.02,0.5,0.517,0.658,0.037,0.508,0.533,0.0,0.0,-1.78,-5.37,-88.57,-88.46,0.0,0.0,0.0,0.0,0.0,0.0,-0.4,1.0,1.0,0.0,0.0,-0.0,-0.0,0.0,0.0,0.0,0.0,0.0,0.0,0.0,0.0,167.0,93.0,107.0,161.0,18.0,7.0,12.0,54.0,15.0,6.0,1.0
142.541,53,164331.0,790.0,87.0,600.0,622.0,0.0,1.0,0.0,0.0,0.649,0.02,0.5,0.517,0.658,0.037,0.508,0.533,0.0,0.0,-1.77,-5.37,-88.57,-88.46,0.0,0.0,0.0,0.0,0.0,0.0,-0.4,1.0,1.0,0.0,0.0,-0.0,-0.0,0.0,0.0,0.0,0.0,0.0,0.0,0.0,0.0,167.0,93.0,107.0,161.0,18.0,7.0,12.0,54.0,15.0,6.0,0.0
142.574,52,164383.0,790.0,87.0,600.0,622.0,0.0,1.0,0.0,0.0,0.641,0.02,0.5,0.517,0.65,0.037,0.508,0.534,0.0,0.0,-1.77,-5.37,-88.57,-88.46,0.0,0.0,0.0,0.0,0.0,0.0,-0.4,1.0,1.0,0.0,0.0,-0.0,-0.0,0.0,0.0,0.0,0.0,0.0,0.0,0.0,0.0,167.0,93.0,107.0,161.0,18.0,7.0,12.0,54.0,15.0,6.0,0.0
142.64,53,164436.0,779.0,87.0,600.0,622.0,0.0,1.0,0.0,0.0,0.641,0.02,0.5,0.517,0.65,0.037,0.508,0.534,0.0,0.0,-1.77,-5.37,-88.57,-88.46,0.0,0.0,0.0,0.0,0.0,0.0,-0.4,1.0,1.0,0.0,0.0,-0.0,-0.0,0.0,0.0,0.0,0.0,0.0,0.0,0.0,0.0,167.0,93.0,107.0,161.0,18.0,7.0,12.0,54.0,15.0,6.0,0.0
142.673,51,164487.0,779.0,86.0,600.0,622.0,0.0,1.0,0.0,0.0,0.641,0.02,0.5,0.517,0.65,0.037,0.508,0.534,0.0,0.0,-1.77,-5.37,-88.57,-88.46,0.0,0.0,0.0,0.0,0.0,0.0,-0.4,1.0,1.0,0.0,0.0,-0.0,-0.0,0.0,0.0,0.0,0.0,0.0,0.0,0.0,0.0,167.0,93.0,107.0,161.0,18.0,7.0,12.0,54.0,15.0,6.0,1.0
142.741,53,164540.0,779.0,86.0,600.0,622.0,0.0,1.0,0.0,0.0,0.641,0.02,0.5,0.517,0.65,0.037,0.508,0.534,0.0,0.0,-1.77,-5.37,-88.57,-88.46,0.0,0.0,0.0,0.0,0.0,0.0,-0.4,1.0,1.0,0.0,0.0,-0.0,-0.0,0.0,0.0,0.0,0.0,0.0,0.0,0.0,0.0,167.0,93.0,107.0,161.0,18.0,7.0,12.0,54.0,15.0,6.0,0.0
142.773,52,164592.0,779.0,86.0,600.0,624.0,0.0,1.0,0.0,0.0,0.634,0.02,0.5,0.518,0.643,0.037,0.508,0.535,0.0,0.0,-1.77,-5.37,-88.57,-88.46,0.0,0.0,0.0,0.0,0.0,0.0,-0.4,1.0,1.0,0.0,0.0,-0.0,-0.0,0.0,0.0,0.0,0.0,0.0,0.0,0.0,0.0,167.0,93.0,107.0,161.0,18.0,7.0,12.0,54.0,15.0,6.0,0.0
142.839,54,164646.0,765.0,86.0,600.0,624.0,0.0,1.0,0.0,0.0,0.634,0.02,0.5,0.518,0.643,0.037,0.508,0.535,0.0,0.0,-1.77,-5.37,-88.57,-88.46,0.0,0.0,0.0,0.0,0.0,0.0,-0.4,1.0,1.0,0.0,0.0,-0.0,-0.0,0.0,0.0,0.0,0.0,0.0,0.0,0.0,0.0,167.0,93.0,107.0,161.0,18.0,7.0,12.0,54.0,15.0,6.0,0.0
142.872,53,164699.0,765.0,86.0,600.0,624.0,0.0,1.0,0.0,0.0,0.634,0.02,0.5,0.518,0.643,0.037,0.508,0.535,0.0,0.0,-1.77,-5.37,-88.57,-88.46,0.0,0.0,0.0,0.0,0.0,0.0,-0.4,1.0,1.0,0.0,0.0,-0.0,-0.0,0.0,0.0,0.0,0.0,0.0,0.0,0.0,0.0,167.0,93.0,107.0,161.0,18.0,7.0,12.0,54.0,15.0,6.0,1.0
142.938,52,164751.0,765.0,86.0,600.0,624.0,0.0,1.0,0.0,0.0,0.634,0.02,0.5,0.518,0.643,0.037,0.508,0.535,0.0,0.0,-1.77,-5.37,-88.57,-88.46,0.0,0.0,0.0,0.0,0.0,0.0,-0.4,1.0,1.0,0.0,0.0,-0.0,-0.0,0.0,0.0,0.0,0.0,0.0,0.0,0.0,0.0,167.0,93.0,107.0,161.0,18.0,7.0,12.0,54.0,15.0,6.0,0.0
143.004,52,164803.0,765.0,86.0,600.0,623.0,0.0,1.0,0.0,0.0,0.626,0.02,0.5,0.519,0.635,0.037,0.508,0.535,0.0,0.0,-1.77,-5.37,-88.57,-88.46,0.0,0.0,0.0,0.0,0.0,0.0,-0.4,1.0,1.0,0.0,0.0,-0.0,-0.0,0.0,0.0,0.0,0.0,0.0,0.0,0.0,0.0,167.0,93.0,107.0,161.0,18.0,7.0,12.0,54.0,15.0,6.0,0.0
143.037,53,164856.0,760.0,86.0,600.0,623.0,0.0,1.0,0.0,0.0,0.626,0.02,0.5,0.519,0.635,0.037,0.508,0.535,0.0,0.0,-1.77,-5.38,-88.57,-88.46,0.0,0.0,0.0,0.0,0.0,0.0,-0.4,1.0,1.0,0.0,0.0,-0.0,-0.0,0.0,0.0,0.0,0.0,0.0,0.0,0.0,0.0,167.0,93.0,107.0,161.0,18.0,7.0,12.0,54.0,15.0,6.0,0.0
143.103,51,164907.0,760.0,87.0,600.0,623.0,0.0,1.0,0.0,0.0,0.626,0.02,0.5,0.519,0.635,0.037,0.508,0.535,0.0,0.0,-1.77,-5.38,-88.57,-88.46,0.0,0.0,0.0,0.0,0.0,0.0,-0.4,1.0,1.0,0.0,0.0,-0.0,-0.0,0.0,0.0,0.0,0.0,0.0,0.0,0.0,0.0,167.0,93.0,107.0,161.0,18.0,7.0,12.0,54.0,15.0,6.0,1.0
143.136,53,164960.0,760.0,87.0,600.0,623.0,0.0,1.0,0.0,0.0,0.626,0.02,0.5,0.519,0.635,0.037,0.508,0.535,0.0,0.0,-1.77,-5.38,-88.57,-88.46,0.0,0.0,0.0,0.0,0.0,0.0,-0.4,1.0,1.0,0.0,0.0,-0.0,-0.0,0.0,0.0,0.0,0.0,0.0,0.0,0.0,0.0,167.0,93.0,107.0,161.0,18.0,7.0,12.0,54.0,15.0,6.0,0.0
143.2,52,165012.0,760.0,87.0,600.0,623.0,0.0,1.0,0.0,0.0,0.621,0.021,0.5,0.519,0.629,0.037,0.508,0.535,0.0,0.0,-1.77,-5.38,-88.57,-88.46,0.0,0.0,0.0,0.0,0.0,0.0,-0.4,1.0,1.0,0.0,0.0,-0.0,-0.0,0.0,0.0,0.0,0.0,0.0,0.0,0.0,0.0,167.0,93.0,107.0,161.0,18.0,7.0,12.0,54.0,15.0,6.0,1.0
143.264,54,165066.0,761.0,87.0,600.0,623.0,0.0,1.0,0.0,0.0,0.621,0.021,0.5,0.519,0.629,0.037,0.508,0.535,0.0,0.0,-1.76,-5.38,-88.57,-88.46,0.0,0.0,0.0,0.0,0.0,0.0,-0.4,1.0,1.0,0.0,0.0,-0.0,-0.0,0.0,0.0,0.0,0.0,0.0,0.0,0.0,0.0,167.0,93.0,107.0,161.0,18.0,7.0,12.0,54.0,15.0,6.0,0.0
143.297,51,165117.0,761.0,86.0,600.0,623.0,0.0,1.0,0.0,0.0,0.621,0.021,0.5,0.519,0.629,0.037,0.508,0.535,0.0,0.0,-1.76,-5.38,-88.57,-88.46,0.0,0.0,0.0,0.0,0.0,0.0,-0.4,1.0,1.0,0.0,0.0,-0.0,-0.0,0.0,0.0,0.0,0.0,0.0,0.0,0.0,0.0,167.0,93.0,107.0,161.0,18.0,7.0,12.0,54.0,15.0,6.0,1.0
143.367,53,165170.0,761.0,86.0,600.0,623.0,0.0,1.0,0.0,0.0,0.621,0.021,0.5,0.519,0.629,0.037,0.508,0.535,0.0,0.0,-1.76,-5.38,-88.57,-88.46,0.0,0.0,0.0,0.0,0.0,0.0,-0.4,1.0,1.0,0.0,0.0,-0.0,-0.0,0.0,0.0,0.0,0.0,0.0,0.0,0.0,0.0,167.0,93.0,107.0,161.0,18.0,7.0,12.0,54.0,15.0,6.0,0.0
143.4,52,165222.0,761.0,86.0,600.0,621.0,0.0,1.0,0.0,0.0,0.619,0.02,0.5,0.518,0.627,0.037,0.508,0.534,0.0,0.0,-1.76,-5.38,-88.57,-88.46,0.0,0.0,0.0,0.0,0.0,0.0,-0.4,1.0,1.0,0.0,0.0,-0.0,-0.0,0.0,0.0,0.0,0.0,0.0,0.0,0.0,0.0,167.0,93.0,107.0,161.0,18.0,7.0,12.0,54.0,15.0,6.0,0.0
143.466,53,165275.0,757.0,86.0,600.0,621.0,0.0,1.0,0.0,0.0,0.619,0.02,0.5,0.518,0.627,0.037,0.508,0.534,0.0,0.0,-1.76,-5.39,-88.57,-88.46,0.0,0.0,0.0,0.0,0.0,0.0,-0.4,1.0,1.0,0.0,0.0,-0.0,-0.0,0.0,0.0,0.0,0.0,0.0,0.0,0.0,0.0,167.0,93.0,107.0,161.0,18.0,7.0,12.0,54.0,15.0,6.0,0.0
143.533,53,165328.0,757.0,85.0,600.0,621.0,0.0,1.0,0.0,0.0,0.619,0.02,0.5,0.518,0.627,0.037,0.508,0.534,0.0,0.0,-1.76,-5.39,-88.57,-88.46,0.0,0.0,0.0,0.0,0.0,0.0,-0.4,1.0,1.0,0.0,0.0,-0.0,-0.0,0.0,0.0,0.0,0.0,0.0,0.0,0.0,0.0,167.0,93.0,107.0,161.0,18.0,7.0,12.0,54.0,15.0,6.0,0.0
143.566,53,165381.0,757.0,85.0,600.0,621.0,0.0,1.0,0.0,0.0,0.619,0.02,0.5,0.518,0.627,0.037,0.508,0.534,0.0,0.0,-1.76,-5.39,-88.57,-88.46,0.0,0.0,0.0,0.0,0.0,0.0,-0.4,1.0,1.0,0.0,0.0,-0.0,-0.0,0.0,0.0,0.0,0.0,0.0,0.0,0.0,0.0,167.0,93.0,107.0,161.0,18.0,7.0,12.0,54.0,15.0,6.0,0.0
143.633,52,165433.0,757.0,85.0,600.0,624.0,0.0,1.0,0.0,0.0,0.616,0.02,0.5,0.519,0.624,0.037,0.508,0.535,0.0,0.0,-1.76,-5.39,-88.57,-88.46,0.0,0.0,0.0,0.0,0.0,0.0,-0.4,1.0,1.0,0.0,0.0,-0.0,-0.0,0.0,0.0,0.0,0.0,0.0,0.0,0.0,0.0,167.0,93.0,107.0,161.0,18.0,7.0,12.0,54.0,15.0,6.0,0.0
143.666,54,165487.0,758.0,85.0,600.0,624.0,0.0,1.0,0.0,0.0,0.616,0.02,0.5,0.519,0.624,0.037,0.508,0.535,0.0,0.0,-1.76,-5.39,-88.57,-88.46,0.0,0.0,0.0,0.0,0.0,0.0,-0.4,1.0,1.0,0.0,0.0,-0.0,-0.0,0.0,0.0,0.0,0.0,0.0,0.0,0.0,0.0,167.0,93.0,107.0,161.0,18.0,7.0,12.0,54.0,15.0,6.0,1.0
143.741,52,165539.0,758.0,84.0,600.0,624.0,0.0,1.0,0.0,0.0,0.616,0.02,0.5,0.519,0.624,0.037,0.508,0.535,0.0,0.0,-1.75,-5.39,-88.57,-88.46,0.0,0.0,0.0,0.0,0.0,0.0,-0.4,1.0,1.0,0.0,0.0,-0.0,-0.0,0.0,0.0,0.0,0.0,0.0,0.0,0.0,0.0,167.0,93.0,107.0,161.0,18.0,7.0,12.0,54.0,15.0,6.0,0.0
143.774,52,165591.0,758.0,84.0,600.0,624.0,0.0,1.0,0.0,0.0,0.616,0.02,0.5,0.519,0.624,0.037,0.508,0.535,0.0,0.0,-1.75,-5.39,-88.57,-88.46,0.0,0.0,0.0,0.0,0.0,0.0,-0.4,1.0,1.0,0.0,0.0,-0.0,-0.0,0.0,0.0,0.0,0.0,0.0,0.0,0.0,0.0,167.0,93.0,107.0,161.0,18.0,7.0,12.0,54.0,15.0,6.0,0.0
143.839,53,165644.0,758.0,84.0,600.0,625.0,0.0,1.0,0.0,0.0,0.615,0.02,0.5,0.519,0.623,0.036,0.508,0.536,0.0,0.0,-1.76,-5.39,-88.57,-88.46,0.0,0.0,0.0,0.0,0.0,0.0,-0.4,1.0,1.0,0.0,0.0,-0.0,-0.0,0.0,0.0,0.0,0.0,0.0,0.0,0.0,0.0,167.0,93.0,107.0,161.0,18.0,7.0,12.0,54.0,15.0,6.0,1.0
143.872,53,165697.0,756.0,84.0,600.0,625.0,0.0,1.0,0.0,0.0,0.615,0.02,0.5,0.519,0.623,0.036,0.508,0.536,0.0,0.0,-1.76,-5.39,-88.57,-88.46,0.0,0.0,0.0,0.0,0.0,0.0,-0.4,1.0,1.0,0.0,0.0,-0.0,-0.0,0.0,0.0,0.0,0.0,0.0,0.0,0.0,0.0,167.0,93.0,107.0,161.0,18.0,7.0,12.0,54.0,15.0,6.0,1.0
143.942,53,165750.0,756.0,84.0,600.0,625.0,0.0,1.0,0.0,0.0,0.615,0.02,0.5,0.519,0.623,0.036,0.508,0.536,0.0,0.0,-1.76,-5.39,-88.57,-88.46,0.0,0.0,0.0,0.0,0.0,0.0,-0.4,1.0,1.0,0.0,0.0,-0.0,-0.0,0.0,0.0,0.0,0.0,0.0,0.0,0.0,0.0,167.0,93.0,107.0,161.0,18.0,7.0,12.0,54.0,15.0,6.0,0.0
143.975,52,165802.0,756.0,84.0,600.0,625.0,0.0,1.0,0.0,0.0,0.615,0.02,0.5,0.519,0.623,0.036,0.508,0.536,0.0,0.0,-1.77,-5.39,-88.57,-88.46,0.0,0.0,0.0,0.0,0.0,0.0,-0.4,1.0,1.0,0.0,0.0,-0.0,-0.0,0.0,0.0,0.0,0.0,0.0,0.0,0.0,0.0,167.0,93.0,107.0,161.0,18.0,7.0,12.0,54.0,15.0,6.0,0.0
144.041,53,165855.0,756.0,84.0,600.0,624.0,0.0,1.0,0.0,0.0,0.614,0.02,0.5,0.519,0.622,0.036,0.508,0.536,0.0,0.0,-1.77,-5.39,-88.57,-88.46,0.0,0.0,0.0,0.0,0.0,0.0,-0.4,1.0,1.0,0.0,0.0,-0.0,-0.0,0.0,0.0,0.0,0.0,0.0,0.0,0.0,0.0,167.0,93.0,107.0,161.0,18.0,7.0,12.0,54.0,15.0,6.0,0.0
144.108,54,165909.0,752.0,84.0,600.0,624.0,0.0,1.0,0.0,0.0,0.614,0.02,0.5,0.519,0.622,0.036,0.508,0.536,0.0,0.0,-1.77,-5.38,-88.57,-88.46,0.0,0.0,0.0,0.0,0.0,0.0,-0.4,1.0,1.0,0.0,0.0,-0.0,-0.0,0.0,0.0,0.0,0.0,0.0,0.0,0.0,0.0,167.0,93.0,107.0,161.0,18.0,7.0,12.0,54.0,15.0,6.0,1.0
144.141,53,165962.0,752.0,84.0,600.0,624.0,0.0,1.0,0.0,0.0,0.614,0.02,0.5,0.519,0.622,0.036,0.508,0.536,0.0,0.0,-1.77,-5.38,-88.57,-88.46,0.0,0.0,0.0,0.0,0.0,0.0,-0.4,1.0,1.0,0.0,0.0,-0.0,-0.0,0.0,0.0,0.0,0.0,0.0,0.0,0.0,0.0,167.0,93.0,107.0,161.0,18.0,7.0,12.0,54.0,15.0,6.0,0.0
144.207,52,166014.0,752.0,84.0,600.0,624.0,0.0,1.0,0.0,0.0,0.614,0.02,0.5,0.519,0.622,0.036,0.508,0.536,0.0,0.0,-1.77,-5.38,-88.57,-88.46,0.0,0.0,0.0,0.0,0.0,0.0,-0.4,1.0,1.0,0.0,0.0,-0.0,-0.0,0.0,0.0,0.0,0.0,0.0,0.0,0.0,0.0,167.0,93.0,107.0,161.0,18.0,7.0,12.0,54.0,15.0,6.0,1.0
144.241,53,166067.0,752.0,84.0,600.0,621.0,0.0,1.0,0.0,0.0,0.613,0.019,0.5,0.518,0.621,0.036,0.508,0.535,0.0,0.0,-1.77,-5.39,-88.57,-88.46,0.0,0.0,0.0,0.0,0.0,0.0,-0.4,1.0,1.0,0.0,0.0,-0.0,-0.0,0.0,0.0,0.0,0.0,0.0,0.0,0.0,0.0,167.0,93.0,107.0,161.0,18.0,7.0,12.0,54.0,15.0,6.0,0.0
144.307,53,166120.0,753.0,84.0,600.0,621.0,0.0,1.0,0.0,0.0,0.613,0.019,0.5,0.518,0.621,0.036,0.508,0.535,0.0,0.0,-1.77,-5.39,-88.57,-88.46,0.0,0.0,0.0,0.0,0.0,0.0,-0.4,1.0,1.0,0.0,0.0,-0.0,-0.0,0.0,0.0,0.0,0.0,0.0,0.0,0.0,0.0,167.0,93.0,107.0,161.0,18.0,7.0,12.0,54.0,15.0,6.0,1.0
144.373,53,166173.0,753.0,85.0,600.0,621.0,0.0,1.0,0.0,0.0,0.613,0.019,0.5,0.518,0.621,0.036,0.508,0.535,0.0,0.0,-1.77,-5.39,-88.57,-88.46,0.0,0.0,0.0,0.0,0.0,0.0,-0.4,1.0,1.0,0.0,0.0,-0.0,-0.0,0.0,0.0,0.0,0.0,0.0,0.0,0.0,0.0,167.0,93.0,107.0,161.0,18.0,7.0,12.0,54.0,15.0,6.0,0.0
144.406,52,166225.0,753.0,85.0,600.0,621.0,0.0,1.0,0.0,0.0,0.613,0.019,0.5,0.518,0.621,0.036,0.508,0.535,0.0,0.0,-1.76,-5.38,-88.57,-88.46,0.0,0.0,0.0,0.0,0.0,0.0,-0.4,1.0,1.0,0.0,0.0,-0.0,-0.0,0.0,0.0,0.0,0.0,0.0,0.0,0.0,0.0,167.0,93.0,107.0,161.0,18.0,7.0,12.0,54.0,15.0,6.0,0.0
144.472,53,166278.0,753.0,85.0,600.0,622.0,0.0,1.0,0.0,0.0,0.612,0.019,0.5,0.518,0.62,0.036,0.508,0.534,0.0,0.0,-1.76,-5.38,-88.57,-88.46,0.0,0.0,0.0,0.0,0.0,0.0,-0.4,1.0,1.0,0.0,0.0,-0.0,-0.0,0.0,0.0,0.0,0.0,0.0,0.0,0.0,0.0,167.0,93.0,107.0,161.0,18.0,7.0,12.0,54.0,15.0,6.0,0.0
144.505,54,166332.0,753.0,85.0,600.0,622.0,0.0,1.0,0.0,0.0,0.612,0.019,0.5,0.518,0.62,0.036,0.508,0.534,0.0,0.0,-1.76,-5.38,-88.57,-88.46,0.0,0.0,0.0,0.0,0.0,0.0,-0.4,1.0,1.0,0.0,0.0,-0.0,-0.0,0.0,0.0,0.0,0.0,0.0,0.0,0.0,0.0,167.0,93.0,107.0,161.0,18.0,7.0,12.0,54.0,15.0,6.0,0.0
144.576,52,166384.0,753.0,85.0,600.0,622.0,0.0,1.0,0.0,0.0,0.612,0.019,0.5,0.518,0.62,0.036,0.508,0.534,0.0,0.0,-1.76,-5.38,-88.57,-88.46,0.0,0.0,0.0,0.0,0.0,0.0,-0.4,1.0,1.0,0.0,0.0,-0.0,-0.0,0.0,0.0,0.0,0.0,0.0,0.0,0.0,0.0,167.0,93.0,107.0,161.0,18.0,7.0,12.0,54.0,15.0,6.0,0.0
144.609,53,166437.0,753.0,85.0,600.0,622.0,0.0,1.0,0.0,0.0,0.612,0.019,0.5,0.518,0.62,0.036,0.508,0.534,0.0,0.0,-1.76,-5.38,-88.57,-88.46,0.0,0.0,0.0,0.0,0.0,0.0,-0.4,1.0,1.0,0.0,0.0,-0.0,-0.0,0.0,0.0,0.0,0.0,0.0,0.0,0.0,0.0,167.0,93.0,107.0,161.0,18.0,7.0,12.0,54.0,15.0,6.0,0.0
144.675,53,166490.0,753.0,85.0,600.0,620.0,0.0,1.0,0.0,0.0,0.612,0.02,0.5,0.517,0.62,0.036,0.508,0.534,0.0,0.0,-1.76,-5.38,-88.57,-88.46,0.0,0.0,0.0,0.0,0.0,0.0,-0.4,1.0,1.0,0.0,0.0,-0.0,-0.0,0.0,0.0,0.0,0.0,0.0,0.0,0.0,0.0,167.0,93.0,107.0,161.0,18.0,7.0,12.0,54.0,15.0,6.0,0.0
144.741,53,166543.0,753.0,85.0,600.0,620.0,0.0,1.0,0.0,0.0,0.612,0.02,0.5,0.517,0.62,0.036,0.508,0.534,0.0,0.0,-1.76,-5.37,-88.57,-88.46,0.0,0.0,0.0,0.0,0.0,0.0,-0.4,1.0,1.0,0.0,0.0,-0.0,-0.0,0.0,0.0,0.0,0.0,0.0,0.0,0.0,0.0,167.0,93.0,107.0,161.0,18.0,7.0,12.0,54.0,15.0,6.0,0.0
144.774,53,166596.0,753.0,86.0,600.0,620.0,0.0,1.0,0.0,0.0,0.612,0.02,0.5,0.517,0.62,0.036,0.508,0.534,0.0,0.0,-1.76,-5.37,-88.57,-88.46,0.0,0.0,0.0,0.0,0.0,0.0,-0.4,1.0,1.0,0.0,0.0,-0.0,-0.0,0.0,0.0,0.0,0.0,0.0,0.0,0.0,0.0,167.0,93.0,107.0,161.0,18.0,7.0,12.0,54.0,15.0,6.0,0.0
144.84,52,166648.0,753.0,86.0,600.0,620.0,0.0,1.0,0.0,0.0,0.612,0.02,0.5,0.517,0.62,0.036,0.508,0.534,0.0,0.0,-1.76,-5.37,-88.57,-88.46,0.0,0.0,0.0,0.0,0.0,0.0,-0.4,1.0,1.0,0.0,0.0,-0.0,-0.0,0.0,0.0,0.0,0.0,0.0,0.0,0.0,0.0,167.0,93.0,107.0,161.0,18.0,7.0,12.0,54.0,15.0,6.0,1.0
144.874,53,166701.0,753.0,86.0,600.0,618.0,0.0,1.0,0.0,0.0,0.612,0.02,0.5,0.516,0.62,0.036,0.508,0.532,0.0,0.0,-1.76,-5.37,-88.57,-88.46,0.0,0.0,0.0,0.0,0.0,0.0,-0.4,1.0,1.0,0.0,0.0,-0.0,-0.0,0.0,0.0,0.0,0.0,0.0,0.0,0.0,0.0,167.0,93.0,107.0,161.0,18.0,7.0,12.0,54.0,15.0,6.0,0.0
144.94,54,166755.0,752.0,86.0,600.0,618.0,0.0,1.0,0.0,0.0,0.612,0.02,0.5,0.516,0.62,0.036,0.508,0.532,0.0,0.0,-1.76,-5.37,-88.57,-88.46,0.0,0.0,0.0,0.0,0.0,0.0,-0.4,1.0,1.0,0.0,0.0,-0.0,-0.0,0.0,0.0,0.0,0.0,0.0,0.0,0.0,0.0,167.0,93.0,107.0,161.0,18.0,7.0,12.0,54.0,15.0,6.0,0.0
145.005,55,166810.0,752.0,86.0,600.0,618.0,0.0,1.0,0.0,0.0,0.612,0.02,0.5,0.516,0.62,0.036,0.508,0.532,0.0,0.0,-1.76,-5.37,-88.57,-88.46,0.0,0.0,0.0,0.0,0.0,0.0,-0.4,1.0,1.0,0.0,0.0,-0.0,-0.0,0.0,0.0,0.0,0.0,0.0,0.0,0.0,0.0,167.0,93.0,107.0,161.0,18.0,7.0,12.0,54.0,15.0,6.0,0.0
145.038,52,166862.0,752.0,86.0,600.0,618.0,0.0,1.0,0.0,0.0,0.612,0.02,0.5,0.516,0.62,0.036,0.508,0.532,0.0,0.0,-1.76,-5.37,-88.57,-88.46,0.0,0.0,0.0,0.0,0.0,0.0,-0.4,1.0,1.0,0.0,0.0,-0.0,-0.0,0.0,0.0,0.0,0.0,0.0,0.0,0.0,0.0,167.0,93.0,107.0,161.0,18.0,7.0,12.0,54.0,15.0,6.0,0.0
145.103,52,166914.0,752.0,86.0,600.0,620.0,0.0,1.0,0.0,0.0,0.611,0.02,0.5,0.516,0.619,0.036,0.508,0.532,0.0,0.0,-1.76,-5.37,-88.57,-88.46,0.0,0.0,0.0,0.0,0.0,0.0,-0.4,1.0,1.0,0.0,0.0,-0.0,-0.0,0.0,0.0,0.0,0.0,0.0,0.0,0.0,0.0,167.0,93.0,107.0,161.0,18.0,7.0,12.0,54.0,15.0,6.0,0.0
145.169,53,166967.0,754.0,86.0,600.0,620.0,0.0,1.0,0.0,0.0,0.611,0.02,0.5,0.516,0.619,0.036,0.508,0.532,0.0,0.0,-1.76,-5.37,-88.57,-88.46,0.0,0.0,0.0,0.0,0.0,0.0,-0.4,1.0,1.0,0.0,0.0,-0.0,-0.0,0.0,0.0,0.0,0.0,0.0,0.0,0.0,0.0,167.0,93.0,107.0,161.0,18.0,7.0,12.0,54.0,15.0,6.0,0.0
145.201,53,167020.0,754.0,86.0,600.0,620.0,0.0,1.0,0.0,0.0,0.611,0.02,0.5,0.516,0.619,0.036,0.508,0.532,0.0,0.0,-1.76,-5.37,-88.57,-88.46,0.0,0.0,0.0,0.0,0.0,0.0,-0.4,1.0,1.0,0.0,0.0,-0.0,-0.0,0.0,0.0,0.0,0.0,0.0,0.0,0.0,0.0,167.0,93.0,107.0,161.0,18.0,7.0,12.0,54.0,15.0,6.0,0.0
145.265,53,167073.0,754.0,86.0,600.0,620.0,0.0,1.0,0.0,0.0,0.611,0.02,0.5,0.516,0.619,0.036,0.508,0.532,0.0,0.0,-1.76,-5.37,-88.57,-88.46,0.0,0.0,0.0,0.0,0.0,0.0,-0.4,1.0,1.0,0.0,0.0,-0.0,-0.0,0.0,0.0,0.0,0.0,0.0,0.0,0.0,0.0,167.0,93.0,107.0,161.0,18.0,7.0,12.0,54.0,15.0,6.0,0.0
145.299,53,167126.0,754.0,86.0,600.0,621.0,0.0,1.0,0.0,0.0,0.612,0.02,0.5,0.517,0.62,0.036,0.508,0.533,0.0,0.0,-1.76,-5.38,-88.57,-88.46,0.0,0.0,0.0,0.0,0.0,0.0,-0.4,1.0,1.0,0.0,0.0,-0.0,-0.0,0.0,0.0,0.0,0.0,0.0,0.0,0.0,0.0,167.0,93.0,107.0,161.0,18.0,7.0,12.0,54.0,15.0,6.0,0.0
145.374,54,167180.0,754.0,86.0,600.0,621.0,0.0,1.0,0.0,0.0,0.612,0.02,0.5,0.517,0.62,0.036,0.508,0.533,0.0,0.0,-1.76,-5.38,-88.57,-88.46,0.0,0.0,0.0,0.0,0.0,0.0,-0.4,1.0,1.0,0.0,0.0,-0.0,-0.0,0.0,0.0,0.0,0.0,0.0,0.0,0.0,0.0,167.0,93.0,107.0,161.0,18.0,7.0,12.0,54.0,15.0,6.0,1.0
145.407,53,167233.0,754.0,86.0,600.0,621.0,0.0,1.0,0.0,0.0,0.612,0.02,0.5,0.517,0.62,0.036,0.508,0.533,0.0,0.0,-1.76,-5.38,-88.57,-88.46,0.0,0.0,0.0,0.0,0.0,0.0,-0.4,1.0,1.0,0.0,0.0,-0.0,-0.0,0.0,0.0,0.0,0.0,0.0,0.0,0.0,0.0,167.0,93.0,107.0,161.0,18.0,7.0,12.0,54.0,15.0,6.0,0.0
145.473,53,167286.0,754.0,86.0,600.0,621.0,0.0,1.0,0.0,0.0,0.612,0.02,0.5,0.517,0.62,0.036,0.508,0.533,0.0,0.0,-1.76,-5.38,-88.57,-88.46,0.0,0.0,0.0,0.0,0.0,0.0,-0.4,1.0,1.0,0.0,0.0,-0.0,-0.0,0.0,0.0,0.0,0.0,0.0,0.0,0.0,0.0,167.0,93.0,107.0,161.0,18.0,7.0,12.0,54.0,15.0,6.0,0.0
145.539,52,167338.0,754.0,86.0,600.0,621.0,0.0,1.0,0.0,0.0,0.612,0.02,0.5,0.517,0.62,0.036,0.508,0.533,0.0,0.0,-1.76,-5.38,-88.57,-88.46,0.0,0.0,0.0,0.0,0.0,0.0,-0.4,1.0,1.0,0.0,0.0,-0.0,-0.0,0.0,0.0,0.0,0.0,0.0,0.0,0.0,0.0,167.0,93.0,107.0,161.0,18.0,7.0,12.0,54.0,15.0,6.0,1.0
145.572,53,167391.0,759.0,86.0,600.0,621.0,0.0,1.0,0.0,0.0,0.612,0.02,0.5,0.517,0.62,0.036,0.508,0.533,0.0,0.0,-1.76,-5.38,-88.57,-88.46,0.0,0.0,0.0,0.0,0.0,0.0,-0.4,1.0,1.0,0.0,0.0,-0.0,-0.0,0.0,0.0,0.0,0.0,0.0,0.0,0.0,0.0,167.0,93.0,107.0,161.0,18.0,7.0,12.0,54.0,15.0,6.0,0.0
145.638,52,167443.0,759.0,86.0,600.0,621.0,0.0,1.0,0.0,0.0,0.612,0.02,0.5,0.517,0.62,0.036,0.508,0.533,0.0,0.0,-1.76,-5.38,-88.57,-88.46,0.0,0.0,0.0,0.0,0.0,0.0,-0.4,1.0,1.0,0.0,0.0,-0.0,-0.0,0.0,0.0,0.0,0.0,0.0,0.0,0.0,0.0,167.0,93.0,107.0,161.0,18.0,7.0,12.0,54.0,15.0,6.0,0.0
145.671,53,167496.0,759.0,86.0,600.0,621.0,0.0,1.0,0.0,0.0,0.612,0.02,0.5,0.517,0.62,0.036,0.508,0.533,0.0,0.0,-1.76,-5.39,-88.57,-88.46,0.0,0.0,0.0,0.0,0.0,0.0,-0.4,1.0,1.0,0.0,0.0,-0.0,-0.0,0.0,0.0,0.0,0.0,0.0,0.0,0.0,0.0,167.0,93.0,107.0,161.0,18.0,7.0,12.0,54.0,15.0,6.0,0.0
145.739,52,167548.0,759.0,86.0,600.0,621.0,0.0,1.0,0.0,0.0,0.614,0.02,0.5,0.517,0.621,0.037,0.508,0.533,0.0,0.0,-1.76,-5.39,-88.57,-88.46,0.0,0.0,0.0,0.0,0.0,0.0,-0.4,1.0,1.0,0.0,0.0,-0.0,-0.0,0.0,0.0,0.0,0.0,0.0,0.0,0.0,0.0,167.0,93.0,107.0,161.0,18.0,7.0,12.0,54.0,15.0,6.0,0.0
145.805,54,167602.0,757.0,86.0,600.0,621.0,0.0,1.0,0.0,0.0,0.614,0.02,0.5,0.517,0.621,0.037,0.508,0.533,0.0,0.0,-1.76,-5.39,-88.57,-88.46,0.0,0.0,0.0,0.0,0.0,0.0,-0.4,1.0,1.0,0.0,0.0,-0.0,-0.0,0.0,0.0,0.0,0.0,0.0,0.0,0.0,0.0,167.0,93.0,107.0,161.0,18.0,7.0,12.0,54.0,15.0,6.0,0.0
145.838,52,167654.0,757.0,87.0,600.0,621.0,0.0,1.0,0.0,0.0,0.614,0.02,0.5,0.517,0.621,0.037,0.508,0.533,0.0,0.0,-1.76,-5.39,-88.57,-88.46,0.0,0.0,0.0,0.0,0.0,0.0,-0.4,1.0,1.0,0.0,0.0,-0.0,-0.0,0.0,0.0,0.0,0.0,0.0,0.0,0.0,0.0,167.0,93.0,107.0,161.0,18.0,7.0,12.0,54.0,15.0,6.0,0.0
145.904,53,167707.0,757.0,87.0,600.0,621.0,0.0,1.0,0.0,0.0,0.614,0.02,0.5,0.517,0.621,0.037,0.508,0.533,0.0,0.0,-1.75,-5.39,-88.57,-88.46,0.0,0.0,0.0,0.0,0.0,0.0,-0.4,1.0,1.0,0.0,0.0,-0.0,-0.0,0.0,0.0,0.0,0.0,0.0,0.0,0.0,0.0,167.0,93.0,107.0,161.0,18.0,7.0,12.0,54.0,15.0,6.0,0.0
145.939,52,167759.0,757.0,87.0,600.0,623.0,0.0,1.0,0.0,0.0,0.614,0.02,0.5,0.518,0.622,0.037,0.508,0.534,0.0,0.0,-1.75,-5.39,-88.57,-88.46,0.0,0.0,0.0,0.0,0.0,0.0,-0.4,1.0,1.0,0.0,0.0,-0.0,-0.0,0.0,0.0,0.0,0.0,0.0,0.0,0.0,0.0,167.0,93.0,107.0,161.0,18.0,7.0,12.0,54.0,15.0,6.0,0.0
146.004,53,167812.0,756.0,87.0,600.0,623.0,0.0,1.0,0.0,0.0,0.614,0.02,0.5,0.518,0.622,0.037,0.508,0.534,0.0,0.0,-1.75,-5.39,-88.57,-88.46,0.0,0.0,0.0,0.0,0.0,0.0,-0.4,1.0,1.0,0.0,0.0,-0.0,-0.0,0.0,0.0,0.0,0.0,0.0,0.0,0.0,0.0,167.0,93.0,107.0,161.0,18.0,7.0,12.0,54.0,15.0,6.0,0.0
146.037,51,167863.0,756.0,86.0,600.0,623.0,0.0,1.0,0.0,0.0,0.614,0.02,0.5,0.518,0.622,0.037,0.508,0.534,0.0,0.0,-1.76,-5.4,-88.57,-88.46,0.0,0.0,0.0,0.0,0.0,0.0,-0.4,1.0,1.0,0.0,0.0,-0.0,-0.0,0.0,0.0,0.0,0.0,0.0,0.0,0.0,0.0,167.0,93.0,107.0,161.0,18.0,7.0,12.0,54.0,15.0,6.0,0.0
146.102,53,167916.0,756.0,86.0,600.0,623.0,0.0,1.0,0.0,0.0,0.614,0.02,0.5,0.518,0.622,0.037,0.508,0.534,0.0,0.0,-1.76,-5.4,-88.57,-88.46,0.0,0.0,0.0,0.0,0.0,0.0,-0.4,1.0,1.0,0.0,0.0,-0.0,-0.0,0.0,0.0,0.0,0.0,0.0,0.0,0.0,0.0,167.0,93.0,107.0,161.0,18.0,7.0,12.0,54.0,15.0,6.0,0.0
146.171,52,167968.0,756.0,86.0,600.0,623.0,0.0,1.0,0.0,0.0,0.614,0.02,0.5,0.519,0.622,0.037,0.508,0.535,0.0,0.0,-1.76,-5.4,-88.57,-88.46,0.0,0.0,0.0,0.0,0.0,0.0,-0.4,1.0,1.0,0.0,0.0,-0.0,-0.0,0.0,0.0,0.0,0.0,0.0,0.0,0.0,0.0,167.0,93.0,107.0,161.0,18.0,7.0,12.0,54.0,15.0,6.0,0.0
146.204,54,168022.0,755.0,86.0,600.0,623.0,0.0,1.0,0.0,0.0,0.614,0.02,0.5,0.519,0.622,0.037,0.508,0.535,0.0,0.0,-1.76,-5.4,-88.57,-88.46,0.0,0.0,0.0,0.0,0.0,0.0,-0.4,1.0,1.0,0.0,0.0,-0.0,-0.0,0.0,0.0,0.0,0.0,0.0,0.0,0.0,0.0,167.0,93.0,107.0,161.0,18.0,7.0,12.0,54.0,15.0,6.0,0.0
146.27,52,168074.0,755.0,87.0,600.0,623.0,0.0,1.0,0.0,0.0,0.614,0.02,0.5,0.519,0.622,0.037,0.508,0.535,0.0,0.0,-1.76,-5.4,-88.57,-88.46,0.0,0.0,0.0,0.0,0.0,0.0,-0.4,1.0,1.0,0.0,0.0,-0.0,-0.0,0.0,0.0,0.0,0.0,0.0,0.0,0.0,0.0,167.0,93.0,107.0,161.0,18.0,7.0,12.0,54.0,15.0,6.0,0.0
146.303,53,168127.0,755.0,87.0,600.0,623.0,0.0,1.0,0.0,0.0,0.614,0.02,0.5,0.519,0.622,0.037,0.508,0.535,0.0,0.0,-1.76,-5.4,-88.57,-88.46,0.0,0.0,0.0,0.0,0.0,0.0,-0.4,1.0,1.0,0.0,0.0,-0.0,-0.0,0.0,0.0,0.0,0.0,0.0,0.0,0.0,0.0,167.0,93.0,107.0,161.0,18.0,7.0,12.0,54.0,15.0,6.0,0.0
146.379,52,168179.0,755.0,87.0,600.0,623.0,0.0,1.0,0.0,0.0,0.613,0.02,0.5,0.519,0.621,0.037,0.508,0.535,0.0,0.0,-1.76,-5.4,-88.57,-88.46,0.0,0.0,0.0,0.0,0.0,0.0,-0.4,1.0,1.0,0.0,0.0,-0.0,-0.0,0.0,0.0,0.0,0.0,0.0,0.0,0.0,0.0,167.0,93.0,107.0,161.0,18.0,7.0,12.0,54.0,15.0,6.0,0.0
146.412,53,168232.0,756.0,87.0,600.0,623.0,0.0,1.0,0.0,0.0,0.613,0.02,0.5,0.519,0.621,0.037,0.508,0.535,0.0,0.0,-1.76,-5.4,-88.57,-88.46,0.0,0.0,0.0,0.0,0.0,0.0,-0.4,1.0,1.0,0.0,0.0,-0.0,-0.0,0.0,0.0,0.0,0.0,0.0,0.0,0.0,0.0,167.0,93.0,107.0,161.0,18.0,7.0,12.0,54.0,15.0,6.0,0.0
146.48,51,168283.0,756.0,86.0,600.0,623.0,0.0,1.0,0.0,0.0,0.613,0.02,0.5,0.519,0.621,0.037,0.508,0.535,0.0,0.0,-1.77,-5.4,-88.57,-88.46,0.0,0.0,0.0,0.0,0.0,0.0,-0.4,1.0,1.0,0.0,0.0,-0.0,-0.0,0.0,0.0,0.0,0.0,0.0,0.0,0.0,0.0,167.0,93.0,107.0,161.0,18.0,7.0,12.0,54.0,15.0,6.0,0.0
146.513,53,168336.0,756.0,86.0,600.0,623.0,0.0,1.0,0.0,0.0,0.613,0.02,0.5,0.519,0.621,0.037,0.508,0.535,0.0,0.0,-1.77,-5.4,-88.57,-88.46,0.0,0.0,0.0,0.0,0.0,0.0,-0.4,1.0,1.0,0.0,0.0,-0.0,-0.0,0.0,0.0,0.0,0.0,0.0,0.0,0.0,0.0,167.0,93.0,107.0,161.0,18.0,7.0,12.0,54.0,15.0,6.0,0.0
146.579,54,168390.0,756.0,86.0,600.0,621.0,0.0,1.0,0.0,0.0,0.613,0.02,0.5,0.518,0.621,0.037,0.508,0.534,0.0,0.0,-1.77,-5.4,-88.57,-88.46,0.0,0.0,0.0,0.0,0.0,0.0,-0.4,1.0,1.0,0.0,0.0,-0.0,-0.0,0.0,0.0,0.0,0.0,0.0,0.0,0.0,0.0,167.0,93.0,107.0,161.0,18.0,7.0,12.0,54.0,15.0,6.0,0.0
146.645,54,168444.0,750.0,86.0,600.0,621.0,0.0,1.0,0.0,0.0,0.613,0.02,0.5,0.518,0.621,0.037,0.508,0.534,0.0,0.0,-1.77,-5.4,-88.57,-88.46,0.0,0.0,0.0,0.0,0.0,0.0,-0.4,1.0,1.0,0.0,0.0,-0.0,-0.0,0.0,0.0,0.0,0.0,0.0,0.0,0.0,0.0,167.0,93.0,107.0,161.0,18.0,7.0,12.0,54.0,15.0,6.0,0.0
146.678,53,168497.0,750.0,87.0,600.0,621.0,0.0,1.0,0.0,0.0,0.613,0.02,0.5,0.518,0.621,0.037,0.508,0.534,0.0,0.0,-1.77,-5.4,-88.57,-88.46,0.0,0.0,0.0,0.0,0.0,0.0,-0.4,1.0,1.0,0.0,0.0,-0.0,-0.0,0.0,0.0,0.0,0.0,0.0,0.0,0.0,0.0,167.0,93.0,107.0,161.0,18.0,7.0,12.0,54.0,15.0,6.0,1.0
146.747,53,168550.0,750.0,87.0,600.0,621.0,0.0,1.0,0.0,0.0,0.613,0.02,0.5,0.518,0.621,0.037,0.508,0.534,0.0,0.0,-1.77,-5.4,-88.57,-88.46,0.0,0.0,0.0,0.0,0.0,0.0,-0.4,1.0,1.0,0.0,0.0,-0.0,-0.0,0.0,0.0,0.0,0.0,0.0,0.0,0.0,0.0,167.0,93.0,107.0,161.0,18.0,7.0,12.0,54.0,15.0,6.0,0.0
146.78,53,168603.0,750.0,87.0,600.0,622.0,0.0,1.0,0.0,0.0,0.611,0.02,0.5,0.518,0.619,0.037,0.508,0.534,0.0,0.0,-1.77,-5.4,-88.57,-88.46,0.0,0.0,0.0,0.0,0.0,0.0,-0.4,1.0,1.0,0.0,0.0,-0.0,-0.0,0.0,0.0,0.0,0.0,0.0,0.0,0.0,0.0,167.0,93.0,107.0,161.0,18.0,7.0,12.0,54.0,15.0,6.0,1.0
146.846,53,168656.0,750.0,87.0,600.0,622.0,0.0,1.0,0.0,0.0,0.611,0.02,0.5,0.518,0.619,0.037,0.508,0.534,0.0,0.0,-1.77,-5.4,-88.57,-88.46,0.0,0.0,0.0,0.0,0.0,0.0,-0.4,1.0,1.0,0.0,0.0,-0.0,-0.0,0.0,0.0,0.0,0.0,0.0,0.0,0.0,0.0,167.0,93.0,107.0,161.0,18.0,7.0,12.0,54.0,15.0,6.0,0.0
146.914,52,168708.0,750.0,85.0,600.0,622.0,0.0,1.0,0.0,0.0,0.611,0.02,0.5,0.518,0.619,0.037,0.508,0.534,0.0,0.0,-1.78,-5.4,-88.57,-88.46,0.0,0.0,0.0,0.0,0.0,0.0,-0.4,1.0,1.0,0.0,0.0,-0.0,-0.0,0.0,0.0,0.0,0.0,0.0,0.0,0.0,0.0,167.0,93.0,107.0,161.0,18.0,7.0,12.0,54.0,15.0,6.0,0.0
146.955,52,168760.0,750.0,85.0,600.0,622.0,0.0,1.0,0.0,0.0,0.611,0.02,0.5,0.518,0.619,0.037,0.508,0.534,0.0,0.0,-1.78,-5.4,-88.57,-88.46,0.0,0.0,0.0,0.0,0.0,0.0,-0.4,1.0,1.0,0.0,0.0,-0.0,-0.0,0.0,0.0,0.0,0.0,0.0,0.0,0.0,0.0,167.0,93.0,107.0,161.0,18.0,7.0,12.0,54.0,15.0,6.0,0.0
146.988,52,168812.0,750.0,85.0,600.0,622.0,0.0,1.0,0.0,0.0,0.611,0.02,0.5,0.518,0.619,0.036,0.508,0.534,0.0,0.0,-1.77,-5.4,-88.57,-88.46,0.0,0.0,0.0,0.0,0.0,0.0,-0.4,1.0,1.0,0.0,0.0,-0.0,-0.0,0.0,0.0,0.0,0.0,0.0,0.0,0.0,0.0,167.0,93.0,107.0,161.0,18.0,7.0,12.0,54.0,15.0,6.0,0.0
147.052,54,168866.0,751.0,85.0,600.0,622.0,0.0,1.0,0.0,0.0,0.611,0.02,0.5,0.518,0.619,0.036,0.508,0.534,0.0,0.0,-1.76,-5.4,-88.56,-88.46,0.0,0.0,0.0,0.0,0.0,0.0,-0.4,1.0,1.0,0.0,0.0,-0.0,-0.0,0.0,0.0,0.0,0.0,0.0,0.0,0.0,0.0,167.0,93.0,107.0,161.0,18.0,7.0,12.0,54.0,15.0,6.0,0.0
147.117,54,168920.0,751.0,85.0,600.0,622.0,0.0,1.0,0.0,0.0,0.611,0.02,0.5,0.518,0.619,0.036,0.508,0.534,0.0,0.0,-1.76,-5.4,-88.56,-88.46,0.0,0.0,0.0,0.0,0.0,0.0,-0.4,1.0,1.0,0.0,0.0,-0.0,-0.0,0.0,0.0,0.0,0.0,0.0,0.0,0.0,0.0,167.0,93.0,107.0,161.0,18.0,7.0,12.0,54.0,15.0,6.0,0.0
147.15,52,168972.0,751.0,85.0,600.0,622.0,0.0,1.0,0.0,0.0,0.611,0.02,0.5,0.518,0.619,0.036,0.508,0.534,0.0,0.0,-1.77,-5.4,-88.56,-88.46,0.0,0.0,0.0,0.0,0.0,0.0,-0.4,1.0,1.0,0.0,0.0,-0.0,-0.0,0.0,0.0,0.0,0.0,0.0,0.0,0.0,0.0,167.0,93.0,107.0,161.0,18.0,7.0,12.0,54.0,15.0,6.0,0.0
147.214,52,169024.0,751.0,85.0,600.0,621.0,0.0,1.0,0.0,0.0,0.61,0.02,0.5,0.518,0.618,0.036,0.508,0.534,0.0,0.0,-1.77,-5.4,-88.56,-88.46,0.0,0.0,0.0,0.0,0.0,0.0,-0.4,1.0,1.0,0.0,0.0,-0.0,-0.0,0.0,0.0,0.0,0.0,0.0,0.0,0.0,0.0,167.0,93.0,107.0,161.0,18.0,7.0,12.0,54.0,15.0,6.0,1.0
147.278,53,169077.0,742.0,85.0,600.0,621.0,0.0,1.0,0.0,0.0,0.61,0.02,0.5,0.518,0.618,0.036,0.508,0.534,0.0,0.0,-1.78,-5.4,-88.56,-88.46,0.0,0.0,0.0,0.0,0.0,0.0,-0.4,1.0,1.0,0.0,0.0,-0.0,-0.0,0.0,0.0,0.0,0.0,0.0,0.0,0.0,0.0,167.0,93.0,107.0,161.0,18.0,7.0,12.0,54.0,15.0,6.0,0.0
147.311,53,169130.0,742.0,86.0,600.0,621.0,0.0,1.0,0.0,0.0,0.61,0.02,0.5,0.518,0.618,0.036,0.508,0.534,0.0,0.0,-1.78,-5.4,-88.56,-88.46,0.0,0.0,0.0,0.0,0.0,0.0,-0.4,1.0,1.0,0.0,0.0,-0.0,-0.0,0.0,0.0,0.0,0.0,0.0,0.0,0.0,0.0,167.0,93.0,107.0,161.0,18.0,7.0,12.0,54.0,15.0,6.0,0.0
147.378,52,169182.0,742.0,86.0,600.0,621.0,0.0,1.0,0.0,0.0,0.61,0.02,0.5,0.518,0.618,0.036,0.508,0.534,0.0,0.0,-1.78,-5.41,-88.56,-88.46,0.0,0.0,0.0,0.0,0.0,0.0,-0.4,1.0,1.0,0.0,0.0,-0.0,-0.0,0.0,0.0,0.0,0.0,0.0,0.0,0.0,0.0,167.0,93.0,107.0,161.0,18.0,7.0,12.0,54.0,15.0,6.0,1.0
147.41,53,169235.0,742.0,86.0,600.0,622.0,0.0,1.0,0.0,0.0,0.607,0.02,0.5,0.518,0.616,0.036,0.508,0.534,0.0,0.0,-1.78,-5.4,-88.56,-88.46,0.0,0.0,0.0,0.0,0.0,0.0,-0.4,1.0,1.0,0.0,0.0,-0.0,-0.0,0.0,0.0,0.0,0.0,0.0,0.0,0.0,0.0,167.0,93.0,107.0,161.0,18.0,7.0,12.0,54.0,15.0,6.0,0.0
147.473,54,169289.0,730.0,86.0,600.0,622.0,0.0,1.0,0.0,0.0,0.607,0.02,0.5,0.518,0.616,0.036,0.508,0.534,0.0,0.0,-1.78,-5.39,-88.57,-88.46,0.0,0.0,0.0,0.0,0.0,0.0,-0.4,1.0,1.0,0.0,0.0,-0.0,-0.0,0.0,0.0,0.0,0.0,0.0,0.0,0.0,0.0,167.0,93.0,107.0,161.0,18.0,7.0,12.0,54.0,15.0,6.0,0.0
147.54,53,169342.0,730.0,86.0,600.0,622.0,0.0,1.0,0.0,0.0,0.607,0.02,0.5,0.518,0.616,0.036,0.508,0.534,0.0,0.0,-1.78,-5.39,-88.56,-88.46,0.0,0.0,0.0,0.0,0.0,0.0,-0.4,1.0,1.0,0.0,0.0,-0.0,-0.0,0.0,0.0,0.0,0.0,0.0,0.0,0.0,0.0,167.0,93.0,107.0,161.0,18.0,7.0,12.0,54.0,15.0,6.0,0.0
147.573,52,169394.0,730.0,86.0,600.0,622.0,0.0,1.0,0.0,0.0,0.607,0.02,0.5,0.518,0.616,0.036,0.508,0.534,0.0,0.0,-1.78,-5.39,-88.56,-88.46,0.0,0.0,0.0,0.0,0.0,0.0,-0.4,1.0,1.0,0.0,0.0,-0.0,-0.0,0.0,0.0,0.0,0.0,0.0,0.0,0.0,0.0,167.0,93.0,107.0,161.0,18.0,7.0,12.0,54.0,15.0,6.0,1.0
147.637,53,169447.0,730.0,86.0,600.0,622.0,0.0,1.0,0.0,0.0,0.602,0.02,0.5,0.518,0.61,0.036,0.508,0.534,0.0,0.0,-1.78,-5.39,-88.56,-88.46,0.0,0.0,0.0,0.0,0.0,0.0,-0.4,1.0,1.0,0.0,0.0,-0.0,-0.0,0.0,0.0,0.0,0.0,0.0,0.0,0.0,0.0,167.0,93.0,107.0,161.0,18.0,7.0,12.0,54.0,15.0,6.0,0.0
147.702,53,169500.0,732.0,86.0,600.0,622.0,0.0,1.0,0.0,0.0,0.602,0.02,0.5,0.518,0.61,0.036,0.508,0.534,0.0,0.0,-1.78,-5.39,-88.56,-88.46,0.0,0.0,0.0,0.0,0.0,0.0,-0.4,1.0,1.0,0.0,0.0,-0.0,-0.0,0.0,0.0,0.0,0.0,0.0,0.0,0.0,0.0,167.0,93.0,107.0,161.0,18.0,7.0,12.0,54.0,15.0,6.0,0.0
147.736,53,169553.0,732.0,86.0,600.0,622.0,0.0,1.0,0.0,0.0,0.602,0.02,0.5,0.518,0.61,0.036,0.508,0.534,0.0,0.0,-1.78,-5.39,-88.56,-88.46,0.0,0.0,0.0,0.0,0.0,0.0,-0.4,1.0,1.0,0.0,0.0,-0.0,-0.0,0.0,0.0,0.0,0.0,0.0,0.0,0.0,0.0,167.0,93.0,107.0,161.0,18.0,7.0,12.0,54.0,15.0,6.0,1.0
147.801,52,169605.0,732.0,86.0,600.0,622.0,0.0,1.0,0.0,0.0,0.602,0.02,0.5,0.518,0.61,0.036,0.508,0.534,0.0,0.0,-1.78,-5.39,-88.56,-88.46,0.0,0.0,0.0,0.0,0.0,0.0,-0.4,1.0,1.0,0.0,0.0,-0.0,-0.0,0.0,0.0,0.0,0.0,0.0,0.0,0.0,0.0,167.0,93.0,107.0,161.0,18.0,7.0,12.0,54.0,15.0,6.0,0.0
147.832,52,169657.0,732.0,86.0,600.0,622.0,0.0,1.0,0.0,0.0,0.6,0.02,0.5,0.518,0.608,0.036,0.508,0.534,0.0,0.0,-1.79,-5.39,-88.56,-88.46,0.0,0.0,0.0,0.0,0.0,0.0,-0.4,1.0,1.0,0.0,0.0,-0.0,-0.0,0.0,0.0,0.0,0.0,0.0,0.0,0.0,0.0,167.0,93.0,107.0,161.0,18.0,7.0,12.0,54.0,15.0,6.0,0.0
147.898,54,169711.0,730.0,86.0,600.0,622.0,0.0,1.0,0.0,0.0,0.6,0.02,0.5,0.518,0.608,0.036,0.508,0.534,0.0,0.0,-1.78,-5.38,-88.56,-88.46,0.0,0.0,0.0,0.0,0.0,0.0,-0.4,1.0,1.0,0.0,0.0,-0.0,-0.0,0.0,0.0,0.0,0.0,0.0,0.0,0.0,0.0,167.0,93.0,107.0,161.0,18.0,7.0,12.0,54.0,15.0,6.0,0.0
147.966,53,169764.0,730.0,86.0,600.0,622.0,0.0,1.0,0.0,0.0,0.6,0.02,0.5,0.518,0.608,0.036,0.508,0.534,0.0,0.0,-1.78,-5.38,-88.56,-88.46,0.0,0.0,0.0,0.0,0.0,0.0,-0.4,1.0,1.0,0.0,0.0,-0.0,-0.0,0.0,0.0,0.0,0.0,0.0,0.0,0.0,0.0,167.0,93.0,107.0,161.0,18.0,7.0,12.0,54.0,15.0,6.0,0.0
147.998,52,169816.0,730.0,86.0,600.0,622.0,0.0,1.0,0.0,0.0,0.6,0.02,0.5,0.518,0.608,0.036,0.508,0.534,0.0,0.0,-1.78,-5.38,-88.56,-88.46,0.0,0.0,0.0,0.0,0.0,0.0,-0.4,1.0,1.0,0.0,0.0,-0.0,-0.0,0.0,0.0,0.0,0.0,0.0,0.0,0.0,0.0,167.0,93.0,107.0,161.0,18.0,7.0,12.0,54.0,15.0,6.0,0.0
148.062,53,169869.0,730.0,86.0,600.0,624.0,0.0,1.0,0.0,0.0,0.598,0.02,0.5,0.519,0.607,0.036,0.508,0.535,0.0,0.0,-1.78,-5.37,-88.56,-88.46,0.0,0.0,0.0,0.0,0.0,0.0,-0.4,1.0,1.0,0.0,0.0,-0.0,-0.0,0.0,0.0,0.0,0.0,0.0,0.0,0.0,0.0,167.0,93.0,107.0,161.0,18.0,7.0,12.0,54.0,15.0,6.0,0.0
148.13,53,169922.0,732.0,86.0,600.0,624.0,0.0,1.0,0.0,0.0,0.598,0.02,0.5,0.519,0.607,0.036,0.508,0.535,0.0,0.0,-1.78,-5.37,-88.56,-88.46,0.0,0.0,0.0,0.0,0.0,0.0,-0.4,1.0,1.0,0.0,0.0,-0.0,-0.0,0.0,0.0,0.0,0.0,0.0,0.0,0.0,0.0,167.0,93.0,107.0,161.0,18.0,7.0,12.0,54.0,15.0,6.0,1.0
148.165,53,169975.0,732.0,87.0,600.0,624.0,0.0,1.0,0.0,0.0,0.598,0.02,0.5,0.519,0.607,0.036,0.508,0.535,0.0,0.0,-1.78,-5.37,-88.56,-88.46,0.0,0.0,0.0,0.0,0.0,0.0,-0.4,1.0,1.0,0.0,0.0,-0.0,-0.0,0.0,0.0,0.0,0.0,0.0,0.0,0.0,0.0,167.0,93.0,107.0,161.0,18.0,7.0,12.0,54.0,15.0,6.0,0.0
148.232,52,170027.0,732.0,87.0,600.0,624.0,0.0,1.0,0.0,0.0,0.598,0.02,0.5,0.519,0.607,0.036,0.508,0.535,0.0,0.0,-1.78,-5.36,-88.56,-88.46,0.0,0.0,0.0,0.0,0.0,0.0,-0.4,1.0,1.0,0.0,0.0,-0.0,-0.0,0.0,0.0,0.0,0.0,0.0,0.0,0.0,0.0,167.0,93.0,107.0,161.0,18.0,7.0,12.0,54.0,15.0,6.0,0.0
148.266,53,170080.0,732.0,87.0,600.0,622.0,0.0,1.0,0.0,0.0,0.598,0.02,0.5,0.518,0.606,0.037,0.508,0.535,0.0,0.0,-1.78,-5.36,-88.56,-88.46,0.0,0.0,0.0,0.0,0.0,0.0,-0.4,1.0,1.0,0.0,0.0,-0.0,-0.0,0.0,0.0,0.0,0.0,0.0,0.0,0.0,0.0,167.0,93.0,107.0,161.0,18.0,7.0,12.0,54.0,15.0,6.0,0.0
148.332,54,170134.0,743.0,87.0,600.0,622.0,0.0,1.0,0.0,0.0,0.598,0.02,0.5,0.518,0.606,0.037,0.508,0.535,0.0,0.0,-1.78,-5.37,-88.56,-88.46,0.0,0.0,0.0,0.0,0.0,0.0,-0.4,1.0,1.0,0.0,0.0,-0.0,-0.0,0.0,0.0,0.0,0.0,0.0,0.0,0.0,0.0,167.0,93.0,107.0,161.0,18.0,7.0,12.0,54.0,15.0,6.0,1.0
148.366,53,170187.0,743.0,87.0,600.0,622.0,0.0,1.0,0.0,0.0,0.598,0.02,0.5,0.518,0.606,0.037,0.508,0.535,0.0,0.0,-1.78,-5.37,-88.56,-88.46,0.0,0.0,0.0,0.0,0.0,0.0,-0.4,1.0,1.0,0.0,0.0,-0.0,-0.0,0.0,0.0,0.0,0.0,0.0,0.0,0.0,0.0,167.0,93.0,107.0,161.0,18.0,7.0,12.0,54.0,15.0,6.0,0.0
148.432,52,170239.0,743.0,87.0,600.0,622.0,0.0,1.0,0.0,0.0,0.598,0.02,0.5,0.518,0.606,0.037,0.508,0.535,0.0,0.0,-1.78,-5.37,-88.56,-88.46,0.0,0.0,0.0,0.0,0.0,0.0,-0.4,1.0,1.0,0.0,0.0,-0.0,-0.0,0.0,0.0,0.0,0.0,0.0,0.0,0.0,0.0,167.0,93.0,107.0,161.0,18.0,7.0,12.0,54.0,15.0,6.0,0.0
148.466,53,170292.0,743.0,87.0,600.0,623.0,0.0,1.0,0.0,0.0,0.602,0.021,0.5,0.519,0.609,0.037,0.508,0.535,0.0,0.0,-1.77,-5.37,-88.56,-88.46,0.0,0.0,0.0,0.0,0.0,0.0,-0.4,1.0,1.0,0.0,0.0,-0.0,-0.0,0.0,0.0,0.0,0.0,0.0,0.0,0.0,0.0,167.0,93.0,107.0,161.0,18.0,7.0,12.0,54.0,15.0,6.0,1.0
148.541,53,170345.0,745.0,87.0,600.0,623.0,0.0,1.0,0.0,0.0,0.602,0.021,0.5,0.519,0.609,0.037,0.508,0.535,0.0,0.0,-1.77,-5.37,-88.56,-88.46,0.0,0.0,0.0,0.0,0.0,0.0,-0.4,1.0,1.0,0.0,0.0,-0.0,-0.0,0.0,0.0,0.0,0.0,0.0,0.0,0.0,0.0,167.0,93.0,107.0,161.0,18.0,7.0,12.0,54.0,15.0,6.0,0.0
148.573,53,170398.0,745.0,87.0,600.0,623.0,0.0,1.0,0.0,0.0,0.602,0.021,0.5,0.519,0.609,0.037,0.508,0.535,0.0,0.0,-1.77,-5.37,-88.56,-88.46,0.0,0.0,0.0,0.0,0.0,0.0,-0.4,1.0,1.0,0.0,0.0,-0.0,-0.0,0.0,0.0,0.0,0.0,0.0,0.0,0.0,0.0,167.0,93.0,107.0,161.0,18.0,7.0,12.0,54.0,15.0,6.0,0.0
148.639,53,170451.0,745.0,87.0,600.0,623.0,0.0,1.0,0.0,0.0,0.602,0.021,0.5,0.519,0.609,0.037,0.508,0.535,0.0,0.0,-1.77,-5.38,-88.56,-88.46,0.0,0.0,0.0,0.0,0.0,0.0,-0.4,1.0,1.0,0.0,0.0,-0.0,-0.0,0.0,0.0,0.0,0.0,0.0,0.0,0.0,0.0,167.0,93.0,107.0,161.0,18.0,7.0,12.0,54.0,15.0,6.0,0.0
148.705,53,170504.0,745.0,87.0,600.0,624.0,0.0,1.0,0.0,0.0,0.604,0.021,0.5,0.519,0.612,0.037,0.508,0.535,0.0,0.0,-1.77,-5.38,-88.56,-88.46,0.0,0.0,0.0,0.0,0.0,0.0,-0.4,1.0,1.0,0.0,0.0,-0.0,-0.0,0.0,0.0,0.0,0.0,0.0,0.0,0.0,0.0,167.0,93.0,107.0,161.0,18.0,7.0,12.0,54.0,15.0,6.0,0.0
148.739,54,170558.0,746.0,87.0,600.0,624.0,0.0,1.0,0.0,0.0,0.604,0.021,0.5,0.519,0.612,0.037,0.508,0.535,0.0,0.0,-1.77,-5.38,-88.56,-88.46,0.0,0.0,0.0,0.0,0.0,0.0,-0.4,1.0,1.0,0.0,0.0,-0.0,-0.0,0.0,0.0,0.0,0.0,0.0,0.0,0.0,0.0,167.0,93.0,107.0,161.0,18.0,7.0,12.0,54.0,15.0,6.0,0.0
148.805,53,170611.0,746.0,87.0,600.0,624.0,0.0,1.0,0.0,0.0,0.604,0.021,0.5,0.519,0.612,0.037,0.508,0.535,0.0,0.0,-1.76,-5.38,-88.56,-88.46,0.0,0.0,0.0,0.0,0.0,0.0,-0.4,1.0,1.0,0.0,0.0,-0.0,-0.0,0.0,0.0,0.0,0.0,0.0,0.0,0.0,0.0,167.0,93.0,107.0,161.0,18.0,7.0,12.0,54.0,15.0,6.0,0.0
148.838,52,170663.0,746.0,87.0,600.0,624.0,0.0,1.0,0.0,0.0,0.604,0.021,0.5,0.519,0.612,0.037,0.508,0.535,0.0,0.0,-1.76,-5.38,-88.56,-88.46,0.0,0.0,0.0,0.0,0.0,0.0,-0.4,1.0,1.0,0.0,0.0,-0.0,-0.0,0.0,0.0,0.0,0.0,0.0,0.0,0.0,0.0,167.0,93.0,107.0,161.0,18.0,7.0,12.0,54.0,15.0,6.0,0.0
148.904,52,170715.0,746.0,87.0,600.0,625.0,0.0,1.0,0.0,0.0,0.606,0.021,0.5,0.52,0.613,0.037,0.508,0.536,0.0,0.0,-1.76,-5.38,-88.56,-88.46,0.0,0.0,0.0,0.0,0.0,0.0,-0.4,1.0,1.0,0.0,0.0,-0.0,-0.0,0.0,0.0,0.0,0.0,0.0,0.0,0.0,0.0,167.0,93.0,107.0,161.0,18.0,7.0,12.0,54.0,15.0,6.0,0.0
148.97,53,170768.0,752.0,87.0,600.0,625.0,0.0,1.0,0.0,0.0,0.606,0.021,0.5,0.52,0.613,0.037,0.508,0.536,0.0,0.0,-1.76,-5.38,-88.56,-88.46,0.0,0.0,0.0,0.0,0.0,0.0,-0.4,1.0,1.0,0.0,0.0,-0.0,-0.0,0.0,0.0,0.0,0.0,0.0,0.0,0.0,0.0,167.0,93.0,107.0,161.0,18.0,7.0,12.0,54.0,15.0,6.0,0.0
149.002,52,170820.0,752.0,87.0,600.0,625.0,0.0,1.0,0.0,0.0,0.606,0.021,0.5,0.52,0.613,0.037,0.508,0.536,0.0,0.0,-1.76,-5.38,-88.56,-88.46,0.0,0.0,0.0,0.0,0.0,0.0,-0.4,1.0,1.0,0.0,0.0,-0.0,-0.0,0.0,0.0,0.0,0.0,0.0,0.0,0.0,0.0,167.0,93.0,107.0,161.0,18.0,7.0,12.0,54.0,15.0,6.0,0.0
149.065,53,170873.0,752.0,87.0,600.0,625.0,0.0,1.0,0.0,0.0,0.606,0.021,0.5,0.52,0.613,0.037,0.508,0.536,0.0,0.0,-1.76,-5.39,-88.56,-88.46,0.0,0.0,0.0,0.0,0.0,0.0,-0.4,1.0,1.0,0.0,0.0,-0.0,-0.0,0.0,0.0,0.0,0.0,0.0,0.0,0.0,0.0,167.0,93.0,107.0,161.0,18.0,7.0,12.0,54.0,15.0,6.0,0.0
149.096,52,170925.0,752.0,87.0,600.0,622.0,0.0,1.0,0.0,0.0,0.609,0.02,0.5,0.519,0.616,0.037,0.508,0.535,0.0,0.0,-1.76,-5.39,-88.56,-88.46,0.0,0.0,0.0,0.0,0.0,0.0,-0.4,1.0,1.0,0.0,0.0,-0.0,-0.0,0.0,0.0,0.0,0.0,0.0,0.0,0.0,0.0,167.0,93.0,107.0,161.0,18.0,7.0,12.0,54.0,15.0,6.0,1.0
149.162,54,170979.0,753.0,87.0,600.0,622.0,0.0,1.0,0.0,0.0,0.609,0.02,0.5,0.519,0.616,0.037,0.508,0.535,0.0,0.0,-1.76,-5.39,-88.56,-88.46,0.0,0.0,0.0,0.0,0.0,0.0,-0.4,1.0,1.0,0.0,0.0,-0.0,-0.0,0.0,0.0,0.0,0.0,0.0,0.0,0.0,0.0,167.0,93.0,107.0,161.0,18.0,7.0,12.0,54.0,15.0,6.0,0.0
149.227,52,171031.0,753.0,86.0,600.0,622.0,0.0,1.0,0.0,0.0,0.609,0.02,0.5,0.519,0.616,0.037,0.508,0.535,0.0,0.0,-1.76,-5.39,-88.56,-88.46,0.0,0.0,0.0,0.0,0.0,0.0,-0.4,1.0,1.0,0.0,0.0,-0.0,-0.0,0.0,0.0,0.0,0.0,0.0,0.0,0.0,0.0,167.0,93.0,107.0,161.0,18.0,7.0,12.0,54.0,15.0,6.0,0.0
149.259,53,171084.0,753.0,86.0,600.0,622.0,0.0,1.0,0.0,0.0,0.609,0.02,0.5,0.519,0.616,0.037,0.508,0.535,0.0,0.0,-1.76,-5.39,-88.56,-88.46,0.0,0.0,0.0,0.0,0.0,0.0,-0.4,1.0,1.0,0.0,0.0,-0.0,-0.0,0.0,0.0,0.0,0.0,0.0,0.0,0.0,0.0,167.0,93.0,107.0,161.0,18.0,7.0,12.0,54.0,15.0,6.0,0.0
149.324,52,171136.0,753.0,86.0,600.0,622.0,0.0,1.0,0.0,0.0,0.61,0.02,0.5,0.518,0.618,0.037,0.508,0.535,0.0,0.0,-1.76,-5.39,-88.56,-88.46,0.0,0.0,0.0,0.0,0.0,0.0,-0.4,1.0,1.0,0.0,0.0,-0.0,-0.0,0.0,0.0,0.0,0.0,0.0,0.0,0.0,0.0,167.0,93.0,107.0,161.0,18.0,7.0,12.0,54.0,15.0,6.0,0.0
149.39,53,171189.0,752.0,86.0,600.0,622.0,0.0,1.0,0.0,0.0,0.61,0.02,0.5,0.518,0.618,0.037,0.508,0.535,0.0,0.0,-1.76,-5.39,-88.56,-88.46,0.0,0.0,0.0,0.0,0.0,0.0,-0.4,1.0,1.0,0.0,0.0,-0.0,-0.0,0.0,0.0,0.0,0.0,0.0,0.0,0.0,0.0,167.0,93.0,107.0,161.0,18.0,7.0,12.0,54.0,15.0,6.0,0.0
149.423,52,171241.0,752.0,85.0,600.0,622.0,0.0,1.0,0.0,0.0,0.61,0.02,0.5,0.518,0.618,0.037,0.508,0.535,0.0,0.0,-1.76,-5.38,-88.56,-88.46,0.0,0.0,0.0,0.0,0.0,0.0,-0.4,1.0,1.0,0.0,0.0,-0.0,-0.0,0.0,0.0,0.0,0.0,0.0,0.0,0.0,0.0,167.0,93.0,107.0,161.0,18.0,7.0,12.0,54.0,15.0,6.0,0.0
149.491,53,171294.0,752.0,85.0,600.0,622.0,0.0,1.0,0.0,0.0,0.61,0.02,0.5,0.518,0.618,0.037,0.508,0.535,0.0,0.0,-1.76,-5.38,-88.56,-88.46,0.0,0.0,0.0,0.0,0.0,0.0,-0.4,1.0,1.0,0.0,0.0,-0.0,-0.0,0.0,0.0,0.0,0.0,0.0,0.0,0.0,0.0,167.0,93.0,107.0,161.0,18.0,7.0,12.0,54.0,15.0,6.0,0.0
149.53,52,171346.0,752.0,85.0,600.0,621.0,0.0,1.0,0.0,0.0,0.611,0.02,0.5,0.518,0.618,0.036,0.508,0.534,0.0,0.0,-1.76,-5.38,-88.56,-88.46,0.0,0.0,0.0,0.0,0.0,0.0,-0.4,1.0,1.0,0.0,0.0,-0.0,-0.0,0.0,0.0,0.0,0.0,0.0,0.0,0.0,0.0,167.0,93.0,107.0,161.0,18.0,7.0,12.0,54.0,15.0,6.0,0.0
149.597,54,171400.0,756.0,85.0,600.0,621.0,0.0,1.0,0.0,0.0,0.611,0.02,0.5,0.518,0.618,0.036,0.508,0.534,0.0,0.0,-1.76,-5.38,-88.56,-88.46,0.0,0.0,0.0,0.0,0.0,0.0,-0.4,1.0,1.0,0.0,0.0,-0.0,-0.0,0.0,0.0,0.0,0.0,0.0,0.0,0.0,0.0,167.0,93.0,107.0,161.0,18.0,7.0,12.0,54.0,15.0,6.0,0.0
149.629,52,171452.0,756.0,85.0,600.0,621.0,0.0,1.0,0.0,0.0,0.611,0.02,0.5,0.518,0.618,0.036,0.508,0.534,0.0,0.0,-1.76,-5.38,-88.56,-88.46,0.0,0.0,0.0,0.0,0.0,0.0,-0.4,1.0,1.0,0.0,0.0,-0.0,-0.0,0.0,0.0,0.0,0.0,0.0,0.0,0.0,0.0,167.0,93.0,107.0,161.0,18.0,7.0,12.0,54.0,15.0,6.0,0.0
149.695,53,171505.0,756.0,85.0,600.0,621.0,0.0,1.0,0.0,0.0,0.611,0.02,0.5,0.518,0.618,0.036,0.508,0.534,0.0,0.0,-1.76,-5.38,-88.56,-88.46,0.0,0.0,0.0,0.0,0.0,0.0,-0.4,1.0,1.0,0.0,0.0,-0.0,-0.0,0.0,0.0,0.0,0.0,0.0,0.0,0.0,0.0,167.0,93.0,107.0,161.0,18.0,7.0,12.0,54.0,15.0,6.0,0.0
149.738,52,171557.0,756.0,85.0,600.0,621.0,0.0,1.0,0.0,0.0,0.612,0.02,0.5,0.518,0.62,0.036,0.508,0.534,0.0,0.0,-1.76,-5.38,-88.56,-88.46,0.0,0.0,0.0,0.0,0.0,0.0,-0.4,1.0,1.0,0.0,0.0,-0.0,-0.0,0.0,0.0,0.0,0.0,0.0,0.0,0.0,0.0,167.0,93.0,107.0,161.0,18.0,7.0,12.0,54.0,15.0,6.0,0.0
149.804,53,171610.0,755.0,85.0,600.0,621.0,0.0,1.0,0.0,0.0,0.612,0.02,0.5,0.518,0.62,0.036,0.508,0.534,0.0,0.0,-1.75,-5.38,-88.56,-88.46,0.0,0.0,0.0,0.0,0.0,0.0,-0.4,1.0,1.0,0.0,0.0,-0.0,-0.0,0.0,0.0,0.0,0.0,0.0,0.0,0.0,0.0,167.0,93.0,107.0,161.0,18.0,7.0,12.0,54.0,15.0,6.0,0.0
149.837,52,171662.0,755.0,85.0,600.0,621.0,0.0,1.0,0.0,0.0,0.612,0.02,0.5,0.518,0.62,0.036,0.508,0.534,0.0,0.0,-1.75,-5.38,-88.56,-88.46,0.0,0.0,0.0,0.0,0.0,0.0,-0.4,1.0,1.0,0.0,0.0,-0.0,-0.0,0.0,0.0,0.0,0.0,0.0,0.0,0.0,0.0,167.0,93.0,107.0,161.0,18.0,7.0,12.0,54.0,15.0,6.0,0.0
149.902,53,171715.0,755.0,85.0,600.0,621.0,0.0,1.0,0.0,0.0,0.612,0.02,0.5,0.518,0.62,0.036,0.508,0.534,0.0,0.0,-1.75,-5.38,-88.56,-88.46,0.0,0.0,0.0,0.0,0.0,0.0,-0.4,1.0,1.0,0.0,0.0,-0.0,-0.0,0.0,0.0,0.0,0.0,0.0,0.0,0.0,0.0,167.0,93.0,107.0,161.0,18.0,7.0,12.0,54.0,15.0,6.0,0.0
149.968,52,171767.0,755.0,85.0,600.0,621.0,0.0,1.0,0.0,0.0,0.613,0.02,0.5,0.517,0.621,0.036,0.508,0.534,0.0,0.0,-1.75,-5.38,-88.56,-88.46,0.0,0.0,0.0,0.0,0.0,0.0,-0.4,1.0,1.0,0.0,0.0,-0.0,-0.0,0.0,0.0,0.0,0.0,0.0,0.0,0.0,0.0,167.0,93.0,107.0,161.0,18.0,7.0,12.0,54.0,15.0,6.0,0.0
150.001,54,171821.0,744.0,85.0,600.0,621.0,0.0,1.0,0.0,0.0,0.613,0.02,0.5,0.517,0.621,0.036,0.508,0.534,0.0,0.0,-1.76,-5.39,-88.56,-88.46,0.0,0.0,0.0,0.0,0.0,0.0,-0.4,1.0,1.0,0.0,0.0,-0.0,-0.0,0.0,0.0,0.0,0.0,0.0,0.0,0.0,0.0,167.0,93.0,107.0,161.0,18.0,7.0,12.0,54.0,15.0,6.0,0.0
150.067,52,171873.0,744.0,85.0,600.0,621.0,0.0,1.0,0.0,0.0,0.613,0.02,0.5,0.517,0.621,0.036,0.508,0.534,0.0,0.0,-1.75,-5.38,-88.56,-88.46,0.0,0.0,0.0,0.0,0.0,0.0,-0.4,1.0,1.0,0.0,0.0,-0.0,-0.0,0.0,0.0,0.0,0.0,0.0,0.0,0.0,0.0,167.0,93.0,107.0,161.0,18.0,7.0,12.0,54.0,15.0,6.0,0.0
150.099,53,171926.0,744.0,85.0,600.0,621.0,0.0,1.0,0.0,0.0,0.613,0.02,0.5,0.517,0.621,0.036,0.508,0.534,0.0,0.0,-1.75,-5.38,-88.56,-88.46,0.0,0.0,0.0,0.0,0.0,0.0,-0.4,1.0,1.0,0.0,0.0,-0.0,-0.0,0.0,0.0,0.0,0.0,0.0,0.0,0.0,0.0,167.0,93.0,107.0,161.0,18.0,7.0,12.0,54.0,15.0,6.0,0.0
150.165,52,171978.0,744.0,85.0,600.0,622.0,0.0,1.0,0.0,0.0,0.609,0.02,0.5,0.518,0.618,0.036,0.508,0.534,0.0,0.0,-1.75,-5.38,-88.56,-88.46,0.0,0.0,0.0,0.0,0.0,0.0,-0.4,1.0,1.0,0.0,0.0,-0.0,-0.0,0.0,0.0,0.0,0.0,0.0,0.0,0.0,0.0,167.0,93.0,107.0,161.0,18.0,7.0,12.0,54.0,15.0,6.0,1.0
150.231,53,172031.0,748.0,85.0,600.0,622.0,0.0,1.0,0.0,0.0,0.609,0.02,0.5,0.518,0.618,0.036,0.508,0.534,0.0,0.0,-1.75,-5.38,-88.56,-88.46,0.0,0.0,0.0,0.0,0.0,0.0,-0.4,1.0,1.0,0.0,0.0,-0.0,-0.0,0.0,0.0,0.0,0.0,0.0,0.0,0.0,0.0,167.0,93.0,107.0,161.0,18.0,7.0,12.0,54.0,15.0,6.0,0.0
150.264,52,172083.0,748.0,85.0,600.0,622.0,0.0,1.0,0.0,0.0,0.609,0.02,0.5,0.518,0.618,0.036,0.508,0.534,0.0,0.0,-1.75,-5.38,-88.56,-88.46,0.0,0.0,0.0,0.0,0.0,0.0,-0.4,1.0,1.0,0.0,0.0,-0.0,-0.0,0.0,0.0,0.0,0.0,0.0,0.0,0.0,0.0,167.0,93.0,107.0,161.0,18.0,7.0,12.0,54.0,15.0,6.0,1.0
150.344,53,172136.0,748.0,85.0,600.0,622.0,0.0,1.0,0.0,0.0,0.609,0.02,0.5,0.518,0.618,0.036,0.508,0.534,0.0,0.0,-1.75,-5.38,-88.56,-88.46,0.0,0.0,0.0,0.0,0.0,0.0,-0.4,1.0,1.0,0.0,0.0,-0.0,-0.0,0.0,0.0,0.0,0.0,0.0,0.0,0.0,0.0,167.0,93.0,107.0,161.0,18.0,7.0,12.0,54.0,15.0,6.0,0.0
150.377,52,172188.0,748.0,85.0,600.0,623.0,0.0,1.0,0.0,0.0,0.609,0.02,0.5,0.518,0.617,0.036,0.508,0.534,0.0,0.0,-1.76,-5.38,-88.56,-88.46,0.0,0.0,0.0,0.0,0.0,0.0,-0.4,1.0,1.0,0.0,0.0,-0.0,-0.0,0.0,0.0,0.0,0.0,0.0,0.0,0.0,0.0,167.0,93.0,107.0,161.0,18.0,7.0,12.0,54.0,15.0,6.0,0.0
150.441,54,172242.0,751.0,85.0,600.0,623.0,0.0,1.0,0.0,0.0,0.609,0.02,0.5,0.518,0.617,0.036,0.508,0.534,0.0,0.0,-1.76,-5.38,-88.56,-88.46,0.0,0.0,0.0,0.0,0.0,0.0,-0.4,1.0,1.0,0.0,0.0,-0.0,-0.0,0.0,0.0,0.0,0.0,0.0,0.0,0.0,0.0,167.0,93.0,107.0,161.0,18.0,7.0,12.0,54.0,15.0,6.0,0.0
150.472,52,172294.0,751.0,86.0,600.0,623.0,0.0,1.0,0.0,0.0,0.609,0.02,0.5,0.518,0.617,0.036,0.508,0.534,0.0,0.0,-1.76,-5.38,-88.56,-88.46,0.0,0.0,0.0,0.0,0.0,0.0,-0.4,1.0,1.0,0.0,0.0,-0.0,-0.0,0.0,0.0,0.0,0.0,0.0,0.0,0.0,0.0,167.0,93.0,107.0,161.0,18.0,7.0,12.0,54.0,15.0,6.0,0.0
150.545,52,172346.0,751.0,86.0,600.0,623.0,0.0,1.0,0.0,0.0,0.609,0.02,0.5,0.518,0.617,0.036,0.508,0.534,0.0,0.0,-1.77,-5.38,-88.56,-88.46,0.0,0.0,0.0,0.0,0.0,0.0,-0.4,1.0,1.0,0.0,0.0,-0.0,-0.0,0.0,0.0,0.0,0.0,0.0,0.0,0.0,0.0,167.0,93.0,107.0,161.0,18.0,7.0,12.0,54.0,15.0,6.0,1.0
150.578,53,172399.0,751.0,86.0,600.0,625.0,0.0,1.0,0.0,0.0,0.61,0.02,0.5,0.519,0.618,0.036,0.508,0.535,0.0,0.0,-1.77,-5.38,-88.56,-88.46,0.0,0.0,0.0,0.0,0.0,0.0,-0.4,1.0,1.0,0.0,0.0,-0.0,-0.0,0.0,0.0,0.0,0.0,0.0,0.0,0.0,0.0,167.0,93.0,107.0,161.0,18.0,7.0,12.0,54.0,15.0,6.0,0.0
150.644,53,172452.0,752.0,86.0,600.0,625.0,0.0,1.0,0.0,0.0,0.61,0.02,0.5,0.519,0.618,0.036,0.508,0.535,0.0,0.0,-1.77,-5.38,-88.56,-88.46,0.0,0.0,0.0,0.0,0.0,0.0,-0.4,1.0,1.0,0.0,0.0,-0.0,-0.0,0.0,0.0,0.0,0.0,0.0,0.0,0.0,0.0,167.0,93.0,107.0,161.0,18.0,7.0,12.0,54.0,15.0,6.0,0.0
150.677,51,172503.0,752.0,85.0,600.0,625.0,0.0,1.0,0.0,0.0,0.61,0.02,0.5,0.519,0.618,0.036,0.508,0.535,0.0,0.0,-1.77,-5.37,-88.56,-88.46,0.0,0.0,0.0,0.0,0.0,0.0,-0.4,1.0,1.0,0.0,0.0,-0.0,-0.0,0.0,0.0,0.0,0.0,0.0,0.0,0.0,0.0,167.0,93.0,107.0,161.0,18.0,7.0,12.0,54.0,15.0,6.0,0.0
150.742,53,172556.0,752.0,85.0,600.0,625.0,0.0,1.0,0.0,0.0,0.61,0.02,0.5,0.519,0.618,0.036,0.508,0.535,0.0,0.0,-1.77,-5.38,-88.56,-88.46,0.0,0.0,0.0,0.0,0.0,0.0,-0.4,1.0,1.0,0.0,0.0,-0.0,-0.0,0.0,0.0,0.0,0.0,0.0,0.0,0.0,0.0,167.0,93.0,107.0,161.0,18.0,7.0,12.0,54.0,15.0,6.0,0.0
150.805,55,172611.0,752.0,85.0,600.0,625.0,0.0,1.0,0.0,0.0,0.611,0.02,0.5,0.52,0.618,0.036,0.508,0.536,0.0,0.0,-1.76,-5.37,-88.56,-88.46,0.0,0.0,0.0,0.0,0.0,0.0,-0.4,1.0,1.0,0.0,0.0,-0.0,-0.0,0.0,0.0,0.0,0.0,0.0,0.0,0.0,0.0,167.0,93.0,107.0,161.0,18.0,7.0,12.0,54.0,15.0,6.0,0.0
150.837,54,172665.0,750.0,85.0,600.0,625.0,0.0,1.0,0.0,0.0,0.611,0.02,0.5,0.52,0.618,0.036,0.508,0.536,0.0,0.0,-1.76,-5.37,-88.56,-88.46,0.0,0.0,0.0,0.0,0.0,0.0,-0.4,1.0,1.0,0.0,0.0,-0.0,-0.0,0.0,0.0,0.0,0.0,0.0,0.0,0.0,0.0,167.0,93.0,107.0,161.0,18.0,7.0,12.0,54.0,15.0,6.0,0.0
150.901,52,172717.0,750.0,85.0,600.0,625.0,0.0,1.0,0.0,0.0,0.611,0.02,0.5,0.52,0.618,0.036,0.508,0.536,0.0,0.0,-1.76,-5.37,-88.56,-88.46,0.0,0.0,0.0,0.0,0.0,0.0,-0.4,1.0,1.0,0.0,0.0,-0.0,-0.0,0.0,0.0,0.0,0.0,0.0,0.0,0.0,0.0,167.0,93.0,107.0,161.0,18.0,7.0,12.0,54.0,15.0,6.0,0.0
150.976,53,172770.0,750.0,85.0,600.0,625.0,0.0,1.0,0.0,0.0,0.611,0.02,0.5,0.52,0.618,0.036,0.508,0.536,0.0,0.0,-1.77,-5.37,-88.56,-88.46,0.0,0.0,0.0,0.0,0.0,0.0,-0.4,1.0,1.0,0.0,0.0,-0.0,-0.0,0.0,0.0,0.0,0.0,0.0,0.0,0.0,0.0,167.0,93.0,107.0,161.0,18.0,7.0,12.0,54.0,15.0,6.0,0.0
151.008,53,172823.0,750.0,85.0,600.0,623.0,0.0,1.0,0.0,0.0,0.61,0.02,0.5,0.519,0.618,0.036,0.508,0.536,0.0,0.0,-1.77,-5.37,-88.56,-88.46,0.0,0.0,0.0,0.0,0.0,0.0,-0.4,1.0,1.0,0.0,0.0,-0.0,-0.0,0.0,0.0,0.0,0.0,0.0,0.0,0.0,0.0,167.0,93.0,107.0,161.0,18.0,7.0,12.0,54.0,15.0,6.0,0.0
151.072,53,172876.0,756.0,85.0,600.0,623.0,0.0,1.0,0.0,0.0,0.61,0.02,0.5,0.519,0.618,0.036,0.508,0.536,0.0,0.0,-1.77,-5.37,-88.56,-88.46,0.0,0.0,0.0,0.0,0.0,0.0,-0.4,1.0,1.0,0.0,0.0,-0.0,-0.0,0.0,0.0,0.0,0.0,0.0,0.0,0.0,0.0,167.0,93.0,107.0,161.0,18.0,7.0,12.0,54.0,15.0,6.0,1.0
151.104,53,172929.0,756.0,86.0,600.0,623.0,0.0,1.0,0.0,0.0,0.61,0.02,0.5,0.519,0.618,0.036,0.508,0.536,0.0,0.0,-1.77,-5.37,-88.56,-88.46,0.0,0.0,0.0,0.0,0.0,0.0,-0.4,1.0,1.0,0.0,0.0,-0.0,-0.0,0.0,0.0,0.0,0.0,0.0,0.0,0.0,0.0,167.0,93.0,107.0,161.0,18.0,7.0,12.0,54.0,15.0,6.0,0.0
151.17,52,172981.0,756.0,86.0,600.0,623.0,0.0,1.0,0.0,0.0,0.61,0.02,0.5,0.519,0.618,0.036,0.508,0.536,0.0,0.0,-1.77,-5.37,-88.56,-88.46,0.0,0.0,0.0,0.0,0.0,0.0,-0.4,1.0,1.0,0.0,0.0,-0.0,-0.0,0.0,0.0,0.0,0.0,0.0,0.0,0.0,0.0,167.0,93.0,107.0,161.0,18.0,7.0,12.0,54.0,15.0,6.0,1.0
151.236,53,173034.0,756.0,86.0,600.0,623.0,0.0,1.0,0.0,0.0,0.612,0.02,0.5,0.519,0.62,0.036,0.508,0.535,0.0,0.0,-1.77,-5.37,-88.56,-88.46,0.0,0.0,0.0,0.0,0.0,0.0,-0.4,1.0,1.0,0.0,0.0,-0.0,-0.0,0.0,0.0,0.0,0.0,0.0,0.0,0.0,0.0,167.0,93.0,107.0,161.0,18.0,7.0,12.0,54.0,15.0,6.0,0.0
151.268,54,173088.0,755.0,86.0,600.0,623.0,0.0,1.0,0.0,0.0,0.612,0.02,0.5,0.519,0.62,0.036,0.508,0.535,0.0,0.0,-1.77,-5.37,-88.56,-88.46,0.0,0.0,0.0,0.0,0.0,0.0,-0.4,1.0,1.0,0.0,0.0,-0.0,-0.0,0.0,0.0,0.0,0.0,0.0,0.0,0.0,0.0,167.0,93.0,107.0,161.0,18.0,7.0,12.0,54.0,15.0,6.0,0.0
151.337,53,173141.0,755.0,85.0,600.0,623.0,0.0,1.0,0.0,0.0,0.612,0.02,0.5,0.519,0.62,0.036,0.508,0.535,0.0,0.0,-1.77,-5.38,-88.56,-88.46,0.0,0.0,0.0,0.0,0.0,0.0,-0.4,1.0,1.0,0.0,0.0,-0.0,-0.0,0.0,0.0,0.0,0.0,0.0,0.0,0.0,0.0,167.0,93.0,107.0,161.0,18.0,7.0,12.0,54.0,15.0,6.0,0.0
151.371,52,173193.0,755.0,85.0,600.0,623.0,0.0,1.0,0.0,0.0,0.612,0.02,0.5,0.519,0.62,0.036,0.508,0.535,0.0,0.0,-1.77,-5.38,-88.56,-88.46,0.0,0.0,0.0,0.0,0.0,0.0,-0.4,1.0,1.0,0.0,0.0,-0.0,-0.0,0.0,0.0,0.0,0.0,0.0,0.0,0.0,0.0,167.0,93.0,107.0,161.0,18.0,7.0,12.0,54.0,15.0,6.0,0.0
151.437,53,173246.0,755.0,85.0,600.0,624.0,0.0,1.0,0.0,0.0,0.613,0.02,0.5,0.519,0.62,0.036,0.508,0.535,0.0,0.0,-1.77,-5.38,-88.56,-88.46,0.0,0.0,0.0,0.0,0.0,0.0,-0.4,1.0,1.0,0.0,0.0,-0.0,-0.0,0.0,0.0,0.0,0.0,0.0,0.0,0.0,0.0,167.0,93.0,107.0,161.0,18.0,7.0,12.0,54.0,15.0,6.0,0.0
151.503,53,173299.0,741.0,85.0,600.0,624.0,0.0,1.0,0.0,0.0,0.613,0.02,0.5,0.519,0.62,0.036,0.508,0.535,0.0,0.0,-1.77,-5.38,-88.56,-88.46,0.0,0.0,0.0,0.0,0.0,0.0,-0.4,1.0,1.0,0.0,0.0,-0.0,-0.0,0.0,0.0,0.0,0.0,0.0,0.0,0.0,0.0,167.0,93.0,107.0,161.0,18.0,7.0,12.0,54.0,15.0,6.0,0.0
151.535,53,173352.0,741.0,85.0,600.0,624.0,0.0,1.0,0.0,0.0,0.613,0.02,0.5,0.519,0.62,0.036,0.508,0.535,0.0,0.0,-1.76,-5.38,-88.56,-88.46,0.0,0.0,0.0,0.0,0.0,0.0,-0.4,1.0,1.0,0.0,0.0,-0.0,-0.0,0.0,0.0,0.0,0.0,0.0,0.0,0.0,0.0,167.0,93.0,107.0,161.0,18.0,7.0,12.0,54.0,15.0,6.0,0.0
151.599,52,173404.0,741.0,85.0,600.0,624.0,0.0,1.0,0.0,0.0,0.613,0.02,0.5,0.519,0.62,0.036,0.508,0.535,0.0,0.0,-1.76,-5.38,-88.56,-88.46,0.0,0.0,0.0,0.0,0.0,0.0,-0.4,1.0,1.0,0.0,0.0,-0.0,-0.0,0.0,0.0,0.0,0.0,0.0,0.0,0.0,0.0,167.0,93.0,107.0,161.0,18.0,7.0,12.0,54.0,15.0,6.0,1.0
151.63,53,173457.0,741.0,85.0,600.0,622.0,0.0,1.0,0.0,0.0,0.608,0.02,0.5,0.519,0.617,0.036,0.508,0.535,0.0,0.0,-1.76,-5.38,-88.56,-88.46,0.0,0.0,0.0,0.0,0.0,0.0,-0.4,1.0,1.0,0.0,0.0,-0.0,-0.0,0.0,0.0,0.0,0.0,0.0,0.0,0.0,0.0,167.0,93.0,107.0,161.0,18.0,7.0,12.0,54.0,15.0,6.0,0.0
151.694,54,173511.0,711.0,85.0,600.0,622.0,0.0,1.0,0.0,0.0,0.608,0.02,0.5,0.519,0.617,0.036,0.508,0.535,0.0,0.0,-1.77,-5.38,-88.56,-88.46,0.0,0.0,0.0,0.0,0.0,0.0,-0.4,1.0,1.0,0.0,0.0,-0.0,-0.0,0.0,0.0,0.0,0.0,0.0,0.0,0.0,0.0,167.0,93.0,107.0,161.0,18.0,7.0,12.0,54.0,15.0,6.0,0.0
151.76,53,173564.0,711.0,85.0,600.0,622.0,0.0,1.0,0.0,0.0,0.608,0.02,0.5,0.519,0.617,0.036,0.508,0.535,0.0,0.0,-1.77,-5.38,-88.56,-88.46,0.0,0.0,0.0,0.0,0.0,0.0,-0.4,1.0,1.0,0.0,0.0,-0.0,-0.0,0.0,0.0,0.0,0.0,0.0,0.0,0.0,0.0,167.0,93.0,107.0,161.0,18.0,7.0,12.0,54.0,15.0,6.0,0.0
151.793,52,173616.0,711.0,85.0,600.0,622.0,0.0,1.0,0.0,0.0,0.608,0.02,0.5,0.519,0.617,0.036,0.508,0.535,0.0,0.0,-1.77,-5.38,-88.56,-88.46,0.0,0.0,0.0,0.0,0.0,0.0,-0.4,1.0,1.0,0.0,0.0,-0.0,-0.0,0.0,0.0,0.0,0.0,0.0,0.0,0.0,0.0,167.0,93.0,107.0,161.0,18.0,7.0,12.0,54.0,15.0,6.0,1.0
151.857,53,173669.0,711.0,85.0,600.0,623.0,0.0,1.0,0.0,0.0,0.595,0.02,0.5,0.519,0.605,0.036,0.508,0.535,0.0,0.0,-1.77,-5.38,-88.56,-88.46,0.0,0.0,0.0,0.0,0.0,0.0,-0.4,1.0,1.0,0.0,0.0,-0.0,-0.0,0.0,0.0,0.0,0.0,0.0,0.0,0.0,0.0,167.0,93.0,107.0,161.0,18.0,7.0,12.0,54.0,15.0,6.0,0.0
151.921,53,173722.0,685.0,85.0,600.0,623.0,0.0,1.0,0.0,0.0,0.595,0.02,0.5,0.519,0.605,0.036,0.508,0.535,0.0,0.0,-1.77,-5.37,-88.56,-88.46,0.0,0.0,0.0,0.0,0.0,0.0,-0.4,1.0,1.0,0.0,0.0,-0.0,-0.0,0.0,0.0,0.0,0.0,0.0,0.0,0.0,0.0,167.0,93.0,107.0,161.0,18.0,7.0,12.0,54.0,15.0,6.0,0.0
151.953,53,173775.0,685.0,84.0,600.0,623.0,0.0,1.0,0.0,0.0,0.595,0.02,0.5,0.519,0.605,0.036,0.508,0.535,0.0,0.0,-1.77,-5.37,-88.56,-88.46,0.0,0.0,0.0,0.0,0.0,0.0,-0.4,1.0,1.0,0.0,0.0,-0.0,-0.0,0.0,0.0,0.0,0.0,0.0,0.0,0.0,0.0,167.0,93.0,107.0,161.0,18.0,7.0,12.0,54.0,15.0,6.0,0.0
152.016,52,173827.0,685.0,84.0,600.0,623.0,0.0,1.0,0.0,0.0,0.595,0.02,0.5,0.519,0.605,0.036,0.508,0.535,0.0,0.0,-1.78,-5.37,-88.56,-88.46,0.0,0.0,0.0,0.0,0.0,0.0,-0.4,1.0,1.0,0.0,0.0,-0.0,-0.0,0.0,0.0,0.0,0.0,0.0,0.0,0.0,0.0,167.0,93.0,107.0,161.0,18.0,7.0,12.0,54.0,15.0,6.0,1.0
152.079,52,173879.0,685.0,84.0,600.0,624.0,0.0,1.0,0.0,0.0,0.579,0.02,0.5,0.519,0.59,0.035,0.508,0.535,0.0,0.0,-1.78,-5.37,-88.56,-88.46,0.0,0.0,0.0,0.0,0.0,0.0,-0.4,1.0,1.0,0.0,0.0,-0.0,-0.0,0.0,0.0,0.0,0.0,0.0,0.0,0.0,0.0,167.0,93.0,107.0,161.0,18.0,7.0,12.0,54.0,15.0,6.0,0.0
152.111,54,173933.0,653.0,84.0,600.0,624.0,0.0,1.0,0.0,0.0,0.579,0.02,0.5,0.519,0.59,0.035,0.508,0.535,0.0,0.0,-1.78,-5.37,-88.56,-88.46,0.0,0.0,0.0,0.0,0.0,0.0,-0.4,1.0,1.0,0.0,0.0,-0.0,-0.0,0.0,0.0,0.0,0.0,0.0,0.0,0.0,0.0,167.0,93.0,107.0,161.0,18.0,7.0,12.0,54.0,15.0,6.0,0.0
152.175,53,173986.0,653.0,84.0,600.0,624.0,0.0,1.0,0.0,0.0,0.579,0.02,0.5,0.519,0.59,0.035,0.508,0.535,0.0,0.0,-1.78,-5.36,-88.56,-88.46,0.0,0.0,0.0,0.0,0.0,0.0,-0.4,1.0,1.0,0.0,0.0,-0.0,-0.0,0.0,0.0,0.0,0.0,0.0,0.0,0.0,0.0,167.0,93.0,107.0,161.0,18.0,7.0,12.0,54.0,15.0,6.0,1.0
152.24,53,174039.0,653.0,84.0,600.0,624.0,0.0,1.0,0.0,0.0,0.579,0.02,0.5,0.519,0.59,0.035,0.508,0.535,0.0,0.0,-1.78,-5.36,-88.56,-88.46,0.0,0.0,0.0,0.0,0.0,0.0,-0.4,1.0,1.0,0.0,0.0,-0.0,-0.0,0.0,0.0,0.0,0.0,0.0,0.0,0.0,0.0,167.0,93.0,107.0,161.0,18.0,7.0,12.0,54.0,15.0,6.0,0.0
152.273,55,174094.0,653.0,84.0,600.0,623.0,0.0,1.0,0.0,0.0,0.559,0.019,0.5,0.519,0.571,0.035,0.508,0.535,0.0,0.0,-1.78,-5.36,-88.56,-88.46,0.0,0.0,0.0,0.0,0.0,0.0,-0.4,1.0,1.0,0.0,0.0,-0.0,-0.0,0.0,0.0,0.0,0.0,0.0,0.0,0.0,0.0,167.0,93.0,107.0,161.0,18.0,7.0,12.0,54.0,15.0,6.0,1.0
152.338,53,174147.0,619.0,84.0,600.0,623.0,0.0,1.0,0.0,0.0,0.559,0.019,0.5,0.519,0.571,0.035,0.508,0.535,0.0,0.0,-1.78,-5.36,-88.56,-88.46,0.0,0.0,0.0,0.0,0.0,0.0,-0.4,1.0,1.0,0.0,0.0,-0.0,-0.0,0.0,0.0,0.0,0.0,0.0,0.0,0.0,0.0,167.0,93.0,107.0,161.0,18.0,7.0,12.0,54.0,15.0,6.0,0.0
152.402,52,174199.0,619.0,84.0,600.0,623.0,0.0,1.0,0.0,0.0,0.559,0.019,0.5,0.519,0.571,0.035,0.508,0.535,0.0,0.0,-1.77,-5.36,-88.56,-88.46,0.0,0.0,0.0,0.0,0.0,0.0,-0.4,1.0,1.0,0.0,0.0,-0.0,-0.0,0.0,0.0,0.0,0.0,0.0,0.0,0.0,0.0,167.0,93.0,107.0,161.0,18.0,7.0,12.0,54.0,15.0,6.0,0.0
152.434,53,174252.0,619.0,84.0,600.0,623.0,0.0,1.0,0.0,0.0,0.559,0.019,0.5,0.519,0.571,0.035,0.508,0.535,0.0,0.0,-1.77,-5.36,-88.56,-88.46,0.0,0.0,0.0,0.0,0.0,0.0,-0.4,1.0,1.0,0.0,0.0,-0.0,-0.0,0.0,0.0,0.0,0.0,0.0,0.0,0.0,0.0,167.0,93.0,107.0,161.0,18.0,7.0,12.0,54.0,15.0,6.0,0.0
152.5,52,174304.0,619.0,84.0,600.0,623.0,0.0,1.0,0.0,0.0,0.536,0.019,0.5,0.519,0.548,0.035,0.508,0.534,0.0,0.0,-1.77,-5.37,-88.56,-88.46,0.0,0.0,0.0,0.0,0.0,0.0,-0.4,1.0,1.0,0.0,0.0,-0.0,-0.0,0.0,0.0,0.0,0.0,0.0,0.0,0.0,0.0,167.0,93.0,107.0,161.0,18.0,7.0,12.0,54.0,15.0,6.0,0.0
152.57,54,174358.0,600.0,84.0,600.0,623.0,0.0,1.0,0.0,0.0,0.536,0.019,0.5,0.519,0.548,0.035,0.508,0.534,0.0,0.0,-1.77,-5.37,-88.56,-88.46,0.0,0.0,0.0,0.0,0.0,0.0,-0.4,1.0,1.0,0.0,0.0,-0.0,-0.0,0.0,0.0,0.0,0.0,0.0,0.0,0.0,0.0,167.0,93.0,107.0,161.0,18.0,7.0,12.0,54.0,15.0,6.0,0.0
152.602,51,174409.0,600.0,84.0,600.0,623.0,0.0,1.0,0.0,0.0,0.536,0.019,0.5,0.519,0.548,0.035,0.508,0.534,0.0,0.0,-1.77,-5.37,-88.56,-88.46,0.0,0.0,0.0,0.0,0.0,0.0,-0.4,1.0,1.0,0.0,0.0,-0.0,-0.0,0.0,0.0,0.0,0.0,0.0,0.0,0.0,0.0,167.0,93.0,107.0,161.0,18.0,7.0,12.0,54.0,15.0,6.0,0.0
152.635,53,174462.0,600.0,84.0,600.0,623.0,0.0,1.0,0.0,0.0,0.536,0.019,0.5,0.519,0.548,0.035,0.508,0.534,0.0,0.0,-1.77,-5.37,-88.56,-88.46,0.0,0.0,0.0,0.0,0.0,0.0,-0.4,1.0,1.0,0.0,0.0,-0.0,-0.0,0.0,0.0,0.0,0.0,0.0,0.0,0.0,0.0,167.0,93.0,107.0,161.0,18.0,7.0,12.0,54.0,15.0,6.0,0.0
152.7,53,174515.0,600.0,84.0,600.0,625.0,0.0,1.0,0.0,0.0,0.517,0.019,0.5,0.52,0.528,0.034,0.508,0.534,0.0,0.0,-1.77,-5.37,-88.56,-88.46,0.0,0.0,0.0,0.0,0.0,0.0,-0.4,1.0,1.0,0.0,0.0,-0.0,-0.0,0.0,0.0,0.0,0.0,0.0,0.0,0.0,0.0,167.0,93.0,107.0,161.0,18.0,7.0,12.0,54.0,15.0,6.0,0.0
152.767,53,174568.0,600.0,84.0,600.0,625.0,0.0,1.0,0.0,0.0,0.517,0.019,0.5,0.52,0.528,0.034,0.508,0.534,0.0,0.0,-1.77,-5.37,-88.56,-88.46,0.0,0.0,0.0,0.0,0.0,0.0,-0.4,1.0,1.0,0.0,0.0,-0.0,-0.0,0.0,0.0,0.0,0.0,0.0,0.0,0.0,0.0,167.0,93.0,107.0,161.0,18.0,7.0,12.0,54.0,15.0,6.0,0.0
152.8,52,174620.0,600.0,83.0,600.0,625.0,0.0,1.0,0.0,0.0,0.517,0.019,0.5,0.52,0.528,0.034,0.508,0.534,0.0,0.0,-1.76,-5.37,-88.56,-88.46,0.0,0.0,0.0,0.0,0.0,0.0,-0.4,1.0,1.0,0.0,0.0,-0.0,-0.0,0.0,0.0,0.0,0.0,0.0,0.0,0.0,0.0,167.0,93.0,107.0,161.0,18.0,7.0,12.0,54.0,15.0,6.0,0.0
152.865,53,174673.0,600.0,83.0,600.0,625.0,0.0,1.0,0.0,0.0,0.517,0.019,0.5,0.52,0.528,0.034,0.508,0.534,0.0,0.0,-1.76,-5.37,-88.56,-88.46,0.0,0.0,0.0,0.0,0.0,0.0,-0.4,1.0,1.0,0.0,0.0,-0.0,-0.0,0.0,0.0,0.0,0.0,0.0,0.0,0.0,0.0,167.0,93.0,107.0,161.0,18.0,7.0,12.0,54.0,15.0,6.0,0.0
152.897,52,174725.0,600.0,83.0,600.0,623.0,0.0,1.0,0.0,0.0,0.508,0.019,0.5,0.519,0.517,0.034,0.508,0.534,0.0,0.0,-1.76,-5.37,-88.56,-88.46,0.0,0.0,0.0,0.0,0.0,0.0,-0.4,1.0,1.0,0.0,0.0,-0.0,-0.0,0.0,0.0,0.0,0.0,0.0,0.0,0.0,0.0,167.0,93.0,107.0,161.0,18.0,7.0,12.0,54.0,15.0,6.0,0.0
152.969,54,174779.0,558.0,83.0,600.0,623.0,0.0,1.0,0.0,0.0,0.508,0.019,0.5,0.519,0.517,0.034,0.508,0.534,0.0,0.0,-1.76,-5.37,-88.56,-88.46,0.0,0.0,0.0,0.0,0.0,0.0,-0.4,1.0,1.0,0.0,0.0,-0.0,-0.0,0.0,0.0,0.0,0.0,0.0,0.0,0.0,0.0,167.0,93.0,107.0,161.0,18.0,7.0,12.0,54.0,15.0,6.0,0.0
153.036,51,174830.0,558.0,85.0,600.0,623.0,0.0,1.0,0.0,0.0,0.508,0.019,0.5,0.519,0.517,0.034,0.508,0.534,0.0,0.0,-1.76,-5.38,-88.56,-88.46,0.0,0.0,0.0,0.0,0.0,0.0,-0.4,1.0,1.0,0.0,0.0,-0.0,-0.0,0.0,0.0,0.0,0.0,0.0,0.0,0.0,0.0,167.0,93.0,107.0,161.0,18.0,7.0,12.0,54.0,15.0,6.0,0.0
153.069,53,174883.0,558.0,85.0,600.0,623.0,0.0,1.0,0.0,0.0,0.508,0.019,0.5,0.519,0.517,0.034,0.508,0.534,0.0,0.0,-1.76,-5.38,-88.56,-88.46,0.0,0.0,0.0,0.0,0.0,0.0,-0.4,1.0,1.0,0.0,0.0,-0.0,-0.0,0.0,0.0,0.0,0.0,0.0,0.0,0.0,0.0,167.0,93.0,107.0,161.0,18.0,7.0,12.0,54.0,15.0,6.0,0.0
153.135,52,174935.0,558.0,85.0,600.0,621.0,0.0,1.0,0.0,0.0,0.484,0.019,0.5,0.518,0.496,0.034,0.508,0.533,0.0,0.0,-1.76,-5.38,-88.56,-88.46,0.0,0.0,0.0,0.0,0.0,0.0,-0.4,1.0,1.0,0.0,0.0,-0.0,-0.0,0.0,0.0,0.0,0.0,0.0,0.0,0.0,0.0,167.0,93.0,107.0,161.0,18.0,7.0,12.0,54.0,15.0,6.0,0.0
153.167,53,174988.0,558.0,85.0,600.0,621.0,0.0,1.0,0.0,0.0,0.484,0.019,0.5,0.518,0.496,0.034,0.508,0.533,0.0,0.0,-1.76,-5.38,-88.56,-88.46,0.0,0.0,0.0,0.0,0.0,0.0,-0.4,1.0,1.0,0.0,0.0,-0.0,-0.0,0.0,0.0,0.0,0.0,0.0,0.0,0.0,0.0,167.0,93.0,107.0,161.0,18.0,7.0,12.0,54.0,15.0,6.0,0.0
153.231,51,175039.0,558.0,85.0,600.0,621.0,0.0,1.0,0.0,0.0,0.484,0.019,0.5,0.518,0.496,0.034,0.508,0.533,0.0,0.0,-1.76,-5.38,-88.56,-88.46,0.0,0.0,0.0,0.0,0.0,0.0,-0.4,1.0,1.0,0.0,0.0,-0.0,-0.0,0.0,0.0,0.0,0.0,0.0,0.0,0.0,0.0,167.0,93.0,107.0,161.0,18.0,7.0,12.0,54.0,15.0,6.0,0.0
153.265,53,175092.0,558.0,85.0,600.0,621.0,0.0,1.0,0.0,0.0,0.484,0.019,0.5,0.518,0.496,0.034,0.508,0.533,0.0,0.0,-1.77,-5.38,-88.56,-88.46,0.0,0.0,0.0,0.0,0.0,0.0,-0.4,1.0,1.0,0.0,0.0,-0.0,-0.0,0.0,0.0,0.0,0.0,0.0,0.0,0.0,0.0,167.0,93.0,107.0,161.0,18.0,7.0,12.0,54.0,15.0,6.0,0.0
153.337,52,175144.0,558.0,85.0,600.0,621.0,0.0,1.0,0.0,0.0,0.473,0.019,0.5,0.517,0.483,0.034,0.508,0.532,0.0,0.0,-1.77,-5.38,-88.56,-88.46,0.0,0.0,0.0,0.0,0.0,0.0,-0.4,1.0,1.0,0.0,0.0,-0.0,-0.0,0.0,0.0,0.0,0.0,0.0,0.0,0.0,0.0,167.0,93.0,107.0,161.0,18.0,7.0,12.0,54.0,15.0,6.0,0.0
153.369,54,175198.0,558.0,85.0,600.0,621.0,0.0,1.0,0.0,0.0,0.473,0.019,0.5,0.517,0.483,0.034,0.508,0.532,0.0,0.0,-1.77,-5.38,-88.56,-88.46,0.0,0.0,0.0,0.0,0.0,0.0,-0.4,1.0,1.0,0.0,0.0,-0.0,-0.0,0.0,0.0,0.0,0.0,0.0,0.0,0.0,0.0,167.0,93.0,107.0,161.0,18.0,7.0,12.0,54.0,15.0,6.0,0.0
153.433,51,175249.0,558.0,85.0,600.0,621.0,0.0,1.0,0.0,0.0,0.473,0.019,0.5,0.517,0.483,0.034,0.508,0.532,0.0,0.0,-1.77,-5.38,-88.56,-88.46,0.0,0.0,0.0,0.0,0.0,0.0,-0.4,1.0,1.0,0.0,0.0,-0.0,-0.0,0.0,0.0,0.0,0.0,0.0,0.0,0.0,0.0,167.0,93.0,107.0,161.0,18.0,7.0,12.0,54.0,15.0,6.0,0.0
153.5,53,175302.0,558.0,85.0,600.0,621.0,0.0,1.0,0.0,0.0,0.473,0.019,0.5,0.517,0.483,0.034,0.508,0.532,0.0,0.0,-1.77,-5.38,-88.56,-88.46,0.0,0.0,0.0,0.0,0.0,0.0,-0.4,1.0,1.0,0.0,0.0,-0.0,-0.0,0.0,0.0,0.0,0.0,0.0,0.0,0.0,0.0,167.0,93.0,107.0,161.0,18.0,7.0,12.0,54.0,15.0,6.0,0.0
153.539,52,175354.0,558.0,85.0,600.0,619.0,0.0,1.0,0.0,0.0,0.468,0.019,0.5,0.517,0.477,0.034,0.508,0.531,0.0,0.0,-1.77,-5.37,-88.56,-88.46,0.0,0.0,0.0,0.0,0.0,0.0,-0.4,1.0,1.0,0.0,0.0,-0.0,-0.0,0.0,0.0,0.0,0.0,0.0,0.0,0.0,0.0,167.0,93.0,107.0,161.0,18.0,7.0,12.0,54.0,15.0,6.0,0.0
153.605,53,175407.0,558.0,85.0,600.0,619.0,0.0,1.0,0.0,0.0,0.468,0.019,0.5,0.517,0.477,0.034,0.508,0.531,0.0,0.0,-1.77,-5.37,-88.56,-88.46,0.0,0.0,0.0,0.0,0.0,0.0,-0.4,1.0,1.0,0.0,0.0,-0.0,-0.0,0.0,0.0,0.0,0.0,0.0,0.0,0.0,0.0,167.0,93.0,107.0,161.0,18.0,7.0,12.0,54.0,15.0,6.0,0.0
153.638,51,175458.0,558.0,85.0,600.0,619.0,0.0,1.0,0.0,0.0,0.468,0.019,0.5,0.517,0.477,0.034,0.508,0.531,0.0,0.0,-1.77,-5.37,-88.56,-88.46,0.0,0.0,0.0,0.0,0.0,0.0,-0.4,1.0,1.0,0.0,0.0,-0.0,-0.0,0.0,0.0,0.0,0.0,0.0,0.0,0.0,0.0,167.0,93.0,107.0,161.0,18.0,7.0,12.0,54.0,15.0,6.0,0.0
153.705,54,175512.0,558.0,85.0,600.0,619.0,0.0,1.0,0.0,0.0,0.468,0.019,0.5,0.517,0.477,0.034,0.508,0.531,0.0,0.0,-1.77,-5.37,-88.56,-88.46,0.0,0.0,0.0,0.0,0.0,0.0,-0.4,1.0,1.0,0.0,0.0,-0.0,-0.0,0.0,0.0,0.0,0.0,0.0,0.0,0.0,0.0,167.0,93.0,107.0,161.0,18.0,7.0,12.0,54.0,15.0,6.0,0.0
153.774,52,175564.0,558.0,85.0,600.0,618.0,0.0,1.0,0.0,0.0,0.466,0.02,0.5,0.516,0.474,0.034,0.508,0.53,0.0,0.0,-1.77,-5.37,-88.56,-88.46,0.0,0.0,0.0,0.0,0.0,0.0,-0.4,1.0,1.0,0.0,0.0,-0.0,-0.0,0.0,0.0,0.0,0.0,0.0,0.0,0.0,0.0,167.0,93.0,107.0,161.0,18.0,7.0,12.0,54.0,15.0,6.0,0.0
153.813,54,175618.0,524.0,85.0,600.0,618.0,0.0,1.0,0.0,0.0,0.466,0.02,0.5,0.516,0.474,0.034,0.508,0.53,0.0,0.0,-1.77,-5.37,-88.56,-88.46,0.0,0.0,0.0,0.0,0.0,0.0,-0.4,1.0,1.0,0.0,0.0,-0.0,-0.0,0.0,0.0,0.0,0.0,0.0,0.0,0.0,0.0,167.0,93.0,107.0,161.0,18.0,7.0,12.0,54.0,15.0,6.0,0.0
153.846,52,175670.0,524.0,86.0,600.0,618.0,0.0,1.0,0.0,0.0,0.466,0.02,0.5,0.516,0.474,0.034,0.508,0.53,0.0,0.0,-1.76,-5.37,-88.56,-88.46,0.0,0.0,0.0,0.0,0.0,0.0,-0.4,1.0,1.0,0.0,0.0,-0.0,-0.0,0.0,0.0,0.0,0.0,0.0,0.0,0.0,0.0,167.0,93.0,107.0,161.0,18.0,7.0,12.0,54.0,15.0,6.0,0.0
153.911,53,175723.0,524.0,86.0,600.0,618.0,0.0,1.0,0.0,0.0,0.466,0.02,0.5,0.516,0.474,0.034,0.508,0.53,0.0,0.0,-1.76,-5.37,-88.56,-88.46,0.0,0.0,0.0,0.0,0.0,0.0,-0.4,1.0,1.0,0.0,0.0,-0.0,-0.0,0.0,0.0,0.0,0.0,0.0,0.0,0.0,0.0,167.0,93.0,107.0,161.0,18.0,7.0,12.0,54.0,15.0,6.0,0.0
153.978,55,175778.0,524.0,86.0,600.0,618.0,0.0,1.0,0.0,0.0,0.448,0.02,0.5,0.515,0.459,0.034,0.508,0.529,0.0,0.0,-1.76,-5.37,-88.56,-88.46,0.0,0.0,0.0,0.0,0.0,0.0,-0.4,1.0,1.0,0.0,0.0,-0.0,-0.0,0.0,0.0,0.0,0.0,0.0,0.0,0.0,0.0,167.0,93.0,107.0,161.0,18.0,7.0,12.0,54.0,15.0,6.0,1.0
154.01,53,175831.0,567.0,86.0,600.0,618.0,0.0,1.0,0.0,0.0,0.448,0.02,0.5,0.515,0.459,0.034,0.508,0.529,0.0,0.0,-1.76,-5.37,-88.56,-88.46,0.0,0.0,0.0,0.0,0.0,0.0,-0.4,1.0,1.0,0.0,0.0,-0.0,-0.0,0.0,0.0,0.0,0.0,0.0,0.0,0.0,0.0,167.0,93.0,107.0,161.0,18.0,7.0,12.0,54.0,15.0,6.0,0.0
154.075,53,175884.0,567.0,85.0,600.0,618.0,0.0,1.0,0.0,0.0,0.448,0.02,0.5,0.515,0.459,0.034,0.508,0.529,0.0,0.0,-1.76,-5.37,-88.56,-88.46,0.0,0.0,0.0,0.0,0.0,0.0,-0.4,1.0,1.0,0.0,0.0,-0.0,-0.0,0.0,0.0,0.0,0.0,0.0,0.0,0.0,0.0,167.0,93.0,107.0,161.0,18.0,7.0,12.0,54.0,15.0,6.0,0.0
154.107,52,175936.0,567.0,85.0,600.0,618.0,0.0,1.0,0.0,0.0,0.448,0.02,0.5,0.515,0.459,0.034,0.508,0.529,0.0,0.0,-1.76,-5.37,-88.56,-88.46,0.0,0.0,0.0,0.0,0.0,0.0,-0.4,1.0,1.0,0.0,0.0,-0.0,-0.0,0.0,0.0,0.0,0.0,0.0,0.0,0.0,0.0,167.0,93.0,107.0,161.0,18.0,7.0,12.0,54.0,15.0,6.0,0.0
154.175,52,175988.0,567.0,85.0,600.0,619.0,0.0,1.0,0.0,0.0,0.461,0.02,0.5,0.515,0.467,0.034,0.508,0.53,0.0,0.0,-1.76,-5.37,-88.56,-88.46,0.0,0.0,0.0,0.0,0.0,0.0,-0.4,1.0,1.0,0.0,0.0,-0.0,-0.0,0.0,0.0,0.0,0.0,0.0,0.0,0.0,0.0,167.0,93.0,107.0,161.0,18.0,7.0,12.0,54.0,15.0,6.0,0.0
154.241,54,176042.0,575.0,85.0,600.0,619.0,0.0,1.0,0.0,0.0,0.461,0.02,0.5,0.515,0.467,0.034,0.508,0.53,0.0,0.0,-1.76,-5.37,-88.56,-88.46,0.0,0.0,0.0,0.0,0.0,0.0,-0.4,1.0,1.0,0.0,0.0,-0.0,-0.0,0.0,0.0,0.0,0.0,0.0,0.0,0.0,0.0,167.0,93.0,107.0,161.0,18.0,7.0,12.0,54.0,15.0,6.0,0.0
154.273,54,176096.0,575.0,85.0,600.0,619.0,0.0,1.0,0.0,0.0,0.461,0.02,0.5,0.515,0.467,0.034,0.508,0.53,0.0,0.0,-1.76,-5.37,-88.56,-88.46,0.0,0.0,0.0,0.0,0.0,0.0,-0.4,1.0,1.0,0.0,0.0,-0.0,-0.0,0.0,0.0,0.0,0.0,0.0,0.0,0.0,0.0,167.0,93.0,107.0,161.0,18.0,7.0,12.0,54.0,15.0,6.0,1.0
154.34,52,176148.0,575.0,85.0,600.0,619.0,0.0,1.0,0.0,0.0,0.461,0.02,0.5,0.515,0.467,0.034,0.508,0.53,0.0,0.0,-1.76,-5.37,-88.56,-88.46,0.0,0.0,0.0,0.0,0.0,0.0,-0.4,1.0,1.0,0.0,0.0,-0.0,-0.0,0.0,0.0,0.0,0.0,0.0,0.0,0.0,0.0,167.0,93.0,107.0,161.0,18.0,7.0,12.0,54.0,15.0,6.0,1.0
154.404,53,176201.0,575.0,85.0,600.0,619.0,0.0,1.0,0.0,0.0,0.471,0.02,0.5,0.515,0.477,0.034,0.508,0.53,0.0,0.0,-1.76,-5.37,-88.56,-88.46,0.0,0.0,0.0,0.0,0.0,0.0,-0.4,1.0,1.0,0.0,0.0,-0.0,-0.0,0.0,0.0,0.0,0.0,0.0,0.0,0.0,0.0,167.0,93.0,107.0,161.0,18.0,7.0,12.0,54.0,15.0,6.0,0.0
154.436,53,176254.0,572.0,85.0,600.0,619.0,0.0,1.0,0.0,0.0,0.471,0.02,0.5,0.515,0.477,0.034,0.508,0.53,0.0,0.0,-1.76,-5.37,-88.56,-88.46,0.0,0.0,0.0,0.0,0.0,0.0,-0.4,1.0,1.0,0.0,0.0,-0.0,-0.0,0.0,0.0,0.0,0.0,0.0,0.0,0.0,0.0,167.0,93.0,107.0,161.0,18.0,7.0,12.0,54.0,15.0,6.0,0.0
154.503,53,176307.0,572.0,85.0,600.0,619.0,0.0,1.0,0.0,0.0,0.471,0.02,0.5,0.515,0.477,0.034,0.508,0.53,0.0,0.0,-1.76,-5.37,-88.56,-88.46,0.0,0.0,0.0,0.0,0.0,0.0,-0.4,1.0,1.0,0.0,0.0,-0.0,-0.0,0.0,0.0,0.0,0.0,0.0,0.0,0.0,0.0,167.0,93.0,107.0,161.0,18.0,7.0,12.0,54.0,15.0,6.0,0.0
154.537,52,176359.0,572.0,85.0,600.0,619.0,0.0,1.0,0.0,0.0,0.471,0.02,0.5,0.515,0.477,0.034,0.508,0.53,0.0,0.0,-1.76,-5.37,-88.56,-88.46,0.0,0.0,0.0,0.0,0.0,0.0,-0.4,1.0,1.0,0.0,0.0,-0.0,-0.0,0.0,0.0,0.0,0.0,0.0,0.0,0.0,0.0,167.0,93.0,107.0,161.0,18.0,7.0,12.0,54.0,15.0,6.0,1.0
154.602,53,176412.0,572.0,85.0,600.0,621.0,0.0,1.0,0.0,0.0,0.473,0.02,0.5,0.516,0.481,0.034,0.508,0.53,0.0,0.0,-1.76,-5.38,-88.56,-88.46,0.0,0.0,0.0,0.0,0.0,0.0,-0.4,1.0,1.0,0.0,0.0,-0.0,-0.0,0.0,0.0,0.0,0.0,0.0,0.0,0.0,0.0,167.0,93.0,107.0,161.0,18.0,7.0,12.0,54.0,15.0,6.0,0.0
154.668,54,176466.0,570.0,85.0,600.0,621.0,0.0,1.0,0.0,0.0,0.473,0.02,0.5,0.516,0.481,0.034,0.508,0.53,0.0,0.0,-1.76,-5.38,-88.56,-88.46,0.0,0.0,0.0,0.0,0.0,0.0,-0.4,1.0,1.0,0.0,0.0,-0.0,-0.0,0.0,0.0,0.0,0.0,0.0,0.0,0.0,0.0,167.0,93.0,107.0,161.0,18.0,7.0,12.0,54.0,15.0,6.0,0.0
154.701,53,176519.0,570.0,85.0,600.0,621.0,0.0,1.0,0.0,0.0,0.473,0.02,0.5,0.516,0.481,0.034,0.508,0.53,0.0,0.0,-1.76,-5.38,-88.56,-88.46,0.0,0.0,0.0,0.0,0.0,0.0,-0.4,1.0,1.0,0.0,0.0,-0.0,-0.0,0.0,0.0,0.0,0.0,0.0,0.0,0.0,0.0,167.0,93.0,107.0,161.0,18.0,7.0,12.0,54.0,15.0,6.0,0.0
154.767,52,176571.0,570.0,85.0,600.0,621.0,0.0,1.0,0.0,0.0,0.473,0.02,0.5,0.516,0.481,0.034,0.508,0.53,0.0,0.0,-1.75,-5.38,-88.56,-88.46,0.0,0.0,0.0,0.0,0.0,0.0,-0.4,1.0,1.0,0.0,0.0,-0.0,-0.0,0.0,0.0,0.0,0.0,0.0,0.0,0.0,0.0,167.0,93.0,107.0,161.0,18.0,7.0,12.0,54.0,15.0,6.0,0.0
154.8,53,176624.0,570.0,85.0,600.0,619.0,0.0,1.0,0.0,0.0,0.474,0.02,0.5,0.516,0.482,0.034,0.508,0.53,0.0,0.0,-1.75,-5.38,-88.56,-88.46,0.0,0.0,0.0,0.0,0.0,0.0,-0.4,1.0,1.0,0.0,0.0,-0.0,-0.0,0.0,0.0,0.0,0.0,0.0,0.0,0.0,0.0,167.0,93.0,107.0,161.0,18.0,7.0,12.0,54.0,15.0,6.0,0.0
154.866,53,176677.0,605.0,85.0,600.0,619.0,0.0,1.0,0.0,0.0,0.474,0.02,0.5,0.516,0.482,0.034,0.508,0.53,0.0,0.0,-1.75,-5.38,-88.56,-88.46,0.0,0.0,0.0,0.0,0.0,0.0,-0.4,1.0,1.0,0.0,0.0,-0.0,-0.0,0.0,0.0,0.0,0.0,0.0,0.0,0.0,0.0,167.0,93.0,107.0,161.0,18.0,7.0,12.0,54.0,15.0,6.0,0.0
154.934,53,176730.0,605.0,85.0,600.0,619.0,0.0,1.0,0.0,0.0,0.474,0.02,0.5,0.516,0.482,0.034,0.508,0.53,0.0,0.0,-1.75,-5.38,-88.56,-88.46,0.0,0.0,0.0,0.0,0.0,0.0,-0.4,1.0,1.0,0.0,0.0,-0.0,-0.0,0.0,0.0,0.0,0.0,0.0,0.0,0.0,0.0,167.0,93.0,107.0,161.0,18.0,7.0,12.0,54.0,15.0,6.0,0.0
154.967,52,176782.0,605.0,85.0,600.0,619.0,0.0,1.0,0.0,0.0,0.474,0.02,0.5,0.516,0.482,0.034,0.508,0.53,0.0,0.0,-1.75,-5.38,-88.56,-88.46,0.0,0.0,0.0,0.0,0.0,0.0,-0.4,1.0,1.0,0.0,0.0,-0.0,-0.0,0.0,0.0,0.0,0.0,0.0,0.0,0.0,0.0,167.0,93.0,107.0,161.0,18.0,7.0,12.0,54.0,15.0,6.0,0.0
155.033,54,176836.0,605.0,85.0,600.0,619.0,0.0,1.0,0.0,0.0,0.49,0.02,0.5,0.516,0.496,0.034,0.508,0.53,0.0,0.0,-1.75,-5.38,-88.56,-88.46,0.0,0.0,0.0,0.0,0.0,0.0,-0.4,1.0,1.0,0.0,0.0,-0.0,-0.0,0.0,0.0,0.0,0.0,0.0,0.0,0.0,0.0,167.0,93.0,107.0,161.0,18.0,7.0,12.0,54.0,15.0,6.0,0.0
155.066,54,176890.0,601.0,85.0,600.0,619.0,0.0,1.0,0.0,0.0,0.49,0.02,0.5,0.516,0.496,0.034,0.508,0.53,0.0,0.0,-1.75,-5.38,-88.56,-88.46,0.0,0.0,0.0,0.0,0.0,0.0,-0.4,1.0,1.0,0.0,0.0,-0.0,-0.0,0.0,0.0,0.0,0.0,0.0,0.0,0.0,0.0,167.0,93.0,107.0,161.0,18.0,7.0,12.0,54.0,15.0,6.0,0.0
155.135,53,176943.0,601.0,85.0,600.0,619.0,0.0,1.0,0.0,0.0,0.49,0.02,0.5,0.516,0.496,0.034,0.508,0.53,0.0,0.0,-1.75,-5.38,-88.56,-88.46,0.0,0.0,0.0,0.0,0.0,0.0,-0.4,1.0,1.0,0.0,0.0,-0.0,-0.0,0.0,0.0,0.0,0.0,0.0,0.0,0.0,0.0,167.0,93.0,107.0,161.0,18.0,7.0,12.0,54.0,15.0,6.0,0.0
155.168,52,176995.0,601.0,85.0,600.0,619.0,0.0,1.0,0.0,0.0,0.49,0.02,0.5,0.516,0.496,0.034,0.508,0.53,0.0,0.0,-1.75,-5.38,-88.56,-88.46,0.0,0.0,0.0,0.0,0.0,0.0,-0.4,1.0,1.0,0.0,0.0,-0.0,-0.0,0.0,0.0,0.0,0.0,0.0,0.0,0.0,0.0,167.0,93.0,107.0,161.0,18.0,7.0,12.0,54.0,15.0,6.0,0.0
155.234,53,177048.0,601.0,85.0,600.0,619.0,0.0,1.0,0.0,0.0,0.496,0.02,0.5,0.516,0.503,0.034,0.508,0.53,0.0,0.0,-1.75,-5.38,-88.56,-88.46,0.0,0.0,0.0,0.0,0.0,0.0,-0.4,1.0,1.0,0.0,0.0,-0.0,-0.0,0.0,0.0,0.0,0.0,0.0,0.0,0.0,0.0,167.0,93.0,107.0,161.0,18.0,7.0,12.0,54.0,15.0,6.0,1.0
155.3,53,177101.0,588.0,85.0,600.0,619.0,0.0,1.0,0.0,0.0,0.496,0.02,0.5,0.516,0.503,0.034,0.508,0.53,0.0,0.0,-1.75,-5.37,-88.56,-88.46,0.0,0.0,0.0,0.0,0.0,0.0,-0.4,1.0,1.0,0.0,0.0,-0.0,-0.0,0.0,0.0,0.0,0.0,0.0,0.0,0.0,0.0,167.0,93.0,107.0,161.0,18.0,7.0,12.0,54.0,15.0,6.0,0.0
155.339,53,177154.0,588.0,84.0,600.0,619.0,0.0,1.0,0.0,0.0,0.496,0.02,0.5,0.516,0.503,0.034,0.508,0.53,0.0,0.0,-1.75,-5.38,-88.56,-88.46,0.0,0.0,0.0,0.0,0.0,0.0,-0.4,1.0,1.0,0.0,0.0,-0.0,-0.0,0.0,0.0,0.0,0.0,0.0,0.0,0.0,0.0,167.0,93.0,107.0,161.0,18.0,7.0,12.0,54.0,15.0,6.0,0.0
155.405,52,177206.0,588.0,84.0,600.0,619.0,0.0,1.0,0.0,0.0,0.496,0.02,0.5,0.516,0.503,0.034,0.508,0.53,0.0,0.0,-1.75,-5.38,-88.56,-88.46,0.0,0.0,0.0,0.0,0.0,0.0,-0.4,1.0,1.0,0.0,0.0,-0.0,-0.0,0.0,0.0,0.0,0.0,0.0,0.0,0.0,0.0,167.0,93.0,107.0,161.0,18.0,7.0,12.0,54.0,15.0,6.0,0.0
155.438,53,177259.0,588.0,84.0,600.0,621.0,0.0,1.0,0.0,0.0,0.493,0.019,0.5,0.516,0.501,0.034,0.508,0.531,0.0,0.0,-1.75,-5.37,-88.56,-88.46,0.0,0.0,0.0,0.0,0.0,0.0,-0.4,1.0,1.0,0.0,0.0,-0.0,-0.0,0.0,0.0,0.0,0.0,0.0,0.0,0.0,0.0,167.0,93.0,107.0,161.0,18.0,7.0,12.0,54.0,15.0,6.0,0.0
155.503,54,177313.0,590.0,84.0,600.0,621.0,0.0,1.0,0.0,0.0,0.493,0.019,0.5,0.516,0.501,0.034,0.508,0.531,0.0,0.0,-1.75,-5.37,-88.56,-88.46,0.0,0.0,0.0,0.0,0.0,0.0,-0.4,1.0,1.0,0.0,0.0,-0.0,-0.0,0.0,0.0,0.0,0.0,0.0,0.0,0.0,0.0,167.0,93.0,107.0,161.0,18.0,7.0,12.0,54.0,15.0,6.0,0.0
155.57,53,177366.0,590.0,84.0,600.0,621.0,0.0,1.0,0.0,0.0,0.493,0.019,0.5,0.516,0.501,0.034,0.508,0.531,0.0,0.0,-1.75,-5.37,-88.56,-88.46,0.0,0.0,0.0,0.0,0.0,0.0,-0.4,1.0,1.0,0.0,0.0,-0.0,-0.0,0.0,0.0,0.0,0.0,0.0,0.0,0.0,0.0,167.0,93.0,107.0,161.0,18.0,7.0,12.0,54.0,15.0,6.0,0.0
155.603,52,177418.0,590.0,84.0,600.0,621.0,0.0,1.0,0.0,0.0,0.493,0.019,0.5,0.516,0.501,0.034,0.508,0.531,0.0,0.0,-1.75,-5.37,-88.56,-88.46,0.0,0.0,0.0,0.0,0.0,0.0,-0.4,1.0,1.0,0.0,0.0,-0.0,-0.0,0.0,0.0,0.0,0.0,0.0,0.0,0.0,0.0,167.0,93.0,107.0,161.0,18.0,7.0,12.0,54.0,15.0,6.0,0.0
155.669,52,177470.0,590.0,84.0,600.0,620.0,0.0,1.0,0.0,0.0,0.492,0.019,0.5,0.516,0.5,0.034,0.508,0.531,0.0,0.0,-1.75,-5.37,-88.56,-88.46,0.0,0.0,0.0,0.0,0.0,0.0,-0.4,1.0,1.0,0.0,0.0,-0.0,-0.0,0.0,0.0,0.0,0.0,0.0,0.0,0.0,0.0,167.0,93.0,107.0,161.0,18.0,7.0,12.0,54.0,15.0,6.0,0.0
155.701,53,177523.0,590.0,84.0,600.0,620.0,0.0,1.0,0.0,0.0,0.492,0.019,0.5,0.516,0.5,0.034,0.508,0.531,0.0,0.0,-1.75,-5.37,-88.56,-88.46,0.0,0.0,0.0,0.0,0.0,0.0,-0.4,1.0,1.0,0.0,0.0,-0.0,-0.0,0.0,0.0,0.0,0.0,0.0,0.0,0.0,0.0,167.0,93.0,107.0,161.0,18.0,7.0,12.0,54.0,15.0,6.0,0.0
155.774,52,177575.0,590.0,85.0,600.0,620.0,0.0,1.0,0.0,0.0,0.492,0.019,0.5,0.516,0.5,0.034,0.508,0.531,0.0,0.0,-1.75,-5.37,-88.56,-88.46,0.0,0.0,0.0,0.0,0.0,0.0,-0.4,1.0,1.0,0.0,0.0,-0.0,-0.0,0.0,0.0,0.0,0.0,0.0,0.0,0.0,0.0,167.0,93.0,107.0,161.0,18.0,7.0,12.0,54.0,15.0,6.0,1.0
155.807,52,177627.0,590.0,85.0,600.0,620.0,0.0,1.0,0.0,0.0,0.492,0.019,0.5,0.516,0.5,0.034,0.508,0.531,0.0,0.0,-1.75,-5.37,-88.56,-88.46,0.0,0.0,0.0,0.0,0.0,0.0,-0.4,1.0,1.0,0.0,0.0,-0.0,-0.0,0.0,0.0,0.0,0.0,0.0,0.0,0.0,0.0,167.0,93.0,107.0,161.0,18.0,7.0,12.0,54.0,15.0,6.0,0.0
155.873,52,177679.0,590.0,85.0,600.0,621.0,0.0,1.0,0.0,0.0,0.492,0.019,0.5,0.517,0.5,0.034,0.508,0.531,0.0,0.0,-1.75,-5.37,-88.56,-88.46,0.0,0.0,0.0,0.0,0.0,0.0,-0.4,1.0,1.0,0.0,0.0,-0.0,-0.0,0.0,0.0,0.0,0.0,0.0,0.0,0.0,0.0,167.0,93.0,107.0,161.0,18.0,7.0,12.0,54.0,15.0,6.0,1.0
155.907,54,177733.0,590.0,85.0,600.0,621.0,0.0,1.0,0.0,0.0,0.492,0.019,0.5,0.517,0.5,0.034,0.508,0.531,0.0,0.0,-1.76,-5.36,-88.56,-88.46,0.0,0.0,0.0,0.0,0.0,0.0,-0.4,1.0,1.0,0.0,0.0,-0.0,-0.0,0.0,0.0,0.0,0.0,0.0,0.0,0.0,0.0,167.0,93.0,107.0,161.0,18.0,7.0,12.0,54.0,15.0,6.0,0.0
155.974,52,177785.0,590.0,84.0,600.0,621.0,0.0,1.0,0.0,0.0,0.492,0.019,0.5,0.517,0.5,0.034,0.508,0.531,0.0,0.0,-1.76,-5.36,-88.56,-88.46,0.0,0.0,0.0,0.0,0.0,0.0,-0.4,1.0,1.0,0.0,0.0,-0.0,-0.0,0.0,0.0,0.0,0.0,0.0,0.0,0.0,0.0,167.0,93.0,107.0,161.0,18.0,7.0,12.0,54.0,15.0,6.0,0.0
156.039,53,177838.0,590.0,84.0,600.0,621.0,0.0,1.0,0.0,0.0,0.492,0.019,0.5,0.517,0.5,0.034,0.508,0.531,0.0,0.0,-1.76,-5.36,-88.56,-88.46,0.0,0.0,0.0,0.0,0.0,0.0,-0.4,1.0,1.0,0.0,0.0,-0.0,-0.0,0.0,0.0,0.0,0.0,0.0,0.0,0.0,0.0,167.0,93.0,107.0,161.0,18.0,7.0,12.0,54.0,15.0,6.0,0.0
156.072,52,177890.0,590.0,84.0,600.0,620.0,0.0,1.0,0.0,0.0,0.492,0.019,0.5,0.517,0.5,0.034,0.508,0.531,0.0,0.0,-1.76,-5.36,-88.56,-88.46,0.0,0.0,0.0,0.0,0.0,0.0,-0.4,1.0,1.0,0.0,0.0,-0.0,-0.0,0.0,0.0,0.0,0.0,0.0,0.0,0.0,0.0,167.0,93.0,107.0,161.0,18.0,7.0,12.0,54.0,15.0,6.0,1.0
156.147,53,177943.0,594.0,84.0,600.0,620.0,0.0,1.0,0.0,0.0,0.492,0.019,0.5,0.517,0.5,0.034,0.508,0.531,0.0,0.0,-1.77,-5.35,-88.56,-88.46,0.0,0.0,0.0,0.0,0.0,0.0,-0.4,1.0,1.0,0.0,0.0,-0.0,-0.0,0.0,0.0,0.0,0.0,0.0,0.0,0.0,0.0,167.0,93.0,107.0,161.0,18.0,7.0,12.0,54.0,15.0,6.0,0.0
156.18,51,177994.0,594.0,84.0,600.0,620.0,0.0,1.0,0.0,0.0,0.492,0.019,0.5,0.517,0.5,0.034,0.508,0.531,0.0,0.0,-1.77,-5.35,-88.56,-88.46,0.0,0.0,0.0,0.0,0.0,0.0,-0.4,1.0,1.0,0.0,0.0,-0.0,-0.0,0.0,0.0,0.0,0.0,0.0,0.0,0.0,0.0,167.0,93.0,107.0,161.0,18.0,7.0,12.0,54.0,15.0,6.0,0.0
156.246,53,178047.0,594.0,84.0,600.0,620.0,0.0,1.0,0.0,0.0,0.492,0.019,0.5,0.517,0.5,0.034,0.508,0.531,0.0,0.0,-1.77,-5.35,-88.56,-88.46,0.0,0.0,0.0,0.0,0.0,0.0,-0.4,1.0,1.0,0.0,0.0,-0.0,-0.0,0.0,0.0,0.0,0.0,0.0,0.0,0.0,0.0,167.0,93.0,107.0,161.0,18.0,7.0,12.0,54.0,15.0,6.0,0.0
156.279,52,178099.0,594.0,84.0,600.0,621.0,0.0,1.0,0.0,0.0,0.493,0.019,0.5,0.517,0.501,0.034,0.508,0.531,0.0,0.0,-1.77,-5.35,-88.56,-88.46,0.0,0.0,0.0,0.0,0.0,0.0,-0.4,1.0,1.0,0.0,0.0,-0.0,-0.0,0.0,0.0,0.0,0.0,0.0,0.0,0.0,0.0,167.0,93.0,107.0,161.0,18.0,7.0,12.0,54.0,15.0,6.0,0.0
156.345,54,178153.0,598.0,84.0,600.0,621.0,0.0,1.0,0.0,0.0,0.493,0.019,0.5,0.517,0.501,0.034,0.508,0.531,0.0,0.0,-1.77,-5.35,-88.56,-88.46,0.0,0.0,0.0,0.0,0.0,0.0,-0.4,1.0,1.0,0.0,0.0,-0.0,-0.0,0.0,0.0,0.0,0.0,0.0,0.0,0.0,0.0,167.0,93.0,107.0,161.0,18.0,7.0,12.0,54.0,15.0,6.0,0.0
156.378,52,178205.0,598.0,86.0,600.0,621.0,0.0,1.0,0.0,0.0,0.493,0.019,0.5,0.517,0.501,0.034,0.508,0.531,0.0,0.0,-1.77,-5.35,-88.56,-88.46,0.0,0.0,0.0,0.0,0.0,0.0,-0.4,1.0,1.0,0.0,0.0,-0.0,-0.0,0.0,0.0,0.0,0.0,0.0,0.0,0.0,0.0,167.0,93.0,107.0,161.0,18.0,7.0,12.0,54.0,15.0,6.0,0.0
156.445,53,178258.0,598.0,86.0,600.0,621.0,0.0,1.0,0.0,0.0,0.493,0.019,0.5,0.517,0.501,0.034,0.508,0.531,0.0,0.0,-1.77,-5.36,-88.56,-88.46,0.0,0.0,0.0,0.0,0.0,0.0,-0.4,1.0,1.0,0.0,0.0,-0.0,-0.0,0.0,0.0,0.0,0.0,0.0,0.0,0.0,0.0,167.0,93.0,107.0,161.0,18.0,7.0,12.0,54.0,15.0,6.0,0.0
156.512,52,178310.0,598.0,86.0,600.0,620.0,0.0,1.0,0.0,0.0,0.496,0.02,0.5,0.517,0.504,0.034,0.508,0.531,0.0,0.0,-1.77,-5.36,-88.55,-88.46,0.0,0.0,0.0,0.0,0.0,0.0,-0.4,1.0,1.0,0.0,0.0,-0.0,-0.0,0.0,0.0,0.0,0.0,0.0,0.0,0.0,0.0,167.0,93.0,107.0,161.0,18.0,7.0,12.0,54.0,15.0,6.0,1.0
156.545,53,178363.0,599.0,86.0,600.0,620.0,0.0,1.0,0.0,0.0,0.496,0.02,0.5,0.517,0.504,0.034,0.508,0.531,0.0,0.0,-1.77,-5.36,-88.55,-88.46,0.0,0.0,0.0,0.0,0.0,0.0,-0.4,1.0,1.0,0.0,0.0,-0.0,-0.0,0.0,0.0,0.0,0.0,0.0,0.0,0.0,0.0,167.0,93.0,107.0,161.0,18.0,7.0,12.0,54.0,15.0,6.0,0.0
156.609,53,178416.0,599.0,85.0,600.0,620.0,0.0,1.0,0.0,0.0,0.496,0.02,0.5,0.517,0.504,0.034,0.508,0.531,0.0,0.0,-1.76,-5.36,-88.55,-88.46,0.0,0.0,0.0,0.0,0.0,0.0,-0.4,1.0,1.0,0.0,0.0,-0.0,-0.0,0.0,0.0,0.0,0.0,0.0,0.0,0.0,0.0,167.0,93.0,107.0,161.0,18.0,7.0,12.0,54.0,15.0,6.0,0.0
156.641,52,178468.0,599.0,85.0,600.0,620.0,0.0,1.0,0.0,0.0,0.496,0.02,0.5,0.517,0.504,0.034,0.508,0.531,0.0,0.0,-1.76,-5.36,-88.55,-88.46,0.0,0.0,0.0,0.0,0.0,0.0,-0.4,1.0,1.0,0.0,0.0,-0.0,-0.0,0.0,0.0,0.0,0.0,0.0,0.0,0.0,0.0,167.0,93.0,107.0,161.0,18.0,7.0,12.0,54.0,15.0,6.0,0.0
156.707,52,178520.0,599.0,85.0,600.0,620.0,0.0,1.0,0.0,0.0,0.498,0.02,0.5,0.517,0.506,0.034,0.508,0.531,0.0,0.0,-1.77,-5.36,-88.55,-88.46,0.0,0.0,0.0,0.0,0.0,0.0,-0.4,1.0,1.0,0.0,0.0,-0.0,-0.0,0.0,0.0,0.0,0.0,0.0,0.0,0.0,0.0,167.0,93.0,107.0,161.0,18.0,7.0,12.0,54.0,15.0,6.0,1.0
156.773,54,178574.0,599.0,85.0,600.0,620.0,0.0,1.0,0.0,0.0,0.498,0.02,0.5,0.517,0.506,0.034,0.508,0.531,0.0,0.0,-1.77,-5.36,-88.55,-88.46,0.0,0.0,0.0,0.0,0.0,0.0,-0.4,1.0,1.0,0.0,0.0,-0.0,-0.0,0.0,0.0,0.0,0.0,0.0,0.0,0.0,0.0,167.0,93.0,107.0,161.0,18.0,7.0,12.0,54.0,15.0,6.0,0.0
156.805,51,178625.0,599.0,84.0,600.0,620.0,0.0,1.0,0.0,0.0,0.498,0.02,0.5,0.517,0.506,0.034,0.508,0.531,0.0,0.0,-1.77,-5.35,-88.55,-88.46,0.0,0.0,0.0,0.0,0.0,0.0,-0.4,1.0,1.0,0.0,0.0,-0.0,-0.0,0.0,0.0,0.0,0.0,0.0,0.0,0.0,0.0,167.0,93.0,107.0,161.0,18.0,7.0,12.0,54.0,15.0,6.0,0.0
156.87,54,178679.0,599.0,84.0,600.0,620.0,0.0,1.0,0.0,0.0,0.498,0.02,0.5,0.517,0.506,0.034,0.508,0.531,0.0,0.0,-1.77,-5.35,-88.55,-88.46,0.0,0.0,0.0,0.0,0.0,0.0,-0.4,1.0,1.0,0.0,0.0,-0.0,-0.0,0.0,0.0,0.0,0.0,0.0,0.0,0.0,0.0,167.0,93.0,107.0,161.0,18.0,7.0,12.0,54.0,15.0,6.0,0.0
156.904,52,178731.0,599.0,84.0,600.0,623.0,0.0,1.0,0.0,0.0,0.499,0.019,0.5,0.518,0.507,0.034,0.508,0.532,0.0,0.0,-1.77,-5.35,-88.55,-88.46,0.0,0.0,0.0,0.0,0.0,0.0,-0.4,1.0,1.0,0.0,0.0,-0.0,-0.0,0.0,0.0,0.0,0.0,0.0,0.0,0.0,0.0,167.0,93.0,107.0,161.0,18.0,7.0,12.0,54.0,15.0,6.0,1.0
156.975,53,178784.0,598.0,84.0,600.0,623.0,0.0,1.0,0.0,0.0,0.499,0.019,0.5,0.518,0.507,0.034,0.508,0.532,0.0,0.0,-1.78,-5.36,-88.55,-88.46,0.0,0.0,0.0,0.0,0.0,0.0,-0.4,1.0,1.0,0.0,0.0,-0.0,-0.0,0.0,0.0,0.0,0.0,0.0,0.0,0.0,0.0,167.0,93.0,107.0,161.0,18.0,7.0,12.0,54.0,15.0,6.0,0.0
157.009,52,178836.0,598.0,85.0,600.0,623.0,0.0,1.0,0.0,0.0,0.499,0.019,0.5,0.518,0.507,0.034,0.508,0.532,0.0,0.0,-1.77,-5.36,-88.55,-88.46,0.0,0.0,0.0,0.0,0.0,0.0,-0.4,1.0,1.0,0.0,0.0,-0.0,-0.0,0.0,0.0,0.0,0.0,0.0,0.0,0.0,0.0,167.0,93.0,107.0,161.0,18.0,7.0,12.0,54.0,15.0,6.0,0.0
157.074,53,178889.0,598.0,85.0,600.0,623.0,0.0,1.0,0.0,0.0,0.499,0.019,0.5,0.518,0.507,0.034,0.508,0.532,0.0,0.0,-1.76,-5.36,-88.55,-88.46,0.0,0.0,0.0,0.0,0.0,0.0,-0.4,1.0,1.0,0.0,0.0,-0.0,-0.0,0.0,0.0,0.0,0.0,0.0,0.0,0.0,0.0,167.0,93.0,107.0,161.0,18.0,7.0,12.0,54.0,15.0,6.0,0.0
157.14,53,178942.0,598.0,85.0,600.0,625.0,0.0,1.0,0.0,0.0,0.498,0.02,0.5,0.519,0.506,0.034,0.508,0.534,0.0,0.0,-1.76,-5.36,-88.55,-88.46,0.0,0.0,0.0,0.0,0.0,0.0,-0.4,1.0,1.0,0.0,0.0,-0.0,-0.0,0.0,0.0,0.0,0.0,0.0,0.0,0.0,0.0,167.0,93.0,107.0,161.0,18.0,7.0,12.0,54.0,15.0,6.0,0.0
157.172,54,178996.0,593.0,85.0,600.0,625.0,0.0,1.0,0.0,0.0,0.498,0.02,0.5,0.519,0.506,0.034,0.508,0.534,0.0,0.0,-1.76,-5.36,-88.55,-88.46,0.0,0.0,0.0,0.0,0.0,0.0,-0.4,1.0,1.0,0.0,0.0,-0.0,-0.0,0.0,0.0,0.0,0.0,0.0,0.0,0.0,0.0,167.0,93.0,107.0,161.0,18.0,7.0,12.0,54.0,15.0,6.0,0.0
157.235,53,179049.0,593.0,84.0,600.0,625.0,0.0,1.0,0.0,0.0,0.498,0.02,0.5,0.519,0.506,0.034,0.508,0.534,0.0,0.0,-1.76,-5.36,-88.55,-88.46,0.0,0.0,0.0,0.0,0.0,0.0,-0.4,1.0,1.0,0.0,0.0,-0.0,-0.0,0.0,0.0,0.0,0.0,0.0,0.0,0.0,0.0,167.0,93.0,107.0,161.0,18.0,7.0,12.0,54.0,15.0,6.0,1.0
157.3,53,179102.0,593.0,84.0,600.0,625.0,0.0,1.0,0.0,0.0,0.498,0.02,0.5,0.519,0.506,0.034,0.508,0.534,0.0,0.0,-1.76,-5.36,-88.55,-88.46,0.0,0.0,0.0,0.0,0.0,0.0,-0.4,1.0,1.0,0.0,0.0,-0.0,-0.0,0.0,0.0,0.0,0.0,0.0,0.0,0.0,0.0,167.0,93.0,107.0,161.0,18.0,7.0,12.0,54.0,15.0,6.0,1.0
157.333,52,179154.0,593.0,84.0,600.0,625.0,0.0,1.0,0.0,0.0,0.496,0.019,0.5,0.52,0.504,0.034,0.508,0.534,0.0,0.0,-1.76,-5.36,-88.55,-88.46,0.0,0.0,0.0,0.0,0.0,0.0,-0.4,1.0,1.0,0.0,0.0,-0.0,-0.0,0.0,0.0,0.0,0.0,0.0,0.0,0.0,0.0,167.0,93.0,107.0,161.0,18.0,7.0,12.0,54.0,15.0,6.0,0.0
157.399,53,179207.0,587.0,84.0,600.0,625.0,0.0,1.0,0.0,0.0,0.496,0.019,0.5,0.52,0.504,0.034,0.508,0.534,0.0,0.0,-1.76,-5.36,-88.55,-88.46,0.0,0.0,0.0,0.0,0.0,0.0,-0.4,1.0,1.0,0.0,0.0,-0.0,-0.0,0.0,0.0,0.0,0.0,0.0,0.0,0.0,0.0,167.0,93.0,107.0,161.0,18.0,7.0,12.0,54.0,15.0,6.0,0.0
157.432,53,179260.0,587.0,84.0,600.0,625.0,0.0,1.0,0.0,0.0,0.496,0.019,0.5,0.52,0.504,0.034,0.508,0.534,0.0,0.0,-1.76,-5.36,-88.55,-88.46,0.0,0.0,0.0,0.0,0.0,0.0,-0.4,1.0,1.0,0.0,0.0,-0.0,-0.0,0.0,0.0,0.0,0.0,0.0,0.0,0.0,0.0,167.0,93.0,107.0,161.0,18.0,7.0,12.0,54.0,15.0,6.0,1.0
157.498,52,179312.0,587.0,84.0,600.0,625.0,0.0,1.0,0.0,0.0,0.496,0.019,0.5,0.52,0.504,0.034,0.508,0.534,0.0,0.0,-1.77,-5.36,-88.55,-88.46,0.0,0.0,0.0,0.0,0.0,0.0,-0.4,1.0,1.0,0.0,0.0,-0.0,-0.0,0.0,0.0,0.0,0.0,0.0,0.0,0.0,0.0,167.0,93.0,107.0,161.0,18.0,7.0,12.0,54.0,15.0,6.0,0.0
157.575,53,179365.0,587.0,84.0,600.0,624.0,0.0,1.0,0.0,0.0,0.492,0.019,0.5,0.52,0.501,0.034,0.508,0.534,0.0,0.0,-1.77,-5.36,-88.55,-88.46,0.0,0.0,0.0,0.0,0.0,0.0,-0.4,1.0,1.0,0.0,0.0,-0.0,-0.0,0.0,0.0,0.0,0.0,0.0,0.0,0.0,0.0,167.0,93.0,107.0,161.0,18.0,7.0,12.0,54.0,15.0,6.0,0.0
157.607,53,179418.0,587.0,84.0,600.0,624.0,0.0,1.0,0.0,0.0,0.492,0.019,0.5,0.52,0.501,0.034,0.508,0.534,0.0,0.0,-1.77,-5.36,-88.55,-88.46,0.0,0.0,0.0,0.0,0.0,0.0,-0.4,1.0,1.0,0.0,0.0,-0.0,-0.0,0.0,0.0,0.0,0.0,0.0,0.0,0.0,0.0,167.0,93.0,107.0,161.0,18.0,7.0,12.0,54.0,15.0,6.0,0.0
157.672,52,179470.0,587.0,85.0,600.0,624.0,0.0,1.0,0.0,0.0,0.492,0.019,0.5,0.52,0.501,0.034,0.508,0.534,0.0,0.0,-1.77,-5.36,-88.55,-88.46,0.0,0.0,0.0,0.0,0.0,0.0,-0.4,1.0,1.0,0.0,0.0,-0.0,-0.0,0.0,0.0,0.0,0.0,0.0,0.0,0.0,0.0,167.0,93.0,107.0,161.0,18.0,7.0,12.0,54.0,15.0,6.0,0.0
157.705,53,179523.0,587.0,85.0,600.0,624.0,0.0,1.0,0.0,0.0,0.492,0.019,0.5,0.52,0.501,0.034,0.508,0.534,0.0,0.0,-1.77,-5.36,-88.55,-88.46,0.0,0.0,0.0,0.0,0.0,0.0,-0.4,1.0,1.0,0.0,0.0,-0.0,-0.0,0.0,0.0,0.0,0.0,0.0,0.0,0.0,0.0,167.0,93.0,107.0,161.0,18.0,7.0,12.0,54.0,15.0,6.0,0.0
157.778,53,179576.0,587.0,85.0,600.0,623.0,0.0,1.0,0.0,0.0,0.49,0.019,0.5,0.519,0.499,0.034,0.508,0.534,0.0,0.0,-1.77,-5.36,-88.55,-88.46,0.0,0.0,0.0,0.0,0.0,0.0,-0.4,1.0,1.0,0.0,0.0,-0.0,-0.0,0.0,0.0,0.0,0.0,0.0,0.0,0.0,0.0,167.0,93.0,107.0,161.0,18.0,7.0,12.0,54.0,15.0,6.0,0.0
157.81,53,179629.0,582.0,85.0,600.0,623.0,0.0,1.0,0.0,0.0,0.49,0.019,0.5,0.519,0.499,0.034,0.508,0.534,0.0,0.0,-1.78,-5.36,-88.55,-88.46,0.0,0.0,0.0,0.0,0.0,0.0,-0.4,1.0,1.0,0.0,0.0,-0.0,-0.0,0.0,0.0,0.0,0.0,0.0,0.0,0.0,0.0,167.0,93.0,107.0,161.0,18.0,7.0,12.0,54.0,15.0,6.0,0.0
157.875,52,179681.0,582.0,86.0,600.0,623.0,0.0,1.0,0.0,0.0,0.49,0.019,0.5,0.519,0.499,0.034,0.508,0.534,0.0,0.0,-1.78,-5.36,-88.55,-88.46,0.0,0.0,0.0,0.0,0.0,0.0,-0.4,1.0,1.0,0.0,0.0,-0.0,-0.0,0.0,0.0,0.0,0.0,0.0,0.0,0.0,0.0,167.0,93.0,107.0,161.0,18.0,7.0,12.0,54.0,15.0,6.0,0.0
157.908,53,179734.0,582.0,86.0,600.0,623.0,0.0,1.0,0.0,0.0,0.49,0.019,0.5,0.519,0.499,0.034,0.508,0.534,0.0,0.0,-1.78,-5.36,-88.55,-88.46,0.0,0.0,0.0,0.0,0.0,0.0,-0.4,1.0,1.0,0.0,0.0,-0.0,-0.0,0.0,0.0,0.0,0.0,0.0,0.0,0.0,0.0,167.0,93.0,107.0,161.0,18.0,7.0,12.0,54.0,15.0,6.0,0.0
157.973,52,179786.0,582.0,86.0,600.0,620.0,0.0,1.0,0.0,0.0,0.487,0.02,0.5,0.518,0.496,0.034,0.508,0.533,0.0,0.0,-1.78,-5.36,-88.55,-88.46,0.0,0.0,0.0,0.0,0.0,0.0,-0.4,1.0,1.0,0.0,0.0,-0.0,-0.0,0.0,0.0,0.0,0.0,0.0,0.0,0.0,0.0,167.0,93.0,107.0,161.0,18.0,7.0,12.0,54.0,15.0,6.0,0.0
158.037,54,179840.0,580.0,86.0,600.0,620.0,0.0,1.0,0.0,0.0,0.487,0.02,0.5,0.518,0.496,0.034,0.508,0.533,0.0,0.0,-1.78,-5.36,-88.55,-88.46,0.0,0.0,0.0,0.0,0.0,0.0,-0.4,1.0,1.0,0.0,0.0,-0.0,-0.0,0.0,0.0,0.0,0.0,0.0,0.0,0.0,0.0,167.0,93.0,107.0,161.0,18.0,7.0,12.0,54.0,15.0,6.0,0.0
158.07,53,179893.0,580.0,86.0,600.0,620.0,0.0,1.0,0.0,0.0,0.487,0.02,0.5,0.518,0.496,0.034,0.508,0.533,0.0,0.0,-1.78,-5.37,-88.55,-88.46,0.0,0.0,0.0,0.0,0.0,0.0,-0.4,1.0,1.0,0.0,0.0,-0.0,-0.0,0.0,0.0,0.0,0.0,0.0,0.0,0.0,0.0,167.0,93.0,107.0,161.0,18.0,7.0,12.0,54.0,15.0,6.0,0.0
158.137,52,179945.0,580.0,86.0,600.0,620.0,0.0,1.0,0.0,0.0,0.487,0.02,0.5,0.518,0.496,0.034,0.508,0.533,0.0,0.0,-1.78,-5.37,-88.55,-88.46,0.0,0.0,0.0,0.0,0.0,0.0,-0.4,1.0,1.0,0.0,0.0,-0.0,-0.0,0.0,0.0,0.0,0.0,0.0,0.0,0.0,0.0,167.0,93.0,107.0,161.0,18.0,7.0,12.0,54.0,15.0,6.0,0.0
158.201,54,179999.0,580.0,86.0,600.0,618.0,0.0,1.0,0.0,0.0,0.485,0.02,0.5,0.516,0.493,0.034,0.508,0.531,0.0,0.0,-1.78,-5.37,-88.55,-88.46,0.0,0.0,0.0,0.0,0.0,0.0,-0.4,1.0,1.0,0.0,0.0,-0.0,-0.0,0.0,0.0,0.0,0.0,0.0,0.0,0.0,0.0,167.0,93.0,107.0,161.0,18.0,7.0,12.0,54.0,15.0,6.0,0.0
158.232,53,180052.0,579.0,86.0,600.0,618.0,0.0,1.0,0.0,0.0,0.485,0.02,0.5,0.516,0.493,0.034,0.508,0.531,0.0,0.0,-1.78,-5.37,-88.55,-88.46,0.0,0.0,0.0,0.0,0.0,0.0,-0.4,1.0,1.0,0.0,0.0,-0.0,-0.0,0.0,0.0,0.0,0.0,0.0,0.0,0.0,0.0,167.0,93.0,107.0,161.0,18.0,7.0,12.0,54.0,15.0,6.0,1.0
158.298,53,180105.0,579.0,87.0,600.0,618.0,0.0,1.0,0.0,0.0,0.485,0.02,0.5,0.516,0.493,0.034,0.508,0.531,0.0,0.0,-1.78,-5.37,-88.55,-88.46,0.0,0.0,0.0,0.0,0.0,0.0,-0.4,1.0,1.0,0.0,0.0,-0.0,-0.0,0.0,0.0,0.0,0.0,0.0,0.0,0.0,0.0,167.0,93.0,107.0,161.0,18.0,7.0,12.0,54.0,15.0,6.0,0.0
158.34,52,180157.0,579.0,87.0,600.0,618.0,0.0,1.0,0.0,0.0,0.485,0.02,0.5,0.516,0.493,0.034,0.508,0.531,0.0,0.0,-1.78,-5.37,-88.55,-88.46,0.0,0.0,0.0,0.0,0.0,0.0,-0.4,1.0,1.0,0.0,0.0,-0.0,-0.0,0.0,0.0,0.0,0.0,0.0,0.0,0.0,0.0,167.0,93.0,107.0,161.0,18.0,7.0,12.0,54.0,15.0,6.0,0.0
158.406,53,180210.0,579.0,87.0,600.0,617.0,0.0,1.0,0.0,0.0,0.483,0.02,0.5,0.515,0.491,0.035,0.508,0.53,0.0,0.0,-1.78,-5.37,-88.55,-88.46,0.0,0.0,0.0,0.0,0.0,0.0,-0.4,1.0,1.0,0.0,0.0,-0.0,-0.0,0.0,0.0,0.0,0.0,0.0,0.0,0.0,0.0,167.0,93.0,107.0,161.0,18.0,7.0,12.0,54.0,15.0,6.0,0.0
158.439,54,180264.0,580.0,87.0,600.0,617.0,0.0,1.0,0.0,0.0,0.483,0.02,0.5,0.515,0.491,0.035,0.508,0.53,0.0,0.0,-1.78,-5.37,-88.55,-88.46,0.0,0.0,0.0,0.0,0.0,0.0,-0.4,1.0,1.0,0.0,0.0,-0.0,-0.0,0.0,0.0,0.0,0.0,0.0,0.0,0.0,0.0,167.0,93.0,107.0,161.0,18.0,7.0,12.0,54.0,15.0,6.0,0.0
158.506,53,180317.0,580.0,87.0,600.0,617.0,0.0,1.0,0.0,0.0,0.483,0.02,0.5,0.515,0.491,0.035,0.508,0.53,0.0,0.0,-1.79,-5.37,-88.55,-88.46,0.0,0.0,0.0,0.0,0.0,0.0,-0.4,1.0,1.0,0.0,0.0,-0.0,-0.0,0.0,0.0,0.0,0.0,0.0,0.0,0.0,0.0,167.0,93.0,107.0,161.0,18.0,7.0,12.0,54.0,15.0,6.0,0.0
158.573,52,180369.0,580.0,87.0,600.0,617.0,0.0,1.0,0.0,0.0,0.483,0.02,0.5,0.515,0.491,0.035,0.508,0.53,0.0,0.0,-1.78,-5.37,-88.55,-88.46,0.0,0.0,0.0,0.0,0.0,0.0,-0.4,1.0,1.0,0.0,0.0,-0.0,-0.0,0.0,0.0,0.0,0.0,0.0,0.0,0.0,0.0,167.0,93.0,107.0,161.0,18.0,7.0,12.0,54.0,15.0,6.0,0.0
158.605,53,180422.0,580.0,87.0,600.0,620.0,0.0,1.0,0.0,0.0,0.483,0.02,0.5,0.516,0.491,0.035,0.508,0.53,0.0,0.0,-1.78,-5.37,-88.55,-88.46,0.0,0.0,0.0,0.0,0.0,0.0,-0.4,1.0,1.0,0.0,0.0,-0.0,-0.0,0.0,0.0,0.0,0.0,0.0,0.0,0.0,0.0,167.0,93.0,107.0,161.0,18.0,7.0,12.0,54.0,15.0,6.0,0.0
158.669,53,180475.0,578.0,87.0,600.0,620.0,0.0,1.0,0.0,0.0,0.483,0.02,0.5,0.516,0.491,0.035,0.508,0.53,0.0,0.0,-1.78,-5.37,-88.55,-88.46,0.0,0.0,0.0,0.0,0.0,0.0,-0.4,1.0,1.0,0.0,0.0,-0.0,-0.0,0.0,0.0,0.0,0.0,0.0,0.0,0.0,0.0,167.0,93.0,107.0,161.0,18.0,7.0,12.0,54.0,15.0,6.0,0.0
158.702,53,180528.0,578.0,86.0,600.0,620.0,0.0,1.0,0.0,0.0,0.483,0.02,0.5,0.516,0.491,0.035,0.508,0.53,0.0,0.0,-1.79,-5.38,-88.55,-88.46,0.0,0.0,0.0,0.0,0.0,0.0,-0.4,1.0,1.0,0.0,0.0,-0.0,-0.0,0.0,0.0,0.0,0.0,0.0,0.0,0.0,0.0,167.0,93.0,107.0,161.0,18.0,7.0,12.0,54.0,15.0,6.0,0.0
158.768,52,180580.0,578.0,86.0,600.0,620.0,0.0,1.0,0.0,0.0,0.483,0.02,0.5,0.516,0.491,0.035,0.508,0.53,0.0,0.0,-1.79,-5.38,-88.55,-88.46,0.0,0.0,0.0,0.0,0.0,0.0,-0.4,1.0,1.0,0.0,0.0,-0.0,-0.0,0.0,0.0,0.0,0.0,0.0,0.0,0.0,0.0,167.0,93.0,107.0,161.0,18.0,7.0,12.0,54.0,15.0,6.0,0.0
158.831,53,180633.0,578.0,86.0,600.0,620.0,0.0,1.0,0.0,0.0,0.482,0.02,0.5,0.516,0.49,0.035,0.508,0.53,0.0,0.0,-1.79,-5.38,-88.55,-88.46,0.0,0.0,0.0,0.0,0.0,0.0,-0.4,1.0,1.0,0.0,0.0,-0.0,-0.0,0.0,0.0,0.0,0.0,0.0,0.0,0.0,0.0,167.0,93.0,107.0,161.0,18.0,7.0,12.0,54.0,15.0,6.0,0.0
158.864,54,180687.0,581.0,86.0,600.0,620.0,0.0,1.0,0.0,0.0,0.482,0.02,0.5,0.516,0.49,0.035,0.508,0.53,0.0,0.0,-1.79,-5.38,-88.55,-88.46,0.0,0.0,0.0,0.0,0.0,0.0,-0.4,1.0,1.0,0.0,0.0,-0.0,-0.0,0.0,0.0,0.0,0.0,0.0,0.0,0.0,0.0,167.0,93.0,107.0,161.0,18.0,7.0,12.0,54.0,15.0,6.0,0.0
158.937,53,180740.0,581.0,85.0,600.0,620.0,0.0,1.0,0.0,0.0,0.482,0.02,0.5,0.516,0.49,0.035,0.508,0.53,0.0,0.0,-1.79,-5.39,-88.55,-88.46,0.0,0.0,0.0,0.0,0.0,0.0,-0.4,1.0,1.0,0.0,0.0,-0.0,-0.0,0.0,0.0,0.0,0.0,0.0,0.0,0.0,0.0,167.0,93.0,107.0,161.0,18.0,7.0,12.0,54.0,15.0,6.0,0.0
158.969,52,180792.0,581.0,85.0,600.0,620.0,0.0,1.0,0.0,0.0,0.482,0.02,0.5,0.516,0.49,0.035,0.508,0.53,0.0,0.0,-1.79,-5.39,-88.55,-88.46,0.0,0.0,0.0,0.0,0.0,0.0,-0.4,1.0,1.0,0.0,0.0,-0.0,-0.0,0.0,0.0,0.0,0.0,0.0,0.0,0.0,0.0,167.0,93.0,107.0,161.0,18.0,7.0,12.0,54.0,15.0,6.0,1.0
159.033,53,180845.0,581.0,85.0,600.0,620.0,0.0,1.0,0.0,0.0,0.483,0.02,0.5,0.516,0.491,0.034,0.508,0.531,0.0,0.0,-1.79,-5.39,-88.55,-88.46,0.0,0.0,0.0,0.0,0.0,0.0,-0.4,1.0,1.0,0.0,0.0,-0.0,-0.0,0.0,0.0,0.0,0.0,0.0,0.0,0.0,0.0,167.0,93.0,107.0,161.0,18.0,7.0,12.0,54.0,15.0,6.0,0.0
159.099,53,180898.0,581.0,85.0,600.0,620.0,0.0,1.0,0.0,0.0,0.483,0.02,0.5,0.516,0.491,0.034,0.508,0.531,0.0,0.0,-1.79,-5.39,-88.55,-88.46,0.0,0.0,0.0,0.0,0.0,0.0,-0.4,1.0,1.0,0.0,0.0,-0.0,-0.0,0.0,0.0,0.0,0.0,0.0,0.0,0.0,0.0,167.0,93.0,107.0,161.0,18.0,7.0,12.0,54.0,15.0,6.0,0.0
159.138,53,180951.0,581.0,85.0,600.0,620.0,0.0,1.0,0.0,0.0,0.483,0.02,0.5,0.516,0.491,0.034,0.508,0.531,0.0,0.0,-1.79,-5.39,-88.55,-88.46,0.0,0.0,0.0,0.0,0.0,0.0,-0.4,1.0,1.0,0.0,0.0,-0.0,-0.0,0.0,0.0,0.0,0.0,0.0,0.0,0.0,0.0,167.0,93.0,107.0,161.0,18.0,7.0,12.0,54.0,15.0,6.0,0.0
159.204,52,181003.0,581.0,85.0,600.0,620.0,0.0,1.0,0.0,0.0,0.483,0.02,0.5,0.516,0.491,0.034,0.508,0.531,0.0,0.0,-1.79,-5.39,-88.55,-88.46,0.0,0.0,0.0,0.0,0.0,0.0,-0.4,1.0,1.0,0.0,0.0,-0.0,-0.0,0.0,0.0,0.0,0.0,0.0,0.0,0.0,0.0,167.0,93.0,107.0,161.0,18.0,7.0,12.0,54.0,15.0,6.0,0.0
159.237,52,181055.0,581.0,85.0,600.0,620.0,0.0,1.0,0.0,0.0,0.484,0.02,0.5,0.516,0.491,0.034,0.508,0.531,0.0,0.0,-1.79,-5.39,-88.55,-88.46,0.0,0.0,0.0,0.0,0.0,0.0,-0.4,1.0,1.0,0.0,0.0,-0.0,-0.0,0.0,0.0,0.0,0.0,0.0,0.0,0.0,0.0,167.0,93.0,107.0,161.0,18.0,7.0,12.0,54.0,15.0,6.0,0.0
159.302,54,181109.0,585.0,85.0,600.0,620.0,0.0,1.0,0.0,0.0,0.484,0.02,0.5,0.516,0.491,0.034,0.508,0.531,0.0,0.0,-1.79,-5.39,-88.55,-88.46,0.0,0.0,0.0,0.0,0.0,0.0,-0.4,1.0,1.0,0.0,0.0,-0.0,-0.0,0.0,0.0,0.0,0.0,0.0,0.0,0.0,0.0,167.0,93.0,107.0,161.0,18.0,7.0,12.0,54.0,15.0,6.0,0.0
159.335,52,181161.0,585.0,84.0,600.0,620.0,0.0,1.0,0.0,0.0,0.484,0.02,0.5,0.516,0.491,0.034,0.508,0.531,0.0,0.0,-1.78,-5.39,-88.55,-88.46,0.0,0.0,0.0,0.0,0.0,0.0,-0.4,1.0,1.0,0.0,0.0,-0.0,-0.0,0.0,0.0,0.0,0.0,0.0,0.0,0.0,0.0,167.0,93.0,107.0,161.0,18.0,7.0,12.0,54.0,15.0,6.0,0.0
159.399,52,181213.0,585.0,84.0,600.0,620.0,0.0,1.0,0.0,0.0,0.484,0.02,0.5,0.516,0.491,0.034,0.508,0.531,0.0,0.0,-1.78,-5.39,-88.55,-88.46,0.0,0.0,0.0,0.0,0.0,0.0,-0.4,1.0,1.0,0.0,0.0,-0.0,-0.0,0.0,0.0,0.0,0.0,0.0,0.0,0.0,0.0,167.0,93.0,107.0,161.0,18.0,7.0,12.0,54.0,15.0,6.0,0.0
159.464,52,181265.0,585.0,84.0,600.0,622.0,0.0,1.0,0.0,0.0,0.485,0.019,0.5,0.517,0.493,0.034,0.508,0.531,0.0,0.0,-1.78,-5.39,-88.55,-88.46,0.0,0.0,0.0,0.0,0.0,0.0,-0.4,1.0,1.0,0.0,0.0,-0.0,-0.0,0.0,0.0,0.0,0.0,0.0,0.0,0.0,0.0,167.0,93.0,107.0,161.0,18.0,7.0,12.0,54.0,15.0,6.0,0.0
159.497,54,181319.0,587.0,84.0,600.0,622.0,0.0,1.0,0.0,0.0,0.485,0.019,0.5,0.517,0.493,0.034,0.508,0.531,0.0,0.0,-1.78,-5.4,-88.55,-88.46,0.0,0.0,0.0,0.0,0.0,0.0,-0.4,1.0,1.0,0.0,0.0,-0.0,-0.0,0.0,0.0,0.0,0.0,0.0,0.0,0.0,0.0,167.0,93.0,107.0,161.0,18.0,7.0,12.0,54.0,15.0,6.0,1.0
159.565,53,181372.0,587.0,84.0,600.0,622.0,0.0,1.0,0.0,0.0,0.485,0.019,0.5,0.517,0.493,0.034,0.508,0.531,0.0,0.0,-1.78,-5.4,-88.55,-88.46,0.0,0.0,0.0,0.0,0.0,0.0,-0.4,1.0,1.0,0.0,0.0,-0.0,-0.0,0.0,0.0,0.0,0.0,0.0,0.0,0.0,0.0,167.0,93.0,107.0,161.0,18.0,7.0,12.0,54.0,15.0,6.0,1.0
159.599,53,181425.0,587.0,84.0,600.0,622.0,0.0,1.0,0.0,0.0,0.485,0.019,0.5,0.517,0.493,0.034,0.508,0.531,0.0,0.0,-1.77,-5.39,-88.55,-88.46,0.0,0.0,0.0,0.0,0.0,0.0,-0.4,1.0,1.0,0.0,0.0,-0.0,-0.0,0.0,0.0,0.0,0.0,0.0,0.0,0.0,0.0,167.0,93.0,107.0,161.0,18.0,7.0,12.0,54.0,15.0,6.0,0.0
159.665,52,181477.0,587.0,84.0,600.0,621.0,0.0,1.0,0.0,0.0,0.487,0.019,0.5,0.517,0.495,0.034,0.508,0.532,0.0,0.0,-1.78,-5.39,-88.55,-88.46,0.0,0.0,0.0,0.0,0.0,0.0,-0.4,1.0,1.0,0.0,0.0,-0.0,-0.0,0.0,0.0,0.0,0.0,0.0,0.0,0.0,0.0,167.0,93.0,107.0,161.0,18.0,7.0,12.0,54.0,15.0,6.0,0.0
159.731,54,181531.0,587.0,84.0,600.0,621.0,0.0,1.0,0.0,0.0,0.487,0.019,0.5,0.517,0.495,0.034,0.508,0.532,0.0,0.0,-1.78,-5.39,-88.55,-88.46,0.0,0.0,0.0,0.0,0.0,0.0,-0.4,1.0,1.0,0.0,0.0,-0.0,-0.0,0.0,0.0,0.0,0.0,0.0,0.0,0.0,0.0,167.0,93.0,107.0,161.0,18.0,7.0,12.0,54.0,15.0,6.0,0.0
159.765,52,181583.0,587.0,85.0,600.0,621.0,0.0,1.0,0.0,0.0,0.487,0.019,0.5,0.517,0.495,0.034,0.508,0.532,0.0,0.0,-1.78,-5.39,-88.55,-88.46,0.0,0.0,0.0,0.0,0.0,0.0,-0.4,1.0,1.0,0.0,0.0,-0.0,-0.0,0.0,0.0,0.0,0.0,0.0,0.0,0.0,0.0,167.0,93.0,107.0,161.0,18.0,7.0,12.0,54.0,15.0,6.0,1.0
159.829,53,181636.0,587.0,85.0,600.0,621.0,0.0,1.0,0.0,0.0,0.487,0.019,0.5,0.517,0.495,0.034,0.508,0.532,0.0,0.0,-1.78,-5.39,-88.55,-88.46,0.0,0.0,0.0,0.0,0.0,0.0,-0.4,1.0,1.0,0.0,0.0,-0.0,-0.0,0.0,0.0,0.0,0.0,0.0,0.0,0.0,0.0,167.0,93.0,107.0,161.0,18.0,7.0,12.0,54.0,15.0,6.0,0.0
159.86,52,181688.0,587.0,85.0,600.0,623.0,0.0,1.0,0.0,0.0,0.488,0.019,0.5,0.518,0.496,0.034,0.508,0.532,0.0,0.0,-1.78,-5.39,-88.55,-88.46,0.0,0.0,0.0,0.0,0.0,0.0,-0.4,1.0,1.0,0.0,0.0,-0.0,-0.0,0.0,0.0,0.0,0.0,0.0,0.0,0.0,0.0,167.0,93.0,107.0,161.0,18.0,7.0,12.0,54.0,15.0,6.0,0.0
159.93,53,181741.0,582.0,85.0,600.0,623.0,0.0,1.0,0.0,0.0,0.488,0.019,0.5,0.518,0.496,0.034,0.508,0.532,0.0,0.0,-1.78,-5.39,-88.55,-88.46,0.0,0.0,0.0,0.0,0.0,0.0,-0.4,1.0,1.0,0.0,0.0,-0.0,-0.0,0.0,0.0,0.0,0.0,0.0,0.0,0.0,0.0,167.0,93.0,107.0,161.0,18.0,7.0,12.0,54.0,15.0,6.0,0.0
159.994,51,181792.0,582.0,85.0,600.0,623.0,0.0,1.0,0.0,0.0,0.488,0.019,0.5,0.518,0.496,0.034,0.508,0.532,0.0,0.0,-1.78,-5.39,-88.55,-88.46,0.0,0.0,0.0,0.0,0.0,0.0,-0.4,1.0,1.0,0.0,0.0,-0.0,-0.0,0.0,0.0,0.0,0.0,0.0,0.0,0.0,0.0,167.0,93.0,107.0,161.0,18.0,7.0,12.0,54.0,15.0,6.0,1.0
160.027,53,181845.0,582.0,85.0,600.0,623.0,0.0,1.0,0.0,0.0,0.488,0.019,0.5,0.518,0.496,0.034,0.508,0.532,0.0,0.0,-1.78,-5.39,-88.55,-88.46,0.0,0.0,0.0,0.0,0.0,0.0,-0.4,1.0,1.0,0.0,0.0,-0.0,-0.0,0.0,0.0,0.0,0.0,0.0,0.0,0.0,0.0,167.0,93.0,107.0,161.0,18.0,7.0,12.0,54.0,15.0,6.0,0.0
160.093,52,181897.0,582.0,85.0,600.0,623.0,0.0,1.0,0.0,0.0,0.486,0.02,0.5,0.519,0.495,0.034,0.508,0.533,0.0,0.0,-1.78,-5.39,-88.55,-88.46,0.0,0.0,0.0,0.0,0.0,0.0,-0.4,1.0,1.0,0.0,0.0,-0.0,-0.0,0.0,0.0,0.0,0.0,0.0,0.0,0.0,0.0,167.0,93.0,107.0,161.0,18.0,7.0,12.0,54.0,15.0,6.0,0.0
160.126,54,181951.0,584.0,85.0,600.0,623.0,0.0,1.0,0.0,0.0,0.486,0.02,0.5,0.519,0.495,0.034,0.508,0.533,0.0,0.0,-1.78,-5.39,-88.55,-88.46,0.0,0.0,0.0,0.0,0.0,0.0,-0.4,1.0,1.0,0.0,0.0,-0.0,-0.0,0.0,0.0,0.0,0.0,0.0,0.0,0.0,0.0,167.0,93.0,107.0,161.0,18.0,7.0,12.0,54.0,15.0,6.0,0.0
160.192,52,182003.0,584.0,85.0,600.0,623.0,0.0,1.0,0.0,0.0,0.486,0.02,0.5,0.519,0.495,0.034,0.508,0.533,0.0,0.0,-1.78,-5.39,-88.55,-88.46,0.0,0.0,0.0,0.0,0.0,0.0,-0.4,1.0,1.0,0.0,0.0,-0.0,-0.0,0.0,0.0,0.0,0.0,0.0,0.0,0.0,0.0,167.0,93.0,107.0,161.0,18.0,7.0,12.0,54.0,15.0,6.0,1.0
160.258,53,182056.0,584.0,85.0,600.0,623.0,0.0,1.0,0.0,0.0,0.486,0.02,0.5,0.519,0.495,0.034,0.508,0.533,0.0,0.0,-1.78,-5.38,-88.55,-88.46,0.0,0.0,0.0,0.0,0.0,0.0,-0.4,1.0,1.0,0.0,0.0,-0.0,-0.0,0.0,0.0,0.0,0.0,0.0,0.0,0.0,0.0,167.0,93.0,107.0,161.0,18.0,7.0,12.0,54.0,15.0,6.0,0.0
160.29,52,182108.0,584.0,85.0,600.0,625.0,0.0,1.0,0.0,0.0,0.487,0.02,0.5,0.52,0.494,0.034,0.508,0.534,0.0,0.0,-1.78,-5.38,-88.55,-88.46,0.0,0.0,0.0,0.0,0.0,0.0,-0.4,1.0,1.0,0.0,0.0,-0.0,-0.0,0.0,0.0,0.0,0.0,0.0,0.0,0.0,0.0,167.0,93.0,107.0,161.0,18.0,7.0,12.0,54.0,15.0,6.0,0.0
160.366,53,182161.0,584.0,85.0,600.0,625.0,0.0,1.0,0.0,0.0,0.487,0.02,0.5,0.52,0.494,0.034,0.508,0.534,0.0,0.0,-1.78,-5.38,-88.55,-88.46,0.0,0.0,0.0,0.0,0.0,0.0,-0.4,1.0,1.0,0.0,0.0,-0.0,-0.0,0.0,0.0,0.0,0.0,0.0,0.0,0.0,0.0,167.0,93.0,107.0,161.0,18.0,7.0,12.0,54.0,15.0,6.0,0.0
160.398,51,182212.0,584.0,85.0,600.0,625.0,0.0,1.0,0.0,0.0,0.487,0.02,0.5,0.52,0.494,0.034,0.508,0.534,0.0,0.0,-1.78,-5.38,-88.55,-88.46,0.0,0.0,0.0,0.0,0.0,0.0,-0.4,1.0,1.0,0.0,0.0,-0.0,-0.0,0.0,0.0,0.0,0.0,0.0,0.0,0.0,0.0,167.0,93.0,107.0,161.0,18.0,7.0,12.0,54.0,15.0,6.0,1.0
160.463,53,182265.0,584.0,85.0,600.0,625.0,0.0,1.0,0.0,0.0,0.487,0.02,0.5,0.52,0.494,0.034,0.508,0.534,0.0,0.0,-1.79,-5.38,-88.55,-88.46,0.0,0.0,0.0,0.0,0.0,0.0,-0.4,1.0,1.0,0.0,0.0,-0.0,-0.0,0.0,0.0,0.0,0.0,0.0,0.0,0.0,0.0,167.0,93.0,107.0,161.0,18.0,7.0,12.0,54.0,15.0,6.0,0.0
160.495,52,182317.0,584.0,85.0,600.0,626.0,0.0,1.0,0.0,0.0,0.487,0.02,0.5,0.52,0.495,0.034,0.508,0.535,0.0,0.0,-1.79,-5.38,-88.55,-88.46,0.0,0.0,0.0,0.0,0.0,0.0,-0.4,1.0,1.0,0.0,0.0,-0.0,-0.0,0.0,0.0,0.0,0.0,0.0,0.0,0.0,0.0,167.0,93.0,107.0,161.0,18.0,7.0,12.0,54.0,15.0,6.0,0.0
160.568,54,182371.0,585.0,85.0,600.0,626.0,0.0,1.0,0.0,0.0,0.487,0.02,0.5,0.52,0.495,0.034,0.508,0.535,0.0,0.0,-1.79,-5.38,-88.55,-88.46,0.0,0.0,0.0,0.0,0.0,0.0,-0.4,1.0,1.0,0.0,0.0,-0.0,-0.0,0.0,0.0,0.0,0.0,0.0,0.0,0.0,0.0,167.0,93.0,107.0,161.0,18.0,7.0,12.0,54.0,15.0,6.0,0.0
160.6,51,182422.0,585.0,84.0,600.0,626.0,0.0,1.0,0.0,0.0,0.487,0.02,0.5,0.52,0.495,0.034,0.508,0.535,0.0,0.0,-1.79,-5.38,-88.55,-88.46,0.0,0.0,0.0,0.0,0.0,0.0,-0.4,1.0,1.0,0.0,0.0,-0.0,-0.0,0.0,0.0,0.0,0.0,0.0,0.0,0.0,0.0,167.0,93.0,107.0,161.0,18.0,7.0,12.0,54.0,15.0,6.0,0.0
160.663,53,182475.0,585.0,84.0,600.0,626.0,0.0,1.0,0.0,0.0,0.487,0.02,0.5,0.52,0.495,0.034,0.508,0.535,0.0,0.0,-1.79,-5.38,-88.55,-88.46,0.0,0.0,0.0,0.0,0.0,0.0,-0.4,1.0,1.0,0.0,0.0,-0.0,-0.0,0.0,0.0,0.0,0.0,0.0,0.0,0.0,0.0,167.0,93.0,107.0,161.0,18.0,7.0,12.0,54.0,15.0,6.0,0.0
160.737,52,182527.0,585.0,84.0,600.0,624.0,0.0,1.0,0.0,0.0,0.487,0.019,0.5,0.52,0.495,0.034,0.508,0.535,0.0,0.0,-1.79,-5.38,-88.55,-88.46,0.0,0.0,0.0,0.0,0.0,0.0,-0.4,1.0,1.0,0.0,0.0,-0.0,-0.0,0.0,0.0,0.0,0.0,0.0,0.0,0.0,0.0,167.0,93.0,107.0,161.0,18.0,7.0,12.0,54.0,15.0,6.0,0.0
160.77,53,182580.0,586.0,84.0,600.0,624.0,0.0,1.0,0.0,0.0,0.487,0.019,0.5,0.52,0.495,0.034,0.508,0.535,0.0,0.0,-1.79,-5.38,-88.55,-88.46,0.0,0.0,0.0,0.0,0.0,0.0,-0.4,1.0,1.0,0.0,0.0,-0.0,-0.0,0.0,0.0,0.0,0.0,0.0,0.0,0.0,0.0,167.0,93.0,107.0,161.0,18.0,7.0,12.0,54.0,15.0,6.0,0.0
160.836,52,182632.0,586.0,84.0,600.0,624.0,0.0,1.0,0.0,0.0,0.487,0.019,0.5,0.52,0.495,0.034,0.508,0.535,0.0,0.0,-1.79,-5.38,-88.55,-88.46,0.0,0.0,0.0,0.0,0.0,0.0,-0.4,1.0,1.0,0.0,0.0,-0.0,-0.0,0.0,0.0,0.0,0.0,0.0,0.0,0.0,0.0,167.0,93.0,107.0,161.0,18.0,7.0,12.0,54.0,15.0,6.0,1.0
160.869,53,182685.0,586.0,84.0,600.0,624.0,0.0,1.0,0.0,0.0,0.487,0.019,0.5,0.52,0.495,0.034,0.508,0.535,0.0,0.0,-1.79,-5.38,-88.55,-88.46,0.0,0.0,0.0,0.0,0.0,0.0,-0.4,1.0,1.0,0.0,0.0,-0.0,-0.0,0.0,0.0,0.0,0.0,0.0,0.0,0.0,0.0,167.0,93.0,107.0,161.0,18.0,7.0,12.0,54.0,15.0,6.0,0.0
160.936,52,182737.0,586.0,84.0,600.0,626.0,0.0,1.0,0.0,0.0,0.488,0.019,0.5,0.521,0.496,0.034,0.508,0.535,0.0,0.0,-1.8,-5.38,-88.55,-88.46,0.0,0.0,0.0,0.0,0.0,0.0,-0.4,1.0,1.0,0.0,0.0,-0.0,-0.0,0.0,0.0,0.0,0.0,0.0,0.0,0.0,0.0,167.0,93.0,107.0,161.0,18.0,7.0,12.0,54.0,15.0,6.0,0.0
160.969,54,182791.0,590.0,84.0,600.0,626.0,0.0,1.0,0.0,0.0,0.488,0.019,0.5,0.521,0.496,0.034,0.508,0.535,0.0,0.0,-1.8,-5.38,-88.55,-88.46,0.0,0.0,0.0,0.0,0.0,0.0,-0.4,1.0,1.0,0.0,0.0,-0.0,-0.0,0.0,0.0,0.0,0.0,0.0,0.0,0.0,0.0,167.0,93.0,107.0,161.0,18.0,7.0,12.0,54.0,15.0,6.0,0.0
161.033,53,182844.0,590.0,84.0,600.0,626.0,0.0,1.0,0.0,0.0,0.488,0.019,0.5,0.521,0.496,0.034,0.508,0.535,0.0,0.0,-1.8,-5.38,-88.55,-88.46,0.0,0.0,0.0,0.0,0.0,0.0,-0.4,1.0,1.0,0.0,0.0,-0.0,-0.0,0.0,0.0,0.0,0.0,0.0,0.0,0.0,0.0,167.0,93.0,107.0,161.0,18.0,7.0,12.0,54.0,15.0,6.0,1.0
161.097,52,182896.0,590.0,84.0,600.0,626.0,0.0,1.0,0.0,0.0,0.488,0.019,0.5,0.521,0.496,0.034,0.508,0.535,0.0,0.0,-1.8,-5.38,-88.55,-88.46,0.0,0.0,0.0,0.0,0.0,0.0,-0.4,1.0,1.0,0.0,0.0,-0.0,-0.0,0.0,0.0,0.0,0.0,0.0,0.0,0.0,0.0,167.0,93.0,107.0,161.0,18.0,7.0,12.0,54.0,15.0,6.0,1.0
161.13,52,182948.0,590.0,84.0,600.0,625.0,0.0,1.0,0.0,0.0,0.49,0.019,0.5,0.521,0.497,0.034,0.508,0.535,0.0,0.0,-1.8,-5.38,-88.55,-88.46,0.0,0.0,0.0,0.0,0.0,0.0,-0.4,1.0,1.0,0.0,0.0,-0.0,-0.0,0.0,0.0,0.0,0.0,0.0,0.0,0.0,0.0,167.0,93.0,107.0,161.0,18.0,7.0,12.0,54.0,15.0,6.0,0.0
161.199,53,183001.0,586.0,84.0,600.0,625.0,0.0,1.0,0.0,0.0,0.49,0.019,0.5,0.521,0.497,0.034,0.508,0.535,0.0,0.0,-1.8,-5.38,-88.55,-88.46,0.0,0.0,0.0,0.0,0.0,0.0,-0.4,1.0,1.0,0.0,0.0,-0.0,-0.0,0.0,0.0,0.0,0.0,0.0,0.0,0.0,0.0,167.0,93.0,107.0,161.0,18.0,7.0,12.0,54.0,15.0,6.0,0.0
161.232,52,183053.0,586.0,85.0,600.0,625.0,0.0,1.0,0.0,0.0,0.49,0.019,0.5,0.521,0.497,0.034,0.508,0.535,0.0,0.0,-1.8,-5.38,-88.55,-88.46,0.0,0.0,0.0,0.0,0.0,0.0,-0.4,1.0,1.0,0.0,0.0,-0.0,-0.0,0.0,0.0,0.0,0.0,0.0,0.0,0.0,0.0,167.0,93.0,107.0,161.0,18.0,7.0,12.0,54.0,15.0,6.0,1.0
161.297,52,183105.0,586.0,85.0,600.0,625.0,0.0,1.0,0.0,0.0,0.49,0.019,0.5,0.521,0.497,0.034,0.508,0.535,0.0,0.0,-1.79,-5.37,-88.55,-88.46,0.0,0.0,0.0,0.0,0.0,0.0,-0.4,1.0,1.0,0.0,0.0,-0.0,-0.0,0.0,0.0,0.0,0.0,0.0,0.0,0.0,0.0,167.0,93.0,107.0,161.0,18.0,7.0,12.0,54.0,15.0,6.0,0.0
161.367,55,183160.0,586.0,85.0,600.0,624.0,0.0,1.0,0.0,0.0,0.489,0.019,0.5,0.52,0.497,0.034,0.508,0.535,0.0,0.0,-1.79,-5.37,-88.55,-88.46,0.0,0.0,0.0,0.0,0.0,0.0,-0.4,1.0,1.0,0.0,0.0,-0.0,-0.0,0.0,0.0,0.0,0.0,0.0,0.0,0.0,0.0,167.0,93.0,107.0,161.0,18.0,7.0,12.0,54.0,15.0,6.0,0.0
161.4,54,183214.0,588.0,85.0,600.0,624.0,0.0,1.0,0.0,0.0,0.489,0.019,0.5,0.52,0.497,0.034,0.508,0.535,0.0,0.0,-1.8,-5.37,-88.55,-88.46,0.0,0.0,0.0,0.0,0.0,0.0,-0.4,1.0,1.0,0.0,0.0,-0.0,-0.0,0.0,0.0,0.0,0.0,0.0,0.0,0.0,0.0,167.0,93.0,107.0,161.0,18.0,7.0,12.0,54.0,15.0,6.0,1.0
161.466,53,183267.0,588.0,86.0,600.0,624.0,0.0,1.0,0.0,0.0,0.489,0.019,0.5,0.52,0.497,0.034,0.508,0.535,0.0,0.0,-1.8,-5.37,-88.55,-88.46,0.0,0.0,0.0,0.0,0.0,0.0,-0.4,1.0,1.0,0.0,0.0,-0.0,-0.0,0.0,0.0,0.0,0.0,0.0,0.0,0.0,0.0,167.0,93.0,107.0,161.0,18.0,7.0,12.0,54.0,15.0,6.0,0.0
161.499,52,183319.0,588.0,86.0,600.0,624.0,0.0,1.0,0.0,0.0,0.489,0.019,0.5,0.52,0.497,0.034,0.508,0.535,0.0,0.0,-1.8,-5.37,-88.55,-88.46,0.0,0.0,0.0,0.0,0.0,0.0,-0.4,1.0,1.0,0.0,0.0,-0.0,-0.0,0.0,0.0,0.0,0.0,0.0,0.0,0.0,0.0,167.0,93.0,107.0,161.0,18.0,7.0,12.0,54.0,15.0,6.0,0.0
161.569,53,183372.0,588.0,86.0,600.0,626.0,0.0,1.0,0.0,0.0,0.49,0.02,0.5,0.521,0.497,0.034,0.508,0.535,0.0,0.0,-1.8,-5.37,-88.55,-88.46,0.0,0.0,0.0,0.0,0.0,0.0,-0.4,1.0,1.0,0.0,0.0,-0.0,-0.0,0.0,0.0,0.0,0.0,0.0,0.0,0.0,0.0,167.0,93.0,107.0,161.0,18.0,7.0,12.0,54.0,15.0,6.0,0.0
161.601,53,183425.0,587.0,86.0,600.0,626.0,0.0,1.0,0.0,0.0,0.49,0.02,0.5,0.521,0.497,0.034,0.508,0.535,0.0,0.0,-1.8,-5.37,-88.55,-88.46,0.0,0.0,0.0,0.0,0.0,0.0,-0.4,1.0,1.0,0.0,0.0,-0.0,-0.0,0.0,0.0,0.0,0.0,0.0,0.0,0.0,0.0,167.0,93.0,107.0,161.0,18.0,7.0,12.0,54.0,15.0,6.0,1.0
161.665,53,183478.0,587.0,87.0,600.0,626.0,0.0,1.0,0.0,0.0,0.49,0.02,0.5,0.521,0.497,0.034,0.508,0.535,0.0,0.0,-1.8,-5.37,-88.55,-88.46,0.0,0.0,0.0,0.0,0.0,0.0,-0.4,1.0,1.0,0.0,0.0,-0.0,-0.0,0.0,0.0,0.0,0.0,0.0,0.0,0.0,0.0,167.0,93.0,107.0,161.0,18.0,7.0,12.0,54.0,15.0,6.0,0.0
161.736,52,183530.0,587.0,87.0,600.0,626.0,0.0,1.0,0.0,0.0,0.49,0.02,0.5,0.521,0.497,0.034,0.508,0.535,0.0,0.0,-1.8,-5.37,-88.55,-88.46,0.0,0.0,0.0,0.0,0.0,0.0,-0.4,1.0,1.0,0.0,0.0,-0.0,-0.0,0.0,0.0,0.0,0.0,0.0,0.0,0.0,0.0,167.0,93.0,107.0,161.0,18.0,7.0,12.0,54.0,15.0,6.0,0.0
161.769,53,183583.0,587.0,87.0,600.0,626.0,0.0,1.0,0.0,0.0,0.489,0.02,0.5,0.521,0.497,0.035,0.508,0.535,0.0,0.0,-1.8,-5.37,-88.55,-88.46,0.0,0.0,0.0,0.0,0.0,0.0,-0.4,1.0,1.0,0.0,0.0,-0.0,-0.0,0.0,0.0,0.0,0.0,0.0,0.0,0.0,0.0,167.0,93.0,107.0,161.0,18.0,7.0,12.0,54.0,15.0,6.0,0.0
161.833,54,183637.0,594.0,87.0,600.0,626.0,0.0,1.0,0.0,0.0,0.489,0.02,0.5,0.521,0.497,0.035,0.508,0.535,0.0,0.0,-1.8,-5.37,-88.55,-88.46,0.0,0.0,0.0,0.0,0.0,0.0,-0.4,1.0,1.0,0.0,0.0,-0.0,-0.0,0.0,0.0,0.0,0.0,0.0,0.0,0.0,0.0,167.0,93.0,107.0,161.0,18.0,7.0,12.0,54.0,15.0,6.0,0.0
161.865,53,183690.0,594.0,87.0,600.0,626.0,0.0,1.0,0.0,0.0,0.489,0.02,0.5,0.521,0.497,0.035,0.508,0.535,0.0,0.0,-1.8,-5.37,-88.55,-88.46,0.0,0.0,0.0,0.0,0.0,0.0,-0.4,1.0,1.0,0.0,0.0,-0.0,-0.0,0.0,0.0,0.0,0.0,0.0,0.0,0.0,0.0,167.0,93.0,107.0,161.0,18.0,7.0,12.0,54.0,15.0,6.0,0.0
161.94,52,183742.0,594.0,87.0,600.0,626.0,0.0,1.0,0.0,0.0,0.489,0.02,0.5,0.521,0.497,0.035,0.508,0.535,0.0,0.0,-1.8,-5.37,-88.55,-88.46,0.0,0.0,0.0,0.0,0.0,0.0,-0.4,1.0,1.0,0.0,0.0,-0.0,-0.0,0.0,0.0,0.0,0.0,0.0,0.0,0.0,0.0,167.0,93.0,107.0,161.0,18.0,7.0,12.0,54.0,15.0,6.0,0.0
161.973,53,183795.0,594.0,87.0,600.0,625.0,0.0,1.0,0.0,0.0,0.492,0.02,0.5,0.521,0.5,0.035,0.508,0.535,0.0,0.0,-1.8,-5.37,-88.55,-88.46,0.0,0.0,0.0,0.0,0.0,0.0,-0.4,1.0,1.0,0.0,0.0,-0.0,-0.0,0.0,0.0,0.0,0.0,0.0,0.0,0.0,0.0,167.0,93.0,107.0,161.0,18.0,7.0,12.0,54.0,15.0,6.0,0.0
162.037,53,183848.0,601.0,87.0,600.0,625.0,0.0,1.0,0.0,0.0,0.492,0.02,0.5,0.521,0.5,0.035,0.508,0.535,0.0,0.0,-1.79,-5.36,-88.55,-88.46,0.0,0.0,0.0,0.0,0.0,0.0,-0.4,1.0,1.0,0.0,0.0,-0.0,-0.0,0.0,0.0,0.0,0.0,0.0,0.0,0.0,0.0,167.0,93.0,107.0,161.0,18.0,7.0,12.0,54.0,15.0,6.0,0.0
162.102,53,183901.0,601.0,86.0,600.0,625.0,0.0,1.0,0.0,0.0,0.492,0.02,0.5,0.521,0.5,0.035,0.508,0.535,0.0,0.0,-1.79,-5.36,-88.55,-88.46,0.0,0.0,0.0,0.0,0.0,0.0,-0.4,1.0,1.0,0.0,0.0,-0.0,-0.0,0.0,0.0,0.0,0.0,0.0,0.0,0.0,0.0,167.0,93.0,107.0,161.0,18.0,7.0,12.0,54.0,15.0,6.0,0.0
162.135,52,183953.0,601.0,86.0,600.0,625.0,0.0,1.0,0.0,0.0,0.492,0.02,0.5,0.521,0.5,0.035,0.508,0.535,0.0,0.0,-1.79,-5.36,-88.55,-88.46,0.0,0.0,0.0,0.0,0.0,0.0,-0.4,1.0,1.0,0.0,0.0,-0.0,-0.0,0.0,0.0,0.0,0.0,0.0,0.0,0.0,0.0,167.0,93.0,107.0,161.0,18.0,7.0,12.0,54.0,15.0,6.0,1.0
162.2,53,184006.0,601.0,86.0,600.0,627.0,0.0,1.0,0.0,0.0,0.497,0.02,0.5,0.521,0.504,0.035,0.508,0.536,0.0,0.0,-1.79,-5.36,-88.55,-88.46,0.0,0.0,0.0,0.0,0.0,0.0,-0.4,1.0,1.0,0.0,0.0,-0.0,-0.0,0.0,0.0,0.0,0.0,0.0,0.0,0.0,0.0,167.0,93.0,107.0,161.0,18.0,7.0,12.0,54.0,15.0,6.0,0.0
162.233,54,184060.0,598.0,86.0,600.0,627.0,0.0,1.0,0.0,0.0,0.497,0.02,0.5,0.521,0.504,0.035,0.508,0.536,0.0,0.0,-1.79,-5.36,-88.55,-88.46,0.0,0.0,0.0,0.0,0.0,0.0,-0.4,1.0,1.0,0.0,0.0,-0.0,-0.0,0.0,0.0,0.0,0.0,0.0,0.0,0.0,0.0,167.0,93.0,107.0,161.0,18.0,7.0,12.0,54.0,15.0,6.0,0.0
162.298,53,184113.0,598.0,86.0,600.0,627.0,0.0,1.0,0.0,0.0,0.497,0.02,0.5,0.521,0.504,0.035,0.508,0.536,0.0,0.0,-1.79,-5.36,-88.55,-88.46,0.0,0.0,0.0,0.0,0.0,0.0,-0.4,1.0,1.0,0.0,0.0,-0.0,-0.0,0.0,0.0,0.0,0.0,0.0,0.0,0.0,0.0,167.0,93.0,107.0,161.0,18.0,7.0,12.0,54.0,15.0,6.0,0.0
162.34,52,184165.0,598.0,86.0,600.0,627.0,0.0,1.0,0.0,0.0,0.497,0.02,0.5,0.521,0.504,0.035,0.508,0.536,0.0,0.0,-1.79,-5.36,-88.55,-88.46,0.0,0.0,0.0,0.0,0.0,0.0,-0.4,1.0,1.0,0.0,0.0,-0.0,-0.0,0.0,0.0,0.0,0.0,0.0,0.0,0.0,0.0,167.0,93.0,107.0,161.0,18.0,7.0,12.0,54.0,15.0,6.0,1.0
162.405,53,184218.0,598.0,86.0,600.0,627.0,0.0,1.0,0.0,0.0,0.498,0.02,0.5,0.521,0.505,0.035,0.508,0.536,0.0,0.0,-1.79,-5.36,-88.55,-88.46,0.0,0.0,0.0,0.0,0.0,0.0,-0.4,1.0,1.0,0.0,0.0,-0.0,-0.0,0.0,0.0,0.0,0.0,0.0,0.0,0.0,0.0,167.0,93.0,107.0,161.0,18.0,7.0,12.0,54.0,15.0,6.0,0.0
162.469,53,184271.0,593.0,86.0,600.0,627.0,0.0,1.0,0.0,0.0,0.498,0.02,0.5,0.521,0.505,0.035,0.508,0.536,0.0,0.0,-1.79,-5.36,-88.55,-88.46,0.0,0.0,0.0,0.0,0.0,0.0,-0.4,1.0,1.0,0.0,0.0,-0.0,-0.0,0.0,0.0,0.0,0.0,0.0,0.0,0.0,0.0,167.0,93.0,107.0,161.0,18.0,7.0,12.0,54.0,15.0,6.0,0.0
162.502,53,184324.0,593.0,85.0,600.0,627.0,0.0,1.0,0.0,0.0,0.498,0.02,0.5,0.521,0.505,0.035,0.508,0.536,0.0,0.0,-1.79,-5.36,-88.55,-88.46,0.0,0.0,0.0,0.0,0.0,0.0,-0.4,1.0,1.0,0.0,0.0,-0.0,-0.0,0.0,0.0,0.0,0.0,0.0,0.0,0.0,0.0,167.0,93.0,107.0,161.0,18.0,7.0,12.0,54.0,15.0,6.0,0.0
162.578,52,184376.0,593.0,85.0,600.0,627.0,0.0,1.0,0.0,0.0,0.498,0.02,0.5,0.521,0.505,0.035,0.508,0.536,0.0,0.0,-1.79,-5.36,-88.55,-88.46,0.0,0.0,0.0,0.0,0.0,0.0,-0.4,1.0,1.0,0.0,0.0,-0.0,-0.0,0.0,0.0,0.0,0.0,0.0,0.0,0.0,0.0,167.0,93.0,107.0,161.0,18.0,7.0,12.0,54.0,15.0,6.0,1.0
162.611,53,184429.0,593.0,85.0,600.0,626.0,0.0,1.0,0.0,0.0,0.496,0.02,0.5,0.521,0.504,0.035,0.508,0.536,0.0,0.0,-1.79,-5.36,-88.55,-88.46,0.0,0.0,0.0,0.0,0.0,0.0,-0.4,1.0,1.0,0.0,0.0,-0.0,-0.0,0.0,0.0,0.0,0.0,0.0,0.0,0.0,0.0,167.0,93.0,107.0,161.0,18.0,7.0,12.0,54.0,15.0,6.0,1.0
162.677,54,184483.0,597.0,85.0,600.0,626.0,0.0,1.0,0.0,0.0,0.496,0.02,0.5,0.521,0.504,0.035,0.508,0.536,0.0,0.0,-1.79,-5.36,-88.55,-88.46,0.0,0.0,0.0,0.0,0.0,0.0,-0.4,1.0,1.0,0.0,0.0,-0.0,-0.0,0.0,0.0,0.0,0.0,0.0,0.0,0.0,0.0,167.0,93.0,107.0,161.0,18.0,7.0,12.0,54.0,15.0,6.0,1.0
162.71,53,184536.0,597.0,85.0,600.0,626.0,0.0,1.0,0.0,0.0,0.496,0.02,0.5,0.521,0.504,0.035,0.508,0.536,0.0,0.0,-1.79,-5.36,-88.55,-88.46,0.0,0.0,0.0,0.0,0.0,0.0,-0.4,1.0,1.0,0.0,0.0,-0.0,-0.0,0.0,0.0,0.0,0.0,0.0,0.0,0.0,0.0,167.0,93.0,107.0,161.0,18.0,7.0,12.0,54.0,15.0,6.0,0.0
162.779,52,184588.0,597.0,85.0,600.0,626.0,0.0,1.0,0.0,0.0,0.496,0.02,0.5,0.521,0.504,0.035,0.508,0.536,0.0,0.0,-1.79,-5.36,-88.55,-88.46,0.0,0.0,0.0,0.0,0.0,0.0,-0.4,1.0,1.0,0.0,0.0,-0.0,-0.0,0.0,0.0,0.0,0.0,0.0,0.0,0.0,0.0,167.0,93.0,107.0,161.0,18.0,7.0,12.0,54.0,15.0,6.0,0.0
162.813,52,184640.0,597.0,85.0,600.0,627.0,0.0,1.0,0.0,0.0,0.497,0.02,0.5,0.522,0.505,0.035,0.508,0.536,0.0,0.0,-1.79,-5.36,-88.55,-88.46,0.0,0.0,0.0,0.0,0.0,0.0,-0.4,1.0,1.0,0.0,0.0,-0.0,-0.0,0.0,0.0,0.0,0.0,0.0,0.0,0.0,0.0,167.0,93.0,107.0,161.0,18.0,7.0,12.0,54.0,15.0,6.0,0.0
162.878,53,184693.0,588.0,85.0,600.0,627.0,0.0,1.0,0.0,0.0,0.497,0.02,0.5,0.522,0.505,0.035,0.508,0.536,0.0,0.0,-1.79,-5.36,-88.55,-88.46,0.0,0.0,0.0,0.0,0.0,0.0,-0.4,1.0,1.0,0.0,0.0,-0.0,-0.0,0.0,0.0,0.0,0.0,0.0,0.0,0.0,0.0,167.0,93.0,107.0,161.0,18.0,7.0,12.0,54.0,15.0,6.0,0.0
162.945,52,184745.0,588.0,86.0,600.0,627.0,0.0,1.0,0.0,0.0,0.497,0.02,0.5,0.522,0.505,0.035,0.508,0.536,0.0,0.0,-1.79,-5.36,-88.55,-88.46,0.0,0.0,0.0,0.0,0.0,0.0,-0.4,1.0,1.0,0.0,0.0,-0.0,-0.0,0.0,0.0,0.0,0.0,0.0,0.0,0.0,0.0,167.0,93.0,107.0,161.0,18.0,7.0,12.0,54.0,15.0,6.0,1.0
162.978,53,184798.0,588.0,86.0,600.0,627.0,0.0,1.0,0.0,0.0,0.497,0.02,0.5,0.522,0.505,0.035,0.508,0.536,0.0,0.0,-1.79,-5.36,-88.55,-88.46,0.0,0.0,0.0,0.0,0.0,0.0,-0.4,1.0,1.0,0.0,0.0,-0.0,-0.0,0.0,0.0,0.0,0.0,0.0,0.0,0.0,0.0,167.0,93.0,107.0,161.0,18.0,7.0,12.0,54.0,15.0,6.0,0.0
163.044,52,184850.0,588.0,86.0,600.0,626.0,0.0,1.0,0.0,0.0,0.493,0.02,0.5,0.521,0.502,0.034,0.508,0.536,0.0,0.0,-1.79,-5.36,-88.55,-88.46,0.0,0.0,0.0,0.0,0.0,0.0,-0.4,1.0,1.0,0.0,0.0,-0.0,-0.0,0.0,0.0,0.0,0.0,0.0,0.0,0.0,0.0,167.0,93.0,107.0,161.0,18.0,7.0,12.0,54.0,15.0,6.0,0.0
163.077,55,184905.0,583.0,86.0,600.0,626.0,0.0,1.0,0.0,0.0,0.493,0.02,0.5,0.521,0.502,0.034,0.508,0.536,0.0,0.0,-1.79,-5.36,-88.55,-88.46,0.0,0.0,0.0,0.0,0.0,0.0,-0.4,1.0,1.0,0.0,0.0,-0.0,-0.0,0.0,0.0,0.0,0.0,0.0,0.0,0.0,0.0,167.0,93.0,107.0,161.0,18.0,7.0,12.0,54.0,15.0,6.0,0.0
163.147,51,184956.0,583.0,86.0,600.0,626.0,0.0,1.0,0.0,0.0,0.493,0.02,0.5,0.521,0.502,0.034,0.508,0.536,0.0,0.0,-1.8,-5.37,-88.55,-88.46,0.0,0.0,0.0,0.0,0.0,0.0,-0.4,1.0,1.0,0.0,0.0,-0.0,-0.0,0.0,0.0,0.0,0.0,0.0,0.0,0.0,0.0,167.0,93.0,107.0,161.0,18.0,7.0,12.0,54.0,15.0,6.0,1.0
163.213,53,185009.0,583.0,86.0,600.0,626.0,0.0,1.0,0.0,0.0,0.493,0.02,0.5,0.521,0.502,0.034,0.508,0.536,0.0,0.0,-1.79,-5.37,-88.55,-88.46,0.0,0.0,0.0,0.0,0.0,0.0,-0.4,1.0,1.0,0.0,0.0,-0.0,-0.0,0.0,0.0,0.0,0.0,0.0,0.0,0.0,0.0,167.0,93.0,107.0,161.0,18.0,7.0,12.0,54.0,15.0,6.0,0.0
163.246,52,185061.0,583.0,86.0,600.0,626.0,0.0,1.0,0.0,0.0,0.489,0.02,0.5,0.521,0.498,0.035,0.508,0.536,0.0,0.0,-1.79,-5.37,-88.55,-88.46,0.0,0.0,0.0,0.0,0.0,0.0,-0.4,1.0,1.0,0.0,0.0,-0.0,-0.0,0.0,0.0,0.0,0.0,0.0,0.0,0.0,0.0,167.0,93.0,107.0,161.0,18.0,7.0,12.0,54.0,15.0,6.0,0.0
163.313,53,185114.0,588.0,86.0,600.0,626.0,0.0,1.0,0.0,0.0,0.489,0.02,0.5,0.521,0.498,0.035,0.508,0.536,0.0,0.0,-1.79,-5.37,-88.55,-88.46,0.0,0.0,0.0,0.0,0.0,0.0,-0.4,1.0,1.0,0.0,0.0,-0.0,-0.0,0.0,0.0,0.0,0.0,0.0,0.0,0.0,0.0,167.0,93.0,107.0,161.0,18.0,7.0,12.0,54.0,15.0,6.0,0.0
163.346,51,185165.0,588.0,86.0,600.0,626.0,0.0,1.0,0.0,0.0,0.489,0.02,0.5,0.521,0.498,0.035,0.508,0.536,0.0,0.0,-1.79,-5.37,-88.55,-88.46,0.0,0.0,0.0,0.0,0.0,0.0,-0.4,1.0,1.0,0.0,0.0,-0.0,-0.0,0.0,0.0,0.0,0.0,0.0,0.0,0.0,0.0,167.0,93.0,107.0,161.0,18.0,7.0,12.0,54.0,15.0,6.0,1.0
163.412,53,185218.0,588.0,86.0,600.0,626.0,0.0,1.0,0.0,0.0,0.489,0.02,0.5,0.521,0.498,0.035,0.508,0.536,0.0,0.0,-1.8,-5.38,-88.55,-88.46,0.0,0.0,0.0,0.0,0.0,0.0,-0.4,1.0,1.0,0.0,0.0,-0.0,-0.0,0.0,0.0,0.0,0.0,0.0,0.0,0.0,0.0,167.0,93.0,107.0,161.0,18.0,7.0,12.0,54.0,15.0,6.0,0.0
163.444,53,185271.0,588.0,86.0,600.0,625.0,0.0,1.0,0.0,0.0,0.489,0.02,0.5,0.521,0.497,0.035,0.508,0.535,0.0,0.0,-1.79,-5.38,-88.55,-88.46,0.0,0.0,0.0,0.0,0.0,0.0,-0.4,1.0,1.0,0.0,0.0,-0.0,-0.0,0.0,0.0,0.0,0.0,0.0,0.0,0.0,0.0,167.0,93.0,107.0,161.0,18.0,7.0,12.0,54.0,15.0,6.0,0.0
163.51,54,185325.0,590.0,86.0,600.0,625.0,0.0,1.0,0.0,0.0,0.489,0.02,0.5,0.521,0.497,0.035,0.508,0.535,0.0,0.0,-1.79,-5.38,-88.55,-88.46,0.0,0.0,0.0,0.0,0.0,0.0,-0.4,1.0,1.0,0.0,0.0,-0.0,-0.0,0.0,0.0,0.0,0.0,0.0,0.0,0.0,0.0,167.0,93.0,107.0,161.0,18.0,7.0,12.0,54.0,15.0,6.0,0.0
163.579,52,185377.0,590.0,86.0,600.0,625.0,0.0,1.0,0.0,0.0,0.489,0.02,0.5,0.521,0.497,0.035,0.508,0.535,0.0,0.0,-1.79,-5.38,-88.55,-88.46,0.0,0.0,0.0,0.0,0.0,0.0,-0.4,1.0,1.0,0.0,0.0,-0.0,-0.0,0.0,0.0,0.0,0.0,0.0,0.0,0.0,0.0,167.0,93.0,107.0,161.0,18.0,7.0,12.0,54.0,15.0,6.0,0.0
163.612,53,185430.0,590.0,86.0,600.0,625.0,0.0,1.0,0.0,0.0,0.489,0.02,0.5,0.521,0.497,0.035,0.508,0.535,0.0,0.0,-1.78,-5.37,-88.55,-88.46,0.0,0.0,0.0,0.0,0.0,0.0,-0.4,1.0,1.0,0.0,0.0,-0.0,-0.0,0.0,0.0,0.0,0.0,0.0,0.0,0.0,0.0,167.0,93.0,107.0,161.0,18.0,7.0,12.0,54.0,15.0,6.0,0.0
163.678,52,185482.0,590.0,86.0,600.0,624.0,0.0,1.0,0.0,0.0,0.49,0.02,0.5,0.52,0.498,0.035,0.508,0.535,0.0,0.0,-1.78,-5.38,-88.55,-88.46,0.0,0.0,0.0,0.0,0.0,0.0,-0.4,1.0,1.0,0.0,0.0,-0.0,-0.0,0.0,0.0,0.0,0.0,0.0,0.0,0.0,0.0,167.0,93.0,107.0,161.0,18.0,7.0,12.0,54.0,15.0,6.0,0.0
163.712,53,185535.0,589.0,86.0,600.0,624.0,0.0,1.0,0.0,0.0,0.49,0.02,0.5,0.52,0.498,0.035,0.508,0.535,0.0,0.0,-1.78,-5.38,-88.55,-88.46,0.0,0.0,0.0,0.0,0.0,0.0,-0.4,1.0,1.0,0.0,0.0,-0.0,-0.0,0.0,0.0,0.0,0.0,0.0,0.0,0.0,0.0,167.0,93.0,107.0,161.0,18.0,7.0,12.0,54.0,15.0,6.0,0.0
163.778,52,185587.0,589.0,86.0,600.0,624.0,0.0,1.0,0.0,0.0,0.49,0.02,0.5,0.52,0.498,0.035,0.508,0.535,0.0,0.0,-1.78,-5.38,-88.55,-88.46,0.0,0.0,0.0,0.0,0.0,0.0,-0.4,1.0,1.0,0.0,0.0,-0.0,-0.0,0.0,0.0,0.0,0.0,0.0,0.0,0.0,0.0,167.0,93.0,107.0,161.0,18.0,7.0,12.0,54.0,15.0,6.0,1.0
163.81,52,185639.0,589.0,86.0,600.0,624.0,0.0,1.0,0.0,0.0,0.49,0.02,0.5,0.52,0.498,0.035,0.508,0.535,0.0,0.0,-1.78,-5.38,-88.55,-88.46,0.0,0.0,0.0,0.0,0.0,0.0,-0.4,1.0,1.0,0.0,0.0,-0.0,-0.0,0.0,0.0,0.0,0.0,0.0,0.0,0.0,0.0,167.0,93.0,107.0,161.0,18.0,7.0,12.0,54.0,15.0,6.0,0.0
163.874,52,185691.0,589.0,86.0,600.0,622.0,0.0,1.0,0.0,0.0,0.491,0.02,0.5,0.519,0.499,0.035,0.508,0.534,0.0,0.0,-1.78,-5.38,-88.55,-88.46,0.0,0.0,0.0,0.0,0.0,0.0,-0.4,1.0,1.0,0.0,0.0,-0.0,-0.0,0.0,0.0,0.0,0.0,0.0,0.0,0.0,0.0,167.0,93.0,107.0,161.0,18.0,7.0,12.0,54.0,15.0,6.0,0.0
163.94,54,185745.0,591.0,86.0,600.0,622.0,0.0,1.0,0.0,0.0,0.491,0.02,0.5,0.519,0.499,0.035,0.508,0.534,0.0,0.0,-1.79,-5.38,-88.55,-88.46,0.0,0.0,0.0,0.0,0.0,0.0,-0.4,1.0,1.0,0.0,0.0,-0.0,-0.0,0.0,0.0,0.0,0.0,0.0,0.0,0.0,0.0,167.0,93.0,107.0,161.0,18.0,7.0,12.0,54.0,15.0,6.0,0.0
163.973,52,185797.0,591.0,86.0,600.0,622.0,0.0,1.0,0.0,0.0,0.491,0.02,0.5,0.519,0.499,0.035,0.508,0.534,0.0,0.0,-1.79,-5.38,-88.55,-88.46,0.0,0.0,0.0,0.0,0.0,0.0,-0.4,1.0,1.0,0.0,0.0,-0.0,-0.0,0.0,0.0,0.0,0.0,0.0,0.0,0.0,0.0,167.0,93.0,107.0,161.0,18.0,7.0,12.0,54.0,15.0,6.0,1.0
164.037,53,185850.0,591.0,86.0,600.0,622.0,0.0,1.0,0.0,0.0,0.491,0.02,0.5,0.519,0.499,0.035,0.508,0.534,0.0,0.0,-1.78,-5.37,-88.55,-88.46,0.0,0.0,0.0,0.0,0.0,0.0,-0.4,1.0,1.0,0.0,0.0,-0.0,-0.0,0.0,0.0,0.0,0.0,0.0,0.0,0.0,0.0,167.0,93.0,107.0,161.0,18.0,7.0,12.0,54.0,15.0,6.0,0.0
164.101,52,185902.0,591.0,86.0,600.0,620.0,0.0,1.0,0.0,0.0,0.492,0.02,0.5,0.518,0.499,0.035,0.508,0.532,0.0,0.0,-1.78,-5.37,-88.55,-88.46,0.0,0.0,0.0,0.0,0.0,0.0,-0.4,1.0,1.0,0.0,0.0,-0.0,-0.0,0.0,0.0,0.0,0.0,0.0,0.0,0.0,0.0,167.0,93.0,107.0,161.0,18.0,7.0,12.0,54.0,15.0,6.0,0.0
164.134,53,185955.0,597.0,86.0,600.0,620.0,0.0,1.0,0.0,0.0,0.492,0.02,0.5,0.518,0.499,0.035,0.508,0.532,0.0,0.0,-1.78,-5.37,-88.55,-88.46,0.0,0.0,0.0,0.0,0.0,0.0,-0.4,1.0,1.0,0.0,0.0,-0.0,-0.0,0.0,0.0,0.0,0.0,0.0,0.0,0.0,0.0,167.0,93.0,107.0,161.0,18.0,7.0,12.0,54.0,15.0,6.0,0.0
164.197,52,186007.0,597.0,86.0,600.0,620.0,0.0,1.0,0.0,0.0,0.492,0.02,0.5,0.518,0.499,0.035,0.508,0.532,0.0,0.0,-1.79,-5.38,-88.55,-88.46,0.0,0.0,0.0,0.0,0.0,0.0,-0.4,1.0,1.0,0.0,0.0,-0.0,-0.0,0.0,0.0,0.0,0.0,0.0,0.0,0.0,0.0,167.0,93.0,107.0,161.0,18.0,7.0,12.0,54.0,15.0,6.0,1.0
164.265,52,186059.0,597.0,86.0,600.0,620.0,0.0,1.0,0.0,0.0,0.492,0.02,0.5,0.518,0.499,0.035,0.508,0.532,0.0,0.0,-1.79,-5.38,-88.55,-88.46,0.0,0.0,0.0,0.0,0.0,0.0,-0.4,1.0,1.0,0.0,0.0,-0.0,-0.0,0.0,0.0,0.0,0.0,0.0,0.0,0.0,0.0,167.0,93.0,107.0,161.0,18.0,7.0,12.0,54.0,15.0,6.0,0.0
164.298,52,186111.0,597.0,86.0,600.0,620.0,0.0,1.0,0.0,0.0,0.495,0.02,0.5,0.517,0.502,0.035,0.508,0.532,0.0,0.0,-1.79,-5.37,-88.55,-88.46,0.0,0.0,0.0,0.0,0.0,0.0,-0.4,1.0,1.0,0.0,0.0,-0.0,-0.0,0.0,0.0,0.0,0.0,0.0,0.0,0.0,0.0,167.0,93.0,107.0,161.0,18.0,7.0,12.0,54.0,15.0,6.0,0.0
164.364,54,186165.0,595.0,86.0,600.0,620.0,0.0,1.0,0.0,0.0,0.495,0.02,0.5,0.517,0.502,0.035,0.508,0.532,0.0,0.0,-1.78,-5.37,-88.55,-88.46,0.0,0.0,0.0,0.0,0.0,0.0,-0.4,1.0,1.0,0.0,0.0,-0.0,-0.0,0.0,0.0,0.0,0.0,0.0,0.0,0.0,0.0,167.0,93.0,107.0,161.0,18.0,7.0,12.0,54.0,15.0,6.0,0.0
164.397,52,186217.0,595.0,86.0,600.0,620.0,0.0,1.0,0.0,0.0,0.495,0.02,0.5,0.517,0.502,0.035,0.508,0.532,0.0,0.0,-1.78,-5.37,-88.55,-88.46,0.0,0.0,0.0,0.0,0.0,0.0,-0.4,1.0,1.0,0.0,0.0,-0.0,-0.0,0.0,0.0,0.0,0.0,0.0,0.0,0.0,0.0,167.0,93.0,107.0,161.0,18.0,7.0,12.0,54.0,15.0,6.0,1.0
164.464,53,186270.0,595.0,86.0,600.0,620.0,0.0,1.0,0.0,0.0,0.495,0.02,0.5,0.517,0.502,0.035,0.508,0.532,0.0,0.0,-1.79,-5.38,-88.55,-88.46,0.0,0.0,0.0,0.0,0.0,0.0,-0.4,1.0,1.0,0.0,0.0,-0.0,-0.0,0.0,0.0,0.0,0.0,0.0,0.0,0.0,0.0,167.0,93.0,107.0,161.0,18.0,7.0,12.0,54.0,15.0,6.0,0.0
164.496,53,186323.0,595.0,86.0,600.0,620.0,0.0,1.0,0.0,0.0,0.495,0.02,0.5,0.517,0.503,0.035,0.508,0.531,0.0,0.0,-1.79,-5.37,-88.55,-88.46,0.0,0.0,0.0,0.0,0.0,0.0,-0.4,1.0,1.0,0.0,0.0,-0.0,-0.0,0.0,0.0,0.0,0.0,0.0,0.0,0.0,0.0,167.0,93.0,107.0,161.0,18.0,7.0,12.0,54.0,15.0,6.0,0.0
164.571,53,186376.0,599.0,86.0,600.0,620.0,0.0,1.0,0.0,0.0,0.495,0.02,0.5,0.517,0.503,0.035,0.508,0.531,0.0,0.0,-1.79,-5.37,-88.55,-88.46,0.0,0.0,0.0,0.0,0.0,0.0,-0.4,1.0,1.0,0.0,0.0,-0.0,-0.0,0.0,0.0,0.0,0.0,0.0,0.0,0.0,0.0,167.0,93.0,107.0,161.0,18.0,7.0,12.0,54.0,15.0,6.0,1.0
164.604,52,186428.0,599.0,85.0,600.0,620.0,0.0,1.0,0.0,0.0,0.495,0.02,0.5,0.517,0.503,0.035,0.508,0.531,0.0,0.0,-1.8,-5.38,-88.55,-88.46,0.0,0.0,0.0,0.0,0.0,0.0,-0.4,1.0,1.0,0.0,0.0,-0.0,-0.0,0.0,0.0,0.0,0.0,0.0,0.0,0.0,0.0,167.0,93.0,107.0,161.0,18.0,7.0,12.0,54.0,15.0,6.0,1.0
164.67,52,186480.0,599.0,85.0,600.0,620.0,0.0,1.0,0.0,0.0,0.495,0.02,0.5,0.517,0.503,0.035,0.508,0.531,0.0,0.0,-1.79,-5.37,-88.55,-88.46,0.0,0.0,0.0,0.0,0.0,0.0,-0.4,1.0,1.0,0.0,0.0,-0.0,-0.0,0.0,0.0,0.0,0.0,0.0,0.0,0.0,0.0,167.0,93.0,107.0,161.0,18.0,7.0,12.0,54.0,15.0,6.0,1.0
164.738,53,186533.0,599.0,85.0,600.0,621.0,0.0,1.0,0.0,0.0,0.497,0.02,0.5,0.517,0.505,0.034,0.508,0.532,0.0,0.0,-1.79,-5.37,-88.55,-88.46,0.0,0.0,0.0,0.0,0.0,0.0,-0.4,1.0,1.0,0.0,0.0,-0.0,-0.0,0.0,0.0,0.0,0.0,0.0,0.0,0.0,0.0,167.0,93.0,107.0,161.0,18.0,7.0,12.0,54.0,15.0,6.0,0.0
164.77,54,186587.0,597.0,85.0,600.0,621.0,0.0,1.0,0.0,0.0,0.497,0.02,0.5,0.517,0.505,0.034,0.508,0.532,0.0,0.0,-1.79,-5.38,-88.55,-88.46,0.0,0.0,0.0,0.0,0.0,0.0,-0.4,1.0,1.0,0.0,0.0,-0.0,-0.0,0.0,0.0,0.0,0.0,0.0,0.0,0.0,0.0,167.0,93.0,107.0,161.0,18.0,7.0,12.0,54.0,15.0,6.0,1.0
164.834,52,186639.0,597.0,85.0,600.0,621.0,0.0,1.0,0.0,0.0,0.497,0.02,0.5,0.517,0.505,0.034,0.508,0.532,0.0,0.0,-1.79,-5.38,-88.55,-88.46,0.0,0.0,0.0,0.0,0.0,0.0,-0.4,1.0,1.0,0.0,0.0,-0.0,-0.0,0.0,0.0,0.0,0.0,0.0,0.0,0.0,0.0,167.0,93.0,107.0,161.0,18.0,7.0,12.0,54.0,15.0,6.0,0.0
164.867,52,186691.0,597.0,85.0,600.0,621.0,0.0,1.0,0.0,0.0,0.497,0.02,0.5,0.517,0.505,0.034,0.508,0.532,0.0,0.0,-1.78,-5.38,-88.55,-88.46,0.0,0.0,0.0,0.0,0.0,0.0,-0.4,1.0,1.0,0.0,0.0,-0.0,-0.0,0.0,0.0,0.0,0.0,0.0,0.0,0.0,0.0,167.0,93.0,107.0,161.0,18.0,7.0,12.0,54.0,15.0,6.0,0.0
164.941,53,186744.0,597.0,85.0,600.0,623.0,0.0,1.0,0.0,0.0,0.497,0.02,0.5,0.518,0.505,0.034,0.508,0.532,0.0,0.0,-1.77,-5.37,-88.55,-88.46,0.0,0.0,0.0,0.0,0.0,0.0,-0.4,1.0,1.0,0.0,0.0,-0.0,-0.0,0.0,0.0,0.0,0.0,0.0,0.0,0.0,0.0,167.0,93.0,107.0,161.0,18.0,7.0,12.0,54.0,15.0,6.0,0.0
164.974,53,186797.0,597.0,85.0,600.0,623.0,0.0,1.0,0.0,0.0,0.497,0.02,0.5,0.518,0.505,0.034,0.508,0.532,0.0,0.0,-1.78,-5.38,-88.55,-88.46,0.0,0.0,0.0,0.0,0.0,0.0,-0.4,1.0,1.0,0.0,0.0,-0.0,-0.0,0.0,0.0,0.0,0.0,0.0,0.0,0.0,0.0,167.0,93.0,107.0,161.0,18.0,7.0,12.0,54.0,15.0,6.0,0.0
165.04,54,186851.0,597.0,85.0,600.0,623.0,0.0,1.0,0.0,0.0,0.497,0.02,0.5,0.518,0.505,0.034,0.508,0.532,0.0,0.0,-1.78,-5.37,-88.55,-88.46,0.0,0.0,0.0,0.0,0.0,0.0,-0.4,1.0,1.0,0.0,0.0,-0.0,-0.0,0.0,0.0,0.0,0.0,0.0,0.0,0.0,0.0,167.0,93.0,107.0,161.0,18.0,7.0,12.0,54.0,15.0,6.0,0.0
165.106,52,186903.0,597.0,85.0,600.0,623.0,0.0,1.0,0.0,0.0,0.497,0.02,0.5,0.518,0.505,0.034,0.508,0.532,0.0,0.0,-1.78,-5.37,-88.55,-88.46,0.0,0.0,0.0,0.0,0.0,0.0,-0.4,1.0,1.0,0.0,0.0,-0.0,-0.0,0.0,0.0,0.0,0.0,0.0,0.0,0.0,0.0,167.0,93.0,107.0,161.0,18.0,7.0,12.0,54.0,15.0,6.0,0.0
165.138,53,186956.0,597.0,85.0,600.0,624.0,0.0,1.0,0.0,0.0,0.497,0.02,0.5,0.519,0.505,0.034,0.508,0.533,0.0,0.0,-1.78,-5.37,-88.55,-88.46,0.0,0.0,0.0,0.0,0.0,0.0,-0.4,1.0,1.0,0.0,0.0,-0.0,-0.0,0.0,0.0,0.0,0.0,0.0,0.0,0.0,0.0,167.0,93.0,107.0,161.0,18.0,7.0,12.0,54.0,15.0,6.0,0.0
165.201,54,187010.0,593.0,85.0,600.0,624.0,0.0,1.0,0.0,0.0,0.497,0.02,0.5,0.519,0.505,0.034,0.508,0.533,0.0,0.0,-1.78,-5.36,-88.55,-88.46,0.0,0.0,0.0,0.0,0.0,0.0,-0.4,1.0,1.0,0.0,0.0,-0.0,-0.0,0.0,0.0,0.0,0.0,0.0,0.0,0.0,0.0,167.0,93.0,107.0,161.0,18.0,7.0,12.0,54.0,15.0,6.0,0.0
165.233,53,187063.0,593.0,84.0,600.0,624.0,0.0,1.0,0.0,0.0,0.497,0.02,0.5,0.519,0.505,0.034,0.508,0.533,0.0,0.0,-1.78,-5.36,-88.55,-88.46,0.0,0.0,0.0,0.0,0.0,0.0,-0.4,1.0,1.0,0.0,0.0,-0.0,-0.0,0.0,0.0,0.0,0.0,0.0,0.0,0.0,0.0,167.0,93.0,107.0,161.0,18.0,7.0,12.0,54.0,15.0,6.0,0.0
165.297,52,187115.0,593.0,84.0,600.0,624.0,0.0,1.0,0.0,0.0,0.497,0.02,0.5,0.519,0.505,0.034,0.508,0.533,0.0,0.0,-1.78,-5.36,-88.55,-88.46,0.0,0.0,0.0,0.0,0.0,0.0,-0.4,1.0,1.0,0.0,0.0,-0.0,-0.0,0.0,0.0,0.0,0.0,0.0,0.0,0.0,0.0,167.0,93.0,107.0,161.0,18.0,7.0,12.0,54.0,15.0,6.0,0.0
165.37,53,187168.0,593.0,84.0,600.0,624.0,0.0,1.0,0.0,0.0,0.496,0.019,0.5,0.519,0.504,0.034,0.508,0.534,0.0,0.0,-1.77,-5.36,-88.55,-88.46,0.0,0.0,0.0,0.0,0.0,0.0,-0.4,1.0,1.0,0.0,0.0,-0.0,-0.0,0.0,0.0,0.0,0.0,0.0,0.0,0.0,0.0,167.0,93.0,107.0,161.0,18.0,7.0,12.0,54.0,15.0,6.0,0.0
165.403,53,187221.0,600.0,84.0,600.0,624.0,0.0,1.0,0.0,0.0,0.496,0.019,0.5,0.519,0.504,0.034,0.508,0.534,0.0,0.0,-1.77,-5.36,-88.56,-88.46,0.0,0.0,0.0,0.0,0.0,0.0,-0.4,1.0,1.0,0.0,0.0,-0.0,-0.0,0.0,0.0,0.0,0.0,0.0,0.0,0.0,0.0,167.0,93.0,107.0,161.0,18.0,7.0,12.0,54.0,15.0,6.0,0.0
165.468,52,187273.0,600.0,85.0,600.0,624.0,0.0,1.0,0.0,0.0,0.496,0.019,0.5,0.519,0.504,0.034,0.508,0.534,0.0,0.0,-1.77,-5.36,-88.56,-88.46,0.0,0.0,0.0,0.0,0.0,0.0,-0.4,1.0,1.0,0.0,0.0,-0.0,-0.0,0.0,0.0,0.0,0.0,0.0,0.0,0.0,0.0,167.0,93.0,107.0,161.0,18.0,7.0,12.0,54.0,15.0,6.0,0.0
165.501,52,187325.0,600.0,85.0,600.0,624.0,0.0,1.0,0.0,0.0,0.496,0.019,0.5,0.519,0.504,0.034,0.508,0.534,0.0,0.0,-1.77,-5.36,-88.56,-88.46,0.0,0.0,0.0,0.0,0.0,0.0,-0.4,1.0,1.0,0.0,0.0,-0.0,-0.0,0.0,0.0,0.0,0.0,0.0,0.0,0.0,0.0,167.0,93.0,107.0,161.0,18.0,7.0,12.0,54.0,15.0,6.0,0.0
165.565,53,187378.0,600.0,85.0,600.0,626.0,0.0,1.0,0.0,0.0,0.498,0.02,0.5,0.52,0.505,0.034,0.508,0.535,0.0,0.0,-1.77,-5.36,-88.56,-88.46,0.0,0.0,0.0,0.0,0.0,0.0,-0.4,1.0,1.0,0.0,0.0,-0.0,-0.0,0.0,0.0,0.0,0.0,0.0,0.0,0.0,0.0,167.0,93.0,107.0,161.0,18.0,7.0,12.0,54.0,15.0,6.0,0.0
165.63,54,187432.0,597.0,85.0,600.0,626.0,0.0,1.0,0.0,0.0,0.498,0.02,0.5,0.52,0.505,0.034,0.508,0.535,0.0,0.0,-1.77,-5.36,-88.56,-88.46,0.0,0.0,0.0,0.0,0.0,0.0,-0.4,1.0,1.0,0.0,0.0,-0.0,-0.0,0.0,0.0,0.0,0.0,0.0,0.0,0.0,0.0,167.0,93.0,107.0,161.0,18.0,7.0,12.0,54.0,15.0,6.0,0.0
165.663,53,187485.0,597.0,85.0,600.0,626.0,0.0,1.0,0.0,0.0,0.498,0.02,0.5,0.52,0.505,0.034,0.508,0.535,0.0,0.0,-1.76,-5.35,-88.56,-88.46,0.0,0.0,0.0,0.0,0.0,0.0,-0.4,1.0,1.0,0.0,0.0,-0.0,-0.0,0.0,0.0,0.0,0.0,0.0,0.0,0.0,0.0,167.0,93.0,107.0,161.0,18.0,7.0,12.0,54.0,15.0,6.0,0.0
165.734,52,187537.0,597.0,85.0,600.0,626.0,0.0,1.0,0.0,0.0,0.498,0.02,0.5,0.52,0.505,0.034,0.508,0.535,0.0,0.0,-1.76,-5.35,-88.56,-88.46,0.0,0.0,0.0,0.0,0.0,0.0,-0.4,1.0,1.0,0.0,0.0,-0.0,-0.0,0.0,0.0,0.0,0.0,0.0,0.0,0.0,0.0,167.0,93.0,107.0,161.0,18.0,7.0,12.0,54.0,15.0,6.0,1.0
165.767,53,187590.0,597.0,85.0,600.0,626.0,0.0,1.0,0.0,0.0,0.497,0.02,0.5,0.521,0.505,0.034,0.508,0.535,0.0,0.0,-1.76,-5.35,-88.56,-88.46,0.0,0.0,0.0,0.0,0.0,0.0,-0.4,1.0,1.0,0.0,0.0,-0.0,-0.0,0.0,0.0,0.0,0.0,0.0,0.0,0.0,0.0,167.0,93.0,107.0,161.0,18.0,7.0,12.0,54.0,15.0,6.0,0.0
165.833,53,187643.0,595.0,85.0,600.0,626.0,0.0,1.0,0.0,0.0,0.497,0.02,0.5,0.521,0.505,0.034,0.508,0.535,0.0,0.0,-1.76,-5.35,-88.56,-88.46,0.0,0.0,0.0,0.0,0.0,0.0,-0.4,1.0,1.0,0.0,0.0,-0.0,-0.0,0.0,0.0,0.0,0.0,0.0,0.0,0.0,0.0,167.0,93.0,107.0,161.0,18.0,7.0,12.0,54.0,15.0,6.0,0.0
165.866,51,187694.0,595.0,85.0,600.0,626.0,0.0,1.0,0.0,0.0,0.497,0.02,0.5,0.521,0.505,0.034,0.508,0.535,0.0,0.0,-1.76,-5.35,-88.56,-88.46,0.0,0.0,0.0,0.0,0.0,0.0,-0.4,1.0,1.0,0.0,0.0,-0.0,-0.0,0.0,0.0,0.0,0.0,0.0,0.0,0.0,0.0,167.0,93.0,107.0,161.0,18.0,7.0,12.0,54.0,15.0,6.0,0.0
165.939,53,187747.0,595.0,85.0,600.0,626.0,0.0,1.0,0.0,0.0,0.497,0.02,0.5,0.521,0.505,0.034,0.508,0.535,0.0,0.0,-1.76,-5.36,-88.56,-88.46,0.0,0.0,0.0,0.0,0.0,0.0,-0.4,1.0,1.0,0.0,0.0,-0.0,-0.0,0.0,0.0,0.0,0.0,0.0,0.0,0.0,0.0,167.0,93.0,107.0,161.0,18.0,7.0,12.0,54.0,15.0,6.0,1.0
166.002,53,187800.0,595.0,85.0,600.0,624.0,0.0,1.0,0.0,0.0,0.496,0.02,0.5,0.52,0.505,0.034,0.508,0.535,0.0,0.0,-1.76,-5.36,-88.56,-88.46,0.0,0.0,0.0,0.0,0.0,0.0,-0.4,1.0,1.0,0.0,0.0,-0.0,-0.0,0.0,0.0,0.0,0.0,0.0,0.0,0.0,0.0,167.0,93.0,107.0,161.0,18.0,7.0,12.0,54.0,15.0,6.0,0.0
166.035,54,187854.0,601.0,85.0,600.0,624.0,0.0,1.0,0.0,0.0,0.496,0.02,0.5,0.52,0.505,0.034,0.508,0.535,0.0,0.0,-1.76,-5.36,-88.56,-88.46,0.0,0.0,0.0,0.0,0.0,0.0,-0.4,1.0,1.0,0.0,0.0,-0.0,-0.0,0.0,0.0,0.0,0.0,0.0,0.0,0.0,0.0,167.0,93.0,107.0,161.0,18.0,7.0,12.0,54.0,15.0,6.0,0.0
166.101,54,187908.0,601.0,86.0,600.0,624.0,0.0,1.0,0.0,0.0,0.496,0.02,0.5,0.52,0.505,0.034,0.508,0.535,0.0,0.0,-1.76,-5.36,-88.56,-88.46,0.0,0.0,0.0,0.0,0.0,0.0,-0.4,1.0,1.0,0.0,0.0,-0.0,-0.0,0.0,0.0,0.0,0.0,0.0,0.0,0.0,0.0,167.0,93.0,107.0,161.0,18.0,7.0,12.0,54.0,15.0,6.0,0.0
166.134,52,187960.0,601.0,86.0,600.0,624.0,0.0,1.0,0.0,0.0,0.496,0.02,0.5,0.52,0.505,0.034,0.508,0.535,0.0,0.0,-1.76,-5.35,-88.56,-88.46,0.0,0.0,0.0,0.0,0.0,0.0,-0.4,1.0,1.0,0.0,0.0,-0.0,-0.0,0.0,0.0,0.0,0.0,0.0,0.0,0.0,0.0,167.0,93.0,107.0,161.0,18.0,7.0,12.0,54.0,15.0,6.0,0.0
166.198,53,188013.0,601.0,86.0,600.0,625.0,0.0,1.0,0.0,0.0,0.499,0.02,0.5,0.52,0.507,0.034,0.508,0.535,0.0,0.0,-1.76,-5.35,-88.56,-88.46,0.0,0.0,0.0,0.0,0.0,0.0,-0.4,1.0,1.0,0.0,0.0,-0.0,-0.0,0.0,0.0,0.0,0.0,0.0,0.0,0.0,0.0,167.0,93.0,107.0,161.0,18.0,7.0,12.0,54.0,15.0,6.0,0.0
166.262,53,188066.0,600.0,86.0,600.0,625.0,0.0,1.0,0.0,0.0,0.499,0.02,0.5,0.52,0.507,0.034,0.508,0.535,0.0,0.0,-1.77,-5.35,-88.56,-88.46,0.0,0.0,0.0,0.0,0.0,0.0,-0.4,1.0,1.0,0.0,0.0,-0.0,-0.0,0.0,0.0,0.0,0.0,0.0,0.0,0.0,0.0,167.0,93.0,107.0,161.0,18.0,7.0,12.0,54.0,15.0,6.0,0.0
166.295,53,188119.0,600.0,85.0,600.0,625.0,0.0,1.0,0.0,0.0,0.499,0.02,0.5,0.52,0.507,0.034,0.508,0.535,0.0,0.0,-1.77,-5.35,-88.56,-88.46,0.0,0.0,0.0,0.0,0.0,0.0,-0.4,1.0,1.0,0.0,0.0,-0.0,-0.0,0.0,0.0,0.0,0.0,0.0,0.0,0.0,0.0,167.0,93.0,107.0,161.0,18.0,7.0,12.0,54.0,15.0,6.0,0.0
166.36,52,188171.0,600.0,85.0,600.0,625.0,0.0,1.0,0.0,0.0,0.499,0.02,0.5,0.52,0.507,0.034,0.508,0.535,0.0,0.0,-1.77,-5.34,-88.56,-88.46,0.0,0.0,0.0,0.0,0.0,0.0,-0.4,1.0,1.0,0.0,0.0,-0.0,-0.0,0.0,0.0,0.0,0.0,0.0,0.0,0.0,0.0,167.0,93.0,107.0,161.0,18.0,7.0,12.0,54.0,15.0,6.0,0.0
166.425,52,188223.0,600.0,85.0,600.0,628.0,0.0,1.0,0.0,0.0,0.5,0.02,0.5,0.522,0.507,0.034,0.508,0.536,0.0,0.0,-1.77,-5.34,-88.56,-88.46,0.0,0.0,0.0,0.0,0.0,0.0,-0.4,1.0,1.0,0.0,0.0,-0.0,-0.0,0.0,0.0,0.0,0.0,0.0,0.0,0.0,0.0,167.0,93.0,107.0,161.0,18.0,7.0,12.0,54.0,15.0,6.0,0.0
166.463,54,188277.0,599.0,85.0,600.0,628.0,0.0,1.0,0.0,0.0,0.5,0.02,0.5,0.522,0.507,0.034,0.508,0.536,0.0,0.0,-1.77,-5.34,-88.56,-88.46,0.0,0.0,0.0,0.0,0.0,0.0,-0.4,1.0,1.0,0.0,0.0,-0.0,-0.0,0.0,0.0,0.0,0.0,0.0,0.0,0.0,0.0,167.0,93.0,107.0,161.0,18.0,7.0,12.0,54.0,15.0,6.0,0.0
166.536,53,188330.0,599.0,85.0,600.0,628.0,0.0,1.0,0.0,0.0,0.5,0.02,0.5,0.522,0.507,0.034,0.508,0.536,0.0,0.0,-1.77,-5.34,-88.56,-88.46,0.0,0.0,0.0,0.0,0.0,0.0,-0.4,1.0,1.0,0.0,0.0,-0.0,-0.0,0.0,0.0,0.0,0.0,0.0,0.0,0.0,0.0,167.0,93.0,107.0,161.0,18.0,7.0,12.0,54.0,15.0,6.0,0.0
166.569,53,188383.0,599.0,85.0,600.0,628.0,0.0,1.0,0.0,0.0,0.5,0.02,0.5,0.522,0.507,0.034,0.508,0.536,0.0,0.0,-1.77,-5.35,-88.56,-88.46,0.0,0.0,0.0,0.0,0.0,0.0,-0.4,1.0,1.0,0.0,0.0,-0.0,-0.0,0.0,0.0,0.0,0.0,0.0,0.0,0.0,0.0,167.0,93.0,107.0,161.0,18.0,7.0,12.0,54.0,15.0,6.0,0.0
166.635,52,188435.0,599.0,85.0,600.0,625.0,0.0,1.0,0.0,0.0,0.499,0.02,0.5,0.521,0.507,0.034,0.508,0.536,0.0,0.0,-1.77,-5.35,-88.56,-88.46,0.0,0.0,0.0,0.0,0.0,0.0,-0.4,1.0,1.0,0.0,0.0,-0.0,-0.0,0.0,0.0,0.0,0.0,0.0,0.0,0.0,0.0,167.0,93.0,107.0,161.0,18.0,7.0,12.0,54.0,15.0,6.0,0.0
166.668,55,188490.0,597.0,85.0,600.0,625.0,0.0,1.0,0.0,0.0,0.499,0.02,0.5,0.521,0.507,0.034,0.508,0.536,0.0,0.0,-1.77,-5.35,-88.56,-88.46,0.0,0.0,0.0,0.0,0.0,0.0,-0.4,1.0,1.0,0.0,0.0,-0.0,-0.0,0.0,0.0,0.0,0.0,0.0,0.0,0.0,0.0,167.0,93.0,107.0,161.0,18.0,7.0,12.0,54.0,15.0,6.0,1.0
166.739,52,188542.0,597.0,85.0,600.0,625.0,0.0,1.0,0.0,0.0,0.499,0.02,0.5,0.521,0.507,0.034,0.508,0.536,0.0,0.0,-1.77,-5.35,-88.56,-88.46,0.0,0.0,0.0,0.0,0.0,0.0,-0.4,1.0,1.0,0.0,0.0,-0.0,-0.0,0.0,0.0,0.0,0.0,0.0,0.0,0.0,0.0,167.0,93.0,107.0,161.0,18.0,7.0,12.0,54.0,15.0,6.0,0.0
166.771,52,188594.0,597.0,85.0,600.0,625.0,0.0,1.0,0.0,0.0,0.499,0.02,0.5,0.521,0.507,0.034,0.508,0.536,0.0,0.0,-1.77,-5.35,-88.56,-88.46,0.0,0.0,0.0,0.0,0.0,0.0,-0.4,1.0,1.0,0.0,0.0,-0.0,-0.0,0.0,0.0,0.0,0.0,0.0,0.0,0.0,0.0,167.0,93.0,107.0,161.0,18.0,7.0,12.0,54.0,15.0,6.0,0.0
166.835,52,188646.0,597.0,85.0,600.0,624.0,0.0,1.0,0.0,0.0,0.498,0.02,0.5,0.52,0.506,0.034,0.508,0.535,0.0,0.0,-1.77,-5.35,-88.56,-88.46,0.0,0.0,0.0,0.0,0.0,0.0,-0.4,1.0,1.0,0.0,0.0,-0.0,-0.0,0.0,0.0,0.0,0.0,0.0,0.0,0.0,0.0,167.0,93.0,107.0,161.0,18.0,7.0,12.0,54.0,15.0,6.0,0.0
166.901,54,188700.0,597.0,85.0,600.0,624.0,0.0,1.0,0.0,0.0,0.498,0.02,0.5,0.52,0.506,0.034,0.508,0.535,0.0,0.0,-1.77,-5.35,-88.56,-88.46,0.0,0.0,0.0,0.0,0.0,0.0,-0.4,1.0,1.0,0.0,0.0,-0.0,-0.0,0.0,0.0,0.0,0.0,0.0,0.0,0.0,0.0,167.0,93.0,107.0,161.0,18.0,7.0,12.0,54.0,15.0,6.0,0.0
166.942,52,188752.0,597.0,84.0,600.0,624.0,0.0,1.0,0.0,0.0,0.498,0.02,0.5,0.52,0.506,0.034,0.508,0.535,0.0,0.0,-1.77,-5.35,-88.56,-88.46,0.0,0.0,0.0,0.0,0.0,0.0,-0.4,1.0,1.0,0.0,0.0,-0.0,-0.0,0.0,0.0,0.0,0.0,0.0,0.0,0.0,0.0,167.0,93.0,107.0,161.0,18.0,7.0,12.0,54.0,15.0,6.0,0.0
167.006,54,188806.0,597.0,84.0,600.0,624.0,0.0,1.0,0.0,0.0,0.498,0.02,0.5,0.52,0.506,0.034,0.508,0.535,0.0,0.0,-1.77,-5.36,-88.56,-88.46,0.0,0.0,0.0,0.0,0.0,0.0,-0.4,1.0,1.0,0.0,0.0,-0.0,-0.0,0.0,0.0,0.0,0.0,0.0,0.0,0.0,0.0,167.0,93.0,107.0,161.0,18.0,7.0,12.0,54.0,15.0,6.0,0.0
167.039,52,188858.0,597.0,84.0,600.0,624.0,0.0,1.0,0.0,0.0,0.498,0.02,0.5,0.52,0.506,0.034,0.508,0.535,0.0,0.0,-1.77,-5.36,-88.56,-88.46,0.0,0.0,0.0,0.0,0.0,0.0,-0.4,1.0,1.0,0.0,0.0,-0.0,-0.0,0.0,0.0,0.0,0.0,0.0,0.0,0.0,0.0,167.0,93.0,107.0,161.0,18.0,7.0,12.0,54.0,15.0,6.0,1.0
167.105,53,188911.0,590.0,84.0,600.0,624.0,0.0,1.0,0.0,0.0,0.498,0.02,0.5,0.52,0.506,0.034,0.508,0.535,0.0,0.0,-1.76,-5.36,-88.56,-88.46,0.0,0.0,0.0,0.0,0.0,0.0,-0.4,1.0,1.0,0.0,0.0,-0.0,-0.0,0.0,0.0,0.0,0.0,0.0,0.0,0.0,0.0,167.0,93.0,107.0,161.0,18.0,7.0,12.0,54.0,15.0,6.0,0.0
167.138,52,188963.0,590.0,84.0,600.0,624.0,0.0,1.0,0.0,0.0,0.498,0.02,0.5,0.52,0.506,0.034,0.508,0.535,0.0,0.0,-1.76,-5.36,-88.56,-88.46,0.0,0.0,0.0,0.0,0.0,0.0,-0.4,1.0,1.0,0.0,0.0,-0.0,-0.0,0.0,0.0,0.0,0.0,0.0,0.0,0.0,0.0,167.0,93.0,107.0,161.0,18.0,7.0,12.0,54.0,15.0,6.0,0.0
167.2,52,189015.0,590.0,84.0,600.0,624.0,0.0,1.0,0.0,0.0,0.498,0.02,0.5,0.52,0.506,0.034,0.508,0.535,0.0,0.0,-1.76,-5.36,-88.56,-88.46,0.0,0.0,0.0,0.0,0.0,0.0,-0.4,1.0,1.0,0.0,0.0,-0.0,-0.0,0.0,0.0,0.0,0.0,0.0,0.0,0.0,0.0,167.0,93.0,107.0,161.0,18.0,7.0,12.0,54.0,15.0,6.0,0.0
167.264,52,189067.0,590.0,84.0,600.0,624.0,0.0,1.0,0.0,0.0,0.495,0.019,0.5,0.52,0.503,0.034,0.508,0.534,0.0,0.0,-1.76,-5.36,-88.56,-88.46,0.0,0.0,0.0,0.0,0.0,0.0,-0.4,1.0,1.0,0.0,0.0,-0.0,-0.0,0.0,0.0,0.0,0.0,0.0,0.0,0.0,0.0,167.0,93.0,107.0,161.0,18.0,7.0,12.0,54.0,15.0,6.0,0.0
167.296,54,189121.0,592.0,84.0,600.0,624.0,0.0,1.0,0.0,0.0,0.495,0.019,0.5,0.52,0.503,0.034,0.508,0.534,0.0,0.0,-1.76,-5.36,-88.56,-88.46,0.0,0.0,0.0,0.0,0.0,0.0,-0.4,1.0,1.0,0.0,0.0,-0.0,-0.0,0.0,0.0,0.0,0.0,0.0,0.0,0.0,0.0,167.0,93.0,107.0,161.0,18.0,7.0,12.0,54.0,15.0,6.0,0.0
167.362,51,189172.0,592.0,85.0,600.0,624.0,0.0,1.0,0.0,0.0,0.495,0.019,0.5,0.52,0.503,0.034,0.508,0.534,0.0,0.0,-1.76,-5.36,-88.56,-88.46,0.0,0.0,0.0,0.0,0.0,0.0,-0.4,1.0,1.0,0.0,0.0,-0.0,-0.0,0.0,0.0,0.0,0.0,0.0,0.0,0.0,0.0,167.0,93.0,107.0,161.0,18.0,7.0,12.0,54.0,15.0,6.0,0.0
167.426,54,189226.0,592.0,85.0,600.0,624.0,0.0,1.0,0.0,0.0,0.495,0.019,0.5,0.52,0.503,0.034,0.508,0.534,0.0,0.0,-1.76,-5.37,-88.56,-88.46,0.0,0.0,0.0,0.0,0.0,0.0,-0.4,1.0,1.0,0.0,0.0,-0.0,-0.0,0.0,0.0,0.0,0.0,0.0,0.0,0.0,0.0,167.0,93.0,107.0,161.0,18.0,7.0,12.0,54.0,15.0,6.0,0.0
167.463,52,189278.0,592.0,85.0,600.0,623.0,0.0,1.0,0.0,0.0,0.494,0.019,0.5,0.519,0.502,0.034,0.508,0.534,0.0,0.0,-1.76,-5.37,-88.56,-88.46,0.0,0.0,0.0,0.0,0.0,0.0,-0.4,1.0,1.0,0.0,0.0,-0.0,-0.0,0.0,0.0,0.0,0.0,0.0,0.0,0.0,0.0,167.0,93.0,107.0,161.0,18.0,7.0,12.0,54.0,15.0,6.0,0.0
167.533,53,189331.0,587.0,85.0,600.0,623.0,0.0,1.0,0.0,0.0,0.494,0.019,0.5,0.519,0.502,0.034,0.508,0.534,0.0,0.0,-1.76,-5.36,-88.56,-88.46,0.0,0.0,0.0,0.0,0.0,0.0,-0.4,1.0,1.0,0.0,0.0,-0.0,-0.0,0.0,0.0,0.0,0.0,0.0,0.0,0.0,0.0,167.0,93.0,107.0,161.0,18.0,7.0,12.0,54.0,15.0,6.0,0.0
167.566,51,189382.0,587.0,85.0,600.0,623.0,0.0,1.0,0.0,0.0,0.494,0.019,0.5,0.519,0.502,0.034,0.508,0.534,0.0,0.0,-1.76,-5.36,-88.56,-88.46,0.0,0.0,0.0,0.0,0.0,0.0,-0.4,1.0,1.0,0.0,0.0,-0.0,-0.0,0.0,0.0,0.0,0.0,0.0,0.0,0.0,0.0,167.0,93.0,107.0,161.0,18.0,7.0,12.0,54.0,15.0,6.0,0.0
167.632,53,189435.0,587.0,85.0,600.0,623.0,0.0,1.0,0.0,0.0,0.494,0.019,0.5,0.519,0.502,0.034,0.508,0.534,0.0,0.0,-1.77,-5.37,-88.56,-88.46,0.0,0.0,0.0,0.0,0.0,0.0,-0.4,1.0,1.0,0.0,0.0,-0.0,-0.0,0.0,0.0,0.0,0.0,0.0,0.0,0.0,0.0,167.0,93.0,107.0,161.0,18.0,7.0,12.0,54.0,15.0,6.0,0.0
167.665,53,189488.0,587.0,85.0,600.0,625.0,0.0,1.0,0.0,0.0,0.491,0.02,0.5,0.52,0.5,0.034,0.508,0.534,0.0,0.0,-1.77,-5.37,-88.56,-88.46,0.0,0.0,0.0,0.0,0.0,0.0,-0.4,1.0,1.0,0.0,0.0,-0.0,-0.0,0.0,0.0,0.0,0.0,0.0,0.0,0.0,0.0,167.0,93.0,107.0,161.0,18.0,7.0,12.0,54.0,15.0,6.0,0.0
167.731,54,189542.0,588.0,85.0,600.0,625.0,0.0,1.0,0.0,0.0,0.491,0.02,0.5,0.52,0.5,0.034,0.508,0.534,0.0,0.0,-1.77,-5.36,-88.56,-88.46,0.0,0.0,0.0,0.0,0.0,0.0,-0.4,1.0,1.0,0.0,0.0,-0.0,-0.0,0.0,0.0,0.0,0.0,0.0,0.0,0.0,0.0,167.0,93.0,107.0,161.0,18.0,7.0,12.0,54.0,15.0,6.0,0.0
167.797,51,189593.0,588.0,86.0,600.0,625.0,0.0,1.0,0.0,0.0,0.491,0.02,0.5,0.52,0.5,0.034,0.508,0.534,0.0,0.0,-1.77,-5.36,-88.55,-88.46,0.0,0.0,0.0,0.0,0.0,0.0,-0.4,1.0,1.0,0.0,0.0,-0.0,-0.0,0.0,0.0,0.0,0.0,0.0,0.0,0.0,0.0,167.0,93.0,107.0,161.0,18.0,7.0,12.0,54.0,15.0,6.0,0.0
167.83,54,189647.0,588.0,86.0,600.0,625.0,0.0,1.0,0.0,0.0,0.491,0.02,0.5,0.52,0.5,0.034,0.508,0.534,0.0,0.0,-1.77,-5.37,-88.55,-88.46,0.0,0.0,0.0,0.0,0.0,0.0,-0.4,1.0,1.0,0.0,0.0,-0.0,-0.0,0.0,0.0,0.0,0.0,0.0,0.0,0.0,0.0,167.0,93.0,107.0,161.0,18.0,7.0,12.0,54.0,15.0,6.0,0.0
167.894,52,189699.0,588.0,86.0,600.0,622.0,0.0,1.0,0.0,0.0,0.49,0.02,0.5,0.519,0.498,0.034,0.508,0.534,0.0,0.0,-1.77,-5.37,-88.55,-88.46,0.0,0.0,0.0,0.0,0.0,0.0,-0.4,1.0,1.0,0.0,0.0,-0.0,-0.0,0.0,0.0,0.0,0.0,0.0,0.0,0.0,0.0,167.0,93.0,107.0,161.0,18.0,7.0,12.0,54.0,15.0,6.0,1.0
167.931,53,189752.0,584.0,86.0,600.0,622.0,0.0,1.0,0.0,0.0,0.49,0.02,0.5,0.519,0.498,0.034,0.508,0.534,0.0,0.0,-1.77,-5.37,-88.55,-88.46,0.0,0.0,0.0,0.0,0.0,0.0,-0.4,1.0,1.0,0.0,0.0,-0.0,-0.0,0.0,0.0,0.0,0.0,0.0,0.0,0.0,0.0,167.0,93.0,107.0,161.0,18.0,7.0,12.0,54.0,15.0,6.0,0.0
167.997,52,189804.0,584.0,85.0,600.0,622.0,0.0,1.0,0.0,0.0,0.49,0.02,0.5,0.519,0.498,0.034,0.508,0.534,0.0,0.0,-1.77,-5.38,-88.55,-88.46,0.0,0.0,0.0,0.0,0.0,0.0,-0.4,1.0,1.0,0.0,0.0,-0.0,-0.0,0.0,0.0,0.0,0.0,0.0,0.0,0.0,0.0,167.0,93.0,107.0,161.0,18.0,7.0,12.0,54.0,15.0,6.0,0.0
168.03,52,189856.0,584.0,85.0,600.0,622.0,0.0,1.0,0.0,0.0,0.49,0.02,0.5,0.519,0.498,0.034,0.508,0.534,0.0,0.0,-1.77,-5.38,-88.55,-88.46,0.0,0.0,0.0,0.0,0.0,0.0,-0.4,1.0,1.0,0.0,0.0,-0.0,-0.0,0.0,0.0,0.0,0.0,0.0,0.0,0.0,0.0,167.0,93.0,107.0,161.0,18.0,7.0,12.0,54.0,15.0,6.0,0.0
168.096,53,189909.0,584.0,85.0,600.0,623.0,0.0,1.0,0.0,0.0,0.488,0.02,0.5,0.519,0.497,0.034,0.508,0.533,0.0,0.0,-1.77,-5.38,-88.55,-88.46,0.0,0.0,0.0,0.0,0.0,0.0,-0.4,1.0,1.0,0.0,0.0,-0.0,-0.0,0.0,0.0,0.0,0.0,0.0,0.0,0.0,0.0,167.0,93.0,107.0,161.0,18.0,7.0,12.0,54.0,15.0,6.0,0.0
168.162,54,189963.0,585.0,85.0,600.0,623.0,0.0,1.0,0.0,0.0,0.488,0.02,0.5,0.519,0.497,0.034,0.508,0.533,0.0,0.0,-1.77,-5.38,-88.55,-88.46,0.0,0.0,0.0,0.0,0.0,0.0,-0.4,1.0,1.0,0.0,0.0,-0.0,-0.0,0.0,0.0,0.0,0.0,0.0,0.0,0.0,0.0,167.0,93.0,107.0,161.0,18.0,7.0,12.0,54.0,15.0,6.0,0.0
168.197,53,190016.0,585.0,86.0,600.0,623.0,0.0,1.0,0.0,0.0,0.488,0.02,0.5,0.519,0.497,0.034,0.508,0.533,0.0,0.0,-1.76,-5.38,-88.55,-88.46,0.0,0.0,0.0,0.0,0.0,0.0,-0.4,1.0,1.0,0.0,0.0,-0.0,-0.0,0.0,0.0,0.0,0.0,0.0,0.0,0.0,0.0,167.0,93.0,107.0,161.0,18.0,7.0,12.0,54.0,15.0,6.0,0.0
168.262,52,190068.0,585.0,86.0,600.0,623.0,0.0,1.0,0.0,0.0,0.488,0.02,0.5,0.519,0.497,0.034,0.508,0.533,0.0,0.0,-1.76,-5.38,-88.55,-88.46,0.0,0.0,0.0,0.0,0.0,0.0,-0.4,1.0,1.0,0.0,0.0,-0.0,-0.0,0.0,0.0,0.0,0.0,0.0,0.0,0.0,0.0,167.0,93.0,107.0,161.0,18.0,7.0,12.0,54.0,15.0,6.0,0.0
168.293,53,190121.0,585.0,86.0,600.0,621.0,0.0,1.0,0.0,0.0,0.488,0.02,0.5,0.518,0.496,0.034,0.508,0.533,0.0,0.0,-1.76,-5.38,-88.55,-88.46,0.0,0.0,0.0,0.0,0.0,0.0,-0.4,1.0,1.0,0.0,0.0,-0.0,-0.0,0.0,0.0,0.0,0.0,0.0,0.0,0.0,0.0,167.0,93.0,107.0,161.0,18.0,7.0,12.0,54.0,15.0,6.0,0.0
168.364,53,190174.0,582.0,86.0,600.0,621.0,0.0,1.0,0.0,0.0,0.488,0.02,0.5,0.518,0.496,0.034,0.508,0.533,0.0,0.0,-1.76,-5.38,-88.56,-88.46,0.0,0.0,0.0,0.0,0.0,0.0,-0.4,1.0,1.0,0.0,0.0,-0.0,-0.0,0.0,0.0,0.0,0.0,0.0,0.0,0.0,0.0,167.0,93.0,107.0,161.0,18.0,7.0,12.0,54.0,15.0,6.0,0.0
168.431,54,190228.0,582.0,85.0,600.0,621.0,0.0,1.0,0.0,0.0,0.488,0.02,0.5,0.518,0.496,0.034,0.508,0.533,0.0,0.0,-1.77,-5.38,-88.56,-88.46,0.0,0.0,0.0,0.0,0.0,0.0,-0.4,1.0,1.0,0.0,0.0,-0.0,-0.0,0.0,0.0,0.0,0.0,0.0,0.0,0.0,0.0,167.0,93.0,107.0,161.0,18.0,7.0,12.0,54.0,15.0,6.0,1.0
168.465,52,190280.0,582.0,85.0,600.0,621.0,0.0,1.0,0.0,0.0,0.488,0.02,0.5,0.518,0.496,0.034,0.508,0.533,0.0,0.0,-1.77,-5.38,-88.55,-88.46,0.0,0.0,0.0,0.0,0.0,0.0,-0.4,1.0,1.0,0.0,0.0,-0.0,-0.0,0.0,0.0,0.0,0.0,0.0,0.0,0.0,0.0,167.0,93.0,107.0,161.0,18.0,7.0,12.0,54.0,15.0,6.0,1.0
168.543,53,190333.0,582.0,85.0,600.0,619.0,0.0,1.0,0.0,0.0,0.486,0.02,0.5,0.517,0.494,0.034,0.508,0.532,0.0,0.0,-1.77,-5.38,-88.55,-88.46,0.0,0.0,0.0,0.0,0.0,0.0,-0.4,1.0,1.0,0.0,0.0,-0.0,-0.0,0.0,0.0,0.0,0.0,0.0,0.0,0.0,0.0,167.0,93.0,107.0,161.0,18.0,7.0,12.0,54.0,15.0,6.0,0.0
168.574,54,190387.0,584.0,85.0,600.0,619.0,0.0,1.0,0.0,0.0,0.486,0.02,0.5,0.517,0.494,0.034,0.508,0.532,0.0,0.0,-1.77,-5.38,-88.55,-88.46,0.0,0.0,0.0,0.0,0.0,0.0,-0.4,1.0,1.0,0.0,0.0,-0.0,-0.0,0.0,0.0,0.0,0.0,0.0,0.0,0.0,0.0,167.0,93.0,107.0,161.0,18.0,7.0,12.0,54.0,15.0,6.0,0.0
168.638,52,190439.0,584.0,86.0,600.0,619.0,0.0,1.0,0.0,0.0,0.486,0.02,0.5,0.517,0.494,0.034,0.508,0.532,0.0,0.0,-1.77,-5.38,-88.55,-88.46,0.0,0.0,0.0,0.0,0.0,0.0,-0.4,1.0,1.0,0.0,0.0,-0.0,-0.0,0.0,0.0,0.0,0.0,0.0,0.0,0.0,0.0,167.0,93.0,107.0,161.0,18.0,7.0,12.0,54.0,15.0,6.0,0.0
168.671,53,190492.0,584.0,86.0,600.0,619.0,0.0,1.0,0.0,0.0,0.486,0.02,0.5,0.517,0.494,0.034,0.508,0.532,0.0,0.0,-1.77,-5.38,-88.55,-88.46,0.0,0.0,0.0,0.0,0.0,0.0,-0.4,1.0,1.0,0.0,0.0,-0.0,-0.0,0.0,0.0,0.0,0.0,0.0,0.0,0.0,0.0,167.0,93.0,107.0,161.0,18.0,7.0,12.0,54.0,15.0,6.0,0.0
168.743,53,190545.0,584.0,86.0,600.0,619.0,0.0,1.0,0.0,0.0,0.487,0.02,0.5,0.516,0.494,0.034,0.508,0.531,0.0,0.0,-1.78,-5.38,-88.55,-88.46,0.0,0.0,0.0,0.0,0.0,0.0,-0.4,1.0,1.0,0.0,0.0,-0.0,-0.0,0.0,0.0,0.0,0.0,0.0,0.0,0.0,0.0,167.0,93.0,107.0,161.0,18.0,7.0,12.0,54.0,15.0,6.0,0.0
168.776,53,190598.0,587.0,86.0,600.0,619.0,0.0,1.0,0.0,0.0,0.487,0.02,0.5,0.516,0.494,0.034,0.508,0.531,0.0,0.0,-1.78,-5.38,-88.55,-88.46,0.0,0.0,0.0,0.0,0.0,0.0,-0.4,1.0,1.0,0.0,0.0,-0.0,-0.0,0.0,0.0,0.0,0.0,0.0,0.0,0.0,0.0,167.0,93.0,107.0,161.0,18.0,7.0,12.0,54.0,15.0,6.0,0.0
168.842,53,190651.0,587.0,87.0,600.0,619.0,0.0,1.0,0.0,0.0,0.487,0.02,0.5,0.516,0.494,0.034,0.508,0.531,0.0,0.0,-1.78,-5.38,-88.55,-88.46,0.0,0.0,0.0,0.0,0.0,0.0,-0.4,1.0,1.0,0.0,0.0,-0.0,-0.0,0.0,0.0,0.0,0.0,0.0,0.0,0.0,0.0,167.0,93.0,107.0,161.0,18.0,7.0,12.0,54.0,15.0,6.0,0.0
168.875,52,190703.0,587.0,87.0,600.0,619.0,0.0,1.0,0.0,0.0,0.487,0.02,0.5,0.516,0.494,0.034,0.508,0.531,0.0,0.0,-1.78,-5.38,-88.55,-88.46,0.0,0.0,0.0,0.0,0.0,0.0,-0.4,1.0,1.0,0.0,0.0,-0.0,-0.0,0.0,0.0,0.0,0.0,0.0,0.0,0.0,0.0,167.0,93.0,107.0,161.0,18.0,7.0,12.0,54.0,15.0,6.0,0.0
168.942,53,190756.0,587.0,87.0,600.0,620.0,0.0,1.0,0.0,0.0,0.488,0.02,0.5,0.516,0.496,0.035,0.508,0.531,0.0,0.0,-1.78,-5.38,-88.55,-88.46,0.0,0.0,0.0,0.0,0.0,0.0,-0.4,1.0,1.0,0.0,0.0,-0.0,-0.0,0.0,0.0,0.0,0.0,0.0,0.0,0.0,0.0,167.0,93.0,107.0,161.0,18.0,7.0,12.0,54.0,15.0,6.0,0.0
169.008,54,190810.0,588.0,87.0,600.0,620.0,0.0,1.0,0.0,0.0,0.488,0.02,0.5,0.516,0.496,0.035,0.508,0.531,0.0,0.0,-1.77,-5.37,-88.55,-88.46,0.0,0.0,0.0,0.0,0.0,0.0,-0.4,1.0,1.0,0.0,0.0,-0.0,-0.0,0.0,0.0,0.0,0.0,0.0,0.0,0.0,0.0,167.0,93.0,107.0,161.0,18.0,7.0,12.0,54.0,15.0,6.0,1.0
169.04,53,190863.0,588.0,87.0,600.0,620.0,0.0,1.0,0.0,0.0,0.488,0.02,0.5,0.516,0.496,0.035,0.508,0.531,0.0,0.0,-1.77,-5.37,-88.55,-88.46,0.0,0.0,0.0,0.0,0.0,0.0,-0.4,1.0,1.0,0.0,0.0,-0.0,-0.0,0.0,0.0,0.0,0.0,0.0,0.0,0.0,0.0,167.0,93.0,107.0,161.0,18.0,7.0,12.0,54.0,15.0,6.0,0.0
169.106,52,190915.0,588.0,87.0,600.0,620.0,0.0,1.0,0.0,0.0,0.488,0.02,0.5,0.516,0.496,0.035,0.508,0.531,0.0,0.0,-1.77,-5.37,-88.55,-88.46,0.0,0.0,0.0,0.0,0.0,0.0,-0.4,1.0,1.0,0.0,0.0,-0.0,-0.0,0.0,0.0,0.0,0.0,0.0,0.0,0.0,0.0,167.0,93.0,107.0,161.0,18.0,7.0,12.0,54.0,15.0,6.0,0.0
169.174,53,190968.0,588.0,87.0,600.0,620.0,0.0,1.0,0.0,0.0,0.489,0.02,0.5,0.516,0.497,0.035,0.508,0.531,0.0,0.0,-1.77,-5.37,-88.55,-88.46,0.0,0.0,0.0,0.0,0.0,0.0,-0.4,1.0,1.0,0.0,0.0,-0.0,-0.0,0.0,0.0,0.0,0.0,0.0,0.0,0.0,0.0,167.0,93.0,107.0,161.0,18.0,7.0,12.0,54.0,15.0,6.0,0.0
169.207,53,191021.0,589.0,87.0,600.0,620.0,0.0,1.0,0.0,0.0,0.489,0.02,0.5,0.516,0.497,0.035,0.508,0.531,0.0,0.0,-1.77,-5.37,-88.55,-88.46,0.0,0.0,0.0,0.0,0.0,0.0,-0.4,1.0,1.0,0.0,0.0,-0.0,-0.0,0.0,0.0,0.0,0.0,0.0,0.0,0.0,0.0,167.0,93.0,107.0,161.0,18.0,7.0,12.0,54.0,15.0,6.0,1.0
169.272,53,191074.0,589.0,88.0,600.0,620.0,0.0,1.0,0.0,0.0,0.489,0.02,0.5,0.516,0.497,0.035,0.508,0.531,0.0,0.0,-1.77,-5.37,-88.55,-88.46,0.0,0.0,0.0,0.0,0.0,0.0,-0.4,1.0,1.0,0.0,0.0,-0.0,-0.0,0.0,0.0,0.0,0.0,0.0,0.0,0.0,0.0,167.0,93.0,107.0,161.0,18.0,7.0,12.0,54.0,15.0,6.0,0.0
169.305,52,191126.0,589.0,88.0,600.0,620.0,0.0,1.0,0.0,0.0,0.489,0.02,0.5,0.516,0.497,0.035,0.508,0.531,0.0,0.0,-1.77,-5.37,-88.56,-88.46,0.0,0.0,0.0,0.0,0.0,0.0,-0.4,1.0,1.0,0.0,0.0,-0.0,-0.0,0.0,0.0,0.0,0.0,0.0,0.0,0.0,0.0,167.0,93.0,107.0,161.0,18.0,7.0,12.0,54.0,15.0,6.0,0.0
169.374,53,191179.0,589.0,88.0,600.0,622.0,0.0,1.0,0.0,0.0,0.49,0.021,0.5,0.517,0.497,0.035,0.508,0.531,0.0,0.0,-1.77,-5.37,-88.56,-88.46,0.0,0.0,0.0,0.0,0.0,0.0,-0.4,1.0,1.0,0.0,0.0,-0.0,-0.0,0.0,0.0,0.0,0.0,0.0,0.0,0.0,0.0,167.0,93.0,107.0,161.0,18.0,7.0,12.0,54.0,15.0,6.0,0.0
169.406,54,191233.0,592.0,88.0,600.0,622.0,0.0,1.0,0.0,0.0,0.49,0.021,0.5,0.517,0.497,0.035,0.508,0.531,0.0,0.0,-1.77,-5.37,-88.56,-88.46,0.0,0.0,0.0,0.0,0.0,0.0,-0.4,1.0,1.0,0.0,0.0,-0.0,-0.0,0.0,0.0,0.0,0.0,0.0,0.0,0.0,0.0,167.0,93.0,107.0,161.0,18.0,7.0,12.0,54.0,15.0,6.0,0.0
169.47,53,191286.0,592.0,88.0,600.0,622.0,0.0,1.0,0.0,0.0,0.49,0.021,0.5,0.517,0.497,0.035,0.508,0.531,0.0,0.0,-1.77,-5.37,-88.56,-88.46,0.0,0.0,0.0,0.0,0.0,0.0,-0.4,1.0,1.0,0.0,0.0,-0.0,-0.0,0.0,0.0,0.0,0.0,0.0,0.0,0.0,0.0,167.0,93.0,107.0,161.0,18.0,7.0,12.0,54.0,15.0,6.0,0.0
169.54,52,191338.0,592.0,88.0,600.0,622.0,0.0,1.0,0.0,0.0,0.49,0.021,0.5,0.517,0.497,0.035,0.508,0.531,0.0,0.0,-1.77,-5.37,-88.56,-88.46,0.0,0.0,0.0,0.0,0.0,0.0,-0.4,1.0,1.0,0.0,0.0,-0.0,-0.0,0.0,0.0,0.0,0.0,0.0,0.0,0.0,0.0,167.0,93.0,107.0,161.0,18.0,7.0,12.0,54.0,15.0,6.0,0.0
169.572,53,191391.0,592.0,88.0,600.0,621.0,0.0,1.0,0.0,0.0,0.492,0.021,0.5,0.517,0.499,0.035,0.508,0.531,0.0,0.0,-1.77,-5.37,-88.56,-88.46,0.0,0.0,0.0,0.0,0.0,0.0,-0.4,1.0,1.0,0.0,0.0,-0.0,-0.0,0.0,0.0,0.0,0.0,0.0,0.0,0.0,0.0,167.0,93.0,107.0,161.0,18.0,7.0,12.0,54.0,15.0,6.0,0.0
169.636,53,191444.0,595.0,88.0,600.0,621.0,0.0,1.0,0.0,0.0,0.492,0.021,0.5,0.517,0.499,0.035,0.508,0.531,0.0,0.0,-1.77,-5.37,-88.55,-88.46,0.0,0.0,0.0,0.0,0.0,0.0,-0.4,1.0,1.0,0.0,0.0,-0.0,-0.0,0.0,0.0,0.0,0.0,0.0,0.0,0.0,0.0,167.0,93.0,107.0,161.0,18.0,7.0,12.0,54.0,15.0,6.0,0.0
169.669,53,191497.0,595.0,87.0,600.0,621.0,0.0,1.0,0.0,0.0,0.492,0.021,0.5,0.517,0.499,0.035,0.508,0.531,0.0,0.0,-1.77,-5.36,-88.55,-88.46,0.0,0.0,0.0,0.0,0.0,0.0,-0.4,1.0,1.0,0.0,0.0,-0.0,-0.0,0.0,0.0,0.0,0.0,0.0,0.0,0.0,0.0,167.0,93.0,107.0,161.0,18.0,7.0,12.0,54.0,15.0,6.0,1.0
169.735,53,191550.0,595.0,87.0,600.0,621.0,0.0,1.0,0.0,0.0,0.492,0.021,0.5,0.517,0.499,0.035,0.508,0.531,0.0,0.0,-1.78,-5.37,-88.55,-88.46,0.0,0.0,0.0,0.0,0.0,0.0,-0.4,1.0,1.0,0.0,0.0,-0.0,-0.0,0.0,0.0,0.0,0.0,0.0,0.0,0.0,0.0,167.0,93.0,107.0,161.0,18.0,7.0,12.0,54.0,15.0,6.0,0.0
169.8,52,191602.0,595.0,87.0,600.0,621.0,0.0,1.0,0.0,0.0,0.494,0.021,0.5,0.517,0.501,0.035,0.508,0.531,0.0,0.0,-1.78,-5.37,-88.55,-88.46,0.0,0.0,0.0,0.0,0.0,0.0,-0.4,1.0,1.0,0.0,0.0,-0.0,-0.0,0.0,0.0,0.0,0.0,0.0,0.0,0.0,0.0,167.0,93.0,107.0,161.0,18.0,7.0,12.0,54.0,15.0,6.0,0.0
169.832,54,191656.0,591.0,87.0,600.0,621.0,0.0,1.0,0.0,0.0,0.494,0.021,0.5,0.517,0.501,0.035,0.508,0.531,0.0,0.0,-1.78,-5.37,-88.55,-88.46,0.0,0.0,0.0,0.0,0.0,0.0,-0.4,1.0,1.0,0.0,0.0,-0.0,-0.0,0.0,0.0,0.0,0.0,0.0,0.0,0.0,0.0,167.0,93.0,107.0,161.0,18.0,7.0,12.0,54.0,15.0,6.0,0.0
169.895,52,191708.0,591.0,86.0,600.0,621.0,0.0,1.0,0.0,0.0,0.494,0.021,0.5,0.517,0.501,0.035,0.508,0.531,0.0,0.0,-1.77,-5.36,-88.55,-88.46,0.0,0.0,0.0,0.0,0.0,0.0,-0.4,1.0,1.0,0.0,0.0,-0.0,-0.0,0.0,0.0,0.0,0.0,0.0,0.0,0.0,0.0,167.0,93.0,107.0,161.0,18.0,7.0,12.0,54.0,15.0,6.0,0.0
169.966,53,191761.0,591.0,86.0,600.0,621.0,0.0,1.0,0.0,0.0,0.494,0.021,0.5,0.517,0.501,0.035,0.508,0.531,0.0,0.0,-1.77,-5.36,-88.55,-88.46,0.0,0.0,0.0,0.0,0.0,0.0,-0.4,1.0,1.0,0.0,0.0,-0.0,-0.0,0.0,0.0,0.0,0.0,0.0,0.0,0.0,0.0,167.0,93.0,107.0,161.0,18.0,7.0,12.0,54.0,15.0,6.0,0.0
169.999,52,191813.0,591.0,86.0,600.0,624.0,0.0,1.0,0.0,0.0,0.493,0.02,0.5,0.518,0.501,0.035,0.508,0.533,0.0,0.0,-1.77,-5.36,-88.56,-88.46,0.0,0.0,0.0,0.0,0.0,0.0,-0.4,1.0,1.0,0.0,0.0,-0.0,-0.0,0.0,0.0,0.0,0.0,0.0,0.0,0.0,0.0,167.0,93.0,107.0,161.0,18.0,7.0,12.0,54.0,15.0,6.0,0.0
170.065,54,191867.0,599.0,86.0,600.0,624.0,0.0,1.0,0.0,0.0,0.493,0.02,0.5,0.518,0.501,0.035,0.508,0.533,0.0,0.0,-1.77,-5.35,-88.56,-88.46,0.0,0.0,0.0,0.0,0.0,0.0,-0.4,1.0,1.0,0.0,0.0,-0.0,-0.0,0.0,0.0,0.0,0.0,0.0,0.0,0.0,0.0,167.0,93.0,107.0,161.0,18.0,7.0,12.0,54.0,15.0,6.0,0.0
170.097,51,191918.0,599.0,85.0,600.0,624.0,0.0,1.0,0.0,0.0,0.493,0.02,0.5,0.518,0.501,0.035,0.508,0.533,0.0,0.0,-1.77,-5.35,-88.56,-88.46,0.0,0.0,0.0,0.0,0.0,0.0,-0.4,1.0,1.0,0.0,0.0,-0.0,-0.0,0.0,0.0,0.0,0.0,0.0,0.0,0.0,0.0,167.0,93.0,107.0,161.0,18.0,7.0,12.0,54.0,15.0,6.0,0.0
170.17,53,191971.0,599.0,85.0,600.0,624.0,0.0,1.0,0.0,0.0,0.493,0.02,0.5,0.518,0.501,0.035,0.508,0.533,0.0,0.0,-1.77,-5.36,-88.56,-88.46,0.0,0.0,0.0,0.0,0.0,0.0,-0.4,1.0,1.0,0.0,0.0,-0.0,-0.0,0.0,0.0,0.0,0.0,0.0,0.0,0.0,0.0,167.0,93.0,107.0,161.0,18.0,7.0,12.0,54.0,15.0,6.0,0.0
170.203,52,192023.0,599.0,85.0,600.0,622.0,0.0,1.0,0.0,0.0,0.496,0.02,0.5,0.518,0.504,0.035,0.508,0.533,0.0,0.0,-1.77,-5.36,-88.56,-88.46,0.0,0.0,0.0,0.0,0.0,0.0,-0.4,1.0,1.0,0.0,0.0,-0.0,-0.0,0.0,0.0,0.0,0.0,0.0,0.0,0.0,0.0,167.0,93.0,107.0,161.0,18.0,7.0,12.0,54.0,15.0,6.0,0.0
170.268,54,192077.0,598.0,85.0,600.0,622.0,0.0,1.0,0.0,0.0,0.496,0.02,0.5,0.518,0.504,0.035,0.508,0.533,0.0,0.0,-1.77,-5.36,-88.56,-88.46,0.0,0.0,0.0,0.0,0.0,0.0,-0.4,1.0,1.0,0.0,0.0,-0.0,-0.0,0.0,0.0,0.0,0.0,0.0,0.0,0.0,0.0,167.0,93.0,107.0,161.0,18.0,7.0,12.0,54.0,15.0,6.0,0.0
170.302,52,192129.0,598.0,85.0,600.0,622.0,0.0,1.0,0.0,0.0,0.496,0.02,0.5,0.518,0.504,0.035,0.508,0.533,0.0,0.0,-1.77,-5.36,-88.56,-88.46,0.0,0.0,0.0,0.0,0.0,0.0,-0.4,1.0,1.0,0.0,0.0,-0.0,-0.0,0.0,0.0,0.0,0.0,0.0,0.0,0.0,0.0,167.0,93.0,107.0,161.0,18.0,7.0,12.0,54.0,15.0,6.0,0.0
170.373,53,192182.0,598.0,85.0,600.0,622.0,0.0,1.0,0.0,0.0,0.496,0.02,0.5,0.518,0.504,0.035,0.508,0.533,0.0,0.0,-1.77,-5.35,-88.56,-88.46,0.0,0.0,0.0,0.0,0.0,0.0,-0.4,1.0,1.0,0.0,0.0,-0.0,-0.0,0.0,0.0,0.0,0.0,0.0,0.0,0.0,0.0,167.0,93.0,107.0,161.0,18.0,7.0,12.0,54.0,15.0,6.0,0.0
170.44,52,192234.0,598.0,85.0,600.0,620.0,0.0,1.0,0.0,0.0,0.498,0.02,0.5,0.517,0.505,0.034,0.508,0.532,0.0,0.0,-1.77,-5.35,-88.56,-88.46,0.0,0.0,0.0,0.0,0.0,0.0,-0.4,1.0,1.0,0.0,0.0,-0.0,-0.0,0.0,0.0,0.0,0.0,0.0,0.0,0.0,0.0,167.0,93.0,107.0,161.0,18.0,7.0,12.0,54.0,15.0,6.0,0.0
170.472,53,192287.0,595.0,85.0,600.0,620.0,0.0,1.0,0.0,0.0,0.498,0.02,0.5,0.517,0.505,0.034,0.508,0.532,0.0,0.0,-1.78,-5.36,-88.56,-88.46,0.0,0.0,0.0,0.0,0.0,0.0,-0.4,1.0,1.0,0.0,0.0,-0.0,-0.0,0.0,0.0,0.0,0.0,0.0,0.0,0.0,0.0,167.0,93.0,107.0,161.0,18.0,7.0,12.0,54.0,15.0,6.0,0.0
170.543,52,192339.0,595.0,84.0,600.0,620.0,0.0,1.0,0.0,0.0,0.498,0.02,0.5,0.517,0.505,0.034,0.508,0.532,0.0,0.0,-1.78,-5.36,-88.56,-88.46,0.0,0.0,0.0,0.0,0.0,0.0,-0.4,1.0,1.0,0.0,0.0,-0.0,-0.0,0.0,0.0,0.0,0.0,0.0,0.0,0.0,0.0,167.0,93.0,107.0,161.0,18.0,7.0,12.0,54.0,15.0,6.0,1.0
170.575,52,192391.0,595.0,84.0,600.0,620.0,0.0,1.0,0.0,0.0,0.498,0.02,0.5,0.517,0.505,0.034,0.508,0.532,0.0,0.0,-1.78,-5.36,-88.55,-88.46,0.0,0.0,0.0,0.0,0.0,0.0,-0.4,1.0,1.0,0.0,0.0,-0.0,-0.0,0.0,0.0,0.0,0.0,0.0,0.0,0.0,0.0,167.0,93.0,107.0,161.0,18.0,7.0,12.0,54.0,15.0,6.0,0.0
170.642,52,192443.0,595.0,84.0,600.0,621.0,0.0,1.0,0.0,0.0,0.497,0.019,0.5,0.517,0.505,0.034,0.508,0.532,0.0,0.0,-1.78,-5.36,-88.55,-88.46,0.0,0.0,0.0,0.0,0.0,0.0,-0.4,1.0,1.0,0.0,0.0,-0.0,-0.0,0.0,0.0,0.0,0.0,0.0,0.0,0.0,0.0,167.0,93.0,107.0,161.0,18.0,7.0,12.0,54.0,15.0,6.0,0.0
170.674,54,192497.0,593.0,84.0,600.0,621.0,0.0,1.0,0.0,0.0,0.497,0.019,0.5,0.517,0.505,0.034,0.508,0.532,0.0,0.0,-1.78,-5.36,-88.55,-88.46,0.0,0.0,0.0,0.0,0.0,0.0,-0.4,1.0,1.0,0.0,0.0,-0.0,-0.0,0.0,0.0,0.0,0.0,0.0,0.0,0.0,0.0,167.0,93.0,107.0,161.0,18.0,7.0,12.0,54.0,15.0,6.0,0.0
170.739,52,192549.0,593.0,84.0,600.0,621.0,0.0,1.0,0.0,0.0,0.497,0.019,0.5,0.517,0.505,0.034,0.508,0.532,0.0,0.0,-1.77,-5.36,-88.55,-88.46,0.0,0.0,0.0,0.0,0.0,0.0,-0.4,1.0,1.0,0.0,0.0,-0.0,-0.0,0.0,0.0,0.0,0.0,0.0,0.0,0.0,0.0,167.0,93.0,107.0,161.0,18.0,7.0,12.0,54.0,15.0,6.0,0.0
170.803,53,192602.0,593.0,84.0,600.0,621.0,0.0,1.0,0.0,0.0,0.497,0.019,0.5,0.517,0.505,0.034,0.508,0.532,0.0,0.0,-1.77,-5.36,-88.55,-88.46,0.0,0.0,0.0,0.0,0.0,0.0,-0.4,1.0,1.0,0.0,0.0,-0.0,-0.0,0.0,0.0,0.0,0.0,0.0,0.0,0.0,0.0,167.0,93.0,107.0,161.0,18.0,7.0,12.0,54.0,15.0,6.0,0.0
170.835,52,192654.0,593.0,84.0,600.0,620.0,0.0,1.0,0.0,0.0,0.495,0.019,0.5,0.517,0.503,0.034,0.508,0.531,0.0,0.0,-1.77,-5.36,-88.56,-88.46,0.0,0.0,0.0,0.0,0.0,0.0,-0.4,1.0,1.0,0.0,0.0,-0.0,-0.0,0.0,0.0,0.0,0.0,0.0,0.0,0.0,0.0,167.0,93.0,107.0,161.0,18.0,7.0,12.0,54.0,15.0,6.0,0.0
170.899,53,192707.0,596.0,84.0,600.0,620.0,0.0,1.0,0.0,0.0,0.495,0.019,0.5,0.517,0.503,0.034,0.508,0.531,0.0,0.0,-1.77,-5.37,-88.56,-88.46,0.0,0.0,0.0,0.0,0.0,0.0,-0.4,1.0,1.0,0.0,0.0,-0.0,-0.0,0.0,0.0,0.0,0.0,0.0,0.0,0.0,0.0,167.0,93.0,107.0,161.0,18.0,7.0,12.0,54.0,15.0,6.0,0.0
170.934,52,192759.0,596.0,85.0,600.0,620.0,0.0,1.0,0.0,0.0,0.495,0.019,0.5,0.517,0.503,0.034,0.508,0.531,0.0,0.0,-1.77,-5.37,-88.56,-88.46,0.0,0.0,0.0,0.0,0.0,0.0,-0.4,1.0,1.0,0.0,0.0,-0.0,-0.0,0.0,0.0,0.0,0.0,0.0,0.0,0.0,0.0,167.0,93.0,107.0,161.0,18.0,7.0,12.0,54.0,15.0,6.0,0.0
170.999,52,192811.0,596.0,85.0,600.0,620.0,0.0,1.0,0.0,0.0,0.495,0.019,0.5,0.517,0.503,0.034,0.508,0.531,0.0,0.0,-1.77,-5.37,-88.56,-88.46,0.0,0.0,0.0,0.0,0.0,0.0,-0.4,1.0,1.0,0.0,0.0,-0.0,-0.0,0.0,0.0,0.0,0.0,0.0,0.0,0.0,0.0,167.0,93.0,107.0,161.0,18.0,7.0,12.0,54.0,15.0,6.0,0.0
171.063,52,192863.0,596.0,85.0,600.0,619.0,0.0,1.0,0.0,0.0,0.496,0.019,0.5,0.516,0.504,0.034,0.508,0.531,0.0,0.0,-1.77,-5.37,-88.56,-88.46,0.0,0.0,0.0,0.0,0.0,0.0,-0.4,1.0,1.0,0.0,0.0,-0.0,-0.0,0.0,0.0,0.0,0.0,0.0,0.0,0.0,0.0,167.0,93.0,107.0,161.0,18.0,7.0,12.0,54.0,15.0,6.0,1.0
171.096,54,192917.0,587.0,85.0,600.0,619.0,0.0,1.0,0.0,0.0,0.496,0.019,0.5,0.516,0.504,0.034,0.508,0.531,0.0,0.0,-1.77,-5.37,-88.56,-88.46,0.0,0.0,0.0,0.0,0.0,0.0,-0.4,1.0,1.0,0.0,0.0,-0.0,-0.0,0.0,0.0,0.0,0.0,0.0,0.0,0.0,0.0,167.0,93.0,107.0,161.0,18.0,7.0,12.0,54.0,15.0,6.0,0.0
171.168,52,192969.0,587.0,85.0,600.0,619.0,0.0,1.0,0.0,0.0,0.496,0.019,0.5,0.516,0.504,0.034,0.508,0.531,0.0,0.0,-1.76,-5.36,-88.56,-88.46,0.0,0.0,0.0,0.0,0.0,0.0,-0.4,1.0,1.0,0.0,0.0,-0.0,-0.0,0.0,0.0,0.0,0.0,0.0,0.0,0.0,0.0,167.0,93.0,107.0,161.0,18.0,7.0,12.0,54.0,15.0,6.0,0.0
171.2,53,193022.0,587.0,85.0,600.0,619.0,0.0,1.0,0.0,0.0,0.496,0.019,0.5,0.516,0.504,0.034,0.508,0.531,0.0,0.0,-1.76,-5.36,-88.56,-88.46,0.0,0.0,0.0,0.0,0.0,0.0,-0.4,1.0,1.0,0.0,0.0,-0.0,-0.0,0.0,0.0,0.0,0.0,0.0,0.0,0.0,0.0,167.0,93.0,107.0,161.0,18.0,7.0,12.0,54.0,15.0,6.0,0.0
171.266,52,193074.0,587.0,85.0,600.0,622.0,0.0,1.0,0.0,0.0,0.492,0.02,0.5,0.517,0.501,0.034,0.508,0.532,0.0,0.0,-1.76,-5.36,-88.56,-88.46,0.0,0.0,0.0,0.0,0.0,0.0,-0.4,1.0,1.0,0.0,0.0,-0.0,-0.0,0.0,0.0,0.0,0.0,0.0,0.0,0.0,0.0,167.0,93.0,107.0,161.0,18.0,7.0,12.0,54.0,15.0,6.0,0.0
171.299,53,193127.0,585.0,85.0,600.0,622.0,0.0,1.0,0.0,0.0,0.492,0.02,0.5,0.517,0.501,0.034,0.508,0.532,0.0,0.0,-1.76,-5.36,-88.56,-88.46,0.0,0.0,0.0,0.0,0.0,0.0,-0.4,1.0,1.0,0.0,0.0,-0.0,-0.0,0.0,0.0,0.0,0.0,0.0,0.0,0.0,0.0,167.0,93.0,107.0,161.0,18.0,7.0,12.0,54.0,15.0,6.0,0.0
171.37,53,193180.0,585.0,86.0,600.0,622.0,0.0,1.0,0.0,0.0,0.492,0.02,0.5,0.517,0.501,0.034,0.508,0.532,0.0,0.0,-1.76,-5.36,-88.56,-88.46,0.0,0.0,0.0,0.0,0.0,0.0,-0.4,1.0,1.0,0.0,0.0,-0.0,-0.0,0.0,0.0,0.0,0.0,0.0,0.0,0.0,0.0,167.0,93.0,107.0,161.0,18.0,7.0,12.0,54.0,15.0,6.0,0.0
171.436,53,193233.0,585.0,86.0,600.0,622.0,0.0,1.0,0.0,0.0,0.492,0.02,0.5,0.517,0.501,0.034,0.508,0.532,0.0,0.0,-1.76,-5.36,-88.56,-88.46,0.0,0.0,0.0,0.0,0.0,0.0,-0.4,1.0,1.0,0.0,0.0,-0.0,-0.0,0.0,0.0,0.0,0.0,0.0,0.0,0.0,0.0,167.0,93.0,107.0,161.0,18.0,7.0,12.0,54.0,15.0,6.0,0.0
171.469,52,193285.0,585.0,86.0,600.0,621.0,0.0,1.0,0.0,0.0,0.49,0.02,0.5,0.517,0.498,0.034,0.508,0.532,0.0,0.0,-1.76,-5.37,-88.56,-88.46,0.0,0.0,0.0,0.0,0.0,0.0,-0.4,1.0,1.0,0.0,0.0,-0.0,-0.0,0.0,0.0,0.0,0.0,0.0,0.0,0.0,0.0,167.0,93.0,107.0,161.0,18.0,7.0,12.0,54.0,15.0,6.0,0.0
171.536,54,193339.0,581.0,86.0,600.0,621.0,0.0,1.0,0.0,0.0,0.49,0.02,0.5,0.517,0.498,0.034,0.508,0.532,0.0,0.0,-1.76,-5.37,-88.56,-88.46,0.0,0.0,0.0,0.0,0.0,0.0,-0.4,1.0,1.0,0.0,0.0,-0.0,-0.0,0.0,0.0,0.0,0.0,0.0,0.0,0.0,0.0,167.0,93.0,107.0,161.0,18.0,7.0,12.0,54.0,15.0,6.0,0.0
171.569,53,193392.0,581.0,87.0,600.0,621.0,0.0,1.0,0.0,0.0,0.49,0.02,0.5,0.517,0.498,0.034,0.508,0.532,0.0,0.0,-1.76,-5.37,-88.56,-88.46,0.0,0.0,0.0,0.0,0.0,0.0,-0.4,1.0,1.0,0.0,0.0,-0.0,-0.0,0.0,0.0,0.0,0.0,0.0,0.0,0.0,0.0,167.0,93.0,107.0,161.0,18.0,7.0,12.0,54.0,15.0,6.0,0.0
171.634,52,193444.0,581.0,87.0,600.0,621.0,0.0,1.0,0.0,0.0,0.49,0.02,0.5,0.517,0.498,0.034,0.508,0.532,0.0,0.0,-1.76,-5.37,-88.56,-88.46,0.0,0.0,0.0,0.0,0.0,0.0,-0.4,1.0,1.0,0.0,0.0,-0.0,-0.0,0.0,0.0,0.0,0.0,0.0,0.0,0.0,0.0,167.0,93.0,107.0,161.0,18.0,7.0,12.0,54.0,15.0,6.0,1.0
171.701,53,193497.0,581.0,87.0,600.0,621.0,0.0,1.0,0.0,0.0,0.487,0.02,0.5,0.517,0.495,0.035,0.508,0.532,0.0,0.0,-1.76,-5.36,-88.56,-88.46,0.0,0.0,0.0,0.0,0.0,0.0,-0.4,1.0,1.0,0.0,0.0,-0.0,-0.0,0.0,0.0,0.0,0.0,0.0,0.0,0.0,0.0,167.0,93.0,107.0,161.0,18.0,7.0,12.0,54.0,15.0,6.0,0.0
171.741,53,193550.0,581.0,87.0,600.0,621.0,0.0,1.0,0.0,0.0,0.487,0.02,0.5,0.517,0.495,0.035,0.508,0.532,0.0,0.0,-1.77,-5.37,-88.56,-88.46,0.0,0.0,0.0,0.0,0.0,0.0,-0.4,1.0,1.0,0.0,0.0,-0.0,-0.0,0.0,0.0,0.0,0.0,0.0,0.0,0.0,0.0,167.0,93.0,107.0,161.0,18.0,7.0,12.0,54.0,15.0,6.0,0.0
171.807,53,193603.0,581.0,87.0,600.0,621.0,0.0,1.0,0.0,0.0,0.487,0.02,0.5,0.517,0.495,0.035,0.508,0.532,0.0,0.0,-1.77,-5.37,-88.56,-88.46,0.0,0.0,0.0,0.0,0.0,0.0,-0.4,1.0,1.0,0.0,0.0,-0.0,-0.0,0.0,0.0,0.0,0.0,0.0,0.0,0.0,0.0,167.0,93.0,107.0,161.0,18.0,7.0,12.0,54.0,15.0,6.0,0.0
171.84,52,193655.0,581.0,87.0,600.0,621.0,0.0,1.0,0.0,0.0,0.487,0.02,0.5,0.517,0.495,0.035,0.508,0.532,0.0,0.0,-1.77,-5.37,-88.56,-88.46,0.0,0.0,0.0,0.0,0.0,0.0,-0.4,1.0,1.0,0.0,0.0,-0.0,-0.0,0.0,0.0,0.0,0.0,0.0,0.0,0.0,0.0,167.0,93.0,107.0,161.0,18.0,7.0,12.0,54.0,15.0,6.0,0.0
171.905,55,193710.0,581.0,87.0,600.0,622.0,0.0,1.0,0.0,0.0,0.485,0.02,0.5,0.518,0.493,0.035,0.508,0.532,0.0,0.0,-1.77,-5.38,-88.55,-88.46,0.0,0.0,0.0,0.0,0.0,0.0,-0.4,1.0,1.0,0.0,0.0,-0.0,-0.0,0.0,0.0,0.0,0.0,0.0,0.0,0.0,0.0,167.0,93.0,107.0,161.0,18.0,7.0,12.0,54.0,15.0,6.0,1.0
171.942,54,193764.0,578.0,87.0,600.0,622.0,0.0,1.0,0.0,0.0,0.485,0.02,0.5,0.518,0.493,0.035,0.508,0.532,0.0,0.0,-1.77,-5.38,-88.55,-88.46,0.0,0.0,0.0,0.0,0.0,0.0,-0.4,1.0,1.0,0.0,0.0,-0.0,-0.0,0.0,0.0,0.0,0.0,0.0,0.0,0.0,0.0,167.0,93.0,107.0,161.0,18.0,7.0,12.0,54.0,15.0,6.0,1.0
172.008,53,193817.0,578.0,87.0,600.0,622.0,0.0,1.0,0.0,0.0,0.485,0.02,0.5,0.518,0.493,0.035,0.508,0.532,0.0,0.0,-1.77,-5.38,-88.55,-88.46,0.0,0.0,0.0,0.0,0.0,0.0,-0.4,1.0,1.0,0.0,0.0,-0.0,-0.0,0.0,0.0,0.0,0.0,0.0,0.0,0.0,0.0,167.0,93.0,107.0,161.0,18.0,7.0,12.0,54.0,15.0,6.0,0.0
172.041,52,193869.0,578.0,87.0,600.0,622.0,0.0,1.0,0.0,0.0,0.485,0.02,0.5,0.518,0.493,0.035,0.508,0.532,0.0,0.0,-1.77,-5.38,-88.55,-88.46,0.0,0.0,0.0,0.0,0.0,0.0,-0.4,1.0,1.0,0.0,0.0,-0.0,-0.0,0.0,0.0,0.0,0.0,0.0,0.0,0.0,0.0,167.0,93.0,107.0,161.0,18.0,7.0,12.0,54.0,15.0,6.0,0.0
172.106,52,193921.0,578.0,87.0,600.0,620.0,0.0,1.0,0.0,0.0,0.483,0.02,0.5,0.517,0.491,0.035,0.508,0.532,0.0,0.0,-1.77,-5.38,-88.55,-88.46,0.0,0.0,0.0,0.0,0.0,0.0,-0.4,1.0,1.0,0.0,0.0,-0.0,-0.0,0.0,0.0,0.0,0.0,0.0,0.0,0.0,0.0,167.0,93.0,107.0,161.0,18.0,7.0,12.0,54.0,15.0,6.0,0.0
172.171,53,193974.0,582.0,87.0,600.0,620.0,0.0,1.0,0.0,0.0,0.483,0.02,0.5,0.517,0.491,0.035,0.508,0.532,0.0,0.0,-1.77,-5.37,-88.55,-88.46,0.0,0.0,0.0,0.0,0.0,0.0,-0.4,1.0,1.0,0.0,0.0,-0.0,-0.0,0.0,0.0,0.0,0.0,0.0,0.0,0.0,0.0,167.0,93.0,107.0,161.0,18.0,7.0,12.0,54.0,15.0,6.0,1.0
172.203,53,194027.0,582.0,87.0,600.0,620.0,0.0,1.0,0.0,0.0,0.483,0.02,0.5,0.517,0.491,0.035,0.508,0.532,0.0,0.0,-1.77,-5.37,-88.55,-88.46,0.0,0.0,0.0,0.0,0.0,0.0,-0.4,1.0,1.0,0.0,0.0,-0.0,-0.0,0.0,0.0,0.0,0.0,0.0,0.0,0.0,0.0,167.0,93.0,107.0,161.0,18.0,7.0,12.0,54.0,15.0,6.0,0.0
172.266,52,194079.0,582.0,87.0,600.0,620.0,0.0,1.0,0.0,0.0,0.483,0.02,0.5,0.517,0.491,0.035,0.508,0.532,0.0,0.0,-1.77,-5.37,-88.55,-88.46,0.0,0.0,0.0,0.0,0.0,0.0,-0.4,1.0,1.0,0.0,0.0,-0.0,-0.0,0.0,0.0,0.0,0.0,0.0,0.0,0.0,0.0,167.0,93.0,107.0,161.0,18.0,7.0,12.0,54.0,15.0,6.0,0.0
172.337,53,194132.0,582.0,87.0,600.0,621.0,0.0,1.0,0.0,0.0,0.484,0.02,0.5,0.517,0.492,0.035,0.508,0.531,0.0,0.0,-1.77,-5.38,-88.55,-88.46,0.0,0.0,0.0,0.0,0.0,0.0,-0.4,1.0,1.0,0.0,0.0,-0.0,-0.0,0.0,0.0,0.0,0.0,0.0,0.0,0.0,0.0,167.0,93.0,107.0,161.0,18.0,7.0,12.0,54.0,15.0,6.0,0.0
172.37,54,194186.0,587.0,87.0,600.0,621.0,0.0,1.0,0.0,0.0,0.484,0.02,0.5,0.517,0.492,0.035,0.508,0.531,0.0,0.0,-1.77,-5.38,-88.55,-88.46,0.0,0.0,0.0,0.0,0.0,0.0,-0.4,1.0,1.0,0.0,0.0,-0.0,-0.0,0.0,0.0,0.0,0.0,0.0,0.0,0.0,0.0,167.0,93.0,107.0,161.0,18.0,7.0,12.0,54.0,15.0,6.0,0.0
172.437,52,194238.0,587.0,87.0,600.0,621.0,0.0,1.0,0.0,0.0,0.484,0.02,0.5,0.517,0.492,0.035,0.508,0.531,0.0,0.0,-1.77,-5.38,-88.55,-88.46,0.0,0.0,0.0,0.0,0.0,0.0,-0.4,1.0,1.0,0.0,0.0,-0.0,-0.0,0.0,0.0,0.0,0.0,0.0,0.0,0.0,0.0,167.0,93.0,107.0,161.0,18.0,7.0,12.0,54.0,15.0,6.0,0.0
172.47,53,194291.0,587.0,87.0,600.0,621.0,0.0,1.0,0.0,0.0,0.484,0.02,0.5,0.517,0.492,0.035,0.508,0.531,0.0,0.0,-1.76,-5.38,-88.56,-88.46,0.0,0.0,0.0,0.0,0.0,0.0,-0.4,1.0,1.0,0.0,0.0,-0.0,-0.0,0.0,0.0,0.0,0.0,0.0,0.0,0.0,0.0,167.0,93.0,107.0,161.0,18.0,7.0,12.0,54.0,15.0,6.0,0.0
172.535,53,194344.0,587.0,87.0,600.0,625.0,0.0,1.0,0.0,0.0,0.487,0.02,0.5,0.519,0.494,0.035,0.508,0.533,0.0,0.0,-1.76,-5.38,-88.56,-88.46,0.0,0.0,0.0,0.0,0.0,0.0,-0.4,1.0,1.0,0.0,0.0,-0.0,-0.0,0.0,0.0,0.0,0.0,0.0,0.0,0.0,0.0,167.0,93.0,107.0,161.0,18.0,7.0,12.0,54.0,15.0,6.0,0.0
172.569,53,194397.0,592.0,87.0,600.0,625.0,0.0,1.0,0.0,0.0,0.487,0.02,0.5,0.519,0.494,0.035,0.508,0.533,0.0,0.0,-1.77,-5.38,-88.56,-88.46,0.0,0.0,0.0,0.0,0.0,0.0,-0.4,1.0,1.0,0.0,0.0,-0.0,-0.0,0.0,0.0,0.0,0.0,0.0,0.0,0.0,0.0,167.0,93.0,107.0,161.0,18.0,7.0,12.0,54.0,15.0,6.0,1.0
172.635,52,194449.0,592.0,86.0,600.0,625.0,0.0,1.0,0.0,0.0,0.487,0.02,0.5,0.519,0.494,0.035,0.508,0.533,0.0,0.0,-1.77,-5.38,-88.55,-88.46,0.0,0.0,0.0,0.0,0.0,0.0,-0.4,1.0,1.0,0.0,0.0,-0.0,-0.0,0.0,0.0,0.0,0.0,0.0,0.0,0.0,0.0,167.0,93.0,107.0,161.0,18.0,7.0,12.0,54.0,15.0,6.0,0.0
172.702,53,194502.0,592.0,86.0,600.0,625.0,0.0,1.0,0.0,0.0,0.487,0.02,0.5,0.519,0.494,0.035,0.508,0.533,0.0,0.0,-1.77,-5.38,-88.55,-88.46,0.0,0.0,0.0,0.0,0.0,0.0,-0.4,1.0,1.0,0.0,0.0,-0.0,-0.0,0.0,0.0,0.0,0.0,0.0,0.0,0.0,0.0,167.0,93.0,107.0,161.0,18.0,7.0,12.0,54.0,15.0,6.0,1.0
172.735,53,194555.0,592.0,86.0,600.0,626.0,0.0,1.0,0.0,0.0,0.49,0.02,0.5,0.52,0.498,0.035,0.508,0.534,0.0,0.0,-1.77,-5.37,-88.55,-88.46,0.0,0.0,0.0,0.0,0.0,0.0,-0.4,1.0,1.0,0.0,0.0,-0.0,-0.0,0.0,0.0,0.0,0.0,0.0,0.0,0.0,0.0,167.0,93.0,107.0,161.0,18.0,7.0,12.0,54.0,15.0,6.0,0.0
172.801,54,194609.0,593.0,86.0,600.0,626.0,0.0,1.0,0.0,0.0,0.49,0.02,0.5,0.52,0.498,0.035,0.508,0.534,0.0,0.0,-1.77,-5.37,-88.55,-88.46,0.0,0.0,0.0,0.0,0.0,0.0,-0.4,1.0,1.0,0.0,0.0,-0.0,-0.0,0.0,0.0,0.0,0.0,0.0,0.0,0.0,0.0,167.0,93.0,107.0,161.0,18.0,7.0,12.0,54.0,15.0,6.0,0.0
172.869,53,194662.0,593.0,85.0,600.0,626.0,0.0,1.0,0.0,0.0,0.49,0.02,0.5,0.52,0.498,0.035,0.508,0.534,0.0,0.0,-1.77,-5.37,-88.55,-88.46,0.0,0.0,0.0,0.0,0.0,0.0,-0.4,1.0,1.0,0.0,0.0,-0.0,-0.0,0.0,0.0,0.0,0.0,0.0,0.0,0.0,0.0,167.0,93.0,107.0,161.0,18.0,7.0,12.0,54.0,15.0,6.0,0.0
172.902,52,194714.0,593.0,85.0,600.0,626.0,0.0,1.0,0.0,0.0,0.49,0.02,0.5,0.52,0.498,0.035,0.508,0.534,0.0,0.0,-1.77,-5.37,-88.56,-88.46,0.0,0.0,0.0,0.0,0.0,0.0,-0.4,1.0,1.0,0.0,0.0,-0.0,-0.0,0.0,0.0,0.0,0.0,0.0,0.0,0.0,0.0,167.0,93.0,107.0,161.0,18.0,7.0,12.0,54.0,15.0,6.0,1.0
172.967,53,194767.0,593.0,85.0,600.0,626.0,0.0,1.0,0.0,0.0,0.493,0.02,0.5,0.521,0.5,0.035,0.508,0.535,0.0,0.0,-1.76,-5.37,-88.56,-88.46,0.0,0.0,0.0,0.0,0.0,0.0,-0.4,1.0,1.0,0.0,0.0,-0.0,-0.0,0.0,0.0,0.0,0.0,0.0,0.0,0.0,0.0,167.0,93.0,107.0,161.0,18.0,7.0,12.0,54.0,15.0,6.0,0.0
173.0,53,194820.0,594.0,85.0,600.0,626.0,0.0,1.0,0.0,0.0,0.493,0.02,0.5,0.521,0.5,0.035,0.508,0.535,0.0,0.0,-1.76,-5.37,-88.56,-88.46,0.0,0.0,0.0,0.0,0.0,0.0,-0.4,1.0,1.0,0.0,0.0,-0.0,-0.0,0.0,0.0,0.0,0.0,0.0,0.0,0.0,0.0,167.0,93.0,107.0,161.0,18.0,7.0,12.0,54.0,15.0,6.0,0.0
173.067,53,194873.0,594.0,86.0,600.0,626.0,0.0,1.0,0.0,0.0,0.493,0.02,0.5,0.521,0.5,0.035,0.508,0.535,0.0,0.0,-1.76,-5.37,-88.56,-88.46,0.0,0.0,0.0,0.0,0.0,0.0,-0.4,1.0,1.0,0.0,0.0,-0.0,-0.0,0.0,0.0,0.0,0.0,0.0,0.0,0.0,0.0,167.0,93.0,107.0,161.0,18.0,7.0,12.0,54.0,15.0,6.0,0.0
173.099,52,194925.0,594.0,86.0,600.0,626.0,0.0,1.0,0.0,0.0,0.493,0.02,0.5,0.521,0.5,0.035,0.508,0.535,0.0,0.0,-1.76,-5.37,-88.56,-88.46,0.0,0.0,0.0,0.0,0.0,0.0,-0.4,1.0,1.0,0.0,0.0,-0.0,-0.0,0.0,0.0,0.0,0.0,0.0,0.0,0.0,0.0,167.0,93.0,107.0,161.0,18.0,7.0,12.0,54.0,15.0,6.0,0.0
173.163,52,194977.0,594.0,86.0,600.0,627.0,0.0,1.0,0.0,0.0,0.494,0.02,0.5,0.522,0.502,0.035,0.508,0.536,0.0,0.0,-1.76,-5.37,-88.56,-88.46,0.0,0.0,0.0,0.0,0.0,0.0,-0.4,1.0,1.0,0.0,0.0,-0.0,-0.0,0.0,0.0,0.0,0.0,0.0,0.0,0.0,0.0,167.0,93.0,107.0,161.0,18.0,7.0,12.0,54.0,15.0,6.0,0.0
173.227,54,195031.0,591.0,86.0,600.0,627.0,0.0,1.0,0.0,0.0,0.494,0.02,0.5,0.522,0.502,0.035,0.508,0.536,0.0,0.0,-1.76,-5.37,-88.56,-88.46,0.0,0.0,0.0,0.0,0.0,0.0,-0.4,1.0,1.0,0.0,0.0,-0.0,-0.0,0.0,0.0,0.0,0.0,0.0,0.0,0.0,0.0,167.0,93.0,107.0,161.0,18.0,7.0,12.0,54.0,15.0,6.0,0.0
173.259,53,195084.0,591.0,86.0,600.0,627.0,0.0,1.0,0.0,0.0,0.494,0.02,0.5,0.522,0.502,0.035,0.508,0.536,0.0,0.0,-1.76,-5.37,-88.56,-88.46,0.0,0.0,0.0,0.0,0.0,0.0,-0.4,1.0,1.0,0.0,0.0,-0.0,-0.0,0.0,0.0,0.0,0.0,0.0,0.0,0.0,0.0,167.0,93.0,107.0,161.0,18.0,7.0,12.0,54.0,15.0,6.0,0.0
173.323,52,195136.0,591.0,86.0,600.0,627.0,0.0,1.0,0.0,0.0,0.494,0.02,0.5,0.522,0.502,0.035,0.508,0.536,0.0,0.0,-1.76,-5.37,-88.56,-88.46,0.0,0.0,0.0,0.0,0.0,0.0,-0.4,1.0,1.0,0.0,0.0,-0.0,-0.0,0.0,0.0,0.0,0.0,0.0,0.0,0.0,0.0,167.0,93.0,107.0,161.0,18.0,7.0,12.0,54.0,15.0,6.0,0.0
173.389,52,195188.0,591.0,86.0,600.0,626.0,0.0,1.0,0.0,0.0,0.493,0.02,0.5,0.521,0.501,0.035,0.508,0.536,0.0,0.0,-1.76,-5.37,-88.56,-88.46,0.0,0.0,0.0,0.0,0.0,0.0,-0.4,1.0,1.0,0.0,0.0,-0.0,-0.0,0.0,0.0,0.0,0.0,0.0,0.0,0.0,0.0,167.0,93.0,107.0,161.0,18.0,7.0,12.0,54.0,15.0,6.0,0.0
173.422,53,195241.0,586.0,86.0,600.0,626.0,0.0,1.0,0.0,0.0,0.493,0.02,0.5,0.521,0.501,0.035,0.508,0.536,0.0,0.0,-1.76,-5.37,-88.56,-88.46,0.0,0.0,0.0,0.0,0.0,0.0,-0.4,1.0,1.0,0.0,0.0,-0.0,-0.0,0.0,0.0,0.0,0.0,0.0,0.0,0.0,0.0,167.0,93.0,107.0,161.0,18.0,7.0,12.0,54.0,15.0,6.0,0.0
173.49,52,195293.0,586.0,86.0,600.0,626.0,0.0,1.0,0.0,0.0,0.493,0.02,0.5,0.521,0.501,0.035,0.508,0.536,0.0,0.0,-1.76,-5.37,-88.56,-88.46,0.0,0.0,0.0,0.0,0.0,0.0,-0.4,1.0,1.0,0.0,0.0,-0.0,-0.0,0.0,0.0,0.0,0.0,0.0,0.0,0.0,0.0,167.0,93.0,107.0,161.0,18.0,7.0,12.0,54.0,15.0,6.0,1.0
173.523,53,195346.0,586.0,86.0,600.0,626.0,0.0,1.0,0.0,0.0,0.493,0.02,0.5,0.521,0.501,0.035,0.508,0.536,0.0,0.0,-1.76,-5.37,-88.56,-88.46,0.0,0.0,0.0,0.0,0.0,0.0,-0.4,1.0,1.0,0.0,0.0,-0.0,-0.0,0.0,0.0,0.0,0.0,0.0,0.0,0.0,0.0,167.0,93.0,107.0,161.0,18.0,7.0,12.0,54.0,15.0,6.0,0.0
173.59,52,195398.0,586.0,86.0,600.0,623.0,0.0,1.0,0.0,0.0,0.491,0.02,0.5,0.52,0.499,0.035,0.508,0.535,0.0,0.0,-1.76,-5.37,-88.56,-88.46,0.0,0.0,0.0,0.0,0.0,0.0,-0.4,1.0,1.0,0.0,0.0,-0.0,-0.0,0.0,0.0,0.0,0.0,0.0,0.0,0.0,0.0,167.0,93.0,107.0,161.0,18.0,7.0,12.0,54.0,15.0,6.0,0.0
173.665,55,195453.0,588.0,86.0,600.0,623.0,0.0,1.0,0.0,0.0,0.491,0.02,0.5,0.52,0.499,0.035,0.508,0.535,0.0,0.0,-1.75,-5.36,-88.56,-88.46,0.0,0.0,0.0,0.0,0.0,0.0,-0.4,1.0,1.0,0.0,0.0,-0.0,-0.0,0.0,0.0,0.0,0.0,0.0,0.0,0.0,0.0,167.0,93.0,107.0,161.0,18.0,7.0,12.0,54.0,15.0,6.0,0.0
173.697,52,195505.0,588.0,86.0,600.0,623.0,0.0,1.0,0.0,0.0,0.491,0.02,0.5,0.52,0.499,0.035,0.508,0.535,0.0,0.0,-1.75,-5.36,-88.56,-88.46,0.0,0.0,0.0,0.0,0.0,0.0,-0.4,1.0,1.0,0.0,0.0,-0.0,-0.0,0.0,0.0,0.0,0.0,0.0,0.0,0.0,0.0,167.0,93.0,107.0,161.0,18.0,7.0,12.0,54.0,15.0,6.0,1.0
173.726,52,195557.0,588.0,86.0,600.0,623.0,0.0,1.0,0.0,0.0,0.491,0.02,0.5,0.52,0.499,0.035,0.508,0.535,0.0,0.0,-1.76,-5.37,-88.56,-88.46,0.0,0.0,0.0,0.0,0.0,0.0,-0.4,1.0,1.0,0.0,0.0,-0.0,-0.0,0.0,0.0,0.0,0.0,0.0,0.0,0.0,0.0,167.0,93.0,107.0,161.0,18.0,7.0,12.0,54.0,15.0,6.0,0.0
173.783,52,195609.0,588.0,86.0,600.0,623.0,0.0,1.0,0.0,0.0,0.49,0.02,0.5,0.519,0.498,0.035,0.508,0.534,0.0,0.0,-1.75,-5.37,-88.56,-88.46,0.0,0.0,0.0,0.0,0.0,0.0,-0.4,1.0,1.0,0.0,0.0,-0.0,-0.0,0.0,0.0,0.0,0.0,0.0,0.0,0.0,0.0,167.0,93.0,107.0,161.0,18.0,7.0,12.0,54.0,15.0,6.0,0.0
173.841,53,195662.0,585.0,86.0,600.0,623.0,0.0,1.0,0.0,0.0,0.49,0.02,0.5,0.519,0.498,0.035,0.508,0.534,0.0,0.0,-1.75,-5.37,-88.56,-88.46,0.0,0.0,0.0,0.0,0.0,0.0,-0.4,1.0,1.0,0.0,0.0,-0.0,-0.0,0.0,0.0,0.0,0.0,0.0,0.0,0.0,0.0,167.0,93.0,107.0,161.0,18.0,7.0,12.0,54.0,15.0,6.0,0.0
173.898,51,195713.0,585.0,87.0,600.0,623.0,0.0,1.0,0.0,0.0,0.49,0.02,0.5,0.519,0.498,0.035,0.508,0.534,0.0,0.0,-1.75,-5.37,-88.56,-88.46,0.0,0.0,0.0,0.0,0.0,0.0,-0.4,1.0,1.0,0.0,0.0,-0.0,-0.0,0.0,0.0,0.0,0.0,0.0,0.0,0.0,0.0,167.0,93.0,107.0,161.0,18.0,7.0,12.0,54.0,15.0,6.0,0.0
173.959,53,195766.0,585.0,87.0,600.0,623.0,0.0,1.0,0.0,0.0,0.49,0.02,0.5,0.519,0.498,0.035,0.508,0.534,0.0,0.0,-1.75,-5.37,-88.56,-88.46,0.0,0.0,0.0,0.0,0.0,0.0,-0.4,1.0,1.0,0.0,0.0,-0.0,-0.0,0.0,0.0,0.0,0.0,0.0,0.0,0.0,0.0,167.0,93.0,107.0,161.0,18.0,7.0,12.0,54.0,15.0,6.0,0.0
173.988,52,195818.0,585.0,87.0,600.0,624.0,0.0,1.0,0.0,0.0,0.489,0.02,0.5,0.52,0.497,0.035,0.508,0.534,0.0,0.0,-1.75,-5.37,-88.56,-88.46,0.0,0.0,0.0,0.0,0.0,0.0,-0.4,1.0,1.0,0.0,0.0,-0.0,-0.0,0.0,0.0,0.0,0.0,0.0,0.0,0.0,0.0,167.0,93.0,107.0,161.0,18.0,7.0,12.0,54.0,15.0,6.0,0.0
174.045,54,195872.0,585.0,87.0,600.0,624.0,0.0,1.0,0.0,0.0,0.489,0.02,0.5,0.52,0.497,0.035,0.508,0.534,0.0,0.0,-1.75,-5.37,-88.56,-88.46,0.0,0.0,0.0,0.0,0.0,0.0,-0.4,1.0,1.0,0.0,0.0,-0.0,-0.0,0.0,0.0,0.0,0.0,0.0,0.0,0.0,0.0,167.0,93.0,107.0,161.0,18.0,7.0,12.0,54.0,15.0,6.0,0.0
174.102,52,195924.0,585.0,86.0,600.0,624.0,0.0,1.0,0.0,0.0,0.489,0.02,0.5,0.52,0.497,0.035,0.508,0.534,0.0,0.0,-1.75,-5.37,-88.56,-88.46,0.0,0.0,0.0,0.0,0.0,0.0,-0.4,1.0,1.0,0.0,0.0,-0.0,-0.0,0.0,0.0,0.0,0.0,0.0,0.0,0.0,0.0,167.0,93.0,107.0,161.0,18.0,7.0,12.0,54.0,15.0,6.0,1.0
174.16,53,195977.0,585.0,86.0,600.0,624.0,0.0,1.0,0.0,0.0,0.489,0.02,0.5,0.52,0.497,0.035,0.508,0.534,0.0,0.0,-1.75,-5.37,-88.56,-88.46,0.0,0.0,0.0,0.0,0.0,0.0,-0.4,1.0,1.0,0.0,0.0,-0.0,-0.0,0.0,0.0,0.0,0.0,0.0,0.0,0.0,0.0,167.0,93.0,107.0,161.0,18.0,7.0,12.0,54.0,15.0,6.0,0.0
174.217,52,196029.0,585.0,86.0,600.0,623.0,0.0,1.0,0.0,0.0,0.488,0.02,0.5,0.519,0.496,0.035,0.508,0.534,0.0,0.0,-1.75,-5.37,-88.56,-88.46,0.0,0.0,0.0,0.0,0.0,0.0,-0.4,1.0,1.0,0.0,0.0,-0.0,-0.0,0.0,0.0,0.0,0.0,0.0,0.0,0.0,0.0,167.0,93.0,107.0,161.0,18.0,7.0,12.0,54.0,15.0,6.0,0.0
174.275,53,196082.0,587.0,86.0,600.0,623.0,0.0,1.0,0.0,0.0,0.488,0.02,0.5,0.519,0.496,0.035,0.508,0.534,0.0,0.0,-1.75,-5.37,-88.56,-88.46,0.0,0.0,0.0,0.0,0.0,0.0,-0.4,1.0,1.0,0.0,0.0,-0.0,-0.0,0.0,0.0,0.0,0.0,0.0,0.0,0.0,0.0,167.0,93.0,107.0,161.0,18.0,7.0,12.0,54.0,15.0,6.0,0.0
174.303,52,196134.0,587.0,86.0,600.0,623.0,0.0,1.0,0.0,0.0,0.488,0.02,0.5,0.519,0.496,0.035,0.508,0.534,0.0,0.0,-1.75,-5.36,-88.56,-88.46,0.0,0.0,0.0,0.0,0.0,0.0,-0.4,1.0,1.0,0.0,0.0,-0.0,-0.0,0.0,0.0,0.0,0.0,0.0,0.0,0.0,0.0,167.0,93.0,107.0,161.0,18.0,7.0,12.0,54.0,15.0,6.0,1.0
174.361,53,196187.0,587.0,86.0,600.0,623.0,0.0,1.0,0.0,0.0,0.488,0.02,0.5,0.519,0.496,0.035,0.508,0.534,0.0,0.0,-1.75,-5.36,-88.56,-88.46,0.0,0.0,0.0,0.0,0.0,0.0,-0.4,1.0,1.0,0.0,0.0,-0.0,-0.0,0.0,0.0,0.0,0.0,0.0,0.0,0.0,0.0,167.0,93.0,107.0,161.0,18.0,7.0,12.0,54.0,15.0,6.0,0.0
174.419,52,196239.0,587.0,86.0,600.0,622.0,0.0,1.0,0.0,0.0,0.489,0.02,0.5,0.519,0.497,0.035,0.508,0.533,0.0,0.0,-1.75,-5.36,-88.56,-88.46,0.0,0.0,0.0,0.0,0.0,0.0,-0.4,1.0,1.0,0.0,0.0,-0.0,-0.0,0.0,0.0,0.0,0.0,0.0,0.0,0.0,0.0,167.0,93.0,107.0,161.0,18.0,7.0,12.0,54.0,15.0,6.0,0.0
174.476,54,196293.0,590.0,86.0,600.0,622.0,0.0,1.0,0.0,0.0,0.489,0.02,0.5,0.519,0.497,0.035,0.508,0.533,0.0,0.0,-1.75,-5.36,-88.56,-88.46,0.0,0.0,0.0,0.0,0.0,0.0,-0.4,1.0,1.0,0.0,0.0,-0.0,-0.0,0.0,0.0,0.0,0.0,0.0,0.0,0.0,0.0,167.0,93.0,107.0,161.0,18.0,7.0,12.0,54.0,15.0,6.0,0.0
174.534,52,196345.0,590.0,86.0,600.0,622.0,0.0,1.0,0.0,0.0,0.489,0.02,0.5,0.519,0.497,0.035,0.508,0.533,0.0,0.0,-1.75,-5.36,-88.56,-88.46,0.0,0.0,0.0,0.0,0.0,0.0,-0.4,1.0,1.0,0.0,0.0,-0.0,-0.0,0.0,0.0,0.0,0.0,0.0,0.0,0.0,0.0,167.0,93.0,107.0,161.0,18.0,7.0,12.0,54.0,15.0,6.0,1.0
174.592,53,196398.0,590.0,86.0,600.0,622.0,0.0,1.0,0.0,0.0,0.489,0.02,0.5,0.519,0.497,0.035,0.508,0.533,0.0,0.0,-1.75,-5.36,-88.56,-88.46,0.0,0.0,0.0,0.0,0.0,0.0,-0.4,1.0,1.0,0.0,0.0,-0.0,-0.0,0.0,0.0,0.0,0.0,0.0,0.0,0.0,0.0,167.0,93.0,107.0,161.0,18.0,7.0,12.0,54.0,15.0,6.0,0.0
174.62,52,196450.0,590.0,86.0,600.0,623.0,0.0,1.0,0.0,0.0,0.49,0.02,0.5,0.519,0.498,0.035,0.508,0.533,0.0,0.0,-1.75,-5.37,-88.56,-88.46,0.0,0.0,0.0,0.0,0.0,0.0,-0.4,1.0,1.0,0.0,0.0,-0.0,-0.0,0.0,0.0,0.0,0.0,0.0,0.0,0.0,0.0,167.0,93.0,107.0,161.0,18.0,7.0,12.0,54.0,15.0,6.0,0.0
174.677,53,196503.0,587.0,86.0,600.0,623.0,0.0,1.0,0.0,0.0,0.49,0.02,0.5,0.519,0.498,0.035,0.508,0.533,0.0,0.0,-1.75,-5.37,-88.56,-88.46,0.0,0.0,0.0,0.0,0.0,0.0,-0.4,1.0,1.0,0.0,0.0,-0.0,-0.0,0.0,0.0,0.0,0.0,0.0,0.0,0.0,0.0,167.0,93.0,107.0,161.0,18.0,7.0,12.0,54.0,15.0,6.0,0.0
174.734,51,196554.0,587.0,86.0,600.0,623.0,0.0,1.0,0.0,0.0,0.49,0.02,0.5,0.519,0.498,0.035,0.508,0.533,0.0,0.0,-1.75,-5.37,-88.56,-88.46,0.0,0.0,0.0,0.0,0.0,0.0,-0.4,1.0,1.0,0.0,0.0,-0.0,-0.0,0.0,0.0,0.0,0.0,0.0,0.0,0.0,0.0,167.0,93.0,107.0,161.0,18.0,7.0,12.0,54.0,15.0,6.0,1.0
174.791,53,196607.0,587.0,86.0,600.0,623.0,0.0,1.0,0.0,0.0,0.49,0.02,0.5,0.519,0.498,0.035,0.508,0.533,0.0,0.0,-1.75,-5.37,-88.56,-88.46,0.0,0.0,0.0,0.0,0.0,0.0,-0.4,1.0,1.0,0.0,0.0,-0.0,-0.0,0.0,0.0,0.0,0.0,0.0,0.0,0.0,0.0,167.0,93.0,107.0,161.0,18.0,7.0,12.0,54.0,15.0,6.0,0.0
174.849,52,196659.0,587.0,86.0,600.0,623.0,0.0,1.0,0.0,0.0,0.49,0.02,0.5,0.519,0.498,0.035,0.508,0.533,0.0,0.0,-1.75,-5.38,-88.56,-88.46,0.0,0.0,0.0,0.0,0.0,0.0,-0.4,1.0,1.0,0.0,0.0,-0.0,-0.0,0.0,0.0,0.0,0.0,0.0,0.0,0.0,0.0,167.0,93.0,107.0,161.0,18.0,7.0,12.0,54.0,15.0,6.0,0.0
174.907,54,196713.0,586.0,86.0,600.0,623.0,0.0,1.0,0.0,0.0,0.49,0.02,0.5,0.519,0.498,0.035,0.508,0.533,0.0,0.0,-1.75,-5.38,-88.56,-88.46,0.0,0.0,0.0,0.0,0.0,0.0,-0.4,1.0,1.0,0.0,0.0,-0.0,-0.0,0.0,0.0,0.0,0.0,0.0,0.0,0.0,0.0,167.0,93.0,107.0,161.0,18.0,7.0,12.0,54.0,15.0,6.0,0.0
174.936,52,196765.0,586.0,85.0,600.0,623.0,0.0,1.0,0.0,0.0,0.49,0.02,0.5,0.519,0.498,0.035,0.508,0.533,0.0,0.0,-1.75,-5.38,-88.56,-88.46,0.0,0.0,0.0,0.0,0.0,0.0,-0.4,1.0,1.0,0.0,0.0,-0.0,-0.0,0.0,0.0,0.0,0.0,0.0,0.0,0.0,0.0,167.0,93.0,107.0,161.0,18.0,7.0,12.0,54.0,15.0,6.0,1.0
174.993,53,196818.0,586.0,85.0,600.0,623.0,0.0,1.0,0.0,0.0,0.49,0.02,0.5,0.519,0.498,0.035,0.508,0.533,0.0,0.0,-1.75,-5.38,-88.56,-88.46,0.0,0.0,0.0,0.0,0.0,0.0,-0.4,1.0,1.0,0.0,0.0,-0.0,-0.0,0.0,0.0,0.0,0.0,0.0,0.0,0.0,0.0,167.0,93.0,107.0,161.0,18.0,7.0,12.0,54.0,15.0,6.0,0.0
175.05,53,196871.0,586.0,85.0,600.0,620.0,0.0,1.0,0.0,0.0,0.489,0.02,0.5,0.517,0.497,0.034,0.508,0.532,0.0,0.0,-1.75,-5.38,-88.56,-88.46,0.0,0.0,0.0,0.0,0.0,0.0,-0.4,1.0,1.0,0.0,0.0,-0.0,-0.0,0.0,0.0,0.0,0.0,0.0,0.0,0.0,0.0,167.0,93.0,107.0,161.0,18.0,7.0,12.0,54.0,15.0,6.0,0.0
175.107,53,196924.0,588.0,85.0,600.0,620.0,0.0,1.0,0.0,0.0,0.489,0.02,0.5,0.517,0.497,0.034,0.508,0.532,0.0,0.0,-1.75,-5.38,-88.56,-88.46,0.0,0.0,0.0,0.0,0.0,0.0,-0.4,1.0,1.0,0.0,0.0,-0.0,-0.0,0.0,0.0,0.0,0.0,0.0,0.0,0.0,0.0,167.0,93.0,107.0,161.0,18.0,7.0,12.0,54.0,15.0,6.0,1.0
175.165,52,196976.0,588.0,86.0,600.0,620.0,0.0,1.0,0.0,0.0,0.489,0.02,0.5,0.517,0.497,0.034,0.508,0.532,0.0,0.0,-1.75,-5.37,-88.56,-88.46,0.0,0.0,0.0,0.0,0.0,0.0,-0.4,1.0,1.0,0.0,0.0,-0.0,-0.0,0.0,0.0,0.0,0.0,0.0,0.0,0.0,0.0,167.0,93.0,107.0,161.0,18.0,7.0,12.0,54.0,15.0,6.0,1.0
175.222,52,197028.0,588.0,86.0,600.0,620.0,0.0,1.0,0.0,0.0,0.489,0.02,0.5,0.517,0.497,0.034,0.508,0.532,0.0,0.0,-1.75,-5.37,-88.56,-88.46,0.0,0.0,0.0,0.0,0.0,0.0,-0.4,1.0,1.0,0.0,0.0,-0.0,-0.0,0.0,0.0,0.0,0.0,0.0,0.0,0.0,0.0,167.0,93.0,107.0,161.0,18.0,7.0,12.0,54.0,15.0,6.0,1.0
175.25,53,197081.0,588.0,86.0,600.0,620.0,0.0,1.0,0.0,0.0,0.489,0.02,0.5,0.517,0.497,0.034,0.508,0.531,0.0,0.0,-1.75,-5.37,-88.56,-88.46,0.0,0.0,0.0,0.0,0.0,0.0,-0.4,1.0,1.0,0.0,0.0,-0.0,-0.0,0.0,0.0,0.0,0.0,0.0,0.0,0.0,0.0,167.0,93.0,107.0,161.0,18.0,7.0,12.0,54.0,15.0,6.0,0.0
175.307,54,197135.0,589.0,86.0,600.0,620.0,0.0,1.0,0.0,0.0,0.489,0.02,0.5,0.517,0.497,0.034,0.508,0.531,0.0,0.0,-1.75,-5.37,-88.56,-88.46,0.0,0.0,0.0,0.0,0.0,0.0,-0.4,1.0,1.0,0.0,0.0,-0.0,-0.0,0.0,0.0,0.0,0.0,0.0,0.0,0.0,0.0,167.0,93.0,107.0,161.0,18.0,7.0,12.0,54.0,15.0,6.0,1.0
175.365,52,197187.0,589.0,85.0,600.0,620.0,0.0,1.0,0.0,0.0,0.489,0.02,0.5,0.517,0.497,0.034,0.508,0.531,0.0,0.0,-1.75,-5.37,-88.56,-88.46,0.0,0.0,0.0,0.0,0.0,0.0,-0.4,1.0,1.0,0.0,0.0,-0.0,-0.0,0.0,0.0,0.0,0.0,0.0,0.0,0.0,0.0,167.0,93.0,107.0,161.0,18.0,7.0,12.0,54.0,15.0,6.0,0.0
175.422,52,197239.0,589.0,85.0,600.0,620.0,0.0,1.0,0.0,0.0,0.489,0.02,0.5,0.517,0.497,0.034,0.508,0.531,0.0,0.0,-1.75,-5.37,-88.56,-88.46,0.0,0.0,0.0,0.0,0.0,0.0,-0.4,1.0,1.0,0.0,0.0,-0.0,-0.0,0.0,0.0,0.0,0.0,0.0,0.0,0.0,0.0,167.0,93.0,107.0,161.0,18.0,7.0,12.0,54.0,15.0,6.0,0.0
175.479,53,197292.0,589.0,85.0,600.0,620.0,0.0,1.0,0.0,0.0,0.49,0.02,0.5,0.517,0.498,0.034,0.508,0.531,0.0,0.0,-1.75,-5.37,-88.56,-88.46,0.0,0.0,0.0,0.0,0.0,0.0,-0.4,1.0,1.0,0.0,0.0,-0.0,-0.0,0.0,0.0,0.0,0.0,0.0,0.0,0.0,0.0,167.0,93.0,107.0,161.0,18.0,7.0,12.0,54.0,15.0,6.0,0.0
175.537,53,197345.0,587.0,85.0,600.0,620.0,0.0,1.0,0.0,0.0,0.49,0.02,0.5,0.517,0.498,0.034,0.508,0.531,0.0,0.0,-1.75,-5.37,-88.56,-88.46,0.0,0.0,0.0,0.0,0.0,0.0,-0.4,1.0,1.0,0.0,0.0,-0.0,-0.0,0.0,0.0,0.0,0.0,0.0,0.0,0.0,0.0,167.0,93.0,107.0,161.0,18.0,7.0,12.0,54.0,15.0,6.0,1.0
175.594,54,197399.0,587.0,86.0,600.0,620.0,0.0,1.0,0.0,0.0,0.49,0.02,0.5,0.517,0.498,0.034,0.508,0.531,0.0,0.0,-1.75,-5.36,-88.56,-88.46,0.0,0.0,0.0,0.0,0.0,0.0,-0.4,1.0,1.0,0.0,0.0,-0.0,-0.0,0.0,0.0,0.0,0.0,0.0,0.0,0.0,0.0,167.0,93.0,107.0,161.0,18.0,7.0,12.0,54.0,15.0,6.0,0.0
175.622,52,197451.0,587.0,86.0,600.0,620.0,0.0,1.0,0.0,0.0,0.49,0.02,0.5,0.517,0.498,0.034,0.508,0.531,0.0,0.0,-1.76,-5.37,-88.56,-88.46,0.0,0.0,0.0,0.0,0.0,0.0,-0.4,1.0,1.0,0.0,0.0,-0.0,-0.0,0.0,0.0,0.0,0.0,0.0,0.0,0.0,0.0,167.0,93.0,107.0,161.0,18.0,7.0,12.0,54.0,15.0,6.0,0.0
175.679,53,197504.0,587.0,86.0,600.0,619.0,0.0,1.0,0.0,0.0,0.49,0.02,0.5,0.516,0.497,0.034,0.508,0.531,0.0,0.0,-1.76,-5.37,-88.56,-88.46,0.0,0.0,0.0,0.0,0.0,0.0,-0.4,1.0,1.0,0.0,0.0,-0.0,-0.0,0.0,0.0,0.0,0.0,0.0,0.0,0.0,0.0,167.0,93.0,107.0,161.0,18.0,7.0,12.0,54.0,15.0,6.0,0.0
175.737,54,197558.0,587.0,86.0,600.0,619.0,0.0,1.0,0.0,0.0,0.49,0.02,0.5,0.516,0.497,0.034,0.508,0.531,0.0,0.0,-1.76,-5.37,-88.56,-88.46,0.0,0.0,0.0,0.0,0.0,0.0,-0.4,1.0,1.0,0.0,0.0,-0.0,-0.0,0.0,0.0,0.0,0.0,0.0,0.0,0.0,0.0,167.0,93.0,107.0,161.0,18.0,7.0,12.0,54.0,15.0,6.0,0.0
175.794,53,197611.0,587.0,85.0,600.0,619.0,0.0,1.0,0.0,0.0,0.49,0.02,0.5,0.516,0.497,0.034,0.508,0.531,0.0,0.0,-1.76,-5.37,-88.56,-88.46,0.0,0.0,0.0,0.0,0.0,0.0,-0.4,1.0,1.0,0.0,0.0,-0.0,-0.0,0.0,0.0,0.0,0.0,0.0,0.0,0.0,0.0,167.0,93.0,107.0,161.0,18.0,7.0,12.0,54.0,15.0,6.0,0.0
175.851,52,197663.0,587.0,85.0,600.0,619.0,0.0,1.0,0.0,0.0,0.49,0.02,0.5,0.516,0.497,0.034,0.508,0.531,0.0,0.0,-1.76,-5.37,-88.56,-88.46,0.0,0.0,0.0,0.0,0.0,0.0,-0.4,1.0,1.0,0.0,0.0,-0.0,-0.0,0.0,0.0,0.0,0.0,0.0,0.0,0.0,0.0,167.0,93.0,107.0,161.0,18.0,7.0,12.0,54.0,15.0,6.0,0.0
175.909,53,197716.0,587.0,85.0,600.0,619.0,0.0,1.0,0.0,0.0,0.489,0.02,0.5,0.516,0.497,0.034,0.508,0.53,0.0,0.0,-1.76,-5.37,-88.56,-88.46,0.0,0.0,0.0,0.0,0.0,0.0,-0.4,1.0,1.0,0.0,0.0,-0.0,-0.0,0.0,0.0,0.0,0.0,0.0,0.0,0.0,0.0,167.0,93.0,107.0,161.0,18.0,7.0,12.0,54.0,15.0,6.0,0.0
175.938,53,197769.0,593.0,85.0,600.0,619.0,0.0,1.0,0.0,0.0,0.489,0.02,0.5,0.516,0.497,0.034,0.508,0.53,0.0,0.0,-1.76,-5.37,-88.56,-88.46,0.0,0.0,0.0,0.0,0.0,0.0,-0.4,1.0,1.0,0.0,0.0,-0.0,-0.0,0.0,0.0,0.0,0.0,0.0,0.0,0.0,0.0,167.0,93.0,107.0,161.0,18.0,7.0,12.0,54.0,15.0,6.0,0.0
175.995,53,197822.0,593.0,85.0,600.0,619.0,0.0,1.0,0.0,0.0,0.489,0.02,0.5,0.516,0.497,0.034,0.508,0.53,0.0,0.0,-1.76,-5.37,-88.56,-88.46,0.0,0.0,0.0,0.0,0.0,0.0,-0.4,1.0,1.0,0.0,0.0,-0.0,-0.0,0.0,0.0,0.0,0.0,0.0,0.0,0.0,0.0,167.0,93.0,107.0,161.0,18.0,7.0,12.0,54.0,15.0,6.0,0.0
176.052,52,197874.0,593.0,85.0,600.0,619.0,0.0,1.0,0.0,0.0,0.489,0.02,0.5,0.516,0.497,0.034,0.508,0.53,0.0,0.0,-1.76,-5.37,-88.56,-88.46,0.0,0.0,0.0,0.0,0.0,0.0,-0.4,1.0,1.0,0.0,0.0,-0.0,-0.0,0.0,0.0,0.0,0.0,0.0,0.0,0.0,0.0,167.0,93.0,107.0,161.0,18.0,7.0,12.0,54.0,15.0,6.0,0.0
176.109,53,197927.0,593.0,85.0,600.0,619.0,0.0,1.0,0.0,0.0,0.492,0.02,0.5,0.516,0.5,0.034,0.508,0.53,0.0,0.0,-1.76,-5.37,-88.56,-88.46,0.0,0.0,0.0,0.0,0.0,0.0,-0.4,1.0,1.0,0.0,0.0,-0.0,-0.0,0.0,0.0,0.0,0.0,0.0,0.0,0.0,0.0,167.0,93.0,107.0,161.0,18.0,7.0,12.0,54.0,15.0,6.0,0.0
176.166,54,197981.0,595.0,85.0,600.0,619.0,0.0,1.0,0.0,0.0,0.492,0.02,0.5,0.516,0.5,0.034,0.508,0.53,0.0,0.0,-1.76,-5.37,-88.56,-88.46,0.0,0.0,0.0,0.0,0.0,0.0,-0.4,1.0,1.0,0.0,0.0,-0.0,-0.0,0.0,0.0,0.0,0.0,0.0,0.0,0.0,0.0,167.0,93.0,107.0,161.0,18.0,7.0,12.0,54.0,15.0,6.0,0.0
176.224,53,198034.0,595.0,85.0,600.0,619.0,0.0,1.0,0.0,0.0,0.492,0.02,0.5,0.516,0.5,0.034,0.508,0.53,0.0,0.0,-1.76,-5.37,-88.56,-88.46,0.0,0.0,0.0,0.0,0.0,0.0,-0.4,1.0,1.0,0.0,0.0,-0.0,-0.0,0.0,0.0,0.0,0.0,0.0,0.0,0.0,0.0,167.0,93.0,107.0,161.0,18.0,7.0,12.0,54.0,15.0,6.0,0.0
176.281,52,198086.0,595.0,85.0,600.0,619.0,0.0,1.0,0.0,0.0,0.492,0.02,0.5,0.516,0.5,0.034,0.508,0.53,0.0,0.0,-1.76,-5.37,-88.56,-88.46,0.0,0.0,0.0,0.0,0.0,0.0,-0.4,1.0,1.0,0.0,0.0,-0.0,-0.0,0.0,0.0,0.0,0.0,0.0,0.0,0.0,0.0,167.0,93.0,107.0,161.0,18.0,7.0,12.0,54.0,15.0,6.0,1.0
176.31,53,198139.0,595.0,85.0,600.0,618.0,0.0,1.0,0.0,0.0,0.494,0.02,0.5,0.515,0.502,0.034,0.508,0.53,0.0,0.0,-1.76,-5.37,-88.56,-88.46,0.0,0.0,0.0,0.0,0.0,0.0,-0.4,1.0,1.0,0.0,0.0,-0.0,-0.0,0.0,0.0,0.0,0.0,0.0,0.0,0.0,0.0,167.0,93.0,107.0,161.0,18.0,7.0,12.0,54.0,15.0,6.0,0.0
176.367,53,198192.0,594.0,85.0,600.0,618.0,0.0,1.0,0.0,0.0,0.494,0.02,0.5,0.515,0.502,0.034,0.508,0.53,0.0,0.0,-1.76,-5.37,-88.56,-88.46,0.0,0.0,0.0,0.0,0.0,0.0,-0.4,1.0,1.0,0.0,0.0,-0.0,-0.0,0.0,0.0,0.0,0.0,0.0,0.0,0.0,0.0,167.0,93.0,107.0,161.0,18.0,7.0,12.0,54.0,15.0,6.0,0.0
176.425,53,198245.0,594.0,85.0,600.0,618.0,0.0,1.0,0.0,0.0,0.494,0.02,0.5,0.515,0.502,0.034,0.508,0.53,0.0,0.0,-1.76,-5.37,-88.56,-88.46,0.0,0.0,0.0,0.0,0.0,0.0,-0.4,1.0,1.0,0.0,0.0,-0.0,-0.0,0.0,0.0,0.0,0.0,0.0,0.0,0.0,0.0,167.0,93.0,107.0,161.0,18.0,7.0,12.0,54.0,15.0,6.0,0.0
176.483,52,198297.0,594.0,85.0,600.0,618.0,0.0,1.0,0.0,0.0,0.494,0.02,0.5,0.515,0.502,0.034,0.508,0.53,0.0,0.0,-1.76,-5.37,-88.56,-88.46,0.0,0.0,0.0,0.0,0.0,0.0,-0.4,1.0,1.0,0.0,0.0,-0.0,-0.0,0.0,0.0,0.0,0.0,0.0,0.0,0.0,0.0,167.0,93.0,107.0,161.0,18.0,7.0,12.0,54.0,15.0,6.0,1.0
176.54,53,198350.0,594.0,85.0,600.0,619.0,0.0,1.0,0.0,0.0,0.495,0.02,0.5,0.516,0.502,0.034,0.508,0.53,0.0,0.0,-1.75,-5.37,-88.56,-88.46,0.0,0.0,0.0,0.0,0.0,0.0,-0.4,1.0,1.0,0.0,0.0,-0.0,-0.0,0.0,0.0,0.0,0.0,0.0,0.0,0.0,0.0,167.0,93.0,107.0,161.0,18.0,7.0,12.0,54.0,15.0,6.0,0.0
176.597,54,198404.0,595.0,85.0,600.0,619.0,0.0,1.0,0.0,0.0,0.495,0.02,0.5,0.516,0.502,0.034,0.508,0.53,0.0,0.0,-1.75,-5.37,-88.56,-88.46,0.0,0.0,0.0,0.0,0.0,0.0,-0.4,1.0,1.0,0.0,0.0,-0.0,-0.0,0.0,0.0,0.0,0.0,0.0,0.0,0.0,0.0,167.0,93.0,107.0,161.0,18.0,7.0,12.0,54.0,15.0,6.0,0.0
176.626,53,198457.0,595.0,84.0,600.0,619.0,0.0,1.0,0.0,0.0,0.495,0.02,0.5,0.516,0.502,0.034,0.508,0.53,0.0,0.0,-1.75,-5.37,-88.56,-88.46,0.0,0.0,0.0,0.0,0.0,0.0,-0.4,1.0,1.0,0.0,0.0,-0.0,-0.0,0.0,0.0,0.0,0.0,0.0,0.0,0.0,0.0,167.0,93.0,107.0,161.0,18.0,7.0,12.0,54.0,15.0,6.0,0.0
176.683,52,198509.0,595.0,84.0,600.0,619.0,0.0,1.0,0.0,0.0,0.495,0.02,0.5,0.516,0.502,0.034,0.508,0.53,0.0,0.0,-1.75,-5.37,-88.56,-88.46,0.0,0.0,0.0,0.0,0.0,0.0,-0.4,1.0,1.0,0.0,0.0,-0.0,-0.0,0.0,0.0,0.0,0.0,0.0,0.0,0.0,0.0,167.0,93.0,107.0,161.0,18.0,7.0,12.0,54.0,15.0,6.0,0.0
176.741,52,198561.0,595.0,84.0,600.0,619.0,0.0,1.0,0.0,0.0,0.495,0.02,0.5,0.516,0.503,0.034,0.508,0.53,0.0,0.0,-1.75,-5.37,-88.56,-88.46,0.0,0.0,0.0,0.0,0.0,0.0,-0.4,1.0,1.0,0.0,0.0,-0.0,-0.0,0.0,0.0,0.0,0.0,0.0,0.0,0.0,0.0,167.0,93.0,107.0,161.0,18.0,7.0,12.0,54.0,15.0,6.0,0.0
176.798,53,198614.0,595.0,84.0,600.0,619.0,0.0,1.0,0.0,0.0,0.495,0.02,0.5,0.516,0.503,0.034,0.508,0.53,0.0,0.0,-1.75,-5.37,-88.56,-88.46,0.0,0.0,0.0,0.0,0.0,0.0,-0.4,1.0,1.0,0.0,0.0,-0.0,-0.0,0.0,0.0,0.0,0.0,0.0,0.0,0.0,0.0,167.0,93.0,107.0,161.0,18.0,7.0,12.0,54.0,15.0,6.0,0.0
176.855,53,198667.0,595.0,86.0,600.0,619.0,0.0,1.0,0.0,0.0,0.495,0.02,0.5,0.516,0.503,0.034,0.508,0.53,0.0,0.0,-1.75,-5.37,-88.56,-88.46,0.0,0.0,0.0,0.0,0.0,0.0,-0.4,1.0,1.0,0.0,0.0,-0.0,-0.0,0.0,0.0,0.0,0.0,0.0,0.0,0.0,0.0,167.0,93.0,107.0,161.0,18.0,7.0,12.0,54.0,15.0,6.0,0.0
176.912,52,198719.0,595.0,86.0,600.0,619.0,0.0,1.0,0.0,0.0,0.495,0.02,0.5,0.516,0.503,0.034,0.508,0.53,0.0,0.0,-1.75,-5.37,-88.56,-88.46,0.0,0.0,0.0,0.0,0.0,0.0,-0.4,1.0,1.0,0.0,0.0,-0.0,-0.0,0.0,0.0,0.0,0.0,0.0,0.0,0.0,0.0,167.0,93.0,107.0,161.0,18.0,7.0,12.0,54.0,15.0,6.0,0.0
176.941,52,198771.0,595.0,86.0,600.0,619.0,0.0,1.0,0.0,0.0,0.495,0.02,0.5,0.516,0.503,0.034,0.508,0.53,0.0,0.0,-1.75,-5.37,-88.56,-88.46,0.0,0.0,0.0,0.0,0.0,0.0,-0.4,1.0,1.0,0.0,0.0,-0.0,-0.0,0.0,0.0,0.0,0.0,0.0,0.0,0.0,0.0,167.0,93.0,107.0,161.0,18.0,7.0,12.0,54.0,15.0,6.0,0.0
176.998,54,198825.0,590.0,86.0,600.0,619.0,0.0,1.0,0.0,0.0,0.495,0.02,0.5,0.516,0.503,0.034,0.508,0.53,0.0,0.0,-1.75,-5.37,-88.56,-88.46,0.0,0.0,0.0,0.0,0.0,0.0,-0.4,1.0,1.0,0.0,0.0,-0.0,-0.0,0.0,0.0,0.0,0.0,0.0,0.0,0.0,0.0,167.0,93.0,107.0,161.0,18.0,7.0,12.0,54.0,15.0,6.0,0.0
177.055,52,198877.0,590.0,85.0,600.0,619.0,0.0,1.0,0.0,0.0,0.495,0.02,0.5,0.516,0.503,0.034,0.508,0.53,0.0,0.0,-1.76,-5.37,-88.56,-88.46,0.0,0.0,0.0,0.0,0.0,0.0,-0.4,1.0,1.0,0.0,0.0,-0.0,-0.0,0.0,0.0,0.0,0.0,0.0,0.0,0.0,0.0,167.0,93.0,107.0,161.0,18.0,7.0,12.0,54.0,15.0,6.0,0.0
177.113,54,198931.0,590.0,85.0,600.0,619.0,0.0,1.0,0.0,0.0,0.495,0.02,0.5,0.516,0.503,0.034,0.508,0.53,0.0,0.0,-1.77,-5.38,-88.56,-88.46,0.0,0.0,0.0,0.0,0.0,0.0,-0.4,1.0,1.0,0.0,0.0,-0.0,-0.0,0.0,0.0,0.0,0.0,0.0,0.0,0.0,0.0,167.0,93.0,107.0,161.0,18.0,7.0,12.0,54.0,15.0,6.0,0.0
177.17,52,198983.0,590.0,85.0,600.0,622.0,0.0,1.0,0.0,0.0,0.493,0.02,0.5,0.517,0.502,0.034,0.508,0.531,0.0,0.0,-1.77,-5.38,-88.56,-88.46,0.0,0.0,0.0,0.0,0.0,0.0,-0.4,1.0,1.0,0.0,0.0,-0.0,-0.0,0.0,0.0,0.0,0.0,0.0,0.0,0.0,0.0,167.0,93.0,107.0,161.0,18.0,7.0,12.0,54.0,15.0,6.0,0.0
177.227,53,199036.0,588.0,85.0,600.0,622.0,0.0,1.0,0.0,0.0,0.493,0.02,0.5,0.517,0.502,0.034,0.508,0.531,0.0,0.0,-1.76,-5.38,-88.56,-88.46,0.0,0.0,0.0,0.0,0.0,0.0,-0.4,1.0,1.0,0.0,0.0,-0.0,-0.0,0.0,0.0,0.0,0.0,0.0,0.0,0.0,0.0,167.0,93.0,107.0,161.0,18.0,7.0,12.0,54.0,15.0,6.0,0.0
177.256,52,199088.0,588.0,85.0,600.0,622.0,0.0,1.0,0.0,0.0,0.493,0.02,0.5,0.517,0.502,0.034,0.508,0.531,0.0,0.0,-1.76,-5.38,-88.56,-88.46,0.0,0.0,0.0,0.0,0.0,0.0,-0.4,1.0,1.0,0.0,0.0,-0.0,-0.0,0.0,0.0,0.0,0.0,0.0,0.0,0.0,0.0,167.0,93.0,107.0,161.0,18.0,7.0,12.0,54.0,15.0,6.0,1.0
177.313,53,199141.0,588.0,85.0,600.0,622.0,0.0,1.0,0.0,0.0,0.493,0.02,0.5,0.517,0.502,0.034,0.508,0.531,0.0,0.0,-1.76,-5.38,-88.56,-88.46,0.0,0.0,0.0,0.0,0.0,0.0,-0.4,1.0,1.0,0.0,0.0,-0.0,-0.0,0.0,0.0,0.0,0.0,0.0,0.0,0.0,0.0,167.0,93.0,107.0,161.0,18.0,7.0,12.0,54.0,15.0,6.0,0.0
177.37,52,199193.0,588.0,85.0,600.0,623.0,0.0,1.0,0.0,0.0,0.492,0.02,0.5,0.518,0.5,0.034,0.508,0.532,0.0,0.0,-1.76,-5.38,-88.56,-88.46,0.0,0.0,0.0,0.0,0.0,0.0,-0.4,1.0,1.0,0.0,0.0,-0.0,-0.0,0.0,0.0,0.0,0.0,0.0,0.0,0.0,0.0,167.0,93.0,107.0,161.0,18.0,7.0,12.0,54.0,15.0,6.0,0.0
177.427,54,199247.0,588.0,85.0,600.0,623.0,0.0,1.0,0.0,0.0,0.492,0.02,0.5,0.518,0.5,0.034,0.508,0.532,0.0,0.0,-1.76,-5.38,-88.56,-88.46,0.0,0.0,0.0,0.0,0.0,0.0,-0.4,1.0,1.0,0.0,0.0,-0.0,-0.0,0.0,0.0,0.0,0.0,0.0,0.0,0.0,0.0,167.0,93.0,107.0,161.0,18.0,7.0,12.0,54.0,15.0,6.0,0.0
177.485,52,199299.0,588.0,85.0,600.0,623.0,0.0,1.0,0.0,0.0,0.492,0.02,0.5,0.518,0.5,0.034,0.508,0.532,0.0,0.0,-1.76,-5.38,-88.56,-88.46,0.0,0.0,0.0,0.0,0.0,0.0,-0.4,1.0,1.0,0.0,0.0,-0.0,-0.0,0.0,0.0,0.0,0.0,0.0,0.0,0.0,0.0,167.0,93.0,107.0,161.0,18.0,7.0,12.0,54.0,15.0,6.0,0.0
177.543,53,199352.0,588.0,85.0,600.0,623.0,0.0,1.0,0.0,0.0,0.492,0.02,0.5,0.518,0.5,0.034,0.508,0.532,0.0,0.0,-1.76,-5.38,-88.56,-88.46,0.0,0.0,0.0,0.0,0.0,0.0,-0.4,1.0,1.0,0.0,0.0,-0.0,-0.0,0.0,0.0,0.0,0.0,0.0,0.0,0.0,0.0,167.0,93.0,107.0,161.0,18.0,7.0,12.0,54.0,15.0,6.0,0.0
177.6,52,199404.0,588.0,85.0,600.0,622.0,0.0,1.0,0.0,0.0,0.491,0.02,0.5,0.518,0.499,0.034,0.508,0.532,0.0,0.0,-1.75,-5.37,-88.56,-88.46,0.0,0.0,0.0,0.0,0.0,0.0,-0.4,1.0,1.0,0.0,0.0,-0.0,-0.0,0.0,0.0,0.0,0.0,0.0,0.0,0.0,0.0,167.0,93.0,107.0,161.0,18.0,7.0,12.0,54.0,15.0,6.0,0.0
177.629,53,199457.0,590.0,85.0,600.0,622.0,0.0,1.0,0.0,0.0,0.491,0.02,0.5,0.518,0.499,0.034,0.508,0.532,0.0,0.0,-1.76,-5.37,-88.56,-88.46,0.0,0.0,0.0,0.0,0.0,0.0,-0.4,1.0,1.0,0.0,0.0,-0.0,-0.0,0.0,0.0,0.0,0.0,0.0,0.0,0.0,0.0,167.0,93.0,107.0,161.0,18.0,7.0,12.0,54.0,15.0,6.0,0.0
177.686,52,199509.0,590.0,85.0,600.0,622.0,0.0,1.0,0.0,0.0,0.491,0.02,0.5,0.518,0.499,0.034,0.508,0.532,0.0,0.0,-1.76,-5.37,-88.56,-88.46,0.0,0.0,0.0,0.0,0.0,0.0,-0.4,1.0,1.0,0.0,0.0,-0.0,-0.0,0.0,0.0,0.0,0.0,0.0,0.0,0.0,0.0,167.0,93.0,107.0,161.0,18.0,7.0,12.0,54.0,15.0,6.0,0.0
177.744,52,199561.0,590.0,85.0,600.0,622.0,0.0,1.0,0.0,0.0,0.491,0.02,0.5,0.518,0.499,0.034,0.508,0.532,0.0,0.0,-1.76,-5.37,-88.56,-88.46,0.0,0.0,0.0,0.0,0.0,0.0,-0.4,1.0,1.0,0.0,0.0,-0.0,-0.0,0.0,0.0,0.0,0.0,0.0,0.0,0.0,0.0,167.0,93.0,107.0,161.0,18.0,7.0,12.0,54.0,15.0,6.0,0.0
177.801,52,199613.0,590.0,85.0,600.0,623.0,0.0,1.0,0.0,0.0,0.491,0.02,0.5,0.518,0.499,0.034,0.508,0.533,0.0,0.0,-1.76,-5.37,-88.56,-88.46,0.0,0.0,0.0,0.0,0.0,0.0,-0.4,1.0,1.0,0.0,0.0,-0.0,-0.0,0.0,0.0,0.0,0.0,0.0,0.0,0.0,0.0,167.0,93.0,107.0,161.0,18.0,7.0,12.0,54.0,15.0,6.0,0.0
177.858,54,199667.0,590.0,85.0,600.0,623.0,0.0,1.0,0.0,0.0,0.491,0.02,0.5,0.518,0.499,0.034,0.508,0.533,0.0,0.0,-1.76,-5.37,-88.56,-88.46,0.0,0.0,0.0,0.0,0.0,0.0,-0.4,1.0,1.0,0.0,0.0,-0.0,-0.0,0.0,0.0,0.0,0.0,0.0,0.0,0.0,0.0,167.0,93.0,107.0,161.0,18.0,7.0,12.0,54.0,15.0,6.0,0.0
177.887,51,199718.0,590.0,85.0,600.0,623.0,0.0,1.0,0.0,0.0,0.491,0.02,0.5,0.518,0.499,0.034,0.508,0.533,0.0,0.0,-1.75,-5.37,-88.56,-88.46,0.0,0.0,0.0,0.0,0.0,0.0,-0.4,1.0,1.0,0.0,0.0,-0.0,-0.0,0.0,0.0,0.0,0.0,0.0,0.0,0.0,0.0,167.0,93.0,107.0,161.0,18.0,7.0,12.0,54.0,15.0,6.0,1.0
177.944,53,199771.0,590.0,85.0,600.0,623.0,0.0,1.0,0.0,0.0,0.491,0.02,0.5,0.518,0.499,0.034,0.508,0.533,0.0,0.0,-1.75,-5.37,-88.56,-88.46,0.0,0.0,0.0,0.0,0.0,0.0,-0.4,1.0,1.0,0.0,0.0,-0.0,-0.0,0.0,0.0,0.0,0.0,0.0,0.0,0.0,0.0,167.0,93.0,107.0,161.0,18.0,7.0,12.0,54.0,15.0,6.0,0.0
178.001,52,199823.0,590.0,85.0,600.0,624.0,0.0,1.0,0.0,0.0,0.491,0.02,0.5,0.519,0.499,0.034,0.508,0.533,0.0,0.0,-1.75,-5.37,-88.56,-88.46,0.0,0.0,0.0,0.0,0.0,0.0,-0.4,1.0,1.0,0.0,0.0,-0.0,-0.0,0.0,0.0,0.0,0.0,0.0,0.0,0.0,0.0,167.0,93.0,107.0,161.0,18.0,7.0,12.0,54.0,15.0,6.0,0.0
178.059,53,199876.0,586.0,85.0,600.0,624.0,0.0,1.0,0.0,0.0,0.491,0.02,0.5,0.519,0.499,0.034,0.508,0.533,0.0,0.0,-1.75,-5.38,-88.56,-88.46,0.0,0.0,0.0,0.0,0.0,0.0,-0.4,1.0,1.0,0.0,0.0,-0.0,-0.0,0.0,0.0,0.0,0.0,0.0,0.0,0.0,0.0,167.0,93.0,107.0,161.0,18.0,7.0,12.0,54.0,15.0,6.0,0.0
178.121,51,199927.0,586.0,85.0,600.0,624.0,0.0,1.0,0.0,0.0,0.491,0.02,0.5,0.519,0.499,0.034,0.508,0.533,0.0,0.0,-1.75,-5.38,-88.56,-88.46,0.0,0.0,0.0,0.0,0.0,0.0,-0.4,1.0,1.0,0.0,0.0,-0.0,-0.0,0.0,0.0,0.0,0.0,0.0,0.0,0.0,0.0,167.0,93.0,107.0,161.0,18.0,7.0,12.0,54.0,15.0,6.0,1.0
178.149,53,199980.0,586.0,85.0,600.0,624.0,0.0,1.0,0.0,0.0,0.491,0.02,0.5,0.519,0.499,0.034,0.508,0.533,0.0,0.0,-1.75,-5.38,-88.56,-88.46,0.0,0.0,0.0,0.0,0.0,0.0,-0.4,1.0,1.0,0.0,0.0,-0.0,-0.0,0.0,0.0,0.0,0.0,0.0,0.0,0.0,0.0,167.0,93.0,107.0,161.0,18.0,7.0,12.0,54.0,15.0,6.0,0.0
178.206,52,200032.0,586.0,85.0,600.0,623.0,0.0,1.0,0.0,0.0,0.49,0.02,0.5,0.519,0.498,0.034,0.508,0.533,0.0,0.0,-1.75,-5.38,-88.56,-88.46,0.0,0.0,0.0,0.0,0.0,0.0,-0.4,1.0,1.0,0.0,0.0,-0.0,-0.0,0.0,0.0,0.0,0.0,0.0,0.0,0.0,0.0,167.0,93.0,107.0,161.0,18.0,7.0,12.0,54.0,15.0,6.0,0.0
178.263,54,200086.0,586.0,85.0,600.0,623.0,0.0,1.0,0.0,0.0,0.49,0.02,0.5,0.519,0.498,0.034,0.508,0.533,0.0,0.0,-1.75,-5.38,-88.56,-88.46,0.0,0.0,0.0,0.0,0.0,0.0,-0.4,1.0,1.0,0.0,0.0,-0.0,-0.0,0.0,0.0,0.0,0.0,0.0,0.0,0.0,0.0,167.0,93.0,107.0,161.0,18.0,7.0,12.0,54.0,15.0,6.0,0.0
178.322,52,200138.0,586.0,85.0,600.0,623.0,0.0,1.0,0.0,0.0,0.49,0.02,0.5,0.519,0.498,0.034,0.508,0.533,0.0,0.0,-1.75,-5.38,-88.56,-88.46,0.0,0.0,0.0,0.0,0.0,0.0,-0.4,1.0,1.0,0.0,0.0,-0.0,-0.0,0.0,0.0,0.0,0.0,0.0,0.0,0.0,0.0,167.0,93.0,107.0,161.0,18.0,7.0,12.0,54.0,15.0,6.0,1.0
178.379,53,200191.0,586.0,85.0,600.0,623.0,0.0,1.0,0.0,0.0,0.49,0.02,0.5,0.519,0.498,0.034,0.508,0.533,0.0,0.0,-1.75,-5.38,-88.56,-88.46,0.0,0.0,0.0,0.0,0.0,0.0,-0.4,1.0,1.0,0.0,0.0,-0.0,-0.0,0.0,0.0,0.0,0.0,0.0,0.0,0.0,0.0,167.0,93.0,107.0,161.0,18.0,7.0,12.0,54.0,15.0,6.0,0.0
178.436,52,200243.0,586.0,85.0,600.0,623.0,0.0,1.0,0.0,0.0,0.489,0.02,0.5,0.519,0.497,0.034,0.508,0.533,0.0,0.0,-1.75,-5.38,-88.56,-88.46,0.0,0.0,0.0,0.0,0.0,0.0,-0.4,1.0,1.0,0.0,0.0,-0.0,-0.0,0.0,0.0,0.0,0.0,0.0,0.0,0.0,0.0,167.0,93.0,107.0,161.0,18.0,7.0,12.0,54.0,15.0,6.0,0.0
178.465,53,200296.0,588.0,85.0,600.0,623.0,0.0,1.0,0.0,0.0,0.489,0.02,0.5,0.519,0.497,0.034,0.508,0.533,0.0,0.0,-1.75,-5.38,-88.56,-88.46,0.0,0.0,0.0,0.0,0.0,0.0,-0.4,1.0,1.0,0.0,0.0,-0.0,-0.0,0.0,0.0,0.0,0.0,0.0,0.0,0.0,0.0,167.0,93.0,107.0,161.0,18.0,7.0,12.0,54.0,15.0,6.0,0.0
178.527,52,200348.0,588.0,86.0,600.0,623.0,0.0,1.0,0.0,0.0,0.489,0.02,0.5,0.519,0.497,0.034,0.508,0.533,0.0,0.0,-1.75,-5.38,-88.56,-88.46,0.0,0.0,0.0,0.0,0.0,0.0,-0.4,1.0,1.0,0.0,0.0,-0.0,-0.0,0.0,0.0,0.0,0.0,0.0,0.0,0.0,0.0,167.0,93.0,107.0,161.0,18.0,7.0,12.0,54.0,15.0,6.0,1.0
178.584,53,200401.0,588.0,86.0,600.0,623.0,0.0,1.0,0.0,0.0,0.489,0.02,0.5,0.519,0.497,0.034,0.508,0.533,0.0,0.0,-1.75,-5.38,-88.56,-88.46,0.0,0.0,0.0,0.0,0.0,0.0,-0.4,1.0,1.0,0.0,0.0,-0.0,-0.0,0.0,0.0,0.0,0.0,0.0,0.0,0.0,0.0,167.0,93.0,107.0,161.0,18.0,7.0,12.0,54.0,15.0,6.0,0.0
178.641,52,200453.0,588.0,86.0,600.0,622.0,0.0,1.0,0.0,0.0,0.49,0.02,0.5,0.519,0.497,0.034,0.508,0.533,0.0,0.0,-1.75,-5.38,-88.56,-88.46,0.0,0.0,0.0,0.0,0.0,0.0,-0.4,1.0,1.0,0.0,0.0,-0.0,-0.0,0.0,0.0,0.0,0.0,0.0,0.0,0.0,0.0,167.0,93.0,107.0,161.0,18.0,7.0,12.0,54.0,15.0,6.0,0.0
178.699,54,200507.0,585.0,86.0,600.0,622.0,0.0,1.0,0.0,0.0,0.49,0.02,0.5,0.519,0.497,0.034,0.508,0.533,0.0,0.0,-1.75,-5.38,-88.56,-88.46,0.0,0.0,0.0,0.0,0.0,0.0,-0.4,1.0,1.0,0.0,0.0,-0.0,-0.0,0.0,0.0,0.0,0.0,0.0,0.0,0.0,0.0,167.0,93.0,107.0,161.0,18.0,7.0,12.0,54.0,15.0,6.0,0.0
178.774,53,200560.0,585.0,86.0,600.0,622.0,0.0,1.0,0.0,0.0,0.49,0.02,0.5,0.519,0.497,0.034,0.508,0.533,0.0,0.0,-1.75,-5.37,-88.56,-88.46,0.0,0.0,0.0,0.0,0.0,0.0,-0.4,1.0,1.0,0.0,0.0,-0.0,-0.0,0.0,0.0,0.0,0.0,0.0,0.0,0.0,0.0,167.0,93.0,107.0,161.0,18.0,7.0,12.0,54.0,15.0,6.0,0.0
178.807,53,200613.0,585.0,86.0,600.0,622.0,0.0,1.0,0.0,0.0,0.49,0.02,0.5,0.519,0.497,0.034,0.508,0.533,0.0,0.0,-1.75,-5.37,-88.56,-88.46,0.0,0.0,0.0,0.0,0.0,0.0,-0.4,1.0,1.0,0.0,0.0,-0.0,-0.0,0.0,0.0,0.0,0.0,0.0,0.0,0.0,0.0,167.0,93.0,107.0,161.0,18.0,7.0,12.0,54.0,15.0,6.0,1.0
178.84,52,200665.0,585.0,86.0,600.0,622.0,0.0,1.0,0.0,0.0,0.488,0.02,0.5,0.518,0.497,0.034,0.508,0.533,0.0,0.0,-1.75,-5.37,-88.56,-88.46,0.0,0.0,0.0,0.0,0.0,0.0,-0.4,1.0,1.0,0.0,0.0,-0.0,-0.0,0.0,0.0,0.0,0.0,0.0,0.0,0.0,0.0,167.0,93.0,107.0,161.0,18.0,7.0,12.0,54.0,15.0,6.0,0.0
178.906,53,200718.0,588.0,86.0,600.0,622.0,0.0,1.0,0.0,0.0,0.488,0.02,0.5,0.518,0.497,0.034,0.508,0.533,0.0,0.0,-1.75,-5.37,-88.56,-88.46,0.0,0.0,0.0,0.0,0.0,0.0,-0.4,1.0,1.0,0.0,0.0,-0.0,-0.0,0.0,0.0,0.0,0.0,0.0,0.0,0.0,0.0,167.0,93.0,107.0,161.0,18.0,7.0,12.0,54.0,15.0,6.0,0.0
178.97,53,200771.0,588.0,85.0,600.0,622.0,0.0,1.0,0.0,0.0,0.488,0.02,0.5,0.518,0.497,0.034,0.508,0.533,0.0,0.0,-1.75,-5.37,-88.56,-88.46,0.0,0.0,0.0,0.0,0.0,0.0,-0.4,1.0,1.0,0.0,0.0,-0.0,-0.0,0.0,0.0,0.0,0.0,0.0,0.0,0.0,0.0,167.0,93.0,107.0,161.0,18.0,7.0,12.0,54.0,15.0,6.0,0.0
179.002,52,200823.0,588.0,85.0,600.0,622.0,0.0,1.0,0.0,0.0,0.488,0.02,0.5,0.518,0.497,0.034,0.508,0.533,0.0,0.0,-1.75,-5.37,-88.56,-88.46,0.0,0.0,0.0,0.0,0.0,0.0,-0.4,1.0,1.0,0.0,0.0,-0.0,-0.0,0.0,0.0,0.0,0.0,0.0,0.0,0.0,0.0,167.0,93.0,107.0,161.0,18.0,7.0,12.0,54.0,15.0,6.0,0.0
179.066,53,200876.0,588.0,85.0,600.0,621.0,0.0,1.0,0.0,0.0,0.489,0.02,0.5,0.518,0.497,0.034,0.508,0.532,0.0,0.0,-1.76,-5.37,-88.56,-88.46,0.0,0.0,0.0,0.0,0.0,0.0,-0.4,1.0,1.0,0.0,0.0,-0.0,-0.0,0.0,0.0,0.0,0.0,0.0,0.0,0.0,0.0,167.0,93.0,107.0,161.0,18.0,7.0,12.0,54.0,15.0,6.0,0.0
179.141,54,200930.0,594.0,85.0,600.0,621.0,0.0,1.0,0.0,0.0,0.489,0.02,0.5,0.518,0.497,0.034,0.508,0.532,0.0,0.0,-1.76,-5.37,-88.56,-88.46,0.0,0.0,0.0,0.0,0.0,0.0,-0.4,1.0,1.0,0.0,0.0,-0.0,-0.0,0.0,0.0,0.0,0.0,0.0,0.0,0.0,0.0,167.0,93.0,107.0,161.0,18.0,7.0,12.0,54.0,15.0,6.0,0.0
179.174,52,200982.0,594.0,85.0,600.0,621.0,0.0,1.0,0.0,0.0,0.489,0.02,0.5,0.518,0.497,0.034,0.508,0.532,0.0,0.0,-1.76,-5.37,-88.56,-88.46,0.0,0.0,0.0,0.0,0.0,0.0,-0.4,1.0,1.0,0.0,0.0,-0.0,-0.0,0.0,0.0,0.0,0.0,0.0,0.0,0.0,0.0,167.0,93.0,107.0,161.0,18.0,7.0,12.0,54.0,15.0,6.0,0.0
179.207,53,201035.0,594.0,85.0,600.0,621.0,0.0,1.0,0.0,0.0,0.489,0.02,0.5,0.518,0.497,0.034,0.508,0.532,0.0,0.0,-1.76,-5.36,-88.56,-88.46,0.0,0.0,0.0,0.0,0.0,0.0,-0.4,1.0,1.0,0.0,0.0,-0.0,-0.0,0.0,0.0,0.0,0.0,0.0,0.0,0.0,0.0,167.0,93.0,107.0,161.0,18.0,7.0,12.0,54.0,15.0,6.0,0.0
179.272,53,201088.0,594.0,85.0,600.0,622.0,0.0,1.0,0.0,0.0,0.492,0.02,0.5,0.518,0.5,0.034,0.508,0.532,0.0,0.0,-1.76,-5.36,-88.56,-88.46,0.0,0.0,0.0,0.0,0.0,0.0,-0.4,1.0,1.0,0.0,0.0,-0.0,-0.0,0.0,0.0,0.0,0.0,0.0,0.0,0.0,0.0,167.0,93.0,107.0,161.0,18.0,7.0,12.0,54.0,15.0,6.0,0.0
179.339,53,201141.0,590.0,85.0,600.0,622.0,0.0,1.0,0.0,0.0,0.492,0.02,0.5,0.518,0.5,0.034,0.508,0.532,0.0,0.0,-1.76,-5.36,-88.56,-88.46,0.0,0.0,0.0,0.0,0.0,0.0,-0.4,1.0,1.0,0.0,0.0,-0.0,-0.0,0.0,0.0,0.0,0.0,0.0,0.0,0.0,0.0,167.0,93.0,107.0,161.0,18.0,7.0,12.0,54.0,15.0,6.0,0.0
179.372,53,201194.0,590.0,85.0,600.0,622.0,0.0,1.0,0.0,0.0,0.492,0.02,0.5,0.518,0.5,0.034,0.508,0.532,0.0,0.0,-1.76,-5.36,-88.56,-88.46,0.0,0.0,0.0,0.0,0.0,0.0,-0.4,1.0,1.0,0.0,0.0,-0.0,-0.0,0.0,0.0,0.0,0.0,0.0,0.0,0.0,0.0,167.0,93.0,107.0,161.0,18.0,7.0,12.0,54.0,15.0,6.0,0.0
179.438,52,201246.0,590.0,85.0,600.0,622.0,0.0,1.0,0.0,0.0,0.492,0.02,0.5,0.518,0.5,0.034,0.508,0.532,0.0,0.0,-1.76,-5.36,-88.56,-88.46,0.0,0.0,0.0,0.0,0.0,0.0,-0.4,1.0,1.0,0.0,0.0,-0.0,-0.0,0.0,0.0,0.0,0.0,0.0,0.0,0.0,0.0,167.0,93.0,107.0,161.0,18.0,7.0,12.0,54.0,15.0,6.0,0.0
179.47,52,201298.0,590.0,85.0,600.0,621.0,0.0,1.0,0.0,0.0,0.492,0.02,0.5,0.517,0.5,0.034,0.508,0.532,0.0,0.0,-1.77,-5.36,-88.56,-88.46,0.0,0.0,0.0,0.0,0.0,0.0,-0.4,1.0,1.0,0.0,0.0,-0.0,-0.0,0.0,0.0,0.0,0.0,0.0,0.0,0.0,0.0,167.0,93.0,107.0,161.0,18.0,7.0,12.0,54.0,15.0,6.0,0.0
179.537,54,201352.0,589.0,85.0,600.0,621.0,0.0,1.0,0.0,0.0,0.492,0.02,0.5,0.517,0.5,0.034,0.508,0.532,0.0,0.0,-1.77,-5.36,-88.56,-88.46,0.0,0.0,0.0,0.0,0.0,0.0,-0.4,1.0,1.0,0.0,0.0,-0.0,-0.0,0.0,0.0,0.0,0.0,0.0,0.0,0.0,0.0,167.0,93.0,107.0,161.0,18.0,7.0,12.0,54.0,15.0,6.0,0.0
179.603,53,201405.0,589.0,85.0,600.0,621.0,0.0,1.0,0.0,0.0,0.492,0.02,0.5,0.517,0.5,0.034,0.508,0.532,0.0,0.0,-1.77,-5.36,-88.56,-88.46,0.0,0.0,0.0,0.0,0.0,0.0,-0.4,1.0,1.0,0.0,0.0,-0.0,-0.0,0.0,0.0,0.0,0.0,0.0,0.0,0.0,0.0,167.0,93.0,107.0,161.0,18.0,7.0,12.0,54.0,15.0,6.0,0.0
179.634,52,201457.0,589.0,85.0,600.0,621.0,0.0,1.0,0.0,0.0,0.492,0.02,0.5,0.517,0.5,0.034,0.508,0.532,0.0,0.0,-1.77,-5.36,-88.55,-88.46,0.0,0.0,0.0,0.0,0.0,0.0,-0.4,1.0,1.0,0.0,0.0,-0.0,-0.0,0.0,0.0,0.0,0.0,0.0,0.0,0.0,0.0,167.0,93.0,107.0,161.0,18.0,7.0,12.0,54.0,15.0,6.0,0.0
179.698,53,201510.0,589.0,85.0,600.0,621.0,0.0,1.0,0.0,0.0,0.491,0.02,0.5,0.517,0.499,0.034,0.508,0.532,0.0,0.0,-1.77,-5.36,-88.55,-88.46,0.0,0.0,0.0,0.0,0.0,0.0,-0.4,1.0,1.0,0.0,0.0,-0.0,-0.0,0.0,0.0,0.0,0.0,0.0,0.0,0.0,0.0,167.0,93.0,107.0,161.0,18.0,7.0,12.0,54.0,15.0,6.0,0.0
179.767,53,201563.0,593.0,85.0,600.0,621.0,0.0,1.0,0.0,0.0,0.491,0.02,0.5,0.517,0.499,0.034,0.508,0.532,0.0,0.0,-1.77,-5.36,-88.55,-88.46,0.0,0.0,0.0,0.0,0.0,0.0,-0.4,1.0,1.0,0.0,0.0,-0.0,-0.0,0.0,0.0,0.0,0.0,0.0,0.0,0.0,0.0,167.0,93.0,107.0,161.0,18.0,7.0,12.0,54.0,15.0,6.0,0.0
179.802,54,201617.0,593.0,86.0,600.0,621.0,0.0,1.0,0.0,0.0,0.491,0.02,0.5,0.517,0.499,0.034,0.508,0.532,0.0,0.0,-1.78,-5.36,-88.55,-88.46,0.0,0.0,0.0,0.0,0.0,0.0,-0.4,1.0,1.0,0.0,0.0,-0.0,-0.0,0.0,0.0,0.0,0.0,0.0,0.0,0.0,0.0,167.0,93.0,107.0,161.0,18.0,7.0,12.0,54.0,15.0,6.0,0.0
179.866,52,201669.0,593.0,86.0,600.0,621.0,0.0,1.0,0.0,0.0,0.491,0.02,0.5,0.517,0.499,0.034,0.508,0.532,0.0,0.0,-1.78,-5.36,-88.55,-88.46,0.0,0.0,0.0,0.0,0.0,0.0,-0.4,1.0,1.0,0.0,0.0,-0.0,-0.0,0.0,0.0,0.0,0.0,0.0,0.0,0.0,0.0,167.0,93.0,107.0,161.0,18.0,7.0,12.0,54.0,15.0,6.0,1.0
179.898,53,201722.0,593.0,86.0,600.0,620.0,0.0,1.0,0.0,0.0,0.493,0.02,0.5,0.517,0.501,0.034,0.508,0.531,0.0,0.0,-1.78,-5.36,-88.55,-88.46,0.0,0.0,0.0,0.0,0.0,0.0,-0.4,1.0,1.0,0.0,0.0,-0.0,-0.0,0.0,0.0,0.0,0.0,0.0,0.0,0.0,0.0,167.0,93.0,107.0,161.0,18.0,7.0,12.0,54.0,15.0,6.0,0.0
179.963,54,201776.0,592.0,86.0,600.0,620.0,0.0,1.0,0.0,0.0,0.493,0.02,0.5,0.517,0.501,0.034,0.508,0.531,0.0,0.0,-1.77,-5.36,-88.55,-88.46,0.0,0.0,0.0,0.0,0.0,0.0,-0.4,1.0,1.0,0.0,0.0,-0.0,-0.0,0.0,0.0,0.0,0.0,0.0,0.0,0.0,0.0,167.0,93.0,107.0,161.0,18.0,7.0,12.0,54.0,15.0,6.0,0.0
180.028,53,201829.0,592.0,86.0,600.0,620.0,0.0,1.0,0.0,0.0,0.493,0.02,0.5,0.517,0.501,0.034,0.508,0.531,0.0,0.0,-1.77,-5.36,-88.55,-88.46,0.0,0.0,0.0,0.0,0.0,0.0,-0.4,1.0,1.0,0.0,0.0,-0.0,-0.0,0.0,0.0,0.0,0.0,0.0,0.0,0.0,0.0,167.0,93.0,107.0,161.0,18.0,7.0,12.0,54.0,15.0,6.0,0.0
180.061,52,201881.0,592.0,86.0,600.0,620.0,0.0,1.0,0.0,0.0,0.493,0.02,0.5,0.517,0.501,0.034,0.508,0.531,0.0,0.0,-1.77,-5.37,-88.55,-88.46,0.0,0.0,0.0,0.0,0.0,0.0,-0.4,1.0,1.0,0.0,0.0,-0.0,-0.0,0.0,0.0,0.0,0.0,0.0,0.0,0.0,0.0,167.0,93.0,107.0,161.0,18.0,7.0,12.0,54.0,15.0,6.0,0.0
180.127,53,201934.0,592.0,86.0,600.0,620.0,0.0,1.0,0.0,0.0,0.493,0.02,0.5,0.517,0.501,0.035,0.508,0.531,0.0,0.0,-1.77,-5.37,-88.55,-88.46,0.0,0.0,0.0,0.0,0.0,0.0,-0.4,1.0,1.0,0.0,0.0,-0.0,-0.0,0.0,0.0,0.0,0.0,0.0,0.0,0.0,0.0,167.0,93.0,107.0,161.0,18.0,7.0,12.0,54.0,15.0,6.0,0.0
180.16,53,201987.0,591.0,86.0,600.0,620.0,0.0,1.0,0.0,0.0,0.493,0.02,0.5,0.517,0.501,0.035,0.508,0.531,0.0,0.0,-1.77,-5.37,-88.55,-88.46,0.0,0.0,0.0,0.0,0.0,0.0,-0.4,1.0,1.0,0.0,0.0,-0.0,-0.0,0.0,0.0,0.0,0.0,0.0,0.0,0.0,0.0,167.0,93.0,107.0,161.0,18.0,7.0,12.0,54.0,15.0,6.0,0.0
180.226,53,202040.0,591.0,86.0,600.0,620.0,0.0,1.0,0.0,0.0,0.493,0.02,0.5,0.517,0.501,0.035,0.508,0.531,0.0,0.0,-1.77,-5.37,-88.56,-88.46,0.0,0.0,0.0,0.0,0.0,0.0,-0.4,1.0,1.0,0.0,0.0,-0.0,-0.0,0.0,0.0,0.0,0.0,0.0,0.0,0.0,0.0,167.0,93.0,107.0,161.0,18.0,7.0,12.0,54.0,15.0,6.0,0.0
180.29,52,202092.0,591.0,86.0,600.0,620.0,0.0,1.0,0.0,0.0,0.493,0.02,0.5,0.517,0.501,0.035,0.508,0.531,0.0,0.0,-1.76,-5.37,-88.56,-88.46,0.0,0.0,0.0,0.0,0.0,0.0,-0.4,1.0,1.0,0.0,0.0,-0.0,-0.0,0.0,0.0,0.0,0.0,0.0,0.0,0.0,0.0,167.0,93.0,107.0,161.0,18.0,7.0,12.0,54.0,15.0,6.0,0.0
180.328,53,202145.0,591.0,86.0,600.0,620.0,0.0,1.0,0.0,0.0,0.493,0.02,0.5,0.516,0.501,0.035,0.508,0.531,0.0,0.0,-1.76,-5.37,-88.56,-88.46,0.0,0.0,0.0,0.0,0.0,0.0,-0.4,1.0,1.0,0.0,0.0,-0.0,-0.0,0.0,0.0,0.0,0.0,0.0,0.0,0.0,0.0,167.0,93.0,107.0,161.0,18.0,7.0,12.0,54.0,15.0,6.0,0.0
180.392,54,202199.0,592.0,86.0,600.0,620.0,0.0,1.0,0.0,0.0,0.493,0.02,0.5,0.516,0.501,0.035,0.508,0.531,0.0,0.0,-1.76,-5.37,-88.56,-88.46,0.0,0.0,0.0,0.0,0.0,0.0,-0.4,1.0,1.0,0.0,0.0,-0.0,-0.0,0.0,0.0,0.0,0.0,0.0,0.0,0.0,0.0,167.0,93.0,107.0,161.0,18.0,7.0,12.0,54.0,15.0,6.0,0.0
180.424,53,202252.0,592.0,86.0,600.0,620.0,0.0,1.0,0.0,0.0,0.493,0.02,0.5,0.516,0.501,0.035,0.508,0.531,0.0,0.0,-1.76,-5.37,-88.56,-88.46,0.0,0.0,0.0,0.0,0.0,0.0,-0.4,1.0,1.0,0.0,0.0,-0.0,-0.0,0.0,0.0,0.0,0.0,0.0,0.0,0.0,0.0,167.0,93.0,107.0,161.0,18.0,7.0,12.0,54.0,15.0,6.0,1.0
180.491,53,202305.0,592.0,86.0,600.0,620.0,0.0,1.0,0.0,0.0,0.493,0.02,0.5,0.516,0.501,0.035,0.508,0.531,0.0,0.0,-1.76,-5.37,-88.56,-88.46,0.0,0.0,0.0,0.0,0.0,0.0,-0.4,1.0,1.0,0.0,0.0,-0.0,-0.0,0.0,0.0,0.0,0.0,0.0,0.0,0.0,0.0,167.0,93.0,107.0,161.0,18.0,7.0,12.0,54.0,15.0,6.0,0.0
180.56,53,202358.0,592.0,86.0,600.0,621.0,0.0,1.0,0.0,0.0,0.493,0.02,0.5,0.517,0.501,0.035,0.508,0.531,0.0,0.0,-1.76,-5.37,-88.56,-88.46,0.0,0.0,0.0,0.0,0.0,0.0,-0.4,1.0,1.0,0.0,0.0,-0.0,-0.0,0.0,0.0,0.0,0.0,0.0,0.0,0.0,0.0,167.0,93.0,107.0,161.0,18.0,7.0,12.0,54.0,15.0,6.0,1.0
180.593,53,202411.0,594.0,86.0,600.0,621.0,0.0,1.0,0.0,0.0,0.493,0.02,0.5,0.517,0.501,0.035,0.508,0.531,0.0,0.0,-1.76,-5.37,-88.56,-88.46,0.0,0.0,0.0,0.0,0.0,0.0,-0.4,1.0,1.0,0.0,0.0,-0.0,-0.0,0.0,0.0,0.0,0.0,0.0,0.0,0.0,0.0,167.0,93.0,107.0,161.0,18.0,7.0,12.0,54.0,15.0,6.0,0.0
180.657,52,202463.0,594.0,86.0,600.0,621.0,0.0,1.0,0.0,0.0,0.493,0.02,0.5,0.517,0.501,0.035,0.508,0.531,0.0,0.0,-1.76,-5.37,-88.56,-88.46,0.0,0.0,0.0,0.0,0.0,0.0,-0.4,1.0,1.0,0.0,0.0,-0.0,-0.0,0.0,0.0,0.0,0.0,0.0,0.0,0.0,0.0,167.0,93.0,107.0,161.0,18.0,7.0,12.0,54.0,15.0,6.0,0.0
180.689,53,202516.0,594.0,86.0,600.0,621.0,0.0,1.0,0.0,0.0,0.493,0.02,0.5,0.517,0.501,0.035,0.508,0.531,0.0,0.0,-1.77,-5.38,-88.55,-88.46,0.0,0.0,0.0,0.0,0.0,0.0,-0.4,1.0,1.0,0.0,0.0,-0.0,-0.0,0.0,0.0,0.0,0.0,0.0,0.0,0.0,0.0,167.0,93.0,107.0,161.0,18.0,7.0,12.0,54.0,15.0,6.0,0.0
180.76,52,202568.0,594.0,86.0,600.0,620.0,0.0,1.0,0.0,0.0,0.494,0.02,0.5,0.517,0.502,0.035,0.508,0.531,0.0,0.0,-1.77,-5.38,-88.55,-88.46,0.0,0.0,0.0,0.0,0.0,0.0,-0.4,1.0,1.0,0.0,0.0,-0.0,-0.0,0.0,0.0,0.0,0.0,0.0,0.0,0.0,0.0,167.0,93.0,107.0,161.0,18.0,7.0,12.0,54.0,15.0,6.0,0.0
180.794,54,202622.0,595.0,86.0,600.0,620.0,0.0,1.0,0.0,0.0,0.494,0.02,0.5,0.517,0.502,0.035,0.508,0.531,0.0,0.0,-1.77,-5.38,-88.55,-88.46,0.0,0.0,0.0,0.0,0.0,0.0,-0.4,1.0,1.0,0.0,0.0,-0.0,-0.0,0.0,0.0,0.0,0.0,0.0,0.0,0.0,0.0,167.0,93.0,107.0,161.0,18.0,7.0,12.0,54.0,15.0,6.0,0.0
180.86,52,202674.0,595.0,85.0,600.0,620.0,0.0,1.0,0.0,0.0,0.494,0.02,0.5,0.517,0.502,0.035,0.508,0.531,0.0,0.0,-1.77,-5.38,-88.55,-88.46,0.0,0.0,0.0,0.0,0.0,0.0,-0.4,1.0,1.0,0.0,0.0,-0.0,-0.0,0.0,0.0,0.0,0.0,0.0,0.0,0.0,0.0,167.0,93.0,107.0,161.0,18.0,7.0,12.0,54.0,15.0,6.0,0.0
180.933,53,202727.0,595.0,85.0,600.0,620.0,0.0,1.0,0.0,0.0,0.494,0.02,0.5,0.517,0.502,0.035,0.508,0.531,0.0,0.0,-1.76,-5.38,-88.55,-88.46,0.0,0.0,0.0,0.0,0.0,0.0,-0.4,1.0,1.0,0.0,0.0,-0.0,-0.0,0.0,0.0,0.0,0.0,0.0,0.0,0.0,0.0,167.0,93.0,107.0,161.0,18.0,7.0,12.0,54.0,15.0,6.0,0.0
180.964,53,202780.0,595.0,85.0,600.0,624.0,0.0,1.0,0.0,0.0,0.495,0.02,0.5,0.518,0.503,0.035,0.508,0.532,0.0,0.0,-1.77,-5.39,-88.55,-88.46,0.0,0.0,0.0,0.0,0.0,0.0,-0.4,1.0,1.0,0.0,0.0,-0.0,-0.0,0.0,0.0,0.0,0.0,0.0,0.0,0.0,0.0,167.0,93.0,107.0,161.0,18.0,7.0,12.0,54.0,15.0,6.0,0.0
181.029,53,202833.0,593.0,85.0,600.0,624.0,0.0,1.0,0.0,0.0,0.495,0.02,0.5,0.518,0.503,0.035,0.508,0.532,0.0,0.0,-1.77,-5.39,-88.55,-88.46,0.0,0.0,0.0,0.0,0.0,0.0,-0.4,1.0,1.0,0.0,0.0,-0.0,-0.0,0.0,0.0,0.0,0.0,0.0,0.0,0.0,0.0,167.0,93.0,107.0,161.0,18.0,7.0,12.0,54.0,15.0,6.0,0.0
181.062,51,202884.0,593.0,85.0,600.0,624.0,0.0,1.0,0.0,0.0,0.495,0.02,0.5,0.518,0.503,0.035,0.508,0.532,0.0,0.0,-1.77,-5.39,-88.55,-88.46,0.0,0.0,0.0,0.0,0.0,0.0,-0.4,1.0,1.0,0.0,0.0,-0.0,-0.0,0.0,0.0,0.0,0.0,0.0,0.0,0.0,0.0,167.0,93.0,107.0,161.0,18.0,7.0,12.0,54.0,15.0,6.0,0.0
181.135,54,202938.0,593.0,85.0,600.0,624.0,0.0,1.0,0.0,0.0,0.495,0.02,0.5,0.518,0.503,0.035,0.508,0.532,0.0,0.0,-1.77,-5.38,-88.55,-88.46,0.0,0.0,0.0,0.0,0.0,0.0,-0.4,1.0,1.0,0.0,0.0,-0.0,-0.0,0.0,0.0,0.0,0.0,0.0,0.0,0.0,0.0,167.0,93.0,107.0,161.0,18.0,7.0,12.0,54.0,15.0,6.0,0.0
181.168,52,202990.0,593.0,85.0,600.0,624.0,0.0,1.0,0.0,0.0,0.494,0.02,0.5,0.519,0.502,0.034,0.508,0.533,0.0,0.0,-1.77,-5.38,-88.55,-88.46,0.0,0.0,0.0,0.0,0.0,0.0,-0.4,1.0,1.0,0.0,0.0,-0.0,-0.0,0.0,0.0,0.0,0.0,0.0,0.0,0.0,0.0,167.0,93.0,107.0,161.0,18.0,7.0,12.0,54.0,15.0,6.0,1.0
181.234,54,203044.0,615.0,85.0,600.0,624.0,0.0,1.0,0.0,0.0,0.494,0.02,0.5,0.519,0.502,0.034,0.508,0.533,0.0,0.0,-1.77,-5.38,-88.55,-88.46,0.0,0.0,0.0,0.0,0.0,0.0,-0.4,1.0,1.0,0.0,0.0,-0.0,-0.0,0.0,0.0,0.0,0.0,0.0,0.0,0.0,0.0,167.0,93.0,107.0,161.0,18.0,7.0,12.0,54.0,15.0,6.0,0.0
181.297,51,203095.0,615.0,85.0,600.0,624.0,0.0,1.0,0.0,0.0,0.494,0.02,0.5,0.519,0.502,0.034,0.508,0.533,0.0,0.0,-1.77,-5.38,-88.55,-88.46,0.0,0.0,0.0,0.0,0.0,0.0,-0.4,1.0,1.0,0.0,0.0,-0.0,-0.0,0.0,0.0,0.0,0.0,0.0,0.0,0.0,0.0,167.0,93.0,107.0,161.0,18.0,7.0,12.0,54.0,15.0,6.0,0.0
181.337,53,203148.0,615.0,85.0,600.0,624.0,0.0,1.0,0.0,0.0,0.494,0.02,0.5,0.519,0.502,0.034,0.508,0.533,0.0,0.0,-1.77,-5.38,-88.55,-88.46,0.0,0.0,0.0,0.0,0.0,0.0,-0.4,1.0,1.0,0.0,0.0,-0.0,-0.0,0.0,0.0,0.0,0.0,0.0,0.0,0.0,0.0,167.0,93.0,107.0,161.0,18.0,7.0,12.0,54.0,15.0,6.0,0.0
181.401,53,203201.0,615.0,85.0,600.0,623.0,0.0,1.0,0.0,0.0,0.504,0.02,0.5,0.519,0.51,0.034,0.508,0.534,0.0,0.0,-1.77,-5.38,-88.55,-88.46,0.0,0.0,0.0,0.0,0.0,0.0,-0.4,1.0,1.0,0.0,0.0,-0.0,-0.0,0.0,0.0,0.0,0.0,0.0,0.0,0.0,0.0,167.0,93.0,107.0,161.0,18.0,7.0,12.0,54.0,15.0,6.0,1.0
181.433,53,203254.0,618.0,85.0,600.0,623.0,0.0,1.0,0.0,0.0,0.504,0.02,0.5,0.519,0.51,0.034,0.508,0.534,0.0,0.0,-1.77,-5.38,-88.55,-88.46,0.0,0.0,0.0,0.0,0.0,0.0,-0.4,1.0,1.0,0.0,0.0,-0.0,-0.0,0.0,0.0,0.0,0.0,0.0,0.0,0.0,0.0,167.0,93.0,107.0,161.0,18.0,7.0,12.0,54.0,15.0,6.0,0.0
181.499,52,203306.0,618.0,84.0,600.0,623.0,0.0,1.0,0.0,0.0,0.504,0.02,0.5,0.519,0.51,0.034,0.508,0.534,0.0,0.0,-1.77,-5.38,-88.55,-88.46,0.0,0.0,0.0,0.0,0.0,0.0,-0.4,1.0,1.0,0.0,0.0,-0.0,-0.0,0.0,0.0,0.0,0.0,0.0,0.0,0.0,0.0,167.0,93.0,107.0,161.0,18.0,7.0,12.0,54.0,15.0,6.0,0.0
181.572,53,203359.0,618.0,84.0,600.0,623.0,0.0,1.0,0.0,0.0,0.504,0.02,0.5,0.519,0.51,0.034,0.508,0.534,0.0,0.0,-1.76,-5.37,-88.56,-88.46,0.0,0.0,0.0,0.0,0.0,0.0,-0.4,1.0,1.0,0.0,0.0,-0.0,-0.0,0.0,0.0,0.0,0.0,0.0,0.0,0.0,0.0,167.0,93.0,107.0,161.0,18.0,7.0,12.0,54.0,15.0,6.0,0.0
181.605,52,203411.0,618.0,84.0,600.0,623.0,0.0,1.0,0.0,0.0,0.51,0.02,0.5,0.519,0.517,0.034,0.508,0.534,0.0,0.0,-1.76,-5.37,-88.56,-88.46,0.0,0.0,0.0,0.0,0.0,0.0,-0.4,1.0,1.0,0.0,0.0,-0.0,-0.0,0.0,0.0,0.0,0.0,0.0,0.0,0.0,0.0,167.0,93.0,107.0,161.0,18.0,7.0,12.0,54.0,15.0,6.0,1.0
181.638,54,203465.0,579.0,84.0,600.0,623.0,0.0,1.0,0.0,0.0,0.51,0.02,0.5,0.519,0.517,0.034,0.508,0.534,0.0,0.0,-1.77,-5.38,-88.55,-88.46,0.0,0.0,0.0,0.0,0.0,0.0,-0.4,1.0,1.0,0.0,0.0,-0.0,-0.0,0.0,0.0,0.0,0.0,0.0,0.0,0.0,0.0,167.0,93.0,107.0,161.0,18.0,7.0,12.0,54.0,15.0,6.0,0.0
181.704,51,203516.0,579.0,85.0,600.0,623.0,0.0,1.0,0.0,0.0,0.51,0.02,0.5,0.519,0.517,0.034,0.508,0.534,0.0,0.0,-1.77,-5.37,-88.55,-88.46,0.0,0.0,0.0,0.0,0.0,0.0,-0.4,1.0,1.0,0.0,0.0,-0.0,-0.0,0.0,0.0,0.0,0.0,0.0,0.0,0.0,0.0,167.0,93.0,107.0,161.0,18.0,7.0,12.0,54.0,15.0,6.0,0.0
181.769,53,203569.0,579.0,85.0,600.0,623.0,0.0,1.0,0.0,0.0,0.51,0.02,0.5,0.519,0.517,0.034,0.508,0.534,0.0,0.0,-1.77,-5.37,-88.55,-88.46,0.0,0.0,0.0,0.0,0.0,0.0,-0.4,1.0,1.0,0.0,0.0,-0.0,-0.0,0.0,0.0,0.0,0.0,0.0,0.0,0.0,0.0,167.0,93.0,107.0,161.0,18.0,7.0,12.0,54.0,15.0,6.0,0.0
181.8,52,203621.0,579.0,85.0,600.0,624.0,0.0,1.0,0.0,0.0,0.495,0.02,0.5,0.519,0.505,0.034,0.508,0.534,0.0,0.0,-1.77,-5.37,-88.55,-88.46,0.0,0.0,0.0,0.0,0.0,0.0,-0.4,1.0,1.0,0.0,0.0,-0.0,-0.0,0.0,0.0,0.0,0.0,0.0,0.0,0.0,0.0,167.0,93.0,107.0,161.0,18.0,7.0,12.0,54.0,15.0,6.0,1.0
181.866,53,203674.0,578.0,85.0,600.0,624.0,0.0,1.0,0.0,0.0,0.495,0.02,0.5,0.519,0.505,0.034,0.508,0.534,0.0,0.0,-1.77,-5.37,-88.55,-88.46,0.0,0.0,0.0,0.0,0.0,0.0,-0.4,1.0,1.0,0.0,0.0,-0.0,-0.0,0.0,0.0,0.0,0.0,0.0,0.0,0.0,0.0,167.0,93.0,107.0,161.0,18.0,7.0,12.0,54.0,15.0,6.0,0.0
181.899,53,203727.0,578.0,85.0,600.0,624.0,0.0,1.0,0.0,0.0,0.495,0.02,0.5,0.519,0.505,0.034,0.508,0.534,0.0,0.0,-1.77,-5.37,-88.55,-88.46,0.0,0.0,0.0,0.0,0.0,0.0,-0.4,1.0,1.0,0.0,0.0,-0.0,-0.0,0.0,0.0,0.0,0.0,0.0,0.0,0.0,0.0,167.0,93.0,107.0,161.0,18.0,7.0,12.0,54.0,15.0,6.0,0.0
181.969,53,203780.0,578.0,85.0,600.0,624.0,0.0,1.0,0.0,0.0,0.495,0.02,0.5,0.519,0.505,0.034,0.508,0.534,0.0,0.0,-1.77,-5.37,-88.56,-88.46,0.0,0.0,0.0,0.0,0.0,0.0,-0.4,1.0,1.0,0.0,0.0,-0.0,-0.0,0.0,0.0,0.0,0.0,0.0,0.0,0.0,0.0,167.0,93.0,107.0,161.0,18.0,7.0,12.0,54.0,15.0,6.0,0.0
182.033,52,203832.0,578.0,85.0,600.0,621.0,0.0,1.0,0.0,0.0,0.488,0.02,0.5,0.518,0.497,0.034,0.508,0.533,0.0,0.0,-1.77,-5.37,-88.56,-88.46,0.0,0.0,0.0,0.0,0.0,0.0,-0.4,1.0,1.0,0.0,0.0,-0.0,-0.0,0.0,0.0,0.0,0.0,0.0,0.0,0.0,0.0,167.0,93.0,107.0,161.0,18.0,7.0,12.0,54.0,15.0,6.0,1.0
182.065,54,203886.0,579.0,85.0,600.0,621.0,0.0,1.0,0.0,0.0,0.488,0.02,0.5,0.518,0.497,0.034,0.508,0.533,0.0,0.0,-1.77,-5.37,-88.56,-88.46,0.0,0.0,0.0,0.0,0.0,0.0,-0.4,1.0,1.0,0.0,0.0,-0.0,-0.0,0.0,0.0,0.0,0.0,0.0,0.0,0.0,0.0,167.0,93.0,107.0,161.0,18.0,7.0,12.0,54.0,15.0,6.0,0.0
182.131,54,203940.0,579.0,86.0,600.0,621.0,0.0,1.0,0.0,0.0,0.488,0.02,0.5,0.518,0.497,0.034,0.508,0.533,0.0,0.0,-1.76,-5.37,-88.56,-88.46,0.0,0.0,0.0,0.0,0.0,0.0,-0.4,1.0,1.0,0.0,0.0,-0.0,-0.0,0.0,0.0,0.0,0.0,0.0,0.0,0.0,0.0,167.0,93.0,107.0,161.0,18.0,7.0,12.0,54.0,15.0,6.0,1.0
182.163,52,203992.0,579.0,86.0,600.0,621.0,0.0,1.0,0.0,0.0,0.488,0.02,0.5,0.518,0.497,0.034,0.508,0.533,0.0,0.0,-1.76,-5.37,-88.56,-88.46,0.0,0.0,0.0,0.0,0.0,0.0,-0.4,1.0,1.0,0.0,0.0,-0.0,-0.0,0.0,0.0,0.0,0.0,0.0,0.0,0.0,0.0,167.0,93.0,107.0,161.0,18.0,7.0,12.0,54.0,15.0,6.0,0.0
182.227,52,204044.0,579.0,86.0,600.0,619.0,0.0,1.0,0.0,0.0,0.485,0.02,0.5,0.517,0.493,0.034,0.508,0.531,0.0,0.0,-1.76,-5.37,-88.56,-88.46,0.0,0.0,0.0,0.0,0.0,0.0,-0.4,1.0,1.0,0.0,0.0,-0.0,-0.0,0.0,0.0,0.0,0.0,0.0,0.0,0.0,0.0,167.0,93.0,107.0,161.0,18.0,7.0,12.0,54.0,15.0,6.0,0.0
182.292,53,204097.0,560.0,86.0,600.0,619.0,0.0,1.0,0.0,0.0,0.485,0.02,0.5,0.517,0.493,0.034,0.508,0.531,0.0,0.0,-1.76,-5.38,-88.56,-88.46,0.0,0.0,0.0,0.0,0.0,0.0,-0.4,1.0,1.0,0.0,0.0,-0.0,-0.0,0.0,0.0,0.0,0.0,0.0,0.0,0.0,0.0,167.0,93.0,107.0,161.0,18.0,7.0,12.0,54.0,15.0,6.0,0.0
182.33,53,204150.0,560.0,86.0,600.0,619.0,0.0,1.0,0.0,0.0,0.485,0.02,0.5,0.517,0.493,0.034,0.508,0.531,0.0,0.0,-1.76,-5.38,-88.56,-88.46,0.0,0.0,0.0,0.0,0.0,0.0,-0.4,1.0,1.0,0.0,0.0,-0.0,-0.0,0.0,0.0,0.0,0.0,0.0,0.0,0.0,0.0,167.0,93.0,107.0,161.0,18.0,7.0,12.0,54.0,15.0,6.0,0.0
182.396,52,204202.0,560.0,86.0,600.0,619.0,0.0,1.0,0.0,0.0,0.485,0.02,0.5,0.517,0.493,0.034,0.508,0.531,0.0,0.0,-1.76,-5.38,-88.56,-88.46,0.0,0.0,0.0,0.0,0.0,0.0,-0.4,1.0,1.0,0.0,0.0,-0.0,-0.0,0.0,0.0,0.0,0.0,0.0,0.0,0.0,0.0,167.0,93.0,107.0,161.0,18.0,7.0,12.0,54.0,15.0,6.0,0.0
182.429,54,204256.0,560.0,86.0,600.0,621.0,0.0,1.0,0.0,0.0,0.475,0.02,0.5,0.517,0.484,0.034,0.508,0.531,0.0,0.0,-1.76,-5.38,-88.56,-88.46,0.0,0.0,0.0,0.0,0.0,0.0,-0.4,1.0,1.0,0.0,0.0,-0.0,-0.0,0.0,0.0,0.0,0.0,0.0,0.0,0.0,0.0,167.0,93.0,107.0,161.0,18.0,7.0,12.0,54.0,15.0,6.0,0.0
182.495,54,204310.0,533.0,86.0,600.0,621.0,0.0,1.0,0.0,0.0,0.475,0.02,0.5,0.517,0.484,0.034,0.508,0.531,0.0,0.0,-1.76,-5.38,-88.56,-88.46,0.0,0.0,0.0,0.0,0.0,0.0,-0.4,1.0,1.0,0.0,0.0,-0.0,-0.0,0.0,0.0,0.0,0.0,0.0,0.0,0.0,0.0,167.0,93.0,107.0,161.0,18.0,7.0,12.0,54.0,15.0,6.0,0.0
182.569,53,204363.0,533.0,86.0,600.0,621.0,0.0,1.0,0.0,0.0,0.475,0.02,0.5,0.517,0.484,0.034,0.508,0.531,0.0,0.0,-1.76,-5.38,-88.56,-88.46,0.0,0.0,0.0,0.0,0.0,0.0,-0.4,1.0,1.0,0.0,0.0,-0.0,-0.0,0.0,0.0,0.0,0.0,0.0,0.0,0.0,0.0,167.0,93.0,107.0,161.0,18.0,7.0,12.0,54.0,15.0,6.0,0.0
182.602,52,204415.0,533.0,86.0,600.0,621.0,0.0,1.0,0.0,0.0,0.475,0.02,0.5,0.517,0.484,0.034,0.508,0.531,0.0,0.0,-1.77,-5.38,-88.55,-88.46,0.0,0.0,0.0,0.0,0.0,0.0,-0.4,1.0,1.0,0.0,0.0,-0.0,-0.0,0.0,0.0,0.0,0.0,0.0,0.0,0.0,0.0,167.0,93.0,107.0,161.0,18.0,7.0,12.0,54.0,15.0,6.0,0.0
182.669,53,204468.0,533.0,86.0,600.0,620.0,0.0,1.0,0.0,0.0,0.456,0.02,0.5,0.517,0.467,0.034,0.508,0.531,0.0,0.0,-1.77,-5.38,-88.55,-88.46,0.0,0.0,0.0,0.0,0.0,0.0,-0.4,1.0,1.0,0.0,0.0,-0.0,-0.0,0.0,0.0,0.0,0.0,0.0,0.0,0.0,0.0,167.0,93.0,107.0,161.0,18.0,7.0,12.0,54.0,15.0,6.0,0.0
182.702,53,204521.0,554.0,86.0,600.0,620.0,0.0,1.0,0.0,0.0,0.456,0.02,0.5,0.517,0.467,0.034,0.508,0.531,0.0,0.0,-1.77,-5.38,-88.55,-88.46,0.0,0.0,0.0,0.0,0.0,0.0,-0.4,1.0,1.0,0.0,0.0,-0.0,-0.0,0.0,0.0,0.0,0.0,0.0,0.0,0.0,0.0,167.0,93.0,107.0,161.0,18.0,7.0,12.0,54.0,15.0,6.0,1.0
182.769,53,204574.0,554.0,87.0,600.0,620.0,0.0,1.0,0.0,0.0,0.456,0.02,0.5,0.517,0.467,0.034,0.508,0.531,0.0,0.0,-1.77,-5.38,-88.55,-88.46,0.0,0.0,0.0,0.0,0.0,0.0,-0.4,1.0,1.0,0.0,0.0,-0.0,-0.0,0.0,0.0,0.0,0.0,0.0,0.0,0.0,0.0,167.0,93.0,107.0,161.0,18.0,7.0,12.0,54.0,15.0,6.0,0.0
182.8,52,204626.0,554.0,87.0,600.0,620.0,0.0,1.0,0.0,0.0,0.456,0.02,0.5,0.517,0.467,0.034,0.508,0.531,0.0,0.0,-1.77,-5.38,-88.55,-88.46,0.0,0.0,0.0,0.0,0.0,0.0,-0.4,1.0,1.0,0.0,0.0,-0.0,-0.0,0.0,0.0,0.0,0.0,0.0,0.0,0.0,0.0,167.0,93.0,107.0,161.0,18.0,7.0,12.0,54.0,15.0,6.0,0.0
182.865,53,204679.0,554.0,87.0,600.0,619.0,0.0,1.0,0.0,0.0,0.459,0.02,0.5,0.516,0.466,0.034,0.508,0.53,0.0,0.0,-1.76,-5.37,-88.56,-88.46,0.0,0.0,0.0,0.0,0.0,0.0,-0.4,1.0,1.0,0.0,0.0,-0.0,-0.0,0.0,0.0,0.0,0.0,0.0,0.0,0.0,0.0,167.0,93.0,107.0,161.0,18.0,7.0,12.0,54.0,15.0,6.0,0.0
182.94,54,204733.0,537.0,87.0,600.0,619.0,0.0,1.0,0.0,0.0,0.459,0.02,0.5,0.516,0.466,0.034,0.508,0.53,0.0,0.0,-1.76,-5.37,-88.56,-88.46,0.0,0.0,0.0,0.0,0.0,0.0,-0.4,1.0,1.0,0.0,0.0,-0.0,-0.0,0.0,0.0,0.0,0.0,0.0,0.0,0.0,0.0,167.0,93.0,107.0,161.0,18.0,7.0,12.0,54.0,15.0,6.0,1.0
182.972,53,204786.0,537.0,87.0,600.0,619.0,0.0,1.0,0.0,0.0,0.459,0.02,0.5,0.516,0.466,0.034,0.508,0.53,0.0,0.0,-1.76,-5.37,-88.56,-88.46,0.0,0.0,0.0,0.0,0.0,0.0,-0.4,1.0,1.0,0.0,0.0,-0.0,-0.0,0.0,0.0,0.0,0.0,0.0,0.0,0.0,0.0,167.0,93.0,107.0,161.0,18.0,7.0,12.0,54.0,15.0,6.0,0.0
183.04,52,204838.0,537.0,87.0,600.0,619.0,0.0,1.0,0.0,0.0,0.459,0.02,0.5,0.516,0.466,0.034,0.508,0.53,0.0,0.0,-1.77,-5.37,-88.55,-88.46,0.0,0.0,0.0,0.0,0.0,0.0,-0.4,1.0,1.0,0.0,0.0,-0.0,-0.0,0.0,0.0,0.0,0.0,0.0,0.0,0.0,0.0,167.0,93.0,107.0,161.0,18.0,7.0,12.0,54.0,15.0,6.0,0.0
183.073,53,204891.0,537.0,87.0,600.0,620.0,0.0,1.0,0.0,0.0,0.451,0.02,0.5,0.516,0.46,0.034,0.508,0.53,0.0,0.0,-1.77,-5.37,-88.55,-88.46,0.0,0.0,0.0,0.0,0.0,0.0,-0.4,1.0,1.0,0.0,0.0,-0.0,-0.0,0.0,0.0,0.0,0.0,0.0,0.0,0.0,0.0,167.0,93.0,107.0,161.0,18.0,7.0,12.0,54.0,15.0,6.0,0.0
183.145,53,204944.0,519.0,87.0,600.0,620.0,0.0,1.0,0.0,0.0,0.451,0.02,0.5,0.516,0.46,0.034,0.508,0.53,0.0,0.0,-1.77,-5.37,-88.55,-88.46,0.0,0.0,0.0,0.0,0.0,0.0,-0.4,1.0,1.0,0.0,0.0,-0.0,-0.0,0.0,0.0,0.0,0.0,0.0,0.0,0.0,0.0,167.0,93.0,107.0,161.0,18.0,7.0,12.0,54.0,15.0,6.0,0.0
183.177,53,204997.0,519.0,87.0,600.0,620.0,0.0,1.0,0.0,0.0,0.451,0.02,0.5,0.516,0.46,0.034,0.508,0.53,0.0,0.0,-1.77,-5.37,-88.55,-88.46,0.0,0.0,0.0,0.0,0.0,0.0,-0.4,1.0,1.0,0.0,0.0,-0.0,-0.0,0.0,0.0,0.0,0.0,0.0,0.0,0.0,0.0,167.0,93.0,107.0,161.0,18.0,7.0,12.0,54.0,15.0,6.0,0.0
183.241,52,205049.0,519.0,87.0,600.0,620.0,0.0,1.0,0.0,0.0,0.451,0.02,0.5,0.516,0.46,0.034,0.508,0.53,0.0,0.0,-1.77,-5.37,-88.55,-88.46,0.0,0.0,0.0,0.0,0.0,0.0,-0.4,1.0,1.0,0.0,0.0,-0.0,-0.0,0.0,0.0,0.0,0.0,0.0,0.0,0.0,0.0,167.0,93.0,107.0,161.0,18.0,7.0,12.0,54.0,15.0,6.0,0.0
183.274,53,205102.0,519.0,87.0,600.0,622.0,0.0,1.0,0.0,0.0,0.439,0.02,0.5,0.517,0.449,0.034,0.508,0.531,0.0,0.0,-1.77,-5.37,-88.55,-88.46,0.0,0.0,0.0,0.0,0.0,0.0,-0.4,1.0,1.0,0.0,0.0,-0.0,-0.0,0.0,0.0,0.0,0.0,0.0,0.0,0.0,0.0,167.0,93.0,107.0,161.0,18.0,7.0,12.0,54.0,15.0,6.0,0.0
183.34,54,205156.0,497.0,87.0,600.0,622.0,0.0,1.0,0.0,0.0,0.439,0.02,0.5,0.517,0.449,0.034,0.508,0.531,0.0,0.0,-1.77,-5.37,-88.55,-88.46,0.0,0.0,0.0,0.0,0.0,0.0,-0.4,1.0,1.0,0.0,0.0,-0.0,-0.0,0.0,0.0,0.0,0.0,0.0,0.0,0.0,0.0,167.0,93.0,107.0,161.0,18.0,7.0,12.0,54.0,15.0,6.0,0.0
183.403,53,205209.0,497.0,87.0,600.0,622.0,0.0,1.0,0.0,0.0,0.439,0.02,0.5,0.517,0.449,0.034,0.508,0.531,0.0,0.0,-1.77,-5.37,-88.55,-88.46,0.0,0.0,0.0,0.0,0.0,0.0,-0.4,1.0,1.0,0.0,0.0,-0.0,-0.0,0.0,0.0,0.0,0.0,0.0,0.0,0.0,0.0,167.0,93.0,107.0,161.0,18.0,7.0,12.0,54.0,15.0,6.0,0.0
183.435,52,205261.0,497.0,87.0,600.0,622.0,0.0,1.0,0.0,0.0,0.439,0.02,0.5,0.517,0.449,0.034,0.508,0.531,0.0,0.0,-1.77,-5.37,-88.56,-88.46,0.0,0.0,0.0,0.0,0.0,0.0,-0.4,1.0,1.0,0.0,0.0,-0.0,-0.0,0.0,0.0,0.0,0.0,0.0,0.0,0.0,0.0,167.0,93.0,107.0,161.0,18.0,7.0,12.0,54.0,15.0,6.0,0.0
183.5,53,205314.0,497.0,87.0,600.0,620.0,0.0,1.0,0.0,0.0,0.422,0.02,0.5,0.517,0.432,0.034,0.508,0.53,0.0,0.0,-1.77,-5.37,-88.56,-88.46,0.0,0.0,0.0,0.0,0.0,0.0,-0.4,1.0,1.0,0.0,0.0,-0.0,-0.0,0.0,0.0,0.0,0.0,0.0,0.0,0.0,0.0,167.0,93.0,107.0,161.0,18.0,7.0,12.0,54.0,15.0,6.0,0.0
183.571,53,205367.0,502.0,87.0,600.0,620.0,0.0,1.0,0.0,0.0,0.422,0.02,0.5,0.517,0.432,0.034,0.508,0.53,0.0,0.0,-1.77,-5.37,-88.56,-88.46,0.0,0.0,0.0,0.0,0.0,0.0,-0.4,1.0,1.0,0.0,0.0,-0.0,-0.0,0.0,0.0,0.0,0.0,0.0,0.0,0.0,0.0,167.0,93.0,107.0,161.0,18.0,7.0,12.0,54.0,15.0,6.0,0.0
183.604,53,205420.0,502.0,86.0,600.0,620.0,0.0,1.0,0.0,0.0,0.422,0.02,0.5,0.517,0.432,0.034,0.508,0.53,0.0,0.0,-1.77,-5.37,-88.56,-88.46,0.0,0.0,0.0,0.0,0.0,0.0,-0.4,1.0,1.0,0.0,0.0,-0.0,-0.0,0.0,0.0,0.0,0.0,0.0,0.0,0.0,0.0,167.0,93.0,107.0,161.0,18.0,7.0,12.0,54.0,15.0,6.0,0.0
183.67,52,205472.0,502.0,86.0,600.0,620.0,0.0,1.0,0.0,0.0,0.422,0.02,0.5,0.517,0.432,0.034,0.508,0.53,0.0,0.0,-1.77,-5.37,-88.56,-88.46,0.0,0.0,0.0,0.0,0.0,0.0,-0.4,1.0,1.0,0.0,0.0,-0.0,-0.0,0.0,0.0,0.0,0.0,0.0,0.0,0.0,0.0,167.0,93.0,107.0,161.0,18.0,7.0,12.0,54.0,15.0,6.0,1.0
183.703,53,205525.0,502.0,86.0,600.0,620.0,0.0,1.0,0.0,0.0,0.417,0.02,0.5,0.516,0.425,0.034,0.508,0.53,0.0,0.0,-1.76,-5.36,-88.56,-88.46,0.0,0.0,0.0,0.0,0.0,0.0,-0.4,1.0,1.0,0.0,0.0,-0.0,-0.0,0.0,0.0,0.0,0.0,0.0,0.0,0.0,0.0,167.0,93.0,107.0,161.0,18.0,7.0,12.0,54.0,15.0,6.0,0.0
183.776,54,205579.0,497.0,86.0,600.0,620.0,0.0,1.0,0.0,0.0,0.417,0.02,0.5,0.516,0.425,0.034,0.508,0.53,0.0,0.0,-1.76,-5.37,-88.56,-88.46,0.0,0.0,0.0,0.0,0.0,0.0,-0.4,1.0,1.0,0.0,0.0,-0.0,-0.0,0.0,0.0,0.0,0.0,0.0,0.0,0.0,0.0,167.0,93.0,107.0,161.0,18.0,7.0,12.0,54.0,15.0,6.0,0.0
183.808,53,205632.0,497.0,85.0,600.0,620.0,0.0,1.0,0.0,0.0,0.417,0.02,0.5,0.516,0.425,0.034,0.508,0.53,0.0,0.0,-1.76,-5.37,-88.56,-88.46,0.0,0.0,0.0,0.0,0.0,0.0,-0.4,1.0,1.0,0.0,0.0,-0.0,-0.0,0.0,0.0,0.0,0.0,0.0,0.0,0.0,0.0,167.0,93.0,107.0,161.0,18.0,7.0,12.0,54.0,15.0,6.0,0.0
183.873,52,205684.0,497.0,85.0,600.0,620.0,0.0,1.0,0.0,0.0,0.417,0.02,0.5,0.516,0.425,0.034,0.508,0.53,0.0,0.0,-1.76,-5.37,-88.56,-88.46,0.0,0.0,0.0,0.0,0.0,0.0,-0.4,1.0,1.0,0.0,0.0,-0.0,-0.0,0.0,0.0,0.0,0.0,0.0,0.0,0.0,0.0,167.0,93.0,107.0,161.0,18.0,7.0,12.0,54.0,15.0,6.0,0.0
183.939,52,205736.0,497.0,85.0,600.0,619.0,0.0,1.0,0.0,0.0,0.411,0.02,0.5,0.516,0.42,0.033,0.508,0.529,0.0,0.0,-1.76,-5.37,-88.56,-88.46,0.0,0.0,0.0,0.0,0.0,0.0,-0.4,1.0,1.0,0.0,0.0,-0.0,-0.0,0.0,0.0,0.0,0.0,0.0,0.0,0.0,0.0,167.0,93.0,107.0,161.0,18.0,7.0,12.0,54.0,15.0,6.0,0.0
183.972,53,205789.0,487.0,85.0,600.0,619.0,0.0,1.0,0.0,0.0,0.411,0.02,0.5,0.516,0.42,0.033,0.508,0.529,0.0,0.0,-1.76,-5.37,-88.56,-88.46,0.0,0.0,0.0,0.0,0.0,0.0,-0.4,1.0,1.0,0.0,0.0,-0.0,-0.0,0.0,0.0,0.0,0.0,0.0,0.0,0.0,0.0,167.0,93.0,107.0,161.0,18.0,7.0,12.0,54.0,15.0,6.0,0.0
184.038,52,205841.0,487.0,85.0,600.0,619.0,0.0,1.0,0.0,0.0,0.411,0.02,0.5,0.516,0.42,0.033,0.508,0.529,0.0,0.0,-1.76,-5.38,-88.56,-88.46,0.0,0.0,0.0,0.0,0.0,0.0,-0.4,1.0,1.0,0.0,0.0,-0.0,-0.0,0.0,0.0,0.0,0.0,0.0,0.0,0.0,0.0,167.0,93.0,107.0,161.0,18.0,7.0,12.0,54.0,15.0,6.0,1.0
184.07,53,205894.0,487.0,85.0,600.0,619.0,0.0,1.0,0.0,0.0,0.411,0.02,0.5,0.516,0.42,0.033,0.508,0.529,0.0,0.0,-1.76,-5.38,-88.56,-88.46,0.0,0.0,0.0,0.0,0.0,0.0,-0.4,1.0,1.0,0.0,0.0,-0.0,-0.0,0.0,0.0,0.0,0.0,0.0,0.0,0.0,0.0,167.0,93.0,107.0,161.0,18.0,7.0,12.0,54.0,15.0,6.0,0.0
184.138,52,205946.0,487.0,85.0,600.0,620.0,0.0,1.0,0.0,0.0,0.404,0.02,0.5,0.516,0.413,0.033,0.508,0.53,0.0,0.0,-1.76,-5.38,-88.56,-88.46,0.0,0.0,0.0,0.0,0.0,0.0,-0.4,1.0,1.0,0.0,0.0,-0.0,-0.0,0.0,0.0,0.0,0.0,0.0,0.0,0.0,0.0,167.0,93.0,107.0,161.0,18.0,7.0,12.0,54.0,15.0,6.0,0.0
184.205,55,206001.0,480.0,85.0,600.0,620.0,0.0,1.0,0.0,0.0,0.404,0.02,0.5,0.516,0.413,0.033,0.508,0.53,0.0,0.0,-1.76,-5.38,-88.56,-88.46,0.0,0.0,0.0,0.0,0.0,0.0,-0.4,1.0,1.0,0.0,0.0,-0.0,-0.0,0.0,0.0,0.0,0.0,0.0,0.0,0.0,0.0,167.0,93.0,107.0,161.0,18.0,7.0,12.0,54.0,15.0,6.0,0.0
184.238,52,206053.0,480.0,85.0,600.0,620.0,0.0,1.0,0.0,0.0,0.404,0.02,0.5,0.516,0.413,0.033,0.508,0.53,0.0,0.0,-1.76,-5.38,-88.56,-88.46,0.0,0.0,0.0,0.0,0.0,0.0,-0.4,1.0,1.0,0.0,0.0,-0.0,-0.0,0.0,0.0,0.0,0.0,0.0,0.0,0.0,0.0,167.0,93.0,107.0,161.0,18.0,7.0,12.0,54.0,15.0,6.0,1.0
184.304,53,206106.0,480.0,85.0,600.0,620.0,0.0,1.0,0.0,0.0,0.404,0.02,0.5,0.516,0.413,0.033,0.508,0.53,0.0,0.0,-1.75,-5.38,-88.56,-88.46,0.0,0.0,0.0,0.0,0.0,0.0,-0.4,1.0,1.0,0.0,0.0,-0.0,-0.0,0.0,0.0,0.0,0.0,0.0,0.0,0.0,0.0,167.0,93.0,107.0,161.0,18.0,7.0,12.0,54.0,15.0,6.0,0.0
184.34,52,206158.0,480.0,85.0,600.0,619.0,0.0,1.0,0.0,0.0,0.396,0.02,0.5,0.516,0.405,0.033,0.508,0.529,0.0,0.0,-1.75,-5.38,-88.56,-88.46,0.0,0.0,0.0,0.0,0.0,0.0,-0.4,1.0,1.0,0.0,0.0,-0.0,-0.0,0.0,0.0,0.0,0.0,0.0,0.0,0.0,0.0,167.0,93.0,107.0,161.0,18.0,7.0,12.0,54.0,15.0,6.0,0.0
184.406,53,206211.0,480.0,85.0,600.0,619.0,0.0,1.0,0.0,0.0,0.396,0.02,0.5,0.516,0.405,0.033,0.508,0.529,0.0,0.0,-1.75,-5.38,-88.56,-88.46,0.0,0.0,0.0,0.0,0.0,0.0,-0.4,1.0,1.0,0.0,0.0,-0.0,-0.0,0.0,0.0,0.0,0.0,0.0,0.0,0.0,0.0,167.0,93.0,107.0,161.0,18.0,7.0,12.0,54.0,15.0,6.0,0.0
184.438,53,206264.0,480.0,85.0,600.0,619.0,0.0,1.0,0.0,0.0,0.396,0.02,0.5,0.516,0.405,0.033,0.508,0.529,0.0,0.0,-1.75,-5.38,-88.56,-88.46,0.0,0.0,0.0,0.0,0.0,0.0,-0.4,1.0,1.0,0.0,0.0,-0.0,-0.0,0.0,0.0,0.0,0.0,0.0,0.0,0.0,0.0,167.0,93.0,107.0,161.0,18.0,7.0,12.0,54.0,15.0,6.0,1.0
184.504,52,206316.0,480.0,85.0,600.0,619.0,0.0,1.0,0.0,0.0,0.396,0.02,0.5,0.516,0.405,0.033,0.508,0.529,0.0,0.0,-1.75,-5.38,-88.56,-88.46,0.0,0.0,0.0,0.0,0.0,0.0,-0.4,1.0,1.0,0.0,0.0,-0.0,-0.0,0.0,0.0,0.0,0.0,0.0,0.0,0.0,0.0,167.0,93.0,107.0,161.0,18.0,7.0,12.0,54.0,15.0,6.0,0.0
184.57,52,206368.0,480.0,85.0,600.0,622.0,0.0,1.0,0.0,0.0,0.393,0.02,0.5,0.517,0.401,0.033,0.508,0.53,0.0,0.0,-1.75,-5.38,-88.56,-88.46,0.0,0.0,0.0,0.0,0.0,0.0,-0.4,1.0,1.0,0.0,0.0,-0.0,-0.0,0.0,0.0,0.0,0.0,0.0,0.0,0.0,0.0,167.0,93.0,107.0,161.0,18.0,7.0,12.0,54.0,15.0,6.0,0.0
184.603,54,206422.0,486.0,85.0,600.0,622.0,0.0,1.0,0.0,0.0,0.393,0.02,0.5,0.517,0.401,0.033,0.508,0.53,0.0,0.0,-1.75,-5.37,-88.56,-88.46,0.0,0.0,0.0,0.0,0.0,0.0,-0.4,1.0,1.0,0.0,0.0,-0.0,-0.0,0.0,0.0,0.0,0.0,0.0,0.0,0.0,0.0,167.0,93.0,107.0,161.0,18.0,7.0,12.0,54.0,15.0,6.0,0.0
184.669,52,206474.0,486.0,85.0,600.0,622.0,0.0,1.0,0.0,0.0,0.393,0.02,0.5,0.517,0.401,0.033,0.508,0.53,0.0,0.0,-1.75,-5.37,-88.56,-88.46,0.0,0.0,0.0,0.0,0.0,0.0,-0.4,1.0,1.0,0.0,0.0,-0.0,-0.0,0.0,0.0,0.0,0.0,0.0,0.0,0.0,0.0,167.0,93.0,107.0,161.0,18.0,7.0,12.0,54.0,15.0,6.0,0.0
184.701,53,206527.0,486.0,85.0,600.0,622.0,0.0,1.0,0.0,0.0,0.393,0.02,0.5,0.517,0.401,0.033,0.508,0.53,0.0,0.0,-1.75,-5.37,-88.56,-88.46,0.0,0.0,0.0,0.0,0.0,0.0,-0.4,1.0,1.0,0.0,0.0,-0.0,-0.0,0.0,0.0,0.0,0.0,0.0,0.0,0.0,0.0,167.0,93.0,107.0,161.0,18.0,7.0,12.0,54.0,15.0,6.0,0.0
184.768,52,206579.0,486.0,85.0,600.0,622.0,0.0,1.0,0.0,0.0,0.395,0.02,0.5,0.518,0.402,0.033,0.508,0.531,0.0,0.0,-1.75,-5.37,-88.56,-88.46,0.0,0.0,0.0,0.0,0.0,0.0,-0.4,1.0,1.0,0.0,0.0,-0.0,-0.0,0.0,0.0,0.0,0.0,0.0,0.0,0.0,0.0,167.0,93.0,107.0,161.0,18.0,7.0,12.0,54.0,15.0,6.0,0.0
184.833,53,206632.0,484.0,85.0,600.0,622.0,0.0,1.0,0.0,0.0,0.395,0.02,0.5,0.518,0.402,0.033,0.508,0.531,0.0,0.0,-1.75,-5.37,-88.56,-88.46,0.0,0.0,0.0,0.0,0.0,0.0,-0.4,1.0,1.0,0.0,0.0,-0.0,-0.0,0.0,0.0,0.0,0.0,0.0,0.0,0.0,0.0,167.0,93.0,107.0,161.0,18.0,7.0,12.0,54.0,15.0,6.0,0.0
184.866,52,206684.0,484.0,85.0,600.0,622.0,0.0,1.0,0.0,0.0,0.395,0.02,0.5,0.518,0.402,0.033,0.508,0.531,0.0,0.0,-1.75,-5.37,-88.56,-88.46,0.0,0.0,0.0,0.0,0.0,0.0,-0.4,1.0,1.0,0.0,0.0,-0.0,-0.0,0.0,0.0,0.0,0.0,0.0,0.0,0.0,0.0,167.0,93.0,107.0,161.0,18.0,7.0,12.0,54.0,15.0,6.0,0.0
184.933,53,206737.0,484.0,85.0,600.0,622.0,0.0,1.0,0.0,0.0,0.395,0.02,0.5,0.518,0.402,0.033,0.508,0.531,0.0,0.0,-1.75,-5.37,-88.56,-88.46,0.0,0.0,0.0,0.0,0.0,0.0,-0.4,1.0,1.0,0.0,0.0,-0.0,-0.0,0.0,0.0,0.0,0.0,0.0,0.0,0.0,0.0,167.0,93.0,107.0,161.0,18.0,7.0,12.0,54.0,15.0,6.0,0.0
184.966,52,206789.0,484.0,85.0,600.0,622.0,0.0,1.0,0.0,0.0,0.394,0.02,0.5,0.518,0.402,0.033,0.508,0.531,0.0,0.0,-1.75,-5.37,-88.56,-88.46,0.0,0.0,0.0,0.0,0.0,0.0,-0.4,1.0,1.0,0.0,0.0,-0.0,-0.0,0.0,0.0,0.0,0.0,0.0,0.0,0.0,0.0,167.0,93.0,107.0,161.0,18.0,7.0,12.0,54.0,15.0,6.0,0.0
185.032,54,206843.0,510.0,85.0,600.0,622.0,0.0,1.0,0.0,0.0,0.394,0.02,0.5,0.518,0.402,0.033,0.508,0.531,0.0,0.0,-1.75,-5.37,-88.56,-88.46,0.0,0.0,0.0,0.0,0.0,0.0,-0.4,1.0,1.0,0.0,0.0,-0.0,-0.0,0.0,0.0,0.0,0.0,0.0,0.0,0.0,0.0,167.0,93.0,107.0,161.0,18.0,7.0,12.0,54.0,15.0,6.0,0.0
185.066,51,206894.0,510.0,85.0,600.0,622.0,0.0,1.0,0.0,0.0,0.394,0.02,0.5,0.518,0.402,0.033,0.508,0.531,0.0,0.0,-1.75,-5.37,-88.56,-88.46,0.0,0.0,0.0,0.0,0.0,0.0,-0.4,1.0,1.0,0.0,0.0,-0.0,-0.0,0.0,0.0,0.0,0.0,0.0,0.0,0.0,0.0,167.0,93.0,107.0,161.0,18.0,7.0,12.0,54.0,15.0,6.0,1.0
185.132,53,206947.0,510.0,85.0,600.0,622.0,0.0,1.0,0.0,0.0,0.394,0.02,0.5,0.518,0.402,0.033,0.508,0.531,0.0,0.0,-1.75,-5.37,-88.56,-88.46,0.0,0.0,0.0,0.0,0.0,0.0,-0.4,1.0,1.0,0.0,0.0,-0.0,-0.0,0.0,0.0,0.0,0.0,0.0,0.0,0.0,0.0,167.0,93.0,107.0,161.0,18.0,7.0,12.0,54.0,15.0,6.0,0.0
185.197,52,206999.0,510.0,85.0,600.0,620.0,0.0,1.0,0.0,0.0,0.408,0.02,0.5,0.517,0.414,0.033,0.508,0.53,0.0,0.0,-1.75,-5.37,-88.56,-88.46,0.0,0.0,0.0,0.0,0.0,0.0,-0.4,1.0,1.0,0.0,0.0,-0.0,-0.0,0.0,0.0,0.0,0.0,0.0,0.0,0.0,0.0,167.0,93.0,107.0,161.0,18.0,7.0,12.0,54.0,15.0,6.0,0.0
185.229,53,207052.0,509.0,85.0,600.0,620.0,0.0,1.0,0.0,0.0,0.408,0.02,0.5,0.517,0.414,0.033,0.508,0.53,0.0,0.0,-1.76,-5.38,-88.56,-88.46,0.0,0.0,0.0,0.0,0.0,0.0,-0.4,1.0,1.0,0.0,0.0,-0.0,-0.0,0.0,0.0,0.0,0.0,0.0,0.0,0.0,0.0,167.0,93.0,107.0,161.0,18.0,7.0,12.0,54.0,15.0,6.0,0.0
185.293,52,207104.0,509.0,84.0,600.0,620.0,0.0,1.0,0.0,0.0,0.408,0.02,0.5,0.517,0.414,0.033,0.508,0.53,0.0,0.0,-1.76,-5.38,-88.56,-88.46,0.0,0.0,0.0,0.0,0.0,0.0,-0.4,1.0,1.0,0.0,0.0,-0.0,-0.0,0.0,0.0,0.0,0.0,0.0,0.0,0.0,0.0,167.0,93.0,107.0,161.0,18.0,7.0,12.0,54.0,15.0,6.0,1.0
185.363,53,207157.0,509.0,84.0,600.0,620.0,0.0,1.0,0.0,0.0,0.408,0.02,0.5,0.517,0.414,0.033,0.508,0.53,0.0,0.0,-1.76,-5.38,-88.56,-88.46,0.0,0.0,0.0,0.0,0.0,0.0,-0.4,1.0,1.0,0.0,0.0,-0.0,-0.0,0.0,0.0,0.0,0.0,0.0,0.0,0.0,0.0,167.0,93.0,107.0,161.0,18.0,7.0,12.0,54.0,15.0,6.0,0.0
185.396,52,207209.0,509.0,84.0,600.0,619.0,0.0,1.0,0.0,0.0,0.414,0.019,0.5,0.516,0.421,0.033,0.508,0.53,0.0,0.0,-1.76,-5.38,-88.56,-88.46,0.0,0.0,0.0,0.0,0.0,0.0,-0.4,1.0,1.0,0.0,0.0,-0.0,-0.0,0.0,0.0,0.0,0.0,0.0,0.0,0.0,0.0,167.0,93.0,107.0,161.0,18.0,7.0,12.0,54.0,15.0,6.0,0.0
185.463,54,207263.0,532.0,84.0,600.0,619.0,0.0,1.0,0.0,0.0,0.414,0.019,0.5,0.516,0.421,0.033,0.508,0.53,0.0,0.0,-1.76,-5.38,-88.55,-88.46,0.0,0.0,0.0,0.0,0.0,0.0,-0.4,1.0,1.0,0.0,0.0,-0.0,-0.0,0.0,0.0,0.0,0.0,0.0,0.0,0.0,0.0,167.0,93.0,107.0,161.0,18.0,7.0,12.0,54.0,15.0,6.0,0.0
185.496,52,207315.0,532.0,84.0,600.0,619.0,0.0,1.0,0.0,0.0,0.414,0.019,0.5,0.516,0.421,0.033,0.508,0.53,0.0,0.0,-1.76,-5.38,-88.55,-88.46,0.0,0.0,0.0,0.0,0.0,0.0,-0.4,1.0,1.0,0.0,0.0,-0.0,-0.0,0.0,0.0,0.0,0.0,0.0,0.0,0.0,0.0,167.0,93.0,107.0,161.0,18.0,7.0,12.0,54.0,15.0,6.0,1.0
185.567,52,207367.0,532.0,84.0,600.0,619.0,0.0,1.0,0.0,0.0,0.414,0.019,0.5,0.516,0.421,0.033,0.508,0.53,0.0,0.0,-1.77,-5.39,-88.55,-88.46,0.0,0.0,0.0,0.0,0.0,0.0,-0.4,1.0,1.0,0.0,0.0,-0.0,-0.0,0.0,0.0,0.0,0.0,0.0,0.0,0.0,0.0,167.0,93.0,107.0,161.0,18.0,7.0,12.0,54.0,15.0,6.0,0.0
185.6,54,207421.0,532.0,84.0,600.0,618.0,0.0,1.0,0.0,0.0,0.428,0.019,0.5,0.515,0.434,0.033,0.508,0.529,0.0,0.0,-1.77,-5.38,-88.55,-88.46,0.0,0.0,0.0,0.0,0.0,0.0,-0.4,1.0,1.0,0.0,0.0,-0.0,-0.0,0.0,0.0,0.0,0.0,0.0,0.0,0.0,0.0,167.0,93.0,107.0,161.0,18.0,7.0,12.0,54.0,15.0,6.0,0.0
185.666,53,207474.0,548.0,84.0,600.0,618.0,0.0,1.0,0.0,0.0,0.428,0.019,0.5,0.515,0.434,0.033,0.508,0.529,0.0,0.0,-1.77,-5.38,-88.55,-88.46,0.0,0.0,0.0,0.0,0.0,0.0,-0.4,1.0,1.0,0.0,0.0,-0.0,-0.0,0.0,0.0,0.0,0.0,0.0,0.0,0.0,0.0,167.0,93.0,107.0,161.0,18.0,7.0,12.0,54.0,15.0,6.0,0.0
185.698,52,207526.0,548.0,85.0,600.0,618.0,0.0,1.0,0.0,0.0,0.428,0.019,0.5,0.515,0.434,0.033,0.508,0.529,0.0,0.0,-1.77,-5.38,-88.55,-88.46,0.0,0.0,0.0,0.0,0.0,0.0,-0.4,1.0,1.0,0.0,0.0,-0.0,-0.0,0.0,0.0,0.0,0.0,0.0,0.0,0.0,0.0,167.0,93.0,107.0,161.0,18.0,7.0,12.0,54.0,15.0,6.0,0.0
185.765,52,207578.0,548.0,85.0,600.0,618.0,0.0,1.0,0.0,0.0,0.428,0.019,0.5,0.515,0.434,0.033,0.508,0.529,0.0,0.0,-1.77,-5.38,-88.55,-88.46,0.0,0.0,0.0,0.0,0.0,0.0,-0.4,1.0,1.0,0.0,0.0,-0.0,-0.0,0.0,0.0,0.0,0.0,0.0,0.0,0.0,0.0,167.0,93.0,107.0,161.0,18.0,7.0,12.0,54.0,15.0,6.0,0.0
185.829,53,207631.0,548.0,85.0,600.0,619.0,0.0,1.0,0.0,0.0,0.443,0.019,0.5,0.515,0.448,0.033,0.508,0.529,0.0,0.0,-1.77,-5.38,-88.55,-88.46,0.0,0.0,0.0,0.0,0.0,0.0,-0.4,1.0,1.0,0.0,0.0,-0.0,-0.0,0.0,0.0,0.0,0.0,0.0,0.0,0.0,0.0,167.0,93.0,107.0,161.0,18.0,7.0,12.0,54.0,15.0,6.0,0.0
185.861,54,207685.0,555.0,85.0,600.0,619.0,0.0,1.0,0.0,0.0,0.443,0.019,0.5,0.515,0.448,0.033,0.508,0.529,0.0,0.0,-1.78,-5.39,-88.55,-88.46,0.0,0.0,0.0,0.0,0.0,0.0,-0.4,1.0,1.0,0.0,0.0,-0.0,-0.0,0.0,0.0,0.0,0.0,0.0,0.0,0.0,0.0,167.0,93.0,107.0,161.0,18.0,7.0,12.0,54.0,15.0,6.0,0.0
185.928,53,207738.0,555.0,85.0,600.0,619.0,0.0,1.0,0.0,0.0,0.443,0.019,0.5,0.515,0.448,0.033,0.508,0.529,0.0,0.0,-1.78,-5.39,-88.55,-88.46,0.0,0.0,0.0,0.0,0.0,0.0,-0.4,1.0,1.0,0.0,0.0,-0.0,-0.0,0.0,0.0,0.0,0.0,0.0,0.0,0.0,0.0,167.0,93.0,107.0,161.0,18.0,7.0,12.0,54.0,15.0,6.0,0.0
185.962,52,207790.0,555.0,85.0,600.0,619.0,0.0,1.0,0.0,0.0,0.443,0.019,0.5,0.515,0.448,0.033,0.508,0.529,0.0,0.0,-1.78,-5.39,-88.55,-88.46,0.0,0.0,0.0,0.0,0.0,0.0,-0.4,1.0,1.0,0.0,0.0,-0.0,-0.0,0.0,0.0,0.0,0.0,0.0,0.0,0.0,0.0,167.0,93.0,107.0,161.0,18.0,7.0,12.0,54.0,15.0,6.0,0.0
186.028,53,207843.0,555.0,85.0,600.0,620.0,0.0,1.0,0.0,0.0,0.452,0.019,0.5,0.516,0.459,0.033,0.508,0.53,0.0,0.0,-1.78,-5.39,-88.55,-88.46,0.0,0.0,0.0,0.0,0.0,0.0,-0.4,1.0,1.0,0.0,0.0,-0.0,-0.0,0.0,0.0,0.0,0.0,0.0,0.0,0.0,0.0,167.0,93.0,107.0,161.0,18.0,7.0,12.0,54.0,15.0,6.0,0.0
186.094,53,207896.0,532.0,85.0,600.0,620.0,0.0,1.0,0.0,0.0,0.452,0.019,0.5,0.516,0.459,0.033,0.508,0.53,0.0,0.0,-1.78,-5.38,-88.55,-88.46,0.0,0.0,0.0,0.0,0.0,0.0,-0.4,1.0,1.0,0.0,0.0,-0.0,-0.0,0.0,0.0,0.0,0.0,0.0,0.0,0.0,0.0,167.0,93.0,107.0,161.0,18.0,7.0,12.0,54.0,15.0,6.0,0.0
186.127,53,207949.0,532.0,85.0,600.0,620.0,0.0,1.0,0.0,0.0,0.452,0.019,0.5,0.516,0.459,0.033,0.508,0.53,0.0,0.0,-1.78,-5.38,-88.55,-88.46,0.0,0.0,0.0,0.0,0.0,0.0,-0.4,1.0,1.0,0.0,0.0,-0.0,-0.0,0.0,0.0,0.0,0.0,0.0,0.0,0.0,0.0,167.0,93.0,107.0,161.0,18.0,7.0,12.0,54.0,15.0,6.0,0.0
186.193,52,208001.0,532.0,85.0,600.0,620.0,0.0,1.0,0.0,0.0,0.452,0.019,0.5,0.516,0.459,0.033,0.508,0.53,0.0,0.0,-1.78,-5.38,-88.55,-88.46,0.0,0.0,0.0,0.0,0.0,0.0,-0.4,1.0,1.0,0.0,0.0,-0.0,-0.0,0.0,0.0,0.0,0.0,0.0,0.0,0.0,0.0,167.0,93.0,107.0,161.0,18.0,7.0,12.0,54.0,15.0,6.0,0.0
186.225,53,208054.0,532.0,85.0,600.0,623.0,0.0,1.0,0.0,0.0,0.446,0.02,0.5,0.518,0.455,0.034,0.508,0.531,0.0,0.0,-1.78,-5.38,-88.55,-88.46,0.0,0.0,0.0,0.0,0.0,0.0,-0.4,1.0,1.0,0.0,0.0,-0.0,-0.0,0.0,0.0,0.0,0.0,0.0,0.0,0.0,0.0,167.0,93.0,107.0,161.0,18.0,7.0,12.0,54.0,15.0,6.0,0.0
186.29,54,208108.0,558.0,85.0,600.0,623.0,0.0,1.0,0.0,0.0,0.446,0.02,0.5,0.518,0.455,0.034,0.508,0.531,0.0,0.0,-1.78,-5.38,-88.55,-88.46,0.0,0.0,0.0,0.0,0.0,0.0,-0.4,1.0,1.0,0.0,0.0,-0.0,-0.0,0.0,0.0,0.0,0.0,0.0,0.0,0.0,0.0,167.0,93.0,107.0,161.0,18.0,7.0,12.0,54.0,15.0,6.0,0.0
186.357,53,208161.0,558.0,85.0,600.0,623.0,0.0,1.0,0.0,0.0,0.446,0.02,0.5,0.518,0.455,0.034,0.508,0.531,0.0,0.0,-1.77,-5.38,-88.55,-88.46,0.0,0.0,0.0,0.0,0.0,0.0,-0.4,1.0,1.0,0.0,0.0,-0.0,-0.0,0.0,0.0,0.0,0.0,0.0,0.0,0.0,0.0,167.0,93.0,107.0,161.0,18.0,7.0,12.0,54.0,15.0,6.0,0.0
186.389,52,208213.0,558.0,85.0,600.0,623.0,0.0,1.0,0.0,0.0,0.446,0.02,0.5,0.518,0.455,0.034,0.508,0.531,0.0,0.0,-1.77,-5.38,-88.55,-88.46,0.0,0.0,0.0,0.0,0.0,0.0,-0.4,1.0,1.0,0.0,0.0,-0.0,-0.0,0.0,0.0,0.0,0.0,0.0,0.0,0.0,0.0,167.0,93.0,107.0,161.0,18.0,7.0,12.0,54.0,15.0,6.0,1.0
186.453,53,208266.0,558.0,85.0,600.0,625.0,0.0,1.0,0.0,0.0,0.456,0.02,0.5,0.519,0.462,0.034,0.508,0.533,0.0,0.0,-1.77,-5.38,-88.55,-88.46,0.0,0.0,0.0,0.0,0.0,0.0,-0.4,1.0,1.0,0.0,0.0,-0.0,-0.0,0.0,0.0,0.0,0.0,0.0,0.0,0.0,0.0,167.0,93.0,107.0,161.0,18.0,7.0,12.0,54.0,15.0,6.0,0.0
186.526,53,208319.0,603.0,85.0,600.0,625.0,0.0,1.0,0.0,0.0,0.456,0.02,0.5,0.519,0.462,0.034,0.508,0.533,0.0,0.0,-1.77,-5.38,-88.55,-88.46,0.0,0.0,0.0,0.0,0.0,0.0,-0.4,1.0,1.0,0.0,0.0,-0.0,-0.0,0.0,0.0,0.0,0.0,0.0,0.0,0.0,0.0,167.0,93.0,107.0,161.0,18.0,7.0,12.0,54.0,15.0,6.0,0.0
186.558,53,208372.0,603.0,85.0,600.0,625.0,0.0,1.0,0.0,0.0,0.456,0.02,0.5,0.519,0.462,0.034,0.508,0.533,0.0,0.0,-1.77,-5.38,-88.55,-88.46,0.0,0.0,0.0,0.0,0.0,0.0,-0.4,1.0,1.0,0.0,0.0,-0.0,-0.0,0.0,0.0,0.0,0.0,0.0,0.0,0.0,0.0,167.0,93.0,107.0,161.0,18.0,7.0,12.0,54.0,15.0,6.0,0.0
186.624,52,208424.0,603.0,85.0,600.0,625.0,0.0,1.0,0.0,0.0,0.456,0.02,0.5,0.519,0.462,0.034,0.508,0.533,0.0,0.0,-1.76,-5.38,-88.55,-88.46,0.0,0.0,0.0,0.0,0.0,0.0,-0.4,1.0,1.0,0.0,0.0,-0.0,-0.0,0.0,0.0,0.0,0.0,0.0,0.0,0.0,0.0,167.0,93.0,107.0,161.0,18.0,7.0,12.0,54.0,15.0,6.0,0.0
186.657,53,208477.0,603.0,85.0,600.0,626.0,0.0,1.0,0.0,0.0,0.481,0.02,0.5,0.52,0.484,0.034,0.508,0.534,0.0,0.0,-1.76,-5.38,-88.55,-88.46,0.0,0.0,0.0,0.0,0.0,0.0,-0.4,1.0,1.0,0.0,0.0,-0.0,-0.0,0.0,0.0,0.0,0.0,0.0,0.0,0.0,0.0,167.0,93.0,107.0,161.0,18.0,7.0,12.0,54.0,15.0,6.0,0.0
186.732,54,208531.0,605.0,85.0,600.0,626.0,0.0,1.0,0.0,0.0,0.481,0.02,0.5,0.52,0.484,0.034,0.508,0.534,0.0,0.0,-1.77,-5.39,-88.55,-88.46,0.0,0.0,0.0,0.0,0.0,0.0,-0.4,1.0,1.0,0.0,0.0,-0.0,-0.0,0.0,0.0,0.0,0.0,0.0,0.0,0.0,0.0,167.0,93.0,107.0,161.0,18.0,7.0,12.0,54.0,15.0,6.0,0.0
186.764,53,208584.0,605.0,86.0,600.0,626.0,0.0,1.0,0.0,0.0,0.481,0.02,0.5,0.52,0.484,0.034,0.508,0.534,0.0,0.0,-1.77,-5.39,-88.55,-88.46,0.0,0.0,0.0,0.0,0.0,0.0,-0.4,1.0,1.0,0.0,0.0,-0.0,-0.0,0.0,0.0,0.0,0.0,0.0,0.0,0.0,0.0,167.0,93.0,107.0,161.0,18.0,7.0,12.0,54.0,15.0,6.0,0.0
186.83,52,208636.0,605.0,86.0,600.0,626.0,0.0,1.0,0.0,0.0,0.481,0.02,0.5,0.52,0.484,0.034,0.508,0.534,0.0,0.0,-1.77,-5.39,-88.55,-88.46,0.0,0.0,0.0,0.0,0.0,0.0,-0.4,1.0,1.0,0.0,0.0,-0.0,-0.0,0.0,0.0,0.0,0.0,0.0,0.0,0.0,0.0,167.0,93.0,107.0,161.0,18.0,7.0,12.0,54.0,15.0,6.0,1.0
186.863,53,208689.0,605.0,86.0,600.0,625.0,0.0,1.0,0.0,0.0,0.493,0.02,0.5,0.52,0.499,0.034,0.508,0.535,0.0,0.0,-1.77,-5.38,-88.55,-88.46,0.0,0.0,0.0,0.0,0.0,0.0,-0.4,1.0,1.0,0.0,0.0,-0.0,-0.0,0.0,0.0,0.0,0.0,0.0,0.0,0.0,0.0,167.0,93.0,107.0,161.0,18.0,7.0,12.0,54.0,15.0,6.0,0.0
186.933,53,208742.0,625.0,86.0,600.0,625.0,0.0,1.0,0.0,0.0,0.493,0.02,0.5,0.52,0.499,0.034,0.508,0.535,0.0,0.0,-1.77,-5.38,-88.55,-88.46,0.0,0.0,0.0,0.0,0.0,0.0,-0.4,1.0,1.0,0.0,0.0,-0.0,-0.0,0.0,0.0,0.0,0.0,0.0,0.0,0.0,0.0,167.0,93.0,107.0,161.0,18.0,7.0,12.0,54.0,15.0,6.0,0.0
186.966,52,208794.0,625.0,86.0,600.0,625.0,0.0,1.0,0.0,0.0,0.493,0.02,0.5,0.52,0.499,0.034,0.508,0.535,0.0,0.0,-1.77,-5.38,-88.55,-88.46,0.0,0.0,0.0,0.0,0.0,0.0,-0.4,1.0,1.0,0.0,0.0,-0.0,-0.0,0.0,0.0,0.0,0.0,0.0,0.0,0.0,0.0,167.0,93.0,107.0,161.0,18.0,7.0,12.0,54.0,15.0,6.0,0.0
187.032,53,208847.0,625.0,86.0,600.0,625.0,0.0,1.0,0.0,0.0,0.493,0.02,0.5,0.52,0.499,0.034,0.508,0.535,0.0,0.0,-1.77,-5.38,-88.55,-88.46,0.0,0.0,0.0,0.0,0.0,0.0,-0.4,1.0,1.0,0.0,0.0,-0.0,-0.0,0.0,0.0,0.0,0.0,0.0,0.0,0.0,0.0,167.0,93.0,107.0,161.0,18.0,7.0,12.0,54.0,15.0,6.0,0.0
187.098,53,208900.0,625.0,86.0,600.0,626.0,0.0,1.0,0.0,0.0,0.508,0.02,0.5,0.521,0.513,0.035,0.508,0.536,0.0,0.0,-1.77,-5.38,-88.55,-88.46,0.0,0.0,0.0,0.0,0.0,0.0,-0.4,1.0,1.0,0.0,0.0,-0.0,-0.0,0.0,0.0,0.0,0.0,0.0,0.0,0.0,0.0,167.0,93.0,107.0,161.0,18.0,7.0,12.0,54.0,15.0,6.0,0.0
187.135,54,208954.0,647.0,86.0,600.0,626.0,0.0,1.0,0.0,0.0,0.508,0.02,0.5,0.521,0.513,0.035,0.508,0.536,0.0,0.0,-1.77,-5.38,-88.55,-88.46,0.0,0.0,0.0,0.0,0.0,0.0,-0.4,1.0,1.0,0.0,0.0,-0.0,-0.0,0.0,0.0,0.0,0.0,0.0,0.0,0.0,0.0,167.0,93.0,107.0,161.0,18.0,7.0,12.0,54.0,15.0,6.0,0.0
187.202,53,209007.0,647.0,85.0,600.0,626.0,0.0,1.0,0.0,0.0,0.508,0.02,0.5,0.521,0.513,0.035,0.508,0.536,0.0,0.0,-1.77,-5.38,-88.55,-88.46,0.0,0.0,0.0,0.0,0.0,0.0,-0.4,1.0,1.0,0.0,0.0,-0.0,-0.0,0.0,0.0,0.0,0.0,0.0,0.0,0.0,0.0,167.0,93.0,107.0,161.0,18.0,7.0,12.0,54.0,15.0,6.0,1.0
187.234,53,209060.0,647.0,85.0,600.0,626.0,0.0,1.0,0.0,0.0,0.508,0.02,0.5,0.521,0.513,0.035,0.508,0.536,0.0,0.0,-1.77,-5.38,-88.55,-88.46,0.0,0.0,0.0,0.0,0.0,0.0,-0.4,1.0,1.0,0.0,0.0,-0.0,-0.0,0.0,0.0,0.0,0.0,0.0,0.0,0.0,0.0,167.0,93.0,107.0,161.0,18.0,7.0,12.0,54.0,15.0,6.0,0.0
187.3,52,209112.0,647.0,85.0,600.0,625.0,0.0,1.0,0.0,0.0,0.524,0.02,0.5,0.521,0.529,0.035,0.508,0.536,0.0,0.0,-1.77,-5.38,-88.55,-88.46,0.0,0.0,0.0,0.0,0.0,0.0,-0.4,1.0,1.0,0.0,0.0,-0.0,-0.0,0.0,0.0,0.0,0.0,0.0,0.0,0.0,0.0,167.0,93.0,107.0,161.0,18.0,7.0,12.0,54.0,15.0,6.0,1.0
187.374,53,209165.0,647.0,85.0,600.0,625.0,0.0,1.0,0.0,0.0,0.524,0.02,0.5,0.521,0.529,0.035,0.508,0.536,0.0,0.0,-1.77,-5.38,-88.55,-88.46,0.0,0.0,0.0,0.0,0.0,0.0,-0.4,1.0,1.0,0.0,0.0,-0.0,-0.0,0.0,0.0,0.0,0.0,0.0,0.0,0.0,0.0,167.0,93.0,107.0,161.0,18.0,7.0,12.0,54.0,15.0,6.0,0.0
187.407,52,209217.0,647.0,85.0,600.0,625.0,0.0,1.0,0.0,0.0,0.524,0.02,0.5,0.521,0.529,0.035,0.508,0.536,0.0,0.0,-1.77,-5.38,-88.55,-88.46,0.0,0.0,0.0,0.0,0.0,0.0,-0.4,1.0,1.0,0.0,0.0,-0.0,-0.0,0.0,0.0,0.0,0.0,0.0,0.0,0.0,0.0,167.0,93.0,107.0,161.0,18.0,7.0,12.0,54.0,15.0,6.0,0.0
187.473,53,209270.0,647.0,85.0,600.0,625.0,0.0,1.0,0.0,0.0,0.524,0.02,0.5,0.521,0.529,0.035,0.508,0.536,0.0,0.0,-1.77,-5.38,-88.55,-88.46,0.0,0.0,0.0,0.0,0.0,0.0,-0.4,1.0,1.0,0.0,0.0,-0.0,-0.0,0.0,0.0,0.0,0.0,0.0,0.0,0.0,0.0,167.0,93.0,107.0,161.0,18.0,7.0,12.0,54.0,15.0,6.0,0.0
187.506,53,209323.0,647.0,85.0,600.0,626.0,0.0,1.0,0.0,0.0,0.531,0.02,0.5,0.521,0.538,0.035,0.508,0.536,0.0,0.0,-1.78,-5.38,-88.55,-88.46,0.0,0.0,0.0,0.0,0.0,0.0,-0.4,1.0,1.0,0.0,0.0,-0.0,-0.0,0.0,0.0,0.0,0.0,0.0,0.0,0.0,0.0,167.0,93.0,107.0,161.0,18.0,7.0,12.0,54.0,15.0,6.0,0.0
187.574,54,209377.0,602.0,85.0,600.0,626.0,0.0,1.0,0.0,0.0,0.531,0.02,0.5,0.521,0.538,0.035,0.508,0.536,0.0,0.0,-1.78,-5.38,-88.55,-88.46,0.0,0.0,0.0,0.0,0.0,0.0,-0.4,1.0,1.0,0.0,0.0,-0.0,-0.0,0.0,0.0,0.0,0.0,0.0,0.0,0.0,0.0,167.0,93.0,107.0,161.0,18.0,7.0,12.0,54.0,15.0,6.0,1.0
187.605,53,209430.0,602.0,86.0,600.0,626.0,0.0,1.0,0.0,0.0,0.531,0.02,0.5,0.521,0.538,0.035,0.508,0.536,0.0,0.0,-1.78,-5.38,-88.55,-88.46,0.0,0.0,0.0,0.0,0.0,0.0,-0.4,1.0,1.0,0.0,0.0,-0.0,-0.0,0.0,0.0,0.0,0.0,0.0,0.0,0.0,0.0,167.0,93.0,107.0,161.0,18.0,7.0,12.0,54.0,15.0,6.0,0.0
187.669,53,209483.0,602.0,86.0,600.0,626.0,0.0,1.0,0.0,0.0,0.531,0.02,0.5,0.521,0.538,0.035,0.508,0.536,0.0,0.0,-1.78,-5.38,-88.55,-88.46,0.0,0.0,0.0,0.0,0.0,0.0,-0.4,1.0,1.0,0.0,0.0,-0.0,-0.0,0.0,0.0,0.0,0.0,0.0,0.0,0.0,0.0,167.0,93.0,107.0,161.0,18.0,7.0,12.0,54.0,15.0,6.0,0.0
187.735,52,209535.0,602.0,86.0,600.0,624.0,0.0,1.0,0.0,0.0,0.516,0.02,0.5,0.52,0.526,0.035,0.508,0.535,0.0,0.0,-1.78,-5.37,-88.55,-88.46,0.0,0.0,0.0,0.0,0.0,0.0,-0.4,1.0,1.0,0.0,0.0,-0.0,-0.0,0.0,0.0,0.0,0.0,0.0,0.0,0.0,0.0,167.0,93.0,107.0,161.0,18.0,7.0,12.0,54.0,15.0,6.0,1.0
187.768,53,209588.0,600.0,86.0,600.0,624.0,0.0,1.0,0.0,0.0,0.516,0.02,0.5,0.52,0.526,0.035,0.508,0.535,0.0,0.0,-1.78,-5.37,-88.55,-88.46,0.0,0.0,0.0,0.0,0.0,0.0,-0.4,1.0,1.0,0.0,0.0,-0.0,-0.0,0.0,0.0,0.0,0.0,0.0,0.0,0.0,0.0,167.0,93.0,107.0,161.0,18.0,7.0,12.0,54.0,15.0,6.0,0.0
187.834,52,209640.0,600.0,84.0,600.0,624.0,0.0,1.0,0.0,0.0,0.516,0.02,0.5,0.52,0.526,0.035,0.508,0.535,0.0,0.0,-1.78,-5.37,-88.55,-88.46,0.0,0.0,0.0,0.0,0.0,0.0,-0.4,1.0,1.0,0.0,0.0,-0.0,-0.0,0.0,0.0,0.0,0.0,0.0,0.0,0.0,0.0,167.0,93.0,107.0,161.0,18.0,7.0,12.0,54.0,15.0,6.0,0.0
187.866,52,209692.0,600.0,84.0,600.0,624.0,0.0,1.0,0.0,0.0,0.516,0.02,0.5,0.52,0.526,0.035,0.508,0.535,0.0,0.0,-1.78,-5.37,-88.55,-88.46,0.0,0.0,0.0,0.0,0.0,0.0,-0.4,1.0,1.0,0.0,0.0,-0.0,-0.0,0.0,0.0,0.0,0.0,0.0,0.0,0.0,0.0,167.0,93.0,107.0,161.0,18.0,7.0,12.0,54.0,15.0,6.0,0.0
187.933,52,209744.0,600.0,84.0,600.0,624.0,0.0,1.0,0.0,0.0,0.507,0.02,0.5,0.52,0.517,0.035,0.508,0.535,0.0,0.0,-1.78,-5.37,-88.55,-88.46,0.0,0.0,0.0,0.0,0.0,0.0,-0.4,1.0,1.0,0.0,0.0,-0.0,-0.0,0.0,0.0,0.0,0.0,0.0,0.0,0.0,0.0,167.0,93.0,107.0,161.0,18.0,7.0,12.0,54.0,15.0,6.0,0.0
187.999,54,209798.0,600.0,84.0,600.0,624.0,0.0,1.0,0.0,0.0,0.507,0.02,0.5,0.52,0.517,0.035,0.508,0.535,0.0,0.0,-1.78,-5.37,-88.55,-88.46,0.0,0.0,0.0,0.0,0.0,0.0,-0.4,1.0,1.0,0.0,0.0,-0.0,-0.0,0.0,0.0,0.0,0.0,0.0,0.0,0.0,0.0,167.0,93.0,107.0,161.0,18.0,7.0,12.0,54.0,15.0,6.0,0.0
188.032,51,209849.0,600.0,83.0,600.0,624.0,0.0,1.0,0.0,0.0,0.507,0.02,0.5,0.52,0.517,0.035,0.508,0.535,0.0,0.0,-1.78,-5.37,-88.55,-88.46,0.0,0.0,0.0,0.0,0.0,0.0,-0.4,1.0,1.0,0.0,0.0,-0.0,-0.0,0.0,0.0,0.0,0.0,0.0,0.0,0.0,0.0,167.0,93.0,107.0,161.0,18.0,7.0,12.0,54.0,15.0,6.0,0.0
188.098,53,209902.0,600.0,83.0,600.0,624.0,0.0,1.0,0.0,0.0,0.507,0.02,0.5,0.52,0.517,0.035,0.508,0.535,0.0,0.0,-1.78,-5.38,-88.55,-88.46,0.0,0.0,0.0,0.0,0.0,0.0,-0.4,1.0,1.0,0.0,0.0,-0.0,-0.0,0.0,0.0,0.0,0.0,0.0,0.0,0.0,0.0,167.0,93.0,107.0,161.0,18.0,7.0,12.0,54.0,15.0,6.0,0.0
188.13,52,209954.0,600.0,83.0,600.0,623.0,0.0,1.0,0.0,0.0,0.503,0.019,0.5,0.519,0.512,0.034,0.508,0.534,0.0,0.0,-1.78,-5.38,-88.55,-88.46,0.0,0.0,0.0,0.0,0.0,0.0,-0.4,1.0,1.0,0.0,0.0,-0.0,-0.0,0.0,0.0,0.0,0.0,0.0,0.0,0.0,0.0,167.0,93.0,107.0,161.0,18.0,7.0,12.0,54.0,15.0,6.0,0.0
188.195,53,210007.0,600.0,83.0,600.0,623.0,0.0,1.0,0.0,0.0,0.503,0.019,0.5,0.519,0.512,0.034,0.508,0.534,0.0,0.0,-1.78,-5.38,-88.55,-88.46,0.0,0.0,0.0,0.0,0.0,0.0,-0.4,1.0,1.0,0.0,0.0,-0.0,-0.0,0.0,0.0,0.0,0.0,0.0,0.0,0.0,0.0,167.0,93.0,107.0,161.0,18.0,7.0,12.0,54.0,15.0,6.0,0.0
188.266,51,210058.0,600.0,84.0,600.0,623.0,0.0,1.0,0.0,0.0,0.503,0.019,0.5,0.519,0.512,0.034,0.508,0.534,0.0,0.0,-1.79,-5.39,-88.55,-88.46,0.0,0.0,0.0,0.0,0.0,0.0,-0.4,1.0,1.0,0.0,0.0,-0.0,-0.0,0.0,0.0,0.0,0.0,0.0,0.0,0.0,0.0,167.0,93.0,107.0,161.0,18.0,7.0,12.0,54.0,15.0,6.0,0.0
188.3,53,210111.0,600.0,84.0,600.0,623.0,0.0,1.0,0.0,0.0,0.503,0.019,0.5,0.519,0.512,0.034,0.508,0.534,0.0,0.0,-1.79,-5.39,-88.55,-88.46,0.0,0.0,0.0,0.0,0.0,0.0,-0.4,1.0,1.0,0.0,0.0,-0.0,-0.0,0.0,0.0,0.0,0.0,0.0,0.0,0.0,0.0,167.0,93.0,107.0,161.0,18.0,7.0,12.0,54.0,15.0,6.0,0.0
188.358,53,210164.0,600.0,84.0,600.0,621.0,0.0,1.0,0.0,0.0,0.502,0.019,0.5,0.518,0.51,0.034,0.508,0.533,0.0,0.0,-1.78,-5.39,-88.55,-88.46,0.0,0.0,0.0,0.0,0.0,0.0,-0.4,1.0,1.0,0.0,0.0,-0.0,-0.0,0.0,0.0,0.0,0.0,0.0,0.0,0.0,0.0,167.0,93.0,107.0,161.0,18.0,7.0,12.0,54.0,15.0,6.0,0.0
188.386,54,210218.0,600.0,84.0,600.0,621.0,0.0,1.0,0.0,0.0,0.502,0.019,0.5,0.518,0.51,0.034,0.508,0.533,0.0,0.0,-1.78,-5.39,-88.55,-88.46,0.0,0.0,0.0,0.0,0.0,0.0,-0.4,1.0,1.0,0.0,0.0,-0.0,-0.0,0.0,0.0,0.0,0.0,0.0,0.0,0.0,0.0,167.0,93.0,107.0,161.0,18.0,7.0,12.0,54.0,15.0,6.0,0.0
188.444,51,210269.0,600.0,84.0,600.0,621.0,0.0,1.0,0.0,0.0,0.502,0.019,0.5,0.518,0.51,0.034,0.508,0.533,0.0,0.0,-1.78,-5.39,-88.55,-88.46,0.0,0.0,0.0,0.0,0.0,0.0,-0.4,1.0,1.0,0.0,0.0,-0.0,-0.0,0.0,0.0,0.0,0.0,0.0,0.0,0.0,0.0,167.0,93.0,107.0,161.0,18.0,7.0,12.0,54.0,15.0,6.0,0.0
188.501,54,210323.0,600.0,84.0,600.0,621.0,0.0,1.0,0.0,0.0,0.502,0.019,0.5,0.518,0.51,0.034,0.508,0.533,0.0,0.0,-1.78,-5.39,-88.55,-88.46,0.0,0.0,0.0,0.0,0.0,0.0,-0.4,1.0,1.0,0.0,0.0,-0.0,-0.0,0.0,0.0,0.0,0.0,0.0,0.0,0.0,0.0,167.0,93.0,107.0,161.0,18.0,7.0,12.0,54.0,15.0,6.0,0.0
188.562,52,210375.0,600.0,84.0,600.0,618.0,0.0,1.0,0.0,0.0,0.501,0.019,0.5,0.516,0.509,0.034,0.508,0.531,0.0,0.0,-1.78,-5.38,-88.55,-88.46,0.0,0.0,0.0,0.0,0.0,0.0,-0.4,1.0,1.0,0.0,0.0,-0.0,-0.0,0.0,0.0,0.0,0.0,0.0,0.0,0.0,0.0,167.0,93.0,107.0,161.0,18.0,7.0,12.0,54.0,15.0,6.0,0.0
188.628,53,210428.0,600.0,84.0,600.0,618.0,0.0,1.0,0.0,0.0,0.501,0.019,0.5,0.516,0.509,0.034,0.508,0.531,0.0,0.0,-1.78,-5.38,-88.55,-88.46,0.0,0.0,0.0,0.0,0.0,0.0,-0.4,1.0,1.0,0.0,0.0,-0.0,-0.0,0.0,0.0,0.0,0.0,0.0,0.0,0.0,0.0,167.0,93.0,107.0,161.0,18.0,7.0,12.0,54.0,15.0,6.0,0.0
188.657,51,210479.0,600.0,84.0,600.0,618.0,0.0,1.0,0.0,0.0,0.501,0.019,0.5,0.516,0.509,0.034,0.508,0.531,0.0,0.0,-1.78,-5.38,-88.55,-88.46,0.0,0.0,0.0,0.0,0.0,0.0,-0.4,1.0,1.0,0.0,0.0,-0.0,-0.0,0.0,0.0,0.0,0.0,0.0,0.0,0.0,0.0,167.0,93.0,107.0,161.0,18.0,7.0,12.0,54.0,15.0,6.0,0.0
188.718,53,210532.0,600.0,84.0,600.0,618.0,0.0,1.0,0.0,0.0,0.501,0.019,0.5,0.516,0.509,0.034,0.508,0.531,0.0,0.0,-1.78,-5.38,-88.55,-88.46,0.0,0.0,0.0,0.0,0.0,0.0,-0.4,1.0,1.0,0.0,0.0,-0.0,-0.0,0.0,0.0,0.0,0.0,0.0,0.0,0.0,0.0,167.0,93.0,107.0,161.0,18.0,7.0,12.0,54.0,15.0,6.0,0.0
