t_pc_s,salto_ms,t_ms,dN,dE,dS,dO,pN,pE,pS,pO,nr0,nr1,nr2,nr3,mr0,mr1,mr2,mr3,ret,mem,roll,pitch,yaw,yaw_ref,corr,cm_tramo,celdas,estado,cmd,ev,err_giro,imu_ok,hab,rpm_DI,rpm_DD,rpm_TI,rpm_TD,obj_DI,obj_DD,obj_TI,obj_TD,pwm_DI,pwm_DD,pwm_TI,pwm_TD,desp_DI,desp_DD,desp_TI,desp_TD,agc_DI,agc_DD,agc_TI,agc_TD,vivas,cortadas,ciclo_ms
0.012,,43028.0,775.0,89.0,600.0,622.0,0.0,1.0,0.0,0.0,0.603,0.022,0.5,0.518,0.61,0.038,0.508,0.534,0.0,0.0,-1.76,-5.33,-0.01,0.0,0.0,0.0,0.0,0.0,0.0,0.0,0.0,1.0,0.0,0.0,0.0,0.0,-0.0,0.0,0.0,0.0,0.0,0.0,0.0,0.0,0.0,161.0,93.0,107.0,161.0,18.0,7.0,12.0,54.0,15.0,0.0,0.0
0.039,52,43080.0,775.0,89.0,600.0,622.0,0.0,1.0,0.0,0.0,0.615,0.022,0.5,0.518,0.621,0.038,0.508,0.534,0.0,0.0,-1.76,-5.32,-0.01,0.0,0.0,0.0,0.0,0.0,0.0,0.0,0.0,1.0,0.0,0.0,0.0,0.0,0.0,0.0,0.0,0.0,0.0,0.0,0.0,0.0,0.0,161.0,93.0,107.0,161.0,18.0,7.0,12.0,54.0,15.0,0.0,1.0
0.094,52,43132.0,815.0,89.0,600.0,622.0,0.0,1.0,0.0,0.0,0.615,0.022,0.5,0.518,0.621,0.038,0.508,0.534,0.0,0.0,-1.76,-5.32,-0.01,0.0,0.0,0.0,0.0,0.0,0.0,0.0,0.0,1.0,0.0,0.0,0.0,0.0,-0.0,0.0,0.0,0.0,0.0,0.0,0.0,0.0,0.0,161.0,93.0,107.0,161.0,18.0,7.0,12.0,54.0,15.0,0.0,0.0
0.121,51,43183.0,815.0,90.0,600.0,622.0,0.0,1.0,0.0,0.0,0.615,0.022,0.5,0.518,0.621,0.038,0.508,0.534,0.0,0.0,-1.76,-5.33,-0.01,0.0,0.0,0.0,0.0,0.0,0.0,0.0,0.0,1.0,0.0,0.0,0.0,0.0,0.0,0.0,0.0,0.0,0.0,0.0,0.0,0.0,0.0,161.0,93.0,107.0,161.0,18.0,7.0,12.0,54.0,15.0,0.0,0.0
0.175,53,43236.0,815.0,90.0,600.0,622.0,0.0,1.0,0.0,0.0,0.615,0.022,0.5,0.518,0.621,0.038,0.508,0.534,0.0,0.0,-1.76,-5.33,-0.01,0.0,0.0,0.0,0.0,0.0,0.0,0.0,0.0,1.0,0.0,0.0,0.0,0.0,-0.0,0.0,0.0,0.0,0.0,0.0,0.0,0.0,0.0,161.0,93.0,107.0,161.0,18.0,7.0,12.0,54.0,15.0,0.0,0.0
0.233,52,43288.0,815.0,90.0,600.0,621.0,0.0,1.0,0.0,0.0,0.633,0.022,0.5,0.517,0.638,0.038,0.508,0.534,0.0,0.0,-1.76,-5.33,-0.02,0.0,0.0,0.0,0.0,0.0,0.0,0.0,0.0,1.0,0.0,0.0,0.0,0.0,0.0,0.0,0.0,0.0,0.0,0.0,0.0,0.0,0.0,161.0,93.0,107.0,161.0,18.0,7.0,12.0,54.0,15.0,0.0,0.0
0.288,52,43340.0,815.0,90.0,600.0,621.0,0.0,1.0,0.0,0.0,0.633,0.022,0.5,0.517,0.638,0.038,0.508,0.534,0.0,0.0,-1.76,-5.34,-0.02,0.0,0.0,0.0,0.0,0.0,0.0,0.0,0.0,1.0,0.0,0.0,0.0,0.0,-0.0,0.0,0.0,0.0,0.0,0.0,0.0,0.0,0.0,161.0,93.0,107.0,161.0,18.0,7.0,12.0,54.0,15.0,0.0,0.0
0.343,51,43391.0,815.0,89.0,600.0,621.0,0.0,1.0,0.0,0.0,0.633,0.022,0.5,0.517,0.638,0.038,0.508,0.534,0.0,0.0,-1.76,-5.34,-0.02,0.0,0.0,0.0,0.0,0.0,0.0,0.0,0.0,1.0,0.0,0.0,0.0,0.0,-0.0,0.0,0.0,0.0,0.0,0.0,0.0,0.0,0.0,161.0,93.0,107.0,161.0,18.0,7.0,12.0,54.0,15.0,0.0,0.0
0.399,54,43445.0,815.0,89.0,600.0,621.0,0.0,1.0,0.0,0.0,0.633,0.022,0.5,0.517,0.638,0.038,0.508,0.534,0.0,0.0,-1.76,-5.34,-0.02,0.0,0.0,0.0,0.0,0.0,0.0,0.0,0.0,1.0,0.0,0.0,0.0,0.0,0.0,0.0,0.0,0.0,0.0,0.0,0.0,0.0,0.0,161.0,93.0,107.0,161.0,18.0,7.0,12.0,54.0,15.0,0.0,0.0
0.453,52,43497.0,815.0,89.0,600.0,620.0,0.0,1.0,0.0,0.0,0.641,0.022,0.5,0.517,0.648,0.038,0.508,0.534,0.0,0.0,-1.76,-5.34,-0.02,0.0,0.0,0.0,0.0,0.0,0.0,0.0,0.0,1.0,0.0,0.0,0.0,0.0,0.0,0.0,0.0,0.0,0.0,0.0,0.0,0.0,0.0,161.0,93.0,107.0,161.0,18.0,7.0,12.0,54.0,15.0,0.0,0.0
0.508,52,43549.0,815.0,89.0,600.0,620.0,0.0,1.0,0.0,0.0,0.641,0.022,0.5,0.517,0.648,0.038,0.508,0.534,0.0,0.0,-1.76,-5.34,-0.02,0.0,0.0,0.0,0.0,0.0,0.0,0.0,0.0,1.0,0.0,0.0,0.0,0.0,0.0,0.0,0.0,0.0,0.0,0.0,0.0,0.0,0.0,161.0,93.0,107.0,161.0,18.0,7.0,12.0,54.0,15.0,0.0,0.0
0.562,52,43601.0,815.0,88.0,600.0,620.0,0.0,1.0,0.0,0.0,0.641,0.022,0.5,0.517,0.648,0.038,0.508,0.534,0.0,0.0,-1.76,-5.34,-0.01,0.0,0.0,0.0,0.0,0.0,0.0,0.0,0.0,1.0,0.0,0.0,0.0,0.0,0.0,0.0,0.0,0.0,0.0,0.0,0.0,0.0,0.0,161.0,93.0,107.0,161.0,18.0,7.0,12.0,54.0,15.0,0.0,0.0
0.59,52,43653.0,815.0,88.0,600.0,620.0,0.0,1.0,0.0,0.0,0.641,0.022,0.5,0.517,0.648,0.038,0.508,0.534,0.0,0.0,-1.76,-5.34,-0.01,0.0,0.0,0.0,0.0,0.0,0.0,0.0,0.0,1.0,0.0,0.0,0.0,0.0,0.0,0.0,0.0,0.0,0.0,0.0,0.0,0.0,0.0,161.0,93.0,107.0,161.0,18.0,7.0,12.0,54.0,15.0,0.0,0.0
0.644,52,43705.0,815.0,88.0,600.0,621.0,0.0,1.0,0.0,0.0,0.645,0.021,0.5,0.517,0.652,0.038,0.508,0.534,0.0,0.0,-1.76,-5.34,-0.01,0.0,0.0,0.0,0.0,0.0,0.0,0.0,0.0,1.0,0.0,0.0,0.0,0.0,0.0,0.0,0.0,0.0,0.0,0.0,0.0,0.0,0.0,161.0,93.0,107.0,161.0,18.0,7.0,12.0,54.0,15.0,0.0,1.0
0.699,52,43757.0,742.0,88.0,600.0,621.0,0.0,1.0,0.0,0.0,0.645,0.021,0.5,0.517,0.652,0.038,0.508,0.534,0.0,0.0,-1.76,-5.34,-0.01,0.0,0.0,0.0,0.0,0.0,0.0,0.0,0.0,1.0,0.0,0.0,0.0,0.0,0.0,0.0,0.0,0.0,0.0,0.0,0.0,0.0,0.0,161.0,93.0,107.0,161.0,18.0,7.0,12.0,54.0,15.0,0.0,0.0
0.753,51,43808.0,742.0,89.0,600.0,621.0,0.0,1.0,0.0,0.0,0.645,0.021,0.5,0.517,0.652,0.038,0.508,0.534,0.0,0.0,-1.75,-5.34,-0.02,0.0,0.0,0.0,0.0,0.0,0.0,0.0,0.0,1.0,0.0,0.0,0.0,0.0,0.0,0.0,0.0,0.0,0.0,0.0,0.0,0.0,0.0,161.0,93.0,107.0,161.0,18.0,7.0,12.0,54.0,15.0,0.0,0.0
0.808,53,43861.0,742.0,89.0,600.0,621.0,0.0,1.0,0.0,0.0,0.645,0.021,0.5,0.517,0.652,0.038,0.508,0.534,0.0,0.0,-1.75,-5.34,-0.02,0.0,0.0,0.0,0.0,0.0,0.0,0.0,0.0,1.0,0.0,0.0,0.0,0.0,0.0,0.0,0.0,0.0,0.0,0.0,0.0,0.0,0.0,161.0,93.0,107.0,161.0,18.0,7.0,12.0,54.0,15.0,0.0,0.0
0.863,51,43912.0,742.0,89.0,600.0,621.0,0.0,1.0,0.0,0.0,0.623,0.022,0.5,0.517,0.635,0.038,0.508,0.534,0.0,0.0,-1.76,-5.35,-0.01,0.0,0.0,0.0,0.0,0.0,0.0,0.0,0.0,1.0,0.0,0.0,0.0,0.0,0.0,0.0,0.0,0.0,0.0,0.0,0.0,0.0,0.0,161.0,93.0,107.0,161.0,18.0,7.0,12.0,54.0,15.0,0.0,0.0
0.917,52,43964.0,671.0,89.0,600.0,621.0,0.0,1.0,0.0,0.0,0.623,0.022,0.5,0.517,0.635,0.038,0.508,0.534,0.0,0.0,-1.76,-5.35,-0.01,0.0,0.0,0.0,0.0,0.0,0.0,0.0,0.0,1.0,0.0,0.0,0.0,0.0,0.0,0.0,0.0,0.0,0.0,0.0,0.0,0.0,0.0,161.0,93.0,107.0,161.0,18.0,7.0,12.0,54.0,15.0,0.0,0.0
0.972,52,44016.0,671.0,89.0,600.0,621.0,0.0,1.0,0.0,0.0,0.623,0.022,0.5,0.517,0.635,0.038,0.508,0.534,0.0,0.0,-1.76,-5.35,-0.01,0.0,0.0,0.0,0.0,0.0,0.0,0.0,0.0,1.0,0.0,0.0,0.0,0.0,0.0,0.0,0.0,0.0,0.0,0.0,0.0,0.0,0.0,161.0,93.0,107.0,161.0,18.0,7.0,12.0,54.0,15.0,0.0,0.0
1.037,52,44068.0,671.0,89.0,600.0,621.0,0.0,1.0,0.0,0.0,0.623,0.022,0.5,0.517,0.635,0.038,0.508,0.534,0.0,0.0,-1.76,-5.35,-0.01,0.0,0.0,0.0,0.0,0.0,0.0,0.0,0.0,1.0,0.0,0.0,0.0,0.0,-0.0,0.0,0.0,0.0,0.0,0.0,0.0,0.0,0.0,161.0,93.0,107.0,161.0,18.0,7.0,12.0,54.0,15.0,0.0,0.0
1.069,52,44120.0,671.0,89.0,600.0,620.0,0.0,1.0,0.0,0.0,0.587,0.022,0.5,0.517,0.601,0.038,0.508,0.533,0.0,0.0,-1.76,-5.35,-0.01,0.0,0.0,0.0,0.0,0.0,0.0,0.0,0.0,1.0,0.0,0.0,0.0,0.0,0.0,0.0,0.0,0.0,0.0,0.0,0.0,0.0,0.0,161.0,93.0,107.0,161.0,18.0,7.0,12.0,54.0,15.0,0.0,1.0
1.132,52,44172.0,600.0,89.0,600.0,620.0,0.0,1.0,0.0,0.0,0.587,0.022,0.5,0.517,0.601,0.038,0.508,0.533,0.0,0.0,-1.76,-5.35,-0.01,0.0,0.0,0.0,0.0,0.0,0.0,0.0,0.0,1.0,0.0,0.0,0.0,0.0,-0.0,0.0,0.0,0.0,0.0,0.0,0.0,0.0,0.0,161.0,93.0,107.0,161.0,18.0,7.0,12.0,54.0,15.0,0.0,1.0
1.194,52,44224.0,600.0,89.0,600.0,620.0,0.0,1.0,0.0,0.0,0.587,0.022,0.5,0.517,0.601,0.038,0.508,0.533,0.0,0.0,-1.76,-5.35,-0.01,0.0,0.0,0.0,0.0,0.0,0.0,0.0,0.0,1.0,0.0,0.0,0.0,0.0,-0.0,0.0,0.0,0.0,0.0,0.0,0.0,0.0,0.0,161.0,93.0,107.0,161.0,18.0,7.0,12.0,54.0,15.0,0.0,0.0
1.225,53,44277.0,600.0,89.0,600.0,620.0,0.0,1.0,0.0,0.0,0.587,0.022,0.5,0.517,0.601,0.038,0.508,0.533,0.0,0.0,-1.76,-5.35,-0.01,0.0,0.0,0.0,0.0,0.0,0.0,0.0,0.0,1.0,0.0,0.0,0.0,0.0,-0.0,0.0,0.0,0.0,0.0,0.0,0.0,0.0,0.0,161.0,93.0,107.0,161.0,18.0,7.0,12.0,54.0,15.0,0.0,0.0
1.287,52,44329.0,600.0,89.0,600.0,621.0,0.0,1.0,0.0,0.0,0.54,0.021,0.5,0.517,0.556,0.037,0.508,0.532,0.0,0.0,-1.76,-5.35,-0.01,0.0,0.0,0.0,0.0,0.0,0.0,0.0,0.0,1.0,0.0,0.0,0.0,0.0,-0.0,0.0,0.0,0.0,0.0,0.0,0.0,0.0,0.0,161.0,93.0,107.0,161.0,18.0,7.0,12.0,54.0,15.0,0.0,0.0
1.348,52,44381.0,600.0,89.0,600.0,621.0,0.0,1.0,0.0,0.0,0.54,0.021,0.5,0.517,0.556,0.037,0.508,0.532,0.0,0.0,-1.76,-5.35,-0.01,0.0,0.0,0.0,0.0,0.0,0.0,0.0,0.0,1.0,0.0,0.0,0.0,0.0,-0.0,0.0,0.0,0.0,0.0,0.0,0.0,0.0,0.0,161.0,93.0,107.0,161.0,18.0,7.0,12.0,54.0,15.0,0.0,0.0
1.378,53,44434.0,600.0,90.0,600.0,621.0,0.0,1.0,0.0,0.0,0.54,0.021,0.5,0.517,0.556,0.037,0.508,0.532,0.0,0.0,-1.76,-5.34,-0.01,0.0,0.0,0.0,0.0,0.0,0.0,0.0,0.0,1.0,0.0,0.0,0.0,0.0,0.0,0.0,0.0,0.0,0.0,0.0,0.0,0.0,0.0,161.0,93.0,107.0,161.0,18.0,7.0,12.0,54.0,15.0,0.0,0.0
1.447,52,44486.0,600.0,90.0,600.0,621.0,0.0,1.0,0.0,0.0,0.54,0.021,0.5,0.517,0.556,0.037,0.508,0.532,0.0,0.0,-1.76,-5.34,-0.01,0.0,0.0,0.0,0.0,0.0,0.0,0.0,0.0,1.0,0.0,0.0,0.0,0.0,0.0,0.0,0.0,0.0,0.0,0.0,0.0,0.0,0.0,161.0,93.0,107.0,161.0,18.0,7.0,12.0,54.0,15.0,0.0,0.0
1.479,52,44538.0,600.0,90.0,600.0,620.0,0.0,1.0,0.0,0.0,0.519,0.022,0.5,0.517,0.53,0.037,0.508,0.532,0.0,0.0,-1.76,-5.34,-0.01,0.0,0.0,0.0,0.0,0.0,0.0,0.0,0.0,1.0,0.0,0.0,0.0,0.0,0.0,0.0,0.0,0.0,0.0,0.0,0.0,0.0,0.0,161.0,93.0,107.0,161.0,18.0,7.0,12.0,54.0,15.0,0.0,0.0
1.541,52,44590.0,600.0,90.0,600.0,620.0,0.0,1.0,0.0,0.0,0.519,0.022,0.5,0.517,0.53,0.037,0.508,0.532,0.0,0.0,-1.76,-5.34,-0.01,0.0,0.0,0.0,0.0,0.0,0.0,0.0,0.0,1.0,0.0,0.0,0.0,0.0,0.0,0.0,0.0,0.0,0.0,0.0,0.0,0.0,0.0,161.0,93.0,107.0,161.0,18.0,7.0,12.0,54.0,15.0,0.0,1.0
1.605,52,44642.0,600.0,90.0,600.0,620.0,0.0,1.0,0.0,0.0,0.519,0.022,0.5,0.517,0.53,0.037,0.508,0.532,0.0,0.0,-1.76,-5.35,-0.01,0.0,0.0,0.0,0.0,0.0,0.0,0.0,0.0,1.0,0.0,0.0,0.0,0.0,0.0,0.0,0.0,0.0,0.0,0.0,0.0,0.0,0.0,161.0,93.0,107.0,161.0,18.0,7.0,12.0,54.0,15.0,0.0,0.0
1.637,52,44694.0,600.0,90.0,600.0,620.0,0.0,1.0,0.0,0.0,0.519,0.022,0.5,0.517,0.53,0.037,0.508,0.532,0.0,0.0,-1.76,-5.35,-0.01,0.0,0.0,0.0,0.0,0.0,0.0,0.0,0.0,1.0,0.0,0.0,0.0,0.0,0.0,0.0,0.0,0.0,0.0,0.0,0.0,0.0,0.0,161.0,93.0,107.0,161.0,18.0,7.0,12.0,54.0,15.0,0.0,0.0
1.701,53,44747.0,600.0,90.0,600.0,619.0,0.0,1.0,0.0,0.0,0.509,0.022,0.5,0.516,0.518,0.037,0.508,0.531,0.0,0.0,-1.77,-5.35,-0.01,0.0,0.0,0.0,0.0,0.0,0.0,0.0,0.0,1.0,0.0,0.0,0.0,0.0,0.0,0.0,0.0,0.0,0.0,0.0,0.0,0.0,0.0,161.0,93.0,107.0,161.0,18.0,7.0,12.0,54.0,15.0,0.0,0.0
1.763,52,44799.0,600.0,90.0,600.0,619.0,0.0,1.0,0.0,0.0,0.509,0.022,0.5,0.516,0.518,0.037,0.508,0.531,0.0,0.0,-1.77,-5.35,-0.01,0.0,0.0,0.0,0.0,0.0,0.0,0.0,0.0,1.0,0.0,0.0,0.0,0.0,0.0,0.0,0.0,0.0,0.0,0.0,0.0,0.0,0.0,161.0,93.0,107.0,161.0,18.0,7.0,12.0,54.0,15.0,0.0,0.0
1.795,53,44852.0,600.0,90.0,600.0,619.0,0.0,1.0,0.0,0.0,0.509,0.022,0.5,0.516,0.518,0.037,0.508,0.531,0.0,0.0,-1.77,-5.35,-0.01,0.0,0.0,0.0,0.0,0.0,0.0,0.0,0.0,1.0,0.0,0.0,0.0,0.0,0.0,0.0,0.0,0.0,0.0,0.0,0.0,0.0,0.0,161.0,93.0,107.0,161.0,18.0,7.0,12.0,54.0,15.0,0.0,0.0
1.858,51,44903.0,600.0,90.0,600.0,619.0,0.0,1.0,0.0,0.0,0.509,0.022,0.5,0.516,0.518,0.037,0.508,0.531,0.0,0.0,-1.77,-5.35,-0.01,0.0,0.0,0.0,0.0,0.0,0.0,0.0,0.0,1.0,0.0,0.0,0.0,0.0,0.0,0.0,0.0,0.0,0.0,0.0,0.0,0.0,0.0,161.0,93.0,107.0,161.0,18.0,7.0,12.0,54.0,15.0,0.0,0.0
1.92,52,44955.0,600.0,90.0,600.0,621.0,0.0,1.0,0.0,0.0,0.504,0.022,0.5,0.517,0.513,0.037,0.508,0.532,0.0,0.0,-1.77,-5.35,-0.01,0.0,0.0,0.0,0.0,0.0,0.0,0.0,0.0,1.0,0.0,0.0,0.0,0.0,-0.0,0.0,0.0,0.0,0.0,0.0,0.0,0.0,0.0,161.0,93.0,107.0,161.0,18.0,7.0,12.0,54.0,15.0,0.0,0.0
1.951,52,45007.0,600.0,90.0,600.0,621.0,0.0,1.0,0.0,0.0,0.504,0.022,0.5,0.517,0.513,0.037,0.508,0.532,0.0,0.0,-1.76,-5.34,-0.01,0.0,0.0,0.0,0.0,0.0,0.0,0.0,0.0,1.0,0.0,0.0,0.0,0.0,0.0,0.0,0.0,0.0,0.0,0.0,0.0,0.0,0.0,161.0,93.0,107.0,161.0,18.0,7.0,12.0,54.0,15.0,0.0,0.0
2.016,52,45059.0,600.0,89.0,600.0,621.0,0.0,1.0,0.0,0.0,0.504,0.022,0.5,0.517,0.513,0.037,0.508,0.532,0.0,0.0,-1.76,-5.34,-0.01,0.0,0.0,0.0,0.0,0.0,0.0,0.0,0.0,1.0,0.0,0.0,0.0,0.0,0.0,0.0,0.0,0.0,0.0,0.0,0.0,0.0,0.0,161.0,93.0,107.0,161.0,18.0,7.0,12.0,54.0,15.0,0.0,0.0
2.081,51,45110.0,600.0,89.0,600.0,621.0,0.0,1.0,0.0,0.0,0.504,0.022,0.5,0.517,0.513,0.037,0.508,0.532,0.0,0.0,-1.76,-5.34,-0.01,0.0,0.0,0.0,0.0,0.0,0.0,0.0,0.0,1.0,0.0,0.0,0.0,0.0,0.0,0.0,0.0,0.0,0.0,0.0,0.0,0.0,0.0,161.0,93.0,107.0,161.0,18.0,7.0,12.0,54.0,15.0,0.0,1.0
2.112,52,45162.0,600.0,89.0,600.0,623.0,0.0,1.0,0.0,0.0,0.502,0.022,0.5,0.518,0.51,0.036,0.508,0.533,0.0,0.0,-1.76,-5.34,-0.01,0.0,0.0,0.0,0.0,0.0,0.0,0.0,0.0,1.0,0.0,0.0,0.0,0.0,0.0,0.0,0.0,0.0,0.0,0.0,0.0,0.0,0.0,161.0,93.0,107.0,161.0,18.0,7.0,12.0,54.0,15.0,0.0,0.0
2.175,52,45214.0,600.0,89.0,600.0,623.0,0.0,1.0,0.0,0.0,0.502,0.022,0.5,0.518,0.51,0.036,0.508,0.533,0.0,0.0,-1.76,-5.34,-0.01,0.0,0.0,0.0,0.0,0.0,0.0,0.0,0.0,1.0,0.0,0.0,0.0,0.0,0.0,0.0,0.0,0.0,0.0,0.0,0.0,0.0,0.0,161.0,93.0,107.0,161.0,18.0,7.0,12.0,54.0,15.0,0.0,0.0
2.214,52,45266.0,600.0,89.0,600.0,623.0,0.0,1.0,0.0,0.0,0.502,0.022,0.5,0.518,0.51,0.036,0.508,0.533,0.0,0.0,-1.76,-5.34,-0.01,0.0,0.0,0.0,0.0,0.0,0.0,0.0,0.0,1.0,0.0,0.0,0.0,0.0,0.0,0.0,0.0,0.0,0.0,0.0,0.0,0.0,0.0,161.0,93.0,107.0,161.0,18.0,7.0,12.0,54.0,15.0,0.0,0.0
2.279,52,45318.0,600.0,89.0,600.0,623.0,0.0,1.0,0.0,0.0,0.502,0.022,0.5,0.518,0.51,0.036,0.508,0.533,0.0,0.0,-1.76,-5.34,-0.02,0.0,0.0,0.0,0.0,0.0,0.0,0.0,0.0,1.0,0.0,0.0,0.0,0.0,0.0,0.0,0.0,0.0,0.0,0.0,0.0,0.0,0.0,161.0,93.0,107.0,161.0,18.0,7.0,12.0,54.0,15.0,0.0,0.0
2.311,52,45370.0,600.0,89.0,600.0,624.0,0.0,1.0,0.0,0.0,0.501,0.022,0.5,0.519,0.509,0.036,0.508,0.533,0.0,0.0,-1.76,-5.34,-0.01,0.0,0.0,0.0,0.0,0.0,0.0,0.0,0.0,1.0,0.0,0.0,0.0,0.0,0.0,0.0,0.0,0.0,0.0,0.0,0.0,0.0,0.0,161.0,93.0,107.0,161.0,18.0,7.0,12.0,54.0,15.0,0.0,0.0
2.375,52,45422.0,600.0,89.0,600.0,624.0,0.0,1.0,0.0,0.0,0.501,0.022,0.5,0.519,0.509,0.036,0.508,0.533,0.0,0.0,-1.76,-5.34,-0.01,0.0,0.0,0.0,0.0,0.0,0.0,0.0,0.0,1.0,0.0,0.0,0.0,0.0,0.0,0.0,0.0,0.0,0.0,0.0,0.0,0.0,0.0,161.0,93.0,107.0,161.0,18.0,7.0,12.0,54.0,15.0,0.0,1.0
2.438,52,45474.0,600.0,90.0,600.0,624.0,0.0,1.0,0.0,0.0,0.501,0.022,0.5,0.519,0.509,0.036,0.508,0.533,0.0,0.0,-1.76,-5.34,-0.01,0.0,0.0,0.0,0.0,0.0,0.0,0.0,0.0,1.0,0.0,0.0,0.0,0.0,0.0,0.0,0.0,0.0,0.0,0.0,0.0,0.0,0.0,161.0,93.0,107.0,161.0,18.0,7.0,12.0,54.0,15.0,0.0,0.0
2.469,51,45525.0,600.0,90.0,600.0,624.0,0.0,1.0,0.0,0.0,0.501,0.022,0.5,0.519,0.509,0.036,0.508,0.533,0.0,0.0,-1.77,-5.34,-0.01,0.0,0.0,0.0,0.0,0.0,0.0,0.0,0.0,1.0,0.0,0.0,0.0,0.0,0.0,0.0,0.0,0.0,0.0,0.0,0.0,0.0,0.0,161.0,93.0,107.0,161.0,18.0,7.0,12.0,54.0,15.0,0.0,0.0
2.532,52,45577.0,600.0,90.0,600.0,626.0,0.0,1.0,0.0,0.0,0.5,0.022,0.5,0.52,0.508,0.036,0.508,0.535,0.0,0.0,-1.77,-5.34,-0.01,0.0,0.0,0.0,0.0,0.0,0.0,0.0,0.0,1.0,0.0,0.0,0.0,0.0,0.0,0.0,0.0,0.0,0.0,0.0,0.0,0.0,0.0,161.0,93.0,107.0,161.0,18.0,7.0,12.0,54.0,15.0,0.0,0.0
2.595,52,45629.0,600.0,90.0,600.0,626.0,0.0,1.0,0.0,0.0,0.5,0.022,0.5,0.52,0.508,0.036,0.508,0.535,0.0,0.0,-1.77,-5.34,-0.01,0.0,0.0,0.0,0.0,0.0,0.0,0.0,0.0,1.0,0.0,0.0,0.0,0.0,-0.0,0.0,0.0,0.0,0.0,0.0,0.0,0.0,0.0,161.0,93.0,107.0,161.0,18.0,7.0,12.0,54.0,15.0,0.0,0.0
2.628,51,45680.0,600.0,90.0,600.0,626.0,0.0,1.0,0.0,0.0,0.5,0.022,0.5,0.52,0.508,0.036,0.508,0.535,0.0,0.0,-1.77,-5.34,-0.01,0.0,0.0,0.0,0.0,0.0,0.0,0.0,0.0,1.0,0.0,0.0,0.0,0.0,0.0,0.0,0.0,0.0,0.0,0.0,0.0,0.0,0.0,161.0,93.0,107.0,161.0,18.0,7.0,12.0,54.0,15.0,0.0,0.0
2.694,52,45732.0,600.0,90.0,600.0,626.0,0.0,1.0,0.0,0.0,0.5,0.022,0.5,0.52,0.508,0.036,0.508,0.535,0.0,0.0,-1.77,-5.34,-0.01,0.0,0.0,0.0,0.0,0.0,0.0,0.0,0.0,1.0,0.0,0.0,0.0,0.0,0.0,0.0,0.0,0.0,0.0,0.0,0.0,0.0,0.0,161.0,93.0,107.0,161.0,18.0,7.0,12.0,54.0,15.0,0.0,1.0
2.726,52,45784.0,600.0,90.0,600.0,628.0,0.0,1.0,0.0,0.0,0.5,0.022,0.5,0.522,0.508,0.037,0.508,0.536,0.0,0.0,-1.76,-5.34,-0.01,0.0,0.0,0.0,0.0,0.0,0.0,0.0,0.0,1.0,0.0,0.0,0.0,0.0,0.0,0.0,0.0,0.0,0.0,0.0,0.0,0.0,0.0,161.0,93.0,107.0,161.0,18.0,7.0,12.0,54.0,15.0,0.0,0.0
2.788,52,45836.0,600.0,90.0,600.0,628.0,0.0,1.0,0.0,0.0,0.5,0.022,0.5,0.522,0.508,0.037,0.508,0.536,0.0,0.0,-1.76,-5.34,-0.01,0.0,0.0,0.0,0.0,0.0,0.0,0.0,0.0,1.0,0.0,0.0,0.0,0.0,0.0,0.0,0.0,0.0,0.0,0.0,0.0,0.0,0.0,161.0,93.0,107.0,161.0,18.0,7.0,12.0,54.0,15.0,0.0,0.0
2.852,52,45888.0,600.0,90.0,600.0,628.0,0.0,1.0,0.0,0.0,0.5,0.022,0.5,0.522,0.508,0.037,0.508,0.536,0.0,0.0,-1.76,-5.34,-0.01,0.0,0.0,0.0,0.0,0.0,0.0,0.0,0.0,1.0,0.0,0.0,0.0,0.0,-0.0,0.0,0.0,0.0,0.0,0.0,0.0,0.0,0.0,161.0,93.0,107.0,161.0,18.0,7.0,12.0,54.0,15.0,0.0,0.0
2.883,52,45940.0,600.0,90.0,600.0,628.0,0.0,1.0,0.0,0.0,0.5,0.022,0.5,0.522,0.508,0.037,0.508,0.536,0.0,0.0,-1.76,-5.34,-0.01,0.0,0.0,0.0,0.0,0.0,0.0,0.0,0.0,1.0,0.0,0.0,0.0,0.0,0.0,0.0,0.0,0.0,0.0,0.0,0.0,0.0,0.0,161.0,93.0,107.0,161.0,18.0,7.0,12.0,54.0,15.0,0.0,0.0
2.944,52,45992.0,600.0,90.0,600.0,626.0,0.0,1.0,0.0,0.0,0.5,0.022,0.5,0.521,0.508,0.037,0.508,0.536,0.0,0.0,-1.76,-5.34,-0.01,0.0,0.0,0.0,0.0,0.0,0.0,0.0,0.0,1.0,0.0,0.0,0.0,0.0,-0.0,0.0,0.0,0.0,0.0,0.0,0.0,0.0,0.0,161.0,93.0,107.0,161.0,18.0,7.0,12.0,54.0,15.0,0.0,0.0
3.006,52,46044.0,600.0,90.0,600.0,626.0,0.0,1.0,0.0,0.0,0.5,0.022,0.5,0.521,0.508,0.037,0.508,0.536,0.0,0.0,-1.76,-5.34,-0.01,0.0,0.0,0.0,0.0,0.0,0.0,0.0,0.0,1.0,0.0,0.0,0.0,0.0,0.0,0.0,0.0,0.0,0.0,0.0,0.0,0.0,0.0,161.0,93.0,107.0,161.0,18.0,7.0,12.0,54.0,15.0,0.0,0.0
3.038,51,46095.0,600.0,90.0,600.0,626.0,0.0,1.0,0.0,0.0,0.5,0.022,0.5,0.521,0.508,0.037,0.508,0.536,0.0,0.0,-1.76,-5.34,-0.01,0.0,0.0,0.0,0.0,0.0,0.0,0.0,0.0,1.0,0.0,0.0,0.0,0.0,0.0,0.0,0.0,0.0,0.0,0.0,0.0,0.0,0.0,161.0,93.0,107.0,161.0,18.0,7.0,12.0,54.0,15.0,0.0,0.0
3.101,52,46147.0,600.0,90.0,600.0,626.0,0.0,1.0,0.0,0.0,0.5,0.022,0.5,0.521,0.508,0.037,0.508,0.536,0.0,0.0,-1.76,-5.34,-0.02,0.0,0.0,0.0,0.0,0.0,0.0,0.0,0.0,1.0,0.0,0.0,0.0,0.0,0.0,0.0,0.0,0.0,0.0,0.0,0.0,0.0,0.0,161.0,93.0,107.0,161.0,18.0,7.0,12.0,54.0,15.0,0.0,0.0
3.162,52,46199.0,600.0,90.0,600.0,626.0,0.0,1.0,0.0,0.0,0.5,0.022,0.5,0.521,0.508,0.037,0.508,0.536,0.0,0.0,-1.76,-5.34,-0.02,0.0,0.0,0.0,0.0,0.0,0.0,0.0,0.0,1.0,0.0,0.0,0.0,0.0,0.0,0.0,0.0,0.0,0.0,0.0,0.0,0.0,0.0,161.0,93.0,107.0,161.0,18.0,7.0,12.0,54.0,15.0,0.0,0.0
3.193,52,46251.0,600.0,90.0,600.0,626.0,0.0,1.0,0.0,0.0,0.5,0.022,0.5,0.521,0.508,0.037,0.508,0.536,0.0,0.0,-1.76,-5.34,-0.02,0.0,0.0,0.0,0.0,0.0,0.0,0.0,0.0,1.0,0.0,0.0,0.0,0.0,-0.0,0.0,0.0,0.0,0.0,0.0,0.0,0.0,0.0,161.0,93.0,107.0,161.0,18.0,7.0,12.0,54.0,15.0,0.0,1.0
3.257,51,46302.0,600.0,89.0,600.0,626.0,0.0,1.0,0.0,0.0,0.5,0.022,0.5,0.521,0.508,0.037,0.508,0.536,0.0,0.0,-1.76,-5.34,-0.02,0.0,0.0,0.0,0.0,0.0,0.0,0.0,0.0,1.0,0.0,0.0,0.0,0.0,0.0,0.0,0.0,0.0,0.0,0.0,0.0,0.0,0.0,161.0,93.0,107.0,161.0,18.0,7.0,12.0,54.0,15.0,0.0,0.0
3.319,53,46355.0,600.0,89.0,600.0,626.0,0.0,1.0,0.0,0.0,0.5,0.022,0.5,0.521,0.508,0.037,0.508,0.536,0.0,0.0,-1.76,-5.34,-0.01,0.0,0.0,0.0,0.0,0.0,0.0,0.0,0.0,1.0,0.0,0.0,0.0,0.0,0.0,0.0,0.0,0.0,0.0,0.0,0.0,0.0,0.0,161.0,93.0,107.0,161.0,18.0,7.0,12.0,54.0,15.0,0.0,0.0
3.35,52,46407.0,600.0,89.0,600.0,625.0,0.0,1.0,0.0,0.0,0.5,0.022,0.5,0.521,0.508,0.036,0.508,0.535,0.0,0.0,-1.76,-5.34,-0.01,0.0,0.0,0.0,0.0,0.0,0.0,0.0,0.0,1.0,0.0,0.0,0.0,0.0,0.0,0.0,0.0,0.0,0.0,0.0,0.0,0.0,0.0,161.0,93.0,107.0,161.0,18.0,7.0,12.0,54.0,15.0,0.0,0.0
3.412,52,46459.0,600.0,89.0,600.0,625.0,0.0,1.0,0.0,0.0,0.5,0.022,0.5,0.521,0.508,0.036,0.508,0.535,0.0,0.0,-1.76,-5.34,-0.01,0.0,0.0,0.0,0.0,0.0,0.0,0.0,0.0,1.0,0.0,0.0,0.0,0.0,0.0,0.0,0.0,0.0,0.0,0.0,0.0,0.0,0.0,161.0,93.0,107.0,161.0,18.0,7.0,12.0,54.0,15.0,0.0,0.0
3.473,51,46510.0,600.0,89.0,600.0,625.0,0.0,1.0,0.0,0.0,0.5,0.022,0.5,0.521,0.508,0.036,0.508,0.535,0.0,0.0,-1.76,-5.34,-0.01,0.0,0.0,0.0,0.0,0.0,0.0,0.0,0.0,1.0,0.0,0.0,0.0,0.0,0.0,0.0,0.0,0.0,0.0,0.0,0.0,0.0,0.0,161.0,93.0,107.0,161.0,18.0,7.0,12.0,54.0,15.0,0.0,0.0
3.504,53,46563.0,600.0,89.0,600.0,625.0,0.0,1.0,0.0,0.0,0.5,0.022,0.5,0.521,0.508,0.036,0.508,0.535,0.0,0.0,-1.76,-5.34,-0.01,0.0,0.0,0.0,0.0,0.0,0.0,0.0,0.0,1.0,0.0,0.0,0.0,0.0,-0.0,0.0,0.0,0.0,0.0,0.0,0.0,0.0,0.0,161.0,93.0,107.0,161.0,18.0,7.0,12.0,54.0,15.0,0.0,1.0
3.567,52,46615.0,600.0,89.0,600.0,625.0,0.0,1.0,0.0,0.0,0.5,0.022,0.5,0.52,0.508,0.036,0.508,0.535,0.0,0.0,-1.76,-5.34,-0.01,0.0,0.0,0.0,0.0,0.0,0.0,0.0,0.0,1.0,0.0,0.0,0.0,0.0,-0.0,0.0,0.0,0.0,0.0,0.0,0.0,0.0,0.0,161.0,93.0,107.0,161.0,18.0,7.0,12.0,54.0,15.0,0.0,0.0
3.631,52,46667.0,600.0,89.0,600.0,625.0,0.0,1.0,0.0,0.0,0.5,0.022,0.5,0.52,0.508,0.036,0.508,0.535,0.0,0.0,-1.76,-5.34,-0.01,0.0,0.0,0.0,0.0,0.0,0.0,0.0,0.0,1.0,0.0,0.0,0.0,0.0,0.0,0.0,0.0,0.0,0.0,0.0,0.0,0.0,0.0,161.0,93.0,107.0,161.0,18.0,7.0,12.0,54.0,15.0,0.0,0.0
3.663,51,46718.0,600.0,88.0,600.0,625.0,0.0,1.0,0.0,0.0,0.5,0.022,0.5,0.52,0.508,0.036,0.508,0.535,0.0,0.0,-1.76,-5.34,-0.01,0.0,0.0,0.0,0.0,0.0,0.0,0.0,0.0,1.0,0.0,0.0,0.0,0.0,0.0,0.0,0.0,0.0,0.0,0.0,0.0,0.0,0.0,161.0,93.0,107.0,161.0,18.0,7.0,12.0,54.0,15.0,0.0,0.0
3.727,52,46770.0,600.0,88.0,600.0,625.0,0.0,1.0,0.0,0.0,0.5,0.022,0.5,0.52,0.508,0.036,0.508,0.535,0.0,0.0,-1.77,-5.35,-0.01,0.0,0.0,0.0,0.0,0.0,0.0,0.0,0.0,1.0,0.0,0.0,0.0,0.0,0.0,0.0,0.0,0.0,0.0,0.0,0.0,0.0,0.0,161.0,93.0,107.0,161.0,18.0,7.0,12.0,54.0,15.0,0.0,0.0
3.791,52,46822.0,600.0,88.0,600.0,623.0,0.0,1.0,0.0,0.0,0.5,0.021,0.5,0.519,0.508,0.036,0.508,0.534,0.0,0.0,-1.77,-5.35,-0.01,0.0,0.0,0.0,0.0,0.0,0.0,0.0,0.0,1.0,0.0,0.0,0.0,0.0,0.0,0.0,0.0,0.0,0.0,0.0,0.0,0.0,0.0,161.0,93.0,107.0,161.0,18.0,7.0,12.0,54.0,15.0,0.0,0.0
3.822,52,46874.0,600.0,88.0,600.0,623.0,0.0,1.0,0.0,0.0,0.5,0.021,0.5,0.519,0.508,0.036,0.508,0.534,0.0,0.0,-1.77,-5.35,-0.01,0.0,0.0,0.0,0.0,0.0,0.0,0.0,0.0,1.0,0.0,0.0,0.0,0.0,0.0,0.0,0.0,0.0,0.0,0.0,0.0,0.0,0.0,161.0,93.0,107.0,161.0,18.0,7.0,12.0,54.0,15.0,0.0,0.0
3.885,52,46926.0,600.0,90.0,600.0,623.0,0.0,1.0,0.0,0.0,0.5,0.021,0.5,0.519,0.508,0.036,0.508,0.534,0.0,0.0,-1.76,-5.35,-0.01,0.0,0.0,0.0,0.0,0.0,0.0,0.0,0.0,1.0,0.0,0.0,0.0,0.0,-0.0,0.0,0.0,0.0,0.0,0.0,0.0,0.0,0.0,161.0,93.0,107.0,161.0,18.0,7.0,12.0,54.0,15.0,0.0,0.0
3.949,52,46978.0,600.0,90.0,600.0,623.0,0.0,1.0,0.0,0.0,0.5,0.021,0.5,0.519,0.508,0.036,0.508,0.534,0.0,0.0,-1.76,-5.35,-0.01,0.0,0.0,0.0,0.0,0.0,0.0,0.0,0.0,1.0,0.0,0.0,0.0,0.0,-0.0,0.0,0.0,0.0,0.0,0.0,0.0,0.0,0.0,161.0,93.0,107.0,161.0,18.0,7.0,12.0,54.0,15.0,0.0,0.0
3.981,52,47030.0,600.0,90.0,600.0,624.0,0.0,1.0,0.0,0.0,0.5,0.022,0.5,0.519,0.508,0.036,0.508,0.534,0.0,0.0,-1.76,-5.35,-0.01,0.0,0.0,0.0,0.0,0.0,0.0,0.0,0.0,1.0,0.0,0.0,0.0,0.0,0.0,0.0,0.0,0.0,0.0,0.0,0.0,0.0,0.0,161.0,93.0,107.0,161.0,18.0,7.0,12.0,54.0,15.0,0.0,0.0
4.053,52,47082.0,600.0,90.0,600.0,624.0,0.0,1.0,0.0,0.0,0.5,0.022,0.5,0.519,0.508,0.036,0.508,0.534,0.0,0.0,-1.76,-5.35,-0.01,0.0,0.0,0.0,0.0,0.0,0.0,0.0,0.0,1.0,0.0,0.0,0.0,0.0,0.0,0.0,0.0,0.0,0.0,0.0,0.0,0.0,0.0,161.0,93.0,107.0,161.0,18.0,7.0,12.0,54.0,15.0,0.0,1.0
4.085,51,47133.0,600.0,91.0,600.0,624.0,0.0,1.0,0.0,0.0,0.5,0.022,0.5,0.519,0.508,0.036,0.508,0.534,0.0,0.0,-1.76,-5.35,-0.01,0.0,0.0,0.0,0.0,0.0,0.0,0.0,0.0,1.0,0.0,0.0,0.0,0.0,0.0,0.0,0.0,0.0,0.0,0.0,0.0,0.0,0.0,161.0,93.0,107.0,161.0,18.0,7.0,12.0,54.0,15.0,0.0,0.0
4.149,52,47185.0,600.0,91.0,600.0,624.0,0.0,1.0,0.0,0.0,0.5,0.022,0.5,0.519,0.508,0.036,0.508,0.534,0.0,0.0,-1.76,-5.35,-0.01,0.0,0.0,0.0,0.0,0.0,0.0,0.0,0.0,1.0,0.0,0.0,0.0,0.0,0.0,0.0,0.0,0.0,0.0,0.0,0.0,0.0,0.0,161.0,93.0,107.0,161.0,18.0,7.0,12.0,54.0,15.0,0.0,0.0
4.18,52,47237.0,600.0,91.0,600.0,619.0,0.0,1.0,0.0,0.0,0.5,0.022,0.5,0.518,0.508,0.037,0.508,0.532,0.0,0.0,-1.76,-5.35,-0.01,0.0,0.0,0.0,0.0,0.0,0.0,0.0,0.0,1.0,0.0,0.0,0.0,0.0,0.0,0.0,0.0,0.0,0.0,0.0,0.0,0.0,0.0,161.0,93.0,107.0,161.0,18.0,7.0,12.0,54.0,15.0,0.0,0.0
4.252,52,47289.0,600.0,91.0,600.0,619.0,0.0,1.0,0.0,0.0,0.5,0.022,0.5,0.518,0.508,0.037,0.508,0.532,0.0,0.0,-1.76,-5.35,-0.01,0.0,0.0,0.0,0.0,0.0,0.0,0.0,0.0,1.0,0.0,0.0,0.0,0.0,0.0,0.0,0.0,0.0,0.0,0.0,0.0,0.0,0.0,161.0,93.0,107.0,161.0,18.0,7.0,12.0,54.0,15.0,0.0,0.0
4.282,52,47341.0,600.0,92.0,600.0,619.0,0.0,1.0,0.0,0.0,0.5,0.022,0.5,0.518,0.508,0.037,0.508,0.532,0.0,0.0,-1.76,-5.35,-0.01,0.0,0.0,0.0,0.0,0.0,0.0,0.0,0.0,1.0,0.0,0.0,0.0,0.0,0.0,0.0,0.0,0.0,0.0,0.0,0.0,0.0,0.0,161.0,93.0,107.0,161.0,18.0,7.0,12.0,54.0,15.0,0.0,0.0
4.349,53,47394.0,600.0,92.0,600.0,619.0,0.0,1.0,0.0,0.0,0.5,0.022,0.5,0.518,0.508,0.037,0.508,0.532,0.0,0.0,-1.76,-5.35,-0.01,0.0,0.0,0.0,0.0,0.0,0.0,0.0,0.0,1.0,0.0,0.0,0.0,0.0,0.0,0.0,0.0,0.0,0.0,0.0,0.0,0.0,0.0,161.0,93.0,107.0,161.0,18.0,7.0,12.0,54.0,15.0,0.0,0.0
4.417,53,47447.0,600.0,92.0,600.0,619.0,0.0,1.0,0.0,0.0,0.5,0.022,0.5,0.516,0.508,0.037,0.508,0.531,0.0,0.0,-1.76,-5.35,-0.01,0.0,0.0,0.0,0.0,0.0,0.0,0.0,0.0,1.0,0.0,0.0,0.0,0.0,0.0,0.0,0.0,0.0,0.0,0.0,0.0,0.0,0.0,161.0,93.0,107.0,161.0,18.0,7.0,12.0,54.0,15.0,0.0,0.0
4.448,52,47499.0,600.0,92.0,600.0,619.0,0.0,1.0,0.0,0.0,0.5,0.022,0.5,0.516,0.508,0.037,0.508,0.531,0.0,0.0,-1.76,-5.35,-0.01,0.0,0.0,0.0,0.0,0.0,0.0,0.0,0.0,1.0,0.0,0.0,0.0,0.0,0.0,0.0,0.0,0.0,0.0,0.0,0.0,0.0,0.0,161.0,93.0,107.0,161.0,18.0,7.0,12.0,54.0,15.0,0.0,0.0
4.511,51,47550.0,600.0,93.0,600.0,619.0,0.0,1.0,0.0,0.0,0.5,0.022,0.5,0.516,0.508,0.037,0.508,0.531,0.0,0.0,-1.76,-5.35,-0.01,0.0,0.0,0.0,0.0,0.0,0.0,0.0,0.0,1.0,0.0,0.0,0.0,0.0,0.0,0.0,0.0,0.0,0.0,0.0,0.0,0.0,0.0,161.0,93.0,107.0,161.0,18.0,7.0,12.0,54.0,15.0,0.0,0.0
4.545,53,47603.0,600.0,93.0,600.0,619.0,0.0,1.0,0.0,0.0,0.5,0.022,0.5,0.516,0.508,0.037,0.508,0.531,0.0,0.0,-1.76,-5.35,-0.01,0.0,0.0,0.0,0.0,0.0,0.0,0.0,0.0,1.0,0.0,0.0,0.0,0.0,0.0,0.0,0.0,0.0,0.0,0.0,0.0,0.0,0.0,161.0,93.0,107.0,161.0,18.0,7.0,12.0,54.0,15.0,0.0,1.0
4.616,52,47655.0,600.0,93.0,600.0,619.0,0.0,1.0,0.0,0.0,0.5,0.023,0.5,0.516,0.508,0.038,0.508,0.531,0.0,0.0,-1.76,-5.35,-0.01,0.0,0.0,0.0,0.0,0.0,0.0,0.0,0.0,1.0,0.0,0.0,0.0,0.0,0.0,0.0,0.0,0.0,0.0,0.0,0.0,0.0,0.0,161.0,93.0,107.0,161.0,18.0,7.0,12.0,54.0,15.0,0.0,1.0
4.647,52,47707.0,600.0,93.0,600.0,619.0,0.0,1.0,0.0,0.0,0.5,0.023,0.5,0.516,0.508,0.038,0.508,0.531,0.0,0.0,-1.75,-5.35,-0.02,0.0,0.0,0.0,0.0,0.0,0.0,0.0,0.0,1.0,0.0,0.0,0.0,0.0,0.0,0.0,0.0,0.0,0.0,0.0,0.0,0.0,0.0,161.0,93.0,107.0,161.0,18.0,7.0,12.0,54.0,15.0,0.0,0.0
4.709,52,47759.0,600.0,94.0,600.0,619.0,0.0,1.0,0.0,0.0,0.5,0.023,0.5,0.516,0.508,0.038,0.508,0.531,0.0,0.0,-1.75,-5.35,-0.02,0.0,0.0,0.0,0.0,0.0,0.0,0.0,0.0,1.0,0.0,0.0,0.0,0.0,0.0,0.0,0.0,0.0,0.0,0.0,0.0,0.0,0.0,161.0,93.0,107.0,161.0,18.0,7.0,12.0,54.0,15.0,0.0,1.0
4.774,53,47812.0,600.0,94.0,600.0,619.0,0.0,1.0,0.0,0.0,0.5,0.023,0.5,0.516,0.508,0.038,0.508,0.531,0.0,0.0,-1.76,-5.36,-0.01,0.0,0.0,0.0,0.0,0.0,0.0,0.0,0.0,1.0,0.0,0.0,0.0,0.0,0.0,0.0,0.0,0.0,0.0,0.0,0.0,0.0,0.0,161.0,93.0,107.0,161.0,18.0,7.0,12.0,54.0,15.0,0.0,0.0
4.806,52,47864.0,600.0,94.0,600.0,620.0,0.0,1.0,0.0,0.0,0.5,0.024,0.5,0.516,0.508,0.038,0.508,0.531,0.0,0.0,-1.76,-5.35,-0.01,0.0,0.0,0.0,0.0,0.0,0.0,0.0,0.0,1.0,0.0,0.0,0.0,0.0,-0.0,0.0,0.0,0.0,0.0,0.0,0.0,0.0,0.0,161.0,93.0,107.0,161.0,18.0,7.0,12.0,54.0,15.0,0.0,1.0
4.868,53,47917.0,600.0,94.0,600.0,620.0,0.0,1.0,0.0,0.0,0.5,0.024,0.5,0.516,0.508,0.038,0.508,0.531,0.0,0.0,-1.76,-5.35,-0.01,0.0,0.0,0.0,0.0,0.0,0.0,0.0,0.0,1.0,0.0,0.0,0.0,0.0,0.0,0.0,0.0,0.0,0.0,0.0,0.0,0.0,0.0,161.0,93.0,107.0,161.0,18.0,7.0,12.0,54.0,15.0,0.0,0.0
4.932,52,47969.0,600.0,95.0,600.0,620.0,0.0,1.0,0.0,0.0,0.5,0.024,0.5,0.516,0.508,0.038,0.508,0.531,0.0,0.0,-1.76,-5.35,-0.01,0.0,0.0,0.0,0.0,0.0,0.0,0.0,0.0,1.0,0.0,0.0,0.0,0.0,0.0,0.0,0.0,0.0,0.0,0.0,0.0,0.0,0.0,161.0,93.0,107.0,161.0,18.0,7.0,12.0,54.0,15.0,0.0,0.0
4.964,52,48021.0,600.0,95.0,600.0,620.0,0.0,1.0,0.0,0.0,0.5,0.024,0.5,0.516,0.508,0.038,0.508,0.531,0.0,0.0,-1.76,-5.34,-0.01,0.0,0.0,0.0,0.0,0.0,0.0,0.0,0.0,1.0,0.0,0.0,0.0,0.0,0.0,0.0,0.0,0.0,0.0,0.0,0.0,0.0,0.0,161.0,93.0,107.0,161.0,18.0,7.0,12.0,54.0,15.0,0.0,0.0
5.028,52,48073.0,600.0,95.0,600.0,618.0,0.0,1.0,0.0,0.0,0.5,0.024,0.5,0.515,0.508,0.039,0.508,0.53,0.0,0.0,-1.76,-5.34,-0.01,0.0,0.0,0.0,0.0,0.0,0.0,0.0,0.0,1.0,0.0,0.0,0.0,0.0,0.0,0.0,0.0,0.0,0.0,0.0,0.0,0.0,0.0,161.0,93.0,107.0,161.0,18.0,7.0,12.0,54.0,15.0,0.0,1.0
5.09,52,48125.0,600.0,95.0,600.0,618.0,0.0,1.0,0.0,0.0,0.5,0.024,0.5,0.515,0.508,0.039,0.508,0.53,0.0,0.0,-1.76,-5.34,-0.01,0.0,0.0,0.0,0.0,0.0,0.0,0.0,0.0,1.0,0.0,0.0,0.0,0.0,0.0,0.0,0.0,0.0,0.0,0.0,0.0,0.0,0.0,161.0,93.0,107.0,161.0,18.0,7.0,12.0,54.0,15.0,0.0,0.0
5.122,52,48177.0,600.0,94.0,600.0,618.0,0.0,1.0,0.0,0.0,0.5,0.024,0.5,0.515,0.508,0.039,0.508,0.53,0.0,0.0,-1.76,-5.34,-0.01,0.0,0.0,0.0,0.0,0.0,0.0,0.0,0.0,1.0,0.0,0.0,0.0,0.0,0.0,0.0,0.0,0.0,0.0,0.0,0.0,0.0,0.0,161.0,93.0,107.0,161.0,18.0,7.0,12.0,54.0,15.0,0.0,0.0
5.186,54,48231.0,600.0,94.0,600.0,618.0,0.0,1.0,0.0,0.0,0.5,0.024,0.5,0.515,0.508,0.039,0.508,0.53,0.0,0.0,-1.76,-5.34,-0.02,0.0,0.0,0.0,0.0,0.0,0.0,0.0,0.0,1.0,0.0,0.0,0.0,0.0,0.0,0.0,0.0,0.0,0.0,0.0,0.0,0.0,0.0,161.0,93.0,107.0,161.0,18.0,7.0,12.0,54.0,15.0,0.0,1.0
5.251,52,48283.0,600.0,94.0,600.0,621.0,0.0,1.0,0.0,0.0,0.5,0.024,0.5,0.516,0.508,0.039,0.508,0.531,0.0,0.0,-1.76,-5.34,-0.02,0.0,0.0,0.0,0.0,0.0,0.0,0.0,0.0,1.0,0.0,0.0,0.0,0.0,-0.0,0.0,0.0,0.0,0.0,0.0,0.0,0.0,0.0,161.0,93.0,107.0,161.0,18.0,7.0,12.0,54.0,15.0,0.0,1.0
5.283,52,48335.0,600.0,94.0,600.0,621.0,0.0,1.0,0.0,0.0,0.5,0.024,0.5,0.516,0.508,0.039,0.508,0.531,0.0,0.0,-1.76,-5.34,-0.02,0.0,0.0,0.0,0.0,0.0,0.0,0.0,0.0,1.0,0.0,0.0,0.0,0.0,0.0,0.0,0.0,0.0,0.0,0.0,0.0,0.0,0.0,161.0,93.0,107.0,161.0,18.0,7.0,12.0,54.0,15.0,0.0,0.0
5.347,51,48386.0,600.0,95.0,600.0,621.0,0.0,1.0,0.0,0.0,0.5,0.024,0.5,0.516,0.508,0.039,0.508,0.531,0.0,0.0,-1.76,-5.34,-0.02,0.0,0.0,0.0,0.0,0.0,0.0,0.0,0.0,1.0,0.0,0.0,0.0,0.0,0.0,0.0,0.0,0.0,0.0,0.0,0.0,0.0,0.0,161.0,93.0,107.0,161.0,18.0,7.0,12.0,54.0,15.0,0.0,0.0
5.415,54,48440.0,600.0,95.0,600.0,621.0,0.0,1.0,0.0,0.0,0.5,0.024,0.5,0.516,0.508,0.039,0.508,0.531,0.0,0.0,-1.76,-5.34,-0.02,0.0,0.0,0.0,0.0,0.0,0.0,0.0,0.0,1.0,0.0,0.0,0.0,0.0,0.0,0.0,0.0,0.0,0.0,0.0,0.0,0.0,0.0,161.0,93.0,107.0,161.0,18.0,7.0,12.0,54.0,15.0,0.0,1.0
5.447,52,48492.0,600.0,95.0,600.0,619.0,0.0,1.0,0.0,0.0,0.5,0.024,0.5,0.516,0.508,0.039,0.508,0.531,0.0,0.0,-1.75,-5.33,-0.02,0.0,0.0,0.0,0.0,0.0,0.0,0.0,0.0,1.0,0.0,0.0,0.0,0.0,0.0,0.0,0.0,0.0,0.0,0.0,0.0,0.0,0.0,161.0,93.0,107.0,161.0,18.0,7.0,12.0,54.0,15.0,0.0,0.0
5.512,52,48544.0,600.0,95.0,600.0,619.0,0.0,1.0,0.0,0.0,0.5,0.024,0.5,0.516,0.508,0.039,0.508,0.531,0.0,0.0,-1.75,-5.33,-0.02,0.0,0.0,0.0,0.0,0.0,0.0,0.0,0.0,1.0,0.0,0.0,0.0,0.0,0.0,0.0,0.0,0.0,0.0,0.0,0.0,0.0,0.0,161.0,93.0,107.0,161.0,18.0,7.0,12.0,54.0,15.0,0.0,1.0
5.544,52,48596.0,600.0,95.0,600.0,619.0,0.0,1.0,0.0,0.0,0.5,0.024,0.5,0.516,0.508,0.039,0.508,0.531,0.0,0.0,-1.75,-5.33,-0.02,0.0,0.0,0.0,0.0,0.0,0.0,0.0,0.0,1.0,0.0,0.0,0.0,0.0,0.0,0.0,0.0,0.0,0.0,0.0,0.0,0.0,0.0,161.0,93.0,107.0,161.0,18.0,7.0,12.0,54.0,15.0,0.0,0.0
5.609,52,48648.0,600.0,95.0,600.0,619.0,0.0,1.0,0.0,0.0,0.5,0.024,0.5,0.516,0.508,0.039,0.508,0.531,0.0,0.0,-1.75,-5.33,-0.02,0.0,0.0,0.0,0.0,0.0,0.0,0.0,0.0,1.0,0.0,0.0,0.0,0.0,0.0,0.0,0.0,0.0,0.0,0.0,0.0,0.0,0.0,161.0,93.0,107.0,161.0,18.0,7.0,12.0,54.0,15.0,0.0,1.0
5.641,51,48699.0,600.0,95.0,600.0,617.0,0.0,1.0,0.0,0.0,0.5,0.024,0.5,0.515,0.508,0.039,0.508,0.53,0.0,0.0,-1.75,-5.33,-0.02,0.0,0.0,0.0,0.0,0.0,0.0,0.0,0.0,1.0,0.0,0.0,0.0,0.0,0.0,0.0,0.0,0.0,0.0,0.0,0.0,0.0,0.0,161.0,93.0,107.0,161.0,18.0,7.0,12.0,54.0,15.0,0.0,0.0
5.706,53,48752.0,600.0,95.0,600.0,617.0,0.0,1.0,0.0,0.0,0.5,0.024,0.5,0.515,0.508,0.039,0.508,0.53,0.0,0.0,-1.75,-5.34,-0.02,0.0,0.0,0.0,0.0,0.0,0.0,0.0,0.0,1.0,0.0,0.0,0.0,0.0,0.0,0.0,0.0,0.0,0.0,0.0,0.0,0.0,0.0,161.0,93.0,107.0,161.0,18.0,7.0,12.0,54.0,15.0,0.0,0.0
5.772,51,48803.0,600.0,95.0,600.0,617.0,0.0,1.0,0.0,0.0,0.5,0.024,0.5,0.515,0.508,0.039,0.508,0.53,0.0,0.0,-1.75,-5.34,-0.02,0.0,0.0,0.0,0.0,0.0,0.0,0.0,0.0,1.0,0.0,0.0,0.0,0.0,0.0,0.0,0.0,0.0,0.0,0.0,0.0,0.0,0.0,161.0,93.0,107.0,161.0,18.0,7.0,12.0,54.0,15.0,0.0,1.0
5.804,53,48856.0,600.0,95.0,600.0,617.0,0.0,1.0,0.0,0.0,0.5,0.024,0.5,0.515,0.508,0.039,0.508,0.53,0.0,0.0,-1.75,-5.34,-0.02,0.0,0.0,0.0,0.0,0.0,0.0,0.0,0.0,1.0,0.0,0.0,0.0,0.0,0.0,0.0,0.0,0.0,0.0,0.0,0.0,0.0,0.0,161.0,93.0,107.0,161.0,18.0,7.0,12.0,54.0,15.0,0.0,1.0
5.869,52,48908.0,600.0,95.0,600.0,618.0,0.0,1.0,0.0,0.0,0.5,0.025,0.5,0.515,0.508,0.039,0.508,0.529,0.0,0.0,-1.75,-5.34,-0.02,0.0,0.0,0.0,0.0,0.0,0.0,0.0,0.0,1.0,0.0,0.0,0.0,0.0,0.0,0.0,0.0,0.0,0.0,0.0,0.0,0.0,0.0,161.0,93.0,107.0,161.0,18.0,7.0,12.0,54.0,15.0,0.0,0.0
5.902,53,48961.0,600.0,95.0,600.0,618.0,0.0,1.0,0.0,0.0,0.5,0.025,0.5,0.515,0.508,0.039,0.508,0.529,0.0,0.0,-1.75,-5.34,-0.02,0.0,0.0,0.0,0.0,0.0,0.0,0.0,0.0,1.0,0.0,0.0,0.0,0.0,0.0,0.0,0.0,0.0,0.0,0.0,0.0,0.0,0.0,161.0,93.0,107.0,161.0,18.0,7.0,12.0,54.0,15.0,0.0,0.0
5.967,52,49013.0,600.0,96.0,600.0,618.0,0.0,1.0,0.0,0.0,0.5,0.025,0.5,0.515,0.508,0.039,0.508,0.529,0.0,0.0,-1.75,-5.34,-0.02,0.0,0.0,0.0,0.0,0.0,0.0,0.0,0.0,1.0,0.0,0.0,0.0,0.0,0.0,0.0,0.0,0.0,0.0,0.0,0.0,0.0,0.0,161.0,93.0,107.0,161.0,18.0,7.0,12.0,54.0,15.0,0.0,1.0
6.032,52,49065.0,600.0,96.0,600.0,618.0,0.0,1.0,0.0,0.0,0.5,0.025,0.5,0.515,0.508,0.039,0.508,0.529,0.0,0.0,-1.76,-5.34,-0.01,0.0,0.0,0.0,0.0,0.0,0.0,0.0,0.0,1.0,0.0,0.0,0.0,0.0,0.0,0.0,0.0,0.0,0.0,0.0,0.0,0.0,0.0,161.0,93.0,107.0,161.0,18.0,7.0,12.0,54.0,15.0,0.0,0.0
6.064,52,49117.0,600.0,96.0,600.0,617.0,0.0,1.0,0.0,0.0,0.5,0.025,0.5,0.514,0.508,0.039,0.508,0.529,0.0,0.0,-1.76,-5.34,-0.01,0.0,0.0,0.0,0.0,0.0,0.0,0.0,0.0,1.0,0.0,0.0,0.0,0.0,0.0,0.0,0.0,0.0,0.0,0.0,0.0,0.0,0.0,161.0,93.0,107.0,161.0,18.0,7.0,12.0,54.0,15.0,0.0,0.0
6.126,52,49169.0,600.0,96.0,600.0,617.0,0.0,1.0,0.0,0.0,0.5,0.025,0.5,0.514,0.508,0.039,0.508,0.529,0.0,0.0,-1.75,-5.34,-0.02,0.0,0.0,0.0,0.0,0.0,0.0,0.0,0.0,1.0,0.0,0.0,0.0,0.0,0.0,0.0,0.0,0.0,0.0,0.0,0.0,0.0,0.0,161.0,93.0,107.0,161.0,18.0,7.0,12.0,54.0,15.0,0.0,0.0
6.192,51,49220.0,600.0,96.0,600.0,617.0,0.0,1.0,0.0,0.0,0.5,0.025,0.5,0.514,0.508,0.039,0.508,0.529,0.0,0.0,-1.76,-5.34,-0.01,0.0,0.0,0.0,0.0,0.0,0.0,0.0,0.0,1.0,0.0,0.0,0.0,0.0,0.0,0.0,0.0,0.0,0.0,0.0,0.0,0.0,0.0,161.0,93.0,107.0,161.0,18.0,7.0,12.0,54.0,15.0,0.0,0.0
6.224,53,49273.0,600.0,96.0,600.0,617.0,0.0,1.0,0.0,0.0,0.5,0.025,0.5,0.514,0.508,0.039,0.508,0.529,0.0,0.0,-1.76,-5.35,-0.01,0.0,0.0,0.0,0.0,0.0,0.0,0.0,0.0,1.0,0.0,0.0,0.0,0.0,-0.0,0.0,0.0,0.0,0.0,0.0,0.0,0.0,0.0,161.0,93.0,107.0,161.0,18.0,7.0,12.0,54.0,15.0,0.0,0.0
6.289,51,49324.0,600.0,96.0,600.0,618.0,0.0,1.0,0.0,0.0,0.5,0.025,0.5,0.514,0.508,0.04,0.508,0.529,0.0,0.0,-1.76,-5.35,-0.01,0.0,0.0,0.0,0.0,0.0,0.0,0.0,0.0,1.0,0.0,0.0,0.0,0.0,0.0,0.0,0.0,0.0,0.0,0.0,0.0,0.0,0.0,161.0,93.0,107.0,161.0,18.0,7.0,12.0,54.0,15.0,0.0,1.0
6.321,52,49376.0,600.0,96.0,600.0,618.0,0.0,1.0,0.0,0.0,0.5,0.025,0.5,0.514,0.508,0.04,0.508,0.529,0.0,0.0,-1.76,-5.35,-0.01,0.0,0.0,0.0,0.0,0.0,0.0,0.0,0.0,1.0,0.0,0.0,0.0,0.0,0.0,0.0,0.0,0.0,0.0,0.0,0.0,0.0,0.0,161.0,93.0,107.0,161.0,18.0,7.0,12.0,54.0,15.0,0.0,0.0
6.387,52,49428.0,600.0,97.0,600.0,618.0,0.0,1.0,0.0,0.0,0.5,0.025,0.5,0.514,0.508,0.04,0.508,0.529,0.0,0.0,-1.76,-5.35,-0.01,0.0,0.0,0.0,0.0,0.0,0.0,0.0,0.0,1.0,0.0,0.0,0.0,0.0,-0.0,0.0,0.0,0.0,0.0,0.0,0.0,0.0,0.0,161.0,93.0,107.0,161.0,18.0,7.0,12.0,54.0,15.0,0.0,0.0
6.453,53,49481.0,600.0,97.0,600.0,618.0,0.0,1.0,0.0,0.0,0.5,0.025,0.5,0.514,0.508,0.04,0.508,0.529,0.0,0.0,-1.76,-5.35,-0.01,0.0,0.0,0.0,0.0,0.0,0.0,0.0,0.0,1.0,0.0,0.0,0.0,0.0,0.0,0.0,0.0,0.0,0.0,0.0,0.0,0.0,0.0,161.0,93.0,107.0,161.0,18.0,7.0,12.0,54.0,15.0,0.0,0.0
6.485,52,49533.0,600.0,97.0,600.0,619.0,0.0,1.0,0.0,0.0,0.5,0.025,0.5,0.515,0.508,0.04,0.508,0.53,0.0,0.0,-1.76,-5.34,-0.01,0.0,0.0,0.0,0.0,0.0,0.0,0.0,0.0,1.0,0.0,-0.0,0.0,0.0,-0.0,0.0,0.0,0.0,0.0,0.0,0.0,0.0,0.0,161.0,93.0,107.0,161.0,18.0,7.0,12.0,54.0,15.0,0.0,0.0
6.55,52,49585.0,600.0,97.0,600.0,619.0,0.0,1.0,0.0,0.0,0.5,0.025,0.5,0.515,0.508,0.04,0.508,0.53,0.0,0.0,-1.76,-5.34,-0.01,0.0,0.0,0.0,0.0,0.0,0.0,0.0,0.0,1.0,0.0,0.0,0.0,0.0,0.0,0.0,0.0,0.0,0.0,0.0,0.0,0.0,0.0,161.0,93.0,107.0,161.0,18.0,7.0,12.0,54.0,15.0,0.0,0.0
6.582,51,49636.0,600.0,97.0,600.0,619.0,0.0,1.0,0.0,0.0,0.5,0.025,0.5,0.515,0.508,0.04,0.508,0.53,0.0,0.0,-1.76,-5.34,-0.01,0.0,0.0,0.0,0.0,0.0,0.0,0.0,0.0,1.0,0.0,0.0,0.0,0.0,0.0,0.0,0.0,0.0,0.0,0.0,0.0,0.0,0.0,161.0,93.0,107.0,161.0,18.0,7.0,12.0,54.0,15.0,0.0,0.0
6.647,53,49689.0,600.0,97.0,600.0,619.0,0.0,1.0,0.0,0.0,0.5,0.025,0.5,0.515,0.508,0.04,0.508,0.53,0.0,0.0,-1.76,-5.34,-0.02,0.0,0.0,0.0,0.0,0.0,0.0,0.0,0.0,1.0,0.0,0.0,0.0,0.0,0.0,0.0,0.0,0.0,0.0,0.0,0.0,0.0,0.0,161.0,93.0,107.0,161.0,18.0,7.0,12.0,54.0,15.0,0.0,0.0
6.712,52,49741.0,600.0,97.0,600.0,620.0,0.0,1.0,0.0,0.0,0.5,0.025,0.5,0.516,0.508,0.04,0.508,0.53,0.0,0.0,-1.76,-5.34,-0.02,0.0,0.0,0.0,0.0,0.0,0.0,0.0,0.0,1.0,0.0,0.0,0.0,0.0,0.0,0.0,0.0,0.0,0.0,0.0,0.0,0.0,0.0,161.0,93.0,107.0,161.0,18.0,7.0,12.0,54.0,15.0,0.0,0.0
6.744,52,49793.0,600.0,97.0,600.0,620.0,0.0,1.0,0.0,0.0,0.5,0.025,0.5,0.516,0.508,0.04,0.508,0.53,0.0,0.0,-1.76,-5.34,-0.02,0.0,0.0,0.0,0.0,0.0,0.0,0.0,0.0,1.0,0.0,0.0,0.0,0.0,0.0,0.0,0.0,0.0,0.0,0.0,0.0,0.0,0.0,161.0,93.0,107.0,161.0,18.0,7.0,12.0,54.0,15.0,0.0,0.0
6.81,51,49844.0,600.0,97.0,600.0,620.0,0.0,1.0,0.0,0.0,0.5,0.025,0.5,0.516,0.508,0.04,0.508,0.53,0.0,0.0,-1.76,-5.34,-0.02,0.0,0.0,0.0,0.0,0.0,0.0,0.0,0.0,1.0,0.0,0.0,0.0,0.0,0.0,0.0,0.0,0.0,0.0,0.0,0.0,0.0,0.0,161.0,93.0,107.0,161.0,18.0,7.0,12.0,54.0,15.0,0.0,1.0
6.843,53,49897.0,600.0,97.0,600.0,620.0,0.0,1.0,0.0,0.0,0.5,0.025,0.5,0.516,0.508,0.04,0.508,0.53,0.0,0.0,-1.76,-5.34,-0.02,0.0,0.0,0.0,0.0,0.0,0.0,0.0,0.0,1.0,0.0,0.0,0.0,0.0,0.0,0.0,0.0,0.0,0.0,0.0,0.0,0.0,0.0,161.0,93.0,107.0,161.0,18.0,7.0,12.0,54.0,15.0,0.0,0.0
6.907,52,49949.0,600.0,97.0,600.0,621.0,0.0,1.0,0.0,0.0,0.5,0.025,0.5,0.516,0.508,0.04,0.508,0.531,0.0,0.0,-1.76,-5.34,-0.02,0.0,0.0,0.0,0.0,0.0,0.0,0.0,0.0,1.0,0.0,0.0,0.0,0.0,0.0,0.0,0.0,0.0,0.0,0.0,0.0,0.0,0.0,161.0,93.0,107.0,161.0,18.0,7.0,12.0,54.0,15.0,0.0,0.0
6.973,53,50002.0,600.0,97.0,600.0,621.0,0.0,1.0,0.0,0.0,0.5,0.025,0.5,0.516,0.508,0.04,0.508,0.531,0.0,0.0,-1.76,-5.34,-0.02,0.0,0.0,0.0,0.0,0.0,0.0,0.0,0.0,1.0,0.0,0.0,0.0,0.0,0.0,0.0,0.0,0.0,0.0,0.0,0.0,0.0,0.0,161.0,93.0,107.0,161.0,18.0,7.0,12.0,54.0,15.0,0.0,0.0
7.012,51,50053.0,600.0,97.0,600.0,621.0,0.0,1.0,0.0,0.0,0.5,0.025,0.5,0.516,0.508,0.04,0.508,0.531,0.0,0.0,-1.76,-5.34,-0.02,0.0,0.0,0.0,0.0,0.0,0.0,0.0,0.0,1.0,0.0,0.0,0.0,0.0,0.0,0.0,0.0,0.0,0.0,0.0,0.0,0.0,0.0,161.0,93.0,107.0,161.0,18.0,7.0,12.0,54.0,15.0,0.0,0.0
7.046,53,50106.0,600.0,97.0,600.0,621.0,0.0,1.0,0.0,0.0,0.5,0.025,0.5,0.516,0.508,0.04,0.508,0.531,0.0,0.0,-1.76,-5.34,-0.01,0.0,0.0,0.0,0.0,0.0,0.0,0.0,0.0,1.0,0.0,0.0,0.0,0.0,0.0,0.0,0.0,0.0,0.0,0.0,0.0,0.0,0.0,161.0,93.0,107.0,161.0,18.0,7.0,12.0,54.0,15.0,0.0,0.0
7.11,51,50157.0,600.0,97.0,600.0,622.0,0.0,1.0,0.0,0.0,0.5,0.025,0.5,0.517,0.508,0.04,0.508,0.532,0.0,0.0,-1.75,-5.34,-0.02,0.0,0.0,0.0,0.0,0.0,0.0,0.0,0.0,1.0,0.0,0.0,0.0,0.0,0.0,0.0,0.0,0.0,0.0,0.0,0.0,0.0,0.0,161.0,93.0,107.0,161.0,18.0,7.0,12.0,54.0,15.0,0.0,0.0
7.175,52,50209.0,600.0,97.0,600.0,622.0,0.0,1.0,0.0,0.0,0.5,0.025,0.5,0.517,0.508,0.04,0.508,0.532,0.0,0.0,-1.75,-5.34,-0.02,0.0,0.0,0.0,0.0,0.0,0.0,0.0,0.0,1.0,0.0,0.0,0.0,0.0,0.0,0.0,0.0,0.0,0.0,0.0,0.0,0.0,0.0,161.0,93.0,107.0,161.0,18.0,7.0,12.0,54.0,15.0,0.0,0.0
7.207,52,50261.0,600.0,98.0,600.0,622.0,0.0,1.0,0.0,0.0,0.5,0.025,0.5,0.517,0.508,0.04,0.508,0.532,0.0,0.0,-1.75,-5.34,-0.02,0.0,0.0,0.0,0.0,0.0,0.0,0.0,0.0,1.0,0.0,0.0,0.0,0.0,0.0,0.0,0.0,0.0,0.0,0.0,0.0,0.0,0.0,161.0,93.0,107.0,161.0,18.0,7.0,12.0,54.0,15.0,0.0,1.0
7.271,52,50313.0,600.0,98.0,600.0,622.0,0.0,1.0,0.0,0.0,0.5,0.025,0.5,0.517,0.508,0.04,0.508,0.532,0.0,0.0,-1.75,-5.34,-0.02,0.0,0.0,0.0,0.0,0.0,0.0,0.0,0.0,1.0,0.0,0.0,0.0,0.0,0.0,0.0,0.0,0.0,0.0,0.0,0.0,0.0,0.0,161.0,93.0,107.0,161.0,18.0,7.0,12.0,54.0,15.0,0.0,0.0
7.333,52,50365.0,600.0,98.0,600.0,622.0,0.0,1.0,0.0,0.0,0.5,0.026,0.5,0.518,0.508,0.04,0.508,0.532,0.0,0.0,-1.76,-5.34,-0.02,0.0,0.0,0.0,0.0,0.0,0.0,0.0,0.0,1.0,0.0,0.0,0.0,0.0,0.0,0.0,0.0,0.0,0.0,0.0,0.0,0.0,0.0,161.0,93.0,107.0,161.0,18.0,7.0,12.0,54.0,15.0,0.0,1.0
7.366,52,50417.0,600.0,98.0,600.0,622.0,0.0,1.0,0.0,0.0,0.5,0.026,0.5,0.518,0.508,0.04,0.508,0.532,0.0,0.0,-1.76,-5.34,-0.02,0.0,0.0,0.0,0.0,0.0,0.0,0.0,0.0,1.0,0.0,0.0,0.0,0.0,0.0,0.0,0.0,0.0,0.0,0.0,0.0,0.0,0.0,161.0,93.0,107.0,161.0,18.0,7.0,12.0,54.0,15.0,0.0,0.0
7.431,52,50469.0,600.0,97.0,600.0,622.0,0.0,1.0,0.0,0.0,0.5,0.026,0.5,0.518,0.508,0.04,0.508,0.532,0.0,0.0,-1.75,-5.34,-0.02,0.0,0.0,0.0,0.0,0.0,0.0,0.0,0.0,1.0,0.0,0.0,0.0,0.0,0.0,0.0,0.0,0.0,0.0,0.0,0.0,0.0,0.0,161.0,93.0,107.0,161.0,18.0,7.0,12.0,54.0,15.0,0.0,0.0
7.464,53,50522.0,600.0,97.0,600.0,622.0,0.0,1.0,0.0,0.0,0.5,0.026,0.5,0.518,0.508,0.04,0.508,0.532,0.0,0.0,-1.75,-5.34,-0.02,0.0,0.0,0.0,0.0,0.0,0.0,0.0,0.0,1.0,0.0,0.0,0.0,0.0,0.0,0.0,0.0,0.0,0.0,0.0,0.0,0.0,0.0,161.0,93.0,107.0,161.0,18.0,7.0,12.0,54.0,15.0,0.0,0.0
7.528,54,50576.0,600.0,97.0,600.0,624.0,0.0,1.0,0.0,0.0,0.5,0.025,0.5,0.519,0.508,0.04,0.508,0.533,0.0,0.0,-1.76,-5.34,-0.02,0.0,0.0,0.0,0.0,0.0,0.0,0.0,0.0,1.0,0.0,0.0,0.0,0.0,0.0,0.0,0.0,0.0,0.0,0.0,0.0,0.0,0.0,161.0,93.0,107.0,161.0,18.0,7.0,12.0,54.0,15.0,0.0,1.0
7.593,52,50628.0,600.0,97.0,600.0,624.0,0.0,1.0,0.0,0.0,0.5,0.025,0.5,0.519,0.508,0.04,0.508,0.533,0.0,0.0,-1.76,-5.34,-0.02,0.0,0.0,0.0,0.0,0.0,0.0,0.0,0.0,1.0,0.0,0.0,0.0,0.0,0.0,0.0,0.0,0.0,0.0,0.0,0.0,0.0,0.0,161.0,93.0,107.0,161.0,18.0,7.0,12.0,54.0,15.0,0.0,0.0
7.626,52,50680.0,600.0,97.0,600.0,624.0,0.0,1.0,0.0,0.0,0.5,0.025,0.5,0.519,0.508,0.04,0.508,0.533,0.0,0.0,-1.76,-5.34,-0.02,0.0,0.0,0.0,0.0,0.0,0.0,0.0,0.0,1.0,0.0,0.0,0.0,0.0,0.0,0.0,0.0,0.0,0.0,0.0,0.0,0.0,0.0,161.0,93.0,107.0,161.0,18.0,7.0,12.0,54.0,15.0,0.0,1.0
7.688,53,50733.0,600.0,97.0,600.0,624.0,0.0,1.0,0.0,0.0,0.5,0.025,0.5,0.519,0.508,0.04,0.508,0.533,0.0,0.0,-1.76,-5.34,-0.01,0.0,0.0,0.0,0.0,0.0,0.0,0.0,0.0,1.0,0.0,0.0,0.0,0.0,-0.0,0.0,0.0,0.0,0.0,0.0,0.0,0.0,0.0,161.0,93.0,107.0,161.0,18.0,7.0,12.0,54.0,15.0,0.0,0.0
7.752,52,50785.0,600.0,97.0,600.0,624.0,0.0,1.0,0.0,0.0,0.5,0.025,0.5,0.519,0.508,0.04,0.508,0.534,0.0,0.0,-1.76,-5.34,-0.01,0.0,0.0,0.0,0.0,0.0,0.0,0.0,0.0,1.0,0.0,0.0,0.0,0.0,0.0,0.0,0.0,0.0,0.0,0.0,0.0,0.0,0.0,161.0,93.0,107.0,161.0,18.0,7.0,12.0,54.0,15.0,0.0,0.0
7.784,52,50837.0,600.0,97.0,600.0,624.0,0.0,1.0,0.0,0.0,0.5,0.025,0.5,0.519,0.508,0.04,0.508,0.534,0.0,0.0,-1.76,-5.33,-0.01,0.0,0.0,0.0,0.0,0.0,0.0,0.0,0.0,1.0,0.0,0.0,0.0,0.0,0.0,0.0,0.0,0.0,0.0,0.0,0.0,0.0,0.0,161.0,93.0,107.0,161.0,18.0,7.0,12.0,54.0,15.0,0.0,0.0
7.859,52,50889.0,600.0,97.0,600.0,624.0,0.0,1.0,0.0,0.0,0.5,0.025,0.5,0.519,0.508,0.04,0.508,0.534,0.0,0.0,-1.76,-5.33,-0.01,0.0,0.0,0.0,0.0,0.0,0.0,0.0,0.0,1.0,0.0,0.0,0.0,0.0,-0.0,0.0,0.0,0.0,0.0,0.0,0.0,0.0,0.0,161.0,93.0,107.0,161.0,18.0,7.0,12.0,54.0,15.0,0.0,0.0
7.891,51,50940.0,600.0,97.0,600.0,624.0,0.0,1.0,0.0,0.0,0.5,0.025,0.5,0.519,0.508,0.04,0.508,0.534,0.0,0.0,-1.76,-5.34,-0.01,0.0,0.0,0.0,0.0,0.0,0.0,0.0,0.0,1.0,0.0,0.0,0.0,0.0,-0.0,0.0,0.0,0.0,0.0,0.0,0.0,0.0,0.0,161.0,93.0,107.0,161.0,18.0,7.0,12.0,54.0,15.0,0.0,0.0
7.956,52,50992.0,600.0,97.0,600.0,622.0,0.0,1.0,0.0,0.0,0.5,0.025,0.5,0.519,0.508,0.04,0.508,0.533,0.0,0.0,-1.77,-5.34,-0.01,0.0,0.0,0.0,0.0,0.0,0.0,0.0,0.0,1.0,0.0,0.0,0.0,0.0,0.0,0.0,0.0,0.0,0.0,0.0,0.0,0.0,0.0,161.0,93.0,107.0,161.0,18.0,7.0,12.0,54.0,15.0,0.0,0.0
7.988,52,51044.0,600.0,97.0,600.0,622.0,0.0,1.0,0.0,0.0,0.5,0.025,0.5,0.519,0.508,0.04,0.508,0.533,0.0,0.0,-1.77,-5.34,-0.01,0.0,0.0,0.0,0.0,0.0,0.0,0.0,0.0,1.0,0.0,0.0,0.0,0.0,0.0,0.0,0.0,0.0,0.0,0.0,0.0,0.0,0.0,161.0,93.0,107.0,161.0,18.0,7.0,12.0,54.0,15.0,0.0,1.0
8.054,52,51096.0,600.0,96.0,600.0,622.0,0.0,1.0,0.0,0.0,0.5,0.025,0.5,0.519,0.508,0.04,0.508,0.533,0.0,0.0,-1.77,-5.34,-0.01,0.0,0.0,0.0,0.0,0.0,0.0,0.0,0.0,1.0,0.0,0.0,0.0,0.0,0.0,0.0,0.0,0.0,0.0,0.0,0.0,0.0,0.0,161.0,93.0,107.0,161.0,18.0,7.0,12.0,54.0,15.0,0.0,0.0
8.119,52,51148.0,600.0,96.0,600.0,622.0,0.0,1.0,0.0,0.0,0.5,0.025,0.5,0.519,0.508,0.04,0.508,0.533,0.0,0.0,-1.77,-5.34,-0.01,0.0,0.0,0.0,0.0,0.0,0.0,0.0,0.0,1.0,0.0,0.0,0.0,0.0,-0.0,0.0,0.0,0.0,0.0,0.0,0.0,0.0,0.0,161.0,93.0,107.0,161.0,18.0,7.0,12.0,54.0,15.0,0.0,0.0
8.151,52,51200.0,600.0,96.0,600.0,621.0,0.0,1.0,0.0,0.0,0.5,0.025,0.5,0.518,0.508,0.04,0.508,0.533,0.0,0.0,-1.77,-5.34,-0.01,0.0,0.0,0.0,0.0,0.0,0.0,0.0,0.0,1.0,0.0,0.0,0.0,0.0,0.0,0.0,0.0,0.0,0.0,0.0,0.0,0.0,0.0,161.0,93.0,107.0,161.0,18.0,7.0,12.0,54.0,15.0,0.0,0.0
8.22,52,51252.0,600.0,96.0,600.0,621.0,0.0,1.0,0.0,0.0,0.5,0.025,0.5,0.518,0.508,0.04,0.508,0.533,0.0,0.0,-1.78,-5.34,-0.02,0.0,0.0,0.0,0.0,0.0,0.0,0.0,0.0,1.0,0.0,0.0,0.0,0.0,0.0,0.0,0.0,0.0,0.0,0.0,0.0,0.0,0.0,161.0,93.0,107.0,161.0,18.0,7.0,12.0,54.0,15.0,0.0,0.0
8.251,51,51303.0,600.0,95.0,600.0,621.0,0.0,1.0,0.0,0.0,0.5,0.025,0.5,0.518,0.508,0.04,0.508,0.533,0.0,0.0,-1.78,-5.34,-0.02,0.0,0.0,0.0,0.0,0.0,0.0,0.0,0.0,1.0,0.0,0.0,0.0,0.0,0.0,0.0,0.0,0.0,0.0,0.0,0.0,0.0,0.0,161.0,93.0,107.0,161.0,18.0,7.0,12.0,54.0,15.0,0.0,0.0
8.317,52,51355.0,600.0,95.0,600.0,621.0,0.0,1.0,0.0,0.0,0.5,0.025,0.5,0.518,0.508,0.04,0.508,0.533,0.0,0.0,-1.78,-5.34,-0.02,0.0,0.0,0.0,0.0,0.0,0.0,0.0,0.0,1.0,0.0,0.0,0.0,0.0,0.0,0.0,0.0,0.0,0.0,0.0,0.0,0.0,0.0,161.0,93.0,107.0,161.0,18.0,7.0,12.0,54.0,15.0,0.0,1.0
8.351,52,51407.0,600.0,95.0,600.0,621.0,0.0,1.0,0.0,0.0,0.5,0.025,0.5,0.518,0.508,0.039,0.508,0.532,0.0,0.0,-1.78,-5.34,-0.02,0.0,0.0,0.0,0.0,0.0,0.0,0.0,0.0,1.0,0.0,0.0,0.0,0.0,0.0,0.0,0.0,0.0,0.0,0.0,0.0,0.0,0.0,161.0,93.0,107.0,161.0,18.0,7.0,12.0,54.0,15.0,0.0,0.0
8.424,52,51459.0,600.0,95.0,600.0,621.0,0.0,1.0,0.0,0.0,0.5,0.025,0.5,0.518,0.508,0.039,0.508,0.532,0.0,0.0,-1.78,-5.34,-0.02,0.0,0.0,0.0,0.0,0.0,0.0,0.0,0.0,1.0,0.0,0.0,0.0,0.0,0.0,0.0,0.0,0.0,0.0,0.0,0.0,0.0,0.0,161.0,93.0,107.0,161.0,18.0,7.0,12.0,54.0,15.0,0.0,0.0
8.457,52,51511.0,600.0,95.0,600.0,621.0,0.0,1.0,0.0,0.0,0.5,0.025,0.5,0.518,0.508,0.039,0.508,0.532,0.0,0.0,-1.78,-5.35,-0.02,0.0,0.0,0.0,0.0,0.0,0.0,0.0,0.0,1.0,0.0,0.0,0.0,0.0,0.0,0.0,0.0,0.0,0.0,0.0,0.0,0.0,0.0,161.0,93.0,107.0,161.0,18.0,7.0,12.0,54.0,15.0,0.0,0.0
8.522,52,51563.0,600.0,95.0,600.0,621.0,0.0,1.0,0.0,0.0,0.5,0.025,0.5,0.518,0.508,0.039,0.508,0.532,0.0,0.0,-1.78,-5.35,-0.02,0.0,0.0,0.0,0.0,0.0,0.0,0.0,0.0,1.0,0.0,0.0,0.0,0.0,0.0,0.0,0.0,0.0,0.0,0.0,0.0,0.0,0.0,161.0,93.0,107.0,161.0,18.0,7.0,12.0,54.0,15.0,0.0,0.0
8.588,52,51615.0,600.0,95.0,600.0,619.0,0.0,1.0,0.0,0.0,0.5,0.025,0.5,0.516,0.508,0.039,0.508,0.531,0.0,0.0,-1.78,-5.35,-0.02,0.0,0.0,0.0,0.0,0.0,0.0,0.0,0.0,1.0,0.0,0.0,0.0,0.0,0.0,0.0,0.0,0.0,0.0,0.0,0.0,0.0,0.0,161.0,93.0,107.0,161.0,18.0,7.0,12.0,54.0,15.0,0.0,0.0
8.626,52,51667.0,600.0,95.0,600.0,619.0,0.0,1.0,0.0,0.0,0.5,0.025,0.5,0.516,0.508,0.039,0.508,0.531,0.0,0.0,-1.78,-5.35,-0.02,0.0,0.0,0.0,0.0,0.0,0.0,0.0,0.0,1.0,0.0,0.0,0.0,0.0,0.0,0.0,0.0,0.0,0.0,0.0,0.0,0.0,0.0,161.0,93.0,107.0,161.0,18.0,7.0,12.0,54.0,15.0,0.0,0.0
8.691,52,51719.0,600.0,95.0,600.0,619.0,0.0,1.0,0.0,0.0,0.5,0.025,0.5,0.516,0.508,0.039,0.508,0.531,0.0,0.0,-1.78,-5.35,-0.02,0.0,0.0,0.0,0.0,0.0,0.0,0.0,0.0,1.0,0.0,0.0,0.0,0.0,0.0,0.0,0.0,0.0,0.0,0.0,0.0,0.0,0.0,161.0,93.0,107.0,161.0,18.0,7.0,12.0,54.0,15.0,0.0,0.0
8.723,52,51771.0,600.0,95.0,600.0,619.0,0.0,1.0,0.0,0.0,0.5,0.025,0.5,0.516,0.508,0.039,0.508,0.531,0.0,0.0,-1.77,-5.35,-0.02,0.0,0.0,0.0,0.0,0.0,0.0,0.0,0.0,1.0,0.0,0.0,0.0,0.0,-0.0,0.0,0.0,0.0,0.0,0.0,0.0,0.0,0.0,161.0,93.0,107.0,161.0,18.0,7.0,12.0,54.0,15.0,0.0,0.0
8.789,52,51823.0,600.0,95.0,600.0,618.0,0.0,1.0,0.0,0.0,0.5,0.025,0.5,0.516,0.508,0.039,0.508,0.53,0.0,0.0,-1.77,-5.35,-0.02,0.0,0.0,0.0,0.0,0.0,0.0,0.0,0.0,1.0,0.0,0.0,0.0,0.0,0.0,0.0,0.0,0.0,0.0,0.0,0.0,0.0,0.0,161.0,93.0,107.0,161.0,18.0,7.0,12.0,54.0,15.0,0.0,0.0
8.824,52,51875.0,600.0,95.0,600.0,618.0,0.0,1.0,0.0,0.0,0.5,0.025,0.5,0.516,0.508,0.039,0.508,0.53,0.0,0.0,-1.76,-5.35,-0.02,0.0,0.0,0.0,0.0,0.0,0.0,0.0,0.0,1.0,0.0,0.0,0.0,0.0,0.0,0.0,0.0,0.0,0.0,0.0,0.0,0.0,0.0,161.0,93.0,107.0,161.0,18.0,7.0,12.0,54.0,15.0,0.0,0.0
8.889,51,51926.0,600.0,95.0,600.0,618.0,0.0,1.0,0.0,0.0,0.5,0.025,0.5,0.516,0.508,0.039,0.508,0.53,0.0,0.0,-1.76,-5.35,-0.02,0.0,0.0,0.0,0.0,0.0,0.0,0.0,0.0,1.0,0.0,0.0,0.0,0.0,0.0,0.0,0.0,0.0,0.0,0.0,0.0,0.0,0.0,161.0,93.0,107.0,161.0,18.0,7.0,12.0,54.0,15.0,0.0,0.0
8.922,53,51979.0,600.0,95.0,600.0,618.0,0.0,1.0,0.0,0.0,0.5,0.025,0.5,0.516,0.508,0.039,0.508,0.53,0.0,0.0,-1.76,-5.36,-0.02,0.0,0.0,0.0,0.0,0.0,0.0,0.0,0.0,1.0,0.0,0.0,0.0,0.0,0.0,0.0,0.0,0.0,0.0,0.0,0.0,0.0,0.0,161.0,93.0,107.0,161.0,18.0,7.0,12.0,54.0,15.0,0.0,0.0
8.987,52,52031.0,600.0,95.0,600.0,618.0,0.0,1.0,0.0,0.0,0.5,0.024,0.5,0.515,0.508,0.039,0.508,0.53,0.0,0.0,-1.76,-5.36,-0.02,0.0,0.0,0.0,0.0,0.0,0.0,0.0,0.0,1.0,0.0,0.0,0.0,0.0,0.0,0.0,0.0,0.0,0.0,0.0,0.0,0.0,0.0,161.0,93.0,107.0,161.0,18.0,7.0,12.0,54.0,15.0,0.0,0.0
9.06,52,52083.0,600.0,95.0,600.0,618.0,0.0,1.0,0.0,0.0,0.5,0.024,0.5,0.515,0.508,0.039,0.508,0.53,0.0,0.0,-1.76,-5.36,-0.02,0.0,0.0,0.0,0.0,0.0,0.0,0.0,0.0,1.0,0.0,0.0,0.0,0.0,0.0,0.0,0.0,0.0,0.0,0.0,0.0,0.0,0.0,161.0,93.0,107.0,161.0,18.0,7.0,12.0,54.0,15.0,0.0,0.0
9.092,52,52135.0,600.0,96.0,600.0,618.0,0.0,1.0,0.0,0.0,0.5,0.024,0.5,0.515,0.508,0.039,0.508,0.53,0.0,0.0,-1.76,-5.36,-0.02,0.0,0.0,0.0,0.0,0.0,0.0,0.0,0.0,1.0,0.0,0.0,0.0,0.0,0.0,0.0,0.0,0.0,0.0,0.0,0.0,0.0,0.0,161.0,93.0,107.0,161.0,18.0,7.0,12.0,54.0,15.0,0.0,0.0
9.157,52,52187.0,600.0,96.0,600.0,618.0,0.0,1.0,0.0,0.0,0.5,0.024,0.5,0.515,0.508,0.039,0.508,0.53,0.0,0.0,-1.76,-5.36,-0.02,0.0,0.0,0.0,0.0,0.0,0.0,0.0,0.0,1.0,0.0,0.0,0.0,0.0,0.0,0.0,0.0,0.0,0.0,0.0,0.0,0.0,0.0,161.0,93.0,107.0,161.0,18.0,7.0,12.0,54.0,15.0,0.0,0.0
9.189,52,52239.0,600.0,96.0,600.0,620.0,0.0,1.0,0.0,0.0,0.5,0.025,0.5,0.516,0.508,0.039,0.508,0.53,0.0,0.0,-1.76,-5.36,-0.02,0.0,0.0,0.0,0.0,0.0,0.0,0.0,0.0,1.0,0.0,0.0,0.0,0.0,0.0,0.0,0.0,0.0,0.0,0.0,0.0,0.0,0.0,161.0,93.0,107.0,161.0,18.0,7.0,12.0,54.0,15.0,0.0,0.0
9.255,52,52291.0,600.0,96.0,600.0,620.0,0.0,1.0,0.0,0.0,0.5,0.025,0.5,0.516,0.508,0.039,0.508,0.53,0.0,0.0,-1.75,-5.36,-0.02,0.0,0.0,0.0,0.0,0.0,0.0,0.0,0.0,1.0,0.0,0.0,0.0,0.0,0.0,0.0,0.0,0.0,0.0,0.0,0.0,0.0,0.0,161.0,93.0,107.0,161.0,18.0,7.0,12.0,54.0,15.0,0.0,0.0
9.288,51,52342.0,600.0,96.0,600.0,620.0,0.0,1.0,0.0,0.0,0.5,0.025,0.5,0.516,0.508,0.039,0.508,0.53,0.0,0.0,-1.75,-5.36,-0.02,0.0,0.0,0.0,0.0,0.0,0.0,0.0,0.0,1.0,0.0,0.0,0.0,0.0,0.0,0.0,0.0,0.0,0.0,0.0,0.0,0.0,0.0,161.0,93.0,107.0,161.0,18.0,7.0,12.0,54.0,15.0,0.0,0.0
9.352,52,52394.0,600.0,96.0,600.0,620.0,0.0,1.0,0.0,0.0,0.5,0.025,0.5,0.516,0.508,0.039,0.508,0.53,0.0,0.0,-1.75,-5.36,-0.02,0.0,0.0,0.0,0.0,0.0,0.0,0.0,0.0,1.0,0.0,0.0,0.0,0.0,0.0,0.0,0.0,0.0,0.0,0.0,0.0,0.0,0.0,161.0,93.0,107.0,161.0,18.0,7.0,12.0,54.0,15.0,0.0,0.0
9.419,52,52446.0,600.0,96.0,600.0,622.0,0.0,1.0,0.0,0.0,0.5,0.025,0.5,0.517,0.508,0.039,0.508,0.531,0.0,0.0,-1.75,-5.36,-0.02,0.0,0.0,0.0,0.0,0.0,0.0,0.0,0.0,1.0,0.0,0.0,0.0,0.0,-0.0,0.0,0.0,0.0,0.0,0.0,0.0,0.0,0.0,161.0,93.0,107.0,161.0,18.0,7.0,12.0,54.0,15.0,0.0,0.0
9.451,52,52498.0,600.0,96.0,600.0,622.0,0.0,1.0,0.0,0.0,0.5,0.025,0.5,0.517,0.508,0.039,0.508,0.531,0.0,0.0,-1.75,-5.36,-0.02,0.0,0.0,0.0,0.0,0.0,0.0,0.0,0.0,1.0,0.0,0.0,0.0,0.0,-0.0,0.0,0.0,0.0,0.0,0.0,0.0,0.0,0.0,161.0,93.0,107.0,161.0,18.0,7.0,12.0,54.0,15.0,0.0,0.0
9.516,52,52550.0,600.0,95.0,600.0,622.0,0.0,1.0,0.0,0.0,0.5,0.025,0.5,0.517,0.508,0.039,0.508,0.531,0.0,0.0,-1.75,-5.36,-0.02,0.0,0.0,0.0,0.0,0.0,0.0,0.0,0.0,1.0,0.0,0.0,0.0,0.0,-0.0,0.0,0.0,0.0,0.0,0.0,0.0,0.0,0.0,161.0,93.0,107.0,161.0,18.0,7.0,12.0,54.0,15.0,0.0,0.0
9.549,52,52602.0,600.0,95.0,600.0,622.0,0.0,1.0,0.0,0.0,0.5,0.025,0.5,0.517,0.508,0.039,0.508,0.531,0.0,0.0,-1.75,-5.36,-0.02,0.0,0.0,0.0,0.0,0.0,0.0,0.0,0.0,1.0,0.0,0.0,0.0,0.0,-0.0,0.0,0.0,0.0,0.0,0.0,0.0,0.0,0.0,161.0,93.0,107.0,161.0,18.0,7.0,12.0,54.0,15.0,0.0,0.0
9.62,53,52655.0,600.0,95.0,600.0,623.0,0.0,1.0,0.0,0.0,0.5,0.025,0.5,0.518,0.508,0.039,0.508,0.533,0.0,0.0,-1.76,-5.36,-0.02,0.0,0.0,0.0,0.0,0.0,0.0,0.0,0.0,1.0,0.0,0.0,0.0,0.0,0.0,0.0,0.0,0.0,0.0,0.0,0.0,0.0,0.0,161.0,93.0,107.0,161.0,18.0,7.0,12.0,54.0,15.0,0.0,0.0
9.652,52,52707.0,600.0,95.0,600.0,623.0,0.0,1.0,0.0,0.0,0.5,0.025,0.5,0.518,0.508,0.039,0.508,0.533,0.0,0.0,-1.76,-5.36,-0.02,0.0,0.0,0.0,0.0,0.0,0.0,0.0,0.0,1.0,0.0,0.0,0.0,0.0,0.0,0.0,0.0,0.0,0.0,0.0,0.0,0.0,0.0,161.0,93.0,107.0,161.0,18.0,7.0,12.0,54.0,15.0,0.0,1.0
9.717,52,52759.0,600.0,95.0,600.0,623.0,0.0,1.0,0.0,0.0,0.5,0.025,0.5,0.518,0.508,0.039,0.508,0.533,0.0,0.0,-1.76,-5.36,-0.02,0.0,0.0,0.0,0.0,0.0,0.0,0.0,0.0,1.0,0.0,0.0,0.0,0.0,0.0,0.0,0.0,0.0,0.0,0.0,0.0,0.0,0.0,161.0,93.0,107.0,161.0,18.0,7.0,12.0,54.0,15.0,0.0,0.0
9.751,51,52810.0,600.0,95.0,600.0,623.0,0.0,1.0,0.0,0.0,0.5,0.025,0.5,0.518,0.508,0.039,0.508,0.533,0.0,0.0,-1.76,-5.36,-0.02,0.0,0.0,0.0,0.0,0.0,0.0,0.0,0.0,1.0,0.0,0.0,0.0,0.0,0.0,0.0,0.0,0.0,0.0,0.0,0.0,0.0,0.0,161.0,93.0,107.0,161.0,18.0,7.0,12.0,54.0,15.0,0.0,0.0
9.821,52,52862.0,600.0,95.0,600.0,623.0,0.0,1.0,0.0,0.0,0.5,0.025,0.5,0.519,0.508,0.039,0.508,0.533,0.0,0.0,-1.76,-5.36,-0.02,0.0,0.0,0.0,0.0,0.0,0.0,0.0,0.0,1.0,0.0,0.0,0.0,0.0,-0.0,0.0,0.0,0.0,0.0,0.0,0.0,0.0,0.0,161.0,93.0,107.0,161.0,18.0,7.0,12.0,54.0,15.0,0.0,0.0
9.886,52,52914.0,600.0,95.0,600.0,623.0,0.0,1.0,0.0,0.0,0.5,0.025,0.5,0.519,0.508,0.039,0.508,0.533,0.0,0.0,-1.76,-5.36,-0.02,0.0,0.0,0.0,0.0,0.0,0.0,0.0,0.0,1.0,0.0,0.0,0.0,0.0,0.0,0.0,0.0,0.0,0.0,0.0,0.0,0.0,0.0,161.0,93.0,107.0,161.0,18.0,7.0,12.0,54.0,15.0,0.0,0.0
9.919,51,52965.0,600.0,96.0,600.0,623.0,0.0,1.0,0.0,0.0,0.5,0.025,0.5,0.519,0.508,0.039,0.508,0.533,0.0,0.0,-1.76,-5.36,-0.02,0.0,0.0,0.0,0.0,0.0,0.0,0.0,0.0,1.0,0.0,0.0,0.0,0.0,-0.0,0.0,0.0,0.0,0.0,0.0,0.0,0.0,0.0,161.0,93.0,107.0,161.0,18.0,7.0,12.0,54.0,15.0,0.0,0.0
9.983,53,53018.0,600.0,96.0,600.0,623.0,0.0,1.0,0.0,0.0,0.5,0.025,0.5,0.519,0.508,0.039,0.508,0.533,0.0,0.0,-1.76,-5.36,-0.02,0.0,0.0,0.0,0.0,0.0,0.0,0.0,0.0,1.0,0.0,0.0,0.0,0.0,-0.0,0.0,0.0,0.0,0.0,0.0,0.0,0.0,0.0,161.0,93.0,107.0,161.0,18.0,7.0,12.0,54.0,15.0,0.0,0.0
10.02,52,53070.0,600.0,96.0,600.0,626.0,0.0,1.0,0.0,0.0,0.5,0.025,0.5,0.52,0.508,0.039,0.508,0.534,0.0,0.0,-1.76,-5.36,-0.02,0.0,0.0,0.0,0.0,0.0,0.0,0.0,0.0,1.0,0.0,0.0,0.0,0.0,0.0,0.0,0.0,0.0,0.0,0.0,0.0,0.0,0.0,161.0,93.0,107.0,161.0,18.0,7.0,12.0,54.0,15.0,0.0,0.0
10.086,52,53122.0,600.0,96.0,600.0,626.0,0.0,1.0,0.0,0.0,0.5,0.025,0.5,0.52,0.508,0.039,0.508,0.534,0.0,0.0,-1.76,-5.36,-0.02,0.0,0.0,0.0,0.0,0.0,0.0,0.0,0.0,1.0,0.0,0.0,0.0,0.0,0.0,0.0,0.0,0.0,0.0,0.0,0.0,0.0,0.0,161.0,93.0,107.0,161.0,18.0,7.0,12.0,54.0,15.0,0.0,0.0
10.118,53,53175.0,600.0,96.0,600.0,626.0,0.0,1.0,0.0,0.0,0.5,0.025,0.5,0.52,0.508,0.039,0.508,0.534,0.0,0.0,-1.76,-5.36,-0.02,0.0,0.0,0.0,0.0,0.0,0.0,0.0,0.0,1.0,0.0,0.0,0.0,0.0,0.0,0.0,0.0,0.0,0.0,0.0,0.0,0.0,0.0,161.0,93.0,107.0,161.0,18.0,7.0,12.0,54.0,15.0,0.0,0.0
10.183,51,53226.0,600.0,96.0,600.0,626.0,0.0,1.0,0.0,0.0,0.5,0.025,0.5,0.52,0.508,0.039,0.508,0.534,0.0,0.0,-1.77,-5.36,-0.02,0.0,0.0,0.0,0.0,0.0,0.0,0.0,0.0,1.0,0.0,0.0,0.0,0.0,0.0,0.0,0.0,0.0,0.0,0.0,0.0,0.0,0.0,161.0,93.0,107.0,161.0,18.0,7.0,12.0,54.0,15.0,0.0,0.0
10.223,52,53278.0,600.0,96.0,600.0,623.0,0.0,1.0,0.0,0.0,0.5,0.025,0.5,0.519,0.508,0.039,0.508,0.534,0.0,0.0,-1.77,-5.36,-0.02,0.0,0.0,0.0,0.0,0.0,0.0,0.0,0.0,1.0,0.0,0.0,0.0,0.0,0.0,0.0,0.0,0.0,0.0,0.0,0.0,0.0,0.0,161.0,93.0,107.0,161.0,18.0,7.0,12.0,54.0,15.0,0.0,1.0
10.288,52,53330.0,600.0,96.0,600.0,623.0,0.0,1.0,0.0,0.0,0.5,0.025,0.5,0.519,0.508,0.039,0.508,0.534,0.0,0.0,-1.77,-5.36,-0.02,0.0,0.0,0.0,0.0,0.0,0.0,0.0,0.0,1.0,0.0,0.0,0.0,0.0,0.0,0.0,0.0,0.0,0.0,0.0,0.0,0.0,0.0,161.0,93.0,107.0,161.0,18.0,7.0,12.0,54.0,15.0,0.0,0.0
10.353,52,53382.0,600.0,96.0,600.0,623.0,0.0,1.0,0.0,0.0,0.5,0.025,0.5,0.519,0.508,0.039,0.508,0.534,0.0,0.0,-1.77,-5.36,-0.02,0.0,0.0,0.0,0.0,0.0,0.0,0.0,0.0,1.0,0.0,0.0,0.0,0.0,0.0,0.0,0.0,0.0,0.0,0.0,0.0,0.0,0.0,161.0,93.0,107.0,161.0,18.0,7.0,12.0,54.0,15.0,0.0,0.0
10.386,52,53434.0,600.0,96.0,600.0,623.0,0.0,1.0,0.0,0.0,0.5,0.025,0.5,0.519,0.508,0.039,0.508,0.534,0.0,0.0,-1.77,-5.36,-0.02,0.0,0.0,0.0,0.0,0.0,0.0,0.0,0.0,1.0,0.0,0.0,0.0,0.0,0.0,0.0,0.0,0.0,0.0,0.0,0.0,0.0,0.0,161.0,93.0,107.0,161.0,18.0,7.0,12.0,54.0,15.0,0.0,0.0
10.451,52,53486.0,600.0,96.0,600.0,624.0,0.0,1.0,0.0,0.0,0.5,0.025,0.5,0.519,0.508,0.04,0.508,0.534,0.0,0.0,-1.77,-5.36,-0.02,0.0,0.0,0.0,0.0,0.0,0.0,0.0,0.0,1.0,0.0,0.0,0.0,0.0,-0.0,0.0,0.0,0.0,0.0,0.0,0.0,0.0,0.0,161.0,93.0,107.0,161.0,18.0,7.0,12.0,54.0,15.0,0.0,0.0
10.483,52,53538.0,600.0,96.0,600.0,624.0,0.0,1.0,0.0,0.0,0.5,0.025,0.5,0.519,0.508,0.04,0.508,0.534,0.0,0.0,-1.76,-5.36,-0.02,0.0,0.0,0.0,0.0,0.0,0.0,0.0,0.0,1.0,0.0,0.0,0.0,0.0,0.0,0.0,0.0,0.0,0.0,0.0,0.0,0.0,0.0,161.0,93.0,107.0,161.0,18.0,7.0,12.0,54.0,15.0,0.0,1.0
10.548,52,53590.0,600.0,96.0,600.0,624.0,0.0,1.0,0.0,0.0,0.5,0.025,0.5,0.519,0.508,0.04,0.508,0.534,0.0,0.0,-1.76,-5.36,-0.02,0.0,0.0,0.0,0.0,0.0,0.0,0.0,0.0,1.0,0.0,0.0,0.0,0.0,0.0,0.0,0.0,0.0,0.0,0.0,0.0,0.0,0.0,161.0,93.0,107.0,161.0,18.0,7.0,12.0,54.0,15.0,0.0,0.0
10.621,53,53643.0,600.0,96.0,600.0,624.0,0.0,1.0,0.0,0.0,0.5,0.025,0.5,0.519,0.508,0.04,0.508,0.534,0.0,0.0,-1.76,-5.36,-0.02,0.0,0.0,0.0,0.0,0.0,0.0,0.0,0.0,1.0,0.0,0.0,0.0,0.0,0.0,0.0,0.0,0.0,0.0,0.0,0.0,0.0,0.0,161.0,93.0,107.0,161.0,18.0,7.0,12.0,54.0,15.0,0.0,0.0
10.654,52,53695.0,600.0,96.0,600.0,624.0,0.0,1.0,0.0,0.0,0.5,0.025,0.5,0.52,0.508,0.04,0.508,0.534,0.0,0.0,-1.76,-5.36,-0.02,0.0,0.0,0.0,0.0,0.0,0.0,0.0,0.0,1.0,0.0,0.0,0.0,0.0,-0.0,0.0,0.0,0.0,0.0,0.0,0.0,0.0,0.0,161.0,93.0,107.0,161.0,18.0,7.0,12.0,54.0,15.0,0.0,0.0
10.719,53,53748.0,600.0,96.0,600.0,624.0,0.0,1.0,0.0,0.0,0.5,0.025,0.5,0.52,0.508,0.04,0.508,0.534,0.0,0.0,-1.76,-5.36,-0.02,0.0,0.0,0.0,0.0,0.0,0.0,0.0,0.0,1.0,0.0,0.0,0.0,0.0,0.0,0.0,0.0,0.0,0.0,0.0,0.0,0.0,0.0,161.0,93.0,107.0,161.0,18.0,7.0,12.0,54.0,15.0,0.0,1.0
10.751,51,53799.0,600.0,96.0,600.0,624.0,0.0,1.0,0.0,0.0,0.5,0.025,0.5,0.52,0.508,0.04,0.508,0.534,0.0,0.0,-1.76,-5.36,-0.02,0.0,0.0,0.0,0.0,0.0,0.0,0.0,0.0,1.0,0.0,0.0,0.0,0.0,0.0,0.0,0.0,0.0,0.0,0.0,0.0,0.0,0.0,161.0,93.0,107.0,161.0,18.0,7.0,12.0,54.0,15.0,0.0,0.0
10.821,52,53851.0,600.0,96.0,600.0,624.0,0.0,1.0,0.0,0.0,0.5,0.025,0.5,0.52,0.508,0.04,0.508,0.534,0.0,0.0,-1.76,-5.36,-0.02,0.0,0.0,0.0,0.0,0.0,0.0,0.0,0.0,1.0,0.0,0.0,0.0,0.0,0.0,0.0,0.0,0.0,0.0,0.0,0.0,0.0,0.0,161.0,93.0,107.0,161.0,18.0,7.0,12.0,54.0,15.0,0.0,0.0
10.854,52,53903.0,600.0,96.0,600.0,623.0,0.0,1.0,0.0,0.0,0.5,0.025,0.5,0.519,0.508,0.04,0.508,0.534,0.0,0.0,-1.76,-5.36,-0.02,0.0,0.0,0.0,0.0,0.0,0.0,0.0,0.0,1.0,0.0,0.0,0.0,0.0,0.0,0.0,0.0,0.0,0.0,0.0,0.0,0.0,0.0,161.0,93.0,107.0,161.0,18.0,7.0,12.0,54.0,15.0,0.0,0.0
10.92,53,53956.0,600.0,96.0,600.0,623.0,0.0,1.0,0.0,0.0,0.5,0.025,0.5,0.519,0.508,0.04,0.508,0.534,0.0,0.0,-1.76,-5.36,-0.02,0.0,0.0,0.0,0.0,0.0,0.0,0.0,0.0,1.0,0.0,0.0,0.0,0.0,0.0,0.0,0.0,0.0,0.0,0.0,0.0,0.0,0.0,161.0,93.0,107.0,161.0,18.0,7.0,12.0,54.0,15.0,0.0,1.0
10.952,51,54007.0,600.0,96.0,600.0,623.0,0.0,1.0,0.0,0.0,0.5,0.025,0.5,0.519,0.508,0.04,0.508,0.534,0.0,0.0,-1.76,-5.36,-0.02,0.0,0.0,0.0,0.0,0.0,0.0,0.0,0.0,1.0,0.0,0.0,0.0,0.0,-0.0,0.0,0.0,0.0,0.0,0.0,0.0,0.0,0.0,161.0,93.0,107.0,161.0,18.0,7.0,12.0,54.0,15.0,0.0,0.0
11.018,53,54060.0,600.0,96.0,600.0,623.0,0.0,1.0,0.0,0.0,0.5,0.025,0.5,0.519,0.508,0.04,0.508,0.534,0.0,0.0,-1.76,-5.36,-0.02,0.0,0.0,0.0,0.0,0.0,0.0,0.0,0.0,1.0,0.0,0.0,0.0,0.0,0.0,0.0,0.0,0.0,0.0,0.0,0.0,0.0,0.0,161.0,93.0,107.0,161.0,18.0,7.0,12.0,54.0,15.0,0.0,1.0
11.083,52,54112.0,600.0,96.0,600.0,623.0,0.0,1.0,0.0,0.0,0.5,0.025,0.5,0.519,0.508,0.04,0.508,0.534,0.0,0.0,-1.76,-5.36,-0.02,0.0,0.0,0.0,0.0,0.0,0.0,0.0,0.0,1.0,0.0,0.0,0.0,0.0,0.0,0.0,0.0,0.0,0.0,0.0,0.0,0.0,0.0,161.0,93.0,107.0,161.0,18.0,7.0,12.0,54.0,15.0,0.0,0.0
11.115,53,54165.0,600.0,96.0,600.0,623.0,0.0,1.0,0.0,0.0,0.5,0.025,0.5,0.519,0.508,0.04,0.508,0.534,0.0,0.0,-1.76,-5.36,-0.02,0.0,0.0,0.0,0.0,0.0,0.0,0.0,0.0,1.0,0.0,0.0,0.0,0.0,0.0,0.0,0.0,0.0,0.0,0.0,0.0,0.0,0.0,161.0,93.0,107.0,161.0,18.0,7.0,12.0,54.0,15.0,0.0,0.0
11.18,52,54217.0,600.0,95.0,600.0,623.0,0.0,1.0,0.0,0.0,0.5,0.025,0.5,0.519,0.508,0.04,0.508,0.534,0.0,0.0,-1.76,-5.36,-0.02,0.0,0.0,0.0,0.0,0.0,0.0,0.0,0.0,1.0,0.0,0.0,0.0,0.0,0.0,0.0,0.0,0.0,0.0,0.0,0.0,0.0,0.0,161.0,93.0,107.0,161.0,18.0,7.0,12.0,54.0,15.0,0.0,0.0
11.224,52,54269.0,600.0,95.0,600.0,623.0,0.0,1.0,0.0,0.0,0.5,0.025,0.5,0.519,0.508,0.04,0.508,0.534,0.0,0.0,-1.76,-5.36,-0.02,0.0,0.0,0.0,0.0,0.0,0.0,0.0,0.0,1.0,0.0,0.0,0.0,0.0,0.0,0.0,0.0,0.0,0.0,0.0,0.0,0.0,0.0,161.0,93.0,107.0,161.0,18.0,7.0,12.0,54.0,15.0,0.0,1.0
11.29,52,54321.0,600.0,95.0,600.0,626.0,0.0,1.0,0.0,0.0,0.5,0.025,0.5,0.52,0.508,0.039,0.508,0.535,0.0,0.0,-1.76,-5.36,-0.02,0.0,0.0,0.0,0.0,0.0,0.0,0.0,0.0,1.0,0.0,0.0,0.0,0.0,0.0,0.0,0.0,0.0,0.0,0.0,0.0,0.0,0.0,161.0,93.0,107.0,161.0,18.0,7.0,12.0,54.0,15.0,0.0,0.0
11.323,53,54374.0,600.0,95.0,600.0,626.0,0.0,1.0,0.0,0.0,0.5,0.025,0.5,0.52,0.508,0.039,0.508,0.535,0.0,0.0,-1.76,-5.36,-0.02,0.0,0.0,0.0,0.0,0.0,0.0,0.0,0.0,1.0,0.0,0.0,0.0,0.0,0.0,0.0,0.0,0.0,0.0,0.0,0.0,0.0,0.0,161.0,93.0,107.0,161.0,18.0,7.0,12.0,54.0,15.0,0.0,0.0
11.388,52,54426.0,600.0,94.0,600.0,626.0,0.0,1.0,0.0,0.0,0.5,0.025,0.5,0.52,0.508,0.039,0.508,0.535,0.0,0.0,-1.76,-5.36,-0.02,0.0,0.0,0.0,0.0,0.0,0.0,0.0,0.0,1.0,0.0,0.0,0.0,0.0,0.0,0.0,0.0,0.0,0.0,0.0,0.0,0.0,0.0,161.0,93.0,107.0,161.0,18.0,7.0,12.0,54.0,15.0,0.0,1.0
11.422,52,54478.0,600.0,94.0,600.0,626.0,0.0,1.0,0.0,0.0,0.5,0.025,0.5,0.52,0.508,0.039,0.508,0.535,0.0,0.0,-1.75,-5.36,-0.02,0.0,0.0,0.0,0.0,0.0,0.0,0.0,0.0,1.0,0.0,0.0,0.0,0.0,0.0,0.0,0.0,0.0,0.0,0.0,0.0,0.0,0.0,161.0,93.0,107.0,161.0,18.0,7.0,12.0,54.0,15.0,0.0,0.0
11.485,52,54530.0,600.0,94.0,600.0,624.0,0.0,1.0,0.0,0.0,0.5,0.024,0.5,0.52,0.508,0.039,0.508,0.535,0.0,0.0,-1.75,-5.36,-0.02,0.0,0.0,0.0,0.0,0.0,0.0,0.0,0.0,1.0,0.0,0.0,0.0,0.0,0.0,0.0,0.0,0.0,0.0,0.0,0.0,0.0,0.0,161.0,93.0,107.0,161.0,18.0,7.0,12.0,54.0,15.0,0.0,0.0
11.549,52,54582.0,600.0,94.0,600.0,624.0,0.0,1.0,0.0,0.0,0.5,0.024,0.5,0.52,0.508,0.039,0.508,0.535,0.0,0.0,-1.75,-5.36,-0.02,0.0,0.0,0.0,0.0,0.0,0.0,0.0,0.0,1.0,0.0,0.0,0.0,0.0,0.0,0.0,0.0,0.0,0.0,0.0,0.0,0.0,0.0,161.0,93.0,107.0,161.0,18.0,7.0,12.0,54.0,15.0,0.0,0.0
11.582,52,54634.0,600.0,96.0,600.0,624.0,0.0,1.0,0.0,0.0,0.5,0.024,0.5,0.52,0.508,0.039,0.508,0.535,0.0,0.0,-1.75,-5.35,-0.02,0.0,0.0,0.0,0.0,0.0,0.0,0.0,0.0,1.0,0.0,0.0,0.0,0.0,0.0,0.0,0.0,0.0,0.0,0.0,0.0,0.0,0.0,161.0,93.0,107.0,161.0,18.0,7.0,12.0,54.0,15.0,0.0,0.0
11.647,53,54687.0,600.0,96.0,600.0,624.0,0.0,1.0,0.0,0.0,0.5,0.024,0.5,0.52,0.508,0.039,0.508,0.535,0.0,0.0,-1.75,-5.35,-0.02,0.0,0.0,0.0,0.0,0.0,0.0,0.0,0.0,1.0,0.0,0.0,0.0,0.0,0.0,0.0,0.0,0.0,0.0,0.0,0.0,0.0,0.0,161.0,93.0,107.0,161.0,18.0,7.0,12.0,54.0,15.0,0.0,0.0
11.681,52,54739.0,600.0,96.0,600.0,622.0,0.0,1.0,0.0,0.0,0.5,0.025,0.5,0.519,0.508,0.039,0.508,0.534,0.0,0.0,-1.75,-5.34,-0.02,0.0,0.0,0.0,0.0,0.0,0.0,0.0,0.0,1.0,0.0,0.0,0.0,0.0,0.0,0.0,0.0,0.0,0.0,0.0,0.0,0.0,0.0,161.0,93.0,107.0,161.0,18.0,7.0,12.0,54.0,15.0,0.0,1.0
11.746,52,54791.0,600.0,96.0,600.0,622.0,0.0,1.0,0.0,0.0,0.5,0.025,0.5,0.519,0.508,0.039,0.508,0.534,0.0,0.0,-1.75,-5.34,-0.02,0.0,0.0,0.0,0.0,0.0,0.0,0.0,0.0,1.0,0.0,0.0,0.0,0.0,0.0,0.0,0.0,0.0,0.0,0.0,0.0,0.0,0.0,161.0,93.0,107.0,161.0,18.0,7.0,12.0,54.0,15.0,0.0,0.0
11.82,52,54843.0,600.0,96.0,600.0,622.0,0.0,1.0,0.0,0.0,0.5,0.025,0.5,0.519,0.508,0.039,0.508,0.534,0.0,0.0,-1.75,-5.34,-0.02,0.0,0.0,0.0,0.0,0.0,0.0,0.0,0.0,1.0,0.0,0.0,0.0,0.0,0.0,0.0,0.0,0.0,0.0,0.0,0.0,0.0,0.0,161.0,93.0,107.0,161.0,18.0,7.0,12.0,54.0,15.0,0.0,0.0
11.852,53,54896.0,600.0,96.0,600.0,622.0,0.0,1.0,0.0,0.0,0.5,0.025,0.5,0.519,0.508,0.039,0.508,0.534,0.0,0.0,-1.75,-5.34,-0.02,0.0,0.0,0.0,0.0,0.0,0.0,0.0,0.0,1.0,0.0,0.0,0.0,0.0,0.0,0.0,0.0,0.0,0.0,0.0,0.0,0.0,0.0,161.0,93.0,107.0,161.0,18.0,7.0,12.0,54.0,15.0,0.0,0.0
11.917,52,54948.0,600.0,96.0,600.0,624.0,0.0,1.0,0.0,0.0,0.5,0.025,0.5,0.519,0.508,0.039,0.508,0.534,0.0,0.0,-1.75,-5.34,-0.02,0.0,0.0,0.0,0.0,0.0,0.0,0.0,0.0,1.0,0.0,0.0,0.0,0.0,0.0,0.0,0.0,0.0,0.0,0.0,0.0,0.0,0.0,161.0,93.0,107.0,161.0,18.0,7.0,12.0,54.0,15.0,0.0,1.0
11.95,52,55000.0,600.0,96.0,600.0,624.0,0.0,1.0,0.0,0.0,0.5,0.025,0.5,0.519,0.508,0.039,0.508,0.534,0.0,0.0,-1.75,-5.34,-0.02,0.0,0.0,0.0,0.0,0.0,0.0,0.0,0.0,1.0,0.0,0.0,0.0,0.0,0.0,0.0,0.0,0.0,0.0,0.0,0.0,0.0,0.0,161.0,93.0,107.0,161.0,18.0,7.0,12.0,54.0,15.0,0.0,0.0
12.015,51,55051.0,600.0,97.0,600.0,624.0,0.0,1.0,0.0,0.0,0.5,0.025,0.5,0.519,0.508,0.039,0.508,0.534,0.0,0.0,-1.75,-5.34,-0.02,0.0,0.0,0.0,0.0,0.0,0.0,0.0,0.0,1.0,0.0,0.0,0.0,0.0,0.0,0.0,0.0,0.0,0.0,0.0,0.0,0.0,0.0,161.0,93.0,107.0,161.0,18.0,7.0,12.0,54.0,15.0,0.0,0.0
12.048,53,55104.0,600.0,97.0,600.0,624.0,0.0,1.0,0.0,0.0,0.5,0.025,0.5,0.519,0.508,0.039,0.508,0.534,0.0,0.0,-1.75,-5.33,-0.02,0.0,0.0,0.0,0.0,0.0,0.0,0.0,0.0,1.0,0.0,0.0,0.0,0.0,0.0,0.0,0.0,0.0,0.0,0.0,0.0,0.0,0.0,161.0,93.0,107.0,161.0,18.0,7.0,12.0,54.0,15.0,0.0,0.0
12.115,52,55156.0,600.0,97.0,600.0,622.0,0.0,1.0,0.0,0.0,0.5,0.025,0.5,0.519,0.508,0.04,0.508,0.533,0.0,0.0,-1.75,-5.33,-0.02,0.0,0.0,0.0,0.0,0.0,0.0,0.0,0.0,1.0,0.0,0.0,0.0,0.0,0.0,0.0,0.0,0.0,0.0,0.0,0.0,0.0,0.0,161.0,93.0,107.0,161.0,18.0,7.0,12.0,54.0,15.0,0.0,0.0
12.148,52,55208.0,600.0,97.0,600.0,622.0,0.0,1.0,0.0,0.0,0.5,0.025,0.5,0.519,0.508,0.04,0.508,0.533,0.0,0.0,-1.75,-5.33,-0.02,0.0,0.0,0.0,0.0,0.0,0.0,0.0,0.0,1.0,0.0,0.0,0.0,0.0,0.0,0.0,0.0,0.0,0.0,0.0,0.0,0.0,0.0,161.0,93.0,107.0,161.0,18.0,7.0,12.0,54.0,15.0,0.0,0.0
12.214,52,55260.0,600.0,97.0,600.0,622.0,0.0,1.0,0.0,0.0,0.5,0.025,0.5,0.519,0.508,0.04,0.508,0.533,0.0,0.0,-1.75,-5.33,-0.02,0.0,0.0,0.0,0.0,0.0,0.0,0.0,0.0,1.0,0.0,0.0,0.0,0.0,0.0,0.0,0.0,0.0,0.0,0.0,0.0,0.0,0.0,161.0,93.0,107.0,161.0,18.0,7.0,12.0,54.0,15.0,0.0,1.0
12.279,52,55312.0,600.0,97.0,600.0,622.0,0.0,1.0,0.0,0.0,0.5,0.025,0.5,0.519,0.508,0.04,0.508,0.533,0.0,0.0,-1.75,-5.33,-0.02,0.0,0.0,0.0,0.0,0.0,0.0,0.0,0.0,1.0,0.0,0.0,0.0,0.0,-0.0,0.0,0.0,0.0,0.0,0.0,0.0,0.0,0.0,161.0,93.0,107.0,161.0,18.0,7.0,12.0,54.0,15.0,0.0,0.0
12.312,52,55364.0,600.0,97.0,600.0,622.0,0.0,1.0,0.0,0.0,0.5,0.025,0.5,0.518,0.508,0.04,0.508,0.533,0.0,0.0,-1.76,-5.33,-0.02,0.0,0.0,0.0,0.0,0.0,0.0,0.0,0.0,1.0,0.0,0.0,0.0,0.0,-0.0,0.0,0.0,0.0,0.0,0.0,0.0,0.0,0.0,161.0,93.0,107.0,161.0,18.0,7.0,12.0,54.0,15.0,0.0,0.0
12.375,52,55416.0,600.0,97.0,600.0,622.0,0.0,1.0,0.0,0.0,0.5,0.025,0.5,0.518,0.508,0.04,0.508,0.533,0.0,0.0,-1.76,-5.34,-0.02,0.0,0.0,0.0,0.0,0.0,0.0,0.0,0.0,1.0,0.0,0.0,0.0,0.0,0.0,0.0,0.0,0.0,0.0,0.0,0.0,0.0,0.0,161.0,93.0,107.0,161.0,18.0,7.0,12.0,54.0,15.0,0.0,0.0
12.44,51,55467.0,600.0,98.0,600.0,622.0,0.0,1.0,0.0,0.0,0.5,0.025,0.5,0.518,0.508,0.04,0.508,0.533,0.0,0.0,-1.76,-5.34,-0.02,0.0,0.0,0.0,0.0,0.0,0.0,0.0,0.0,1.0,0.0,0.0,0.0,0.0,0.0,0.0,0.0,0.0,0.0,0.0,0.0,0.0,0.0,161.0,93.0,107.0,161.0,18.0,7.0,12.0,54.0,15.0,0.0,0.0
12.472,53,55520.0,600.0,98.0,600.0,622.0,0.0,1.0,0.0,0.0,0.5,0.025,0.5,0.518,0.508,0.04,0.508,0.533,0.0,0.0,-1.76,-5.34,-0.02,0.0,0.0,0.0,0.0,0.0,0.0,0.0,0.0,1.0,0.0,0.0,0.0,0.0,0.0,0.0,0.0,0.0,0.0,0.0,0.0,0.0,0.0,161.0,93.0,107.0,161.0,18.0,7.0,12.0,54.0,15.0,0.0,1.0
12.537,52,55572.0,600.0,98.0,600.0,623.0,0.0,1.0,0.0,0.0,0.5,0.026,0.5,0.518,0.508,0.04,0.508,0.533,0.0,0.0,-1.76,-5.34,-0.02,0.0,0.0,0.0,0.0,0.0,0.0,0.0,0.0,1.0,0.0,0.0,0.0,0.0,-0.0,0.0,0.0,0.0,0.0,0.0,0.0,0.0,0.0,161.0,93.0,107.0,161.0,18.0,7.0,12.0,54.0,15.0,0.0,0.0
12.569,52,55624.0,600.0,98.0,600.0,623.0,0.0,1.0,0.0,0.0,0.5,0.026,0.5,0.518,0.508,0.04,0.508,0.533,0.0,0.0,-1.76,-5.34,-0.02,0.0,0.0,0.0,0.0,0.0,0.0,0.0,0.0,1.0,0.0,0.0,0.0,0.0,-0.0,0.0,0.0,0.0,0.0,0.0,0.0,0.0,0.0,161.0,93.0,107.0,161.0,18.0,7.0,12.0,54.0,15.0,0.0,0.0
12.634,53,55677.0,600.0,98.0,600.0,623.0,0.0,1.0,0.0,0.0,0.5,0.026,0.5,0.518,0.508,0.04,0.508,0.533,0.0,0.0,-1.76,-5.34,-0.02,0.0,0.0,0.0,0.0,0.0,0.0,0.0,0.0,1.0,0.0,0.0,0.0,0.0,0.0,0.0,0.0,0.0,0.0,0.0,0.0,0.0,0.0,161.0,93.0,107.0,161.0,18.0,7.0,12.0,54.0,15.0,0.0,0.0
12.7,52,55729.0,600.0,98.0,600.0,623.0,0.0,1.0,0.0,0.0,0.5,0.026,0.5,0.518,0.508,0.04,0.508,0.533,0.0,0.0,-1.76,-5.34,-0.02,0.0,0.0,0.0,0.0,0.0,0.0,0.0,0.0,1.0,0.0,0.0,0.0,0.0,0.0,0.0,0.0,0.0,0.0,0.0,0.0,0.0,0.0,161.0,93.0,107.0,161.0,18.0,7.0,12.0,54.0,15.0,0.0,0.0
12.731,52,55781.0,600.0,98.0,600.0,623.0,0.0,1.0,0.0,0.0,0.5,0.026,0.5,0.519,0.508,0.04,0.508,0.533,0.0,0.0,-1.76,-5.34,-0.02,0.0,0.0,0.0,0.0,0.0,0.0,0.0,0.0,1.0,0.0,0.0,0.0,0.0,0.0,0.0,0.0,0.0,0.0,0.0,0.0,0.0,0.0,161.0,93.0,107.0,161.0,18.0,7.0,12.0,54.0,15.0,0.0,0.0
12.794,52,55833.0,600.0,98.0,600.0,623.0,0.0,1.0,0.0,0.0,0.5,0.026,0.5,0.519,0.508,0.04,0.508,0.533,0.0,0.0,-1.76,-5.34,-0.02,0.0,0.0,0.0,0.0,0.0,0.0,0.0,0.0,1.0,0.0,0.0,0.0,0.0,0.0,0.0,0.0,0.0,0.0,0.0,0.0,0.0,0.0,161.0,93.0,107.0,161.0,18.0,7.0,12.0,54.0,15.0,0.0,0.0
12.825,52,55885.0,600.0,97.0,600.0,623.0,0.0,1.0,0.0,0.0,0.5,0.026,0.5,0.519,0.508,0.04,0.508,0.533,0.0,0.0,-1.76,-5.34,-0.02,0.0,0.0,0.0,0.0,0.0,0.0,0.0,0.0,1.0,0.0,0.0,0.0,0.0,0.0,0.0,0.0,0.0,0.0,0.0,0.0,0.0,0.0,161.0,93.0,107.0,161.0,18.0,7.0,12.0,54.0,15.0,0.0,0.0
12.888,52,55937.0,600.0,97.0,600.0,623.0,0.0,1.0,0.0,0.0,0.5,0.026,0.5,0.519,0.508,0.04,0.508,0.533,0.0,0.0,-1.77,-5.34,-0.02,0.0,0.0,0.0,0.0,0.0,0.0,0.0,0.0,1.0,0.0,0.0,0.0,0.0,-0.0,0.0,0.0,0.0,0.0,0.0,0.0,0.0,0.0,161.0,93.0,107.0,161.0,18.0,7.0,12.0,54.0,15.0,0.0,0.0
12.952,52,55989.0,600.0,97.0,600.0,621.0,0.0,1.0,0.0,0.0,0.5,0.026,0.5,0.518,0.508,0.04,0.508,0.533,0.0,0.0,-1.77,-5.34,-0.02,0.0,0.0,0.0,0.0,0.0,0.0,0.0,0.0,1.0,0.0,0.0,0.0,0.0,0.0,0.0,0.0,0.0,0.0,0.0,0.0,0.0,0.0,161.0,93.0,107.0,161.0,18.0,7.0,12.0,54.0,15.0,0.0,1.0
12.985,52,56041.0,600.0,97.0,600.0,621.0,0.0,1.0,0.0,0.0,0.5,0.026,0.5,0.518,0.508,0.04,0.508,0.533,0.0,0.0,-1.77,-5.34,-0.02,0.0,0.0,0.0,0.0,0.0,0.0,0.0,0.0,1.0,0.0,0.0,0.0,0.0,0.0,0.0,0.0,0.0,0.0,0.0,0.0,0.0,0.0,161.0,93.0,107.0,161.0,18.0,7.0,12.0,54.0,15.0,0.0,0.0
13.053,52,56093.0,600.0,97.0,600.0,621.0,0.0,1.0,0.0,0.0,0.5,0.026,0.5,0.518,0.508,0.04,0.508,0.533,0.0,0.0,-1.77,-5.34,-0.02,0.0,0.0,0.0,0.0,0.0,0.0,0.0,0.0,1.0,0.0,0.0,0.0,0.0,0.0,0.0,0.0,0.0,0.0,0.0,0.0,0.0,0.0,161.0,93.0,107.0,161.0,18.0,7.0,12.0,54.0,15.0,0.0,0.0
13.084,52,56145.0,600.0,97.0,600.0,621.0,0.0,1.0,0.0,0.0,0.5,0.026,0.5,0.518,0.508,0.04,0.508,0.533,0.0,0.0,-1.77,-5.34,-0.02,0.0,0.0,0.0,0.0,0.0,0.0,0.0,0.0,1.0,0.0,0.0,0.0,0.0,0.0,0.0,0.0,0.0,0.0,0.0,0.0,0.0,0.0,161.0,93.0,107.0,161.0,18.0,7.0,12.0,54.0,15.0,0.0,0.0
13.149,52,56197.0,600.0,97.0,600.0,622.0,0.0,1.0,0.0,0.0,0.5,0.025,0.5,0.518,0.508,0.04,0.508,0.533,0.0,0.0,-1.78,-5.34,-0.02,0.0,0.0,0.0,0.0,0.0,0.0,0.0,0.0,1.0,0.0,0.0,0.0,0.0,-0.0,0.0,0.0,0.0,0.0,0.0,0.0,0.0,0.0,161.0,93.0,107.0,161.0,18.0,7.0,12.0,54.0,15.0,0.0,0.0
13.217,52,56249.0,600.0,97.0,600.0,622.0,0.0,1.0,0.0,0.0,0.5,0.025,0.5,0.518,0.508,0.04,0.508,0.533,0.0,0.0,-1.78,-5.34,-0.02,0.0,0.0,0.0,0.0,0.0,0.0,0.0,0.0,1.0,0.0,0.0,0.0,0.0,0.0,0.0,0.0,0.0,0.0,0.0,0.0,0.0,0.0,161.0,93.0,107.0,161.0,18.0,7.0,12.0,54.0,15.0,0.0,0.0
13.249,52,56301.0,600.0,98.0,600.0,622.0,0.0,1.0,0.0,0.0,0.5,0.025,0.5,0.518,0.508,0.04,0.508,0.533,0.0,0.0,-1.77,-5.34,-0.02,0.0,0.0,0.0,0.0,0.0,0.0,0.0,0.0,1.0,0.0,0.0,0.0,0.0,0.0,0.0,0.0,0.0,0.0,0.0,0.0,0.0,0.0,161.0,93.0,107.0,161.0,18.0,7.0,12.0,54.0,15.0,0.0,1.0
13.311,52,56353.0,600.0,98.0,600.0,622.0,0.0,1.0,0.0,0.0,0.5,0.025,0.5,0.518,0.508,0.04,0.508,0.533,0.0,0.0,-1.77,-5.34,-0.02,0.0,0.0,0.0,0.0,0.0,0.0,0.0,0.0,1.0,0.0,0.0,0.0,0.0,0.0,0.0,0.0,0.0,0.0,0.0,0.0,0.0,0.0,161.0,93.0,107.0,161.0,18.0,7.0,12.0,54.0,15.0,0.0,0.0
13.378,52,56405.0,600.0,98.0,600.0,622.0,0.0,1.0,0.0,0.0,0.5,0.026,0.5,0.518,0.508,0.04,0.508,0.533,0.0,0.0,-1.77,-5.33,-0.02,0.0,0.0,0.0,0.0,0.0,0.0,0.0,0.0,1.0,0.0,0.0,0.0,0.0,0.0,0.0,0.0,0.0,0.0,0.0,0.0,0.0,0.0,161.0,93.0,107.0,161.0,18.0,7.0,12.0,54.0,15.0,0.0,0.0
13.411,52,56457.0,600.0,98.0,600.0,622.0,0.0,1.0,0.0,0.0,0.5,0.026,0.5,0.518,0.508,0.04,0.508,0.533,0.0,0.0,-1.78,-5.33,-0.02,0.0,0.0,0.0,0.0,0.0,0.0,0.0,0.0,1.0,0.0,0.0,0.0,0.0,0.0,0.0,0.0,0.0,0.0,0.0,0.0,0.0,0.0,161.0,93.0,107.0,161.0,18.0,7.0,12.0,54.0,15.0,0.0,0.0
13.477,52,56509.0,600.0,97.0,600.0,622.0,0.0,1.0,0.0,0.0,0.5,0.026,0.5,0.518,0.508,0.04,0.508,0.533,0.0,0.0,-1.78,-5.33,-0.02,0.0,0.0,0.0,0.0,0.0,0.0,0.0,0.0,1.0,0.0,0.0,0.0,0.0,-0.0,0.0,0.0,0.0,0.0,0.0,0.0,0.0,0.0,161.0,93.0,107.0,161.0,18.0,7.0,12.0,54.0,15.0,0.0,0.0
13.509,52,56561.0,600.0,97.0,600.0,622.0,0.0,1.0,0.0,0.0,0.5,0.026,0.5,0.518,0.508,0.04,0.508,0.533,0.0,0.0,-1.78,-5.33,-0.02,0.0,0.0,0.0,0.0,0.0,0.0,0.0,0.0,1.0,0.0,0.0,0.0,0.0,0.0,0.0,0.0,0.0,0.0,0.0,0.0,0.0,0.0,161.0,93.0,107.0,161.0,18.0,7.0,12.0,54.0,15.0,0.0,0.0
13.574,52,56613.0,600.0,97.0,600.0,621.0,0.0,1.0,0.0,0.0,0.5,0.026,0.5,0.518,0.508,0.04,0.508,0.532,0.0,0.0,-1.77,-5.33,-0.02,0.0,0.0,0.0,0.0,0.0,0.0,0.0,0.0,1.0,0.0,0.0,0.0,0.0,0.0,0.0,0.0,0.0,0.0,0.0,0.0,0.0,0.0,161.0,93.0,107.0,161.0,18.0,7.0,12.0,54.0,15.0,0.0,0.0
13.615,52,56665.0,600.0,97.0,600.0,621.0,0.0,1.0,0.0,0.0,0.5,0.026,0.5,0.518,0.508,0.04,0.508,0.532,0.0,0.0,-1.77,-5.33,-0.02,0.0,0.0,0.0,0.0,0.0,0.0,0.0,0.0,1.0,0.0,0.0,0.0,0.0,0.0,0.0,0.0,0.0,0.0,0.0,0.0,0.0,0.0,161.0,93.0,107.0,161.0,18.0,7.0,12.0,54.0,15.0,0.0,0.0
13.677,53,56718.0,600.0,96.0,600.0,621.0,0.0,1.0,0.0,0.0,0.5,0.026,0.5,0.518,0.508,0.04,0.508,0.532,0.0,0.0,-1.77,-5.32,-0.02,0.0,0.0,0.0,0.0,0.0,0.0,0.0,0.0,1.0,0.0,0.0,0.0,0.0,0.0,0.0,0.0,0.0,0.0,0.0,0.0,0.0,0.0,161.0,93.0,107.0,161.0,18.0,7.0,12.0,54.0,15.0,0.0,1.0
13.741,53,56771.0,600.0,96.0,600.0,621.0,0.0,1.0,0.0,0.0,0.5,0.026,0.5,0.518,0.508,0.04,0.508,0.532,0.0,0.0,-1.77,-5.32,-0.02,0.0,0.0,0.0,0.0,0.0,0.0,0.0,0.0,1.0,0.0,0.0,0.0,0.0,0.0,0.0,0.0,0.0,0.0,0.0,0.0,0.0,0.0,161.0,93.0,107.0,161.0,18.0,7.0,12.0,54.0,15.0,0.0,0.0
13.773,52,56823.0,600.0,96.0,600.0,623.0,0.0,1.0,0.0,0.0,0.5,0.025,0.5,0.518,0.508,0.04,0.508,0.533,0.0,0.0,-1.77,-5.32,-0.02,0.0,0.0,0.0,0.0,0.0,0.0,0.0,0.0,1.0,0.0,0.0,0.0,0.0,0.0,0.0,0.0,0.0,0.0,0.0,0.0,0.0,0.0,161.0,93.0,107.0,161.0,18.0,7.0,12.0,54.0,15.0,0.0,0.0
13.839,52,56875.0,600.0,96.0,600.0,623.0,0.0,1.0,0.0,0.0,0.5,0.025,0.5,0.518,0.508,0.04,0.508,0.533,0.0,0.0,-1.76,-5.32,-0.02,0.0,0.0,0.0,0.0,0.0,0.0,0.0,0.0,1.0,0.0,0.0,0.0,0.0,0.0,0.0,0.0,0.0,0.0,0.0,0.0,0.0,0.0,161.0,93.0,107.0,161.0,18.0,7.0,12.0,54.0,15.0,0.0,0.0
13.872,52,56927.0,600.0,96.0,600.0,623.0,0.0,1.0,0.0,0.0,0.5,0.025,0.5,0.518,0.508,0.04,0.508,0.533,0.0,0.0,-1.76,-5.32,-0.02,0.0,0.0,0.0,0.0,0.0,0.0,0.0,0.0,1.0,0.0,0.0,0.0,0.0,0.0,0.0,0.0,0.0,0.0,0.0,0.0,0.0,0.0,161.0,93.0,107.0,161.0,18.0,7.0,12.0,54.0,15.0,0.0,0.0
13.937,52,56979.0,600.0,96.0,600.0,623.0,0.0,1.0,0.0,0.0,0.5,0.025,0.5,0.518,0.508,0.04,0.508,0.533,0.0,0.0,-1.76,-5.32,-0.02,0.0,0.0,0.0,0.0,0.0,0.0,0.0,0.0,1.0,0.0,0.0,0.0,0.0,0.0,0.0,0.0,0.0,0.0,0.0,0.0,0.0,0.0,161.0,93.0,107.0,161.0,18.0,7.0,12.0,54.0,15.0,0.0,1.0
14.002,52,57031.0,600.0,96.0,600.0,625.0,0.0,1.0,0.0,0.0,0.5,0.025,0.5,0.519,0.508,0.04,0.508,0.534,0.0,0.0,-1.76,-5.32,-0.02,0.0,0.0,0.0,0.0,0.0,0.0,0.0,0.0,1.0,0.0,0.0,0.0,0.0,0.0,0.0,0.0,0.0,0.0,0.0,0.0,0.0,0.0,161.0,93.0,107.0,161.0,18.0,7.0,12.0,54.0,15.0,0.0,1.0
14.035,52,57083.0,600.0,96.0,600.0,625.0,0.0,1.0,0.0,0.0,0.5,0.025,0.5,0.519,0.508,0.04,0.508,0.534,0.0,0.0,-1.76,-5.32,-0.02,0.0,0.0,0.0,0.0,0.0,0.0,0.0,0.0,1.0,0.0,0.0,0.0,0.0,0.0,0.0,0.0,0.0,0.0,0.0,0.0,0.0,0.0,161.0,93.0,107.0,161.0,18.0,7.0,12.0,54.0,15.0,0.0,0.0
14.098,52,57135.0,600.0,96.0,600.0,625.0,0.0,1.0,0.0,0.0,0.5,0.025,0.5,0.519,0.508,0.04,0.508,0.534,0.0,0.0,-1.76,-5.31,-0.02,0.0,0.0,0.0,0.0,0.0,0.0,0.0,0.0,1.0,0.0,0.0,0.0,0.0,0.0,0.0,0.0,0.0,0.0,0.0,0.0,0.0,0.0,161.0,93.0,107.0,161.0,18.0,7.0,12.0,54.0,15.0,0.0,1.0
14.129,52,57187.0,600.0,96.0,600.0,625.0,0.0,1.0,0.0,0.0,0.5,0.025,0.5,0.519,0.508,0.04,0.508,0.534,0.0,0.0,-1.76,-5.31,-0.02,0.0,0.0,0.0,0.0,0.0,0.0,0.0,0.0,1.0,0.0,0.0,0.0,0.0,-0.0,0.0,0.0,0.0,0.0,0.0,0.0,0.0,0.0,161.0,93.0,107.0,161.0,18.0,7.0,12.0,54.0,15.0,0.0,0.0
14.195,52,57239.0,600.0,96.0,600.0,625.0,0.0,1.0,0.0,0.0,0.5,0.025,0.5,0.52,0.508,0.04,0.508,0.534,0.0,0.0,-1.76,-5.31,-0.02,0.0,0.0,0.0,0.0,0.0,0.0,0.0,0.0,1.0,0.0,0.0,0.0,0.0,0.0,0.0,0.0,0.0,0.0,0.0,0.0,0.0,0.0,161.0,93.0,107.0,161.0,18.0,7.0,12.0,54.0,15.0,0.0,0.0
14.264,52,57291.0,600.0,96.0,600.0,625.0,0.0,1.0,0.0,0.0,0.5,0.025,0.5,0.52,0.508,0.04,0.508,0.534,0.0,0.0,-1.76,-5.31,-0.02,0.0,0.0,0.0,0.0,0.0,0.0,0.0,0.0,1.0,0.0,0.0,0.0,0.0,0.0,0.0,0.0,0.0,0.0,0.0,0.0,0.0,0.0,161.0,93.0,107.0,161.0,18.0,7.0,12.0,54.0,15.0,0.0,0.0
14.296,52,57343.0,600.0,96.0,600.0,625.0,0.0,1.0,0.0,0.0,0.5,0.025,0.5,0.52,0.508,0.04,0.508,0.534,0.0,0.0,-1.76,-5.31,-0.02,0.0,0.0,0.0,0.0,0.0,0.0,0.0,0.0,1.0,0.0,0.0,0.0,0.0,-0.0,0.0,0.0,0.0,0.0,0.0,0.0,0.0,0.0,161.0,93.0,107.0,161.0,18.0,7.0,12.0,54.0,15.0,0.0,1.0
14.36,52,57395.0,600.0,96.0,600.0,625.0,0.0,1.0,0.0,0.0,0.5,0.025,0.5,0.52,0.508,0.04,0.508,0.534,0.0,0.0,-1.76,-5.31,-0.02,0.0,0.0,0.0,0.0,0.0,0.0,0.0,0.0,1.0,0.0,0.0,0.0,0.0,-0.0,0.0,0.0,0.0,0.0,0.0,0.0,0.0,0.0,161.0,93.0,107.0,161.0,18.0,7.0,12.0,54.0,15.0,0.0,0.0
14.393,52,57447.0,600.0,96.0,600.0,623.0,0.0,1.0,0.0,0.0,0.5,0.025,0.5,0.519,0.508,0.04,0.508,0.534,0.0,0.0,-1.76,-5.31,-0.02,0.0,0.0,0.0,0.0,0.0,0.0,0.0,0.0,1.0,0.0,0.0,0.0,0.0,0.0,0.0,0.0,0.0,0.0,0.0,0.0,0.0,0.0,161.0,93.0,107.0,161.0,18.0,7.0,12.0,54.0,15.0,0.0,0.0
14.457,52,57499.0,600.0,96.0,600.0,623.0,0.0,1.0,0.0,0.0,0.5,0.025,0.5,0.519,0.508,0.04,0.508,0.534,0.0,0.0,-1.76,-5.31,-0.02,0.0,0.0,0.0,0.0,0.0,0.0,0.0,0.0,1.0,0.0,0.0,0.0,0.0,0.0,0.0,0.0,0.0,0.0,0.0,0.0,0.0,0.0,161.0,93.0,107.0,161.0,18.0,7.0,12.0,54.0,15.0,0.0,0.0
14.523,52,57551.0,600.0,95.0,600.0,623.0,0.0,1.0,0.0,0.0,0.5,0.025,0.5,0.519,0.508,0.04,0.508,0.534,0.0,0.0,-1.76,-5.31,-0.02,0.0,0.0,0.0,0.0,0.0,0.0,0.0,0.0,1.0,0.0,0.0,0.0,0.0,-0.0,0.0,0.0,0.0,0.0,0.0,0.0,0.0,0.0,161.0,93.0,107.0,161.0,18.0,7.0,12.0,54.0,15.0,0.0,1.0
14.556,52,57603.0,600.0,95.0,600.0,623.0,0.0,1.0,0.0,0.0,0.5,0.025,0.5,0.519,0.508,0.04,0.508,0.534,0.0,0.0,-1.76,-5.31,-0.02,0.0,0.0,0.0,0.0,0.0,0.0,0.0,0.0,1.0,0.0,0.0,0.0,0.0,-0.0,0.0,0.0,0.0,0.0,0.0,0.0,0.0,0.0,161.0,93.0,107.0,161.0,18.0,7.0,12.0,54.0,15.0,0.0,0.0
14.625,52,57655.0,600.0,95.0,600.0,624.0,0.0,1.0,0.0,0.0,0.5,0.025,0.5,0.519,0.508,0.039,0.508,0.534,0.0,0.0,-1.77,-5.31,-0.02,0.0,0.0,0.0,0.0,0.0,0.0,0.0,0.0,1.0,0.0,0.0,0.0,0.0,-0.0,0.0,0.0,0.0,0.0,0.0,0.0,0.0,0.0,161.0,93.0,107.0,161.0,18.0,7.0,12.0,54.0,15.0,0.0,0.0
14.657,52,57707.0,600.0,95.0,600.0,624.0,0.0,1.0,0.0,0.0,0.5,0.025,0.5,0.519,0.508,0.039,0.508,0.534,0.0,0.0,-1.77,-5.32,-0.02,0.0,0.0,0.0,0.0,0.0,0.0,0.0,0.0,1.0,0.0,0.0,0.0,0.0,-0.0,0.0,0.0,0.0,0.0,0.0,0.0,0.0,0.0,161.0,93.0,107.0,161.0,18.0,7.0,12.0,54.0,15.0,0.0,0.0
14.722,52,57759.0,600.0,95.0,600.0,624.0,0.0,1.0,0.0,0.0,0.5,0.025,0.5,0.519,0.508,0.039,0.508,0.534,0.0,0.0,-1.77,-5.32,-0.02,0.0,0.0,0.0,0.0,0.0,0.0,0.0,0.0,1.0,0.0,0.0,0.0,0.0,0.0,0.0,0.0,0.0,0.0,0.0,0.0,0.0,0.0,161.0,93.0,107.0,161.0,18.0,7.0,12.0,54.0,15.0,0.0,0.0
14.755,53,57812.0,600.0,95.0,600.0,624.0,0.0,1.0,0.0,0.0,0.5,0.025,0.5,0.519,0.508,0.039,0.508,0.534,0.0,0.0,-1.77,-5.32,-0.02,0.0,0.0,0.0,0.0,0.0,0.0,0.0,0.0,1.0,0.0,0.0,0.0,0.0,0.0,0.0,0.0,0.0,0.0,0.0,0.0,0.0,0.0,161.0,93.0,107.0,161.0,18.0,7.0,12.0,54.0,15.0,0.0,0.0
14.821,52,57864.0,600.0,95.0,600.0,625.0,0.0,1.0,0.0,0.0,0.5,0.025,0.5,0.52,0.508,0.039,0.508,0.535,0.0,0.0,-1.77,-5.32,-0.02,0.0,0.0,0.0,0.0,0.0,0.0,0.0,0.0,1.0,0.0,0.0,0.0,0.0,0.0,0.0,0.0,0.0,0.0,0.0,0.0,0.0,0.0,161.0,93.0,107.0,161.0,18.0,7.0,12.0,54.0,15.0,0.0,0.0
14.883,52,57916.0,600.0,95.0,600.0,625.0,0.0,1.0,0.0,0.0,0.5,0.025,0.5,0.52,0.508,0.039,0.508,0.535,0.0,0.0,-1.77,-5.32,-0.02,0.0,0.0,0.0,0.0,0.0,0.0,0.0,0.0,1.0,0.0,0.0,0.0,0.0,0.0,0.0,0.0,0.0,0.0,0.0,0.0,0.0,0.0,161.0,93.0,107.0,161.0,18.0,7.0,12.0,54.0,15.0,0.0,0.0
14.914,51,57967.0,600.0,95.0,600.0,625.0,0.0,1.0,0.0,0.0,0.5,0.025,0.5,0.52,0.508,0.039,0.508,0.535,0.0,0.0,-1.77,-5.32,-0.02,0.0,0.0,0.0,0.0,0.0,0.0,0.0,0.0,1.0,0.0,0.0,0.0,0.0,-0.0,0.0,0.0,0.0,0.0,0.0,0.0,0.0,0.0,161.0,93.0,107.0,161.0,18.0,7.0,12.0,54.0,15.0,0.0,0.0
14.979,52,58019.0,600.0,95.0,600.0,625.0,0.0,1.0,0.0,0.0,0.5,0.025,0.5,0.52,0.508,0.039,0.508,0.535,0.0,0.0,-1.77,-5.32,-0.02,0.0,0.0,0.0,0.0,0.0,0.0,0.0,0.0,1.0,0.0,0.0,0.0,0.0,0.0,0.0,0.0,0.0,0.0,0.0,0.0,0.0,0.0,161.0,93.0,107.0,161.0,18.0,7.0,12.0,54.0,15.0,0.0,0.0
15.019,52,58071.0,600.0,95.0,600.0,624.0,0.0,1.0,0.0,0.0,0.5,0.025,0.5,0.52,0.508,0.039,0.508,0.535,0.0,0.0,-1.77,-5.32,-0.02,0.0,0.0,0.0,0.0,0.0,0.0,0.0,0.0,1.0,0.0,0.0,0.0,0.0,0.0,0.0,0.0,0.0,0.0,0.0,0.0,0.0,0.0,161.0,93.0,107.0,161.0,18.0,7.0,12.0,54.0,15.0,0.0,0.0
15.085,52,58123.0,600.0,95.0,600.0,624.0,0.0,1.0,0.0,0.0,0.5,0.025,0.5,0.52,0.508,0.039,0.508,0.535,0.0,0.0,-1.77,-5.32,-0.02,0.0,0.0,0.0,0.0,0.0,0.0,0.0,0.0,1.0,0.0,0.0,0.0,0.0,0.0,0.0,0.0,0.0,0.0,0.0,0.0,0.0,0.0,161.0,93.0,107.0,161.0,18.0,7.0,12.0,54.0,15.0,0.0,1.0
15.117,52,58175.0,600.0,95.0,600.0,624.0,0.0,1.0,0.0,0.0,0.5,0.025,0.5,0.52,0.508,0.039,0.508,0.535,0.0,0.0,-1.77,-5.32,-0.02,0.0,0.0,0.0,0.0,0.0,0.0,0.0,0.0,1.0,0.0,0.0,0.0,0.0,0.0,0.0,0.0,0.0,0.0,0.0,0.0,0.0,0.0,161.0,93.0,107.0,161.0,18.0,7.0,12.0,54.0,15.0,0.0,0.0
15.182,52,58227.0,600.0,95.0,600.0,624.0,0.0,1.0,0.0,0.0,0.5,0.025,0.5,0.52,0.508,0.039,0.508,0.535,0.0,0.0,-1.77,-5.32,-0.02,0.0,0.0,0.0,0.0,0.0,0.0,0.0,0.0,1.0,0.0,0.0,0.0,0.0,0.0,0.0,0.0,0.0,0.0,0.0,0.0,0.0,0.0,161.0,93.0,107.0,161.0,18.0,7.0,12.0,54.0,15.0,0.0,0.0
15.249,52,58279.0,600.0,95.0,600.0,622.0,0.0,1.0,0.0,0.0,0.5,0.025,0.5,0.519,0.508,0.039,0.508,0.534,0.0,0.0,-1.77,-5.32,-0.02,0.0,0.0,0.0,0.0,0.0,0.0,0.0,0.0,1.0,0.0,0.0,0.0,0.0,0.0,0.0,0.0,0.0,0.0,0.0,0.0,0.0,0.0,161.0,93.0,107.0,161.0,18.0,7.0,12.0,54.0,15.0,0.0,1.0
15.282,52,58331.0,600.0,95.0,600.0,622.0,0.0,1.0,0.0,0.0,0.5,0.025,0.5,0.519,0.508,0.039,0.508,0.534,0.0,0.0,-1.77,-5.33,-0.02,0.0,0.0,0.0,0.0,0.0,0.0,0.0,0.0,1.0,0.0,0.0,0.0,0.0,0.0,0.0,0.0,0.0,0.0,0.0,0.0,0.0,0.0,161.0,93.0,107.0,161.0,18.0,7.0,12.0,54.0,15.0,0.0,1.0
15.348,52,58383.0,600.0,95.0,600.0,622.0,0.0,1.0,0.0,0.0,0.5,0.025,0.5,0.519,0.508,0.039,0.508,0.534,0.0,0.0,-1.77,-5.33,-0.02,0.0,0.0,0.0,0.0,0.0,0.0,0.0,0.0,1.0,0.0,0.0,0.0,0.0,0.0,0.0,0.0,0.0,0.0,0.0,0.0,0.0,0.0,161.0,93.0,107.0,161.0,18.0,7.0,12.0,54.0,15.0,0.0,0.0
15.381,51,58434.0,600.0,95.0,600.0,622.0,0.0,1.0,0.0,0.0,0.5,0.025,0.5,0.519,0.508,0.039,0.508,0.534,0.0,0.0,-1.77,-5.33,-0.02,0.0,0.0,0.0,0.0,0.0,0.0,0.0,0.0,1.0,0.0,0.0,0.0,0.0,0.0,0.0,0.0,0.0,0.0,0.0,0.0,0.0,0.0,161.0,93.0,107.0,161.0,18.0,7.0,12.0,54.0,15.0,0.0,0.0
15.45,52,58486.0,600.0,95.0,600.0,624.0,0.0,1.0,0.0,0.0,0.5,0.025,0.5,0.519,0.508,0.039,0.508,0.534,0.0,0.0,-1.77,-5.33,-0.02,0.0,0.0,0.0,0.0,0.0,0.0,0.0,0.0,1.0,0.0,0.0,0.0,0.0,0.0,0.0,0.0,0.0,0.0,0.0,0.0,0.0,0.0,161.0,93.0,107.0,161.0,18.0,7.0,12.0,54.0,15.0,0.0,0.0
15.483,52,58538.0,600.0,95.0,600.0,624.0,0.0,1.0,0.0,0.0,0.5,0.025,0.5,0.519,0.508,0.039,0.508,0.534,0.0,0.0,-1.76,-5.34,-0.02,0.0,0.0,0.0,0.0,0.0,0.0,0.0,0.0,1.0,0.0,0.0,0.0,0.0,-0.0,0.0,0.0,0.0,0.0,0.0,0.0,0.0,0.0,161.0,93.0,107.0,161.0,18.0,7.0,12.0,54.0,15.0,0.0,0.0
15.548,52,58590.0,600.0,95.0,600.0,624.0,0.0,1.0,0.0,0.0,0.5,0.025,0.5,0.519,0.508,0.039,0.508,0.534,0.0,0.0,-1.76,-5.34,-0.02,0.0,0.0,0.0,0.0,0.0,0.0,0.0,0.0,1.0,0.0,0.0,0.0,0.0,0.0,0.0,0.0,0.0,0.0,0.0,0.0,0.0,0.0,161.0,93.0,107.0,161.0,18.0,7.0,12.0,54.0,15.0,0.0,0.0
15.617,53,58643.0,600.0,95.0,600.0,624.0,0.0,1.0,0.0,0.0,0.5,0.025,0.5,0.519,0.508,0.039,0.508,0.534,0.0,0.0,-1.76,-5.34,-0.02,0.0,0.0,0.0,0.0,0.0,0.0,0.0,0.0,1.0,0.0,0.0,0.0,0.0,0.0,0.0,0.0,0.0,0.0,0.0,0.0,0.0,0.0,161.0,93.0,107.0,161.0,18.0,7.0,12.0,54.0,15.0,0.0,0.0
15.65,52,58695.0,600.0,95.0,600.0,623.0,0.0,1.0,0.0,0.0,0.5,0.024,0.5,0.519,0.508,0.039,0.508,0.534,0.0,0.0,-1.76,-5.34,-0.02,0.0,0.0,0.0,0.0,0.0,0.0,0.0,0.0,1.0,0.0,0.0,0.0,0.0,-0.0,0.0,0.0,0.0,0.0,0.0,0.0,0.0,0.0,161.0,93.0,107.0,161.0,18.0,7.0,12.0,54.0,15.0,0.0,0.0
15.716,52,58747.0,600.0,95.0,600.0,623.0,0.0,1.0,0.0,0.0,0.5,0.024,0.5,0.519,0.508,0.039,0.508,0.534,0.0,0.0,-1.76,-5.34,-0.02,0.0,0.0,0.0,0.0,0.0,0.0,0.0,0.0,1.0,0.0,0.0,0.0,0.0,-0.0,0.0,0.0,0.0,0.0,0.0,0.0,0.0,0.0,161.0,93.0,107.0,161.0,18.0,7.0,12.0,54.0,15.0,0.0,0.0
15.749,52,58799.0,600.0,95.0,600.0,623.0,0.0,1.0,0.0,0.0,0.5,0.024,0.5,0.519,0.508,0.039,0.508,0.534,0.0,0.0,-1.76,-5.34,-0.02,0.0,0.0,0.0,0.0,0.0,0.0,0.0,0.0,1.0,0.0,0.0,0.0,0.0,0.0,0.0,0.0,0.0,0.0,0.0,0.0,0.0,0.0,161.0,93.0,107.0,161.0,18.0,7.0,12.0,54.0,15.0,0.0,0.0
15.814,52,58851.0,600.0,95.0,600.0,623.0,0.0,1.0,0.0,0.0,0.5,0.024,0.5,0.519,0.508,0.039,0.508,0.534,0.0,0.0,-1.76,-5.34,-0.02,0.0,0.0,0.0,0.0,0.0,0.0,0.0,0.0,1.0,0.0,0.0,0.0,0.0,0.0,0.0,0.0,0.0,0.0,0.0,0.0,0.0,0.0,161.0,93.0,107.0,161.0,18.0,7.0,12.0,54.0,15.0,0.0,0.0
15.863,52,58903.0,600.0,95.0,600.0,619.0,0.0,1.0,0.0,0.0,0.5,0.025,0.5,0.517,0.508,0.039,0.508,0.532,0.0,0.0,-1.76,-5.34,-0.02,0.0,0.0,0.0,0.0,0.0,0.0,0.0,0.0,1.0,0.0,0.0,0.0,0.0,0.0,0.0,0.0,0.0,0.0,0.0,0.0,0.0,0.0,161.0,93.0,107.0,161.0,18.0,7.0,12.0,54.0,15.0,0.0,0.0
15.896,52,58955.0,600.0,95.0,600.0,619.0,0.0,1.0,0.0,0.0,0.5,0.025,0.5,0.517,0.508,0.039,0.508,0.532,0.0,0.0,-1.76,-5.34,-0.02,0.0,0.0,0.0,0.0,0.0,0.0,0.0,0.0,1.0,0.0,0.0,0.0,0.0,0.0,0.0,0.0,0.0,0.0,0.0,0.0,0.0,0.0,161.0,93.0,107.0,161.0,18.0,7.0,12.0,54.0,15.0,0.0,0.0
15.961,52,59007.0,600.0,95.0,600.0,619.0,0.0,1.0,0.0,0.0,0.5,0.025,0.5,0.517,0.508,0.039,0.508,0.532,0.0,0.0,-1.76,-5.34,-0.02,0.0,0.0,0.0,0.0,0.0,0.0,0.0,0.0,1.0,0.0,0.0,0.0,0.0,0.0,0.0,0.0,0.0,0.0,0.0,0.0,0.0,0.0,161.0,93.0,107.0,161.0,18.0,7.0,12.0,54.0,15.0,0.0,0.0
16.026,52,59059.0,600.0,95.0,600.0,619.0,0.0,1.0,0.0,0.0,0.5,0.025,0.5,0.517,0.508,0.039,0.508,0.532,0.0,0.0,-1.76,-5.34,-0.02,0.0,0.0,0.0,0.0,0.0,0.0,0.0,0.0,1.0,0.0,0.0,0.0,0.0,-0.0,0.0,0.0,0.0,0.0,0.0,0.0,0.0,0.0,161.0,93.0,107.0,161.0,18.0,7.0,12.0,54.0,15.0,0.0,0.0
16.058,52,59111.0,600.0,95.0,600.0,618.0,0.0,1.0,0.0,0.0,0.5,0.024,0.5,0.516,0.508,0.039,0.508,0.531,0.0,0.0,-1.76,-5.34,-0.02,0.0,0.0,0.0,0.0,0.0,0.0,0.0,0.0,1.0,0.0,0.0,0.0,0.0,0.0,0.0,0.0,0.0,0.0,0.0,0.0,0.0,0.0,161.0,93.0,107.0,161.0,18.0,7.0,12.0,54.0,15.0,0.0,0.0
16.125,52,59163.0,600.0,95.0,600.0,618.0,0.0,1.0,0.0,0.0,0.5,0.024,0.5,0.516,0.508,0.039,0.508,0.531,0.0,0.0,-1.76,-5.34,-0.02,0.0,0.0,0.0,0.0,0.0,0.0,0.0,0.0,1.0,0.0,0.0,0.0,0.0,0.0,0.0,0.0,0.0,0.0,0.0,0.0,0.0,0.0,161.0,93.0,107.0,161.0,18.0,7.0,12.0,54.0,15.0,0.0,0.0
16.158,51,59214.0,600.0,95.0,600.0,618.0,0.0,1.0,0.0,0.0,0.5,0.024,0.5,0.516,0.508,0.039,0.508,0.531,0.0,0.0,-1.76,-5.34,-0.02,0.0,0.0,0.0,0.0,0.0,0.0,0.0,0.0,1.0,0.0,0.0,0.0,0.0,-0.0,0.0,0.0,0.0,0.0,0.0,0.0,0.0,0.0,161.0,93.0,107.0,161.0,18.0,7.0,12.0,54.0,15.0,0.0,0.0
16.224,52,59266.0,600.0,95.0,600.0,618.0,0.0,1.0,0.0,0.0,0.5,0.024,0.5,0.516,0.508,0.039,0.508,0.531,0.0,0.0,-1.76,-5.34,-0.02,0.0,0.0,0.0,0.0,0.0,0.0,0.0,0.0,1.0,0.0,0.0,0.0,0.0,-0.0,0.0,0.0,0.0,0.0,0.0,0.0,0.0,0.0,161.0,93.0,107.0,161.0,18.0,7.0,12.0,54.0,15.0,0.0,0.0
16.288,52,59318.0,600.0,95.0,600.0,619.0,0.0,1.0,0.0,0.0,0.5,0.024,0.5,0.516,0.508,0.039,0.508,0.53,0.0,0.0,-1.76,-5.35,-0.02,0.0,0.0,0.0,0.0,0.0,0.0,0.0,0.0,1.0,0.0,0.0,0.0,0.0,-0.0,0.0,0.0,0.0,0.0,0.0,0.0,0.0,0.0,161.0,93.0,107.0,161.0,18.0,7.0,12.0,54.0,15.0,0.0,0.0
16.319,52,59370.0,600.0,95.0,600.0,619.0,0.0,1.0,0.0,0.0,0.5,0.024,0.5,0.516,0.508,0.039,0.508,0.53,0.0,0.0,-1.76,-5.35,-0.02,0.0,0.0,0.0,0.0,0.0,0.0,0.0,0.0,1.0,0.0,0.0,0.0,0.0,0.0,0.0,0.0,0.0,0.0,0.0,0.0,0.0,0.0,161.0,93.0,107.0,161.0,18.0,7.0,12.0,54.0,15.0,0.0,1.0
16.383,51,59421.0,600.0,95.0,600.0,619.0,0.0,1.0,0.0,0.0,0.5,0.024,0.5,0.516,0.508,0.039,0.508,0.53,0.0,0.0,-1.76,-5.35,-0.02,0.0,0.0,0.0,0.0,0.0,0.0,0.0,0.0,1.0,0.0,0.0,0.0,0.0,-0.0,0.0,0.0,0.0,0.0,0.0,0.0,0.0,0.0,161.0,93.0,107.0,161.0,18.0,7.0,12.0,54.0,15.0,0.0,0.0
16.422,53,59474.0,600.0,95.0,600.0,619.0,0.0,1.0,0.0,0.0,0.5,0.024,0.5,0.516,0.508,0.039,0.508,0.53,0.0,0.0,-1.76,-5.35,-0.02,0.0,0.0,0.0,0.0,0.0,0.0,0.0,0.0,1.0,0.0,0.0,0.0,0.0,0.0,0.0,0.0,0.0,0.0,0.0,0.0,0.0,0.0,161.0,93.0,107.0,161.0,18.0,7.0,12.0,54.0,15.0,0.0,1.0
16.488,52,59526.0,600.0,95.0,600.0,618.0,0.0,1.0,0.0,0.0,0.5,0.025,0.5,0.515,0.508,0.039,0.508,0.53,0.0,0.0,-1.76,-5.35,-0.02,0.0,0.0,0.0,0.0,0.0,0.0,0.0,0.0,1.0,0.0,0.0,0.0,0.0,-0.0,0.0,0.0,0.0,0.0,0.0,0.0,0.0,0.0,161.0,93.0,107.0,161.0,18.0,7.0,12.0,54.0,15.0,0.0,0.0
16.52,52,59578.0,600.0,95.0,600.0,618.0,0.0,1.0,0.0,0.0,0.5,0.025,0.5,0.515,0.508,0.039,0.508,0.53,0.0,0.0,-1.75,-5.34,-0.02,0.0,0.0,0.0,0.0,0.0,0.0,0.0,0.0,1.0,0.0,0.0,0.0,0.0,0.0,0.0,0.0,0.0,0.0,0.0,0.0,0.0,0.0,161.0,93.0,107.0,161.0,18.0,7.0,12.0,54.0,15.0,0.0,0.0
16.584,52,59630.0,600.0,95.0,600.0,618.0,0.0,1.0,0.0,0.0,0.5,0.025,0.5,0.515,0.508,0.039,0.508,0.53,0.0,0.0,-1.75,-5.34,-0.02,0.0,0.0,0.0,0.0,0.0,0.0,0.0,0.0,1.0,0.0,0.0,0.0,0.0,0.0,0.0,0.0,0.0,0.0,0.0,0.0,0.0,0.0,161.0,93.0,107.0,161.0,18.0,7.0,12.0,54.0,15.0,0.0,1.0
16.649,52,59682.0,600.0,95.0,600.0,618.0,0.0,1.0,0.0,0.0,0.5,0.025,0.5,0.515,0.508,0.039,0.508,0.53,0.0,0.0,-1.75,-5.34,-0.02,0.0,0.0,0.0,0.0,0.0,0.0,0.0,0.0,1.0,0.0,0.0,0.0,0.0,0.0,0.0,0.0,0.0,0.0,0.0,0.0,0.0,0.0,161.0,93.0,107.0,161.0,18.0,7.0,12.0,54.0,15.0,0.0,1.0
16.682,52,59734.0,600.0,95.0,600.0,619.0,0.0,1.0,0.0,0.0,0.5,0.025,0.5,0.516,0.508,0.039,0.508,0.53,0.0,0.0,-1.75,-5.34,-0.02,0.0,0.0,0.0,0.0,0.0,0.0,0.0,0.0,1.0,0.0,0.0,0.0,0.0,0.0,0.0,0.0,0.0,0.0,0.0,0.0,0.0,0.0,161.0,93.0,107.0,161.0,18.0,7.0,12.0,54.0,15.0,0.0,0.0
16.747,52,59786.0,600.0,95.0,600.0,619.0,0.0,1.0,0.0,0.0,0.5,0.025,0.5,0.516,0.508,0.039,0.508,0.53,0.0,0.0,-1.75,-5.34,-0.03,0.0,0.0,0.0,0.0,0.0,0.0,0.0,0.0,1.0,0.0,0.0,0.0,0.0,0.0,0.0,0.0,0.0,0.0,0.0,0.0,0.0,0.0,161.0,93.0,107.0,161.0,18.0,7.0,12.0,54.0,15.0,0.0,0.0
16.814,54,59840.0,600.0,96.0,600.0,619.0,0.0,1.0,0.0,0.0,0.5,0.025,0.5,0.516,0.508,0.039,0.508,0.53,0.0,0.0,-1.75,-5.34,-0.03,0.0,0.0,0.0,0.0,0.0,0.0,0.0,0.0,1.0,0.0,0.0,0.0,0.0,0.0,0.0,0.0,0.0,0.0,0.0,0.0,0.0,0.0,161.0,93.0,107.0,161.0,18.0,7.0,12.0,54.0,15.0,0.0,1.0
16.847,53,59893.0,600.0,96.0,600.0,619.0,0.0,1.0,0.0,0.0,0.5,0.025,0.5,0.516,0.508,0.039,0.508,0.53,0.0,0.0,-1.75,-5.34,-0.03,0.0,0.0,0.0,0.0,0.0,0.0,0.0,0.0,1.0,0.0,0.0,0.0,0.0,0.0,0.0,0.0,0.0,0.0,0.0,0.0,0.0,0.0,161.0,93.0,107.0,161.0,18.0,7.0,12.0,54.0,15.0,0.0,1.0
16.91,52,59945.0,600.0,96.0,600.0,621.0,0.0,1.0,0.0,0.0,0.5,0.025,0.5,0.516,0.508,0.039,0.508,0.531,0.0,0.0,-1.74,-5.34,-0.03,0.0,0.0,0.0,0.0,0.0,0.0,0.0,0.0,1.0,0.0,0.0,0.0,0.0,0.0,0.0,0.0,0.0,0.0,0.0,0.0,0.0,0.0,161.0,93.0,107.0,161.0,18.0,7.0,12.0,54.0,15.0,0.0,0.0
16.941,54,59999.0,600.0,96.0,600.0,621.0,0.0,1.0,0.0,0.0,0.5,0.025,0.5,0.516,0.508,0.039,0.508,0.531,0.0,0.0,-1.74,-5.34,-0.03,0.0,0.0,0.0,0.0,0.0,0.0,0.0,0.0,1.0,0.0,0.0,0.0,0.0,0.0,0.0,0.0,0.0,0.0,0.0,0.0,0.0,0.0,161.0,93.0,107.0,161.0,18.0,7.0,12.0,54.0,15.0,0.0,1.0
17.012,52,60051.0,600.0,95.0,600.0,621.0,0.0,1.0,0.0,0.0,0.5,0.025,0.5,0.516,0.508,0.039,0.508,0.531,0.0,0.0,-1.74,-5.34,-0.03,0.0,0.0,0.0,0.0,0.0,0.0,0.0,0.0,1.0,0.0,0.0,0.0,0.0,-0.0,0.0,0.0,0.0,0.0,0.0,0.0,0.0,0.0,161.0,93.0,107.0,161.0,18.0,7.0,12.0,54.0,15.0,0.0,0.0
17.044,52,60103.0,600.0,95.0,600.0,621.0,0.0,1.0,0.0,0.0,0.5,0.025,0.5,0.516,0.508,0.039,0.508,0.531,0.0,0.0,-1.74,-5.34,-0.03,0.0,0.0,0.0,0.0,0.0,0.0,0.0,0.0,1.0,0.0,0.0,0.0,0.0,0.0,0.0,0.0,0.0,0.0,0.0,0.0,0.0,0.0,161.0,93.0,107.0,161.0,18.0,7.0,12.0,54.0,15.0,0.0,0.0
17.109,52,60155.0,600.0,95.0,600.0,620.0,0.0,1.0,0.0,0.0,0.5,0.025,0.5,0.517,0.508,0.039,0.508,0.531,0.0,0.0,-1.74,-5.33,-0.03,0.0,0.0,0.0,0.0,0.0,0.0,0.0,0.0,1.0,0.0,0.0,0.0,0.0,0.0,0.0,0.0,0.0,0.0,0.0,0.0,0.0,0.0,161.0,93.0,107.0,161.0,18.0,7.0,12.0,54.0,15.0,0.0,0.0
17.174,52,60207.0,600.0,95.0,600.0,620.0,0.0,1.0,0.0,0.0,0.5,0.025,0.5,0.517,0.508,0.039,0.508,0.531,0.0,0.0,-1.74,-5.33,-0.03,0.0,0.0,0.0,0.0,0.0,0.0,0.0,0.0,1.0,0.0,0.0,0.0,0.0,0.0,0.0,0.0,0.0,0.0,0.0,0.0,0.0,0.0,161.0,93.0,107.0,161.0,18.0,7.0,12.0,54.0,15.0,0.0,0.0
17.207,52,60259.0,600.0,95.0,600.0,620.0,0.0,1.0,0.0,0.0,0.5,0.025,0.5,0.517,0.508,0.039,0.508,0.531,0.0,0.0,-1.74,-5.33,-0.03,0.0,0.0,0.0,0.0,0.0,0.0,0.0,0.0,1.0,0.0,0.0,0.0,0.0,0.0,0.0,0.0,0.0,0.0,0.0,0.0,0.0,0.0,161.0,93.0,107.0,161.0,18.0,7.0,12.0,54.0,15.0,0.0,0.0
17.272,52,60311.0,600.0,95.0,600.0,620.0,0.0,1.0,0.0,0.0,0.5,0.025,0.5,0.517,0.508,0.039,0.508,0.531,0.0,0.0,-1.74,-5.33,-0.03,0.0,0.0,0.0,0.0,0.0,0.0,0.0,0.0,1.0,0.0,0.0,0.0,0.0,0.0,0.0,0.0,0.0,0.0,0.0,0.0,0.0,0.0,161.0,93.0,107.0,161.0,18.0,7.0,12.0,54.0,15.0,0.0,0.0
17.305,52,60363.0,600.0,95.0,600.0,619.0,0.0,1.0,0.0,0.0,0.5,0.025,0.5,0.516,0.508,0.039,0.508,0.531,0.0,0.0,-1.74,-5.34,-0.03,0.0,0.0,0.0,0.0,0.0,0.0,0.0,0.0,1.0,0.0,0.0,0.0,0.0,-0.0,0.0,0.0,0.0,0.0,0.0,0.0,0.0,0.0,161.0,93.0,107.0,161.0,18.0,7.0,12.0,54.0,15.0,0.0,1.0
17.372,53,60416.0,600.0,95.0,600.0,619.0,0.0,1.0,0.0,0.0,0.5,0.025,0.5,0.516,0.508,0.039,0.508,0.531,0.0,0.0,-1.74,-5.34,-0.03,0.0,0.0,0.0,0.0,0.0,0.0,0.0,0.0,1.0,0.0,0.0,0.0,0.0,0.0,0.0,0.0,0.0,0.0,0.0,0.0,0.0,0.0,161.0,93.0,107.0,161.0,18.0,7.0,12.0,54.0,15.0,0.0,0.0
17.436,52,60468.0,600.0,95.0,600.0,619.0,0.0,1.0,0.0,0.0,0.5,0.025,0.5,0.516,0.508,0.039,0.508,0.531,0.0,0.0,-1.74,-5.34,-0.03,0.0,0.0,0.0,0.0,0.0,0.0,0.0,0.0,1.0,0.0,0.0,0.0,0.0,0.0,0.0,0.0,0.0,0.0,0.0,0.0,0.0,0.0,161.0,93.0,107.0,161.0,18.0,7.0,12.0,54.0,15.0,0.0,0.0
17.468,53,60521.0,600.0,95.0,600.0,619.0,0.0,1.0,0.0,0.0,0.5,0.025,0.5,0.516,0.508,0.039,0.508,0.531,0.0,0.0,-1.74,-5.34,-0.03,0.0,0.0,0.0,0.0,0.0,0.0,0.0,0.0,1.0,0.0,0.0,0.0,0.0,0.0,0.0,0.0,0.0,0.0,0.0,0.0,0.0,0.0,161.0,93.0,107.0,161.0,18.0,7.0,12.0,54.0,15.0,0.0,0.0
17.532,52,60573.0,600.0,95.0,600.0,621.0,0.0,1.0,0.0,0.0,0.5,0.025,0.5,0.516,0.508,0.039,0.508,0.531,0.0,0.0,-1.74,-5.33,-0.03,0.0,0.0,0.0,0.0,0.0,0.0,0.0,0.0,1.0,0.0,0.0,0.0,0.0,0.0,0.0,0.0,0.0,0.0,0.0,0.0,0.0,0.0,161.0,93.0,107.0,161.0,18.0,7.0,12.0,54.0,15.0,0.0,1.0
17.566,52,60625.0,600.0,95.0,600.0,621.0,0.0,1.0,0.0,0.0,0.5,0.025,0.5,0.516,0.508,0.039,0.508,0.531,0.0,0.0,-1.74,-5.33,-0.03,0.0,0.0,0.0,0.0,0.0,0.0,0.0,0.0,1.0,0.0,0.0,0.0,0.0,-0.0,0.0,0.0,0.0,0.0,0.0,0.0,0.0,0.0,161.0,93.0,107.0,161.0,18.0,7.0,12.0,54.0,15.0,0.0,0.0
17.629,52,60677.0,600.0,96.0,600.0,621.0,0.0,1.0,0.0,0.0,0.5,0.025,0.5,0.516,0.508,0.039,0.508,0.531,0.0,0.0,-1.74,-5.33,-0.03,0.0,0.0,0.0,0.0,0.0,0.0,0.0,0.0,1.0,0.0,0.0,0.0,0.0,0.0,0.0,0.0,0.0,0.0,0.0,0.0,0.0,0.0,161.0,93.0,107.0,161.0,18.0,7.0,12.0,54.0,15.0,0.0,0.0
17.693,52,60729.0,600.0,96.0,600.0,621.0,0.0,1.0,0.0,0.0,0.5,0.025,0.5,0.516,0.508,0.039,0.508,0.531,0.0,0.0,-1.74,-5.33,-0.03,0.0,0.0,0.0,0.0,0.0,0.0,0.0,0.0,1.0,0.0,0.0,0.0,0.0,0.0,0.0,0.0,0.0,0.0,0.0,0.0,0.0,0.0,161.0,93.0,107.0,161.0,18.0,7.0,12.0,54.0,15.0,0.0,0.0
17.725,52,60781.0,600.0,96.0,600.0,621.0,0.0,1.0,0.0,0.0,0.5,0.025,0.5,0.517,0.508,0.039,0.508,0.531,0.0,0.0,-1.75,-5.33,-0.03,0.0,0.0,0.0,0.0,0.0,0.0,0.0,0.0,1.0,0.0,0.0,0.0,0.0,0.0,0.0,0.0,0.0,0.0,0.0,0.0,0.0,0.0,161.0,93.0,107.0,161.0,18.0,7.0,12.0,54.0,15.0,0.0,0.0
17.791,52,60833.0,600.0,96.0,600.0,621.0,0.0,1.0,0.0,0.0,0.5,0.025,0.5,0.517,0.508,0.039,0.508,0.531,0.0,0.0,-1.75,-5.33,-0.03,0.0,0.0,0.0,0.0,0.0,0.0,0.0,0.0,1.0,0.0,0.0,0.0,0.0,0.0,0.0,0.0,0.0,0.0,0.0,0.0,0.0,0.0,161.0,93.0,107.0,161.0,18.0,7.0,12.0,54.0,15.0,0.0,0.0
17.856,52,60885.0,600.0,95.0,600.0,621.0,0.0,1.0,0.0,0.0,0.5,0.025,0.5,0.517,0.508,0.039,0.508,0.531,0.0,0.0,-1.75,-5.33,-0.03,0.0,0.0,0.0,0.0,0.0,0.0,0.0,0.0,1.0,0.0,0.0,0.0,0.0,0.0,0.0,0.0,0.0,0.0,0.0,0.0,0.0,0.0,161.0,93.0,107.0,161.0,18.0,7.0,12.0,54.0,15.0,0.0,1.0
17.887,52,60937.0,600.0,95.0,600.0,621.0,0.0,1.0,0.0,0.0,0.5,0.025,0.5,0.517,0.508,0.039,0.508,0.531,0.0,0.0,-1.75,-5.33,-0.03,0.0,0.0,0.0,0.0,0.0,0.0,0.0,0.0,1.0,0.0,0.0,0.0,0.0,0.0,0.0,0.0,0.0,0.0,0.0,0.0,0.0,0.0,161.0,93.0,107.0,161.0,18.0,7.0,12.0,54.0,15.0,0.0,0.0
17.95,52,60989.0,600.0,95.0,600.0,620.0,0.0,1.0,0.0,0.0,0.5,0.025,0.5,0.516,0.508,0.039,0.508,0.531,0.0,0.0,-1.75,-5.33,-0.03,0.0,0.0,0.0,0.0,0.0,0.0,0.0,0.0,1.0,0.0,0.0,0.0,0.0,0.0,0.0,0.0,0.0,0.0,0.0,0.0,0.0,0.0,161.0,93.0,107.0,161.0,18.0,7.0,12.0,54.0,15.0,0.0,0.0
17.982,52,61041.0,600.0,95.0,600.0,620.0,0.0,1.0,0.0,0.0,0.5,0.025,0.5,0.516,0.508,0.039,0.508,0.531,0.0,0.0,-1.75,-5.33,-0.03,0.0,0.0,0.0,0.0,0.0,0.0,0.0,0.0,1.0,0.0,0.0,0.0,0.0,0.0,0.0,0.0,0.0,0.0,0.0,0.0,0.0,0.0,161.0,93.0,107.0,161.0,18.0,7.0,12.0,54.0,15.0,0.0,0.0
18.052,51,61092.0,600.0,95.0,600.0,620.0,0.0,1.0,0.0,0.0,0.5,0.025,0.5,0.516,0.508,0.039,0.508,0.531,0.0,0.0,-1.75,-5.33,-0.03,0.0,0.0,0.0,0.0,0.0,0.0,0.0,0.0,1.0,0.0,0.0,0.0,0.0,-0.0,0.0,0.0,0.0,0.0,0.0,0.0,0.0,0.0,161.0,93.0,107.0,161.0,18.0,7.0,12.0,54.0,15.0,0.0,1.0
18.117,53,61145.0,600.0,95.0,600.0,620.0,0.0,1.0,0.0,0.0,0.5,0.025,0.5,0.516,0.508,0.039,0.508,0.531,0.0,0.0,-1.75,-5.33,-0.03,0.0,0.0,0.0,0.0,0.0,0.0,0.0,0.0,1.0,0.0,0.0,0.0,0.0,0.0,0.0,0.0,0.0,0.0,0.0,0.0,0.0,0.0,161.0,93.0,107.0,161.0,18.0,7.0,12.0,54.0,15.0,0.0,1.0
18.149,52,61197.0,600.0,95.0,600.0,620.0,0.0,1.0,0.0,0.0,0.5,0.025,0.5,0.517,0.508,0.039,0.508,0.531,0.0,0.0,-1.75,-5.33,-0.03,0.0,0.0,0.0,0.0,0.0,0.0,0.0,0.0,1.0,0.0,0.0,0.0,0.0,0.0,0.0,0.0,0.0,0.0,0.0,0.0,0.0,0.0,161.0,93.0,107.0,161.0,18.0,7.0,12.0,54.0,15.0,0.0,0.0
18.216,52,61249.0,600.0,95.0,600.0,620.0,0.0,1.0,0.0,0.0,0.5,0.025,0.5,0.517,0.508,0.039,0.508,0.531,0.0,0.0,-1.75,-5.33,-0.03,0.0,0.0,0.0,0.0,0.0,0.0,0.0,0.0,1.0,0.0,0.0,0.0,0.0,0.0,0.0,0.0,0.0,0.0,0.0,0.0,0.0,0.0,161.0,93.0,107.0,161.0,18.0,7.0,12.0,54.0,15.0,0.0,0.0
18.248,52,61301.0,600.0,95.0,600.0,620.0,0.0,1.0,0.0,0.0,0.5,0.025,0.5,0.517,0.508,0.039,0.508,0.531,0.0,0.0,-1.76,-5.34,-0.03,0.0,0.0,0.0,0.0,0.0,0.0,0.0,0.0,1.0,0.0,0.0,0.0,0.0,-0.0,0.0,0.0,0.0,0.0,0.0,0.0,0.0,0.0,161.0,93.0,107.0,161.0,18.0,7.0,12.0,54.0,15.0,0.0,0.0
18.313,52,61353.0,600.0,95.0,600.0,620.0,0.0,1.0,0.0,0.0,0.5,0.025,0.5,0.517,0.508,0.039,0.508,0.531,0.0,0.0,-1.76,-5.34,-0.03,0.0,0.0,0.0,0.0,0.0,0.0,0.0,0.0,1.0,0.0,0.0,0.0,0.0,0.0,0.0,0.0,0.0,0.0,0.0,0.0,0.0,0.0,161.0,93.0,107.0,161.0,18.0,7.0,12.0,54.0,15.0,0.0,0.0
18.379,52,61405.0,600.0,95.0,600.0,621.0,0.0,1.0,0.0,0.0,0.5,0.024,0.5,0.517,0.508,0.039,0.508,0.532,0.0,0.0,-1.76,-5.34,-0.03,0.0,0.0,0.0,0.0,0.0,0.0,0.0,0.0,1.0,0.0,0.0,0.0,0.0,0.0,0.0,0.0,0.0,0.0,0.0,0.0,0.0,0.0,161.0,93.0,107.0,161.0,18.0,7.0,12.0,54.0,15.0,0.0,1.0
18.417,52,61457.0,600.0,95.0,600.0,621.0,0.0,1.0,0.0,0.0,0.5,0.024,0.5,0.517,0.508,0.039,0.508,0.532,0.0,0.0,-1.76,-5.34,-0.03,0.0,0.0,0.0,0.0,0.0,0.0,0.0,0.0,1.0,0.0,0.0,0.0,0.0,0.0,0.0,0.0,0.0,0.0,0.0,0.0,0.0,0.0,161.0,93.0,107.0,161.0,18.0,7.0,12.0,54.0,15.0,0.0,0.0
18.451,52,61509.0,600.0,95.0,600.0,621.0,0.0,1.0,0.0,0.0,0.5,0.024,0.5,0.517,0.508,0.039,0.508,0.532,0.0,0.0,-1.76,-5.34,-0.03,0.0,0.0,0.0,0.0,0.0,0.0,0.0,0.0,1.0,0.0,0.0,0.0,0.0,0.0,0.0,0.0,0.0,0.0,0.0,0.0,0.0,0.0,161.0,93.0,107.0,161.0,18.0,7.0,12.0,54.0,15.0,0.0,0.0
18.516,52,61561.0,600.0,95.0,600.0,621.0,0.0,1.0,0.0,0.0,0.5,0.024,0.5,0.517,0.508,0.039,0.508,0.532,0.0,0.0,-1.75,-5.34,-0.03,0.0,0.0,0.0,0.0,0.0,0.0,0.0,0.0,1.0,0.0,0.0,0.0,0.0,-0.0,0.0,0.0,0.0,0.0,0.0,0.0,0.0,0.0,161.0,93.0,107.0,161.0,18.0,7.0,12.0,54.0,15.0,0.0,0.0
18.581,52,61613.0,600.0,95.0,600.0,621.0,0.0,1.0,0.0,0.0,0.5,0.025,0.5,0.517,0.508,0.039,0.508,0.532,0.0,0.0,-1.75,-5.34,-0.03,0.0,0.0,0.0,0.0,0.0,0.0,0.0,0.0,1.0,0.0,0.0,0.0,0.0,0.0,0.0,0.0,0.0,0.0,0.0,0.0,0.0,0.0,161.0,93.0,107.0,161.0,18.0,7.0,12.0,54.0,15.0,0.0,0.0
18.614,52,61665.0,600.0,95.0,600.0,621.0,0.0,1.0,0.0,0.0,0.5,0.025,0.5,0.517,0.508,0.039,0.508,0.532,0.0,0.0,-1.75,-5.33,-0.03,0.0,0.0,0.0,0.0,0.0,0.0,0.0,0.0,1.0,0.0,0.0,0.0,0.0,0.0,0.0,0.0,0.0,0.0,0.0,0.0,0.0,0.0,161.0,93.0,107.0,161.0,18.0,7.0,12.0,54.0,15.0,0.0,1.0
18.679,52,61717.0,600.0,95.0,600.0,621.0,0.0,1.0,0.0,0.0,0.5,0.025,0.5,0.517,0.508,0.039,0.508,0.532,0.0,0.0,-1.75,-5.33,-0.03,0.0,0.0,0.0,0.0,0.0,0.0,0.0,0.0,1.0,0.0,0.0,0.0,0.0,-0.0,0.0,0.0,0.0,0.0,0.0,0.0,0.0,0.0,161.0,93.0,107.0,161.0,18.0,7.0,12.0,54.0,15.0,0.0,0.0
18.712,52,61769.0,600.0,95.0,600.0,621.0,0.0,1.0,0.0,0.0,0.5,0.025,0.5,0.517,0.508,0.039,0.508,0.532,0.0,0.0,-1.75,-5.33,-0.03,0.0,0.0,0.0,0.0,0.0,0.0,0.0,0.0,1.0,0.0,0.0,0.0,0.0,0.0,0.0,0.0,0.0,0.0,0.0,0.0,0.0,0.0,161.0,93.0,107.0,161.0,18.0,7.0,12.0,54.0,15.0,0.0,0.0
18.777,52,61821.0,600.0,95.0,600.0,621.0,0.0,1.0,0.0,0.0,0.5,0.025,0.5,0.517,0.508,0.039,0.508,0.532,0.0,0.0,-1.75,-5.33,-0.03,0.0,0.0,0.0,0.0,0.0,0.0,0.0,0.0,1.0,0.0,0.0,0.0,0.0,0.0,0.0,0.0,0.0,0.0,0.0,0.0,0.0,0.0,161.0,93.0,107.0,161.0,18.0,7.0,12.0,54.0,15.0,0.0,0.0
18.846,52,61873.0,600.0,95.0,600.0,621.0,0.0,1.0,0.0,0.0,0.5,0.025,0.5,0.517,0.508,0.039,0.508,0.532,0.0,0.0,-1.75,-5.33,-0.03,0.0,0.0,0.0,0.0,0.0,0.0,0.0,0.0,1.0,0.0,0.0,0.0,0.0,0.0,0.0,0.0,0.0,0.0,0.0,0.0,0.0,0.0,161.0,93.0,107.0,161.0,18.0,7.0,12.0,54.0,15.0,0.0,0.0
18.878,52,61925.0,600.0,96.0,600.0,621.0,0.0,1.0,0.0,0.0,0.5,0.025,0.5,0.517,0.508,0.039,0.508,0.532,0.0,0.0,-1.75,-5.33,-0.03,0.0,0.0,0.0,0.0,0.0,0.0,0.0,0.0,1.0,0.0,0.0,0.0,0.0,0.0,0.0,0.0,0.0,0.0,0.0,0.0,0.0,0.0,161.0,93.0,107.0,161.0,18.0,7.0,12.0,54.0,15.0,0.0,1.0
18.943,52,61977.0,600.0,96.0,600.0,621.0,0.0,1.0,0.0,0.0,0.5,0.025,0.5,0.517,0.508,0.039,0.508,0.532,0.0,0.0,-1.75,-5.33,-0.03,0.0,0.0,0.0,0.0,0.0,0.0,0.0,0.0,1.0,0.0,0.0,0.0,0.0,0.0,0.0,0.0,0.0,0.0,0.0,0.0,0.0,0.0,161.0,93.0,107.0,161.0,18.0,7.0,12.0,54.0,15.0,0.0,0.0
18.976,52,62029.0,600.0,96.0,600.0,624.0,0.0,1.0,0.0,0.0,0.5,0.025,0.5,0.519,0.508,0.039,0.508,0.533,0.0,0.0,-1.75,-5.33,-0.03,0.0,0.0,0.0,0.0,0.0,0.0,0.0,0.0,1.0,0.0,0.0,0.0,0.0,0.0,0.0,0.0,0.0,0.0,0.0,0.0,0.0,0.0,161.0,93.0,107.0,161.0,18.0,7.0,12.0,54.0,15.0,0.0,0.0
19.047,52,62081.0,600.0,96.0,600.0,624.0,0.0,1.0,0.0,0.0,0.5,0.025,0.5,0.519,0.508,0.039,0.508,0.533,0.0,0.0,-1.75,-5.34,-0.03,0.0,0.0,0.0,0.0,0.0,0.0,0.0,0.0,1.0,0.0,0.0,0.0,0.0,0.0,0.0,0.0,0.0,0.0,0.0,0.0,0.0,0.0,161.0,93.0,107.0,161.0,18.0,7.0,12.0,54.0,15.0,0.0,0.0
19.079,52,62133.0,600.0,96.0,600.0,624.0,0.0,1.0,0.0,0.0,0.5,0.025,0.5,0.519,0.508,0.039,0.508,0.533,0.0,0.0,-1.75,-5.34,-0.03,0.0,0.0,0.0,0.0,0.0,0.0,0.0,0.0,1.0,0.0,0.0,0.0,0.0,0.0,0.0,0.0,0.0,0.0,0.0,0.0,0.0,0.0,161.0,93.0,107.0,161.0,18.0,7.0,12.0,54.0,15.0,0.0,1.0
19.144,52,62185.0,600.0,96.0,600.0,624.0,0.0,1.0,0.0,0.0,0.5,0.025,0.5,0.519,0.508,0.039,0.508,0.533,0.0,0.0,-1.76,-5.34,-0.03,0.0,0.0,0.0,0.0,0.0,0.0,0.0,0.0,1.0,0.0,0.0,0.0,0.0,0.0,0.0,0.0,0.0,0.0,0.0,0.0,0.0,0.0,161.0,93.0,107.0,161.0,18.0,7.0,12.0,54.0,15.0,0.0,1.0
19.21,52,62237.0,600.0,96.0,600.0,626.0,0.0,1.0,0.0,0.0,0.5,0.025,0.5,0.52,0.508,0.039,0.508,0.534,0.0,0.0,-1.76,-5.34,-0.03,0.0,0.0,0.0,0.0,0.0,0.0,0.0,0.0,1.0,0.0,0.0,0.0,0.0,-0.0,0.0,0.0,0.0,0.0,0.0,0.0,0.0,0.0,161.0,93.0,107.0,161.0,18.0,7.0,12.0,54.0,15.0,0.0,1.0
19.242,52,62289.0,600.0,96.0,600.0,626.0,0.0,1.0,0.0,0.0,0.5,0.025,0.5,0.52,0.508,0.039,0.508,0.534,0.0,0.0,-1.76,-5.34,-0.03,0.0,0.0,0.0,0.0,0.0,0.0,0.0,0.0,1.0,0.0,0.0,0.0,0.0,0.0,0.0,0.0,0.0,0.0,0.0,0.0,0.0,0.0,161.0,93.0,107.0,161.0,18.0,7.0,12.0,54.0,15.0,0.0,0.0
19.307,52,62341.0,600.0,96.0,600.0,626.0,0.0,1.0,0.0,0.0,0.5,0.025,0.5,0.52,0.508,0.039,0.508,0.534,0.0,0.0,-1.76,-5.34,-0.03,0.0,0.0,0.0,0.0,0.0,0.0,0.0,0.0,1.0,0.0,0.0,0.0,0.0,0.0,0.0,0.0,0.0,0.0,0.0,0.0,0.0,0.0,161.0,93.0,107.0,161.0,18.0,7.0,12.0,54.0,15.0,0.0,0.0
19.34,52,62393.0,600.0,96.0,600.0,626.0,0.0,1.0,0.0,0.0,0.5,0.025,0.5,0.52,0.508,0.039,0.508,0.534,0.0,0.0,-1.76,-5.34,-0.03,0.0,0.0,0.0,0.0,0.0,0.0,0.0,0.0,1.0,0.0,0.0,0.0,0.0,0.0,0.0,0.0,0.0,0.0,0.0,0.0,0.0,0.0,161.0,93.0,107.0,161.0,18.0,7.0,12.0,54.0,15.0,0.0,0.0
19.405,52,62445.0,600.0,96.0,600.0,629.0,0.0,1.0,0.0,0.0,0.5,0.025,0.5,0.522,0.508,0.04,0.508,0.536,0.0,0.0,-1.76,-5.34,-0.03,0.0,0.0,0.0,0.0,0.0,0.0,0.0,0.0,1.0,0.0,0.0,0.0,0.0,0.0,0.0,0.0,0.0,0.0,0.0,0.0,0.0,0.0,161.0,93.0,107.0,161.0,18.0,7.0,12.0,54.0,15.0,0.0,1.0
19.437,52,62497.0,600.0,96.0,600.0,629.0,0.0,1.0,0.0,0.0,0.5,0.025,0.5,0.522,0.508,0.04,0.508,0.536,0.0,0.0,-1.76,-5.34,-0.03,0.0,0.0,0.0,0.0,0.0,0.0,0.0,0.0,1.0,0.0,0.0,0.0,0.0,0.0,0.0,0.0,0.0,0.0,0.0,0.0,0.0,0.0,161.0,93.0,107.0,161.0,18.0,7.0,12.0,54.0,15.0,0.0,0.0
19.501,52,62549.0,600.0,97.0,600.0,629.0,0.0,1.0,0.0,0.0,0.5,0.025,0.5,0.522,0.508,0.04,0.508,0.536,0.0,0.0,-1.76,-5.34,-0.03,0.0,0.0,0.0,0.0,0.0,0.0,0.0,0.0,1.0,0.0,0.0,0.0,0.0,0.0,0.0,0.0,0.0,0.0,0.0,0.0,0.0,0.0,161.0,93.0,107.0,161.0,18.0,7.0,12.0,54.0,15.0,0.0,0.0
19.565,53,62602.0,600.0,97.0,600.0,629.0,0.0,1.0,0.0,0.0,0.5,0.025,0.5,0.522,0.508,0.04,0.508,0.536,0.0,0.0,-1.76,-5.33,-0.03,0.0,0.0,0.0,0.0,0.0,0.0,0.0,0.0,1.0,0.0,0.0,0.0,0.0,0.0,0.0,0.0,0.0,0.0,0.0,0.0,0.0,0.0,161.0,93.0,107.0,161.0,18.0,7.0,12.0,54.0,15.0,0.0,0.0
19.598,52,62654.0,600.0,97.0,600.0,627.0,0.0,1.0,0.0,0.0,0.5,0.025,0.5,0.522,0.508,0.04,0.508,0.537,0.0,0.0,-1.76,-5.33,-0.03,0.0,0.0,0.0,0.0,0.0,0.0,0.0,0.0,1.0,0.0,0.0,0.0,0.0,-0.0,0.0,0.0,0.0,0.0,0.0,0.0,0.0,0.0,161.0,93.0,107.0,161.0,18.0,7.0,12.0,54.0,15.0,0.0,0.0
19.663,52,62706.0,600.0,97.0,600.0,627.0,0.0,1.0,0.0,0.0,0.5,0.025,0.5,0.522,0.508,0.04,0.508,0.537,0.0,0.0,-1.76,-5.33,-0.03,0.0,0.0,0.0,0.0,0.0,0.0,0.0,0.0,1.0,0.0,0.0,0.0,0.0,-0.0,0.0,0.0,0.0,0.0,0.0,0.0,0.0,0.0,161.0,93.0,107.0,161.0,18.0,7.0,12.0,54.0,15.0,0.0,0.0
19.727,53,62759.0,600.0,97.0,600.0,627.0,0.0,1.0,0.0,0.0,0.5,0.025,0.5,0.522,0.508,0.04,0.508,0.537,0.0,0.0,-1.76,-5.34,-0.03,0.0,0.0,0.0,0.0,0.0,0.0,0.0,0.0,1.0,0.0,0.0,0.0,0.0,-0.0,0.0,0.0,0.0,0.0,0.0,0.0,0.0,0.0,161.0,93.0,107.0,161.0,18.0,7.0,12.0,54.0,15.0,0.0,0.0
19.758,52,62811.0,600.0,97.0,600.0,627.0,0.0,1.0,0.0,0.0,0.5,0.025,0.5,0.522,0.508,0.04,0.508,0.537,0.0,0.0,-1.76,-5.34,-0.03,0.0,0.0,0.0,0.0,0.0,0.0,0.0,0.0,1.0,0.0,0.0,0.0,0.0,-0.0,0.0,0.0,0.0,0.0,0.0,0.0,0.0,0.0,161.0,93.0,107.0,161.0,18.0,7.0,12.0,54.0,15.0,0.0,0.0
19.823,54,62865.0,600.0,97.0,600.0,627.0,0.0,1.0,0.0,0.0,0.5,0.025,0.5,0.522,0.508,0.04,0.508,0.537,0.0,0.0,-1.76,-5.34,-0.03,0.0,0.0,0.0,0.0,0.0,0.0,0.0,0.0,1.0,0.0,0.0,0.0,0.0,0.0,0.0,0.0,0.0,0.0,0.0,0.0,0.0,0.0,161.0,93.0,107.0,161.0,18.0,7.0,12.0,54.0,15.0,0.0,0.0
19.889,52,62917.0,600.0,97.0,600.0,627.0,0.0,1.0,0.0,0.0,0.5,0.025,0.5,0.522,0.508,0.04,0.508,0.537,0.0,0.0,-1.76,-5.34,-0.03,0.0,0.0,0.0,0.0,0.0,0.0,0.0,0.0,1.0,0.0,0.0,0.0,0.0,0.0,0.0,0.0,0.0,0.0,0.0,0.0,0.0,0.0,161.0,93.0,107.0,161.0,18.0,7.0,12.0,54.0,15.0,0.0,0.0
19.921,52,62969.0,600.0,97.0,600.0,627.0,0.0,1.0,0.0,0.0,0.5,0.025,0.5,0.522,0.508,0.04,0.508,0.537,0.0,0.0,-1.76,-5.34,-0.03,0.0,0.0,0.0,0.0,0.0,0.0,0.0,0.0,1.0,0.0,0.0,0.0,0.0,-0.0,0.0,0.0,0.0,0.0,0.0,0.0,0.0,0.0,161.0,93.0,107.0,161.0,18.0,7.0,12.0,54.0,15.0,0.0,0.0
19.986,52,63021.0,600.0,97.0,600.0,627.0,0.0,1.0,0.0,0.0,0.5,0.025,0.5,0.522,0.508,0.04,0.508,0.537,0.0,0.0,-1.76,-5.34,-0.03,0.0,0.0,0.0,0.0,0.0,0.0,0.0,0.0,1.0,0.0,0.0,0.0,0.0,0.0,0.0,0.0,0.0,0.0,0.0,0.0,0.0,0.0,161.0,93.0,107.0,161.0,18.0,7.0,12.0,54.0,15.0,0.0,0.0
20.02,52,63073.0,600.0,97.0,600.0,625.0,0.0,1.0,0.0,0.0,0.5,0.025,0.5,0.521,0.508,0.04,0.508,0.536,0.0,0.0,-1.76,-5.34,-0.03,0.0,0.0,0.0,0.0,0.0,0.0,0.0,0.0,1.0,0.0,0.0,0.0,0.0,-0.0,0.0,0.0,0.0,0.0,0.0,0.0,0.0,0.0,161.0,93.0,107.0,161.0,18.0,7.0,12.0,54.0,15.0,0.0,0.0
20.086,52,63125.0,600.0,97.0,600.0,625.0,0.0,1.0,0.0,0.0,0.5,0.025,0.5,0.521,0.508,0.04,0.508,0.536,0.0,0.0,-1.76,-5.34,-0.03,0.0,0.0,0.0,0.0,0.0,0.0,0.0,0.0,1.0,0.0,0.0,0.0,0.0,0.0,0.0,0.0,0.0,0.0,0.0,0.0,0.0,0.0,161.0,93.0,107.0,161.0,18.0,7.0,12.0,54.0,15.0,0.0,1.0
20.118,52,63177.0,600.0,97.0,600.0,625.0,0.0,1.0,0.0,0.0,0.5,0.025,0.5,0.521,0.508,0.04,0.508,0.536,0.0,0.0,-1.76,-5.34,-0.03,0.0,0.0,0.0,0.0,0.0,0.0,0.0,0.0,1.0,0.0,0.0,0.0,0.0,0.0,0.0,0.0,0.0,0.0,0.0,0.0,0.0,0.0,161.0,93.0,107.0,161.0,18.0,7.0,12.0,54.0,15.0,0.0,0.0
20.183,51,63228.0,600.0,97.0,600.0,625.0,0.0,1.0,0.0,0.0,0.5,0.025,0.5,0.521,0.508,0.04,0.508,0.536,0.0,0.0,-1.76,-5.34,-0.03,0.0,0.0,0.0,0.0,0.0,0.0,0.0,0.0,1.0,0.0,0.0,0.0,0.0,0.0,0.0,0.0,0.0,0.0,0.0,0.0,0.0,0.0,161.0,93.0,107.0,161.0,18.0,7.0,12.0,54.0,15.0,0.0,0.0
20.225,53,63281.0,600.0,97.0,600.0,622.0,0.0,1.0,0.0,0.0,0.5,0.025,0.5,0.52,0.508,0.04,0.508,0.535,0.0,0.0,-1.76,-5.35,-0.03,0.0,0.0,0.0,0.0,0.0,0.0,0.0,0.0,1.0,0.0,0.0,0.0,0.0,0.0,0.0,0.0,0.0,0.0,0.0,0.0,0.0,0.0,161.0,93.0,107.0,161.0,18.0,7.0,12.0,54.0,15.0,0.0,1.0
20.29,52,63333.0,600.0,97.0,600.0,622.0,0.0,1.0,0.0,0.0,0.5,0.025,0.5,0.52,0.508,0.04,0.508,0.535,0.0,0.0,-1.76,-5.35,-0.03,0.0,0.0,0.0,0.0,0.0,0.0,0.0,0.0,1.0,0.0,0.0,0.0,0.0,0.0,0.0,0.0,0.0,0.0,0.0,0.0,0.0,0.0,161.0,93.0,107.0,161.0,18.0,7.0,12.0,54.0,15.0,0.0,0.0
20.355,52,63385.0,600.0,97.0,600.0,622.0,0.0,1.0,0.0,0.0,0.5,0.025,0.5,0.52,0.508,0.04,0.508,0.535,0.0,0.0,-1.76,-5.35,-0.03,0.0,0.0,0.0,0.0,0.0,0.0,0.0,0.0,1.0,0.0,0.0,0.0,0.0,-0.0,0.0,0.0,0.0,0.0,0.0,0.0,0.0,0.0,161.0,93.0,107.0,161.0,18.0,7.0,12.0,54.0,15.0,0.0,0.0
20.388,52,63437.0,600.0,97.0,600.0,622.0,0.0,1.0,0.0,0.0,0.5,0.025,0.5,0.52,0.508,0.04,0.508,0.535,0.0,0.0,-1.76,-5.35,-0.03,0.0,0.0,0.0,0.0,0.0,0.0,0.0,0.0,1.0,0.0,0.0,0.0,0.0,-0.0,0.0,0.0,0.0,0.0,0.0,0.0,0.0,0.0,161.0,93.0,107.0,161.0,18.0,7.0,12.0,54.0,15.0,0.0,0.0
20.454,52,63489.0,600.0,97.0,600.0,622.0,0.0,1.0,0.0,0.0,0.5,0.025,0.5,0.519,0.508,0.04,0.508,0.534,0.0,0.0,-1.76,-5.35,-0.03,0.0,0.0,0.0,0.0,0.0,0.0,0.0,0.0,1.0,0.0,0.0,0.0,0.0,0.0,0.0,0.0,0.0,0.0,0.0,0.0,0.0,0.0,161.0,93.0,107.0,161.0,18.0,7.0,12.0,54.0,15.0,0.0,0.0
20.486,53,63542.0,600.0,97.0,600.0,622.0,0.0,1.0,0.0,0.0,0.5,0.025,0.5,0.519,0.508,0.04,0.508,0.534,0.0,0.0,-1.76,-5.35,-0.03,0.0,0.0,0.0,0.0,0.0,0.0,0.0,0.0,1.0,0.0,0.0,0.0,0.0,-0.0,0.0,0.0,0.0,0.0,0.0,0.0,0.0,0.0,161.0,93.0,107.0,161.0,18.0,7.0,12.0,54.0,15.0,0.0,0.0
20.549,52,63594.0,600.0,97.0,600.0,622.0,0.0,1.0,0.0,0.0,0.5,0.025,0.5,0.519,0.508,0.04,0.508,0.534,0.0,0.0,-1.76,-5.35,-0.03,0.0,0.0,0.0,0.0,0.0,0.0,0.0,0.0,1.0,0.0,0.0,0.0,0.0,0.0,0.0,0.0,0.0,0.0,0.0,0.0,0.0,0.0,161.0,93.0,107.0,161.0,18.0,7.0,12.0,54.0,15.0,0.0,1.0
20.618,53,63647.0,600.0,97.0,600.0,622.0,0.0,1.0,0.0,0.0,0.5,0.025,0.5,0.519,0.508,0.04,0.508,0.534,0.0,0.0,-1.76,-5.35,-0.03,0.0,0.0,0.0,0.0,0.0,0.0,0.0,0.0,1.0,0.0,0.0,0.0,0.0,0.0,0.0,0.0,0.0,0.0,0.0,0.0,0.0,0.0,161.0,93.0,107.0,161.0,18.0,7.0,12.0,54.0,15.0,0.0,0.0
20.652,52,63699.0,600.0,97.0,600.0,622.0,0.0,1.0,0.0,0.0,0.5,0.025,0.5,0.518,0.508,0.04,0.508,0.533,0.0,0.0,-1.76,-5.35,-0.03,0.0,0.0,0.0,0.0,0.0,0.0,0.0,0.0,1.0,0.0,0.0,0.0,0.0,0.0,0.0,0.0,0.0,0.0,0.0,0.0,0.0,0.0,161.0,93.0,107.0,161.0,18.0,7.0,12.0,54.0,15.0,0.0,0.0
20.718,52,63751.0,600.0,97.0,600.0,622.0,0.0,1.0,0.0,0.0,0.5,0.025,0.5,0.518,0.508,0.04,0.508,0.533,0.0,0.0,-1.76,-5.35,-0.03,0.0,0.0,0.0,0.0,0.0,0.0,0.0,0.0,1.0,0.0,0.0,0.0,0.0,0.0,0.0,0.0,0.0,0.0,0.0,0.0,0.0,0.0,161.0,93.0,107.0,161.0,18.0,7.0,12.0,54.0,15.0,0.0,0.0
20.749,51,63802.0,600.0,97.0,600.0,622.0,0.0,1.0,0.0,0.0,0.5,0.025,0.5,0.518,0.508,0.04,0.508,0.533,0.0,0.0,-1.76,-5.35,-0.03,0.0,0.0,0.0,0.0,0.0,0.0,0.0,0.0,1.0,0.0,0.0,0.0,0.0,0.0,0.0,0.0,0.0,0.0,0.0,0.0,0.0,0.0,161.0,93.0,107.0,161.0,18.0,7.0,12.0,54.0,15.0,0.0,0.0
20.819,52,63854.0,600.0,97.0,600.0,622.0,0.0,1.0,0.0,0.0,0.5,0.025,0.5,0.518,0.508,0.04,0.508,0.533,0.0,0.0,-1.76,-5.35,-0.03,0.0,0.0,0.0,0.0,0.0,0.0,0.0,0.0,1.0,0.0,0.0,0.0,0.0,0.0,0.0,0.0,0.0,0.0,0.0,0.0,0.0,0.0,161.0,93.0,107.0,161.0,18.0,7.0,12.0,54.0,15.0,0.0,0.0
20.851,52,63906.0,600.0,97.0,600.0,622.0,0.0,1.0,0.0,0.0,0.5,0.025,0.5,0.518,0.508,0.04,0.508,0.533,0.0,0.0,-1.76,-5.35,-0.03,0.0,0.0,0.0,0.0,0.0,0.0,0.0,0.0,1.0,0.0,0.0,0.0,0.0,0.0,0.0,0.0,0.0,0.0,0.0,0.0,0.0,0.0,161.0,93.0,107.0,161.0,18.0,7.0,12.0,54.0,15.0,0.0,0.0
20.916,52,63958.0,600.0,97.0,600.0,622.0,0.0,1.0,0.0,0.0,0.5,0.025,0.5,0.518,0.508,0.04,0.508,0.533,0.0,0.0,-1.76,-5.35,-0.03,0.0,0.0,0.0,0.0,0.0,0.0,0.0,0.0,1.0,0.0,0.0,0.0,0.0,0.0,0.0,0.0,0.0,0.0,0.0,0.0,0.0,0.0,161.0,93.0,107.0,161.0,18.0,7.0,12.0,54.0,15.0,0.0,0.0
20.981,53,64011.0,600.0,97.0,600.0,622.0,0.0,1.0,0.0,0.0,0.5,0.025,0.5,0.518,0.508,0.04,0.508,0.533,0.0,0.0,-1.76,-5.36,-0.03,0.0,0.0,0.0,0.0,0.0,0.0,0.0,0.0,1.0,0.0,0.0,0.0,0.0,0.0,0.0,0.0,0.0,0.0,0.0,0.0,0.0,0.0,161.0,93.0,107.0,161.0,18.0,7.0,12.0,54.0,15.0,0.0,0.0
21.014,53,64064.0,600.0,97.0,600.0,622.0,0.0,1.0,0.0,0.0,0.5,0.025,0.5,0.518,0.508,0.04,0.508,0.533,0.0,0.0,-1.77,-5.36,-0.03,0.0,0.0,0.0,0.0,0.0,0.0,0.0,0.0,1.0,0.0,0.0,0.0,0.0,-0.0,0.0,0.0,0.0,0.0,0.0,0.0,0.0,0.0,161.0,93.0,107.0,161.0,18.0,7.0,12.0,54.0,15.0,0.0,0.0
21.08,52,64116.0,600.0,97.0,600.0,623.0,0.0,1.0,0.0,0.0,0.5,0.025,0.5,0.518,0.508,0.04,0.508,0.533,0.0,0.0,-1.77,-5.36,-0.03,0.0,0.0,0.0,0.0,0.0,0.0,0.0,0.0,1.0,0.0,0.0,0.0,0.0,0.0,0.0,0.0,0.0,0.0,0.0,0.0,0.0,0.0,161.0,93.0,107.0,161.0,18.0,7.0,12.0,54.0,15.0,0.0,0.0
21.112,52,64168.0,600.0,97.0,600.0,623.0,0.0,1.0,0.0,0.0,0.5,0.025,0.5,0.518,0.508,0.04,0.508,0.533,0.0,0.0,-1.77,-5.36,-0.03,0.0,0.0,0.0,0.0,0.0,0.0,0.0,0.0,1.0,0.0,0.0,0.0,0.0,0.0,0.0,0.0,0.0,0.0,0.0,0.0,0.0,0.0,161.0,93.0,107.0,161.0,18.0,7.0,12.0,54.0,15.0,0.0,0.0
21.177,52,64220.0,600.0,96.0,600.0,623.0,0.0,1.0,0.0,0.0,0.5,0.025,0.5,0.518,0.508,0.04,0.508,0.533,0.0,0.0,-1.77,-5.36,-0.03,0.0,0.0,0.0,0.0,0.0,0.0,0.0,0.0,1.0,0.0,0.0,0.0,0.0,-0.0,0.0,0.0,0.0,0.0,0.0,0.0,0.0,0.0,161.0,93.0,107.0,161.0,18.0,7.0,12.0,54.0,15.0,0.0,1.0
21.243,52,64272.0,600.0,96.0,600.0,623.0,0.0,1.0,0.0,0.0,0.5,0.025,0.5,0.518,0.508,0.04,0.508,0.533,0.0,0.0,-1.77,-5.36,-0.03,0.0,0.0,0.0,0.0,0.0,0.0,0.0,0.0,1.0,0.0,0.0,0.0,0.0,-0.0,0.0,0.0,0.0,0.0,0.0,0.0,0.0,0.0,161.0,93.0,107.0,161.0,18.0,7.0,12.0,54.0,15.0,0.0,0.0
21.276,52,64324.0,600.0,96.0,600.0,625.0,0.0,1.0,0.0,0.0,0.5,0.025,0.5,0.52,0.508,0.04,0.508,0.534,0.0,0.0,-1.77,-5.36,-0.03,0.0,0.0,0.0,0.0,0.0,0.0,0.0,0.0,1.0,0.0,0.0,0.0,0.0,0.0,0.0,0.0,0.0,0.0,0.0,0.0,0.0,0.0,161.0,93.0,107.0,161.0,18.0,7.0,12.0,54.0,15.0,0.0,0.0
21.342,52,64376.0,600.0,96.0,600.0,625.0,0.0,1.0,0.0,0.0,0.5,0.025,0.5,0.52,0.508,0.04,0.508,0.534,0.0,0.0,-1.77,-5.36,-0.03,0.0,0.0,0.0,0.0,0.0,0.0,0.0,0.0,1.0,0.0,0.0,0.0,0.0,0.0,0.0,0.0,0.0,0.0,0.0,0.0,0.0,0.0,161.0,93.0,107.0,161.0,18.0,7.0,12.0,54.0,15.0,0.0,1.0
21.374,51,64427.0,600.0,96.0,600.0,625.0,0.0,1.0,0.0,0.0,0.5,0.025,0.5,0.52,0.508,0.04,0.508,0.534,0.0,0.0,-1.77,-5.36,-0.03,0.0,0.0,0.0,0.0,0.0,0.0,0.0,0.0,1.0,0.0,0.0,0.0,0.0,0.0,0.0,0.0,0.0,0.0,0.0,0.0,0.0,0.0,161.0,93.0,107.0,161.0,18.0,7.0,12.0,54.0,15.0,0.0,1.0
21.44,52,64479.0,600.0,96.0,600.0,625.0,0.0,1.0,0.0,0.0,0.5,0.025,0.5,0.52,0.508,0.04,0.508,0.534,0.0,0.0,-1.76,-5.36,-0.03,0.0,0.0,0.0,0.0,0.0,0.0,0.0,0.0,1.0,0.0,0.0,0.0,0.0,0.0,0.0,0.0,0.0,0.0,0.0,0.0,0.0,0.0,161.0,93.0,107.0,161.0,18.0,7.0,12.0,54.0,15.0,0.0,0.0
21.473,52,64531.0,600.0,96.0,600.0,622.0,0.0,1.0,0.0,0.0,0.5,0.025,0.5,0.519,0.508,0.04,0.508,0.533,0.0,0.0,-1.76,-5.36,-0.03,0.0,0.0,0.0,0.0,0.0,0.0,0.0,0.0,1.0,0.0,0.0,0.0,0.0,0.0,0.0,0.0,0.0,0.0,0.0,0.0,0.0,0.0,161.0,93.0,107.0,161.0,18.0,7.0,12.0,54.0,15.0,0.0,0.0
21.538,53,64584.0,600.0,96.0,600.0,622.0,0.0,1.0,0.0,0.0,0.5,0.025,0.5,0.519,0.508,0.04,0.508,0.533,0.0,0.0,-1.76,-5.36,-0.03,0.0,0.0,0.0,0.0,0.0,0.0,0.0,0.0,1.0,0.0,0.0,0.0,0.0,0.0,0.0,0.0,0.0,0.0,0.0,0.0,0.0,0.0,161.0,93.0,107.0,161.0,18.0,7.0,12.0,54.0,15.0,0.0,0.0
21.612,51,64635.0,600.0,96.0,600.0,622.0,0.0,1.0,0.0,0.0,0.5,0.025,0.5,0.519,0.508,0.04,0.508,0.533,0.0,0.0,-1.76,-5.36,-0.03,0.0,0.0,0.0,0.0,0.0,0.0,0.0,0.0,1.0,0.0,0.0,0.0,0.0,-0.0,0.0,0.0,0.0,0.0,0.0,0.0,0.0,0.0,161.0,93.0,107.0,161.0,18.0,7.0,12.0,54.0,15.0,0.0,0.0
21.643,53,64688.0,600.0,96.0,600.0,622.0,0.0,1.0,0.0,0.0,0.5,0.025,0.5,0.519,0.508,0.04,0.508,0.533,0.0,0.0,-1.76,-5.36,-0.03,0.0,0.0,0.0,0.0,0.0,0.0,0.0,0.0,1.0,0.0,0.0,0.0,0.0,0.0,0.0,0.0,0.0,0.0,0.0,0.0,0.0,0.0,161.0,93.0,107.0,161.0,18.0,7.0,12.0,54.0,15.0,0.0,1.0
21.707,52,64740.0,600.0,96.0,600.0,621.0,0.0,1.0,0.0,0.0,0.5,0.025,0.5,0.518,0.508,0.04,0.508,0.533,0.0,0.0,-1.76,-5.36,-0.03,0.0,0.0,0.0,0.0,0.0,0.0,0.0,0.0,1.0,0.0,0.0,0.0,0.0,0.0,0.0,0.0,0.0,0.0,0.0,0.0,0.0,0.0,161.0,93.0,107.0,161.0,18.0,7.0,12.0,54.0,15.0,0.0,0.0
21.739,52,64792.0,600.0,96.0,600.0,621.0,0.0,1.0,0.0,0.0,0.5,0.025,0.5,0.518,0.508,0.04,0.508,0.533,0.0,0.0,-1.76,-5.36,-0.03,0.0,0.0,0.0,0.0,0.0,0.0,0.0,0.0,1.0,0.0,0.0,0.0,0.0,0.0,0.0,0.0,0.0,0.0,0.0,0.0,0.0,0.0,161.0,93.0,107.0,161.0,18.0,7.0,12.0,54.0,15.0,0.0,0.0
21.809,53,64845.0,600.0,96.0,600.0,621.0,0.0,1.0,0.0,0.0,0.5,0.025,0.5,0.518,0.508,0.04,0.508,0.533,0.0,0.0,-1.76,-5.36,-0.03,0.0,0.0,0.0,0.0,0.0,0.0,0.0,0.0,1.0,0.0,0.0,0.0,0.0,0.0,0.0,0.0,0.0,0.0,0.0,0.0,0.0,0.0,161.0,93.0,107.0,161.0,18.0,7.0,12.0,54.0,15.0,0.0,0.0
21.841,52,64897.0,600.0,96.0,600.0,621.0,0.0,1.0,0.0,0.0,0.5,0.025,0.5,0.518,0.508,0.04,0.508,0.533,0.0,0.0,-1.76,-5.36,-0.03,0.0,0.0,0.0,0.0,0.0,0.0,0.0,0.0,1.0,0.0,0.0,0.0,0.0,0.0,0.0,0.0,0.0,0.0,0.0,0.0,0.0,0.0,161.0,93.0,107.0,161.0,18.0,7.0,12.0,54.0,15.0,0.0,1.0
21.904,52,64949.0,600.0,96.0,600.0,622.0,0.0,1.0,0.0,0.0,0.5,0.025,0.5,0.518,0.508,0.04,0.508,0.533,0.0,0.0,-1.76,-5.36,-0.03,0.0,0.0,0.0,0.0,0.0,0.0,0.0,0.0,1.0,0.0,0.0,0.0,0.0,0.0,0.0,0.0,0.0,0.0,0.0,0.0,0.0,0.0,161.0,93.0,107.0,161.0,18.0,7.0,12.0,54.0,15.0,0.0,1.0
21.967,52,65001.0,600.0,96.0,600.0,622.0,0.0,1.0,0.0,0.0,0.5,0.025,0.5,0.518,0.508,0.04,0.508,0.533,0.0,0.0,-1.76,-5.36,-0.03,0.0,0.0,0.0,0.0,0.0,0.0,0.0,0.0,1.0,0.0,0.0,0.0,0.0,-0.0,0.0,0.0,0.0,0.0,0.0,0.0,0.0,0.0,161.0,93.0,107.0,161.0,18.0,7.0,12.0,54.0,15.0,0.0,0.0
21.998,52,65053.0,600.0,96.0,600.0,622.0,0.0,1.0,0.0,0.0,0.5,0.025,0.5,0.518,0.508,0.04,0.508,0.533,0.0,0.0,-1.76,-5.35,-0.03,0.0,0.0,0.0,0.0,0.0,0.0,0.0,0.0,1.0,0.0,0.0,0.0,0.0,0.0,0.0,0.0,0.0,0.0,0.0,0.0,0.0,0.0,161.0,93.0,107.0,161.0,18.0,7.0,12.0,54.0,15.0,0.0,0.0
22.063,53,65106.0,600.0,96.0,600.0,622.0,0.0,1.0,0.0,0.0,0.5,0.025,0.5,0.518,0.508,0.04,0.508,0.533,0.0,0.0,-1.76,-5.35,-0.03,0.0,0.0,0.0,0.0,0.0,0.0,0.0,0.0,1.0,0.0,0.0,0.0,0.0,0.0,0.0,0.0,0.0,0.0,0.0,0.0,0.0,0.0,161.0,93.0,107.0,161.0,18.0,7.0,12.0,54.0,15.0,0.0,1.0
22.13,52,65158.0,600.0,96.0,600.0,623.0,0.0,1.0,0.0,0.0,0.5,0.025,0.5,0.518,0.508,0.04,0.508,0.533,0.0,0.0,-1.76,-5.35,-0.03,0.0,0.0,0.0,0.0,0.0,0.0,0.0,0.0,1.0,0.0,0.0,0.0,0.0,0.0,0.0,0.0,0.0,0.0,0.0,0.0,0.0,0.0,161.0,93.0,107.0,161.0,18.0,7.0,12.0,54.0,15.0,0.0,1.0
22.163,52,65210.0,600.0,96.0,600.0,623.0,0.0,1.0,0.0,0.0,0.5,0.025,0.5,0.518,0.508,0.04,0.508,0.533,0.0,0.0,-1.76,-5.34,-0.03,0.0,0.0,0.0,0.0,0.0,0.0,0.0,0.0,1.0,0.0,0.0,0.0,0.0,0.0,0.0,0.0,0.0,0.0,0.0,0.0,0.0,0.0,161.0,93.0,107.0,161.0,18.0,7.0,12.0,54.0,15.0,0.0,0.0
22.228,53,65263.0,600.0,96.0,600.0,623.0,0.0,1.0,0.0,0.0,0.5,0.025,0.5,0.518,0.508,0.04,0.508,0.533,0.0,0.0,-1.77,-5.34,-0.03,0.0,0.0,0.0,0.0,0.0,0.0,0.0,0.0,1.0,0.0,0.0,0.0,0.0,0.0,0.0,0.0,0.0,0.0,0.0,0.0,0.0,0.0,161.0,93.0,107.0,161.0,18.0,7.0,12.0,54.0,15.0,0.0,0.0
22.261,52,65315.0,600.0,96.0,600.0,623.0,0.0,1.0,0.0,0.0,0.5,0.025,0.5,0.518,0.508,0.04,0.508,0.533,0.0,0.0,-1.77,-5.34,-0.03,0.0,0.0,0.0,0.0,0.0,0.0,0.0,0.0,1.0,0.0,0.0,0.0,0.0,0.0,0.0,0.0,0.0,0.0,0.0,0.0,0.0,0.0,161.0,93.0,107.0,161.0,18.0,7.0,12.0,54.0,15.0,0.0,0.0
22.326,52,65367.0,600.0,96.0,600.0,620.0,0.0,1.0,0.0,0.0,0.5,0.025,0.5,0.517,0.508,0.04,0.508,0.532,0.0,0.0,-1.77,-5.34,-0.03,0.0,0.0,0.0,0.0,0.0,0.0,0.0,0.0,1.0,0.0,0.0,0.0,0.0,0.0,0.0,0.0,0.0,0.0,0.0,0.0,0.0,0.0,161.0,93.0,107.0,161.0,18.0,7.0,12.0,54.0,15.0,0.0,0.0
22.392,52,65419.0,600.0,96.0,600.0,620.0,0.0,1.0,0.0,0.0,0.5,0.025,0.5,0.517,0.508,0.04,0.508,0.532,0.0,0.0,-1.77,-5.34,-0.03,0.0,0.0,0.0,0.0,0.0,0.0,0.0,0.0,1.0,0.0,0.0,0.0,0.0,0.0,0.0,0.0,0.0,0.0,0.0,0.0,0.0,0.0,161.0,93.0,107.0,161.0,18.0,7.0,12.0,54.0,15.0,0.0,0.0
22.424,51,65470.0,600.0,97.0,600.0,620.0,0.0,1.0,0.0,0.0,0.5,0.025,0.5,0.517,0.508,0.04,0.508,0.532,0.0,0.0,-1.77,-5.34,-0.03,0.0,0.0,0.0,0.0,0.0,0.0,0.0,0.0,1.0,0.0,0.0,0.0,0.0,0.0,0.0,0.0,0.0,0.0,0.0,0.0,0.0,0.0,161.0,93.0,107.0,161.0,18.0,7.0,12.0,54.0,15.0,0.0,0.0
22.487,53,65523.0,600.0,97.0,600.0,620.0,0.0,1.0,0.0,0.0,0.5,0.025,0.5,0.517,0.508,0.04,0.508,0.532,0.0,0.0,-1.78,-5.34,-0.03,0.0,0.0,0.0,0.0,0.0,0.0,0.0,0.0,1.0,0.0,0.0,0.0,0.0,0.0,0.0,0.0,0.0,0.0,0.0,0.0,0.0,0.0,161.0,93.0,107.0,161.0,18.0,7.0,12.0,54.0,15.0,0.0,0.0
22.519,52,65575.0,600.0,97.0,600.0,623.0,0.0,1.0,0.0,0.0,0.5,0.025,0.5,0.518,0.508,0.04,0.508,0.533,0.0,0.0,-1.78,-5.34,-0.03,0.0,0.0,0.0,0.0,0.0,0.0,0.0,0.0,1.0,0.0,0.0,0.0,0.0,0.0,0.0,0.0,0.0,0.0,0.0,0.0,0.0,0.0,161.0,93.0,107.0,161.0,18.0,7.0,12.0,54.0,15.0,0.0,1.0
22.584,54,65629.0,600.0,97.0,600.0,623.0,0.0,1.0,0.0,0.0,0.5,0.025,0.5,0.518,0.508,0.04,0.508,0.533,0.0,0.0,-1.78,-5.34,-0.03,0.0,0.0,0.0,0.0,0.0,0.0,0.0,0.0,1.0,0.0,0.0,0.0,0.0,0.0,0.0,0.0,0.0,0.0,0.0,0.0,0.0,0.0,161.0,93.0,107.0,161.0,18.0,7.0,12.0,54.0,15.0,0.0,1.0
22.651,52,65681.0,600.0,97.0,600.0,623.0,0.0,1.0,0.0,0.0,0.5,0.025,0.5,0.518,0.508,0.04,0.508,0.533,0.0,0.0,-1.78,-5.34,-0.03,0.0,0.0,0.0,0.0,0.0,0.0,0.0,0.0,1.0,0.0,0.0,0.0,0.0,0.0,0.0,0.0,0.0,0.0,0.0,0.0,0.0,0.0,161.0,93.0,107.0,161.0,18.0,7.0,12.0,54.0,15.0,0.0,0.0
22.684,52,65733.0,600.0,97.0,600.0,623.0,0.0,1.0,0.0,0.0,0.5,0.025,0.5,0.518,0.508,0.04,0.508,0.533,0.0,0.0,-1.78,-5.34,-0.03,0.0,0.0,0.0,0.0,0.0,0.0,0.0,0.0,1.0,0.0,0.0,0.0,0.0,0.0,0.0,0.0,0.0,0.0,0.0,0.0,0.0,0.0,161.0,93.0,107.0,161.0,18.0,7.0,12.0,54.0,15.0,0.0,0.0
22.749,52,65785.0,600.0,97.0,600.0,624.0,0.0,1.0,0.0,0.0,0.5,0.025,0.5,0.519,0.508,0.04,0.508,0.533,0.0,0.0,-1.78,-5.34,-0.03,0.0,0.0,0.0,0.0,0.0,0.0,0.0,0.0,1.0,0.0,0.0,0.0,0.0,0.0,0.0,0.0,0.0,0.0,0.0,0.0,0.0,0.0,161.0,93.0,107.0,161.0,18.0,7.0,12.0,54.0,15.0,0.0,0.0
22.781,52,65837.0,600.0,97.0,600.0,624.0,0.0,1.0,0.0,0.0,0.5,0.025,0.5,0.519,0.508,0.04,0.508,0.533,0.0,0.0,-1.78,-5.34,-0.03,0.0,0.0,0.0,0.0,0.0,0.0,0.0,0.0,1.0,0.0,0.0,0.0,0.0,0.0,0.0,0.0,0.0,0.0,0.0,0.0,0.0,0.0,161.0,93.0,107.0,161.0,18.0,7.0,12.0,54.0,15.0,0.0,1.0
22.847,52,65889.0,600.0,97.0,600.0,624.0,0.0,1.0,0.0,0.0,0.5,0.025,0.5,0.519,0.508,0.04,0.508,0.533,0.0,0.0,-1.78,-5.34,-0.03,0.0,0.0,0.0,0.0,0.0,0.0,0.0,0.0,1.0,0.0,0.0,0.0,0.0,0.0,0.0,0.0,0.0,0.0,0.0,0.0,0.0,0.0,161.0,93.0,107.0,161.0,18.0,7.0,12.0,54.0,15.0,0.0,0.0
22.879,52,65941.0,600.0,97.0,600.0,624.0,0.0,1.0,0.0,0.0,0.5,0.025,0.5,0.519,0.508,0.04,0.508,0.533,0.0,0.0,-1.78,-5.34,-0.03,0.0,0.0,0.0,0.0,0.0,0.0,0.0,0.0,1.0,0.0,0.0,0.0,0.0,0.0,0.0,0.0,0.0,0.0,0.0,0.0,0.0,0.0,161.0,93.0,107.0,161.0,18.0,7.0,12.0,54.0,15.0,0.0,0.0
22.944,51,65992.0,600.0,97.0,600.0,623.0,0.0,1.0,0.0,0.0,0.5,0.026,0.5,0.519,0.508,0.04,0.508,0.534,0.0,0.0,-1.78,-5.34,-0.03,0.0,0.0,0.0,0.0,0.0,0.0,0.0,0.0,1.0,0.0,0.0,0.0,0.0,0.0,0.0,0.0,0.0,0.0,0.0,0.0,0.0,0.0,161.0,93.0,107.0,161.0,18.0,7.0,12.0,54.0,15.0,0.0,0.0
23.017,53,66045.0,600.0,97.0,600.0,623.0,0.0,1.0,0.0,0.0,0.5,0.026,0.5,0.519,0.508,0.04,0.508,0.534,0.0,0.0,-1.77,-5.33,-0.03,0.0,0.0,0.0,0.0,0.0,0.0,0.0,0.0,1.0,0.0,0.0,0.0,0.0,0.0,0.0,0.0,0.0,0.0,0.0,0.0,0.0,0.0,161.0,93.0,107.0,161.0,18.0,7.0,12.0,54.0,15.0,0.0,0.0
23.049,52,66097.0,600.0,97.0,600.0,623.0,0.0,1.0,0.0,0.0,0.5,0.026,0.5,0.519,0.508,0.04,0.508,0.534,0.0,0.0,-1.77,-5.33,-0.03,0.0,0.0,0.0,0.0,0.0,0.0,0.0,0.0,1.0,0.0,0.0,0.0,0.0,-0.0,0.0,0.0,0.0,0.0,0.0,0.0,0.0,0.0,161.0,93.0,107.0,161.0,18.0,7.0,12.0,54.0,15.0,0.0,1.0
23.116,53,66150.0,600.0,97.0,600.0,623.0,0.0,1.0,0.0,0.0,0.5,0.026,0.5,0.519,0.508,0.04,0.508,0.534,0.0,0.0,-1.77,-5.33,-0.03,0.0,0.0,0.0,0.0,0.0,0.0,0.0,0.0,1.0,0.0,0.0,0.0,0.0,-0.0,0.0,0.0,0.0,0.0,0.0,0.0,0.0,0.0,161.0,93.0,107.0,161.0,18.0,7.0,12.0,54.0,15.0,0.0,0.0
23.149,52,66202.0,600.0,97.0,600.0,623.0,0.0,1.0,0.0,0.0,0.5,0.026,0.5,0.519,0.508,0.04,0.508,0.533,0.0,0.0,-1.77,-5.33,-0.03,0.0,0.0,0.0,0.0,0.0,0.0,0.0,0.0,1.0,0.0,0.0,0.0,0.0,0.0,0.0,0.0,0.0,0.0,0.0,0.0,0.0,0.0,161.0,93.0,107.0,161.0,18.0,7.0,12.0,54.0,15.0,0.0,0.0
23.219,52,66254.0,600.0,97.0,600.0,623.0,0.0,1.0,0.0,0.0,0.5,0.026,0.5,0.519,0.508,0.04,0.508,0.533,0.0,0.0,-1.76,-5.34,-0.03,0.0,0.0,0.0,0.0,0.0,0.0,0.0,0.0,1.0,0.0,0.0,0.0,0.0,0.0,0.0,0.0,0.0,0.0,0.0,0.0,0.0,0.0,161.0,93.0,107.0,161.0,18.0,7.0,12.0,54.0,15.0,0.0,0.0
23.252,52,66306.0,600.0,98.0,600.0,623.0,0.0,1.0,0.0,0.0,0.5,0.026,0.5,0.519,0.508,0.04,0.508,0.533,0.0,0.0,-1.76,-5.33,-0.03,0.0,0.0,0.0,0.0,0.0,0.0,0.0,0.0,1.0,0.0,0.0,0.0,0.0,0.0,0.0,0.0,0.0,0.0,0.0,0.0,0.0,0.0,161.0,93.0,107.0,161.0,18.0,7.0,12.0,54.0,15.0,0.0,0.0
23.317,52,66358.0,600.0,98.0,600.0,623.0,0.0,1.0,0.0,0.0,0.5,0.026,0.5,0.519,0.508,0.04,0.508,0.533,0.0,0.0,-1.76,-5.33,-0.03,0.0,0.0,0.0,0.0,0.0,0.0,0.0,0.0,1.0,0.0,0.0,0.0,0.0,-0.0,0.0,0.0,0.0,0.0,0.0,0.0,0.0,0.0,161.0,93.0,107.0,161.0,18.0,7.0,12.0,54.0,15.0,0.0,0.0
23.384,52,66410.0,600.0,98.0,600.0,623.0,0.0,1.0,0.0,0.0,0.5,0.026,0.5,0.519,0.508,0.04,0.508,0.533,0.0,0.0,-1.76,-5.33,-0.03,0.0,0.0,0.0,0.0,0.0,0.0,0.0,0.0,1.0,0.0,0.0,0.0,0.0,-0.0,0.0,0.0,0.0,0.0,0.0,0.0,0.0,0.0,161.0,93.0,107.0,161.0,18.0,7.0,12.0,54.0,15.0,0.0,0.0
23.421,52,66462.0,600.0,98.0,600.0,623.0,0.0,1.0,0.0,0.0,0.5,0.026,0.5,0.519,0.508,0.04,0.508,0.533,0.0,0.0,-1.76,-5.33,-0.03,0.0,0.0,0.0,0.0,0.0,0.0,0.0,0.0,1.0,0.0,0.0,0.0,0.0,0.0,0.0,0.0,0.0,0.0,0.0,0.0,0.0,0.0,161.0,93.0,107.0,161.0,18.0,7.0,12.0,54.0,15.0,0.0,0.0
23.486,52,66514.0,600.0,97.0,600.0,623.0,0.0,1.0,0.0,0.0,0.5,0.026,0.5,0.519,0.508,0.04,0.508,0.533,0.0,0.0,-1.76,-5.33,-0.03,0.0,0.0,0.0,0.0,0.0,0.0,0.0,0.0,1.0,0.0,0.0,0.0,0.0,0.0,0.0,0.0,0.0,0.0,0.0,0.0,0.0,0.0,161.0,93.0,107.0,161.0,18.0,7.0,12.0,54.0,15.0,0.0,1.0
23.518,52,66566.0,600.0,97.0,600.0,623.0,0.0,1.0,0.0,0.0,0.5,0.026,0.5,0.519,0.508,0.04,0.508,0.533,0.0,0.0,-1.76,-5.33,-0.03,0.0,0.0,0.0,0.0,0.0,0.0,0.0,0.0,1.0,0.0,0.0,0.0,0.0,0.0,0.0,0.0,0.0,0.0,0.0,0.0,0.0,0.0,161.0,93.0,107.0,161.0,18.0,7.0,12.0,54.0,15.0,0.0,0.0
23.584,52,66618.0,600.0,97.0,600.0,621.0,0.0,1.0,0.0,0.0,0.5,0.026,0.5,0.518,0.508,0.04,0.508,0.533,0.0,0.0,-1.76,-5.33,-0.03,0.0,0.0,0.0,0.0,0.0,0.0,0.0,0.0,1.0,0.0,0.0,0.0,0.0,0.0,0.0,0.0,0.0,0.0,0.0,0.0,0.0,0.0,161.0,93.0,107.0,161.0,18.0,7.0,12.0,54.0,15.0,0.0,1.0
23.617,52,66670.0,600.0,97.0,600.0,621.0,0.0,1.0,0.0,0.0,0.5,0.026,0.5,0.518,0.508,0.04,0.508,0.533,0.0,0.0,-1.76,-5.33,-0.03,0.0,0.0,0.0,0.0,0.0,0.0,0.0,0.0,1.0,0.0,0.0,0.0,0.0,0.0,0.0,0.0,0.0,0.0,0.0,0.0,0.0,0.0,161.0,93.0,107.0,161.0,18.0,7.0,12.0,54.0,15.0,0.0,0.0
23.68,52,66722.0,600.0,98.0,600.0,621.0,0.0,1.0,0.0,0.0,0.5,0.026,0.5,0.518,0.508,0.04,0.508,0.533,0.0,0.0,-1.76,-5.32,-0.03,0.0,0.0,0.0,0.0,0.0,0.0,0.0,0.0,1.0,0.0,0.0,0.0,0.0,0.0,0.0,0.0,0.0,0.0,0.0,0.0,0.0,0.0,161.0,93.0,107.0,161.0,18.0,7.0,12.0,54.0,15.0,0.0,0.0
23.713,52,66774.0,600.0,98.0,600.0,621.0,0.0,1.0,0.0,0.0,0.5,0.026,0.5,0.518,0.508,0.04,0.508,0.533,0.0,0.0,-1.76,-5.32,-0.03,0.0,0.0,0.0,0.0,0.0,0.0,0.0,0.0,1.0,0.0,0.0,0.0,0.0,0.0,0.0,0.0,0.0,0.0,0.0,0.0,0.0,0.0,161.0,93.0,107.0,161.0,18.0,7.0,12.0,54.0,15.0,0.0,0.0
23.777,52,66826.0,600.0,98.0,600.0,622.0,0.0,1.0,0.0,0.0,0.5,0.026,0.5,0.518,0.508,0.04,0.508,0.533,0.0,0.0,-1.76,-5.32,-0.03,0.0,0.0,0.0,0.0,0.0,0.0,0.0,0.0,1.0,0.0,0.0,0.0,0.0,0.0,0.0,0.0,0.0,0.0,0.0,0.0,0.0,0.0,161.0,93.0,107.0,161.0,18.0,7.0,12.0,54.0,15.0,0.0,0.0
23.85,52,66878.0,600.0,98.0,600.0,622.0,0.0,1.0,0.0,0.0,0.5,0.026,0.5,0.518,0.508,0.04,0.508,0.533,0.0,0.0,-1.76,-5.32,-0.03,0.0,0.0,0.0,0.0,0.0,0.0,0.0,0.0,1.0,0.0,0.0,0.0,0.0,0.0,0.0,0.0,0.0,0.0,0.0,0.0,0.0,0.0,161.0,93.0,107.0,161.0,18.0,7.0,12.0,54.0,15.0,0.0,0.0
23.882,51,66929.0,600.0,98.0,600.0,622.0,0.0,1.0,0.0,0.0,0.5,0.026,0.5,0.518,0.508,0.04,0.508,0.533,0.0,0.0,-1.76,-5.32,-0.03,0.0,0.0,0.0,0.0,0.0,0.0,0.0,0.0,1.0,0.0,0.0,0.0,0.0,0.0,0.0,0.0,0.0,0.0,0.0,0.0,0.0,0.0,161.0,93.0,107.0,161.0,18.0,7.0,12.0,54.0,15.0,0.0,0.0
23.947,53,66982.0,600.0,98.0,600.0,622.0,0.0,1.0,0.0,0.0,0.5,0.026,0.5,0.518,0.508,0.04,0.508,0.533,0.0,0.0,-1.76,-5.32,-0.03,0.0,0.0,0.0,0.0,0.0,0.0,0.0,0.0,1.0,0.0,0.0,0.0,0.0,0.0,0.0,0.0,0.0,0.0,0.0,0.0,0.0,0.0,161.0,93.0,107.0,161.0,18.0,7.0,12.0,54.0,15.0,0.0,0.0
23.98,52,67034.0,600.0,98.0,600.0,620.0,0.0,1.0,0.0,0.0,0.5,0.026,0.5,0.517,0.508,0.04,0.508,0.532,0.0,0.0,-1.76,-5.33,-0.03,0.0,0.0,0.0,0.0,0.0,0.0,0.0,0.0,1.0,0.0,0.0,0.0,0.0,0.0,0.0,0.0,0.0,0.0,0.0,0.0,0.0,0.0,161.0,93.0,107.0,161.0,18.0,7.0,12.0,54.0,15.0,0.0,0.0
24.052,53,67087.0,600.0,98.0,600.0,620.0,0.0,1.0,0.0,0.0,0.5,0.026,0.5,0.517,0.508,0.04,0.508,0.532,0.0,0.0,-1.76,-5.33,-0.03,0.0,0.0,0.0,0.0,0.0,0.0,0.0,0.0,1.0,0.0,0.0,0.0,0.0,-0.0,0.0,0.0,0.0,0.0,0.0,0.0,0.0,0.0,161.0,93.0,107.0,161.0,18.0,7.0,12.0,54.0,15.0,0.0,0.0
24.083,52,67139.0,600.0,99.0,600.0,620.0,0.0,1.0,0.0,0.0,0.5,0.026,0.5,0.517,0.508,0.04,0.508,0.532,0.0,0.0,-1.76,-5.33,-0.03,0.0,0.0,0.0,0.0,0.0,0.0,0.0,0.0,1.0,0.0,0.0,0.0,0.0,0.0,0.0,0.0,0.0,0.0,0.0,0.0,0.0,0.0,161.0,93.0,107.0,161.0,18.0,7.0,12.0,54.0,15.0,0.0,1.0
24.147,52,67191.0,600.0,99.0,600.0,620.0,0.0,1.0,0.0,0.0,0.5,0.026,0.5,0.517,0.508,0.04,0.508,0.532,0.0,0.0,-1.76,-5.33,-0.03,0.0,0.0,0.0,0.0,0.0,0.0,0.0,0.0,1.0,0.0,0.0,0.0,0.0,0.0,0.0,0.0,0.0,0.0,0.0,0.0,0.0,0.0,161.0,93.0,107.0,161.0,18.0,7.0,12.0,54.0,15.0,0.0,0.0
24.212,52,67243.0,600.0,99.0,600.0,619.0,0.0,1.0,0.0,0.0,0.5,0.026,0.5,0.516,0.508,0.041,0.508,0.531,0.0,0.0,-1.77,-5.34,-0.03,0.0,0.0,0.0,0.0,0.0,0.0,0.0,0.0,1.0,0.0,0.0,0.0,0.0,0.0,0.0,0.0,0.0,0.0,0.0,0.0,0.0,0.0,161.0,93.0,107.0,161.0,18.0,7.0,12.0,54.0,15.0,0.0,0.0
24.245,52,67295.0,600.0,99.0,600.0,619.0,0.0,1.0,0.0,0.0,0.5,0.026,0.5,0.516,0.508,0.041,0.508,0.531,0.0,0.0,-1.77,-5.34,-0.03,0.0,0.0,0.0,0.0,0.0,0.0,0.0,0.0,1.0,0.0,0.0,0.0,0.0,0.0,0.0,0.0,0.0,0.0,0.0,0.0,0.0,0.0,161.0,93.0,107.0,161.0,18.0,7.0,12.0,54.0,15.0,0.0,0.0
24.31,52,67347.0,600.0,99.0,600.0,619.0,0.0,1.0,0.0,0.0,0.5,0.026,0.5,0.516,0.508,0.041,0.508,0.531,0.0,0.0,-1.76,-5.34,-0.03,0.0,0.0,0.0,0.0,0.0,0.0,0.0,0.0,1.0,0.0,0.0,0.0,0.0,-0.0,0.0,0.0,0.0,0.0,0.0,0.0,0.0,0.0,161.0,93.0,107.0,161.0,18.0,7.0,12.0,54.0,15.0,0.0,0.0
24.343,52,67399.0,600.0,99.0,600.0,619.0,0.0,1.0,0.0,0.0,0.5,0.026,0.5,0.516,0.508,0.041,0.508,0.531,0.0,0.0,-1.76,-5.34,-0.03,0.0,0.0,0.0,0.0,0.0,0.0,0.0,0.0,1.0,0.0,0.0,0.0,0.0,0.0,0.0,0.0,0.0,0.0,0.0,0.0,0.0,0.0,161.0,93.0,107.0,161.0,18.0,7.0,12.0,54.0,15.0,0.0,0.0
24.41,52,67451.0,600.0,99.0,600.0,620.0,0.0,1.0,0.0,0.0,0.5,0.026,0.5,0.516,0.508,0.041,0.508,0.531,0.0,0.0,-1.76,-5.34,-0.03,0.0,0.0,0.0,0.0,0.0,0.0,0.0,0.0,1.0,0.0,0.0,0.0,0.0,-0.0,0.0,0.0,0.0,0.0,0.0,0.0,0.0,0.0,161.0,93.0,107.0,161.0,18.0,7.0,12.0,54.0,15.0,0.0,0.0
24.475,52,67503.0,600.0,99.0,600.0,620.0,0.0,1.0,0.0,0.0,0.5,0.026,0.5,0.516,0.508,0.041,0.508,0.531,0.0,0.0,-1.76,-5.34,-0.03,0.0,0.0,0.0,0.0,0.0,0.0,0.0,0.0,1.0,0.0,0.0,0.0,0.0,0.0,0.0,0.0,0.0,0.0,0.0,0.0,0.0,0.0,161.0,93.0,107.0,161.0,18.0,7.0,12.0,54.0,15.0,0.0,0.0
24.508,51,67554.0,600.0,99.0,600.0,620.0,0.0,1.0,0.0,0.0,0.5,0.026,0.5,0.516,0.508,0.041,0.508,0.531,0.0,0.0,-1.76,-5.34,-0.03,0.0,0.0,0.0,0.0,0.0,0.0,0.0,0.0,1.0,0.0,0.0,0.0,0.0,0.0,0.0,0.0,0.0,0.0,0.0,0.0,0.0,0.0,161.0,93.0,107.0,161.0,18.0,7.0,12.0,54.0,15.0,0.0,0.0
24.571,53,67607.0,600.0,99.0,600.0,620.0,0.0,1.0,0.0,0.0,0.5,0.026,0.5,0.516,0.508,0.041,0.508,0.531,0.0,0.0,-1.76,-5.34,-0.03,0.0,0.0,0.0,0.0,0.0,0.0,0.0,0.0,1.0,0.0,0.0,0.0,0.0,-0.0,0.0,0.0,0.0,0.0,0.0,0.0,0.0,0.0,161.0,93.0,107.0,161.0,18.0,7.0,12.0,54.0,15.0,0.0,0.0
24.603,52,67659.0,600.0,99.0,600.0,622.0,0.0,1.0,0.0,0.0,0.5,0.026,0.5,0.517,0.508,0.041,0.508,0.532,0.0,0.0,-1.76,-5.34,-0.03,0.0,0.0,0.0,0.0,0.0,0.0,0.0,0.0,1.0,0.0,0.0,0.0,0.0,-0.0,0.0,0.0,0.0,0.0,0.0,0.0,0.0,0.0,161.0,93.0,107.0,161.0,18.0,7.0,12.0,54.0,15.0,0.0,1.0
24.666,52,67711.0,600.0,99.0,600.0,622.0,0.0,1.0,0.0,0.0,0.5,0.026,0.5,0.517,0.508,0.041,0.508,0.532,0.0,0.0,-1.76,-5.34,-0.03,0.0,0.0,0.0,0.0,0.0,0.0,0.0,0.0,1.0,0.0,0.0,0.0,0.0,-0.0,0.0,0.0,0.0,0.0,0.0,0.0,0.0,0.0,161.0,93.0,107.0,161.0,18.0,7.0,12.0,54.0,15.0,0.0,0.0
24.73,52,67763.0,600.0,98.0,600.0,622.0,0.0,1.0,0.0,0.0,0.5,0.026,0.5,0.517,0.508,0.041,0.508,0.532,0.0,0.0,-1.76,-5.34,-0.03,0.0,0.0,0.0,0.0,0.0,0.0,0.0,0.0,1.0,0.0,0.0,0.0,0.0,-0.0,0.0,0.0,0.0,0.0,0.0,0.0,0.0,0.0,161.0,93.0,107.0,161.0,18.0,7.0,12.0,54.0,15.0,0.0,0.0
24.763,52,67815.0,600.0,98.0,600.0,622.0,0.0,1.0,0.0,0.0,0.5,0.026,0.5,0.517,0.508,0.041,0.508,0.532,0.0,0.0,-1.76,-5.34,-0.04,0.0,0.0,0.0,0.0,0.0,0.0,0.0,0.0,1.0,0.0,0.0,0.0,0.0,0.0,0.0,0.0,0.0,0.0,0.0,0.0,0.0,0.0,161.0,93.0,107.0,161.0,18.0,7.0,12.0,54.0,15.0,0.0,0.0
24.828,52,67867.0,600.0,98.0,600.0,622.0,0.0,1.0,0.0,0.0,0.5,0.026,0.5,0.518,0.508,0.041,0.508,0.532,0.0,0.0,-1.76,-5.34,-0.04,0.0,0.0,0.0,0.0,0.0,0.0,0.0,0.0,1.0,0.0,0.0,0.0,0.0,0.0,0.0,0.0,0.0,0.0,0.0,0.0,0.0,0.0,161.0,93.0,107.0,161.0,18.0,7.0,12.0,54.0,15.0,0.0,0.0
24.859,52,67919.0,600.0,98.0,600.0,622.0,0.0,1.0,0.0,0.0,0.5,0.026,0.5,0.518,0.508,0.041,0.508,0.532,0.0,0.0,-1.76,-5.34,-0.04,0.0,0.0,0.0,0.0,0.0,0.0,0.0,0.0,1.0,0.0,0.0,0.0,0.0,0.0,0.0,0.0,0.0,0.0,0.0,0.0,0.0,0.0,161.0,93.0,107.0,161.0,18.0,7.0,12.0,54.0,15.0,0.0,0.0
24.922,52,67971.0,600.0,99.0,600.0,622.0,0.0,1.0,0.0,0.0,0.5,0.026,0.5,0.518,0.508,0.041,0.508,0.532,0.0,0.0,-1.76,-5.34,-0.04,0.0,0.0,0.0,0.0,0.0,0.0,0.0,0.0,1.0,0.0,0.0,0.0,0.0,0.0,0.0,0.0,0.0,0.0,0.0,0.0,0.0,0.0,161.0,93.0,107.0,161.0,18.0,7.0,12.0,54.0,15.0,0.0,0.0
24.985,52,68023.0,600.0,99.0,600.0,622.0,0.0,1.0,0.0,0.0,0.5,0.026,0.5,0.518,0.508,0.041,0.508,0.532,0.0,0.0,-1.76,-5.34,-0.04,0.0,0.0,0.0,0.0,0.0,0.0,0.0,0.0,1.0,0.0,0.0,0.0,0.0,0.0,0.0,0.0,0.0,0.0,0.0,0.0,0.0,0.0,161.0,93.0,107.0,161.0,18.0,7.0,12.0,54.0,15.0,0.0,0.0
25.024,52,68075.0,600.0,99.0,600.0,623.0,0.0,1.0,0.0,0.0,0.5,0.026,0.5,0.518,0.508,0.041,0.508,0.533,0.0,0.0,-1.76,-5.34,-0.04,0.0,0.0,0.0,0.0,0.0,0.0,0.0,0.0,1.0,0.0,0.0,0.0,0.0,0.0,0.0,0.0,0.0,0.0,0.0,0.0,0.0,0.0,161.0,93.0,107.0,161.0,18.0,7.0,12.0,54.0,15.0,0.0,0.0
25.089,52,68127.0,600.0,99.0,600.0,623.0,0.0,1.0,0.0,0.0,0.5,0.026,0.5,0.518,0.508,0.041,0.508,0.533,0.0,0.0,-1.76,-5.34,-0.04,0.0,0.0,0.0,0.0,0.0,0.0,0.0,0.0,1.0,0.0,0.0,0.0,0.0,-0.0,0.0,0.0,0.0,0.0,0.0,0.0,0.0,0.0,161.0,93.0,107.0,161.0,18.0,7.0,12.0,54.0,15.0,0.0,0.0
25.122,52,68179.0,600.0,98.0,600.0,623.0,0.0,1.0,0.0,0.0,0.5,0.026,0.5,0.518,0.508,0.041,0.508,0.533,0.0,0.0,-1.76,-5.34,-0.04,0.0,0.0,0.0,0.0,0.0,0.0,0.0,0.0,1.0,0.0,0.0,0.0,0.0,0.0,0.0,0.0,0.0,0.0,0.0,0.0,0.0,0.0,161.0,93.0,107.0,161.0,18.0,7.0,12.0,54.0,15.0,0.0,1.0
25.187,52,68231.0,600.0,98.0,600.0,623.0,0.0,1.0,0.0,0.0,0.5,0.026,0.5,0.518,0.508,0.041,0.508,0.533,0.0,0.0,-1.76,-5.34,-0.04,0.0,0.0,0.0,0.0,0.0,0.0,0.0,0.0,1.0,0.0,0.0,0.0,0.0,0.0,0.0,0.0,0.0,0.0,0.0,0.0,0.0,0.0,161.0,93.0,107.0,161.0,18.0,7.0,12.0,54.0,15.0,0.0,0.0
25.251,52,68283.0,600.0,98.0,600.0,622.0,0.0,1.0,0.0,0.0,0.5,0.026,0.5,0.518,0.508,0.041,0.508,0.533,0.0,0.0,-1.76,-5.34,-0.04,0.0,0.0,0.0,0.0,0.0,0.0,0.0,0.0,1.0,0.0,0.0,0.0,0.0,0.0,0.0,0.0,0.0,0.0,0.0,0.0,0.0,0.0,161.0,93.0,107.0,161.0,18.0,7.0,12.0,54.0,15.0,0.0,0.0
25.283,52,68335.0,600.0,98.0,600.0,622.0,0.0,1.0,0.0,0.0,0.5,0.026,0.5,0.518,0.508,0.041,0.508,0.533,0.0,0.0,-1.76,-5.34,-0.04,0.0,0.0,0.0,0.0,0.0,0.0,0.0,0.0,1.0,0.0,0.0,0.0,0.0,0.0,0.0,0.0,0.0,0.0,0.0,0.0,0.0,0.0,161.0,93.0,107.0,161.0,18.0,7.0,12.0,54.0,15.0,0.0,0.0
25.35,51,68386.0,600.0,97.0,600.0,622.0,0.0,1.0,0.0,0.0,0.5,0.026,0.5,0.518,0.508,0.041,0.508,0.533,0.0,0.0,-1.76,-5.33,-0.04,0.0,0.0,0.0,0.0,0.0,0.0,0.0,0.0,1.0,0.0,0.0,0.0,0.0,-0.0,0.0,0.0,0.0,0.0,0.0,0.0,0.0,0.0,161.0,93.0,107.0,161.0,18.0,7.0,12.0,54.0,15.0,0.0,0.0
25.384,53,68439.0,600.0,97.0,600.0,622.0,0.0,1.0,0.0,0.0,0.5,0.026,0.5,0.518,0.508,0.041,0.508,0.533,0.0,0.0,-1.76,-5.33,-0.04,0.0,0.0,0.0,0.0,0.0,0.0,0.0,0.0,1.0,0.0,0.0,0.0,0.0,0.0,0.0,0.0,0.0,0.0,0.0,0.0,0.0,0.0,161.0,93.0,107.0,161.0,18.0,7.0,12.0,54.0,15.0,0.0,0.0
25.461,52,68491.0,600.0,97.0,600.0,622.0,0.0,1.0,0.0,0.0,0.5,0.026,0.5,0.518,0.508,0.041,0.508,0.533,0.0,0.0,-1.76,-5.33,-0.04,0.0,0.0,0.0,0.0,0.0,0.0,0.0,0.0,1.0,0.0,0.0,0.0,0.0,0.0,0.0,0.0,0.0,0.0,0.0,0.0,0.0,0.0,161.0,93.0,107.0,161.0,18.0,7.0,12.0,54.0,15.0,0.0,1.0
25.492,52,68543.0,600.0,97.0,600.0,622.0,0.0,1.0,0.0,0.0,0.5,0.026,0.5,0.518,0.508,0.041,0.508,0.533,0.0,0.0,-1.76,-5.33,-0.04,0.0,0.0,0.0,0.0,0.0,0.0,0.0,0.0,1.0,0.0,0.0,0.0,0.0,0.0,0.0,0.0,0.0,0.0,0.0,0.0,0.0,0.0,161.0,93.0,107.0,161.0,18.0,7.0,12.0,54.0,15.0,0.0,0.0
25.556,54,68597.0,600.0,97.0,600.0,622.0,0.0,1.0,0.0,0.0,0.5,0.026,0.5,0.518,0.508,0.041,0.508,0.533,0.0,0.0,-1.76,-5.33,-0.04,0.0,0.0,0.0,0.0,0.0,0.0,0.0,0.0,1.0,0.0,0.0,0.0,0.0,-0.0,0.0,0.0,0.0,0.0,0.0,0.0,0.0,0.0,161.0,93.0,107.0,161.0,18.0,7.0,12.0,54.0,15.0,0.0,1.0
25.589,52,68649.0,600.0,97.0,600.0,622.0,0.0,1.0,0.0,0.0,0.5,0.026,0.5,0.518,0.508,0.041,0.508,0.533,0.0,0.0,-1.76,-5.32,-0.04,0.0,0.0,0.0,0.0,0.0,0.0,0.0,0.0,1.0,0.0,0.0,0.0,0.0,0.0,0.0,0.0,0.0,0.0,0.0,0.0,0.0,0.0,161.0,93.0,107.0,161.0,18.0,7.0,12.0,54.0,15.0,0.0,0.0
25.664,52,68701.0,600.0,97.0,600.0,621.0,0.0,1.0,0.0,0.0,0.5,0.026,0.5,0.518,0.508,0.04,0.508,0.532,0.0,0.0,-1.76,-5.32,-0.04,0.0,0.0,0.0,0.0,0.0,0.0,0.0,0.0,1.0,0.0,0.0,0.0,0.0,0.0,0.0,0.0,0.0,0.0,0.0,0.0,0.0,0.0,161.0,93.0,107.0,161.0,18.0,7.0,12.0,54.0,15.0,0.0,1.0
25.697,52,68753.0,600.0,97.0,600.0,621.0,0.0,1.0,0.0,0.0,0.5,0.026,0.5,0.518,0.508,0.04,0.508,0.532,0.0,0.0,-1.76,-5.32,-0.04,0.0,0.0,0.0,0.0,0.0,0.0,0.0,0.0,1.0,0.0,0.0,0.0,0.0,0.0,0.0,0.0,0.0,0.0,0.0,0.0,0.0,0.0,161.0,93.0,107.0,161.0,18.0,7.0,12.0,54.0,15.0,0.0,0.0
25.761,52,68805.0,600.0,99.0,600.0,621.0,0.0,1.0,0.0,0.0,0.5,0.026,0.5,0.518,0.508,0.04,0.508,0.532,0.0,0.0,-1.76,-5.32,-0.04,0.0,0.0,0.0,0.0,0.0,0.0,0.0,0.0,1.0,0.0,0.0,0.0,0.0,0.0,0.0,0.0,0.0,0.0,0.0,0.0,0.0,0.0,161.0,93.0,107.0,161.0,18.0,7.0,12.0,54.0,15.0,0.0,0.0
25.825,52,68857.0,600.0,99.0,600.0,621.0,0.0,1.0,0.0,0.0,0.5,0.026,0.5,0.518,0.508,0.04,0.508,0.532,0.0,0.0,-1.76,-5.32,-0.04,0.0,0.0,0.0,0.0,0.0,0.0,0.0,0.0,1.0,0.0,0.0,0.0,0.0,0.0,0.0,0.0,0.0,0.0,0.0,0.0,0.0,0.0,161.0,93.0,107.0,161.0,18.0,7.0,12.0,54.0,15.0,0.0,0.0
25.857,52,68909.0,600.0,99.0,600.0,622.0,0.0,1.0,0.0,0.0,0.5,0.026,0.5,0.518,0.508,0.041,0.508,0.533,0.0,0.0,-1.76,-5.32,-0.04,0.0,0.0,0.0,0.0,0.0,0.0,0.0,0.0,1.0,0.0,0.0,0.0,0.0,0.0,0.0,0.0,0.0,0.0,0.0,0.0,0.0,0.0,161.0,93.0,107.0,161.0,18.0,7.0,12.0,54.0,15.0,0.0,1.0
25.922,52,68961.0,600.0,99.0,600.0,622.0,0.0,1.0,0.0,0.0,0.5,0.026,0.5,0.518,0.508,0.041,0.508,0.533,0.0,0.0,-1.76,-5.32,-0.04,0.0,0.0,0.0,0.0,0.0,0.0,0.0,0.0,1.0,0.0,0.0,0.0,0.0,-0.0,0.0,0.0,0.0,0.0,0.0,0.0,0.0,0.0,161.0,93.0,107.0,161.0,18.0,7.0,12.0,54.0,15.0,0.0,1.0
25.955,52,69013.0,600.0,98.0,600.0,622.0,0.0,1.0,0.0,0.0,0.5,0.026,0.5,0.518,0.508,0.041,0.508,0.533,0.0,0.0,-1.76,-5.32,-0.04,0.0,0.0,0.0,0.0,0.0,0.0,0.0,0.0,1.0,0.0,0.0,0.0,0.0,0.0,0.0,0.0,0.0,0.0,0.0,0.0,0.0,0.0,161.0,93.0,107.0,161.0,18.0,7.0,12.0,54.0,15.0,0.0,0.0
26.023,51,69064.0,600.0,98.0,600.0,622.0,0.0,1.0,0.0,0.0,0.5,0.026,0.5,0.518,0.508,0.041,0.508,0.533,0.0,0.0,-1.76,-5.32,-0.04,0.0,0.0,0.0,0.0,0.0,0.0,0.0,0.0,1.0,0.0,0.0,0.0,0.0,-0.0,0.0,0.0,0.0,0.0,0.0,0.0,0.0,0.0,161.0,93.0,107.0,161.0,18.0,7.0,12.0,54.0,15.0,0.0,0.0
26.088,52,69116.0,600.0,98.0,600.0,622.0,0.0,1.0,0.0,0.0,0.5,0.026,0.5,0.518,0.508,0.041,0.508,0.533,0.0,0.0,-1.76,-5.32,-0.04,0.0,0.0,0.0,0.0,0.0,0.0,0.0,0.0,1.0,0.0,0.0,0.0,0.0,0.0,0.0,0.0,0.0,0.0,0.0,0.0,0.0,0.0,161.0,93.0,107.0,161.0,18.0,7.0,12.0,54.0,15.0,0.0,0.0
26.121,52,69168.0,600.0,98.0,600.0,622.0,0.0,1.0,0.0,0.0,0.5,0.026,0.5,0.518,0.508,0.041,0.508,0.533,0.0,0.0,-1.76,-5.32,-0.04,0.0,0.0,0.0,0.0,0.0,0.0,0.0,0.0,1.0,0.0,0.0,0.0,0.0,-0.0,0.0,0.0,0.0,0.0,0.0,0.0,0.0,0.0,161.0,93.0,107.0,161.0,18.0,7.0,12.0,54.0,15.0,0.0,0.0
26.186,52,69220.0,600.0,98.0,600.0,622.0,0.0,1.0,0.0,0.0,0.5,0.026,0.5,0.518,0.508,0.041,0.508,0.533,0.0,0.0,-1.76,-5.32,-0.04,0.0,0.0,0.0,0.0,0.0,0.0,0.0,0.0,1.0,0.0,0.0,0.0,0.0,0.0,0.0,0.0,0.0,0.0,0.0,0.0,0.0,0.0,161.0,93.0,107.0,161.0,18.0,7.0,12.0,54.0,15.0,0.0,0.0
26.221,52,69272.0,600.0,98.0,600.0,622.0,0.0,1.0,0.0,0.0,0.5,0.026,0.5,0.518,0.508,0.041,0.508,0.533,0.0,0.0,-1.76,-5.32,-0.04,0.0,0.0,0.0,0.0,0.0,0.0,0.0,0.0,1.0,0.0,0.0,0.0,0.0,0.0,0.0,0.0,0.0,0.0,0.0,0.0,0.0,0.0,161.0,93.0,107.0,161.0,18.0,7.0,12.0,54.0,15.0,0.0,0.0
26.286,54,69326.0,600.0,98.0,600.0,625.0,0.0,1.0,0.0,0.0,0.5,0.026,0.5,0.519,0.508,0.041,0.508,0.534,0.0,0.0,-1.75,-5.33,-0.04,0.0,0.0,0.0,0.0,0.0,0.0,0.0,0.0,1.0,0.0,0.0,0.0,0.0,0.0,0.0,0.0,0.0,0.0,0.0,0.0,0.0,0.0,161.0,93.0,107.0,161.0,18.0,7.0,12.0,54.0,15.0,0.0,1.0
26.319,52,69378.0,600.0,98.0,600.0,625.0,0.0,1.0,0.0,0.0,0.5,0.026,0.5,0.519,0.508,0.041,0.508,0.534,0.0,0.0,-1.75,-5.33,-0.04,0.0,0.0,0.0,0.0,0.0,0.0,0.0,0.0,1.0,0.0,0.0,0.0,0.0,0.0,0.0,0.0,0.0,0.0,0.0,0.0,0.0,0.0,161.0,93.0,107.0,161.0,18.0,7.0,12.0,54.0,15.0,0.0,0.0
26.384,51,69429.0,600.0,98.0,600.0,625.0,0.0,1.0,0.0,0.0,0.5,0.026,0.5,0.519,0.508,0.041,0.508,0.534,0.0,0.0,-1.75,-5.33,-0.04,0.0,0.0,0.0,0.0,0.0,0.0,0.0,0.0,1.0,0.0,0.0,0.0,0.0,0.0,0.0,0.0,0.0,0.0,0.0,0.0,0.0,0.0,161.0,93.0,107.0,161.0,18.0,7.0,12.0,54.0,15.0,0.0,0.0
26.449,53,69482.0,600.0,98.0,600.0,625.0,0.0,1.0,0.0,0.0,0.5,0.026,0.5,0.519,0.508,0.041,0.508,0.534,0.0,0.0,-1.75,-5.33,-0.04,0.0,0.0,0.0,0.0,0.0,0.0,0.0,0.0,1.0,0.0,0.0,0.0,0.0,0.0,0.0,0.0,0.0,0.0,0.0,0.0,0.0,0.0,161.0,93.0,107.0,161.0,18.0,7.0,12.0,54.0,15.0,0.0,0.0
26.481,52,69534.0,600.0,98.0,600.0,626.0,0.0,1.0,0.0,0.0,0.5,0.026,0.5,0.52,0.508,0.041,0.508,0.535,0.0,0.0,-1.75,-5.33,-0.04,0.0,0.0,0.0,0.0,0.0,0.0,0.0,0.0,1.0,0.0,0.0,0.0,0.0,0.0,0.0,0.0,0.0,0.0,0.0,0.0,0.0,0.0,161.0,93.0,107.0,161.0,18.0,7.0,12.0,54.0,15.0,0.0,0.0
26.545,52,69586.0,600.0,98.0,600.0,626.0,0.0,1.0,0.0,0.0,0.5,0.026,0.5,0.52,0.508,0.041,0.508,0.535,0.0,0.0,-1.76,-5.33,-0.04,0.0,0.0,0.0,0.0,0.0,0.0,0.0,0.0,1.0,0.0,0.0,0.0,0.0,0.0,0.0,0.0,0.0,0.0,0.0,0.0,0.0,0.0,161.0,93.0,107.0,161.0,18.0,7.0,12.0,54.0,15.0,0.0,0.0
26.619,52,69638.0,600.0,99.0,600.0,626.0,0.0,1.0,0.0,0.0,0.5,0.026,0.5,0.52,0.508,0.041,0.508,0.535,0.0,0.0,-1.76,-5.33,-0.04,0.0,0.0,0.0,0.0,0.0,0.0,0.0,0.0,1.0,0.0,0.0,0.0,0.0,0.0,0.0,0.0,0.0,0.0,0.0,0.0,0.0,0.0,161.0,93.0,107.0,161.0,18.0,7.0,12.0,54.0,15.0,0.0,0.0
26.651,52,69690.0,600.0,99.0,600.0,626.0,0.0,1.0,0.0,0.0,0.5,0.026,0.5,0.52,0.508,0.041,0.508,0.535,0.0,0.0,-1.76,-5.33,-0.04,0.0,0.0,0.0,0.0,0.0,0.0,0.0,0.0,1.0,0.0,0.0,0.0,0.0,0.0,0.0,0.0,0.0,0.0,0.0,0.0,0.0,0.0,161.0,93.0,107.0,161.0,18.0,7.0,12.0,54.0,15.0,0.0,0.0
26.684,52,69742.0,600.0,99.0,600.0,626.0,0.0,1.0,0.0,0.0,0.5,0.026,0.5,0.521,0.508,0.041,0.508,0.535,0.0,0.0,-1.76,-5.33,-0.04,0.0,0.0,0.0,0.0,0.0,0.0,0.0,0.0,1.0,0.0,0.0,0.0,0.0,0.0,0.0,0.0,0.0,0.0,0.0,0.0,0.0,0.0,161.0,93.0,107.0,161.0,18.0,7.0,12.0,54.0,15.0,0.0,1.0
26.749,52,69794.0,600.0,99.0,600.0,626.0,0.0,1.0,0.0,0.0,0.5,0.026,0.5,0.521,0.508,0.041,0.508,0.535,0.0,0.0,-1.76,-5.33,-0.04,0.0,0.0,0.0,0.0,0.0,0.0,0.0,0.0,1.0,0.0,0.0,0.0,0.0,0.0,0.0,0.0,0.0,0.0,0.0,0.0,0.0,0.0,161.0,93.0,107.0,161.0,18.0,7.0,12.0,54.0,15.0,0.0,0.0
26.816,53,69847.0,600.0,98.0,600.0,626.0,0.0,1.0,0.0,0.0,0.5,0.026,0.5,0.521,0.508,0.041,0.508,0.535,0.0,0.0,-1.76,-5.32,-0.04,0.0,0.0,0.0,0.0,0.0,0.0,0.0,0.0,1.0,0.0,0.0,0.0,0.0,0.0,0.0,0.0,0.0,0.0,0.0,0.0,0.0,0.0,161.0,93.0,107.0,161.0,18.0,7.0,12.0,54.0,15.0,0.0,0.0
26.848,52,69899.0,600.0,98.0,600.0,626.0,0.0,1.0,0.0,0.0,0.5,0.026,0.5,0.521,0.508,0.041,0.508,0.535,0.0,0.0,-1.76,-5.32,-0.04,0.0,0.0,0.0,0.0,0.0,0.0,0.0,0.0,1.0,0.0,0.0,0.0,0.0,0.0,0.0,0.0,0.0,0.0,0.0,0.0,0.0,0.0,161.0,93.0,107.0,161.0,18.0,7.0,12.0,54.0,15.0,0.0,0.0
26.914,52,69951.0,600.0,98.0,600.0,625.0,0.0,1.0,0.0,0.0,0.5,0.026,0.5,0.521,0.508,0.041,0.508,0.535,0.0,0.0,-1.77,-5.32,-0.04,0.0,0.0,0.0,0.0,0.0,0.0,0.0,0.0,1.0,0.0,0.0,0.0,0.0,-0.0,0.0,0.0,0.0,0.0,0.0,0.0,0.0,0.0,161.0,93.0,107.0,161.0,18.0,7.0,12.0,54.0,15.0,0.0,0.0
26.946,52,70003.0,600.0,98.0,600.0,625.0,0.0,1.0,0.0,0.0,0.5,0.026,0.5,0.521,0.508,0.041,0.508,0.535,0.0,0.0,-1.77,-5.32,-0.04,0.0,0.0,0.0,0.0,0.0,0.0,0.0,0.0,1.0,0.0,0.0,0.0,0.0,-0.0,0.0,0.0,0.0,0.0,0.0,0.0,0.0,0.0,161.0,93.0,107.0,161.0,18.0,7.0,12.0,54.0,15.0,0.0,0.0
27.016,52,70055.0,600.0,98.0,600.0,625.0,0.0,1.0,0.0,0.0,0.5,0.026,0.5,0.521,0.508,0.041,0.508,0.535,0.0,0.0,-1.77,-5.32,-0.04,0.0,0.0,0.0,0.0,0.0,0.0,0.0,0.0,1.0,0.0,0.0,0.0,0.0,-0.0,0.0,0.0,0.0,0.0,0.0,0.0,0.0,0.0,161.0,93.0,107.0,161.0,18.0,7.0,12.0,54.0,15.0,0.0,0.0
27.048,52,70107.0,600.0,98.0,600.0,625.0,0.0,1.0,0.0,0.0,0.5,0.026,0.5,0.521,0.508,0.041,0.508,0.535,0.0,0.0,-1.77,-5.32,-0.04,0.0,0.0,0.0,0.0,0.0,0.0,0.0,0.0,1.0,0.0,0.0,0.0,0.0,0.0,0.0,0.0,0.0,0.0,0.0,0.0,0.0,0.0,161.0,93.0,107.0,161.0,18.0,7.0,12.0,54.0,15.0,0.0,0.0
27.111,52,70159.0,600.0,98.0,600.0,624.0,0.0,1.0,0.0,0.0,0.5,0.026,0.5,0.52,0.508,0.041,0.508,0.535,0.0,0.0,-1.77,-5.32,-0.04,0.0,0.0,0.0,0.0,0.0,0.0,0.0,0.0,1.0,0.0,0.0,0.0,0.0,-0.0,0.0,0.0,0.0,0.0,0.0,0.0,0.0,0.0,161.0,93.0,107.0,161.0,18.0,7.0,12.0,54.0,15.0,0.0,0.0
27.176,52,70211.0,600.0,98.0,600.0,624.0,0.0,1.0,0.0,0.0,0.5,0.026,0.5,0.52,0.508,0.041,0.508,0.535,0.0,0.0,-1.77,-5.33,-0.04,0.0,0.0,0.0,0.0,0.0,0.0,0.0,0.0,1.0,0.0,0.0,0.0,0.0,0.0,0.0,0.0,0.0,0.0,0.0,0.0,0.0,0.0,161.0,93.0,107.0,161.0,18.0,7.0,12.0,54.0,15.0,0.0,1.0
27.208,52,70263.0,600.0,98.0,600.0,624.0,0.0,1.0,0.0,0.0,0.5,0.026,0.5,0.52,0.508,0.041,0.508,0.535,0.0,0.0,-1.77,-5.33,-0.04,0.0,0.0,0.0,0.0,0.0,0.0,0.0,0.0,1.0,0.0,0.0,0.0,0.0,0.0,0.0,0.0,0.0,0.0,0.0,0.0,0.0,0.0,161.0,93.0,107.0,161.0,18.0,7.0,12.0,54.0,15.0,0.0,0.0
27.272,52,70315.0,600.0,98.0,600.0,624.0,0.0,1.0,0.0,0.0,0.5,0.026,0.5,0.52,0.508,0.041,0.508,0.535,0.0,0.0,-1.77,-5.33,-0.04,0.0,0.0,0.0,0.0,0.0,0.0,0.0,0.0,1.0,0.0,0.0,0.0,0.0,0.0,0.0,0.0,0.0,0.0,0.0,0.0,0.0,0.0,161.0,93.0,107.0,161.0,18.0,7.0,12.0,54.0,15.0,0.0,0.0
27.335,53,70368.0,600.0,98.0,600.0,623.0,0.0,1.0,0.0,0.0,0.5,0.026,0.5,0.519,0.508,0.041,0.508,0.534,0.0,0.0,-1.77,-5.34,-0.04,0.0,0.0,0.0,0.0,0.0,0.0,0.0,0.0,1.0,0.0,0.0,0.0,0.0,0.0,0.0,0.0,0.0,0.0,0.0,0.0,0.0,0.0,161.0,93.0,107.0,161.0,18.0,7.0,12.0,54.0,15.0,0.0,0.0
27.367,52,70420.0,600.0,98.0,600.0,623.0,0.0,1.0,0.0,0.0,0.5,0.026,0.5,0.519,0.508,0.041,0.508,0.534,0.0,0.0,-1.77,-5.34,-0.04,0.0,0.0,0.0,0.0,0.0,0.0,0.0,0.0,1.0,0.0,0.0,0.0,0.0,-0.0,0.0,0.0,0.0,0.0,0.0,0.0,0.0,0.0,161.0,93.0,107.0,161.0,18.0,7.0,12.0,54.0,15.0,0.0,1.0
27.43,52,70472.0,600.0,98.0,600.0,623.0,0.0,1.0,0.0,0.0,0.5,0.026,0.5,0.519,0.508,0.041,0.508,0.534,0.0,0.0,-1.76,-5.34,-0.04,0.0,0.0,0.0,0.0,0.0,0.0,0.0,0.0,1.0,0.0,0.0,0.0,0.0,0.0,0.0,0.0,0.0,0.0,0.0,0.0,0.0,0.0,161.0,93.0,107.0,161.0,18.0,7.0,12.0,54.0,15.0,0.0,0.0
27.493,52,70524.0,600.0,98.0,600.0,623.0,0.0,1.0,0.0,0.0,0.5,0.026,0.5,0.519,0.508,0.041,0.508,0.534,0.0,0.0,-1.76,-5.34,-0.04,0.0,0.0,0.0,0.0,0.0,0.0,0.0,0.0,1.0,0.0,0.0,0.0,0.0,0.0,0.0,0.0,0.0,0.0,0.0,0.0,0.0,0.0,161.0,93.0,107.0,161.0,18.0,7.0,12.0,54.0,15.0,0.0,0.0
27.524,52,70576.0,600.0,98.0,600.0,621.0,0.0,1.0,0.0,0.0,0.5,0.026,0.5,0.518,0.508,0.041,0.508,0.533,0.0,0.0,-1.76,-5.34,-0.04,0.0,0.0,0.0,0.0,0.0,0.0,0.0,0.0,1.0,0.0,0.0,0.0,0.0,0.0,0.0,0.0,0.0,0.0,0.0,0.0,0.0,0.0,161.0,93.0,107.0,161.0,18.0,7.0,12.0,54.0,15.0,0.0,0.0
27.589,52,70628.0,600.0,98.0,600.0,621.0,0.0,1.0,0.0,0.0,0.5,0.026,0.5,0.518,0.508,0.041,0.508,0.533,0.0,0.0,-1.76,-5.34,-0.04,0.0,0.0,0.0,0.0,0.0,0.0,0.0,0.0,1.0,0.0,0.0,0.0,0.0,0.0,0.0,0.0,0.0,0.0,0.0,0.0,0.0,0.0,161.0,93.0,107.0,161.0,18.0,7.0,12.0,54.0,15.0,0.0,0.0
27.624,51,70679.0,600.0,97.0,600.0,621.0,0.0,1.0,0.0,0.0,0.5,0.026,0.5,0.518,0.508,0.041,0.508,0.533,0.0,0.0,-1.76,-5.34,-0.04,0.0,0.0,0.0,0.0,0.0,0.0,0.0,0.0,1.0,0.0,0.0,0.0,0.0,-0.0,0.0,0.0,0.0,0.0,0.0,0.0,0.0,0.0,161.0,93.0,107.0,161.0,18.0,7.0,12.0,54.0,15.0,0.0,0.0
27.689,52,70731.0,600.0,97.0,600.0,621.0,0.0,1.0,0.0,0.0,0.5,0.026,0.5,0.518,0.508,0.041,0.508,0.533,0.0,0.0,-1.76,-5.34,-0.04,0.0,0.0,0.0,0.0,0.0,0.0,0.0,0.0,1.0,0.0,0.0,0.0,0.0,0.0,0.0,0.0,0.0,0.0,0.0,0.0,0.0,0.0,161.0,93.0,107.0,161.0,18.0,7.0,12.0,54.0,15.0,0.0,1.0
27.755,52,70783.0,600.0,97.0,600.0,621.0,0.0,1.0,0.0,0.0,0.5,0.026,0.5,0.518,0.508,0.04,0.508,0.533,0.0,0.0,-1.76,-5.34,-0.04,0.0,0.0,0.0,0.0,0.0,0.0,0.0,0.0,1.0,0.0,0.0,0.0,0.0,-0.0,0.0,0.0,0.0,0.0,0.0,0.0,0.0,0.0,161.0,93.0,107.0,161.0,18.0,7.0,12.0,54.0,15.0,0.0,0.0
27.787,52,70835.0,600.0,97.0,600.0,621.0,0.0,1.0,0.0,0.0,0.5,0.026,0.5,0.518,0.508,0.04,0.508,0.533,0.0,0.0,-1.76,-5.34,-0.04,0.0,0.0,0.0,0.0,0.0,0.0,0.0,0.0,1.0,0.0,0.0,0.0,0.0,-0.0,0.0,0.0,0.0,0.0,0.0,0.0,0.0,0.0,161.0,93.0,107.0,161.0,18.0,7.0,12.0,54.0,15.0,0.0,0.0
27.853,51,70886.0,600.0,97.0,600.0,621.0,0.0,1.0,0.0,0.0,0.5,0.026,0.5,0.518,0.508,0.04,0.508,0.533,0.0,0.0,-1.76,-5.34,-0.04,0.0,0.0,0.0,0.0,0.0,0.0,0.0,0.0,1.0,0.0,0.0,0.0,0.0,0.0,0.0,0.0,0.0,0.0,0.0,0.0,0.0,0.0,161.0,93.0,107.0,161.0,18.0,7.0,12.0,54.0,15.0,0.0,0.0
27.885,52,70938.0,600.0,97.0,600.0,621.0,0.0,1.0,0.0,0.0,0.5,0.026,0.5,0.518,0.508,0.04,0.508,0.533,0.0,0.0,-1.76,-5.34,-0.04,0.0,0.0,0.0,0.0,0.0,0.0,0.0,0.0,1.0,0.0,0.0,0.0,0.0,0.0,0.0,0.0,0.0,0.0,0.0,0.0,0.0,0.0,161.0,93.0,107.0,161.0,18.0,7.0,12.0,54.0,15.0,0.0,0.0
27.951,52,70990.0,600.0,97.0,600.0,620.0,0.0,1.0,0.0,0.0,0.5,0.026,0.5,0.517,0.508,0.04,0.508,0.532,0.0,0.0,-1.76,-5.34,-0.04,0.0,0.0,0.0,0.0,0.0,0.0,0.0,0.0,1.0,0.0,0.0,0.0,0.0,0.0,0.0,0.0,0.0,0.0,0.0,0.0,0.0,0.0,161.0,93.0,107.0,161.0,18.0,7.0,12.0,54.0,15.0,0.0,0.0
27.984,52,71042.0,600.0,97.0,600.0,620.0,0.0,1.0,0.0,0.0,0.5,0.026,0.5,0.517,0.508,0.04,0.508,0.532,0.0,0.0,-1.76,-5.34,-0.04,0.0,0.0,0.0,0.0,0.0,0.0,0.0,0.0,1.0,0.0,0.0,0.0,0.0,-0.0,0.0,0.0,0.0,0.0,0.0,0.0,0.0,0.0,161.0,93.0,107.0,161.0,18.0,7.0,12.0,54.0,15.0,0.0,1.0
28.049,51,71093.0,600.0,97.0,600.0,620.0,0.0,1.0,0.0,0.0,0.5,0.026,0.5,0.517,0.508,0.04,0.508,0.532,0.0,0.0,-1.76,-5.34,-0.04,0.0,0.0,0.0,0.0,0.0,0.0,0.0,0.0,1.0,0.0,0.0,0.0,0.0,0.0,0.0,0.0,0.0,0.0,0.0,0.0,0.0,0.0,161.0,93.0,107.0,161.0,18.0,7.0,12.0,54.0,15.0,0.0,0.0
28.115,52,71145.0,600.0,97.0,600.0,620.0,0.0,1.0,0.0,0.0,0.5,0.026,0.5,0.517,0.508,0.04,0.508,0.532,0.0,0.0,-1.76,-5.34,-0.04,0.0,0.0,0.0,0.0,0.0,0.0,0.0,0.0,1.0,0.0,0.0,0.0,0.0,0.0,0.0,0.0,0.0,0.0,0.0,0.0,0.0,0.0,161.0,93.0,107.0,161.0,18.0,7.0,12.0,54.0,15.0,0.0,0.0
28.148,52,71197.0,600.0,97.0,600.0,619.0,0.0,1.0,0.0,0.0,0.5,0.025,0.5,0.516,0.508,0.04,0.508,0.531,0.0,0.0,-1.76,-5.34,-0.04,0.0,0.0,0.0,0.0,0.0,0.0,0.0,0.0,1.0,0.0,0.0,0.0,0.0,-0.0,0.0,0.0,0.0,0.0,0.0,0.0,0.0,0.0,161.0,93.0,107.0,161.0,18.0,7.0,12.0,54.0,15.0,0.0,0.0
28.213,52,71249.0,600.0,97.0,600.0,619.0,0.0,1.0,0.0,0.0,0.5,0.025,0.5,0.516,0.508,0.04,0.508,0.531,0.0,0.0,-1.76,-5.35,-0.04,0.0,0.0,0.0,0.0,0.0,0.0,0.0,0.0,1.0,0.0,0.0,0.0,0.0,0.0,0.0,0.0,0.0,0.0,0.0,0.0,0.0,0.0,161.0,93.0,107.0,161.0,18.0,7.0,12.0,54.0,15.0,0.0,0.0
28.246,52,71301.0,600.0,97.0,600.0,619.0,0.0,1.0,0.0,0.0,0.5,0.025,0.5,0.516,0.508,0.04,0.508,0.531,0.0,0.0,-1.76,-5.35,-0.04,0.0,0.0,0.0,0.0,0.0,0.0,0.0,0.0,1.0,0.0,0.0,0.0,0.0,0.0,0.0,0.0,0.0,0.0,0.0,0.0,0.0,0.0,161.0,93.0,107.0,161.0,18.0,7.0,12.0,54.0,15.0,0.0,0.0
28.312,52,71353.0,600.0,97.0,600.0,619.0,0.0,1.0,0.0,0.0,0.5,0.025,0.5,0.516,0.508,0.04,0.508,0.531,0.0,0.0,-1.76,-5.35,-0.04,0.0,0.0,0.0,0.0,0.0,0.0,0.0,0.0,1.0,0.0,0.0,0.0,0.0,0.0,0.0,0.0,0.0,0.0,0.0,0.0,0.0,0.0,161.0,93.0,107.0,161.0,18.0,7.0,12.0,54.0,15.0,0.0,1.0
28.384,52,71405.0,600.0,97.0,600.0,619.0,0.0,1.0,0.0,0.0,0.5,0.026,0.5,0.516,0.508,0.04,0.508,0.531,0.0,0.0,-1.76,-5.35,-0.04,0.0,0.0,0.0,0.0,0.0,0.0,0.0,0.0,1.0,0.0,0.0,0.0,0.0,-0.0,0.0,0.0,0.0,0.0,0.0,0.0,0.0,0.0,161.0,93.0,107.0,161.0,18.0,7.0,12.0,54.0,15.0,0.0,0.0
28.421,52,71457.0,600.0,97.0,600.0,619.0,0.0,1.0,0.0,0.0,0.5,0.026,0.5,0.516,0.508,0.04,0.508,0.531,0.0,0.0,-1.76,-5.35,-0.04,0.0,0.0,0.0,0.0,0.0,0.0,0.0,0.0,1.0,0.0,0.0,0.0,0.0,-0.0,0.0,0.0,0.0,0.0,0.0,0.0,0.0,0.0,161.0,93.0,107.0,161.0,18.0,7.0,12.0,54.0,15.0,0.0,0.0
28.454,52,71509.0,600.0,98.0,600.0,619.0,0.0,1.0,0.0,0.0,0.5,0.026,0.5,0.516,0.508,0.04,0.508,0.531,0.0,0.0,-1.76,-5.35,-0.04,0.0,0.0,0.0,0.0,0.0,0.0,0.0,0.0,1.0,0.0,0.0,0.0,0.0,-0.0,0.0,0.0,0.0,0.0,0.0,0.0,0.0,0.0,161.0,93.0,107.0,161.0,18.0,7.0,12.0,54.0,15.0,0.0,0.0
28.52,53,71562.0,600.0,98.0,600.0,619.0,0.0,1.0,0.0,0.0,0.5,0.026,0.5,0.516,0.508,0.04,0.508,0.531,0.0,0.0,-1.76,-5.35,-0.04,0.0,0.0,0.0,0.0,0.0,0.0,0.0,0.0,1.0,0.0,0.0,0.0,0.0,-0.0,0.0,0.0,0.0,0.0,0.0,0.0,0.0,0.0,161.0,93.0,107.0,161.0,18.0,7.0,12.0,54.0,15.0,0.0,1.0
28.585,52,71614.0,600.0,98.0,600.0,621.0,0.0,1.0,0.0,0.0,0.5,0.026,0.5,0.517,0.508,0.04,0.508,0.531,0.0,0.0,-1.76,-5.35,-0.04,0.0,0.0,0.0,0.0,0.0,0.0,0.0,0.0,1.0,0.0,0.0,0.0,0.0,0.0,0.0,0.0,0.0,0.0,0.0,0.0,0.0,0.0,161.0,93.0,107.0,161.0,18.0,7.0,12.0,54.0,15.0,0.0,0.0
28.623,52,71666.0,600.0,98.0,600.0,621.0,0.0,1.0,0.0,0.0,0.5,0.026,0.5,0.517,0.508,0.04,0.508,0.531,0.0,0.0,-1.76,-5.35,-0.04,0.0,0.0,0.0,0.0,0.0,0.0,0.0,0.0,1.0,0.0,0.0,0.0,0.0,0.0,0.0,0.0,0.0,0.0,0.0,0.0,0.0,0.0,161.0,93.0,107.0,161.0,18.0,7.0,12.0,54.0,15.0,0.0,0.0
28.689,51,71717.0,600.0,98.0,600.0,621.0,0.0,1.0,0.0,0.0,0.5,0.026,0.5,0.517,0.508,0.04,0.508,0.531,0.0,0.0,-1.76,-5.35,-0.04,0.0,0.0,0.0,0.0,0.0,0.0,0.0,0.0,1.0,0.0,0.0,0.0,0.0,0.0,0.0,0.0,0.0,0.0,0.0,0.0,0.0,0.0,161.0,93.0,107.0,161.0,18.0,7.0,12.0,54.0,15.0,0.0,0.0
28.722,54,71771.0,600.0,98.0,600.0,621.0,0.0,1.0,0.0,0.0,0.5,0.026,0.5,0.517,0.508,0.04,0.508,0.531,0.0,0.0,-1.76,-5.35,-0.04,0.0,0.0,0.0,0.0,0.0,0.0,0.0,0.0,1.0,0.0,0.0,0.0,0.0,-0.0,0.0,0.0,0.0,0.0,0.0,0.0,0.0,0.0,161.0,93.0,107.0,161.0,18.0,7.0,12.0,54.0,15.0,0.0,1.0
28.787,52,71823.0,600.0,98.0,600.0,621.0,0.0,1.0,0.0,0.0,0.5,0.026,0.5,0.517,0.508,0.041,0.508,0.531,0.0,0.0,-1.76,-5.35,-0.04,0.0,0.0,0.0,0.0,0.0,0.0,0.0,0.0,1.0,0.0,0.0,0.0,0.0,0.0,0.0,0.0,0.0,0.0,0.0,0.0,0.0,0.0,161.0,93.0,107.0,161.0,18.0,7.0,12.0,54.0,15.0,0.0,0.0
28.828,53,71876.0,600.0,98.0,600.0,621.0,0.0,1.0,0.0,0.0,0.5,0.026,0.5,0.517,0.508,0.041,0.508,0.531,0.0,0.0,-1.77,-5.35,-0.04,0.0,0.0,0.0,0.0,0.0,0.0,0.0,0.0,1.0,0.0,0.0,0.0,0.0,0.0,0.0,0.0,0.0,0.0,0.0,0.0,0.0,0.0,161.0,93.0,107.0,161.0,18.0,7.0,12.0,54.0,15.0,0.0,0.0
28.893,52,71928.0,600.0,99.0,600.0,621.0,0.0,1.0,0.0,0.0,0.5,0.026,0.5,0.517,0.508,0.041,0.508,0.531,0.0,0.0,-1.76,-5.35,-0.04,0.0,0.0,0.0,0.0,0.0,0.0,0.0,0.0,1.0,0.0,0.0,0.0,0.0,0.0,0.0,0.0,0.0,0.0,0.0,0.0,0.0,0.0,161.0,93.0,107.0,161.0,18.0,7.0,12.0,54.0,15.0,0.0,0.0
28.926,52,71980.0,600.0,99.0,600.0,621.0,0.0,1.0,0.0,0.0,0.5,0.026,0.5,0.517,0.508,0.041,0.508,0.531,0.0,0.0,-1.76,-5.35,-0.04,0.0,0.0,0.0,0.0,0.0,0.0,0.0,0.0,1.0,0.0,0.0,0.0,0.0,0.0,0.0,0.0,0.0,0.0,0.0,0.0,0.0,0.0,161.0,93.0,107.0,161.0,18.0,7.0,12.0,54.0,15.0,0.0,1.0
28.99,52,72032.0,600.0,99.0,600.0,624.0,0.0,1.0,0.0,0.0,0.5,0.026,0.5,0.518,0.508,0.041,0.508,0.533,0.0,0.0,-1.76,-5.35,-0.04,0.0,0.0,0.0,0.0,0.0,0.0,0.0,0.0,1.0,0.0,0.0,0.0,0.0,0.0,0.0,0.0,0.0,0.0,0.0,0.0,0.0,0.0,161.0,93.0,107.0,161.0,18.0,7.0,12.0,54.0,15.0,0.0,1.0
29.025,52,72084.0,600.0,99.0,600.0,624.0,0.0,1.0,0.0,0.0,0.5,0.026,0.5,0.518,0.508,0.041,0.508,0.533,0.0,0.0,-1.76,-5.36,-0.04,0.0,0.0,0.0,0.0,0.0,0.0,0.0,0.0,1.0,0.0,0.0,0.0,0.0,0.0,0.0,0.0,0.0,0.0,0.0,0.0,0.0,0.0,161.0,93.0,107.0,161.0,18.0,7.0,12.0,54.0,15.0,0.0,0.0
29.091,52,72136.0,600.0,99.0,600.0,624.0,0.0,1.0,0.0,0.0,0.5,0.026,0.5,0.518,0.508,0.041,0.508,0.533,0.0,0.0,-1.76,-5.36,-0.04,0.0,0.0,0.0,0.0,0.0,0.0,0.0,0.0,1.0,0.0,0.0,0.0,0.0,0.0,0.0,0.0,0.0,0.0,0.0,0.0,0.0,0.0,161.0,93.0,107.0,161.0,18.0,7.0,12.0,54.0,15.0,0.0,0.0
29.157,53,72189.0,600.0,99.0,600.0,624.0,0.0,1.0,0.0,0.0,0.5,0.026,0.5,0.518,0.508,0.041,0.508,0.533,0.0,0.0,-1.76,-5.36,-0.04,0.0,0.0,0.0,0.0,0.0,0.0,0.0,0.0,1.0,0.0,0.0,0.0,0.0,0.0,0.0,0.0,0.0,0.0,0.0,0.0,0.0,0.0,161.0,93.0,107.0,161.0,18.0,7.0,12.0,54.0,15.0,0.0,1.0
29.19,51,72240.0,600.0,99.0,600.0,625.0,0.0,1.0,0.0,0.0,0.5,0.026,0.5,0.519,0.508,0.041,0.508,0.534,0.0,0.0,-1.76,-5.36,-0.04,0.0,0.0,0.0,0.0,0.0,0.0,0.0,0.0,1.0,0.0,0.0,0.0,0.0,0.0,0.0,0.0,0.0,0.0,0.0,0.0,0.0,0.0,161.0,93.0,107.0,161.0,18.0,7.0,12.0,54.0,15.0,0.0,0.0
29.258,52,72292.0,600.0,99.0,600.0,625.0,0.0,1.0,0.0,0.0,0.5,0.026,0.5,0.519,0.508,0.041,0.508,0.534,0.0,0.0,-1.76,-5.36,-0.04,0.0,0.0,0.0,0.0,0.0,0.0,0.0,0.0,1.0,0.0,0.0,0.0,0.0,0.0,0.0,0.0,0.0,0.0,0.0,0.0,0.0,0.0,161.0,93.0,107.0,161.0,18.0,7.0,12.0,54.0,15.0,0.0,0.0
29.292,51,72343.0,600.0,98.0,600.0,625.0,0.0,1.0,0.0,0.0,0.5,0.026,0.5,0.519,0.508,0.041,0.508,0.534,0.0,0.0,-1.76,-5.36,-0.04,0.0,0.0,0.0,0.0,0.0,0.0,0.0,0.0,1.0,0.0,0.0,0.0,0.0,0.0,0.0,0.0,0.0,0.0,0.0,0.0,0.0,0.0,161.0,93.0,107.0,161.0,18.0,7.0,12.0,54.0,15.0,0.0,1.0
29.358,53,72396.0,600.0,98.0,600.0,625.0,0.0,1.0,0.0,0.0,0.5,0.026,0.5,0.519,0.508,0.041,0.508,0.534,0.0,0.0,-1.76,-5.36,-0.04,0.0,0.0,0.0,0.0,0.0,0.0,0.0,0.0,1.0,0.0,0.0,0.0,0.0,0.0,0.0,0.0,0.0,0.0,0.0,0.0,0.0,0.0,161.0,93.0,107.0,161.0,18.0,7.0,12.0,54.0,15.0,0.0,0.0
29.391,51,72447.0,600.0,98.0,600.0,623.0,0.0,1.0,0.0,0.0,0.5,0.026,0.5,0.519,0.508,0.041,0.508,0.534,0.0,0.0,-1.76,-5.36,-0.04,0.0,0.0,0.0,0.0,0.0,0.0,0.0,0.0,1.0,0.0,0.0,0.0,0.0,0.0,0.0,0.0,0.0,0.0,0.0,0.0,0.0,0.0,161.0,93.0,107.0,161.0,18.0,7.0,12.0,54.0,15.0,0.0,0.0
29.457,52,72499.0,600.0,98.0,600.0,623.0,0.0,1.0,0.0,0.0,0.5,0.026,0.5,0.519,0.508,0.041,0.508,0.534,0.0,0.0,-1.76,-5.36,-0.04,0.0,0.0,0.0,0.0,0.0,0.0,0.0,0.0,1.0,0.0,0.0,0.0,0.0,0.0,0.0,0.0,0.0,0.0,0.0,0.0,0.0,0.0,161.0,93.0,107.0,161.0,18.0,7.0,12.0,54.0,15.0,0.0,0.0
29.52,52,72551.0,600.0,98.0,600.0,623.0,0.0,1.0,0.0,0.0,0.5,0.026,0.5,0.519,0.508,0.041,0.508,0.534,0.0,0.0,-1.76,-5.36,-0.04,0.0,0.0,0.0,0.0,0.0,0.0,0.0,0.0,1.0,0.0,0.0,0.0,0.0,0.0,0.0,0.0,0.0,0.0,0.0,0.0,0.0,0.0,161.0,93.0,107.0,161.0,18.0,7.0,12.0,54.0,15.0,0.0,1.0
29.551,52,72603.0,600.0,98.0,600.0,623.0,0.0,1.0,0.0,0.0,0.5,0.026,0.5,0.519,0.508,0.041,0.508,0.534,0.0,0.0,-1.76,-5.36,-0.04,0.0,0.0,0.0,0.0,0.0,0.0,0.0,0.0,1.0,0.0,0.0,0.0,0.0,0.0,0.0,0.0,0.0,0.0,0.0,0.0,0.0,0.0,161.0,93.0,107.0,161.0,18.0,7.0,12.0,54.0,15.0,0.0,0.0
29.628,52,72655.0,600.0,98.0,600.0,621.0,0.0,1.0,0.0,0.0,0.5,0.026,0.5,0.518,0.508,0.041,0.508,0.533,0.0,0.0,-1.76,-5.36,-0.04,0.0,0.0,0.0,0.0,0.0,0.0,0.0,0.0,1.0,0.0,0.0,0.0,0.0,0.0,0.0,0.0,0.0,0.0,0.0,0.0,0.0,0.0,161.0,93.0,107.0,161.0,18.0,7.0,12.0,54.0,15.0,0.0,0.0
29.661,52,72707.0,600.0,98.0,600.0,621.0,0.0,1.0,0.0,0.0,0.5,0.026,0.5,0.518,0.508,0.041,0.508,0.533,0.0,0.0,-1.76,-5.35,-0.04,0.0,0.0,0.0,0.0,0.0,0.0,0.0,0.0,1.0,0.0,0.0,0.0,0.0,0.0,0.0,0.0,0.0,0.0,0.0,0.0,0.0,0.0,161.0,93.0,107.0,161.0,18.0,7.0,12.0,54.0,15.0,0.0,0.0
29.726,52,72759.0,600.0,96.0,600.0,621.0,0.0,1.0,0.0,0.0,0.5,0.026,0.5,0.518,0.508,0.041,0.508,0.533,0.0,0.0,-1.76,-5.35,-0.04,0.0,0.0,0.0,0.0,0.0,0.0,0.0,0.0,1.0,0.0,0.0,0.0,0.0,0.0,0.0,0.0,0.0,0.0,0.0,0.0,0.0,0.0,161.0,93.0,107.0,161.0,18.0,7.0,12.0,54.0,15.0,0.0,0.0
29.759,52,72811.0,600.0,96.0,600.0,621.0,0.0,1.0,0.0,0.0,0.5,0.026,0.5,0.518,0.508,0.041,0.508,0.533,0.0,0.0,-1.76,-5.35,-0.04,0.0,0.0,0.0,0.0,0.0,0.0,0.0,0.0,1.0,0.0,0.0,0.0,0.0,0.0,0.0,0.0,0.0,0.0,0.0,0.0,0.0,0.0,161.0,93.0,107.0,161.0,18.0,7.0,12.0,54.0,15.0,0.0,0.0
29.824,52,72863.0,600.0,96.0,600.0,622.0,0.0,1.0,0.0,0.0,0.5,0.026,0.5,0.518,0.508,0.04,0.508,0.533,0.0,0.0,-1.76,-5.35,-0.04,0.0,0.0,0.0,0.0,0.0,0.0,0.0,0.0,1.0,0.0,0.0,0.0,0.0,0.0,0.0,0.0,0.0,0.0,0.0,0.0,0.0,0.0,161.0,93.0,107.0,161.0,18.0,7.0,12.0,54.0,15.0,0.0,1.0
29.857,52,72915.0,600.0,96.0,600.0,622.0,0.0,1.0,0.0,0.0,0.5,0.026,0.5,0.518,0.508,0.04,0.508,0.533,0.0,0.0,-1.75,-5.35,-0.04,0.0,0.0,0.0,0.0,0.0,0.0,0.0,0.0,1.0,0.0,0.0,0.0,0.0,0.0,0.0,0.0,0.0,0.0,0.0,0.0,0.0,0.0,161.0,93.0,107.0,161.0,18.0,7.0,12.0,54.0,15.0,0.0,0.0
29.922,52,72967.0,600.0,95.0,600.0,622.0,0.0,1.0,0.0,0.0,0.5,0.026,0.5,0.518,0.508,0.04,0.508,0.533,0.0,0.0,-1.75,-5.35,-0.04,0.0,0.0,0.0,0.0,0.0,0.0,0.0,0.0,1.0,0.0,0.0,0.0,0.0,0.0,0.0,0.0,0.0,0.0,0.0,0.0,0.0,0.0,161.0,93.0,107.0,161.0,18.0,7.0,12.0,54.0,15.0,0.0,0.0
29.987,52,73019.0,600.0,95.0,600.0,622.0,0.0,1.0,0.0,0.0,0.5,0.026,0.5,0.518,0.508,0.04,0.508,0.533,0.0,0.0,-1.75,-5.35,-0.04,0.0,0.0,0.0,0.0,0.0,0.0,0.0,0.0,1.0,0.0,0.0,0.0,0.0,0.0,0.0,0.0,0.0,0.0,0.0,0.0,0.0,0.0,161.0,93.0,107.0,161.0,18.0,7.0,12.0,54.0,15.0,0.0,0.0
30.023,52,73071.0,600.0,95.0,600.0,620.0,0.0,1.0,0.0,0.0,0.5,0.025,0.5,0.517,0.508,0.04,0.508,0.532,0.0,0.0,-1.75,-5.34,-0.04,0.0,0.0,0.0,0.0,0.0,0.0,0.0,0.0,1.0,0.0,0.0,0.0,0.0,0.0,0.0,0.0,0.0,0.0,0.0,0.0,0.0,0.0,161.0,93.0,107.0,161.0,18.0,7.0,12.0,54.0,15.0,0.0,0.0
30.088,52,73123.0,600.0,95.0,600.0,620.0,0.0,1.0,0.0,0.0,0.5,0.025,0.5,0.517,0.508,0.04,0.508,0.532,0.0,0.0,-1.75,-5.34,-0.04,0.0,0.0,0.0,0.0,0.0,0.0,0.0,0.0,1.0,0.0,0.0,0.0,0.0,-0.0,0.0,0.0,0.0,0.0,0.0,0.0,0.0,0.0,161.0,93.0,107.0,161.0,18.0,7.0,12.0,54.0,15.0,0.0,0.0
30.121,51,73174.0,600.0,96.0,600.0,620.0,0.0,1.0,0.0,0.0,0.5,0.025,0.5,0.517,0.508,0.04,0.508,0.532,0.0,0.0,-1.75,-5.35,-0.04,0.0,0.0,0.0,0.0,0.0,0.0,0.0,0.0,1.0,0.0,0.0,0.0,0.0,0.0,0.0,0.0,0.0,0.0,0.0,0.0,0.0,0.0,161.0,93.0,107.0,161.0,18.0,7.0,12.0,54.0,15.0,0.0,1.0
30.186,53,73227.0,600.0,96.0,600.0,620.0,0.0,1.0,0.0,0.0,0.5,0.025,0.5,0.517,0.508,0.04,0.508,0.532,0.0,0.0,-1.75,-5.35,-0.04,0.0,0.0,0.0,0.0,0.0,0.0,0.0,0.0,1.0,0.0,0.0,0.0,0.0,0.0,0.0,0.0,0.0,0.0,0.0,0.0,0.0,0.0,161.0,93.0,107.0,161.0,18.0,7.0,12.0,54.0,15.0,0.0,0.0
30.22,52,73279.0,600.0,96.0,600.0,622.0,0.0,1.0,0.0,0.0,0.5,0.025,0.5,0.518,0.508,0.04,0.508,0.532,0.0,0.0,-1.75,-5.35,-0.04,0.0,0.0,0.0,0.0,0.0,0.0,0.0,0.0,1.0,0.0,0.0,0.0,0.0,0.0,0.0,0.0,0.0,0.0,0.0,0.0,0.0,0.0,161.0,93.0,107.0,161.0,18.0,7.0,12.0,54.0,15.0,0.0,0.0
30.286,52,73331.0,600.0,96.0,600.0,622.0,0.0,1.0,0.0,0.0,0.5,0.025,0.5,0.518,0.508,0.04,0.508,0.532,0.0,0.0,-1.75,-5.35,-0.04,0.0,0.0,0.0,0.0,0.0,0.0,0.0,0.0,1.0,0.0,0.0,0.0,0.0,0.0,0.0,0.0,0.0,0.0,0.0,0.0,0.0,0.0,161.0,93.0,107.0,161.0,18.0,7.0,12.0,54.0,15.0,0.0,0.0
30.351,51,73382.0,600.0,96.0,600.0,622.0,0.0,1.0,0.0,0.0,0.5,0.025,0.5,0.518,0.508,0.04,0.508,0.532,0.0,0.0,-1.75,-5.35,-0.04,0.0,0.0,0.0,0.0,0.0,0.0,0.0,0.0,1.0,0.0,0.0,0.0,0.0,0.0,0.0,0.0,0.0,0.0,0.0,0.0,0.0,0.0,161.0,93.0,107.0,161.0,18.0,7.0,12.0,54.0,15.0,0.0,0.0
30.384,53,73435.0,600.0,96.0,600.0,622.0,0.0,1.0,0.0,0.0,0.5,0.025,0.5,0.518,0.508,0.04,0.508,0.532,0.0,0.0,-1.75,-5.35,-0.04,0.0,0.0,0.0,0.0,0.0,0.0,0.0,0.0,1.0,0.0,0.0,0.0,0.0,0.0,0.0,0.0,0.0,0.0,0.0,0.0,0.0,0.0,161.0,93.0,107.0,161.0,18.0,7.0,12.0,54.0,15.0,0.0,0.0
30.45,52,73487.0,600.0,96.0,600.0,623.0,0.0,1.0,0.0,0.0,0.5,0.025,0.5,0.518,0.508,0.04,0.508,0.533,0.0,0.0,-1.75,-5.35,-0.04,0.0,0.0,0.0,0.0,0.0,0.0,0.0,0.0,1.0,0.0,0.0,0.0,0.0,0.0,0.0,0.0,0.0,0.0,0.0,0.0,0.0,0.0,161.0,93.0,107.0,161.0,18.0,7.0,12.0,54.0,15.0,0.0,0.0
30.482,52,73539.0,600.0,96.0,600.0,623.0,0.0,1.0,0.0,0.0,0.5,0.025,0.5,0.518,0.508,0.04,0.508,0.533,0.0,0.0,-1.75,-5.35,-0.04,0.0,0.0,0.0,0.0,0.0,0.0,0.0,0.0,1.0,0.0,0.0,0.0,0.0,-0.0,0.0,0.0,0.0,0.0,0.0,0.0,0.0,0.0,161.0,93.0,107.0,161.0,18.0,7.0,12.0,54.0,15.0,0.0,0.0
30.547,53,73592.0,600.0,96.0,600.0,623.0,0.0,1.0,0.0,0.0,0.5,0.025,0.5,0.518,0.508,0.04,0.508,0.533,0.0,0.0,-1.75,-5.34,-0.04,0.0,0.0,0.0,0.0,0.0,0.0,0.0,0.0,1.0,0.0,0.0,0.0,0.0,0.0,0.0,0.0,0.0,0.0,0.0,0.0,0.0,0.0,161.0,93.0,107.0,161.0,18.0,7.0,12.0,54.0,15.0,0.0,0.0
30.618,52,73644.0,600.0,96.0,600.0,623.0,0.0,1.0,0.0,0.0,0.5,0.025,0.5,0.518,0.508,0.04,0.508,0.533,0.0,0.0,-1.75,-5.34,-0.04,0.0,0.0,0.0,0.0,0.0,0.0,0.0,0.0,1.0,0.0,0.0,0.0,0.0,0.0,0.0,0.0,0.0,0.0,0.0,0.0,0.0,0.0,161.0,93.0,107.0,161.0,18.0,7.0,12.0,54.0,15.0,0.0,0.0
30.651,52,73696.0,600.0,96.0,600.0,625.0,0.0,1.0,0.0,0.0,0.5,0.025,0.5,0.52,0.508,0.04,0.508,0.534,0.0,0.0,-1.75,-5.34,-0.04,0.0,0.0,0.0,0.0,0.0,0.0,0.0,0.0,1.0,0.0,0.0,0.0,0.0,0.0,0.0,0.0,0.0,0.0,0.0,0.0,0.0,0.0,161.0,93.0,107.0,161.0,18.0,7.0,12.0,54.0,15.0,0.0,0.0
30.715,52,73748.0,600.0,96.0,600.0,625.0,0.0,1.0,0.0,0.0,0.5,0.025,0.5,0.52,0.508,0.04,0.508,0.534,0.0,0.0,-1.75,-5.34,-0.04,0.0,0.0,0.0,0.0,0.0,0.0,0.0,0.0,1.0,0.0,0.0,0.0,0.0,0.0,0.0,0.0,0.0,0.0,0.0,0.0,0.0,0.0,161.0,93.0,107.0,161.0,18.0,7.0,12.0,54.0,15.0,0.0,0.0
30.748,52,73800.0,600.0,97.0,600.0,625.0,0.0,1.0,0.0,0.0,0.5,0.025,0.5,0.52,0.508,0.04,0.508,0.534,0.0,0.0,-1.75,-5.34,-0.04,0.0,0.0,0.0,0.0,0.0,0.0,0.0,0.0,1.0,0.0,0.0,0.0,0.0,0.0,0.0,0.0,0.0,0.0,0.0,0.0,0.0,0.0,161.0,93.0,107.0,161.0,18.0,7.0,12.0,54.0,15.0,0.0,0.0
30.815,52,73852.0,600.0,97.0,600.0,625.0,0.0,1.0,0.0,0.0,0.5,0.025,0.5,0.52,0.508,0.04,0.508,0.534,0.0,0.0,-1.75,-5.34,-0.04,0.0,0.0,0.0,0.0,0.0,0.0,0.0,0.0,1.0,0.0,0.0,0.0,0.0,-0.0,0.0,0.0,0.0,0.0,0.0,0.0,0.0,0.0,161.0,93.0,107.0,161.0,18.0,7.0,12.0,54.0,15.0,0.0,0.0
30.848,52,73904.0,600.0,97.0,600.0,625.0,0.0,1.0,0.0,0.0,0.5,0.025,0.5,0.52,0.508,0.04,0.508,0.534,0.0,0.0,-1.75,-5.34,-0.04,0.0,0.0,0.0,0.0,0.0,0.0,0.0,0.0,1.0,0.0,0.0,0.0,0.0,0.0,0.0,0.0,0.0,0.0,0.0,0.0,0.0,0.0,161.0,93.0,107.0,161.0,18.0,7.0,12.0,54.0,15.0,0.0,1.0
30.913,52,73956.0,600.0,97.0,600.0,625.0,0.0,1.0,0.0,0.0,0.5,0.025,0.5,0.52,0.508,0.04,0.508,0.534,0.0,0.0,-1.75,-5.34,-0.04,0.0,0.0,0.0,0.0,0.0,0.0,0.0,0.0,1.0,0.0,0.0,0.0,0.0,0.0,0.0,0.0,0.0,0.0,0.0,0.0,0.0,0.0,161.0,93.0,107.0,161.0,18.0,7.0,12.0,54.0,15.0,0.0,0.0
30.979,51,74007.0,600.0,97.0,600.0,625.0,0.0,1.0,0.0,0.0,0.5,0.025,0.5,0.52,0.508,0.04,0.508,0.534,0.0,0.0,-1.75,-5.34,-0.04,0.0,0.0,0.0,0.0,0.0,0.0,0.0,0.0,1.0,0.0,0.0,0.0,0.0,0.0,0.0,0.0,0.0,0.0,0.0,0.0,0.0,0.0,161.0,93.0,107.0,161.0,18.0,7.0,12.0,54.0,15.0,0.0,0.0
31.017,53,74060.0,600.0,97.0,600.0,625.0,0.0,1.0,0.0,0.0,0.5,0.025,0.5,0.52,0.508,0.04,0.508,0.534,0.0,0.0,-1.75,-5.33,-0.04,0.0,0.0,0.0,0.0,0.0,0.0,0.0,0.0,1.0,0.0,0.0,0.0,0.0,0.0,0.0,0.0,0.0,0.0,0.0,0.0,0.0,0.0,161.0,93.0,107.0,161.0,18.0,7.0,12.0,54.0,15.0,0.0,0.0
31.082,52,74112.0,600.0,97.0,600.0,624.0,0.0,1.0,0.0,0.0,0.5,0.025,0.5,0.52,0.508,0.04,0.508,0.534,0.0,0.0,-1.76,-5.33,-0.04,0.0,0.0,0.0,0.0,0.0,0.0,0.0,0.0,1.0,0.0,0.0,0.0,0.0,0.0,0.0,0.0,0.0,0.0,0.0,0.0,0.0,0.0,161.0,93.0,107.0,161.0,18.0,7.0,12.0,54.0,15.0,0.0,0.0
31.115,52,74164.0,600.0,97.0,600.0,624.0,0.0,1.0,0.0,0.0,0.5,0.025,0.5,0.52,0.508,0.04,0.508,0.534,0.0,0.0,-1.76,-5.33,-0.04,0.0,0.0,0.0,0.0,0.0,0.0,0.0,0.0,1.0,0.0,0.0,0.0,0.0,0.0,0.0,0.0,0.0,0.0,0.0,0.0,0.0,0.0,161.0,93.0,107.0,161.0,18.0,7.0,12.0,54.0,15.0,0.0,0.0
31.179,52,74216.0,600.0,97.0,600.0,624.0,0.0,1.0,0.0,0.0,0.5,0.025,0.5,0.52,0.508,0.04,0.508,0.534,0.0,0.0,-1.76,-5.33,-0.04,0.0,0.0,0.0,0.0,0.0,0.0,0.0,0.0,1.0,0.0,0.0,0.0,0.0,0.0,0.0,0.0,0.0,0.0,0.0,0.0,0.0,0.0,161.0,93.0,107.0,161.0,18.0,7.0,12.0,54.0,15.0,0.0,1.0
31.212,52,74268.0,600.0,97.0,600.0,624.0,0.0,1.0,0.0,0.0,0.5,0.025,0.5,0.52,0.508,0.04,0.508,0.534,0.0,0.0,-1.76,-5.33,-0.04,0.0,0.0,0.0,0.0,0.0,0.0,0.0,0.0,1.0,0.0,0.0,0.0,0.0,0.0,0.0,0.0,0.0,0.0,0.0,0.0,0.0,0.0,161.0,93.0,107.0,161.0,18.0,7.0,12.0,54.0,15.0,0.0,0.0
31.275,52,74320.0,600.0,97.0,600.0,626.0,0.0,1.0,0.0,0.0,0.5,0.025,0.5,0.52,0.508,0.04,0.508,0.535,0.0,0.0,-1.76,-5.33,-0.04,0.0,0.0,0.0,0.0,0.0,0.0,0.0,0.0,1.0,0.0,0.0,0.0,0.0,0.0,0.0,0.0,0.0,0.0,0.0,0.0,0.0,0.0,161.0,93.0,107.0,161.0,18.0,7.0,12.0,54.0,15.0,0.0,0.0
31.339,52,74372.0,600.0,97.0,600.0,626.0,0.0,1.0,0.0,0.0,0.5,0.025,0.5,0.52,0.508,0.04,0.508,0.535,0.0,0.0,-1.76,-5.32,-0.04,0.0,0.0,0.0,0.0,0.0,0.0,0.0,0.0,1.0,0.0,0.0,0.0,0.0,-0.0,0.0,0.0,0.0,0.0,0.0,0.0,0.0,0.0,161.0,93.0,107.0,161.0,18.0,7.0,12.0,54.0,15.0,0.0,0.0
31.37,51,74423.0,600.0,97.0,600.0,626.0,0.0,1.0,0.0,0.0,0.5,0.025,0.5,0.52,0.508,0.04,0.508,0.535,0.0,0.0,-1.76,-5.33,-0.04,0.0,0.0,0.0,0.0,0.0,0.0,0.0,0.0,1.0,0.0,0.0,0.0,0.0,0.0,0.0,0.0,0.0,0.0,0.0,0.0,0.0,0.0,161.0,93.0,107.0,161.0,18.0,7.0,12.0,54.0,15.0,0.0,1.0
31.436,53,74476.0,600.0,97.0,600.0,626.0,0.0,1.0,0.0,0.0,0.5,0.025,0.5,0.52,0.508,0.04,0.508,0.535,0.0,0.0,-1.76,-5.33,-0.04,0.0,0.0,0.0,0.0,0.0,0.0,0.0,0.0,1.0,0.0,0.0,0.0,0.0,-0.0,0.0,0.0,0.0,0.0,0.0,0.0,0.0,0.0,161.0,93.0,107.0,161.0,18.0,7.0,12.0,54.0,15.0,0.0,0.0
31.486,52,74528.0,600.0,97.0,600.0,625.0,0.0,1.0,0.0,0.0,0.5,0.025,0.5,0.52,0.508,0.04,0.508,0.535,0.0,0.0,-1.77,-5.33,-0.04,0.0,0.0,0.0,0.0,0.0,0.0,0.0,0.0,1.0,0.0,0.0,0.0,0.0,-0.0,0.0,0.0,0.0,0.0,0.0,0.0,0.0,0.0,161.0,93.0,107.0,161.0,18.0,7.0,12.0,54.0,15.0,0.0,0.0
31.52,52,74580.0,600.0,97.0,600.0,625.0,0.0,1.0,0.0,0.0,0.5,0.025,0.5,0.52,0.508,0.04,0.508,0.535,0.0,0.0,-1.77,-5.33,-0.04,0.0,0.0,0.0,0.0,0.0,0.0,0.0,0.0,1.0,0.0,0.0,0.0,0.0,0.0,0.0,0.0,0.0,0.0,0.0,0.0,0.0,0.0,161.0,93.0,107.0,161.0,18.0,7.0,12.0,54.0,15.0,0.0,0.0
31.586,52,74632.0,600.0,97.0,600.0,625.0,0.0,1.0,0.0,0.0,0.5,0.025,0.5,0.52,0.508,0.04,0.508,0.535,0.0,0.0,-1.77,-5.34,-0.04,0.0,0.0,0.0,0.0,0.0,0.0,0.0,0.0,1.0,0.0,0.0,0.0,0.0,0.0,0.0,0.0,0.0,0.0,0.0,0.0,0.0,0.0,161.0,93.0,107.0,161.0,18.0,7.0,12.0,54.0,15.0,0.0,0.0
31.625,52,74684.0,600.0,97.0,600.0,625.0,0.0,1.0,0.0,0.0,0.5,0.025,0.5,0.52,0.508,0.04,0.508,0.535,0.0,0.0,-1.77,-5.34,-0.04,0.0,0.0,0.0,0.0,0.0,0.0,0.0,0.0,1.0,0.0,0.0,0.0,0.0,0.0,0.0,0.0,0.0,0.0,0.0,0.0,0.0,0.0,161.0,93.0,107.0,161.0,18.0,7.0,12.0,54.0,15.0,0.0,0.0
31.691,52,74736.0,600.0,97.0,600.0,622.0,0.0,1.0,0.0,0.0,0.5,0.025,0.5,0.519,0.508,0.04,0.508,0.534,0.0,0.0,-1.77,-5.34,-0.04,0.0,0.0,0.0,0.0,0.0,0.0,0.0,0.0,1.0,0.0,0.0,0.0,0.0,0.0,0.0,0.0,0.0,0.0,0.0,0.0,0.0,0.0,161.0,93.0,107.0,161.0,18.0,7.0,12.0,54.0,15.0,0.0,1.0
31.757,52,74788.0,600.0,97.0,600.0,622.0,0.0,1.0,0.0,0.0,0.5,0.025,0.5,0.519,0.508,0.04,0.508,0.534,0.0,0.0,-1.78,-5.34,-0.04,0.0,0.0,0.0,0.0,0.0,0.0,0.0,0.0,1.0,0.0,0.0,0.0,0.0,0.0,0.0,0.0,0.0,0.0,0.0,0.0,0.0,0.0,161.0,93.0,107.0,161.0,18.0,7.0,12.0,54.0,15.0,0.0,0.0
31.79,52,74840.0,600.0,98.0,600.0,622.0,0.0,1.0,0.0,0.0,0.5,0.025,0.5,0.519,0.508,0.04,0.508,0.534,0.0,0.0,-1.78,-5.34,-0.04,0.0,0.0,0.0,0.0,0.0,0.0,0.0,0.0,1.0,0.0,0.0,0.0,0.0,0.0,0.0,0.0,0.0,0.0,0.0,0.0,0.0,0.0,161.0,93.0,107.0,161.0,18.0,7.0,12.0,54.0,15.0,0.0,0.0
31.855,52,74892.0,600.0,98.0,600.0,622.0,0.0,1.0,0.0,0.0,0.5,0.025,0.5,0.519,0.508,0.04,0.508,0.534,0.0,0.0,-1.78,-5.34,-0.04,0.0,0.0,0.0,0.0,0.0,0.0,0.0,0.0,1.0,0.0,0.0,0.0,0.0,-0.0,0.0,0.0,0.0,0.0,0.0,0.0,0.0,0.0,161.0,93.0,107.0,161.0,18.0,7.0,12.0,54.0,15.0,0.0,0.0
31.888,52,74944.0,600.0,98.0,600.0,624.0,0.0,1.0,0.0,0.0,0.5,0.026,0.5,0.519,0.508,0.04,0.508,0.534,0.0,0.0,-1.77,-5.34,-0.04,0.0,0.0,0.0,0.0,0.0,0.0,0.0,0.0,1.0,0.0,0.0,0.0,0.0,-0.0,0.0,0.0,0.0,0.0,0.0,0.0,0.0,0.0,161.0,93.0,107.0,161.0,18.0,7.0,12.0,54.0,15.0,0.0,0.0
31.95,52,74996.0,600.0,98.0,600.0,624.0,0.0,1.0,0.0,0.0,0.5,0.026,0.5,0.519,0.508,0.04,0.508,0.534,0.0,0.0,-1.77,-5.34,-0.04,0.0,0.0,0.0,0.0,0.0,0.0,0.0,0.0,1.0,0.0,0.0,0.0,0.0,0.0,0.0,0.0,0.0,0.0,0.0,0.0,0.0,0.0,161.0,93.0,107.0,161.0,18.0,7.0,12.0,54.0,15.0,0.0,1.0
32.016,52,75048.0,600.0,99.0,600.0,624.0,0.0,1.0,0.0,0.0,0.5,0.026,0.5,0.519,0.508,0.04,0.508,0.534,0.0,0.0,-1.77,-5.34,-0.04,0.0,0.0,0.0,0.0,0.0,0.0,0.0,0.0,1.0,0.0,0.0,0.0,0.0,0.0,0.0,0.0,0.0,0.0,0.0,0.0,0.0,0.0,161.0,93.0,107.0,161.0,18.0,7.0,12.0,54.0,15.0,0.0,0.0
32.049,52,75100.0,600.0,99.0,600.0,624.0,0.0,1.0,0.0,0.0,0.5,0.026,0.5,0.519,0.508,0.04,0.508,0.534,0.0,0.0,-1.77,-5.34,-0.04,0.0,0.0,0.0,0.0,0.0,0.0,0.0,0.0,1.0,0.0,0.0,0.0,0.0,0.0,0.0,0.0,0.0,0.0,0.0,0.0,0.0,0.0,161.0,93.0,107.0,161.0,18.0,7.0,12.0,54.0,15.0,0.0,0.0
32.114,52,75152.0,600.0,99.0,600.0,624.0,0.0,1.0,0.0,0.0,0.5,0.026,0.5,0.52,0.508,0.041,0.508,0.534,0.0,0.0,-1.78,-5.34,-0.03,0.0,0.0,0.0,0.0,0.0,0.0,0.0,0.0,1.0,0.0,0.0,0.0,0.0,0.0,0.0,0.0,0.0,0.0,0.0,0.0,0.0,0.0,161.0,93.0,107.0,161.0,18.0,7.0,12.0,54.0,15.0,0.0,0.0
32.147,52,75204.0,600.0,99.0,600.0,624.0,0.0,1.0,0.0,0.0,0.5,0.026,0.5,0.52,0.508,0.041,0.508,0.534,0.0,0.0,-1.78,-5.34,-0.03,0.0,0.0,0.0,0.0,0.0,0.0,0.0,0.0,1.0,0.0,0.0,0.0,0.0,0.0,0.0,0.0,0.0,0.0,0.0,0.0,0.0,0.0,161.0,93.0,107.0,161.0,18.0,7.0,12.0,54.0,15.0,0.0,0.0
32.218,52,75256.0,600.0,98.0,600.0,624.0,0.0,1.0,0.0,0.0,0.5,0.026,0.5,0.52,0.508,0.041,0.508,0.534,0.0,0.0,-1.78,-5.34,-0.03,0.0,0.0,0.0,0.0,0.0,0.0,0.0,0.0,1.0,0.0,0.0,0.0,0.0,-0.0,0.0,0.0,0.0,0.0,0.0,0.0,0.0,0.0,161.0,93.0,107.0,161.0,18.0,7.0,12.0,54.0,15.0,0.0,1.0
32.251,52,75308.0,600.0,98.0,600.0,624.0,0.0,1.0,0.0,0.0,0.5,0.026,0.5,0.52,0.508,0.041,0.508,0.534,0.0,0.0,-1.78,-5.34,-0.03,0.0,0.0,0.0,0.0,0.0,0.0,0.0,0.0,1.0,0.0,0.0,0.0,0.0,-0.0,0.0,0.0,0.0,0.0,0.0,0.0,0.0,0.0,161.0,93.0,107.0,161.0,18.0,7.0,12.0,54.0,15.0,0.0,0.0
32.317,52,75360.0,600.0,98.0,600.0,621.0,0.0,1.0,0.0,0.0,0.5,0.026,0.5,0.518,0.508,0.041,0.508,0.533,0.0,0.0,-1.77,-5.35,-0.04,0.0,0.0,0.0,0.0,0.0,0.0,0.0,0.0,1.0,0.0,0.0,0.0,0.0,0.0,0.0,0.0,0.0,0.0,0.0,0.0,0.0,0.0,161.0,93.0,107.0,161.0,18.0,7.0,12.0,54.0,15.0,0.0,0.0
32.384,52,75412.0,600.0,98.0,600.0,621.0,0.0,1.0,0.0,0.0,0.5,0.026,0.5,0.518,0.508,0.041,0.508,0.533,0.0,0.0,-1.77,-5.35,-0.04,0.0,0.0,0.0,0.0,0.0,0.0,0.0,0.0,1.0,0.0,0.0,0.0,0.0,0.0,0.0,0.0,0.0,0.0,0.0,0.0,0.0,0.0,161.0,93.0,107.0,161.0,18.0,7.0,12.0,54.0,15.0,0.0,0.0
32.418,51,75463.0,600.0,98.0,600.0,621.0,0.0,1.0,0.0,0.0,0.5,0.026,0.5,0.518,0.508,0.041,0.508,0.533,0.0,0.0,-1.77,-5.35,-0.04,0.0,0.0,0.0,0.0,0.0,0.0,0.0,0.0,1.0,0.0,0.0,0.0,0.0,0.0,0.0,0.0,0.0,0.0,0.0,0.0,0.0,0.0,161.0,93.0,107.0,161.0,18.0,7.0,12.0,54.0,15.0,0.0,0.0
32.483,53,75516.0,600.0,98.0,600.0,621.0,0.0,1.0,0.0,0.0,0.5,0.026,0.5,0.518,0.508,0.041,0.508,0.533,0.0,0.0,-1.77,-5.35,-0.04,0.0,0.0,0.0,0.0,0.0,0.0,0.0,0.0,1.0,0.0,0.0,0.0,0.0,0.0,0.0,0.0,0.0,0.0,0.0,0.0,0.0,0.0,161.0,93.0,107.0,161.0,18.0,7.0,12.0,54.0,15.0,0.0,0.0
32.514,54,75570.0,600.0,98.0,600.0,622.0,0.0,1.0,0.0,0.0,0.5,0.026,0.5,0.518,0.508,0.041,0.508,0.533,0.0,0.0,-1.76,-5.35,-0.04,0.0,0.0,0.0,0.0,0.0,0.0,0.0,0.0,1.0,0.0,0.0,0.0,0.0,-0.0,0.0,0.0,0.0,0.0,0.0,0.0,0.0,0.0,161.0,93.0,107.0,161.0,18.0,7.0,12.0,54.0,15.0,0.0,0.0
32.577,52,75622.0,600.0,98.0,600.0,622.0,0.0,1.0,0.0,0.0,0.5,0.026,0.5,0.518,0.508,0.041,0.508,0.533,0.0,0.0,-1.76,-5.35,-0.04,0.0,0.0,0.0,0.0,0.0,0.0,0.0,0.0,1.0,0.0,0.0,0.0,0.0,0.0,0.0,0.0,0.0,0.0,0.0,0.0,0.0,0.0,161.0,93.0,107.0,161.0,18.0,7.0,12.0,54.0,15.0,0.0,1.0
32.618,53,75675.0,600.0,98.0,600.0,622.0,0.0,1.0,0.0,0.0,0.5,0.026,0.5,0.518,0.508,0.041,0.508,0.533,0.0,0.0,-1.76,-5.35,-0.04,0.0,0.0,0.0,0.0,0.0,0.0,0.0,0.0,1.0,0.0,0.0,0.0,0.0,-0.0,0.0,0.0,0.0,0.0,0.0,0.0,0.0,0.0,161.0,93.0,107.0,161.0,18.0,7.0,12.0,54.0,15.0,0.0,0.0
32.683,52,75727.0,600.0,98.0,600.0,622.0,0.0,1.0,0.0,0.0,0.5,0.026,0.5,0.518,0.508,0.041,0.508,0.533,0.0,0.0,-1.76,-5.35,-0.04,0.0,0.0,0.0,0.0,0.0,0.0,0.0,0.0,1.0,0.0,0.0,0.0,0.0,0.0,0.0,0.0,0.0,0.0,0.0,0.0,0.0,0.0,161.0,93.0,107.0,161.0,18.0,7.0,12.0,54.0,15.0,0.0,1.0
32.747,52,75779.0,600.0,98.0,600.0,622.0,0.0,1.0,0.0,0.0,0.5,0.026,0.5,0.518,0.508,0.041,0.508,0.533,0.0,0.0,-1.76,-5.35,-0.04,0.0,0.0,0.0,0.0,0.0,0.0,0.0,0.0,1.0,0.0,0.0,0.0,0.0,0.0,0.0,0.0,0.0,0.0,0.0,0.0,0.0,0.0,161.0,93.0,107.0,161.0,18.0,7.0,12.0,54.0,15.0,0.0,0.0
32.779,52,75831.0,600.0,98.0,600.0,622.0,0.0,1.0,0.0,0.0,0.5,0.026,0.5,0.518,0.508,0.041,0.508,0.533,0.0,0.0,-1.76,-5.35,-0.04,0.0,0.0,0.0,0.0,0.0,0.0,0.0,0.0,1.0,0.0,0.0,0.0,0.0,0.0,0.0,0.0,0.0,0.0,0.0,0.0,0.0,0.0,161.0,93.0,107.0,161.0,18.0,7.0,12.0,54.0,15.0,0.0,1.0
32.853,52,75883.0,600.0,98.0,600.0,622.0,0.0,1.0,0.0,0.0,0.5,0.026,0.5,0.518,0.508,0.041,0.508,0.533,0.0,0.0,-1.77,-5.35,-0.04,0.0,0.0,0.0,0.0,0.0,0.0,0.0,0.0,1.0,0.0,0.0,0.0,0.0,0.0,0.0,0.0,0.0,0.0,0.0,0.0,0.0,0.0,161.0,93.0,107.0,161.0,18.0,7.0,12.0,54.0,15.0,0.0,0.0
32.887,52,75935.0,600.0,98.0,600.0,622.0,0.0,1.0,0.0,0.0,0.5,0.026,0.5,0.518,0.508,0.041,0.508,0.533,0.0,0.0,-1.77,-5.35,-0.04,0.0,0.0,0.0,0.0,0.0,0.0,0.0,0.0,1.0,0.0,0.0,0.0,0.0,0.0,0.0,0.0,0.0,0.0,0.0,0.0,0.0,0.0,161.0,93.0,107.0,161.0,18.0,7.0,12.0,54.0,15.0,0.0,0.0
32.95,52,75987.0,600.0,98.0,600.0,620.0,0.0,1.0,0.0,0.0,0.5,0.026,0.5,0.517,0.508,0.041,0.508,0.532,0.0,0.0,-1.77,-5.35,-0.04,0.0,0.0,0.0,0.0,0.0,0.0,0.0,0.0,1.0,0.0,0.0,0.0,0.0,0.0,0.0,0.0,0.0,0.0,0.0,0.0,0.0,0.0,161.0,93.0,107.0,161.0,18.0,7.0,12.0,54.0,15.0,0.0,1.0
32.981,52,76039.0,600.0,98.0,600.0,620.0,0.0,1.0,0.0,0.0,0.5,0.026,0.5,0.517,0.508,0.041,0.508,0.532,0.0,0.0,-1.77,-5.35,-0.04,0.0,0.0,0.0,0.0,0.0,0.0,0.0,0.0,1.0,0.0,0.0,0.0,0.0,0.0,0.0,0.0,0.0,0.0,0.0,0.0,0.0,0.0,161.0,93.0,107.0,161.0,18.0,7.0,12.0,54.0,15.0,0.0,0.0
33.047,53,76092.0,600.0,97.0,600.0,620.0,0.0,1.0,0.0,0.0,0.5,0.026,0.5,0.517,0.508,0.041,0.508,0.532,0.0,0.0,-1.77,-5.35,-0.04,0.0,0.0,0.0,0.0,0.0,0.0,0.0,0.0,1.0,0.0,0.0,0.0,0.0,0.0,0.0,0.0,0.0,0.0,0.0,0.0,0.0,0.0,161.0,93.0,107.0,161.0,18.0,7.0,12.0,54.0,15.0,0.0,0.0
33.112,52,76144.0,600.0,97.0,600.0,620.0,0.0,1.0,0.0,0.0,0.5,0.026,0.5,0.517,0.508,0.041,0.508,0.532,0.0,0.0,-1.78,-5.35,-0.03,0.0,0.0,0.0,0.0,0.0,0.0,0.0,0.0,1.0,0.0,0.0,0.0,0.0,-0.0,0.0,0.0,0.0,0.0,0.0,0.0,0.0,0.0,161.0,93.0,107.0,161.0,18.0,7.0,12.0,54.0,15.0,0.0,0.0
33.143,52,76196.0,600.0,97.0,600.0,619.0,0.0,1.0,0.0,0.0,0.5,0.026,0.5,0.516,0.508,0.04,0.508,0.531,0.0,0.0,-1.78,-5.35,-0.03,0.0,0.0,0.0,0.0,0.0,0.0,0.0,0.0,1.0,0.0,0.0,0.0,0.0,0.0,0.0,0.0,0.0,0.0,0.0,0.0,0.0,0.0,161.0,93.0,107.0,161.0,18.0,7.0,12.0,54.0,15.0,0.0,0.0
33.208,52,76248.0,600.0,97.0,600.0,619.0,0.0,1.0,0.0,0.0,0.5,0.026,0.5,0.516,0.508,0.04,0.508,0.531,0.0,0.0,-1.78,-5.35,-0.03,0.0,0.0,0.0,0.0,0.0,0.0,0.0,0.0,1.0,0.0,0.0,0.0,0.0,0.0,0.0,0.0,0.0,0.0,0.0,0.0,0.0,0.0,161.0,93.0,107.0,161.0,18.0,7.0,12.0,54.0,15.0,0.0,0.0
33.241,52,76300.0,600.0,97.0,600.0,619.0,0.0,1.0,0.0,0.0,0.5,0.026,0.5,0.516,0.508,0.04,0.508,0.531,0.0,0.0,-1.78,-5.34,-0.03,0.0,0.0,0.0,0.0,0.0,0.0,0.0,0.0,1.0,0.0,0.0,0.0,0.0,-0.0,0.0,0.0,0.0,0.0,0.0,0.0,0.0,0.0,161.0,93.0,107.0,161.0,18.0,7.0,12.0,54.0,15.0,0.0,0.0
33.307,51,76351.0,600.0,97.0,600.0,619.0,0.0,1.0,0.0,0.0,0.5,0.026,0.5,0.516,0.508,0.04,0.508,0.531,0.0,0.0,-1.78,-5.34,-0.03,0.0,0.0,0.0,0.0,0.0,0.0,0.0,0.0,1.0,0.0,0.0,0.0,0.0,0.0,0.0,0.0,0.0,0.0,0.0,0.0,0.0,0.0,161.0,93.0,107.0,161.0,18.0,7.0,12.0,54.0,15.0,0.0,0.0
33.374,52,76403.0,600.0,97.0,600.0,620.0,0.0,1.0,0.0,0.0,0.5,0.026,0.5,0.517,0.508,0.04,0.508,0.531,0.0,0.0,-1.78,-5.34,-0.03,0.0,0.0,0.0,0.0,0.0,0.0,0.0,0.0,1.0,0.0,0.0,0.0,0.0,-0.0,0.0,0.0,0.0,0.0,0.0,0.0,0.0,0.0,161.0,93.0,107.0,161.0,18.0,7.0,12.0,54.0,15.0,0.0,0.0
33.407,52,76455.0,600.0,97.0,600.0,620.0,0.0,1.0,0.0,0.0,0.5,0.026,0.5,0.517,0.508,0.04,0.508,0.531,0.0,0.0,-1.78,-5.34,-0.03,0.0,0.0,0.0,0.0,0.0,0.0,0.0,0.0,1.0,0.0,0.0,0.0,0.0,0.0,0.0,0.0,0.0,0.0,0.0,0.0,0.0,0.0,161.0,93.0,107.0,161.0,18.0,7.0,12.0,54.0,15.0,0.0,0.0
33.473,53,76508.0,600.0,97.0,600.0,620.0,0.0,1.0,0.0,0.0,0.5,0.026,0.5,0.517,0.508,0.04,0.508,0.531,0.0,0.0,-1.78,-5.34,-0.03,0.0,0.0,0.0,0.0,0.0,0.0,0.0,0.0,1.0,0.0,0.0,0.0,0.0,0.0,0.0,0.0,0.0,0.0,0.0,0.0,0.0,0.0,161.0,93.0,107.0,161.0,18.0,7.0,12.0,54.0,15.0,0.0,0.0
33.505,52,76560.0,600.0,97.0,600.0,620.0,0.0,1.0,0.0,0.0,0.5,0.026,0.5,0.517,0.508,0.04,0.508,0.531,0.0,0.0,-1.78,-5.34,-0.03,0.0,0.0,0.0,0.0,0.0,0.0,0.0,0.0,1.0,0.0,0.0,0.0,0.0,0.0,0.0,0.0,0.0,0.0,0.0,0.0,0.0,0.0,161.0,93.0,107.0,161.0,18.0,7.0,12.0,54.0,15.0,0.0,0.0
33.571,53,76613.0,600.0,97.0,600.0,619.0,0.0,1.0,0.0,0.0,0.5,0.025,0.5,0.516,0.508,0.04,0.508,0.531,0.0,0.0,-1.78,-5.34,-0.04,0.0,0.0,0.0,0.0,0.0,0.0,0.0,0.0,1.0,0.0,0.0,0.0,0.0,-0.0,0.0,0.0,0.0,0.0,0.0,0.0,0.0,0.0,161.0,93.0,107.0,161.0,18.0,7.0,12.0,54.0,15.0,0.0,0.0
33.637,52,76665.0,600.0,97.0,600.0,619.0,0.0,1.0,0.0,0.0,0.5,0.025,0.5,0.516,0.508,0.04,0.508,0.531,0.0,0.0,-1.78,-5.34,-0.04,0.0,0.0,0.0,0.0,0.0,0.0,0.0,0.0,1.0,0.0,0.0,0.0,0.0,0.0,0.0,0.0,0.0,0.0,0.0,0.0,0.0,0.0,161.0,93.0,107.0,161.0,18.0,7.0,12.0,54.0,15.0,0.0,0.0
33.67,52,76717.0,600.0,96.0,600.0,619.0,0.0,1.0,0.0,0.0,0.5,0.025,0.5,0.516,0.508,0.04,0.508,0.531,0.0,0.0,-1.78,-5.34,-0.04,0.0,0.0,0.0,0.0,0.0,0.0,0.0,0.0,1.0,0.0,0.0,0.0,0.0,-0.0,0.0,0.0,0.0,0.0,0.0,0.0,0.0,0.0,161.0,93.0,107.0,161.0,18.0,7.0,12.0,54.0,15.0,0.0,0.0
33.735,52,76769.0,600.0,96.0,600.0,619.0,0.0,1.0,0.0,0.0,0.5,0.025,0.5,0.516,0.508,0.04,0.508,0.531,0.0,0.0,-1.78,-5.34,-0.04,0.0,0.0,0.0,0.0,0.0,0.0,0.0,0.0,1.0,0.0,0.0,0.0,0.0,-0.0,0.0,0.0,0.0,0.0,0.0,0.0,0.0,0.0,161.0,93.0,107.0,161.0,18.0,7.0,12.0,54.0,15.0,0.0,0.0
33.768,52,76821.0,600.0,96.0,600.0,619.0,0.0,1.0,0.0,0.0,0.5,0.025,0.5,0.516,0.508,0.04,0.508,0.53,0.0,0.0,-1.78,-5.34,-0.04,0.0,0.0,0.0,0.0,0.0,0.0,0.0,0.0,1.0,0.0,0.0,0.0,0.0,0.0,0.0,0.0,0.0,0.0,0.0,0.0,0.0,0.0,161.0,93.0,107.0,161.0,18.0,7.0,12.0,54.0,15.0,0.0,0.0
33.833,52,76873.0,600.0,96.0,600.0,619.0,0.0,1.0,0.0,0.0,0.5,0.025,0.5,0.516,0.508,0.04,0.508,0.53,0.0,0.0,-1.78,-5.34,-0.04,0.0,0.0,0.0,0.0,0.0,0.0,0.0,0.0,1.0,0.0,0.0,0.0,0.0,-0.0,0.0,0.0,0.0,0.0,0.0,0.0,0.0,0.0,161.0,93.0,107.0,161.0,18.0,7.0,12.0,54.0,15.0,0.0,0.0
33.866,51,76924.0,600.0,102.0,600.0,619.0,0.0,1.0,0.0,0.0,0.5,0.025,0.5,0.516,0.508,0.04,0.508,0.53,0.0,0.0,-1.78,-5.34,-0.04,0.0,0.0,0.0,0.0,0.0,0.0,0.0,0.0,1.0,0.0,0.0,0.0,0.0,0.0,0.0,0.0,0.0,0.0,0.0,0.0,0.0,0.0,161.0,93.0,107.0,161.0,18.0,7.0,12.0,54.0,15.0,0.0,0.0
33.93,52,76976.0,600.0,102.0,600.0,619.0,0.0,1.0,0.0,0.0,0.5,0.025,0.5,0.516,0.508,0.04,0.508,0.53,0.0,0.0,-1.78,-5.34,-0.04,0.0,0.0,0.0,0.0,0.0,0.0,0.0,0.0,1.0,0.0,0.0,0.0,0.0,0.0,0.0,0.0,0.0,0.0,0.0,0.0,0.0,0.0,161.0,93.0,107.0,161.0,18.0,7.0,12.0,54.0,15.0,0.0,1.0
33.993,52,77028.0,600.0,102.0,600.0,621.0,0.0,1.0,0.0,0.0,0.5,0.027,0.5,0.517,0.508,0.041,0.508,0.531,0.0,0.0,-1.78,-5.34,-0.04,0.0,0.0,0.0,0.0,0.0,0.0,0.0,0.0,1.0,0.0,0.0,0.0,0.0,0.0,0.0,0.0,0.0,0.0,0.0,0.0,0.0,0.0,161.0,93.0,107.0,161.0,18.0,7.0,12.0,54.0,15.0,0.0,0.0
34.026,52,77080.0,600.0,102.0,600.0,621.0,0.0,1.0,0.0,0.0,0.5,0.027,0.5,0.517,0.508,0.041,0.508,0.531,0.0,0.0,-1.77,-5.34,-0.04,0.0,0.0,0.0,0.0,0.0,0.0,0.0,0.0,1.0,0.0,0.0,0.0,0.0,0.0,0.0,0.0,0.0,0.0,0.0,0.0,0.0,0.0,161.0,93.0,107.0,161.0,18.0,7.0,12.0,54.0,15.0,0.0,0.0
34.091,52,77132.0,600.0,114.0,600.0,621.0,0.0,1.0,0.0,0.0,0.5,0.027,0.5,0.517,0.508,0.041,0.508,0.531,0.0,0.0,-1.77,-5.34,-0.04,0.0,0.0,0.0,0.0,0.0,0.0,0.0,0.0,1.0,0.0,0.0,0.0,0.0,0.0,0.0,0.0,0.0,0.0,0.0,0.0,0.0,0.0,161.0,93.0,107.0,161.0,18.0,7.0,12.0,54.0,15.0,0.0,1.0
34.156,52,77184.0,600.0,114.0,600.0,621.0,0.0,1.0,0.0,0.0,0.5,0.027,0.5,0.517,0.508,0.041,0.508,0.531,0.0,0.0,-1.77,-5.34,-0.04,0.0,0.0,0.0,0.0,0.0,0.0,0.0,0.0,1.0,0.0,0.0,0.0,0.0,0.0,0.0,0.0,0.0,0.0,0.0,0.0,0.0,0.0,161.0,93.0,107.0,161.0,18.0,7.0,12.0,54.0,15.0,0.0,0.0
34.189,52,77236.0,600.0,114.0,600.0,621.0,0.0,1.0,0.0,0.0,0.5,0.031,0.5,0.517,0.508,0.045,0.508,0.532,0.0,0.0,-1.77,-5.34,-0.04,0.0,0.0,0.0,0.0,0.0,0.0,0.0,0.0,1.0,0.0,0.0,0.0,0.0,0.0,0.0,0.0,0.0,0.0,0.0,0.0,0.0,0.0,161.0,93.0,107.0,161.0,18.0,7.0,12.0,54.0,15.0,0.0,0.0
34.254,52,77288.0,600.0,114.0,600.0,621.0,0.0,1.0,0.0,0.0,0.5,0.031,0.5,0.517,0.508,0.045,0.508,0.532,0.0,0.0,-1.77,-5.34,-0.04,0.0,0.0,0.0,0.0,0.0,0.0,0.0,0.0,1.0,0.0,0.0,0.0,0.0,0.0,0.0,0.0,0.0,0.0,0.0,0.0,0.0,0.0,161.0,93.0,107.0,161.0,18.0,7.0,12.0,54.0,15.0,0.0,0.0
34.287,52,77340.0,600.0,127.0,600.0,621.0,0.0,1.0,0.0,0.0,0.5,0.031,0.5,0.517,0.508,0.045,0.508,0.532,0.0,0.0,-1.76,-5.34,-0.04,0.0,0.0,0.0,0.0,0.0,0.0,0.0,0.0,1.0,0.0,0.0,0.0,0.0,0.0,0.0,0.0,0.0,0.0,0.0,0.0,0.0,0.0,161.0,93.0,107.0,161.0,18.0,7.0,12.0,54.0,15.0,0.0,0.0
34.351,53,77393.0,600.0,127.0,600.0,621.0,0.0,1.0,0.0,0.0,0.5,0.031,0.5,0.517,0.508,0.045,0.508,0.532,0.0,0.0,-1.76,-5.34,-0.04,0.0,0.0,0.0,0.0,0.0,0.0,0.0,0.0,1.0,0.0,0.0,0.0,0.0,0.0,0.0,0.0,0.0,0.0,0.0,0.0,0.0,0.0,161.0,93.0,107.0,161.0,18.0,7.0,12.0,54.0,15.0,0.0,0.0
34.417,52,77445.0,600.0,127.0,600.0,620.0,0.0,1.0,0.0,0.0,0.5,0.037,0.5,0.517,0.508,0.051,0.508,0.531,0.0,0.0,-1.76,-5.34,-0.04,0.0,0.0,0.0,0.0,0.0,0.0,0.0,0.0,1.0,0.0,0.0,0.0,0.0,0.0,0.0,0.0,0.0,0.0,0.0,0.0,0.0,0.0,161.0,93.0,107.0,161.0,18.0,7.0,12.0,54.0,15.0,0.0,0.0
34.45,52,77497.0,600.0,127.0,600.0,620.0,0.0,1.0,0.0,0.0,0.5,0.037,0.5,0.517,0.508,0.051,0.508,0.531,0.0,0.0,-1.76,-5.34,-0.04,0.0,0.0,0.0,0.0,0.0,0.0,0.0,0.0,1.0,0.0,0.0,0.0,0.0,0.0,0.0,0.0,0.0,0.0,0.0,0.0,0.0,0.0,161.0,93.0,107.0,161.0,18.0,7.0,12.0,54.0,15.0,0.0,1.0
34.515,51,77548.0,600.0,140.0,600.0,620.0,0.0,1.0,0.0,0.0,0.5,0.037,0.5,0.517,0.508,0.051,0.508,0.531,0.0,0.0,-1.76,-5.34,-0.04,0.0,0.0,0.0,0.0,0.0,0.0,0.0,0.0,1.0,0.0,0.0,0.0,0.0,0.0,0.0,0.0,0.0,0.0,0.0,0.0,0.0,0.0,161.0,93.0,107.0,161.0,18.0,7.0,12.0,54.0,15.0,0.0,0.0
34.548,53,77601.0,600.0,140.0,600.0,620.0,0.0,1.0,0.0,0.0,0.5,0.037,0.5,0.517,0.508,0.051,0.508,0.531,0.0,0.0,-1.76,-5.34,-0.04,0.0,0.0,0.0,0.0,0.0,0.0,0.0,0.0,1.0,0.0,0.0,0.0,0.0,0.0,0.0,0.0,0.0,0.0,0.0,0.0,0.0,0.0,161.0,93.0,107.0,161.0,18.0,7.0,12.0,54.0,15.0,0.0,0.0
34.613,53,77654.0,600.0,140.0,600.0,621.0,0.0,1.0,0.0,0.0,0.5,0.045,0.5,0.517,0.508,0.058,0.508,0.532,0.0,0.0,-1.76,-5.34,-0.04,0.0,0.0,0.0,0.0,0.0,0.0,0.0,0.0,1.0,0.0,0.0,0.0,0.0,0.0,0.0,0.0,0.0,0.0,0.0,0.0,0.0,0.0,161.0,93.0,107.0,161.0,18.0,7.0,12.0,54.0,15.0,0.0,0.0
34.647,52,77706.0,600.0,140.0,600.0,621.0,0.0,1.0,0.0,0.0,0.5,0.045,0.5,0.517,0.508,0.058,0.508,0.532,0.0,0.0,-1.76,-5.34,-0.04,0.0,0.0,0.0,0.0,0.0,0.0,0.0,0.0,1.0,0.0,0.0,0.0,0.0,-0.0,0.0,0.0,0.0,0.0,0.0,0.0,0.0,0.0,161.0,93.0,107.0,161.0,18.0,7.0,12.0,54.0,15.0,0.0,1.0
34.711,53,77759.0,600.0,153.0,600.0,621.0,0.0,1.0,0.0,0.0,0.5,0.045,0.5,0.517,0.508,0.058,0.508,0.532,0.0,0.0,-1.76,-5.34,-0.04,0.0,0.0,0.0,0.0,0.0,0.0,0.0,0.0,1.0,0.0,0.0,0.0,0.0,-0.0,0.0,0.0,0.0,0.0,0.0,0.0,0.0,0.0,161.0,93.0,107.0,161.0,18.0,7.0,12.0,54.0,15.0,0.0,0.0
34.774,52,77811.0,600.0,153.0,600.0,621.0,0.0,1.0,0.0,0.0,0.5,0.045,0.5,0.517,0.508,0.058,0.508,0.532,0.0,0.0,-1.76,-5.34,-0.04,0.0,0.0,0.0,0.0,0.0,0.0,0.0,0.0,1.0,0.0,0.0,0.0,0.0,0.0,0.0,0.0,0.0,0.0,0.0,0.0,0.0,0.0,161.0,93.0,107.0,161.0,18.0,7.0,12.0,54.0,15.0,0.0,0.0
34.806,52,77863.0,600.0,153.0,600.0,625.0,0.0,1.0,0.0,0.0,0.5,0.054,0.5,0.519,0.508,0.067,0.508,0.533,0.0,0.0,-1.76,-5.34,-0.04,0.0,0.0,0.0,0.0,0.0,0.0,0.0,0.0,1.0,0.0,0.0,0.0,0.0,0.0,0.0,0.0,0.0,0.0,0.0,0.0,0.0,0.0,161.0,93.0,107.0,161.0,18.0,7.0,12.0,54.0,15.0,0.0,0.0
34.868,54,77917.0,600.0,153.0,600.0,625.0,0.0,1.0,0.0,0.0,0.5,0.054,0.5,0.519,0.508,0.067,0.508,0.533,0.0,0.0,-1.76,-5.34,-0.04,0.0,0.0,0.0,0.0,0.0,0.0,0.0,0.0,1.0,0.0,0.0,0.0,0.0,0.0,0.0,0.0,0.0,0.0,0.0,0.0,0.0,0.0,161.0,93.0,107.0,161.0,18.0,7.0,12.0,54.0,15.0,0.0,1.0
34.932,52,77969.0,600.0,161.0,600.0,625.0,0.0,1.0,0.0,0.0,0.5,0.054,0.5,0.519,0.508,0.067,0.508,0.533,0.0,0.0,-1.76,-5.34,-0.04,0.0,0.0,0.0,0.0,0.0,0.0,0.0,0.0,1.0,0.0,0.0,0.0,0.0,0.0,0.0,0.0,0.0,0.0,0.0,0.0,0.0,0.0,161.0,93.0,107.0,161.0,18.0,7.0,12.0,54.0,15.0,0.0,0.0
34.965,51,78020.0,600.0,161.0,600.0,625.0,0.0,1.0,0.0,0.0,0.5,0.054,0.5,0.519,0.508,0.067,0.508,0.533,0.0,0.0,-1.76,-5.34,-0.04,0.0,0.0,0.0,0.0,0.0,0.0,0.0,0.0,1.0,0.0,0.0,0.0,0.0,0.0,0.0,0.0,0.0,0.0,0.0,0.0,0.0,0.0,161.0,93.0,107.0,161.0,18.0,7.0,12.0,54.0,15.0,0.0,0.0
35.03,51,78071.0,600.0,161.0,600.0,623.0,0.0,1.0,0.0,0.0,0.5,0.061,0.5,0.519,0.508,0.074,0.508,0.533,0.0,0.0,-1.76,-5.34,-0.04,0.0,0.0,0.0,0.0,0.0,0.0,0.0,0.0,1.0,0.0,0.0,0.0,0.0,0.0,0.0,0.0,0.0,0.0,0.0,0.0,0.0,0.0,161.0,93.0,107.0,161.0,18.0,7.0,12.0,54.0,15.0,0.0,0.0
35.093,53,78124.0,600.0,161.0,600.0,623.0,0.0,1.0,0.0,0.0,0.5,0.061,0.5,0.519,0.508,0.074,0.508,0.533,0.0,0.0,-1.76,-5.34,-0.04,0.0,0.0,0.0,0.0,0.0,0.0,0.0,0.0,1.0,0.0,0.0,0.0,0.0,-0.0,0.0,0.0,0.0,0.0,0.0,0.0,0.0,0.0,161.0,93.0,107.0,161.0,18.0,7.0,12.0,54.0,15.0,0.0,0.0
35.125,52,78176.0,600.0,162.0,600.0,623.0,0.0,1.0,0.0,0.0,0.5,0.061,0.5,0.519,0.508,0.074,0.508,0.533,0.0,0.0,-1.75,-5.33,-0.04,0.0,0.0,0.0,0.0,0.0,0.0,0.0,0.0,1.0,0.0,0.0,0.0,0.0,-0.0,0.0,0.0,0.0,0.0,0.0,0.0,0.0,0.0,161.0,93.0,107.0,161.0,18.0,7.0,12.0,54.0,15.0,0.0,0.0
35.191,52,78228.0,600.0,162.0,600.0,623.0,0.0,1.0,0.0,0.0,0.5,0.061,0.5,0.519,0.508,0.074,0.508,0.533,0.0,0.0,-1.75,-5.33,-0.04,0.0,0.0,0.0,0.0,0.0,0.0,0.0,0.0,1.0,0.0,0.0,0.0,0.0,0.0,0.0,0.0,0.0,0.0,0.0,0.0,0.0,0.0,161.0,93.0,107.0,161.0,18.0,7.0,12.0,54.0,15.0,0.0,1.0
35.263,52,78280.0,600.0,162.0,600.0,624.0,0.0,1.0,0.0,0.0,0.5,0.065,0.5,0.519,0.509,0.079,0.509,0.534,0.0,0.0,-1.75,-5.33,-0.04,0.0,0.0,0.0,0.0,0.0,0.0,0.0,0.0,1.0,0.0,0.0,0.0,0.0,0.0,0.0,0.0,0.0,0.0,0.0,0.0,0.0,0.0,161.0,93.0,107.0,161.0,18.0,7.0,12.0,54.0,15.0,0.0,0.0
35.296,53,78333.0,600.0,162.0,600.0,624.0,0.0,1.0,0.0,0.0,0.5,0.065,0.5,0.519,0.509,0.079,0.509,0.534,0.0,0.0,-1.75,-5.33,-0.04,0.0,0.0,0.0,0.0,0.0,0.0,0.0,0.0,1.0,0.0,0.0,0.0,0.0,-0.0,0.0,0.0,0.0,0.0,0.0,0.0,0.0,0.0,161.0,93.0,107.0,161.0,18.0,7.0,12.0,54.0,15.0,0.0,0.0
35.329,52,78385.0,600.0,161.0,600.0,624.0,0.0,1.0,0.0,0.0,0.5,0.065,0.5,0.519,0.509,0.079,0.509,0.534,0.0,0.0,-1.75,-5.33,-0.04,0.0,0.0,0.0,0.0,0.0,0.0,0.0,0.0,1.0,0.0,0.0,0.0,0.0,0.0,0.0,0.0,0.0,0.0,0.0,0.0,0.0,0.0,161.0,93.0,107.0,161.0,18.0,7.0,12.0,54.0,15.0,0.0,0.0
35.394,52,78437.0,600.0,161.0,600.0,624.0,0.0,1.0,0.0,0.0,0.5,0.065,0.5,0.519,0.509,0.079,0.509,0.534,0.0,0.0,-1.75,-5.33,-0.04,0.0,0.0,0.0,0.0,0.0,0.0,0.0,0.0,1.0,0.0,0.0,0.0,0.0,0.0,0.0,0.0,0.0,0.0,0.0,0.0,0.0,0.0,161.0,93.0,107.0,161.0,18.0,7.0,12.0,54.0,15.0,0.0,0.0
35.46,52,78489.0,600.0,161.0,600.0,627.0,0.0,1.0,0.0,0.0,0.5,0.066,0.5,0.521,0.509,0.08,0.509,0.535,0.0,0.0,-1.75,-5.33,-0.04,0.0,0.0,0.0,0.0,0.0,0.0,0.0,0.0,1.0,0.0,0.0,0.0,0.0,0.0,0.0,0.0,0.0,0.0,0.0,0.0,0.0,0.0,161.0,93.0,107.0,161.0,18.0,7.0,12.0,54.0,15.0,0.0,0.0
35.493,52,78541.0,600.0,161.0,600.0,627.0,0.0,1.0,0.0,0.0,0.5,0.066,0.5,0.521,0.509,0.08,0.509,0.535,0.0,0.0,-1.75,-5.33,-0.04,0.0,0.0,0.0,0.0,0.0,0.0,0.0,0.0,1.0,0.0,0.0,0.0,0.0,-0.0,0.0,0.0,0.0,0.0,0.0,0.0,0.0,0.0,161.0,93.0,107.0,161.0,18.0,7.0,12.0,54.0,15.0,0.0,0.0
35.558,52,78593.0,600.0,161.0,600.0,627.0,0.0,1.0,0.0,0.0,0.5,0.066,0.5,0.521,0.509,0.08,0.509,0.535,0.0,0.0,-1.76,-5.32,-0.04,0.0,0.0,0.0,0.0,0.0,0.0,0.0,0.0,1.0,0.0,0.0,0.0,0.0,0.0,0.0,0.0,0.0,0.0,0.0,0.0,0.0,0.0,161.0,93.0,107.0,161.0,18.0,7.0,12.0,54.0,15.0,0.0,0.0
35.591,52,78645.0,600.0,161.0,600.0,627.0,0.0,1.0,0.0,0.0,0.5,0.066,0.5,0.521,0.509,0.08,0.509,0.535,0.0,0.0,-1.76,-5.32,-0.04,0.0,0.0,0.0,0.0,0.0,0.0,0.0,0.0,1.0,0.0,0.0,0.0,0.0,0.0,0.0,0.0,0.0,0.0,0.0,0.0,0.0,0.0,161.0,93.0,107.0,161.0,18.0,7.0,12.0,54.0,15.0,0.0,0.0
35.655,52,78697.0,600.0,161.0,600.0,623.0,0.0,1.0,0.0,0.0,0.5,0.067,0.5,0.52,0.509,0.081,0.509,0.534,0.0,0.0,-1.76,-5.32,-0.04,0.0,0.0,0.0,0.0,0.0,0.0,0.0,0.0,1.0,0.0,0.0,0.0,0.0,0.0,0.0,0.0,0.0,0.0,0.0,0.0,0.0,0.0,161.0,93.0,107.0,161.0,18.0,7.0,12.0,54.0,15.0,0.0,0.0
35.718,52,78749.0,600.0,161.0,600.0,623.0,0.0,1.0,0.0,0.0,0.5,0.067,0.5,0.52,0.509,0.081,0.509,0.534,0.0,0.0,-1.76,-5.32,-0.04,0.0,0.0,0.0,0.0,0.0,0.0,0.0,0.0,1.0,0.0,0.0,0.0,0.0,-0.0,0.0,0.0,0.0,0.0,0.0,0.0,0.0,0.0,161.0,93.0,107.0,161.0,18.0,7.0,12.0,54.0,15.0,0.0,0.0
35.75,52,78801.0,600.0,161.0,600.0,623.0,0.0,1.0,0.0,0.0,0.5,0.067,0.5,0.52,0.509,0.081,0.509,0.534,0.0,0.0,-1.76,-5.32,-0.04,0.0,0.0,0.0,0.0,0.0,0.0,0.0,0.0,1.0,0.0,0.0,0.0,0.0,-0.0,0.0,0.0,0.0,0.0,0.0,0.0,0.0,0.0,161.0,93.0,107.0,161.0,18.0,7.0,12.0,54.0,15.0,0.0,0.0
35.814,52,78853.0,600.0,161.0,600.0,623.0,0.0,1.0,0.0,0.0,0.5,0.067,0.5,0.52,0.509,0.081,0.509,0.534,0.0,0.0,-1.76,-5.32,-0.04,0.0,0.0,0.0,0.0,0.0,0.0,0.0,0.0,1.0,0.0,0.0,0.0,0.0,-0.0,0.0,0.0,0.0,0.0,0.0,0.0,0.0,0.0,161.0,93.0,107.0,161.0,18.0,7.0,12.0,54.0,15.0,0.0,0.0
35.847,52,78905.0,600.0,161.0,600.0,622.0,0.0,1.0,0.0,0.0,0.5,0.067,0.5,0.519,0.509,0.082,0.509,0.534,0.0,0.0,-1.76,-5.32,-0.04,0.0,0.0,0.0,0.0,0.0,0.0,0.0,0.0,1.0,0.0,0.0,0.0,0.0,-0.0,0.0,0.0,0.0,0.0,0.0,0.0,0.0,0.0,161.0,93.0,107.0,161.0,18.0,7.0,12.0,54.0,15.0,0.0,0.0
35.913,52,78957.0,600.0,161.0,600.0,622.0,0.0,1.0,0.0,0.0,0.5,0.067,0.5,0.519,0.509,0.082,0.509,0.534,0.0,0.0,-1.76,-5.32,-0.04,0.0,0.0,0.0,0.0,0.0,0.0,0.0,0.0,1.0,0.0,0.0,0.0,0.0,-0.0,0.0,0.0,0.0,0.0,0.0,0.0,0.0,0.0,161.0,93.0,107.0,161.0,18.0,7.0,12.0,54.0,15.0,0.0,0.0
35.976,52,79009.0,600.0,153.0,600.0,622.0,0.0,1.0,0.0,0.0,0.5,0.067,0.5,0.519,0.509,0.082,0.509,0.534,0.0,0.0,-1.76,-5.32,-0.04,0.0,0.0,0.0,0.0,0.0,0.0,0.0,0.0,1.0,0.0,0.0,0.0,0.0,0.0,0.0,0.0,0.0,0.0,0.0,0.0,0.0,0.0,161.0,93.0,107.0,161.0,18.0,7.0,12.0,54.0,15.0,0.0,1.0
36.007,52,79061.0,600.0,153.0,600.0,622.0,0.0,1.0,0.0,0.0,0.5,0.067,0.5,0.519,0.509,0.082,0.509,0.534,0.0,0.0,-1.76,-5.32,-0.04,0.0,0.0,0.0,0.0,0.0,0.0,0.0,0.0,1.0,0.0,0.0,0.0,0.0,-0.0,0.0,0.0,0.0,0.0,0.0,0.0,0.0,0.0,161.0,93.0,107.0,161.0,18.0,7.0,12.0,54.0,15.0,0.0,0.0
36.074,52,79113.0,600.0,153.0,600.0,624.0,0.0,1.0,0.0,0.0,0.5,0.064,0.5,0.519,0.509,0.079,0.509,0.534,0.0,0.0,-1.76,-5.32,-0.04,0.0,0.0,0.0,0.0,0.0,0.0,0.0,0.0,1.0,0.0,0.0,0.0,0.0,0.0,0.0,0.0,0.0,0.0,0.0,0.0,0.0,0.0,161.0,93.0,107.0,161.0,18.0,7.0,12.0,54.0,15.0,0.0,0.0
36.139,53,79166.0,600.0,153.0,600.0,624.0,0.0,1.0,0.0,0.0,0.5,0.064,0.5,0.519,0.509,0.079,0.509,0.534,0.0,0.0,-1.76,-5.32,-0.04,0.0,0.0,0.0,0.0,0.0,0.0,0.0,0.0,1.0,0.0,0.0,0.0,0.0,0.0,0.0,0.0,0.0,0.0,0.0,0.0,0.0,0.0,161.0,93.0,107.0,161.0,18.0,7.0,12.0,54.0,15.0,0.0,0.0
36.17,52,79218.0,600.0,136.0,600.0,624.0,0.0,1.0,0.0,0.0,0.5,0.064,0.5,0.519,0.509,0.079,0.509,0.534,0.0,0.0,-1.76,-5.32,-0.04,0.0,0.0,0.0,0.0,0.0,0.0,0.0,0.0,1.0,0.0,0.0,0.0,0.0,0.0,0.0,0.0,0.0,0.0,0.0,0.0,0.0,0.0,161.0,93.0,107.0,161.0,18.0,7.0,12.0,54.0,15.0,0.0,0.0
36.235,52,79270.0,600.0,136.0,600.0,624.0,0.0,1.0,0.0,0.0,0.5,0.064,0.5,0.519,0.509,0.079,0.509,0.534,0.0,0.0,-1.76,-5.32,-0.04,0.0,0.0,0.0,0.0,0.0,0.0,0.0,0.0,1.0,0.0,0.0,0.0,0.0,0.0,0.0,0.0,0.0,0.0,0.0,0.0,0.0,0.0,161.0,93.0,107.0,161.0,18.0,7.0,12.0,54.0,15.0,0.0,0.0
36.268,52,79322.0,600.0,136.0,600.0,622.0,0.0,1.0,0.0,0.0,0.5,0.056,0.5,0.518,0.508,0.072,0.508,0.533,0.0,0.0,-1.76,-5.32,-0.04,0.0,0.0,0.0,0.0,0.0,0.0,0.0,0.0,1.0,0.0,0.0,0.0,0.0,0.0,0.0,0.0,0.0,0.0,0.0,0.0,0.0,0.0,161.0,93.0,107.0,161.0,18.0,7.0,12.0,54.0,15.0,0.0,0.0
36.333,52,79374.0,600.0,136.0,600.0,622.0,0.0,1.0,0.0,0.0,0.5,0.056,0.5,0.518,0.508,0.072,0.508,0.533,0.0,0.0,-1.76,-5.32,-0.04,0.0,0.0,0.0,0.0,0.0,0.0,0.0,0.0,1.0,0.0,0.0,0.0,0.0,0.0,0.0,0.0,0.0,0.0,0.0,0.0,0.0,0.0,161.0,93.0,107.0,161.0,18.0,7.0,12.0,54.0,15.0,0.0,0.0
36.396,52,79426.0,600.0,122.0,600.0,622.0,0.0,1.0,0.0,0.0,0.5,0.056,0.5,0.518,0.508,0.072,0.508,0.533,0.0,0.0,-1.76,-5.32,-0.04,0.0,0.0,0.0,0.0,0.0,0.0,0.0,0.0,1.0,0.0,0.0,0.0,0.0,0.0,0.0,0.0,0.0,0.0,0.0,0.0,0.0,0.0,161.0,93.0,107.0,161.0,18.0,7.0,12.0,54.0,15.0,0.0,0.0
36.43,52,79478.0,600.0,122.0,600.0,622.0,0.0,1.0,0.0,0.0,0.5,0.056,0.5,0.518,0.508,0.072,0.508,0.533,0.0,0.0,-1.76,-5.32,-0.04,0.0,0.0,0.0,0.0,0.0,0.0,0.0,0.0,1.0,0.0,0.0,0.0,0.0,0.0,0.0,0.0,0.0,0.0,0.0,0.0,0.0,0.0,161.0,93.0,107.0,161.0,18.0,7.0,12.0,54.0,15.0,0.0,0.0
36.496,52,79530.0,600.0,122.0,600.0,619.0,0.0,1.0,0.0,0.0,0.5,0.047,0.5,0.517,0.508,0.063,0.508,0.532,0.0,0.0,-1.76,-5.33,-0.04,0.0,0.0,0.0,0.0,0.0,0.0,0.0,0.0,1.0,0.0,0.0,0.0,0.0,0.0,0.0,0.0,0.0,0.0,0.0,0.0,0.0,0.0,161.0,93.0,107.0,161.0,18.0,7.0,12.0,54.0,15.0,0.0,1.0
36.528,52,79582.0,600.0,122.0,600.0,619.0,0.0,1.0,0.0,0.0,0.5,0.047,0.5,0.517,0.508,0.063,0.508,0.532,0.0,0.0,-1.76,-5.33,-0.04,0.0,0.0,0.0,0.0,0.0,0.0,0.0,0.0,1.0,0.0,0.0,0.0,0.0,0.0,0.0,0.0,0.0,0.0,0.0,0.0,0.0,0.0,161.0,93.0,107.0,161.0,18.0,7.0,12.0,54.0,15.0,0.0,0.0
36.594,52,79634.0,600.0,108.0,600.0,619.0,0.0,1.0,0.0,0.0,0.5,0.047,0.5,0.517,0.508,0.063,0.508,0.532,0.0,0.0,-1.76,-5.33,-0.04,0.0,0.0,0.0,0.0,0.0,0.0,0.0,0.0,1.0,0.0,0.0,0.0,0.0,-0.0,0.0,0.0,0.0,0.0,0.0,0.0,0.0,0.0,161.0,93.0,107.0,161.0,18.0,7.0,12.0,54.0,15.0,0.0,0.0
36.658,53,79687.0,600.0,108.0,600.0,619.0,0.0,1.0,0.0,0.0,0.5,0.047,0.5,0.517,0.508,0.063,0.508,0.532,0.0,0.0,-1.75,-5.33,-0.04,0.0,0.0,0.0,0.0,0.0,0.0,0.0,0.0,1.0,0.0,0.0,0.0,0.0,-0.0,0.0,0.0,0.0,0.0,0.0,0.0,0.0,0.0,161.0,93.0,107.0,161.0,18.0,7.0,12.0,54.0,15.0,0.0,0.0
36.69,52,79739.0,600.0,108.0,600.0,621.0,0.0,1.0,0.0,0.0,0.5,0.039,0.5,0.517,0.508,0.055,0.508,0.532,0.0,0.0,-1.75,-5.34,-0.04,0.0,0.0,0.0,0.0,0.0,0.0,0.0,0.0,1.0,0.0,0.0,0.0,0.0,0.0,0.0,0.0,0.0,0.0,0.0,0.0,0.0,0.0,161.0,93.0,107.0,161.0,18.0,7.0,12.0,54.0,15.0,0.0,1.0
36.754,52,79791.0,600.0,108.0,600.0,621.0,0.0,1.0,0.0,0.0,0.5,0.039,0.5,0.517,0.508,0.055,0.508,0.532,0.0,0.0,-1.75,-5.34,-0.04,0.0,0.0,0.0,0.0,0.0,0.0,0.0,0.0,1.0,0.0,0.0,0.0,0.0,0.0,0.0,0.0,0.0,0.0,0.0,0.0,0.0,0.0,161.0,93.0,107.0,161.0,18.0,7.0,12.0,54.0,15.0,0.0,0.0
36.787,51,79842.0,600.0,93.0,600.0,621.0,0.0,1.0,0.0,0.0,0.5,0.039,0.5,0.517,0.508,0.055,0.508,0.532,0.0,0.0,-1.75,-5.34,-0.04,0.0,0.0,0.0,0.0,0.0,0.0,0.0,0.0,1.0,0.0,0.0,0.0,0.0,0.0,0.0,0.0,0.0,0.0,0.0,0.0,0.0,0.0,161.0,93.0,107.0,161.0,18.0,7.0,12.0,54.0,15.0,0.0,0.0
36.855,54,79896.0,600.0,93.0,600.0,621.0,0.0,1.0,0.0,0.0,0.5,0.039,0.5,0.517,0.508,0.055,0.508,0.532,0.0,0.0,-1.75,-5.34,-0.04,0.0,0.0,0.0,0.0,0.0,0.0,0.0,0.0,1.0,0.0,0.0,0.0,0.0,0.0,0.0,0.0,0.0,0.0,0.0,0.0,0.0,0.0,161.0,93.0,107.0,161.0,18.0,7.0,12.0,54.0,15.0,0.0,0.0
36.887,52,79948.0,600.0,93.0,600.0,621.0,0.0,1.0,0.0,0.0,0.5,0.031,0.5,0.517,0.508,0.047,0.508,0.532,0.0,0.0,-1.75,-5.34,-0.04,0.0,0.0,0.0,0.0,0.0,0.0,0.0,0.0,1.0,0.0,0.0,0.0,0.0,-0.0,0.0,0.0,0.0,0.0,0.0,0.0,0.0,0.0,161.0,93.0,107.0,161.0,18.0,7.0,12.0,54.0,15.0,0.0,0.0
36.952,52,80000.0,600.0,93.0,600.0,621.0,0.0,1.0,0.0,0.0,0.5,0.031,0.5,0.517,0.508,0.047,0.508,0.532,0.0,0.0,-1.76,-5.34,-0.04,0.0,0.0,0.0,0.0,0.0,0.0,0.0,0.0,1.0,0.0,0.0,0.0,0.0,0.0,0.0,0.0,0.0,0.0,0.0,0.0,0.0,0.0,161.0,93.0,107.0,161.0,18.0,7.0,12.0,54.0,15.0,0.0,0.0
37.017,52,80052.0,600.0,86.0,600.0,621.0,0.0,1.0,0.0,0.0,0.5,0.031,0.5,0.517,0.508,0.047,0.508,0.532,0.0,0.0,-1.76,-5.34,-0.04,0.0,0.0,0.0,0.0,0.0,0.0,0.0,0.0,1.0,0.0,0.0,0.0,0.0,-0.0,0.0,0.0,0.0,0.0,0.0,0.0,0.0,0.0,161.0,93.0,107.0,161.0,18.0,7.0,12.0,54.0,15.0,0.0,0.0
37.049,52,80104.0,600.0,86.0,600.0,621.0,0.0,1.0,0.0,0.0,0.5,0.031,0.5,0.517,0.508,0.047,0.508,0.532,0.0,0.0,-1.76,-5.34,-0.04,0.0,0.0,0.0,0.0,0.0,0.0,0.0,0.0,1.0,0.0,0.0,0.0,0.0,0.0,0.0,0.0,0.0,0.0,0.0,0.0,0.0,0.0,161.0,93.0,107.0,161.0,18.0,7.0,12.0,54.0,15.0,0.0,0.0
37.112,52,80156.0,600.0,86.0,600.0,622.0,0.0,1.0,0.0,0.0,0.5,0.025,0.5,0.517,0.508,0.04,0.508,0.532,0.0,0.0,-1.76,-5.34,-0.05,0.0,0.0,0.0,0.0,0.0,0.0,0.0,0.0,1.0,0.0,0.0,0.0,0.0,-0.0,0.0,0.0,0.0,0.0,0.0,0.0,0.0,0.0,161.0,93.0,107.0,161.0,18.0,7.0,12.0,54.0,15.0,0.0,0.0
37.178,52,80208.0,600.0,86.0,600.0,622.0,0.0,1.0,0.0,0.0,0.5,0.025,0.5,0.517,0.508,0.04,0.508,0.532,0.0,0.0,-1.76,-5.34,-0.05,0.0,0.0,0.0,0.0,0.0,0.0,0.0,0.0,1.0,0.0,0.0,0.0,0.0,0.0,0.0,0.0,0.0,0.0,0.0,0.0,0.0,0.0,161.0,93.0,107.0,161.0,18.0,7.0,12.0,54.0,15.0,0.0,0.0
37.211,52,80260.0,600.0,87.0,600.0,622.0,0.0,1.0,0.0,0.0,0.5,0.025,0.5,0.517,0.508,0.04,0.508,0.532,0.0,0.0,-1.76,-5.34,-0.04,0.0,0.0,0.0,0.0,0.0,0.0,0.0,0.0,1.0,0.0,0.0,0.0,0.0,0.0,0.0,0.0,0.0,0.0,0.0,0.0,0.0,0.0,161.0,93.0,107.0,161.0,18.0,7.0,12.0,54.0,15.0,0.0,1.0
37.276,52,80312.0,600.0,87.0,600.0,622.0,0.0,1.0,0.0,0.0,0.5,0.025,0.5,0.517,0.508,0.04,0.508,0.532,0.0,0.0,-1.76,-5.34,-0.04,0.0,0.0,0.0,0.0,0.0,0.0,0.0,0.0,1.0,0.0,0.0,0.0,0.0,0.0,0.0,0.0,0.0,0.0,0.0,0.0,0.0,0.0,161.0,93.0,107.0,161.0,18.0,7.0,12.0,54.0,15.0,0.0,0.0
37.309,52,80364.0,600.0,87.0,600.0,624.0,0.0,1.0,0.0,0.0,0.5,0.023,0.5,0.518,0.508,0.038,0.508,0.533,0.0,0.0,-1.76,-5.34,-0.04,0.0,0.0,0.0,0.0,0.0,0.0,0.0,0.0,1.0,0.0,0.0,0.0,0.0,0.0,0.0,0.0,0.0,0.0,0.0,0.0,0.0,0.0,161.0,93.0,107.0,161.0,18.0,7.0,12.0,54.0,15.0,0.0,0.0
37.379,53,80417.0,600.0,87.0,600.0,624.0,0.0,1.0,0.0,0.0,0.5,0.023,0.5,0.518,0.508,0.038,0.508,0.533,0.0,0.0,-1.76,-5.34,-0.04,0.0,0.0,0.0,0.0,0.0,0.0,0.0,0.0,1.0,0.0,0.0,0.0,0.0,0.0,0.0,0.0,0.0,0.0,0.0,0.0,0.0,0.0,161.0,93.0,107.0,161.0,18.0,7.0,12.0,54.0,15.0,0.0,0.0
37.447,51,80468.0,600.0,88.0,600.0,624.0,0.0,1.0,0.0,0.0,0.5,0.023,0.5,0.518,0.508,0.038,0.508,0.533,0.0,0.0,-1.76,-5.34,-0.04,0.0,0.0,0.0,0.0,0.0,0.0,0.0,0.0,1.0,0.0,0.0,0.0,0.0,-0.0,0.0,0.0,0.0,0.0,0.0,0.0,0.0,0.0,161.0,93.0,107.0,161.0,18.0,7.0,12.0,54.0,15.0,0.0,1.0
37.48,53,80521.0,600.0,88.0,600.0,624.0,0.0,1.0,0.0,0.0,0.5,0.023,0.5,0.518,0.508,0.038,0.508,0.533,0.0,0.0,-1.76,-5.34,-0.04,0.0,0.0,0.0,0.0,0.0,0.0,0.0,0.0,1.0,0.0,0.0,0.0,0.0,-0.0,0.0,0.0,0.0,0.0,0.0,0.0,0.0,0.0,161.0,93.0,107.0,161.0,18.0,7.0,12.0,54.0,15.0,0.0,0.0
37.513,52,80573.0,600.0,88.0,600.0,625.0,0.0,1.0,0.0,0.0,0.5,0.022,0.5,0.52,0.508,0.036,0.508,0.534,0.0,0.0,-1.76,-5.34,-0.05,0.0,0.0,0.0,0.0,0.0,0.0,0.0,0.0,1.0,0.0,0.0,0.0,0.0,0.0,0.0,0.0,0.0,0.0,0.0,0.0,0.0,0.0,161.0,93.0,107.0,161.0,18.0,7.0,12.0,54.0,15.0,0.0,0.0
37.578,52,80625.0,600.0,88.0,600.0,625.0,0.0,1.0,0.0,0.0,0.5,0.022,0.5,0.52,0.508,0.036,0.508,0.534,0.0,0.0,-1.76,-5.34,-0.05,0.0,0.0,0.0,0.0,0.0,0.0,0.0,0.0,1.0,0.0,0.0,0.0,0.0,0.0,0.0,0.0,0.0,0.0,0.0,0.0,0.0,0.0,161.0,93.0,107.0,161.0,18.0,7.0,12.0,54.0,15.0,0.0,0.0
37.65,53,80678.0,600.0,88.0,600.0,625.0,0.0,1.0,0.0,0.0,0.5,0.022,0.5,0.52,0.508,0.036,0.508,0.534,0.0,0.0,-1.76,-5.34,-0.04,0.0,0.0,0.0,0.0,0.0,0.0,0.0,0.0,1.0,0.0,0.0,0.0,0.0,0.0,0.0,0.0,0.0,0.0,0.0,0.0,0.0,0.0,161.0,93.0,107.0,161.0,18.0,7.0,12.0,54.0,15.0,0.0,0.0
37.683,52,80730.0,600.0,88.0,600.0,625.0,0.0,1.0,0.0,0.0,0.5,0.022,0.5,0.52,0.508,0.036,0.508,0.534,0.0,0.0,-1.76,-5.34,-0.04,0.0,0.0,0.0,0.0,0.0,0.0,0.0,0.0,1.0,0.0,0.0,0.0,0.0,-0.0,0.0,0.0,0.0,0.0,0.0,0.0,0.0,0.0,161.0,93.0,107.0,161.0,18.0,7.0,12.0,54.0,15.0,0.0,1.0
37.749,52,80782.0,600.0,88.0,600.0,627.0,0.0,1.0,0.0,0.0,0.5,0.021,0.5,0.521,0.508,0.036,0.508,0.535,0.0,0.0,-1.76,-5.34,-0.04,0.0,0.0,0.0,0.0,0.0,0.0,0.0,0.0,1.0,0.0,0.0,0.0,0.0,0.0,0.0,0.0,0.0,0.0,0.0,0.0,0.0,0.0,161.0,93.0,107.0,161.0,18.0,7.0,12.0,54.0,15.0,0.0,0.0
37.781,52,80834.0,600.0,88.0,600.0,627.0,0.0,1.0,0.0,0.0,0.5,0.021,0.5,0.521,0.508,0.036,0.508,0.535,0.0,0.0,-1.77,-5.34,-0.04,0.0,0.0,0.0,0.0,0.0,0.0,0.0,0.0,1.0,0.0,0.0,0.0,0.0,0.0,0.0,0.0,0.0,0.0,0.0,0.0,0.0,0.0,161.0,93.0,107.0,161.0,18.0,7.0,12.0,54.0,15.0,0.0,1.0
37.852,51,80885.0,600.0,88.0,600.0,627.0,0.0,1.0,0.0,0.0,0.5,0.021,0.5,0.521,0.508,0.036,0.508,0.535,0.0,0.0,-1.76,-5.34,-0.04,0.0,0.0,0.0,0.0,0.0,0.0,0.0,0.0,1.0,0.0,0.0,0.0,0.0,-0.0,0.0,0.0,0.0,0.0,0.0,0.0,0.0,0.0,161.0,93.0,107.0,161.0,18.0,7.0,12.0,54.0,15.0,0.0,0.0
37.885,53,80938.0,600.0,88.0,600.0,627.0,0.0,1.0,0.0,0.0,0.5,0.021,0.5,0.521,0.508,0.036,0.508,0.535,0.0,0.0,-1.76,-5.34,-0.04,0.0,0.0,0.0,0.0,0.0,0.0,0.0,0.0,1.0,0.0,0.0,0.0,0.0,0.0,0.0,0.0,0.0,0.0,0.0,0.0,0.0,0.0,161.0,93.0,107.0,161.0,18.0,7.0,12.0,54.0,15.0,0.0,1.0
37.95,52,80990.0,600.0,88.0,600.0,625.0,0.0,1.0,0.0,0.0,0.5,0.021,0.5,0.521,0.508,0.036,0.508,0.535,0.0,0.0,-1.76,-5.34,-0.04,0.0,0.0,0.0,0.0,0.0,0.0,0.0,0.0,1.0,0.0,0.0,0.0,0.0,0.0,0.0,0.0,0.0,0.0,0.0,0.0,0.0,0.0,161.0,93.0,107.0,161.0,18.0,7.0,12.0,54.0,15.0,0.0,1.0
37.982,52,81042.0,600.0,88.0,600.0,625.0,0.0,1.0,0.0,0.0,0.5,0.021,0.5,0.521,0.508,0.036,0.508,0.535,0.0,0.0,-1.76,-5.34,-0.04,0.0,0.0,0.0,0.0,0.0,0.0,0.0,0.0,1.0,0.0,0.0,0.0,0.0,0.0,0.0,0.0,0.0,0.0,0.0,0.0,0.0,0.0,161.0,93.0,107.0,161.0,18.0,7.0,12.0,54.0,15.0,0.0,0.0
38.05,52,81094.0,600.0,88.0,600.0,625.0,0.0,1.0,0.0,0.0,0.5,0.021,0.5,0.521,0.508,0.036,0.508,0.535,0.0,0.0,-1.76,-5.34,-0.05,0.0,0.0,0.0,0.0,0.0,0.0,0.0,0.0,1.0,0.0,0.0,0.0,0.0,0.0,0.0,0.0,0.0,0.0,0.0,0.0,0.0,0.0,161.0,93.0,107.0,161.0,18.0,7.0,12.0,54.0,15.0,0.0,0.0
38.115,53,81147.0,600.0,88.0,600.0,625.0,0.0,1.0,0.0,0.0,0.5,0.021,0.5,0.521,0.508,0.036,0.508,0.535,0.0,0.0,-1.76,-5.34,-0.05,0.0,0.0,0.0,0.0,0.0,0.0,0.0,0.0,1.0,0.0,0.0,0.0,0.0,0.0,0.0,0.0,0.0,0.0,0.0,0.0,0.0,0.0,161.0,93.0,107.0,161.0,18.0,7.0,12.0,54.0,15.0,0.0,0.0
38.147,52,81199.0,600.0,88.0,600.0,623.0,0.0,1.0,0.0,0.0,0.5,0.021,0.5,0.52,0.508,0.036,0.508,0.535,0.0,0.0,-1.76,-5.34,-0.05,0.0,0.0,0.0,0.0,0.0,0.0,0.0,0.0,1.0,0.0,0.0,0.0,0.0,0.0,0.0,0.0,0.0,0.0,0.0,0.0,0.0,0.0,161.0,93.0,107.0,161.0,18.0,7.0,12.0,54.0,15.0,0.0,1.0
38.214,52,81251.0,600.0,88.0,600.0,623.0,0.0,1.0,0.0,0.0,0.5,0.021,0.5,0.52,0.508,0.036,0.508,0.535,0.0,0.0,-1.76,-5.34,-0.05,0.0,0.0,0.0,0.0,0.0,0.0,0.0,0.0,1.0,0.0,0.0,0.0,0.0,-0.0,0.0,0.0,0.0,0.0,0.0,0.0,0.0,0.0,161.0,93.0,107.0,161.0,18.0,7.0,12.0,54.0,15.0,0.0,1.0
38.247,51,81302.0,600.0,88.0,600.0,623.0,0.0,1.0,0.0,0.0,0.5,0.021,0.5,0.52,0.508,0.036,0.508,0.535,0.0,0.0,-1.76,-5.34,-0.05,0.0,0.0,0.0,0.0,0.0,0.0,0.0,0.0,1.0,0.0,0.0,0.0,0.0,0.0,0.0,0.0,0.0,0.0,0.0,0.0,0.0,0.0,161.0,93.0,107.0,161.0,18.0,7.0,12.0,54.0,15.0,0.0,0.0
38.312,53,81355.0,600.0,88.0,600.0,623.0,0.0,1.0,0.0,0.0,0.5,0.021,0.5,0.52,0.508,0.036,0.508,0.535,0.0,0.0,-1.76,-5.34,-0.05,0.0,0.0,0.0,0.0,0.0,0.0,0.0,0.0,1.0,0.0,0.0,0.0,0.0,0.0,0.0,0.0,0.0,0.0,0.0,0.0,0.0,0.0,161.0,93.0,107.0,161.0,18.0,7.0,12.0,54.0,15.0,0.0,0.0
38.384,53,81408.0,600.0,88.0,600.0,624.0,0.0,1.0,0.0,0.0,0.5,0.021,0.5,0.52,0.508,0.036,0.508,0.535,0.0,0.0,-1.76,-5.34,-0.05,0.0,0.0,0.0,0.0,0.0,0.0,0.0,0.0,1.0,0.0,0.0,0.0,0.0,0.0,0.0,0.0,0.0,0.0,0.0,0.0,0.0,0.0,161.0,93.0,107.0,161.0,18.0,7.0,12.0,54.0,15.0,0.0,0.0
38.419,52,81460.0,600.0,88.0,600.0,624.0,0.0,1.0,0.0,0.0,0.5,0.021,0.5,0.52,0.508,0.036,0.508,0.535,0.0,0.0,-1.76,-5.34,-0.05,0.0,0.0,0.0,0.0,0.0,0.0,0.0,0.0,1.0,0.0,0.0,0.0,0.0,-0.0,0.0,0.0,0.0,0.0,0.0,0.0,0.0,0.0,161.0,93.0,107.0,161.0,18.0,7.0,12.0,54.0,15.0,0.0,1.0
38.484,52,81512.0,600.0,87.0,600.0,624.0,0.0,1.0,0.0,0.0,0.5,0.021,0.5,0.52,0.508,0.036,0.508,0.535,0.0,0.0,-1.76,-5.34,-0.05,0.0,0.0,0.0,0.0,0.0,0.0,0.0,0.0,1.0,0.0,0.0,0.0,0.0,0.0,0.0,0.0,0.0,0.0,0.0,0.0,0.0,0.0,161.0,93.0,107.0,161.0,18.0,7.0,12.0,54.0,15.0,0.0,0.0
38.515,52,81564.0,600.0,87.0,600.0,624.0,0.0,1.0,0.0,0.0,0.5,0.021,0.5,0.52,0.508,0.036,0.508,0.535,0.0,0.0,-1.76,-5.34,-0.05,0.0,0.0,0.0,0.0,0.0,0.0,0.0,0.0,1.0,0.0,0.0,0.0,0.0,0.0,0.0,0.0,0.0,0.0,0.0,0.0,0.0,0.0,161.0,93.0,107.0,161.0,18.0,7.0,12.0,54.0,15.0,0.0,0.0
38.579,54,81618.0,600.0,87.0,600.0,625.0,0.0,1.0,0.0,0.0,0.5,0.021,0.5,0.52,0.508,0.036,0.508,0.535,0.0,0.0,-1.76,-5.34,-0.05,0.0,0.0,0.0,0.0,0.0,0.0,0.0,0.0,1.0,0.0,0.0,0.0,0.0,0.0,0.0,0.0,0.0,0.0,0.0,0.0,0.0,0.0,161.0,93.0,107.0,161.0,18.0,7.0,12.0,54.0,15.0,0.0,1.0
38.617,52,81670.0,600.0,87.0,600.0,625.0,0.0,1.0,0.0,0.0,0.5,0.021,0.5,0.52,0.508,0.036,0.508,0.535,0.0,0.0,-1.76,-5.34,-0.05,0.0,0.0,0.0,0.0,0.0,0.0,0.0,0.0,1.0,0.0,0.0,0.0,0.0,0.0,0.0,0.0,0.0,0.0,0.0,0.0,0.0,0.0,161.0,93.0,107.0,161.0,18.0,7.0,12.0,54.0,15.0,0.0,1.0
38.683,52,81722.0,600.0,86.0,600.0,625.0,0.0,1.0,0.0,0.0,0.5,0.021,0.5,0.52,0.508,0.036,0.508,0.535,0.0,0.0,-1.76,-5.34,-0.05,0.0,0.0,0.0,0.0,0.0,0.0,0.0,0.0,1.0,0.0,0.0,0.0,0.0,0.0,0.0,0.0,0.0,0.0,0.0,0.0,0.0,0.0,161.0,93.0,107.0,161.0,18.0,7.0,12.0,54.0,15.0,0.0,0.0
38.715,52,81774.0,600.0,86.0,600.0,625.0,0.0,1.0,0.0,0.0,0.5,0.021,0.5,0.52,0.508,0.036,0.508,0.535,0.0,0.0,-1.76,-5.34,-0.05,0.0,0.0,0.0,0.0,0.0,0.0,0.0,0.0,1.0,0.0,0.0,0.0,0.0,0.0,0.0,0.0,0.0,0.0,0.0,0.0,0.0,0.0,161.0,93.0,107.0,161.0,18.0,7.0,12.0,54.0,15.0,0.0,0.0
38.781,52,81826.0,600.0,86.0,600.0,624.0,0.0,1.0,0.0,0.0,0.5,0.02,0.5,0.52,0.508,0.035,0.508,0.534,0.0,0.0,-1.76,-5.34,-0.05,0.0,0.0,0.0,0.0,0.0,0.0,0.0,0.0,1.0,0.0,0.0,0.0,0.0,0.0,0.0,0.0,0.0,0.0,0.0,0.0,0.0,0.0,161.0,93.0,107.0,161.0,18.0,7.0,12.0,54.0,15.0,0.0,0.0
38.847,52,81878.0,600.0,86.0,600.0,624.0,0.0,1.0,0.0,0.0,0.5,0.02,0.5,0.52,0.508,0.035,0.508,0.534,0.0,0.0,-1.76,-5.34,-0.05,0.0,0.0,0.0,0.0,0.0,0.0,0.0,0.0,1.0,0.0,0.0,0.0,0.0,-0.0,0.0,0.0,0.0,0.0,0.0,0.0,0.0,0.0,161.0,93.0,107.0,161.0,18.0,7.0,12.0,54.0,15.0,0.0,0.0
38.88,51,81929.0,600.0,86.0,600.0,624.0,0.0,1.0,0.0,0.0,0.5,0.02,0.5,0.52,0.508,0.035,0.508,0.534,0.0,0.0,-1.76,-5.34,-0.05,0.0,0.0,0.0,0.0,0.0,0.0,0.0,0.0,1.0,0.0,0.0,0.0,0.0,-0.0,0.0,0.0,0.0,0.0,0.0,0.0,0.0,0.0,161.0,93.0,107.0,161.0,18.0,7.0,12.0,54.0,15.0,0.0,0.0
38.954,53,81982.0,600.0,86.0,600.0,624.0,0.0,1.0,0.0,0.0,0.5,0.02,0.5,0.52,0.508,0.035,0.508,0.534,0.0,0.0,-1.76,-5.34,-0.05,0.0,0.0,0.0,0.0,0.0,0.0,0.0,0.0,1.0,0.0,0.0,0.0,0.0,0.0,0.0,0.0,0.0,0.0,0.0,0.0,0.0,0.0,161.0,93.0,107.0,161.0,18.0,7.0,12.0,54.0,15.0,0.0,1.0
38.986,52,82034.0,600.0,86.0,600.0,626.0,0.0,1.0,0.0,0.0,0.5,0.02,0.5,0.52,0.508,0.035,0.508,0.535,0.0,0.0,-1.76,-5.34,-0.05,0.0,0.0,0.0,0.0,0.0,0.0,0.0,0.0,1.0,0.0,0.0,0.0,0.0,0.0,0.0,0.0,0.0,0.0,0.0,0.0,0.0,0.0,161.0,93.0,107.0,161.0,18.0,7.0,12.0,54.0,15.0,0.0,0.0
39.051,52,82086.0,600.0,86.0,600.0,626.0,0.0,1.0,0.0,0.0,0.5,0.02,0.5,0.52,0.508,0.035,0.508,0.535,0.0,0.0,-1.76,-5.34,-0.05,0.0,0.0,0.0,0.0,0.0,0.0,0.0,0.0,1.0,0.0,0.0,0.0,0.0,0.0,0.0,0.0,0.0,0.0,0.0,0.0,0.0,0.0,161.0,93.0,107.0,161.0,18.0,7.0,12.0,54.0,15.0,0.0,0.0
39.083,51,82137.0,600.0,86.0,600.0,626.0,0.0,1.0,0.0,0.0,0.5,0.02,0.5,0.52,0.508,0.035,0.508,0.535,0.0,0.0,-1.76,-5.34,-0.05,0.0,0.0,0.0,0.0,0.0,0.0,0.0,0.0,1.0,0.0,0.0,0.0,0.0,0.0,0.0,0.0,0.0,0.0,0.0,0.0,0.0,0.0,161.0,93.0,107.0,161.0,18.0,7.0,12.0,54.0,15.0,0.0,0.0
39.147,52,82189.0,600.0,86.0,600.0,626.0,0.0,1.0,0.0,0.0,0.5,0.02,0.5,0.52,0.508,0.035,0.508,0.535,0.0,0.0,-1.76,-5.34,-0.05,0.0,0.0,0.0,0.0,0.0,0.0,0.0,0.0,1.0,0.0,0.0,0.0,0.0,0.0,0.0,0.0,0.0,0.0,0.0,0.0,0.0,0.0,161.0,93.0,107.0,161.0,18.0,7.0,12.0,54.0,15.0,0.0,0.0
39.214,52,82241.0,600.0,86.0,600.0,626.0,0.0,1.0,0.0,0.0,0.5,0.02,0.5,0.521,0.508,0.035,0.508,0.535,0.0,0.0,-1.76,-5.34,-0.05,0.0,0.0,0.0,0.0,0.0,0.0,0.0,0.0,1.0,0.0,0.0,0.0,0.0,0.0,0.0,0.0,0.0,0.0,0.0,0.0,0.0,0.0,161.0,93.0,107.0,161.0,18.0,7.0,12.0,54.0,15.0,0.0,0.0
39.247,52,82293.0,600.0,86.0,600.0,626.0,0.0,1.0,0.0,0.0,0.5,0.02,0.5,0.521,0.508,0.035,0.508,0.535,0.0,0.0,-1.76,-5.34,-0.05,0.0,0.0,0.0,0.0,0.0,0.0,0.0,0.0,1.0,0.0,0.0,0.0,0.0,0.0,0.0,0.0,0.0,0.0,0.0,0.0,0.0,0.0,161.0,93.0,107.0,161.0,18.0,7.0,12.0,54.0,15.0,0.0,0.0
39.313,52,82345.0,600.0,86.0,600.0,626.0,0.0,1.0,0.0,0.0,0.5,0.02,0.5,0.521,0.508,0.035,0.508,0.535,0.0,0.0,-1.76,-5.34,-0.05,0.0,0.0,0.0,0.0,0.0,0.0,0.0,0.0,1.0,0.0,0.0,0.0,0.0,-0.0,0.0,0.0,0.0,0.0,0.0,0.0,0.0,0.0,161.0,93.0,107.0,161.0,18.0,7.0,12.0,54.0,15.0,0.0,0.0
39.346,52,82397.0,600.0,86.0,600.0,626.0,0.0,1.0,0.0,0.0,0.5,0.02,0.5,0.521,0.508,0.035,0.508,0.535,0.0,0.0,-1.76,-5.34,-0.05,0.0,0.0,0.0,0.0,0.0,0.0,0.0,0.0,1.0,0.0,0.0,0.0,0.0,0.0,0.0,0.0,0.0,0.0,0.0,0.0,0.0,0.0,161.0,93.0,107.0,161.0,18.0,7.0,12.0,54.0,15.0,0.0,0.0
39.412,52,82449.0,600.0,86.0,600.0,624.0,0.0,1.0,0.0,0.0,0.5,0.02,0.5,0.52,0.508,0.035,0.508,0.535,0.0,0.0,-1.76,-5.34,-0.05,0.0,0.0,0.0,0.0,0.0,0.0,0.0,0.0,1.0,0.0,0.0,0.0,0.0,0.0,0.0,0.0,0.0,0.0,0.0,0.0,0.0,0.0,161.0,93.0,107.0,161.0,18.0,7.0,12.0,54.0,15.0,0.0,0.0
39.445,52,82501.0,600.0,86.0,600.0,624.0,0.0,1.0,0.0,0.0,0.5,0.02,0.5,0.52,0.508,0.035,0.508,0.535,0.0,0.0,-1.76,-5.34,-0.05,0.0,0.0,0.0,0.0,0.0,0.0,0.0,0.0,1.0,0.0,0.0,0.0,0.0,-0.0,0.0,0.0,0.0,0.0,0.0,0.0,0.0,0.0,161.0,93.0,107.0,161.0,18.0,7.0,12.0,54.0,15.0,0.0,1.0
39.51,52,82553.0,600.0,87.0,600.0,624.0,0.0,1.0,0.0,0.0,0.5,0.02,0.5,0.52,0.508,0.035,0.508,0.535,0.0,0.0,-1.77,-5.33,-0.05,0.0,0.0,0.0,0.0,0.0,0.0,0.0,0.0,1.0,0.0,0.0,0.0,0.0,0.0,0.0,0.0,0.0,0.0,0.0,0.0,0.0,0.0,161.0,93.0,107.0,161.0,18.0,7.0,12.0,54.0,15.0,0.0,0.0
39.575,52,82605.0,600.0,87.0,600.0,624.0,0.0,1.0,0.0,0.0,0.5,0.02,0.5,0.52,0.508,0.035,0.508,0.535,0.0,0.0,-1.77,-5.33,-0.05,0.0,0.0,0.0,0.0,0.0,0.0,0.0,0.0,1.0,0.0,0.0,0.0,0.0,0.0,0.0,0.0,0.0,0.0,0.0,0.0,0.0,0.0,161.0,93.0,107.0,161.0,18.0,7.0,12.0,54.0,15.0,0.0,0.0
39.608,53,82658.0,600.0,87.0,600.0,624.0,0.0,1.0,0.0,0.0,0.5,0.02,0.5,0.52,0.508,0.035,0.508,0.534,0.0,0.0,-1.77,-5.33,-0.05,0.0,0.0,0.0,0.0,0.0,0.0,0.0,0.0,1.0,0.0,0.0,0.0,0.0,0.0,0.0,0.0,0.0,0.0,0.0,0.0,0.0,0.0,161.0,93.0,107.0,161.0,18.0,7.0,12.0,54.0,15.0,0.0,0.0
39.673,52,82710.0,600.0,87.0,600.0,624.0,0.0,1.0,0.0,0.0,0.5,0.02,0.5,0.52,0.508,0.035,0.508,0.534,0.0,0.0,-1.77,-5.33,-0.05,0.0,0.0,0.0,0.0,0.0,0.0,0.0,0.0,1.0,0.0,0.0,0.0,0.0,0.0,0.0,0.0,0.0,0.0,0.0,0.0,0.0,0.0,161.0,93.0,107.0,161.0,18.0,7.0,12.0,54.0,15.0,0.0,0.0
39.705,52,82762.0,600.0,87.0,600.0,624.0,0.0,1.0,0.0,0.0,0.5,0.02,0.5,0.52,0.508,0.035,0.508,0.534,0.0,0.0,-1.77,-5.33,-0.05,0.0,0.0,0.0,0.0,0.0,0.0,0.0,0.0,1.0,0.0,0.0,0.0,0.0,0.0,0.0,0.0,0.0,0.0,0.0,0.0,0.0,0.0,161.0,93.0,107.0,161.0,18.0,7.0,12.0,54.0,15.0,0.0,0.0
39.771,52,82814.0,600.0,87.0,600.0,624.0,0.0,1.0,0.0,0.0,0.5,0.02,0.5,0.52,0.508,0.035,0.508,0.534,0.0,0.0,-1.77,-5.33,-0.05,0.0,0.0,0.0,0.0,0.0,0.0,0.0,0.0,1.0,0.0,0.0,0.0,0.0,0.0,0.0,0.0,0.0,0.0,0.0,0.0,0.0,0.0,161.0,93.0,107.0,161.0,18.0,7.0,12.0,54.0,15.0,0.0,0.0
39.837,52,82866.0,600.0,87.0,600.0,625.0,0.0,1.0,0.0,0.0,0.5,0.021,0.5,0.52,0.508,0.035,0.508,0.535,0.0,0.0,-1.77,-5.32,-0.05,0.0,0.0,0.0,0.0,0.0,0.0,0.0,0.0,1.0,0.0,0.0,0.0,0.0,0.0,0.0,0.0,0.0,0.0,0.0,0.0,0.0,0.0,161.0,93.0,107.0,161.0,18.0,7.0,12.0,54.0,15.0,0.0,0.0
39.87,52,82918.0,600.0,87.0,600.0,625.0,0.0,1.0,0.0,0.0,0.5,0.021,0.5,0.52,0.508,0.035,0.508,0.535,0.0,0.0,-1.78,-5.32,-0.05,0.0,0.0,0.0,0.0,0.0,0.0,0.0,0.0,1.0,0.0,0.0,0.0,0.0,-0.0,0.0,0.0,0.0,0.0,0.0,0.0,0.0,0.0,161.0,93.0,107.0,161.0,18.0,7.0,12.0,54.0,15.0,0.0,0.0
39.935,52,82970.0,600.0,87.0,600.0,625.0,0.0,1.0,0.0,0.0,0.5,0.021,0.5,0.52,0.508,0.035,0.508,0.535,0.0,0.0,-1.78,-5.32,-0.05,0.0,0.0,0.0,0.0,0.0,0.0,0.0,0.0,1.0,0.0,0.0,0.0,0.0,0.0,0.0,0.0,0.0,0.0,0.0,0.0,0.0,0.0,161.0,93.0,107.0,161.0,18.0,7.0,12.0,54.0,15.0,0.0,0.0
39.967,52,83022.0,600.0,87.0,600.0,625.0,0.0,1.0,0.0,0.0,0.5,0.021,0.5,0.52,0.508,0.035,0.508,0.535,0.0,0.0,-1.78,-5.32,-0.05,0.0,0.0,0.0,0.0,0.0,0.0,0.0,0.0,1.0,0.0,0.0,0.0,0.0,0.0,0.0,0.0,0.0,0.0,0.0,0.0,0.0,0.0,161.0,93.0,107.0,161.0,18.0,7.0,12.0,54.0,15.0,0.0,1.0
40.033,52,83074.0,600.0,87.0,600.0,623.0,0.0,1.0,0.0,0.0,0.5,0.021,0.5,0.519,0.508,0.035,0.508,0.534,0.0,0.0,-1.78,-5.32,-0.05,0.0,0.0,0.0,0.0,0.0,0.0,0.0,0.0,1.0,0.0,0.0,0.0,0.0,-0.0,0.0,0.0,0.0,0.0,0.0,0.0,0.0,0.0,161.0,93.0,107.0,161.0,18.0,7.0,12.0,54.0,15.0,0.0,0.0
40.098,52,83126.0,600.0,87.0,600.0,623.0,0.0,1.0,0.0,0.0,0.5,0.021,0.5,0.519,0.508,0.035,0.508,0.534,0.0,0.0,-1.78,-5.32,-0.05,0.0,0.0,0.0,0.0,0.0,0.0,0.0,0.0,1.0,0.0,0.0,0.0,0.0,-0.0,0.0,0.0,0.0,0.0,0.0,0.0,0.0,0.0,161.0,93.0,107.0,161.0,18.0,7.0,12.0,54.0,15.0,0.0,0.0
40.131,53,83179.0,600.0,87.0,600.0,623.0,0.0,1.0,0.0,0.0,0.5,0.021,0.5,0.519,0.508,0.035,0.508,0.534,0.0,0.0,-1.78,-5.33,-0.05,0.0,0.0,0.0,0.0,0.0,0.0,0.0,0.0,1.0,0.0,0.0,0.0,0.0,0.0,0.0,0.0,0.0,0.0,0.0,0.0,0.0,0.0,161.0,93.0,107.0,161.0,18.0,7.0,12.0,54.0,15.0,0.0,0.0
40.195,52,83231.0,600.0,87.0,600.0,623.0,0.0,1.0,0.0,0.0,0.5,0.021,0.5,0.519,0.508,0.035,0.508,0.534,0.0,0.0,-1.78,-5.33,-0.05,0.0,0.0,0.0,0.0,0.0,0.0,0.0,0.0,1.0,0.0,0.0,0.0,0.0,0.0,0.0,0.0,0.0,0.0,0.0,0.0,0.0,0.0,161.0,93.0,107.0,161.0,18.0,7.0,12.0,54.0,15.0,0.0,0.0
40.226,52,83283.0,600.0,87.0,600.0,624.0,0.0,1.0,0.0,0.0,0.5,0.02,0.5,0.519,0.508,0.035,0.508,0.534,0.0,0.0,-1.78,-5.33,-0.05,0.0,0.0,0.0,0.0,0.0,0.0,0.0,0.0,1.0,0.0,0.0,0.0,0.0,-0.0,0.0,0.0,0.0,0.0,0.0,0.0,0.0,0.0,161.0,93.0,107.0,161.0,18.0,7.0,12.0,54.0,15.0,0.0,0.0
40.29,52,83335.0,600.0,87.0,600.0,624.0,0.0,1.0,0.0,0.0,0.5,0.02,0.5,0.519,0.508,0.035,0.508,0.534,0.0,0.0,-1.78,-5.33,-0.05,0.0,0.0,0.0,0.0,0.0,0.0,0.0,0.0,1.0,0.0,0.0,0.0,0.0,0.0,0.0,0.0,0.0,0.0,0.0,0.0,0.0,0.0,161.0,93.0,107.0,161.0,18.0,7.0,12.0,54.0,15.0,0.0,0.0
40.356,51,83386.0,600.0,86.0,600.0,624.0,0.0,1.0,0.0,0.0,0.5,0.02,0.5,0.519,0.508,0.035,0.508,0.534,0.0,0.0,-1.78,-5.33,-0.05,0.0,0.0,0.0,0.0,0.0,0.0,0.0,0.0,1.0,0.0,0.0,0.0,0.0,0.0,0.0,0.0,0.0,0.0,0.0,0.0,0.0,0.0,161.0,93.0,107.0,161.0,18.0,7.0,12.0,54.0,15.0,0.0,0.0
40.389,52,83438.0,600.0,86.0,600.0,624.0,0.0,1.0,0.0,0.0,0.5,0.02,0.5,0.519,0.508,0.035,0.508,0.534,0.0,0.0,-1.78,-5.34,-0.05,0.0,0.0,0.0,0.0,0.0,0.0,0.0,0.0,1.0,0.0,0.0,0.0,0.0,0.0,0.0,0.0,0.0,0.0,0.0,0.0,0.0,0.0,161.0,93.0,107.0,161.0,18.0,7.0,12.0,54.0,15.0,0.0,0.0
40.455,52,83490.0,600.0,86.0,600.0,624.0,0.0,1.0,0.0,0.0,0.5,0.02,0.5,0.52,0.508,0.035,0.508,0.534,0.0,0.0,-1.78,-5.34,-0.05,0.0,0.0,0.0,0.0,0.0,0.0,0.0,0.0,1.0,0.0,0.0,0.0,0.0,0.0,0.0,0.0,0.0,0.0,0.0,0.0,0.0,0.0,161.0,93.0,107.0,161.0,18.0,7.0,12.0,54.0,15.0,0.0,0.0
40.494,52,83542.0,600.0,86.0,600.0,624.0,0.0,1.0,0.0,0.0,0.5,0.02,0.5,0.52,0.508,0.035,0.508,0.534,0.0,0.0,-1.78,-5.34,-0.05,0.0,0.0,0.0,0.0,0.0,0.0,0.0,0.0,1.0,0.0,0.0,0.0,0.0,-0.0,0.0,0.0,0.0,0.0,0.0,0.0,0.0,0.0,161.0,93.0,107.0,161.0,18.0,7.0,12.0,54.0,15.0,0.0,1.0
40.563,51,83593.0,600.0,85.0,600.0,624.0,0.0,1.0,0.0,0.0,0.5,0.02,0.5,0.52,0.508,0.035,0.508,0.534,0.0,0.0,-1.78,-5.34,-0.05,0.0,0.0,0.0,0.0,0.0,0.0,0.0,0.0,1.0,0.0,0.0,0.0,0.0,-0.0,0.0,0.0,0.0,0.0,0.0,0.0,0.0,0.0,161.0,93.0,107.0,161.0,18.0,7.0,12.0,54.0,15.0,0.0,0.0
40.594,52,83645.0,600.0,85.0,600.0,624.0,0.0,1.0,0.0,0.0,0.5,0.02,0.5,0.52,0.508,0.035,0.508,0.534,0.0,0.0,-1.78,-5.34,-0.05,0.0,0.0,0.0,0.0,0.0,0.0,0.0,0.0,1.0,0.0,0.0,0.0,0.0,-0.0,0.0,0.0,0.0,0.0,0.0,0.0,0.0,0.0,161.0,93.0,107.0,161.0,18.0,7.0,12.0,54.0,15.0,0.0,0.0
40.655,53,83698.0,600.0,85.0,600.0,625.0,0.0,1.0,0.0,0.0,0.5,0.02,0.5,0.52,0.508,0.035,0.508,0.535,0.0,0.0,-1.78,-5.34,-0.05,0.0,0.0,0.0,0.0,0.0,0.0,0.0,0.0,1.0,0.0,0.0,0.0,0.0,-0.0,0.0,0.0,0.0,0.0,0.0,0.0,0.0,0.0,161.0,93.0,107.0,161.0,18.0,7.0,12.0,54.0,15.0,0.0,0.0
40.721,52,83750.0,600.0,85.0,600.0,625.0,0.0,1.0,0.0,0.0,0.5,0.02,0.5,0.52,0.508,0.035,0.508,0.535,0.0,0.0,-1.78,-5.34,-0.05,0.0,0.0,0.0,0.0,0.0,0.0,0.0,0.0,1.0,0.0,0.0,0.0,0.0,-0.0,0.0,0.0,0.0,0.0,0.0,0.0,0.0,0.0,161.0,93.0,107.0,161.0,18.0,7.0,12.0,54.0,15.0,0.0,0.0
40.753,52,83802.0,600.0,85.0,600.0,625.0,0.0,1.0,0.0,0.0,0.5,0.02,0.5,0.52,0.508,0.035,0.508,0.535,0.0,0.0,-1.78,-5.34,-0.05,0.0,0.0,0.0,0.0,0.0,0.0,0.0,0.0,1.0,0.0,0.0,0.0,0.0,0.0,0.0,0.0,0.0,0.0,0.0,0.0,0.0,0.0,161.0,93.0,107.0,161.0,18.0,7.0,12.0,54.0,15.0,0.0,0.0
40.825,52,83854.0,600.0,85.0,600.0,625.0,0.0,1.0,0.0,0.0,0.5,0.02,0.5,0.52,0.508,0.035,0.508,0.535,0.0,0.0,-1.78,-5.34,-0.05,0.0,0.0,0.0,0.0,0.0,0.0,0.0,0.0,1.0,0.0,0.0,0.0,0.0,0.0,0.0,0.0,0.0,0.0,0.0,0.0,0.0,0.0,161.0,93.0,107.0,161.0,18.0,7.0,12.0,54.0,15.0,0.0,0.0
40.858,52,83906.0,600.0,85.0,600.0,622.0,0.0,1.0,0.0,0.0,0.5,0.02,0.5,0.519,0.508,0.035,0.508,0.534,0.0,0.0,-1.78,-5.34,-0.05,0.0,0.0,0.0,0.0,0.0,0.0,0.0,0.0,1.0,0.0,0.0,0.0,0.0,0.0,0.0,0.0,0.0,0.0,0.0,0.0,0.0,0.0,161.0,93.0,107.0,161.0,18.0,7.0,12.0,54.0,15.0,0.0,1.0
40.923,52,83958.0,600.0,85.0,600.0,622.0,0.0,1.0,0.0,0.0,0.5,0.02,0.5,0.519,0.508,0.035,0.508,0.534,0.0,0.0,-1.78,-5.34,-0.05,0.0,0.0,0.0,0.0,0.0,0.0,0.0,0.0,1.0,0.0,0.0,0.0,0.0,0.0,0.0,0.0,0.0,0.0,0.0,0.0,0.0,0.0,161.0,93.0,107.0,161.0,18.0,7.0,12.0,54.0,15.0,0.0,0.0
40.955,51,84009.0,600.0,85.0,600.0,622.0,0.0,1.0,0.0,0.0,0.5,0.02,0.5,0.519,0.508,0.035,0.508,0.534,0.0,0.0,-1.78,-5.35,-0.05,0.0,0.0,0.0,0.0,0.0,0.0,0.0,0.0,1.0,0.0,0.0,0.0,0.0,0.0,0.0,0.0,0.0,0.0,0.0,0.0,0.0,0.0,161.0,93.0,107.0,161.0,18.0,7.0,12.0,54.0,15.0,0.0,1.0
41.025,53,84062.0,600.0,85.0,600.0,622.0,0.0,1.0,0.0,0.0,0.5,0.02,0.5,0.519,0.508,0.035,0.508,0.534,0.0,0.0,-1.77,-5.35,-0.05,0.0,0.0,0.0,0.0,0.0,0.0,0.0,0.0,1.0,0.0,0.0,0.0,0.0,0.0,0.0,0.0,0.0,0.0,0.0,0.0,0.0,0.0,161.0,93.0,107.0,161.0,18.0,7.0,12.0,54.0,15.0,0.0,0.0
41.057,52,84114.0,600.0,85.0,600.0,624.0,0.0,1.0,0.0,0.0,0.5,0.02,0.5,0.519,0.508,0.034,0.508,0.534,0.0,0.0,-1.77,-5.35,-0.05,0.0,0.0,0.0,0.0,0.0,0.0,0.0,0.0,1.0,0.0,0.0,0.0,0.0,0.0,0.0,0.0,0.0,0.0,0.0,0.0,0.0,0.0,161.0,93.0,107.0,161.0,18.0,7.0,12.0,54.0,15.0,0.0,0.0
41.123,52,84166.0,600.0,85.0,600.0,624.0,0.0,1.0,0.0,0.0,0.5,0.02,0.5,0.519,0.508,0.034,0.508,0.534,0.0,0.0,-1.77,-5.35,-0.05,0.0,0.0,0.0,0.0,0.0,0.0,0.0,0.0,1.0,0.0,0.0,0.0,0.0,0.0,0.0,0.0,0.0,0.0,0.0,0.0,0.0,0.0,161.0,93.0,107.0,161.0,18.0,7.0,12.0,54.0,15.0,0.0,0.0
41.189,52,84218.0,600.0,86.0,600.0,624.0,0.0,1.0,0.0,0.0,0.5,0.02,0.5,0.519,0.508,0.034,0.508,0.534,0.0,0.0,-1.77,-5.35,-0.05,0.0,0.0,0.0,0.0,0.0,0.0,0.0,0.0,1.0,0.0,0.0,0.0,0.0,0.0,0.0,0.0,0.0,0.0,0.0,0.0,0.0,0.0,161.0,93.0,107.0,161.0,18.0,7.0,12.0,54.0,15.0,0.0,0.0
41.222,52,84270.0,600.0,86.0,600.0,624.0,0.0,1.0,0.0,0.0,0.5,0.02,0.5,0.519,0.508,0.034,0.508,0.534,0.0,0.0,-1.77,-5.35,-0.05,0.0,0.0,0.0,0.0,0.0,0.0,0.0,0.0,1.0,0.0,0.0,0.0,0.0,-0.0,0.0,0.0,0.0,0.0,0.0,0.0,0.0,0.0,161.0,93.0,107.0,161.0,18.0,7.0,12.0,54.0,15.0,0.0,0.0
41.287,52,84322.0,600.0,86.0,600.0,623.0,0.0,1.0,0.0,0.0,0.5,0.02,0.5,0.519,0.508,0.035,0.508,0.534,0.0,0.0,-1.77,-5.35,-0.05,0.0,0.0,0.0,0.0,0.0,0.0,0.0,0.0,1.0,0.0,0.0,0.0,0.0,0.0,0.0,0.0,0.0,0.0,0.0,0.0,0.0,0.0,161.0,93.0,107.0,161.0,18.0,7.0,12.0,54.0,15.0,0.0,0.0
41.319,52,84374.0,600.0,86.0,600.0,623.0,0.0,1.0,0.0,0.0,0.5,0.02,0.5,0.519,0.508,0.035,0.508,0.534,0.0,0.0,-1.77,-5.35,-0.05,0.0,0.0,0.0,0.0,0.0,0.0,0.0,0.0,1.0,0.0,0.0,0.0,0.0,-0.0,0.0,0.0,0.0,0.0,0.0,0.0,0.0,0.0,161.0,93.0,107.0,161.0,18.0,7.0,12.0,54.0,15.0,0.0,0.0
41.385,52,84426.0,600.0,87.0,600.0,623.0,0.0,1.0,0.0,0.0,0.5,0.02,0.5,0.519,0.508,0.035,0.508,0.534,0.0,0.0,-1.77,-5.36,-0.05,0.0,0.0,0.0,0.0,0.0,0.0,0.0,0.0,1.0,0.0,0.0,0.0,0.0,-0.0,0.0,0.0,0.0,0.0,0.0,0.0,0.0,0.0,161.0,93.0,107.0,161.0,18.0,7.0,12.0,54.0,15.0,0.0,0.0
41.451,53,84479.0,600.0,87.0,600.0,623.0,0.0,1.0,0.0,0.0,0.5,0.02,0.5,0.519,0.508,0.035,0.508,0.534,0.0,0.0,-1.78,-5.36,-0.05,0.0,0.0,0.0,0.0,0.0,0.0,0.0,0.0,1.0,0.0,0.0,0.0,0.0,0.0,0.0,0.0,0.0,0.0,0.0,0.0,0.0,0.0,161.0,93.0,107.0,161.0,18.0,7.0,12.0,54.0,15.0,0.0,1.0
41.483,52,84531.0,600.0,87.0,600.0,622.0,0.0,1.0,0.0,0.0,0.5,0.02,0.5,0.519,0.508,0.035,0.508,0.533,0.0,0.0,-1.78,-5.36,-0.05,0.0,0.0,0.0,0.0,0.0,0.0,0.0,0.0,1.0,0.0,0.0,0.0,0.0,0.0,0.0,0.0,0.0,0.0,0.0,0.0,0.0,0.0,161.0,93.0,107.0,161.0,18.0,7.0,12.0,54.0,15.0,0.0,1.0
41.546,53,84584.0,600.0,87.0,600.0,622.0,0.0,1.0,0.0,0.0,0.5,0.02,0.5,0.519,0.508,0.035,0.508,0.533,0.0,0.0,-1.78,-5.36,-0.05,0.0,0.0,0.0,0.0,0.0,0.0,0.0,0.0,1.0,0.0,0.0,0.0,0.0,-0.0,0.0,0.0,0.0,0.0,0.0,0.0,0.0,0.0,161.0,93.0,107.0,161.0,18.0,7.0,12.0,54.0,15.0,0.0,0.0
41.578,52,84636.0,600.0,87.0,600.0,622.0,0.0,1.0,0.0,0.0,0.5,0.02,0.5,0.519,0.508,0.035,0.508,0.533,0.0,0.0,-1.78,-5.36,-0.05,0.0,0.0,0.0,0.0,0.0,0.0,0.0,0.0,1.0,0.0,0.0,0.0,0.0,-0.0,0.0,0.0,0.0,0.0,0.0,0.0,0.0,0.0,161.0,93.0,107.0,161.0,18.0,7.0,12.0,54.0,15.0,0.0,0.0
41.649,52,84688.0,600.0,87.0,600.0,622.0,0.0,1.0,0.0,0.0,0.5,0.02,0.5,0.519,0.508,0.035,0.508,0.533,0.0,0.0,-1.78,-5.36,-0.05,0.0,0.0,0.0,0.0,0.0,0.0,0.0,0.0,1.0,0.0,0.0,0.0,0.0,-0.0,0.0,0.0,0.0,0.0,0.0,0.0,0.0,0.0,161.0,93.0,107.0,161.0,18.0,7.0,12.0,54.0,15.0,0.0,0.0
41.682,52,84740.0,600.0,87.0,600.0,620.0,0.0,1.0,0.0,0.0,0.5,0.02,0.5,0.517,0.508,0.035,0.508,0.532,0.0,0.0,-1.78,-5.36,-0.05,0.0,0.0,0.0,0.0,0.0,0.0,0.0,0.0,1.0,0.0,0.0,0.0,0.0,-0.0,0.0,0.0,0.0,0.0,0.0,0.0,0.0,0.0,161.0,93.0,107.0,161.0,18.0,7.0,12.0,54.0,15.0,0.0,0.0
41.747,52,84792.0,600.0,87.0,600.0,620.0,0.0,1.0,0.0,0.0,0.5,0.02,0.5,0.517,0.508,0.035,0.508,0.532,0.0,0.0,-1.78,-5.36,-0.05,0.0,0.0,0.0,0.0,0.0,0.0,0.0,0.0,1.0,0.0,0.0,0.0,0.0,0.0,0.0,0.0,0.0,0.0,0.0,0.0,0.0,0.0,161.0,93.0,107.0,161.0,18.0,7.0,12.0,54.0,15.0,0.0,0.0
41.814,52,84844.0,600.0,86.0,600.0,620.0,0.0,1.0,0.0,0.0,0.5,0.02,0.5,0.517,0.508,0.035,0.508,0.532,0.0,0.0,-1.78,-5.35,-0.05,0.0,0.0,0.0,0.0,0.0,0.0,0.0,0.0,1.0,0.0,0.0,0.0,0.0,0.0,0.0,0.0,0.0,0.0,0.0,0.0,0.0,0.0,161.0,93.0,107.0,161.0,18.0,7.0,12.0,54.0,15.0,0.0,1.0
41.846,52,84896.0,600.0,86.0,600.0,620.0,0.0,1.0,0.0,0.0,0.5,0.02,0.5,0.517,0.508,0.035,0.508,0.532,0.0,0.0,-1.78,-5.35,-0.05,0.0,0.0,0.0,0.0,0.0,0.0,0.0,0.0,1.0,0.0,0.0,0.0,0.0,0.0,0.0,0.0,0.0,0.0,0.0,0.0,0.0,0.0,161.0,93.0,107.0,161.0,18.0,7.0,12.0,54.0,15.0,0.0,0.0
41.912,52,84948.0,600.0,86.0,600.0,622.0,0.0,1.0,0.0,0.0,0.5,0.02,0.5,0.518,0.508,0.035,0.508,0.533,0.0,0.0,-1.78,-5.35,-0.05,0.0,0.0,0.0,0.0,0.0,0.0,0.0,0.0,1.0,0.0,0.0,0.0,0.0,0.0,0.0,0.0,0.0,0.0,0.0,0.0,0.0,0.0,161.0,93.0,107.0,161.0,18.0,7.0,12.0,54.0,15.0,0.0,0.0
41.944,52,85000.0,600.0,86.0,600.0,622.0,0.0,1.0,0.0,0.0,0.5,0.02,0.5,0.518,0.508,0.035,0.508,0.533,0.0,0.0,-1.78,-5.34,-0.05,0.0,0.0,0.0,0.0,0.0,0.0,0.0,0.0,1.0,0.0,0.0,0.0,0.0,-0.0,0.0,0.0,0.0,0.0,0.0,0.0,0.0,0.0,161.0,93.0,107.0,161.0,18.0,7.0,12.0,54.0,15.0,0.0,0.0
42.01,52,85052.0,600.0,88.0,600.0,622.0,0.0,1.0,0.0,0.0,0.5,0.02,0.5,0.518,0.508,0.035,0.508,0.533,0.0,0.0,-1.78,-5.34,-0.05,0.0,0.0,0.0,0.0,0.0,0.0,0.0,0.0,1.0,0.0,0.0,0.0,0.0,0.0,0.0,0.0,0.0,0.0,0.0,0.0,0.0,0.0,161.0,93.0,107.0,161.0,18.0,7.0,12.0,54.0,15.0,0.0,0.0
42.075,52,85104.0,600.0,88.0,600.0,622.0,0.0,1.0,0.0,0.0,0.5,0.02,0.5,0.518,0.508,0.035,0.508,0.533,0.0,0.0,-1.78,-5.34,-0.05,0.0,0.0,0.0,0.0,0.0,0.0,0.0,0.0,1.0,0.0,0.0,0.0,0.0,0.0,0.0,0.0,0.0,0.0,0.0,0.0,0.0,0.0,161.0,93.0,107.0,161.0,18.0,7.0,12.0,54.0,15.0,0.0,0.0
42.108,52,85156.0,600.0,88.0,600.0,621.0,0.0,1.0,0.0,0.0,0.5,0.021,0.5,0.518,0.508,0.035,0.508,0.532,0.0,0.0,-1.78,-5.34,-0.05,0.0,0.0,0.0,0.0,0.0,0.0,0.0,0.0,1.0,0.0,0.0,0.0,0.0,-0.0,0.0,0.0,0.0,0.0,0.0,0.0,0.0,0.0,161.0,93.0,107.0,161.0,18.0,7.0,12.0,54.0,15.0,0.0,1.0
42.173,52,85208.0,600.0,88.0,600.0,621.0,0.0,1.0,0.0,0.0,0.5,0.021,0.5,0.518,0.508,0.035,0.508,0.532,0.0,0.0,-1.78,-5.34,-0.05,0.0,0.0,0.0,0.0,0.0,0.0,0.0,0.0,1.0,0.0,0.0,0.0,0.0,0.0,0.0,0.0,0.0,0.0,0.0,0.0,0.0,0.0,161.0,93.0,107.0,161.0,18.0,7.0,12.0,54.0,15.0,0.0,0.0
42.206,52,85260.0,600.0,87.0,600.0,621.0,0.0,1.0,0.0,0.0,0.5,0.021,0.5,0.518,0.508,0.035,0.508,0.532,0.0,0.0,-1.78,-5.34,-0.05,0.0,0.0,0.0,0.0,0.0,0.0,0.0,0.0,1.0,0.0,0.0,0.0,0.0,0.0,0.0,0.0,0.0,0.0,0.0,0.0,0.0,0.0,161.0,93.0,107.0,161.0,18.0,7.0,12.0,54.0,15.0,0.0,0.0
42.271,52,85312.0,600.0,87.0,600.0,621.0,0.0,1.0,0.0,0.0,0.5,0.021,0.5,0.518,0.508,0.035,0.508,0.532,0.0,0.0,-1.78,-5.34,-0.05,0.0,0.0,0.0,0.0,0.0,0.0,0.0,0.0,1.0,0.0,0.0,0.0,0.0,0.0,0.0,0.0,0.0,0.0,0.0,0.0,0.0,0.0,161.0,93.0,107.0,161.0,18.0,7.0,12.0,54.0,15.0,0.0,0.0
42.304,52,85364.0,600.0,87.0,600.0,620.0,0.0,1.0,0.0,0.0,0.5,0.021,0.5,0.517,0.508,0.035,0.508,0.532,0.0,0.0,-1.78,-5.34,-0.05,0.0,0.0,0.0,0.0,0.0,0.0,0.0,0.0,1.0,0.0,0.0,0.0,0.0,0.0,0.0,0.0,0.0,0.0,0.0,0.0,0.0,0.0,161.0,93.0,107.0,161.0,18.0,7.0,12.0,54.0,15.0,0.0,1.0
42.372,52,85416.0,600.0,87.0,600.0,620.0,0.0,1.0,0.0,0.0,0.5,0.021,0.5,0.517,0.508,0.035,0.508,0.532,0.0,0.0,-1.77,-5.34,-0.05,0.0,0.0,0.0,0.0,0.0,0.0,0.0,0.0,1.0,0.0,0.0,0.0,0.0,-0.0,0.0,0.0,0.0,0.0,0.0,0.0,0.0,0.0,161.0,93.0,107.0,161.0,18.0,7.0,12.0,54.0,15.0,0.0,0.0
42.445,52,85468.0,600.0,87.0,600.0,620.0,0.0,1.0,0.0,0.0,0.5,0.021,0.5,0.517,0.508,0.035,0.508,0.532,0.0,0.0,-1.77,-5.34,-0.05,0.0,0.0,0.0,0.0,0.0,0.0,0.0,0.0,1.0,0.0,0.0,0.0,0.0,-0.0,0.0,0.0,0.0,0.0,0.0,0.0,0.0,0.0,161.0,93.0,107.0,161.0,18.0,7.0,12.0,54.0,15.0,0.0,0.0
42.478,52,85520.0,600.0,87.0,600.0,620.0,0.0,1.0,0.0,0.0,0.5,0.021,0.5,0.517,0.508,0.035,0.508,0.532,0.0,0.0,-1.77,-5.34,-0.05,0.0,0.0,0.0,0.0,0.0,0.0,0.0,0.0,1.0,0.0,0.0,0.0,0.0,0.0,0.0,0.0,0.0,0.0,0.0,0.0,0.0,0.0,161.0,93.0,107.0,161.0,18.0,7.0,12.0,54.0,15.0,0.0,0.0
42.543,52,85572.0,600.0,87.0,600.0,621.0,0.0,1.0,0.0,0.0,0.5,0.02,0.5,0.517,0.508,0.035,0.508,0.532,0.0,0.0,-1.77,-5.34,-0.05,0.0,0.0,0.0,0.0,0.0,0.0,0.0,0.0,1.0,0.0,0.0,0.0,0.0,-0.0,0.0,0.0,0.0,0.0,0.0,0.0,0.0,0.0,161.0,93.0,107.0,161.0,18.0,7.0,12.0,54.0,15.0,0.0,1.0
42.576,52,85624.0,600.0,87.0,600.0,621.0,0.0,1.0,0.0,0.0,0.5,0.02,0.5,0.517,0.508,0.035,0.508,0.532,0.0,0.0,-1.77,-5.34,-0.05,0.0,0.0,0.0,0.0,0.0,0.0,0.0,0.0,1.0,0.0,0.0,0.0,0.0,0.0,0.0,0.0,0.0,0.0,0.0,0.0,0.0,0.0,161.0,93.0,107.0,161.0,18.0,7.0,12.0,54.0,15.0,0.0,0.0
42.651,52,85676.0,600.0,87.0,600.0,621.0,0.0,1.0,0.0,0.0,0.5,0.02,0.5,0.517,0.508,0.035,0.508,0.532,0.0,0.0,-1.77,-5.34,-0.05,0.0,0.0,0.0,0.0,0.0,0.0,0.0,0.0,1.0,0.0,0.0,0.0,0.0,-0.0,0.0,0.0,0.0,0.0,0.0,0.0,0.0,0.0,161.0,93.0,107.0,161.0,18.0,7.0,12.0,54.0,15.0,0.0,0.0
42.684,52,85728.0,600.0,87.0,600.0,621.0,0.0,1.0,0.0,0.0,0.5,0.02,0.5,0.517,0.508,0.035,0.508,0.532,0.0,0.0,-1.78,-5.33,-0.05,0.0,0.0,0.0,0.0,0.0,0.0,0.0,0.0,1.0,0.0,0.0,0.0,0.0,-0.0,0.0,0.0,0.0,0.0,0.0,0.0,0.0,0.0,161.0,93.0,107.0,161.0,18.0,7.0,12.0,54.0,15.0,0.0,0.0
42.75,52,85780.0,600.0,87.0,600.0,623.0,0.0,1.0,0.0,0.0,0.5,0.021,0.5,0.518,0.508,0.035,0.508,0.533,0.0,0.0,-1.78,-5.33,-0.05,0.0,0.0,0.0,0.0,0.0,0.0,0.0,0.0,1.0,0.0,0.0,0.0,0.0,-0.0,0.0,0.0,0.0,0.0,0.0,0.0,0.0,0.0,161.0,93.0,107.0,161.0,18.0,7.0,12.0,54.0,15.0,0.0,0.0
42.782,52,85832.0,600.0,87.0,600.0,623.0,0.0,1.0,0.0,0.0,0.5,0.021,0.5,0.518,0.508,0.035,0.508,0.533,0.0,0.0,-1.78,-5.33,-0.05,0.0,0.0,0.0,0.0,0.0,0.0,0.0,0.0,1.0,0.0,0.0,0.0,0.0,0.0,0.0,0.0,0.0,0.0,0.0,0.0,0.0,0.0,161.0,93.0,107.0,161.0,18.0,7.0,12.0,54.0,15.0,0.0,0.0
42.854,52,85884.0,600.0,87.0,600.0,623.0,0.0,1.0,0.0,0.0,0.5,0.021,0.5,0.518,0.508,0.035,0.508,0.533,0.0,0.0,-1.78,-5.33,-0.05,0.0,0.0,0.0,0.0,0.0,0.0,0.0,0.0,1.0,0.0,0.0,0.0,0.0,0.0,0.0,0.0,0.0,0.0,0.0,0.0,0.0,0.0,161.0,93.0,107.0,161.0,18.0,7.0,12.0,54.0,15.0,0.0,1.0
42.886,52,85936.0,600.0,87.0,600.0,623.0,0.0,1.0,0.0,0.0,0.5,0.021,0.5,0.518,0.508,0.035,0.508,0.533,0.0,0.0,-1.78,-5.33,-0.05,0.0,0.0,0.0,0.0,0.0,0.0,0.0,0.0,1.0,0.0,0.0,0.0,0.0,-0.0,0.0,0.0,0.0,0.0,0.0,0.0,0.0,0.0,161.0,93.0,107.0,161.0,18.0,7.0,12.0,54.0,15.0,0.0,0.0
42.951,52,85988.0,600.0,87.0,600.0,621.0,0.0,1.0,0.0,0.0,0.5,0.021,0.5,0.518,0.508,0.035,0.508,0.532,0.0,0.0,-1.78,-5.33,-0.05,0.0,0.0,0.0,0.0,0.0,0.0,0.0,0.0,1.0,0.0,0.0,0.0,0.0,-0.0,0.0,0.0,0.0,0.0,0.0,0.0,0.0,0.0,161.0,93.0,107.0,161.0,18.0,7.0,12.0,54.0,15.0,0.0,0.0
42.984,53,86041.0,600.0,87.0,600.0,621.0,0.0,1.0,0.0,0.0,0.5,0.021,0.5,0.518,0.508,0.035,0.508,0.532,0.0,0.0,-1.78,-5.32,-0.05,0.0,0.0,0.0,0.0,0.0,0.0,0.0,0.0,1.0,0.0,0.0,0.0,0.0,-0.0,0.0,0.0,0.0,0.0,0.0,0.0,0.0,0.0,161.0,93.0,107.0,161.0,18.0,7.0,12.0,54.0,15.0,0.0,0.0
43.05,51,86092.0,600.0,85.0,600.0,621.0,0.0,1.0,0.0,0.0,0.5,0.021,0.5,0.518,0.508,0.035,0.508,0.532,0.0,0.0,-1.78,-5.32,-0.05,0.0,0.0,0.0,0.0,0.0,0.0,0.0,0.0,1.0,0.0,0.0,0.0,0.0,-0.0,0.0,0.0,0.0,0.0,0.0,0.0,0.0,0.0,161.0,93.0,107.0,161.0,18.0,7.0,12.0,54.0,15.0,0.0,0.0
43.114,53,86145.0,600.0,85.0,600.0,621.0,0.0,1.0,0.0,0.0,0.5,0.021,0.5,0.518,0.508,0.035,0.508,0.532,0.0,0.0,-1.78,-5.32,-0.05,0.0,0.0,0.0,0.0,0.0,0.0,0.0,0.0,1.0,0.0,0.0,0.0,0.0,0.0,0.0,0.0,0.0,0.0,0.0,0.0,0.0,0.0,161.0,93.0,107.0,161.0,18.0,7.0,12.0,54.0,15.0,0.0,1.0
43.146,52,86197.0,600.0,85.0,600.0,621.0,0.0,1.0,0.0,0.0,0.5,0.02,0.5,0.517,0.508,0.035,0.508,0.532,0.0,0.0,-1.77,-5.32,-0.05,0.0,0.0,0.0,0.0,0.0,0.0,0.0,0.0,1.0,0.0,0.0,0.0,0.0,-0.0,0.0,0.0,0.0,0.0,0.0,0.0,0.0,0.0,161.0,93.0,107.0,161.0,18.0,7.0,12.0,54.0,15.0,0.0,0.0
43.218,52,86249.0,600.0,85.0,600.0,621.0,0.0,1.0,0.0,0.0,0.5,0.02,0.5,0.517,0.508,0.035,0.508,0.532,0.0,0.0,-1.77,-5.32,-0.05,0.0,0.0,0.0,0.0,0.0,0.0,0.0,0.0,1.0,0.0,0.0,0.0,0.0,0.0,0.0,0.0,0.0,0.0,0.0,0.0,0.0,0.0,161.0,93.0,107.0,161.0,18.0,7.0,12.0,54.0,15.0,0.0,0.0
43.252,51,86300.0,600.0,86.0,600.0,621.0,0.0,1.0,0.0,0.0,0.5,0.02,0.5,0.517,0.508,0.035,0.508,0.532,0.0,0.0,-1.77,-5.32,-0.05,0.0,0.0,0.0,0.0,0.0,0.0,0.0,0.0,1.0,0.0,0.0,0.0,0.0,0.0,0.0,0.0,0.0,0.0,0.0,0.0,0.0,0.0,161.0,93.0,107.0,161.0,18.0,7.0,12.0,54.0,15.0,0.0,0.0
43.318,53,86353.0,600.0,86.0,600.0,621.0,0.0,1.0,0.0,0.0,0.5,0.02,0.5,0.517,0.508,0.035,0.508,0.532,0.0,0.0,-1.77,-5.32,-0.05,0.0,0.0,0.0,0.0,0.0,0.0,0.0,0.0,1.0,0.0,0.0,0.0,0.0,0.0,0.0,0.0,0.0,0.0,0.0,0.0,0.0,0.0,161.0,93.0,107.0,161.0,18.0,7.0,12.0,54.0,15.0,0.0,0.0
43.35,52,86405.0,600.0,86.0,600.0,623.0,0.0,1.0,0.0,0.0,0.5,0.02,0.5,0.518,0.508,0.035,0.508,0.533,0.0,0.0,-1.77,-5.32,-0.05,0.0,0.0,0.0,0.0,0.0,0.0,0.0,0.0,1.0,0.0,0.0,0.0,0.0,0.0,0.0,0.0,0.0,0.0,0.0,0.0,0.0,0.0,161.0,93.0,107.0,161.0,18.0,7.0,12.0,54.0,15.0,0.0,1.0
43.416,52,86457.0,600.0,86.0,600.0,623.0,0.0,1.0,0.0,0.0,0.5,0.02,0.5,0.518,0.508,0.035,0.508,0.533,0.0,0.0,-1.76,-5.32,-0.05,0.0,0.0,0.0,0.0,0.0,0.0,0.0,0.0,1.0,0.0,0.0,0.0,0.0,-0.0,0.0,0.0,0.0,0.0,0.0,0.0,0.0,0.0,161.0,93.0,107.0,161.0,18.0,7.0,12.0,54.0,15.0,0.0,0.0
43.452,52,86509.0,600.0,86.0,600.0,623.0,0.0,1.0,0.0,0.0,0.5,0.02,0.5,0.518,0.508,0.035,0.508,0.533,0.0,0.0,-1.76,-5.32,-0.06,0.0,0.0,0.0,0.0,0.0,0.0,0.0,0.0,1.0,0.0,0.0,0.0,0.0,-0.0,0.0,0.0,0.0,0.0,0.0,0.0,0.0,0.0,161.0,93.0,107.0,161.0,18.0,7.0,12.0,54.0,15.0,0.0,0.0
43.518,53,86562.0,600.0,86.0,600.0,623.0,0.0,1.0,0.0,0.0,0.5,0.02,0.5,0.518,0.508,0.035,0.508,0.533,0.0,0.0,-1.76,-5.33,-0.06,0.0,0.0,0.0,0.0,0.0,0.0,0.0,0.0,1.0,0.0,0.0,0.0,0.0,0.0,0.0,0.0,0.0,0.0,0.0,0.0,0.0,0.0,161.0,93.0,107.0,161.0,18.0,7.0,12.0,54.0,15.0,0.0,0.0
43.581,52,86614.0,600.0,86.0,600.0,622.0,0.0,1.0,0.0,0.0,0.5,0.02,0.5,0.518,0.508,0.035,0.508,0.532,0.0,0.0,-1.76,-5.33,-0.06,0.0,0.0,0.0,0.0,0.0,0.0,0.0,0.0,1.0,0.0,0.0,0.0,0.0,0.0,0.0,0.0,0.0,0.0,0.0,0.0,0.0,0.0,161.0,93.0,107.0,161.0,18.0,7.0,12.0,54.0,15.0,0.0,1.0
43.612,52,86666.0,600.0,86.0,600.0,622.0,0.0,1.0,0.0,0.0,0.5,0.02,0.5,0.518,0.508,0.035,0.508,0.532,0.0,0.0,-1.76,-5.33,-0.06,0.0,0.0,0.0,0.0,0.0,0.0,0.0,0.0,1.0,0.0,0.0,0.0,0.0,0.0,0.0,0.0,0.0,0.0,0.0,0.0,0.0,0.0,161.0,93.0,107.0,161.0,18.0,7.0,12.0,54.0,15.0,0.0,0.0
43.676,52,86718.0,600.0,86.0,600.0,622.0,0.0,1.0,0.0,0.0,0.5,0.02,0.5,0.518,0.508,0.035,0.508,0.532,0.0,0.0,-1.76,-5.34,-0.06,0.0,0.0,0.0,0.0,0.0,0.0,0.0,0.0,1.0,0.0,0.0,0.0,0.0,0.0,0.0,0.0,0.0,0.0,0.0,0.0,0.0,0.0,161.0,93.0,107.0,161.0,18.0,7.0,12.0,54.0,15.0,0.0,0.0
43.74,52,86770.0,600.0,86.0,600.0,622.0,0.0,1.0,0.0,0.0,0.5,0.02,0.5,0.518,0.508,0.035,0.508,0.532,0.0,0.0,-1.76,-5.34,-0.06,0.0,0.0,0.0,0.0,0.0,0.0,0.0,0.0,1.0,0.0,0.0,0.0,0.0,0.0,0.0,0.0,0.0,0.0,0.0,0.0,0.0,0.0,161.0,93.0,107.0,161.0,18.0,7.0,12.0,54.0,15.0,0.0,0.0
43.772,52,86822.0,600.0,86.0,600.0,620.0,0.0,1.0,0.0,0.0,0.5,0.02,0.5,0.517,0.508,0.035,0.508,0.532,0.0,0.0,-1.76,-5.34,-0.06,0.0,0.0,0.0,0.0,0.0,0.0,0.0,0.0,1.0,0.0,0.0,0.0,0.0,-0.0,0.0,0.0,0.0,0.0,0.0,0.0,0.0,0.0,161.0,93.0,107.0,161.0,18.0,7.0,12.0,54.0,15.0,0.0,0.0
43.839,52,86874.0,600.0,86.0,600.0,620.0,0.0,1.0,0.0,0.0,0.5,0.02,0.5,0.517,0.508,0.035,0.508,0.532,0.0,0.0,-1.75,-5.34,-0.06,0.0,0.0,0.0,0.0,0.0,0.0,0.0,0.0,1.0,0.0,0.0,0.0,0.0,0.0,0.0,0.0,0.0,0.0,0.0,0.0,0.0,0.0,161.0,93.0,107.0,161.0,18.0,7.0,12.0,54.0,15.0,0.0,0.0
43.872,51,86925.0,600.0,88.0,600.0,620.0,0.0,1.0,0.0,0.0,0.5,0.02,0.5,0.517,0.508,0.035,0.508,0.532,0.0,0.0,-1.75,-5.34,-0.06,0.0,0.0,0.0,0.0,0.0,0.0,0.0,0.0,1.0,0.0,0.0,0.0,0.0,0.0,0.0,0.0,0.0,0.0,0.0,0.0,0.0,0.0,161.0,93.0,107.0,161.0,18.0,7.0,12.0,54.0,15.0,0.0,1.0
43.936,52,86977.0,600.0,88.0,600.0,620.0,0.0,1.0,0.0,0.0,0.5,0.02,0.5,0.517,0.508,0.035,0.508,0.532,0.0,0.0,-1.75,-5.34,-0.06,0.0,0.0,0.0,0.0,0.0,0.0,0.0,0.0,1.0,0.0,0.0,0.0,0.0,0.0,0.0,0.0,0.0,0.0,0.0,0.0,0.0,0.0,161.0,93.0,107.0,161.0,18.0,7.0,12.0,54.0,15.0,0.0,1.0
44.0,53,87030.0,600.0,88.0,600.0,622.0,0.0,1.0,0.0,0.0,0.5,0.021,0.5,0.518,0.508,0.035,0.508,0.532,0.0,0.0,-1.74,-5.34,-0.06,0.0,0.0,0.0,0.0,0.0,0.0,0.0,0.0,1.0,0.0,0.0,0.0,0.0,0.0,0.0,0.0,0.0,0.0,0.0,0.0,0.0,0.0,161.0,93.0,107.0,161.0,18.0,7.0,12.0,54.0,15.0,0.0,0.0
44.033,52,87082.0,600.0,88.0,600.0,622.0,0.0,1.0,0.0,0.0,0.5,0.021,0.5,0.518,0.508,0.035,0.508,0.532,0.0,0.0,-1.74,-5.34,-0.06,0.0,0.0,0.0,0.0,0.0,0.0,0.0,0.0,1.0,0.0,0.0,0.0,0.0,0.0,0.0,0.0,0.0,0.0,0.0,0.0,0.0,0.0,161.0,93.0,107.0,161.0,18.0,7.0,12.0,54.0,15.0,0.0,1.0
44.098,51,87133.0,600.0,88.0,600.0,622.0,0.0,1.0,0.0,0.0,0.5,0.021,0.5,0.518,0.508,0.035,0.508,0.532,0.0,0.0,-1.74,-5.34,-0.06,0.0,0.0,0.0,0.0,0.0,0.0,0.0,0.0,1.0,0.0,0.0,0.0,0.0,0.0,0.0,0.0,0.0,0.0,0.0,0.0,0.0,0.0,161.0,93.0,107.0,161.0,18.0,7.0,12.0,54.0,15.0,0.0,0.0
44.13,53,87186.0,600.0,88.0,600.0,622.0,0.0,1.0,0.0,0.0,0.5,0.021,0.5,0.518,0.508,0.035,0.508,0.532,0.0,0.0,-1.74,-5.34,-0.06,0.0,0.0,0.0,0.0,0.0,0.0,0.0,0.0,1.0,0.0,0.0,0.0,0.0,-0.0,0.0,0.0,0.0,0.0,0.0,0.0,0.0,0.0,161.0,93.0,107.0,161.0,18.0,7.0,12.0,54.0,15.0,0.0,0.0
44.195,52,87238.0,600.0,88.0,600.0,624.0,0.0,1.0,0.0,0.0,0.5,0.021,0.5,0.519,0.508,0.035,0.508,0.533,0.0,0.0,-1.74,-5.34,-0.06,0.0,0.0,0.0,0.0,0.0,0.0,0.0,0.0,1.0,0.0,0.0,0.0,0.0,0.0,0.0,0.0,0.0,0.0,0.0,0.0,0.0,0.0,161.0,93.0,107.0,161.0,18.0,7.0,12.0,54.0,15.0,0.0,0.0
44.259,52,87290.0,600.0,88.0,600.0,624.0,0.0,1.0,0.0,0.0,0.5,0.021,0.5,0.519,0.508,0.035,0.508,0.533,0.0,0.0,-1.74,-5.34,-0.06,0.0,0.0,0.0,0.0,0.0,0.0,0.0,0.0,1.0,0.0,0.0,0.0,0.0,0.0,0.0,0.0,0.0,0.0,0.0,0.0,0.0,0.0,161.0,93.0,107.0,161.0,18.0,7.0,12.0,54.0,15.0,0.0,0.0
44.29,53,87343.0,600.0,87.0,600.0,624.0,0.0,1.0,0.0,0.0,0.5,0.021,0.5,0.519,0.508,0.035,0.508,0.533,0.0,0.0,-1.74,-5.34,-0.06,0.0,0.0,0.0,0.0,0.0,0.0,0.0,0.0,1.0,0.0,0.0,0.0,0.0,-0.0,0.0,0.0,0.0,0.0,0.0,0.0,0.0,0.0,161.0,93.0,107.0,161.0,18.0,7.0,12.0,54.0,15.0,0.0,0.0
44.353,52,87395.0,600.0,87.0,600.0,624.0,0.0,1.0,0.0,0.0,0.5,0.021,0.5,0.519,0.508,0.035,0.508,0.533,0.0,0.0,-1.74,-5.34,-0.06,0.0,0.0,0.0,0.0,0.0,0.0,0.0,0.0,1.0,0.0,0.0,0.0,0.0,-0.0,0.0,0.0,0.0,0.0,0.0,0.0,0.0,0.0,161.0,93.0,107.0,161.0,18.0,7.0,12.0,54.0,15.0,0.0,1.0
44.386,52,87447.0,600.0,87.0,600.0,623.0,0.0,1.0,0.0,0.0,0.5,0.021,0.5,0.519,0.508,0.035,0.508,0.534,0.0,0.0,-1.74,-5.34,-0.06,0.0,0.0,0.0,0.0,0.0,0.0,0.0,0.0,1.0,0.0,0.0,0.0,0.0,0.0,0.0,0.0,0.0,0.0,0.0,0.0,0.0,0.0,161.0,93.0,107.0,161.0,18.0,7.0,12.0,54.0,15.0,0.0,0.0
44.459,52,87499.0,600.0,87.0,600.0,623.0,0.0,1.0,0.0,0.0,0.5,0.021,0.5,0.519,0.508,0.035,0.508,0.534,0.0,0.0,-1.74,-5.34,-0.06,0.0,0.0,0.0,0.0,0.0,0.0,0.0,0.0,1.0,0.0,0.0,0.0,0.0,0.0,0.0,0.0,0.0,0.0,0.0,0.0,0.0,0.0,161.0,93.0,107.0,161.0,18.0,7.0,12.0,54.0,15.0,0.0,0.0
44.493,52,87551.0,600.0,87.0,600.0,623.0,0.0,1.0,0.0,0.0,0.5,0.021,0.5,0.519,0.508,0.035,0.508,0.534,0.0,0.0,-1.74,-5.34,-0.06,0.0,0.0,0.0,0.0,0.0,0.0,0.0,0.0,1.0,0.0,0.0,0.0,0.0,0.0,0.0,0.0,0.0,0.0,0.0,0.0,0.0,0.0,161.0,93.0,107.0,161.0,18.0,7.0,12.0,54.0,15.0,0.0,0.0
44.558,52,87603.0,600.0,87.0,600.0,623.0,0.0,1.0,0.0,0.0,0.5,0.021,0.5,0.519,0.508,0.035,0.508,0.534,0.0,0.0,-1.75,-5.34,-0.06,0.0,0.0,0.0,0.0,0.0,0.0,0.0,0.0,1.0,0.0,0.0,0.0,0.0,0.0,0.0,0.0,0.0,0.0,0.0,0.0,0.0,0.0,161.0,93.0,107.0,161.0,18.0,7.0,12.0,54.0,15.0,0.0,0.0
44.626,52,87655.0,600.0,87.0,600.0,626.0,0.0,1.0,0.0,0.0,0.5,0.021,0.5,0.52,0.508,0.035,0.508,0.535,0.0,0.0,-1.75,-5.34,-0.06,0.0,0.0,0.0,0.0,0.0,0.0,0.0,0.0,1.0,0.0,0.0,0.0,0.0,0.0,0.0,0.0,0.0,0.0,0.0,0.0,0.0,0.0,161.0,93.0,107.0,161.0,18.0,7.0,12.0,54.0,15.0,0.0,0.0
44.658,52,87707.0,600.0,87.0,600.0,626.0,0.0,1.0,0.0,0.0,0.5,0.021,0.5,0.52,0.508,0.035,0.508,0.535,0.0,0.0,-1.76,-5.34,-0.06,0.0,0.0,0.0,0.0,0.0,0.0,0.0,0.0,1.0,0.0,0.0,0.0,0.0,0.0,0.0,0.0,0.0,0.0,0.0,0.0,0.0,0.0,161.0,93.0,107.0,161.0,18.0,7.0,12.0,54.0,15.0,0.0,1.0
44.721,52,87759.0,600.0,87.0,600.0,626.0,0.0,1.0,0.0,0.0,0.5,0.021,0.5,0.52,0.508,0.035,0.508,0.535,0.0,0.0,-1.76,-5.34,-0.06,0.0,0.0,0.0,0.0,0.0,0.0,0.0,0.0,1.0,0.0,0.0,0.0,0.0,-0.0,0.0,0.0,0.0,0.0,0.0,0.0,0.0,0.0,161.0,93.0,107.0,161.0,18.0,7.0,12.0,54.0,15.0,0.0,0.0
44.753,52,87811.0,600.0,87.0,600.0,626.0,0.0,1.0,0.0,0.0,0.5,0.021,0.5,0.52,0.508,0.035,0.508,0.535,0.0,0.0,-1.76,-5.34,-0.06,0.0,0.0,0.0,0.0,0.0,0.0,0.0,0.0,1.0,0.0,0.0,0.0,0.0,-0.0,0.0,0.0,0.0,0.0,0.0,0.0,0.0,0.0,161.0,93.0,107.0,161.0,18.0,7.0,12.0,54.0,15.0,0.0,0.0
44.82,52,87863.0,600.0,87.0,600.0,626.0,0.0,1.0,0.0,0.0,0.5,0.021,0.5,0.521,0.508,0.035,0.508,0.535,0.0,0.0,-1.76,-5.33,-0.06,0.0,0.0,0.0,0.0,0.0,0.0,0.0,0.0,1.0,0.0,0.0,0.0,0.0,0.0,0.0,0.0,0.0,0.0,0.0,0.0,0.0,0.0,161.0,93.0,107.0,161.0,18.0,7.0,12.0,54.0,15.0,0.0,0.0
44.883,52,87915.0,600.0,87.0,600.0,626.0,0.0,1.0,0.0,0.0,0.5,0.021,0.5,0.521,0.508,0.035,0.508,0.535,0.0,0.0,-1.76,-5.33,-0.06,0.0,0.0,0.0,0.0,0.0,0.0,0.0,0.0,1.0,0.0,0.0,0.0,0.0,0.0,0.0,0.0,0.0,0.0,0.0,0.0,0.0,0.0,161.0,93.0,107.0,161.0,18.0,7.0,12.0,54.0,15.0,0.0,1.0
44.914,51,87966.0,600.0,86.0,600.0,626.0,0.0,1.0,0.0,0.0,0.5,0.021,0.5,0.521,0.508,0.035,0.508,0.535,0.0,0.0,-1.76,-5.33,-0.06,0.0,0.0,0.0,0.0,0.0,0.0,0.0,0.0,1.0,0.0,0.0,0.0,0.0,-0.0,0.0,0.0,0.0,0.0,0.0,0.0,0.0,0.0,161.0,93.0,107.0,161.0,18.0,7.0,12.0,54.0,15.0,0.0,0.0
44.985,52,88018.0,600.0,86.0,600.0,626.0,0.0,1.0,0.0,0.0,0.5,0.021,0.5,0.521,0.508,0.035,0.508,0.535,0.0,0.0,-1.76,-5.33,-0.06,0.0,0.0,0.0,0.0,0.0,0.0,0.0,0.0,1.0,0.0,0.0,0.0,0.0,0.0,0.0,0.0,0.0,0.0,0.0,0.0,0.0,0.0,161.0,93.0,107.0,161.0,18.0,7.0,12.0,54.0,15.0,0.0,0.0
45.022,52,88070.0,600.0,86.0,600.0,625.0,0.0,1.0,0.0,0.0,0.5,0.02,0.5,0.521,0.508,0.035,0.508,0.535,0.0,0.0,-1.76,-5.33,-0.06,0.0,0.0,0.0,0.0,0.0,0.0,0.0,0.0,1.0,0.0,0.0,0.0,0.0,0.0,0.0,0.0,0.0,0.0,0.0,0.0,0.0,0.0,161.0,93.0,107.0,161.0,18.0,7.0,12.0,54.0,15.0,0.0,0.0
45.08,52,88122.0,600.0,86.0,600.0,625.0,0.0,1.0,0.0,0.0,0.5,0.02,0.5,0.521,0.508,0.035,0.508,0.535,0.0,0.0,-1.76,-5.33,-0.06,0.0,0.0,0.0,0.0,0.0,0.0,0.0,0.0,1.0,0.0,0.0,0.0,0.0,0.0,0.0,0.0,0.0,0.0,0.0,0.0,0.0,0.0,161.0,93.0,107.0,161.0,18.0,7.0,12.0,54.0,15.0,0.0,0.0
45.109,52,88174.0,600.0,85.0,600.0,625.0,0.0,1.0,0.0,0.0,0.5,0.02,0.5,0.521,0.508,0.035,0.508,0.535,0.0,0.0,-1.76,-5.32,-0.06,0.0,0.0,0.0,0.0,0.0,0.0,0.0,0.0,1.0,0.0,0.0,0.0,0.0,0.0,0.0,0.0,0.0,0.0,0.0,0.0,0.0,0.0,161.0,93.0,107.0,161.0,18.0,7.0,12.0,54.0,15.0,0.0,0.0
45.167,52,88226.0,600.0,85.0,600.0,625.0,0.0,1.0,0.0,0.0,0.5,0.02,0.5,0.521,0.508,0.035,0.508,0.535,0.0,0.0,-1.76,-5.32,-0.06,0.0,0.0,0.0,0.0,0.0,0.0,0.0,0.0,1.0,0.0,0.0,0.0,0.0,0.0,0.0,0.0,0.0,0.0,0.0,0.0,0.0,0.0,161.0,93.0,107.0,161.0,18.0,7.0,12.0,54.0,15.0,0.0,0.0
45.224,52,88278.0,600.0,85.0,600.0,625.0,0.0,1.0,0.0,0.0,0.5,0.02,0.5,0.521,0.508,0.035,0.508,0.535,0.0,0.0,-1.76,-5.32,-0.06,0.0,0.0,0.0,0.0,0.0,0.0,0.0,0.0,1.0,0.0,0.0,0.0,0.0,-0.0,0.0,0.0,0.0,0.0,0.0,0.0,0.0,0.0,161.0,93.0,107.0,161.0,18.0,7.0,12.0,54.0,15.0,0.0,0.0
45.284,52,88330.0,600.0,85.0,600.0,625.0,0.0,1.0,0.0,0.0,0.5,0.02,0.5,0.521,0.508,0.035,0.508,0.535,0.0,0.0,-1.76,-5.32,-0.06,0.0,0.0,0.0,0.0,0.0,0.0,0.0,0.0,1.0,0.0,0.0,0.0,0.0,-0.0,0.0,0.0,0.0,0.0,0.0,0.0,0.0,0.0,161.0,93.0,107.0,161.0,18.0,7.0,12.0,54.0,15.0,0.0,0.0
45.349,52,88382.0,600.0,86.0,600.0,625.0,0.0,1.0,0.0,0.0,0.5,0.02,0.5,0.521,0.508,0.035,0.508,0.535,0.0,0.0,-1.75,-5.32,-0.06,0.0,0.0,0.0,0.0,0.0,0.0,0.0,0.0,1.0,0.0,0.0,0.0,0.0,-0.0,0.0,0.0,0.0,0.0,0.0,0.0,0.0,0.0,161.0,93.0,107.0,161.0,18.0,7.0,12.0,54.0,15.0,0.0,0.0
45.378,52,88434.0,600.0,86.0,600.0,625.0,0.0,1.0,0.0,0.0,0.5,0.02,0.5,0.521,0.508,0.035,0.508,0.535,0.0,0.0,-1.75,-5.32,-0.06,0.0,0.0,0.0,0.0,0.0,0.0,0.0,0.0,1.0,0.0,0.0,0.0,0.0,0.0,0.0,0.0,0.0,0.0,0.0,0.0,0.0,0.0,161.0,93.0,107.0,161.0,18.0,7.0,12.0,54.0,15.0,0.0,0.0
45.435,52,88486.0,600.0,86.0,600.0,625.0,0.0,1.0,0.0,0.0,0.5,0.02,0.5,0.521,0.508,0.035,0.508,0.535,0.0,0.0,-1.75,-5.32,-0.06,0.0,0.0,0.0,0.0,0.0,0.0,0.0,0.0,1.0,0.0,0.0,0.0,0.0,-0.0,0.0,0.0,0.0,0.0,0.0,0.0,0.0,0.0,161.0,93.0,107.0,161.0,18.0,7.0,12.0,54.0,15.0,0.0,0.0
45.492,52,88538.0,600.0,86.0,600.0,625.0,0.0,1.0,0.0,0.0,0.5,0.02,0.5,0.521,0.508,0.035,0.508,0.535,0.0,0.0,-1.75,-5.32,-0.06,0.0,0.0,0.0,0.0,0.0,0.0,0.0,0.0,1.0,0.0,0.0,0.0,0.0,-0.0,0.0,0.0,0.0,0.0,0.0,0.0,0.0,0.0,161.0,93.0,107.0,161.0,18.0,7.0,12.0,54.0,15.0,0.0,0.0
45.549,52,88590.0,600.0,87.0,600.0,625.0,0.0,1.0,0.0,0.0,0.5,0.02,0.5,0.521,0.508,0.035,0.508,0.535,0.0,0.0,-1.75,-5.32,-0.06,0.0,0.0,0.0,0.0,0.0,0.0,0.0,0.0,1.0,0.0,0.0,0.0,0.0,0.0,0.0,0.0,0.0,0.0,0.0,0.0,0.0,0.0,161.0,93.0,107.0,161.0,18.0,7.0,12.0,54.0,15.0,0.0,0.0
45.581,53,88643.0,600.0,87.0,600.0,625.0,0.0,1.0,0.0,0.0,0.5,0.02,0.5,0.521,0.508,0.035,0.508,0.535,0.0,0.0,-1.76,-5.32,-0.06,0.0,0.0,0.0,0.0,0.0,0.0,0.0,0.0,1.0,0.0,0.0,0.0,0.0,-0.0,0.0,0.0,0.0,0.0,0.0,0.0,0.0,0.0,161.0,93.0,107.0,161.0,18.0,7.0,12.0,54.0,15.0,0.0,0.0
45.638,52,88695.0,600.0,87.0,600.0,623.0,0.0,1.0,0.0,0.0,0.5,0.02,0.5,0.52,0.508,0.035,0.508,0.535,0.0,0.0,-1.76,-5.32,-0.06,0.0,0.0,0.0,0.0,0.0,0.0,0.0,0.0,1.0,0.0,0.0,0.0,0.0,0.0,0.0,0.0,0.0,0.0,0.0,0.0,0.0,0.0,161.0,93.0,107.0,161.0,18.0,7.0,12.0,54.0,15.0,0.0,0.0
45.695,52,88747.0,600.0,87.0,600.0,623.0,0.0,1.0,0.0,0.0,0.5,0.02,0.5,0.52,0.508,0.035,0.508,0.535,0.0,0.0,-1.76,-5.32,-0.06,0.0,0.0,0.0,0.0,0.0,0.0,0.0,0.0,1.0,0.0,0.0,0.0,0.0,-0.0,0.0,0.0,0.0,0.0,0.0,0.0,0.0,0.0,161.0,93.0,107.0,161.0,18.0,7.0,12.0,54.0,15.0,0.0,1.0
45.752,52,88799.0,600.0,87.0,600.0,623.0,0.0,1.0,0.0,0.0,0.5,0.02,0.5,0.52,0.508,0.035,0.508,0.535,0.0,0.0,-1.76,-5.32,-0.06,0.0,0.0,0.0,0.0,0.0,0.0,0.0,0.0,1.0,0.0,0.0,0.0,0.0,-0.0,0.0,0.0,0.0,0.0,0.0,0.0,0.0,0.0,161.0,93.0,107.0,161.0,18.0,7.0,12.0,54.0,15.0,0.0,0.0
45.809,51,88850.0,600.0,87.0,600.0,623.0,0.0,1.0,0.0,0.0,0.5,0.02,0.5,0.52,0.508,0.035,0.508,0.535,0.0,0.0,-1.76,-5.32,-0.06,0.0,0.0,0.0,0.0,0.0,0.0,0.0,0.0,1.0,0.0,0.0,0.0,0.0,-0.0,0.0,0.0,0.0,0.0,0.0,0.0,0.0,0.0,161.0,93.0,107.0,161.0,18.0,7.0,12.0,54.0,15.0,0.0,0.0
45.866,53,88903.0,600.0,87.0,600.0,623.0,0.0,1.0,0.0,0.0,0.5,0.021,0.5,0.519,0.508,0.035,0.508,0.534,0.0,0.0,-1.76,-5.32,-0.06,0.0,0.0,0.0,0.0,0.0,0.0,0.0,0.0,1.0,0.0,0.0,0.0,0.0,0.0,0.0,0.0,0.0,0.0,0.0,0.0,0.0,0.0,161.0,93.0,107.0,161.0,18.0,7.0,12.0,54.0,15.0,0.0,0.0
45.894,52,88955.0,600.0,87.0,600.0,623.0,0.0,1.0,0.0,0.0,0.5,0.021,0.5,0.519,0.508,0.035,0.508,0.534,0.0,0.0,-1.76,-5.32,-0.06,0.0,0.0,0.0,0.0,0.0,0.0,0.0,0.0,1.0,0.0,0.0,0.0,0.0,0.0,0.0,0.0,0.0,0.0,0.0,0.0,0.0,0.0,161.0,93.0,107.0,161.0,18.0,7.0,12.0,54.0,15.0,0.0,0.0
45.951,53,89008.0,600.0,88.0,600.0,623.0,0.0,1.0,0.0,0.0,0.5,0.021,0.5,0.519,0.508,0.035,0.508,0.534,0.0,0.0,-1.77,-5.32,-0.06,0.0,0.0,0.0,0.0,0.0,0.0,0.0,0.0,1.0,0.0,0.0,0.0,0.0,0.0,0.0,0.0,0.0,0.0,0.0,0.0,0.0,0.0,161.0,93.0,107.0,161.0,18.0,7.0,12.0,54.0,15.0,0.0,1.0
46.008,52,89060.0,600.0,88.0,600.0,623.0,0.0,1.0,0.0,0.0,0.5,0.021,0.5,0.519,0.508,0.035,0.508,0.534,0.0,0.0,-1.77,-5.32,-0.06,0.0,0.0,0.0,0.0,0.0,0.0,0.0,0.0,1.0,0.0,0.0,0.0,0.0,-0.0,0.0,0.0,0.0,0.0,0.0,0.0,0.0,0.0,161.0,93.0,107.0,161.0,18.0,7.0,12.0,54.0,15.0,0.0,0.0
46.065,52,89112.0,600.0,88.0,600.0,622.0,0.0,1.0,0.0,0.0,0.5,0.021,0.5,0.519,0.508,0.035,0.508,0.533,0.0,0.0,-1.77,-5.32,-0.06,0.0,0.0,0.0,0.0,0.0,0.0,0.0,0.0,1.0,0.0,0.0,0.0,0.0,-0.0,0.0,0.0,0.0,0.0,0.0,0.0,0.0,0.0,161.0,93.0,107.0,161.0,18.0,7.0,12.0,54.0,15.0,0.0,0.0
46.122,52,89164.0,600.0,88.0,600.0,622.0,0.0,1.0,0.0,0.0,0.5,0.021,0.5,0.519,0.508,0.035,0.508,0.533,0.0,0.0,-1.77,-5.32,-0.06,0.0,0.0,0.0,0.0,0.0,0.0,0.0,0.0,1.0,0.0,0.0,0.0,0.0,0.0,0.0,0.0,0.0,0.0,0.0,0.0,0.0,0.0,161.0,93.0,107.0,161.0,18.0,7.0,12.0,54.0,15.0,0.0,0.0
46.178,51,89215.0,600.0,88.0,600.0,622.0,0.0,1.0,0.0,0.0,0.5,0.021,0.5,0.519,0.508,0.035,0.508,0.533,0.0,0.0,-1.77,-5.32,-0.06,0.0,0.0,0.0,0.0,0.0,0.0,0.0,0.0,1.0,0.0,0.0,0.0,0.0,0.0,0.0,0.0,0.0,0.0,0.0,0.0,0.0,0.0,161.0,93.0,107.0,161.0,18.0,7.0,12.0,54.0,15.0,0.0,0.0
46.207,53,89268.0,600.0,88.0,600.0,622.0,0.0,1.0,0.0,0.0,0.5,0.021,0.5,0.519,0.508,0.035,0.508,0.533,0.0,0.0,-1.78,-5.32,-0.06,0.0,0.0,0.0,0.0,0.0,0.0,0.0,0.0,1.0,0.0,0.0,0.0,0.0,0.0,0.0,0.0,0.0,0.0,0.0,0.0,0.0,0.0,161.0,93.0,107.0,161.0,18.0,7.0,12.0,54.0,15.0,0.0,0.0
46.264,52,89320.0,600.0,88.0,600.0,623.0,0.0,1.0,0.0,0.0,0.5,0.021,0.5,0.519,0.508,0.036,0.508,0.534,0.0,0.0,-1.77,-5.32,-0.06,0.0,0.0,0.0,0.0,0.0,0.0,0.0,0.0,1.0,0.0,0.0,0.0,0.0,-0.0,0.0,0.0,0.0,0.0,0.0,0.0,0.0,0.0,161.0,93.0,107.0,161.0,18.0,7.0,12.0,54.0,15.0,0.0,0.0
46.321,52,89372.0,600.0,88.0,600.0,623.0,0.0,1.0,0.0,0.0,0.5,0.021,0.5,0.519,0.508,0.036,0.508,0.534,0.0,0.0,-1.77,-5.32,-0.06,0.0,0.0,0.0,0.0,0.0,0.0,0.0,0.0,1.0,0.0,0.0,0.0,0.0,-0.0,0.0,0.0,0.0,0.0,0.0,0.0,0.0,0.0,161.0,93.0,107.0,161.0,18.0,7.0,12.0,54.0,15.0,0.0,0.0
46.378,52,89424.0,600.0,87.0,600.0,623.0,0.0,1.0,0.0,0.0,0.5,0.021,0.5,0.519,0.508,0.036,0.508,0.534,0.0,0.0,-1.77,-5.33,-0.06,0.0,0.0,0.0,0.0,0.0,0.0,0.0,0.0,1.0,0.0,0.0,0.0,0.0,0.0,0.0,0.0,0.0,0.0,0.0,0.0,0.0,0.0,161.0,93.0,107.0,161.0,18.0,7.0,12.0,54.0,15.0,0.0,0.0
46.436,53,89477.0,600.0,87.0,600.0,623.0,0.0,1.0,0.0,0.0,0.5,0.021,0.5,0.519,0.508,0.036,0.508,0.534,0.0,0.0,-1.77,-5.33,-0.06,0.0,0.0,0.0,0.0,0.0,0.0,0.0,0.0,1.0,0.0,0.0,0.0,0.0,0.0,0.0,0.0,0.0,0.0,0.0,0.0,0.0,0.0,161.0,93.0,107.0,161.0,18.0,7.0,12.0,54.0,15.0,0.0,1.0
46.493,52,89529.0,600.0,87.0,600.0,622.0,0.0,1.0,0.0,0.0,0.5,0.021,0.5,0.518,0.508,0.036,0.508,0.533,0.0,0.0,-1.77,-5.33,-0.06,0.0,0.0,0.0,0.0,0.0,0.0,0.0,0.0,1.0,0.0,0.0,0.0,0.0,0.0,0.0,0.0,0.0,0.0,0.0,0.0,0.0,0.0,161.0,93.0,107.0,161.0,18.0,7.0,12.0,54.0,15.0,0.0,0.0
46.521,54,89583.0,600.0,87.0,600.0,622.0,0.0,1.0,0.0,0.0,0.5,0.021,0.5,0.518,0.508,0.036,0.508,0.533,0.0,0.0,-1.77,-5.33,-0.06,0.0,0.0,0.0,0.0,0.0,0.0,0.0,0.0,1.0,0.0,0.0,0.0,0.0,-0.0,0.0,0.0,0.0,0.0,0.0,0.0,0.0,0.0,161.0,93.0,107.0,161.0,18.0,7.0,12.0,54.0,15.0,0.0,0.0
46.578,51,89634.0,600.0,87.0,600.0,622.0,0.0,1.0,0.0,0.0,0.5,0.021,0.5,0.518,0.508,0.036,0.508,0.533,0.0,0.0,-1.77,-5.33,-0.06,0.0,0.0,0.0,0.0,0.0,0.0,0.0,0.0,1.0,0.0,0.0,0.0,0.0,0.0,0.0,0.0,0.0,0.0,0.0,0.0,0.0,0.0,161.0,93.0,107.0,161.0,18.0,7.0,12.0,54.0,15.0,0.0,0.0
46.639,52,89686.0,600.0,87.0,600.0,622.0,0.0,1.0,0.0,0.0,0.5,0.021,0.5,0.518,0.508,0.036,0.508,0.533,0.0,0.0,-1.77,-5.33,-0.06,0.0,0.0,0.0,0.0,0.0,0.0,0.0,0.0,1.0,0.0,0.0,0.0,0.0,0.0,0.0,0.0,0.0,0.0,0.0,0.0,0.0,0.0,161.0,93.0,107.0,161.0,18.0,7.0,12.0,54.0,15.0,0.0,0.0
46.697,52,89738.0,600.0,87.0,600.0,622.0,0.0,1.0,0.0,0.0,0.5,0.021,0.5,0.518,0.508,0.035,0.508,0.533,0.0,0.0,-1.77,-5.33,-0.06,0.0,0.0,0.0,0.0,0.0,0.0,0.0,0.0,1.0,0.0,0.0,0.0,0.0,-0.0,0.0,0.0,0.0,0.0,0.0,0.0,0.0,0.0,161.0,93.0,107.0,161.0,18.0,7.0,12.0,54.0,15.0,0.0,1.0
46.753,52,89790.0,600.0,87.0,600.0,622.0,0.0,1.0,0.0,0.0,0.5,0.021,0.5,0.518,0.508,0.035,0.508,0.533,0.0,0.0,-1.78,-5.33,-0.06,0.0,0.0,0.0,0.0,0.0,0.0,0.0,0.0,1.0,0.0,0.0,0.0,0.0,-0.0,0.0,0.0,0.0,0.0,0.0,0.0,0.0,0.0,161.0,93.0,107.0,161.0,18.0,7.0,12.0,54.0,15.0,0.0,0.0
46.782,52,89842.0,600.0,86.0,600.0,622.0,0.0,1.0,0.0,0.0,0.5,0.021,0.5,0.518,0.508,0.035,0.508,0.533,0.0,0.0,-1.78,-5.33,-0.06,0.0,0.0,0.0,0.0,0.0,0.0,0.0,0.0,1.0,0.0,0.0,0.0,0.0,0.0,0.0,0.0,0.0,0.0,0.0,0.0,0.0,0.0,161.0,93.0,107.0,161.0,18.0,7.0,12.0,54.0,15.0,0.0,0.0
46.839,52,89894.0,600.0,86.0,600.0,622.0,0.0,1.0,0.0,0.0,0.5,0.021,0.5,0.518,0.508,0.035,0.508,0.533,0.0,0.0,-1.78,-5.33,-0.06,0.0,0.0,0.0,0.0,0.0,0.0,0.0,0.0,1.0,0.0,0.0,0.0,0.0,0.0,0.0,0.0,0.0,0.0,0.0,0.0,0.0,0.0,161.0,93.0,107.0,161.0,18.0,7.0,12.0,54.0,15.0,0.0,0.0
46.896,52,89946.0,600.0,86.0,600.0,623.0,0.0,1.0,0.0,0.0,0.5,0.02,0.5,0.519,0.508,0.035,0.508,0.533,0.0,0.0,-1.78,-5.33,-0.06,0.0,0.0,0.0,0.0,0.0,0.0,0.0,0.0,1.0,0.0,0.0,0.0,0.0,0.0,0.0,0.0,0.0,0.0,0.0,0.0,0.0,0.0,161.0,93.0,107.0,161.0,18.0,7.0,12.0,54.0,15.0,0.0,0.0
46.952,52,89998.0,600.0,86.0,600.0,623.0,0.0,1.0,0.0,0.0,0.5,0.02,0.5,0.519,0.508,0.035,0.508,0.533,0.0,0.0,-1.78,-5.34,-0.06,0.0,0.0,0.0,0.0,0.0,0.0,0.0,0.0,1.0,0.0,0.0,0.0,0.0,-0.0,0.0,0.0,0.0,0.0,0.0,0.0,0.0,0.0,161.0,93.0,107.0,161.0,18.0,7.0,12.0,54.0,15.0,0.0,1.0
47.009,51,90049.0,600.0,87.0,600.0,623.0,0.0,1.0,0.0,0.0,0.5,0.02,0.5,0.519,0.508,0.035,0.508,0.533,0.0,0.0,-1.78,-5.34,-0.06,0.0,0.0,0.0,0.0,0.0,0.0,0.0,0.0,1.0,0.0,0.0,0.0,0.0,-0.0,0.0,0.0,0.0,0.0,0.0,0.0,0.0,0.0,161.0,93.0,107.0,161.0,18.0,7.0,12.0,54.0,15.0,0.0,1.0
47.038,53,90102.0,600.0,87.0,600.0,623.0,0.0,1.0,0.0,0.0,0.5,0.02,0.5,0.519,0.508,0.035,0.508,0.533,0.0,0.0,-1.78,-5.33,-0.06,0.0,0.0,0.0,0.0,0.0,0.0,0.0,0.0,1.0,0.0,0.0,0.0,0.0,0.0,0.0,0.0,0.0,0.0,0.0,0.0,0.0,0.0,161.0,93.0,107.0,161.0,18.0,7.0,12.0,54.0,15.0,0.0,0.0
47.102,52,90154.0,600.0,87.0,600.0,623.0,0.0,1.0,0.0,0.0,0.5,0.02,0.5,0.519,0.508,0.035,0.508,0.533,0.0,0.0,-1.78,-5.33,-0.06,0.0,0.0,0.0,0.0,0.0,0.0,0.0,0.0,1.0,0.0,0.0,0.0,0.0,-0.0,0.0,0.0,0.0,0.0,0.0,0.0,0.0,0.0,161.0,93.0,107.0,161.0,18.0,7.0,12.0,54.0,15.0,0.0,1.0
47.159,52,90206.0,600.0,87.0,600.0,623.0,0.0,1.0,0.0,0.0,0.5,0.02,0.5,0.519,0.508,0.035,0.508,0.533,0.0,0.0,-1.77,-5.33,-0.06,0.0,0.0,0.0,0.0,0.0,0.0,0.0,0.0,1.0,0.0,0.0,0.0,0.0,0.0,0.0,0.0,0.0,0.0,0.0,0.0,0.0,0.0,161.0,93.0,107.0,161.0,18.0,7.0,12.0,54.0,15.0,0.0,0.0
47.216,51,90257.0,600.0,87.0,600.0,623.0,0.0,1.0,0.0,0.0,0.5,0.02,0.5,0.519,0.508,0.035,0.508,0.533,0.0,0.0,-1.77,-5.33,-0.06,0.0,0.0,0.0,0.0,0.0,0.0,0.0,0.0,1.0,0.0,0.0,0.0,0.0,-0.0,0.0,0.0,0.0,0.0,0.0,0.0,0.0,0.0,161.0,93.0,107.0,161.0,18.0,7.0,12.0,54.0,15.0,0.0,0.0
47.273,53,90310.0,600.0,87.0,600.0,623.0,0.0,1.0,0.0,0.0,0.5,0.02,0.5,0.519,0.508,0.035,0.508,0.533,0.0,0.0,-1.77,-5.33,-0.06,0.0,0.0,0.0,0.0,0.0,0.0,0.0,0.0,1.0,0.0,0.0,0.0,0.0,0.0,0.0,0.0,0.0,0.0,0.0,0.0,0.0,0.0,161.0,93.0,107.0,161.0,18.0,7.0,12.0,54.0,15.0,0.0,1.0
47.301,52,90362.0,600.0,87.0,600.0,621.0,0.0,1.0,0.0,0.0,0.5,0.02,0.5,0.518,0.508,0.035,0.508,0.533,0.0,0.0,-1.77,-5.33,-0.06,0.0,0.0,0.0,0.0,0.0,0.0,0.0,0.0,1.0,0.0,0.0,0.0,0.0,0.0,0.0,0.0,0.0,0.0,0.0,0.0,0.0,0.0,161.0,93.0,107.0,161.0,18.0,7.0,12.0,54.0,15.0,0.0,0.0
47.358,52,90414.0,600.0,87.0,600.0,621.0,0.0,1.0,0.0,0.0,0.5,0.02,0.5,0.518,0.508,0.035,0.508,0.533,0.0,0.0,-1.77,-5.32,-0.06,0.0,0.0,0.0,0.0,0.0,0.0,0.0,0.0,1.0,0.0,0.0,0.0,0.0,-0.0,0.0,0.0,0.0,0.0,0.0,0.0,0.0,0.0,161.0,93.0,107.0,161.0,18.0,7.0,12.0,54.0,15.0,0.0,0.0
47.415,52,90466.0,600.0,87.0,600.0,621.0,0.0,1.0,0.0,0.0,0.5,0.02,0.5,0.518,0.508,0.035,0.508,0.533,0.0,0.0,-1.76,-5.32,-0.06,0.0,0.0,0.0,0.0,0.0,0.0,0.0,0.0,1.0,0.0,0.0,0.0,0.0,-0.0,0.0,0.0,0.0,0.0,0.0,0.0,0.0,0.0,161.0,93.0,107.0,161.0,18.0,7.0,12.0,54.0,15.0,0.0,1.0
47.472,52,90518.0,600.0,87.0,600.0,621.0,0.0,1.0,0.0,0.0,0.5,0.02,0.5,0.518,0.508,0.035,0.508,0.533,0.0,0.0,-1.76,-5.32,-0.06,0.0,0.0,0.0,0.0,0.0,0.0,0.0,0.0,1.0,0.0,0.0,0.0,0.0,0.0,0.0,0.0,0.0,0.0,0.0,0.0,0.0,0.0,161.0,93.0,107.0,161.0,18.0,7.0,12.0,54.0,15.0,0.0,0.0
47.529,52,90570.0,600.0,87.0,600.0,621.0,0.0,1.0,0.0,0.0,0.5,0.021,0.5,0.518,0.508,0.035,0.508,0.532,0.0,0.0,-1.76,-5.32,-0.06,0.0,0.0,0.0,0.0,0.0,0.0,0.0,0.0,1.0,0.0,0.0,0.0,0.0,0.0,0.0,0.0,0.0,0.0,0.0,0.0,0.0,0.0,161.0,93.0,107.0,161.0,18.0,7.0,12.0,54.0,15.0,0.0,0.0
47.586,54,90624.0,600.0,87.0,600.0,621.0,0.0,1.0,0.0,0.0,0.5,0.021,0.5,0.518,0.508,0.035,0.508,0.532,0.0,0.0,-1.76,-5.32,-0.06,0.0,0.0,0.0,0.0,0.0,0.0,0.0,0.0,1.0,0.0,0.0,0.0,0.0,0.0,0.0,0.0,0.0,0.0,0.0,0.0,0.0,0.0,161.0,93.0,107.0,161.0,18.0,7.0,12.0,54.0,15.0,0.0,0.0
47.614,52,90676.0,600.0,86.0,600.0,621.0,0.0,1.0,0.0,0.0,0.5,0.021,0.5,0.518,0.508,0.035,0.508,0.532,0.0,0.0,-1.76,-5.32,-0.06,0.0,0.0,0.0,0.0,0.0,0.0,0.0,0.0,1.0,0.0,0.0,0.0,0.0,0.0,0.0,0.0,0.0,0.0,0.0,0.0,0.0,0.0,161.0,93.0,107.0,161.0,18.0,7.0,12.0,54.0,15.0,0.0,0.0
47.671,52,90728.0,600.0,86.0,600.0,621.0,0.0,1.0,0.0,0.0,0.5,0.021,0.5,0.518,0.508,0.035,0.508,0.532,0.0,0.0,-1.76,-5.32,-0.06,0.0,0.0,0.0,0.0,0.0,0.0,0.0,0.0,1.0,0.0,0.0,0.0,0.0,0.0,0.0,0.0,0.0,0.0,0.0,0.0,0.0,0.0,161.0,93.0,107.0,161.0,18.0,7.0,12.0,54.0,15.0,0.0,0.0
47.728,52,90780.0,600.0,86.0,600.0,621.0,0.0,1.0,0.0,0.0,0.5,0.02,0.5,0.517,0.508,0.035,0.508,0.532,0.0,0.0,-1.76,-5.32,-0.06,0.0,0.0,0.0,0.0,0.0,0.0,0.0,0.0,1.0,0.0,0.0,0.0,0.0,0.0,0.0,0.0,0.0,0.0,0.0,0.0,0.0,0.0,161.0,93.0,107.0,161.0,18.0,7.0,12.0,54.0,15.0,0.0,0.0
47.785,52,90832.0,600.0,86.0,600.0,621.0,0.0,1.0,0.0,0.0,0.5,0.02,0.5,0.517,0.508,0.035,0.508,0.532,0.0,0.0,-1.76,-5.32,-0.06,0.0,0.0,0.0,0.0,0.0,0.0,0.0,0.0,1.0,0.0,0.0,0.0,0.0,0.0,0.0,0.0,0.0,0.0,0.0,0.0,0.0,0.0,161.0,93.0,107.0,161.0,18.0,7.0,12.0,54.0,15.0,0.0,0.0
47.842,52,90884.0,600.0,86.0,600.0,621.0,0.0,1.0,0.0,0.0,0.5,0.02,0.5,0.517,0.508,0.035,0.508,0.532,0.0,0.0,-1.76,-5.32,-0.06,0.0,0.0,0.0,0.0,0.0,0.0,0.0,0.0,1.0,0.0,0.0,0.0,0.0,-0.0,0.0,0.0,0.0,0.0,0.0,0.0,0.0,0.0,161.0,93.0,107.0,161.0,18.0,7.0,12.0,54.0,15.0,0.0,0.0
47.899,52,90936.0,600.0,86.0,600.0,621.0,0.0,1.0,0.0,0.0,0.5,0.02,0.5,0.517,0.508,0.035,0.508,0.532,0.0,0.0,-1.76,-5.32,-0.06,0.0,0.0,0.0,0.0,0.0,0.0,0.0,0.0,1.0,0.0,0.0,0.0,0.0,0.0,0.0,0.0,0.0,0.0,0.0,0.0,0.0,0.0,161.0,93.0,107.0,161.0,18.0,7.0,12.0,54.0,15.0,0.0,0.0
47.927,52,90988.0,600.0,86.0,600.0,620.0,0.0,1.0,0.0,0.0,0.5,0.02,0.5,0.517,0.508,0.035,0.508,0.532,0.0,0.0,-1.76,-5.32,-0.06,0.0,0.0,0.0,0.0,0.0,0.0,0.0,0.0,1.0,0.0,0.0,0.0,0.0,-0.0,0.0,0.0,0.0,0.0,0.0,0.0,0.0,0.0,161.0,93.0,107.0,161.0,18.0,7.0,12.0,54.0,15.0,0.0,0.0
47.984,52,91040.0,600.0,86.0,600.0,620.0,0.0,1.0,0.0,0.0,0.5,0.02,0.5,0.517,0.508,0.035,0.508,0.532,0.0,0.0,-1.76,-5.32,-0.06,0.0,0.0,0.0,0.0,0.0,0.0,0.0,0.0,1.0,0.0,0.0,0.0,0.0,-0.0,0.0,0.0,0.0,0.0,0.0,0.0,0.0,0.0,161.0,93.0,107.0,161.0,18.0,7.0,12.0,54.0,15.0,0.0,0.0
48.046,52,91092.0,600.0,86.0,600.0,620.0,0.0,1.0,0.0,0.0,0.5,0.02,0.5,0.517,0.508,0.035,0.508,0.532,0.0,0.0,-1.76,-5.32,-0.06,0.0,0.0,0.0,0.0,0.0,0.0,0.0,0.0,1.0,0.0,0.0,0.0,0.0,-0.0,0.0,0.0,0.0,0.0,0.0,0.0,0.0,0.0,161.0,93.0,107.0,161.0,18.0,7.0,12.0,54.0,15.0,0.0,0.0
48.103,54,91146.0,600.0,86.0,600.0,620.0,0.0,1.0,0.0,0.0,0.5,0.02,0.5,0.517,0.508,0.035,0.508,0.532,0.0,0.0,-1.76,-5.32,-0.06,0.0,0.0,0.0,0.0,0.0,0.0,0.0,0.0,1.0,0.0,0.0,0.0,0.0,-0.0,0.0,0.0,0.0,0.0,0.0,0.0,0.0,0.0,161.0,93.0,107.0,161.0,18.0,7.0,12.0,54.0,15.0,0.0,0.0
48.16,52,91198.0,600.0,86.0,600.0,620.0,0.0,1.0,0.0,0.0,0.5,0.02,0.5,0.517,0.508,0.035,0.508,0.531,0.0,0.0,-1.76,-5.32,-0.06,0.0,0.0,0.0,0.0,0.0,0.0,0.0,0.0,1.0,0.0,0.0,0.0,0.0,-0.0,0.0,0.0,0.0,0.0,0.0,0.0,0.0,0.0,161.0,93.0,107.0,161.0,18.0,7.0,12.0,54.0,15.0,0.0,1.0
48.188,52,91250.0,600.0,86.0,600.0,620.0,0.0,1.0,0.0,0.0,0.5,0.02,0.5,0.517,0.508,0.035,0.508,0.531,0.0,0.0,-1.76,-5.32,-0.06,0.0,0.0,0.0,0.0,0.0,0.0,0.0,0.0,1.0,0.0,0.0,0.0,0.0,0.0,0.0,0.0,0.0,0.0,0.0,0.0,0.0,0.0,161.0,93.0,107.0,161.0,18.0,7.0,12.0,54.0,15.0,0.0,0.0
48.245,52,91302.0,600.0,85.0,600.0,620.0,0.0,1.0,0.0,0.0,0.5,0.02,0.5,0.517,0.508,0.035,0.508,0.531,0.0,0.0,-1.76,-5.32,-0.06,0.0,0.0,0.0,0.0,0.0,0.0,0.0,0.0,1.0,0.0,0.0,0.0,0.0,0.0,0.0,0.0,0.0,0.0,0.0,0.0,0.0,0.0,161.0,93.0,107.0,161.0,18.0,7.0,12.0,54.0,15.0,0.0,0.0
48.302,52,91354.0,600.0,85.0,600.0,620.0,0.0,1.0,0.0,0.0,0.5,0.02,0.5,0.517,0.508,0.035,0.508,0.531,0.0,0.0,-1.76,-5.32,-0.06,0.0,0.0,0.0,0.0,0.0,0.0,0.0,0.0,1.0,0.0,0.0,0.0,0.0,0.0,0.0,0.0,0.0,0.0,0.0,0.0,0.0,0.0,161.0,93.0,107.0,161.0,18.0,7.0,12.0,54.0,15.0,0.0,0.0
48.359,52,91406.0,600.0,85.0,600.0,619.0,0.0,1.0,0.0,0.0,0.5,0.02,0.5,0.516,0.508,0.035,0.508,0.531,0.0,0.0,-1.75,-5.32,-0.06,0.0,0.0,0.0,0.0,0.0,0.0,0.0,0.0,1.0,0.0,0.0,0.0,0.0,0.0,0.0,0.0,0.0,0.0,0.0,0.0,0.0,0.0,161.0,93.0,107.0,161.0,18.0,7.0,12.0,54.0,15.0,0.0,0.0
48.416,52,91458.0,600.0,85.0,600.0,619.0,0.0,1.0,0.0,0.0,0.5,0.02,0.5,0.516,0.508,0.035,0.508,0.531,0.0,0.0,-1.75,-5.33,-0.06,0.0,0.0,0.0,0.0,0.0,0.0,0.0,0.0,1.0,0.0,0.0,0.0,0.0,-0.0,0.0,0.0,0.0,0.0,0.0,0.0,0.0,0.0,161.0,93.0,107.0,161.0,18.0,7.0,12.0,54.0,15.0,0.0,0.0
48.473,52,91510.0,600.0,84.0,600.0,619.0,0.0,1.0,0.0,0.0,0.5,0.02,0.5,0.516,0.508,0.035,0.508,0.531,0.0,0.0,-1.75,-5.33,-0.06,0.0,0.0,0.0,0.0,0.0,0.0,0.0,0.0,1.0,0.0,0.0,0.0,0.0,-0.0,0.0,0.0,0.0,0.0,0.0,0.0,0.0,0.0,161.0,93.0,107.0,161.0,18.0,7.0,12.0,54.0,15.0,0.0,1.0
48.501,52,91562.0,600.0,84.0,600.0,619.0,0.0,1.0,0.0,0.0,0.5,0.02,0.5,0.516,0.508,0.035,0.508,0.531,0.0,0.0,-1.75,-5.33,-0.06,0.0,0.0,0.0,0.0,0.0,0.0,0.0,0.0,1.0,0.0,0.0,0.0,0.0,0.0,0.0,0.0,0.0,0.0,0.0,0.0,0.0,0.0,161.0,93.0,107.0,161.0,18.0,7.0,12.0,54.0,15.0,0.0,0.0
48.558,52,91614.0,600.0,84.0,600.0,620.0,0.0,1.0,0.0,0.0,0.5,0.02,0.5,0.516,0.508,0.034,0.508,0.531,0.0,0.0,-1.75,-5.33,-0.07,0.0,0.0,0.0,0.0,0.0,0.0,0.0,0.0,1.0,0.0,0.0,0.0,0.0,-0.0,0.0,0.0,0.0,0.0,0.0,0.0,0.0,0.0,161.0,93.0,107.0,161.0,18.0,7.0,12.0,54.0,15.0,0.0,0.0
48.615,53,91667.0,600.0,84.0,600.0,620.0,0.0,1.0,0.0,0.0,0.5,0.02,0.5,0.516,0.508,0.034,0.508,0.531,0.0,0.0,-1.75,-5.34,-0.07,0.0,0.0,0.0,0.0,0.0,0.0,0.0,0.0,1.0,0.0,0.0,0.0,0.0,0.0,0.0,0.0,0.0,0.0,0.0,0.0,0.0,0.0,161.0,93.0,107.0,161.0,18.0,7.0,12.0,54.0,15.0,0.0,0.0
48.672,52,91719.0,600.0,86.0,600.0,620.0,0.0,1.0,0.0,0.0,0.5,0.02,0.5,0.516,0.508,0.034,0.508,0.531,0.0,0.0,-1.75,-5.34,-0.07,0.0,0.0,0.0,0.0,0.0,0.0,0.0,0.0,1.0,0.0,0.0,0.0,0.0,-0.0,0.0,0.0,0.0,0.0,0.0,0.0,0.0,0.0,161.0,93.0,107.0,161.0,18.0,7.0,12.0,54.0,15.0,0.0,1.0
48.729,52,91771.0,600.0,86.0,600.0,620.0,0.0,1.0,0.0,0.0,0.5,0.02,0.5,0.516,0.508,0.034,0.508,0.531,0.0,0.0,-1.75,-5.34,-0.07,0.0,0.0,0.0,0.0,0.0,0.0,0.0,0.0,1.0,0.0,0.0,0.0,0.0,-0.0,0.0,0.0,0.0,0.0,0.0,0.0,0.0,0.0,161.0,93.0,107.0,161.0,18.0,7.0,12.0,54.0,15.0,0.0,0.0
48.786,52,91823.0,600.0,86.0,600.0,621.0,0.0,1.0,0.0,0.0,0.5,0.02,0.5,0.517,0.508,0.035,0.508,0.531,0.0,0.0,-1.75,-5.34,-0.07,0.0,0.0,0.0,0.0,0.0,0.0,0.0,0.0,1.0,0.0,0.0,0.0,0.0,0.0,0.0,0.0,0.0,0.0,0.0,0.0,0.0,0.0,161.0,93.0,107.0,161.0,18.0,7.0,12.0,54.0,15.0,0.0,0.0
48.815,52,91875.0,600.0,86.0,600.0,621.0,0.0,1.0,0.0,0.0,0.5,0.02,0.5,0.517,0.508,0.035,0.508,0.531,0.0,0.0,-1.75,-5.34,-0.07,0.0,0.0,0.0,0.0,0.0,0.0,0.0,0.0,1.0,0.0,0.0,0.0,0.0,0.0,0.0,0.0,0.0,0.0,0.0,0.0,0.0,0.0,161.0,93.0,107.0,161.0,18.0,7.0,12.0,54.0,15.0,0.0,0.0
48.872,52,91927.0,600.0,86.0,600.0,621.0,0.0,1.0,0.0,0.0,0.5,0.02,0.5,0.517,0.508,0.035,0.508,0.531,0.0,0.0,-1.76,-5.34,-0.07,0.0,0.0,0.0,0.0,0.0,0.0,0.0,0.0,1.0,0.0,0.0,0.0,0.0,0.0,0.0,0.0,0.0,0.0,0.0,0.0,0.0,0.0,161.0,93.0,107.0,161.0,18.0,7.0,12.0,54.0,15.0,0.0,0.0
48.928,52,91979.0,600.0,86.0,600.0,621.0,0.0,1.0,0.0,0.0,0.5,0.02,0.5,0.517,0.508,0.035,0.508,0.531,0.0,0.0,-1.76,-5.34,-0.07,0.0,0.0,0.0,0.0,0.0,0.0,0.0,0.0,1.0,0.0,0.0,0.0,0.0,0.0,0.0,0.0,0.0,0.0,0.0,0.0,0.0,0.0,161.0,93.0,107.0,161.0,18.0,7.0,12.0,54.0,15.0,0.0,0.0
48.985,52,92031.0,600.0,86.0,600.0,620.0,0.0,1.0,0.0,0.0,0.5,0.02,0.5,0.516,0.508,0.035,0.508,0.531,0.0,0.0,-1.76,-5.34,-0.07,0.0,0.0,0.0,0.0,0.0,0.0,0.0,0.0,1.0,0.0,0.0,0.0,0.0,-0.0,0.0,0.0,0.0,0.0,0.0,0.0,0.0,0.0,161.0,93.0,107.0,161.0,18.0,7.0,12.0,54.0,15.0,0.0,0.0
49.042,52,92083.0,600.0,86.0,600.0,620.0,0.0,1.0,0.0,0.0,0.5,0.02,0.5,0.516,0.508,0.035,0.508,0.531,0.0,0.0,-1.76,-5.34,-0.07,0.0,0.0,0.0,0.0,0.0,0.0,0.0,0.0,1.0,0.0,0.0,0.0,0.0,0.0,0.0,0.0,0.0,0.0,0.0,0.0,0.0,0.0,161.0,93.0,107.0,161.0,18.0,7.0,12.0,54.0,15.0,0.0,0.0
49.099,52,92135.0,600.0,86.0,600.0,620.0,0.0,1.0,0.0,0.0,0.5,0.02,0.5,0.516,0.508,0.035,0.508,0.531,0.0,0.0,-1.76,-5.34,-0.07,0.0,0.0,0.0,0.0,0.0,0.0,0.0,0.0,1.0,0.0,0.0,0.0,0.0,0.0,0.0,0.0,0.0,0.0,0.0,0.0,0.0,0.0,161.0,93.0,107.0,161.0,18.0,7.0,12.0,54.0,15.0,0.0,0.0
49.127,54,92189.0,600.0,86.0,600.0,620.0,0.0,1.0,0.0,0.0,0.5,0.02,0.5,0.516,0.508,0.035,0.508,0.531,0.0,0.0,-1.76,-5.34,-0.07,0.0,0.0,0.0,0.0,0.0,0.0,0.0,0.0,1.0,0.0,0.0,0.0,0.0,0.0,0.0,0.0,0.0,0.0,0.0,0.0,0.0,0.0,161.0,93.0,107.0,161.0,18.0,7.0,12.0,54.0,15.0,0.0,0.0
49.184,52,92241.0,600.0,86.0,600.0,621.0,0.0,1.0,0.0,0.0,0.5,0.02,0.5,0.517,0.508,0.035,0.508,0.531,0.0,0.0,-1.76,-5.34,-0.07,0.0,0.0,0.0,0.0,0.0,0.0,0.0,0.0,1.0,0.0,0.0,0.0,0.0,0.0,0.0,0.0,0.0,0.0,0.0,0.0,0.0,0.0,161.0,93.0,107.0,161.0,18.0,7.0,12.0,54.0,15.0,0.0,1.0
49.241,52,92293.0,600.0,86.0,600.0,621.0,0.0,1.0,0.0,0.0,0.5,0.02,0.5,0.517,0.508,0.035,0.508,0.531,0.0,0.0,-1.76,-5.34,-0.07,0.0,0.0,0.0,0.0,0.0,0.0,0.0,0.0,1.0,0.0,0.0,0.0,0.0,0.0,0.0,0.0,0.0,0.0,0.0,0.0,0.0,0.0,161.0,93.0,107.0,161.0,18.0,7.0,12.0,54.0,15.0,0.0,0.0
49.297,52,92345.0,600.0,87.0,600.0,621.0,0.0,1.0,0.0,0.0,0.5,0.02,0.5,0.517,0.508,0.035,0.508,0.531,0.0,0.0,-1.75,-5.35,-0.07,0.0,0.0,0.0,0.0,0.0,0.0,0.0,0.0,1.0,0.0,0.0,0.0,0.0,0.0,0.0,0.0,0.0,0.0,0.0,0.0,0.0,0.0,161.0,93.0,107.0,161.0,18.0,7.0,12.0,54.0,15.0,0.0,0.0
49.355,52,92397.0,600.0,87.0,600.0,621.0,0.0,1.0,0.0,0.0,0.5,0.02,0.5,0.517,0.508,0.035,0.508,0.531,0.0,0.0,-1.75,-5.35,-0.07,0.0,0.0,0.0,0.0,0.0,0.0,0.0,0.0,1.0,0.0,0.0,0.0,0.0,0.0,0.0,0.0,0.0,0.0,0.0,0.0,0.0,0.0,161.0,93.0,107.0,161.0,18.0,7.0,12.0,54.0,15.0,0.0,0.0
49.416,52,92449.0,600.0,87.0,600.0,623.0,0.0,1.0,0.0,0.0,0.5,0.02,0.5,0.518,0.508,0.035,0.508,0.532,0.0,0.0,-1.75,-5.35,-0.07,0.0,0.0,0.0,0.0,0.0,0.0,0.0,0.0,1.0,0.0,0.0,0.0,0.0,0.0,0.0,0.0,0.0,0.0,0.0,0.0,0.0,0.0,161.0,93.0,107.0,161.0,18.0,7.0,12.0,54.0,15.0,0.0,0.0
49.444,52,92501.0,600.0,87.0,600.0,623.0,0.0,1.0,0.0,0.0,0.5,0.02,0.5,0.518,0.508,0.035,0.508,0.532,0.0,0.0,-1.75,-5.35,-0.07,0.0,0.0,0.0,0.0,0.0,0.0,0.0,0.0,1.0,0.0,0.0,0.0,0.0,-0.0,0.0,0.0,0.0,0.0,0.0,0.0,0.0,0.0,161.0,93.0,107.0,161.0,18.0,7.0,12.0,54.0,15.0,0.0,1.0
49.501,51,92552.0,600.0,87.0,600.0,623.0,0.0,1.0,0.0,0.0,0.5,0.02,0.5,0.518,0.508,0.035,0.508,0.532,0.0,0.0,-1.75,-5.35,-0.07,0.0,0.0,0.0,0.0,0.0,0.0,0.0,0.0,1.0,0.0,0.0,0.0,0.0,-0.0,0.0,0.0,0.0,0.0,0.0,0.0,0.0,0.0,161.0,93.0,107.0,161.0,18.0,7.0,12.0,54.0,15.0,0.0,0.0
49.558,54,92606.0,600.0,87.0,600.0,623.0,0.0,1.0,0.0,0.0,0.5,0.02,0.5,0.518,0.508,0.035,0.508,0.532,0.0,0.0,-1.75,-5.35,-0.07,0.0,0.0,0.0,0.0,0.0,0.0,0.0,0.0,1.0,0.0,0.0,0.0,0.0,0.0,0.0,0.0,0.0,0.0,0.0,0.0,0.0,0.0,161.0,93.0,107.0,161.0,18.0,7.0,12.0,54.0,15.0,0.0,0.0
49.621,52,92658.0,600.0,87.0,600.0,621.0,0.0,1.0,0.0,0.0,0.5,0.021,0.5,0.517,0.508,0.035,0.508,0.532,0.0,0.0,-1.75,-5.35,-0.07,0.0,0.0,0.0,0.0,0.0,0.0,0.0,0.0,1.0,0.0,0.0,0.0,0.0,0.0,0.0,0.0,0.0,0.0,0.0,0.0,0.0,0.0,161.0,93.0,107.0,161.0,18.0,7.0,12.0,54.0,15.0,0.0,0.0
49.685,52,92710.0,600.0,87.0,600.0,621.0,0.0,1.0,0.0,0.0,0.5,0.021,0.5,0.517,0.508,0.035,0.508,0.532,0.0,0.0,-1.75,-5.35,-0.07,0.0,0.0,0.0,0.0,0.0,0.0,0.0,0.0,1.0,0.0,0.0,0.0,0.0,0.0,0.0,0.0,0.0,0.0,0.0,0.0,0.0,0.0,161.0,93.0,107.0,161.0,18.0,7.0,12.0,54.0,15.0,0.0,0.0
49.715,53,92763.0,600.0,87.0,600.0,621.0,0.0,1.0,0.0,0.0,0.5,0.021,0.5,0.517,0.508,0.035,0.508,0.532,0.0,0.0,-1.75,-5.35,-0.08,0.0,0.0,0.0,0.0,0.0,0.0,0.0,0.0,1.0,0.0,0.0,0.0,0.0,0.0,0.0,0.0,0.0,0.0,0.0,0.0,0.0,0.0,161.0,93.0,107.0,161.0,18.0,7.0,12.0,54.0,15.0,0.0,0.0
49.777,52,92815.0,600.0,87.0,600.0,621.0,0.0,1.0,0.0,0.0,0.5,0.021,0.5,0.517,0.508,0.035,0.508,0.532,0.0,0.0,-1.75,-5.35,-0.08,0.0,0.0,0.0,0.0,0.0,0.0,0.0,0.0,1.0,0.0,0.0,0.0,0.0,0.0,0.0,0.0,0.0,0.0,0.0,0.0,0.0,0.0,161.0,93.0,107.0,161.0,18.0,7.0,12.0,54.0,15.0,0.0,0.0
49.805,54,92869.0,600.0,87.0,600.0,620.0,0.0,1.0,0.0,0.0,0.5,0.021,0.5,0.517,0.508,0.035,0.508,0.532,0.0,0.0,-1.75,-5.35,-0.08,0.0,0.0,0.0,0.0,0.0,0.0,0.0,0.0,1.0,0.0,0.0,0.0,0.0,-0.0,0.0,0.0,0.0,0.0,0.0,0.0,0.0,0.0,161.0,93.0,107.0,161.0,18.0,7.0,12.0,54.0,15.0,0.0,1.0
49.868,52,92921.0,600.0,87.0,600.0,620.0,0.0,1.0,0.0,0.0,0.5,0.021,0.5,0.517,0.508,0.035,0.508,0.532,0.0,0.0,-1.75,-5.35,-0.08,0.0,0.0,0.0,0.0,0.0,0.0,0.0,0.0,1.0,0.0,0.0,0.0,0.0,0.0,0.0,0.0,0.0,0.0,0.0,0.0,0.0,0.0,161.0,93.0,107.0,161.0,18.0,7.0,12.0,54.0,15.0,0.0,0.0
49.926,52,92973.0,600.0,87.0,600.0,620.0,0.0,1.0,0.0,0.0,0.5,0.021,0.5,0.517,0.508,0.035,0.508,0.532,0.0,0.0,-1.75,-5.35,-0.08,0.0,0.0,0.0,0.0,0.0,0.0,0.0,0.0,1.0,0.0,0.0,0.0,0.0,-0.0,0.0,0.0,0.0,0.0,0.0,0.0,0.0,0.0,161.0,93.0,107.0,161.0,18.0,7.0,12.0,54.0,15.0,0.0,0.0
49.983,51,93024.0,600.0,87.0,600.0,620.0,0.0,1.0,0.0,0.0,0.5,0.021,0.5,0.517,0.508,0.035,0.508,0.532,0.0,0.0,-1.75,-5.35,-0.08,0.0,0.0,0.0,0.0,0.0,0.0,0.0,0.0,1.0,0.0,0.0,0.0,0.0,0.0,0.0,0.0,0.0,0.0,0.0,0.0,0.0,0.0,161.0,93.0,107.0,161.0,18.0,7.0,12.0,54.0,15.0,0.0,0.0
50.012,52,93076.0,600.0,87.0,600.0,622.0,0.0,1.0,0.0,0.0,0.5,0.021,0.5,0.517,0.508,0.035,0.508,0.532,0.0,0.0,-1.75,-5.35,-0.08,0.0,0.0,0.0,0.0,0.0,0.0,0.0,0.0,1.0,0.0,0.0,0.0,0.0,0.0,0.0,0.0,0.0,0.0,0.0,0.0,0.0,0.0,161.0,93.0,107.0,161.0,18.0,7.0,12.0,54.0,15.0,0.0,0.0
50.077,52,93128.0,600.0,87.0,600.0,622.0,0.0,1.0,0.0,0.0,0.5,0.021,0.5,0.517,0.508,0.035,0.508,0.532,0.0,0.0,-1.75,-5.35,-0.08,0.0,0.0,0.0,0.0,0.0,0.0,0.0,0.0,1.0,0.0,0.0,0.0,0.0,-0.0,0.0,0.0,0.0,0.0,0.0,0.0,0.0,0.0,161.0,93.0,107.0,161.0,18.0,7.0,12.0,54.0,15.0,0.0,0.0
50.143,52,93180.0,600.0,86.0,600.0,622.0,0.0,1.0,0.0,0.0,0.5,0.021,0.5,0.517,0.508,0.035,0.508,0.532,0.0,0.0,-1.75,-5.35,-0.08,0.0,0.0,0.0,0.0,0.0,0.0,0.0,0.0,1.0,0.0,0.0,0.0,0.0,0.0,0.0,0.0,0.0,0.0,0.0,0.0,0.0,0.0,161.0,93.0,107.0,161.0,18.0,7.0,12.0,54.0,15.0,0.0,1.0
50.176,52,93232.0,600.0,86.0,600.0,622.0,0.0,1.0,0.0,0.0,0.5,0.021,0.5,0.517,0.508,0.035,0.508,0.532,0.0,0.0,-1.75,-5.35,-0.08,0.0,0.0,0.0,0.0,0.0,0.0,0.0,0.0,1.0,0.0,0.0,0.0,0.0,0.0,0.0,0.0,0.0,0.0,0.0,0.0,0.0,0.0,161.0,93.0,107.0,161.0,18.0,7.0,12.0,54.0,15.0,0.0,0.0
50.248,52,93284.0,600.0,86.0,600.0,619.0,0.0,1.0,0.0,0.0,0.5,0.02,0.5,0.516,0.508,0.035,0.508,0.531,0.0,0.0,-1.75,-5.36,-0.08,0.0,0.0,0.0,0.0,0.0,0.0,0.0,0.0,1.0,0.0,0.0,0.0,0.0,0.0,0.0,0.0,0.0,0.0,0.0,0.0,0.0,0.0,161.0,93.0,107.0,161.0,18.0,7.0,12.0,54.0,15.0,0.0,0.0
50.281,52,93336.0,600.0,86.0,600.0,619.0,0.0,1.0,0.0,0.0,0.5,0.02,0.5,0.516,0.508,0.035,0.508,0.531,0.0,0.0,-1.75,-5.36,-0.08,0.0,0.0,0.0,0.0,0.0,0.0,0.0,0.0,1.0,0.0,0.0,0.0,0.0,0.0,0.0,0.0,0.0,0.0,0.0,0.0,0.0,0.0,161.0,93.0,107.0,161.0,18.0,7.0,12.0,54.0,15.0,0.0,0.0
50.349,51,93387.0,600.0,86.0,600.0,619.0,0.0,1.0,0.0,0.0,0.5,0.02,0.5,0.516,0.508,0.035,0.508,0.531,0.0,0.0,-1.75,-5.36,-0.08,0.0,0.0,0.0,0.0,0.0,0.0,0.0,0.0,1.0,0.0,0.0,0.0,0.0,0.0,0.0,0.0,0.0,0.0,0.0,0.0,0.0,0.0,161.0,93.0,107.0,161.0,18.0,7.0,12.0,54.0,15.0,0.0,0.0
50.382,52,93439.0,600.0,86.0,600.0,619.0,0.0,1.0,0.0,0.0,0.5,0.02,0.5,0.516,0.508,0.035,0.508,0.531,0.0,0.0,-1.75,-5.36,-0.08,0.0,0.0,0.0,0.0,0.0,0.0,0.0,0.0,1.0,0.0,0.0,0.0,0.0,0.0,0.0,0.0,0.0,0.0,0.0,0.0,0.0,0.0,161.0,93.0,107.0,161.0,18.0,7.0,12.0,54.0,15.0,0.0,1.0
50.45,52,93491.0,600.0,86.0,600.0,618.0,0.0,1.0,0.0,0.0,0.5,0.02,0.5,0.516,0.508,0.035,0.508,0.53,0.0,0.0,-1.75,-5.36,-0.08,0.0,0.0,0.0,0.0,0.0,0.0,0.0,0.0,1.0,0.0,0.0,0.0,0.0,0.0,0.0,0.0,0.0,0.0,0.0,0.0,0.0,0.0,161.0,93.0,107.0,161.0,18.0,7.0,12.0,54.0,15.0,0.0,0.0
50.483,52,93543.0,600.0,86.0,600.0,618.0,0.0,1.0,0.0,0.0,0.5,0.02,0.5,0.516,0.508,0.035,0.508,0.53,0.0,0.0,-1.75,-5.36,-0.08,0.0,0.0,0.0,0.0,0.0,0.0,0.0,0.0,1.0,0.0,0.0,0.0,0.0,0.0,0.0,0.0,0.0,0.0,0.0,0.0,0.0,0.0,161.0,93.0,107.0,161.0,18.0,7.0,12.0,54.0,15.0,0.0,0.0
50.548,52,93595.0,600.0,86.0,600.0,618.0,0.0,1.0,0.0,0.0,0.5,0.02,0.5,0.516,0.508,0.035,0.508,0.53,0.0,0.0,-1.75,-5.36,-0.08,0.0,0.0,0.0,0.0,0.0,0.0,0.0,0.0,1.0,0.0,0.0,0.0,0.0,-0.0,0.0,0.0,0.0,0.0,0.0,0.0,0.0,0.0,161.0,93.0,107.0,161.0,18.0,7.0,12.0,54.0,15.0,0.0,0.0
50.612,53,93648.0,600.0,86.0,600.0,618.0,0.0,1.0,0.0,0.0,0.5,0.02,0.5,0.516,0.508,0.035,0.508,0.53,0.0,0.0,-1.75,-5.36,-0.08,0.0,0.0,0.0,0.0,0.0,0.0,0.0,0.0,1.0,0.0,0.0,0.0,0.0,0.0,0.0,0.0,0.0,0.0,0.0,0.0,0.0,0.0,161.0,93.0,107.0,161.0,18.0,7.0,12.0,54.0,15.0,0.0,0.0
50.645,52,93700.0,600.0,86.0,600.0,621.0,0.0,1.0,0.0,0.0,0.5,0.02,0.5,0.517,0.508,0.035,0.508,0.531,0.0,0.0,-1.75,-5.36,-0.08,0.0,0.0,0.0,0.0,0.0,0.0,0.0,0.0,1.0,0.0,0.0,0.0,0.0,0.0,0.0,0.0,0.0,0.0,0.0,0.0,0.0,0.0,161.0,93.0,107.0,161.0,18.0,7.0,12.0,54.0,15.0,0.0,0.0
50.711,52,93752.0,600.0,86.0,600.0,621.0,0.0,1.0,0.0,0.0,0.5,0.02,0.5,0.517,0.508,0.035,0.508,0.531,0.0,0.0,-1.75,-5.36,-0.08,0.0,0.0,0.0,0.0,0.0,0.0,0.0,0.0,1.0,0.0,0.0,0.0,0.0,0.0,0.0,0.0,0.0,0.0,0.0,0.0,0.0,0.0,161.0,93.0,107.0,161.0,18.0,7.0,12.0,54.0,15.0,0.0,1.0
50.743,51,93803.0,600.0,85.0,600.0,621.0,0.0,1.0,0.0,0.0,0.5,0.02,0.5,0.517,0.508,0.035,0.508,0.531,0.0,0.0,-1.75,-5.36,-0.08,0.0,0.0,0.0,0.0,0.0,0.0,0.0,0.0,1.0,0.0,0.0,0.0,0.0,0.0,0.0,0.0,0.0,0.0,0.0,0.0,0.0,0.0,161.0,93.0,107.0,161.0,18.0,7.0,12.0,54.0,15.0,0.0,0.0
50.807,52,93855.0,600.0,85.0,600.0,621.0,0.0,1.0,0.0,0.0,0.5,0.02,0.5,0.517,0.508,0.035,0.508,0.531,0.0,0.0,-1.75,-5.36,-0.08,0.0,0.0,0.0,0.0,0.0,0.0,0.0,0.0,1.0,0.0,0.0,0.0,0.0,0.0,0.0,0.0,0.0,0.0,0.0,0.0,0.0,0.0,161.0,93.0,107.0,161.0,18.0,7.0,12.0,54.0,15.0,0.0,0.0
50.873,53,93908.0,600.0,85.0,600.0,622.0,0.0,1.0,0.0,0.0,0.5,0.02,0.5,0.517,0.508,0.035,0.508,0.532,0.0,0.0,-1.75,-5.36,-0.08,0.0,0.0,0.0,0.0,0.0,0.0,0.0,0.0,1.0,0.0,0.0,0.0,0.0,0.0,0.0,0.0,0.0,0.0,0.0,0.0,0.0,0.0,161.0,93.0,107.0,161.0,18.0,7.0,12.0,54.0,15.0,0.0,1.0
50.906,52,93960.0,600.0,85.0,600.0,622.0,0.0,1.0,0.0,0.0,0.5,0.02,0.5,0.517,0.508,0.035,0.508,0.532,0.0,0.0,-1.75,-5.36,-0.08,0.0,0.0,0.0,0.0,0.0,0.0,0.0,0.0,1.0,0.0,0.0,0.0,0.0,-0.0,0.0,0.0,0.0,0.0,0.0,0.0,0.0,0.0,161.0,93.0,107.0,161.0,18.0,7.0,12.0,54.0,15.0,0.0,1.0
50.971,51,94011.0,600.0,85.0,600.0,622.0,0.0,1.0,0.0,0.0,0.5,0.02,0.5,0.517,0.508,0.035,0.508,0.532,0.0,0.0,-1.75,-5.36,-0.08,0.0,0.0,0.0,0.0,0.0,0.0,0.0,0.0,1.0,0.0,0.0,0.0,0.0,0.0,0.0,0.0,0.0,0.0,0.0,0.0,0.0,0.0,161.0,93.0,107.0,161.0,18.0,7.0,12.0,54.0,15.0,0.0,0.0
51.046,52,94063.0,600.0,85.0,600.0,622.0,0.0,1.0,0.0,0.0,0.5,0.02,0.5,0.517,0.508,0.035,0.508,0.532,0.0,0.0,-1.75,-5.36,-0.08,0.0,0.0,0.0,0.0,0.0,0.0,0.0,0.0,1.0,0.0,0.0,0.0,0.0,0.0,0.0,0.0,0.0,0.0,0.0,0.0,0.0,0.0,161.0,93.0,107.0,161.0,18.0,7.0,12.0,54.0,15.0,0.0,0.0
51.078,52,94115.0,600.0,85.0,600.0,622.0,0.0,1.0,0.0,0.0,0.5,0.02,0.5,0.518,0.508,0.035,0.508,0.532,0.0,0.0,-1.75,-5.36,-0.08,0.0,0.0,0.0,0.0,0.0,0.0,0.0,0.0,1.0,0.0,0.0,0.0,0.0,0.0,0.0,0.0,0.0,0.0,0.0,0.0,0.0,0.0,161.0,93.0,107.0,161.0,18.0,7.0,12.0,54.0,15.0,0.0,0.0
51.111,52,94167.0,600.0,85.0,600.0,622.0,0.0,1.0,0.0,0.0,0.5,0.02,0.5,0.518,0.508,0.035,0.508,0.532,0.0,0.0,-1.76,-5.36,-0.08,0.0,0.0,0.0,0.0,0.0,0.0,0.0,0.0,1.0,0.0,0.0,0.0,0.0,0.0,0.0,0.0,0.0,0.0,0.0,0.0,0.0,0.0,161.0,93.0,107.0,161.0,18.0,7.0,12.0,54.0,15.0,0.0,0.0
51.176,52,94219.0,600.0,86.0,600.0,622.0,0.0,1.0,0.0,0.0,0.5,0.02,0.5,0.518,0.508,0.035,0.508,0.532,0.0,0.0,-1.76,-5.36,-0.08,0.0,0.0,0.0,0.0,0.0,0.0,0.0,0.0,1.0,0.0,0.0,0.0,0.0,-0.0,0.0,0.0,0.0,0.0,0.0,0.0,0.0,0.0,161.0,93.0,107.0,161.0,18.0,7.0,12.0,54.0,15.0,0.0,0.0
51.242,52,94271.0,600.0,86.0,600.0,622.0,0.0,1.0,0.0,0.0,0.5,0.02,0.5,0.518,0.508,0.035,0.508,0.532,0.0,0.0,-1.76,-5.36,-0.08,0.0,0.0,0.0,0.0,0.0,0.0,0.0,0.0,1.0,0.0,0.0,0.0,0.0,-0.0,0.0,0.0,0.0,0.0,0.0,0.0,0.0,0.0,161.0,93.0,107.0,161.0,18.0,7.0,12.0,54.0,15.0,0.0,1.0
51.274,52,94323.0,600.0,86.0,600.0,626.0,0.0,1.0,0.0,0.0,0.5,0.02,0.5,0.52,0.508,0.035,0.508,0.534,0.0,0.0,-1.76,-5.36,-0.08,0.0,0.0,0.0,0.0,0.0,0.0,0.0,0.0,1.0,0.0,0.0,0.0,0.0,-0.0,0.0,0.0,0.0,0.0,0.0,0.0,0.0,0.0,161.0,93.0,107.0,161.0,18.0,7.0,12.0,54.0,15.0,0.0,0.0
51.34,52,94375.0,600.0,86.0,600.0,626.0,0.0,1.0,0.0,0.0,0.5,0.02,0.5,0.52,0.508,0.035,0.508,0.534,0.0,0.0,-1.77,-5.36,-0.08,0.0,0.0,0.0,0.0,0.0,0.0,0.0,0.0,1.0,0.0,0.0,0.0,0.0,-0.0,0.0,0.0,0.0,0.0,0.0,0.0,0.0,0.0,161.0,93.0,107.0,161.0,18.0,7.0,12.0,54.0,15.0,0.0,0.0
51.373,52,94427.0,600.0,87.0,600.0,626.0,0.0,1.0,0.0,0.0,0.5,0.02,0.5,0.52,0.508,0.035,0.508,0.534,0.0,0.0,-1.77,-5.36,-0.08,0.0,0.0,0.0,0.0,0.0,0.0,0.0,0.0,1.0,0.0,0.0,0.0,0.0,-0.0,0.0,0.0,0.0,0.0,0.0,0.0,0.0,0.0,161.0,93.0,107.0,161.0,18.0,7.0,12.0,54.0,15.0,0.0,1.0
51.439,52,94479.0,600.0,87.0,600.0,626.0,0.0,1.0,0.0,0.0,0.5,0.02,0.5,0.52,0.508,0.035,0.508,0.534,0.0,0.0,-1.77,-5.36,-0.08,0.0,0.0,0.0,0.0,0.0,0.0,0.0,0.0,1.0,0.0,0.0,0.0,0.0,0.0,0.0,0.0,0.0,0.0,0.0,0.0,0.0,0.0,161.0,93.0,107.0,161.0,18.0,7.0,12.0,54.0,15.0,0.0,0.0
51.502,52,94531.0,600.0,87.0,600.0,625.0,0.0,1.0,0.0,0.0,0.5,0.02,0.5,0.52,0.508,0.035,0.508,0.535,0.0,0.0,-1.77,-5.36,-0.08,0.0,0.0,0.0,0.0,0.0,0.0,0.0,0.0,1.0,0.0,0.0,0.0,0.0,-0.0,0.0,0.0,0.0,0.0,0.0,0.0,0.0,0.0,161.0,93.0,107.0,161.0,18.0,7.0,12.0,54.0,15.0,0.0,0.0
51.534,52,94583.0,600.0,87.0,600.0,625.0,0.0,1.0,0.0,0.0,0.5,0.02,0.5,0.52,0.508,0.035,0.508,0.535,0.0,0.0,-1.78,-5.36,-0.08,0.0,0.0,0.0,0.0,0.0,0.0,0.0,0.0,1.0,0.0,0.0,0.0,0.0,-0.0,0.0,0.0,0.0,0.0,0.0,0.0,0.0,0.0,161.0,93.0,107.0,161.0,18.0,7.0,12.0,54.0,15.0,0.0,0.0
51.601,52,94635.0,600.0,86.0,600.0,625.0,0.0,1.0,0.0,0.0,0.5,0.02,0.5,0.52,0.508,0.035,0.508,0.535,0.0,0.0,-1.78,-5.36,-0.08,0.0,0.0,0.0,0.0,0.0,0.0,0.0,0.0,1.0,0.0,0.0,0.0,0.0,-0.0,0.0,0.0,0.0,0.0,0.0,0.0,0.0,0.0,161.0,93.0,107.0,161.0,18.0,7.0,12.0,54.0,15.0,0.0,0.0
51.633,52,94687.0,600.0,86.0,600.0,625.0,0.0,1.0,0.0,0.0,0.5,0.02,0.5,0.52,0.508,0.035,0.508,0.535,0.0,0.0,-1.78,-5.36,-0.08,0.0,0.0,0.0,0.0,0.0,0.0,0.0,0.0,1.0,0.0,0.0,0.0,0.0,0.0,0.0,0.0,0.0,0.0,0.0,0.0,0.0,0.0,161.0,93.0,107.0,161.0,18.0,7.0,12.0,54.0,15.0,0.0,0.0
51.699,52,94739.0,600.0,86.0,600.0,626.0,0.0,1.0,0.0,0.0,0.5,0.02,0.5,0.521,0.508,0.035,0.508,0.535,0.0,0.0,-1.78,-5.36,-0.08,0.0,0.0,0.0,0.0,0.0,0.0,0.0,0.0,1.0,0.0,0.0,0.0,0.0,0.0,0.0,0.0,0.0,0.0,0.0,0.0,0.0,0.0,161.0,93.0,107.0,161.0,18.0,7.0,12.0,54.0,15.0,0.0,0.0
51.732,52,94791.0,600.0,86.0,600.0,626.0,0.0,1.0,0.0,0.0,0.5,0.02,0.5,0.521,0.508,0.035,0.508,0.535,0.0,0.0,-1.78,-5.36,-0.08,0.0,0.0,0.0,0.0,0.0,0.0,0.0,0.0,1.0,0.0,0.0,0.0,0.0,0.0,0.0,0.0,0.0,0.0,0.0,0.0,0.0,0.0,161.0,93.0,107.0,161.0,18.0,7.0,12.0,54.0,15.0,0.0,1.0
51.797,51,94842.0,600.0,87.0,600.0,626.0,0.0,1.0,0.0,0.0,0.5,0.02,0.5,0.521,0.508,0.035,0.508,0.535,0.0,0.0,-1.78,-5.36,-0.08,0.0,0.0,0.0,0.0,0.0,0.0,0.0,0.0,1.0,0.0,0.0,0.0,0.0,0.0,0.0,0.0,0.0,0.0,0.0,0.0,0.0,0.0,161.0,93.0,107.0,161.0,18.0,7.0,12.0,54.0,15.0,0.0,0.0
51.863,52,94894.0,600.0,87.0,600.0,626.0,0.0,1.0,0.0,0.0,0.5,0.02,0.5,0.521,0.508,0.035,0.508,0.535,0.0,0.0,-1.78,-5.36,-0.08,0.0,0.0,0.0,0.0,0.0,0.0,0.0,0.0,1.0,0.0,0.0,0.0,0.0,0.0,0.0,0.0,0.0,0.0,0.0,0.0,0.0,0.0,161.0,93.0,107.0,161.0,18.0,7.0,12.0,54.0,15.0,0.0,0.0
51.896,52,94946.0,600.0,87.0,600.0,628.0,0.0,1.0,0.0,0.0,0.5,0.02,0.5,0.522,0.508,0.035,0.508,0.536,0.0,0.0,-1.78,-5.35,-0.08,0.0,0.0,0.0,0.0,0.0,0.0,0.0,0.0,1.0,0.0,0.0,0.0,0.0,0.0,0.0,0.0,0.0,0.0,0.0,0.0,0.0,0.0,161.0,93.0,107.0,161.0,18.0,7.0,12.0,54.0,15.0,0.0,0.0
51.961,52,94998.0,600.0,87.0,600.0,628.0,0.0,1.0,0.0,0.0,0.5,0.02,0.5,0.522,0.508,0.035,0.508,0.536,0.0,0.0,-1.78,-5.35,-0.08,0.0,0.0,0.0,0.0,0.0,0.0,0.0,0.0,1.0,0.0,0.0,0.0,0.0,0.0,0.0,0.0,0.0,0.0,0.0,0.0,0.0,0.0,161.0,93.0,107.0,161.0,18.0,7.0,12.0,54.0,15.0,0.0,0.0
51.994,51,95049.0,600.0,87.0,600.0,628.0,0.0,1.0,0.0,0.0,0.5,0.02,0.5,0.522,0.508,0.035,0.508,0.536,0.0,0.0,-1.78,-5.35,-0.08,0.0,0.0,0.0,0.0,0.0,0.0,0.0,0.0,1.0,0.0,0.0,0.0,0.0,0.0,0.0,0.0,0.0,0.0,0.0,0.0,0.0,0.0,161.0,93.0,107.0,161.0,18.0,7.0,12.0,54.0,15.0,0.0,0.0
52.06,53,95102.0,600.0,87.0,600.0,628.0,0.0,1.0,0.0,0.0,0.5,0.02,0.5,0.522,0.508,0.035,0.508,0.536,0.0,0.0,-1.78,-5.35,-0.08,0.0,0.0,0.0,0.0,0.0,0.0,0.0,0.0,1.0,0.0,0.0,0.0,0.0,0.0,0.0,0.0,0.0,0.0,0.0,0.0,0.0,0.0,161.0,93.0,107.0,161.0,18.0,7.0,12.0,54.0,15.0,0.0,1.0
52.093,52,95154.0,600.0,87.0,600.0,627.0,0.0,1.0,0.0,0.0,0.5,0.021,0.5,0.522,0.508,0.035,0.508,0.537,0.0,0.0,-1.78,-5.34,-0.08,0.0,0.0,0.0,0.0,0.0,0.0,0.0,0.0,1.0,0.0,0.0,0.0,0.0,0.0,0.0,0.0,0.0,0.0,0.0,0.0,0.0,0.0,161.0,93.0,107.0,161.0,18.0,7.0,12.0,54.0,15.0,0.0,0.0
52.158,52,95206.0,600.0,87.0,600.0,627.0,0.0,1.0,0.0,0.0,0.5,0.021,0.5,0.522,0.508,0.035,0.508,0.537,0.0,0.0,-1.78,-5.34,-0.08,0.0,0.0,0.0,0.0,0.0,0.0,0.0,0.0,1.0,0.0,0.0,0.0,0.0,0.0,0.0,0.0,0.0,0.0,0.0,0.0,0.0,0.0,161.0,93.0,107.0,161.0,18.0,7.0,12.0,54.0,15.0,0.0,0.0
52.223,53,95259.0,600.0,87.0,600.0,627.0,0.0,1.0,0.0,0.0,0.5,0.021,0.5,0.522,0.508,0.035,0.508,0.537,0.0,0.0,-1.78,-5.34,-0.08,0.0,0.0,0.0,0.0,0.0,0.0,0.0,0.0,1.0,0.0,0.0,0.0,0.0,0.0,0.0,0.0,0.0,0.0,0.0,0.0,0.0,0.0,161.0,93.0,107.0,161.0,18.0,7.0,12.0,54.0,15.0,0.0,0.0
52.257,52,95311.0,600.0,87.0,600.0,627.0,0.0,1.0,0.0,0.0,0.5,0.021,0.5,0.522,0.508,0.035,0.508,0.537,0.0,0.0,-1.78,-5.34,-0.08,0.0,0.0,0.0,0.0,0.0,0.0,0.0,0.0,1.0,0.0,0.0,0.0,0.0,0.0,0.0,0.0,0.0,0.0,0.0,0.0,0.0,0.0,161.0,93.0,107.0,161.0,18.0,7.0,12.0,54.0,15.0,0.0,0.0
52.321,52,95363.0,600.0,87.0,600.0,627.0,0.0,1.0,0.0,0.0,0.5,0.021,0.5,0.522,0.508,0.035,0.508,0.537,0.0,0.0,-1.78,-5.34,-0.08,0.0,0.0,0.0,0.0,0.0,0.0,0.0,0.0,1.0,0.0,0.0,0.0,0.0,-0.0,0.0,0.0,0.0,0.0,0.0,0.0,0.0,0.0,161.0,93.0,107.0,161.0,18.0,7.0,12.0,54.0,15.0,0.0,0.0
52.385,52,95415.0,600.0,87.0,600.0,627.0,0.0,1.0,0.0,0.0,0.5,0.021,0.5,0.522,0.508,0.035,0.508,0.537,0.0,0.0,-1.78,-5.34,-0.08,0.0,0.0,0.0,0.0,0.0,0.0,0.0,0.0,1.0,0.0,0.0,0.0,0.0,-0.0,0.0,0.0,0.0,0.0,0.0,0.0,0.0,0.0,161.0,93.0,107.0,161.0,18.0,7.0,12.0,54.0,15.0,0.0,0.0
52.418,53,95468.0,600.0,87.0,600.0,627.0,0.0,1.0,0.0,0.0,0.5,0.021,0.5,0.522,0.508,0.035,0.508,0.537,0.0,0.0,-1.78,-5.34,-0.08,0.0,0.0,0.0,0.0,0.0,0.0,0.0,0.0,1.0,0.0,0.0,0.0,0.0,-0.0,0.0,0.0,0.0,0.0,0.0,0.0,0.0,0.0,161.0,93.0,107.0,161.0,18.0,7.0,12.0,54.0,15.0,0.0,0.0
52.483,52,95520.0,600.0,87.0,600.0,627.0,0.0,1.0,0.0,0.0,0.5,0.021,0.5,0.522,0.508,0.035,0.508,0.537,0.0,0.0,-1.78,-5.34,-0.08,0.0,0.0,0.0,0.0,0.0,0.0,0.0,0.0,1.0,0.0,0.0,0.0,0.0,0.0,0.0,0.0,0.0,0.0,0.0,0.0,0.0,0.0,161.0,93.0,107.0,161.0,18.0,7.0,12.0,54.0,15.0,0.0,0.0
52.514,52,95572.0,600.0,87.0,600.0,627.0,0.0,1.0,0.0,0.0,0.5,0.021,0.5,0.522,0.508,0.035,0.508,0.537,0.0,0.0,-1.78,-5.34,-0.08,0.0,0.0,0.0,0.0,0.0,0.0,0.0,0.0,1.0,0.0,0.0,0.0,0.0,0.0,0.0,0.0,0.0,0.0,0.0,0.0,0.0,0.0,161.0,93.0,107.0,161.0,18.0,7.0,12.0,54.0,15.0,0.0,0.0
52.578,52,95624.0,600.0,87.0,600.0,627.0,0.0,1.0,0.0,0.0,0.5,0.021,0.5,0.522,0.508,0.035,0.508,0.537,0.0,0.0,-1.78,-5.33,-0.08,0.0,0.0,0.0,0.0,0.0,0.0,0.0,0.0,1.0,0.0,0.0,0.0,0.0,-0.0,0.0,0.0,0.0,0.0,0.0,0.0,0.0,0.0,161.0,93.0,107.0,161.0,18.0,7.0,12.0,54.0,15.0,0.0,0.0
52.644,52,95676.0,600.0,88.0,600.0,627.0,0.0,1.0,0.0,0.0,0.5,0.021,0.5,0.522,0.508,0.035,0.508,0.537,0.0,0.0,-1.78,-5.34,-0.08,0.0,0.0,0.0,0.0,0.0,0.0,0.0,0.0,1.0,0.0,0.0,0.0,0.0,0.0,0.0,0.0,0.0,0.0,0.0,0.0,0.0,0.0,161.0,93.0,107.0,161.0,18.0,7.0,12.0,54.0,15.0,0.0,0.0
52.676,52,95728.0,600.0,88.0,600.0,627.0,0.0,1.0,0.0,0.0,0.5,0.021,0.5,0.522,0.508,0.035,0.508,0.537,0.0,0.0,-1.77,-5.34,-0.08,0.0,0.0,0.0,0.0,0.0,0.0,0.0,0.0,1.0,0.0,0.0,0.0,0.0,0.0,0.0,0.0,0.0,0.0,0.0,0.0,0.0,0.0,161.0,93.0,107.0,161.0,18.0,7.0,12.0,54.0,15.0,0.0,0.0
52.742,52,95780.0,600.0,88.0,600.0,623.0,0.0,1.0,0.0,0.0,0.5,0.021,0.5,0.52,0.508,0.035,0.508,0.535,0.0,0.0,-1.77,-5.34,-0.08,0.0,0.0,0.0,0.0,0.0,0.0,0.0,0.0,1.0,0.0,0.0,0.0,0.0,0.0,0.0,0.0,0.0,0.0,0.0,0.0,0.0,0.0,161.0,93.0,107.0,161.0,18.0,7.0,12.0,54.0,15.0,0.0,0.0
52.774,52,95832.0,600.0,88.0,600.0,623.0,0.0,1.0,0.0,0.0,0.5,0.021,0.5,0.52,0.508,0.035,0.508,0.535,0.0,0.0,-1.77,-5.34,-0.08,0.0,0.0,0.0,0.0,0.0,0.0,0.0,0.0,1.0,0.0,0.0,0.0,0.0,-0.0,0.0,0.0,0.0,0.0,0.0,0.0,0.0,0.0,161.0,93.0,107.0,161.0,18.0,7.0,12.0,54.0,15.0,0.0,1.0
52.84,52,95884.0,600.0,87.0,600.0,623.0,0.0,1.0,0.0,0.0,0.5,0.021,0.5,0.52,0.508,0.035,0.508,0.535,0.0,0.0,-1.77,-5.34,-0.08,0.0,0.0,0.0,0.0,0.0,0.0,0.0,0.0,1.0,0.0,0.0,0.0,0.0,0.0,0.0,0.0,0.0,0.0,0.0,0.0,0.0,0.0,161.0,93.0,107.0,161.0,18.0,7.0,12.0,54.0,15.0,0.0,1.0
52.906,52,95936.0,600.0,87.0,600.0,623.0,0.0,1.0,0.0,0.0,0.5,0.021,0.5,0.52,0.508,0.035,0.508,0.535,0.0,0.0,-1.76,-5.34,-0.08,0.0,0.0,0.0,0.0,0.0,0.0,0.0,0.0,1.0,0.0,0.0,0.0,0.0,0.0,0.0,0.0,0.0,0.0,0.0,0.0,0.0,0.0,161.0,93.0,107.0,161.0,18.0,7.0,12.0,54.0,15.0,0.0,0.0
52.939,54,95990.0,600.0,87.0,600.0,619.0,0.0,1.0,0.0,0.0,0.5,0.021,0.5,0.518,0.508,0.035,0.508,0.533,0.0,0.0,-1.77,-5.34,-0.08,0.0,0.0,0.0,0.0,0.0,0.0,0.0,0.0,1.0,0.0,0.0,0.0,0.0,-0.0,0.0,0.0,0.0,0.0,0.0,0.0,0.0,0.0,161.0,93.0,107.0,161.0,18.0,7.0,12.0,54.0,15.0,0.0,1.0
53.002,52,96042.0,600.0,87.0,600.0,619.0,0.0,1.0,0.0,0.0,0.5,0.021,0.5,0.518,0.508,0.035,0.508,0.533,0.0,0.0,-1.77,-5.34,-0.08,0.0,0.0,0.0,0.0,0.0,0.0,0.0,0.0,1.0,0.0,0.0,0.0,0.0,-0.0,0.0,0.0,0.0,0.0,0.0,0.0,0.0,0.0,161.0,93.0,107.0,161.0,18.0,7.0,12.0,54.0,15.0,0.0,1.0
53.034,53,96095.0,600.0,86.0,600.0,619.0,0.0,1.0,0.0,0.0,0.5,0.021,0.5,0.518,0.508,0.035,0.508,0.533,0.0,0.0,-1.77,-5.34,-0.08,0.0,0.0,0.0,0.0,0.0,0.0,0.0,0.0,1.0,0.0,0.0,0.0,0.0,-0.0,0.0,0.0,0.0,0.0,0.0,0.0,0.0,0.0,161.0,93.0,107.0,161.0,18.0,7.0,12.0,54.0,15.0,0.0,0.0
53.097,52,96147.0,600.0,86.0,600.0,619.0,0.0,1.0,0.0,0.0,0.5,0.021,0.5,0.518,0.508,0.035,0.508,0.533,0.0,0.0,-1.77,-5.34,-0.08,0.0,0.0,0.0,0.0,0.0,0.0,0.0,0.0,1.0,0.0,0.0,0.0,0.0,0.0,0.0,0.0,0.0,0.0,0.0,0.0,0.0,0.0,161.0,93.0,107.0,161.0,18.0,7.0,12.0,54.0,15.0,0.0,1.0
53.161,52,96199.0,600.0,86.0,600.0,621.0,0.0,1.0,0.0,0.0,0.5,0.02,0.5,0.517,0.508,0.035,0.508,0.532,0.0,0.0,-1.77,-5.34,-0.08,0.0,0.0,0.0,0.0,0.0,0.0,0.0,0.0,1.0,0.0,0.0,0.0,0.0,0.0,0.0,0.0,0.0,0.0,0.0,0.0,0.0,0.0,161.0,93.0,107.0,161.0,18.0,7.0,12.0,54.0,15.0,0.0,1.0
53.194,53,96252.0,600.0,86.0,600.0,621.0,0.0,1.0,0.0,0.0,0.5,0.02,0.5,0.517,0.508,0.035,0.508,0.532,0.0,0.0,-1.77,-5.34,-0.08,0.0,0.0,0.0,0.0,0.0,0.0,0.0,0.0,1.0,0.0,0.0,0.0,0.0,0.0,0.0,0.0,0.0,0.0,0.0,0.0,0.0,0.0,161.0,93.0,107.0,161.0,18.0,7.0,12.0,54.0,15.0,0.0,0.0
53.26,52,96304.0,600.0,86.0,600.0,621.0,0.0,1.0,0.0,0.0,0.5,0.02,0.5,0.517,0.508,0.035,0.508,0.532,0.0,0.0,-1.78,-5.34,-0.08,0.0,0.0,0.0,0.0,0.0,0.0,0.0,0.0,1.0,0.0,0.0,0.0,0.0,0.0,0.0,0.0,0.0,0.0,0.0,0.0,0.0,0.0,161.0,93.0,107.0,161.0,18.0,7.0,12.0,54.0,15.0,0.0,0.0
53.323,54,96358.0,600.0,86.0,600.0,621.0,0.0,1.0,0.0,0.0,0.5,0.02,0.5,0.517,0.508,0.035,0.508,0.532,0.0,0.0,-1.77,-5.34,-0.08,0.0,0.0,0.0,0.0,0.0,0.0,0.0,0.0,1.0,0.0,0.0,0.0,0.0,0.0,0.0,0.0,0.0,0.0,0.0,0.0,0.0,0.0,161.0,93.0,107.0,161.0,18.0,7.0,12.0,54.0,15.0,0.0,0.0
53.355,52,96410.0,600.0,86.0,600.0,620.0,0.0,1.0,0.0,0.0,0.5,0.02,0.5,0.517,0.508,0.035,0.508,0.532,0.0,0.0,-1.77,-5.35,-0.08,0.0,0.0,0.0,0.0,0.0,0.0,0.0,0.0,1.0,0.0,0.0,0.0,0.0,-0.0,0.0,0.0,0.0,0.0,0.0,0.0,0.0,0.0,161.0,93.0,107.0,161.0,18.0,7.0,12.0,54.0,15.0,0.0,0.0
53.419,52,96462.0,600.0,86.0,600.0,620.0,0.0,1.0,0.0,0.0,0.5,0.02,0.5,0.517,0.508,0.035,0.508,0.532,0.0,0.0,-1.77,-5.35,-0.08,0.0,0.0,0.0,0.0,0.0,0.0,0.0,0.0,1.0,0.0,0.0,0.0,0.0,0.0,0.0,0.0,0.0,0.0,0.0,0.0,0.0,0.0,161.0,93.0,107.0,161.0,18.0,7.0,12.0,54.0,15.0,0.0,0.0
53.481,52,96514.0,600.0,86.0,600.0,620.0,0.0,1.0,0.0,0.0,0.5,0.02,0.5,0.517,0.508,0.035,0.508,0.532,0.0,0.0,-1.77,-5.35,-0.08,0.0,0.0,0.0,0.0,0.0,0.0,0.0,0.0,1.0,0.0,0.0,0.0,0.0,0.0,0.0,0.0,0.0,0.0,0.0,0.0,0.0,0.0,161.0,93.0,107.0,161.0,18.0,7.0,12.0,54.0,15.0,0.0,1.0
53.513,52,96566.0,600.0,86.0,600.0,620.0,0.0,1.0,0.0,0.0,0.5,0.02,0.5,0.517,0.508,0.035,0.508,0.532,0.0,0.0,-1.77,-5.35,-0.08,0.0,0.0,0.0,0.0,0.0,0.0,0.0,0.0,1.0,0.0,0.0,0.0,0.0,0.0,0.0,0.0,0.0,0.0,0.0,0.0,0.0,0.0,161.0,93.0,107.0,161.0,18.0,7.0,12.0,54.0,15.0,0.0,0.0
53.577,52,96618.0,600.0,86.0,600.0,621.0,0.0,1.0,0.0,0.0,0.5,0.02,0.5,0.517,0.508,0.035,0.508,0.532,0.0,0.0,-1.76,-5.35,-0.08,0.0,0.0,0.0,0.0,0.0,0.0,0.0,0.0,1.0,0.0,0.0,0.0,0.0,0.0,0.0,0.0,0.0,0.0,0.0,0.0,0.0,0.0,161.0,93.0,107.0,161.0,18.0,7.0,12.0,54.0,15.0,0.0,0.0
53.611,52,96670.0,600.0,86.0,600.0,621.0,0.0,1.0,0.0,0.0,0.5,0.02,0.5,0.517,0.508,0.035,0.508,0.532,0.0,0.0,-1.77,-5.35,-0.08,0.0,0.0,0.0,0.0,0.0,0.0,0.0,0.0,1.0,0.0,0.0,0.0,0.0,0.0,0.0,0.0,0.0,0.0,0.0,0.0,0.0,0.0,161.0,93.0,107.0,161.0,18.0,7.0,12.0,54.0,15.0,0.0,0.0
53.676,52,96722.0,600.0,86.0,600.0,621.0,0.0,1.0,0.0,0.0,0.5,0.02,0.5,0.517,0.508,0.035,0.508,0.532,0.0,0.0,-1.77,-5.35,-0.08,0.0,0.0,0.0,0.0,0.0,0.0,0.0,0.0,1.0,0.0,0.0,0.0,0.0,-0.0,0.0,0.0,0.0,0.0,0.0,0.0,0.0,0.0,161.0,93.0,107.0,161.0,18.0,7.0,12.0,54.0,15.0,0.0,0.0
53.742,52,96774.0,600.0,86.0,600.0,621.0,0.0,1.0,0.0,0.0,0.5,0.02,0.5,0.517,0.508,0.035,0.508,0.532,0.0,0.0,-1.77,-5.35,-0.08,0.0,0.0,0.0,0.0,0.0,0.0,0.0,0.0,1.0,0.0,0.0,0.0,0.0,-0.0,0.0,0.0,0.0,0.0,0.0,0.0,0.0,0.0,161.0,93.0,107.0,161.0,18.0,7.0,12.0,54.0,15.0,0.0,0.0
53.774,52,96826.0,600.0,86.0,600.0,621.0,0.0,1.0,0.0,0.0,0.5,0.02,0.5,0.517,0.508,0.035,0.508,0.532,0.0,0.0,-1.77,-5.35,-0.08,0.0,0.0,0.0,0.0,0.0,0.0,0.0,0.0,1.0,0.0,0.0,0.0,0.0,0.0,0.0,0.0,0.0,0.0,0.0,0.0,0.0,0.0,161.0,93.0,107.0,161.0,18.0,7.0,12.0,54.0,15.0,0.0,0.0
53.841,53,96879.0,600.0,86.0,600.0,621.0,0.0,1.0,0.0,0.0,0.5,0.02,0.5,0.517,0.508,0.035,0.508,0.532,0.0,0.0,-1.77,-5.35,-0.08,0.0,0.0,0.0,0.0,0.0,0.0,0.0,0.0,1.0,0.0,0.0,0.0,0.0,-0.0,0.0,0.0,0.0,0.0,0.0,0.0,0.0,0.0,161.0,93.0,107.0,161.0,18.0,7.0,12.0,54.0,15.0,0.0,0.0
53.874,52,96931.0,600.0,85.0,600.0,621.0,0.0,1.0,0.0,0.0,0.5,0.02,0.5,0.517,0.508,0.035,0.508,0.532,0.0,0.0,-1.78,-5.35,-0.08,0.0,0.0,0.0,0.0,0.0,0.0,0.0,0.0,1.0,0.0,0.0,0.0,0.0,0.0,0.0,0.0,0.0,0.0,0.0,0.0,0.0,0.0,161.0,93.0,107.0,161.0,18.0,7.0,12.0,54.0,15.0,0.0,0.0
53.94,52,96983.0,600.0,85.0,600.0,621.0,0.0,1.0,0.0,0.0,0.5,0.02,0.5,0.517,0.508,0.035,0.508,0.532,0.0,0.0,-1.78,-5.34,-0.08,0.0,0.0,0.0,0.0,0.0,0.0,0.0,0.0,1.0,0.0,0.0,0.0,0.0,-0.0,0.0,0.0,0.0,0.0,0.0,0.0,0.0,0.0,161.0,93.0,107.0,161.0,18.0,7.0,12.0,54.0,15.0,0.0,0.0
54.005,52,97035.0,600.0,85.0,600.0,625.0,0.0,1.0,0.0,0.0,0.5,0.02,0.5,0.519,0.508,0.035,0.508,0.533,0.0,0.0,-1.78,-5.34,-0.08,0.0,0.0,0.0,0.0,0.0,0.0,0.0,0.0,1.0,0.0,0.0,0.0,0.0,0.0,0.0,0.0,0.0,0.0,0.0,0.0,0.0,0.0,161.0,93.0,107.0,161.0,18.0,7.0,12.0,54.0,15.0,0.0,0.0
54.038,52,97087.0,600.0,85.0,600.0,625.0,0.0,1.0,0.0,0.0,0.5,0.02,0.5,0.519,0.508,0.035,0.508,0.533,0.0,0.0,-1.78,-5.34,-0.08,0.0,0.0,0.0,0.0,0.0,0.0,0.0,0.0,1.0,0.0,0.0,0.0,0.0,-0.0,0.0,0.0,0.0,0.0,0.0,0.0,0.0,0.0,161.0,93.0,107.0,161.0,18.0,7.0,12.0,54.0,15.0,0.0,0.0
54.102,51,97138.0,600.0,87.0,600.0,625.0,0.0,1.0,0.0,0.0,0.5,0.02,0.5,0.519,0.508,0.035,0.508,0.533,0.0,0.0,-1.78,-5.34,-0.08,0.0,0.0,0.0,0.0,0.0,0.0,0.0,0.0,1.0,0.0,0.0,0.0,0.0,-0.0,0.0,0.0,0.0,0.0,0.0,0.0,0.0,0.0,161.0,93.0,107.0,161.0,18.0,7.0,12.0,54.0,15.0,0.0,0.0
54.133,53,97191.0,600.0,87.0,600.0,625.0,0.0,1.0,0.0,0.0,0.5,0.02,0.5,0.519,0.508,0.035,0.508,0.533,0.0,0.0,-1.78,-5.34,-0.08,0.0,0.0,0.0,0.0,0.0,0.0,0.0,0.0,1.0,0.0,0.0,0.0,0.0,0.0,0.0,0.0,0.0,0.0,0.0,0.0,0.0,0.0,161.0,93.0,107.0,161.0,18.0,7.0,12.0,54.0,15.0,0.0,0.0
54.197,52,97243.0,600.0,87.0,600.0,624.0,0.0,1.0,0.0,0.0,0.5,0.02,0.5,0.519,0.508,0.035,0.508,0.534,0.0,0.0,-1.78,-5.34,-0.08,0.0,0.0,0.0,0.0,0.0,0.0,0.0,0.0,1.0,0.0,0.0,0.0,0.0,-0.0,0.0,0.0,0.0,0.0,0.0,0.0,0.0,0.0,161.0,93.0,107.0,161.0,18.0,7.0,12.0,54.0,15.0,0.0,1.0
54.26,52,97295.0,600.0,87.0,600.0,624.0,0.0,1.0,0.0,0.0,0.5,0.02,0.5,0.519,0.508,0.035,0.508,0.534,0.0,0.0,-1.78,-5.34,-0.08,0.0,0.0,0.0,0.0,0.0,0.0,0.0,0.0,1.0,0.0,0.0,0.0,0.0,-0.0,0.0,0.0,0.0,0.0,0.0,0.0,0.0,0.0,161.0,93.0,107.0,161.0,18.0,7.0,12.0,54.0,15.0,0.0,0.0
54.291,52,97347.0,600.0,87.0,600.0,624.0,0.0,1.0,0.0,0.0,0.5,0.02,0.5,0.519,0.508,0.035,0.508,0.534,0.0,0.0,-1.78,-5.34,-0.08,0.0,0.0,0.0,0.0,0.0,0.0,0.0,0.0,1.0,0.0,0.0,0.0,0.0,0.0,0.0,0.0,0.0,0.0,0.0,0.0,0.0,0.0,161.0,93.0,107.0,161.0,18.0,7.0,12.0,54.0,15.0,0.0,0.0
54.354,53,97400.0,600.0,87.0,600.0,624.0,0.0,1.0,0.0,0.0,0.5,0.02,0.5,0.519,0.508,0.035,0.508,0.534,0.0,0.0,-1.78,-5.34,-0.08,0.0,0.0,0.0,0.0,0.0,0.0,0.0,0.0,1.0,0.0,0.0,0.0,0.0,0.0,0.0,0.0,0.0,0.0,0.0,0.0,0.0,0.0,161.0,93.0,107.0,161.0,18.0,7.0,12.0,54.0,15.0,0.0,0.0
54.425,52,97452.0,600.0,87.0,600.0,626.0,0.0,1.0,0.0,0.0,0.5,0.021,0.5,0.52,0.508,0.035,0.508,0.535,0.0,0.0,-1.78,-5.35,-0.08,0.0,0.0,0.0,0.0,0.0,0.0,0.0,0.0,1.0,0.0,0.0,0.0,0.0,0.0,0.0,0.0,0.0,0.0,0.0,0.0,0.0,0.0,161.0,93.0,107.0,161.0,18.0,7.0,12.0,54.0,15.0,0.0,0.0
54.457,52,97504.0,600.0,87.0,600.0,626.0,0.0,1.0,0.0,0.0,0.5,0.021,0.5,0.52,0.508,0.035,0.508,0.535,0.0,0.0,-1.78,-5.35,-0.08,0.0,0.0,0.0,0.0,0.0,0.0,0.0,0.0,1.0,0.0,0.0,0.0,0.0,-0.0,0.0,0.0,0.0,0.0,0.0,0.0,0.0,0.0,161.0,93.0,107.0,161.0,18.0,7.0,12.0,54.0,15.0,0.0,0.0
54.523,51,97555.0,600.0,88.0,600.0,626.0,0.0,1.0,0.0,0.0,0.5,0.021,0.5,0.52,0.508,0.035,0.508,0.535,0.0,0.0,-1.78,-5.35,-0.08,0.0,0.0,0.0,0.0,0.0,0.0,0.0,0.0,1.0,0.0,0.0,0.0,0.0,-0.0,0.0,0.0,0.0,0.0,0.0,0.0,0.0,0.0,161.0,93.0,107.0,161.0,18.0,7.0,12.0,54.0,15.0,0.0,0.0
54.555,52,97607.0,600.0,88.0,600.0,626.0,0.0,1.0,0.0,0.0,0.5,0.021,0.5,0.52,0.508,0.035,0.508,0.535,0.0,0.0,-1.78,-5.35,-0.08,0.0,0.0,0.0,0.0,0.0,0.0,0.0,0.0,1.0,0.0,0.0,0.0,0.0,0.0,0.0,0.0,0.0,0.0,0.0,0.0,0.0,0.0,161.0,93.0,107.0,161.0,18.0,7.0,12.0,54.0,15.0,0.0,0.0
54.625,52,97659.0,600.0,88.0,600.0,623.0,0.0,1.0,0.0,0.0,0.5,0.021,0.5,0.519,0.508,0.035,0.508,0.534,0.0,0.0,-1.78,-5.35,-0.08,0.0,0.0,0.0,0.0,0.0,0.0,0.0,0.0,1.0,0.0,0.0,0.0,0.0,0.0,0.0,0.0,0.0,0.0,0.0,0.0,0.0,0.0,161.0,93.0,107.0,161.0,18.0,7.0,12.0,54.0,15.0,0.0,0.0
54.658,52,97711.0,600.0,88.0,600.0,623.0,0.0,1.0,0.0,0.0,0.5,0.021,0.5,0.519,0.508,0.035,0.508,0.534,0.0,0.0,-1.78,-5.35,-0.08,0.0,0.0,0.0,0.0,0.0,0.0,0.0,0.0,1.0,0.0,0.0,0.0,0.0,-0.0,0.0,0.0,0.0,0.0,0.0,0.0,0.0,0.0,161.0,93.0,107.0,161.0,18.0,7.0,12.0,54.0,15.0,0.0,0.0
54.723,52,97763.0,600.0,87.0,600.0,623.0,0.0,1.0,0.0,0.0,0.5,0.021,0.5,0.519,0.508,0.035,0.508,0.534,0.0,0.0,-1.78,-5.35,-0.08,0.0,0.0,0.0,0.0,0.0,0.0,0.0,0.0,1.0,0.0,0.0,0.0,0.0,0.0,0.0,0.0,0.0,0.0,0.0,0.0,0.0,0.0,161.0,93.0,107.0,161.0,18.0,7.0,12.0,54.0,15.0,0.0,0.0
54.756,51,97814.0,600.0,87.0,600.0,623.0,0.0,1.0,0.0,0.0,0.5,0.021,0.5,0.519,0.508,0.035,0.508,0.534,0.0,0.0,-1.78,-5.35,-0.08,0.0,0.0,0.0,0.0,0.0,0.0,0.0,0.0,1.0,0.0,0.0,0.0,0.0,-0.0,0.0,0.0,0.0,0.0,0.0,0.0,0.0,0.0,161.0,93.0,107.0,161.0,18.0,7.0,12.0,54.0,15.0,0.0,0.0
54.822,52,97866.0,600.0,87.0,600.0,625.0,0.0,1.0,0.0,0.0,0.5,0.021,0.5,0.52,0.508,0.035,0.508,0.535,0.0,0.0,-1.78,-5.35,-0.08,0.0,0.0,0.0,0.0,0.0,0.0,0.0,0.0,1.0,0.0,0.0,0.0,0.0,-0.0,0.0,0.0,0.0,0.0,0.0,0.0,0.0,0.0,161.0,93.0,107.0,161.0,18.0,7.0,12.0,54.0,15.0,0.0,0.0
54.888,53,97919.0,600.0,87.0,600.0,625.0,0.0,1.0,0.0,0.0,0.5,0.021,0.5,0.52,0.508,0.035,0.508,0.535,0.0,0.0,-1.79,-5.35,-0.08,0.0,0.0,0.0,0.0,0.0,0.0,0.0,0.0,1.0,0.0,0.0,0.0,0.0,-0.0,0.0,0.0,0.0,0.0,0.0,0.0,0.0,0.0,161.0,93.0,107.0,161.0,18.0,7.0,12.0,54.0,15.0,0.0,0.0
54.921,52,97971.0,600.0,88.0,600.0,625.0,0.0,1.0,0.0,0.0,0.5,0.021,0.5,0.52,0.508,0.035,0.508,0.535,0.0,0.0,-1.78,-5.35,-0.08,0.0,0.0,0.0,0.0,0.0,0.0,0.0,0.0,1.0,0.0,0.0,0.0,0.0,0.0,0.0,0.0,0.0,0.0,0.0,0.0,0.0,0.0,161.0,93.0,107.0,161.0,18.0,7.0,12.0,54.0,15.0,0.0,0.0
54.986,52,98023.0,600.0,88.0,600.0,625.0,0.0,1.0,0.0,0.0,0.5,0.021,0.5,0.52,0.508,0.035,0.508,0.535,0.0,0.0,-1.78,-5.35,-0.08,0.0,0.0,0.0,0.0,0.0,0.0,0.0,0.0,1.0,0.0,0.0,0.0,0.0,0.0,0.0,0.0,0.0,0.0,0.0,0.0,0.0,0.0,161.0,93.0,107.0,161.0,18.0,7.0,12.0,54.0,15.0,0.0,0.0
55.019,52,98075.0,600.0,88.0,600.0,620.0,0.0,1.0,0.0,0.0,0.5,0.021,0.5,0.518,0.508,0.035,0.508,0.533,0.0,0.0,-1.78,-5.35,-0.08,0.0,0.0,0.0,0.0,0.0,0.0,0.0,0.0,1.0,0.0,0.0,0.0,0.0,0.0,0.0,0.0,0.0,0.0,0.0,0.0,0.0,0.0,161.0,93.0,107.0,161.0,18.0,7.0,12.0,54.0,15.0,0.0,1.0
55.086,52,98127.0,600.0,88.0,600.0,620.0,0.0,1.0,0.0,0.0,0.5,0.021,0.5,0.518,0.508,0.035,0.508,0.533,0.0,0.0,-1.78,-5.35,-0.08,0.0,0.0,0.0,0.0,0.0,0.0,0.0,0.0,1.0,0.0,0.0,0.0,0.0,0.0,0.0,0.0,0.0,0.0,0.0,0.0,0.0,0.0,161.0,93.0,107.0,161.0,18.0,7.0,12.0,54.0,15.0,0.0,0.0
55.119,52,98179.0,600.0,87.0,600.0,620.0,0.0,1.0,0.0,0.0,0.5,0.021,0.5,0.518,0.508,0.035,0.508,0.533,0.0,0.0,-1.78,-5.36,-0.08,0.0,0.0,0.0,0.0,0.0,0.0,0.0,0.0,1.0,0.0,0.0,0.0,0.0,0.0,0.0,0.0,0.0,0.0,0.0,0.0,0.0,0.0,161.0,93.0,107.0,161.0,18.0,7.0,12.0,54.0,15.0,0.0,0.0
55.184,53,98232.0,600.0,87.0,600.0,620.0,0.0,1.0,0.0,0.0,0.5,0.021,0.5,0.518,0.508,0.035,0.508,0.533,0.0,0.0,-1.78,-5.35,-0.08,0.0,0.0,0.0,0.0,0.0,0.0,0.0,0.0,1.0,0.0,0.0,0.0,0.0,-0.0,0.0,0.0,0.0,0.0,0.0,0.0,0.0,0.0,161.0,93.0,107.0,161.0,18.0,7.0,12.0,54.0,15.0,0.0,1.0
55.247,52,98284.0,600.0,87.0,600.0,617.0,0.0,1.0,0.0,0.0,0.5,0.021,0.5,0.516,0.508,0.035,0.508,0.531,0.0,0.0,-1.77,-5.35,-0.08,0.0,0.0,0.0,0.0,0.0,0.0,0.0,0.0,1.0,0.0,0.0,0.0,0.0,-0.0,0.0,0.0,0.0,0.0,0.0,0.0,0.0,0.0,161.0,93.0,107.0,161.0,18.0,7.0,12.0,54.0,15.0,0.0,1.0
55.279,52,98336.0,600.0,87.0,600.0,617.0,0.0,1.0,0.0,0.0,0.5,0.021,0.5,0.516,0.508,0.035,0.508,0.531,0.0,0.0,-1.77,-5.35,-0.08,0.0,0.0,0.0,0.0,0.0,0.0,0.0,0.0,1.0,0.0,0.0,0.0,0.0,0.0,0.0,0.0,0.0,0.0,0.0,0.0,0.0,0.0,161.0,93.0,107.0,161.0,18.0,7.0,12.0,54.0,15.0,0.0,1.0
55.347,52,98388.0,600.0,87.0,600.0,617.0,0.0,1.0,0.0,0.0,0.5,0.021,0.5,0.516,0.508,0.035,0.508,0.531,0.0,0.0,-1.77,-5.35,-0.08,0.0,0.0,0.0,0.0,0.0,0.0,0.0,0.0,1.0,0.0,0.0,0.0,0.0,0.0,0.0,0.0,0.0,0.0,0.0,0.0,0.0,0.0,161.0,93.0,107.0,161.0,18.0,7.0,12.0,54.0,15.0,0.0,0.0
55.417,54,98442.0,600.0,87.0,600.0,617.0,0.0,1.0,0.0,0.0,0.5,0.021,0.5,0.516,0.508,0.035,0.508,0.531,0.0,0.0,-1.78,-5.35,-0.08,0.0,0.0,0.0,0.0,0.0,0.0,0.0,0.0,1.0,0.0,0.0,0.0,0.0,0.0,0.0,0.0,0.0,0.0,0.0,0.0,0.0,0.0,161.0,93.0,107.0,161.0,18.0,7.0,12.0,54.0,15.0,0.0,0.0
55.45,52,98494.0,600.0,87.0,600.0,614.0,0.0,1.0,0.0,0.0,0.5,0.021,0.5,0.514,0.508,0.035,0.508,0.529,0.0,0.0,-1.78,-5.34,-0.08,0.0,0.0,0.0,0.0,0.0,0.0,0.0,0.0,1.0,0.0,0.0,0.0,0.0,0.0,0.0,0.0,0.0,0.0,0.0,0.0,0.0,0.0,161.0,93.0,107.0,161.0,18.0,7.0,12.0,54.0,15.0,0.0,0.0
55.516,52,98546.0,600.0,87.0,600.0,614.0,0.0,1.0,0.0,0.0,0.5,0.021,0.5,0.514,0.508,0.035,0.508,0.529,0.0,0.0,-1.78,-5.34,-0.08,0.0,0.0,0.0,0.0,0.0,0.0,0.0,0.0,1.0,0.0,0.0,0.0,0.0,-0.0,0.0,0.0,0.0,0.0,0.0,0.0,0.0,0.0,161.0,93.0,107.0,161.0,18.0,7.0,12.0,54.0,15.0,0.0,0.0
55.549,52,98598.0,600.0,87.0,600.0,614.0,0.0,1.0,0.0,0.0,0.5,0.021,0.5,0.514,0.508,0.035,0.508,0.529,0.0,0.0,-1.78,-5.34,-0.08,0.0,0.0,0.0,0.0,0.0,0.0,0.0,0.0,1.0,0.0,0.0,0.0,0.0,-0.0,0.0,0.0,0.0,0.0,0.0,0.0,0.0,0.0,161.0,93.0,107.0,161.0,18.0,7.0,12.0,54.0,15.0,0.0,0.0
55.615,53,98651.0,600.0,87.0,600.0,614.0,0.0,1.0,0.0,0.0,0.5,0.021,0.5,0.514,0.508,0.035,0.508,0.529,0.0,0.0,-1.78,-5.34,-0.08,0.0,0.0,0.0,0.0,0.0,0.0,0.0,0.0,1.0,0.0,0.0,0.0,0.0,0.0,0.0,0.0,0.0,0.0,0.0,0.0,0.0,0.0,161.0,93.0,107.0,161.0,18.0,7.0,12.0,54.0,15.0,0.0,0.0
55.648,52,98703.0,600.0,87.0,600.0,614.0,0.0,1.0,0.0,0.0,0.5,0.021,0.5,0.512,0.508,0.035,0.508,0.527,0.0,0.0,-1.78,-5.34,-0.08,0.0,0.0,0.0,0.0,0.0,0.0,0.0,0.0,1.0,0.0,0.0,0.0,0.0,0.0,0.0,0.0,0.0,0.0,0.0,0.0,0.0,0.0,161.0,93.0,107.0,161.0,18.0,7.0,12.0,54.0,15.0,0.0,0.0
55.713,52,98755.0,600.0,87.0,600.0,614.0,0.0,1.0,0.0,0.0,0.5,0.021,0.5,0.512,0.508,0.035,0.508,0.527,0.0,0.0,-1.78,-5.34,-0.08,0.0,0.0,0.0,0.0,0.0,0.0,0.0,0.0,1.0,0.0,0.0,0.0,0.0,-0.0,0.0,0.0,0.0,0.0,0.0,0.0,0.0,0.0,161.0,93.0,107.0,161.0,18.0,7.0,12.0,54.0,15.0,0.0,0.0
55.779,51,98806.0,600.0,87.0,600.0,614.0,0.0,1.0,0.0,0.0,0.5,0.021,0.5,0.512,0.508,0.035,0.508,0.527,0.0,0.0,-1.78,-5.34,-0.08,0.0,0.0,0.0,0.0,0.0,0.0,0.0,0.0,1.0,0.0,0.0,0.0,0.0,0.0,0.0,0.0,0.0,0.0,0.0,0.0,0.0,0.0,161.0,93.0,107.0,161.0,18.0,7.0,12.0,54.0,15.0,0.0,1.0
55.812,53,98859.0,600.0,87.0,600.0,614.0,0.0,1.0,0.0,0.0,0.5,0.021,0.5,0.512,0.508,0.035,0.508,0.527,0.0,0.0,-1.78,-5.34,-0.08,0.0,0.0,0.0,0.0,0.0,0.0,0.0,0.0,1.0,0.0,0.0,0.0,0.0,0.0,0.0,0.0,0.0,0.0,0.0,0.0,0.0,0.0,161.0,93.0,107.0,161.0,18.0,7.0,12.0,54.0,15.0,0.0,0.0
55.878,53,98912.0,600.0,87.0,600.0,613.0,0.0,1.0,0.0,0.0,0.5,0.021,0.5,0.512,0.508,0.035,0.508,0.526,0.0,0.0,-1.78,-5.34,-0.08,0.0,0.0,0.0,0.0,0.0,0.0,0.0,0.0,1.0,0.0,0.0,0.0,0.0,-0.0,0.0,0.0,0.0,0.0,0.0,0.0,0.0,0.0,161.0,93.0,107.0,161.0,18.0,7.0,12.0,54.0,15.0,0.0,0.0
55.911,52,98964.0,600.0,87.0,600.0,613.0,0.0,1.0,0.0,0.0,0.5,0.021,0.5,0.512,0.508,0.035,0.508,0.526,0.0,0.0,-1.78,-5.34,-0.08,0.0,0.0,0.0,0.0,0.0,0.0,0.0,0.0,1.0,0.0,0.0,0.0,0.0,0.0,0.0,0.0,0.0,0.0,0.0,0.0,0.0,0.0,161.0,93.0,107.0,161.0,18.0,7.0,12.0,54.0,15.0,0.0,1.0
55.976,51,99015.0,600.0,87.0,600.0,613.0,0.0,1.0,0.0,0.0,0.5,0.021,0.5,0.512,0.508,0.035,0.508,0.526,0.0,0.0,-1.78,-5.34,-0.08,0.0,0.0,0.0,0.0,0.0,0.0,0.0,0.0,1.0,0.0,0.0,0.0,0.0,-0.0,0.0,0.0,0.0,0.0,0.0,0.0,0.0,0.0,161.0,93.0,107.0,161.0,18.0,7.0,12.0,54.0,15.0,0.0,1.0
56.009,52,99067.0,600.0,87.0,600.0,613.0,0.0,1.0,0.0,0.0,0.5,0.021,0.5,0.512,0.508,0.035,0.508,0.526,0.0,0.0,-1.78,-5.34,-0.08,0.0,0.0,0.0,0.0,0.0,0.0,0.0,0.0,1.0,0.0,0.0,0.0,0.0,-0.0,0.0,0.0,0.0,0.0,0.0,0.0,0.0,0.0,161.0,93.0,107.0,161.0,18.0,7.0,12.0,54.0,15.0,0.0,0.0
56.077,52,99119.0,600.0,87.0,600.0,616.0,0.0,1.0,0.0,0.0,0.5,0.021,0.5,0.513,0.508,0.035,0.508,0.527,0.0,0.0,-1.78,-5.33,-0.08,0.0,0.0,0.0,0.0,0.0,0.0,0.0,0.0,1.0,0.0,0.0,0.0,0.0,0.0,0.0,0.0,0.0,0.0,0.0,0.0,0.0,0.0,161.0,93.0,107.0,161.0,18.0,7.0,12.0,54.0,15.0,0.0,0.0
56.143,52,99171.0,617.0,87.0,600.0,616.0,0.0,1.0,0.0,0.0,0.5,0.021,0.5,0.513,0.508,0.035,0.508,0.527,0.0,0.0,-1.77,-5.33,-0.08,0.0,0.0,0.0,0.0,0.0,0.0,0.0,0.0,1.0,0.0,0.0,0.0,0.0,0.0,0.0,0.0,0.0,0.0,0.0,0.0,0.0,0.0,161.0,93.0,107.0,161.0,18.0,7.0,12.0,54.0,15.0,0.0,0.0
56.177,51,99222.0,617.0,87.0,600.0,616.0,0.0,1.0,0.0,0.0,0.5,0.021,0.5,0.513,0.508,0.035,0.508,0.527,0.0,0.0,-1.77,-5.33,-0.08,0.0,0.0,0.0,0.0,0.0,0.0,0.0,0.0,1.0,0.0,0.0,0.0,0.0,-0.0,0.0,0.0,0.0,0.0,0.0,0.0,0.0,0.0,161.0,93.0,107.0,161.0,18.0,7.0,12.0,54.0,15.0,0.0,0.0
56.244,52,99274.0,617.0,87.0,600.0,616.0,0.0,1.0,0.0,0.0,0.5,0.021,0.5,0.513,0.508,0.035,0.508,0.527,0.0,0.0,-1.77,-5.33,-0.08,0.0,0.0,0.0,0.0,0.0,0.0,0.0,0.0,1.0,0.0,0.0,0.0,0.0,-0.0,0.0,0.0,0.0,0.0,0.0,0.0,0.0,0.0,161.0,93.0,107.0,161.0,18.0,7.0,12.0,54.0,15.0,0.0,1.0
56.275,52,99326.0,617.0,87.0,600.0,619.0,0.0,1.0,0.0,0.0,0.507,0.021,0.5,0.514,0.514,0.035,0.508,0.529,0.0,0.0,-1.77,-5.34,-0.08,0.0,0.0,0.0,0.0,0.0,0.0,0.0,0.0,1.0,0.0,0.0,0.0,0.0,0.0,0.0,0.0,0.0,0.0,0.0,0.0,0.0,0.0,161.0,93.0,107.0,161.0,18.0,7.0,12.0,54.0,15.0,0.0,1.0
56.338,52,99378.0,617.0,87.0,600.0,619.0,0.0,1.0,0.0,0.0,0.507,0.021,0.5,0.514,0.514,0.035,0.508,0.529,0.0,0.0,-1.77,-5.34,-0.08,0.0,0.0,0.0,0.0,0.0,0.0,0.0,0.0,1.0,0.0,0.0,0.0,0.0,0.0,0.0,0.0,0.0,0.0,0.0,0.0,0.0,0.0,161.0,93.0,107.0,161.0,18.0,7.0,12.0,54.0,15.0,0.0,0.0
56.371,53,99431.0,617.0,86.0,600.0,619.0,0.0,1.0,0.0,0.0,0.507,0.021,0.5,0.514,0.514,0.035,0.508,0.529,0.0,0.0,-1.76,-5.34,-0.08,0.0,0.0,0.0,0.0,0.0,0.0,0.0,0.0,1.0,0.0,0.0,0.0,0.0,0.0,0.0,0.0,0.0,0.0,0.0,0.0,0.0,0.0,161.0,93.0,107.0,161.0,18.0,7.0,12.0,54.0,15.0,0.0,1.0
56.435,52,99483.0,617.0,86.0,600.0,619.0,0.0,1.0,0.0,0.0,0.507,0.021,0.5,0.514,0.514,0.035,0.508,0.529,0.0,0.0,-1.76,-5.34,-0.08,0.0,0.0,0.0,0.0,0.0,0.0,0.0,0.0,1.0,0.0,0.0,0.0,0.0,-0.0,0.0,0.0,0.0,0.0,0.0,0.0,0.0,0.0,161.0,93.0,107.0,161.0,18.0,7.0,12.0,54.0,15.0,0.0,0.0
56.498,52,99535.0,617.0,86.0,600.0,618.0,0.0,1.0,0.0,0.0,0.511,0.02,0.5,0.515,0.518,0.035,0.508,0.529,0.0,0.0,-1.76,-5.34,-0.08,0.0,0.0,0.0,0.0,0.0,0.0,0.0,0.0,1.0,0.0,0.0,0.0,0.0,0.0,0.0,0.0,0.0,0.0,0.0,0.0,0.0,0.0,161.0,93.0,107.0,161.0,18.0,7.0,12.0,54.0,15.0,0.0,0.0
56.528,52,99587.0,617.0,86.0,600.0,618.0,0.0,1.0,0.0,0.0,0.511,0.02,0.5,0.515,0.518,0.035,0.508,0.529,0.0,0.0,-1.76,-5.34,-0.08,0.0,0.0,0.0,0.0,0.0,0.0,0.0,0.0,1.0,0.0,0.0,0.0,0.0,0.0,0.0,0.0,0.0,0.0,0.0,0.0,0.0,0.0,161.0,93.0,107.0,161.0,18.0,7.0,12.0,54.0,15.0,0.0,0.0
56.587,51,99638.0,617.0,86.0,600.0,618.0,0.0,1.0,0.0,0.0,0.511,0.02,0.5,0.515,0.518,0.035,0.508,0.529,0.0,0.0,-1.76,-5.34,-0.08,0.0,0.0,0.0,0.0,0.0,0.0,0.0,0.0,1.0,0.0,0.0,0.0,0.0,0.0,0.0,0.0,0.0,0.0,0.0,0.0,0.0,0.0,161.0,93.0,107.0,161.0,18.0,7.0,12.0,54.0,15.0,0.0,0.0
56.645,52,99690.0,617.0,86.0,600.0,618.0,0.0,1.0,0.0,0.0,0.511,0.02,0.5,0.515,0.518,0.035,0.508,0.529,0.0,0.0,-1.76,-5.34,-0.08,0.0,0.0,0.0,0.0,0.0,0.0,0.0,0.0,1.0,0.0,0.0,0.0,0.0,0.0,0.0,0.0,0.0,0.0,0.0,0.0,0.0,0.0,161.0,93.0,107.0,161.0,18.0,7.0,12.0,54.0,15.0,0.0,0.0
56.702,52,99742.0,617.0,86.0,600.0,621.0,0.0,1.0,0.0,0.0,0.512,0.02,0.5,0.516,0.52,0.035,0.508,0.531,0.0,0.0,-1.76,-5.34,-0.08,0.0,0.0,0.0,0.0,0.0,0.0,0.0,0.0,1.0,0.0,0.0,0.0,0.0,0.0,0.0,0.0,0.0,0.0,0.0,0.0,0.0,0.0,161.0,93.0,107.0,161.0,18.0,7.0,12.0,54.0,15.0,0.0,0.0
56.733,52,99794.0,617.0,86.0,600.0,621.0,0.0,1.0,0.0,0.0,0.512,0.02,0.5,0.516,0.52,0.035,0.508,0.531,0.0,0.0,-1.75,-5.33,-0.09,0.0,0.0,0.0,0.0,0.0,0.0,0.0,0.0,1.0,0.0,0.0,0.0,0.0,-0.0,0.0,0.0,0.0,0.0,0.0,0.0,0.0,0.0,161.0,93.0,107.0,161.0,18.0,7.0,12.0,54.0,15.0,0.0,0.0
56.793,52,99846.0,617.0,86.0,600.0,621.0,0.0,1.0,0.0,0.0,0.512,0.02,0.5,0.516,0.52,0.035,0.508,0.531,0.0,0.0,-1.75,-5.34,-0.09,0.0,0.0,0.0,0.0,0.0,0.0,0.0,0.0,1.0,0.0,0.0,0.0,0.0,-0.0,0.0,0.0,0.0,0.0,0.0,0.0,0.0,0.0,161.0,93.0,107.0,161.0,18.0,7.0,12.0,54.0,15.0,0.0,1.0
56.85,61,99907.0,617.0,86.0,600.0,621.0,0.0,1.0,0.0,0.0,0.512,0.02,0.5,0.516,0.52,0.035,0.508,0.531,0.0,0.0,-1.75,-5.34,-0.09,0.0,0.0,0.0,0.0,0.0,0.0,0.0,0.0,1.0,0.0,0.0,0.0,0.0,0.0,0.0,0.0,0.0,0.0,0.0,0.0,0.0,0.0,95.0,83.0,93.0,39.0,18.0,7.0,12.0,54.0,15.0,0.0,1.0
56.908,52,99959.0,617.0,86.0,600.0,621.0,0.0,1.0,0.0,0.0,0.513,0.02,0.5,0.517,0.521,0.035,0.508,0.531,0.0,0.0,-1.75,-5.34,-0.09,0.0,0.0,0.0,0.0,0.0,0.0,0.0,0.0,1.0,0.0,0.0,0.0,0.0,-0.0,0.0,0.0,0.0,0.0,0.0,0.0,0.0,0.0,95.0,83.0,93.0,39.0,18.0,7.0,12.0,54.0,15.0,0.0,0.0
56.965,53,100012.0,617.0,86.0,600.0,621.0,0.0,1.0,0.0,0.0,0.513,0.02,0.5,0.517,0.521,0.035,0.508,0.531,0.0,0.0,-1.75,-5.34,-0.09,0.0,0.0,0.0,0.0,0.0,0.0,0.0,0.0,1.0,0.0,0.0,0.0,0.0,0.0,0.0,0.0,0.0,0.0,0.0,0.0,0.0,0.0,95.0,83.0,93.0,39.0,18.0,7.0,12.0,54.0,15.0,0.0,0.0
57.023,52,100064.0,617.0,87.0,600.0,621.0,0.0,1.0,0.0,0.0,0.513,0.02,0.5,0.517,0.521,0.035,0.508,0.531,0.0,0.0,-1.75,-5.34,-0.09,0.0,0.0,0.0,0.0,0.0,0.0,0.0,0.0,1.0,0.0,0.0,0.0,0.0,0.0,0.0,0.0,0.0,0.0,0.0,0.0,0.0,0.0,95.0,83.0,93.0,39.0,18.0,7.0,12.0,54.0,15.0,0.0,0.0
57.052,52,100116.0,617.0,87.0,600.0,621.0,0.0,1.0,0.0,0.0,0.513,0.02,0.5,0.517,0.521,0.035,0.508,0.531,0.0,0.0,-1.75,-5.34,-0.09,0.0,0.0,0.0,0.0,0.0,0.0,0.0,0.0,1.0,0.0,0.0,0.0,0.0,0.0,0.0,0.0,0.0,0.0,0.0,0.0,0.0,0.0,95.0,83.0,93.0,39.0,18.0,7.0,12.0,54.0,15.0,0.0,1.0
57.109,52,100168.0,617.0,87.0,600.0,620.0,0.0,1.0,0.0,0.0,0.514,0.02,0.5,0.516,0.521,0.035,0.508,0.531,0.0,0.0,-1.75,-5.34,-0.09,0.0,0.0,0.0,0.0,0.0,0.0,0.0,0.0,1.0,0.0,0.0,0.0,0.0,-0.0,0.0,0.0,0.0,0.0,0.0,0.0,0.0,0.0,95.0,83.0,93.0,39.0,18.0,7.0,12.0,54.0,15.0,0.0,0.0
57.167,52,100220.0,600.0,87.0,600.0,620.0,0.0,1.0,0.0,0.0,0.514,0.02,0.5,0.516,0.521,0.035,0.508,0.531,0.0,0.0,-1.75,-5.34,-0.09,0.0,0.0,0.0,0.0,0.0,0.0,0.0,0.0,1.0,0.0,0.0,0.0,0.0,-0.0,0.0,0.0,0.0,0.0,0.0,0.0,0.0,0.0,95.0,83.0,93.0,39.0,18.0,7.0,12.0,54.0,15.0,0.0,0.0
57.224,52,100272.0,600.0,87.0,600.0,620.0,0.0,1.0,0.0,0.0,0.514,0.02,0.5,0.516,0.521,0.035,0.508,0.531,0.0,0.0,-1.75,-5.34,-0.09,0.0,0.0,0.0,0.0,0.0,0.0,0.0,0.0,1.0,0.0,0.0,0.0,0.0,-0.0,0.0,0.0,0.0,0.0,0.0,0.0,0.0,0.0,95.0,83.0,93.0,39.0,18.0,7.0,12.0,54.0,15.0,0.0,0.0
57.282,53,100325.0,600.0,87.0,600.0,620.0,0.0,1.0,0.0,0.0,0.514,0.02,0.5,0.516,0.521,0.035,0.508,0.531,0.0,0.0,-1.75,-5.34,-0.09,0.0,0.0,0.0,0.0,0.0,0.0,0.0,0.0,1.0,0.0,0.0,0.0,0.0,-0.0,0.0,0.0,0.0,0.0,0.0,0.0,0.0,0.0,95.0,83.0,93.0,39.0,18.0,7.0,12.0,54.0,15.0,0.0,0.0
57.343,52,100377.0,600.0,87.0,600.0,620.0,0.0,1.0,0.0,0.0,0.506,0.02,0.5,0.516,0.515,0.035,0.508,0.531,0.0,0.0,-1.75,-5.34,-0.09,0.0,0.0,0.0,0.0,0.0,0.0,0.0,0.0,1.0,0.0,0.0,0.0,0.0,0.0,0.0,0.0,0.0,0.0,0.0,0.0,0.0,0.0,95.0,83.0,93.0,39.0,18.0,7.0,12.0,54.0,15.0,0.0,1.0
57.371,52,100429.0,600.0,87.0,600.0,620.0,0.0,1.0,0.0,0.0,0.506,0.02,0.5,0.516,0.515,0.035,0.508,0.531,0.0,0.0,-1.75,-5.34,-0.09,0.0,0.0,0.0,0.0,0.0,0.0,0.0,0.0,1.0,0.0,0.0,0.0,0.0,0.0,0.0,0.0,0.0,0.0,0.0,0.0,0.0,0.0,95.0,83.0,93.0,39.0,18.0,7.0,12.0,54.0,15.0,0.0,0.0
57.429,52,100481.0,600.0,87.0,600.0,620.0,0.0,1.0,0.0,0.0,0.506,0.02,0.5,0.516,0.515,0.035,0.508,0.531,0.0,0.0,-1.75,-5.34,-0.09,0.0,0.0,0.0,0.0,0.0,0.0,0.0,0.0,1.0,0.0,0.0,0.0,0.0,0.0,0.0,0.0,0.0,0.0,0.0,0.0,0.0,0.0,95.0,83.0,93.0,39.0,18.0,7.0,12.0,54.0,15.0,0.0,0.0
57.486,53,100534.0,600.0,87.0,600.0,620.0,0.0,1.0,0.0,0.0,0.506,0.02,0.5,0.516,0.515,0.035,0.508,0.531,0.0,0.0,-1.75,-5.34,-0.09,0.0,0.0,0.0,0.0,0.0,0.0,0.0,0.0,1.0,0.0,0.0,0.0,0.0,0.0,0.0,0.0,0.0,0.0,0.0,0.0,0.0,0.0,95.0,83.0,93.0,39.0,18.0,7.0,12.0,54.0,15.0,0.0,0.0
57.543,52,100586.0,600.0,87.0,600.0,622.0,0.0,1.0,0.0,0.0,0.503,0.02,0.5,0.517,0.511,0.035,0.508,0.532,0.0,0.0,-1.75,-5.33,-0.09,0.0,0.0,0.0,0.0,0.0,0.0,0.0,0.0,1.0,0.0,0.0,0.0,0.0,0.0,0.0,0.0,0.0,0.0,0.0,0.0,0.0,0.0,95.0,83.0,93.0,39.0,18.0,7.0,12.0,54.0,15.0,0.0,0.0
57.6,52,100638.0,620.0,87.0,600.0,622.0,0.0,1.0,0.0,0.0,0.503,0.02,0.5,0.517,0.511,0.035,0.508,0.532,0.0,0.0,-1.75,-5.33,-0.09,0.0,0.0,0.0,0.0,0.0,0.0,0.0,0.0,1.0,0.0,0.0,0.0,0.0,0.0,0.0,0.0,0.0,0.0,0.0,0.0,0.0,0.0,95.0,83.0,93.0,39.0,18.0,7.0,12.0,54.0,15.0,0.0,1.0
57.629,53,100691.0,620.0,88.0,600.0,622.0,0.0,1.0,0.0,0.0,0.503,0.02,0.5,0.517,0.511,0.035,0.508,0.532,0.0,0.0,-1.75,-5.33,-0.09,0.0,0.0,0.0,0.0,0.0,0.0,0.0,0.0,1.0,0.0,0.0,0.0,0.0,0.0,0.0,0.0,0.0,0.0,0.0,0.0,0.0,0.0,95.0,83.0,93.0,39.0,18.0,7.0,12.0,54.0,15.0,0.0,0.0
57.685,52,100743.0,620.0,88.0,600.0,622.0,0.0,1.0,0.0,0.0,0.503,0.02,0.5,0.517,0.511,0.035,0.508,0.532,0.0,0.0,-1.75,-5.33,-0.09,0.0,0.0,0.0,0.0,0.0,0.0,0.0,0.0,1.0,0.0,0.0,0.0,0.0,-0.0,0.0,0.0,0.0,0.0,0.0,0.0,0.0,0.0,95.0,83.0,93.0,39.0,18.0,7.0,12.0,54.0,15.0,0.0,0.0
57.742,52,100795.0,620.0,88.0,600.0,620.0,0.0,1.0,0.0,0.0,0.51,0.021,0.5,0.517,0.517,0.035,0.508,0.531,0.0,0.0,-1.75,-5.33,-0.09,0.0,0.0,0.0,0.0,0.0,0.0,0.0,0.0,1.0,0.0,0.0,0.0,0.0,0.0,0.0,0.0,0.0,0.0,0.0,0.0,0.0,0.0,95.0,83.0,93.0,39.0,18.0,7.0,12.0,54.0,15.0,0.0,0.0
57.799,52,100847.0,620.0,88.0,600.0,620.0,0.0,1.0,0.0,0.0,0.51,0.021,0.5,0.517,0.517,0.035,0.508,0.531,0.0,0.0,-1.75,-5.33,-0.09,0.0,0.0,0.0,0.0,0.0,0.0,0.0,0.0,1.0,0.0,0.0,0.0,0.0,0.0,0.0,0.0,0.0,0.0,0.0,0.0,0.0,0.0,95.0,83.0,93.0,39.0,18.0,7.0,12.0,54.0,15.0,0.0,0.0
57.856,51,100898.0,620.0,88.0,600.0,620.0,0.0,1.0,0.0,0.0,0.51,0.021,0.5,0.517,0.517,0.035,0.508,0.531,0.0,0.0,-1.75,-5.34,-0.09,0.0,0.0,0.0,0.0,0.0,0.0,0.0,0.0,1.0,0.0,0.0,0.0,0.0,-0.0,0.0,0.0,0.0,0.0,0.0,0.0,0.0,0.0,95.0,83.0,93.0,39.0,18.0,7.0,12.0,54.0,15.0,0.0,0.0
57.913,53,100951.0,620.0,88.0,600.0,620.0,0.0,1.0,0.0,0.0,0.51,0.021,0.5,0.517,0.517,0.035,0.508,0.531,0.0,0.0,-1.75,-5.34,-0.09,0.0,0.0,0.0,0.0,0.0,0.0,0.0,0.0,1.0,0.0,0.0,0.0,0.0,-0.0,0.0,0.0,0.0,0.0,0.0,0.0,0.0,0.0,95.0,83.0,93.0,39.0,18.0,7.0,12.0,54.0,15.0,0.0,0.0
57.942,52,101003.0,620.0,88.0,600.0,620.0,0.0,1.0,0.0,0.0,0.513,0.021,0.5,0.517,0.521,0.036,0.508,0.531,0.0,0.0,-1.75,-5.34,-0.09,0.0,0.0,0.0,0.0,0.0,0.0,0.0,0.0,1.0,0.0,0.0,0.0,0.0,-0.0,0.0,0.0,0.0,0.0,0.0,0.0,0.0,0.0,95.0,83.0,93.0,39.0,18.0,7.0,12.0,54.0,15.0,0.0,0.0
57.998,54,101057.0,620.0,88.0,600.0,620.0,0.0,1.0,0.0,0.0,0.513,0.021,0.5,0.517,0.521,0.036,0.508,0.531,0.0,0.0,-1.75,-5.34,-0.09,0.0,0.0,0.0,0.0,0.0,0.0,0.0,0.0,1.0,0.0,0.0,0.0,0.0,0.0,0.0,0.0,0.0,0.0,0.0,0.0,0.0,0.0,95.0,83.0,93.0,39.0,18.0,7.0,12.0,54.0,15.0,0.0,1.0
58.055,52,101109.0,620.0,88.0,600.0,620.0,0.0,1.0,0.0,0.0,0.513,0.021,0.5,0.517,0.521,0.036,0.508,0.531,0.0,0.0,-1.75,-5.34,-0.09,0.0,0.0,0.0,0.0,0.0,0.0,0.0,0.0,1.0,0.0,0.0,0.0,0.0,0.0,0.0,0.0,0.0,0.0,0.0,0.0,0.0,0.0,95.0,83.0,93.0,39.0,18.0,7.0,12.0,54.0,15.0,0.0,0.0
58.112,52,101161.0,620.0,88.0,600.0,620.0,0.0,1.0,0.0,0.0,0.513,0.021,0.5,0.517,0.521,0.036,0.508,0.531,0.0,0.0,-1.75,-5.34,-0.09,0.0,0.0,0.0,0.0,0.0,0.0,0.0,0.0,1.0,0.0,0.0,0.0,0.0,0.0,0.0,0.0,0.0,0.0,0.0,0.0,0.0,0.0,95.0,83.0,93.0,39.0,18.0,7.0,12.0,54.0,15.0,0.0,0.0
58.169,53,101214.0,620.0,88.0,600.0,621.0,0.0,1.0,0.0,0.0,0.515,0.021,0.5,0.517,0.522,0.036,0.508,0.532,0.0,0.0,-1.75,-5.34,-0.09,0.0,0.0,0.0,0.0,0.0,0.0,0.0,0.0,1.0,0.0,0.0,0.0,0.0,0.0,0.0,0.0,0.0,0.0,0.0,0.0,0.0,0.0,95.0,83.0,93.0,39.0,18.0,7.0,12.0,54.0,15.0,0.0,1.0
58.226,52,101266.0,620.0,88.0,600.0,621.0,0.0,1.0,0.0,0.0,0.515,0.021,0.5,0.517,0.522,0.036,0.508,0.532,0.0,0.0,-1.75,-5.34,-0.09,0.0,0.0,0.0,0.0,0.0,0.0,0.0,0.0,1.0,0.0,0.0,0.0,0.0,0.0,0.0,0.0,0.0,0.0,0.0,0.0,0.0,0.0,95.0,83.0,93.0,39.0,18.0,7.0,12.0,54.0,15.0,0.0,1.0
58.254,51,101317.0,620.0,88.0,600.0,621.0,0.0,1.0,0.0,0.0,0.515,0.021,0.5,0.517,0.522,0.036,0.508,0.532,0.0,0.0,-1.75,-5.34,-0.09,0.0,0.0,0.0,0.0,0.0,0.0,0.0,0.0,1.0,0.0,0.0,0.0,0.0,0.0,0.0,0.0,0.0,0.0,0.0,0.0,0.0,0.0,95.0,83.0,93.0,39.0,18.0,7.0,12.0,54.0,15.0,0.0,0.0
58.311,54,101371.0,620.0,88.0,600.0,621.0,0.0,1.0,0.0,0.0,0.515,0.021,0.5,0.517,0.522,0.036,0.508,0.532,0.0,0.0,-1.75,-5.34,-0.09,0.0,0.0,0.0,0.0,0.0,0.0,0.0,0.0,1.0,0.0,0.0,0.0,0.0,0.0,0.0,0.0,0.0,0.0,0.0,0.0,0.0,0.0,95.0,83.0,93.0,39.0,18.0,7.0,12.0,54.0,15.0,0.0,0.0
58.369,52,101423.0,620.0,88.0,600.0,621.0,0.0,1.0,0.0,0.0,0.515,0.021,0.5,0.517,0.523,0.036,0.508,0.532,0.0,0.0,-1.75,-5.34,-0.09,0.0,0.0,0.0,0.0,0.0,0.0,0.0,0.0,1.0,0.0,0.0,0.0,0.0,0.0,0.0,0.0,0.0,0.0,0.0,0.0,0.0,0.0,95.0,83.0,93.0,39.0,18.0,7.0,12.0,54.0,15.0,0.0,0.0
58.427,53,101476.0,620.0,88.0,600.0,621.0,0.0,1.0,0.0,0.0,0.515,0.021,0.5,0.517,0.523,0.036,0.508,0.532,0.0,0.0,-1.75,-5.34,-0.09,0.0,0.0,0.0,0.0,0.0,0.0,0.0,0.0,1.0,0.0,0.0,0.0,0.0,-0.0,0.0,0.0,0.0,0.0,0.0,0.0,0.0,0.0,95.0,83.0,93.0,39.0,18.0,7.0,12.0,54.0,15.0,0.0,1.0
58.484,52,101528.0,620.0,88.0,600.0,621.0,0.0,1.0,0.0,0.0,0.515,0.021,0.5,0.517,0.523,0.036,0.508,0.532,0.0,0.0,-1.75,-5.34,-0.09,0.0,0.0,0.0,0.0,0.0,0.0,0.0,0.0,1.0,0.0,0.0,0.0,0.0,-0.0,0.0,0.0,0.0,0.0,0.0,0.0,0.0,0.0,95.0,83.0,93.0,39.0,18.0,7.0,12.0,54.0,15.0,0.0,0.0
58.541,54,101582.0,620.0,88.0,600.0,621.0,0.0,1.0,0.0,0.0,0.515,0.021,0.5,0.517,0.523,0.036,0.508,0.532,0.0,0.0,-1.75,-5.35,-0.09,0.0,0.0,0.0,0.0,0.0,0.0,0.0,0.0,1.0,0.0,0.0,0.0,0.0,-0.0,0.0,0.0,0.0,0.0,0.0,0.0,0.0,0.0,95.0,83.0,93.0,39.0,18.0,7.0,12.0,54.0,15.0,0.0,0.0
58.57,52,101634.0,620.0,88.0,600.0,620.0,0.0,1.0,0.0,0.0,0.516,0.021,0.5,0.517,0.524,0.036,0.508,0.532,0.0,0.0,-1.75,-5.35,-0.09,0.0,0.0,0.0,0.0,0.0,0.0,0.0,0.0,1.0,0.0,0.0,0.0,0.0,-0.0,0.0,0.0,0.0,0.0,0.0,0.0,0.0,0.0,95.0,83.0,93.0,39.0,18.0,7.0,12.0,54.0,15.0,0.0,0.0
58.627,52,101686.0,600.0,88.0,600.0,620.0,0.0,1.0,0.0,0.0,0.516,0.021,0.5,0.517,0.524,0.036,0.508,0.532,0.0,0.0,-1.75,-5.35,-0.09,0.0,0.0,0.0,0.0,0.0,0.0,0.0,0.0,1.0,0.0,0.0,0.0,0.0,0.0,0.0,0.0,0.0,0.0,0.0,0.0,0.0,0.0,95.0,83.0,93.0,39.0,18.0,7.0,12.0,54.0,15.0,0.0,0.0
58.684,52,101738.0,600.0,87.0,600.0,620.0,0.0,1.0,0.0,0.0,0.516,0.021,0.5,0.517,0.524,0.036,0.508,0.532,0.0,0.0,-1.75,-5.35,-0.09,0.0,0.0,0.0,0.0,0.0,0.0,0.0,0.0,1.0,0.0,0.0,0.0,0.0,-0.0,0.0,0.0,0.0,0.0,0.0,0.0,0.0,0.0,95.0,83.0,93.0,39.0,18.0,7.0,12.0,54.0,15.0,0.0,1.0
58.741,52,101790.0,600.0,87.0,600.0,620.0,0.0,1.0,0.0,0.0,0.516,0.021,0.5,0.517,0.524,0.036,0.508,0.532,0.0,0.0,-1.75,-5.35,-0.09,0.0,0.0,0.0,0.0,0.0,0.0,0.0,0.0,1.0,0.0,0.0,0.0,0.0,0.0,0.0,0.0,0.0,0.0,0.0,0.0,0.0,0.0,95.0,83.0,93.0,39.0,18.0,7.0,12.0,54.0,15.0,0.0,0.0
58.804,52,101842.0,600.0,87.0,600.0,622.0,0.0,1.0,0.0,0.0,0.507,0.021,0.5,0.517,0.517,0.036,0.508,0.532,0.0,0.0,-1.75,-5.35,-0.09,0.0,0.0,0.0,0.0,0.0,0.0,0.0,0.0,1.0,0.0,0.0,0.0,0.0,0.0,0.0,0.0,0.0,0.0,0.0,0.0,0.0,0.0,95.0,83.0,93.0,39.0,18.0,7.0,12.0,54.0,15.0,0.0,0.0
58.835,52,101894.0,600.0,87.0,600.0,622.0,0.0,1.0,0.0,0.0,0.507,0.021,0.5,0.517,0.517,0.036,0.508,0.532,0.0,0.0,-1.75,-5.35,-0.09,0.0,0.0,0.0,0.0,0.0,0.0,0.0,0.0,1.0,0.0,0.0,0.0,0.0,-0.0,0.0,0.0,0.0,0.0,0.0,0.0,0.0,0.0,95.0,83.0,93.0,39.0,18.0,7.0,12.0,54.0,15.0,0.0,0.0
58.895,52,101946.0,600.0,87.0,600.0,622.0,0.0,1.0,0.0,0.0,0.507,0.021,0.5,0.517,0.517,0.036,0.508,0.532,0.0,0.0,-1.75,-5.35,-0.09,0.0,0.0,0.0,0.0,0.0,0.0,0.0,0.0,1.0,0.0,0.0,0.0,0.0,0.0,0.0,0.0,0.0,0.0,0.0,0.0,0.0,0.0,95.0,83.0,93.0,39.0,18.0,7.0,12.0,54.0,15.0,0.0,1.0
58.96,52,101998.0,600.0,87.0,600.0,622.0,0.0,1.0,0.0,0.0,0.507,0.021,0.5,0.517,0.517,0.036,0.508,0.532,0.0,0.0,-1.75,-5.35,-0.09,0.0,0.0,0.0,0.0,0.0,0.0,0.0,0.0,1.0,0.0,0.0,0.0,0.0,-0.0,0.0,0.0,0.0,0.0,0.0,0.0,0.0,0.0,95.0,83.0,93.0,39.0,18.0,7.0,12.0,54.0,15.0,0.0,0.0
58.99,52,102050.0,600.0,87.0,600.0,620.0,0.0,1.0,0.0,0.0,0.503,0.021,0.5,0.517,0.512,0.036,0.508,0.532,0.0,0.0,-1.75,-5.35,-0.09,0.0,0.0,0.0,0.0,0.0,0.0,0.0,0.0,1.0,0.0,0.0,0.0,0.0,0.0,0.0,0.0,0.0,0.0,0.0,0.0,0.0,0.0,95.0,83.0,93.0,39.0,18.0,7.0,12.0,54.0,15.0,0.0,0.0
59.049,52,102102.0,600.0,87.0,600.0,620.0,0.0,1.0,0.0,0.0,0.503,0.021,0.5,0.517,0.512,0.036,0.508,0.532,0.0,0.0,-1.75,-5.35,-0.09,0.0,0.0,0.0,0.0,0.0,0.0,0.0,0.0,1.0,0.0,0.0,0.0,0.0,-0.0,0.0,0.0,0.0,0.0,0.0,0.0,0.0,0.0,95.0,83.0,93.0,39.0,18.0,7.0,12.0,54.0,15.0,0.0,0.0
59.109,52,102154.0,600.0,88.0,600.0,620.0,0.0,1.0,0.0,0.0,0.503,0.021,0.5,0.517,0.512,0.036,0.508,0.532,0.0,0.0,-1.75,-5.35,-0.09,0.0,0.0,0.0,0.0,0.0,0.0,0.0,0.0,1.0,0.0,0.0,0.0,0.0,-0.0,0.0,0.0,0.0,0.0,0.0,0.0,0.0,0.0,95.0,83.0,93.0,39.0,18.0,7.0,12.0,54.0,15.0,0.0,0.0
59.166,52,102206.0,600.0,88.0,600.0,620.0,0.0,1.0,0.0,0.0,0.503,0.021,0.5,0.517,0.512,0.036,0.508,0.532,0.0,0.0,-1.75,-5.35,-0.09,0.0,0.0,0.0,0.0,0.0,0.0,0.0,0.0,1.0,0.0,0.0,0.0,0.0,0.0,0.0,0.0,0.0,0.0,0.0,0.0,0.0,0.0,95.0,83.0,93.0,39.0,18.0,7.0,12.0,54.0,15.0,0.0,0.0
59.195,52,102258.0,600.0,88.0,600.0,622.0,0.0,1.0,0.0,0.0,0.502,0.021,0.5,0.518,0.51,0.036,0.508,0.532,0.0,0.0,-1.75,-5.35,-0.09,0.0,0.0,0.0,0.0,0.0,0.0,0.0,0.0,1.0,0.0,0.0,0.0,0.0,-0.0,0.0,0.0,0.0,0.0,0.0,0.0,0.0,0.0,95.0,83.0,93.0,39.0,18.0,7.0,12.0,54.0,15.0,0.0,1.0
59.255,52,102310.0,600.0,88.0,600.0,622.0,0.0,1.0,0.0,0.0,0.502,0.021,0.5,0.518,0.51,0.036,0.508,0.532,0.0,0.0,-1.75,-5.35,-0.09,0.0,0.0,0.0,0.0,0.0,0.0,0.0,0.0,1.0,0.0,0.0,0.0,0.0,-0.0,0.0,0.0,0.0,0.0,0.0,0.0,0.0,0.0,95.0,83.0,93.0,39.0,18.0,7.0,12.0,54.0,15.0,0.0,0.0
59.312,52,102362.0,600.0,89.0,600.0,622.0,0.0,1.0,0.0,0.0,0.502,0.021,0.5,0.518,0.51,0.036,0.508,0.532,0.0,0.0,-1.75,-5.34,-0.09,0.0,0.0,0.0,0.0,0.0,0.0,0.0,0.0,1.0,0.0,0.0,0.0,0.0,-0.0,0.0,0.0,0.0,0.0,0.0,0.0,0.0,0.0,95.0,83.0,93.0,39.0,18.0,7.0,12.0,54.0,15.0,0.0,0.0
59.371,51,102413.0,600.0,89.0,600.0,622.0,0.0,1.0,0.0,0.0,0.502,0.021,0.5,0.518,0.51,0.036,0.508,0.532,0.0,0.0,-1.75,-5.34,-0.09,0.0,0.0,0.0,0.0,0.0,0.0,0.0,0.0,1.0,0.0,0.0,0.0,0.0,-0.0,0.0,0.0,0.0,0.0,0.0,0.0,0.0,0.0,95.0,83.0,93.0,39.0,18.0,7.0,12.0,54.0,15.0,0.0,0.0
59.434,53,102466.0,600.0,89.0,600.0,621.0,0.0,1.0,0.0,0.0,0.501,0.021,0.5,0.517,0.509,0.036,0.508,0.532,0.0,0.0,-1.75,-5.34,-0.09,0.0,0.0,0.0,0.0,0.0,0.0,0.0,0.0,1.0,0.0,0.0,0.0,0.0,0.0,0.0,0.0,0.0,0.0,0.0,0.0,0.0,0.0,95.0,83.0,93.0,39.0,18.0,7.0,12.0,54.0,15.0,0.0,0.0
59.462,52,102518.0,600.0,89.0,600.0,621.0,0.0,1.0,0.0,0.0,0.501,0.021,0.5,0.517,0.509,0.036,0.508,0.532,0.0,0.0,-1.75,-5.34,-0.09,0.0,0.0,0.0,0.0,0.0,0.0,0.0,0.0,1.0,0.0,0.0,0.0,0.0,0.0,0.0,0.0,0.0,0.0,0.0,0.0,0.0,0.0,95.0,83.0,93.0,39.0,18.0,7.0,12.0,54.0,15.0,0.0,1.0
59.519,51,102569.0,600.0,89.0,600.0,621.0,0.0,1.0,0.0,0.0,0.501,0.021,0.5,0.517,0.509,0.036,0.508,0.532,0.0,0.0,-1.75,-5.34,-0.09,0.0,0.0,0.0,0.0,0.0,0.0,0.0,0.0,1.0,0.0,0.0,0.0,0.0,0.0,0.0,0.0,0.0,0.0,0.0,0.0,0.0,0.0,95.0,83.0,93.0,39.0,18.0,7.0,12.0,54.0,15.0,0.0,0.0
59.576,54,102623.0,600.0,89.0,600.0,621.0,0.0,1.0,0.0,0.0,0.501,0.021,0.5,0.517,0.509,0.036,0.508,0.532,0.0,0.0,-1.75,-5.34,-0.09,0.0,0.0,0.0,0.0,0.0,0.0,0.0,0.0,1.0,0.0,0.0,0.0,0.0,-0.0,0.0,0.0,0.0,0.0,0.0,0.0,0.0,0.0,95.0,83.0,93.0,39.0,18.0,7.0,12.0,54.0,15.0,0.0,0.0
59.634,52,102675.0,600.0,89.0,600.0,621.0,0.0,1.0,0.0,0.0,0.5,0.021,0.5,0.517,0.508,0.036,0.508,0.532,0.0,0.0,-1.75,-5.34,-0.09,0.0,0.0,0.0,0.0,0.0,0.0,0.0,0.0,1.0,0.0,0.0,0.0,0.0,-0.0,0.0,0.0,0.0,0.0,0.0,0.0,0.0,0.0,95.0,83.0,93.0,39.0,18.0,7.0,12.0,54.0,15.0,0.0,0.0
59.691,52,102727.0,600.0,89.0,600.0,621.0,0.0,1.0,0.0,0.0,0.5,0.021,0.5,0.517,0.508,0.036,0.508,0.532,0.0,0.0,-1.75,-5.34,-0.09,0.0,0.0,0.0,0.0,0.0,0.0,0.0,0.0,1.0,0.0,0.0,0.0,0.0,0.0,0.0,0.0,0.0,0.0,0.0,0.0,0.0,0.0,95.0,83.0,93.0,39.0,18.0,7.0,12.0,54.0,15.0,0.0,0.0
59.719,51,102778.0,600.0,88.0,600.0,621.0,0.0,1.0,0.0,0.0,0.5,0.021,0.5,0.517,0.508,0.036,0.508,0.532,0.0,0.0,-1.75,-5.34,-0.09,0.0,0.0,0.0,0.0,0.0,0.0,0.0,0.0,1.0,0.0,0.0,0.0,0.0,-0.0,0.0,0.0,0.0,0.0,0.0,0.0,0.0,0.0,95.0,83.0,93.0,39.0,18.0,7.0,12.0,54.0,15.0,0.0,1.0
59.776,53,102831.0,600.0,88.0,600.0,621.0,0.0,1.0,0.0,0.0,0.5,0.021,0.5,0.517,0.508,0.036,0.508,0.532,0.0,0.0,-1.75,-5.34,-0.09,0.0,0.0,0.0,0.0,0.0,0.0,0.0,0.0,1.0,0.0,0.0,0.0,0.0,0.0,0.0,0.0,0.0,0.0,0.0,0.0,0.0,0.0,95.0,83.0,93.0,39.0,18.0,7.0,12.0,54.0,15.0,0.0,0.0
59.837,52,102883.0,600.0,88.0,600.0,620.0,0.0,1.0,0.0,0.0,0.5,0.021,0.5,0.517,0.508,0.036,0.508,0.531,0.0,0.0,-1.75,-5.34,-0.09,0.0,0.0,0.0,0.0,0.0,0.0,0.0,0.0,1.0,0.0,0.0,0.0,0.0,0.0,0.0,0.0,0.0,0.0,0.0,0.0,0.0,0.0,95.0,83.0,93.0,39.0,18.0,7.0,12.0,54.0,15.0,0.0,0.0
59.895,52,102935.0,600.0,88.0,600.0,620.0,0.0,1.0,0.0,0.0,0.5,0.021,0.5,0.517,0.508,0.036,0.508,0.531,0.0,0.0,-1.75,-5.34,-0.09,0.0,0.0,0.0,0.0,0.0,0.0,0.0,0.0,1.0,0.0,0.0,0.0,0.0,-0.0,0.0,0.0,0.0,0.0,0.0,0.0,0.0,0.0,95.0,83.0,93.0,39.0,18.0,7.0,12.0,54.0,15.0,0.0,0.0
59.923,52,102987.0,600.0,88.0,600.0,620.0,0.0,1.0,0.0,0.0,0.5,0.021,0.5,0.517,0.508,0.036,0.508,0.531,0.0,0.0,-1.75,-5.34,-0.09,0.0,0.0,0.0,0.0,0.0,0.0,0.0,0.0,1.0,0.0,0.0,0.0,0.0,-0.0,0.0,0.0,0.0,0.0,0.0,0.0,0.0,0.0,95.0,83.0,93.0,39.0,18.0,7.0,12.0,54.0,15.0,0.0,0.0
59.98,52,103039.0,600.0,88.0,600.0,620.0,0.0,1.0,0.0,0.0,0.5,0.021,0.5,0.517,0.508,0.036,0.508,0.531,0.0,0.0,-1.75,-5.34,-0.09,0.0,0.0,0.0,0.0,0.0,0.0,0.0,0.0,1.0,0.0,0.0,0.0,0.0,0.0,0.0,0.0,0.0,0.0,0.0,0.0,0.0,0.0,95.0,83.0,93.0,39.0,18.0,7.0,12.0,54.0,15.0,0.0,0.0
60.037,52,103091.0,600.0,88.0,600.0,621.0,0.0,1.0,0.0,0.0,0.5,0.021,0.5,0.517,0.508,0.036,0.508,0.532,0.0,0.0,-1.75,-5.35,-0.09,0.0,0.0,0.0,0.0,0.0,0.0,0.0,0.0,1.0,0.0,0.0,0.0,0.0,-0.0,0.0,0.0,0.0,0.0,0.0,0.0,0.0,0.0,95.0,83.0,93.0,39.0,18.0,7.0,12.0,54.0,15.0,0.0,1.0
60.094,53,103144.0,600.0,88.0,600.0,621.0,0.0,1.0,0.0,0.0,0.5,0.021,0.5,0.517,0.508,0.036,0.508,0.532,0.0,0.0,-1.75,-5.35,-0.09,0.0,0.0,0.0,0.0,0.0,0.0,0.0,0.0,1.0,0.0,0.0,0.0,0.0,0.0,0.0,0.0,0.0,0.0,0.0,0.0,0.0,0.0,95.0,83.0,93.0,39.0,18.0,7.0,12.0,54.0,15.0,0.0,0.0
60.151,51,103195.0,600.0,87.0,600.0,621.0,0.0,1.0,0.0,0.0,0.5,0.021,0.5,0.517,0.508,0.036,0.508,0.532,0.0,0.0,-1.75,-5.35,-0.08,0.0,0.0,0.0,0.0,0.0,0.0,0.0,0.0,1.0,0.0,0.0,0.0,0.0,0.0,0.0,0.0,0.0,0.0,0.0,0.0,0.0,0.0,95.0,83.0,93.0,39.0,18.0,7.0,12.0,54.0,15.0,0.0,0.0
60.21,53,103248.0,600.0,87.0,600.0,621.0,0.0,1.0,0.0,0.0,0.5,0.021,0.5,0.517,0.508,0.036,0.508,0.532,0.0,0.0,-1.75,-5.35,-0.08,0.0,0.0,0.0,0.0,0.0,0.0,0.0,0.0,1.0,0.0,0.0,0.0,0.0,0.0,0.0,0.0,0.0,0.0,0.0,0.0,0.0,0.0,95.0,83.0,93.0,39.0,18.0,7.0,12.0,54.0,15.0,0.0,0.0
60.239,52,103300.0,600.0,87.0,600.0,622.0,0.0,1.0,0.0,0.0,0.5,0.021,0.5,0.517,0.508,0.036,0.508,0.532,0.0,0.0,-1.75,-5.35,-0.08,0.0,0.0,0.0,0.0,0.0,0.0,0.0,0.0,1.0,0.0,0.0,0.0,0.0,0.0,0.0,0.0,0.0,0.0,0.0,0.0,0.0,0.0,95.0,83.0,93.0,39.0,18.0,7.0,12.0,54.0,15.0,0.0,1.0
60.295,52,103352.0,600.0,87.0,600.0,622.0,0.0,1.0,0.0,0.0,0.5,0.021,0.5,0.517,0.508,0.036,0.508,0.532,0.0,0.0,-1.75,-5.35,-0.08,0.0,0.0,0.0,0.0,0.0,0.0,0.0,0.0,1.0,0.0,0.0,0.0,0.0,0.0,0.0,0.0,0.0,0.0,0.0,0.0,0.0,0.0,95.0,83.0,93.0,39.0,18.0,7.0,12.0,54.0,15.0,0.0,0.0
60.352,52,103404.0,600.0,87.0,600.0,622.0,0.0,1.0,0.0,0.0,0.5,0.021,0.5,0.517,0.508,0.036,0.508,0.532,0.0,0.0,-1.76,-5.35,-0.08,0.0,0.0,0.0,0.0,0.0,0.0,0.0,0.0,1.0,0.0,0.0,0.0,0.0,0.0,0.0,0.0,0.0,0.0,0.0,0.0,0.0,0.0,95.0,83.0,93.0,39.0,18.0,7.0,12.0,54.0,15.0,0.0,0.0
60.41,52,103456.0,600.0,87.0,600.0,622.0,0.0,1.0,0.0,0.0,0.5,0.021,0.5,0.517,0.508,0.036,0.508,0.532,0.0,0.0,-1.76,-5.35,-0.08,0.0,0.0,0.0,0.0,0.0,0.0,0.0,0.0,1.0,0.0,0.0,0.0,0.0,-0.0,0.0,0.0,0.0,0.0,0.0,0.0,0.0,0.0,95.0,83.0,93.0,39.0,18.0,7.0,12.0,54.0,15.0,0.0,0.0
60.467,52,103508.0,600.0,87.0,600.0,623.0,0.0,1.0,0.0,0.0,0.5,0.021,0.5,0.518,0.508,0.035,0.508,0.533,0.0,0.0,-1.76,-5.35,-0.08,0.0,0.0,0.0,0.0,0.0,0.0,0.0,0.0,1.0,0.0,0.0,0.0,0.0,-0.0,0.0,0.0,0.0,0.0,0.0,0.0,0.0,0.0,95.0,83.0,93.0,39.0,18.0,7.0,12.0,54.0,15.0,0.0,1.0
60.496,52,103560.0,600.0,87.0,600.0,623.0,0.0,1.0,0.0,0.0,0.5,0.021,0.5,0.518,0.508,0.035,0.508,0.533,0.0,0.0,-1.77,-5.35,-0.08,0.0,0.0,0.0,0.0,0.0,0.0,0.0,0.0,1.0,0.0,0.0,0.0,0.0,0.0,0.0,0.0,0.0,0.0,0.0,0.0,0.0,0.0,95.0,83.0,93.0,39.0,18.0,7.0,12.0,54.0,15.0,0.0,0.0
60.552,52,103612.0,600.0,86.0,600.0,623.0,0.0,1.0,0.0,0.0,0.5,0.021,0.5,0.518,0.508,0.035,0.508,0.533,0.0,0.0,-1.77,-5.34,-0.08,0.0,0.0,0.0,0.0,0.0,0.0,0.0,0.0,1.0,0.0,0.0,0.0,0.0,0.0,0.0,0.0,0.0,0.0,0.0,0.0,0.0,0.0,95.0,83.0,93.0,39.0,18.0,7.0,12.0,54.0,15.0,0.0,0.0
60.613,53,103665.0,600.0,86.0,600.0,623.0,0.0,1.0,0.0,0.0,0.5,0.021,0.5,0.518,0.508,0.035,0.508,0.533,0.0,0.0,-1.77,-5.34,-0.08,0.0,0.0,0.0,0.0,0.0,0.0,0.0,0.0,1.0,0.0,0.0,0.0,0.0,0.0,0.0,0.0,0.0,0.0,0.0,0.0,0.0,0.0,95.0,83.0,93.0,39.0,18.0,7.0,12.0,54.0,15.0,0.0,0.0
60.67,52,103717.0,600.0,86.0,600.0,624.0,0.0,1.0,0.0,0.0,0.5,0.02,0.5,0.519,0.508,0.035,0.508,0.534,0.0,0.0,-1.77,-5.34,-0.08,0.0,0.0,0.0,0.0,0.0,0.0,0.0,0.0,1.0,0.0,0.0,0.0,0.0,-0.0,0.0,0.0,0.0,0.0,0.0,0.0,0.0,0.0,95.0,83.0,93.0,39.0,18.0,7.0,12.0,54.0,15.0,0.0,0.0
60.727,52,103769.0,600.0,86.0,600.0,624.0,0.0,1.0,0.0,0.0,0.5,0.02,0.5,0.519,0.508,0.035,0.508,0.534,0.0,0.0,-1.77,-5.34,-0.08,0.0,0.0,0.0,0.0,0.0,0.0,0.0,0.0,1.0,0.0,0.0,0.0,0.0,-0.0,0.0,0.0,0.0,0.0,0.0,0.0,0.0,0.0,95.0,83.0,93.0,39.0,18.0,7.0,12.0,54.0,15.0,0.0,0.0
60.783,51,103820.0,600.0,86.0,600.0,624.0,0.0,1.0,0.0,0.0,0.5,0.02,0.5,0.519,0.508,0.035,0.508,0.534,0.0,0.0,-1.77,-5.34,-0.08,0.0,0.0,0.0,0.0,0.0,0.0,0.0,0.0,1.0,0.0,0.0,0.0,0.0,-0.0,0.0,0.0,0.0,0.0,0.0,0.0,0.0,0.0,95.0,83.0,93.0,39.0,18.0,7.0,12.0,54.0,15.0,0.0,0.0
60.812,53,103873.0,600.0,86.0,600.0,624.0,0.0,1.0,0.0,0.0,0.5,0.02,0.5,0.519,0.508,0.035,0.508,0.534,0.0,0.0,-1.76,-5.34,-0.08,0.0,0.0,0.0,0.0,0.0,0.0,0.0,0.0,1.0,0.0,0.0,0.0,0.0,0.0,0.0,0.0,0.0,0.0,0.0,0.0,0.0,0.0,95.0,83.0,93.0,39.0,18.0,7.0,12.0,54.0,15.0,0.0,0.0
60.869,52,103925.0,600.0,86.0,600.0,626.0,0.0,1.0,0.0,0.0,0.5,0.02,0.5,0.52,0.508,0.035,0.508,0.535,0.0,0.0,-1.76,-5.35,-0.08,0.0,0.0,0.0,0.0,0.0,0.0,0.0,0.0,1.0,0.0,0.0,0.0,0.0,0.0,0.0,0.0,0.0,0.0,0.0,0.0,0.0,0.0,95.0,83.0,93.0,39.0,18.0,7.0,12.0,54.0,15.0,0.0,0.0
60.926,52,103977.0,600.0,86.0,600.0,626.0,0.0,1.0,0.0,0.0,0.5,0.02,0.5,0.52,0.508,0.035,0.508,0.535,0.0,0.0,-1.76,-5.35,-0.08,0.0,0.0,0.0,0.0,0.0,0.0,0.0,0.0,1.0,0.0,0.0,0.0,0.0,-0.0,0.0,0.0,0.0,0.0,0.0,0.0,0.0,0.0,95.0,83.0,93.0,39.0,18.0,7.0,12.0,54.0,15.0,0.0,0.0
60.983,52,104029.0,600.0,85.0,600.0,626.0,0.0,1.0,0.0,0.0,0.5,0.02,0.5,0.52,0.508,0.035,0.508,0.535,0.0,0.0,-1.76,-5.35,-0.08,0.0,0.0,0.0,0.0,0.0,0.0,0.0,0.0,1.0,0.0,0.0,0.0,0.0,0.0,0.0,0.0,0.0,0.0,0.0,0.0,0.0,0.0,95.0,83.0,93.0,39.0,18.0,7.0,12.0,54.0,15.0,0.0,1.0
61.043,52,104081.0,600.0,85.0,600.0,626.0,0.0,1.0,0.0,0.0,0.5,0.02,0.5,0.52,0.508,0.035,0.508,0.535,0.0,0.0,-1.76,-5.35,-0.08,0.0,0.0,0.0,0.0,0.0,0.0,0.0,0.0,1.0,0.0,0.0,0.0,0.0,0.0,0.0,0.0,0.0,0.0,0.0,0.0,0.0,0.0,95.0,83.0,93.0,39.0,18.0,7.0,12.0,54.0,15.0,0.0,0.0
61.071,54,104135.0,600.0,85.0,600.0,625.0,0.0,1.0,0.0,0.0,0.5,0.02,0.5,0.52,0.508,0.035,0.508,0.535,0.0,0.0,-1.76,-5.35,-0.08,0.0,0.0,0.0,0.0,0.0,0.0,0.0,0.0,1.0,0.0,0.0,0.0,0.0,0.0,0.0,0.0,0.0,0.0,0.0,0.0,0.0,0.0,95.0,83.0,93.0,39.0,18.0,7.0,12.0,54.0,15.0,0.0,1.0
61.128,52,104187.0,600.0,85.0,600.0,625.0,0.0,1.0,0.0,0.0,0.5,0.02,0.5,0.52,0.508,0.035,0.508,0.535,0.0,0.0,-1.76,-5.35,-0.08,0.0,0.0,0.0,0.0,0.0,0.0,0.0,0.0,1.0,0.0,0.0,0.0,0.0,0.0,0.0,0.0,0.0,0.0,0.0,0.0,0.0,0.0,95.0,83.0,93.0,39.0,18.0,7.0,12.0,54.0,15.0,0.0,1.0
61.185,51,104238.0,600.0,85.0,600.0,625.0,0.0,1.0,0.0,0.0,0.5,0.02,0.5,0.52,0.508,0.035,0.508,0.535,0.0,0.0,-1.76,-5.35,-0.08,0.0,0.0,0.0,0.0,0.0,0.0,0.0,0.0,1.0,0.0,0.0,0.0,0.0,-0.0,0.0,0.0,0.0,0.0,0.0,0.0,0.0,0.0,95.0,83.0,93.0,39.0,18.0,7.0,12.0,54.0,15.0,0.0,0.0
61.242,52,104290.0,600.0,85.0,600.0,625.0,0.0,1.0,0.0,0.0,0.5,0.02,0.5,0.52,0.508,0.035,0.508,0.535,0.0,0.0,-1.75,-5.35,-0.08,0.0,0.0,0.0,0.0,0.0,0.0,0.0,0.0,1.0,0.0,0.0,0.0,0.0,-0.0,0.0,0.0,0.0,0.0,0.0,0.0,0.0,0.0,95.0,83.0,93.0,39.0,18.0,7.0,12.0,54.0,15.0,0.0,1.0
61.299,52,104342.0,600.0,85.0,600.0,623.0,0.0,1.0,0.0,0.0,0.5,0.02,0.5,0.52,0.508,0.035,0.508,0.534,0.0,0.0,-1.75,-5.35,-0.08,0.0,0.0,0.0,0.0,0.0,0.0,0.0,0.0,1.0,0.0,0.0,0.0,0.0,0.0,0.0,0.0,0.0,0.0,0.0,0.0,0.0,0.0,95.0,83.0,93.0,39.0,18.0,7.0,12.0,54.0,15.0,0.0,0.0
61.355,52,104394.0,600.0,85.0,600.0,623.0,0.0,1.0,0.0,0.0,0.5,0.02,0.5,0.52,0.508,0.035,0.508,0.534,0.0,0.0,-1.75,-5.35,-0.08,0.0,0.0,0.0,0.0,0.0,0.0,0.0,0.0,1.0,0.0,0.0,0.0,0.0,-0.0,0.0,0.0,0.0,0.0,0.0,0.0,0.0,0.0,95.0,83.0,93.0,39.0,18.0,7.0,12.0,54.0,15.0,0.0,0.0
61.384,52,104446.0,600.0,85.0,600.0,623.0,0.0,1.0,0.0,0.0,0.5,0.02,0.5,0.52,0.508,0.035,0.508,0.534,0.0,0.0,-1.75,-5.35,-0.08,0.0,0.0,0.0,0.0,0.0,0.0,0.0,0.0,1.0,0.0,0.0,0.0,0.0,0.0,0.0,0.0,0.0,0.0,0.0,0.0,0.0,0.0,95.0,83.0,93.0,39.0,18.0,7.0,12.0,54.0,15.0,0.0,0.0
61.442,51,104497.0,600.0,85.0,600.0,623.0,0.0,1.0,0.0,0.0,0.5,0.02,0.5,0.52,0.508,0.035,0.508,0.534,0.0,0.0,-1.75,-5.35,-0.08,0.0,0.0,0.0,0.0,0.0,0.0,0.0,0.0,1.0,0.0,0.0,0.0,0.0,0.0,0.0,0.0,0.0,0.0,0.0,0.0,0.0,0.0,95.0,83.0,93.0,39.0,18.0,7.0,12.0,54.0,15.0,0.0,1.0
61.503,52,104549.0,600.0,85.0,600.0,621.0,0.0,1.0,0.0,0.0,0.5,0.02,0.5,0.518,0.508,0.035,0.508,0.533,0.0,0.0,-1.75,-5.35,-0.08,0.0,0.0,0.0,0.0,0.0,0.0,0.0,0.0,1.0,0.0,0.0,0.0,0.0,-0.0,0.0,0.0,0.0,0.0,0.0,0.0,0.0,0.0,95.0,83.0,93.0,39.0,18.0,7.0,12.0,54.0,15.0,0.0,0.0
61.568,52,104601.0,600.0,85.0,600.0,621.0,0.0,1.0,0.0,0.0,0.5,0.02,0.5,0.518,0.508,0.035,0.508,0.533,0.0,0.0,-1.75,-5.35,-0.08,0.0,0.0,0.0,0.0,0.0,0.0,0.0,0.0,1.0,0.0,0.0,0.0,0.0,-0.0,0.0,0.0,0.0,0.0,0.0,0.0,0.0,0.0,95.0,83.0,93.0,39.0,18.0,7.0,12.0,54.0,15.0,0.0,0.0
61.602,54,104655.0,600.0,86.0,600.0,621.0,0.0,1.0,0.0,0.0,0.5,0.02,0.5,0.518,0.508,0.035,0.508,0.533,0.0,0.0,-1.75,-5.35,-0.08,0.0,0.0,0.0,0.0,0.0,0.0,0.0,0.0,1.0,0.0,0.0,0.0,0.0,-0.0,0.0,0.0,0.0,0.0,0.0,0.0,0.0,0.0,95.0,83.0,93.0,39.0,18.0,7.0,12.0,54.0,15.0,0.0,1.0
61.667,52,104707.0,600.0,86.0,600.0,621.0,0.0,1.0,0.0,0.0,0.5,0.02,0.5,0.518,0.508,0.035,0.508,0.533,0.0,0.0,-1.75,-5.36,-0.08,0.0,0.0,0.0,0.0,0.0,0.0,0.0,0.0,1.0,0.0,0.0,0.0,0.0,0.0,0.0,0.0,0.0,0.0,0.0,0.0,0.0,0.0,95.0,83.0,93.0,39.0,18.0,7.0,12.0,54.0,15.0,0.0,0.0
61.699,52,104759.0,600.0,86.0,600.0,622.0,0.0,1.0,0.0,0.0,0.5,0.02,0.5,0.518,0.508,0.035,0.508,0.533,0.0,0.0,-1.75,-5.36,-0.08,0.0,0.0,0.0,0.0,0.0,0.0,0.0,0.0,1.0,0.0,0.0,0.0,0.0,0.0,0.0,0.0,0.0,0.0,0.0,0.0,0.0,0.0,95.0,83.0,93.0,39.0,18.0,7.0,12.0,54.0,15.0,0.0,0.0
61.762,52,104811.0,600.0,86.0,600.0,622.0,0.0,1.0,0.0,0.0,0.5,0.02,0.5,0.518,0.508,0.035,0.508,0.533,0.0,0.0,-1.75,-5.36,-0.08,0.0,0.0,0.0,0.0,0.0,0.0,0.0,0.0,1.0,0.0,0.0,0.0,0.0,0.0,0.0,0.0,0.0,0.0,0.0,0.0,0.0,0.0,95.0,83.0,93.0,39.0,18.0,7.0,12.0,54.0,15.0,0.0,1.0
61.827,52,104863.0,600.0,86.0,600.0,622.0,0.0,1.0,0.0,0.0,0.5,0.02,0.5,0.518,0.508,0.035,0.508,0.533,0.0,0.0,-1.75,-5.36,-0.08,0.0,0.0,0.0,0.0,0.0,0.0,0.0,0.0,1.0,0.0,0.0,0.0,0.0,-0.0,0.0,0.0,0.0,0.0,0.0,0.0,0.0,0.0,95.0,83.0,93.0,39.0,18.0,7.0,12.0,54.0,15.0,0.0,0.0
61.858,52,104915.0,600.0,86.0,600.0,622.0,0.0,1.0,0.0,0.0,0.5,0.02,0.5,0.518,0.508,0.035,0.508,0.533,0.0,0.0,-1.75,-5.37,-0.08,0.0,0.0,0.0,0.0,0.0,0.0,0.0,0.0,1.0,0.0,0.0,0.0,0.0,-0.0,0.0,0.0,0.0,0.0,0.0,0.0,0.0,0.0,95.0,83.0,93.0,39.0,18.0,7.0,12.0,54.0,15.0,0.0,0.0
61.922,52,104967.0,600.0,86.0,600.0,622.0,0.0,1.0,0.0,0.0,0.5,0.02,0.5,0.518,0.508,0.035,0.508,0.533,0.0,0.0,-1.75,-5.37,-0.08,0.0,0.0,0.0,0.0,0.0,0.0,0.0,0.0,1.0,0.0,0.0,0.0,0.0,-0.0,0.0,0.0,0.0,0.0,0.0,0.0,0.0,0.0,95.0,83.0,93.0,39.0,18.0,7.0,12.0,54.0,15.0,0.0,0.0
61.985,52,105019.0,600.0,86.0,600.0,622.0,0.0,1.0,0.0,0.0,0.5,0.02,0.5,0.518,0.508,0.035,0.508,0.533,0.0,0.0,-1.75,-5.37,-0.08,0.0,0.0,0.0,0.0,0.0,0.0,0.0,0.0,1.0,0.0,0.0,0.0,0.0,0.0,0.0,0.0,0.0,0.0,0.0,0.0,0.0,0.0,95.0,83.0,93.0,39.0,18.0,7.0,12.0,54.0,15.0,0.0,1.0
62.027,51,105070.0,600.0,87.0,600.0,622.0,0.0,1.0,0.0,0.0,0.5,0.02,0.5,0.518,0.508,0.035,0.508,0.533,0.0,0.0,-1.75,-5.37,-0.08,0.0,0.0,0.0,0.0,0.0,0.0,0.0,0.0,1.0,0.0,0.0,0.0,0.0,0.0,0.0,0.0,0.0,0.0,0.0,0.0,0.0,0.0,95.0,83.0,93.0,39.0,18.0,7.0,12.0,54.0,15.0,0.0,0.0
62.092,53,105123.0,600.0,87.0,600.0,622.0,0.0,1.0,0.0,0.0,0.5,0.02,0.5,0.518,0.508,0.035,0.508,0.533,0.0,0.0,-1.75,-5.37,-0.08,0.0,0.0,0.0,0.0,0.0,0.0,0.0,0.0,1.0,0.0,0.0,0.0,0.0,0.0,0.0,0.0,0.0,0.0,0.0,0.0,0.0,0.0,95.0,83.0,93.0,39.0,18.0,7.0,12.0,54.0,15.0,0.0,0.0
62.124,52,105175.0,600.0,87.0,600.0,620.0,0.0,1.0,0.0,0.0,0.5,0.02,0.5,0.517,0.508,0.035,0.508,0.532,0.0,0.0,-1.75,-5.38,-0.08,0.0,0.0,0.0,0.0,0.0,0.0,0.0,0.0,1.0,0.0,0.0,0.0,0.0,0.0,0.0,0.0,0.0,0.0,0.0,0.0,0.0,0.0,95.0,83.0,93.0,39.0,18.0,7.0,12.0,54.0,15.0,0.0,0.0
62.187,52,105227.0,600.0,87.0,600.0,620.0,0.0,1.0,0.0,0.0,0.5,0.02,0.5,0.517,0.508,0.035,0.508,0.532,0.0,0.0,-1.75,-5.38,-0.08,0.0,0.0,0.0,0.0,0.0,0.0,0.0,0.0,1.0,0.0,0.0,0.0,0.0,0.0,0.0,0.0,0.0,0.0,0.0,0.0,0.0,0.0,95.0,83.0,93.0,39.0,18.0,7.0,12.0,54.0,15.0,0.0,1.0
62.257,53,105280.0,600.0,87.0,600.0,620.0,0.0,1.0,0.0,0.0,0.5,0.02,0.5,0.517,0.508,0.035,0.508,0.532,0.0,0.0,-1.75,-5.38,-0.08,0.0,0.0,0.0,0.0,0.0,0.0,0.0,0.0,1.0,0.0,0.0,0.0,0.0,0.0,0.0,0.0,0.0,0.0,0.0,0.0,0.0,0.0,95.0,83.0,93.0,39.0,18.0,7.0,12.0,54.0,15.0,0.0,0.0
62.29,52,105332.0,600.0,87.0,600.0,620.0,0.0,1.0,0.0,0.0,0.5,0.02,0.5,0.517,0.508,0.035,0.508,0.532,0.0,0.0,-1.75,-5.38,-0.08,0.0,0.0,0.0,0.0,0.0,0.0,0.0,0.0,1.0,0.0,0.0,0.0,0.0,-0.0,0.0,0.0,0.0,0.0,0.0,0.0,0.0,0.0,95.0,83.0,93.0,39.0,18.0,7.0,12.0,54.0,15.0,0.0,0.0
62.356,52,105384.0,600.0,87.0,600.0,623.0,0.0,1.0,0.0,0.0,0.5,0.021,0.5,0.518,0.508,0.035,0.508,0.533,0.0,0.0,-1.75,-5.39,-0.08,0.0,0.0,0.0,0.0,0.0,0.0,0.0,0.0,1.0,0.0,0.0,0.0,0.0,-0.0,0.0,0.0,0.0,0.0,0.0,0.0,0.0,0.0,95.0,83.0,93.0,39.0,18.0,7.0,12.0,54.0,15.0,0.0,0.0
62.388,52,105436.0,600.0,87.0,600.0,623.0,0.0,1.0,0.0,0.0,0.5,0.021,0.5,0.518,0.508,0.035,0.508,0.533,0.0,0.0,-1.75,-5.39,-0.08,0.0,0.0,0.0,0.0,0.0,0.0,0.0,0.0,1.0,0.0,0.0,0.0,0.0,0.0,0.0,0.0,0.0,0.0,0.0,0.0,0.0,0.0,95.0,83.0,93.0,39.0,18.0,7.0,12.0,54.0,15.0,0.0,0.0
62.456,52,105488.0,600.0,87.0,600.0,623.0,0.0,1.0,0.0,0.0,0.5,0.021,0.5,0.518,0.508,0.035,0.508,0.533,0.0,0.0,-1.75,-5.39,-0.08,0.0,0.0,0.0,0.0,0.0,0.0,0.0,0.0,1.0,0.0,0.0,0.0,0.0,0.0,0.0,0.0,0.0,0.0,0.0,0.0,0.0,0.0,95.0,83.0,93.0,39.0,18.0,7.0,12.0,54.0,15.0,0.0,0.0
62.489,52,105540.0,600.0,87.0,600.0,623.0,0.0,1.0,0.0,0.0,0.5,0.021,0.5,0.518,0.508,0.035,0.508,0.533,0.0,0.0,-1.75,-5.39,-0.08,0.0,0.0,0.0,0.0,0.0,0.0,0.0,0.0,1.0,0.0,0.0,0.0,0.0,-0.0,0.0,0.0,0.0,0.0,0.0,0.0,0.0,0.0,95.0,83.0,93.0,39.0,18.0,7.0,12.0,54.0,15.0,0.0,1.0
62.555,52,105592.0,600.0,87.0,600.0,626.0,0.0,1.0,0.0,0.0,0.5,0.021,0.5,0.52,0.508,0.035,0.508,0.534,0.0,0.0,-1.75,-5.39,-0.08,0.0,0.0,0.0,0.0,0.0,0.0,0.0,0.0,1.0,0.0,0.0,0.0,0.0,-0.0,0.0,0.0,0.0,0.0,0.0,0.0,0.0,0.0,95.0,83.0,93.0,39.0,18.0,7.0,12.0,54.0,15.0,0.0,0.0
62.587,52,105644.0,600.0,87.0,600.0,626.0,0.0,1.0,0.0,0.0,0.5,0.021,0.5,0.52,0.508,0.035,0.508,0.534,0.0,0.0,-1.75,-5.38,-0.08,0.0,0.0,0.0,0.0,0.0,0.0,0.0,0.0,1.0,0.0,0.0,0.0,0.0,-0.0,0.0,0.0,0.0,0.0,0.0,0.0,0.0,0.0,95.0,83.0,93.0,39.0,18.0,7.0,12.0,54.0,15.0,0.0,0.0
62.656,53,105697.0,600.0,88.0,600.0,626.0,0.0,1.0,0.0,0.0,0.5,0.021,0.5,0.52,0.508,0.035,0.508,0.534,0.0,0.0,-1.75,-5.38,-0.08,0.0,0.0,0.0,0.0,0.0,0.0,0.0,0.0,1.0,0.0,0.0,0.0,0.0,-0.0,0.0,0.0,0.0,0.0,0.0,0.0,0.0,0.0,95.0,83.0,93.0,39.0,18.0,7.0,12.0,54.0,15.0,0.0,0.0
62.689,52,105749.0,600.0,88.0,600.0,626.0,0.0,1.0,0.0,0.0,0.5,0.021,0.5,0.52,0.508,0.035,0.508,0.534,0.0,0.0,-1.75,-5.38,-0.08,0.0,0.0,0.0,0.0,0.0,0.0,0.0,0.0,1.0,0.0,0.0,0.0,0.0,0.0,0.0,0.0,0.0,0.0,0.0,0.0,0.0,0.0,95.0,83.0,93.0,39.0,18.0,7.0,12.0,54.0,15.0,0.0,0.0
62.76,52,105801.0,600.0,88.0,600.0,625.0,0.0,1.0,0.0,0.0,0.5,0.021,0.5,0.52,0.508,0.035,0.508,0.535,0.0,0.0,-1.75,-5.38,-0.08,0.0,0.0,0.0,0.0,0.0,0.0,0.0,0.0,1.0,0.0,0.0,0.0,0.0,-0.0,0.0,0.0,0.0,0.0,0.0,0.0,0.0,0.0,95.0,83.0,93.0,39.0,18.0,7.0,12.0,54.0,15.0,0.0,0.0
62.793,52,105853.0,600.0,88.0,600.0,625.0,0.0,1.0,0.0,0.0,0.5,0.021,0.5,0.52,0.508,0.035,0.508,0.535,0.0,0.0,-1.75,-5.38,-0.08,0.0,0.0,0.0,0.0,0.0,0.0,0.0,0.0,1.0,0.0,0.0,0.0,0.0,-0.0,0.0,0.0,0.0,0.0,0.0,0.0,0.0,0.0,95.0,83.0,93.0,39.0,18.0,7.0,12.0,54.0,15.0,0.0,0.0
62.861,51,105904.0,600.0,88.0,600.0,625.0,0.0,1.0,0.0,0.0,0.5,0.021,0.5,0.52,0.508,0.035,0.508,0.535,0.0,0.0,-1.75,-5.38,-0.08,0.0,0.0,0.0,0.0,0.0,0.0,0.0,0.0,1.0,0.0,0.0,0.0,0.0,0.0,0.0,0.0,0.0,0.0,0.0,0.0,0.0,0.0,95.0,83.0,93.0,39.0,18.0,7.0,12.0,54.0,15.0,0.0,0.0
62.927,53,105957.0,600.0,88.0,600.0,625.0,0.0,1.0,0.0,0.0,0.5,0.021,0.5,0.52,0.508,0.035,0.508,0.535,0.0,0.0,-1.75,-5.37,-0.08,0.0,0.0,0.0,0.0,0.0,0.0,0.0,0.0,1.0,0.0,0.0,0.0,0.0,-0.0,0.0,0.0,0.0,0.0,0.0,0.0,0.0,0.0,95.0,83.0,93.0,39.0,18.0,7.0,12.0,54.0,15.0,0.0,0.0
62.96,52,106009.0,600.0,88.0,600.0,625.0,0.0,1.0,0.0,0.0,0.5,0.021,0.5,0.52,0.508,0.035,0.508,0.535,0.0,0.0,-1.75,-5.37,-0.08,0.0,0.0,0.0,0.0,0.0,0.0,0.0,0.0,1.0,0.0,0.0,0.0,0.0,0.0,0.0,0.0,0.0,0.0,0.0,0.0,0.0,0.0,95.0,83.0,93.0,39.0,18.0,7.0,12.0,54.0,15.0,0.0,0.0
63.027,52,106061.0,600.0,88.0,600.0,625.0,0.0,1.0,0.0,0.0,0.5,0.021,0.5,0.52,0.508,0.035,0.508,0.535,0.0,0.0,-1.75,-5.37,-0.08,0.0,0.0,0.0,0.0,0.0,0.0,0.0,0.0,1.0,0.0,0.0,0.0,0.0,-0.0,0.0,0.0,0.0,0.0,0.0,0.0,0.0,0.0,95.0,83.0,93.0,39.0,18.0,7.0,12.0,54.0,15.0,0.0,1.0
63.06,53,106114.0,600.0,88.0,600.0,625.0,0.0,1.0,0.0,0.0,0.5,0.021,0.5,0.52,0.508,0.035,0.508,0.535,0.0,0.0,-1.75,-5.37,-0.08,0.0,0.0,0.0,0.0,0.0,0.0,0.0,0.0,1.0,0.0,0.0,0.0,0.0,0.0,0.0,0.0,0.0,0.0,0.0,0.0,0.0,0.0,95.0,83.0,93.0,39.0,18.0,7.0,12.0,54.0,15.0,0.0,0.0
63.124,52,106166.0,600.0,88.0,600.0,625.0,0.0,1.0,0.0,0.0,0.5,0.021,0.5,0.52,0.508,0.035,0.508,0.535,0.0,0.0,-1.75,-5.37,-0.08,0.0,0.0,0.0,0.0,0.0,0.0,0.0,0.0,1.0,0.0,0.0,0.0,0.0,0.0,0.0,0.0,0.0,0.0,0.0,0.0,0.0,0.0,95.0,83.0,93.0,39.0,18.0,7.0,12.0,54.0,15.0,0.0,0.0
63.157,53,106219.0,600.0,88.0,600.0,626.0,0.0,1.0,0.0,0.0,0.5,0.021,0.5,0.521,0.508,0.036,0.508,0.535,0.0,0.0,-1.75,-5.37,-0.08,0.0,0.0,0.0,0.0,0.0,0.0,0.0,0.0,1.0,0.0,0.0,0.0,0.0,0.0,0.0,0.0,0.0,0.0,0.0,0.0,0.0,0.0,95.0,83.0,93.0,39.0,18.0,7.0,12.0,54.0,15.0,0.0,0.0
63.228,52,106271.0,600.0,88.0,600.0,626.0,0.0,1.0,0.0,0.0,0.5,0.021,0.5,0.521,0.508,0.036,0.508,0.535,0.0,0.0,-1.75,-5.37,-0.08,0.0,0.0,0.0,0.0,0.0,0.0,0.0,0.0,1.0,0.0,0.0,0.0,0.0,0.0,0.0,0.0,0.0,0.0,0.0,0.0,0.0,0.0,95.0,83.0,93.0,39.0,18.0,7.0,12.0,54.0,15.0,0.0,1.0
63.293,51,106322.0,600.0,88.0,600.0,626.0,0.0,1.0,0.0,0.0,0.5,0.021,0.5,0.521,0.508,0.036,0.508,0.535,0.0,0.0,-1.75,-5.37,-0.08,0.0,0.0,0.0,0.0,0.0,0.0,0.0,0.0,1.0,0.0,0.0,0.0,0.0,0.0,0.0,0.0,0.0,0.0,0.0,0.0,0.0,0.0,95.0,83.0,93.0,39.0,18.0,7.0,12.0,54.0,15.0,0.0,0.0
63.326,52,106374.0,600.0,88.0,600.0,626.0,0.0,1.0,0.0,0.0,0.5,0.021,0.5,0.521,0.508,0.036,0.508,0.535,0.0,0.0,-1.75,-5.37,-0.08,0.0,0.0,0.0,0.0,0.0,0.0,0.0,0.0,1.0,0.0,0.0,0.0,0.0,-0.0,0.0,0.0,0.0,0.0,0.0,0.0,0.0,0.0,95.0,83.0,93.0,39.0,18.0,7.0,12.0,54.0,15.0,0.0,0.0
63.392,52,106426.0,600.0,88.0,600.0,624.0,0.0,1.0,0.0,0.0,0.5,0.021,0.5,0.52,0.508,0.036,0.508,0.535,0.0,0.0,-1.75,-5.37,-0.08,0.0,0.0,0.0,0.0,0.0,0.0,0.0,0.0,1.0,0.0,0.0,0.0,0.0,-0.0,0.0,0.0,0.0,0.0,0.0,0.0,0.0,0.0,95.0,83.0,93.0,39.0,18.0,7.0,12.0,54.0,15.0,0.0,0.0
63.426,52,106478.0,600.0,88.0,600.0,624.0,0.0,1.0,0.0,0.0,0.5,0.021,0.5,0.52,0.508,0.036,0.508,0.535,0.0,0.0,-1.76,-5.37,-0.08,0.0,0.0,0.0,0.0,0.0,0.0,0.0,0.0,1.0,0.0,0.0,0.0,0.0,-0.0,0.0,0.0,0.0,0.0,0.0,0.0,0.0,0.0,95.0,83.0,93.0,39.0,18.0,7.0,12.0,54.0,15.0,0.0,0.0
63.492,53,106531.0,600.0,88.0,600.0,624.0,0.0,1.0,0.0,0.0,0.5,0.021,0.5,0.52,0.508,0.036,0.508,0.535,0.0,0.0,-1.76,-5.37,-0.08,0.0,0.0,0.0,0.0,0.0,0.0,0.0,0.0,1.0,0.0,0.0,0.0,0.0,0.0,0.0,0.0,0.0,0.0,0.0,0.0,0.0,0.0,95.0,83.0,93.0,39.0,18.0,7.0,12.0,54.0,15.0,0.0,1.0
63.524,52,106583.0,600.0,88.0,600.0,624.0,0.0,1.0,0.0,0.0,0.5,0.021,0.5,0.52,0.508,0.036,0.508,0.535,0.0,0.0,-1.76,-5.37,-0.08,0.0,0.0,0.0,0.0,0.0,0.0,0.0,0.0,1.0,0.0,0.0,0.0,0.0,0.0,0.0,0.0,0.0,0.0,0.0,0.0,0.0,0.0,95.0,83.0,93.0,39.0,18.0,7.0,12.0,54.0,15.0,0.0,0.0
63.59,52,106635.0,600.0,88.0,600.0,622.0,0.0,1.0,0.0,0.0,0.5,0.021,0.5,0.519,0.508,0.036,0.508,0.534,0.0,0.0,-1.76,-5.37,-0.08,0.0,0.0,0.0,0.0,0.0,0.0,0.0,0.0,1.0,0.0,0.0,0.0,0.0,0.0,0.0,0.0,0.0,0.0,0.0,0.0,0.0,0.0,95.0,83.0,93.0,39.0,18.0,7.0,12.0,54.0,15.0,0.0,0.0
63.657,52,106687.0,600.0,88.0,600.0,622.0,0.0,1.0,0.0,0.0,0.5,0.021,0.5,0.519,0.508,0.036,0.508,0.534,0.0,0.0,-1.76,-5.37,-0.08,0.0,0.0,0.0,0.0,0.0,0.0,0.0,0.0,1.0,0.0,0.0,0.0,0.0,0.0,0.0,0.0,0.0,0.0,0.0,0.0,0.0,0.0,95.0,83.0,93.0,39.0,18.0,7.0,12.0,54.0,15.0,0.0,0.0
63.689,51,106738.0,600.0,87.0,600.0,622.0,0.0,1.0,0.0,0.0,0.5,0.021,0.5,0.519,0.508,0.036,0.508,0.534,0.0,0.0,-1.76,-5.37,-0.08,0.0,0.0,0.0,0.0,0.0,0.0,0.0,0.0,1.0,0.0,0.0,0.0,0.0,0.0,0.0,0.0,0.0,0.0,0.0,0.0,0.0,0.0,95.0,83.0,93.0,39.0,18.0,7.0,12.0,54.0,15.0,0.0,0.0
63.755,53,106791.0,600.0,87.0,600.0,622.0,0.0,1.0,0.0,0.0,0.5,0.021,0.5,0.519,0.508,0.036,0.508,0.534,0.0,0.0,-1.76,-5.36,-0.08,0.0,0.0,0.0,0.0,0.0,0.0,0.0,0.0,1.0,0.0,0.0,0.0,0.0,-0.0,0.0,0.0,0.0,0.0,0.0,0.0,0.0,0.0,95.0,83.0,93.0,39.0,18.0,7.0,12.0,54.0,15.0,0.0,1.0
63.787,52,106843.0,600.0,87.0,600.0,623.0,0.0,1.0,0.0,0.0,0.5,0.021,0.5,0.519,0.508,0.036,0.508,0.533,0.0,0.0,-1.76,-5.36,-0.08,0.0,0.0,0.0,0.0,0.0,0.0,0.0,0.0,1.0,0.0,0.0,0.0,0.0,-0.0,0.0,0.0,0.0,0.0,0.0,0.0,0.0,0.0,95.0,83.0,93.0,39.0,18.0,7.0,12.0,54.0,15.0,0.0,0.0
63.851,53,106896.0,600.0,87.0,600.0,623.0,0.0,1.0,0.0,0.0,0.5,0.021,0.5,0.519,0.508,0.036,0.508,0.533,0.0,0.0,-1.75,-5.35,-0.08,0.0,0.0,0.0,0.0,0.0,0.0,0.0,0.0,1.0,0.0,0.0,0.0,0.0,-0.0,0.0,0.0,0.0,0.0,0.0,0.0,0.0,0.0,95.0,83.0,93.0,39.0,18.0,7.0,12.0,54.0,15.0,0.0,0.0
63.916,52,106948.0,600.0,87.0,600.0,623.0,0.0,1.0,0.0,0.0,0.5,0.021,0.5,0.519,0.508,0.036,0.508,0.533,0.0,0.0,-1.75,-5.35,-0.08,0.0,0.0,0.0,0.0,0.0,0.0,0.0,0.0,1.0,0.0,0.0,0.0,0.0,-0.0,0.0,0.0,0.0,0.0,0.0,0.0,0.0,0.0,95.0,83.0,93.0,39.0,18.0,7.0,12.0,54.0,15.0,0.0,0.0
63.948,52,107000.0,600.0,87.0,600.0,623.0,0.0,1.0,0.0,0.0,0.5,0.021,0.5,0.519,0.508,0.036,0.508,0.533,0.0,0.0,-1.75,-5.34,-0.09,0.0,0.0,0.0,0.0,0.0,0.0,0.0,0.0,1.0,0.0,0.0,0.0,0.0,-0.0,0.0,0.0,0.0,0.0,0.0,0.0,0.0,0.0,95.0,83.0,93.0,39.0,18.0,7.0,12.0,54.0,15.0,0.0,0.0
64.019,52,107052.0,600.0,87.0,600.0,622.0,0.0,1.0,0.0,0.0,0.5,0.021,0.5,0.518,0.508,0.035,0.508,0.533,0.0,0.0,-1.75,-5.34,-0.09,0.0,0.0,0.0,0.0,0.0,0.0,0.0,0.0,1.0,0.0,0.0,0.0,0.0,0.0,0.0,0.0,0.0,0.0,0.0,0.0,0.0,0.0,95.0,83.0,93.0,39.0,18.0,7.0,12.0,54.0,15.0,0.0,0.0
64.052,52,107104.0,600.0,87.0,600.0,622.0,0.0,1.0,0.0,0.0,0.5,0.021,0.5,0.518,0.508,0.035,0.508,0.533,0.0,0.0,-1.75,-5.34,-0.09,0.0,0.0,0.0,0.0,0.0,0.0,0.0,0.0,1.0,0.0,0.0,0.0,0.0,-0.0,0.0,0.0,0.0,0.0,0.0,0.0,0.0,0.0,95.0,83.0,93.0,39.0,18.0,7.0,12.0,54.0,15.0,0.0,1.0
64.118,51,107155.0,600.0,87.0,600.0,622.0,0.0,1.0,0.0,0.0,0.5,0.021,0.5,0.518,0.508,0.035,0.508,0.533,0.0,0.0,-1.75,-5.34,-0.09,0.0,0.0,0.0,0.0,0.0,0.0,0.0,0.0,1.0,0.0,0.0,0.0,0.0,-0.0,0.0,0.0,0.0,0.0,0.0,0.0,0.0,0.0,95.0,83.0,93.0,39.0,18.0,7.0,12.0,54.0,15.0,0.0,0.0
64.151,53,107208.0,600.0,87.0,600.0,622.0,0.0,1.0,0.0,0.0,0.5,0.021,0.5,0.518,0.508,0.035,0.508,0.533,0.0,0.0,-1.75,-5.34,-0.09,0.0,0.0,0.0,0.0,0.0,0.0,0.0,0.0,1.0,0.0,0.0,0.0,0.0,-0.0,0.0,0.0,0.0,0.0,0.0,0.0,0.0,0.0,95.0,83.0,93.0,39.0,18.0,7.0,12.0,54.0,15.0,0.0,0.0
64.217,52,107260.0,600.0,87.0,600.0,622.0,0.0,1.0,0.0,0.0,0.5,0.021,0.5,0.518,0.508,0.035,0.508,0.533,0.0,0.0,-1.75,-5.34,-0.09,0.0,0.0,0.0,0.0,0.0,0.0,0.0,0.0,1.0,0.0,0.0,0.0,0.0,0.0,0.0,0.0,0.0,0.0,0.0,0.0,0.0,0.0,95.0,83.0,93.0,39.0,18.0,7.0,12.0,54.0,15.0,0.0,0.0
64.25,52,107312.0,600.0,87.0,600.0,622.0,0.0,1.0,0.0,0.0,0.5,0.021,0.5,0.518,0.508,0.035,0.508,0.533,0.0,0.0,-1.75,-5.34,-0.09,0.0,0.0,0.0,0.0,0.0,0.0,0.0,0.0,1.0,0.0,0.0,0.0,0.0,-0.0,0.0,0.0,0.0,0.0,0.0,0.0,0.0,0.0,95.0,83.0,93.0,39.0,18.0,7.0,12.0,54.0,15.0,0.0,1.0
64.313,52,107364.0,600.0,87.0,600.0,622.0,0.0,1.0,0.0,0.0,0.5,0.021,0.5,0.518,0.508,0.035,0.508,0.533,0.0,0.0,-1.75,-5.34,-0.09,0.0,0.0,0.0,0.0,0.0,0.0,0.0,0.0,1.0,0.0,0.0,0.0,0.0,-0.0,0.0,0.0,0.0,0.0,0.0,0.0,0.0,0.0,95.0,83.0,93.0,39.0,18.0,7.0,12.0,54.0,15.0,0.0,0.0
64.379,52,107416.0,600.0,87.0,600.0,622.0,0.0,1.0,0.0,0.0,0.5,0.021,0.5,0.518,0.508,0.035,0.508,0.533,0.0,0.0,-1.75,-5.34,-0.09,0.0,0.0,0.0,0.0,0.0,0.0,0.0,0.0,1.0,0.0,0.0,0.0,0.0,-0.0,0.0,0.0,0.0,0.0,0.0,0.0,0.0,0.0,95.0,83.0,93.0,39.0,18.0,7.0,12.0,54.0,15.0,0.0,0.0
64.416,52,107468.0,600.0,87.0,600.0,623.0,0.0,1.0,0.0,0.0,0.5,0.021,0.5,0.518,0.508,0.035,0.508,0.533,0.0,0.0,-1.75,-5.34,-0.09,0.0,0.0,0.0,0.0,0.0,0.0,0.0,0.0,1.0,0.0,0.0,0.0,0.0,-0.0,0.0,0.0,0.0,0.0,0.0,0.0,0.0,0.0,95.0,83.0,93.0,39.0,18.0,7.0,12.0,54.0,15.0,0.0,0.0
64.479,53,107521.0,600.0,87.0,600.0,623.0,0.0,1.0,0.0,0.0,0.5,0.021,0.5,0.518,0.508,0.035,0.508,0.533,0.0,0.0,-1.75,-5.34,-0.08,0.0,0.0,0.0,0.0,0.0,0.0,0.0,0.0,1.0,0.0,0.0,0.0,0.0,-0.0,0.0,0.0,0.0,0.0,0.0,0.0,0.0,0.0,95.0,83.0,93.0,39.0,18.0,7.0,12.0,54.0,15.0,0.0,0.0
64.511,52,107573.0,600.0,86.0,600.0,623.0,0.0,1.0,0.0,0.0,0.5,0.021,0.5,0.518,0.508,0.035,0.508,0.533,0.0,0.0,-1.75,-5.34,-0.08,0.0,0.0,0.0,0.0,0.0,0.0,0.0,0.0,1.0,0.0,0.0,0.0,0.0,-0.0,0.0,0.0,0.0,0.0,0.0,0.0,0.0,0.0,95.0,83.0,93.0,39.0,18.0,7.0,12.0,54.0,15.0,0.0,1.0
64.579,52,107625.0,600.0,86.0,600.0,623.0,0.0,1.0,0.0,0.0,0.5,0.021,0.5,0.518,0.508,0.035,0.508,0.533,0.0,0.0,-1.75,-5.34,-0.08,0.0,0.0,0.0,0.0,0.0,0.0,0.0,0.0,1.0,0.0,0.0,0.0,0.0,-0.0,0.0,0.0,0.0,0.0,0.0,0.0,0.0,0.0,95.0,83.0,93.0,39.0,18.0,7.0,12.0,54.0,15.0,0.0,0.0
64.646,52,107677.0,600.0,86.0,600.0,623.0,0.0,1.0,0.0,0.0,0.5,0.02,0.5,0.519,0.508,0.035,0.508,0.533,0.0,0.0,-1.75,-5.34,-0.09,0.0,0.0,0.0,0.0,0.0,0.0,0.0,0.0,1.0,0.0,0.0,0.0,0.0,-0.0,0.0,0.0,0.0,0.0,0.0,0.0,0.0,0.0,95.0,83.0,93.0,39.0,18.0,7.0,12.0,54.0,15.0,0.0,0.0
64.679,52,107729.0,600.0,86.0,600.0,623.0,0.0,1.0,0.0,0.0,0.5,0.02,0.5,0.519,0.508,0.035,0.508,0.533,0.0,0.0,-1.75,-5.34,-0.09,0.0,0.0,0.0,0.0,0.0,0.0,0.0,0.0,1.0,0.0,0.0,0.0,0.0,0.0,0.0,0.0,0.0,0.0,0.0,0.0,0.0,0.0,95.0,83.0,93.0,39.0,18.0,7.0,12.0,54.0,15.0,0.0,0.0
64.744,52,107781.0,600.0,87.0,600.0,623.0,0.0,1.0,0.0,0.0,0.5,0.02,0.5,0.519,0.508,0.035,0.508,0.533,0.0,0.0,-1.75,-5.34,-0.09,0.0,0.0,0.0,0.0,0.0,0.0,0.0,0.0,1.0,0.0,0.0,0.0,0.0,-0.0,0.0,0.0,0.0,0.0,0.0,0.0,0.0,0.0,95.0,83.0,93.0,39.0,18.0,7.0,12.0,54.0,15.0,0.0,0.0
64.776,52,107833.0,600.0,87.0,600.0,623.0,0.0,1.0,0.0,0.0,0.5,0.02,0.5,0.519,0.508,0.035,0.508,0.533,0.0,0.0,-1.75,-5.34,-0.09,0.0,0.0,0.0,0.0,0.0,0.0,0.0,0.0,1.0,0.0,0.0,0.0,0.0,0.0,0.0,0.0,0.0,0.0,0.0,0.0,0.0,0.0,95.0,83.0,93.0,39.0,18.0,7.0,12.0,54.0,15.0,0.0,0.0
64.851,52,107885.0,600.0,87.0,600.0,620.0,0.0,1.0,0.0,0.0,0.5,0.02,0.5,0.517,0.508,0.035,0.508,0.532,0.0,0.0,-1.75,-5.34,-0.08,0.0,0.0,0.0,0.0,0.0,0.0,0.0,0.0,1.0,0.0,0.0,0.0,0.0,-0.0,0.0,0.0,0.0,0.0,0.0,0.0,0.0,0.0,95.0,83.0,93.0,39.0,18.0,7.0,12.0,54.0,15.0,0.0,0.0
64.885,52,107937.0,600.0,87.0,600.0,620.0,0.0,1.0,0.0,0.0,0.5,0.02,0.5,0.517,0.508,0.035,0.508,0.532,0.0,0.0,-1.76,-5.34,-0.08,0.0,0.0,0.0,0.0,0.0,0.0,0.0,0.0,1.0,0.0,0.0,0.0,0.0,0.0,0.0,0.0,0.0,0.0,0.0,0.0,0.0,0.0,95.0,83.0,93.0,39.0,18.0,7.0,12.0,54.0,15.0,0.0,0.0
64.947,52,107989.0,600.0,87.0,600.0,620.0,0.0,1.0,0.0,0.0,0.5,0.02,0.5,0.517,0.508,0.035,0.508,0.532,0.0,0.0,-1.76,-5.34,-0.08,0.0,0.0,0.0,0.0,0.0,0.0,0.0,0.0,1.0,0.0,0.0,0.0,0.0,0.0,0.0,0.0,0.0,0.0,0.0,0.0,0.0,0.0,95.0,83.0,93.0,39.0,18.0,7.0,12.0,54.0,15.0,0.0,0.0
65.009,52,108041.0,600.0,87.0,600.0,620.0,0.0,1.0,0.0,0.0,0.5,0.02,0.5,0.517,0.508,0.035,0.508,0.532,0.0,0.0,-1.76,-5.34,-0.08,0.0,0.0,0.0,0.0,0.0,0.0,0.0,0.0,1.0,0.0,0.0,0.0,0.0,0.0,0.0,0.0,0.0,0.0,0.0,0.0,0.0,0.0,95.0,83.0,93.0,39.0,18.0,7.0,12.0,54.0,15.0,0.0,0.0
65.037,52,108093.0,600.0,87.0,600.0,622.0,0.0,1.0,0.0,0.0,0.5,0.021,0.5,0.518,0.508,0.035,0.508,0.532,0.0,0.0,-1.76,-5.34,-0.08,0.0,0.0,0.0,0.0,0.0,0.0,0.0,0.0,1.0,0.0,0.0,0.0,0.0,0.0,0.0,0.0,0.0,0.0,0.0,0.0,0.0,0.0,95.0,83.0,93.0,39.0,18.0,7.0,12.0,54.0,15.0,0.0,1.0
65.094,52,108145.0,600.0,87.0,600.0,622.0,0.0,1.0,0.0,0.0,0.5,0.021,0.5,0.518,0.508,0.035,0.508,0.532,0.0,0.0,-1.76,-5.34,-0.08,0.0,0.0,0.0,0.0,0.0,0.0,0.0,0.0,1.0,0.0,0.0,0.0,0.0,0.0,0.0,0.0,0.0,0.0,0.0,0.0,0.0,0.0,95.0,83.0,93.0,39.0,18.0,7.0,12.0,54.0,15.0,0.0,0.0
65.151,51,108196.0,600.0,87.0,600.0,622.0,0.0,1.0,0.0,0.0,0.5,0.021,0.5,0.518,0.508,0.035,0.508,0.532,0.0,0.0,-1.76,-5.33,-0.08,0.0,0.0,0.0,0.0,0.0,0.0,0.0,0.0,1.0,0.0,0.0,0.0,0.0,-0.0,0.0,0.0,0.0,0.0,0.0,0.0,0.0,0.0,95.0,83.0,93.0,39.0,18.0,7.0,12.0,54.0,15.0,0.0,0.0
65.211,53,108249.0,600.0,87.0,600.0,622.0,0.0,1.0,0.0,0.0,0.5,0.021,0.5,0.518,0.508,0.035,0.508,0.532,0.0,0.0,-1.76,-5.33,-0.08,0.0,0.0,0.0,0.0,0.0,0.0,0.0,0.0,1.0,0.0,0.0,0.0,0.0,0.0,0.0,0.0,0.0,0.0,0.0,0.0,0.0,0.0,95.0,83.0,93.0,39.0,18.0,7.0,12.0,54.0,15.0,0.0,0.0
65.24,52,108301.0,600.0,87.0,600.0,622.0,0.0,1.0,0.0,0.0,0.5,0.021,0.5,0.518,0.508,0.035,0.508,0.533,0.0,0.0,-1.76,-5.34,-0.08,0.0,0.0,0.0,0.0,0.0,0.0,0.0,0.0,1.0,0.0,0.0,0.0,0.0,0.0,0.0,0.0,0.0,0.0,0.0,0.0,0.0,0.0,95.0,83.0,93.0,39.0,18.0,7.0,12.0,54.0,15.0,0.0,0.0
65.297,52,108353.0,600.0,87.0,600.0,622.0,0.0,1.0,0.0,0.0,0.5,0.021,0.5,0.518,0.508,0.035,0.508,0.533,0.0,0.0,-1.76,-5.34,-0.08,0.0,0.0,0.0,0.0,0.0,0.0,0.0,0.0,1.0,0.0,0.0,0.0,0.0,0.0,0.0,0.0,0.0,0.0,0.0,0.0,0.0,0.0,95.0,83.0,93.0,39.0,18.0,7.0,12.0,54.0,15.0,0.0,1.0
65.353,52,108405.0,600.0,87.0,600.0,622.0,0.0,1.0,0.0,0.0,0.5,0.021,0.5,0.518,0.508,0.035,0.508,0.533,0.0,0.0,-1.76,-5.34,-0.08,0.0,0.0,0.0,0.0,0.0,0.0,0.0,0.0,1.0,0.0,0.0,0.0,0.0,0.0,0.0,0.0,0.0,0.0,0.0,0.0,0.0,0.0,95.0,83.0,93.0,39.0,18.0,7.0,12.0,54.0,15.0,0.0,0.0
65.416,52,108457.0,600.0,87.0,600.0,622.0,0.0,1.0,0.0,0.0,0.5,0.021,0.5,0.518,0.508,0.035,0.508,0.533,0.0,0.0,-1.75,-5.34,-0.09,0.0,0.0,0.0,0.0,0.0,0.0,0.0,0.0,1.0,0.0,0.0,0.0,0.0,-0.0,0.0,0.0,0.0,0.0,0.0,0.0,0.0,0.0,95.0,83.0,93.0,39.0,18.0,7.0,12.0,54.0,15.0,0.0,0.0
65.445,52,108509.0,600.0,87.0,600.0,622.0,0.0,1.0,0.0,0.0,0.5,0.021,0.5,0.518,0.508,0.035,0.508,0.533,0.0,0.0,-1.75,-5.34,-0.09,0.0,0.0,0.0,0.0,0.0,0.0,0.0,0.0,1.0,0.0,0.0,0.0,0.0,-0.0,0.0,0.0,0.0,0.0,0.0,0.0,0.0,0.0,95.0,83.0,93.0,39.0,18.0,7.0,12.0,54.0,15.0,0.0,0.0
65.502,52,108561.0,600.0,87.0,600.0,622.0,0.0,1.0,0.0,0.0,0.5,0.021,0.5,0.518,0.508,0.035,0.508,0.533,0.0,0.0,-1.75,-5.34,-0.09,0.0,0.0,0.0,0.0,0.0,0.0,0.0,0.0,1.0,0.0,0.0,0.0,0.0,-0.0,0.0,0.0,0.0,0.0,0.0,0.0,0.0,0.0,95.0,83.0,93.0,39.0,18.0,7.0,12.0,54.0,15.0,0.0,0.0
65.559,53,108614.0,600.0,88.0,600.0,622.0,0.0,1.0,0.0,0.0,0.5,0.021,0.5,0.518,0.508,0.035,0.508,0.533,0.0,0.0,-1.75,-5.34,-0.09,0.0,0.0,0.0,0.0,0.0,0.0,0.0,0.0,1.0,0.0,0.0,0.0,0.0,0.0,0.0,0.0,0.0,0.0,0.0,0.0,0.0,0.0,95.0,83.0,93.0,39.0,18.0,7.0,12.0,54.0,15.0,0.0,1.0
65.616,52,108666.0,600.0,88.0,600.0,622.0,0.0,1.0,0.0,0.0,0.5,0.021,0.5,0.518,0.508,0.035,0.508,0.533,0.0,0.0,-1.75,-5.34,-0.09,0.0,0.0,0.0,0.0,0.0,0.0,0.0,0.0,1.0,0.0,0.0,0.0,0.0,0.0,0.0,0.0,0.0,0.0,0.0,0.0,0.0,0.0,95.0,83.0,93.0,39.0,18.0,7.0,12.0,54.0,15.0,0.0,0.0
65.673,52,108718.0,600.0,88.0,600.0,622.0,0.0,1.0,0.0,0.0,0.5,0.021,0.5,0.518,0.508,0.035,0.508,0.533,0.0,0.0,-1.75,-5.33,-0.09,0.0,0.0,0.0,0.0,0.0,0.0,0.0,0.0,1.0,0.0,0.0,0.0,0.0,0.0,0.0,0.0,0.0,0.0,0.0,0.0,0.0,0.0,95.0,83.0,93.0,39.0,18.0,7.0,12.0,54.0,15.0,0.0,0.0
65.73,52,108770.0,600.0,88.0,600.0,622.0,0.0,1.0,0.0,0.0,0.5,0.021,0.5,0.518,0.508,0.035,0.508,0.533,0.0,0.0,-1.75,-5.33,-0.09,0.0,0.0,0.0,0.0,0.0,0.0,0.0,0.0,1.0,0.0,0.0,0.0,0.0,-0.0,0.0,0.0,0.0,0.0,0.0,0.0,0.0,0.0,95.0,83.0,93.0,39.0,18.0,7.0,12.0,54.0,15.0,0.0,0.0
65.759,52,108822.0,600.0,87.0,600.0,622.0,0.0,1.0,0.0,0.0,0.5,0.021,0.5,0.518,0.508,0.035,0.508,0.533,0.0,0.0,-1.75,-5.34,-0.09,0.0,0.0,0.0,0.0,0.0,0.0,0.0,0.0,1.0,0.0,0.0,0.0,0.0,-0.0,0.0,0.0,0.0,0.0,0.0,0.0,0.0,0.0,95.0,83.0,93.0,39.0,18.0,7.0,12.0,54.0,15.0,0.0,0.0
65.816,52,108874.0,600.0,87.0,600.0,622.0,0.0,1.0,0.0,0.0,0.5,0.021,0.5,0.518,0.508,0.035,0.508,0.533,0.0,0.0,-1.75,-5.34,-0.09,0.0,0.0,0.0,0.0,0.0,0.0,0.0,0.0,1.0,0.0,0.0,0.0,0.0,-0.0,0.0,0.0,0.0,0.0,0.0,0.0,0.0,0.0,95.0,83.0,93.0,39.0,18.0,7.0,12.0,54.0,15.0,0.0,0.0
65.873,52,108926.0,600.0,87.0,600.0,626.0,0.0,1.0,0.0,0.0,0.5,0.021,0.5,0.52,0.508,0.035,0.508,0.534,0.0,0.0,-1.75,-5.34,-0.09,0.0,0.0,0.0,0.0,0.0,0.0,0.0,0.0,1.0,0.0,0.0,0.0,0.0,0.0,0.0,0.0,0.0,0.0,0.0,0.0,0.0,0.0,95.0,83.0,93.0,39.0,18.0,7.0,12.0,54.0,15.0,0.0,0.0
65.93,52,108978.0,600.0,87.0,600.0,626.0,0.0,1.0,0.0,0.0,0.5,0.021,0.5,0.52,0.508,0.035,0.508,0.534,0.0,0.0,-1.75,-5.34,-0.08,0.0,0.0,0.0,0.0,0.0,0.0,0.0,0.0,1.0,0.0,0.0,0.0,0.0,-0.0,0.0,0.0,0.0,0.0,0.0,0.0,0.0,0.0,95.0,83.0,93.0,39.0,18.0,7.0,12.0,54.0,15.0,0.0,0.0
65.987,51,109029.0,600.0,87.0,600.0,626.0,0.0,1.0,0.0,0.0,0.5,0.021,0.5,0.52,0.508,0.035,0.508,0.534,0.0,0.0,-1.75,-5.34,-0.08,0.0,0.0,0.0,0.0,0.0,0.0,0.0,0.0,1.0,0.0,0.0,0.0,0.0,0.0,0.0,0.0,0.0,0.0,0.0,0.0,0.0,0.0,95.0,83.0,93.0,39.0,18.0,7.0,12.0,54.0,15.0,0.0,0.0
66.046,53,109082.0,600.0,87.0,600.0,626.0,0.0,1.0,0.0,0.0,0.5,0.021,0.5,0.52,0.508,0.035,0.508,0.534,0.0,0.0,-1.75,-5.34,-0.08,0.0,0.0,0.0,0.0,0.0,0.0,0.0,0.0,1.0,0.0,0.0,0.0,0.0,-0.0,0.0,0.0,0.0,0.0,0.0,0.0,0.0,0.0,95.0,83.0,93.0,39.0,18.0,7.0,12.0,54.0,15.0,0.0,0.0
66.075,52,109134.0,600.0,87.0,600.0,623.0,0.0,1.0,0.0,0.0,0.5,0.021,0.5,0.519,0.508,0.035,0.508,0.534,0.0,0.0,-1.75,-5.34,-0.08,0.0,0.0,0.0,0.0,0.0,0.0,0.0,0.0,1.0,0.0,0.0,0.0,0.0,-0.0,0.0,0.0,0.0,0.0,0.0,0.0,0.0,0.0,95.0,83.0,93.0,39.0,18.0,7.0,12.0,54.0,15.0,0.0,1.0
66.131,52,109186.0,600.0,87.0,600.0,623.0,0.0,1.0,0.0,0.0,0.5,0.021,0.5,0.519,0.508,0.035,0.508,0.534,0.0,0.0,-1.75,-5.34,-0.08,0.0,0.0,0.0,0.0,0.0,0.0,0.0,0.0,1.0,0.0,0.0,0.0,0.0,0.0,0.0,0.0,0.0,0.0,0.0,0.0,0.0,0.0,95.0,83.0,93.0,39.0,18.0,7.0,12.0,54.0,15.0,0.0,0.0
66.188,52,109238.0,600.0,86.0,600.0,623.0,0.0,1.0,0.0,0.0,0.5,0.021,0.5,0.519,0.508,0.035,0.508,0.534,0.0,0.0,-1.75,-5.34,-0.08,0.0,0.0,0.0,0.0,0.0,0.0,0.0,0.0,1.0,0.0,0.0,0.0,0.0,-0.0,0.0,0.0,0.0,0.0,0.0,0.0,0.0,0.0,95.0,83.0,93.0,39.0,18.0,7.0,12.0,54.0,15.0,0.0,1.0
66.246,51,109289.0,600.0,86.0,600.0,623.0,0.0,1.0,0.0,0.0,0.5,0.021,0.5,0.519,0.508,0.035,0.508,0.534,0.0,0.0,-1.75,-5.34,-0.08,0.0,0.0,0.0,0.0,0.0,0.0,0.0,0.0,1.0,0.0,0.0,0.0,0.0,0.0,0.0,0.0,0.0,0.0,0.0,0.0,0.0,0.0,95.0,83.0,93.0,39.0,18.0,7.0,12.0,54.0,15.0,0.0,0.0
66.303,52,109341.0,600.0,86.0,600.0,620.0,0.0,1.0,0.0,0.0,0.5,0.02,0.5,0.518,0.508,0.035,0.508,0.533,0.0,0.0,-1.76,-5.35,-0.08,0.0,0.0,0.0,0.0,0.0,0.0,0.0,0.0,1.0,0.0,0.0,0.0,0.0,0.0,0.0,0.0,0.0,0.0,0.0,0.0,0.0,0.0,95.0,83.0,93.0,39.0,18.0,7.0,12.0,54.0,15.0,0.0,0.0
66.331,52,109393.0,600.0,86.0,600.0,620.0,0.0,1.0,0.0,0.0,0.5,0.02,0.5,0.518,0.508,0.035,0.508,0.533,0.0,0.0,-1.76,-5.35,-0.08,0.0,0.0,0.0,0.0,0.0,0.0,0.0,0.0,1.0,0.0,0.0,0.0,0.0,0.0,0.0,0.0,0.0,0.0,0.0,0.0,0.0,0.0,95.0,83.0,93.0,39.0,18.0,7.0,12.0,54.0,15.0,0.0,0.0
66.388,52,109445.0,600.0,86.0,600.0,620.0,0.0,1.0,0.0,0.0,0.5,0.02,0.5,0.518,0.508,0.035,0.508,0.533,0.0,0.0,-1.76,-5.35,-0.08,0.0,0.0,0.0,0.0,0.0,0.0,0.0,0.0,1.0,0.0,0.0,0.0,0.0,0.0,0.0,0.0,0.0,0.0,0.0,0.0,0.0,0.0,95.0,83.0,93.0,39.0,18.0,7.0,12.0,54.0,15.0,0.0,1.0
66.445,52,109497.0,600.0,86.0,600.0,620.0,0.0,1.0,0.0,0.0,0.5,0.02,0.5,0.518,0.508,0.035,0.508,0.533,0.0,0.0,-1.76,-5.35,-0.08,0.0,0.0,0.0,0.0,0.0,0.0,0.0,0.0,1.0,0.0,0.0,0.0,0.0,-0.0,0.0,0.0,0.0,0.0,0.0,0.0,0.0,0.0,95.0,83.0,93.0,39.0,18.0,7.0,12.0,54.0,15.0,0.0,0.0
66.502,52,109549.0,600.0,86.0,600.0,621.0,0.0,1.0,0.0,0.0,0.5,0.02,0.5,0.518,0.508,0.035,0.508,0.532,0.0,0.0,-1.76,-5.34,-0.08,0.0,0.0,0.0,0.0,0.0,0.0,0.0,0.0,1.0,0.0,0.0,0.0,0.0,-0.0,0.0,0.0,0.0,0.0,0.0,0.0,0.0,0.0,95.0,83.0,93.0,39.0,18.0,7.0,12.0,54.0,15.0,0.0,0.0
66.559,52,109601.0,600.0,86.0,600.0,621.0,0.0,1.0,0.0,0.0,0.5,0.02,0.5,0.518,0.508,0.035,0.508,0.532,0.0,0.0,-1.76,-5.34,-0.08,0.0,0.0,0.0,0.0,0.0,0.0,0.0,0.0,1.0,0.0,0.0,0.0,0.0,0.0,0.0,0.0,0.0,0.0,0.0,0.0,0.0,0.0,95.0,83.0,93.0,39.0,18.0,7.0,12.0,54.0,15.0,0.0,0.0
66.616,52,109653.0,600.0,86.0,600.0,621.0,0.0,1.0,0.0,0.0,0.5,0.02,0.5,0.518,0.508,0.035,0.508,0.532,0.0,0.0,-1.76,-5.34,-0.08,0.0,0.0,0.0,0.0,0.0,0.0,0.0,0.0,1.0,0.0,0.0,0.0,0.0,0.0,0.0,0.0,0.0,0.0,0.0,0.0,0.0,0.0,95.0,83.0,93.0,39.0,18.0,7.0,12.0,54.0,15.0,0.0,1.0
66.644,52,109705.0,600.0,86.0,600.0,621.0,0.0,1.0,0.0,0.0,0.5,0.02,0.5,0.518,0.508,0.035,0.508,0.532,0.0,0.0,-1.76,-5.34,-0.08,0.0,0.0,0.0,0.0,0.0,0.0,0.0,0.0,1.0,0.0,0.0,0.0,0.0,0.0,0.0,0.0,0.0,0.0,0.0,0.0,0.0,0.0,95.0,83.0,93.0,39.0,18.0,7.0,12.0,54.0,15.0,0.0,0.0
66.701,52,109757.0,600.0,86.0,600.0,621.0,0.0,1.0,0.0,0.0,0.5,0.02,0.5,0.518,0.508,0.035,0.508,0.532,0.0,0.0,-1.76,-5.34,-0.08,0.0,0.0,0.0,0.0,0.0,0.0,0.0,0.0,1.0,0.0,0.0,0.0,0.0,-0.0,0.0,0.0,0.0,0.0,0.0,0.0,0.0,0.0,95.0,83.0,93.0,39.0,18.0,7.0,12.0,54.0,15.0,0.0,0.0
66.758,52,109809.0,600.0,86.0,600.0,621.0,0.0,1.0,0.0,0.0,0.5,0.02,0.5,0.518,0.508,0.035,0.508,0.532,0.0,0.0,-1.76,-5.34,-0.08,0.0,0.0,0.0,0.0,0.0,0.0,0.0,0.0,1.0,0.0,0.0,0.0,0.0,0.0,0.0,0.0,0.0,0.0,0.0,0.0,0.0,0.0,95.0,83.0,93.0,39.0,18.0,7.0,12.0,54.0,15.0,0.0,0.0
66.815,51,109860.0,600.0,86.0,600.0,621.0,0.0,1.0,0.0,0.0,0.5,0.02,0.5,0.518,0.508,0.035,0.508,0.532,0.0,0.0,-1.77,-5.34,-0.08,0.0,0.0,0.0,0.0,0.0,0.0,0.0,0.0,1.0,0.0,0.0,0.0,0.0,-0.0,0.0,0.0,0.0,0.0,0.0,0.0,0.0,0.0,95.0,83.0,93.0,39.0,18.0,7.0,12.0,54.0,15.0,0.0,0.0
66.872,53,109913.0,600.0,86.0,600.0,621.0,0.0,1.0,0.0,0.0,0.5,0.02,0.5,0.518,0.508,0.035,0.508,0.532,0.0,0.0,-1.77,-5.34,-0.08,0.0,0.0,0.0,0.0,0.0,0.0,0.0,0.0,1.0,0.0,0.0,0.0,0.0,0.0,0.0,0.0,0.0,0.0,0.0,0.0,0.0,0.0,95.0,83.0,93.0,39.0,18.0,7.0,12.0,54.0,15.0,0.0,0.0
66.901,52,109965.0,600.0,86.0,600.0,618.0,0.0,1.0,0.0,0.0,0.5,0.02,0.5,0.516,0.508,0.035,0.508,0.531,0.0,0.0,-1.77,-5.34,-0.08,0.0,0.0,0.0,0.0,0.0,0.0,0.0,0.0,1.0,0.0,0.0,0.0,0.0,0.0,0.0,0.0,0.0,0.0,0.0,0.0,0.0,0.0,95.0,83.0,93.0,39.0,18.0,7.0,12.0,54.0,15.0,0.0,1.0
66.958,52,110017.0,600.0,86.0,600.0,618.0,0.0,1.0,0.0,0.0,0.5,0.02,0.5,0.516,0.508,0.035,0.508,0.531,0.0,0.0,-1.77,-5.33,-0.08,0.0,0.0,0.0,0.0,0.0,0.0,0.0,0.0,1.0,0.0,0.0,0.0,0.0,-0.0,0.0,0.0,0.0,0.0,0.0,0.0,0.0,0.0,95.0,83.0,93.0,39.0,18.0,7.0,12.0,54.0,15.0,0.0,0.0
67.015,51,110068.0,600.0,87.0,600.0,618.0,0.0,1.0,0.0,0.0,0.5,0.02,0.5,0.516,0.508,0.035,0.508,0.531,0.0,0.0,-1.77,-5.33,-0.08,0.0,0.0,0.0,0.0,0.0,0.0,0.0,0.0,1.0,0.0,0.0,0.0,0.0,-0.0,0.0,0.0,0.0,0.0,0.0,0.0,0.0,0.0,95.0,83.0,93.0,39.0,18.0,7.0,12.0,54.0,15.0,0.0,0.0
67.072,53,110121.0,600.0,87.0,600.0,618.0,0.0,1.0,0.0,0.0,0.5,0.02,0.5,0.516,0.508,0.035,0.508,0.531,0.0,0.0,-1.77,-5.33,-0.08,0.0,0.0,0.0,0.0,0.0,0.0,0.0,0.0,1.0,0.0,0.0,0.0,0.0,0.0,0.0,0.0,0.0,0.0,0.0,0.0,0.0,0.0,95.0,83.0,93.0,39.0,18.0,7.0,12.0,54.0,15.0,0.0,1.0
67.129,52,110173.0,600.0,87.0,600.0,619.0,0.0,1.0,0.0,0.0,0.5,0.02,0.5,0.516,0.508,0.035,0.508,0.531,0.0,0.0,-1.77,-5.33,-0.08,0.0,0.0,0.0,0.0,0.0,0.0,0.0,0.0,1.0,0.0,0.0,0.0,0.0,-0.0,0.0,0.0,0.0,0.0,0.0,0.0,0.0,0.0,95.0,83.0,93.0,39.0,18.0,7.0,12.0,54.0,15.0,0.0,0.0
67.186,52,110225.0,600.0,87.0,600.0,619.0,0.0,1.0,0.0,0.0,0.5,0.02,0.5,0.516,0.508,0.035,0.508,0.531,0.0,0.0,-1.76,-5.33,-0.08,0.0,0.0,0.0,0.0,0.0,0.0,0.0,0.0,1.0,0.0,0.0,0.0,0.0,-0.0,0.0,0.0,0.0,0.0,0.0,0.0,0.0,0.0,95.0,83.0,93.0,39.0,18.0,7.0,12.0,54.0,15.0,0.0,0.0
67.215,52,110277.0,600.0,87.0,600.0,619.0,0.0,1.0,0.0,0.0,0.5,0.02,0.5,0.516,0.508,0.035,0.508,0.531,0.0,0.0,-1.76,-5.33,-0.08,0.0,0.0,0.0,0.0,0.0,0.0,0.0,0.0,1.0,0.0,0.0,0.0,0.0,0.0,0.0,0.0,0.0,0.0,0.0,0.0,0.0,0.0,95.0,83.0,93.0,39.0,18.0,7.0,12.0,54.0,15.0,0.0,1.0
67.271,52,110329.0,600.0,87.0,600.0,619.0,0.0,1.0,0.0,0.0,0.5,0.02,0.5,0.516,0.508,0.035,0.508,0.531,0.0,0.0,-1.76,-5.33,-0.08,0.0,0.0,0.0,0.0,0.0,0.0,0.0,0.0,1.0,0.0,0.0,0.0,0.0,0.0,0.0,0.0,0.0,0.0,0.0,0.0,0.0,0.0,95.0,83.0,93.0,39.0,18.0,7.0,12.0,54.0,15.0,0.0,0.0
67.328,54,110383.0,600.0,87.0,600.0,623.0,0.0,1.0,0.0,0.0,0.5,0.02,0.5,0.517,0.508,0.035,0.508,0.532,0.0,0.0,-1.76,-5.32,-0.09,0.0,0.0,0.0,0.0,0.0,0.0,0.0,0.0,1.0,0.0,0.0,0.0,0.0,-0.0,0.0,0.0,0.0,0.0,0.0,0.0,0.0,0.0,95.0,83.0,93.0,39.0,18.0,7.0,12.0,54.0,15.0,0.0,0.0
67.385,52,110435.0,600.0,87.0,600.0,623.0,0.0,1.0,0.0,0.0,0.5,0.02,0.5,0.517,0.508,0.035,0.508,0.532,0.0,0.0,-1.76,-5.32,-0.09,0.0,0.0,0.0,0.0,0.0,0.0,0.0,0.0,1.0,0.0,0.0,0.0,0.0,-0.0,0.0,0.0,0.0,0.0,0.0,0.0,0.0,0.0,95.0,83.0,93.0,39.0,18.0,7.0,12.0,54.0,15.0,0.0,0.0
67.443,51,110486.0,600.0,86.0,600.0,623.0,0.0,1.0,0.0,0.0,0.5,0.02,0.5,0.517,0.508,0.035,0.508,0.532,0.0,0.0,-1.76,-5.32,-0.09,0.0,0.0,0.0,0.0,0.0,0.0,0.0,0.0,1.0,0.0,0.0,0.0,0.0,0.0,0.0,0.0,0.0,0.0,0.0,0.0,0.0,0.0,95.0,83.0,93.0,39.0,18.0,7.0,12.0,54.0,15.0,0.0,0.0
67.499,52,110538.0,600.0,86.0,600.0,623.0,0.0,1.0,0.0,0.0,0.5,0.02,0.5,0.517,0.508,0.035,0.508,0.532,0.0,0.0,-1.76,-5.32,-0.09,0.0,0.0,0.0,0.0,0.0,0.0,0.0,0.0,1.0,0.0,0.0,0.0,0.0,0.0,0.0,0.0,0.0,0.0,0.0,0.0,0.0,0.0,95.0,83.0,93.0,39.0,18.0,7.0,12.0,54.0,15.0,0.0,0.0
67.528,52,110590.0,600.0,86.0,600.0,621.0,0.0,1.0,0.0,0.0,0.5,0.02,0.5,0.517,0.508,0.035,0.508,0.532,0.0,0.0,-1.76,-5.32,-0.09,0.0,0.0,0.0,0.0,0.0,0.0,0.0,0.0,1.0,0.0,0.0,0.0,0.0,0.0,0.0,0.0,0.0,0.0,0.0,0.0,0.0,0.0,95.0,83.0,93.0,39.0,18.0,7.0,12.0,54.0,15.0,0.0,0.0
67.585,52,110642.0,600.0,86.0,600.0,621.0,0.0,1.0,0.0,0.0,0.5,0.02,0.5,0.517,0.508,0.035,0.508,0.532,0.0,0.0,-1.76,-5.32,-0.09,0.0,0.0,0.0,0.0,0.0,0.0,0.0,0.0,1.0,0.0,0.0,0.0,0.0,0.0,0.0,0.0,0.0,0.0,0.0,0.0,0.0,0.0,95.0,83.0,93.0,39.0,18.0,7.0,12.0,54.0,15.0,0.0,0.0
67.642,52,110694.0,600.0,86.0,600.0,621.0,0.0,1.0,0.0,0.0,0.5,0.02,0.5,0.517,0.508,0.035,0.508,0.532,0.0,0.0,-1.76,-5.32,-0.09,0.0,0.0,0.0,0.0,0.0,0.0,0.0,0.0,1.0,0.0,0.0,0.0,0.0,-0.0,0.0,0.0,0.0,0.0,0.0,0.0,0.0,0.0,95.0,83.0,93.0,39.0,18.0,7.0,12.0,54.0,15.0,0.0,0.0
67.699,52,110746.0,600.0,86.0,600.0,621.0,0.0,1.0,0.0,0.0,0.5,0.02,0.5,0.517,0.508,0.035,0.508,0.532,0.0,0.0,-1.76,-5.32,-0.09,0.0,0.0,0.0,0.0,0.0,0.0,0.0,0.0,1.0,0.0,0.0,0.0,0.0,-0.0,0.0,0.0,0.0,0.0,0.0,0.0,0.0,0.0,95.0,83.0,93.0,39.0,18.0,7.0,12.0,54.0,15.0,0.0,0.0
67.756,53,110799.0,600.0,86.0,600.0,621.0,0.0,1.0,0.0,0.0,0.5,0.02,0.5,0.517,0.508,0.035,0.508,0.532,0.0,0.0,-1.76,-5.32,-0.09,0.0,0.0,0.0,0.0,0.0,0.0,0.0,0.0,1.0,0.0,0.0,0.0,0.0,0.0,0.0,0.0,0.0,0.0,0.0,0.0,0.0,0.0,95.0,83.0,93.0,39.0,18.0,7.0,12.0,54.0,15.0,0.0,0.0
67.814,53,110852.0,600.0,86.0,600.0,621.0,0.0,1.0,0.0,0.0,0.5,0.02,0.5,0.517,0.508,0.035,0.508,0.532,0.0,0.0,-1.76,-5.32,-0.09,0.0,0.0,0.0,0.0,0.0,0.0,8.0,0.0,1.0,0.0,0.0,0.0,0.0,-0.0,0.0,0.0,0.0,0.0,0.0,0.0,0.0,0.0,95.0,83.0,93.0,39.0,18.0,7.0,12.0,54.0,15.0,0.0,0.0
67.842,52,110904.0,600.0,87.0,600.0,621.0,0.0,1.0,0.0,0.0,0.5,0.02,0.5,0.517,0.508,0.035,0.508,0.532,0.0,0.0,-1.76,-5.32,-0.09,0.0,0.0,0.0,0.0,0.0,0.0,0.0,0.0,1.0,0.0,0.0,0.0,0.0,-0.0,0.0,0.0,0.0,0.0,0.0,0.0,0.0,0.0,95.0,83.0,93.0,39.0,18.0,7.0,12.0,54.0,15.0,0.0,0.0
67.899,52,110956.0,600.0,87.0,600.0,621.0,0.0,1.0,0.0,0.0,0.5,0.02,0.5,0.517,0.508,0.035,0.508,0.532,0.0,0.0,-1.75,-5.32,-0.09,0.0,0.0,0.0,0.0,0.0,0.0,0.0,0.0,1.0,0.0,0.0,0.0,0.0,-0.0,0.0,0.0,0.0,0.0,0.0,0.0,0.0,0.0,95.0,83.0,93.0,39.0,18.0,7.0,12.0,54.0,15.0,0.0,1.0
67.956,52,111008.0,600.0,87.0,600.0,623.0,0.0,1.0,0.0,0.0,0.5,0.02,0.5,0.518,0.508,0.035,0.508,0.533,0.0,0.0,-1.75,-5.33,-0.09,0.0,0.0,0.0,0.0,0.0,0.0,0.0,0.0,1.0,0.0,0.0,0.0,0.0,-0.0,0.0,0.0,0.0,0.0,0.0,0.0,0.0,0.0,95.0,83.0,93.0,39.0,18.0,7.0,12.0,54.0,15.0,0.0,0.0
68.013,52,111060.0,600.0,87.0,600.0,623.0,0.0,1.0,0.0,0.0,0.5,0.02,0.5,0.518,0.508,0.035,0.508,0.533,0.0,0.0,-1.75,-5.33,-0.09,0.0,0.0,0.0,0.0,0.0,0.0,0.0,0.0,1.0,0.0,0.0,0.0,0.0,0.0,0.0,0.0,0.0,0.0,0.0,0.0,0.0,0.0,95.0,83.0,93.0,39.0,18.0,7.0,12.0,54.0,15.0,0.0,0.0
68.07,52,111112.0,600.0,86.0,600.0,623.0,0.0,1.0,0.0,0.0,0.5,0.02,0.5,0.518,0.508,0.035,0.508,0.533,0.0,0.0,-1.75,-5.33,-0.09,0.0,0.0,0.0,0.0,0.0,0.0,0.0,0.0,1.0,0.0,0.0,0.0,0.0,-0.0,0.0,0.0,0.0,0.0,0.0,0.0,0.0,0.0,95.0,83.0,93.0,39.0,18.0,7.0,12.0,54.0,15.0,0.0,0.0
68.127,52,111164.0,600.0,86.0,600.0,623.0,0.0,1.0,0.0,0.0,0.5,0.02,0.5,0.518,0.508,0.035,0.508,0.533,0.0,0.0,-1.75,-5.33,-0.09,0.0,0.0,0.0,0.0,0.0,0.0,0.0,0.0,1.0,0.0,0.0,0.0,0.0,0.0,0.0,0.0,0.0,0.0,0.0,0.0,0.0,0.0,95.0,83.0,93.0,39.0,18.0,7.0,12.0,54.0,15.0,0.0,0.0
68.155,52,111216.0,600.0,86.0,600.0,624.0,0.0,1.0,0.0,0.0,0.5,0.02,0.5,0.519,0.508,0.035,0.508,0.533,0.0,0.0,-1.75,-5.34,-0.09,0.0,0.0,0.0,0.0,0.0,0.0,0.0,0.0,1.0,0.0,0.0,0.0,0.0,0.0,0.0,0.0,0.0,0.0,0.0,0.0,0.0,0.0,95.0,83.0,93.0,39.0,18.0,7.0,12.0,54.0,15.0,0.0,0.0
68.219,52,111268.0,600.0,86.0,600.0,624.0,0.0,1.0,0.0,0.0,0.5,0.02,0.5,0.519,0.508,0.035,0.508,0.533,0.0,0.0,-1.75,-5.34,-0.09,0.0,0.0,0.0,0.0,0.0,0.0,0.0,0.0,1.0,0.0,0.0,0.0,0.0,0.0,0.0,0.0,0.0,0.0,0.0,0.0,0.0,0.0,95.0,83.0,93.0,39.0,18.0,7.0,12.0,54.0,15.0,0.0,0.0
68.276,51,111319.0,600.0,86.0,600.0,624.0,0.0,1.0,0.0,0.0,0.5,0.02,0.5,0.519,0.508,0.035,0.508,0.533,0.0,0.0,-1.75,-5.34,-0.09,0.0,0.0,0.0,0.0,0.0,0.0,0.0,0.0,1.0,0.0,0.0,0.0,0.0,0.0,0.0,0.0,0.0,0.0,0.0,0.0,0.0,0.0,95.0,83.0,93.0,39.0,18.0,7.0,12.0,54.0,15.0,0.0,0.0
68.333,52,111371.0,600.0,86.0,600.0,624.0,0.0,1.0,0.0,0.0,0.5,0.02,0.5,0.519,0.508,0.035,0.508,0.533,0.0,0.0,-1.75,-5.34,-0.09,0.0,0.0,0.0,0.0,0.0,0.0,0.0,0.0,1.0,0.0,0.0,0.0,0.0,0.0,0.0,0.0,0.0,0.0,0.0,0.0,0.0,0.0,95.0,83.0,93.0,39.0,18.0,7.0,12.0,54.0,15.0,0.0,0.0
68.361,52,111423.0,600.0,86.0,600.0,622.0,0.0,1.0,0.0,0.0,0.5,0.02,0.5,0.518,0.508,0.035,0.508,0.533,0.0,0.0,-1.75,-5.34,-0.09,0.0,0.0,0.0,0.0,0.0,0.0,0.0,0.0,1.0,0.0,0.0,0.0,0.0,0.0,0.0,0.0,0.0,0.0,0.0,0.0,0.0,0.0,95.0,83.0,93.0,39.0,18.0,7.0,12.0,54.0,15.0,0.0,0.0
68.418,52,111475.0,600.0,86.0,600.0,622.0,0.0,1.0,0.0,0.0,0.5,0.02,0.5,0.518,0.508,0.035,0.508,0.533,0.0,0.0,-1.75,-5.34,-0.09,0.0,0.0,0.0,0.0,0.0,0.0,0.0,0.0,1.0,0.0,0.0,0.0,0.0,-0.0,0.0,0.0,0.0,0.0,0.0,0.0,0.0,0.0,95.0,83.0,93.0,39.0,18.0,7.0,12.0,54.0,15.0,0.0,1.0
68.475,52,111527.0,600.0,87.0,600.0,622.0,0.0,1.0,0.0,0.0,0.5,0.02,0.5,0.518,0.508,0.035,0.508,0.533,0.0,0.0,-1.75,-5.34,-0.09,0.0,0.0,0.0,0.0,0.0,0.0,0.0,0.0,1.0,0.0,0.0,0.0,0.0,-0.0,0.0,0.0,0.0,0.0,0.0,0.0,0.0,0.0,95.0,83.0,93.0,39.0,18.0,7.0,12.0,54.0,15.0,0.0,0.0
68.532,53,111580.0,600.0,87.0,600.0,622.0,0.0,1.0,0.0,0.0,0.5,0.02,0.5,0.518,0.508,0.035,0.508,0.533,0.0,0.0,-1.75,-5.34,-0.09,0.0,0.0,0.0,0.0,0.0,0.0,0.0,0.0,1.0,0.0,0.0,0.0,0.0,0.0,0.0,0.0,0.0,0.0,0.0,0.0,0.0,0.0,95.0,83.0,93.0,39.0,18.0,7.0,12.0,54.0,15.0,0.0,0.0
68.589,52,111632.0,600.0,87.0,600.0,623.0,0.0,1.0,0.0,0.0,0.5,0.02,0.5,0.519,0.508,0.035,0.508,0.533,0.0,0.0,-1.75,-5.33,-0.09,0.0,0.0,0.0,0.0,0.0,0.0,0.0,0.0,1.0,0.0,0.0,0.0,0.0,0.0,0.0,0.0,0.0,0.0,0.0,0.0,0.0,0.0,95.0,83.0,93.0,39.0,18.0,7.0,12.0,54.0,15.0,0.0,0.0
68.646,52,111684.0,600.0,87.0,600.0,623.0,0.0,1.0,0.0,0.0,0.5,0.02,0.5,0.519,0.508,0.035,0.508,0.533,0.0,0.0,-1.75,-5.33,-0.09,0.0,0.0,0.0,0.0,0.0,0.0,0.0,0.0,1.0,0.0,0.0,0.0,0.0,-0.0,0.0,0.0,0.0,0.0,0.0,0.0,0.0,0.0,95.0,83.0,93.0,39.0,18.0,7.0,12.0,54.0,15.0,0.0,0.0
68.674,51,111735.0,600.0,87.0,600.0,623.0,0.0,1.0,0.0,0.0,0.5,0.02,0.5,0.519,0.508,0.035,0.508,0.533,0.0,0.0,-1.75,-5.34,-0.09,0.0,0.0,0.0,0.0,0.0,0.0,0.0,0.0,1.0,0.0,0.0,0.0,0.0,0.0,0.0,0.0,0.0,0.0,0.0,0.0,0.0,0.0,95.0,83.0,93.0,39.0,18.0,7.0,12.0,54.0,15.0,0.0,1.0
68.731,52,111787.0,600.0,87.0,600.0,623.0,0.0,1.0,0.0,0.0,0.5,0.02,0.5,0.519,0.508,0.035,0.508,0.533,0.0,0.0,-1.75,-5.33,-0.09,0.0,0.0,0.0,0.0,0.0,0.0,0.0,0.0,1.0,0.0,0.0,0.0,0.0,0.0,0.0,0.0,0.0,0.0,0.0,0.0,0.0,0.0,95.0,83.0,93.0,39.0,18.0,7.0,12.0,54.0,15.0,0.0,0.0
68.788,52,111839.0,600.0,87.0,600.0,623.0,0.0,1.0,0.0,0.0,0.5,0.021,0.5,0.519,0.508,0.035,0.508,0.533,0.0,0.0,-1.75,-5.33,-0.09,0.0,0.0,0.0,0.0,0.0,0.0,0.0,0.0,1.0,0.0,0.0,0.0,0.0,-0.0,0.0,0.0,0.0,0.0,0.0,0.0,0.0,0.0,95.0,83.0,93.0,39.0,18.0,7.0,12.0,54.0,15.0,0.0,0.0
68.846,52,111891.0,600.0,87.0,600.0,623.0,0.0,1.0,0.0,0.0,0.5,0.021,0.5,0.519,0.508,0.035,0.508,0.533,0.0,0.0,-1.75,-5.33,-0.09,0.0,0.0,0.0,0.0,0.0,0.0,0.0,0.0,1.0,0.0,0.0,0.0,0.0,-0.0,0.0,0.0,0.0,0.0,0.0,0.0,0.0,0.0,95.0,83.0,93.0,39.0,18.0,7.0,12.0,54.0,15.0,0.0,0.0
68.903,53,111944.0,600.0,87.0,600.0,623.0,0.0,1.0,0.0,0.0,0.5,0.021,0.5,0.519,0.508,0.035,0.508,0.533,0.0,0.0,-1.75,-5.33,-0.09,0.0,0.0,0.0,0.0,0.0,0.0,0.0,0.0,1.0,0.0,0.0,0.0,0.0,0.0,0.0,0.0,0.0,0.0,0.0,0.0,0.0,0.0,95.0,83.0,93.0,39.0,18.0,7.0,12.0,54.0,15.0,0.0,0.0
68.931,52,111996.0,600.0,87.0,600.0,623.0,0.0,1.0,0.0,0.0,0.5,0.021,0.5,0.519,0.508,0.035,0.508,0.533,0.0,0.0,-1.75,-5.33,-0.09,0.0,0.0,0.0,0.0,0.0,0.0,0.0,0.0,1.0,0.0,0.0,0.0,0.0,0.0,0.0,0.0,0.0,0.0,0.0,0.0,0.0,0.0,95.0,83.0,93.0,39.0,18.0,7.0,12.0,54.0,15.0,0.0,1.0
68.988,52,112048.0,600.0,87.0,600.0,620.0,0.0,1.0,0.0,0.0,0.5,0.021,0.5,0.518,0.508,0.035,0.508,0.533,0.0,0.0,-1.75,-5.33,-0.09,0.0,0.0,0.0,0.0,0.0,0.0,0.0,0.0,1.0,0.0,0.0,0.0,0.0,0.0,0.0,0.0,0.0,0.0,0.0,0.0,0.0,0.0,95.0,83.0,93.0,39.0,18.0,7.0,12.0,54.0,15.0,0.0,1.0
69.048,52,112100.0,600.0,87.0,600.0,620.0,0.0,1.0,0.0,0.0,0.5,0.021,0.5,0.518,0.508,0.035,0.508,0.533,0.0,0.0,-1.75,-5.33,-0.09,0.0,0.0,0.0,0.0,0.0,0.0,0.0,0.0,1.0,0.0,0.0,0.0,0.0,0.0,0.0,0.0,0.0,0.0,0.0,0.0,0.0,0.0,95.0,83.0,93.0,39.0,18.0,7.0,12.0,54.0,15.0,0.0,0.0
69.105,52,112152.0,600.0,89.0,600.0,620.0,0.0,1.0,0.0,0.0,0.5,0.021,0.5,0.518,0.508,0.035,0.508,0.533,0.0,0.0,-1.75,-5.33,-0.09,0.0,0.0,0.0,0.0,0.0,0.0,0.0,0.0,1.0,0.0,0.0,0.0,0.0,-0.0,0.0,0.0,0.0,0.0,0.0,0.0,0.0,0.0,95.0,83.0,93.0,39.0,18.0,7.0,12.0,54.0,15.0,0.0,0.0
69.162,52,112204.0,600.0,89.0,600.0,620.0,0.0,1.0,0.0,0.0,0.5,0.021,0.5,0.518,0.508,0.035,0.508,0.533,0.0,0.0,-1.75,-5.33,-0.09,0.0,0.0,0.0,0.0,0.0,0.0,0.0,0.0,1.0,0.0,0.0,0.0,0.0,-0.0,0.0,0.0,0.0,0.0,0.0,0.0,0.0,0.0,95.0,83.0,93.0,39.0,18.0,7.0,12.0,54.0,15.0,0.0,0.0
69.219,52,112256.0,600.0,89.0,600.0,621.0,0.0,1.0,0.0,0.0,0.5,0.021,0.5,0.517,0.508,0.036,0.508,0.532,0.0,0.0,-1.75,-5.33,-0.09,0.0,0.0,0.0,0.0,0.0,0.0,0.0,0.0,1.0,0.0,0.0,0.0,0.0,0.0,0.0,0.0,0.0,0.0,0.0,0.0,0.0,0.0,95.0,83.0,93.0,39.0,18.0,7.0,12.0,54.0,15.0,0.0,1.0
69.247,52,112308.0,600.0,89.0,600.0,621.0,0.0,1.0,0.0,0.0,0.5,0.021,0.5,0.517,0.508,0.036,0.508,0.532,0.0,0.0,-1.75,-5.32,-0.09,0.0,0.0,0.0,0.0,0.0,0.0,0.0,0.0,1.0,0.0,0.0,0.0,0.0,0.0,0.0,0.0,0.0,0.0,0.0,0.0,0.0,0.0,95.0,83.0,93.0,39.0,18.0,7.0,12.0,54.0,15.0,0.0,0.0
69.304,53,112361.0,600.0,88.0,600.0,621.0,0.0,1.0,0.0,0.0,0.5,0.021,0.5,0.517,0.508,0.036,0.508,0.532,0.0,0.0,-1.75,-5.32,-0.09,0.0,0.0,0.0,0.0,0.0,0.0,0.0,0.0,1.0,0.0,0.0,0.0,0.0,0.0,0.0,0.0,0.0,0.0,0.0,0.0,0.0,0.0,95.0,83.0,93.0,39.0,18.0,7.0,12.0,54.0,15.0,0.0,0.0
69.361,52,112413.0,600.0,88.0,600.0,621.0,0.0,1.0,0.0,0.0,0.5,0.021,0.5,0.517,0.508,0.036,0.508,0.532,0.0,0.0,-1.75,-5.32,-0.09,0.0,0.0,0.0,0.0,0.0,0.0,0.0,0.0,1.0,0.0,0.0,0.0,0.0,0.0,0.0,0.0,0.0,0.0,0.0,0.0,0.0,0.0,95.0,83.0,93.0,39.0,18.0,7.0,12.0,54.0,15.0,0.0,0.0
69.419,52,112465.0,600.0,88.0,600.0,622.0,0.0,1.0,0.0,0.0,0.5,0.021,0.5,0.518,0.508,0.036,0.508,0.532,0.0,0.0,-1.75,-5.32,-0.09,0.0,0.0,0.0,0.0,0.0,0.0,0.0,0.0,1.0,0.0,0.0,0.0,0.0,0.0,0.0,0.0,0.0,0.0,0.0,0.0,0.0,0.0,95.0,83.0,93.0,39.0,18.0,7.0,12.0,54.0,15.0,0.0,0.0
69.476,52,112517.0,600.0,88.0,600.0,622.0,0.0,1.0,0.0,0.0,0.5,0.021,0.5,0.518,0.508,0.036,0.508,0.532,0.0,0.0,-1.75,-5.32,-0.09,0.0,0.0,0.0,0.0,0.0,0.0,0.0,0.0,1.0,0.0,0.0,0.0,0.0,0.0,0.0,0.0,0.0,0.0,0.0,0.0,0.0,0.0,95.0,83.0,93.0,39.0,18.0,7.0,12.0,54.0,15.0,0.0,1.0
69.504,52,112569.0,600.0,88.0,600.0,622.0,0.0,1.0,0.0,0.0,0.5,0.021,0.5,0.518,0.508,0.036,0.508,0.532,0.0,0.0,-1.75,-5.33,-0.09,0.0,0.0,0.0,0.0,0.0,0.0,0.0,0.0,1.0,0.0,0.0,0.0,0.0,-0.0,0.0,0.0,0.0,0.0,0.0,0.0,0.0,0.0,95.0,83.0,93.0,39.0,18.0,7.0,12.0,54.0,15.0,0.0,0.0
69.561,52,112621.0,600.0,88.0,600.0,622.0,0.0,1.0,0.0,0.0,0.5,0.021,0.5,0.518,0.508,0.036,0.508,0.532,0.0,0.0,-1.75,-5.33,-0.09,0.0,0.0,0.0,0.0,0.0,0.0,0.0,0.0,1.0,0.0,0.0,0.0,0.0,0.0,0.0,0.0,0.0,0.0,0.0,0.0,0.0,0.0,95.0,83.0,93.0,39.0,18.0,7.0,12.0,54.0,15.0,0.0,0.0
69.618,52,112673.0,600.0,88.0,600.0,623.0,0.0,1.0,0.0,0.0,0.5,0.021,0.5,0.518,0.508,0.036,0.508,0.533,0.0,0.0,-1.75,-5.33,-0.09,0.0,0.0,0.0,0.0,0.0,0.0,0.0,0.0,1.0,0.0,0.0,0.0,0.0,-0.0,0.0,0.0,0.0,0.0,0.0,0.0,0.0,0.0,95.0,83.0,93.0,39.0,18.0,7.0,12.0,54.0,15.0,0.0,0.0
69.675,52,112725.0,600.0,88.0,600.0,623.0,0.0,1.0,0.0,0.0,0.5,0.021,0.5,0.518,0.508,0.036,0.508,0.533,0.0,0.0,-1.75,-5.33,-0.09,0.0,0.0,0.0,0.0,0.0,0.0,0.0,0.0,1.0,0.0,0.0,0.0,0.0,0.0,0.0,0.0,0.0,0.0,0.0,0.0,0.0,0.0,95.0,83.0,93.0,39.0,18.0,7.0,12.0,54.0,15.0,0.0,0.0
69.732,53,112778.0,600.0,87.0,600.0,623.0,0.0,1.0,0.0,0.0,0.5,0.021,0.5,0.518,0.508,0.036,0.508,0.533,0.0,0.0,-1.75,-5.33,-0.09,0.0,0.0,0.0,0.0,0.0,0.0,0.0,0.0,1.0,0.0,0.0,0.0,0.0,-0.0,0.0,0.0,0.0,0.0,0.0,0.0,0.0,0.0,95.0,83.0,93.0,39.0,18.0,7.0,12.0,54.0,15.0,0.0,0.0
69.789,52,112830.0,600.0,87.0,600.0,623.0,0.0,1.0,0.0,0.0,0.5,0.021,0.5,0.518,0.508,0.036,0.508,0.533,0.0,0.0,-1.75,-5.33,-0.09,0.0,0.0,0.0,0.0,0.0,0.0,0.0,0.0,1.0,0.0,0.0,0.0,0.0,-0.0,0.0,0.0,0.0,0.0,0.0,0.0,0.0,0.0,95.0,83.0,93.0,39.0,18.0,7.0,12.0,54.0,15.0,0.0,0.0
69.818,52,112882.0,600.0,87.0,600.0,623.0,0.0,1.0,0.0,0.0,0.5,0.021,0.5,0.518,0.508,0.035,0.508,0.533,0.0,0.0,-1.75,-5.32,-0.09,0.0,0.0,0.0,0.0,0.0,0.0,0.0,0.0,1.0,0.0,0.0,0.0,0.0,0.0,0.0,0.0,0.0,0.0,0.0,0.0,0.0,0.0,95.0,83.0,93.0,39.0,18.0,7.0,12.0,54.0,15.0,0.0,0.0
69.875,52,112934.0,600.0,87.0,600.0,623.0,0.0,1.0,0.0,0.0,0.5,0.021,0.5,0.518,0.508,0.035,0.508,0.533,0.0,0.0,-1.75,-5.32,-0.09,0.0,0.0,0.0,0.0,0.0,0.0,0.0,0.0,1.0,0.0,0.0,0.0,0.0,-0.0,0.0,0.0,0.0,0.0,0.0,0.0,0.0,0.0,95.0,83.0,93.0,39.0,18.0,7.0,12.0,54.0,15.0,0.0,0.0
69.933,52,112986.0,600.0,88.0,600.0,623.0,0.0,1.0,0.0,0.0,0.5,0.021,0.5,0.518,0.508,0.035,0.508,0.533,0.0,0.0,-1.75,-5.32,-0.09,0.0,0.0,0.0,0.0,0.0,0.0,0.0,0.0,1.0,0.0,0.0,0.0,0.0,-0.0,0.0,0.0,0.0,0.0,0.0,0.0,0.0,0.0,95.0,83.0,93.0,39.0,18.0,7.0,12.0,54.0,15.0,0.0,0.0
70.001,52,113038.0,600.0,88.0,600.0,623.0,0.0,1.0,0.0,0.0,0.5,0.021,0.5,0.518,0.508,0.035,0.508,0.533,0.0,0.0,-1.74,-5.32,-0.09,0.0,0.0,0.0,0.0,0.0,0.0,0.0,0.0,1.0,0.0,0.0,0.0,0.0,0.0,0.0,0.0,0.0,0.0,0.0,0.0,0.0,0.0,95.0,83.0,93.0,39.0,18.0,7.0,12.0,54.0,15.0,0.0,0.0
70.035,52,113090.0,600.0,88.0,600.0,624.0,0.0,1.0,0.0,0.0,0.5,0.021,0.5,0.519,0.508,0.036,0.508,0.534,0.0,0.0,-1.74,-5.32,-0.09,0.0,0.0,0.0,0.0,0.0,0.0,0.0,0.0,1.0,0.0,0.0,0.0,0.0,0.0,0.0,0.0,0.0,0.0,0.0,0.0,0.0,0.0,95.0,83.0,93.0,39.0,18.0,7.0,12.0,54.0,15.0,0.0,1.0
70.1,52,113142.0,600.0,88.0,600.0,624.0,0.0,1.0,0.0,0.0,0.5,0.021,0.5,0.519,0.508,0.036,0.508,0.534,0.0,0.0,-1.74,-5.32,-0.09,0.0,0.0,0.0,0.0,0.0,0.0,0.0,0.0,1.0,0.0,0.0,0.0,0.0,0.0,0.0,0.0,0.0,0.0,0.0,0.0,0.0,0.0,95.0,83.0,93.0,39.0,18.0,7.0,12.0,54.0,15.0,0.0,0.0
70.165,52,113194.0,600.0,87.0,600.0,624.0,0.0,1.0,0.0,0.0,0.5,0.021,0.5,0.519,0.508,0.036,0.508,0.534,0.0,0.0,-1.74,-5.32,-0.09,0.0,0.0,0.0,0.0,0.0,0.0,0.0,0.0,1.0,1.0,0.0,0.0,0.0,0.0,0.0,0.0,0.0,0.0,0.0,0.0,0.0,0.0,95.0,83.0,93.0,39.0,18.0,7.0,12.0,54.0,15.0,0.0,0.0
70.197,52,113246.0,600.0,87.0,600.0,624.0,0.0,1.0,0.0,0.0,0.5,0.021,0.5,0.519,0.508,0.036,0.508,0.534,0.0,0.0,-1.74,-5.32,-0.09,0.0,0.0,0.0,0.0,0.0,0.0,0.0,0.0,1.0,1.0,0.0,0.0,0.0,-0.0,0.0,0.0,0.0,0.0,0.0,0.0,0.0,0.0,95.0,83.0,93.0,39.0,18.0,7.0,12.0,54.0,15.0,0.0,0.0
70.262,52,113298.0,600.0,87.0,600.0,622.0,0.0,1.0,0.0,0.0,0.5,0.021,0.5,0.518,0.508,0.036,0.508,0.533,0.0,0.0,-1.74,-5.32,-0.09,0.0,0.0,0.0,0.0,0.0,0.0,0.0,0.0,1.0,1.0,0.0,0.0,0.0,0.0,0.0,0.0,0.0,0.0,0.0,0.0,0.0,0.0,95.0,83.0,93.0,39.0,18.0,7.0,12.0,54.0,15.0,0.0,0.0
70.295,52,113350.0,600.0,87.0,600.0,622.0,0.0,1.0,0.0,0.0,0.5,0.021,0.5,0.518,0.508,0.036,0.508,0.533,0.0,0.0,-1.74,-5.32,-0.09,0.0,0.0,0.0,0.0,0.0,0.0,0.0,0.0,1.0,1.0,0.0,0.0,0.0,0.0,0.0,0.0,0.0,0.0,0.0,0.0,0.0,0.0,95.0,83.0,93.0,39.0,18.0,7.0,12.0,54.0,15.0,0.0,0.0
70.361,52,113402.0,600.0,87.0,600.0,622.0,0.0,1.0,0.0,0.0,0.5,0.021,0.5,0.518,0.508,0.036,0.508,0.533,0.0,0.0,-1.75,-5.33,-0.09,0.0,0.0,0.0,0.0,0.0,0.0,0.0,0.0,1.0,1.0,0.0,0.0,0.0,0.0,0.0,0.0,0.0,0.0,0.0,0.0,0.0,0.0,95.0,83.0,93.0,39.0,18.0,7.0,12.0,54.0,15.0,0.0,1.0
70.394,52,113454.0,600.0,87.0,600.0,622.0,0.0,1.0,0.0,0.0,0.5,0.021,0.5,0.518,0.508,0.036,0.508,0.533,0.0,0.0,-1.75,-5.33,-0.09,0.0,0.0,0.0,0.0,0.0,0.0,0.0,0.0,1.0,1.0,0.0,0.0,0.0,0.0,0.0,0.0,0.0,0.0,0.0,0.0,0.0,0.0,95.0,83.0,93.0,39.0,18.0,7.0,12.0,54.0,15.0,0.0,0.0
70.46,52,113506.0,600.0,87.0,600.0,620.0,0.0,1.0,0.0,0.0,0.5,0.021,0.5,0.517,0.508,0.035,0.508,0.532,0.0,0.0,-1.75,-5.33,-0.09,0.0,0.0,0.0,0.0,0.0,0.0,0.0,0.0,1.0,1.0,0.0,0.0,0.0,0.0,0.0,0.0,0.0,0.0,0.0,0.0,0.0,0.0,95.0,83.0,93.0,39.0,18.0,7.0,12.0,54.0,15.0,0.0,0.0
70.525,52,113558.0,600.0,87.0,600.0,620.0,0.0,1.0,0.0,0.0,0.5,0.021,0.5,0.517,0.508,0.035,0.508,0.532,0.0,0.0,-1.75,-5.33,-0.09,0.0,0.0,0.0,0.0,0.0,0.0,0.0,0.0,1.0,1.0,0.0,0.0,0.0,-0.0,0.0,0.0,0.0,0.0,0.0,0.0,0.0,0.0,95.0,83.0,93.0,39.0,18.0,7.0,12.0,54.0,15.0,0.0,1.0
70.558,52,113610.0,600.0,88.0,600.0,620.0,0.0,1.0,0.0,0.0,0.5,0.021,0.5,0.517,0.508,0.035,0.508,0.532,0.0,0.0,-1.75,-5.33,-0.09,0.0,0.0,0.0,0.0,0.0,0.0,0.0,0.0,1.0,1.0,0.0,0.0,0.0,-0.0,0.0,0.0,0.0,0.0,0.0,0.0,0.0,0.0,95.0,83.0,93.0,39.0,18.0,7.0,12.0,54.0,15.0,0.0,0.0
70.624,53,113663.0,600.0,88.0,600.0,620.0,0.0,1.0,0.0,0.0,0.5,0.021,0.5,0.517,0.508,0.035,0.508,0.532,0.0,0.0,-1.76,-5.33,-0.08,0.0,0.0,0.0,0.0,0.0,0.0,0.0,0.0,1.0,1.0,0.0,0.0,0.0,0.0,0.0,0.0,0.0,0.0,0.0,0.0,0.0,0.0,95.0,83.0,93.0,39.0,18.0,7.0,12.0,54.0,15.0,0.0,1.0
70.657,52,113715.0,600.0,88.0,600.0,619.0,0.0,1.0,0.0,0.0,0.5,0.021,0.5,0.516,0.508,0.036,0.508,0.531,0.0,0.0,-1.76,-5.33,-0.08,0.0,0.0,0.0,0.0,0.0,0.0,0.0,0.0,1.0,1.0,0.0,0.0,0.0,-0.0,0.0,0.0,0.0,0.0,0.0,0.0,0.0,0.0,95.0,83.0,93.0,39.0,18.0,7.0,12.0,54.0,15.0,0.0,1.0
70.722,53,113768.0,600.0,88.0,600.0,619.0,0.0,1.0,0.0,0.0,0.5,0.021,0.5,0.516,0.508,0.036,0.508,0.531,0.0,0.0,-1.76,-5.33,-0.08,0.0,0.0,0.0,0.0,0.0,0.0,0.0,0.0,1.0,1.0,0.0,0.0,0.0,0.0,0.0,0.0,0.0,0.0,0.0,0.0,0.0,0.0,95.0,83.0,93.0,39.0,18.0,7.0,12.0,54.0,15.0,0.0,0.0
70.788,52,113820.0,600.0,89.0,600.0,619.0,0.0,1.0,0.0,0.0,0.5,0.021,0.5,0.516,0.508,0.036,0.508,0.531,0.0,0.0,-1.76,-5.32,-0.09,0.0,0.0,0.0,0.0,0.0,0.0,0.0,0.0,1.0,1.0,0.0,0.0,0.0,0.0,0.0,0.0,0.0,0.0,0.0,0.0,0.0,0.0,95.0,83.0,93.0,39.0,18.0,7.0,12.0,54.0,15.0,0.0,0.0
70.821,52,113872.0,600.0,89.0,600.0,619.0,0.0,1.0,0.0,0.0,0.5,0.021,0.5,0.516,0.508,0.036,0.508,0.531,0.0,0.0,-1.76,-5.32,-0.09,0.0,0.0,0.0,0.0,0.0,0.0,0.0,0.0,1.0,1.0,0.0,0.0,0.0,-0.0,0.0,0.0,0.0,0.0,0.0,0.0,0.0,0.0,95.0,83.0,93.0,39.0,18.0,7.0,12.0,54.0,15.0,0.0,0.0
70.884,52,113924.0,600.0,89.0,600.0,618.0,0.0,1.0,0.0,0.0,0.5,0.021,0.5,0.515,0.508,0.036,0.508,0.53,0.0,0.0,-1.77,-5.32,-0.08,0.0,0.0,0.0,0.0,0.0,0.0,0.0,0.0,1.0,1.0,0.0,0.0,0.0,-0.0,0.0,0.0,0.0,0.0,0.0,0.0,0.0,0.0,95.0,83.0,93.0,39.0,18.0,7.0,12.0,54.0,15.0,0.0,0.0
70.916,52,113976.0,600.0,89.0,600.0,618.0,0.0,1.0,0.0,0.0,0.5,0.021,0.5,0.515,0.508,0.036,0.508,0.53,0.0,0.0,-1.77,-5.32,-0.08,0.0,0.0,0.0,0.0,0.0,0.0,0.0,0.0,1.0,1.0,0.0,0.0,0.0,0.0,0.0,0.0,0.0,0.0,0.0,0.0,0.0,0.0,95.0,83.0,93.0,39.0,18.0,7.0,12.0,54.0,15.0,0.0,0.0
70.981,51,114027.0,600.0,87.0,600.0,618.0,0.0,1.0,0.0,0.0,0.5,0.021,0.5,0.515,0.508,0.036,0.508,0.53,0.0,0.0,-1.77,-5.32,-0.08,0.0,0.0,0.0,0.0,0.0,0.0,0.0,0.0,1.0,1.0,0.0,0.0,0.0,-0.0,0.0,0.0,0.0,0.0,0.0,0.0,0.0,0.0,95.0,83.0,93.0,39.0,18.0,7.0,12.0,54.0,15.0,0.0,1.0
71.047,53,114080.0,600.0,87.0,600.0,618.0,0.0,1.0,0.0,0.0,0.5,0.021,0.5,0.515,0.508,0.036,0.508,0.53,0.0,0.0,-1.77,-5.32,-0.08,0.0,0.0,0.0,0.0,0.0,0.0,0.0,0.0,1.0,1.0,0.0,0.0,0.0,0.0,0.0,0.0,0.0,0.0,0.0,0.0,0.0,0.0,95.0,83.0,93.0,39.0,18.0,7.0,12.0,54.0,15.0,0.0,0.0
71.079,52,114132.0,600.0,87.0,600.0,618.0,0.0,1.0,0.0,0.0,0.5,0.021,0.5,0.515,0.508,0.036,0.508,0.53,0.0,0.0,-1.78,-5.32,-0.08,0.0,0.0,0.0,0.0,0.0,0.0,0.0,0.0,1.0,1.0,0.0,0.0,0.0,0.0,0.0,0.0,0.0,0.0,0.0,0.0,0.0,0.0,95.0,83.0,93.0,39.0,18.0,7.0,12.0,54.0,15.0,0.0,0.0
71.145,53,114185.0,600.0,87.0,600.0,618.0,0.0,1.0,0.0,0.0,0.5,0.021,0.5,0.515,0.508,0.036,0.508,0.53,0.0,0.0,-1.78,-5.32,-0.08,0.0,0.0,0.0,0.0,0.0,0.0,0.0,0.0,1.0,1.0,0.0,0.0,0.0,0.0,0.0,0.0,0.0,0.0,0.0,0.0,0.0,0.0,95.0,83.0,93.0,39.0,18.0,7.0,12.0,54.0,15.0,0.0,0.0
71.177,52,114237.0,600.0,87.0,600.0,618.0,0.0,1.0,0.0,0.0,0.5,0.021,0.5,0.515,0.508,0.036,0.508,0.53,0.0,0.0,-1.78,-5.32,-0.08,0.0,0.0,0.0,0.0,0.0,0.0,0.0,0.0,1.0,1.0,0.0,0.0,0.0,-0.0,0.0,0.0,0.0,0.0,0.0,0.0,0.0,0.0,95.0,83.0,93.0,39.0,18.0,7.0,12.0,54.0,15.0,0.0,1.0
71.249,52,114289.0,600.0,87.0,600.0,618.0,0.0,1.0,0.0,0.0,0.5,0.021,0.5,0.515,0.508,0.036,0.508,0.53,0.0,0.0,-1.77,-5.32,-0.08,0.0,0.0,0.0,0.0,0.0,0.0,0.0,0.0,1.0,1.0,0.0,0.0,0.0,-0.0,0.0,0.0,0.0,0.0,0.0,0.0,0.0,0.0,95.0,83.0,93.0,39.0,18.0,7.0,12.0,54.0,15.0,0.0,0.0
71.281,52,114341.0,600.0,87.0,600.0,621.0,0.0,1.0,0.0,0.0,0.5,0.021,0.5,0.516,0.508,0.035,0.508,0.531,0.0,0.0,-1.77,-5.32,-0.08,0.0,0.0,0.0,0.0,0.0,0.0,0.0,0.0,1.0,1.0,0.0,0.0,0.0,-0.0,0.0,0.0,0.0,0.0,0.0,0.0,0.0,0.0,95.0,83.0,93.0,39.0,18.0,7.0,12.0,54.0,15.0,0.0,0.0
71.35,52,114393.0,600.0,87.0,600.0,621.0,0.0,1.0,0.0,0.0,0.5,0.021,0.5,0.516,0.508,0.035,0.508,0.531,0.0,0.0,-1.77,-5.32,-0.08,0.0,0.0,0.0,0.0,0.0,0.0,0.0,0.0,1.0,1.0,0.0,0.0,0.0,-0.0,0.0,0.0,0.0,0.0,0.0,0.0,0.0,0.0,95.0,83.0,93.0,39.0,18.0,7.0,12.0,54.0,15.0,0.0,0.0
71.417,53,114446.0,600.0,86.0,600.0,621.0,0.0,1.0,0.0,0.0,0.5,0.021,0.5,0.516,0.508,0.035,0.508,0.531,0.0,0.0,-1.77,-5.32,-0.08,0.0,0.0,0.0,0.0,0.0,0.0,0.0,0.0,1.0,1.0,0.0,0.0,0.0,0.0,0.0,0.0,0.0,0.0,0.0,0.0,0.0,0.0,95.0,83.0,93.0,39.0,18.0,7.0,12.0,54.0,15.0,0.0,0.0
71.449,52,114498.0,600.0,86.0,600.0,621.0,0.0,1.0,0.0,0.0,0.5,0.021,0.5,0.516,0.508,0.035,0.508,0.531,0.0,0.0,-1.77,-5.32,-0.08,0.0,0.0,0.0,0.0,0.0,0.0,0.0,0.0,1.0,1.0,0.0,0.0,0.0,0.0,0.0,0.0,0.0,0.0,0.0,0.0,0.0,0.0,95.0,83.0,93.0,39.0,18.0,7.0,12.0,54.0,15.0,0.0,0.0
71.513,52,114550.0,600.0,86.0,600.0,623.0,0.0,1.0,0.0,0.0,0.5,0.02,0.5,0.518,0.508,0.035,0.508,0.532,0.0,0.0,-1.76,-5.32,-0.09,0.0,0.0,0.0,0.0,0.0,0.0,0.0,0.0,1.0,1.0,0.0,0.0,0.0,-0.0,0.0,0.0,0.0,0.0,0.0,0.0,0.0,0.0,95.0,83.0,93.0,39.0,18.0,7.0,12.0,54.0,15.0,0.0,0.0
71.546,54,114604.0,600.0,86.0,600.0,623.0,0.0,1.0,0.0,0.0,0.5,0.02,0.5,0.518,0.508,0.035,0.508,0.532,0.0,0.0,-1.76,-5.32,-0.09,0.0,0.0,0.0,0.0,2.0,10.0,0.0,0.0,1.0,1.0,0.0,0.0,0.0,0.0,2.6,-2.6,2.6,-2.6,52.0,46.0,51.0,21.0,95.0,83.0,93.0,39.0,18.0,7.0,12.0,54.0,15.0,0.0,0.0
71.617,53,114657.0,600.0,86.0,600.0,623.0,0.0,1.0,0.0,0.0,0.5,0.02,0.5,0.518,0.508,0.035,0.508,0.532,0.0,0.0,-1.76,-5.33,-0.08,-0.26,-0.62,0.0,0.0,2.0,10.0,0.0,0.0,1.0,1.0,0.0,0.0,0.0,-5.1,5.7,-5.7,5.7,-5.7,52.0,46.0,51.0,21.0,95.0,83.0,93.0,39.0,18.0,7.0,12.0,54.0,15.0,0.0,1.0
71.65,52,114709.0,600.0,86.0,600.0,623.0,0.0,1.0,0.0,0.0,0.5,0.02,0.5,0.518,0.508,0.035,0.508,0.532,0.0,0.0,-1.75,-5.35,-0.09,-0.57,-1.53,0.0,0.0,2.0,10.0,0.0,0.0,1.0,1.0,0.0,0.0,-0.0,-5.8,8.9,-8.9,8.9,-8.9,52.0,46.0,51.0,24.0,95.0,83.0,93.0,39.0,18.0,7.0,12.0,54.0,15.0,0.0,1.0
71.716,52,114761.0,600.0,86.0,600.0,623.0,0.0,1.0,0.0,0.0,0.5,0.02,0.5,0.518,0.508,0.035,0.508,0.532,0.0,0.0,-1.73,-5.34,-0.16,-1.09,-1.75,0.0,0.0,2.0,10.0,0.0,0.0,1.0,1.0,0.1,0.0,-1.2,-9.4,11.6,-11.6,11.6,-11.6,52.0,46.0,51.0,30.0,95.0,83.0,93.0,39.0,18.0,7.0,12.0,54.0,15.0,0.0,0.0
71.783,52,114813.0,600.0,86.0,600.0,623.0,0.0,1.0,0.0,0.0,0.5,0.02,0.5,0.518,0.508,0.035,0.508,0.532,0.0,0.0,-1.74,-5.34,-0.27,-1.67,-3.0,0.0,0.0,2.0,10.0,0.0,0.0,1.0,1.0,0.1,-0.1,-1.5,-9.7,13.3,-13.3,13.3,-13.3,52.0,46.0,51.0,41.0,95.0,83.0,93.0,39.0,18.0,7.0,12.0,54.0,15.0,0.0,0.0
71.824,52,114865.0,600.0,86.0,600.0,623.0,0.0,1.0,0.0,0.0,0.5,0.02,0.5,0.518,0.508,0.035,0.508,0.532,0.0,0.0,-1.72,-5.34,-0.39,-2.45,-4.35,0.0,0.0,2.0,10.0,0.0,0.0,1.0,1.0,0.1,-0.0,-1.2,-7.3,17.0,-17.0,17.0,-17.0,95.0,83.0,93.0,51.0,95.0,83.0,93.0,39.0,18.0,7.0,12.0,54.0,15.0,0.0,0.0
71.89,52,114917.0,600.0,86.0,600.0,623.0,0.0,1.0,0.0,0.0,0.5,0.02,0.5,0.518,0.508,0.035,0.508,0.532,0.0,0.0,-1.73,-5.34,-0.39,-3.38,-5.7,0.0,0.0,2.0,10.0,0.0,0.0,1.0,1.0,0.1,0.0,-1.0,-6.1,20.6,-20.6,20.6,-20.6,97.0,85.0,95.0,57.0,95.0,83.0,93.0,39.0,18.0,7.0,12.0,54.0,15.0,0.0,0.0
71.922,52,114969.0,600.0,86.0,600.0,623.0,0.0,1.0,0.0,0.0,0.5,0.02,0.5,0.518,0.508,0.035,0.508,0.532,0.0,0.0,-1.8,-5.3,-0.48,-4.42,-7.0,0.0,0.0,2.0,10.0,0.0,0.0,1.0,1.0,0.1,-0.9,-0.8,-9.2,24.2,-24.2,24.2,-24.2,101.0,89.0,99.0,66.0,95.0,83.0,93.0,39.0,18.0,7.0,12.0,54.0,15.0,0.0,0.0
71.988,52,115021.0,600.0,86.0,600.0,623.0,0.0,1.0,0.0,0.0,0.5,0.02,0.5,0.518,0.508,0.035,0.508,0.532,0.0,0.0,-1.88,-5.22,-0.81,-5.67,-8.38,0.0,0.0,2.0,10.0,0.0,0.0,1.0,1.0,4.1,7.1,-0.6,-21.5,27.9,-27.9,27.9,-27.9,105.0,93.0,103.0,78.0,95.0,83.0,93.0,45.0,18.0,7.0,12.0,54.0,15.0,0.0,0.0
72.025,52,115073.0,600.0,86.0,600.0,623.0,0.0,1.0,0.0,0.0,0.5,0.02,0.5,0.518,0.508,0.035,0.508,0.532,0.0,0.0,-1.75,-5.1,-2.5,-6.96,-8.12,0.0,0.0,2.0,10.0,0.0,0.0,1.0,1.0,14.5,12.6,-1.9,-25.7,29.9,-29.9,29.9,-29.9,71.0,70.0,107.0,84.0,107.0,93.0,93.0,45.0,50.0,11.0,16.0,67.0,15.0,0.0,0.0
72.089,52,115125.0,600.0,86.0,600.0,623.0,0.0,1.0,0.0,0.0,0.5,0.02,0.5,0.518,0.508,0.035,0.508,0.532,0.0,0.0,-1.53,-5.14,-3.79,-8.45,-6.79,0.0,0.0,2.0,10.0,0.0,0.0,1.0,1.0,21.8,16.0,-6.9,-25.6,30.8,-30.8,30.8,-30.8,76.0,92.0,111.0,89.0,107.0,93.0,93.0,45.0,50.0,11.0,16.0,67.0,15.0,0.0,0.0
72.12,52,115177.0,600.0,86.0,600.0,623.0,0.0,1.0,0.0,0.0,0.5,0.02,0.5,0.518,0.508,0.035,0.508,0.532,0.0,0.0,-1.44,-5.12,-6.46,-10.18,-5.39,0.0,0.0,2.0,10.0,0.0,0.0,1.0,1.0,27.4,21.8,-10.6,-31.5,31.8,-31.8,31.8,-31.8,79.0,118.0,112.0,91.0,107.0,93.0,113.0,45.0,50.0,11.0,16.0,67.0,15.0,0.0,0.0
72.186,53,115230.0,600.0,86.0,600.0,623.0,0.0,1.0,0.0,0.0,0.5,0.02,0.5,0.518,0.508,0.035,0.508,0.532,0.0,0.0,-0.96,-4.96,-8.42,-11.93,-4.09,0.0,0.0,2.0,10.0,0.0,0.0,1.0,1.0,32.3,25.9,-14.7,-37.2,32.8,-32.8,32.8,-32.8,81.0,145.0,135.0,90.0,107.0,93.0,113.0,45.0,50.0,11.0,16.0,67.0,15.0,0.0,0.0
72.252,52,115282.0,600.0,86.0,600.0,623.0,0.0,1.0,0.0,0.0,0.5,0.02,0.5,0.518,0.508,0.035,0.508,0.532,0.0,0.0,-1.05,-5.08,-11.58,-13.86,-2.72,0.0,0.0,2.0,10.0,0.0,0.0,1.0,1.0,32.2,29.8,-21.3,-39.1,31.9,-31.9,31.9,-31.9,79.0,171.0,157.0,85.0,107.0,93.0,113.0,45.0,50.0,11.0,16.0,67.0,15.0,0.0,0.0
72.284,52,115334.0,600.0,86.0,600.0,623.0,0.0,1.0,0.0,0.0,0.5,0.02,0.5,0.518,0.508,0.035,0.508,0.532,0.0,0.0,-1.03,-5.04,-15.08,-15.75,-1.37,0.0,0.0,2.0,10.0,0.0,0.0,1.0,1.0,32.6,33.2,-26.2,-42.6,30.6,-30.6,30.6,-30.6,75.0,197.0,179.0,75.0,107.0,93.0,113.0,45.0,50.0,11.0,16.0,67.0,15.0,0.0,0.0
72.349,52,115386.0,600.0,86.0,600.0,623.0,0.0,1.0,0.0,0.0,0.5,0.02,0.5,0.518,0.508,0.035,0.508,0.532,0.0,0.0,-0.8,-4.88,-16.92,-17.57,-0.07,0.0,0.0,2.0,10.0,0.0,0.0,1.0,1.0,34.9,39.4,-27.9,-49.8,29.3,-29.3,29.3,-29.3,69.0,225.0,199.0,63.0,107.0,93.0,113.0,45.0,50.0,11.0,16.0,67.0,15.0,0.0,0.0
72.383,52,115438.0,600.0,86.0,600.0,623.0,0.0,1.0,0.0,0.0,0.5,0.02,0.5,0.518,0.508,0.035,0.508,0.532,0.0,0.0,-0.68,-4.89,-20.47,-19.46,1.28,0.0,0.0,2.0,10.0,0.0,0.0,1.0,1.0,33.9,45.7,-31.9,-75.2,27.9,-27.9,27.9,-27.9,63.0,255.0,221.0,36.0,107.0,93.0,113.0,45.0,50.0,11.0,16.0,67.0,15.0,0.0,0.0
72.456,53,115491.0,600.0,86.0,600.0,623.0,0.0,1.0,0.0,0.0,0.5,0.02,0.5,0.518,0.508,0.035,0.508,0.532,0.0,0.0,-0.88,-4.85,-21.97,-20.37,1.93,0.0,0.0,2.0,10.0,0.0,0.0,1.0,1.0,32.1,52.1,-34.1,-101.7,26.6,-26.6,26.6,-26.6,58.0,255.0,244.0,13.0,107.0,93.0,113.0,45.0,50.0,11.0,16.0,67.0,15.0,0.0,0.0
72.489,52,115543.0,600.0,86.0,600.0,623.0,0.0,1.0,0.0,0.0,0.5,0.02,0.5,0.518,0.508,0.035,0.508,0.532,0.0,0.0,-0.53,-4.87,-25.96,-22.26,3.28,0.0,0.0,2.0,10.0,0.0,0.0,1.0,1.0,30.3,62.3,-29.0,-111.6,25.3,-25.3,25.3,-25.3,56.0,255.0,255.0,6.0,107.0,93.0,113.0,45.0,50.0,11.0,16.0,67.0,15.0,0.0,0.0
72.556,52,115595.0,600.0,86.0,600.0,623.0,0.0,1.0,0.0,0.0,0.5,0.02,0.5,0.518,0.508,0.035,0.508,0.532,0.0,0.0,-0.61,-4.69,-27.81,-24.15,4.63,0.0,0.0,2.0,10.0,0.0,0.0,1.0,1.0,30.5,71.2,-23.4,-132.5,23.9,-23.9,23.9,-23.9,53.0,255.0,255.0,0.0,107.0,93.0,113.0,45.0,17.0,23.0,50.0,62.0,15.0,0.0,0.0
72.589,52,115647.0,600.0,86.0,600.0,623.0,0.0,1.0,0.0,0.0,0.5,0.02,0.5,0.518,0.508,0.035,0.508,0.532,0.0,0.0,-0.67,-4.45,-29.04,-25.97,5.93,0.0,0.0,2.0,10.0,0.0,0.0,1.0,1.0,27.1,80.5,-16.9,-176.6,22.6,-22.6,22.6,-22.6,50.0,255.0,255.0,0.0,107.0,93.0,113.0,45.0,17.0,23.0,50.0,62.0,15.0,0.0,0.0
72.657,52,115699.0,600.0,86.0,600.0,623.0,0.0,1.0,0.0,0.0,0.5,0.02,0.5,0.518,0.508,0.035,0.508,0.532,0.0,0.0,-0.68,-4.62,-30.01,-27.86,7.28,0.0,0.0,2.0,10.0,0.0,0.0,1.0,1.0,24.1,88.3,-12.0,-171.7,21.3,-21.3,21.3,-21.3,48.0,255.0,255.0,0.0,107.0,93.0,113.0,45.0,17.0,23.0,50.0,62.0,15.0,0.0,0.0
72.723,53,115752.0,600.0,86.0,600.0,623.0,0.0,1.0,0.0,0.0,0.5,0.02,0.5,0.518,0.508,0.035,0.508,0.532,0.0,0.0,-1.08,-4.61,-30.28,-29.78,7.66,0.0,0.0,2.0,10.0,0.0,0.0,1.0,1.0,21.9,104.3,-8.8,-200.8,20.9,-20.9,20.9,-20.9,47.0,255.0,255.0,0.0,107.0,93.0,113.0,45.0,17.0,23.0,50.0,62.0,15.0,0.0,0.0
72.756,52,115804.0,600.0,86.0,600.0,623.0,0.0,1.0,0.0,0.0,0.5,0.02,0.5,0.518,0.508,0.035,0.508,0.532,0.0,0.0,-0.42,-4.38,-31.01,-31.6,8.3,0.0,0.0,2.0,10.0,0.0,0.0,1.0,1.0,21.5,101.1,-6.8,-213.2,21.6,-21.6,21.6,-21.6,58.0,255.0,255.0,0.0,107.0,93.0,113.0,45.0,17.0,23.0,50.0,62.0,15.0,0.0,0.0
72.823,52,115856.0,600.0,86.0,600.0,623.0,0.0,1.0,0.0,0.0,0.5,0.02,0.5,0.518,0.508,0.035,0.508,0.532,0.0,0.0,-0.49,-4.47,-31.82,-33.49,6.95,0.0,0.0,2.0,10.0,0.0,0.0,1.0,1.0,21.0,106.2,-5.0,-250.8,21.6,-21.6,21.6,-21.6,58.0,255.0,255.0,0.0,107.0,93.0,113.0,45.0,17.0,23.0,50.0,62.0,15.0,0.0,1.0
72.856,52,115908.0,600.0,86.0,600.0,623.0,0.0,1.0,0.0,0.0,0.5,0.02,0.5,0.518,0.508,0.035,0.508,0.532,0.0,0.0,0.2,-4.5,-33.77,-35.42,8.33,0.0,0.0,2.0,10.0,0.0,0.0,1.0,1.0,22.3,107.5,-4.9,-244.3,20.9,-20.9,20.9,-20.9,47.0,255.0,255.0,0.0,107.0,93.0,113.0,45.0,17.0,23.0,50.0,62.0,15.0,0.0,0.0
72.924,52,115960.0,600.0,86.0,600.0,623.0,0.0,1.0,0.0,0.0,0.5,0.02,0.5,0.518,0.508,0.035,0.508,0.532,0.0,0.0,-0.32,-4.36,-34.31,-37.24,7.03,0.0,0.0,2.0,10.0,0.0,0.0,1.0,1.0,22.5,112.3,-3.5,-225.6,22.2,-22.2,22.2,-22.2,50.0,255.0,255.0,0.0,107.0,93.0,113.0,45.0,17.0,23.0,50.0,62.0,15.0,0.0,0.0
72.957,52,116012.0,600.0,86.0,600.0,623.0,0.0,1.0,0.0,0.0,0.5,0.02,0.5,0.518,0.508,0.035,0.508,0.532,0.0,0.0,-0.41,-4.42,-35.62,-39.2,5.63,0.0,0.0,2.0,10.0,0.0,0.0,1.0,1.0,29.1,115.0,-2.6,-237.2,23.6,-23.6,23.6,-23.6,52.0,255.0,255.0,0.0,107.0,93.0,113.0,45.0,17.0,23.0,50.0,62.0,15.0,0.0,0.0
73.024,52,116064.0,600.0,86.0,600.0,623.0,0.0,1.0,0.0,0.0,0.5,0.02,0.5,0.518,0.508,0.035,0.508,0.532,0.0,0.0,-0.1,-4.46,-36.6,-41.02,4.33,0.0,0.0,2.0,10.0,0.0,0.0,1.0,1.0,28.1,117.3,-2.6,-237.8,24.9,-24.9,24.9,-24.9,55.0,255.0,255.0,0.0,107.0,93.0,113.0,45.0,51.0,22.0,5.0,128.0,15.0,0.0,0.0
73.057,52,116116.0,600.0,86.0,600.0,623.0,0.0,1.0,0.0,0.0,0.5,0.02,0.5,0.518,0.508,0.035,0.508,0.532,0.0,0.0,0.05,-4.31,-37.69,-42.84,3.03,0.0,0.0,2.0,10.0,0.0,0.0,1.0,1.0,31.4,117.6,-2.8,-279.9,26.2,-26.2,26.2,-26.2,58.0,255.0,255.0,0.0,107.0,93.0,113.0,45.0,51.0,22.0,5.0,128.0,15.0,0.0,0.0
73.124,52,116168.0,600.0,86.0,600.0,623.0,0.0,1.0,0.0,0.0,0.5,0.02,0.5,0.518,0.508,0.035,0.508,0.532,0.0,0.0,-0.13,-4.5,-38.79,-44.73,1.68,0.0,0.0,2.0,10.0,0.0,0.0,1.0,1.0,31.6,115.5,-2.1,-258.2,27.5,-27.5,27.5,-27.5,60.0,255.0,255.0,0.0,107.0,93.0,113.0,45.0,51.0,22.0,5.0,128.0,15.0,0.0,0.0
73.19,52,116220.0,600.0,86.0,600.0,623.0,0.0,1.0,0.0,0.0,0.5,0.02,0.5,0.518,0.508,0.035,0.508,0.532,0.0,0.0,-0.52,-4.37,-40.17,-46.62,0.33,0.0,0.0,2.0,10.0,0.0,0.0,1.0,1.0,32.7,115.0,-1.5,-263.1,28.9,-28.9,28.9,-28.9,61.0,255.0,255.0,0.0,107.0,93.0,113.0,45.0,51.0,22.0,5.0,128.0,15.0,0.0,0.0
73.223,53,116273.0,600.0,86.0,600.0,623.0,0.0,1.0,0.0,0.0,0.5,0.02,0.5,0.518,0.508,0.035,0.508,0.532,0.0,0.0,-0.03,-4.41,-40.89,-48.44,-0.97,0.0,0.0,2.0,10.0,0.0,0.0,1.0,1.0,32.7,121.6,0.3,-245.4,30.2,-30.2,30.2,-30.2,63.0,255.0,255.0,0.0,107.0,93.0,113.0,45.0,51.0,22.0,5.0,128.0,15.0,0.0,0.0
73.288,52,116325.0,600.0,86.0,600.0,623.0,0.0,1.0,0.0,0.0,0.5,0.02,0.5,0.518,0.508,0.035,0.508,0.532,0.0,0.0,-0.45,-4.58,-42.15,-50.36,-2.35,0.0,0.0,2.0,10.0,0.0,0.0,1.0,1.0,33.5,117.9,0.9,-273.2,31.6,-31.6,31.6,-31.6,65.0,255.0,255.0,0.0,107.0,93.0,113.0,45.0,51.0,22.0,5.0,128.0,15.0,0.0,0.0
73.319,52,116377.0,600.0,86.0,600.0,623.0,0.0,1.0,0.0,0.0,0.5,0.02,0.5,0.518,0.508,0.035,0.508,0.532,0.0,0.0,-0.3,-4.48,-44.5,-52.25,-3.7,0.0,0.0,2.0,10.0,0.0,0.0,1.0,1.0,31.7,116.9,-0.5,-269.0,32.9,-32.9,32.9,-32.9,69.0,255.0,255.0,0.0,107.0,93.0,113.0,45.0,51.0,22.0,5.0,128.0,15.0,0.0,0.0
73.384,52,116429.0,600.0,86.0,600.0,623.0,0.0,1.0,0.0,0.0,0.5,0.02,0.5,0.518,0.508,0.035,0.508,0.532,0.0,0.0,-0.36,-4.36,-45.71,-54.04,-4.97,0.0,0.0,2.0,10.0,0.0,0.0,1.0,1.0,33.3,116.7,0.3,-230.8,34.2,-34.2,34.2,-34.2,72.0,255.0,255.0,2.0,107.0,93.0,113.0,45.0,51.0,22.0,5.0,128.0,15.0,0.0,0.0
73.457,52,116481.0,600.0,86.0,600.0,623.0,0.0,1.0,0.0,0.0,0.5,0.02,0.5,0.518,0.508,0.035,0.508,0.532,0.0,0.0,-0.86,-4.45,-47.45,-55.96,-6.35,0.0,0.0,2.0,10.0,0.0,0.0,1.0,1.0,31.5,115.8,1.1,-243.3,35.6,-35.6,35.6,-35.6,77.0,255.0,255.0,3.0,107.0,93.0,113.0,45.0,51.0,22.0,5.0,128.0,15.0,0.0,0.0
73.489,52,116533.0,600.0,86.0,600.0,623.0,0.0,1.0,0.0,0.0,0.5,0.02,0.5,0.518,0.508,0.035,0.508,0.532,0.0,0.0,0.39,-4.14,-48.43,-56.84,-5.72,0.0,0.0,2.0,10.0,0.0,0.0,1.0,1.0,35.0,113.6,0.3,-224.0,34.3,-34.3,34.3,-34.3,73.0,255.0,255.0,4.0,107.0,93.0,113.0,45.0,51.0,22.0,5.0,128.0,15.0,0.0,0.0
73.555,52,116585.0,600.0,86.0,600.0,623.0,0.0,1.0,0.0,0.0,0.5,0.02,0.5,0.518,0.508,0.035,0.508,0.532,0.0,0.0,0.04,-4.14,-52.34,-59.57,-3.77,0.0,0.0,2.0,10.0,0.0,0.0,1.0,1.0,37.4,113.5,-0.7,-191.5,33.0,-33.0,33.0,-33.0,68.0,255.0,255.0,8.0,107.0,93.0,113.0,45.0,21.0,22.0,6.0,41.0,15.0,0.0,0.0
73.587,52,116637.0,600.0,86.0,600.0,623.0,0.0,1.0,0.0,0.0,0.5,0.02,0.5,0.518,0.508,0.035,0.508,0.532,0.0,0.0,-0.52,-4.25,-53.85,-61.32,-2.52,0.0,0.0,2.0,10.0,0.0,0.0,1.0,1.0,36.4,112.8,0.3,-226.0,31.7,-31.7,31.7,-31.7,64.0,255.0,255.0,0.0,107.0,93.0,113.0,45.0,21.0,22.0,6.0,41.0,15.0,0.0,0.0
73.651,52,116689.0,600.0,86.0,600.0,623.0,0.0,1.0,0.0,0.0,0.5,0.02,0.5,0.518,0.508,0.035,0.508,0.532,0.0,0.0,-0.44,-4.23,-56.43,-63.17,-1.2,0.0,0.0,2.0,10.0,0.0,0.0,1.0,1.0,38.9,111.4,0.3,-219.0,30.4,-30.4,30.4,-30.4,57.0,255.0,255.0,0.0,107.0,93.0,113.0,45.0,21.0,22.0,6.0,41.0,15.0,0.0,0.0
73.683,52,116741.0,600.0,86.0,600.0,623.0,0.0,1.0,0.0,0.0,0.5,0.02,0.5,0.518,0.508,0.035,0.508,0.532,0.0,0.0,0.13,-4.04,-57.39,-64.05,-0.57,0.0,0.0,2.0,10.0,0.0,0.0,1.0,1.0,37.3,110.3,0.2,-195.0,29.2,0.0,29.2,-29.2,55.0,0.0,255.0,0.0,107.0,93.0,113.0,45.0,21.0,22.0,6.0,41.0,15.0,2.0,1.0
73.749,52,116793.0,600.0,86.0,600.0,623.0,0.0,1.0,0.0,0.0,0.5,0.02,0.5,0.518,0.508,0.035,0.508,0.532,0.0,0.0,-0.28,-3.95,-59.53,-66.67,-0.81,0.0,0.0,2.0,10.0,0.0,0.0,1.0,1.0,38.6,112.7,-0.1,-169.3,30.0,0.0,30.0,-30.0,56.0,0.0,255.0,5.0,107.0,93.0,113.0,45.0,21.0,22.0,6.0,41.0,15.0,2.0,0.0
73.821,52,116845.0,600.0,86.0,600.0,623.0,0.0,1.0,0.0,0.0,0.5,0.02,0.5,0.518,0.508,0.035,0.508,0.532,0.0,0.0,0.23,-3.95,-61.46,-68.49,-2.11,0.0,0.0,2.0,10.0,0.0,0.0,1.0,1.0,38.1,112.4,-0.4,-130.7,31.3,0.0,31.3,-31.3,60.0,0.0,255.0,19.0,107.0,93.0,113.0,45.0,21.0,22.0,6.0,41.0,15.0,2.0,0.0
73.853,52,116897.0,600.0,86.0,600.0,623.0,0.0,1.0,0.0,0.0,0.5,0.02,0.5,0.518,0.508,0.035,0.508,0.532,0.0,0.0,-0.05,-3.89,-62.68,-70.26,-3.41,0.0,0.0,2.0,10.0,0.0,0.0,1.0,1.0,41.5,110.9,-0.4,-96.9,31.4,0.0,31.4,-31.4,57.0,0.0,255.0,27.0,107.0,93.0,113.0,45.0,21.0,22.0,6.0,41.0,15.0,2.0,0.0
73.92,52,116949.0,600.0,86.0,600.0,623.0,0.0,1.0,0.0,0.0,0.5,0.02,0.5,0.518,0.508,0.035,0.508,0.532,0.0,0.0,-0.08,-3.95,-64.11,-72.02,-4.76,0.0,0.0,2.0,10.0,0.0,0.0,1.0,1.0,42.4,111.7,-0.1,-70.2,31.8,0.0,31.8,-31.8,58.0,0.0,255.0,25.0,107.0,93.0,113.0,45.0,21.0,22.0,6.0,41.0,15.0,2.0,0.0
73.952,52,117001.0,600.0,86.0,600.0,623.0,0.0,1.0,0.0,0.0,0.5,0.02,0.5,0.518,0.508,0.035,0.508,0.532,0.0,0.0,-0.1,-3.81,-65.39,-73.63,-6.06,0.0,0.0,2.0,10.0,0.0,0.0,1.0,1.0,42.5,110.4,-0.4,-48.1,31.6,0.0,31.6,-31.6,57.0,0.0,255.0,24.0,107.0,93.0,113.0,45.0,21.0,22.0,6.0,41.0,15.0,2.0,0.0
74.021,52,117053.0,600.0,86.0,600.0,623.0,0.0,1.0,0.0,0.0,0.5,0.02,0.5,0.518,0.508,0.035,0.508,0.532,0.0,0.0,-0.17,-3.75,-67.88,-75.19,-4.71,0.0,0.0,2.0,10.0,0.0,0.0,1.0,1.0,42.3,109.5,-0.4,-31.5,28.3,0.0,28.3,-28.3,50.0,0.0,255.0,19.0,107.0,93.0,113.0,45.0,21.0,21.0,6.0,41.0,15.0,2.0,0.0
74.053,53,117106.0,600.0,86.0,600.0,623.0,0.0,1.0,0.0,0.0,0.5,0.02,0.5,0.518,0.508,0.035,0.508,0.532,0.0,0.0,-0.21,-3.73,-69.88,-76.61,-3.36,0.0,0.0,2.0,10.0,0.0,0.0,1.0,1.0,41.6,107.5,-0.2,-21.2,24.9,0.0,24.9,-24.9,42.0,0.0,255.0,25.0,107.0,93.0,113.0,45.0,21.0,21.0,6.0,36.0,15.0,2.0,0.0
74.119,52,117158.0,600.0,86.0,600.0,623.0,0.0,1.0,0.0,0.0,0.5,0.02,0.5,0.518,0.508,0.035,0.508,0.532,0.0,0.0,-0.01,-3.65,-71.2,-77.91,-2.06,0.0,0.0,2.0,10.0,0.0,0.0,1.0,1.0,40.1,106.1,0.4,-13.8,22.9,0.0,22.9,-22.9,37.0,0.0,255.0,25.0,107.0,93.0,113.0,45.0,21.0,21.0,6.0,36.0,15.0,2.0,0.0
74.152,52,117210.0,600.0,86.0,600.0,623.0,0.0,1.0,0.0,0.0,0.5,0.02,0.5,0.518,0.508,0.035,0.508,0.532,0.0,0.0,0.14,-3.69,-72.58,-78.61,-1.36,0.0,0.0,2.0,10.0,0.0,0.0,1.0,1.0,39.4,107.7,0.2,-6.1,22.9,0.0,22.9,-22.9,37.0,0.0,255.0,47.0,107.0,93.0,113.0,45.0,21.0,21.0,6.0,36.0,15.0,2.0,0.0
74.218,53,117263.0,600.0,86.0,600.0,623.0,0.0,1.0,0.0,0.0,0.5,0.02,0.5,0.518,0.508,0.035,0.508,0.532,0.0,0.0,0.06,-3.79,-73.37,-79.91,-2.66,0.0,0.0,2.0,10.0,0.0,0.0,1.0,1.0,35.9,109.8,1.2,-2.0,24.2,0.0,24.2,-24.2,41.0,0.0,255.0,51.0,107.0,93.0,113.0,45.0,21.0,21.0,6.0,36.0,15.0,2.0,0.0
74.283,52,117315.0,600.0,86.0,600.0,623.0,0.0,1.0,0.0,0.0,0.5,0.02,0.5,0.518,0.508,0.035,0.508,0.532,0.0,0.0,-0.17,-3.71,-74.18,-81.26,-4.01,0.0,0.0,2.0,10.0,0.0,0.0,1.0,1.0,32.1,112.9,1.0,-1.1,25.5,0.0,25.5,-25.5,45.0,0.0,255.0,55.0,107.0,93.0,113.0,45.0,21.0,21.0,6.0,36.0,15.0,2.0,0.0
74.315,52,117367.0,600.0,86.0,600.0,623.0,0.0,1.0,0.0,0.0,0.5,0.02,0.5,0.518,0.508,0.035,0.508,0.532,0.0,0.0,-0.04,-3.76,-75.1,-82.61,-5.36,0.0,0.0,2.0,10.0,0.0,0.0,1.0,1.0,29.5,117.7,-0.4,-1.1,26.9,0.0,26.9,-26.9,49.0,0.0,255.0,59.0,107.0,93.0,113.0,45.0,21.0,21.0,6.0,36.0,15.0,2.0,0.0
74.38,52,117419.0,600.0,86.0,600.0,623.0,0.0,1.0,0.0,0.0,0.5,0.02,0.5,0.518,0.508,0.035,0.508,0.532,0.0,0.0,0.06,-3.61,-76.03,-83.91,-6.66,0.0,0.0,2.0,10.0,0.0,0.0,1.0,1.0,27.5,118.3,-0.9,-0.0,28.3,0.0,28.3,-28.3,59.0,0.0,255.0,63.0,107.0,93.0,113.0,45.0,21.0,21.0,6.0,36.0,15.0,2.0,0.0
74.413,52,117471.0,600.0,86.0,600.0,623.0,0.0,1.0,0.0,0.0,0.5,0.02,0.5,0.518,0.508,0.035,0.508,0.532,0.0,0.0,-0.07,-3.74,-77.43,-85.29,-8.04,0.0,0.0,2.0,10.0,0.0,0.0,1.0,1.0,27.1,116.4,-2.7,1.2,29.6,0.0,29.6,-29.6,59.0,0.0,255.0,67.0,107.0,93.0,113.0,45.0,21.0,21.0,6.0,36.0,15.0,2.0,0.0
74.479,52,117523.0,600.0,86.0,600.0,623.0,0.0,1.0,0.0,0.0,0.5,0.02,0.5,0.518,0.508,0.035,0.508,0.532,0.0,0.0,-0.05,-3.69,-78.96,-86.66,-9.41,0.0,0.0,2.0,10.0,0.0,0.0,1.0,1.0,25.3,122.2,-5.5,1.1,30.9,0.0,30.9,-30.9,63.0,0.0,255.0,71.0,107.0,93.0,113.0,45.0,21.0,21.0,6.0,36.0,15.0,2.0,0.0
74.545,52,117575.0,600.0,86.0,600.0,623.0,0.0,1.0,0.0,0.0,0.5,0.02,0.5,0.518,0.508,0.035,0.508,0.532,0.0,0.0,-0.01,-3.7,-79.98,-87.94,-10.69,0.0,0.0,2.0,10.0,0.0,0.0,1.0,1.0,24.0,123.1,-6.3,0.9,31.6,0.0,31.6,-31.6,67.0,0.0,255.0,73.0,107.0,93.0,113.0,45.0,35.0,23.0,4.0,42.0,15.0,2.0,0.0
74.578,52,117627.0,600.0,86.0,600.0,623.0,0.0,1.0,0.0,0.0,0.5,0.02,0.5,0.518,0.508,0.035,0.508,0.532,0.0,0.0,0.01,-3.54,-81.67,-89.31,-9.31,0.0,0.0,2.0,10.0,0.0,0.0,1.0,1.0,24.5,127.2,-9.3,0.7,30.2,0.0,30.2,-30.2,64.0,0.0,255.0,79.0,107.0,93.0,111.0,45.0,35.0,23.0,4.0,42.0,15.0,2.0,0.0
74.653,52,117679.0,600.0,86.0,600.0,623.0,0.0,1.0,0.0,0.0,0.5,0.02,0.5,0.518,0.508,0.035,0.508,0.532,0.0,0.0,-0.02,-3.56,-83.22,-90.56,-8.06,0.0,0.0,2.0,10.0,0.0,0.0,1.0,1.0,27.2,128.8,-12.7,-0.2,28.9,0.0,28.9,-28.9,63.0,0.0,255.0,81.0,107.0,93.0,111.0,45.0,35.0,23.0,4.0,42.0,15.0,2.0,0.0
74.686,53,117732.0,600.0,86.0,600.0,623.0,0.0,1.0,0.0,0.0,0.5,0.02,0.5,0.518,0.508,0.035,0.508,0.532,0.0,0.0,-0.01,-3.61,-85.57,-91.94,-6.69,0.0,0.0,2.0,10.0,0.0,0.0,1.0,1.0,28.7,128.5,-16.4,-0.6,27.6,0.0,27.6,-27.6,59.0,0.0,255.0,85.0,107.0,93.0,111.0,45.0,35.0,23.0,4.0,42.0,15.0,2.0,0.0
74.752,52,117784.0,600.0,86.0,600.0,623.0,0.0,1.0,0.0,0.0,0.5,0.02,0.5,0.518,0.508,0.035,0.508,0.532,0.0,0.0,-0.15,-3.49,-87.89,-92.59,0.0,0.0,0.0,2.0,10.0,0.0,0.0,1.0,1.0,31.6,128.6,-18.9,-1.8,0.0,0.0,0.0,0.0,0.0,0.0,0.0,0.0,107.0,93.0,111.0,45.0,35.0,23.0,4.0,42.0,15.0,2.0,0.0
74.784,52,117836.0,600.0,86.0,600.0,623.0,0.0,1.0,0.0,0.0,0.5,0.02,0.5,0.518,0.508,0.035,0.508,0.532,0.0,0.0,0.19,-3.42,-89.42,-92.59,0.0,0.0,0.0,2.0,10.0,0.0,0.0,1.0,1.0,33.5,123.4,-18.1,3.5,0.0,0.0,0.0,0.0,0.0,0.0,0.0,0.0,107.0,93.0,111.0,45.0,35.0,23.0,4.0,42.0,15.0,2.0,0.0
74.851,52,117888.0,600.0,86.0,600.0,623.0,0.0,1.0,0.0,0.0,0.5,0.02,0.5,0.518,0.508,0.035,0.508,0.532,0.0,0.0,0.14,-3.5,-90.52,-92.59,0.0,0.0,0.0,2.0,10.0,0.0,0.0,1.0,1.0,30.7,106.3,-13.8,3.3,0.0,0.0,0.0,0.0,0.0,0.0,0.0,0.0,107.0,93.0,111.0,45.0,35.0,23.0,4.0,42.0,15.0,2.0,0.0
75.351,521,118409.0,600.0,86.0,600.0,623.0,0.0,1.0,0.0,0.0,0.5,0.02,0.5,0.518,0.508,0.035,0.508,0.532,0.0,0.0,-0.01,-3.71,-90.81,-90.81,0.0,0.0,0.0,0.0,0.0,7.0,0.73,1.0,1.0,5.4,17.9,-2.3,0.5,0.0,0.0,0.0,0.0,0.0,0.0,0.0,0.0,107.0,93.0,111.0,45.0,59.0,14.0,10.0,34.0,15.0,2.0,0.0
75.458,106,118515.0,600.0,91.0,669.0,623.0,0.0,1.0,0.0,0.0,0.5,0.02,0.5,0.518,0.508,0.035,0.508,0.532,0.0,0.0,-0.61,-4.3,-90.78,-90.81,0.0,0.0,0.0,0.0,0.0,9.0,0.73,1.0,1.0,4.2,13.9,-1.8,0.4,0.0,0.0,0.0,0.0,0.0,0.0,0.0,0.0,107.0,93.0,111.0,45.0,59.0,14.0,10.0,34.0,15.0,2.0,0.0
75.49,35,118550.0,600.0,91.0,669.0,600.0,0.0,1.0,0.0,0.0,0.5,0.021,0.529,0.508,0.508,0.036,0.532,0.525,0.0,0.0,-0.83,-4.52,-90.76,-90.81,0.0,0.0,0.0,0.0,0.0,0.0,0.73,1.0,1.0,3.2,11.0,-1.4,0.3,0.0,0.0,0.0,0.0,0.0,0.0,0.0,0.0,107.0,93.0,111.0,45.0,59.0,14.0,10.0,34.0,15.0,2.0,0.0
75.622,100,118650.0,600.0,90.0,669.0,600.0,0.0,1.0,0.0,0.0,0.5,0.021,0.529,0.508,0.508,0.036,0.532,0.525,0.0,0.0,-0.95,-4.64,-90.75,-90.81,0.0,0.0,0.0,0.0,0.0,0.0,0.73,1.0,1.0,2.2,7.0,-0.9,0.2,0.0,0.0,0.0,0.0,0.0,0.0,0.0,0.0,107.0,93.0,111.0,45.0,59.0,14.0,10.0,34.0,15.0,2.0,1.0
75.655,53,118703.0,600.0,90.0,668.0,600.0,0.0,1.0,0.0,0.0,0.5,0.021,0.529,0.508,0.508,0.036,0.532,0.525,0.0,0.0,-0.97,-4.67,-90.75,-90.81,0.0,0.0,0.0,0.0,0.0,0.0,0.73,1.0,1.0,1.9,6.2,-0.8,0.2,0.0,0.0,0.0,0.0,0.0,0.0,0.0,0.0,107.0,93.0,111.0,45.0,59.0,14.0,10.0,34.0,15.0,2.0,0.0
75.688,35,118738.0,600.0,90.0,668.0,600.0,0.0,1.0,0.0,0.0,0.5,0.022,0.542,0.504,0.508,0.037,0.548,0.52,0.0,0.0,-1.0,-4.7,-90.75,-90.81,0.0,0.0,0.0,0.0,0.0,0.0,0.73,1.0,1.0,1.7,5.4,-0.7,0.2,0.0,0.0,0.0,0.0,0.0,0.0,0.0,0.0,107.0,93.0,111.0,45.0,59.0,14.0,10.0,34.0,15.0,2.0,0.0
75.785,96,118834.0,600.0,90.0,668.0,600.0,0.0,1.0,0.0,0.0,0.5,0.022,0.542,0.504,0.508,0.037,0.548,0.52,0.0,0.0,-1.05,-4.77,-90.74,-90.81,0.0,0.0,0.0,0.0,0.0,0.0,0.73,1.0,1.0,1.5,4.8,-0.6,0.2,0.0,0.0,0.0,0.0,0.0,0.0,0.0,0.0,107.0,93.0,111.0,45.0,59.0,14.0,10.0,34.0,15.0,2.0,0.0
75.86,54,118888.0,600.0,90.0,666.0,600.0,0.0,1.0,0.0,0.0,0.5,0.022,0.542,0.504,0.508,0.037,0.548,0.52,0.0,0.0,-1.11,-4.84,-90.74,-90.81,0.0,0.0,0.0,0.0,0.0,0.0,0.73,1.0,1.0,1.2,3.5,-0.5,0.1,0.0,0.0,0.0,0.0,0.0,0.0,0.0,0.0,107.0,93.0,111.0,45.0,59.0,14.0,10.0,34.0,15.0,2.0,1.0
75.893,52,118940.0,600.0,90.0,666.0,600.0,0.0,1.0,0.0,0.0,0.5,0.022,0.547,0.502,0.508,0.037,0.554,0.517,0.0,0.0,-1.11,-4.85,-90.74,-90.81,0.0,0.0,0.0,0.0,0.0,0.0,0.73,1.0,1.0,1.0,3.1,-0.4,0.1,0.0,0.0,0.0,0.0,0.0,0.0,0.0,0.0,107.0,93.0,111.0,45.0,59.0,14.0,10.0,34.0,15.0,2.0,1.0
75.958,52,118992.0,600.0,90.0,666.0,600.0,0.0,1.0,0.0,0.0,0.5,0.022,0.547,0.502,0.508,0.037,0.554,0.517,0.0,0.0,-1.14,-4.87,-90.74,-90.81,0.0,0.0,0.0,0.0,0.0,0.0,0.73,1.0,1.0,0.9,2.7,-0.4,0.1,0.0,0.0,0.0,0.0,0.0,0.0,0.0,0.0,107.0,93.0,111.0,45.0,59.0,14.0,10.0,34.0,15.0,2.0,0.0
75.991,51,119043.0,600.0,89.0,666.0,600.0,0.0,1.0,0.0,0.0,0.5,0.022,0.547,0.502,0.508,0.037,0.554,0.517,0.0,0.0,-1.17,-4.91,-90.74,-90.81,0.0,0.0,0.0,0.0,0.0,0.0,0.73,1.0,1.0,0.8,2.4,-0.3,0.1,0.0,0.0,0.0,0.0,0.0,0.0,0.0,0.0,107.0,93.0,111.0,45.0,59.0,14.0,10.0,34.0,15.0,2.0,0.0
76.057,53,119096.0,600.0,89.0,665.0,600.0,0.0,1.0,0.0,0.0,0.5,0.022,0.547,0.502,0.508,0.037,0.554,0.517,0.0,0.0,-1.19,-4.93,-90.74,-90.81,0.0,0.0,0.0,0.0,0.0,0.0,0.73,1.0,1.0,0.7,2.1,-0.3,0.1,0.0,0.0,0.0,0.0,0.0,0.0,0.0,0.0,107.0,93.0,111.0,45.0,59.0,14.0,10.0,34.0,15.0,2.0,0.0
76.089,52,119148.0,600.0,89.0,665.0,600.0,0.0,1.0,0.0,0.0,0.5,0.022,0.549,0.501,0.508,0.037,0.557,0.516,0.0,0.0,-1.22,-4.96,-90.73,-90.81,0.0,0.0,0.0,0.0,0.0,0.0,0.73,1.0,1.0,0.6,1.8,-0.3,0.1,0.0,0.0,0.0,0.0,0.0,0.0,0.0,0.0,107.0,93.0,111.0,45.0,59.0,14.0,10.0,34.0,15.0,2.0,0.0
76.152,52,119200.0,600.0,89.0,665.0,600.0,0.0,1.0,0.0,0.0,0.5,0.022,0.549,0.501,0.508,0.037,0.557,0.516,0.0,0.0,-1.24,-4.98,-90.73,-90.81,0.0,0.0,0.0,0.0,0.0,0.0,0.73,1.0,1.0,0.5,1.6,-0.2,0.1,0.0,0.0,0.0,0.0,0.0,0.0,0.0,0.0,107.0,93.0,111.0,45.0,59.0,14.0,10.0,34.0,15.0,2.0,0.0
76.216,52,119252.0,600.0,89.0,665.0,600.0,0.0,1.0,0.0,0.0,0.5,0.022,0.549,0.501,0.508,0.037,0.557,0.516,0.0,0.0,-1.26,-5.0,-90.73,-90.81,0.0,0.0,0.0,0.0,0.0,0.0,0.73,1.0,1.0,0.5,1.4,-0.2,0.0,0.0,0.0,0.0,0.0,0.0,0.0,0.0,0.0,107.0,93.0,111.0,45.0,59.0,14.0,10.0,34.0,15.0,2.0,1.0
76.247,52,119304.0,600.0,89.0,664.0,600.0,0.0,1.0,0.0,0.0,0.5,0.022,0.549,0.501,0.508,0.037,0.557,0.516,0.0,0.0,-1.27,-5.02,-90.73,-90.73,0.0,0.0,0.0,0.0,0.0,0.0,0.73,1.0,1.0,0.4,1.3,-0.2,0.0,0.0,0.0,0.0,0.0,0.0,0.0,0.0,0.0,107.0,93.0,111.0,45.0,59.0,14.0,10.0,34.0,15.0,2.0,0.0
76.31,52,119356.0,600.0,89.0,664.0,600.0,0.0,1.0,0.0,0.0,0.5,0.022,0.55,0.5,0.508,0.037,0.558,0.516,0.0,0.0,-1.29,-5.04,-90.72,-90.73,0.0,0.0,0.0,0.0,0.0,0.0,0.73,1.0,1.0,0.4,1.3,-0.2,0.0,0.0,0.0,0.0,0.0,0.0,0.0,0.0,0.0,107.0,93.0,111.0,45.0,59.0,14.0,10.0,34.0,15.0,2.0,0.0
76.375,52,119408.0,600.0,89.0,664.0,600.0,0.0,1.0,0.0,0.0,0.5,0.022,0.55,0.5,0.508,0.037,0.558,0.516,0.0,0.0,-1.32,-5.09,-90.72,-90.73,0.0,0.0,0.0,0.0,0.0,0.0,0.73,1.0,1.0,0.3,1.0,-0.1,0.0,0.0,0.0,0.0,0.0,0.0,0.0,0.0,0.0,107.0,93.0,111.0,45.0,59.0,14.0,10.0,34.0,15.0,2.0,0.0
76.409,52,119460.0,600.0,88.0,664.0,600.0,0.0,1.0,0.0,0.0,0.5,0.022,0.55,0.5,0.508,0.037,0.558,0.516,0.0,0.0,-1.32,-5.09,-90.72,-90.73,0.0,0.0,0.0,0.0,0.0,0.0,0.73,1.0,1.0,0.3,0.8,-0.1,0.0,0.0,0.0,0.0,0.0,0.0,0.0,0.0,0.0,107.0,93.0,111.0,45.0,59.0,14.0,10.0,34.0,15.0,2.0,1.0
76.476,52,119512.0,600.0,88.0,663.0,600.0,0.0,1.0,0.0,0.0,0.5,0.022,0.55,0.5,0.508,0.037,0.558,0.516,0.0,0.0,-1.33,-5.1,-90.72,-90.73,0.0,0.0,0.0,0.0,0.0,0.0,0.73,1.0,1.0,0.2,0.7,-0.1,0.0,0.0,0.0,0.0,0.0,0.0,0.0,0.0,0.0,107.0,93.0,111.0,45.0,59.0,14.0,10.0,34.0,15.0,2.0,1.0
76.508,35,119547.0,600.0,88.0,663.0,600.0,0.0,1.0,0.0,0.0,0.5,0.021,0.55,0.5,0.508,0.037,0.558,0.516,0.0,0.0,-1.35,-5.12,-90.72,-90.73,0.0,0.0,0.0,0.0,0.0,0.0,0.73,1.0,1.0,0.2,0.7,-0.1,0.0,0.0,0.0,0.0,0.0,0.0,0.0,0.0,0.0,107.0,93.0,111.0,45.0,59.0,14.0,10.0,34.0,15.0,2.0,0.0
76.61,97,119644.0,600.0,88.0,663.0,600.0,0.0,1.0,0.0,0.0,0.5,0.021,0.55,0.5,0.508,0.037,0.558,0.516,0.0,0.0,-1.37,-5.14,-90.71,-90.73,0.0,0.0,0.0,0.0,0.0,0.0,0.73,1.0,1.0,0.2,0.6,-0.1,0.0,0.0,0.0,0.0,0.0,0.0,0.0,0.0,0.0,107.0,93.0,111.0,45.0,59.0,14.0,10.0,34.0,15.0,2.0,0.0
76.642,54,119698.0,600.0,88.0,665.0,600.0,0.0,1.0,0.0,0.0,0.5,0.021,0.55,0.5,0.508,0.037,0.558,0.516,0.0,0.0,-1.38,-5.16,-90.71,-90.73,0.0,0.0,0.0,2.0,11.0,0.0,0.73,1.0,1.0,0.2,0.5,-0.1,0.0,0.0,0.0,0.0,2.8,59.0,0.0,61.0,25.0,107.0,93.0,111.0,45.0,59.0,14.0,10.0,34.0,15.0,2.0,0.0
76.707,53,119751.0,600.0,88.0,665.0,600.0,0.0,1.0,0.0,0.0,0.5,0.021,0.55,0.5,0.508,0.037,0.558,0.516,0.0,0.0,-1.41,-5.19,-90.71,-90.47,0.88,0.0,0.0,2.0,11.0,0.0,0.73,1.0,1.0,-0.0,0.3,-0.0,0.0,-5.9,0.0,-5.9,5.9,59.0,0.0,61.0,25.0,107.0,93.0,111.0,45.0,59.0,14.0,10.0,34.0,15.0,2.0,0.0
76.772,52,119803.0,600.0,88.0,665.0,600.0,0.0,1.0,0.0,0.0,0.5,0.021,0.55,0.5,0.508,0.037,0.558,0.516,0.0,0.0,-1.42,-5.2,-90.71,-90.16,1.98,0.0,0.0,2.0,11.0,0.0,0.73,1.0,1.0,-0.0,0.3,-0.0,0.0,-7.6,0.0,-7.6,7.6,59.0,0.0,61.0,25.0,107.0,93.0,111.0,45.0,59.0,14.0,10.0,34.0,15.0,2.0,0.0
76.805,53,119856.0,600.0,88.0,665.0,600.0,0.0,1.0,0.0,0.0,0.5,0.021,0.55,0.5,0.508,0.037,0.558,0.516,0.0,0.0,-1.43,-5.22,-90.71,-89.71,3.28,0.0,0.0,2.0,11.0,0.0,0.73,1.0,1.0,-0.0,0.2,-0.0,0.0,-12.9,0.0,-12.9,12.9,59.0,0.0,61.0,37.0,107.0,93.0,111.0,45.0,59.0,14.0,10.0,34.0,15.0,2.0,0.0
76.871,52,119908.0,600.0,88.0,665.0,600.0,0.0,1.0,0.0,0.0,0.5,0.021,0.55,0.5,0.508,0.037,0.558,0.516,0.0,0.0,-1.44,-5.23,-90.71,-89.12,4.56,0.0,0.0,2.0,11.0,0.0,0.73,1.0,1.0,-0.0,0.2,-0.0,0.0,-16.7,0.0,-16.7,16.7,59.0,0.0,61.0,47.0,107.0,93.0,111.0,45.0,59.0,14.0,10.0,34.0,15.0,2.0,0.0
76.904,52,119960.0,600.0,88.0,665.0,600.0,0.0,1.0,0.0,0.0,0.5,0.021,0.55,0.5,0.508,0.037,0.558,0.516,0.0,0.0,-1.45,-5.24,-90.71,-88.33,5.96,0.0,0.0,2.0,11.0,0.0,0.73,1.0,1.0,-0.1,0.1,-0.0,0.0,-20.1,0.0,-20.1,20.1,109.0,0.0,113.0,57.0,107.0,93.0,111.0,45.0,59.0,14.0,10.0,34.0,15.0,2.0,0.0
76.967,52,120012.0,600.0,88.0,665.0,600.0,0.0,1.0,0.0,0.0,0.5,0.021,0.55,0.5,0.508,0.037,0.558,0.516,0.0,0.0,-1.44,-5.25,-90.7,-87.48,7.21,0.0,0.0,2.0,11.0,0.0,0.73,1.0,1.0,-4.7,-4.4,-0.2,-0.3,-23.6,0.0,-23.6,23.6,113.0,0.0,117.0,67.0,107.0,93.0,111.0,45.0,59.0,14.0,10.0,34.0,15.0,2.0,0.0
77.031,52,120064.0,600.0,88.0,665.0,600.0,0.0,1.0,0.0,0.0,0.5,0.021,0.55,0.5,0.508,0.037,0.558,0.516,0.0,0.0,-1.29,-5.37,-90.25,-86.47,8.32,0.0,0.0,2.0,11.0,0.0,0.73,1.0,1.0,-13.1,-12.3,-0.1,-0.5,-25.7,0.0,-25.7,25.7,63.0,0.0,121.0,73.0,115.0,93.0,111.0,45.0,59.0,14.0,10.0,34.0,15.0,2.0,0.0
77.063,53,120117.0,600.0,88.0,665.0,600.0,0.0,1.0,0.0,0.0,0.5,0.021,0.55,0.5,0.508,0.037,0.558,0.516,0.0,0.0,-1.67,-5.35,-88.96,-85.24,6.94,0.0,0.0,2.0,11.0,0.0,0.73,1.0,1.0,-18.9,-22.8,2.3,-5.4,-26.7,0.0,-26.7,26.7,66.0,0.0,125.0,77.0,115.0,93.0,111.0,45.0,33.0,8.0,8.0,34.0,15.0,2.0,0.0
77.128,52,120169.0,600.0,88.0,665.0,600.0,0.0,1.0,0.0,0.0,0.5,0.021,0.55,0.5,0.508,0.037,0.558,0.516,0.0,0.0,-1.82,-5.31,-87.81,-83.93,5.64,0.0,0.0,2.0,11.0,0.0,0.73,1.0,1.0,-23.8,-28.0,4.1,1.6,-27.1,0.0,-27.1,27.1,66.0,0.0,127.0,76.0,115.0,93.0,111.0,45.0,33.0,8.0,8.0,34.0,15.0,2.0,0.0
77.161,52,120221.0,600.0,88.0,665.0,600.0,0.0,1.0,0.0,0.0,0.5,0.021,0.55,0.5,0.508,0.037,0.558,0.516,0.0,0.0,-1.8,-5.34,-85.54,-82.4,4.27,0.0,0.0,2.0,11.0,0.0,0.73,1.0,1.0,-26.3,-34.1,7.0,1.3,-28.1,0.0,-28.1,28.1,69.0,0.0,131.0,79.0,115.0,93.0,111.0,45.0,33.0,8.0,8.0,34.0,15.0,2.0,0.0
77.227,52,120273.0,600.0,88.0,665.0,600.0,0.0,1.0,0.0,0.0,0.5,0.021,0.55,0.5,0.508,0.037,0.558,0.516,0.0,0.0,-1.92,-5.31,-83.54,-80.75,2.92,0.0,0.0,2.0,11.0,0.0,0.73,1.0,1.0,-26.0,-39.0,10.8,1.0,-29.1,0.0,-29.1,29.1,72.0,0.0,102.0,82.0,115.0,93.0,133.0,45.0,33.0,8.0,8.0,34.0,15.0,2.0,0.0
77.293,52,120325.0,600.0,88.0,665.0,600.0,0.0,1.0,0.0,0.0,0.5,0.021,0.55,0.5,0.508,0.037,0.558,0.516,0.0,0.0,-2.01,-5.47,-82.2,-79.01,1.62,0.0,0.0,2.0,11.0,0.0,0.73,1.0,1.0,-26.3,-41.5,14.0,0.9,-30.0,0.0,-30.0,30.0,76.0,0.0,124.0,85.0,115.0,93.0,133.0,45.0,33.0,8.0,8.0,34.0,15.0,2.0,0.0
77.326,52,120377.0,600.0,88.0,665.0,600.0,0.0,1.0,0.0,0.0,0.5,0.021,0.55,0.5,0.508,0.037,0.558,0.516,0.0,0.0,-2.06,-5.4,-80.27,-76.98,0.22,0.0,0.0,2.0,11.0,0.0,0.73,1.0,1.0,-25.4,-44.4,14.7,0.6,-31.0,0.0,-31.0,31.0,81.0,0.0,148.0,88.0,115.0,93.0,133.0,45.0,33.0,8.0,8.0,34.0,15.0,2.0,0.0
77.392,52,120429.0,600.0,88.0,665.0,600.0,0.0,1.0,0.0,0.0,0.5,0.021,0.55,0.5,0.508,0.037,0.558,0.516,0.0,0.0,-2.06,-5.34,-78.06,-75.04,-1.03,0.0,0.0,2.0,11.0,0.0,0.73,1.0,1.0,-25.6,-49.8,17.5,0.5,-31.9,0.0,-31.9,31.9,86.0,0.0,171.0,90.0,115.0,93.0,133.0,45.0,33.0,8.0,8.0,34.0,15.0,2.0,0.0
77.424,52,120481.0,600.0,88.0,665.0,600.0,0.0,1.0,0.0,0.0,0.5,0.021,0.55,0.5,0.508,0.037,0.558,0.516,0.0,0.0,-2.25,-5.31,-76.27,-72.93,-2.31,0.0,0.0,2.0,11.0,0.0,0.73,1.0,1.0,-26.0,-55.3,20.7,0.5,-32.9,0.0,-32.9,32.9,90.0,0.0,196.0,93.0,115.0,93.0,133.0,45.0,33.0,8.0,8.0,34.0,15.0,2.0,0.0
77.488,52,120533.0,600.0,88.0,665.0,600.0,0.0,1.0,0.0,0.0,0.5,0.021,0.55,0.5,0.508,0.037,0.558,0.516,0.0,0.0,-2.38,-5.44,-73.49,-70.68,-3.58,0.0,0.0,2.0,11.0,0.0,0.73,1.0,1.0,-27.5,-62.5,23.6,0.4,-33.8,0.0,-33.8,33.8,95.0,0.0,222.0,96.0,115.0,93.0,133.0,45.0,33.0,8.0,8.0,34.0,15.0,2.0,0.0
77.554,52,120585.0,600.0,88.0,665.0,600.0,0.0,1.0,0.0,0.0,0.5,0.021,0.55,0.5,0.508,0.037,0.558,0.516,0.0,0.0,-2.35,-5.26,-70.38,-68.2,-4.91,0.0,0.0,2.0,11.0,0.0,0.73,1.0,1.0,-31.7,-71.6,23.4,-0.5,-34.7,0.0,-34.7,34.7,98.0,0.0,250.0,98.0,115.0,93.0,133.0,45.0,33.0,8.0,8.0,34.0,15.0,2.0,0.0
77.587,52,120637.0,600.0,88.0,665.0,600.0,0.0,1.0,0.0,0.0,0.5,0.021,0.55,0.5,0.508,0.037,0.558,0.516,0.0,0.0,-2.7,-5.33,-67.2,-65.47,-6.28,0.0,0.0,2.0,11.0,0.0,0.73,1.0,1.0,-35.2,-81.1,24.2,-0.4,-35.7,0.0,-35.7,35.7,100.0,0.0,255.0,101.0,115.0,93.0,133.0,45.0,25.0,20.0,4.0,38.0,15.0,2.0,0.0
77.661,52,120689.0,600.0,88.0,665.0,600.0,0.0,1.0,0.0,0.0,0.5,0.021,0.55,0.5,0.508,0.037,0.558,0.516,0.0,0.0,-2.74,-5.33,-64.96,-62.74,-7.58,0.0,0.0,2.0,11.0,0.0,0.73,1.0,1.0,-41.4,-90.8,26.7,-0.3,-36.7,0.0,-36.7,36.7,99.0,0.0,255.0,104.0,115.0,93.0,133.0,45.0,25.0,20.0,4.0,38.0,15.0,2.0,0.0
77.694,52,120741.0,600.0,88.0,665.0,600.0,0.0,1.0,0.0,0.0,0.5,0.021,0.55,0.5,0.508,0.037,0.558,0.516,0.0,0.0,-2.96,-5.29,-61.04,-59.77,-8.93,0.0,0.0,2.0,11.0,0.0,0.73,1.0,1.0,-48.9,-96.0,29.4,-0.7,-37.6,0.0,-37.6,37.6,96.0,0.0,255.0,107.0,115.0,93.0,133.0,45.0,25.0,20.0,4.0,38.0,15.0,2.0,0.0
77.759,52,120793.0,600.0,88.0,665.0,600.0,0.0,1.0,0.0,0.0,0.5,0.021,0.55,0.5,0.508,0.037,0.558,0.516,0.0,0.0,-3.09,-5.04,-57.21,-56.58,-10.31,0.0,0.0,2.0,11.0,0.0,0.73,1.0,1.0,-53.3,-99.0,31.8,-0.9,-38.6,0.0,-38.6,38.6,91.0,0.0,255.0,110.0,115.0,93.0,133.0,45.0,25.0,20.0,4.0,38.0,15.0,2.0,0.0
77.792,52,120845.0,600.0,88.0,665.0,600.0,0.0,1.0,0.0,0.0,0.5,0.021,0.55,0.5,0.508,0.037,0.558,0.516,0.0,0.0,-3.15,-5.05,-54.63,-53.46,-11.61,0.0,0.0,2.0,11.0,0.0,0.73,1.0,1.0,-53.5,-105.6,35.4,0.3,-38.5,0.0,-38.5,38.5,84.0,0.0,255.0,113.0,115.0,93.0,133.0,45.0,25.0,20.0,4.0,38.0,15.0,2.0,0.0
77.857,52,120897.0,600.0,88.0,665.0,600.0,0.0,1.0,0.0,0.0,0.5,0.021,0.55,0.5,0.508,0.037,0.558,0.516,0.0,0.0,-3.52,-4.98,-50.43,-50.28,-12.93,0.0,0.0,2.0,11.0,0.0,0.73,1.0,1.0,-54.5,-110.4,39.4,-0.6,-37.2,0.0,-37.2,37.2,73.0,0.0,255.0,117.0,115.0,93.0,133.0,45.0,25.0,20.0,4.0,38.0,15.0,2.0,0.0
77.922,53,120950.0,600.0,88.0,665.0,600.0,0.0,1.0,0.0,0.0,0.5,0.021,0.55,0.5,0.508,0.037,0.558,0.516,0.0,0.0,-3.54,-4.86,-49.12,-48.72,-13.0,0.0,0.0,2.0,11.0,0.0,0.73,1.0,1.0,-50.5,-114.0,41.0,-0.2,-37.1,0.0,-37.1,37.1,67.0,0.0,255.0,121.0,115.0,93.0,133.0,45.0,25.0,20.0,4.0,38.0,15.0,2.0,0.0
77.954,52,121002.0,600.0,88.0,665.0,600.0,0.0,1.0,0.0,0.0,0.5,0.021,0.55,0.5,0.508,0.037,0.558,0.516,0.0,0.0,-3.82,-4.86,-45.14,-45.36,-13.0,0.0,0.0,2.0,11.0,0.0,0.73,1.0,1.0,-55.0,-117.5,43.3,0.6,-37.1,0.0,-37.1,37.1,62.0,0.0,255.0,125.0,115.0,93.0,133.0,45.0,25.0,20.0,4.0,38.0,15.0,2.0,0.0
78.02,52,121054.0,600.0,88.0,665.0,600.0,0.0,1.0,0.0,0.0,0.5,0.021,0.55,0.5,0.508,0.037,0.558,0.516,0.0,0.0,-3.82,-4.63,-40.74,-42.12,-13.0,0.0,0.0,2.0,11.0,0.0,0.73,1.0,1.0,-50.9,-119.6,44.6,0.0,-37.1,0.0,-37.1,37.1,63.0,0.0,255.0,129.0,115.0,93.0,133.0,45.0,25.0,20.0,4.0,38.0,15.0,2.0,0.0
78.051,52,121106.0,600.0,88.0,665.0,600.0,0.0,1.0,0.0,0.0,0.5,0.021,0.55,0.5,0.508,0.037,0.558,0.516,0.0,0.0,-3.7,-4.69,-38.38,-39.0,-13.0,0.0,0.0,2.0,11.0,0.0,0.73,1.0,1.0,-48.8,-120.0,46.0,1.1,-37.1,0.0,-37.1,37.1,61.0,0.0,255.0,133.0,115.0,93.0,133.0,45.0,15.0,20.0,16.0,36.0,15.0,2.0,0.0
78.115,52,121158.0,600.0,88.0,665.0,600.0,0.0,1.0,0.0,0.0,0.5,0.021,0.55,0.5,0.508,0.037,0.558,0.516,0.0,0.0,-4.11,-4.51,-34.27,-35.76,-13.0,0.0,0.0,2.0,11.0,0.0,0.73,1.0,1.0,-48.7,-120.9,48.4,0.5,-37.1,0.0,-37.1,37.1,61.0,0.0,255.0,137.0,115.0,93.0,133.0,45.0,15.0,20.0,16.0,36.0,15.0,2.0,0.0
78.179,52,121210.0,600.0,88.0,665.0,600.0,0.0,1.0,0.0,0.0,0.5,0.021,0.55,0.5,0.508,0.037,0.558,0.516,0.0,0.0,-3.99,-4.18,-30.38,-32.4,-13.0,0.0,0.0,2.0,11.0,0.0,0.73,1.0,1.0,-47.3,-122.6,49.3,0.3,-36.5,0.0,-36.5,36.5,60.0,0.0,255.0,141.0,115.0,93.0,133.0,45.0,15.0,20.0,16.0,36.0,15.0,2.0,0.0
78.211,52,121262.0,600.0,88.0,665.0,600.0,0.0,1.0,0.0,0.0,0.5,0.021,0.55,0.5,0.508,0.037,0.558,0.516,0.0,0.0,-4.08,-4.35,-28.1,-29.41,-13.0,0.0,0.0,2.0,11.0,0.0,0.73,1.0,1.0,-46.5,-121.6,52.8,0.6,-34.2,0.0,-34.2,34.2,55.0,0.0,255.0,145.0,115.0,93.0,133.0,45.0,15.0,20.0,16.0,36.0,15.0,2.0,0.0
78.276,52,121314.0,600.0,88.0,665.0,600.0,0.0,1.0,0.0,0.0,0.5,0.021,0.55,0.5,0.508,0.037,0.558,0.516,0.0,0.0,-4.15,-4.07,-24.11,-26.45,-13.0,0.0,0.0,2.0,11.0,0.0,0.73,1.0,1.0,-46.4,-124.0,55.1,0.8,-32.1,0.0,-32.1,32.1,50.0,0.0,255.0,149.0,115.0,93.0,133.0,45.0,15.0,20.0,16.0,36.0,15.0,2.0,0.0
78.309,52,121366.0,600.0,88.0,665.0,600.0,0.0,1.0,0.0,0.0,0.5,0.021,0.55,0.5,0.508,0.037,0.558,0.516,0.0,0.0,-4.19,-4.01,-21.62,-23.78,-13.0,0.0,0.0,2.0,11.0,0.0,0.73,1.0,1.0,-46.3,-125.9,57.8,0.7,-29.7,0.0,-29.7,29.7,44.0,0.0,255.0,153.0,115.0,93.0,133.0,45.0,15.0,20.0,16.0,36.0,15.0,2.0,0.0
78.375,52,121418.0,600.0,88.0,665.0,600.0,0.0,1.0,0.0,0.0,0.5,0.021,0.55,0.5,0.508,0.037,0.558,0.516,0.0,0.0,-4.2,-3.78,-17.82,-21.0,-13.0,0.0,0.0,2.0,11.0,0.0,0.73,1.0,1.0,-43.1,-127.9,59.9,0.5,-27.5,0.0,-27.5,27.5,40.0,0.0,255.0,157.0,115.0,93.0,133.0,45.0,15.0,20.0,16.0,36.0,15.0,2.0,0.0
78.441,52,121470.0,600.0,88.0,665.0,600.0,0.0,1.0,0.0,0.0,0.5,0.021,0.55,0.5,0.508,0.037,0.558,0.516,0.0,0.0,-4.29,-3.81,-14.6,-18.42,-13.0,0.0,0.0,2.0,11.0,0.0,0.73,1.0,1.0,-39.7,-129.8,59.9,-0.2,-26.3,0.0,-26.3,26.3,38.0,0.0,255.0,159.0,115.0,93.0,133.0,45.0,15.0,20.0,16.0,36.0,15.0,2.0,0.0
78.483,52,121522.0,600.0,88.0,665.0,600.0,0.0,1.0,0.0,0.0,0.5,0.021,0.55,0.5,0.508,0.037,0.558,0.516,0.0,0.0,-4.37,-3.61,-12.48,-16.12,-13.0,0.0,0.0,2.0,11.0,0.0,0.73,1.0,1.0,-35.9,-131.7,61.0,-1.9,-24.1,0.0,-24.1,24.1,33.0,0.0,255.0,163.0,115.0,93.0,133.0,45.0,15.0,20.0,16.0,36.0,15.0,2.0,0.0
78.516,53,121575.0,600.0,88.0,665.0,600.0,0.0,1.0,0.0,0.0,0.5,0.021,0.55,0.5,0.508,0.037,0.558,0.516,0.0,0.0,-4.55,-3.55,-8.98,-13.76,-13.0,0.0,0.0,2.0,11.0,0.0,0.73,1.0,1.0,-33.3,-134.2,62.1,-0.5,-21.7,0.0,-21.7,21.7,28.0,0.0,255.0,167.0,115.0,93.0,133.0,45.0,15.0,20.0,16.0,36.0,15.0,2.0,0.0
78.582,52,121627.0,600.0,88.0,665.0,600.0,0.0,1.0,0.0,0.0,0.5,0.021,0.55,0.5,0.508,0.037,0.558,0.516,0.0,0.0,-4.34,-3.35,-5.47,-11.55,-13.0,0.0,0.0,2.0,11.0,0.0,0.73,1.0,1.0,-30.9,-134.7,63.5,-0.0,-19.3,0.0,-19.3,19.3,23.0,0.0,255.0,170.0,115.0,93.0,133.0,45.0,26.0,16.0,6.0,36.0,15.0,2.0,0.0
78.658,52,121679.0,600.0,88.0,665.0,600.0,0.0,1.0,0.0,0.0,0.5,0.021,0.55,0.5,0.508,0.037,0.558,0.516,0.0,0.0,-4.46,-3.36,-1.93,-10.58,0.0,0.0,0.0,2.0,11.0,0.0,0.73,1.0,1.0,-29.1,-132.8,65.4,-0.0,0.0,0.0,0.0,0.0,0.0,0.0,0.0,0.0,115.0,93.0,133.0,45.0,26.0,16.0,6.0,36.0,15.0,2.0,0.0
78.691,52,121731.0,600.0,88.0,665.0,600.0,0.0,1.0,0.0,0.0,0.5,0.021,0.55,0.5,0.508,0.037,0.558,0.516,0.0,0.0,-4.39,-3.1,0.32,-10.58,0.0,0.0,0.0,2.0,11.0,0.0,0.73,1.0,1.0,-24.2,-125.8,65.0,0.1,0.0,0.0,0.0,0.0,0.0,0.0,0.0,0.0,115.0,93.0,133.0,45.0,26.0,16.0,6.0,36.0,15.0,2.0,0.0
78.724,52,121783.0,600.0,88.0,665.0,600.0,0.0,1.0,0.0,0.0,0.5,0.021,0.55,0.5,0.508,0.037,0.558,0.516,0.0,0.0,-4.46,-3.25,2.49,-10.58,0.0,0.0,0.0,2.0,11.0,0.0,0.73,1.0,1.0,-19.8,-109.5,59.7,-0.5,0.0,0.0,0.0,0.0,0.0,0.0,0.0,0.0,115.0,93.0,133.0,45.0,26.0,16.0,6.0,36.0,15.0,2.0,0.0
79.248,521,122304.0,600.0,88.0,665.0,600.0,0.0,1.0,0.0,0.0,0.5,0.021,0.55,0.5,0.508,0.037,0.558,0.516,0.0,0.0,-4.42,-3.36,2.29,2.29,0.0,0.0,0.0,0.0,0.0,7.0,-3.01,1.0,1.0,-3.2,-19.0,10.1,-0.3,0.0,0.0,0.0,0.0,0.0,0.0,0.0,0.0,115.0,93.0,133.0,45.0,30.0,4.0,20.0,28.0,15.0,2.0,0.0
79.379,105,122409.0,600.0,88.0,665.0,759.0,0.0,1.0,0.0,0.0,0.5,0.021,0.551,0.562,0.508,0.037,0.559,0.568,0.0,0.0,-3.61,-3.96,2.3,2.29,0.0,0.0,0.0,0.0,0.0,0.0,-3.01,1.0,1.0,-2.4,-14.7,7.8,-0.2,0.0,0.0,0.0,0.0,0.0,0.0,0.0,0.0,115.0,93.0,133.0,45.0,30.0,4.0,20.0,28.0,15.0,2.0,0.0
79.415,52,122461.0,600.0,85.0,665.0,759.0,0.0,1.0,0.0,0.0,0.5,0.021,0.551,0.562,0.508,0.037,0.559,0.568,0.0,0.0,-3.25,-4.22,2.21,2.29,0.0,0.0,0.0,0.0,0.0,0.0,-3.01,1.0,1.0,-2.1,-12.9,6.8,-0.2,0.0,0.0,0.0,0.0,0.0,0.0,0.0,0.0,115.0,93.0,133.0,45.0,30.0,4.0,20.0,28.0,15.0,2.0,0.0
79.48,52,122513.0,600.0,85.0,600.0,759.0,0.0,1.0,0.0,0.0,0.5,0.021,0.551,0.562,0.508,0.037,0.559,0.568,0.0,0.0,-3.07,-4.34,2.2,2.29,0.0,0.0,0.0,0.0,0.0,0.0,-3.01,1.0,1.0,-1.9,-11.4,6.0,-0.2,0.0,0.0,0.0,0.0,0.0,0.0,0.0,0.0,115.0,93.0,133.0,45.0,30.0,4.0,20.0,28.0,15.0,2.0,1.0
79.512,52,122565.0,600.0,85.0,600.0,759.0,0.0,1.0,0.0,0.0,0.5,0.02,0.523,0.591,0.509,0.035,0.537,0.601,0.0,0.0,-2.84,-4.49,2.18,2.29,0.0,0.0,0.0,0.0,0.0,0.0,-3.01,1.0,1.0,-1.7,-10.0,5.3,-0.2,0.0,0.0,0.0,0.0,0.0,0.0,0.0,0.0,115.0,93.0,133.0,45.0,30.0,4.0,20.0,28.0,15.0,2.0,1.0
79.577,52,122617.0,600.0,85.0,600.0,759.0,0.0,1.0,0.0,0.0,0.5,0.02,0.523,0.591,0.509,0.035,0.537,0.601,0.0,0.0,-2.71,-4.58,2.16,2.29,0.0,0.0,0.0,0.0,0.0,0.0,-3.01,1.0,1.0,-1.5,-8.8,4.7,-0.1,0.0,0.0,0.0,0.0,0.0,0.0,0.0,0.0,115.0,93.0,133.0,45.0,30.0,4.0,20.0,28.0,15.0,2.0,0.0
79.619,54,122671.0,600.0,84.0,600.0,759.0,0.0,1.0,0.0,0.0,0.5,0.02,0.523,0.591,0.509,0.035,0.537,0.601,0.0,0.0,-2.47,-4.75,2.14,2.29,0.0,0.0,0.0,0.0,0.0,0.0,-3.01,1.0,1.0,-1.3,-7.7,4.1,-0.1,0.0,0.0,0.0,0.0,0.0,0.0,0.0,0.0,115.0,93.0,133.0,45.0,30.0,4.0,20.0,28.0,15.0,2.0,0.0
79.683,52,122723.0,600.0,84.0,600.0,759.0,0.0,1.0,0.0,0.0,0.5,0.02,0.523,0.591,0.509,0.035,0.537,0.601,0.0,0.0,-2.43,-4.77,2.14,2.29,0.0,0.0,0.0,0.0,0.0,0.0,-3.01,1.0,1.0,-1.3,-7.7,4.1,-0.1,0.0,0.0,0.0,0.0,0.0,0.0,0.0,0.0,115.0,93.0,133.0,45.0,30.0,4.0,20.0,28.0,15.0,2.0,1.0
79.714,52,122775.0,600.0,84.0,600.0,757.0,0.0,1.0,0.0,0.0,0.5,0.02,0.511,0.603,0.509,0.035,0.522,0.616,0.0,0.0,-2.39,-4.8,2.13,2.29,0.0,0.0,0.0,0.0,0.0,0.0,-3.01,1.0,1.0,-1.0,-6.0,3.2,-0.1,0.0,0.0,0.0,0.0,0.0,0.0,0.0,0.0,115.0,93.0,133.0,45.0,30.0,4.0,20.0,28.0,15.0,2.0,0.0
79.779,53,122828.0,600.0,84.0,600.0,757.0,0.0,1.0,0.0,0.0,0.5,0.02,0.511,0.603,0.509,0.035,0.522,0.616,0.0,0.0,-2.34,-4.85,2.12,2.29,0.0,0.0,0.0,0.0,0.0,0.0,-3.01,1.0,1.0,-1.0,-6.0,3.2,-0.1,0.0,0.0,0.0,0.0,0.0,0.0,0.0,0.0,115.0,93.0,133.0,45.0,30.0,4.0,20.0,28.0,15.0,2.0,0.0
79.848,51,122879.0,600.0,84.0,600.0,757.0,0.0,1.0,0.0,0.0,0.5,0.02,0.511,0.603,0.509,0.035,0.522,0.616,0.0,0.0,-2.31,-4.87,2.12,2.29,0.0,0.0,0.0,0.0,0.0,0.0,-3.01,1.0,1.0,-0.9,-5.3,2.8,-0.1,0.0,0.0,0.0,0.0,0.0,0.0,0.0,0.0,115.0,93.0,133.0,45.0,30.0,4.0,20.0,28.0,15.0,2.0,0.0
79.879,52,122931.0,600.0,84.0,600.0,757.0,0.0,1.0,0.0,0.0,0.5,0.02,0.511,0.603,0.509,0.035,0.522,0.616,0.0,0.0,-2.23,-4.92,2.11,2.29,0.0,0.0,0.0,0.0,0.0,0.0,-3.01,1.0,1.0,-0.7,-4.1,2.2,-0.1,0.0,0.0,0.0,0.0,0.0,0.0,0.0,0.0,115.0,93.0,133.0,45.0,30.0,4.0,20.0,28.0,15.0,2.0,0.0
79.943,52,122983.0,600.0,84.0,600.0,757.0,0.0,1.0,0.0,0.0,0.5,0.02,0.505,0.609,0.509,0.034,0.515,0.623,0.0,0.0,-2.21,-4.93,2.11,2.29,0.0,0.0,0.0,0.0,0.0,0.0,-3.01,1.0,1.0,-0.6,-3.6,1.9,-0.1,0.0,0.0,0.0,0.0,0.0,0.0,0.0,0.0,115.0,93.0,133.0,45.0,30.0,4.0,20.0,28.0,15.0,2.0,0.0
79.976,52,123035.0,600.0,84.0,600.0,757.0,0.0,1.0,0.0,0.0,0.5,0.02,0.505,0.609,0.509,0.034,0.515,0.623,0.0,0.0,-2.18,-4.95,2.11,2.29,0.0,0.0,0.0,0.0,0.0,0.0,-3.01,1.0,1.0,-0.5,-3.2,1.7,-0.0,0.0,0.0,0.0,0.0,0.0,0.0,0.0,0.0,115.0,93.0,133.0,45.0,30.0,4.0,20.0,28.0,15.0,2.0,1.0
80.046,51,123086.0,600.0,84.0,600.0,757.0,0.0,1.0,0.0,0.0,0.5,0.02,0.505,0.609,0.509,0.034,0.515,0.623,0.0,0.0,-2.14,-4.98,2.1,2.29,0.0,0.0,0.0,0.0,0.0,0.0,-3.01,1.0,1.0,-0.5,-2.8,1.5,-0.0,0.0,0.0,0.0,0.0,0.0,0.0,0.0,0.0,115.0,93.0,133.0,45.0,30.0,4.0,20.0,28.0,15.0,2.0,0.0
80.079,52,123138.0,600.0,84.0,600.0,757.0,0.0,1.0,0.0,0.0,0.5,0.02,0.505,0.609,0.509,0.034,0.515,0.623,0.0,0.0,-2.12,-5.0,2.1,2.29,0.0,0.0,0.0,0.0,0.0,0.0,-3.01,1.0,1.0,-0.5,-2.8,1.5,-0.0,0.0,0.0,0.0,0.0,0.0,0.0,0.0,0.0,115.0,93.0,133.0,45.0,30.0,4.0,20.0,28.0,15.0,2.0,0.0
80.145,55,123193.0,600.0,84.0,600.0,757.0,0.0,1.0,0.0,0.0,0.5,0.019,0.502,0.612,0.509,0.034,0.512,0.626,0.0,0.0,-2.05,-5.05,2.09,2.29,0.0,0.0,0.0,0.0,0.0,0.0,-3.01,1.0,1.0,-0.4,-2.2,1.1,-0.0,0.0,0.0,0.0,0.0,0.0,0.0,0.0,0.0,115.0,93.0,133.0,45.0,30.0,4.0,20.0,28.0,15.0,2.0,0.0
80.215,53,123246.0,600.0,84.0,600.0,757.0,0.0,1.0,0.0,0.0,0.5,0.019,0.502,0.612,0.509,0.034,0.512,0.626,0.0,0.0,-2.04,-5.05,2.09,2.29,0.0,0.0,0.0,0.0,0.0,0.0,-3.01,1.0,1.0,-0.3,-1.9,1.0,-0.0,0.0,0.0,0.0,0.0,0.0,0.0,0.0,0.0,115.0,93.0,133.0,45.0,30.0,4.0,20.0,28.0,15.0,2.0,1.0
80.249,51,123297.0,600.0,85.0,600.0,757.0,0.0,1.0,0.0,0.0,0.5,0.019,0.502,0.612,0.509,0.034,0.512,0.626,0.0,0.0,-2.01,-5.07,2.09,2.09,0.0,0.0,0.0,0.0,0.0,0.0,-3.01,1.0,1.0,-0.3,-1.7,0.9,-0.0,0.0,0.0,0.0,0.0,0.0,0.0,0.0,0.0,115.0,93.0,133.0,45.0,30.0,4.0,20.0,28.0,15.0,2.0,0.0
80.314,53,123350.0,600.0,85.0,600.0,757.0,0.0,1.0,0.0,0.0,0.5,0.019,0.502,0.612,0.509,0.034,0.512,0.626,0.0,0.0,-1.96,-5.1,2.08,2.09,0.0,0.0,0.0,0.0,0.0,0.0,-3.01,1.0,1.0,-0.2,-1.5,0.8,-0.0,0.0,0.0,0.0,0.0,0.0,0.0,0.0,0.0,115.0,93.0,133.0,45.0,30.0,4.0,20.0,28.0,15.0,2.0,0.0
80.348,52,123402.0,600.0,85.0,600.0,755.0,0.0,1.0,0.0,0.0,0.5,0.02,0.501,0.612,0.509,0.034,0.511,0.627,0.0,0.0,-1.96,-5.11,2.08,2.09,0.0,0.0,0.0,0.0,0.0,0.0,-3.01,1.0,1.0,-0.2,-1.3,0.7,-0.0,0.0,0.0,0.0,0.0,0.0,0.0,0.0,0.0,115.0,93.0,133.0,45.0,30.0,4.0,20.0,28.0,15.0,2.0,0.0
80.412,52,123454.0,600.0,85.0,600.0,755.0,0.0,1.0,0.0,0.0,0.5,0.02,0.501,0.612,0.509,0.034,0.511,0.627,0.0,0.0,-1.92,-5.12,2.08,2.09,0.0,0.0,0.0,0.0,0.0,0.0,-3.01,1.0,1.0,-0.2,-1.1,0.6,-0.0,0.0,0.0,0.0,0.0,0.0,0.0,0.0,0.0,115.0,93.0,133.0,45.0,30.0,4.0,20.0,28.0,15.0,2.0,0.0
80.444,51,123505.0,600.0,86.0,600.0,755.0,0.0,1.0,0.0,0.0,0.5,0.02,0.501,0.612,0.509,0.034,0.511,0.627,0.0,0.0,-1.91,-5.13,2.08,2.09,0.0,0.0,0.0,0.0,0.0,0.0,-3.01,1.0,1.0,-0.2,-1.0,0.5,-0.0,0.0,0.0,0.0,0.0,0.0,0.0,0.0,0.0,115.0,93.0,133.0,45.0,30.0,4.0,20.0,28.0,15.0,2.0,0.0
80.507,53,123558.0,600.0,86.0,600.0,755.0,0.0,1.0,0.0,0.0,0.5,0.02,0.501,0.612,0.509,0.034,0.511,0.627,0.0,0.0,-1.89,-5.14,2.08,2.09,0.0,0.0,0.0,0.0,0.0,0.0,-3.01,1.0,1.0,-0.2,-1.0,0.5,-0.0,0.0,0.0,0.0,0.0,0.0,0.0,0.0,0.0,115.0,93.0,133.0,45.0,30.0,4.0,20.0,28.0,15.0,2.0,0.0
80.572,53,123611.0,600.0,86.0,600.0,754.0,0.0,1.0,0.0,0.0,0.5,0.02,0.5,0.612,0.509,0.034,0.51,0.627,0.0,0.0,-1.85,-5.17,2.08,2.09,0.0,0.0,0.0,0.0,0.0,0.0,-3.01,1.0,1.0,-0.1,-0.8,0.4,-0.0,0.0,0.0,0.0,0.0,0.0,0.0,0.0,0.0,115.0,93.0,133.0,45.0,30.0,4.0,20.0,28.0,15.0,2.0,0.0
80.612,53,123664.0,600.0,86.0,600.0,754.0,0.0,1.0,0.0,0.0,0.5,0.02,0.5,0.612,0.509,0.034,0.51,0.627,0.0,0.0,-1.85,-5.18,2.07,2.09,0.0,0.0,0.0,0.0,0.0,0.0,-3.01,1.0,1.0,-0.1,-0.7,0.4,-0.0,0.0,0.0,0.0,0.0,0.0,0.0,0.0,0.0,115.0,93.0,133.0,45.0,30.0,4.0,20.0,28.0,15.0,2.0,1.0
80.678,52,123716.0,600.0,87.0,600.0,754.0,0.0,1.0,0.0,0.0,0.5,0.02,0.5,0.612,0.509,0.034,0.51,0.627,0.0,0.0,-1.83,-5.19,2.07,2.09,0.0,0.0,0.0,0.0,0.0,0.0,-3.01,1.0,1.0,-0.1,-0.6,0.3,-0.0,0.0,0.0,0.0,0.0,0.0,0.0,0.0,0.0,115.0,93.0,133.0,45.0,30.0,4.0,20.0,28.0,15.0,2.0,0.0
80.711,52,123768.0,600.0,87.0,600.0,754.0,0.0,1.0,0.0,0.0,0.5,0.02,0.5,0.612,0.509,0.034,0.51,0.627,0.0,0.0,-1.81,-5.2,2.07,2.09,0.0,0.0,0.0,0.0,0.0,0.0,-3.01,1.0,1.0,-0.1,-0.6,0.3,-0.0,0.0,0.0,0.0,0.0,0.0,0.0,0.0,0.0,115.0,93.0,133.0,45.0,30.0,4.0,20.0,28.0,15.0,2.0,0.0
80.778,52,123820.0,600.0,87.0,600.0,757.0,0.0,1.0,0.0,0.0,0.5,0.02,0.5,0.613,0.509,0.035,0.51,0.628,0.0,0.0,-1.8,-5.21,2.06,2.09,0.0,0.0,0.0,0.0,0.0,0.0,-3.01,1.0,1.0,-0.1,-0.5,0.2,-0.0,0.0,0.0,0.0,0.0,0.0,0.0,0.0,0.0,115.0,93.0,133.0,45.0,30.0,4.0,20.0,28.0,15.0,2.0,0.0
80.851,52,123872.0,600.0,87.0,600.0,757.0,0.0,1.0,0.0,0.0,0.5,0.02,0.5,0.613,0.509,0.035,0.51,0.628,0.0,0.0,-1.78,-5.23,2.06,2.09,0.0,0.0,0.0,0.0,0.0,0.0,-3.01,1.0,1.0,-0.1,-0.4,0.2,-0.0,0.0,0.0,0.0,0.0,0.0,0.0,0.0,0.0,115.0,93.0,133.0,45.0,30.0,4.0,20.0,28.0,15.0,2.0,0.0
80.884,51,123923.0,600.0,87.0,600.0,757.0,0.0,1.0,0.0,0.0,0.5,0.02,0.5,0.613,0.509,0.035,0.51,0.628,0.0,0.0,-1.78,-5.24,2.06,2.09,0.0,0.0,0.0,0.0,0.0,0.0,-3.01,1.0,1.0,-0.1,-0.4,0.2,-0.0,0.0,0.0,0.0,0.0,0.0,0.0,0.0,0.0,115.0,93.0,133.0,45.0,30.0,4.0,20.0,28.0,15.0,2.0,0.0
80.916,53,123976.0,600.0,87.0,600.0,757.0,0.0,1.0,0.0,0.0,0.5,0.02,0.5,0.613,0.509,0.035,0.51,0.628,0.0,0.0,-1.76,-5.24,2.06,2.09,0.0,0.0,0.0,0.0,0.0,0.0,-3.01,1.0,1.0,-0.1,-0.3,0.2,-0.0,0.0,0.0,0.0,0.0,0.0,0.0,0.0,0.0,115.0,93.0,133.0,45.0,30.0,4.0,20.0,28.0,15.0,2.0,1.0
80.982,52,124028.0,600.0,87.0,600.0,755.0,0.0,1.0,0.0,0.0,0.5,0.02,0.5,0.613,0.509,0.035,0.509,0.628,0.0,0.0,-1.74,-5.26,2.06,2.09,0.0,0.0,0.0,0.0,0.0,0.0,-3.01,1.0,1.0,-0.0,-0.3,0.1,-0.0,0.0,0.0,0.0,0.0,0.0,0.0,0.0,0.0,115.0,93.0,133.0,45.0,30.0,4.0,20.0,28.0,15.0,2.0,0.0
81.049,53,124081.0,600.0,87.0,600.0,755.0,0.0,1.0,0.0,0.0,0.5,0.02,0.5,0.613,0.509,0.035,0.509,0.628,0.0,0.0,-1.73,-5.26,2.06,2.09,0.0,0.0,0.0,0.0,0.0,0.0,-3.01,1.0,1.0,-0.0,-0.3,0.1,-0.0,0.0,0.0,0.0,0.0,0.0,0.0,0.0,0.0,115.0,93.0,133.0,45.0,30.0,4.0,20.0,28.0,15.0,2.0,0.0
81.081,52,124133.0,600.0,88.0,600.0,755.0,0.0,1.0,0.0,0.0,0.5,0.02,0.5,0.613,0.509,0.035,0.509,0.628,0.0,0.0,-1.72,-5.28,2.06,2.09,0.0,0.0,0.0,0.0,0.0,0.0,-3.01,1.0,1.0,-0.0,-0.2,0.1,-0.0,0.0,0.0,0.0,0.0,0.0,0.0,0.0,0.0,115.0,93.0,133.0,45.0,30.0,4.0,20.0,28.0,15.0,2.0,0.0
81.145,53,124186.0,600.0,88.0,600.0,755.0,0.0,1.0,0.0,0.0,0.5,0.02,0.5,0.613,0.509,0.035,0.509,0.628,0.0,0.0,-1.71,-5.29,2.05,2.09,0.0,0.0,0.0,2.0,10.0,0.0,-3.01,1.0,1.0,-0.0,-0.2,0.1,-0.0,2.7,0.0,2.7,-2.7,63.0,0.0,73.0,25.0,115.0,93.0,133.0,45.0,30.0,4.0,20.0,28.0,15.0,2.0,1.0
81.212,53,124239.0,600.0,88.0,600.0,755.0,0.0,1.0,0.0,0.0,0.5,0.02,0.5,0.613,0.509,0.035,0.509,0.628,0.0,0.0,-1.69,-5.3,2.05,1.84,-0.76,0.0,0.0,2.0,10.0,0.0,-3.01,1.0,1.0,-0.0,-0.1,0.1,-0.0,5.8,0.0,5.8,-5.8,63.0,0.0,73.0,25.0,115.0,93.0,133.0,45.0,30.0,4.0,20.0,28.0,15.0,2.0,0.0
81.244,52,124291.0,600.0,88.0,600.0,755.0,0.0,1.0,0.0,0.0,0.5,0.02,0.5,0.613,0.509,0.035,0.509,0.628,0.0,0.0,-1.69,-5.3,2.05,1.53,-1.9,0.0,0.0,2.0,10.0,0.0,-3.01,1.0,1.0,0.1,1.6,0.2,0.0,8.1,0.0,8.1,-8.1,63.0,0.0,73.0,25.0,115.0,93.0,133.0,45.0,30.0,4.0,20.0,28.0,15.0,2.0,0.0
81.31,52,124343.0,600.0,88.0,600.0,755.0,0.0,1.0,0.0,0.0,0.5,0.02,0.5,0.613,0.509,0.035,0.509,0.628,0.0,0.0,-1.66,-5.35,1.9,1.05,-1.63,0.0,0.0,2.0,10.0,0.0,-3.01,1.0,1.0,2.1,3.1,1.4,0.5,11.4,0.0,11.4,-11.4,63.0,0.0,73.0,32.0,115.0,93.0,133.0,45.0,30.0,4.0,20.0,28.0,15.0,2.0,0.0
81.343,52,124395.0,600.0,88.0,600.0,755.0,0.0,1.0,0.0,0.0,0.5,0.02,0.5,0.613,0.509,0.035,0.509,0.628,0.0,0.0,-1.66,-5.36,1.77,0.42,-2.98,0.0,0.0,2.0,10.0,0.0,-3.01,1.0,1.0,2.3,4.3,2.6,1.1,15.0,0.0,15.0,-15.0,63.0,0.0,73.0,43.0,115.0,93.0,133.0,45.0,30.0,4.0,20.0,28.0,15.0,2.0,0.0
81.41,52,124447.0,600.0,88.0,600.0,755.0,0.0,1.0,0.0,0.0,0.5,0.02,0.5,0.613,0.509,0.035,0.509,0.628,0.0,0.0,-1.65,-5.35,1.72,-0.33,-4.28,0.0,0.0,2.0,10.0,0.0,-3.01,1.0,1.0,2.5,4.8,2.6,1.1,16.8,0.0,16.8,-16.8,63.0,0.0,73.0,48.0,115.0,93.0,133.0,45.0,30.0,4.0,20.0,28.0,15.0,2.0,0.0
81.443,52,124499.0,600.0,88.0,600.0,755.0,0.0,1.0,0.0,0.0,0.5,0.02,0.5,0.613,0.509,0.035,0.509,0.628,0.0,0.0,-1.75,-5.34,1.45,-1.25,-5.63,0.0,0.0,2.0,10.0,0.0,-3.01,1.0,1.0,4.6,6.6,2.0,0.8,20.5,0.0,20.5,-20.5,117.0,0.0,135.0,58.0,115.0,93.0,133.0,45.0,30.0,4.0,20.0,28.0,15.0,2.0,0.0
81.509,52,124551.0,600.0,88.0,600.0,755.0,0.0,1.0,0.0,0.0,0.5,0.02,0.5,0.613,0.509,0.035,0.509,0.628,0.0,0.0,-1.96,-5.32,0.34,-2.32,-5.58,0.0,0.0,2.0,10.0,0.0,-3.01,1.0,1.0,14.6,13.8,1.6,0.4,22.8,0.0,22.8,-22.8,61.0,0.0,139.0,65.0,117.0,93.0,133.0,45.0,30.0,4.0,20.0,28.0,15.0,2.0,0.0
81.575,52,124603.0,600.0,88.0,600.0,755.0,0.0,1.0,0.0,0.0,0.5,0.02,0.5,0.613,0.509,0.035,0.509,0.628,0.0,0.0,-1.76,-5.26,-0.75,-3.47,-4.31,0.0,0.0,2.0,10.0,0.0,-3.01,1.0,1.0,24.2,22.2,1.1,-2.8,23.7,0.0,23.7,-23.7,55.0,0.0,143.0,66.0,117.0,93.0,133.0,45.0,30.0,4.0,20.0,28.0,15.0,2.0,0.0
81.613,52,124655.0,600.0,88.0,600.0,755.0,0.0,1.0,0.0,0.0,0.5,0.02,0.5,0.613,0.509,0.035,0.509,0.628,0.0,0.0,-1.56,-5.32,-2.15,-4.89,-2.91,0.0,0.0,2.0,10.0,0.0,-3.01,1.0,1.0,28.1,26.8,0.8,-2.1,24.7,0.0,24.7,-24.7,57.0,0.0,147.0,69.0,117.0,93.0,133.0,45.0,30.0,4.0,20.0,28.0,15.0,2.0,0.0
81.679,52,124707.0,600.0,88.0,600.0,755.0,0.0,1.0,0.0,0.0,0.5,0.02,0.5,0.613,0.509,0.035,0.509,0.628,0.0,0.0,-1.68,-5.28,-3.32,-6.48,-1.51,0.0,0.0,2.0,10.0,0.0,-3.01,1.0,1.0,29.4,32.3,0.3,-1.7,25.7,0.0,25.7,-25.7,59.0,0.0,151.0,72.0,117.0,93.0,133.0,45.0,66.0,14.0,34.0,10.0,15.0,2.0,0.0
81.712,52,124759.0,600.0,88.0,600.0,755.0,0.0,1.0,0.0,0.0,0.5,0.02,0.5,0.613,0.509,0.035,0.509,0.628,0.0,0.0,-1.66,-5.36,-4.12,-8.09,-1.51,0.0,0.0,2.0,10.0,0.0,-3.01,1.0,1.0,27.8,38.1,0.5,-1.3,27.9,0.0,27.9,-27.9,65.0,0.0,155.0,79.0,117.0,93.0,133.0,45.0,66.0,14.0,34.0,10.0,15.0,2.0,0.0
81.777,52,124811.0,600.0,88.0,600.0,755.0,0.0,1.0,0.0,0.0,0.5,0.02,0.5,0.613,0.509,0.035,0.509,0.628,0.0,0.0,-1.7,-5.33,-4.69,-9.91,-2.86,0.0,0.0,2.0,10.0,0.0,-3.01,1.0,1.0,27.2,44.1,0.1,-0.6,31.6,0.0,31.6,-31.6,75.0,0.0,159.0,89.0,117.0,93.0,133.0,45.0,66.0,14.0,34.0,10.0,15.0,2.0,0.0
81.816,52,124863.0,600.0,88.0,600.0,755.0,0.0,1.0,0.0,0.0,0.5,0.02,0.5,0.613,0.509,0.035,0.509,0.628,0.0,0.0,-1.64,-5.21,-5.91,-11.73,-4.16,0.0,0.0,2.0,10.0,0.0,-3.01,1.0,1.0,28.5,48.0,-4.2,-0.3,33.4,0.0,33.4,-33.4,81.0,0.0,163.0,94.0,117.0,93.0,133.0,45.0,66.0,14.0,34.0,10.0,15.0,2.0,0.0
81.882,52,124915.0,600.0,88.0,600.0,755.0,0.0,1.0,0.0,0.0,0.5,0.02,0.5,0.613,0.509,0.035,0.509,0.628,0.0,0.0,-1.24,-5.18,-7.58,-13.55,-2.86,0.0,0.0,2.0,10.0,0.0,-3.01,1.0,1.0,31.1,52.0,-8.8,-0.2,32.1,0.0,32.1,-32.1,78.0,0.0,167.0,91.0,117.0,93.0,133.0,45.0,66.0,14.0,34.0,10.0,15.0,2.0,0.0
81.914,52,124967.0,600.0,88.0,600.0,755.0,0.0,1.0,0.0,0.0,0.5,0.02,0.5,0.613,0.509,0.035,0.509,0.628,0.0,0.0,-1.28,-5.12,-9.82,-15.44,-1.51,0.0,0.0,2.0,10.0,0.0,-3.01,1.0,1.0,30.0,56.3,-12.2,0.0,30.7,0.0,30.7,-30.7,76.0,0.0,117.0,87.0,117.0,93.0,167.0,45.0,66.0,14.0,34.0,10.0,15.0,2.0,0.0
81.979,53,125020.0,600.0,88.0,600.0,755.0,0.0,1.0,0.0,0.0,0.5,0.02,0.5,0.613,0.509,0.035,0.509,0.628,0.0,0.0,-1.14,-5.13,-11.65,-17.33,-0.16,0.0,0.0,2.0,10.0,0.0,-3.01,1.0,1.0,28.6,56.5,-13.7,0.0,29.4,0.0,29.4,-29.4,73.0,0.0,132.0,87.0,117.0,93.0,167.0,45.0,66.0,14.0,34.0,10.0,15.0,2.0,0.0
82.018,52,125072.0,600.0,88.0,600.0,755.0,0.0,1.0,0.0,0.0,0.5,0.02,0.5,0.613,0.509,0.035,0.509,0.628,0.0,0.0,-1.15,-4.97,-12.86,-19.15,-0.51,0.0,0.0,2.0,10.0,0.0,-3.01,1.0,1.0,27.8,56.8,-14.6,-0.8,29.7,0.0,29.7,-29.7,75.0,0.0,152.0,91.0,117.0,93.0,167.0,45.0,66.0,14.0,34.0,10.0,15.0,2.0,0.0
82.085,52,125124.0,600.0,88.0,600.0,755.0,0.0,1.0,0.0,0.0,0.5,0.02,0.5,0.613,0.509,0.035,0.509,0.628,0.0,0.0,-1.12,-5.03,-14.11,-20.13,-0.34,0.0,0.0,2.0,10.0,0.0,-3.01,1.0,1.0,26.8,57.0,-17.2,-4.8,30.2,0.0,30.2,-30.2,77.0,0.0,174.0,95.0,117.0,93.0,167.0,45.0,66.0,14.0,34.0,10.0,15.0,2.0,0.0
82.117,52,125176.0,600.0,88.0,600.0,755.0,0.0,1.0,0.0,0.0,0.5,0.02,0.5,0.613,0.509,0.035,0.509,0.628,0.0,0.0,-1.34,-5.02,-15.31,-21.95,-1.64,0.0,0.0,2.0,10.0,0.0,-3.01,1.0,1.0,26.7,58.9,-20.9,-3.6,30.2,0.0,30.2,-30.2,79.0,0.0,196.0,99.0,117.0,93.0,167.0,45.0,66.0,14.0,34.0,10.0,15.0,2.0,0.0
82.183,52,125228.0,600.0,88.0,600.0,755.0,0.0,1.0,0.0,0.0,0.5,0.02,0.5,0.613,0.509,0.035,0.509,0.628,0.0,0.0,-1.02,-5.12,-17.52,-23.8,-0.32,0.0,0.0,2.0,10.0,0.0,-3.01,1.0,1.0,29.1,64.2,-23.9,-2.6,28.9,0.0,28.9,-28.9,76.0,0.0,215.0,103.0,117.0,93.0,167.0,45.0,18.0,20.0,104.0,10.0,15.0,2.0,0.0
82.254,52,125280.0,600.0,88.0,600.0,755.0,0.0,1.0,0.0,0.0,0.5,0.02,0.5,0.613,0.509,0.035,0.509,0.628,0.0,0.0,-0.71,-4.93,-20.29,-25.76,1.08,0.0,0.0,2.0,10.0,0.0,-3.01,1.0,1.0,31.7,73.2,-25.3,0.5,27.5,0.0,27.5,-27.5,70.0,0.0,235.0,107.0,117.0,93.0,167.0,45.0,18.0,20.0,104.0,10.0,15.0,2.0,0.0
82.287,52,125332.0,600.0,88.0,600.0,755.0,0.0,1.0,0.0,0.0,0.5,0.02,0.5,0.613,0.509,0.035,0.509,0.628,0.0,0.0,-0.55,-4.94,-22.07,-27.58,2.38,0.0,0.0,2.0,10.0,0.0,-3.01,1.0,1.0,33.2,82.6,-27.6,0.6,26.1,0.0,26.1,-26.1,64.0,0.0,254.0,111.0,117.0,93.0,167.0,45.0,18.0,20.0,104.0,10.0,15.0,2.0,0.0
82.353,52,125384.0,600.0,88.0,600.0,755.0,0.0,1.0,0.0,0.0,0.5,0.02,0.5,0.613,0.509,0.035,0.509,0.628,0.0,0.0,-0.96,-4.88,-24.94,-29.47,3.73,0.0,0.0,2.0,10.0,0.0,-3.01,1.0,1.0,34.5,93.9,-29.7,-6.3,24.8,0.0,24.8,-24.8,61.0,0.0,255.0,115.0,117.0,93.0,167.0,45.0,18.0,20.0,104.0,10.0,15.0,2.0,0.0
82.385,52,125436.0,600.0,88.0,600.0,755.0,0.0,1.0,0.0,0.0,0.5,0.02,0.5,0.613,0.509,0.035,0.509,0.628,0.0,0.0,-0.6,-4.64,-27.87,-31.4,5.11,0.0,0.0,2.0,10.0,0.0,-3.01,1.0,1.0,34.6,97.0,-30.0,-6.6,24.1,0.0,24.1,-24.1,59.0,0.0,255.0,117.0,117.0,93.0,167.0,45.0,18.0,20.0,104.0,10.0,15.0,2.0,0.0
82.456,52,125488.0,600.0,88.0,600.0,755.0,0.0,1.0,0.0,0.0,0.5,0.02,0.5,0.613,0.509,0.035,0.509,0.628,0.0,0.0,-0.07,-4.68,-29.87,-33.22,6.41,0.0,0.0,2.0,10.0,0.0,-3.01,1.0,1.0,34.5,104.2,-29.6,3.3,22.8,0.0,22.8,-22.8,56.0,0.0,255.0,121.0,117.0,93.0,167.0,45.0,18.0,20.0,104.0,10.0,15.0,2.0,0.0
82.488,52,125540.0,600.0,88.0,600.0,755.0,0.0,1.0,0.0,0.0,0.5,0.02,0.5,0.613,0.509,0.035,0.509,0.628,0.0,0.0,-0.34,-4.78,-32.79,-35.14,7.78,0.0,0.0,2.0,10.0,0.0,-3.01,1.0,1.0,35.5,111.6,-32.0,2.4,21.4,0.0,21.4,-21.4,52.0,0.0,255.0,125.0,117.0,93.0,167.0,45.0,18.0,20.0,104.0,10.0,15.0,2.0,0.0
82.551,52,125592.0,600.0,88.0,600.0,755.0,0.0,1.0,0.0,0.0,0.5,0.02,0.5,0.613,0.509,0.035,0.509,0.628,0.0,0.0,-0.23,-4.62,-35.87,-37.03,9.13,0.0,0.0,2.0,10.0,0.0,-3.01,1.0,1.0,35.8,117.6,-34.7,-0.1,20.1,0.0,20.1,-20.1,49.0,0.0,255.0,129.0,117.0,93.0,167.0,45.0,18.0,20.0,104.0,10.0,15.0,2.0,0.0
82.623,53,125645.0,600.0,88.0,600.0,755.0,0.0,1.0,0.0,0.0,0.5,0.02,0.5,0.613,0.509,0.035,0.509,0.628,0.0,0.0,-0.3,-4.48,-38.03,-38.82,10.41,0.0,0.0,2.0,10.0,0.0,-3.01,1.0,1.0,36.8,121.3,-39.0,-3.9,18.8,0.0,18.8,-18.8,46.0,0.0,255.0,133.0,117.0,93.0,167.0,45.0,18.0,20.0,104.0,10.0,15.0,2.0,0.0
82.655,52,125697.0,600.0,88.0,600.0,755.0,0.0,1.0,0.0,0.0,0.5,0.02,0.5,0.613,0.509,0.035,0.509,0.628,0.0,0.0,-0.13,-4.47,-41.14,-40.78,11.81,0.0,0.0,2.0,10.0,0.0,-3.01,1.0,1.0,35.4,121.7,-44.7,-0.1,17.4,0.0,17.4,-17.4,43.0,0.0,255.0,74.0,117.0,93.0,167.0,135.0,24.0,23.0,86.0,46.0,15.0,2.0,0.0
82.721,53,125750.0,600.0,88.0,600.0,755.0,0.0,1.0,0.0,0.0,0.5,0.02,0.5,0.613,0.509,0.035,0.509,0.628,0.0,0.0,0.17,-4.39,-44.46,-42.74,13.0,0.0,0.0,2.0,10.0,0.0,-3.01,1.0,1.0,32.9,123.0,-48.2,-1.6,16.2,0.0,16.2,-16.2,40.0,0.0,255.0,74.0,117.0,93.0,167.0,135.0,24.0,23.0,86.0,46.0,15.0,2.0,0.0
82.754,52,125802.0,600.0,88.0,600.0,755.0,0.0,1.0,0.0,0.0,0.5,0.02,0.5,0.613,0.509,0.035,0.509,0.628,0.0,0.0,-0.16,-4.4,-46.38,-44.56,13.0,0.0,0.0,2.0,10.0,0.0,-3.01,1.0,1.0,30.4,122.3,-49.3,-1.5,16.2,0.0,16.2,-16.2,41.0,0.0,255.0,74.0,117.0,93.0,167.0,135.0,24.0,23.0,86.0,46.0,15.0,2.0,1.0
82.825,52,125854.0,600.0,88.0,600.0,755.0,0.0,1.0,0.0,0.0,0.5,0.02,0.5,0.613,0.509,0.035,0.509,0.628,0.0,0.0,-0.0,-4.37,-48.49,-46.48,13.0,0.0,0.0,2.0,10.0,0.0,-3.01,1.0,1.0,30.5,123.5,-43.0,0.3,16.2,0.0,16.2,-16.2,41.0,0.0,255.0,74.0,117.0,93.0,167.0,135.0,24.0,23.0,86.0,46.0,15.0,2.0,0.0
82.858,52,125906.0,600.0,88.0,600.0,755.0,0.0,1.0,0.0,0.0,0.5,0.02,0.5,0.613,0.509,0.035,0.509,0.628,0.0,0.0,0.09,-4.26,-49.21,-47.36,13.0,0.0,0.0,2.0,10.0,0.0,-3.01,1.0,1.0,29.4,123.5,-38.1,0.6,16.2,0.0,16.2,-16.2,41.0,0.0,255.0,74.0,117.0,93.0,167.0,135.0,24.0,23.0,86.0,46.0,15.0,2.0,0.0
82.924,53,125959.0,600.0,88.0,600.0,755.0,0.0,1.0,0.0,0.0,0.5,0.02,0.5,0.613,0.509,0.035,0.509,0.628,0.0,0.0,0.31,-4.14,-51.82,-50.12,13.0,0.0,0.0,2.0,10.0,0.0,-3.01,1.0,1.0,28.4,123.3,-32.6,0.4,16.2,0.0,16.2,-16.2,42.0,0.0,255.0,74.0,117.0,93.0,167.0,135.0,24.0,23.0,86.0,46.0,15.0,2.0,0.0
82.956,53,126012.0,600.0,88.0,600.0,755.0,0.0,1.0,0.0,0.0,0.5,0.02,0.5,0.613,0.509,0.035,0.509,0.628,0.0,0.0,0.37,-4.25,-54.03,-52.05,13.0,0.0,0.0,2.0,10.0,0.0,-3.01,1.0,1.0,25.9,126.0,-29.2,0.3,16.2,0.0,16.2,-16.2,42.0,0.0,255.0,74.0,117.0,93.0,167.0,135.0,24.0,23.0,86.0,46.0,15.0,2.0,0.0
83.023,52,126064.0,600.0,88.0,600.0,755.0,0.0,1.0,0.0,0.0,0.5,0.02,0.5,0.613,0.509,0.035,0.509,0.628,0.0,0.0,0.09,-4.26,-54.92,-53.87,13.0,0.0,0.0,2.0,10.0,0.0,-3.01,1.0,1.0,22.6,124.0,-28.6,-1.8,16.2,0.0,16.2,-16.2,43.0,0.0,255.0,74.0,117.0,93.0,167.0,135.0,24.0,23.0,86.0,46.0,15.0,2.0,0.0
83.057,52,126116.0,600.0,88.0,600.0,755.0,0.0,1.0,0.0,0.0,0.5,0.02,0.5,0.613,0.509,0.035,0.509,0.628,0.0,0.0,0.05,-4.15,-56.34,-54.85,13.0,0.0,0.0,2.0,10.0,0.0,-3.01,1.0,1.0,22.0,121.1,-27.3,-1.4,16.2,0.0,16.2,-16.2,43.0,0.0,255.0,74.0,117.0,93.0,167.0,135.0,24.0,23.0,86.0,46.0,15.0,2.0,0.0
83.122,52,126168.0,600.0,88.0,600.0,755.0,0.0,1.0,0.0,0.0,0.5,0.02,0.5,0.613,0.509,0.035,0.509,0.628,0.0,0.0,0.06,-4.03,-57.69,-56.63,13.0,0.0,0.0,2.0,10.0,0.0,-3.01,1.0,1.0,22.4,121.6,-25.5,-1.1,16.2,0.0,16.2,-16.2,43.0,0.0,255.0,74.0,117.0,93.0,167.0,135.0,24.0,23.0,86.0,46.0,15.0,2.0,0.0
83.188,52,126220.0,600.0,88.0,600.0,755.0,0.0,1.0,0.0,0.0,0.5,0.02,0.5,0.613,0.509,0.035,0.509,0.628,0.0,0.0,0.32,-3.95,-59.74,-58.58,13.0,0.0,0.0,2.0,10.0,0.0,-3.01,1.0,1.0,22.9,121.9,-23.0,0.3,15.3,0.0,15.3,-15.3,41.0,0.0,255.0,74.0,117.0,93.0,167.0,135.0,20.0,19.0,8.0,56.0,15.0,2.0,0.0
83.222,52,126272.0,600.0,88.0,600.0,755.0,0.0,1.0,0.0,0.0,0.5,0.02,0.5,0.613,0.509,0.035,0.509,0.628,0.0,0.0,0.34,-3.98,-61.29,-60.39,13.0,0.0,0.0,2.0,10.0,0.0,-3.01,1.0,1.0,21.3,124.5,-21.0,0.3,13.7,0.0,13.7,-13.7,37.0,0.0,255.0,74.0,117.0,93.0,167.0,135.0,20.0,19.0,8.0,56.0,15.0,2.0,0.0
83.287,52,126324.0,600.0,88.0,600.0,755.0,0.0,1.0,0.0,0.0,0.5,0.02,0.5,0.613,0.509,0.035,0.509,0.628,0.0,0.0,0.29,-3.96,-61.99,-62.05,13.0,0.0,0.0,2.0,10.0,0.0,-3.01,1.0,1.0,17.6,130.3,-20.4,-0.5,13.7,0.0,13.7,-13.7,38.0,0.0,255.0,74.0,117.0,93.0,167.0,135.0,20.0,19.0,8.0,56.0,15.0,2.0,0.0
83.319,52,126376.0,600.0,88.0,600.0,755.0,0.0,1.0,0.0,0.0,0.5,0.02,0.5,0.613,0.509,0.035,0.509,0.628,0.0,0.0,0.08,-4.05,-62.88,-63.74,11.62,0.0,0.0,2.0,10.0,0.0,-3.01,1.0,1.0,15.3,132.8,-22.7,0.6,14.1,0.0,14.1,-14.1,40.0,0.0,255.0,74.0,117.0,93.0,167.0,135.0,20.0,19.0,8.0,56.0,15.0,2.0,0.0
83.384,52,126428.0,600.0,88.0,600.0,755.0,0.0,1.0,0.0,0.0,0.5,0.02,0.5,0.613,0.509,0.035,0.509,0.628,0.0,0.0,0.03,-4.01,-64.19,-65.38,10.78,0.0,0.0,2.0,10.0,0.0,-3.01,1.0,1.0,13.9,129.5,-22.7,-0.3,13.9,0.0,13.9,-13.9,40.0,0.0,255.0,74.0,117.0,93.0,167.0,135.0,20.0,19.0,8.0,56.0,15.0,2.0,0.0
83.428,52,126480.0,600.0,88.0,600.0,755.0,0.0,1.0,0.0,0.0,0.5,0.02,0.5,0.613,0.509,0.035,0.509,0.628,0.0,0.0,0.21,-4.06,-65.43,-66.81,12.06,0.0,0.0,2.0,10.0,0.0,-3.01,1.0,1.0,11.0,129.1,-24.6,0.7,11.1,0.0,11.1,-11.1,36.0,0.0,255.0,74.0,117.0,93.0,167.0,135.0,20.0,19.0,8.0,56.0,15.0,2.0,0.0
83.494,52,126532.0,600.0,88.0,600.0,755.0,0.0,1.0,0.0,0.0,0.5,0.02,0.5,0.613,0.509,0.035,0.509,0.628,0.0,0.0,0.18,-3.97,-66.27,-68.31,10.66,0.0,0.0,2.0,10.0,0.0,-3.01,1.0,1.0,9.0,129.8,-24.4,0.6,11.4,0.0,11.4,-11.4,64.0,0.0,255.0,74.0,117.0,93.0,167.0,135.0,20.0,19.0,8.0,56.0,15.0,2.0,0.0
83.526,52,126584.0,600.0,88.0,600.0,755.0,0.0,1.0,0.0,0.0,0.5,0.02,0.5,0.613,0.509,0.035,0.509,0.628,0.0,0.0,0.3,-3.99,-67.23,-69.73,9.28,0.0,0.0,2.0,10.0,0.0,-3.01,1.0,1.0,7.0,133.2,-24.8,0.1,12.1,0.0,12.1,-12.1,64.0,0.0,255.0,74.0,117.0,93.0,167.0,135.0,20.0,19.0,8.0,56.0,15.0,2.0,0.0
83.591,53,126637.0,600.0,88.0,600.0,755.0,0.0,1.0,0.0,0.0,0.5,0.02,0.5,0.613,0.509,0.035,0.509,0.628,0.0,0.0,0.01,-4.02,-67.9,-71.0,8.01,0.0,0.0,2.0,10.0,0.0,-3.01,1.0,1.0,5.3,135.7,-25.5,-0.1,12.9,0.0,0.0,-12.9,64.0,0.0,0.0,74.0,117.0,93.0,167.0,135.0,20.0,19.0,8.0,56.0,15.0,6.0,1.0
83.66,52,126689.0,600.0,88.0,600.0,755.0,0.0,1.0,0.0,0.0,0.5,0.02,0.5,0.613,0.509,0.035,0.509,0.628,0.0,0.0,-0.18,-3.9,-69.29,-72.4,6.61,0.0,0.0,2.0,10.0,0.0,-3.01,1.0,1.0,4.3,123.1,-26.9,2.3,14.3,0.0,0.0,-14.3,64.0,0.0,0.0,74.0,117.0,93.0,167.0,135.0,20.0,14.0,22.0,46.0,15.0,6.0,0.0
83.692,52,126741.0,600.0,88.0,600.0,755.0,0.0,1.0,0.0,0.0,0.5,0.02,0.5,0.613,0.509,0.035,0.509,0.628,0.0,0.0,0.08,-3.89,-70.44,-73.8,5.21,0.0,0.0,2.0,10.0,0.0,-3.01,1.0,1.0,5.6,102.6,-26.6,0.7,15.7,0.0,0.0,-15.7,64.0,0.0,0.0,74.0,117.0,93.0,167.0,135.0,20.0,14.0,22.0,46.0,15.0,6.0,0.0
83.755,52,126793.0,600.0,88.0,600.0,755.0,0.0,1.0,0.0,0.0,0.5,0.02,0.5,0.613,0.509,0.035,0.509,0.628,0.0,0.0,0.13,-3.86,-71.13,-75.1,3.91,0.0,0.0,2.0,10.0,0.0,-3.01,1.0,1.0,6.8,80.4,-24.7,0.8,17.0,0.0,0.0,-17.0,64.0,0.0,0.0,74.0,117.0,93.0,167.0,135.0,20.0,14.0,22.0,46.0,15.0,6.0,0.0
83.788,52,126845.0,600.0,88.0,600.0,755.0,0.0,1.0,0.0,0.0,0.5,0.02,0.5,0.613,0.509,0.035,0.509,0.628,0.0,0.0,0.17,-3.77,-71.61,-75.83,3.18,0.0,0.0,2.0,10.0,0.0,-3.01,1.0,1.0,7.4,62.3,-20.6,-1.0,18.3,0.0,0.0,-18.3,117.0,0.0,0.0,135.0,117.0,93.0,167.0,135.0,20.0,14.0,22.0,46.0,15.0,6.0,0.0
83.854,52,126897.0,600.0,88.0,600.0,755.0,0.0,1.0,0.0,0.0,0.5,0.02,0.5,0.613,0.509,0.035,0.509,0.628,0.0,0.0,0.2,-3.72,-72.03,-77.13,1.88,0.0,0.0,2.0,10.0,0.0,-3.01,1.0,1.0,9.0,48.2,-19.2,-1.9,19.7,0.0,0.0,-19.7,121.0,0.0,0.0,139.0,117.0,93.0,167.0,135.0,20.0,14.0,22.0,46.0,15.0,6.0,0.0
83.918,52,126949.0,600.0,88.0,600.0,755.0,0.0,1.0,0.0,0.0,0.5,0.02,0.5,0.613,0.509,0.035,0.509,0.628,0.0,0.0,0.09,-3.69,-72.9,-78.48,0.53,0.0,0.0,2.0,10.0,0.0,-3.01,1.0,1.0,20.8,37.4,-22.3,-2.5,21.0,0.0,0.0,-21.0,57.0,0.0,0.0,143.0,121.0,93.0,167.0,135.0,20.0,14.0,22.0,46.0,15.0,6.0,0.0
83.95,52,127001.0,600.0,88.0,600.0,755.0,0.0,1.0,0.0,0.0,0.5,0.02,0.5,0.613,0.509,0.035,0.509,0.628,0.0,0.0,0.09,-3.64,-74.75,-79.83,-0.82,0.0,0.0,2.0,10.0,0.0,-3.01,1.0,1.0,18.1,28.9,-24.6,-3.7,22.3,0.0,0.0,-22.3,61.0,0.0,0.0,147.0,121.0,93.0,167.0,135.0,20.0,14.0,22.0,46.0,15.0,6.0,0.0
84.017,52,127053.0,600.0,88.0,600.0,755.0,0.0,1.0,0.0,0.0,0.5,0.02,0.5,0.613,0.509,0.035,0.509,0.628,0.0,0.0,0.09,-3.62,-75.34,-81.13,-2.12,0.0,0.0,2.0,10.0,0.0,-3.01,1.0,1.0,13.0,22.1,-26.7,-9.5,23.7,0.0,0.0,-23.7,70.0,0.0,0.0,151.0,121.0,93.0,167.0,135.0,20.0,14.0,22.0,46.0,15.0,6.0,0.0
84.05,52,127105.0,600.0,88.0,600.0,755.0,0.0,1.0,0.0,0.0,0.5,0.02,0.5,0.613,0.509,0.035,0.509,0.628,0.0,0.0,0.19,-3.56,-76.49,-82.48,-3.47,0.0,0.0,2.0,10.0,0.0,-3.01,1.0,1.0,7.4,16.3,-28.9,-15.0,25.0,0.0,0.0,-25.0,121.0,0.0,0.0,76.0,121.0,93.0,167.0,151.0,20.0,14.0,22.0,46.0,15.0,6.0,0.0
84.113,52,127157.0,600.0,88.0,600.0,755.0,0.0,1.0,0.0,0.0,0.5,0.02,0.5,0.613,0.509,0.035,0.509,0.628,0.0,0.0,0.07,-3.62,-77.89,-83.85,-4.84,0.0,0.0,2.0,10.0,0.0,-3.01,1.0,1.0,6.5,13.8,-30.0,-17.1,25.7,0.0,0.0,-26.4,125.0,0.0,0.0,80.0,121.0,93.0,167.0,151.0,20.0,14.0,22.0,46.0,15.0,6.0,0.0
84.178,52,127209.0,600.0,88.0,600.0,755.0,0.0,1.0,0.0,0.0,0.5,0.02,0.5,0.613,0.509,0.035,0.509,0.628,0.0,0.0,0.07,-3.62,-78.46,-85.15,-6.14,0.0,0.0,2.0,10.0,0.0,-3.01,1.0,1.0,5.9,10.6,-28.4,-23.1,27.0,0.0,0.0,-27.0,127.0,0.0,0.0,82.0,121.0,93.0,167.0,151.0,32.0,8.0,12.0,12.0,15.0,6.0,0.0
84.216,52,127261.0,600.0,88.0,600.0,755.0,0.0,1.0,0.0,0.0,0.5,0.02,0.5,0.613,0.509,0.035,0.509,0.628,0.0,0.0,-0.03,-3.62,-79.45,-86.5,-7.49,0.0,0.0,2.0,10.0,0.0,-3.01,1.0,1.0,11.4,9.3,-26.4,-22.9,28.4,0.0,0.0,-28.4,88.0,0.0,0.0,85.0,129.0,93.0,167.0,151.0,32.0,8.0,12.0,12.0,15.0,6.0,0.0
84.281,52,127313.0,600.0,88.0,600.0,755.0,0.0,1.0,0.0,0.0,0.5,0.02,0.5,0.613,0.509,0.035,0.509,0.628,0.0,0.0,-0.0,-3.62,-80.99,-87.85,-8.54,0.0,0.0,2.0,10.0,0.0,-3.01,1.0,1.0,15.0,7.8,-23.8,-20.8,29.4,0.0,0.0,-29.4,96.0,0.0,0.0,92.0,129.0,93.0,167.0,151.0,32.0,8.0,12.0,12.0,15.0,6.0,0.0
84.313,52,127365.0,600.0,88.0,600.0,755.0,0.0,1.0,0.0,0.0,0.5,0.02,0.5,0.613,0.509,0.035,0.509,0.628,0.0,0.0,0.08,-3.54,-82.05,-89.13,-7.82,0.0,0.0,2.0,10.0,0.0,-3.01,1.0,1.0,17.2,6.0,-22.6,-18.2,28.7,0.0,0.0,-28.7,99.0,0.0,0.0,95.0,129.0,93.0,167.0,151.0,32.0,8.0,12.0,12.0,15.0,6.0,0.0
84.381,52,127417.0,600.0,88.0,600.0,755.0,0.0,1.0,0.0,0.0,0.5,0.02,0.5,0.613,0.509,0.035,0.509,0.628,0.0,0.0,0.18,-3.46,-83.72,-90.53,-6.42,0.0,0.0,2.0,10.0,0.0,-3.01,1.0,1.0,17.7,4.7,-21.5,-17.3,27.3,0.0,0.0,-27.3,100.0,0.0,0.0,96.0,129.0,93.0,167.0,151.0,32.0,8.0,12.0,12.0,15.0,6.0,0.0
84.417,52,127469.0,600.0,88.0,600.0,755.0,0.0,1.0,0.0,0.0,0.5,0.02,0.5,0.613,0.509,0.035,0.509,0.628,0.0,0.0,0.17,-3.52,-85.33,-90.53,0.0,0.0,0.0,2.0,10.0,0.0,-3.01,1.0,1.0,19.1,3.7,-21.2,-17.1,0.0,0.0,0.0,0.0,0.0,0.0,0.0,0.0,129.0,93.0,167.0,151.0,32.0,8.0,12.0,12.0,15.0,6.0,0.0
84.483,52,127521.0,600.0,88.0,600.0,755.0,0.0,1.0,0.0,0.0,0.5,0.02,0.5,0.613,0.509,0.035,0.509,0.628,0.0,0.0,0.18,-3.59,-85.83,-90.53,0.0,0.0,0.0,2.0,10.0,0.0,-3.01,1.0,1.0,14.7,2.7,-16.3,-14.9,0.0,0.0,0.0,0.0,0.0,0.0,0.0,0.0,129.0,93.0,167.0,151.0,32.0,8.0,12.0,12.0,15.0,6.0,0.0
85.039,545,128066.0,600.0,88.0,600.0,755.0,0.0,1.0,0.0,0.0,0.5,0.02,0.5,0.613,0.509,0.035,0.509,0.628,0.0,0.0,-0.49,-4.27,-85.83,-85.83,0.0,0.0,0.0,0.0,0.0,7.0,-2.11,1.0,1.0,2.2,0.4,-2.4,-2.2,0.0,0.0,0.0,0.0,0.0,0.0,0.0,0.0,129.0,93.0,167.0,151.0,28.0,12.0,6.0,12.0,15.0,6.0,0.0
85.136,131,128197.0,600.0,91.0,600.0,600.0,0.0,1.0,0.0,0.0,0.5,0.021,0.5,0.552,0.509,0.035,0.509,0.577,0.0,0.0,-1.05,-4.84,-85.8,-85.83,0.0,0.0,0.0,0.0,0.0,9.0,-2.11,1.0,1.0,1.4,0.2,-1.6,-1.5,0.0,0.0,0.0,0.0,0.0,0.0,0.0,0.0,129.0,93.0,167.0,151.0,28.0,12.0,6.0,12.0,15.0,6.0,0.0
85.201,53,128250.0,600.0,91.0,629.0,600.0,0.0,1.0,0.0,0.0,0.5,0.021,0.5,0.552,0.509,0.035,0.509,0.577,0.0,0.0,-1.08,-4.87,-85.79,-85.79,0.0,0.0,0.0,0.0,0.0,0.0,-2.11,1.0,1.0,1.3,0.2,-1.4,-1.3,0.0,0.0,0.0,0.0,0.0,0.0,0.0,0.0,129.0,93.0,167.0,151.0,28.0,12.0,6.0,12.0,15.0,6.0,0.0
85.234,35,128285.0,600.0,91.0,629.0,600.0,0.0,1.0,0.0,0.0,0.5,0.022,0.513,0.524,0.508,0.036,0.519,0.544,0.0,0.0,-1.11,-4.9,-85.79,-85.79,0.0,0.0,0.0,0.0,0.0,0.0,-2.11,1.0,1.0,1.1,0.2,-1.3,-1.1,0.0,0.0,0.0,0.0,0.0,0.0,0.0,0.0,129.0,93.0,167.0,151.0,28.0,12.0,6.0,12.0,15.0,6.0,0.0
85.329,96,128381.0,600.0,91.0,629.0,600.0,0.0,1.0,0.0,0.0,0.5,0.022,0.513,0.524,0.508,0.036,0.519,0.544,0.0,0.0,-1.16,-4.95,-85.78,-85.79,0.0,0.0,0.0,0.0,0.0,0.0,-2.11,1.0,1.0,1.0,0.2,-1.1,-1.0,0.0,0.0,0.0,0.0,0.0,0.0,0.0,0.0,129.0,93.0,167.0,151.0,28.0,12.0,6.0,12.0,15.0,6.0,0.0
85.394,54,128435.0,600.0,91.0,631.0,600.0,0.0,1.0,0.0,0.0,0.5,0.022,0.513,0.524,0.508,0.036,0.519,0.544,0.0,0.0,-1.21,-5.0,-85.79,-85.79,0.0,0.0,0.0,0.0,0.0,0.0,-2.11,1.0,1.0,0.8,0.1,-0.9,-0.8,0.0,0.0,0.0,0.0,0.0,0.0,0.0,0.0,129.0,93.0,167.0,151.0,28.0,12.0,6.0,12.0,15.0,6.0,0.0
85.427,35,128470.0,600.0,91.0,631.0,600.0,0.0,1.0,0.0,0.0,0.5,0.022,0.519,0.511,0.508,0.037,0.526,0.528,0.0,0.0,-1.22,-5.01,-85.79,-85.79,0.0,0.0,0.0,0.0,0.0,0.0,-2.11,1.0,1.0,0.7,0.1,-0.8,-0.7,0.0,0.0,0.0,0.0,0.0,0.0,0.0,0.0,129.0,93.0,167.0,151.0,28.0,12.0,6.0,12.0,15.0,6.0,0.0
85.523,100,128570.0,600.0,90.0,631.0,600.0,0.0,1.0,0.0,0.0,0.5,0.022,0.519,0.511,0.508,0.037,0.526,0.528,0.0,0.0,-1.26,-5.05,-85.78,-85.79,0.0,0.0,0.0,0.0,0.0,0.0,-2.11,1.0,1.0,0.7,0.1,-0.6,-0.5,0.0,0.0,0.0,0.0,0.0,0.0,0.0,0.0,129.0,93.0,167.0,151.0,28.0,12.0,6.0,12.0,15.0,6.0,0.0
85.588,53,128623.0,600.0,90.0,633.0,600.0,0.0,1.0,0.0,0.0,0.5,0.022,0.519,0.511,0.508,0.037,0.526,0.528,0.0,0.0,-1.28,-5.07,-85.78,-85.79,0.0,0.0,0.0,0.0,0.0,0.0,-2.11,1.0,1.0,0.7,0.1,-0.6,-0.5,0.0,0.0,0.0,0.0,0.0,0.0,0.0,0.0,129.0,93.0,167.0,151.0,28.0,12.0,6.0,12.0,15.0,6.0,0.0
85.621,52,128675.0,600.0,90.0,633.0,600.0,0.0,1.0,0.0,0.0,0.5,0.022,0.523,0.505,0.508,0.037,0.53,0.521,0.0,0.0,-1.32,-5.11,-85.79,-85.79,0.0,0.0,0.0,0.0,0.0,0.0,-2.11,1.0,1.0,0.5,0.1,-0.5,-0.4,0.0,0.0,0.0,0.0,0.0,0.0,0.0,0.0,129.0,93.0,167.0,151.0,28.0,12.0,6.0,12.0,15.0,6.0,0.0
85.687,52,128727.0,600.0,90.0,633.0,600.0,0.0,1.0,0.0,0.0,0.5,0.022,0.523,0.505,0.508,0.037,0.53,0.521,0.0,0.0,-1.32,-5.12,-85.78,-85.79,0.0,0.0,0.0,0.0,0.0,0.0,-2.11,1.0,1.0,0.5,0.0,-0.4,-0.4,0.0,0.0,0.0,0.0,0.0,0.0,0.0,0.0,129.0,93.0,167.0,151.0,28.0,12.0,6.0,12.0,15.0,6.0,0.0
85.72,53,128780.0,600.0,89.0,633.0,600.0,0.0,1.0,0.0,0.0,0.5,0.022,0.523,0.505,0.508,0.037,0.53,0.521,0.0,0.0,-1.34,-5.15,-85.78,-85.79,0.0,0.0,0.0,0.0,0.0,0.0,-2.11,1.0,1.0,0.4,0.0,-0.4,-0.3,0.0,0.0,0.0,0.0,0.0,0.0,0.0,0.0,129.0,93.0,167.0,151.0,28.0,12.0,6.0,12.0,15.0,6.0,1.0
85.786,52,128832.0,600.0,89.0,635.0,600.0,0.0,1.0,0.0,0.0,0.5,0.022,0.523,0.505,0.508,0.037,0.53,0.521,0.0,0.0,-1.35,-5.15,-85.78,-85.79,0.0,0.0,0.0,0.0,0.0,0.0,-2.11,1.0,1.0,0.4,0.1,-0.3,-0.3,0.0,0.0,0.0,0.0,0.0,0.0,0.0,0.0,129.0,93.0,167.0,151.0,28.0,12.0,6.0,12.0,15.0,6.0,0.0
85.824,35,128867.0,600.0,89.0,635.0,600.0,0.0,1.0,0.0,0.0,0.5,0.022,0.526,0.502,0.508,0.037,0.533,0.518,0.0,0.0,-1.36,-5.17,-85.78,-85.79,0.0,0.0,0.0,0.0,0.0,0.0,-2.11,1.0,1.0,0.3,-0.0,-0.3,-0.3,0.0,0.0,0.0,0.0,0.0,0.0,0.0,0.0,129.0,93.0,167.0,151.0,28.0,12.0,6.0,12.0,15.0,6.0,0.0
85.922,96,128963.0,600.0,88.0,635.0,600.0,0.0,1.0,0.0,0.0,0.5,0.022,0.526,0.502,0.508,0.037,0.533,0.518,0.0,0.0,-1.39,-5.19,-85.78,-85.79,0.0,0.0,0.0,0.0,0.0,0.0,-2.11,1.0,1.0,0.3,-0.0,-0.2,-0.2,0.0,0.0,0.0,0.0,0.0,0.0,0.0,0.0,129.0,93.0,167.0,151.0,28.0,12.0,6.0,12.0,15.0,6.0,0.0
85.988,54,129017.0,600.0,88.0,638.0,600.0,0.0,1.0,0.0,0.0,0.5,0.022,0.526,0.502,0.508,0.037,0.533,0.518,0.0,0.0,-1.42,-5.21,-85.77,-85.79,0.0,0.0,0.0,0.0,0.0,0.0,-2.11,1.0,1.0,0.2,0.2,-0.2,-0.2,0.0,0.0,0.0,0.0,0.0,0.0,0.0,0.0,129.0,93.0,167.0,151.0,28.0,12.0,6.0,12.0,15.0,6.0,0.0
86.034,52,129069.0,600.0,88.0,638.0,600.0,0.0,1.0,0.0,0.0,0.5,0.021,0.528,0.501,0.508,0.036,0.536,0.516,0.0,0.0,-1.42,-5.22,-85.77,-85.79,0.0,0.0,0.0,0.0,0.0,0.0,-2.11,1.0,1.0,0.2,0.1,-0.2,-0.2,0.0,0.0,0.0,0.0,0.0,0.0,0.0,0.0,129.0,93.0,167.0,151.0,28.0,12.0,6.0,12.0,15.0,6.0,0.0
86.067,52,129121.0,600.0,88.0,638.0,600.0,0.0,1.0,0.0,0.0,0.5,0.021,0.528,0.501,0.508,0.036,0.536,0.516,0.0,0.0,-1.43,-5.24,-85.77,-85.79,0.0,0.0,0.0,0.0,0.0,0.0,-2.11,1.0,1.0,0.2,0.2,-0.1,-0.1,0.0,0.0,0.0,0.0,0.0,0.0,0.0,0.0,129.0,93.0,167.0,151.0,28.0,12.0,6.0,12.0,15.0,6.0,0.0
86.132,51,129172.0,600.0,89.0,638.0,600.0,0.0,1.0,0.0,0.0,0.5,0.021,0.528,0.501,0.508,0.036,0.536,0.516,0.0,0.0,-1.44,-5.24,-85.76,-85.79,0.0,0.0,0.0,0.0,0.0,0.0,-2.11,1.0,1.0,0.1,0.1,-0.1,-0.1,0.0,0.0,0.0,0.0,0.0,0.0,0.0,0.0,129.0,93.0,167.0,151.0,28.0,12.0,6.0,12.0,15.0,6.0,0.0
86.164,53,129225.0,600.0,89.0,639.0,600.0,0.0,1.0,0.0,0.0,0.5,0.021,0.528,0.501,0.508,0.036,0.536,0.516,0.0,0.0,-1.45,-5.25,-85.76,-85.79,0.0,0.0,0.0,0.0,0.0,0.0,-2.11,1.0,1.0,0.1,0.1,-0.1,-0.1,0.0,0.0,0.0,0.0,0.0,0.0,0.0,0.0,129.0,93.0,167.0,151.0,28.0,12.0,6.0,12.0,15.0,6.0,0.0
86.23,52,129277.0,600.0,89.0,639.0,600.0,0.0,1.0,0.0,0.0,0.5,0.021,0.53,0.501,0.508,0.036,0.537,0.516,0.0,0.0,-1.46,-5.27,-85.76,-85.79,0.0,0.0,0.0,0.0,0.0,0.0,-2.11,1.0,1.0,0.1,0.1,-0.1,-0.1,0.0,0.0,0.0,0.0,0.0,0.0,0.0,0.0,129.0,93.0,167.0,151.0,28.0,12.0,6.0,12.0,15.0,6.0,0.0
86.295,53,129330.0,600.0,89.0,639.0,600.0,0.0,1.0,0.0,0.0,0.5,0.021,0.53,0.501,0.508,0.036,0.537,0.516,0.0,0.0,-1.46,-5.27,-85.76,-85.79,0.0,0.0,0.0,0.0,0.0,0.0,-2.11,1.0,1.0,0.1,0.1,-0.1,-0.1,0.0,0.0,0.0,0.0,0.0,0.0,0.0,0.0,129.0,93.0,167.0,151.0,28.0,12.0,6.0,12.0,15.0,6.0,0.0
86.327,52,129382.0,600.0,89.0,639.0,600.0,0.0,1.0,0.0,0.0,0.5,0.021,0.53,0.501,0.508,0.036,0.537,0.516,0.0,0.0,-1.47,-5.28,-85.77,-85.79,0.0,0.0,0.0,0.0,0.0,0.0,-2.11,1.0,1.0,0.1,0.1,-0.1,-0.1,0.0,0.0,0.0,0.0,0.0,0.0,0.0,0.0,129.0,93.0,167.0,151.0,28.0,12.0,6.0,12.0,15.0,6.0,0.0
86.392,53,129435.0,600.0,89.0,641.0,600.0,0.0,1.0,0.0,0.0,0.5,0.021,0.53,0.501,0.508,0.036,0.537,0.516,0.0,0.0,-1.48,-5.29,-85.77,-85.79,0.0,0.0,0.0,0.0,0.0,0.0,-2.11,1.0,1.0,0.1,0.0,-0.1,-0.1,0.0,0.0,0.0,0.0,0.0,0.0,0.0,0.0,129.0,93.0,167.0,151.0,28.0,12.0,6.0,12.0,15.0,6.0,0.0
86.429,34,129469.0,600.0,89.0,641.0,600.0,0.0,1.0,0.0,0.0,0.5,0.021,0.531,0.5,0.508,0.037,0.539,0.515,0.0,0.0,-1.49,-5.3,-85.76,-85.79,0.0,0.0,0.0,0.0,0.0,0.0,-2.11,1.0,1.0,0.1,0.0,-0.1,-0.1,0.0,0.0,0.0,0.0,0.0,0.0,0.0,0.0,129.0,93.0,167.0,151.0,28.0,12.0,6.0,12.0,15.0,6.0,0.0
86.527,98,129567.0,600.0,90.0,641.0,600.0,0.0,1.0,0.0,0.0,0.5,0.021,0.531,0.5,0.508,0.037,0.539,0.515,0.0,0.0,-1.49,-5.31,-85.76,-85.79,0.0,0.0,0.0,0.0,0.0,0.0,-2.11,1.0,1.0,0.1,0.0,-0.0,-0.0,0.0,0.0,0.0,0.0,0.0,0.0,0.0,0.0,129.0,93.0,167.0,151.0,28.0,12.0,6.0,12.0,15.0,6.0,1.0
86.593,87,129654.0,600.0,90.0,642.0,600.0,0.0,1.0,0.0,0.0,0.5,0.022,0.533,0.5,0.508,0.037,0.54,0.515,0.0,0.0,-1.5,-5.32,-85.76,-85.79,0.0,0.0,0.0,0.0,0.0,0.0,-2.11,1.0,1.0,0.0,0.0,-0.0,-0.0,0.0,0.0,0.0,0.0,0.0,0.0,0.0,0.0,129.0,93.0,167.0,151.0,28.0,12.0,6.0,12.0,15.0,6.0,0.0
86.724,98,129752.0,600.0,89.0,642.0,600.0,0.0,1.0,0.0,0.0,0.5,0.022,0.533,0.5,0.508,0.037,0.54,0.515,0.0,0.0,-1.5,-5.33,-85.76,-85.79,0.0,0.0,0.0,0.0,0.0,0.0,-2.11,1.0,1.0,0.0,0.0,-0.0,-0.0,0.0,0.0,0.0,0.0,0.0,0.0,0.0,0.0,129.0,93.0,167.0,151.0,28.0,12.0,6.0,12.0,15.0,6.0,0.0
86.756,52,129804.0,600.0,89.0,642.0,600.0,0.0,1.0,0.0,0.0,0.5,0.022,0.533,0.5,0.508,0.037,0.54,0.515,0.0,0.0,-1.51,-5.33,-85.76,-85.79,0.0,0.0,0.0,0.0,0.0,0.0,-2.11,1.0,1.0,0.0,0.0,-0.0,-0.0,0.0,0.0,0.0,0.0,0.0,0.0,0.0,0.0,129.0,93.0,167.0,151.0,28.0,12.0,6.0,12.0,15.0,6.0,0.0
86.79,36,129840.0,600.0,89.0,642.0,600.0,0.0,1.0,0.0,0.0,0.5,0.022,0.533,0.5,0.508,0.037,0.541,0.515,0.0,0.0,-1.51,-5.34,-85.76,-85.79,0.0,0.0,0.0,0.0,0.0,0.0,-2.11,1.0,1.0,0.0,-0.0,-0.0,-0.0,0.0,0.0,0.0,0.0,0.0,0.0,0.0,0.0,129.0,93.0,167.0,151.0,28.0,12.0,6.0,12.0,15.0,6.0,0.0
86.888,101,129941.0,600.0,90.0,642.0,600.0,0.0,1.0,0.0,0.0,0.5,0.022,0.533,0.5,0.508,0.037,0.541,0.515,0.0,0.0,-1.52,-5.34,-85.76,-85.79,0.0,0.0,0.0,0.0,0.0,0.0,-2.11,1.0,1.0,0.0,-0.0,-0.0,-0.0,0.0,0.0,0.0,0.0,0.0,0.0,0.0,0.0,129.0,93.0,167.0,151.0,28.0,12.0,6.0,12.0,15.0,6.0,0.0
86.952,52,129993.0,600.0,90.0,641.0,600.0,0.0,1.0,0.0,0.0,0.5,0.022,0.533,0.5,0.508,0.037,0.541,0.515,0.0,0.0,-1.52,-5.34,-85.76,-85.79,0.0,0.0,0.0,0.0,0.0,0.0,-2.11,1.0,1.0,0.0,-0.0,-0.0,-0.0,0.0,0.0,0.0,0.0,0.0,0.0,0.0,0.0,129.0,93.0,167.0,151.0,28.0,12.0,6.0,12.0,15.0,6.0,0.0
87.028,52,130045.0,600.0,90.0,641.0,600.0,0.0,1.0,0.0,0.0,0.5,0.022,0.533,0.5,0.508,0.037,0.541,0.515,0.0,0.0,-1.52,-5.35,-85.76,-85.79,0.0,0.0,0.0,0.0,0.0,0.0,-2.11,1.0,1.0,0.0,-0.0,-0.0,-0.0,0.0,0.0,0.0,0.0,0.0,0.0,0.0,0.0,129.0,93.0,167.0,151.0,28.0,12.0,6.0,12.0,15.0,6.0,0.0
87.061,52,130097.0,600.0,90.0,641.0,600.0,0.0,1.0,0.0,0.0,0.5,0.022,0.533,0.5,0.508,0.037,0.541,0.515,0.0,0.0,-1.53,-5.36,-85.76,-85.79,0.0,0.0,0.0,0.0,0.0,0.0,-2.11,1.0,1.0,0.0,-0.0,-0.0,-0.0,0.0,0.0,0.0,0.0,0.0,0.0,0.0,0.0,129.0,93.0,167.0,151.0,28.0,12.0,6.0,12.0,15.0,6.0,0.0
87.093,51,130148.0,600.0,89.0,641.0,600.0,0.0,1.0,0.0,0.0,0.5,0.022,0.533,0.5,0.508,0.037,0.541,0.515,0.0,0.0,-1.53,-5.36,-85.76,-85.79,0.0,0.0,0.0,0.0,0.0,0.0,-2.11,1.0,1.0,0.0,-0.0,-0.0,-0.0,0.0,0.0,0.0,0.0,0.0,0.0,0.0,0.0,129.0,93.0,167.0,151.0,28.0,12.0,6.0,12.0,15.0,6.0,1.0
87.159,53,130201.0,600.0,89.0,640.0,600.0,0.0,1.0,0.0,0.0,0.5,0.022,0.533,0.5,0.508,0.037,0.541,0.515,0.0,0.0,-1.54,-5.36,-85.76,-85.79,0.0,0.0,0.0,0.0,0.0,0.0,-2.11,1.0,1.0,0.0,-0.0,-0.0,-0.0,0.0,0.0,0.0,0.0,0.0,0.0,0.0,0.0,129.0,93.0,167.0,151.0,28.0,12.0,6.0,12.0,15.0,6.0,1.0
87.193,34,130235.0,600.0,89.0,640.0,600.0,0.0,1.0,0.0,0.0,0.5,0.022,0.533,0.5,0.508,0.037,0.54,0.515,0.0,0.0,-1.54,-5.37,-85.76,-85.79,0.0,0.0,0.0,0.0,0.0,0.0,-2.11,1.0,1.0,0.0,-0.0,-0.0,-0.0,0.0,0.0,0.0,0.0,0.0,0.0,0.0,0.0,129.0,93.0,167.0,151.0,28.0,12.0,6.0,12.0,15.0,6.0,0.0
87.291,98,130333.0,600.0,89.0,640.0,600.0,0.0,1.0,0.0,0.0,0.5,0.022,0.533,0.5,0.508,0.037,0.54,0.515,0.0,0.0,-1.55,-5.37,-85.76,-85.79,0.0,0.0,0.0,0.0,0.0,0.0,-2.11,1.0,1.0,0.0,-0.0,-0.0,0.0,0.0,0.0,0.0,0.0,0.0,0.0,0.0,0.0,129.0,93.0,167.0,151.0,28.0,12.0,6.0,12.0,15.0,6.0,0.0
87.354,53,130386.0,600.0,89.0,640.0,600.0,0.0,1.0,0.0,0.0,0.5,0.022,0.533,0.5,0.508,0.037,0.54,0.515,0.0,0.0,-1.55,-5.37,-85.76,-85.79,0.0,0.0,0.0,0.0,0.0,0.0,-2.11,1.0,1.0,0.0,-0.0,-0.0,-0.3,0.0,0.0,0.0,0.0,0.0,0.0,0.0,0.0,129.0,93.0,167.0,151.0,28.0,12.0,6.0,12.0,15.0,6.0,0.0
87.386,35,130421.0,600.0,89.0,640.0,600.0,0.0,1.0,0.0,0.0,0.5,0.022,0.532,0.5,0.508,0.037,0.54,0.515,0.0,0.0,-1.56,-5.37,-85.76,-85.79,0.0,0.0,0.0,0.0,0.0,0.0,-2.11,1.0,1.0,0.0,-0.0,-0.0,-0.2,0.0,0.0,0.0,0.0,0.0,0.0,0.0,0.0,129.0,93.0,167.0,151.0,28.0,12.0,6.0,12.0,15.0,6.0,0.0
87.485,96,130517.0,600.0,88.0,640.0,600.0,0.0,1.0,0.0,0.0,0.5,0.022,0.532,0.5,0.508,0.037,0.54,0.515,0.0,0.0,-1.56,-5.38,-85.76,-85.79,0.0,0.0,0.0,0.0,0.0,0.0,-2.11,1.0,1.0,0.0,-0.0,-0.0,-0.2,0.0,0.0,0.0,0.0,0.0,0.0,0.0,0.0,129.0,93.0,167.0,151.0,28.0,12.0,6.0,12.0,15.0,6.0,0.0
87.516,53,130570.0,600.0,88.0,640.0,600.0,0.0,1.0,0.0,0.0,0.5,0.022,0.532,0.5,0.508,0.037,0.54,0.515,0.0,0.0,-1.56,-5.38,-85.76,-85.79,0.0,0.0,0.0,0.0,0.0,0.0,-2.11,1.0,1.0,0.0,-0.0,-0.0,-0.1,0.0,0.0,0.0,0.0,0.0,0.0,0.0,0.0,129.0,93.0,167.0,151.0,28.0,12.0,6.0,12.0,15.0,6.0,0.0
87.548,35,130605.0,600.0,88.0,640.0,600.0,0.0,1.0,0.0,0.0,0.5,0.021,0.532,0.5,0.508,0.037,0.54,0.515,0.0,0.0,-1.57,-5.38,-85.76,-85.79,0.0,0.0,0.0,0.0,0.0,0.0,-2.11,1.0,1.0,0.0,-0.0,-0.0,-0.1,0.0,0.0,0.0,0.0,0.0,0.0,0.0,0.0,129.0,93.0,167.0,151.0,28.0,12.0,6.0,12.0,15.0,6.0,1.0
87.644,98,130703.0,600.0,89.0,640.0,600.0,0.0,1.0,0.0,0.0,0.5,0.021,0.532,0.5,0.508,0.037,0.54,0.515,0.0,0.0,-1.57,-5.38,-85.76,-85.79,0.0,0.0,0.0,0.0,0.0,0.0,-2.11,1.0,1.0,0.0,-0.0,-0.0,-0.1,0.0,0.0,0.0,0.0,0.0,0.0,0.0,0.0,129.0,93.0,167.0,151.0,28.0,12.0,6.0,12.0,15.0,6.0,0.0
87.71,53,130756.0,600.0,89.0,640.0,600.0,0.0,1.0,0.0,0.0,0.5,0.021,0.532,0.5,0.508,0.037,0.54,0.515,0.0,0.0,-1.57,-5.39,-85.76,-85.79,0.0,0.0,0.0,0.0,0.0,0.0,-2.11,1.0,1.0,0.0,-0.0,-0.0,-0.1,0.0,0.0,0.0,0.0,0.0,0.0,0.0,0.0,129.0,93.0,167.0,151.0,28.0,12.0,6.0,12.0,15.0,6.0,0.0
87.742,35,130791.0,600.0,89.0,640.0,600.0,0.0,1.0,0.0,0.0,0.5,0.022,0.532,0.5,0.508,0.037,0.54,0.515,0.0,0.0,-1.57,-5.39,-85.76,-85.79,0.0,0.0,0.0,0.0,0.0,0.0,-2.11,1.0,1.0,0.0,-0.0,-0.0,-0.1,0.0,0.0,0.0,0.0,0.0,0.0,0.0,0.0,129.0,93.0,167.0,151.0,28.0,12.0,6.0,12.0,15.0,6.0,0.0
87.849,96,130887.0,600.0,88.0,640.0,600.0,0.0,1.0,0.0,0.0,0.5,0.022,0.532,0.5,0.508,0.037,0.54,0.515,0.0,0.0,-1.58,-5.39,-85.75,-85.79,0.0,0.0,0.0,0.0,0.0,0.0,-2.11,1.0,1.0,0.0,-0.0,-0.0,-0.1,0.0,0.0,0.0,0.0,0.0,0.0,0.0,0.0,129.0,93.0,167.0,151.0,28.0,12.0,6.0,12.0,15.0,6.0,0.0
87.882,52,130939.0,600.0,88.0,640.0,600.0,0.0,1.0,0.0,0.0,0.5,0.022,0.532,0.5,0.508,0.037,0.54,0.515,0.0,0.0,-1.58,-5.39,-85.75,-85.79,0.0,0.0,0.0,0.0,0.0,0.0,-2.11,1.0,1.0,0.0,-0.0,-0.0,-0.1,0.0,0.0,0.0,0.0,0.0,0.0,0.0,0.0,129.0,93.0,167.0,151.0,28.0,12.0,6.0,12.0,15.0,6.0,0.0
87.913,35,130974.0,600.0,88.0,640.0,600.0,0.0,1.0,0.0,0.0,0.5,0.021,0.532,0.5,0.508,0.037,0.54,0.515,0.0,0.0,-1.58,-5.39,-85.75,-85.79,0.0,0.0,0.0,0.0,0.0,0.0,-2.11,1.0,1.0,0.0,-0.0,-0.0,-0.0,0.0,0.0,0.0,0.0,0.0,0.0,0.0,0.0,129.0,93.0,167.0,151.0,28.0,12.0,6.0,12.0,15.0,6.0,0.0
88.043,99,131073.0,600.0,89.0,640.0,600.0,0.0,1.0,0.0,0.0,0.5,0.021,0.532,0.5,0.508,0.037,0.54,0.515,0.0,0.0,-1.59,-5.39,-85.75,-85.79,0.0,0.0,0.0,0.0,0.0,0.0,-2.11,1.0,1.0,0.0,-0.0,-0.0,-0.0,0.0,0.0,0.0,0.0,0.0,0.0,0.0,0.0,129.0,93.0,167.0,151.0,28.0,12.0,6.0,12.0,15.0,6.0,1.0
88.076,53,131126.0,600.0,89.0,640.0,600.0,0.0,1.0,0.0,0.0,0.5,0.021,0.532,0.5,0.508,0.037,0.54,0.515,0.0,0.0,-1.59,-5.39,-85.75,-85.79,0.0,0.0,0.0,0.0,0.0,0.0,-2.11,1.0,1.0,0.0,-0.0,-0.0,-0.0,0.0,0.0,0.0,0.0,0.0,0.0,0.0,0.0,129.0,93.0,167.0,151.0,28.0,12.0,6.0,12.0,15.0,6.0,0.0
88.141,53,131179.0,600.0,89.0,640.0,600.0,0.0,1.0,0.0,0.0,0.5,0.021,0.532,0.5,0.508,0.037,0.54,0.515,0.0,0.0,-1.59,-5.39,-85.75,-85.79,0.0,0.0,0.0,0.0,0.0,0.0,-2.11,1.0,1.0,0.0,-0.0,-0.0,-0.0,0.0,0.0,0.0,0.0,0.0,0.0,0.0,0.0,129.0,93.0,167.0,151.0,28.0,12.0,6.0,12.0,15.0,6.0,0.0
88.172,53,131232.0,600.0,89.0,640.0,600.0,0.0,1.0,0.0,0.0,0.5,0.021,0.532,0.5,0.508,0.037,0.54,0.515,0.0,0.0,-1.59,-5.39,-85.75,-85.79,0.0,0.0,0.0,2.0,11.0,0.0,-2.11,1.0,1.0,0.0,-0.0,-0.0,-0.0,-2.7,0.0,0.0,2.7,71.0,0.0,0.0,83.0,129.0,93.0,167.0,151.0,28.0,12.0,6.0,12.0,15.0,6.0,1.0
88.246,53,131285.0,600.0,89.0,640.0,600.0,0.0,1.0,0.0,0.0,0.5,0.021,0.532,0.5,0.508,0.037,0.54,0.515,0.0,0.0,-1.59,-5.39,-85.75,-85.54,0.78,0.0,0.0,2.0,11.0,0.0,-2.11,1.0,1.0,0.0,-0.0,-0.0,-0.0,-5.9,0.0,0.0,5.9,71.0,0.0,0.0,83.0,129.0,93.0,167.0,151.0,28.0,12.0,6.0,12.0,15.0,6.0,0.0
88.279,52,131337.0,600.0,89.0,640.0,600.0,0.0,1.0,0.0,0.0,0.5,0.021,0.532,0.5,0.508,0.037,0.54,0.515,0.0,0.0,-1.66,-5.4,-85.75,-85.22,1.58,0.0,0.0,2.0,11.0,0.0,-2.11,1.0,1.0,-2.1,-2.1,3.2,-0.0,-7.7,0.0,0.0,7.7,71.0,0.0,0.0,83.0,129.0,93.0,167.0,151.0,26.0,12.0,6.0,12.0,15.0,6.0,0.0
88.345,52,131389.0,600.0,89.0,640.0,600.0,0.0,1.0,0.0,0.0,0.5,0.021,0.532,0.5,0.508,0.037,0.54,0.515,0.0,0.0,-1.58,-5.32,-84.85,-84.76,0.28,0.0,0.0,2.0,11.0,0.0,-2.11,1.0,1.0,-5.7,-4.2,6.1,1.9,-8.7,0.0,0.0,8.7,71.0,0.0,0.0,83.0,129.0,93.0,167.0,151.0,26.0,12.0,6.0,12.0,15.0,6.0,0.0
88.414,52,131441.0,600.0,89.0,640.0,600.0,0.0,1.0,0.0,0.0,0.5,0.021,0.532,0.5,0.508,0.037,0.54,0.515,0.0,0.0,-1.63,-5.31,-84.06,-84.16,-1.02,0.0,0.0,2.0,11.0,0.0,-2.11,1.0,1.0,-6.4,-3.5,8.0,4.8,-9.7,0.0,0.0,9.7,71.0,0.0,0.0,83.0,129.0,93.0,167.0,151.0,26.0,12.0,6.0,12.0,15.0,6.0,0.0
88.448,52,131493.0,600.0,89.0,640.0,600.0,0.0,1.0,0.0,0.0,0.5,0.021,0.532,0.5,0.508,0.037,0.54,0.515,0.0,0.0,-1.72,-5.31,-83.21,-83.36,-2.42,0.0,0.0,2.0,11.0,0.0,-2.11,1.0,1.0,-4.7,-2.2,9.9,6.3,-10.6,0.0,0.0,10.6,71.0,0.0,0.0,83.0,129.0,93.0,167.0,151.0,26.0,12.0,6.0,12.0,15.0,6.0,0.0
88.513,52,131545.0,600.0,89.0,640.0,600.0,0.0,1.0,0.0,0.0,0.5,0.021,0.532,0.5,0.508,0.037,0.54,0.515,0.0,0.0,-1.78,-5.33,-82.61,-82.41,-3.79,0.0,0.0,2.0,11.0,0.0,-2.11,1.0,1.0,-4.1,-2.0,10.6,7.0,-11.1,0.0,0.0,11.1,71.0,0.0,0.0,83.0,129.0,93.0,167.0,151.0,26.0,12.0,6.0,12.0,15.0,6.0,0.0
88.552,52,131597.0,600.0,89.0,640.0,600.0,0.0,1.0,0.0,0.0,0.5,0.021,0.532,0.5,0.508,0.037,0.54,0.515,0.0,0.0,-1.85,-5.33,-82.29,-81.42,-3.79,0.0,0.0,2.0,11.0,0.0,-2.11,1.0,1.0,-3.1,-1.4,10.7,8.2,-13.3,0.0,0.0,13.3,71.0,0.0,0.0,83.0,129.0,93.0,167.0,151.0,26.0,12.0,6.0,12.0,15.0,6.0,0.0
88.623,52,131649.0,600.0,89.0,640.0,600.0,0.0,1.0,0.0,0.0,0.5,0.021,0.532,0.5,0.508,0.037,0.54,0.515,0.0,0.0,-1.87,-5.33,-81.98,-80.2,-2.44,0.0,0.0,2.0,11.0,0.0,-2.11,1.0,1.0,-2.4,-1.2,11.2,8.8,-17.0,0.0,0.0,17.0,71.0,0.0,0.0,83.0,129.0,93.0,167.0,151.0,26.0,12.0,6.0,12.0,15.0,6.0,0.0
88.655,52,131701.0,600.0,89.0,640.0,600.0,0.0,1.0,0.0,0.0,0.5,0.021,0.532,0.5,0.508,0.037,0.54,0.515,0.0,0.0,-1.93,-5.35,-81.58,-78.92,-1.17,0.0,0.0,2.0,11.0,0.0,-2.11,1.0,1.0,-1.7,-0.9,11.8,9.4,-20.4,0.0,0.0,20.4,131.0,0.0,0.0,153.0,129.0,93.0,167.0,151.0,26.0,12.0,6.0,12.0,15.0,6.0,0.0
88.712,52,131753.0,600.0,89.0,640.0,600.0,0.0,1.0,0.0,0.0,0.5,0.021,0.532,0.5,0.508,0.037,0.54,0.515,0.0,0.0,-1.95,-5.36,-81.46,-77.37,0.21,0.0,0.0,2.0,11.0,0.0,-2.11,1.0,1.0,-1.3,-0.7,15.0,12.2,-24.2,0.0,0.0,24.2,135.0,0.0,0.0,74.0,129.0,93.0,167.0,153.0,26.0,12.0,6.0,12.0,15.0,6.0,0.0
88.769,52,131805.0,600.0,89.0,640.0,600.0,0.0,1.0,0.0,0.0,0.5,0.021,0.532,0.5,0.508,0.037,0.54,0.515,0.0,0.0,-1.82,-5.36,-80.36,-75.68,1.58,0.0,0.0,2.0,11.0,0.0,-2.11,1.0,1.0,-1.4,0.0,14.1,13.4,-27.9,0.0,0.0,27.9,139.0,0.0,0.0,87.0,129.0,93.0,167.0,153.0,48.0,18.0,14.0,93.0,15.0,6.0,0.0
88.798,52,131857.0,600.0,89.0,640.0,600.0,0.0,1.0,0.0,0.0,0.5,0.021,0.532,0.5,0.508,0.037,0.54,0.515,0.0,0.0,-1.86,-5.4,-79.85,-73.93,2.88,0.0,0.0,2.0,11.0,0.0,-2.11,1.0,1.0,-6.1,-0.4,13.7,12.6,-31.5,0.0,0.0,31.5,143.0,0.0,0.0,105.0,129.0,93.0,167.0,153.0,48.0,18.0,14.0,93.0,15.0,6.0,0.0
88.855,52,131909.0,600.0,89.0,640.0,600.0,0.0,1.0,0.0,0.0,0.5,0.021,0.532,0.5,0.508,0.037,0.54,0.515,0.0,0.0,-2.12,-5.47,-78.14,-71.97,4.03,0.0,0.0,2.0,11.0,0.0,-2.11,1.0,1.0,-14.7,-0.5,15.4,10.2,-34.9,0.0,0.0,34.9,84.0,0.0,0.0,125.0,145.0,93.0,167.0,153.0,48.0,18.0,14.0,93.0,15.0,6.0,0.0
88.912,52,131961.0,600.0,89.0,640.0,600.0,0.0,1.0,0.0,0.0,0.5,0.021,0.532,0.5,0.508,0.037,0.54,0.515,0.0,0.0,-2.27,-5.47,-75.73,-69.86,2.68,0.0,0.0,2.0,11.0,0.0,-2.11,1.0,1.0,-21.9,-0.6,19.0,8.7,-35.9,0.0,0.0,35.9,91.0,0.0,0.0,155.0,145.0,93.0,167.0,153.0,48.0,18.0,14.0,93.0,15.0,6.0,0.0
88.969,52,132013.0,600.0,89.0,640.0,600.0,0.0,1.0,0.0,0.0,0.5,0.021,0.532,0.5,0.508,0.037,0.54,0.515,0.0,0.0,-2.29,-5.48,-74.44,-67.68,1.38,0.0,0.0,2.0,11.0,0.0,-2.11,1.0,1.0,-24.2,-0.4,23.8,9.5,-36.8,0.0,0.0,36.8,98.0,0.0,0.0,159.0,145.0,93.0,167.0,153.0,48.0,18.0,14.0,93.0,15.0,6.0,0.0
89.026,52,132065.0,600.0,89.0,640.0,600.0,0.0,1.0,0.0,0.0,0.5,0.021,0.532,0.5,0.508,0.037,0.54,0.515,0.0,0.0,-2.29,-5.32,-72.07,-65.28,0.03,0.0,0.0,2.0,11.0,0.0,-2.11,1.0,1.0,-24.4,-0.2,29.5,11.4,-37.8,0.0,0.0,37.8,106.0,0.0,0.0,144.0,145.0,93.0,167.0,159.0,48.0,18.0,14.0,93.0,15.0,6.0,0.0
89.055,52,132117.0,600.0,89.0,640.0,600.0,0.0,1.0,0.0,0.0,0.5,0.021,0.532,0.5,0.508,0.037,0.54,0.515,0.0,0.0,-2.66,-5.44,-69.46,-62.72,-1.32,0.0,0.0,2.0,11.0,0.0,-2.11,1.0,1.0,-22.8,-0.2,34.9,11.1,-38.8,0.0,0.0,38.8,115.0,0.0,0.0,159.0,145.0,93.0,167.0,159.0,48.0,18.0,14.0,93.0,15.0,6.0,0.0
89.111,52,132169.0,600.0,89.0,640.0,600.0,0.0,1.0,0.0,0.0,0.5,0.021,0.532,0.5,0.508,0.037,0.54,0.515,0.0,0.0,-2.76,-5.43,-67.72,-60.11,-1.97,0.0,0.0,2.0,11.0,0.0,-2.11,1.0,1.0,-21.7,-0.1,37.9,11.7,-39.7,0.0,0.0,39.7,125.0,0.0,0.0,173.0,145.0,93.0,167.0,159.0,48.0,18.0,14.0,93.0,15.0,6.0,0.0
89.168,52,132221.0,600.0,89.0,640.0,600.0,0.0,1.0,0.0,0.0,0.5,0.021,0.532,0.5,0.508,0.037,0.54,0.515,0.0,0.0,-2.82,-5.28,-65.3,-58.65,-3.32,0.0,0.0,2.0,11.0,0.0,-2.11,1.0,1.0,-23.6,-0.2,44.3,12.0,-40.7,0.0,0.0,40.7,134.0,0.0,0.0,188.0,145.0,93.0,167.0,159.0,48.0,18.0,14.0,93.0,15.0,6.0,0.0
89.226,52,132273.0,600.0,89.0,640.0,600.0,0.0,1.0,0.0,0.0,0.5,0.021,0.532,0.5,0.508,0.037,0.54,0.515,0.0,0.0,-2.92,-5.23,-63.23,-55.84,-4.62,0.0,0.0,2.0,11.0,0.0,-2.11,1.0,1.0,-24.5,-0.2,48.4,14.4,-43.2,0.0,0.0,43.2,148.0,0.0,0.0,208.0,145.0,93.0,167.0,159.0,48.0,18.0,14.0,93.0,15.0,6.0,1.0
89.283,52,132325.0,600.0,89.0,640.0,600.0,0.0,1.0,0.0,0.0,0.5,0.021,0.532,0.5,0.508,0.037,0.54,0.515,0.0,0.0,-2.94,-5.23,-61.55,-52.64,-3.22,0.0,0.0,2.0,11.0,0.0,-2.11,1.0,1.0,-22.7,0.0,52.2,15.9,-46.8,0.0,0.0,46.8,167.0,0.0,0.0,230.0,145.0,93.0,167.0,159.0,26.0,18.0,14.0,73.0,15.0,6.0,0.0
89.341,53,132378.0,600.0,89.0,640.0,600.0,0.0,1.0,0.0,0.0,0.5,0.021,0.532,0.5,0.508,0.037,0.54,0.515,0.0,0.0,-3.08,-5.17,-57.6,-49.3,-3.32,0.0,0.0,2.0,11.0,0.0,-2.11,1.0,1.0,-25.5,-1.8,58.9,17.8,-46.1,0.0,0.0,46.1,174.0,0.0,0.0,241.0,145.0,93.0,167.0,159.0,26.0,18.0,14.0,73.0,15.0,6.0,0.0
89.369,52,132430.0,600.0,89.0,640.0,600.0,0.0,1.0,0.0,0.0,0.5,0.021,0.532,0.5,0.508,0.037,0.54,0.515,0.0,0.0,-3.25,-5.13,-52.13,-46.18,-4.62,0.0,0.0,2.0,11.0,0.0,-2.11,1.0,1.0,-31.5,-0.0,68.7,16.3,-44.8,0.0,0.0,44.8,176.0,0.0,0.0,249.0,145.0,93.0,167.0,159.0,26.0,18.0,14.0,73.0,15.0,6.0,0.0
89.427,52,132482.0,600.0,89.0,640.0,600.0,0.0,1.0,0.0,0.0,0.5,0.021,0.532,0.5,0.508,0.037,0.54,0.515,0.0,0.0,-3.59,-4.94,-48.15,-43.06,-5.92,0.0,0.0,2.0,11.0,0.0,-2.11,1.0,1.0,-37.9,-1.0,80.0,14.7,-43.5,0.0,0.0,43.5,175.0,0.0,0.0,255.0,145.0,93.0,167.0,159.0,26.0,18.0,14.0,73.0,15.0,6.0,0.0
89.484,52,132534.0,600.0,89.0,640.0,600.0,0.0,1.0,0.0,0.0,0.5,0.021,0.532,0.5,0.508,0.037,0.54,0.515,0.0,0.0,-3.68,-4.66,-41.2,-39.82,-7.27,0.0,0.0,2.0,11.0,0.0,-2.11,1.0,1.0,-45.1,-0.8,85.3,14.0,-42.8,0.0,0.0,42.8,166.0,0.0,0.0,255.0,145.0,93.0,167.0,159.0,26.0,18.0,14.0,73.0,15.0,6.0,0.0
89.541,52,132586.0,600.0,89.0,640.0,600.0,0.0,1.0,0.0,0.0,0.5,0.021,0.532,0.5,0.508,0.037,0.54,0.515,0.0,0.0,-4.09,-4.47,-36.76,-36.7,-8.57,0.0,0.0,2.0,11.0,0.0,-2.11,1.0,1.0,-54.4,1.6,95.0,4.6,-41.5,0.0,0.0,41.5,161.0,0.0,0.0,255.0,145.0,93.0,167.0,159.0,26.0,18.0,14.0,73.0,15.0,6.0,0.0
89.604,53,132639.0,600.0,89.0,640.0,600.0,0.0,1.0,0.0,0.0,0.5,0.021,0.532,0.5,0.508,0.037,0.54,0.515,0.0,0.0,-4.05,-4.26,-29.26,-33.4,-9.95,0.0,0.0,2.0,11.0,0.0,-2.11,1.0,1.0,-62.4,2.9,100.3,9.5,-40.1,0.0,0.0,40.1,147.0,0.0,0.0,255.0,145.0,93.0,167.0,159.0,26.0,18.0,14.0,73.0,15.0,6.0,0.0
89.632,52,132691.0,600.0,89.0,640.0,600.0,0.0,1.0,0.0,0.0,0.5,0.021,0.532,0.5,0.508,0.037,0.54,0.515,0.0,0.0,-4.54,-4.11,-22.05,-30.04,-11.35,0.0,0.0,2.0,11.0,0.0,-2.11,1.0,1.0,-61.8,-0.9,106.2,7.3,-38.7,0.0,0.0,38.7,133.0,0.0,0.0,255.0,145.0,93.0,167.0,159.0,26.0,18.0,14.0,73.0,15.0,6.0,0.0
89.689,52,132743.0,600.0,89.0,640.0,600.0,0.0,1.0,0.0,0.0,0.5,0.021,0.532,0.5,0.508,0.037,0.54,0.515,0.0,0.0,-4.63,-3.82,-17.84,-27.03,-12.65,0.0,0.0,2.0,11.0,0.0,-2.11,1.0,1.0,-60.2,-0.6,109.1,5.6,-35.2,0.0,0.0,35.2,115.0,0.0,0.0,249.0,145.0,93.0,167.0,159.0,26.0,18.0,14.0,73.0,15.0,6.0,0.0
89.746,52,132795.0,600.0,89.0,640.0,600.0,0.0,1.0,0.0,0.0,0.5,0.021,0.532,0.5,0.508,0.037,0.54,0.515,0.0,0.0,-4.73,-3.61,-11.26,-24.05,-13.0,0.0,0.0,2.0,11.0,0.0,-2.11,1.0,1.0,-57.2,-0.9,112.8,7.8,-32.5,0.0,0.0,32.5,99.0,0.0,0.0,241.0,145.0,93.0,167.0,159.0,12.0,16.0,12.0,26.0,15.0,6.0,0.0
89.804,53,132848.0,600.0,89.0,640.0,600.0,0.0,1.0,0.0,0.0,0.5,0.021,0.532,0.5,0.508,0.037,0.54,0.515,0.0,0.0,-4.88,-3.3,-4.99,-21.37,-13.0,0.0,0.0,2.0,11.0,0.0,-2.11,1.0,1.0,-54.0,-0.6,114.4,5.3,-30.3,0.0,0.0,30.3,85.0,0.0,0.0,236.0,145.0,93.0,167.0,159.0,12.0,16.0,12.0,26.0,15.0,6.0,0.0
89.861,52,132900.0,600.0,89.0,640.0,600.0,0.0,1.0,0.0,0.0,0.5,0.021,0.532,0.5,0.508,0.037,0.54,0.515,0.0,0.0,-4.73,-3.16,-1.3,-18.72,-13.0,0.0,0.0,2.0,11.0,0.0,-2.11,1.0,1.0,-47.6,-0.1,112.5,6.0,-28.0,0.0,0.0,28.0,72.0,0.0,0.0,229.0,145.0,93.0,167.0,159.0,12.0,16.0,12.0,26.0,15.0,6.0,0.0
89.889,52,132952.0,600.0,89.0,640.0,600.0,0.0,1.0,0.0,0.0,0.5,0.021,0.532,0.5,0.508,0.037,0.54,0.515,0.0,0.0,-4.81,-2.95,3.55,-17.48,0.0,0.0,0.0,2.0,11.0,0.0,-2.11,1.0,1.0,-39.3,0.4,113.2,6.1,0.0,0.0,0.0,0.0,0.0,0.0,0.0,0.0,145.0,93.0,167.0,159.0,12.0,16.0,12.0,26.0,15.0,6.0,0.0
89.946,53,133005.0,600.0,89.0,640.0,600.0,0.0,1.0,0.0,0.0,0.5,0.021,0.532,0.5,0.508,0.037,0.54,0.515,0.0,0.0,-4.76,-2.82,6.56,-17.48,0.0,0.0,0.0,2.0,11.0,0.0,-2.11,1.0,1.0,-31.8,0.8,110.4,5.9,0.0,0.0,0.0,0.0,0.0,0.0,0.0,0.0,145.0,93.0,167.0,159.0,12.0,16.0,12.0,26.0,15.0,6.0,0.0
90.006,52,133057.0,600.0,89.0,640.0,600.0,0.0,1.0,0.0,0.0,0.5,0.021,0.532,0.5,0.508,0.037,0.54,0.515,0.0,0.0,-4.42,-2.83,9.22,-17.48,0.0,0.0,0.0,2.0,11.0,0.0,-2.11,1.0,1.0,-24.7,1.9,94.3,5.1,0.0,0.0,0.0,0.0,0.0,0.0,0.0,0.0,145.0,93.0,167.0,159.0,12.0,16.0,12.0,26.0,15.0,6.0,0.0
90.063,52,133109.0,600.0,89.0,640.0,600.0,0.0,1.0,0.0,0.0,0.5,0.021,0.532,0.5,0.508,0.037,0.54,0.515,0.0,0.0,-4.52,-2.77,9.88,-17.59,-1.35,0.0,0.0,2.0,11.0,0.0,-2.11,1.0,1.0,-19.0,1.6,76.1,3.4,3.7,0.0,0.0,-3.7,23.0,0.0,0.0,87.0,145.0,93.0,167.0,159.0,12.0,16.0,12.0,26.0,15.0,6.0,0.0
90.12,52,133161.0,600.0,89.0,640.0,600.0,0.0,1.0,0.0,0.0,0.5,0.021,0.532,0.5,0.508,0.037,0.54,0.515,0.0,0.0,-4.6,-2.75,9.82,-17.84,-2.65,0.0,0.0,2.0,11.0,0.0,-2.11,1.0,1.0,-15.6,0.9,55.7,5.0,7.2,0.0,0.0,-7.2,41.0,0.0,0.0,87.0,145.0,93.0,167.0,159.0,12.0,16.0,12.0,26.0,15.0,6.0,0.0
90.149,52,133213.0,600.0,89.0,640.0,600.0,0.0,1.0,0.0,0.0,0.5,0.021,0.532,0.5,0.508,0.037,0.54,0.515,0.0,0.0,-4.6,-2.74,9.35,-18.04,-3.38,0.0,0.0,2.0,11.0,0.0,-2.11,1.0,1.0,-13.3,0.7,38.5,2.3,11.0,0.0,0.0,-11.0,59.0,0.0,0.0,87.0,145.0,93.0,167.0,159.0,12.0,16.0,12.0,26.0,15.0,6.0,0.0
90.211,52,133265.0,600.0,89.0,640.0,600.0,0.0,1.0,0.0,0.0,0.5,0.021,0.532,0.5,0.508,0.037,0.54,0.515,0.0,0.0,-4.75,-2.7,8.98,-18.51,-4.68,0.0,0.0,2.0,11.0,0.0,-2.11,1.0,1.0,-11.6,0.8,23.7,-2.6,14.6,0.0,0.0,-14.6,79.0,0.0,0.0,87.0,145.0,93.0,167.0,159.0,12.0,16.0,12.0,26.0,15.0,6.0,0.0
90.268,53,133318.0,600.0,89.0,640.0,600.0,0.0,1.0,0.0,0.0,0.5,0.021,0.532,0.5,0.508,0.037,0.54,0.515,0.0,0.0,-4.97,-2.8,8.29,-18.82,0.0,0.0,0.0,2.0,11.0,0.0,-2.11,1.0,1.0,-11.3,1.4,10.7,-3.7,0.0,0.0,0.0,0.0,0.0,0.0,0.0,0.0,145.0,93.0,167.0,159.0,18.0,8.0,20.0,10.0,15.0,6.0,0.0
90.325,52,133370.0,600.0,89.0,640.0,600.0,0.0,1.0,0.0,0.0,0.5,0.021,0.532,0.5,0.508,0.037,0.54,0.515,0.0,0.0,-4.96,-2.91,7.54,-18.82,0.0,0.0,0.0,2.0,11.0,0.0,-2.11,1.0,1.0,-7.6,1.2,7.3,-4.9,0.0,0.0,0.0,0.0,0.0,0.0,0.0,0.0,145.0,93.0,167.0,159.0,18.0,8.0,20.0,10.0,15.0,6.0,0.0
90.382,52,133422.0,600.0,89.0,640.0,600.0,0.0,1.0,0.0,0.0,0.5,0.021,0.532,0.5,0.508,0.037,0.54,0.515,0.0,0.0,-4.9,-2.94,7.42,-18.82,0.0,0.0,0.0,2.0,11.0,0.0,-2.11,1.0,1.0,-4.7,1.2,5.9,-2.7,0.0,0.0,0.0,0.0,0.0,0.0,0.0,0.0,145.0,93.0,167.0,159.0,18.0,8.0,20.0,10.0,15.0,6.0,0.0
90.895,524,133946.0,600.0,89.0,640.0,600.0,0.0,1.0,0.0,0.0,0.5,0.021,0.532,0.5,0.508,0.037,0.54,0.515,0.0,0.0,-4.36,-3.44,7.36,7.38,0.0,0.0,0.0,0.0,0.0,7.0,-3.14,1.0,1.0,-0.8,0.2,1.0,-0.5,0.0,0.0,0.0,0.0,0.0,0.0,0.0,0.0,145.0,93.0,167.0,159.0,18.0,8.0,20.0,10.0,15.0,6.0,0.0
91.009,105,134051.0,600.0,87.0,600.0,600.0,0.0,1.0,0.0,0.0,0.5,0.021,0.532,0.5,0.508,0.037,0.54,0.515,0.0,0.0,-3.04,-4.44,7.34,7.38,0.0,0.0,0.0,0.0,0.0,0.0,-3.14,1.0,1.0,-0.5,0.1,0.7,-0.3,0.0,0.0,0.0,0.0,0.0,0.0,0.0,0.0,145.0,93.0,167.0,159.0,18.0,8.0,20.0,10.0,15.0,6.0,0.0
91.042,52,134103.0,600.0,87.0,600.0,778.0,0.0,1.0,0.0,0.0,0.5,0.021,0.515,0.568,0.508,0.036,0.526,0.572,0.0,0.0,-2.78,-4.63,7.24,7.25,0.0,0.0,0.0,0.0,0.0,0.0,-3.14,1.0,1.0,-0.5,0.1,0.6,-0.3,0.0,0.0,0.0,0.0,0.0,0.0,0.0,0.0,145.0,93.0,167.0,159.0,18.0,8.0,20.0,10.0,15.0,6.0,0.0
91.099,52,134155.0,600.0,87.0,600.0,778.0,0.0,1.0,0.0,0.0,0.5,0.021,0.515,0.568,0.508,0.036,0.526,0.572,0.0,0.0,-2.73,-4.68,7.23,7.25,0.0,0.0,0.0,0.0,0.0,0.0,-3.14,1.0,1.0,-0.4,0.1,0.5,-0.2,0.0,0.0,0.0,0.0,0.0,0.0,0.0,0.0,145.0,93.0,167.0,159.0,18.0,8.0,20.0,10.0,15.0,6.0,0.0
91.156,52,134207.0,600.0,87.0,600.0,778.0,0.0,1.0,0.0,0.0,0.5,0.021,0.515,0.568,0.508,0.036,0.526,0.572,0.0,0.0,-2.63,-4.75,7.22,7.25,0.0,0.0,0.0,0.0,0.0,0.0,-3.14,1.0,1.0,-0.4,0.1,0.5,-0.2,0.0,0.0,0.0,0.0,0.0,0.0,0.0,0.0,145.0,93.0,167.0,159.0,18.0,8.0,20.0,10.0,15.0,6.0,0.0
91.213,52,134259.0,600.0,87.0,600.0,778.0,0.0,1.0,0.0,0.0,0.5,0.021,0.515,0.568,0.508,0.036,0.526,0.572,0.0,0.0,-2.46,-4.87,7.21,7.25,0.0,0.0,0.0,0.0,0.0,0.0,-3.14,1.0,1.0,-0.3,0.1,0.4,-0.2,0.0,0.0,0.0,0.0,0.0,0.0,0.0,0.0,145.0,93.0,167.0,159.0,18.0,8.0,20.0,10.0,15.0,6.0,0.0
91.271,52,134311.0,600.0,87.0,600.0,778.0,0.0,1.0,0.0,0.0,0.5,0.021,0.507,0.6,0.509,0.036,0.517,0.609,0.0,0.0,-2.45,-4.88,7.21,7.25,0.0,0.0,0.0,0.0,0.0,0.0,-3.14,1.0,1.0,-0.3,0.1,0.4,-0.2,0.0,0.0,0.0,0.0,0.0,0.0,0.0,0.0,145.0,93.0,167.0,159.0,18.0,8.0,20.0,10.0,15.0,6.0,0.0
91.299,52,134363.0,600.0,87.0,600.0,778.0,0.0,1.0,0.0,0.0,0.5,0.021,0.507,0.6,0.509,0.036,0.517,0.609,0.0,0.0,-2.41,-4.9,7.2,7.25,0.0,0.0,0.0,0.0,0.0,0.0,-3.14,1.0,1.0,-0.3,0.1,0.3,-0.1,0.0,0.0,0.0,0.0,0.0,0.0,0.0,0.0,145.0,93.0,167.0,159.0,18.0,8.0,20.0,10.0,15.0,6.0,0.0
91.356,52,134415.0,600.0,87.0,600.0,778.0,0.0,1.0,0.0,0.0,0.5,0.021,0.507,0.6,0.509,0.036,0.517,0.609,0.0,0.0,-2.36,-4.94,7.2,7.25,0.0,0.0,0.0,0.0,0.0,0.0,-3.14,1.0,1.0,-0.2,0.0,0.3,-0.1,0.0,0.0,0.0,0.0,0.0,0.0,0.0,0.0,145.0,93.0,167.0,159.0,18.0,8.0,20.0,10.0,15.0,6.0,1.0
91.413,52,134467.0,600.0,87.0,600.0,778.0,0.0,1.0,0.0,0.0,0.5,0.021,0.507,0.6,0.509,0.036,0.517,0.609,0.0,0.0,-2.33,-4.96,7.2,7.25,0.0,0.0,0.0,0.0,0.0,0.0,-3.14,1.0,1.0,-0.2,0.0,0.2,-0.1,0.0,0.0,0.0,0.0,0.0,0.0,0.0,0.0,145.0,93.0,167.0,159.0,18.0,8.0,20.0,10.0,15.0,6.0,0.0
91.471,52,134519.0,600.0,87.0,600.0,779.0,0.0,1.0,0.0,0.0,0.5,0.021,0.503,0.615,0.509,0.035,0.513,0.627,0.0,0.0,-2.26,-5.02,7.2,7.25,0.0,0.0,0.0,0.0,0.0,0.0,-3.14,1.0,1.0,-0.2,0.0,0.2,-0.1,0.0,0.0,0.0,0.0,0.0,0.0,0.0,0.0,145.0,93.0,167.0,159.0,18.0,8.0,20.0,10.0,15.0,6.0,0.0
91.527,52,134571.0,600.0,87.0,600.0,779.0,0.0,1.0,0.0,0.0,0.5,0.021,0.503,0.615,0.509,0.035,0.513,0.627,0.0,0.0,-2.25,-5.02,7.2,7.25,0.0,0.0,0.0,0.0,0.0,0.0,-3.14,1.0,1.0,-0.2,0.0,0.2,-0.1,0.0,0.0,0.0,0.0,0.0,0.0,0.0,0.0,145.0,93.0,167.0,159.0,18.0,8.0,20.0,10.0,15.0,6.0,0.0
91.584,52,134623.0,600.0,87.0,600.0,779.0,0.0,1.0,0.0,0.0,0.5,0.021,0.503,0.615,0.509,0.035,0.513,0.627,0.0,0.0,-2.21,-5.06,7.2,7.25,0.0,0.0,0.0,0.0,0.0,0.0,-3.14,1.0,1.0,-0.1,0.0,0.2,-0.1,0.0,0.0,0.0,0.0,0.0,0.0,0.0,0.0,145.0,93.0,167.0,159.0,18.0,8.0,20.0,10.0,15.0,6.0,0.0
91.614,52,134675.0,600.0,87.0,600.0,779.0,0.0,1.0,0.0,0.0,0.5,0.021,0.503,0.615,0.509,0.035,0.513,0.627,0.0,0.0,-2.19,-5.07,7.2,7.25,0.0,0.0,0.0,0.0,0.0,0.0,-3.14,1.0,1.0,-0.1,0.0,0.1,-0.1,0.0,0.0,0.0,0.0,0.0,0.0,0.0,0.0,145.0,93.0,167.0,159.0,18.0,8.0,20.0,10.0,15.0,6.0,0.0
91.671,52,134727.0,600.0,87.0,600.0,777.0,0.0,1.0,0.0,0.0,0.5,0.021,0.501,0.621,0.509,0.035,0.511,0.635,0.0,0.0,-2.17,-5.08,7.2,7.25,0.0,0.0,0.0,0.0,0.0,0.0,-3.14,1.0,1.0,-0.1,0.0,0.1,-0.1,0.0,0.0,0.0,0.0,0.0,0.0,0.0,0.0,145.0,93.0,167.0,159.0,18.0,8.0,20.0,10.0,15.0,6.0,0.0
91.728,52,134779.0,600.0,87.0,600.0,777.0,0.0,1.0,0.0,0.0,0.5,0.021,0.501,0.621,0.509,0.035,0.511,0.635,0.0,0.0,-2.13,-5.13,7.19,7.25,0.0,0.0,0.0,0.0,0.0,0.0,-3.14,1.0,1.0,-0.1,0.0,0.1,-0.1,0.0,0.0,0.0,0.0,0.0,0.0,0.0,0.0,145.0,93.0,167.0,159.0,18.0,8.0,20.0,10.0,15.0,6.0,0.0
91.785,52,134831.0,600.0,86.0,600.0,777.0,0.0,1.0,0.0,0.0,0.5,0.021,0.501,0.621,0.509,0.035,0.511,0.635,0.0,0.0,-2.11,-5.13,7.19,7.25,0.0,0.0,0.0,0.0,0.0,0.0,-3.14,1.0,1.0,-0.1,0.0,0.1,-0.1,0.0,0.0,0.0,0.0,0.0,0.0,0.0,0.0,145.0,93.0,167.0,159.0,18.0,8.0,20.0,10.0,15.0,6.0,0.0
91.842,53,134884.0,600.0,86.0,600.0,777.0,0.0,1.0,0.0,0.0,0.5,0.021,0.501,0.621,0.509,0.035,0.511,0.635,0.0,0.0,-2.07,-5.16,7.19,7.25,0.0,0.0,0.0,0.0,0.0,0.0,-3.14,1.0,1.0,-0.1,0.0,0.1,-0.0,0.0,0.0,0.0,0.0,0.0,0.0,0.0,0.0,145.0,93.0,167.0,159.0,18.0,8.0,20.0,10.0,15.0,6.0,0.0
91.871,52,134936.0,600.0,86.0,600.0,777.0,0.0,1.0,0.0,0.0,0.5,0.02,0.501,0.624,0.509,0.035,0.51,0.638,0.0,0.0,-2.07,-5.17,7.19,7.25,0.0,0.0,0.0,0.0,0.0,0.0,-3.14,1.0,1.0,-0.1,0.0,0.1,-0.0,0.0,0.0,0.0,0.0,0.0,0.0,0.0,0.0,145.0,93.0,167.0,159.0,18.0,8.0,20.0,10.0,15.0,6.0,0.0
91.928,52,134988.0,600.0,86.0,600.0,777.0,0.0,1.0,0.0,0.0,0.5,0.02,0.501,0.624,0.509,0.035,0.51,0.638,0.0,0.0,-2.04,-5.18,7.18,7.25,0.0,0.0,0.0,0.0,0.0,0.0,-3.14,1.0,1.0,-0.0,0.0,0.1,-0.0,0.0,0.0,0.0,0.0,0.0,0.0,0.0,0.0,145.0,93.0,167.0,159.0,18.0,8.0,20.0,10.0,15.0,6.0,0.0
91.985,52,135040.0,600.0,86.0,600.0,777.0,0.0,1.0,0.0,0.0,0.5,0.02,0.501,0.624,0.509,0.035,0.51,0.638,0.0,0.0,-2.01,-5.2,7.18,7.25,0.0,0.0,0.0,0.0,0.0,0.0,-3.14,1.0,1.0,-0.1,0.0,0.1,-0.0,0.0,0.0,0.0,0.0,0.0,0.0,0.0,0.0,145.0,93.0,167.0,159.0,18.0,8.0,20.0,10.0,15.0,6.0,0.0
92.049,52,135092.0,600.0,86.0,600.0,777.0,0.0,1.0,0.0,0.0,0.5,0.02,0.501,0.624,0.509,0.035,0.51,0.638,0.0,0.0,-2.01,-5.21,7.18,7.25,0.0,0.0,0.0,0.0,0.0,0.0,-3.14,1.0,1.0,-0.0,0.0,0.1,-0.0,0.0,0.0,0.0,0.0,0.0,0.0,0.0,0.0,145.0,93.0,167.0,159.0,18.0,8.0,20.0,10.0,15.0,6.0,0.0
92.106,52,135144.0,600.0,86.0,600.0,777.0,0.0,1.0,0.0,0.0,0.5,0.02,0.5,0.625,0.509,0.035,0.51,0.64,0.0,0.0,-1.99,-5.22,7.18,7.25,0.0,0.0,0.0,0.0,0.0,0.0,-3.14,1.0,1.0,-0.0,0.0,0.0,-0.0,0.0,0.0,0.0,0.0,0.0,0.0,0.0,0.0,145.0,93.0,167.0,159.0,18.0,8.0,20.0,10.0,15.0,6.0,0.0
92.135,52,135196.0,600.0,86.0,600.0,777.0,0.0,1.0,0.0,0.0,0.5,0.02,0.5,0.625,0.509,0.035,0.51,0.64,0.0,0.0,-1.97,-5.23,7.18,7.25,0.0,0.0,0.0,0.0,0.0,0.0,-3.14,1.0,1.0,-0.1,0.0,0.0,-0.0,0.0,0.0,0.0,0.0,0.0,0.0,0.0,0.0,145.0,93.0,167.0,159.0,18.0,8.0,20.0,10.0,15.0,6.0,0.0
92.192,51,135247.0,600.0,86.0,600.0,777.0,0.0,1.0,0.0,0.0,0.5,0.02,0.5,0.625,0.509,0.035,0.51,0.64,0.0,0.0,-1.96,-5.24,7.18,7.25,0.0,0.0,0.0,0.0,0.0,0.0,-3.14,1.0,1.0,-0.1,0.0,0.0,-0.0,0.0,0.0,0.0,0.0,0.0,0.0,0.0,0.0,145.0,93.0,167.0,159.0,18.0,8.0,20.0,10.0,15.0,6.0,0.0
92.249,54,135301.0,600.0,86.0,600.0,777.0,0.0,1.0,0.0,0.0,0.5,0.02,0.5,0.625,0.509,0.035,0.51,0.64,0.0,0.0,-1.93,-5.26,7.17,7.25,0.0,0.0,0.0,0.0,0.0,0.0,-3.14,1.0,1.0,-0.0,0.0,0.0,-0.0,0.0,0.0,0.0,0.0,0.0,0.0,0.0,0.0,145.0,93.0,167.0,159.0,18.0,8.0,20.0,10.0,15.0,6.0,0.0
92.306,52,135353.0,600.0,86.0,600.0,777.0,0.0,1.0,0.0,0.0,0.5,0.02,0.5,0.626,0.509,0.035,0.51,0.64,0.0,0.0,-1.92,-5.26,7.17,7.25,0.0,0.0,0.0,0.0,0.0,0.0,-3.14,1.0,1.0,-0.0,0.0,0.0,-0.0,0.0,0.0,0.0,0.0,0.0,0.0,0.0,0.0,145.0,93.0,167.0,159.0,18.0,8.0,20.0,10.0,15.0,6.0,0.0
92.363,52,135405.0,600.0,86.0,600.0,777.0,0.0,1.0,0.0,0.0,0.5,0.02,0.5,0.626,0.509,0.035,0.51,0.64,0.0,0.0,-1.92,-5.27,7.17,7.25,0.0,0.0,0.0,0.0,0.0,0.0,-3.14,1.0,1.0,-0.0,0.0,0.0,-0.0,0.0,0.0,0.0,0.0,0.0,0.0,0.0,0.0,145.0,93.0,167.0,159.0,18.0,8.0,20.0,10.0,15.0,6.0,1.0
92.42,52,135457.0,600.0,87.0,600.0,777.0,0.0,1.0,0.0,0.0,0.5,0.02,0.5,0.626,0.509,0.035,0.51,0.64,0.0,0.0,-1.9,-5.28,7.17,7.25,0.0,0.0,0.0,0.0,0.0,0.0,-3.14,1.0,1.0,-0.0,0.0,0.0,-0.0,0.0,0.0,0.0,0.0,0.0,0.0,0.0,0.0,145.0,93.0,167.0,159.0,18.0,8.0,20.0,10.0,15.0,6.0,0.0
92.448,52,135509.0,600.0,87.0,600.0,777.0,0.0,1.0,0.0,0.0,0.5,0.02,0.5,0.626,0.509,0.035,0.51,0.64,0.0,0.0,-1.9,-5.29,7.17,7.25,0.0,0.0,0.0,0.0,0.0,0.0,-3.14,1.0,1.0,-0.0,0.0,0.0,-0.0,0.0,0.0,0.0,0.0,0.0,0.0,0.0,0.0,145.0,93.0,167.0,159.0,18.0,8.0,20.0,10.0,15.0,6.0,0.0
92.505,54,135563.0,600.0,87.0,600.0,777.0,0.0,1.0,0.0,0.0,0.5,0.02,0.5,0.626,0.509,0.035,0.51,0.641,0.0,0.0,-1.88,-5.3,7.17,7.25,0.0,0.0,0.0,0.0,0.0,0.0,-3.14,1.0,1.0,-0.0,0.0,0.0,-0.0,0.0,0.0,0.0,0.0,0.0,0.0,0.0,0.0,145.0,93.0,167.0,159.0,18.0,8.0,20.0,10.0,15.0,6.0,0.0
92.562,52,135615.0,600.0,87.0,600.0,777.0,0.0,1.0,0.0,0.0,0.5,0.02,0.5,0.626,0.509,0.035,0.51,0.641,0.0,0.0,-1.88,-5.3,7.18,7.25,0.0,0.0,0.0,0.0,0.0,0.0,-3.14,1.0,1.0,-0.0,0.0,0.0,-0.0,0.0,0.0,0.0,0.0,0.0,0.0,0.0,0.0,145.0,93.0,167.0,159.0,18.0,8.0,20.0,10.0,15.0,6.0,0.0
92.619,52,135667.0,600.0,87.0,600.0,777.0,0.0,1.0,0.0,0.0,0.5,0.02,0.5,0.626,0.509,0.035,0.51,0.641,0.0,0.0,-1.87,-5.31,7.18,7.25,0.0,0.0,0.0,0.0,0.0,0.0,-3.14,1.0,1.0,-0.0,0.0,0.0,-0.0,0.0,0.0,0.0,0.0,0.0,0.0,0.0,0.0,145.0,93.0,167.0,159.0,18.0,8.0,20.0,10.0,15.0,6.0,0.0
92.676,53,135720.0,600.0,87.0,600.0,777.0,0.0,1.0,0.0,0.0,0.5,0.02,0.5,0.626,0.509,0.035,0.51,0.641,0.0,0.0,-1.86,-5.32,7.18,7.25,0.0,0.0,0.0,0.0,0.0,0.0,-3.14,1.0,1.0,0.0,0.0,0.0,0.0,0.0,0.0,0.0,0.0,0.0,0.0,0.0,0.0,145.0,93.0,167.0,159.0,18.0,8.0,20.0,10.0,15.0,6.0,0.0
92.733,52,135772.0,600.0,87.0,600.0,776.0,0.0,1.0,0.0,0.0,0.5,0.02,0.5,0.626,0.509,0.035,0.51,0.641,0.0,0.0,-1.86,-5.32,7.18,7.25,0.0,0.0,0.0,0.0,0.0,0.0,-3.14,1.0,1.0,-0.0,0.0,0.0,0.0,0.0,0.0,0.0,0.0,0.0,0.0,0.0,0.0,145.0,93.0,167.0,159.0,18.0,8.0,20.0,10.0,15.0,6.0,0.0
92.761,52,135824.0,600.0,87.0,600.0,776.0,0.0,1.0,0.0,0.0,0.5,0.02,0.5,0.626,0.509,0.035,0.51,0.641,0.0,0.0,-1.84,-5.33,7.18,7.25,0.0,0.0,0.0,0.0,0.0,0.0,-3.14,1.0,1.0,-0.0,0.0,0.0,-0.0,0.0,0.0,0.0,0.0,0.0,0.0,0.0,0.0,145.0,93.0,167.0,159.0,18.0,8.0,20.0,10.0,15.0,6.0,0.0
92.819,52,135876.0,600.0,87.0,600.0,776.0,0.0,1.0,0.0,0.0,0.5,0.02,0.5,0.626,0.509,0.035,0.51,0.641,0.0,0.0,-1.84,-5.33,7.17,7.25,0.0,0.0,0.0,0.0,0.0,0.0,-3.14,1.0,1.0,-0.0,0.0,0.0,-0.0,0.0,0.0,0.0,0.0,0.0,0.0,0.0,0.0,145.0,93.0,167.0,159.0,18.0,8.0,20.0,10.0,15.0,6.0,1.0
92.876,52,135928.0,600.0,87.0,600.0,776.0,0.0,1.0,0.0,0.0,0.5,0.02,0.5,0.626,0.509,0.035,0.51,0.641,0.0,0.0,-1.83,-5.34,7.17,7.25,0.0,0.0,0.0,0.0,0.0,0.0,-3.14,1.0,1.0,-0.0,0.0,0.0,-0.0,0.0,0.0,0.0,0.0,0.0,0.0,0.0,0.0,145.0,93.0,167.0,159.0,18.0,8.0,20.0,10.0,15.0,6.0,1.0
92.933,52,135980.0,600.0,87.0,600.0,772.0,0.0,1.0,0.0,0.0,0.5,0.02,0.5,0.624,0.509,0.035,0.509,0.639,0.0,0.0,-1.82,-5.34,7.17,7.25,0.0,0.0,0.0,0.0,0.0,0.0,-3.14,1.0,1.0,-0.0,0.0,0.0,0.0,0.0,0.0,0.0,0.0,0.0,0.0,0.0,0.0,145.0,93.0,167.0,159.0,18.0,8.0,20.0,10.0,15.0,6.0,0.0
92.99,52,136032.0,600.0,87.0,600.0,772.0,0.0,1.0,0.0,0.0,0.5,0.02,0.5,0.624,0.509,0.035,0.509,0.639,0.0,0.0,-1.82,-5.35,7.17,7.25,0.0,0.0,0.0,0.0,0.0,0.0,-3.14,1.0,1.0,-0.0,0.0,0.0,0.0,0.0,0.0,0.0,0.0,0.0,0.0,0.0,0.0,145.0,93.0,167.0,159.0,18.0,8.0,20.0,10.0,15.0,6.0,0.0
93.047,53,136085.0,600.0,87.0,600.0,772.0,0.0,1.0,0.0,0.0,0.5,0.02,0.5,0.624,0.509,0.035,0.509,0.639,0.0,0.0,-1.82,-5.35,7.17,7.25,0.0,0.0,0.0,0.0,0.0,0.0,-3.14,1.0,1.0,-0.0,0.0,0.0,0.0,0.0,0.0,0.0,0.0,0.0,0.0,0.0,0.0,145.0,93.0,167.0,159.0,18.0,8.0,20.0,10.0,15.0,6.0,0.0
93.075,53,136138.0,600.0,87.0,600.0,772.0,0.0,1.0,0.0,0.0,0.5,0.02,0.5,0.624,0.509,0.035,0.509,0.639,0.0,0.0,-1.81,-5.35,7.16,7.25,0.0,0.0,0.0,0.0,0.0,0.0,-3.14,1.0,1.0,-0.0,0.0,0.0,0.0,0.0,0.0,0.0,0.0,0.0,0.0,0.0,0.0,145.0,93.0,167.0,159.0,18.0,8.0,20.0,10.0,15.0,6.0,0.0
93.132,52,136190.0,600.0,87.0,600.0,774.0,0.0,1.0,0.0,0.0,0.5,0.02,0.5,0.624,0.509,0.035,0.509,0.639,0.0,0.0,-1.81,-5.35,7.16,7.25,0.0,0.0,0.0,0.0,0.0,0.0,-3.14,1.0,1.0,0.0,0.0,0.0,0.0,0.0,0.0,0.0,0.0,0.0,0.0,0.0,0.0,145.0,93.0,167.0,159.0,18.0,8.0,20.0,10.0,15.0,6.0,0.0
93.189,52,136242.0,600.0,87.0,600.0,774.0,0.0,1.0,0.0,0.0,0.5,0.02,0.5,0.624,0.509,0.035,0.509,0.639,0.0,0.0,-1.8,-5.35,7.16,7.25,0.0,0.0,0.0,0.0,0.0,0.0,-3.14,1.0,1.0,-0.0,0.0,0.0,0.0,0.0,0.0,0.0,0.0,0.0,0.0,0.0,0.0,145.0,93.0,167.0,159.0,18.0,8.0,20.0,10.0,15.0,6.0,0.0
93.246,52,136294.0,600.0,87.0,600.0,774.0,0.0,1.0,0.0,0.0,0.5,0.02,0.5,0.624,0.509,0.035,0.509,0.639,0.0,0.0,-1.8,-5.35,7.16,7.25,0.0,0.0,0.0,0.0,0.0,0.0,-3.14,1.0,1.0,-0.0,0.0,0.0,0.0,0.0,0.0,0.0,0.0,0.0,0.0,0.0,0.0,145.0,93.0,167.0,159.0,18.0,8.0,20.0,10.0,15.0,6.0,0.0
93.303,52,136346.0,600.0,87.0,600.0,774.0,0.0,1.0,0.0,0.0,0.5,0.02,0.5,0.624,0.509,0.035,0.509,0.639,0.0,0.0,-1.8,-5.36,7.16,7.25,0.0,0.0,0.0,0.0,0.0,0.0,-3.14,1.0,1.0,-0.0,0.0,0.0,0.0,0.0,0.0,0.0,0.0,0.0,0.0,0.0,0.0,145.0,93.0,167.0,159.0,18.0,8.0,20.0,10.0,15.0,6.0,1.0
93.36,52,136398.0,600.0,87.0,600.0,774.0,0.0,1.0,0.0,0.0,0.5,0.02,0.5,0.624,0.509,0.035,0.509,0.639,0.0,0.0,-1.8,-5.36,7.16,7.25,0.0,0.0,0.0,0.0,0.0,0.0,-3.14,1.0,1.0,-0.0,0.0,0.0,0.0,0.0,0.0,0.0,0.0,0.0,0.0,0.0,0.0,145.0,93.0,167.0,159.0,18.0,8.0,20.0,10.0,15.0,6.0,0.0
93.389,52,136450.0,600.0,87.0,600.0,774.0,0.0,1.0,0.0,0.0,0.5,0.02,0.5,0.624,0.509,0.035,0.509,0.639,0.0,0.0,-1.79,-5.36,7.16,7.25,0.0,0.0,0.0,0.0,0.0,0.0,-3.14,1.0,1.0,-0.0,0.0,0.0,0.0,0.0,0.0,0.0,0.0,0.0,0.0,0.0,0.0,145.0,93.0,167.0,159.0,18.0,8.0,20.0,10.0,15.0,6.0,0.0
93.447,52,136502.0,600.0,86.0,600.0,774.0,0.0,1.0,0.0,0.0,0.5,0.02,0.5,0.624,0.509,0.035,0.509,0.639,0.0,0.0,-1.79,-5.37,7.16,7.25,0.0,0.0,0.0,0.0,0.0,0.0,-3.14,1.0,1.0,-0.0,0.0,0.0,0.0,0.0,0.0,0.0,0.0,0.0,0.0,0.0,0.0,145.0,93.0,167.0,159.0,18.0,8.0,20.0,10.0,15.0,6.0,0.0
93.503,53,136555.0,600.0,86.0,600.0,774.0,0.0,1.0,0.0,0.0,0.5,0.02,0.5,0.624,0.509,0.035,0.509,0.639,0.0,0.0,-1.79,-5.37,7.16,7.25,0.0,0.0,0.0,0.0,0.0,0.0,-3.14,1.0,1.0,-0.0,0.0,0.0,-0.0,0.0,0.0,0.0,0.0,0.0,0.0,0.0,0.0,145.0,93.0,167.0,159.0,18.0,8.0,20.0,10.0,15.0,6.0,1.0
93.56,52,136607.0,600.0,86.0,600.0,773.0,0.0,1.0,0.0,0.0,0.5,0.02,0.5,0.624,0.509,0.035,0.509,0.639,0.0,0.0,-1.78,-5.37,7.16,7.25,0.0,0.0,0.0,0.0,0.0,0.0,-3.14,1.0,1.0,-0.0,0.0,0.0,0.0,0.0,0.0,0.0,0.0,0.0,0.0,0.0,0.0,145.0,93.0,167.0,159.0,18.0,8.0,20.0,10.0,15.0,6.0,0.0
93.623,52,136659.0,600.0,86.0,600.0,773.0,0.0,1.0,0.0,0.0,0.5,0.02,0.5,0.624,0.509,0.035,0.509,0.639,0.0,0.0,-1.78,-5.38,7.16,7.25,0.0,0.0,0.0,0.0,0.0,0.0,-3.14,1.0,1.0,-0.0,0.0,0.0,0.0,0.0,0.0,0.0,0.0,0.0,0.0,0.0,0.0,145.0,93.0,167.0,159.0,18.0,8.0,20.0,10.0,15.0,6.0,0.0
93.658,51,136710.0,600.0,87.0,600.0,773.0,0.0,1.0,0.0,0.0,0.5,0.02,0.5,0.624,0.509,0.035,0.509,0.639,0.0,0.0,-1.78,-5.38,7.16,7.25,0.0,0.0,0.0,0.0,0.0,0.0,-3.14,1.0,1.0,-0.0,0.0,0.0,0.0,0.0,0.0,0.0,0.0,0.0,0.0,0.0,0.0,145.0,93.0,167.0,159.0,18.0,8.0,20.0,10.0,15.0,6.0,0.0
93.724,53,136763.0,600.0,87.0,600.0,773.0,0.0,1.0,0.0,0.0,0.5,0.02,0.5,0.624,0.509,0.035,0.509,0.639,0.0,0.0,-1.78,-5.38,7.16,7.25,0.0,0.0,0.0,0.0,0.0,0.0,-3.14,1.0,1.0,-0.0,0.0,0.0,0.0,0.0,0.0,0.0,0.0,0.0,0.0,0.0,0.0,145.0,93.0,167.0,159.0,18.0,8.0,20.0,10.0,15.0,6.0,0.0
93.755,52,136815.0,600.0,87.0,600.0,778.0,0.0,1.0,0.0,0.0,0.5,0.02,0.5,0.626,0.51,0.035,0.509,0.64,0.0,0.0,-1.78,-5.38,7.16,7.25,0.0,0.0,0.0,0.0,0.0,0.0,-3.14,1.0,1.0,-0.0,0.0,0.0,0.0,0.0,0.0,0.0,0.0,0.0,0.0,0.0,0.0,145.0,93.0,167.0,159.0,18.0,8.0,20.0,10.0,15.0,6.0,0.0
93.819,52,136867.0,600.0,87.0,600.0,778.0,0.0,1.0,0.0,0.0,0.5,0.02,0.5,0.626,0.51,0.035,0.509,0.64,0.0,0.0,-1.78,-5.38,7.16,7.25,0.0,0.0,0.0,0.0,0.0,0.0,-3.14,1.0,1.0,-0.0,0.0,0.0,0.0,0.0,0.0,0.0,0.0,0.0,0.0,0.0,0.0,145.0,93.0,167.0,159.0,18.0,8.0,20.0,10.0,15.0,6.0,0.0
93.882,52,136919.0,600.0,88.0,600.0,778.0,0.0,1.0,0.0,0.0,0.5,0.02,0.5,0.626,0.51,0.035,0.509,0.64,0.0,0.0,-1.77,-5.38,7.16,7.25,0.0,0.0,0.0,0.0,0.0,0.0,-3.14,1.0,1.0,-0.0,0.0,0.0,0.0,0.0,0.0,0.0,0.0,0.0,0.0,0.0,0.0,145.0,93.0,167.0,159.0,18.0,8.0,20.0,10.0,15.0,6.0,0.0
93.915,53,136972.0,600.0,88.0,600.0,778.0,0.0,1.0,0.0,0.0,0.5,0.02,0.5,0.626,0.51,0.035,0.509,0.64,0.0,0.0,-1.77,-5.38,7.16,7.25,0.0,0.0,0.0,0.0,0.0,0.0,-3.14,1.0,1.0,-0.0,0.0,0.0,0.0,0.0,0.0,0.0,0.0,0.0,0.0,0.0,0.0,145.0,93.0,167.0,159.0,18.0,8.0,20.0,10.0,15.0,6.0,0.0
93.98,52,137024.0,600.0,88.0,600.0,784.0,0.0,1.0,0.0,0.0,0.5,0.021,0.5,0.628,0.51,0.035,0.51,0.643,0.0,0.0,-1.77,-5.38,7.16,7.25,0.0,0.0,0.0,0.0,0.0,0.0,-3.14,1.0,1.0,-0.0,0.0,0.0,0.0,0.0,0.0,0.0,0.0,0.0,0.0,0.0,0.0,145.0,93.0,167.0,159.0,18.0,8.0,20.0,10.0,15.0,6.0,0.0
94.025,52,137076.0,597.0,88.0,600.0,784.0,0.0,1.0,0.0,0.0,0.5,0.021,0.5,0.628,0.51,0.035,0.51,0.643,0.0,0.0,-1.77,-5.39,7.16,7.25,0.0,0.0,0.0,0.0,0.0,0.0,-3.14,1.0,1.0,-0.0,0.0,0.0,0.0,0.0,0.0,0.0,0.0,0.0,0.0,0.0,0.0,145.0,93.0,167.0,159.0,18.0,8.0,20.0,10.0,15.0,6.0,1.0
94.09,51,137127.0,597.0,88.0,600.0,784.0,0.0,1.0,0.0,0.0,0.5,0.021,0.5,0.628,0.51,0.035,0.51,0.643,0.0,0.0,-1.77,-5.39,7.16,7.25,0.0,0.0,0.0,0.0,0.0,0.0,-3.14,1.0,1.0,-0.0,0.0,0.0,0.0,0.0,0.0,0.0,0.0,0.0,0.0,0.0,0.0,145.0,93.0,167.0,159.0,18.0,8.0,20.0,10.0,15.0,6.0,0.0
94.123,52,137179.0,597.0,88.0,600.0,784.0,0.0,1.0,0.0,0.0,0.5,0.021,0.5,0.628,0.51,0.035,0.51,0.643,0.0,0.0,-1.76,-5.39,7.16,7.25,0.0,0.0,0.0,0.0,0.0,0.0,-3.14,1.0,1.0,-0.0,0.0,0.0,0.0,0.0,0.0,0.0,0.0,0.0,0.0,0.0,0.0,145.0,93.0,167.0,159.0,18.0,8.0,20.0,10.0,15.0,6.0,0.0
94.189,52,137231.0,597.0,88.0,600.0,786.0,0.0,1.0,0.0,0.0,0.499,0.021,0.5,0.63,0.509,0.035,0.51,0.645,0.0,0.0,-1.76,-5.39,7.16,7.25,0.0,0.0,0.0,0.0,0.0,0.0,-3.14,1.0,1.0,-0.0,0.0,0.0,0.0,0.0,0.0,0.0,0.0,0.0,0.0,0.0,0.0,145.0,93.0,167.0,159.0,18.0,8.0,20.0,10.0,15.0,6.0,0.0
94.221,52,137283.0,589.0,88.0,600.0,786.0,0.0,1.0,0.0,0.0,0.499,0.021,0.5,0.63,0.509,0.035,0.51,0.645,0.0,0.0,-1.76,-5.39,7.16,7.25,0.0,0.0,0.0,0.0,0.0,0.0,-3.14,1.0,1.0,-0.0,0.0,0.0,0.0,0.0,0.0,0.0,0.0,0.0,0.0,0.0,0.0,145.0,93.0,167.0,159.0,18.0,8.0,20.0,10.0,15.0,6.0,0.0
94.285,51,137334.0,589.0,88.0,600.0,786.0,0.0,1.0,0.0,0.0,0.499,0.021,0.5,0.63,0.509,0.035,0.51,0.645,0.0,0.0,-1.76,-5.39,7.16,7.25,0.0,0.0,0.0,0.0,0.0,0.0,-3.14,1.0,1.0,-0.0,0.0,0.0,0.0,0.0,0.0,0.0,0.0,0.0,0.0,0.0,0.0,145.0,93.0,167.0,159.0,18.0,8.0,20.0,10.0,15.0,6.0,0.0
94.351,53,137387.0,589.0,88.0,600.0,786.0,0.0,1.0,0.0,0.0,0.499,0.021,0.5,0.63,0.509,0.035,0.51,0.645,0.0,0.0,-1.76,-5.39,7.16,7.25,0.0,0.0,0.0,0.0,0.0,0.0,-3.14,1.0,1.0,-0.0,0.0,0.0,0.0,0.0,0.0,0.0,0.0,0.0,0.0,0.0,0.0,145.0,93.0,167.0,159.0,18.0,8.0,20.0,10.0,15.0,6.0,1.0
94.383,52,137439.0,589.0,88.0,600.0,787.0,0.0,1.0,0.0,0.0,0.494,0.021,0.5,0.631,0.505,0.035,0.51,0.646,0.0,0.0,-1.76,-5.39,7.16,7.25,0.0,0.0,0.0,0.0,0.0,0.0,-3.14,1.0,1.0,-0.0,0.0,0.0,0.0,0.0,0.0,0.0,0.0,0.0,0.0,0.0,0.0,145.0,93.0,167.0,159.0,18.0,8.0,20.0,10.0,15.0,6.0,0.0
94.452,52,137491.0,589.0,88.0,600.0,787.0,0.0,1.0,0.0,0.0,0.494,0.021,0.5,0.631,0.505,0.035,0.51,0.646,0.0,0.0,-1.76,-5.4,7.16,7.25,0.0,0.0,0.0,0.0,0.0,0.0,-3.14,1.0,1.0,-0.0,0.0,0.0,0.0,0.0,0.0,0.0,0.0,0.0,0.0,0.0,0.0,145.0,93.0,167.0,159.0,18.0,8.0,20.0,10.0,15.0,6.0,0.0
94.484,52,137543.0,589.0,87.0,600.0,787.0,0.0,1.0,0.0,0.0,0.494,0.021,0.5,0.631,0.505,0.035,0.51,0.646,0.0,0.0,-1.76,-5.4,7.16,7.25,0.0,0.0,0.0,0.0,0.0,0.0,-3.14,1.0,1.0,-0.0,-0.0,0.0,0.0,0.0,0.0,0.0,0.0,0.0,0.0,0.0,0.0,145.0,93.0,167.0,159.0,18.0,8.0,20.0,10.0,15.0,6.0,0.0
94.549,53,137596.0,589.0,87.0,600.0,787.0,0.0,1.0,0.0,0.0,0.494,0.021,0.5,0.631,0.505,0.035,0.51,0.646,0.0,0.0,-1.76,-5.4,7.16,7.25,0.0,0.0,0.0,0.0,0.0,0.0,-3.14,1.0,1.0,-0.0,-0.0,0.0,0.0,0.0,0.0,0.0,0.0,0.0,0.0,0.0,0.0,145.0,93.0,167.0,159.0,18.0,8.0,20.0,10.0,15.0,6.0,1.0
94.615,52,137648.0,589.0,87.0,600.0,786.0,0.0,1.0,0.0,0.0,0.492,0.021,0.5,0.631,0.502,0.035,0.51,0.646,0.0,0.0,-1.76,-5.4,7.16,7.25,0.0,0.0,0.0,0.0,0.0,0.0,-3.14,1.0,1.0,-0.0,-0.0,0.0,0.0,0.0,0.0,0.0,0.0,0.0,0.0,0.0,0.0,145.0,93.0,167.0,159.0,18.0,8.0,20.0,10.0,15.0,6.0,0.0
94.648,52,137700.0,588.0,87.0,600.0,786.0,0.0,1.0,0.0,0.0,0.492,0.021,0.5,0.631,0.502,0.035,0.51,0.646,0.0,0.0,-1.76,-5.4,7.16,7.25,0.0,0.0,0.0,0.0,0.0,0.0,-3.14,1.0,1.0,-0.0,-0.0,0.0,0.0,0.0,0.0,0.0,0.0,0.0,0.0,0.0,0.0,145.0,93.0,167.0,159.0,18.0,8.0,20.0,10.0,15.0,6.0,0.0
94.713,52,137752.0,588.0,87.0,600.0,786.0,0.0,1.0,0.0,0.0,0.492,0.021,0.5,0.631,0.502,0.035,0.51,0.646,0.0,0.0,-1.76,-5.4,7.16,7.25,0.0,0.0,0.0,0.0,0.0,0.0,-3.14,1.0,1.0,-0.0,-0.0,0.0,0.0,0.0,0.0,0.0,0.0,0.0,0.0,0.0,0.0,145.0,93.0,167.0,159.0,18.0,8.0,20.0,10.0,15.0,6.0,0.0
94.746,52,137804.0,588.0,87.0,600.0,786.0,0.0,1.0,0.0,0.0,0.492,0.021,0.5,0.631,0.502,0.035,0.51,0.646,0.0,0.0,-1.77,-5.4,7.16,7.25,0.0,0.0,0.0,0.0,0.0,0.0,-3.14,1.0,1.0,-0.0,-0.0,0.0,0.0,0.0,0.0,0.0,0.0,0.0,0.0,0.0,0.0,145.0,93.0,167.0,159.0,18.0,8.0,20.0,10.0,15.0,6.0,0.0
94.811,52,137856.0,588.0,87.0,600.0,781.0,0.0,1.0,0.0,0.0,0.491,0.021,0.5,0.63,0.501,0.035,0.51,0.645,0.0,0.0,-1.77,-5.4,7.16,7.25,0.0,0.0,0.0,0.0,0.0,0.0,-3.14,1.0,1.0,-0.0,-0.0,0.0,0.0,0.0,0.0,0.0,0.0,0.0,0.0,0.0,0.0,145.0,93.0,167.0,159.0,18.0,8.0,20.0,10.0,15.0,6.0,0.0
94.875,52,137908.0,588.0,87.0,600.0,781.0,0.0,1.0,0.0,0.0,0.491,0.021,0.5,0.63,0.501,0.035,0.51,0.645,0.0,0.0,-1.76,-5.4,7.16,7.25,0.0,0.0,0.0,0.0,0.0,0.0,-3.14,1.0,1.0,-0.0,-0.0,0.0,0.0,0.0,0.0,0.0,0.0,0.0,0.0,0.0,0.0,145.0,93.0,167.0,159.0,18.0,8.0,20.0,10.0,15.0,6.0,0.0
94.906,52,137960.0,588.0,87.0,600.0,781.0,0.0,1.0,0.0,0.0,0.491,0.021,0.5,0.63,0.501,0.035,0.51,0.645,0.0,0.0,-1.76,-5.4,7.16,7.25,0.0,0.0,0.0,0.0,0.0,0.0,-3.14,1.0,1.0,-0.0,-0.0,0.0,0.0,0.0,0.0,0.0,0.0,0.0,0.0,0.0,0.0,145.0,93.0,167.0,159.0,18.0,8.0,20.0,10.0,15.0,6.0,0.0
94.97,52,138012.0,588.0,87.0,600.0,781.0,0.0,1.0,0.0,0.0,0.491,0.021,0.5,0.63,0.501,0.035,0.51,0.645,0.0,0.0,-1.76,-5.4,7.16,7.25,0.0,0.0,0.0,0.0,0.0,0.0,-3.14,1.0,1.0,-0.0,-0.0,0.0,0.0,0.0,0.0,0.0,0.0,0.0,0.0,0.0,0.0,145.0,93.0,167.0,159.0,18.0,8.0,20.0,10.0,15.0,6.0,0.0
95.035,52,138064.0,588.0,87.0,600.0,778.0,0.0,1.0,0.0,0.0,0.491,0.021,0.5,0.628,0.5,0.035,0.51,0.643,0.0,0.0,-1.76,-5.41,7.16,7.25,0.0,0.0,0.0,0.0,0.0,0.0,-3.14,1.0,1.0,-0.0,-0.0,0.0,0.0,0.0,0.0,0.0,0.0,0.0,0.0,0.0,0.0,145.0,93.0,167.0,159.0,18.0,8.0,20.0,10.0,15.0,6.0,0.0
95.075,52,138116.0,592.0,87.0,600.0,778.0,0.0,1.0,0.0,0.0,0.491,0.021,0.5,0.628,0.5,0.035,0.51,0.643,0.0,0.0,-1.76,-5.41,7.16,7.25,0.0,0.0,0.0,0.0,0.0,0.0,-3.14,1.0,1.0,-0.0,-0.0,0.0,0.0,0.0,0.0,0.0,0.0,0.0,0.0,0.0,0.0,145.0,93.0,167.0,159.0,18.0,8.0,20.0,10.0,15.0,6.0,1.0
95.107,51,138167.0,592.0,87.0,600.0,778.0,0.0,1.0,0.0,0.0,0.491,0.021,0.5,0.628,0.5,0.035,0.51,0.643,0.0,0.0,-1.76,-5.41,7.16,7.25,0.0,0.0,0.0,0.0,0.0,0.0,-3.14,1.0,1.0,-0.0,-0.0,0.0,0.0,0.0,0.0,0.0,0.0,0.0,0.0,0.0,0.0,145.0,93.0,167.0,159.0,18.0,8.0,20.0,10.0,15.0,6.0,0.0
95.171,53,138220.0,592.0,87.0,600.0,778.0,0.0,1.0,0.0,0.0,0.491,0.021,0.5,0.628,0.5,0.035,0.51,0.643,0.0,0.0,-1.76,-5.41,7.16,7.25,0.0,0.0,0.0,0.0,0.0,0.0,-3.14,1.0,1.0,-0.0,-0.0,0.0,0.0,0.0,0.0,0.0,0.0,0.0,0.0,0.0,0.0,145.0,93.0,167.0,159.0,18.0,8.0,20.0,10.0,15.0,6.0,0.0
95.236,52,138272.0,592.0,87.0,600.0,776.0,0.0,1.0,0.0,0.0,0.492,0.021,0.5,0.627,0.501,0.035,0.509,0.642,0.0,0.0,-1.76,-5.41,7.16,7.25,0.0,0.0,0.0,0.0,0.0,0.0,-3.14,1.0,1.0,-0.0,-0.0,0.0,0.0,0.0,0.0,0.0,0.0,0.0,0.0,0.0,0.0,145.0,93.0,167.0,159.0,18.0,8.0,20.0,10.0,15.0,6.0,0.0
95.268,52,138324.0,611.0,87.0,600.0,776.0,0.0,1.0,0.0,0.0,0.492,0.021,0.5,0.627,0.501,0.035,0.509,0.642,0.0,0.0,-1.76,-5.41,7.16,7.25,0.0,0.0,0.0,0.0,0.0,0.0,-3.14,1.0,1.0,-0.0,-0.0,0.0,0.0,0.0,0.0,0.0,0.0,0.0,0.0,0.0,0.0,145.0,93.0,167.0,159.0,18.0,8.0,20.0,10.0,15.0,6.0,0.0
95.334,52,138376.0,611.0,87.0,600.0,776.0,0.0,1.0,0.0,0.0,0.492,0.021,0.5,0.627,0.501,0.035,0.509,0.642,0.0,0.0,-1.76,-5.41,7.16,7.25,0.0,0.0,0.0,0.0,0.0,0.0,-3.14,1.0,1.0,-0.0,-0.0,0.0,0.0,0.0,0.0,0.0,0.0,0.0,0.0,0.0,0.0,145.0,93.0,167.0,159.0,18.0,8.0,20.0,10.0,15.0,6.0,0.0
95.367,52,138428.0,611.0,87.0,600.0,776.0,0.0,1.0,0.0,0.0,0.492,0.021,0.5,0.627,0.501,0.035,0.509,0.642,0.0,0.0,-1.76,-5.41,7.16,7.25,0.0,0.0,0.0,0.0,0.0,0.0,-3.14,1.0,1.0,-0.0,-0.0,0.0,0.0,0.0,0.0,0.0,0.0,0.0,0.0,0.0,0.0,145.0,93.0,167.0,159.0,18.0,8.0,20.0,10.0,15.0,6.0,0.0
95.433,52,138480.0,611.0,87.0,600.0,776.0,0.0,1.0,0.0,0.0,0.501,0.021,0.5,0.626,0.509,0.035,0.509,0.641,0.0,0.0,-1.76,-5.41,7.16,7.25,0.0,0.0,0.0,0.0,0.0,0.0,-3.14,1.0,1.0,-0.0,-0.0,0.0,0.0,0.0,0.0,0.0,0.0,0.0,0.0,0.0,0.0,145.0,93.0,167.0,159.0,18.0,8.0,20.0,10.0,15.0,6.0,0.0
95.499,52,138532.0,619.0,87.0,600.0,776.0,0.0,1.0,0.0,0.0,0.501,0.021,0.5,0.626,0.509,0.035,0.509,0.641,0.0,0.0,-1.76,-5.41,7.16,7.25,0.0,0.0,0.0,0.0,0.0,0.0,-3.14,1.0,1.0,-0.0,-0.0,0.0,0.0,0.0,0.0,0.0,0.0,0.0,0.0,0.0,0.0,145.0,93.0,167.0,159.0,18.0,8.0,20.0,10.0,15.0,6.0,0.0
95.532,52,138584.0,619.0,87.0,600.0,776.0,0.0,1.0,0.0,0.0,0.501,0.021,0.5,0.626,0.509,0.035,0.509,0.641,0.0,0.0,-1.76,-5.41,7.16,7.25,0.0,0.0,0.0,0.0,0.0,0.0,-3.14,1.0,1.0,-0.0,-0.0,0.0,0.0,0.0,0.0,0.0,0.0,0.0,0.0,0.0,0.0,145.0,93.0,167.0,159.0,18.0,8.0,20.0,10.0,15.0,6.0,0.0
95.598,53,138637.0,619.0,87.0,600.0,776.0,0.0,1.0,0.0,0.0,0.501,0.021,0.5,0.626,0.509,0.035,0.509,0.641,0.0,0.0,-1.76,-5.41,7.16,7.25,0.0,0.0,0.0,0.0,0.0,0.0,-3.14,1.0,1.0,-0.0,-0.0,0.0,0.0,0.0,0.0,0.0,0.0,0.0,0.0,0.0,0.0,145.0,93.0,167.0,159.0,18.0,8.0,20.0,10.0,15.0,6.0,1.0
95.63,52,138689.0,619.0,87.0,600.0,776.0,0.0,1.0,0.0,0.0,0.509,0.02,0.5,0.626,0.517,0.035,0.509,0.641,0.0,0.0,-1.76,-5.41,7.16,7.25,0.0,0.0,0.0,0.0,0.0,0.0,-3.14,1.0,1.0,-0.0,-0.0,0.0,0.0,0.0,0.0,0.0,0.0,0.0,0.0,0.0,0.0,145.0,93.0,167.0,159.0,18.0,8.0,20.0,10.0,15.0,6.0,0.0
95.696,52,138741.0,619.0,87.0,600.0,776.0,0.0,1.0,0.0,0.0,0.509,0.02,0.5,0.626,0.517,0.035,0.509,0.641,0.0,0.0,-1.76,-5.41,7.16,7.25,0.0,0.0,0.0,0.0,0.0,0.0,-3.14,1.0,1.0,-0.0,-0.0,0.0,0.0,0.0,0.0,0.0,0.0,0.0,0.0,0.0,0.0,145.0,93.0,167.0,159.0,18.0,8.0,20.0,10.0,15.0,6.0,0.0
95.761,51,138792.0,619.0,87.0,600.0,776.0,0.0,1.0,0.0,0.0,0.509,0.02,0.5,0.626,0.517,0.035,0.509,0.641,0.0,0.0,-1.76,-5.41,7.16,7.25,0.0,0.0,0.0,0.0,0.0,0.0,-3.14,1.0,1.0,-0.0,-0.0,0.0,0.0,0.0,0.0,0.0,0.0,0.0,0.0,0.0,0.0,145.0,93.0,167.0,159.0,18.0,8.0,20.0,10.0,15.0,6.0,0.0
95.795,54,138846.0,619.0,87.0,600.0,776.0,0.0,1.0,0.0,0.0,0.509,0.02,0.5,0.626,0.517,0.035,0.509,0.641,0.0,0.0,-1.75,-5.41,7.16,7.25,0.0,0.0,0.0,0.0,0.0,0.0,-3.14,1.0,1.0,-0.0,-0.0,0.0,0.0,0.0,0.0,0.0,0.0,0.0,0.0,0.0,0.0,145.0,93.0,167.0,159.0,18.0,8.0,20.0,10.0,15.0,6.0,1.0
95.862,52,138898.0,619.0,87.0,600.0,780.0,0.0,1.0,0.0,0.0,0.513,0.02,0.5,0.627,0.521,0.035,0.509,0.642,0.0,0.0,-1.75,-5.41,7.16,7.25,0.0,0.0,0.0,0.0,0.0,0.0,-3.14,1.0,1.0,-0.0,-0.0,0.0,0.0,0.0,0.0,0.0,0.0,0.0,0.0,0.0,0.0,145.0,93.0,167.0,159.0,18.0,8.0,20.0,10.0,15.0,6.0,0.0
95.894,52,138950.0,619.0,87.0,600.0,780.0,0.0,1.0,0.0,0.0,0.513,0.02,0.5,0.627,0.521,0.035,0.509,0.642,0.0,0.0,-1.76,-5.41,7.16,7.25,0.0,0.0,0.0,0.0,0.0,0.0,-3.14,1.0,1.0,-0.0,-0.0,0.0,0.0,0.0,0.0,0.0,0.0,0.0,0.0,0.0,0.0,145.0,93.0,167.0,159.0,18.0,8.0,20.0,10.0,15.0,6.0,0.0
95.96,51,139001.0,619.0,86.0,600.0,780.0,0.0,1.0,0.0,0.0,0.513,0.02,0.5,0.627,0.521,0.035,0.509,0.642,0.0,0.0,-1.76,-5.41,7.16,7.25,0.0,0.0,0.0,0.0,0.0,0.0,-3.14,1.0,1.0,-0.0,-0.0,0.0,0.0,0.0,0.0,0.0,0.0,0.0,0.0,0.0,0.0,145.0,93.0,167.0,159.0,18.0,8.0,20.0,10.0,15.0,6.0,0.0
96.027,54,139055.0,619.0,86.0,600.0,780.0,0.0,1.0,0.0,0.0,0.513,0.02,0.5,0.627,0.521,0.035,0.509,0.642,0.0,0.0,-1.76,-5.41,7.16,7.25,0.0,0.0,0.0,0.0,0.0,0.0,-3.14,1.0,1.0,-0.0,-0.0,0.0,0.0,0.0,0.0,0.0,0.0,0.0,0.0,0.0,0.0,145.0,93.0,167.0,159.0,18.0,8.0,20.0,10.0,15.0,6.0,0.0
96.06,52,139107.0,619.0,86.0,600.0,783.0,0.0,1.0,0.0,0.0,0.514,0.02,0.5,0.629,0.523,0.035,0.51,0.643,0.0,0.0,-1.76,-5.41,7.16,7.25,0.0,0.0,0.0,0.0,0.0,0.0,-3.14,1.0,1.0,-0.0,-0.0,0.0,0.0,0.0,0.0,0.0,0.0,0.0,0.0,0.0,0.0,145.0,93.0,167.0,159.0,18.0,8.0,20.0,10.0,15.0,6.0,0.0
96.125,52,139159.0,632.0,86.0,600.0,783.0,0.0,1.0,0.0,0.0,0.514,0.02,0.5,0.629,0.523,0.035,0.51,0.643,0.0,0.0,-1.76,-5.41,7.16,7.25,0.0,0.0,0.0,0.0,0.0,0.0,-3.14,1.0,1.0,-0.0,-0.0,0.0,0.0,0.0,0.0,0.0,0.0,0.0,0.0,0.0,0.0,145.0,93.0,167.0,159.0,18.0,8.0,20.0,10.0,15.0,6.0,0.0
96.158,52,139211.0,632.0,86.0,600.0,783.0,0.0,1.0,0.0,0.0,0.514,0.02,0.5,0.629,0.523,0.035,0.51,0.643,0.0,0.0,-1.76,-5.41,7.16,7.25,0.0,0.0,0.0,0.0,0.0,0.0,-3.14,1.0,1.0,-0.0,-0.0,0.0,0.0,0.0,0.0,0.0,0.0,0.0,0.0,0.0,0.0,145.0,93.0,167.0,159.0,18.0,8.0,20.0,10.0,15.0,6.0,0.0
96.224,53,139264.0,632.0,86.0,600.0,783.0,0.0,1.0,0.0,0.0,0.514,0.02,0.5,0.629,0.523,0.035,0.51,0.643,0.0,0.0,-1.76,-5.41,7.16,7.25,0.0,0.0,0.0,0.0,0.0,0.0,-3.14,1.0,1.0,-0.0,-0.0,0.0,0.0,0.0,0.0,0.0,0.0,0.0,0.0,0.0,0.0,145.0,93.0,167.0,159.0,18.0,8.0,20.0,10.0,15.0,6.0,0.0
96.255,52,139316.0,632.0,86.0,600.0,779.0,0.0,1.0,0.0,0.0,0.52,0.02,0.5,0.628,0.529,0.035,0.51,0.643,0.0,0.0,-1.76,-5.41,7.16,7.25,0.0,0.0,0.0,0.0,0.0,0.0,-3.14,1.0,1.0,-0.0,-0.0,0.0,0.0,0.0,0.0,0.0,0.0,0.0,0.0,0.0,0.0,145.0,93.0,167.0,159.0,18.0,8.0,20.0,10.0,15.0,6.0,1.0
96.319,53,139369.0,621.0,86.0,600.0,779.0,0.0,1.0,0.0,0.0,0.52,0.02,0.5,0.628,0.529,0.035,0.51,0.643,0.0,0.0,-1.76,-5.41,7.16,7.25,0.0,0.0,0.0,0.0,0.0,0.0,-3.14,1.0,1.0,-0.0,-0.0,0.0,0.0,0.0,0.0,0.0,0.0,0.0,0.0,0.0,0.0,145.0,93.0,167.0,159.0,18.0,8.0,20.0,10.0,15.0,6.0,1.0
96.384,52,139421.0,621.0,86.0,600.0,779.0,0.0,1.0,0.0,0.0,0.52,0.02,0.5,0.628,0.529,0.035,0.51,0.643,0.0,0.0,-1.76,-5.41,7.16,7.25,0.0,0.0,0.0,0.0,0.0,0.0,-3.14,1.0,1.0,-0.0,-0.0,0.0,0.0,0.0,0.0,0.0,0.0,0.0,0.0,0.0,0.0,145.0,93.0,167.0,159.0,18.0,8.0,20.0,10.0,15.0,6.0,0.0
96.425,52,139473.0,621.0,86.0,600.0,779.0,0.0,1.0,0.0,0.0,0.52,0.02,0.5,0.628,0.529,0.035,0.51,0.643,0.0,0.0,-1.76,-5.41,7.16,7.25,0.0,0.0,0.0,0.0,0.0,0.0,-3.14,1.0,1.0,-0.0,-0.0,0.0,0.0,0.0,0.0,0.0,0.0,0.0,0.0,0.0,0.0,145.0,93.0,167.0,159.0,18.0,8.0,20.0,10.0,15.0,6.0,0.0
96.491,52,139525.0,621.0,86.0,600.0,779.0,0.0,1.0,0.0,0.0,0.519,0.02,0.5,0.628,0.528,0.035,0.51,0.643,0.0,0.0,-1.75,-5.41,7.16,7.25,0.0,0.0,0.0,0.0,0.0,0.0,-3.14,1.0,1.0,-0.0,-0.0,0.0,0.0,0.0,0.0,0.0,0.0,0.0,0.0,0.0,0.0,145.0,93.0,167.0,159.0,18.0,8.0,20.0,10.0,15.0,6.0,0.0
96.524,52,139577.0,613.0,86.0,600.0,779.0,0.0,1.0,0.0,0.0,0.519,0.02,0.5,0.628,0.528,0.035,0.51,0.643,0.0,0.0,-1.75,-5.41,7.16,7.25,0.0,0.0,0.0,0.0,0.0,0.0,-3.14,1.0,1.0,-0.0,-0.0,0.0,0.0,0.0,0.0,0.0,0.0,0.0,0.0,0.0,0.0,145.0,93.0,167.0,159.0,18.0,8.0,20.0,10.0,15.0,6.0,0.0
96.587,52,139629.0,613.0,87.0,600.0,779.0,0.0,1.0,0.0,0.0,0.519,0.02,0.5,0.628,0.528,0.035,0.51,0.643,0.0,0.0,-1.75,-5.41,7.16,7.25,0.0,0.0,0.0,0.0,0.0,0.0,-3.14,1.0,1.0,-0.0,-0.0,0.0,0.0,0.0,0.0,0.0,0.0,0.0,0.0,0.0,0.0,145.0,93.0,167.0,159.0,18.0,8.0,20.0,10.0,15.0,6.0,1.0
96.628,52,139681.0,613.0,87.0,600.0,779.0,0.0,1.0,0.0,0.0,0.519,0.02,0.5,0.628,0.528,0.035,0.51,0.643,0.0,0.0,-1.75,-5.41,7.16,7.25,0.0,0.0,0.0,0.0,0.0,0.0,-3.14,1.0,1.0,-0.0,-0.0,0.0,0.0,0.0,0.0,0.0,0.0,0.0,0.0,0.0,0.0,145.0,93.0,167.0,159.0,18.0,8.0,20.0,10.0,15.0,6.0,0.0
96.694,52,139733.0,613.0,87.0,600.0,777.0,0.0,1.0,0.0,0.0,0.514,0.02,0.5,0.627,0.524,0.035,0.509,0.642,0.0,0.0,-1.75,-5.41,7.16,7.25,0.0,0.0,0.0,0.0,0.0,0.0,-3.14,1.0,1.0,-0.0,-0.0,0.0,0.0,0.0,0.0,0.0,0.0,0.0,0.0,0.0,0.0,145.0,93.0,167.0,159.0,18.0,8.0,20.0,10.0,15.0,6.0,0.0
96.726,52,139785.0,626.0,87.0,600.0,777.0,0.0,1.0,0.0,0.0,0.514,0.02,0.5,0.627,0.524,0.035,0.509,0.642,0.0,0.0,-1.75,-5.41,7.16,7.25,0.0,0.0,0.0,0.0,0.0,0.0,-3.14,1.0,1.0,-0.0,-0.0,0.0,0.0,0.0,0.0,0.0,0.0,0.0,0.0,0.0,0.0,145.0,93.0,167.0,159.0,18.0,8.0,20.0,10.0,15.0,6.0,0.0
96.792,52,139837.0,626.0,86.0,600.0,777.0,0.0,1.0,0.0,0.0,0.514,0.02,0.5,0.627,0.524,0.035,0.509,0.642,0.0,0.0,-1.75,-5.41,7.16,7.25,0.0,0.0,0.0,0.0,0.0,0.0,-3.14,1.0,1.0,-0.0,-0.0,0.0,0.0,0.0,0.0,0.0,0.0,0.0,0.0,0.0,0.0,145.0,93.0,167.0,159.0,18.0,8.0,20.0,10.0,15.0,6.0,1.0
96.857,53,139890.0,626.0,86.0,600.0,777.0,0.0,1.0,0.0,0.0,0.514,0.02,0.5,0.627,0.524,0.035,0.509,0.642,0.0,0.0,-1.75,-5.41,7.16,7.25,0.0,0.0,0.0,0.0,0.0,0.0,-3.14,1.0,1.0,-0.0,0.0,0.0,0.0,0.0,0.0,0.0,0.0,0.0,0.0,0.0,0.0,145.0,93.0,167.0,159.0,18.0,8.0,20.0,10.0,15.0,6.0,0.0
96.889,52,139942.0,626.0,86.0,600.0,774.0,0.0,1.0,0.0,0.0,0.518,0.02,0.5,0.626,0.527,0.035,0.509,0.641,0.0,0.0,-1.75,-5.41,7.16,7.25,0.0,0.0,0.0,0.0,0.0,0.0,-3.14,1.0,1.0,-0.0,-0.0,0.0,0.0,0.0,0.0,0.0,0.0,0.0,0.0,0.0,0.0,145.0,93.0,167.0,159.0,18.0,8.0,20.0,10.0,15.0,6.0,0.0
96.953,52,139994.0,636.0,86.0,600.0,774.0,0.0,1.0,0.0,0.0,0.518,0.02,0.5,0.626,0.527,0.035,0.509,0.641,0.0,0.0,-1.75,-5.41,7.16,7.25,0.0,0.0,0.0,0.0,0.0,0.0,-3.14,1.0,1.0,-0.0,-0.0,0.0,0.0,0.0,0.0,0.0,0.0,0.0,0.0,0.0,0.0,145.0,93.0,167.0,159.0,18.0,8.0,20.0,10.0,15.0,6.0,0.0
96.986,52,140046.0,636.0,87.0,600.0,774.0,0.0,1.0,0.0,0.0,0.518,0.02,0.5,0.626,0.527,0.035,0.509,0.641,0.0,0.0,-1.75,-5.41,7.16,7.25,0.0,0.0,0.0,0.0,0.0,0.0,-3.14,1.0,1.0,-0.0,-0.0,0.0,0.0,0.0,0.0,0.0,0.0,0.0,0.0,0.0,0.0,145.0,93.0,167.0,159.0,18.0,8.0,20.0,10.0,15.0,6.0,0.0
97.053,52,140098.0,636.0,87.0,600.0,774.0,0.0,1.0,0.0,0.0,0.518,0.02,0.5,0.626,0.527,0.035,0.509,0.641,0.0,0.0,-1.75,-5.41,7.16,7.25,0.0,0.0,0.0,0.0,0.0,0.0,-3.14,1.0,1.0,-0.0,-0.0,0.0,0.0,0.0,0.0,0.0,0.0,0.0,0.0,0.0,0.0,145.0,93.0,167.0,159.0,18.0,8.0,20.0,10.0,15.0,6.0,0.0
97.119,52,140150.0,636.0,87.0,600.0,771.0,0.0,1.0,0.0,0.0,0.524,0.02,0.5,0.624,0.533,0.035,0.509,0.639,0.0,0.0,-1.76,-5.41,7.16,7.25,0.0,0.0,0.0,0.0,0.0,0.0,-3.14,1.0,1.0,-0.0,-0.0,0.0,0.0,0.0,0.0,0.0,0.0,0.0,0.0,0.0,0.0,145.0,93.0,167.0,159.0,18.0,8.0,20.0,10.0,15.0,6.0,1.0
97.152,52,140202.0,624.0,87.0,600.0,771.0,0.0,1.0,0.0,0.0,0.524,0.02,0.5,0.624,0.533,0.035,0.509,0.639,0.0,0.0,-1.76,-5.41,7.16,7.25,0.0,0.0,0.0,0.0,0.0,0.0,-3.14,1.0,1.0,-0.0,0.0,0.0,0.0,0.0,0.0,0.0,0.0,0.0,0.0,0.0,0.0,145.0,93.0,167.0,159.0,18.0,8.0,20.0,10.0,15.0,6.0,0.0
97.218,52,140254.0,624.0,87.0,600.0,771.0,0.0,1.0,0.0,0.0,0.524,0.02,0.5,0.624,0.533,0.035,0.509,0.639,0.0,0.0,-1.76,-5.41,7.16,7.25,0.0,0.0,0.0,0.0,0.0,0.0,-3.14,1.0,1.0,-0.0,0.0,0.0,0.0,0.0,0.0,0.0,0.0,0.0,0.0,0.0,0.0,145.0,93.0,167.0,159.0,18.0,8.0,20.0,10.0,15.0,6.0,0.0
97.251,53,140307.0,624.0,87.0,600.0,771.0,0.0,1.0,0.0,0.0,0.524,0.02,0.5,0.624,0.533,0.035,0.509,0.639,0.0,0.0,-1.75,-5.41,7.16,7.25,0.0,0.0,0.0,0.0,0.0,0.0,-3.14,1.0,1.0,-0.0,-0.0,0.0,0.0,0.0,0.0,0.0,0.0,0.0,0.0,0.0,0.0,145.0,93.0,167.0,159.0,18.0,8.0,20.0,10.0,15.0,6.0,0.0
97.317,52,140359.0,624.0,87.0,600.0,774.0,0.0,1.0,0.0,0.0,0.522,0.02,0.5,0.625,0.531,0.035,0.509,0.639,0.0,0.0,-1.75,-5.41,7.16,7.25,0.0,0.0,0.0,0.0,0.0,0.0,-3.14,1.0,1.0,-0.0,-0.0,0.0,0.0,0.0,0.0,0.0,0.0,0.0,0.0,0.0,0.0,145.0,93.0,167.0,159.0,18.0,8.0,20.0,10.0,15.0,6.0,1.0
97.351,52,140411.0,638.0,87.0,600.0,774.0,0.0,1.0,0.0,0.0,0.522,0.02,0.5,0.625,0.531,0.035,0.509,0.639,0.0,0.0,-1.75,-5.41,7.16,7.25,0.0,0.0,0.0,0.0,0.0,0.0,-3.14,1.0,1.0,-0.0,-0.0,0.0,0.0,0.0,0.0,0.0,0.0,0.0,0.0,0.0,0.0,145.0,93.0,167.0,159.0,18.0,8.0,20.0,10.0,15.0,6.0,0.0
97.417,51,140462.0,638.0,87.0,600.0,774.0,0.0,1.0,0.0,0.0,0.522,0.02,0.5,0.625,0.531,0.035,0.509,0.639,0.0,0.0,-1.75,-5.41,7.16,7.25,0.0,0.0,0.0,0.0,0.0,0.0,-3.14,1.0,1.0,-0.0,-0.0,0.0,0.0,0.0,0.0,0.0,0.0,0.0,0.0,0.0,0.0,145.0,93.0,167.0,159.0,18.0,8.0,20.0,10.0,15.0,6.0,0.0
97.482,53,140515.0,638.0,87.0,600.0,774.0,0.0,1.0,0.0,0.0,0.522,0.02,0.5,0.625,0.531,0.035,0.509,0.639,0.0,0.0,-1.75,-5.41,7.16,7.25,0.0,0.0,0.0,0.0,0.0,0.0,-3.14,1.0,1.0,-0.0,0.0,0.0,0.0,0.0,0.0,0.0,0.0,0.0,0.0,0.0,0.0,145.0,93.0,167.0,159.0,18.0,8.0,20.0,10.0,15.0,6.0,0.0
97.515,52,140567.0,638.0,87.0,600.0,772.0,0.0,1.0,0.0,0.0,0.526,0.02,0.5,0.624,0.535,0.036,0.509,0.639,0.0,0.0,-1.75,-5.41,7.16,7.25,0.0,0.0,0.0,0.0,0.0,0.0,-3.14,1.0,1.0,-0.0,-0.0,0.0,0.0,0.0,0.0,0.0,0.0,0.0,0.0,0.0,0.0,145.0,93.0,167.0,159.0,18.0,8.0,20.0,10.0,15.0,6.0,0.0
97.581,52,140619.0,655.0,87.0,600.0,772.0,0.0,1.0,0.0,0.0,0.526,0.02,0.5,0.624,0.535,0.036,0.509,0.639,0.0,0.0,-1.75,-5.41,7.16,7.25,0.0,0.0,0.0,0.0,0.0,0.0,-3.14,1.0,1.0,-0.0,-0.0,0.0,0.0,0.0,0.0,0.0,0.0,0.0,0.0,0.0,0.0,145.0,93.0,167.0,159.0,18.0,8.0,20.0,10.0,15.0,6.0,0.0
97.619,51,140670.0,655.0,87.0,600.0,772.0,0.0,1.0,0.0,0.0,0.526,0.02,0.5,0.624,0.535,0.036,0.509,0.639,0.0,0.0,-1.75,-5.41,7.16,7.25,0.0,0.0,0.0,0.0,0.0,0.0,-3.14,1.0,1.0,-0.0,-0.0,0.0,0.0,0.0,0.0,0.0,0.0,0.0,0.0,0.0,0.0,145.0,93.0,167.0,159.0,18.0,8.0,20.0,10.0,15.0,6.0,0.0
97.685,54,140724.0,655.0,87.0,600.0,772.0,0.0,1.0,0.0,0.0,0.526,0.02,0.5,0.624,0.535,0.036,0.509,0.639,0.0,0.0,-1.75,-5.41,7.16,7.25,0.0,0.0,0.0,0.0,0.0,0.0,-3.14,1.0,1.0,-0.0,-0.0,0.0,0.0,0.0,0.0,0.0,0.0,0.0,0.0,0.0,0.0,145.0,93.0,167.0,159.0,18.0,8.0,20.0,10.0,15.0,6.0,0.0
97.717,52,140776.0,655.0,87.0,600.0,774.0,0.0,1.0,0.0,0.0,0.536,0.02,0.5,0.624,0.544,0.036,0.509,0.639,0.0,0.0,-1.75,-5.41,7.16,7.25,0.0,0.0,0.0,0.0,0.0,0.0,-3.14,1.0,1.0,-0.0,-0.0,0.0,0.0,0.0,0.0,0.0,0.0,0.0,0.0,0.0,0.0,145.0,93.0,167.0,159.0,18.0,8.0,20.0,10.0,15.0,6.0,0.0
97.782,52,140828.0,649.0,87.0,600.0,774.0,0.0,1.0,0.0,0.0,0.536,0.02,0.5,0.624,0.544,0.036,0.509,0.639,0.0,0.0,-1.75,-5.41,7.16,7.25,0.0,0.0,0.0,0.0,0.0,0.0,-3.14,1.0,1.0,-0.0,-0.0,0.0,0.0,0.0,0.0,0.0,0.0,0.0,0.0,0.0,0.0,145.0,93.0,167.0,159.0,18.0,8.0,20.0,10.0,15.0,6.0,0.0
97.848,52,140880.0,649.0,88.0,600.0,774.0,0.0,1.0,0.0,0.0,0.536,0.02,0.5,0.624,0.544,0.036,0.509,0.639,0.0,0.0,-1.75,-5.41,7.16,7.25,0.0,0.0,0.0,0.0,0.0,0.0,-3.14,1.0,1.0,-0.0,-0.0,0.0,0.0,0.0,0.0,0.0,0.0,0.0,0.0,0.0,0.0,145.0,93.0,167.0,159.0,18.0,8.0,20.0,10.0,15.0,6.0,1.0
97.879,52,140932.0,649.0,88.0,600.0,774.0,0.0,1.0,0.0,0.0,0.536,0.02,0.5,0.624,0.544,0.036,0.509,0.639,0.0,0.0,-1.75,-5.41,7.16,7.25,0.0,0.0,0.0,0.0,0.0,0.0,-3.14,1.0,1.0,-0.0,-0.0,0.0,0.0,0.0,0.0,0.0,0.0,0.0,0.0,0.0,0.0,145.0,93.0,167.0,159.0,18.0,8.0,20.0,10.0,15.0,6.0,0.0
97.943,52,140984.0,649.0,88.0,600.0,779.0,0.0,1.0,0.0,0.0,0.538,0.021,0.5,0.626,0.547,0.036,0.509,0.641,0.0,0.0,-1.75,-5.41,7.16,7.25,0.0,0.0,0.0,0.0,0.0,0.0,-3.14,1.0,1.0,-0.0,-0.0,0.0,0.0,0.0,0.0,0.0,0.0,0.0,0.0,0.0,0.0,145.0,93.0,167.0,159.0,18.0,8.0,20.0,10.0,15.0,6.0,0.0
97.976,52,141036.0,649.0,88.0,600.0,779.0,0.0,1.0,0.0,0.0,0.538,0.021,0.5,0.626,0.547,0.036,0.509,0.641,0.0,0.0,-1.75,-5.41,7.16,7.25,0.0,0.0,0.0,0.0,0.0,0.0,-3.14,1.0,1.0,-0.0,-0.0,0.0,0.0,0.0,0.0,0.0,0.0,0.0,0.0,0.0,0.0,145.0,93.0,167.0,159.0,18.0,8.0,20.0,10.0,15.0,6.0,0.0
98.047,52,141088.0,649.0,87.0,600.0,779.0,0.0,1.0,0.0,0.0,0.538,0.021,0.5,0.626,0.547,0.036,0.509,0.641,0.0,0.0,-1.75,-5.41,7.16,7.25,0.0,0.0,0.0,0.0,0.0,0.0,-3.14,1.0,1.0,-0.0,-0.0,0.0,0.0,0.0,0.0,0.0,0.0,0.0,0.0,0.0,0.0,145.0,93.0,167.0,159.0,18.0,8.0,20.0,10.0,15.0,6.0,0.0
98.08,53,141141.0,649.0,87.0,600.0,779.0,0.0,1.0,0.0,0.0,0.538,0.021,0.5,0.626,0.547,0.036,0.509,0.641,0.0,0.0,-1.75,-5.41,7.16,7.25,0.0,0.0,0.0,0.0,0.0,0.0,-3.14,1.0,1.0,-0.0,-0.0,0.0,0.0,0.0,0.0,0.0,0.0,0.0,0.0,0.0,0.0,145.0,93.0,167.0,159.0,18.0,8.0,20.0,10.0,15.0,6.0,1.0
98.145,52,141193.0,649.0,87.0,600.0,779.0,0.0,1.0,0.0,0.0,0.538,0.021,0.5,0.627,0.548,0.036,0.509,0.642,0.0,0.0,-1.75,-5.41,7.16,7.25,0.0,0.0,0.0,0.0,0.0,0.0,-3.14,1.0,1.0,-0.0,-0.0,0.0,0.0,0.0,0.0,0.0,0.0,0.0,0.0,0.0,0.0,145.0,93.0,167.0,159.0,18.0,8.0,20.0,10.0,15.0,6.0,0.0
98.214,52,141245.0,647.0,87.0,600.0,779.0,0.0,1.0,0.0,0.0,0.538,0.021,0.5,0.627,0.548,0.036,0.509,0.642,0.0,0.0,-1.75,-5.41,7.16,7.25,0.0,0.0,0.0,0.0,0.0,0.0,-3.14,1.0,1.0,-0.0,-0.0,0.0,-0.0,0.0,0.0,0.0,0.0,0.0,0.0,0.0,0.0,145.0,93.0,167.0,159.0,18.0,8.0,20.0,10.0,15.0,6.0,0.0
98.246,52,141297.0,647.0,88.0,600.0,779.0,0.0,1.0,0.0,0.0,0.538,0.021,0.5,0.627,0.548,0.036,0.509,0.642,0.0,0.0,-1.75,-5.41,7.16,7.25,0.0,0.0,0.0,0.0,0.0,0.0,-3.14,1.0,1.0,-0.0,-0.0,0.0,-0.0,0.0,0.0,0.0,0.0,0.0,0.0,0.0,0.0,145.0,93.0,167.0,159.0,18.0,8.0,20.0,10.0,15.0,6.0,0.0
98.311,52,141349.0,647.0,88.0,600.0,779.0,0.0,1.0,0.0,0.0,0.538,0.021,0.5,0.627,0.548,0.036,0.509,0.642,0.0,0.0,-1.75,-5.41,7.16,7.25,0.0,0.0,0.0,0.0,0.0,0.0,-3.14,1.0,1.0,-0.0,-0.0,0.0,-0.0,0.0,0.0,0.0,0.0,0.0,0.0,0.0,0.0,145.0,93.0,167.0,159.0,18.0,8.0,20.0,10.0,15.0,6.0,0.0
98.345,52,141401.0,647.0,88.0,600.0,781.0,0.0,1.0,0.0,0.0,0.538,0.021,0.5,0.628,0.548,0.036,0.51,0.643,0.0,0.0,-1.75,-5.41,7.16,7.25,0.0,0.0,0.0,0.0,0.0,0.0,-3.14,1.0,1.0,-0.0,-0.0,0.0,0.0,0.0,0.0,0.0,0.0,0.0,0.0,0.0,0.0,145.0,93.0,167.0,159.0,18.0,8.0,20.0,10.0,15.0,6.0,1.0
98.411,52,141453.0,621.0,88.0,600.0,781.0,0.0,1.0,0.0,0.0,0.538,0.021,0.5,0.628,0.548,0.036,0.51,0.643,0.0,0.0,-1.75,-5.41,7.16,7.25,0.0,0.0,0.0,0.0,0.0,0.0,-3.14,1.0,1.0,-0.0,-0.0,0.0,-0.0,0.0,0.0,0.0,0.0,0.0,0.0,0.0,0.0,145.0,93.0,167.0,159.0,18.0,8.0,20.0,10.0,15.0,6.0,1.0
98.444,52,141505.0,621.0,88.0,600.0,781.0,0.0,1.0,0.0,0.0,0.538,0.021,0.5,0.628,0.548,0.036,0.51,0.643,0.0,0.0,-1.75,-5.41,7.16,7.25,0.0,0.0,0.0,0.0,0.0,0.0,-3.14,1.0,1.0,-0.0,-0.0,0.0,0.0,0.0,0.0,0.0,0.0,0.0,0.0,0.0,0.0,145.0,93.0,167.0,159.0,18.0,8.0,20.0,10.0,15.0,6.0,0.0
98.509,52,141557.0,621.0,88.0,600.0,781.0,0.0,1.0,0.0,0.0,0.538,0.021,0.5,0.628,0.548,0.036,0.51,0.643,0.0,0.0,-1.75,-5.41,7.16,7.25,0.0,0.0,0.0,0.0,0.0,0.0,-3.14,1.0,1.0,-0.0,0.0,0.0,0.0,0.0,0.0,0.0,0.0,0.0,0.0,0.0,0.0,145.0,93.0,167.0,159.0,18.0,8.0,20.0,10.0,15.0,6.0,0.0
98.575,53,141610.0,621.0,88.0,600.0,783.0,0.0,1.0,0.0,0.0,0.527,0.021,0.5,0.629,0.538,0.036,0.51,0.644,0.0,0.0,-1.75,-5.41,7.16,7.25,0.0,0.0,0.0,0.0,0.0,0.0,-3.14,1.0,1.0,-0.0,-0.0,0.0,0.0,0.0,0.0,0.0,0.0,0.0,0.0,0.0,0.0,145.0,93.0,167.0,159.0,18.0,8.0,20.0,10.0,15.0,6.0,0.0
98.607,52,141662.0,601.0,88.0,600.0,783.0,0.0,1.0,0.0,0.0,0.527,0.021,0.5,0.629,0.538,0.036,0.51,0.644,0.0,0.0,-1.75,-5.41,7.16,7.25,0.0,0.0,0.0,0.0,0.0,0.0,-3.14,1.0,1.0,-0.0,-0.0,0.0,0.0,0.0,0.0,0.0,0.0,0.0,0.0,0.0,0.0,145.0,93.0,167.0,159.0,18.0,8.0,20.0,10.0,15.0,6.0,0.0
98.675,52,141714.0,601.0,88.0,600.0,783.0,0.0,1.0,0.0,0.0,0.527,0.021,0.5,0.629,0.538,0.036,0.51,0.644,0.0,0.0,-1.75,-5.41,7.16,7.25,0.0,0.0,0.0,0.0,0.0,0.0,-3.14,1.0,1.0,-0.0,-0.0,0.0,0.0,0.0,0.0,0.0,0.0,0.0,0.0,0.0,0.0,145.0,93.0,167.0,159.0,18.0,8.0,20.0,10.0,15.0,6.0,0.0
98.708,53,141767.0,601.0,88.0,600.0,783.0,0.0,1.0,0.0,0.0,0.527,0.021,0.5,0.629,0.538,0.036,0.51,0.644,0.0,0.0,-1.75,-5.41,7.16,7.25,0.0,0.0,0.0,0.0,0.0,0.0,-3.14,1.0,1.0,-0.0,-0.0,0.0,0.0,0.0,0.0,0.0,0.0,0.0,0.0,0.0,0.0,145.0,93.0,167.0,159.0,18.0,8.0,20.0,10.0,15.0,6.0,0.0
98.772,52,141819.0,601.0,88.0,600.0,782.0,0.0,1.0,0.0,0.0,0.513,0.021,0.5,0.629,0.525,0.036,0.51,0.644,0.0,0.0,-1.75,-5.41,7.16,7.25,0.0,0.0,0.0,0.0,0.0,0.0,-3.14,1.0,1.0,-0.0,-0.0,0.0,0.0,0.0,0.0,0.0,0.0,0.0,0.0,0.0,0.0,145.0,93.0,167.0,159.0,18.0,8.0,20.0,10.0,15.0,6.0,0.0
98.836,52,141871.0,596.0,88.0,600.0,782.0,0.0,1.0,0.0,0.0,0.513,0.021,0.5,0.629,0.525,0.036,0.51,0.644,0.0,0.0,-1.75,-5.41,7.16,7.25,0.0,0.0,0.0,0.0,0.0,0.0,-3.14,1.0,1.0,-0.0,-0.0,0.0,0.0,0.0,0.0,0.0,0.0,0.0,0.0,0.0,0.0,145.0,93.0,167.0,159.0,18.0,8.0,20.0,10.0,15.0,6.0,0.0
98.869,52,141923.0,596.0,88.0,600.0,782.0,0.0,1.0,0.0,0.0,0.513,0.021,0.5,0.629,0.525,0.036,0.51,0.644,0.0,0.0,-1.75,-5.41,7.16,7.25,0.0,0.0,0.0,0.0,0.0,0.0,-3.14,1.0,1.0,-0.0,-0.0,0.0,0.0,0.0,0.0,0.0,0.0,0.0,0.0,0.0,0.0,145.0,93.0,167.0,159.0,18.0,8.0,20.0,10.0,15.0,6.0,1.0
98.933,53,141976.0,596.0,88.0,600.0,782.0,0.0,1.0,0.0,0.0,0.513,0.021,0.5,0.629,0.525,0.036,0.51,0.644,0.0,0.0,-1.75,-5.41,7.16,7.25,0.0,0.0,0.0,0.0,0.0,0.0,-3.14,1.0,1.0,-0.0,-0.0,0.0,0.0,0.0,0.0,0.0,0.0,0.0,0.0,0.0,0.0,145.0,93.0,167.0,159.0,18.0,8.0,20.0,10.0,15.0,6.0,0.0
98.999,52,142028.0,596.0,88.0,600.0,779.0,0.0,1.0,0.0,0.0,0.504,0.021,0.5,0.628,0.515,0.036,0.51,0.643,0.0,0.0,-1.75,-5.41,7.16,7.25,0.0,0.0,0.0,0.0,0.0,0.0,-3.14,1.0,1.0,-0.0,-0.0,0.0,0.0,0.0,0.0,0.0,0.0,0.0,0.0,0.0,0.0,145.0,93.0,167.0,159.0,18.0,8.0,20.0,10.0,15.0,6.0,0.0
99.032,52,142080.0,617.0,88.0,600.0,779.0,0.0,1.0,0.0,0.0,0.504,0.021,0.5,0.628,0.515,0.036,0.51,0.643,0.0,0.0,-1.75,-5.41,7.16,7.25,0.0,0.0,0.0,0.0,0.0,0.0,-3.14,1.0,1.0,-0.0,-0.0,0.0,0.0,0.0,0.0,0.0,0.0,0.0,0.0,0.0,0.0,145.0,93.0,167.0,159.0,18.0,8.0,20.0,10.0,15.0,6.0,1.0
99.095,51,142131.0,617.0,88.0,600.0,779.0,0.0,1.0,0.0,0.0,0.504,0.021,0.5,0.628,0.515,0.036,0.51,0.643,0.0,0.0,-1.75,-5.41,7.16,7.25,0.0,0.0,0.0,0.0,0.0,0.0,-3.14,1.0,1.0,-0.0,-0.0,0.0,0.0,0.0,0.0,0.0,0.0,0.0,0.0,0.0,0.0,145.0,93.0,167.0,159.0,18.0,8.0,20.0,10.0,15.0,6.0,0.0
99.127,53,142184.0,617.0,88.0,600.0,779.0,0.0,1.0,0.0,0.0,0.504,0.021,0.5,0.628,0.515,0.036,0.51,0.643,0.0,0.0,-1.75,-5.41,7.16,7.25,0.0,0.0,0.0,0.0,0.0,0.0,-3.14,1.0,1.0,-0.0,-0.0,0.0,0.0,0.0,0.0,0.0,0.0,0.0,0.0,0.0,0.0,145.0,93.0,167.0,159.0,18.0,8.0,20.0,10.0,15.0,6.0,0.0
99.192,52,142236.0,617.0,88.0,600.0,778.0,0.0,1.0,0.0,0.0,0.51,0.021,0.5,0.628,0.518,0.036,0.51,0.643,0.0,0.0,-1.75,-5.41,7.16,7.25,0.0,0.0,0.0,0.0,0.0,0.0,-3.14,1.0,1.0,-0.0,-0.0,0.0,0.0,0.0,0.0,0.0,0.0,0.0,0.0,0.0,0.0,145.0,93.0,167.0,159.0,18.0,8.0,20.0,10.0,15.0,6.0,0.0
99.26,52,142288.0,619.0,88.0,600.0,778.0,0.0,1.0,0.0,0.0,0.51,0.021,0.5,0.628,0.518,0.036,0.51,0.643,0.0,0.0,-1.75,-5.41,7.16,7.25,0.0,0.0,0.0,0.0,0.0,0.0,-3.14,1.0,1.0,-0.0,-0.0,0.0,0.0,0.0,0.0,0.0,0.0,0.0,0.0,0.0,0.0,145.0,93.0,167.0,159.0,18.0,8.0,20.0,10.0,15.0,6.0,0.0
99.292,51,142339.0,619.0,87.0,600.0,778.0,0.0,1.0,0.0,0.0,0.51,0.021,0.5,0.628,0.518,0.036,0.51,0.643,0.0,0.0,-1.75,-5.41,7.16,7.25,0.0,0.0,0.0,0.0,0.0,0.0,-3.14,1.0,1.0,-0.0,0.0,0.0,0.0,0.0,0.0,0.0,0.0,0.0,0.0,0.0,0.0,145.0,93.0,167.0,159.0,18.0,8.0,20.0,10.0,15.0,6.0,0.0
99.358,53,142392.0,619.0,87.0,600.0,778.0,0.0,1.0,0.0,0.0,0.51,0.021,0.5,0.628,0.518,0.036,0.51,0.643,0.0,0.0,-1.75,-5.41,7.16,7.25,0.0,0.0,0.0,0.0,0.0,0.0,-3.14,1.0,1.0,-0.0,0.0,0.0,0.0,0.0,0.0,0.0,0.0,0.0,0.0,0.0,0.0,145.0,93.0,167.0,159.0,18.0,8.0,20.0,10.0,15.0,6.0,0.0
99.391,52,142444.0,619.0,87.0,600.0,778.0,0.0,1.0,0.0,0.0,0.513,0.021,0.5,0.628,0.522,0.036,0.51,0.642,0.0,0.0,-1.75,-5.41,7.16,7.25,0.0,0.0,0.0,0.0,0.0,0.0,-3.14,1.0,1.0,-0.0,0.0,0.0,0.0,0.0,0.0,0.0,0.0,0.0,0.0,0.0,0.0,145.0,93.0,167.0,159.0,18.0,8.0,20.0,10.0,15.0,6.0,0.0
99.459,52,142496.0,631.0,87.0,600.0,778.0,0.0,1.0,0.0,0.0,0.513,0.021,0.5,0.628,0.522,0.036,0.51,0.642,0.0,0.0,-1.75,-5.41,7.16,7.25,0.0,0.0,0.0,0.0,0.0,0.0,-3.14,1.0,1.0,-0.0,0.0,0.0,0.0,0.0,0.0,0.0,0.0,0.0,0.0,0.0,0.0,145.0,93.0,167.0,159.0,18.0,8.0,20.0,10.0,15.0,6.0,0.0
99.492,52,142548.0,631.0,86.0,600.0,778.0,0.0,1.0,0.0,0.0,0.513,0.021,0.5,0.628,0.522,0.036,0.51,0.642,0.0,0.0,-1.75,-5.41,7.16,7.25,0.0,0.0,0.0,0.0,0.0,0.0,-3.14,1.0,1.0,-0.0,-0.0,0.0,0.0,0.0,0.0,0.0,0.0,0.0,0.0,0.0,0.0,145.0,93.0,167.0,159.0,18.0,8.0,20.0,10.0,15.0,6.0,0.0
99.558,52,142600.0,631.0,86.0,600.0,778.0,0.0,1.0,0.0,0.0,0.513,0.021,0.5,0.628,0.522,0.036,0.51,0.642,0.0,0.0,-1.75,-5.41,7.16,7.25,0.0,0.0,0.0,0.0,0.0,0.0,-3.14,1.0,1.0,-0.0,-0.0,0.0,0.0,0.0,0.0,0.0,0.0,0.0,0.0,0.0,0.0,145.0,93.0,167.0,159.0,18.0,8.0,20.0,10.0,15.0,6.0,1.0
99.625,52,142652.0,631.0,86.0,600.0,776.0,0.0,1.0,0.0,0.0,0.519,0.02,0.5,0.627,0.528,0.035,0.509,0.642,0.0,0.0,-1.75,-5.41,7.16,7.25,0.0,0.0,0.0,0.0,0.0,0.0,-3.14,1.0,1.0,-0.0,-0.0,0.0,0.0,0.0,0.0,0.0,0.0,0.0,0.0,0.0,0.0,145.0,93.0,167.0,159.0,18.0,8.0,20.0,10.0,15.0,6.0,0.0
99.657,52,142704.0,634.0,86.0,600.0,776.0,0.0,1.0,0.0,0.0,0.519,0.02,0.5,0.627,0.528,0.035,0.509,0.642,0.0,0.0,-1.75,-5.41,7.16,7.25,0.0,0.0,0.0,0.0,0.0,0.0,-3.14,1.0,1.0,-0.0,-0.0,0.0,0.0,0.0,0.0,0.0,0.0,0.0,0.0,0.0,0.0,145.0,93.0,167.0,159.0,18.0,8.0,20.0,10.0,15.0,6.0,0.0
99.723,52,142756.0,634.0,85.0,600.0,776.0,0.0,1.0,0.0,0.0,0.519,0.02,0.5,0.627,0.528,0.035,0.509,0.642,0.0,0.0,-1.75,-5.41,7.16,7.25,0.0,0.0,0.0,0.0,0.0,0.0,-3.14,1.0,1.0,-0.0,-0.0,0.0,0.0,0.0,0.0,0.0,0.0,0.0,0.0,0.0,0.0,145.0,93.0,167.0,159.0,18.0,8.0,20.0,10.0,15.0,6.0,0.0
99.756,52,142808.0,634.0,85.0,600.0,776.0,0.0,1.0,0.0,0.0,0.519,0.02,0.5,0.627,0.528,0.035,0.509,0.642,0.0,0.0,-1.76,-5.41,7.16,7.25,0.0,0.0,0.0,0.0,0.0,0.0,-3.14,1.0,1.0,-0.0,-0.0,0.0,0.0,0.0,0.0,0.0,0.0,0.0,0.0,0.0,0.0,145.0,93.0,167.0,159.0,18.0,8.0,20.0,10.0,15.0,6.0,0.0
99.822,52,142860.0,634.0,85.0,600.0,779.0,0.0,1.0,0.0,0.0,0.524,0.02,0.5,0.627,0.532,0.035,0.509,0.642,0.0,0.0,-1.76,-5.41,7.16,7.25,0.0,0.0,0.0,0.0,0.0,0.0,-3.14,1.0,1.0,-0.0,-0.0,0.0,0.0,0.0,0.0,0.0,0.0,0.0,0.0,0.0,0.0,145.0,93.0,167.0,159.0,18.0,8.0,20.0,10.0,15.0,6.0,0.0
99.854,52,142912.0,631.0,85.0,600.0,779.0,0.0,1.0,0.0,0.0,0.524,0.02,0.5,0.627,0.532,0.035,0.509,0.642,0.0,0.0,-1.76,-5.41,7.16,7.25,0.0,0.0,0.0,0.0,0.0,0.0,-3.14,1.0,1.0,-0.0,-0.0,0.0,0.0,0.0,0.0,0.0,0.0,0.0,0.0,0.0,0.0,145.0,93.0,167.0,159.0,18.0,8.0,20.0,10.0,15.0,6.0,1.0
99.92,51,142963.0,631.0,85.0,600.0,779.0,0.0,1.0,0.0,0.0,0.524,0.02,0.5,0.627,0.532,0.035,0.509,0.642,0.0,0.0,-1.76,-5.41,7.16,7.25,0.0,0.0,0.0,0.0,0.0,0.0,-3.14,1.0,1.0,-0.0,-0.0,0.0,0.0,0.0,0.0,0.0,0.0,0.0,0.0,0.0,0.0,145.0,93.0,167.0,159.0,18.0,8.0,20.0,10.0,15.0,6.0,0.0
99.986,53,143016.0,631.0,85.0,600.0,779.0,0.0,1.0,0.0,0.0,0.524,0.02,0.5,0.627,0.532,0.035,0.509,0.642,0.0,0.0,-1.76,-5.41,7.16,7.25,0.0,0.0,0.0,0.0,0.0,0.0,-3.14,1.0,1.0,-0.0,-0.0,0.0,0.0,0.0,0.0,0.0,0.0,0.0,0.0,0.0,0.0,145.0,93.0,167.0,159.0,18.0,8.0,20.0,10.0,15.0,6.0,0.0
100.028,53,143069.0,631.0,85.0,600.0,779.0,0.0,1.0,0.0,0.0,0.524,0.02,0.5,0.627,0.534,0.035,0.509,0.642,0.0,0.0,-1.76,-5.41,7.16,7.25,0.0,0.0,0.0,0.0,0.0,0.0,-3.14,1.0,1.0,-0.0,-0.0,0.0,0.0,0.0,0.0,0.0,0.0,0.0,0.0,0.0,0.0,145.0,93.0,167.0,159.0,18.0,8.0,20.0,10.0,15.0,6.0,0.0
100.06,52,143121.0,600.0,85.0,600.0,779.0,0.0,1.0,0.0,0.0,0.524,0.02,0.5,0.627,0.534,0.035,0.509,0.642,0.0,0.0,-1.76,-5.41,7.16,7.25,0.0,0.0,0.0,0.0,0.0,0.0,-3.14,1.0,1.0,-0.0,0.0,0.0,0.0,0.0,0.0,0.0,0.0,0.0,0.0,0.0,0.0,145.0,93.0,167.0,159.0,18.0,8.0,20.0,10.0,15.0,6.0,1.0
100.125,52,143173.0,600.0,86.0,600.0,779.0,0.0,1.0,0.0,0.0,0.524,0.02,0.5,0.627,0.534,0.035,0.509,0.642,0.0,0.0,-1.76,-5.41,7.16,7.25,0.0,0.0,0.0,0.0,0.0,0.0,-3.14,1.0,1.0,-0.0,-0.0,0.0,0.0,0.0,0.0,0.0,0.0,0.0,0.0,0.0,0.0,145.0,93.0,167.0,159.0,18.0,8.0,20.0,10.0,15.0,6.0,0.0
100.192,52,143225.0,600.0,86.0,600.0,779.0,0.0,1.0,0.0,0.0,0.524,0.02,0.5,0.627,0.534,0.035,0.509,0.642,0.0,0.0,-1.76,-5.41,7.16,7.25,0.0,0.0,0.0,0.0,0.0,0.0,-3.14,1.0,1.0,-0.0,-0.0,0.0,0.0,0.0,0.0,0.0,0.0,0.0,0.0,0.0,0.0,145.0,93.0,167.0,159.0,18.0,8.0,20.0,10.0,15.0,6.0,0.0
100.224,52,143277.0,600.0,86.0,600.0,779.0,0.0,1.0,0.0,0.0,0.511,0.02,0.5,0.627,0.523,0.035,0.509,0.642,0.0,0.0,-1.76,-5.4,7.16,7.25,0.0,0.0,0.0,0.0,0.0,0.0,-3.14,1.0,1.0,-0.0,0.0,0.0,0.0,0.0,0.0,0.0,0.0,0.0,0.0,0.0,0.0,145.0,93.0,167.0,159.0,18.0,8.0,20.0,10.0,15.0,6.0,0.0
100.29,52,143329.0,600.0,86.0,600.0,779.0,0.0,1.0,0.0,0.0,0.511,0.02,0.5,0.627,0.523,0.035,0.509,0.642,0.0,0.0,-1.76,-5.4,7.16,7.25,0.0,0.0,0.0,0.0,0.0,0.0,-3.14,1.0,1.0,-0.0,-0.0,0.0,0.0,0.0,0.0,0.0,0.0,0.0,0.0,0.0,0.0,145.0,93.0,167.0,159.0,18.0,8.0,20.0,10.0,15.0,6.0,0.0
100.323,51,143380.0,600.0,86.0,600.0,779.0,0.0,1.0,0.0,0.0,0.511,0.02,0.5,0.627,0.523,0.035,0.509,0.642,0.0,0.0,-1.76,-5.4,7.16,7.25,0.0,0.0,0.0,0.0,0.0,0.0,-3.14,1.0,1.0,-0.0,-0.0,0.0,0.0,0.0,0.0,0.0,0.0,0.0,0.0,0.0,0.0,145.0,93.0,167.0,159.0,18.0,8.0,20.0,10.0,15.0,6.0,0.0
100.388,53,143433.0,600.0,86.0,600.0,779.0,0.0,1.0,0.0,0.0,0.511,0.02,0.5,0.627,0.523,0.035,0.509,0.642,0.0,0.0,-1.76,-5.39,7.16,7.25,0.0,0.0,0.0,0.0,0.0,0.0,-3.14,1.0,1.0,-0.0,-0.0,0.0,0.0,0.0,0.0,0.0,0.0,0.0,0.0,0.0,0.0,145.0,93.0,167.0,159.0,18.0,8.0,20.0,10.0,15.0,6.0,0.0
100.458,52,143485.0,600.0,86.0,600.0,778.0,0.0,1.0,0.0,0.0,0.505,0.02,0.5,0.627,0.516,0.035,0.509,0.642,0.0,0.0,-1.76,-5.4,7.16,7.25,0.0,0.0,0.0,0.0,0.0,0.0,-3.14,1.0,1.0,-0.0,-0.0,0.0,0.0,0.0,0.0,0.0,0.0,0.0,0.0,0.0,0.0,145.0,93.0,167.0,159.0,18.0,8.0,20.0,10.0,15.0,6.0,0.0
100.491,52,143537.0,600.0,86.0,600.0,778.0,0.0,1.0,0.0,0.0,0.505,0.02,0.5,0.627,0.516,0.035,0.509,0.642,0.0,0.0,-1.76,-5.4,7.16,7.25,0.0,0.0,0.0,0.0,0.0,0.0,-3.14,1.0,1.0,-0.0,-0.0,0.0,0.0,0.0,0.0,0.0,0.0,0.0,0.0,0.0,0.0,145.0,93.0,167.0,159.0,18.0,8.0,20.0,10.0,15.0,6.0,0.0
100.557,51,143588.0,600.0,87.0,600.0,778.0,0.0,1.0,0.0,0.0,0.505,0.02,0.5,0.627,0.516,0.035,0.509,0.642,0.0,0.0,-1.76,-5.4,7.16,7.25,0.0,0.0,0.0,0.0,0.0,0.0,-3.14,1.0,1.0,-0.0,-0.0,0.0,0.0,0.0,0.0,0.0,0.0,0.0,0.0,0.0,0.0,145.0,93.0,167.0,159.0,18.0,8.0,20.0,10.0,15.0,6.0,0.0
100.589,53,143641.0,600.0,87.0,600.0,778.0,0.0,1.0,0.0,0.0,0.505,0.02,0.5,0.627,0.516,0.035,0.509,0.642,0.0,0.0,-1.76,-5.4,7.16,7.25,0.0,0.0,0.0,0.0,0.0,0.0,-3.14,1.0,1.0,-0.0,-0.0,0.0,0.0,0.0,0.0,0.0,0.0,0.0,0.0,0.0,0.0,145.0,93.0,167.0,159.0,18.0,8.0,20.0,10.0,15.0,6.0,1.0
100.655,52,143693.0,600.0,87.0,600.0,780.0,0.0,1.0,0.0,0.0,0.502,0.02,0.5,0.628,0.512,0.035,0.51,0.643,0.0,0.0,-1.76,-5.4,7.16,7.25,0.0,0.0,0.0,0.0,0.0,0.0,-3.14,1.0,1.0,-0.0,-0.0,0.0,0.0,0.0,0.0,0.0,0.0,0.0,0.0,0.0,0.0,145.0,93.0,167.0,159.0,18.0,8.0,20.0,10.0,15.0,6.0,0.0
100.687,52,143745.0,600.0,87.0,600.0,780.0,0.0,1.0,0.0,0.0,0.502,0.02,0.5,0.628,0.512,0.035,0.51,0.643,0.0,0.0,-1.76,-5.4,7.16,7.25,0.0,0.0,0.0,0.0,0.0,0.0,-3.14,1.0,1.0,-0.0,-0.0,0.0,0.0,0.0,0.0,0.0,0.0,0.0,0.0,0.0,0.0,145.0,93.0,167.0,159.0,18.0,8.0,20.0,10.0,15.0,6.0,0.0
100.753,51,143796.0,600.0,87.0,600.0,780.0,0.0,1.0,0.0,0.0,0.502,0.02,0.5,0.628,0.512,0.035,0.51,0.643,0.0,0.0,-1.76,-5.4,7.16,7.25,0.0,0.0,0.0,0.0,0.0,0.0,-3.14,1.0,1.0,-0.0,-0.0,0.0,0.0,0.0,0.0,0.0,0.0,0.0,0.0,0.0,0.0,145.0,93.0,167.0,159.0,18.0,8.0,20.0,10.0,15.0,6.0,0.0
100.819,53,143849.0,600.0,87.0,600.0,780.0,0.0,1.0,0.0,0.0,0.502,0.02,0.5,0.628,0.512,0.035,0.51,0.643,0.0,0.0,-1.76,-5.4,7.16,7.25,0.0,0.0,0.0,0.0,0.0,0.0,-3.14,1.0,1.0,-0.0,-0.0,0.0,0.0,0.0,0.0,0.0,0.0,0.0,0.0,0.0,0.0,145.0,93.0,167.0,159.0,18.0,8.0,20.0,10.0,15.0,6.0,0.0
100.852,52,143901.0,600.0,87.0,600.0,778.0,0.0,1.0,0.0,0.0,0.501,0.021,0.5,0.628,0.511,0.035,0.51,0.642,0.0,0.0,-1.76,-5.4,7.16,7.25,0.0,0.0,0.0,0.0,0.0,0.0,-3.14,1.0,1.0,-0.0,-0.0,0.0,0.0,0.0,0.0,0.0,0.0,0.0,0.0,0.0,0.0,145.0,93.0,167.0,159.0,18.0,8.0,20.0,10.0,15.0,6.0,1.0
100.916,52,143953.0,600.0,87.0,600.0,778.0,0.0,1.0,0.0,0.0,0.501,0.021,0.5,0.628,0.511,0.035,0.51,0.642,0.0,0.0,-1.75,-5.4,7.16,7.25,0.0,0.0,0.0,0.0,0.0,0.0,-3.14,1.0,1.0,-0.0,-0.0,0.0,0.0,0.0,0.0,0.0,0.0,0.0,0.0,0.0,0.0,145.0,93.0,167.0,159.0,18.0,8.0,20.0,10.0,15.0,6.0,1.0
100.948,51,144004.0,600.0,87.0,600.0,778.0,0.0,1.0,0.0,0.0,0.501,0.021,0.5,0.628,0.511,0.035,0.51,0.642,0.0,0.0,-1.75,-5.4,7.16,7.25,0.0,0.0,0.0,0.0,0.0,0.0,-3.14,1.0,1.0,-0.0,-0.0,0.0,-0.0,0.0,0.0,0.0,0.0,0.0,0.0,0.0,0.0,145.0,93.0,167.0,159.0,18.0,8.0,20.0,10.0,15.0,6.0,0.0
101.013,53,144057.0,600.0,87.0,600.0,778.0,0.0,1.0,0.0,0.0,0.501,0.021,0.5,0.628,0.511,0.035,0.51,0.642,0.0,0.0,-1.75,-5.4,7.16,7.25,0.0,0.0,0.0,0.0,0.0,0.0,-3.14,1.0,1.0,-0.0,-0.0,0.0,-0.0,0.0,0.0,0.0,0.0,0.0,0.0,0.0,0.0,145.0,93.0,167.0,159.0,18.0,8.0,20.0,10.0,15.0,6.0,0.0
101.079,53,144110.0,600.0,87.0,600.0,780.0,0.0,1.0,0.0,0.0,0.501,0.021,0.5,0.628,0.51,0.035,0.51,0.643,0.0,0.0,-1.75,-5.4,7.16,7.25,0.0,0.0,0.0,0.0,0.0,0.0,-3.14,1.0,1.0,-0.0,-0.0,0.0,0.0,0.0,0.0,0.0,0.0,0.0,0.0,0.0,0.0,145.0,93.0,167.0,159.0,18.0,8.0,20.0,10.0,15.0,6.0,0.0
101.11,52,144162.0,600.0,87.0,600.0,780.0,0.0,1.0,0.0,0.0,0.501,0.021,0.5,0.628,0.51,0.035,0.51,0.643,0.0,0.0,-1.75,-5.39,7.16,7.25,0.0,0.0,0.0,0.0,0.0,0.0,-3.14,1.0,1.0,-0.0,-0.0,0.0,0.0,0.0,0.0,0.0,0.0,0.0,0.0,0.0,0.0,145.0,93.0,167.0,159.0,18.0,8.0,20.0,10.0,15.0,6.0,1.0
101.174,51,144213.0,600.0,87.0,600.0,780.0,0.0,1.0,0.0,0.0,0.501,0.021,0.5,0.628,0.51,0.035,0.51,0.643,0.0,0.0,-1.74,-5.39,7.16,7.25,0.0,0.0,0.0,0.0,0.0,0.0,-3.14,1.0,1.0,-0.0,-0.0,0.0,-0.0,0.0,0.0,0.0,0.0,0.0,0.0,0.0,0.0,145.0,93.0,167.0,159.0,18.0,8.0,20.0,10.0,15.0,6.0,0.0
101.207,53,144266.0,600.0,87.0,600.0,780.0,0.0,1.0,0.0,0.0,0.501,0.021,0.5,0.628,0.51,0.035,0.51,0.643,0.0,0.0,-1.74,-5.39,7.16,7.25,0.0,0.0,0.0,0.0,0.0,0.0,-3.14,1.0,1.0,-0.0,-0.0,0.0,0.0,0.0,0.0,0.0,0.0,0.0,0.0,0.0,0.0,145.0,93.0,167.0,159.0,18.0,8.0,20.0,10.0,15.0,6.0,0.0
101.272,52,144318.0,600.0,87.0,600.0,783.0,0.0,1.0,0.0,0.0,0.5,0.021,0.5,0.629,0.51,0.035,0.51,0.644,0.0,0.0,-1.74,-5.39,7.16,7.25,0.0,0.0,0.0,0.0,0.0,0.0,-3.14,1.0,1.0,-0.0,-0.0,0.0,0.0,0.0,0.0,0.0,0.0,0.0,0.0,0.0,0.0,145.0,93.0,167.0,159.0,18.0,8.0,20.0,10.0,15.0,6.0,0.0
101.335,52,144370.0,600.0,87.0,600.0,783.0,0.0,1.0,0.0,0.0,0.5,0.021,0.5,0.629,0.51,0.035,0.51,0.644,0.0,0.0,-1.74,-5.39,7.16,7.25,0.0,0.0,0.0,0.0,0.0,0.0,-3.14,1.0,1.0,-0.0,-0.0,0.0,0.0,0.0,0.0,0.0,0.0,0.0,0.0,0.0,0.0,145.0,93.0,167.0,159.0,18.0,8.0,20.0,10.0,15.0,6.0,0.0
101.367,51,144421.0,600.0,87.0,600.0,783.0,0.0,1.0,0.0,0.0,0.5,0.021,0.5,0.629,0.51,0.035,0.51,0.644,0.0,0.0,-1.74,-5.39,7.16,7.25,0.0,0.0,0.0,0.0,0.0,0.0,-3.14,1.0,1.0,-0.0,-0.0,0.0,0.0,0.0,0.0,0.0,0.0,0.0,0.0,0.0,0.0,145.0,93.0,167.0,159.0,18.0,8.0,20.0,10.0,15.0,6.0,1.0
101.433,53,144474.0,600.0,87.0,600.0,783.0,0.0,1.0,0.0,0.0,0.5,0.021,0.5,0.629,0.51,0.035,0.51,0.644,0.0,0.0,-1.74,-5.39,7.16,7.25,0.0,0.0,0.0,0.0,0.0,0.0,-3.14,1.0,1.0,-0.0,-0.0,0.0,0.0,0.0,0.0,0.0,0.0,0.0,0.0,0.0,0.0,145.0,93.0,167.0,159.0,18.0,8.0,20.0,10.0,15.0,6.0,0.0
101.466,53,144527.0,600.0,87.0,600.0,781.0,0.0,1.0,0.0,0.0,0.5,0.021,0.5,0.629,0.51,0.035,0.51,0.644,0.0,0.0,-1.74,-5.39,7.16,7.25,0.0,0.0,0.0,0.0,0.0,0.0,-3.14,1.0,1.0,-0.0,-0.0,0.0,-0.0,0.0,0.0,0.0,0.0,0.0,0.0,0.0,0.0,145.0,93.0,167.0,159.0,18.0,8.0,20.0,10.0,15.0,6.0,0.0
101.53,52,144579.0,600.0,87.0,600.0,781.0,0.0,1.0,0.0,0.0,0.5,0.021,0.5,0.629,0.51,0.035,0.51,0.644,0.0,0.0,-1.74,-5.39,7.16,7.25,0.0,0.0,0.0,0.0,0.0,0.0,-3.14,1.0,1.0,-0.0,-0.0,0.0,-0.0,0.0,0.0,0.0,0.0,0.0,0.0,0.0,0.0,145.0,93.0,167.0,159.0,18.0,8.0,20.0,10.0,15.0,6.0,0.0
101.593,52,144631.0,600.0,87.0,600.0,781.0,0.0,1.0,0.0,0.0,0.5,0.021,0.5,0.629,0.51,0.035,0.51,0.644,0.0,0.0,-1.74,-5.39,7.16,7.25,0.0,0.0,0.0,0.0,0.0,0.0,-3.14,1.0,1.0,-0.0,-0.0,0.0,0.0,0.0,0.0,0.0,0.0,0.0,0.0,0.0,0.0,145.0,93.0,167.0,159.0,18.0,8.0,20.0,10.0,15.0,6.0,0.0
101.625,52,144683.0,600.0,87.0,600.0,781.0,0.0,1.0,0.0,0.0,0.5,0.021,0.5,0.629,0.51,0.035,0.51,0.644,0.0,0.0,-1.74,-5.39,7.16,7.25,0.0,0.0,0.0,0.0,0.0,0.0,-3.14,1.0,1.0,-0.0,-0.0,0.0,0.0,0.0,0.0,0.0,0.0,0.0,0.0,0.0,0.0,145.0,93.0,167.0,159.0,18.0,8.0,20.0,10.0,15.0,6.0,1.0
101.688,52,144735.0,600.0,87.0,600.0,782.0,0.0,1.0,0.0,0.0,0.5,0.02,0.5,0.629,0.51,0.035,0.51,0.644,0.0,0.0,-1.74,-5.39,7.16,7.25,0.0,0.0,0.0,0.0,0.0,0.0,-3.14,1.0,1.0,-0.0,-0.0,0.0,0.0,0.0,0.0,0.0,0.0,0.0,0.0,0.0,0.0,145.0,93.0,167.0,159.0,18.0,8.0,20.0,10.0,15.0,6.0,0.0
101.752,52,144787.0,600.0,87.0,600.0,782.0,0.0,1.0,0.0,0.0,0.5,0.02,0.5,0.629,0.51,0.035,0.51,0.644,0.0,0.0,-1.74,-5.39,7.16,7.25,0.0,0.0,0.0,0.0,0.0,0.0,-3.14,1.0,1.0,-0.0,-0.0,0.0,0.0,0.0,0.0,0.0,0.0,0.0,0.0,0.0,0.0,145.0,93.0,167.0,159.0,18.0,8.0,20.0,10.0,15.0,6.0,0.0
101.784,52,144839.0,600.0,86.0,600.0,782.0,0.0,1.0,0.0,0.0,0.5,0.02,0.5,0.629,0.51,0.035,0.51,0.644,0.0,0.0,-1.74,-5.39,7.16,7.25,0.0,0.0,0.0,0.0,0.0,0.0,-3.14,1.0,1.0,-0.0,-0.0,0.0,0.0,0.0,0.0,0.0,0.0,0.0,0.0,0.0,0.0,145.0,93.0,167.0,159.0,18.0,8.0,20.0,10.0,15.0,6.0,0.0
101.856,53,144892.0,600.0,86.0,600.0,782.0,0.0,1.0,0.0,0.0,0.5,0.02,0.5,0.629,0.51,0.035,0.51,0.644,0.0,0.0,-1.74,-5.4,7.16,7.25,0.0,0.0,0.0,0.0,0.0,0.0,-3.14,1.0,1.0,-0.0,-0.0,0.0,0.0,0.0,0.0,0.0,0.0,0.0,0.0,0.0,0.0,145.0,93.0,167.0,159.0,18.0,8.0,20.0,10.0,15.0,6.0,0.0
101.889,52,144944.0,600.0,86.0,600.0,781.0,0.0,1.0,0.0,0.0,0.5,0.02,0.5,0.629,0.51,0.035,0.51,0.644,0.0,0.0,-1.74,-5.4,7.16,7.25,0.0,0.0,0.0,0.0,0.0,0.0,-3.14,1.0,1.0,-0.0,-0.0,0.0,0.0,0.0,0.0,0.0,0.0,0.0,0.0,0.0,0.0,145.0,93.0,167.0,159.0,18.0,8.0,20.0,10.0,15.0,6.0,0.0
101.955,52,144996.0,600.0,86.0,600.0,781.0,0.0,1.0,0.0,0.0,0.5,0.02,0.5,0.629,0.51,0.035,0.51,0.644,0.0,0.0,-1.74,-5.4,7.16,7.25,0.0,0.0,0.0,0.0,0.0,0.0,-3.14,1.0,1.0,-0.0,-0.0,0.0,0.0,0.0,0.0,0.0,0.0,0.0,0.0,0.0,0.0,145.0,93.0,167.0,159.0,18.0,8.0,20.0,10.0,15.0,6.0,0.0
101.988,52,145048.0,600.0,86.0,600.0,781.0,0.0,1.0,0.0,0.0,0.5,0.02,0.5,0.629,0.51,0.035,0.51,0.644,0.0,0.0,-1.74,-5.4,7.16,7.25,0.0,0.0,0.0,0.0,0.0,0.0,-3.14,1.0,1.0,-0.0,-0.0,0.0,0.0,0.0,0.0,0.0,0.0,0.0,0.0,0.0,0.0,145.0,93.0,167.0,159.0,18.0,8.0,20.0,10.0,15.0,6.0,0.0
102.061,52,145100.0,600.0,86.0,600.0,781.0,0.0,1.0,0.0,0.0,0.5,0.02,0.5,0.629,0.51,0.035,0.51,0.644,0.0,0.0,-1.74,-5.4,7.16,7.25,0.0,0.0,0.0,0.0,0.0,0.0,-3.14,1.0,1.0,-0.0,-0.0,0.0,0.0,0.0,0.0,0.0,0.0,0.0,0.0,0.0,0.0,145.0,93.0,167.0,159.0,18.0,8.0,20.0,10.0,15.0,6.0,0.0
102.094,52,145152.0,600.0,86.0,600.0,778.0,0.0,1.0,0.0,0.0,0.5,0.02,0.5,0.628,0.51,0.035,0.51,0.643,0.0,0.0,-1.74,-5.4,7.16,7.25,0.0,0.0,0.0,0.0,0.0,0.0,-3.14,1.0,1.0,-0.0,-0.0,0.0,-0.0,0.0,0.0,0.0,0.0,0.0,0.0,0.0,0.0,145.0,93.0,167.0,159.0,18.0,8.0,20.0,10.0,15.0,6.0,1.0
102.159,52,145204.0,600.0,86.0,600.0,778.0,0.0,1.0,0.0,0.0,0.5,0.02,0.5,0.628,0.51,0.035,0.51,0.643,0.0,0.0,-1.74,-5.4,7.16,7.25,0.0,0.0,0.0,0.0,0.0,0.0,-3.14,1.0,1.0,-0.0,-0.0,0.0,0.0,0.0,0.0,0.0,0.0,0.0,0.0,0.0,0.0,145.0,93.0,167.0,159.0,18.0,8.0,20.0,10.0,15.0,6.0,0.0
102.227,52,145256.0,600.0,87.0,600.0,778.0,0.0,1.0,0.0,0.0,0.5,0.02,0.5,0.628,0.51,0.035,0.51,0.643,0.0,0.0,-1.75,-5.4,7.16,7.25,0.0,0.0,0.0,0.0,0.0,0.0,-3.14,1.0,1.0,-0.0,-0.0,0.0,0.0,0.0,0.0,0.0,0.0,0.0,0.0,0.0,0.0,145.0,93.0,167.0,159.0,18.0,8.0,20.0,10.0,15.0,6.0,0.0
102.26,53,145309.0,600.0,87.0,600.0,778.0,0.0,1.0,0.0,0.0,0.5,0.02,0.5,0.628,0.51,0.035,0.51,0.643,0.0,0.0,-1.75,-5.4,7.16,7.25,0.0,0.0,0.0,0.0,0.0,0.0,-3.14,1.0,1.0,-0.0,-0.0,0.0,0.0,0.0,0.0,0.0,0.0,0.0,0.0,0.0,0.0,145.0,93.0,167.0,159.0,18.0,8.0,20.0,10.0,15.0,6.0,0.0
102.325,52,145361.0,600.0,87.0,600.0,775.0,0.0,1.0,0.0,0.0,0.5,0.02,0.5,0.626,0.509,0.035,0.509,0.641,0.0,0.0,-1.75,-5.4,7.16,7.25,0.0,0.0,0.0,0.0,0.0,0.0,-3.14,1.0,1.0,-0.0,-0.0,0.0,-0.0,0.0,0.0,0.0,0.0,0.0,0.0,0.0,0.0,145.0,93.0,167.0,159.0,18.0,8.0,20.0,10.0,15.0,6.0,0.0
102.358,52,145413.0,600.0,87.0,600.0,775.0,0.0,1.0,0.0,0.0,0.5,0.02,0.5,0.626,0.509,0.035,0.509,0.641,0.0,0.0,-1.75,-5.4,7.16,7.25,0.0,0.0,0.0,0.0,0.0,0.0,-3.14,1.0,1.0,-0.0,-0.0,0.0,-0.0,0.0,0.0,0.0,0.0,0.0,0.0,0.0,0.0,145.0,93.0,167.0,159.0,18.0,8.0,20.0,10.0,15.0,6.0,0.0
102.424,52,145465.0,600.0,87.0,600.0,775.0,0.0,1.0,0.0,0.0,0.5,0.02,0.5,0.626,0.509,0.035,0.509,0.641,0.0,0.0,-1.75,-5.4,7.16,7.25,0.0,0.0,0.0,0.0,0.0,0.0,-3.14,1.0,1.0,-0.0,-0.0,0.0,0.0,0.0,0.0,0.0,0.0,0.0,0.0,0.0,0.0,145.0,93.0,167.0,159.0,18.0,8.0,20.0,10.0,15.0,6.0,0.0
102.456,52,145517.0,600.0,87.0,600.0,775.0,0.0,1.0,0.0,0.0,0.5,0.02,0.5,0.626,0.509,0.035,0.509,0.641,0.0,0.0,-1.74,-5.4,7.16,7.25,0.0,0.0,0.0,0.0,0.0,0.0,-3.14,1.0,1.0,-0.0,-0.0,0.0,0.0,0.0,0.0,0.0,0.0,0.0,0.0,0.0,0.0,145.0,93.0,167.0,159.0,18.0,8.0,20.0,10.0,15.0,6.0,0.0
102.52,52,145569.0,600.0,87.0,600.0,777.0,0.0,1.0,0.0,0.0,0.5,0.02,0.5,0.626,0.509,0.035,0.509,0.641,0.0,0.0,-1.75,-5.4,7.16,7.25,0.0,0.0,0.0,0.0,0.0,0.0,-3.14,1.0,1.0,-0.0,-0.0,0.0,-0.0,0.0,0.0,0.0,0.0,0.0,0.0,0.0,0.0,145.0,93.0,167.0,159.0,18.0,8.0,20.0,10.0,15.0,6.0,0.0
102.584,52,145621.0,600.0,87.0,600.0,777.0,0.0,1.0,0.0,0.0,0.5,0.02,0.5,0.626,0.509,0.035,0.509,0.641,0.0,0.0,-1.75,-5.41,7.16,7.25,0.0,0.0,0.0,0.0,0.0,0.0,-3.14,1.0,1.0,-0.0,-0.0,0.0,0.0,0.0,0.0,0.0,0.0,0.0,0.0,0.0,0.0,145.0,93.0,167.0,159.0,18.0,8.0,20.0,10.0,15.0,6.0,0.0
102.616,52,145673.0,600.0,87.0,600.0,777.0,0.0,1.0,0.0,0.0,0.5,0.02,0.5,0.626,0.509,0.035,0.509,0.641,0.0,0.0,-1.75,-5.41,7.16,7.25,0.0,0.0,0.0,0.0,0.0,0.0,-3.14,1.0,1.0,-0.0,-0.0,0.0,0.0,0.0,0.0,0.0,0.0,0.0,0.0,0.0,0.0,145.0,93.0,167.0,159.0,18.0,8.0,20.0,10.0,15.0,6.0,0.0
102.679,53,145726.0,600.0,87.0,600.0,777.0,0.0,1.0,0.0,0.0,0.5,0.02,0.5,0.626,0.509,0.035,0.509,0.641,0.0,0.0,-1.75,-5.41,7.16,7.25,0.0,0.0,0.0,0.0,0.0,0.0,-3.14,1.0,1.0,-0.0,-0.0,0.0,0.0,0.0,0.0,0.0,0.0,0.0,0.0,0.0,0.0,145.0,93.0,167.0,159.0,18.0,8.0,20.0,10.0,15.0,6.0,0.0
102.745,52,145778.0,600.0,87.0,600.0,776.0,0.0,1.0,0.0,0.0,0.5,0.02,0.5,0.626,0.509,0.035,0.509,0.641,0.0,0.0,-1.76,-5.41,7.16,7.25,0.0,0.0,0.0,0.0,0.0,0.0,-3.14,1.0,1.0,-0.0,-0.0,0.0,0.0,0.0,0.0,0.0,0.0,0.0,0.0,0.0,0.0,145.0,93.0,167.0,159.0,18.0,8.0,20.0,10.0,15.0,6.0,0.0
102.777,52,145830.0,600.0,87.0,600.0,776.0,0.0,1.0,0.0,0.0,0.5,0.02,0.5,0.626,0.509,0.035,0.509,0.641,0.0,0.0,-1.76,-5.41,7.16,7.25,0.0,0.0,0.0,0.0,0.0,0.0,-3.14,1.0,1.0,-0.0,-0.0,0.0,0.0,0.0,0.0,0.0,0.0,0.0,0.0,0.0,0.0,145.0,93.0,167.0,159.0,18.0,8.0,20.0,10.0,15.0,6.0,0.0
102.843,51,145881.0,600.0,87.0,600.0,776.0,0.0,1.0,0.0,0.0,0.5,0.02,0.5,0.626,0.509,0.035,0.509,0.641,0.0,0.0,-1.76,-5.41,7.16,7.25,0.0,0.0,0.0,0.0,0.0,0.0,-3.14,1.0,1.0,-0.0,-0.0,0.0,0.0,0.0,0.0,0.0,0.0,0.0,0.0,0.0,0.0,145.0,93.0,167.0,159.0,18.0,8.0,20.0,10.0,15.0,6.0,0.0
102.875,53,145934.0,600.0,87.0,600.0,776.0,0.0,1.0,0.0,0.0,0.5,0.02,0.5,0.626,0.509,0.035,0.509,0.641,0.0,0.0,-1.76,-5.41,7.16,7.25,0.0,0.0,0.0,0.0,0.0,0.0,-3.14,1.0,1.0,-0.0,-0.0,0.0,0.0,0.0,0.0,0.0,0.0,0.0,0.0,0.0,0.0,145.0,93.0,167.0,159.0,18.0,8.0,20.0,10.0,15.0,6.0,0.0
102.941,52,145986.0,600.0,87.0,600.0,781.0,0.0,1.0,0.0,0.0,0.5,0.02,0.5,0.628,0.509,0.035,0.509,0.642,0.0,0.0,-1.76,-5.41,7.16,7.25,0.0,0.0,0.0,0.0,0.0,0.0,-3.14,1.0,1.0,-0.0,-0.0,0.0,0.0,0.0,0.0,0.0,0.0,0.0,0.0,0.0,0.0,145.0,93.0,167.0,159.0,18.0,8.0,20.0,10.0,15.0,6.0,0.0
103.006,52,146038.0,600.0,87.0,600.0,781.0,0.0,1.0,0.0,0.0,0.5,0.02,0.5,0.628,0.509,0.035,0.509,0.642,0.0,0.0,-1.76,-5.41,7.16,7.25,0.0,0.0,0.0,0.0,0.0,0.0,-3.14,1.0,1.0,-0.0,-0.0,0.0,-0.0,0.0,0.0,0.0,0.0,0.0,0.0,0.0,0.0,145.0,93.0,167.0,159.0,18.0,8.0,20.0,10.0,15.0,6.0,0.0
103.038,52,146090.0,600.0,86.0,600.0,781.0,0.0,1.0,0.0,0.0,0.5,0.02,0.5,0.628,0.509,0.035,0.509,0.642,0.0,0.0,-1.76,-5.39,7.16,7.25,0.0,0.0,0.0,0.0,0.0,0.0,-3.14,1.0,1.0,-0.0,-0.0,0.0,-0.0,0.0,0.0,0.0,0.0,0.0,0.0,0.0,0.0,145.0,93.0,167.0,159.0,18.0,8.0,20.0,10.0,15.0,6.0,0.0
103.102,52,146142.0,600.0,86.0,600.0,781.0,0.0,1.0,0.0,0.0,0.5,0.02,0.5,0.628,0.509,0.035,0.509,0.642,0.0,0.0,-1.76,-5.39,7.16,7.25,0.0,0.0,0.0,0.0,0.0,0.0,-3.14,1.0,1.0,-0.0,-0.0,0.0,0.0,0.0,0.0,0.0,0.0,0.0,0.0,0.0,0.0,145.0,93.0,167.0,159.0,18.0,8.0,20.0,10.0,15.0,6.0,0.0
103.17,52,146194.0,600.0,86.0,600.0,780.0,0.0,1.0,0.0,0.0,0.5,0.02,0.5,0.628,0.51,0.035,0.51,0.642,0.0,0.0,-1.76,-5.4,7.16,7.25,0.0,0.0,0.0,0.0,0.0,0.0,-3.14,1.0,1.0,-0.0,-0.0,0.0,0.0,0.0,0.0,0.0,0.0,0.0,0.0,0.0,0.0,145.0,93.0,167.0,159.0,18.0,8.0,20.0,10.0,15.0,6.0,1.0
103.202,52,146246.0,600.0,86.0,600.0,780.0,0.0,1.0,0.0,0.0,0.5,0.02,0.5,0.628,0.51,0.035,0.51,0.642,0.0,0.0,-1.75,-5.39,7.16,7.25,0.0,0.0,0.0,0.0,0.0,0.0,-3.14,1.0,1.0,-0.0,-0.0,0.0,0.0,0.0,0.0,0.0,0.0,0.0,0.0,0.0,0.0,145.0,93.0,167.0,159.0,18.0,8.0,20.0,10.0,15.0,6.0,0.0
103.267,52,146298.0,600.0,85.0,600.0,780.0,0.0,1.0,0.0,0.0,0.5,0.02,0.5,0.628,0.51,0.035,0.51,0.642,0.0,0.0,-1.76,-5.39,7.16,7.25,0.0,0.0,0.0,0.0,0.0,0.0,-3.14,1.0,1.0,-0.0,-0.0,0.0,0.0,0.0,0.0,0.0,0.0,0.0,0.0,0.0,0.0,145.0,93.0,167.0,159.0,18.0,8.0,20.0,10.0,15.0,6.0,0.0
103.3,53,146351.0,600.0,85.0,600.0,780.0,0.0,1.0,0.0,0.0,0.5,0.02,0.5,0.628,0.51,0.035,0.51,0.642,0.0,0.0,-1.75,-5.39,7.16,7.25,0.0,0.0,0.0,0.0,0.0,0.0,-3.14,1.0,1.0,-0.0,-0.0,0.0,-0.0,0.0,0.0,0.0,0.0,0.0,0.0,0.0,0.0,145.0,93.0,167.0,159.0,18.0,8.0,20.0,10.0,15.0,6.0,0.0
103.364,52,146403.0,600.0,85.0,600.0,779.0,0.0,1.0,0.0,0.0,0.5,0.02,0.5,0.628,0.509,0.035,0.509,0.642,0.0,0.0,-1.75,-5.4,7.16,7.25,0.0,0.0,0.0,0.0,0.0,0.0,-3.14,1.0,1.0,-0.0,-0.0,0.0,-0.0,0.0,0.0,0.0,0.0,0.0,0.0,0.0,0.0,145.0,93.0,167.0,159.0,18.0,8.0,20.0,10.0,15.0,6.0,0.0
103.395,52,146455.0,600.0,85.0,600.0,779.0,0.0,1.0,0.0,0.0,0.5,0.02,0.5,0.628,0.509,0.035,0.509,0.642,0.0,0.0,-1.75,-5.4,7.16,7.25,0.0,0.0,0.0,0.0,0.0,0.0,-3.14,1.0,1.0,-0.0,-0.0,0.0,0.0,0.0,0.0,0.0,0.0,0.0,0.0,0.0,0.0,145.0,93.0,167.0,159.0,18.0,8.0,20.0,10.0,15.0,6.0,0.0
103.462,51,146506.0,600.0,86.0,600.0,779.0,0.0,1.0,0.0,0.0,0.5,0.02,0.5,0.628,0.509,0.035,0.509,0.642,0.0,0.0,-1.75,-5.39,7.16,7.25,0.0,0.0,0.0,0.0,0.0,0.0,-3.14,1.0,1.0,-0.0,-0.0,0.0,0.0,0.0,0.0,0.0,0.0,0.0,0.0,0.0,0.0,145.0,93.0,167.0,159.0,18.0,8.0,20.0,10.0,15.0,6.0,0.0
103.528,54,146560.0,600.0,86.0,600.0,779.0,0.0,1.0,0.0,0.0,0.5,0.02,0.5,0.628,0.509,0.035,0.509,0.642,0.0,0.0,-1.75,-5.39,7.17,7.25,0.0,0.0,0.0,0.0,0.0,0.0,-3.14,1.0,1.0,-0.0,-0.0,0.0,-0.0,0.0,0.0,0.0,0.0,0.0,0.0,0.0,0.0,145.0,93.0,167.0,159.0,18.0,8.0,20.0,10.0,15.0,6.0,0.0
103.56,52,146612.0,600.0,86.0,600.0,782.0,0.0,1.0,0.0,0.0,0.5,0.02,0.5,0.629,0.51,0.035,0.51,0.643,0.0,0.0,-1.76,-5.4,7.17,7.25,0.0,0.0,0.0,0.0,0.0,0.0,-3.14,1.0,1.0,-0.0,-0.0,0.0,-0.0,0.0,0.0,0.0,0.0,0.0,0.0,0.0,0.0,145.0,93.0,167.0,159.0,18.0,8.0,20.0,10.0,15.0,6.0,0.0
103.625,52,146664.0,600.0,86.0,600.0,782.0,0.0,1.0,0.0,0.0,0.5,0.02,0.5,0.629,0.51,0.035,0.51,0.643,0.0,0.0,-1.75,-5.4,7.17,7.25,0.0,0.0,0.0,0.0,0.0,0.0,-3.14,1.0,1.0,-0.0,-0.0,0.0,-0.0,0.0,0.0,0.0,0.0,0.0,0.0,0.0,0.0,145.0,93.0,167.0,159.0,18.0,8.0,20.0,10.0,15.0,6.0,0.0
103.656,52,146716.0,600.0,86.0,600.0,782.0,0.0,1.0,0.0,0.0,0.5,0.02,0.5,0.629,0.51,0.035,0.51,0.643,0.0,0.0,-1.76,-5.4,7.17,7.25,0.0,0.0,0.0,0.0,0.0,0.0,-3.14,1.0,1.0,-0.0,-0.0,0.0,-0.0,0.0,0.0,0.0,0.0,0.0,0.0,0.0,0.0,145.0,93.0,167.0,159.0,18.0,8.0,20.0,10.0,15.0,6.0,0.0
103.721,52,146768.0,600.0,86.0,600.0,782.0,0.0,1.0,0.0,0.0,0.5,0.02,0.5,0.629,0.51,0.035,0.51,0.643,0.0,0.0,-1.75,-5.4,7.18,7.25,0.0,0.0,0.0,0.0,0.0,0.0,-3.14,1.0,1.0,-0.0,-0.0,0.0,-0.0,0.0,0.0,0.0,0.0,0.0,0.0,0.0,0.0,145.0,93.0,167.0,159.0,18.0,8.0,20.0,10.0,15.0,6.0,0.0
103.787,52,146820.0,600.0,86.0,600.0,784.0,0.0,1.0,0.0,0.0,0.5,0.02,0.5,0.63,0.51,0.035,0.51,0.644,0.0,0.0,-1.75,-5.4,7.18,7.25,0.0,0.0,0.0,0.0,0.0,0.0,-3.14,1.0,1.0,-0.0,-0.0,0.0,-0.0,0.0,0.0,0.0,0.0,0.0,0.0,0.0,0.0,145.0,93.0,167.0,159.0,18.0,8.0,20.0,10.0,15.0,6.0,0.0
103.82,52,146872.0,600.0,86.0,600.0,784.0,0.0,1.0,0.0,0.0,0.5,0.02,0.5,0.63,0.51,0.035,0.51,0.644,0.0,0.0,-1.74,-5.41,7.17,7.25,0.0,0.0,0.0,0.0,0.0,0.0,-3.14,1.0,1.0,-0.0,-0.0,0.0,-0.0,0.0,0.0,0.0,0.0,0.0,0.0,0.0,0.0,145.0,93.0,167.0,159.0,18.0,8.0,20.0,10.0,15.0,6.0,0.0
103.884,51,146923.0,600.0,86.0,600.0,784.0,0.0,1.0,0.0,0.0,0.5,0.02,0.5,0.63,0.51,0.035,0.51,0.644,0.0,0.0,-1.74,-5.41,7.17,7.25,0.0,0.0,0.0,0.0,0.0,0.0,-3.14,1.0,1.0,-0.0,-0.0,0.0,-0.0,0.0,0.0,0.0,0.0,0.0,0.0,0.0,0.0,145.0,93.0,167.0,159.0,18.0,8.0,20.0,10.0,15.0,6.0,1.0
103.916,53,146976.0,600.0,86.0,600.0,784.0,0.0,1.0,0.0,0.0,0.5,0.02,0.5,0.63,0.51,0.035,0.51,0.644,0.0,0.0,-1.74,-5.41,7.17,7.25,0.0,0.0,0.0,0.0,0.0,0.0,-3.14,1.0,1.0,-0.0,-0.0,0.0,0.0,0.0,0.0,0.0,0.0,0.0,0.0,0.0,0.0,145.0,93.0,167.0,159.0,18.0,8.0,20.0,10.0,15.0,6.0,0.0
103.981,52,147028.0,600.0,86.0,600.0,779.0,0.0,1.0,0.0,0.0,0.5,0.02,0.5,0.629,0.51,0.035,0.51,0.643,0.0,0.0,-1.74,-5.42,7.17,7.25,0.0,0.0,0.0,0.0,0.0,0.0,-3.14,1.0,1.0,-0.0,-0.0,0.0,0.0,0.0,0.0,0.0,0.0,0.0,0.0,0.0,0.0,145.0,93.0,167.0,159.0,18.0,8.0,20.0,10.0,15.0,6.0,0.0
104.05,52,147080.0,600.0,86.0,600.0,779.0,0.0,1.0,0.0,0.0,0.5,0.02,0.5,0.629,0.51,0.035,0.51,0.643,0.0,0.0,-1.74,-5.42,7.18,7.25,0.0,0.0,0.0,0.0,0.0,0.0,-3.14,1.0,1.0,-0.0,-0.0,0.0,-0.0,0.0,0.0,0.0,0.0,0.0,0.0,0.0,0.0,145.0,93.0,167.0,159.0,18.0,8.0,20.0,10.0,15.0,6.0,0.0
104.081,52,147132.0,600.0,88.0,600.0,779.0,0.0,1.0,0.0,0.0,0.5,0.02,0.5,0.629,0.51,0.035,0.51,0.643,0.0,0.0,-1.74,-5.43,7.17,7.25,0.0,0.0,0.0,0.0,0.0,0.0,-3.14,1.0,1.0,-0.0,-0.0,0.0,-0.0,0.0,0.0,0.0,0.0,0.0,0.0,0.0,0.0,145.0,93.0,167.0,159.0,18.0,8.0,20.0,10.0,15.0,6.0,0.0
104.144,52,147184.0,600.0,88.0,600.0,779.0,0.0,1.0,0.0,0.0,0.5,0.02,0.5,0.629,0.51,0.035,0.51,0.643,0.0,0.0,-1.74,-5.42,7.17,7.25,0.0,0.0,0.0,0.0,0.0,0.0,-3.14,1.0,1.0,-0.0,-0.0,0.0,-0.0,0.0,0.0,0.0,0.0,0.0,0.0,0.0,0.0,145.0,93.0,167.0,159.0,18.0,8.0,20.0,10.0,15.0,6.0,0.0
104.176,52,147236.0,600.0,88.0,600.0,780.0,0.0,1.0,0.0,0.0,0.5,0.021,0.5,0.628,0.51,0.035,0.51,0.643,0.0,0.0,-1.74,-5.42,7.17,7.25,0.0,0.0,0.0,0.0,0.0,0.0,-3.14,1.0,1.0,-0.0,-0.0,0.0,-0.0,0.0,0.0,0.0,0.0,0.0,0.0,0.0,0.0,145.0,93.0,167.0,159.0,18.0,8.0,20.0,10.0,15.0,6.0,1.0
104.25,52,147288.0,600.0,88.0,600.0,780.0,0.0,1.0,0.0,0.0,0.5,0.021,0.5,0.628,0.51,0.035,0.51,0.643,0.0,0.0,-1.74,-5.43,7.17,7.25,0.0,0.0,0.0,0.0,0.0,0.0,-3.14,1.0,1.0,-0.0,-0.0,0.0,-0.0,0.0,0.0,0.0,0.0,0.0,0.0,0.0,0.0,145.0,93.0,167.0,159.0,18.0,8.0,20.0,10.0,15.0,6.0,0.0
104.283,52,147340.0,600.0,88.0,600.0,780.0,0.0,1.0,0.0,0.0,0.5,0.021,0.5,0.628,0.51,0.035,0.51,0.643,0.0,0.0,-1.74,-5.43,7.17,7.25,0.0,0.0,0.0,0.0,0.0,0.0,-3.14,1.0,1.0,-0.0,-0.0,0.0,-0.0,0.0,0.0,0.0,0.0,0.0,0.0,0.0,0.0,145.0,93.0,167.0,159.0,18.0,8.0,20.0,10.0,15.0,6.0,0.0
104.351,53,147393.0,600.0,88.0,600.0,780.0,0.0,1.0,0.0,0.0,0.5,0.021,0.5,0.628,0.51,0.035,0.51,0.643,0.0,0.0,-1.74,-5.43,7.17,7.25,0.0,0.0,0.0,0.0,0.0,0.0,-3.14,1.0,1.0,-0.0,-0.0,0.0,-0.0,0.0,0.0,0.0,0.0,0.0,0.0,0.0,0.0,145.0,93.0,167.0,159.0,18.0,8.0,20.0,10.0,15.0,6.0,0.0
104.418,52,147445.0,600.0,88.0,600.0,781.0,0.0,1.0,0.0,0.0,0.5,0.021,0.5,0.629,0.51,0.035,0.51,0.643,0.0,0.0,-1.74,-5.43,7.17,7.25,0.0,0.0,0.0,0.0,0.0,0.0,-3.14,1.0,1.0,-0.0,-0.0,0.0,-0.0,0.0,0.0,0.0,0.0,0.0,0.0,0.0,0.0,145.0,93.0,167.0,159.0,18.0,8.0,20.0,10.0,15.0,6.0,1.0
104.451,52,147497.0,600.0,88.0,600.0,781.0,0.0,1.0,0.0,0.0,0.5,0.021,0.5,0.629,0.51,0.035,0.51,0.643,0.0,0.0,-1.74,-5.43,7.17,7.25,0.0,0.0,0.0,0.0,0.0,0.0,-3.14,1.0,1.0,-0.0,-0.0,0.0,-0.0,0.0,0.0,0.0,0.0,0.0,0.0,0.0,0.0,145.0,93.0,167.0,159.0,18.0,8.0,20.0,10.0,15.0,6.0,0.0
104.517,53,147550.0,600.0,87.0,600.0,781.0,0.0,1.0,0.0,0.0,0.5,0.021,0.5,0.629,0.51,0.035,0.51,0.643,0.0,0.0,-1.74,-5.43,7.17,7.25,0.0,0.0,0.0,0.0,0.0,0.0,-3.14,1.0,1.0,-0.0,-0.0,0.0,-0.0,0.0,0.0,0.0,0.0,0.0,0.0,0.0,0.0,145.0,93.0,167.0,159.0,18.0,8.0,20.0,10.0,15.0,6.0,0.0
104.549,52,147602.0,600.0,87.0,600.0,781.0,0.0,1.0,0.0,0.0,0.5,0.021,0.5,0.629,0.51,0.035,0.51,0.643,0.0,0.0,-1.74,-5.43,7.17,7.25,0.0,0.0,0.0,0.0,0.0,0.0,-3.14,1.0,1.0,-0.0,-0.0,0.0,-0.0,0.0,0.0,0.0,0.0,0.0,0.0,0.0,0.0,145.0,93.0,167.0,159.0,18.0,8.0,20.0,10.0,15.0,6.0,0.0
104.622,52,147654.0,600.0,87.0,600.0,777.0,0.0,1.0,0.0,0.0,0.5,0.021,0.5,0.628,0.51,0.035,0.51,0.642,0.0,0.0,-1.74,-5.43,7.17,7.25,0.0,0.0,0.0,0.0,0.0,0.0,-3.14,1.0,1.0,-0.0,-0.0,0.0,-0.0,0.0,0.0,0.0,0.0,0.0,0.0,0.0,0.0,145.0,93.0,167.0,159.0,18.0,8.0,20.0,10.0,15.0,6.0,0.0
104.653,52,147706.0,600.0,87.0,600.0,777.0,0.0,1.0,0.0,0.0,0.5,0.021,0.5,0.628,0.51,0.035,0.51,0.642,0.0,0.0,-1.74,-5.43,7.17,7.25,0.0,0.0,0.0,0.0,0.0,0.0,-3.14,1.0,1.0,-0.0,-0.0,0.0,-0.0,0.0,0.0,0.0,0.0,0.0,0.0,0.0,0.0,145.0,93.0,167.0,159.0,18.0,8.0,20.0,10.0,15.0,6.0,0.0
104.717,52,147758.0,600.0,88.0,600.0,777.0,0.0,1.0,0.0,0.0,0.5,0.021,0.5,0.628,0.51,0.035,0.51,0.642,0.0,0.0,-1.74,-5.43,7.17,7.25,0.0,0.0,0.0,0.0,0.0,0.0,-3.14,1.0,1.0,-0.0,-0.0,0.0,-0.0,0.0,0.0,0.0,0.0,0.0,0.0,0.0,0.0,145.0,93.0,167.0,159.0,18.0,8.0,20.0,10.0,15.0,6.0,0.0
104.75,52,147810.0,600.0,88.0,600.0,777.0,0.0,1.0,0.0,0.0,0.5,0.021,0.5,0.628,0.51,0.035,0.51,0.642,0.0,0.0,-1.74,-5.42,7.17,7.25,0.0,0.0,0.0,0.0,0.0,0.0,-3.14,1.0,1.0,-0.0,-0.0,0.0,-0.0,0.0,0.0,0.0,0.0,0.0,0.0,0.0,0.0,145.0,93.0,167.0,159.0,18.0,8.0,20.0,10.0,15.0,6.0,0.0
104.817,52,147862.0,600.0,88.0,600.0,773.0,0.0,1.0,0.0,0.0,0.5,0.021,0.5,0.626,0.509,0.036,0.509,0.641,0.0,0.0,-1.74,-5.42,7.17,7.25,0.0,0.0,0.0,0.0,0.0,0.0,-3.14,1.0,1.0,-0.0,0.0,0.0,-0.0,0.0,0.0,0.0,0.0,0.0,0.0,0.0,0.0,145.0,93.0,167.0,159.0,18.0,8.0,20.0,10.0,15.0,6.0,0.0
104.881,52,147914.0,600.0,88.0,600.0,773.0,0.0,1.0,0.0,0.0,0.5,0.021,0.5,0.626,0.509,0.036,0.509,0.641,0.0,0.0,-1.74,-5.42,7.17,7.25,0.0,0.0,0.0,0.0,0.0,0.0,-3.14,1.0,1.0,-0.0,-0.0,0.0,-0.0,0.0,0.0,0.0,0.0,0.0,0.0,0.0,0.0,145.0,93.0,167.0,159.0,18.0,8.0,20.0,10.0,15.0,6.0,0.0
104.912,51,147965.0,600.0,88.0,600.0,773.0,0.0,1.0,0.0,0.0,0.5,0.021,0.5,0.626,0.509,0.036,0.509,0.641,0.0,0.0,-1.74,-5.42,7.17,7.25,0.0,0.0,0.0,0.0,0.0,0.0,-3.14,1.0,1.0,-0.0,-0.0,0.0,-0.0,0.0,0.0,0.0,0.0,0.0,0.0,0.0,0.0,145.0,93.0,167.0,159.0,18.0,8.0,20.0,10.0,15.0,6.0,0.0
104.977,53,148018.0,600.0,88.0,600.0,773.0,0.0,1.0,0.0,0.0,0.5,0.021,0.5,0.626,0.509,0.036,0.509,0.641,0.0,0.0,-1.74,-5.42,7.17,7.25,0.0,0.0,0.0,0.0,0.0,0.0,-3.14,1.0,1.0,-0.0,-0.0,0.0,-0.0,0.0,0.0,0.0,0.0,0.0,0.0,0.0,0.0,145.0,93.0,167.0,159.0,18.0,8.0,20.0,10.0,15.0,6.0,0.0
105.013,53,148071.0,600.0,88.0,600.0,776.0,0.0,1.0,0.0,0.0,0.5,0.021,0.5,0.626,0.509,0.036,0.509,0.641,0.0,0.0,-1.74,-5.43,7.17,7.25,0.0,0.0,0.0,0.0,0.0,0.0,-3.14,1.0,1.0,-0.0,-0.0,0.0,-0.0,0.0,0.0,0.0,0.0,0.0,0.0,0.0,0.0,145.0,93.0,167.0,159.0,18.0,8.0,20.0,10.0,15.0,6.0,1.0
105.079,53,148124.0,600.0,88.0,600.0,776.0,0.0,1.0,0.0,0.0,0.5,0.021,0.5,0.626,0.509,0.036,0.509,0.641,0.0,0.0,-1.74,-5.43,7.17,7.25,0.0,0.0,0.0,0.0,0.0,0.0,-3.14,1.0,1.0,-0.0,0.0,0.0,-0.0,0.0,0.0,0.0,0.0,0.0,0.0,0.0,0.0,145.0,93.0,167.0,159.0,18.0,8.0,20.0,10.0,15.0,6.0,1.0
105.144,51,148175.0,600.0,88.0,600.0,776.0,0.0,1.0,0.0,0.0,0.5,0.021,0.5,0.626,0.509,0.036,0.509,0.641,0.0,0.0,-1.74,-5.43,7.17,7.25,0.0,0.0,0.0,0.0,0.0,0.0,-3.14,1.0,1.0,-0.0,-0.0,0.0,-0.0,0.0,0.0,0.0,0.0,0.0,0.0,0.0,0.0,145.0,93.0,167.0,159.0,18.0,8.0,20.0,10.0,15.0,6.0,0.0
105.177,53,148228.0,600.0,88.0,600.0,776.0,0.0,1.0,0.0,0.0,0.5,0.021,0.5,0.626,0.509,0.036,0.509,0.641,0.0,0.0,-1.74,-5.43,7.17,7.25,0.0,0.0,0.0,0.0,0.0,0.0,-3.14,1.0,1.0,-0.0,-0.0,0.0,-0.0,0.0,0.0,0.0,0.0,0.0,0.0,0.0,0.0,145.0,93.0,167.0,159.0,18.0,8.0,20.0,10.0,15.0,6.0,0.0
105.243,52,148280.0,600.0,88.0,600.0,778.0,0.0,1.0,0.0,0.0,0.5,0.021,0.5,0.626,0.509,0.036,0.509,0.641,0.0,0.0,-1.73,-5.43,7.17,7.25,0.0,0.0,0.0,0.0,0.0,0.0,-3.14,1.0,1.0,-0.0,-0.0,0.0,-0.0,0.0,0.0,0.0,0.0,0.0,0.0,0.0,0.0,145.0,93.0,167.0,159.0,18.0,8.0,20.0,10.0,15.0,6.0,0.0
105.276,52,148332.0,600.0,88.0,600.0,778.0,0.0,1.0,0.0,0.0,0.5,0.021,0.5,0.626,0.509,0.036,0.509,0.641,0.0,0.0,-1.74,-5.44,7.17,7.25,0.0,0.0,0.0,0.0,0.0,0.0,-3.14,1.0,1.0,-0.0,-0.0,0.0,-0.0,0.0,0.0,0.0,0.0,0.0,0.0,0.0,0.0,145.0,93.0,167.0,159.0,18.0,8.0,20.0,10.0,15.0,6.0,0.0
105.342,51,148383.0,600.0,87.0,600.0,778.0,0.0,1.0,0.0,0.0,0.5,0.021,0.5,0.626,0.509,0.036,0.509,0.641,0.0,0.0,-1.74,-5.44,7.17,7.25,0.0,0.0,0.0,0.0,0.0,0.0,-3.14,1.0,1.0,-0.0,-0.0,0.0,-0.0,0.0,0.0,0.0,0.0,0.0,0.0,0.0,0.0,145.0,93.0,167.0,159.0,18.0,8.0,20.0,10.0,15.0,6.0,0.0
105.375,53,148436.0,600.0,87.0,600.0,778.0,0.0,1.0,0.0,0.0,0.5,0.021,0.5,0.626,0.509,0.036,0.509,0.641,0.0,0.0,-1.74,-5.44,7.17,7.25,0.0,0.0,0.0,0.0,0.0,0.0,-3.14,1.0,1.0,-0.0,-0.0,0.0,-0.0,0.0,0.0,0.0,0.0,0.0,0.0,0.0,0.0,145.0,93.0,167.0,159.0,18.0,8.0,20.0,10.0,15.0,6.0,1.0
105.441,52,148488.0,600.0,87.0,600.0,777.0,0.0,1.0,0.0,0.0,0.5,0.021,0.5,0.626,0.509,0.035,0.509,0.641,0.0,0.0,-1.74,-5.44,7.17,7.25,0.0,0.0,0.0,0.0,0.0,0.0,-3.14,1.0,1.0,-0.0,-0.0,0.0,-0.0,0.0,0.0,0.0,0.0,0.0,0.0,0.0,0.0,145.0,93.0,167.0,159.0,18.0,8.0,20.0,10.0,15.0,6.0,0.0
105.507,52,148540.0,600.0,87.0,600.0,777.0,0.0,1.0,0.0,0.0,0.5,0.021,0.5,0.626,0.509,0.035,0.509,0.641,0.0,0.0,-1.74,-5.44,7.17,7.25,0.0,0.0,0.0,0.0,0.0,0.0,-3.14,1.0,1.0,-0.0,-0.0,0.0,-0.0,0.0,0.0,0.0,0.0,0.0,0.0,0.0,0.0,145.0,93.0,167.0,159.0,18.0,8.0,20.0,10.0,15.0,6.0,0.0
105.539,53,148593.0,600.0,87.0,600.0,777.0,0.0,1.0,0.0,0.0,0.5,0.021,0.5,0.626,0.509,0.035,0.509,0.641,0.0,0.0,-1.74,-5.44,7.17,7.25,0.0,0.0,0.0,0.0,0.0,0.0,-3.14,1.0,1.0,-0.0,-0.0,0.0,-0.0,0.0,0.0,0.0,0.0,0.0,0.0,0.0,0.0,145.0,93.0,167.0,159.0,18.0,8.0,20.0,10.0,15.0,6.0,0.0
105.611,52,148645.0,600.0,87.0,600.0,777.0,0.0,1.0,0.0,0.0,0.5,0.021,0.5,0.626,0.509,0.035,0.509,0.641,0.0,0.0,-1.74,-5.44,7.17,7.25,0.0,0.0,0.0,0.0,0.0,0.0,-3.14,1.0,1.0,-0.0,-0.0,0.0,-0.0,0.0,0.0,0.0,0.0,0.0,0.0,0.0,0.0,145.0,93.0,167.0,159.0,18.0,8.0,20.0,10.0,15.0,6.0,1.0
105.644,52,148697.0,600.0,87.0,600.0,778.0,0.0,1.0,0.0,0.0,0.5,0.021,0.5,0.627,0.509,0.035,0.509,0.641,0.0,0.0,-1.74,-5.44,7.17,7.25,0.0,0.0,0.0,0.0,0.0,0.0,-3.14,1.0,1.0,-0.0,-0.0,0.0,-0.0,0.0,0.0,0.0,0.0,0.0,0.0,0.0,0.0,145.0,93.0,167.0,159.0,18.0,8.0,20.0,10.0,15.0,6.0,0.0
105.709,52,148749.0,600.0,87.0,600.0,778.0,0.0,1.0,0.0,0.0,0.5,0.021,0.5,0.627,0.509,0.035,0.509,0.641,0.0,0.0,-1.74,-5.44,7.17,7.25,0.0,0.0,0.0,0.0,0.0,0.0,-3.14,1.0,1.0,-0.0,-0.0,0.0,-0.0,0.0,0.0,0.0,0.0,0.0,0.0,0.0,0.0,145.0,93.0,167.0,159.0,18.0,8.0,20.0,10.0,15.0,6.0,0.0
105.741,51,148800.0,600.0,87.0,600.0,778.0,0.0,1.0,0.0,0.0,0.5,0.021,0.5,0.627,0.509,0.035,0.509,0.641,0.0,0.0,-1.74,-5.44,7.17,7.25,0.0,0.0,0.0,0.0,0.0,0.0,-3.14,1.0,1.0,-0.0,-0.0,0.0,-0.0,0.0,0.0,0.0,0.0,0.0,0.0,0.0,0.0,145.0,93.0,167.0,159.0,18.0,8.0,20.0,10.0,15.0,6.0,0.0
105.816,53,148853.0,600.0,87.0,600.0,778.0,0.0,1.0,0.0,0.0,0.5,0.021,0.5,0.627,0.509,0.035,0.509,0.641,0.0,0.0,-1.74,-5.44,7.17,7.25,0.0,0.0,0.0,0.0,0.0,0.0,-3.14,1.0,1.0,-0.0,-0.0,0.0,-0.0,0.0,0.0,0.0,0.0,0.0,0.0,0.0,0.0,145.0,93.0,167.0,159.0,18.0,8.0,20.0,10.0,15.0,6.0,0.0
105.849,52,148905.0,600.0,87.0,600.0,779.0,0.0,1.0,0.0,0.0,0.5,0.021,0.5,0.627,0.509,0.035,0.509,0.642,0.0,0.0,-1.74,-5.44,7.17,7.25,0.0,0.0,0.0,0.0,0.0,0.0,-3.14,1.0,1.0,-0.0,-0.0,0.0,-0.0,0.0,0.0,0.0,0.0,0.0,0.0,0.0,0.0,145.0,93.0,167.0,159.0,18.0,8.0,20.0,10.0,15.0,6.0,0.0
105.914,52,148957.0,600.0,87.0,600.0,779.0,0.0,1.0,0.0,0.0,0.5,0.021,0.5,0.627,0.509,0.035,0.509,0.642,0.0,0.0,-1.74,-5.44,7.17,7.25,0.0,0.0,0.0,0.0,0.0,0.0,-3.14,1.0,1.0,-0.0,-0.0,0.0,-0.0,0.0,0.0,0.0,0.0,0.0,0.0,0.0,0.0,145.0,93.0,167.0,159.0,18.0,8.0,20.0,10.0,15.0,6.0,0.0
105.947,51,149008.0,600.0,86.0,600.0,779.0,0.0,1.0,0.0,0.0,0.5,0.021,0.5,0.627,0.509,0.035,0.509,0.642,0.0,0.0,-1.75,-5.44,7.17,7.25,0.0,0.0,0.0,0.0,0.0,0.0,-3.14,1.0,1.0,-0.0,-0.0,0.0,-0.0,0.0,0.0,0.0,0.0,0.0,0.0,0.0,0.0,145.0,93.0,167.0,159.0,18.0,8.0,20.0,10.0,15.0,6.0,0.0
106.013,53,149061.0,600.0,86.0,600.0,779.0,0.0,1.0,0.0,0.0,0.5,0.021,0.5,0.627,0.509,0.035,0.509,0.642,0.0,0.0,-1.75,-5.44,7.17,7.25,0.0,0.0,0.0,0.0,0.0,0.0,-3.14,1.0,1.0,-0.0,-0.0,0.0,-0.0,0.0,0.0,0.0,0.0,0.0,0.0,0.0,0.0,145.0,93.0,167.0,159.0,18.0,8.0,20.0,10.0,15.0,6.0,0.0
106.079,54,149115.0,600.0,86.0,600.0,780.0,0.0,1.0,0.0,0.0,0.5,0.02,0.5,0.628,0.51,0.035,0.51,0.642,0.0,0.0,-1.75,-5.45,7.17,7.25,0.0,0.0,0.0,0.0,0.0,0.0,-3.14,1.0,1.0,-0.0,0.0,0.0,-0.0,0.0,0.0,0.0,0.0,0.0,0.0,0.0,0.0,145.0,93.0,167.0,159.0,18.0,8.0,20.0,10.0,15.0,6.0,0.0
106.111,52,149167.0,600.0,86.0,600.0,780.0,0.0,1.0,0.0,0.0,0.5,0.02,0.5,0.628,0.51,0.035,0.51,0.642,0.0,0.0,-1.75,-5.45,7.17,7.25,0.0,0.0,0.0,0.0,0.0,0.0,-3.14,1.0,1.0,-0.0,0.0,0.0,-0.0,0.0,0.0,0.0,0.0,0.0,0.0,0.0,0.0,145.0,93.0,167.0,159.0,18.0,8.0,20.0,10.0,15.0,6.0,0.0
106.176,51,149218.0,600.0,85.0,600.0,780.0,0.0,1.0,0.0,0.0,0.5,0.02,0.5,0.628,0.51,0.035,0.51,0.642,0.0,0.0,-1.75,-5.45,7.17,7.25,0.0,0.0,0.0,0.0,0.0,0.0,-3.14,1.0,1.0,-0.0,-0.0,0.0,-0.0,0.0,0.0,0.0,0.0,0.0,0.0,0.0,0.0,145.0,93.0,167.0,159.0,18.0,8.0,20.0,10.0,15.0,6.0,0.0
106.216,53,149271.0,600.0,85.0,600.0,780.0,0.0,1.0,0.0,0.0,0.5,0.02,0.5,0.628,0.51,0.035,0.51,0.642,0.0,0.0,-1.75,-5.45,7.17,7.25,0.0,0.0,0.0,0.0,0.0,0.0,-3.14,1.0,1.0,-0.0,-0.0,0.0,-0.0,0.0,0.0,0.0,0.0,0.0,0.0,0.0,0.0,145.0,93.0,167.0,159.0,18.0,8.0,20.0,10.0,15.0,6.0,0.0
106.281,52,149323.0,600.0,85.0,600.0,777.0,0.0,1.0,0.0,0.0,0.5,0.02,0.5,0.627,0.509,0.035,0.509,0.642,0.0,0.0,-1.75,-5.45,7.17,7.25,0.0,0.0,0.0,0.0,0.0,0.0,-3.14,1.0,1.0,-0.0,-0.0,0.0,-0.0,0.0,0.0,0.0,0.0,0.0,0.0,0.0,0.0,145.0,93.0,167.0,159.0,18.0,8.0,20.0,10.0,15.0,6.0,0.0
106.314,52,149375.0,600.0,85.0,600.0,777.0,0.0,1.0,0.0,0.0,0.5,0.02,0.5,0.627,0.509,0.035,0.509,0.642,0.0,0.0,-1.75,-5.45,7.17,7.25,0.0,0.0,0.0,0.0,0.0,0.0,-3.14,1.0,1.0,-0.0,0.0,0.0,-0.0,0.0,0.0,0.0,0.0,0.0,0.0,0.0,0.0,145.0,93.0,167.0,159.0,18.0,8.0,20.0,10.0,15.0,6.0,0.0
106.38,52,149427.0,600.0,86.0,600.0,777.0,0.0,1.0,0.0,0.0,0.5,0.02,0.5,0.627,0.509,0.035,0.509,0.642,0.0,0.0,-1.75,-5.45,7.17,7.25,0.0,0.0,0.0,0.0,0.0,0.0,-3.14,1.0,1.0,-0.0,-0.0,0.0,-0.0,0.0,0.0,0.0,0.0,0.0,0.0,0.0,0.0,145.0,93.0,167.0,159.0,18.0,8.0,20.0,10.0,15.0,6.0,1.0
106.456,52,149479.0,600.0,86.0,600.0,777.0,0.0,1.0,0.0,0.0,0.5,0.02,0.5,0.627,0.509,0.035,0.509,0.642,0.0,0.0,-1.75,-5.45,7.17,7.25,0.0,0.0,0.0,0.0,0.0,0.0,-3.14,1.0,1.0,-0.0,-0.0,0.0,-0.0,0.0,0.0,0.0,0.0,0.0,0.0,0.0,0.0,145.0,93.0,167.0,159.0,18.0,8.0,20.0,10.0,15.0,6.0,0.0
106.488,52,149531.0,600.0,86.0,600.0,779.0,0.0,1.0,0.0,0.0,0.5,0.02,0.5,0.627,0.509,0.035,0.509,0.642,0.0,0.0,-1.75,-5.45,7.17,7.25,0.0,0.0,0.0,0.0,0.0,0.0,-3.14,1.0,1.0,-0.0,-0.0,0.0,-0.0,0.0,0.0,0.0,0.0,0.0,0.0,0.0,0.0,145.0,93.0,167.0,159.0,18.0,8.0,20.0,10.0,15.0,6.0,0.0
106.521,52,149583.0,600.0,86.0,600.0,779.0,0.0,1.0,0.0,0.0,0.5,0.02,0.5,0.627,0.509,0.035,0.509,0.642,0.0,0.0,-1.75,-5.45,7.17,7.25,0.0,0.0,0.0,0.0,0.0,0.0,-3.14,1.0,1.0,-0.0,0.0,0.0,-0.0,0.0,0.0,0.0,0.0,0.0,0.0,0.0,0.0,145.0,93.0,167.0,159.0,18.0,8.0,20.0,10.0,15.0,6.0,0.0
106.586,52,149635.0,600.0,85.0,600.0,779.0,0.0,1.0,0.0,0.0,0.5,0.02,0.5,0.627,0.509,0.035,0.509,0.642,0.0,0.0,-1.75,-5.45,7.17,7.25,0.0,0.0,0.0,0.0,0.0,0.0,-3.14,1.0,1.0,-0.0,-0.0,0.0,-0.0,0.0,0.0,0.0,0.0,0.0,0.0,0.0,0.0,145.0,93.0,167.0,159.0,18.0,8.0,20.0,10.0,15.0,6.0,0.0
106.654,53,149688.0,600.0,85.0,600.0,779.0,0.0,1.0,0.0,0.0,0.5,0.02,0.5,0.627,0.509,0.035,0.509,0.642,0.0,0.0,-1.75,-5.45,7.17,7.25,0.0,0.0,0.0,0.0,0.0,0.0,-3.14,1.0,1.0,-0.0,-0.0,0.0,-0.0,0.0,0.0,0.0,0.0,0.0,0.0,0.0,0.0,145.0,93.0,167.0,159.0,18.0,8.0,20.0,10.0,15.0,6.0,0.0
106.687,52,149740.0,600.0,85.0,600.0,780.0,0.0,1.0,0.0,0.0,0.5,0.02,0.5,0.628,0.509,0.034,0.509,0.643,0.0,0.0,-1.75,-5.45,7.17,7.25,0.0,0.0,0.0,0.0,0.0,0.0,-3.14,1.0,1.0,-0.0,-0.0,0.0,-0.0,0.0,0.0,0.0,0.0,0.0,0.0,0.0,0.0,145.0,93.0,167.0,159.0,18.0,8.0,20.0,10.0,15.0,6.0,0.0
106.752,52,149792.0,600.0,85.0,600.0,780.0,0.0,1.0,0.0,0.0,0.5,0.02,0.5,0.628,0.509,0.034,0.509,0.643,0.0,0.0,-1.75,-5.45,7.17,7.25,0.0,0.0,0.0,0.0,0.0,0.0,-3.14,1.0,1.0,-0.0,-0.0,0.0,-0.0,0.0,0.0,0.0,0.0,0.0,0.0,0.0,0.0,145.0,93.0,167.0,159.0,18.0,8.0,20.0,10.0,15.0,6.0,0.0
106.784,51,149843.0,600.0,85.0,600.0,780.0,0.0,1.0,0.0,0.0,0.5,0.02,0.5,0.628,0.509,0.034,0.509,0.643,0.0,0.0,-1.75,-5.45,7.17,7.25,0.0,0.0,0.0,0.0,0.0,0.0,-3.14,1.0,1.0,-0.0,-0.0,0.0,-0.0,0.0,0.0,0.0,0.0,0.0,0.0,0.0,0.0,145.0,93.0,167.0,159.0,18.0,8.0,20.0,10.0,15.0,6.0,0.0
106.859,53,149896.0,600.0,85.0,600.0,780.0,0.0,1.0,0.0,0.0,0.5,0.02,0.5,0.628,0.509,0.034,0.509,0.643,0.0,0.0,-1.75,-5.45,7.17,7.25,0.0,0.0,0.0,0.0,0.0,0.0,-3.14,1.0,1.0,-0.0,-0.0,0.0,-0.0,0.0,0.0,0.0,0.0,0.0,0.0,0.0,0.0,145.0,93.0,167.0,159.0,18.0,8.0,20.0,10.0,15.0,6.0,0.0
106.892,52,149948.0,600.0,85.0,600.0,780.0,0.0,1.0,0.0,0.0,0.5,0.02,0.5,0.628,0.509,0.034,0.509,0.643,0.0,0.0,-1.75,-5.45,7.17,7.25,0.0,0.0,0.0,0.0,0.0,0.0,-3.14,1.0,1.0,-0.0,-0.0,0.0,-0.0,0.0,0.0,0.0,0.0,0.0,0.0,0.0,0.0,145.0,93.0,167.0,159.0,18.0,8.0,20.0,10.0,15.0,6.0,0.0
106.957,52,150000.0,600.0,85.0,600.0,780.0,0.0,1.0,0.0,0.0,0.5,0.02,0.5,0.628,0.509,0.034,0.509,0.643,0.0,0.0,-1.75,-5.45,7.17,7.25,0.0,0.0,0.0,0.0,0.0,0.0,-3.14,1.0,1.0,-0.0,-0.0,0.0,-0.0,0.0,0.0,0.0,0.0,0.0,0.0,0.0,0.0,145.0,93.0,167.0,159.0,18.0,8.0,20.0,10.0,15.0,6.0,0.0
106.991,53,150053.0,600.0,85.0,600.0,780.0,0.0,1.0,0.0,0.0,0.5,0.02,0.5,0.628,0.509,0.034,0.509,0.643,0.0,0.0,-1.75,-5.45,7.17,7.25,0.0,0.0,0.0,0.0,0.0,0.0,-3.14,1.0,1.0,-0.0,0.0,0.0,-0.0,0.0,0.0,0.0,0.0,0.0,0.0,0.0,0.0,145.0,93.0,167.0,159.0,18.0,8.0,20.0,10.0,15.0,6.0,0.0
107.057,52,150105.0,600.0,85.0,600.0,780.0,0.0,1.0,0.0,0.0,0.5,0.02,0.5,0.628,0.509,0.034,0.509,0.643,0.0,0.0,-1.75,-5.45,7.17,7.25,0.0,0.0,0.0,0.0,0.0,0.0,-3.14,1.0,1.0,-0.0,0.0,0.0,-0.0,0.0,0.0,0.0,0.0,0.0,0.0,0.0,0.0,145.0,93.0,167.0,159.0,18.0,8.0,20.0,10.0,15.0,6.0,0.0
107.124,53,150158.0,600.0,85.0,600.0,778.0,0.0,1.0,0.0,0.0,0.5,0.02,0.5,0.627,0.509,0.034,0.509,0.642,0.0,0.0,-1.75,-5.45,7.17,7.25,0.0,0.0,0.0,0.0,0.0,0.0,-3.14,1.0,1.0,-0.0,-0.0,0.0,-0.0,0.0,0.0,0.0,0.0,0.0,0.0,0.0,0.0,145.0,93.0,167.0,159.0,18.0,8.0,20.0,10.0,15.0,6.0,0.0
107.156,52,150210.0,600.0,85.0,600.0,778.0,0.0,1.0,0.0,0.0,0.5,0.02,0.5,0.627,0.509,0.034,0.509,0.642,0.0,0.0,-1.75,-5.45,7.17,7.25,0.0,0.0,0.0,0.0,0.0,0.0,-3.14,1.0,1.0,-0.0,-0.0,0.0,-0.0,0.0,0.0,0.0,0.0,0.0,0.0,0.0,0.0,145.0,93.0,167.0,159.0,18.0,8.0,20.0,10.0,15.0,6.0,0.0
107.223,51,150261.0,600.0,86.0,600.0,778.0,0.0,1.0,0.0,0.0,0.5,0.02,0.5,0.627,0.509,0.034,0.509,0.642,0.0,0.0,-1.75,-5.45,7.17,7.25,0.0,0.0,0.0,0.0,0.0,0.0,-3.14,1.0,1.0,-0.0,-0.0,0.0,-0.0,0.0,0.0,0.0,0.0,0.0,0.0,0.0,0.0,145.0,93.0,167.0,159.0,18.0,8.0,20.0,10.0,15.0,6.0,0.0
107.29,55,150316.0,600.0,86.0,600.0,778.0,0.0,1.0,0.0,0.0,0.5,0.02,0.5,0.627,0.509,0.034,0.509,0.642,0.0,0.0,-1.75,-5.45,7.17,7.25,0.0,0.0,0.0,0.0,0.0,0.0,-3.14,1.0,1.0,-0.0,-0.0,0.0,-0.0,0.0,0.0,0.0,0.0,0.0,0.0,0.0,0.0,145.0,93.0,167.0,159.0,18.0,8.0,20.0,10.0,15.0,6.0,1.0
107.323,52,150368.0,600.0,86.0,600.0,779.0,0.0,1.0,0.0,0.0,0.5,0.02,0.5,0.627,0.509,0.035,0.509,0.642,0.0,0.0,-1.75,-5.45,7.17,7.25,0.0,0.0,0.0,0.0,0.0,0.0,-3.14,1.0,1.0,-0.0,-0.0,0.0,-0.0,0.0,0.0,0.0,0.0,0.0,0.0,0.0,0.0,145.0,93.0,167.0,159.0,18.0,8.0,20.0,10.0,15.0,6.0,0.0
107.389,52,150420.0,600.0,86.0,600.0,779.0,0.0,1.0,0.0,0.0,0.5,0.02,0.5,0.627,0.509,0.035,0.509,0.642,0.0,0.0,-1.75,-5.45,7.17,7.25,0.0,0.0,0.0,0.0,0.0,0.0,-3.14,1.0,1.0,-0.0,-0.0,0.0,-0.0,0.0,0.0,0.0,0.0,0.0,0.0,0.0,0.0,145.0,93.0,167.0,159.0,18.0,8.0,20.0,10.0,15.0,6.0,0.0
107.424,52,150472.0,600.0,86.0,600.0,779.0,0.0,1.0,0.0,0.0,0.5,0.02,0.5,0.627,0.509,0.035,0.509,0.642,0.0,0.0,-1.75,-5.45,7.17,7.25,0.0,0.0,0.0,0.0,0.0,0.0,-3.14,1.0,1.0,-0.0,-0.0,0.0,-0.0,0.0,0.0,0.0,0.0,0.0,0.0,0.0,0.0,145.0,93.0,167.0,159.0,18.0,8.0,20.0,10.0,15.0,6.0,0.0
107.49,52,150524.0,600.0,86.0,600.0,779.0,0.0,1.0,0.0,0.0,0.5,0.02,0.5,0.627,0.509,0.035,0.509,0.642,0.0,0.0,-1.75,-5.45,7.17,7.25,0.0,0.0,0.0,0.0,0.0,0.0,-3.14,1.0,1.0,-0.0,-0.0,0.0,-0.0,0.0,0.0,0.0,0.0,0.0,0.0,0.0,0.0,145.0,93.0,167.0,159.0,18.0,8.0,20.0,10.0,15.0,6.0,0.0
107.522,52,150576.0,600.0,86.0,600.0,780.0,0.0,1.0,0.0,0.0,0.5,0.02,0.5,0.628,0.51,0.035,0.51,0.642,0.0,0.0,-1.75,-5.45,7.17,7.25,0.0,0.0,0.0,0.0,0.0,0.0,-3.14,1.0,1.0,-0.0,-0.0,0.0,-0.0,0.0,0.0,0.0,0.0,0.0,0.0,0.0,0.0,145.0,93.0,167.0,159.0,18.0,8.0,20.0,10.0,15.0,6.0,0.0
107.588,52,150628.0,600.0,86.0,600.0,780.0,0.0,1.0,0.0,0.0,0.5,0.02,0.5,0.628,0.51,0.035,0.51,0.642,0.0,0.0,-1.74,-5.45,7.17,7.25,0.0,0.0,0.0,0.0,0.0,0.0,-3.14,1.0,1.0,-0.0,-0.0,0.0,-0.0,0.0,0.0,0.0,0.0,0.0,0.0,0.0,0.0,145.0,93.0,167.0,159.0,18.0,8.0,20.0,10.0,15.0,6.0,0.0
107.621,52,150680.0,600.0,87.0,600.0,780.0,0.0,1.0,0.0,0.0,0.5,0.02,0.5,0.628,0.51,0.035,0.51,0.642,0.0,0.0,-1.74,-5.45,7.17,7.25,0.0,0.0,0.0,0.0,0.0,0.0,-3.14,1.0,1.0,-0.0,-0.0,0.0,-0.0,0.0,0.0,0.0,0.0,0.0,0.0,0.0,0.0,145.0,93.0,167.0,159.0,18.0,8.0,20.0,10.0,15.0,6.0,0.0
107.685,53,150733.0,600.0,87.0,600.0,780.0,0.0,1.0,0.0,0.0,0.5,0.02,0.5,0.628,0.51,0.035,0.51,0.642,0.0,0.0,-1.74,-5.45,7.17,7.25,0.0,0.0,0.0,0.0,0.0,0.0,-3.14,1.0,1.0,-0.0,0.0,0.0,-0.0,0.0,0.0,0.0,0.0,0.0,0.0,0.0,0.0,145.0,93.0,167.0,159.0,18.0,8.0,20.0,10.0,15.0,6.0,0.0
107.749,52,150785.0,600.0,87.0,600.0,776.0,0.0,1.0,0.0,0.0,0.5,0.02,0.5,0.627,0.509,0.035,0.509,0.642,0.0,0.0,-1.74,-5.45,7.17,7.25,0.0,0.0,0.0,0.0,0.0,0.0,-3.14,1.0,1.0,-0.0,-0.0,0.0,-0.0,0.0,0.0,0.0,0.0,0.0,0.0,0.0,0.0,145.0,93.0,167.0,159.0,18.0,8.0,20.0,10.0,15.0,6.0,1.0
107.782,53,150838.0,600.0,87.0,600.0,776.0,0.0,1.0,0.0,0.0,0.5,0.02,0.5,0.627,0.509,0.035,0.509,0.642,0.0,0.0,-1.74,-5.45,7.17,7.25,0.0,0.0,0.0,0.0,0.0,0.0,-3.14,1.0,1.0,-0.0,-0.0,0.0,-0.0,0.0,0.0,0.0,0.0,0.0,0.0,0.0,0.0,145.0,93.0,167.0,159.0,18.0,8.0,20.0,10.0,15.0,6.0,0.0
107.847,52,150890.0,600.0,86.0,600.0,776.0,0.0,1.0,0.0,0.0,0.5,0.02,0.5,0.627,0.509,0.035,0.509,0.642,0.0,0.0,-1.74,-5.45,7.17,7.25,0.0,0.0,0.0,0.0,0.0,0.0,-3.14,1.0,1.0,-0.0,-0.0,0.0,-0.0,0.0,0.0,0.0,0.0,0.0,0.0,0.0,0.0,145.0,93.0,167.0,159.0,18.0,8.0,20.0,10.0,15.0,6.0,0.0
107.88,52,150942.0,600.0,86.0,600.0,776.0,0.0,1.0,0.0,0.0,0.5,0.02,0.5,0.627,0.509,0.035,0.509,0.642,0.0,0.0,-1.74,-5.45,7.17,7.25,0.0,0.0,0.0,0.0,0.0,0.0,-3.14,1.0,1.0,-0.0,-0.0,0.0,-0.0,0.0,0.0,0.0,0.0,0.0,0.0,0.0,0.0,145.0,93.0,167.0,159.0,18.0,8.0,20.0,10.0,15.0,6.0,0.0
107.944,52,150994.0,600.0,86.0,600.0,780.0,0.0,1.0,0.0,0.0,0.5,0.02,0.5,0.627,0.509,0.035,0.509,0.642,0.0,0.0,-1.74,-5.45,7.17,7.25,0.0,0.0,0.0,0.0,0.0,0.0,-3.14,1.0,1.0,-0.0,-0.0,0.0,-0.0,0.0,0.0,0.0,0.0,0.0,0.0,0.0,0.0,145.0,93.0,167.0,159.0,18.0,8.0,20.0,10.0,15.0,6.0,0.0
108.01,52,151046.0,600.0,86.0,600.0,780.0,0.0,1.0,0.0,0.0,0.5,0.02,0.5,0.627,0.509,0.035,0.509,0.642,0.0,0.0,-1.74,-5.45,7.17,7.25,0.0,0.0,0.0,0.0,0.0,0.0,-3.14,1.0,1.0,-0.0,0.0,0.0,-0.0,0.0,0.0,0.0,0.0,0.0,0.0,0.0,0.0,145.0,93.0,167.0,159.0,18.0,8.0,20.0,10.0,15.0,6.0,0.0
108.041,52,151098.0,600.0,86.0,600.0,780.0,0.0,1.0,0.0,0.0,0.5,0.02,0.5,0.627,0.509,0.035,0.509,0.642,0.0,0.0,-1.74,-5.45,7.17,7.25,0.0,0.0,0.0,0.0,0.0,0.0,-3.14,1.0,1.0,-0.0,0.0,0.0,-0.0,0.0,0.0,0.0,0.0,0.0,0.0,0.0,0.0,145.0,93.0,167.0,159.0,18.0,8.0,20.0,10.0,15.0,6.0,1.0
108.105,52,151150.0,600.0,86.0,600.0,780.0,0.0,1.0,0.0,0.0,0.5,0.02,0.5,0.627,0.509,0.035,0.509,0.642,0.0,0.0,-1.74,-5.45,7.17,7.25,0.0,0.0,0.0,0.0,0.0,0.0,-3.14,1.0,1.0,-0.0,-0.0,0.0,-0.0,0.0,0.0,0.0,0.0,0.0,0.0,0.0,0.0,145.0,93.0,167.0,159.0,18.0,8.0,20.0,10.0,15.0,6.0,0.0
108.171,52,151202.0,600.0,86.0,600.0,778.0,0.0,1.0,0.0,0.0,0.5,0.02,0.5,0.627,0.509,0.035,0.509,0.642,0.0,0.0,-1.75,-5.45,7.17,7.25,0.0,0.0,0.0,0.0,0.0,0.0,-3.14,1.0,1.0,-0.0,-0.0,0.0,-0.0,0.0,0.0,0.0,0.0,0.0,0.0,0.0,0.0,145.0,93.0,167.0,159.0,18.0,8.0,20.0,10.0,15.0,6.0,0.0
108.204,52,151254.0,600.0,86.0,600.0,778.0,0.0,1.0,0.0,0.0,0.5,0.02,0.5,0.627,0.509,0.035,0.509,0.642,0.0,0.0,-1.75,-5.45,7.17,7.25,0.0,0.0,0.0,0.0,0.0,0.0,-3.14,1.0,1.0,-0.0,-0.0,0.0,-0.0,0.0,0.0,0.0,0.0,0.0,0.0,0.0,0.0,145.0,93.0,167.0,159.0,18.0,8.0,20.0,10.0,15.0,6.0,0.0
108.269,52,151306.0,600.0,85.0,600.0,778.0,0.0,1.0,0.0,0.0,0.5,0.02,0.5,0.627,0.509,0.035,0.509,0.642,0.0,0.0,-1.75,-5.45,7.17,7.25,0.0,0.0,0.0,0.0,0.0,0.0,-3.14,1.0,1.0,-0.0,-0.0,0.0,-0.0,0.0,0.0,0.0,0.0,0.0,0.0,0.0,0.0,145.0,93.0,167.0,159.0,18.0,8.0,20.0,10.0,15.0,6.0,0.0
108.3,52,151358.0,600.0,85.0,600.0,778.0,0.0,1.0,0.0,0.0,0.5,0.02,0.5,0.627,0.509,0.035,0.509,0.642,0.0,0.0,-1.75,-5.45,7.17,7.25,0.0,0.0,0.0,0.0,0.0,0.0,-3.14,1.0,1.0,-0.0,-0.0,0.0,-0.0,0.0,0.0,0.0,0.0,0.0,0.0,0.0,0.0,145.0,93.0,167.0,159.0,18.0,8.0,20.0,10.0,15.0,6.0,0.0
108.366,52,151410.0,600.0,85.0,600.0,775.0,0.0,1.0,0.0,0.0,0.5,0.02,0.5,0.626,0.509,0.035,0.509,0.641,0.0,0.0,-1.75,-5.45,7.17,7.25,0.0,0.0,0.0,0.0,0.0,0.0,-3.14,1.0,1.0,-0.0,-0.0,0.0,-0.0,0.0,0.0,0.0,0.0,0.0,0.0,0.0,0.0,145.0,93.0,167.0,159.0,18.0,8.0,20.0,10.0,15.0,6.0,1.0
108.433,52,151462.0,600.0,85.0,600.0,775.0,0.0,1.0,0.0,0.0,0.5,0.02,0.5,0.626,0.509,0.035,0.509,0.641,0.0,0.0,-1.75,-5.45,7.17,7.25,0.0,0.0,0.0,0.0,0.0,0.0,-3.14,1.0,1.0,-0.0,-0.0,0.0,-0.0,0.0,0.0,0.0,0.0,0.0,0.0,0.0,0.0,145.0,93.0,167.0,159.0,18.0,8.0,20.0,10.0,15.0,6.0,0.0
108.466,52,151514.0,600.0,85.0,600.0,775.0,0.0,1.0,0.0,0.0,0.5,0.02,0.5,0.626,0.509,0.035,0.509,0.641,0.0,0.0,-1.75,-5.45,7.17,7.25,0.0,0.0,0.0,0.0,0.0,0.0,-3.14,1.0,1.0,-0.0,-0.0,0.0,-0.0,0.0,0.0,0.0,0.0,0.0,0.0,0.0,0.0,145.0,93.0,167.0,159.0,18.0,8.0,20.0,10.0,15.0,6.0,0.0
108.533,52,151566.0,600.0,85.0,600.0,775.0,0.0,1.0,0.0,0.0,0.5,0.02,0.5,0.626,0.509,0.035,0.509,0.641,0.0,0.0,-1.75,-5.45,7.17,7.25,0.0,0.0,0.0,0.0,0.0,0.0,-3.14,1.0,1.0,-0.0,-0.0,0.0,-0.0,0.0,0.0,0.0,0.0,0.0,0.0,0.0,0.0,145.0,93.0,167.0,159.0,18.0,8.0,20.0,10.0,15.0,6.0,0.0
108.565,52,151618.0,600.0,85.0,600.0,771.0,0.0,1.0,0.0,0.0,0.5,0.02,0.5,0.625,0.509,0.035,0.509,0.639,0.0,0.0,-1.75,-5.45,7.17,7.25,0.0,0.0,0.0,0.0,0.0,0.0,-3.14,1.0,1.0,-0.0,-0.0,0.0,-0.0,0.0,0.0,0.0,0.0,0.0,0.0,0.0,0.0,145.0,93.0,167.0,159.0,18.0,8.0,20.0,10.0,15.0,6.0,0.0
108.637,52,151670.0,600.0,85.0,600.0,771.0,0.0,1.0,0.0,0.0,0.5,0.02,0.5,0.625,0.509,0.035,0.509,0.639,0.0,0.0,-1.75,-5.45,7.17,7.25,0.0,0.0,0.0,0.0,0.0,0.0,-3.14,1.0,1.0,-0.0,-0.0,0.0,-0.0,0.0,0.0,0.0,0.0,0.0,0.0,0.0,0.0,145.0,93.0,167.0,159.0,18.0,8.0,20.0,10.0,15.0,6.0,0.0
108.669,52,151722.0,600.0,86.0,600.0,771.0,0.0,1.0,0.0,0.0,0.5,0.02,0.5,0.625,0.509,0.035,0.509,0.639,0.0,0.0,-1.75,-5.45,7.17,7.25,0.0,0.0,0.0,0.0,0.0,0.0,-3.14,1.0,1.0,-0.0,-0.0,0.0,-0.0,0.0,0.0,0.0,0.0,0.0,0.0,0.0,0.0,145.0,93.0,167.0,159.0,18.0,8.0,20.0,10.0,15.0,6.0,0.0
108.735,52,151774.0,600.0,86.0,600.0,771.0,0.0,1.0,0.0,0.0,0.5,0.02,0.5,0.625,0.509,0.035,0.509,0.639,0.0,0.0,-1.75,-5.45,7.17,7.25,0.0,0.0,0.0,0.0,0.0,0.0,-3.14,1.0,1.0,-0.0,0.0,0.0,-0.0,0.0,0.0,0.0,0.0,0.0,0.0,0.0,0.0,145.0,93.0,167.0,159.0,18.0,8.0,20.0,10.0,15.0,6.0,0.0
108.768,52,151826.0,600.0,86.0,600.0,772.0,0.0,1.0,0.0,0.0,0.5,0.02,0.5,0.624,0.509,0.035,0.509,0.639,0.0,0.0,-1.75,-5.45,7.17,7.25,0.0,0.0,0.0,0.0,0.0,0.0,-3.14,1.0,1.0,-0.0,-0.0,0.0,-0.0,0.0,0.0,0.0,0.0,0.0,0.0,0.0,0.0,145.0,93.0,167.0,159.0,18.0,8.0,20.0,10.0,15.0,6.0,0.0
108.834,52,151878.0,600.0,86.0,600.0,772.0,0.0,1.0,0.0,0.0,0.5,0.02,0.5,0.624,0.509,0.035,0.509,0.639,0.0,0.0,-1.75,-5.45,7.17,7.25,0.0,0.0,0.0,0.0,0.0,0.0,-3.14,1.0,1.0,-0.0,-0.0,0.0,-0.0,0.0,0.0,0.0,0.0,0.0,0.0,0.0,0.0,145.0,93.0,167.0,159.0,18.0,8.0,20.0,10.0,15.0,6.0,0.0
108.899,52,151930.0,600.0,86.0,600.0,772.0,0.0,1.0,0.0,0.0,0.5,0.02,0.5,0.624,0.509,0.035,0.509,0.639,0.0,0.0,-1.75,-5.45,7.17,7.25,0.0,0.0,0.0,0.0,0.0,0.0,-3.14,1.0,1.0,-0.0,-0.0,0.0,-0.0,0.0,0.0,0.0,0.0,0.0,0.0,0.0,0.0,145.0,93.0,167.0,159.0,18.0,8.0,20.0,10.0,15.0,6.0,0.0
108.932,52,151982.0,600.0,86.0,600.0,772.0,0.0,1.0,0.0,0.0,0.5,0.02,0.5,0.624,0.509,0.035,0.509,0.639,0.0,0.0,-1.75,-5.45,7.17,7.25,0.0,0.0,0.0,0.0,0.0,0.0,-3.14,1.0,1.0,-0.0,-0.0,0.0,-0.0,0.0,0.0,0.0,0.0,0.0,0.0,0.0,0.0,145.0,93.0,167.0,159.0,18.0,8.0,20.0,10.0,15.0,6.0,0.0
108.998,52,152034.0,600.0,86.0,600.0,771.0,0.0,1.0,0.0,0.0,0.5,0.02,0.5,0.623,0.509,0.035,0.509,0.638,0.0,0.0,-1.75,-5.45,7.17,7.25,0.0,0.0,0.0,0.0,0.0,0.0,-3.14,1.0,1.0,-0.0,-0.0,0.0,-0.0,0.0,0.0,0.0,0.0,0.0,0.0,0.0,0.0,145.0,93.0,167.0,159.0,18.0,8.0,20.0,10.0,15.0,6.0,0.0
109.031,52,152086.0,600.0,86.0,600.0,771.0,0.0,1.0,0.0,0.0,0.5,0.02,0.5,0.623,0.509,0.035,0.509,0.638,0.0,0.0,-1.75,-5.45,7.17,7.25,0.0,0.0,0.0,0.0,0.0,0.0,-3.14,1.0,1.0,-0.0,-0.0,0.0,-0.0,0.0,0.0,0.0,0.0,0.0,0.0,0.0,0.0,145.0,93.0,167.0,159.0,18.0,8.0,20.0,10.0,15.0,6.0,0.0
109.094,52,152138.0,600.0,85.0,600.0,771.0,0.0,1.0,0.0,0.0,0.5,0.02,0.5,0.623,0.509,0.035,0.509,0.638,0.0,0.0,-1.75,-5.45,7.17,7.25,0.0,0.0,0.0,0.0,0.0,0.0,-3.14,1.0,1.0,-0.0,-0.0,0.0,-0.0,0.0,0.0,0.0,0.0,0.0,0.0,0.0,0.0,145.0,93.0,167.0,159.0,18.0,8.0,20.0,10.0,15.0,6.0,0.0
109.128,52,152190.0,600.0,85.0,600.0,771.0,0.0,1.0,0.0,0.0,0.5,0.02,0.5,0.623,0.509,0.035,0.509,0.638,0.0,0.0,-1.75,-5.45,7.17,7.25,0.0,0.0,0.0,0.0,0.0,0.0,-3.14,1.0,1.0,-0.0,-0.0,0.0,-0.0,0.0,0.0,0.0,0.0,0.0,0.0,0.0,0.0,145.0,93.0,167.0,159.0,18.0,8.0,20.0,10.0,15.0,6.0,0.0
109.193,52,152242.0,600.0,85.0,600.0,773.0,0.0,1.0,0.0,0.0,0.5,0.02,0.5,0.624,0.509,0.035,0.509,0.638,0.0,0.0,-1.75,-5.45,7.17,7.25,0.0,0.0,0.0,0.0,0.0,0.0,-3.14,1.0,1.0,-0.0,-0.0,0.0,-0.0,0.0,0.0,0.0,0.0,0.0,0.0,0.0,0.0,145.0,93.0,167.0,159.0,18.0,8.0,20.0,10.0,15.0,6.0,0.0
109.259,52,152294.0,600.0,85.0,600.0,773.0,0.0,1.0,0.0,0.0,0.5,0.02,0.5,0.624,0.509,0.035,0.509,0.638,0.0,0.0,-1.75,-5.45,7.17,7.25,0.0,0.0,0.0,0.0,0.0,0.0,-3.14,1.0,1.0,-0.0,-0.0,0.0,-0.0,0.0,0.0,0.0,0.0,0.0,0.0,0.0,0.0,145.0,93.0,167.0,159.0,18.0,8.0,20.0,10.0,15.0,6.0,0.0
109.291,52,152346.0,600.0,86.0,600.0,773.0,0.0,1.0,0.0,0.0,0.5,0.02,0.5,0.624,0.509,0.035,0.509,0.638,0.0,0.0,-1.75,-5.45,7.17,7.25,0.0,0.0,0.0,0.0,0.0,0.0,-3.14,1.0,1.0,-0.0,-0.0,0.0,-0.0,0.0,0.0,0.0,0.0,0.0,0.0,0.0,0.0,145.0,93.0,167.0,159.0,18.0,8.0,20.0,10.0,15.0,6.0,0.0
109.355,52,152398.0,600.0,86.0,600.0,773.0,0.0,1.0,0.0,0.0,0.5,0.02,0.5,0.624,0.509,0.035,0.509,0.638,0.0,0.0,-1.75,-5.45,7.17,7.25,0.0,0.0,0.0,0.0,0.0,0.0,-3.14,1.0,1.0,-0.0,0.0,0.0,-0.0,0.0,0.0,0.0,0.0,0.0,0.0,0.0,0.0,145.0,93.0,167.0,159.0,18.0,8.0,20.0,10.0,15.0,6.0,0.0
109.389,52,152450.0,600.0,86.0,600.0,778.0,0.0,1.0,0.0,0.0,0.5,0.02,0.5,0.626,0.509,0.035,0.509,0.64,0.0,0.0,-1.74,-5.45,7.17,7.25,0.0,0.0,0.0,0.0,0.0,0.0,-3.14,1.0,1.0,-0.0,-0.0,0.0,-0.0,0.0,0.0,0.0,0.0,0.0,0.0,0.0,0.0,145.0,93.0,167.0,159.0,18.0,8.0,20.0,10.0,15.0,6.0,1.0
109.453,52,152502.0,600.0,86.0,600.0,778.0,0.0,1.0,0.0,0.0,0.5,0.02,0.5,0.626,0.509,0.035,0.509,0.64,0.0,0.0,-1.74,-5.45,7.17,7.25,0.0,0.0,0.0,0.0,0.0,0.0,-3.14,1.0,1.0,-0.0,-0.0,0.0,-0.0,0.0,0.0,0.0,0.0,0.0,0.0,0.0,0.0,145.0,93.0,167.0,159.0,18.0,8.0,20.0,10.0,15.0,6.0,0.0
109.516,51,152553.0,600.0,87.0,600.0,778.0,0.0,1.0,0.0,0.0,0.5,0.02,0.5,0.626,0.509,0.035,0.509,0.64,0.0,0.0,-1.74,-5.45,7.17,7.25,0.0,0.0,0.0,0.0,0.0,0.0,-3.14,1.0,1.0,-0.0,-0.0,0.0,-0.0,0.0,0.0,0.0,0.0,0.0,0.0,0.0,0.0,145.0,93.0,167.0,159.0,18.0,8.0,20.0,10.0,15.0,6.0,0.0
109.549,53,152606.0,600.0,87.0,600.0,778.0,0.0,1.0,0.0,0.0,0.5,0.02,0.5,0.626,0.509,0.035,0.509,0.64,0.0,0.0,-1.75,-5.45,7.17,7.25,0.0,0.0,0.0,0.0,0.0,0.0,-3.14,1.0,1.0,-0.0,0.0,0.0,-0.0,0.0,0.0,0.0,0.0,0.0,0.0,0.0,0.0,145.0,93.0,167.0,159.0,18.0,8.0,20.0,10.0,15.0,6.0,0.0
109.615,52,152658.0,600.0,87.0,600.0,780.0,0.0,1.0,0.0,0.0,0.5,0.02,0.5,0.627,0.509,0.035,0.509,0.642,0.0,0.0,-1.75,-5.45,7.17,7.25,0.0,0.0,0.0,0.0,0.0,0.0,-3.14,1.0,1.0,-0.0,0.0,0.0,-0.0,0.0,0.0,0.0,0.0,0.0,0.0,0.0,0.0,145.0,93.0,167.0,159.0,18.0,8.0,20.0,10.0,15.0,6.0,0.0
109.648,52,152710.0,600.0,87.0,600.0,780.0,0.0,1.0,0.0,0.0,0.5,0.02,0.5,0.627,0.509,0.035,0.509,0.642,0.0,0.0,-1.75,-5.45,7.17,7.25,0.0,0.0,0.0,0.0,0.0,0.0,-3.14,1.0,1.0,-0.0,0.0,0.0,-0.0,0.0,0.0,0.0,0.0,0.0,0.0,0.0,0.0,145.0,93.0,167.0,159.0,18.0,8.0,20.0,10.0,15.0,6.0,0.0
109.712,52,152762.0,600.0,87.0,600.0,780.0,0.0,1.0,0.0,0.0,0.5,0.02,0.5,0.627,0.509,0.035,0.509,0.642,0.0,0.0,-1.75,-5.45,7.17,7.25,0.0,0.0,0.0,0.0,0.0,0.0,-3.14,1.0,1.0,-0.0,0.0,0.0,-0.0,0.0,0.0,0.0,0.0,0.0,0.0,0.0,0.0,145.0,93.0,167.0,159.0,18.0,8.0,20.0,10.0,15.0,6.0,1.0
109.776,53,152815.0,600.0,87.0,600.0,780.0,0.0,1.0,0.0,0.0,0.5,0.02,0.5,0.627,0.509,0.035,0.509,0.642,0.0,0.0,-1.75,-5.45,7.17,7.25,0.0,0.0,0.0,0.0,0.0,0.0,-3.14,1.0,1.0,-0.0,-0.0,0.0,-0.0,0.0,0.0,0.0,0.0,0.0,0.0,0.0,0.0,145.0,93.0,167.0,159.0,18.0,8.0,20.0,10.0,15.0,6.0,0.0
109.814,52,152867.0,600.0,87.0,600.0,783.0,0.0,1.0,0.0,0.0,0.5,0.02,0.5,0.629,0.51,0.035,0.51,0.643,0.0,0.0,-1.75,-5.45,7.17,7.25,0.0,0.0,0.0,0.0,0.0,0.0,-3.14,1.0,1.0,-0.0,-0.0,0.0,-0.0,0.0,0.0,0.0,0.0,0.0,0.0,0.0,0.0,145.0,93.0,167.0,159.0,18.0,8.0,20.0,10.0,15.0,6.0,0.0
109.88,52,152919.0,600.0,87.0,600.0,783.0,0.0,1.0,0.0,0.0,0.5,0.02,0.5,0.629,0.51,0.035,0.51,0.643,0.0,0.0,-1.75,-5.45,7.17,7.25,0.0,0.0,0.0,0.0,0.0,0.0,-3.14,1.0,1.0,-0.0,-0.0,0.0,-0.0,0.0,0.0,0.0,0.0,0.0,0.0,0.0,0.0,145.0,93.0,167.0,159.0,18.0,8.0,20.0,10.0,15.0,6.0,0.0
109.913,51,152970.0,600.0,88.0,600.0,783.0,0.0,1.0,0.0,0.0,0.5,0.02,0.5,0.629,0.51,0.035,0.51,0.643,0.0,0.0,-1.75,-5.45,7.17,7.25,0.0,0.0,0.0,0.0,0.0,0.0,-3.14,1.0,1.0,-0.0,-0.0,0.0,-0.0,0.0,0.0,0.0,0.0,0.0,0.0,0.0,0.0,145.0,93.0,167.0,159.0,18.0,8.0,20.0,10.0,15.0,6.0,1.0
109.977,53,153023.0,600.0,88.0,600.0,783.0,0.0,1.0,0.0,0.0,0.5,0.02,0.5,0.629,0.51,0.035,0.51,0.643,0.0,0.0,-1.75,-5.44,7.17,7.25,0.0,0.0,0.0,0.0,0.0,0.0,-3.14,1.0,1.0,-0.0,0.0,0.0,-0.0,0.0,0.0,0.0,0.0,0.0,0.0,0.0,0.0,145.0,93.0,167.0,159.0,18.0,8.0,20.0,10.0,15.0,6.0,0.0
110.046,52,153075.0,600.0,88.0,600.0,783.0,0.0,1.0,0.0,0.0,0.5,0.021,0.5,0.629,0.51,0.035,0.51,0.644,0.0,0.0,-1.75,-5.45,7.17,7.25,0.0,0.0,0.0,0.0,0.0,0.0,-3.14,1.0,1.0,-0.0,0.0,0.0,-0.0,0.0,0.0,0.0,0.0,0.0,0.0,0.0,0.0,145.0,93.0,167.0,159.0,18.0,8.0,20.0,10.0,15.0,6.0,0.0
110.079,52,153127.0,600.0,88.0,600.0,783.0,0.0,1.0,0.0,0.0,0.5,0.021,0.5,0.629,0.51,0.035,0.51,0.644,0.0,0.0,-1.75,-5.45,7.17,7.25,0.0,0.0,0.0,0.0,0.0,0.0,-3.14,1.0,1.0,-0.0,0.0,0.0,-0.0,0.0,0.0,0.0,0.0,0.0,0.0,0.0,0.0,145.0,93.0,167.0,159.0,18.0,8.0,20.0,10.0,15.0,6.0,0.0
110.145,52,153179.0,600.0,89.0,600.0,783.0,0.0,1.0,0.0,0.0,0.5,0.021,0.5,0.629,0.51,0.035,0.51,0.644,0.0,0.0,-1.75,-5.45,7.17,7.25,0.0,0.0,0.0,0.0,0.0,0.0,-3.14,1.0,1.0,-0.0,-0.0,0.0,-0.0,0.0,0.0,0.0,0.0,0.0,0.0,0.0,0.0,145.0,93.0,167.0,159.0,18.0,8.0,20.0,10.0,15.0,6.0,0.0
110.176,52,153231.0,600.0,89.0,600.0,783.0,0.0,1.0,0.0,0.0,0.5,0.021,0.5,0.629,0.51,0.035,0.51,0.644,0.0,0.0,-1.75,-5.45,7.17,7.25,0.0,0.0,0.0,0.0,0.0,0.0,-3.14,1.0,1.0,-0.0,-0.0,0.0,-0.0,0.0,0.0,0.0,0.0,0.0,0.0,0.0,0.0,145.0,93.0,167.0,159.0,18.0,8.0,20.0,10.0,15.0,6.0,1.0
110.241,52,153283.0,600.0,89.0,600.0,783.0,0.0,1.0,0.0,0.0,0.5,0.021,0.5,0.63,0.51,0.036,0.51,0.644,0.0,0.0,-1.75,-5.44,7.17,7.25,0.0,0.0,0.0,0.0,0.0,0.0,-3.14,1.0,1.0,-0.0,-0.0,0.0,-0.0,0.0,0.0,0.0,0.0,0.0,0.0,0.0,0.0,145.0,93.0,167.0,159.0,18.0,8.0,20.0,10.0,15.0,6.0,0.0
110.274,52,153335.0,600.0,89.0,600.0,783.0,0.0,1.0,0.0,0.0,0.5,0.021,0.5,0.63,0.51,0.036,0.51,0.644,0.0,0.0,-1.74,-5.44,7.17,7.25,0.0,0.0,0.0,0.0,0.0,0.0,-3.14,1.0,1.0,-0.0,-0.0,0.0,-0.0,0.0,0.0,0.0,0.0,0.0,0.0,0.0,0.0,145.0,93.0,167.0,159.0,18.0,8.0,20.0,10.0,15.0,6.0,0.0
110.341,52,153387.0,600.0,88.0,600.0,783.0,0.0,1.0,0.0,0.0,0.5,0.021,0.5,0.63,0.51,0.036,0.51,0.644,0.0,0.0,-1.74,-5.44,7.17,7.25,0.0,0.0,0.0,0.0,0.0,0.0,-3.14,1.0,1.0,-0.0,0.0,0.0,-0.0,0.0,0.0,0.0,0.0,0.0,0.0,0.0,0.0,145.0,93.0,167.0,159.0,18.0,8.0,20.0,10.0,15.0,6.0,0.0
110.417,52,153439.0,600.0,88.0,600.0,783.0,0.0,1.0,0.0,0.0,0.5,0.021,0.5,0.63,0.51,0.036,0.51,0.644,0.0,0.0,-1.74,-5.44,7.17,7.25,0.0,0.0,0.0,0.0,0.0,0.0,-3.14,1.0,1.0,-0.0,0.0,0.0,-0.0,0.0,0.0,0.0,0.0,0.0,0.0,0.0,0.0,145.0,93.0,167.0,159.0,18.0,8.0,20.0,10.0,15.0,6.0,0.0
110.451,52,153491.0,600.0,88.0,600.0,785.0,0.0,1.0,0.0,0.0,0.5,0.021,0.5,0.63,0.51,0.036,0.51,0.645,0.0,0.0,-1.73,-5.44,7.17,7.25,0.0,0.0,0.0,0.0,0.0,0.0,-3.14,1.0,1.0,-0.0,-0.0,0.0,-0.0,0.0,0.0,0.0,0.0,0.0,0.0,0.0,0.0,145.0,93.0,167.0,159.0,18.0,8.0,20.0,10.0,15.0,6.0,0.0
110.484,52,153543.0,600.0,88.0,600.0,785.0,0.0,1.0,0.0,0.0,0.5,0.021,0.5,0.63,0.51,0.036,0.51,0.645,0.0,0.0,-1.73,-5.44,7.17,7.25,0.0,0.0,0.0,0.0,0.0,0.0,-3.14,1.0,1.0,-0.0,-0.0,0.0,-0.0,0.0,0.0,0.0,0.0,0.0,0.0,0.0,0.0,145.0,93.0,167.0,159.0,18.0,8.0,20.0,10.0,15.0,6.0,0.0
110.55,54,153597.0,600.0,87.0,600.0,785.0,0.0,1.0,0.0,0.0,0.5,0.021,0.5,0.63,0.51,0.036,0.51,0.645,0.0,0.0,-1.73,-5.44,7.17,7.25,0.0,0.0,0.0,0.0,0.0,0.0,-3.14,1.0,1.0,-0.0,-0.0,0.0,-0.0,0.0,0.0,0.0,0.0,0.0,0.0,0.0,0.0,145.0,93.0,167.0,159.0,18.0,8.0,20.0,10.0,15.0,6.0,1.0
110.621,52,153649.0,600.0,87.0,600.0,785.0,0.0,1.0,0.0,0.0,0.5,0.021,0.5,0.63,0.51,0.036,0.51,0.645,0.0,0.0,-1.73,-5.44,7.17,7.25,0.0,0.0,0.0,0.0,0.0,0.0,-3.14,1.0,1.0,-0.0,-0.0,0.0,-0.0,0.0,0.0,0.0,0.0,0.0,0.0,0.0,0.0,145.0,93.0,167.0,159.0,18.0,8.0,20.0,10.0,15.0,6.0,1.0
110.654,52,153701.0,600.0,87.0,600.0,782.0,0.0,1.0,0.0,0.0,0.5,0.021,0.5,0.63,0.51,0.036,0.51,0.645,0.0,0.0,-1.73,-5.44,7.17,7.25,0.0,0.0,0.0,0.0,0.0,0.0,-3.14,1.0,1.0,-0.0,-0.0,0.0,-0.0,0.0,0.0,0.0,0.0,0.0,0.0,0.0,0.0,145.0,93.0,167.0,159.0,18.0,8.0,20.0,10.0,15.0,6.0,0.0
110.721,52,153753.0,600.0,87.0,600.0,782.0,0.0,1.0,0.0,0.0,0.5,0.021,0.5,0.63,0.51,0.036,0.51,0.645,0.0,0.0,-1.72,-5.44,7.17,7.25,0.0,0.0,0.0,0.0,0.0,0.0,-3.14,1.0,1.0,-0.0,-0.0,0.0,-0.0,0.0,0.0,0.0,0.0,0.0,0.0,0.0,0.0,145.0,93.0,167.0,159.0,18.0,8.0,20.0,10.0,15.0,6.0,0.0
110.754,52,153805.0,600.0,88.0,600.0,782.0,0.0,1.0,0.0,0.0,0.5,0.021,0.5,0.63,0.51,0.036,0.51,0.645,0.0,0.0,-1.72,-5.44,7.17,7.25,0.0,0.0,0.0,0.0,0.0,0.0,-3.14,1.0,1.0,-0.0,-0.0,0.0,-0.0,0.0,0.0,0.0,0.0,0.0,0.0,0.0,0.0,145.0,93.0,167.0,159.0,18.0,8.0,20.0,10.0,15.0,6.0,0.0
110.82,53,153858.0,600.0,88.0,600.0,782.0,0.0,1.0,0.0,0.0,0.5,0.021,0.5,0.63,0.51,0.036,0.51,0.645,0.0,0.0,-1.73,-5.44,7.17,7.25,0.0,0.0,0.0,0.0,0.0,0.0,-3.14,1.0,1.0,-0.0,-0.0,0.0,-0.0,0.0,0.0,0.0,0.0,0.0,0.0,0.0,0.0,145.0,93.0,167.0,159.0,18.0,8.0,20.0,10.0,15.0,6.0,0.0
110.854,52,153910.0,600.0,88.0,600.0,780.0,0.0,1.0,0.0,0.0,0.5,0.021,0.5,0.629,0.51,0.036,0.51,0.644,0.0,0.0,-1.73,-5.44,7.17,7.25,0.0,0.0,0.0,0.0,0.0,0.0,-3.14,1.0,1.0,-0.0,-0.0,0.0,-0.0,0.0,0.0,0.0,0.0,0.0,0.0,0.0,0.0,145.0,93.0,167.0,159.0,18.0,8.0,20.0,10.0,15.0,6.0,0.0
110.921,52,153962.0,600.0,88.0,600.0,780.0,0.0,1.0,0.0,0.0,0.5,0.021,0.5,0.629,0.51,0.036,0.51,0.644,0.0,0.0,-1.73,-5.44,7.17,7.25,0.0,0.0,0.0,0.0,0.0,0.0,-3.14,1.0,1.0,-0.0,-0.0,0.0,-0.0,0.0,0.0,0.0,0.0,0.0,0.0,0.0,0.0,145.0,93.0,167.0,159.0,18.0,8.0,20.0,10.0,15.0,6.0,0.0
110.954,52,154014.0,600.0,87.0,600.0,780.0,0.0,1.0,0.0,0.0,0.5,0.021,0.5,0.629,0.51,0.036,0.51,0.644,0.0,0.0,-1.73,-5.44,7.17,7.25,0.0,0.0,0.0,0.0,0.0,0.0,-3.14,1.0,1.0,-0.0,-0.0,0.0,-0.0,0.0,0.0,0.0,0.0,0.0,0.0,0.0,0.0,145.0,93.0,167.0,159.0,18.0,8.0,20.0,10.0,15.0,6.0,0.0
111.021,53,154067.0,600.0,87.0,600.0,780.0,0.0,1.0,0.0,0.0,0.5,0.021,0.5,0.629,0.51,0.036,0.51,0.644,0.0,0.0,-1.73,-5.44,7.17,7.25,0.0,0.0,0.0,0.0,0.0,0.0,-3.14,1.0,1.0,-0.0,-0.0,0.0,-0.0,0.0,0.0,0.0,0.0,0.0,0.0,0.0,0.0,145.0,93.0,167.0,159.0,18.0,8.0,20.0,10.0,15.0,6.0,0.0
111.088,52,154119.0,600.0,87.0,600.0,780.0,0.0,1.0,0.0,0.0,0.5,0.021,0.5,0.629,0.51,0.035,0.51,0.643,0.0,0.0,-1.73,-5.44,7.17,7.25,0.0,0.0,0.0,0.0,0.0,0.0,-3.14,1.0,1.0,-0.0,0.0,0.0,-0.0,0.0,0.0,0.0,0.0,0.0,0.0,0.0,0.0,145.0,93.0,167.0,159.0,18.0,8.0,20.0,10.0,15.0,6.0,0.0
111.121,52,154171.0,600.0,87.0,600.0,780.0,0.0,1.0,0.0,0.0,0.5,0.021,0.5,0.629,0.51,0.035,0.51,0.643,0.0,0.0,-1.73,-5.45,7.17,7.25,0.0,0.0,0.0,0.0,0.0,0.0,-3.14,1.0,1.0,-0.0,0.0,0.0,-0.0,0.0,0.0,0.0,0.0,0.0,0.0,0.0,0.0,145.0,93.0,167.0,159.0,18.0,8.0,20.0,10.0,15.0,6.0,1.0
111.188,52,154223.0,600.0,87.0,600.0,780.0,0.0,1.0,0.0,0.0,0.5,0.021,0.5,0.629,0.51,0.035,0.51,0.643,0.0,0.0,-1.73,-5.45,7.17,7.25,0.0,0.0,0.0,0.0,0.0,0.0,-3.14,1.0,1.0,-0.0,-0.0,0.0,-0.0,0.0,0.0,0.0,0.0,0.0,0.0,0.0,0.0,145.0,93.0,167.0,159.0,18.0,8.0,20.0,10.0,15.0,6.0,0.0
111.224,52,154275.0,600.0,87.0,600.0,780.0,0.0,1.0,0.0,0.0,0.5,0.021,0.5,0.629,0.51,0.035,0.51,0.643,0.0,0.0,-1.74,-5.45,7.17,7.25,0.0,0.0,0.0,0.0,0.0,0.0,-3.14,1.0,1.0,-0.0,-0.0,0.0,-0.0,0.0,0.0,0.0,0.0,0.0,0.0,0.0,0.0,145.0,93.0,167.0,159.0,18.0,8.0,20.0,10.0,15.0,6.0,0.0
111.289,53,154328.0,600.0,87.0,600.0,782.0,0.0,1.0,0.0,0.0,0.5,0.021,0.5,0.629,0.51,0.035,0.51,0.644,0.0,0.0,-1.74,-5.45,7.17,7.25,0.0,0.0,0.0,0.0,0.0,0.0,-3.14,1.0,1.0,-0.0,0.0,0.0,-0.0,0.0,0.0,0.0,0.0,0.0,0.0,0.0,0.0,145.0,93.0,167.0,159.0,18.0,8.0,20.0,10.0,15.0,6.0,0.0
111.322,52,154380.0,600.0,87.0,600.0,782.0,0.0,1.0,0.0,0.0,0.5,0.021,0.5,0.629,0.51,0.035,0.51,0.644,0.0,0.0,-1.73,-5.45,7.17,7.25,0.0,0.0,0.0,0.0,0.0,0.0,-3.14,1.0,1.0,-0.0,-0.0,0.0,-0.0,0.0,0.0,0.0,0.0,0.0,0.0,0.0,0.0,145.0,93.0,167.0,159.0,18.0,8.0,20.0,10.0,15.0,6.0,1.0
111.386,52,154432.0,600.0,87.0,600.0,782.0,0.0,1.0,0.0,0.0,0.5,0.021,0.5,0.629,0.51,0.035,0.51,0.644,0.0,0.0,-1.73,-5.45,7.17,7.25,0.0,0.0,0.0,0.0,0.0,0.0,-3.14,1.0,1.0,-0.0,-0.0,0.0,-0.0,0.0,0.0,0.0,0.0,0.0,0.0,0.0,0.0,145.0,93.0,167.0,159.0,18.0,8.0,20.0,10.0,15.0,6.0,0.0
111.449,52,154484.0,600.0,87.0,600.0,782.0,0.0,1.0,0.0,0.0,0.5,0.021,0.5,0.629,0.51,0.035,0.51,0.644,0.0,0.0,-1.73,-5.45,7.17,7.25,0.0,0.0,0.0,0.0,0.0,0.0,-3.14,1.0,1.0,-0.0,-0.0,0.0,-0.0,0.0,0.0,0.0,0.0,0.0,0.0,0.0,0.0,145.0,93.0,167.0,159.0,18.0,8.0,20.0,10.0,15.0,6.0,0.0
111.481,53,154537.0,600.0,87.0,600.0,780.0,0.0,1.0,0.0,0.0,0.5,0.021,0.5,0.629,0.51,0.035,0.51,0.643,0.0,0.0,-1.73,-5.45,7.17,7.25,0.0,0.0,0.0,0.0,0.0,0.0,-3.14,1.0,1.0,-0.0,-0.0,0.0,-0.0,0.0,0.0,0.0,0.0,0.0,0.0,0.0,0.0,145.0,93.0,167.0,159.0,18.0,8.0,20.0,10.0,15.0,6.0,0.0
111.544,52,154589.0,600.0,87.0,600.0,780.0,0.0,1.0,0.0,0.0,0.5,0.021,0.5,0.629,0.51,0.035,0.51,0.643,0.0,0.0,-1.73,-5.45,7.17,7.25,0.0,0.0,0.0,0.0,0.0,0.0,-3.14,1.0,1.0,-0.0,-0.0,0.0,-0.0,0.0,0.0,0.0,0.0,0.0,0.0,0.0,0.0,145.0,93.0,167.0,159.0,18.0,8.0,20.0,10.0,15.0,6.0,1.0
111.611,52,154641.0,600.0,87.0,600.0,780.0,0.0,1.0,0.0,0.0,0.5,0.021,0.5,0.629,0.51,0.035,0.51,0.643,0.0,0.0,-1.73,-5.45,7.17,7.25,0.0,0.0,0.0,0.0,0.0,0.0,-3.14,1.0,1.0,-0.0,-0.0,0.0,-0.0,0.0,0.0,0.0,0.0,0.0,0.0,0.0,0.0,145.0,93.0,167.0,159.0,18.0,8.0,20.0,10.0,15.0,6.0,0.0
111.644,52,154693.0,600.0,87.0,600.0,780.0,0.0,1.0,0.0,0.0,0.5,0.021,0.5,0.629,0.51,0.035,0.51,0.643,0.0,0.0,-1.73,-5.45,7.17,7.25,0.0,0.0,0.0,0.0,0.0,0.0,-3.14,1.0,1.0,-0.0,0.0,0.0,-0.0,0.0,0.0,0.0,0.0,0.0,0.0,0.0,0.0,145.0,93.0,167.0,159.0,18.0,8.0,20.0,10.0,15.0,6.0,1.0
111.71,52,154745.0,600.0,87.0,600.0,785.0,0.0,1.0,0.0,0.0,0.5,0.021,0.5,0.63,0.51,0.035,0.51,0.644,0.0,0.0,-1.73,-5.45,7.17,7.25,0.0,0.0,0.0,0.0,0.0,0.0,-3.14,1.0,1.0,-0.0,-0.0,0.0,-0.0,0.0,0.0,0.0,0.0,0.0,0.0,0.0,0.0,145.0,93.0,167.0,159.0,18.0,8.0,20.0,10.0,15.0,6.0,0.0
111.743,52,154797.0,600.0,87.0,600.0,785.0,0.0,1.0,0.0,0.0,0.5,0.021,0.5,0.63,0.51,0.035,0.51,0.644,0.0,0.0,-1.73,-5.45,7.17,7.25,0.0,0.0,0.0,0.0,0.0,0.0,-3.14,1.0,1.0,-0.0,-0.0,0.0,-0.0,0.0,0.0,0.0,0.0,0.0,0.0,0.0,0.0,145.0,93.0,167.0,159.0,18.0,8.0,20.0,10.0,15.0,6.0,0.0
111.809,51,154848.0,600.0,86.0,600.0,785.0,0.0,1.0,0.0,0.0,0.5,0.021,0.5,0.63,0.51,0.035,0.51,0.644,0.0,0.0,-1.73,-5.45,7.17,7.25,0.0,0.0,0.0,0.0,0.0,0.0,-3.14,1.0,1.0,-0.0,-0.0,0.0,-0.0,0.0,0.0,0.0,0.0,0.0,0.0,0.0,0.0,145.0,93.0,167.0,159.0,18.0,8.0,20.0,10.0,15.0,6.0,0.0
111.841,53,154901.0,600.0,86.0,600.0,785.0,0.0,1.0,0.0,0.0,0.5,0.021,0.5,0.63,0.51,0.035,0.51,0.644,0.0,0.0,-1.73,-5.45,7.17,7.25,0.0,0.0,0.0,0.0,0.0,0.0,-3.14,1.0,1.0,-0.0,-0.0,0.0,-0.0,0.0,0.0,0.0,0.0,0.0,0.0,0.0,0.0,145.0,93.0,167.0,159.0,18.0,8.0,20.0,10.0,15.0,6.0,1.0
111.907,52,154953.0,600.0,86.0,600.0,785.0,0.0,1.0,0.0,0.0,0.5,0.02,0.5,0.631,0.51,0.035,0.51,0.645,0.0,0.0,-1.74,-5.45,7.17,7.25,0.0,0.0,0.0,0.0,0.0,0.0,-3.14,1.0,1.0,-0.0,-0.0,0.0,-0.0,0.0,0.0,0.0,0.0,0.0,0.0,0.0,0.0,145.0,93.0,167.0,159.0,18.0,8.0,20.0,10.0,15.0,6.0,0.0
111.972,52,155005.0,600.0,86.0,600.0,785.0,0.0,1.0,0.0,0.0,0.5,0.02,0.5,0.631,0.51,0.035,0.51,0.645,0.0,0.0,-1.74,-5.45,7.17,7.25,0.0,0.0,0.0,0.0,0.0,0.0,-3.14,1.0,1.0,-0.0,-0.0,0.0,-0.0,0.0,0.0,0.0,0.0,0.0,0.0,0.0,0.0,145.0,93.0,167.0,159.0,18.0,8.0,20.0,10.0,15.0,6.0,0.0
112.005,52,155057.0,600.0,87.0,600.0,785.0,0.0,1.0,0.0,0.0,0.5,0.02,0.5,0.631,0.51,0.035,0.51,0.645,0.0,0.0,-1.74,-5.45,7.17,7.25,0.0,0.0,0.0,0.0,0.0,0.0,-3.14,1.0,1.0,-0.0,0.0,0.0,-0.0,0.0,0.0,0.0,0.0,0.0,0.0,0.0,0.0,145.0,93.0,167.0,159.0,18.0,8.0,20.0,10.0,15.0,6.0,0.0
112.071,53,155110.0,600.0,87.0,600.0,785.0,0.0,1.0,0.0,0.0,0.5,0.02,0.5,0.631,0.51,0.035,0.51,0.645,0.0,0.0,-1.74,-5.45,7.17,7.25,0.0,0.0,0.0,0.0,0.0,0.0,-3.14,1.0,1.0,-0.0,-0.0,0.0,-0.0,0.0,0.0,0.0,0.0,0.0,0.0,0.0,0.0,145.0,93.0,167.0,159.0,18.0,8.0,20.0,10.0,15.0,6.0,0.0
112.104,52,155162.0,600.0,87.0,600.0,781.0,0.0,1.0,0.0,0.0,0.5,0.02,0.5,0.63,0.51,0.035,0.51,0.645,0.0,0.0,-1.74,-5.45,7.17,7.25,0.0,0.0,0.0,0.0,0.0,0.0,-3.14,1.0,1.0,-0.0,0.0,0.0,-0.0,0.0,0.0,0.0,0.0,0.0,0.0,0.0,0.0,145.0,93.0,167.0,159.0,18.0,8.0,20.0,10.0,15.0,6.0,1.0
112.17,52,155214.0,600.0,87.0,600.0,781.0,0.0,1.0,0.0,0.0,0.5,0.02,0.5,0.63,0.51,0.035,0.51,0.645,0.0,0.0,-1.74,-5.45,7.17,7.25,0.0,0.0,0.0,0.0,0.0,0.0,-3.14,1.0,1.0,-0.0,-0.0,0.0,-0.0,0.0,0.0,0.0,0.0,0.0,0.0,0.0,0.0,145.0,93.0,167.0,159.0,18.0,8.0,20.0,10.0,15.0,6.0,0.0
112.237,52,155266.0,600.0,86.0,600.0,781.0,0.0,1.0,0.0,0.0,0.5,0.02,0.5,0.63,0.51,0.035,0.51,0.645,0.0,0.0,-1.74,-5.45,7.17,7.25,0.0,0.0,0.0,0.0,0.0,0.0,-3.14,1.0,1.0,-0.0,-0.0,0.0,-0.0,0.0,0.0,0.0,0.0,0.0,0.0,0.0,0.0,145.0,93.0,167.0,159.0,18.0,8.0,20.0,10.0,15.0,6.0,0.0
112.27,53,155319.0,600.0,86.0,600.0,781.0,0.0,1.0,0.0,0.0,0.5,0.02,0.5,0.63,0.51,0.035,0.51,0.645,0.0,0.0,-1.74,-5.45,7.17,7.25,0.0,0.0,0.0,0.0,0.0,0.0,-3.14,1.0,1.0,-0.0,0.0,0.0,-0.0,0.0,0.0,0.0,0.0,0.0,0.0,0.0,0.0,145.0,93.0,167.0,159.0,18.0,8.0,20.0,10.0,15.0,6.0,1.0
112.336,52,155371.0,600.0,86.0,600.0,779.0,0.0,1.0,0.0,0.0,0.5,0.02,0.5,0.629,0.51,0.035,0.51,0.643,0.0,0.0,-1.74,-5.45,7.17,7.25,0.0,0.0,0.0,0.0,0.0,0.0,-3.14,1.0,1.0,-0.0,-0.0,0.0,-0.0,0.0,0.0,0.0,0.0,0.0,0.0,0.0,0.0,145.0,93.0,167.0,159.0,18.0,8.0,20.0,10.0,15.0,6.0,0.0
112.368,52,155423.0,600.0,86.0,600.0,779.0,0.0,1.0,0.0,0.0,0.5,0.02,0.5,0.629,0.51,0.035,0.51,0.643,0.0,0.0,-1.74,-5.45,7.17,7.25,0.0,0.0,0.0,0.0,0.0,0.0,-3.14,1.0,1.0,-0.0,-0.0,0.0,-0.0,0.0,0.0,0.0,0.0,0.0,0.0,0.0,0.0,145.0,93.0,167.0,159.0,18.0,8.0,20.0,10.0,15.0,6.0,0.0
112.435,51,155474.0,600.0,86.0,600.0,779.0,0.0,1.0,0.0,0.0,0.5,0.02,0.5,0.629,0.51,0.035,0.51,0.643,0.0,0.0,-1.74,-5.45,7.17,7.25,0.0,0.0,0.0,0.0,0.0,0.0,-3.14,1.0,1.0,-0.0,-0.0,0.0,-0.0,0.0,0.0,0.0,0.0,0.0,0.0,0.0,0.0,145.0,93.0,167.0,159.0,18.0,8.0,20.0,10.0,15.0,6.0,0.0
112.468,53,155527.0,600.0,86.0,600.0,779.0,0.0,1.0,0.0,0.0,0.5,0.02,0.5,0.629,0.51,0.035,0.51,0.643,0.0,0.0,-1.74,-5.45,7.17,7.25,0.0,0.0,0.0,0.0,0.0,0.0,-3.14,1.0,1.0,-0.0,-0.0,0.0,-0.0,0.0,0.0,0.0,0.0,0.0,0.0,0.0,0.0,145.0,93.0,167.0,159.0,18.0,8.0,20.0,10.0,15.0,6.0,0.0
112.534,52,155579.0,600.0,86.0,600.0,776.0,0.0,1.0,0.0,0.0,0.5,0.02,0.5,0.627,0.509,0.035,0.509,0.642,0.0,0.0,-1.74,-5.45,7.17,7.25,0.0,0.0,0.0,0.0,0.0,0.0,-3.14,1.0,1.0,-0.0,0.0,0.0,-0.0,0.0,0.0,0.0,0.0,0.0,0.0,0.0,0.0,145.0,93.0,167.0,159.0,18.0,8.0,20.0,10.0,15.0,6.0,0.0
112.601,52,155631.0,600.0,86.0,600.0,776.0,0.0,1.0,0.0,0.0,0.5,0.02,0.5,0.627,0.509,0.035,0.509,0.642,0.0,0.0,-1.74,-5.45,7.17,7.25,0.0,0.0,0.0,0.0,0.0,0.0,-3.14,1.0,1.0,-0.0,-0.0,0.0,-0.0,0.0,0.0,0.0,0.0,0.0,0.0,0.0,0.0,145.0,93.0,167.0,159.0,18.0,8.0,20.0,10.0,15.0,6.0,1.0
112.634,52,155683.0,600.0,86.0,600.0,776.0,0.0,1.0,0.0,0.0,0.5,0.02,0.5,0.627,0.509,0.035,0.509,0.642,0.0,0.0,-1.74,-5.45,7.17,7.25,0.0,0.0,0.0,0.0,0.0,0.0,-3.14,1.0,1.0,-0.0,0.0,0.0,-0.0,0.0,0.0,0.0,0.0,0.0,0.0,0.0,0.0,145.0,93.0,167.0,159.0,18.0,8.0,20.0,10.0,15.0,6.0,0.0
112.7,52,155735.0,600.0,86.0,600.0,776.0,0.0,1.0,0.0,0.0,0.5,0.02,0.5,0.627,0.509,0.035,0.509,0.642,0.0,0.0,-1.75,-5.45,7.17,7.25,0.0,0.0,0.0,0.0,0.0,0.0,-3.14,1.0,1.0,-0.0,-0.0,0.0,-0.0,0.0,0.0,0.0,0.0,0.0,0.0,0.0,0.0,145.0,93.0,167.0,159.0,18.0,8.0,20.0,10.0,15.0,6.0,0.0
112.732,52,155787.0,600.0,86.0,600.0,774.0,0.0,1.0,0.0,0.0,0.5,0.02,0.5,0.626,0.509,0.035,0.509,0.641,0.0,0.0,-1.75,-5.45,7.17,7.25,0.0,0.0,0.0,0.0,0.0,0.0,-3.14,1.0,1.0,-0.0,-0.0,0.0,-0.0,0.0,0.0,0.0,0.0,0.0,0.0,0.0,0.0,145.0,93.0,167.0,159.0,18.0,8.0,20.0,10.0,15.0,6.0,0.0
112.798,53,155840.0,600.0,86.0,600.0,774.0,0.0,1.0,0.0,0.0,0.5,0.02,0.5,0.626,0.509,0.035,0.509,0.641,0.0,0.0,-1.75,-5.45,7.17,7.25,0.0,0.0,0.0,0.0,0.0,0.0,-3.14,1.0,1.0,-0.0,0.0,0.0,-0.0,0.0,0.0,0.0,0.0,0.0,0.0,0.0,0.0,145.0,93.0,167.0,159.0,18.0,8.0,20.0,10.0,15.0,6.0,0.0
112.831,51,155891.0,600.0,88.0,600.0,774.0,0.0,1.0,0.0,0.0,0.5,0.02,0.5,0.626,0.509,0.035,0.509,0.641,0.0,0.0,-1.75,-5.45,7.17,7.25,0.0,0.0,0.0,0.0,0.0,0.0,-3.14,1.0,1.0,-0.0,-0.0,0.0,-0.0,0.0,0.0,0.0,0.0,0.0,0.0,0.0,0.0,145.0,93.0,167.0,159.0,18.0,8.0,20.0,10.0,15.0,6.0,0.0
112.895,53,155944.0,600.0,88.0,600.0,774.0,0.0,1.0,0.0,0.0,0.5,0.02,0.5,0.626,0.509,0.035,0.509,0.641,0.0,0.0,-1.75,-5.45,7.17,7.25,0.0,0.0,0.0,0.0,0.0,0.0,-3.14,1.0,1.0,-0.0,-0.0,0.0,-0.0,0.0,0.0,0.0,0.0,0.0,0.0,0.0,0.0,145.0,93.0,167.0,159.0,18.0,8.0,20.0,10.0,15.0,6.0,0.0
112.959,52,155996.0,600.0,88.0,600.0,774.0,0.0,1.0,0.0,0.0,0.5,0.021,0.5,0.625,0.509,0.035,0.509,0.64,0.0,0.0,-1.75,-5.45,7.17,7.25,0.0,0.0,0.0,0.0,0.0,0.0,-3.14,1.0,1.0,-0.0,-0.0,0.0,-0.0,0.0,0.0,0.0,0.0,0.0,0.0,0.0,0.0,145.0,93.0,167.0,159.0,18.0,8.0,20.0,10.0,15.0,6.0,0.0
112.991,52,156048.0,600.0,88.0,600.0,774.0,0.0,1.0,0.0,0.0,0.5,0.021,0.5,0.625,0.509,0.035,0.509,0.64,0.0,0.0,-1.75,-5.45,7.17,7.25,0.0,0.0,0.0,0.0,0.0,0.0,-3.14,1.0,1.0,-0.0,-0.0,0.0,-0.0,0.0,0.0,0.0,0.0,0.0,0.0,0.0,0.0,145.0,93.0,167.0,159.0,18.0,8.0,20.0,10.0,15.0,6.0,0.0
113.054,51,156099.0,600.0,88.0,600.0,774.0,0.0,1.0,0.0,0.0,0.5,0.021,0.5,0.625,0.509,0.035,0.509,0.64,0.0,0.0,-1.75,-5.45,7.17,7.25,0.0,0.0,0.0,0.0,0.0,0.0,-3.14,1.0,1.0,-0.0,-0.0,0.0,-0.0,0.0,0.0,0.0,0.0,0.0,0.0,0.0,0.0,145.0,93.0,167.0,159.0,18.0,8.0,20.0,10.0,15.0,6.0,0.0
113.118,53,156152.0,600.0,88.0,600.0,774.0,0.0,1.0,0.0,0.0,0.5,0.021,0.5,0.625,0.509,0.035,0.509,0.64,0.0,0.0,-1.75,-5.46,7.17,7.25,0.0,0.0,0.0,0.0,0.0,0.0,-3.14,1.0,1.0,-0.0,0.0,0.0,-0.0,0.0,0.0,0.0,0.0,0.0,0.0,0.0,0.0,145.0,93.0,167.0,159.0,18.0,8.0,20.0,10.0,15.0,6.0,1.0
113.15,52,156204.0,600.0,88.0,600.0,777.0,0.0,1.0,0.0,0.0,0.5,0.021,0.5,0.626,0.509,0.036,0.509,0.64,0.0,0.0,-1.75,-5.45,7.17,7.25,0.0,0.0,0.0,0.0,0.0,0.0,-3.14,1.0,1.0,-0.0,-0.0,0.0,-0.0,0.0,0.0,0.0,0.0,0.0,0.0,0.0,0.0,145.0,93.0,167.0,159.0,18.0,8.0,20.0,10.0,15.0,6.0,1.0
113.216,52,156256.0,600.0,88.0,600.0,777.0,0.0,1.0,0.0,0.0,0.5,0.021,0.5,0.626,0.509,0.036,0.509,0.64,0.0,0.0,-1.74,-5.45,7.17,7.25,0.0,0.0,0.0,0.0,0.0,0.0,-3.14,1.0,1.0,-0.0,0.0,0.0,-0.0,0.0,0.0,0.0,0.0,0.0,0.0,0.0,0.0,145.0,93.0,167.0,159.0,18.0,8.0,20.0,10.0,15.0,6.0,0.0
113.248,52,156308.0,600.0,89.0,600.0,777.0,0.0,1.0,0.0,0.0,0.5,0.021,0.5,0.626,0.509,0.036,0.509,0.64,0.0,0.0,-1.74,-5.45,7.17,7.25,0.0,0.0,0.0,0.0,0.0,0.0,-3.14,1.0,1.0,-0.0,0.0,0.0,-0.0,0.0,0.0,0.0,0.0,0.0,0.0,0.0,0.0,145.0,93.0,167.0,159.0,18.0,8.0,20.0,10.0,15.0,6.0,0.0
113.312,52,156360.0,600.0,89.0,600.0,777.0,0.0,1.0,0.0,0.0,0.5,0.021,0.5,0.626,0.509,0.036,0.509,0.64,0.0,0.0,-1.73,-5.45,7.17,7.25,0.0,0.0,0.0,0.0,0.0,0.0,-3.14,1.0,1.0,-0.0,0.0,0.0,-0.0,0.0,0.0,0.0,0.0,0.0,0.0,0.0,0.0,145.0,93.0,167.0,159.0,18.0,8.0,20.0,10.0,15.0,6.0,0.0
113.377,52,156412.0,600.0,89.0,600.0,776.0,0.0,1.0,0.0,0.0,0.5,0.021,0.5,0.626,0.509,0.036,0.509,0.64,0.0,0.0,-1.73,-5.45,7.17,7.25,0.0,0.0,0.0,0.0,0.0,0.0,-3.14,1.0,1.0,-0.0,-0.0,0.0,-0.0,0.0,0.0,0.0,0.0,0.0,0.0,0.0,0.0,145.0,93.0,167.0,159.0,18.0,8.0,20.0,10.0,15.0,6.0,0.0
113.415,52,156464.0,600.0,89.0,600.0,776.0,0.0,1.0,0.0,0.0,0.5,0.021,0.5,0.626,0.509,0.036,0.509,0.64,0.0,0.0,-1.73,-5.45,7.17,7.25,0.0,0.0,0.0,0.0,0.0,0.0,-3.14,1.0,1.0,-0.0,0.0,0.0,-0.0,0.0,0.0,0.0,0.0,0.0,0.0,0.0,0.0,145.0,93.0,167.0,159.0,18.0,8.0,20.0,10.0,15.0,6.0,1.0
113.481,52,156516.0,600.0,88.0,600.0,776.0,0.0,1.0,0.0,0.0,0.5,0.021,0.5,0.626,0.509,0.036,0.509,0.64,0.0,0.0,-1.73,-5.45,7.17,7.25,0.0,0.0,0.0,0.0,0.0,0.0,-3.14,1.0,1.0,-0.0,0.0,0.0,-0.0,0.0,0.0,0.0,0.0,0.0,0.0,0.0,0.0,145.0,93.0,167.0,159.0,18.0,8.0,20.0,10.0,15.0,6.0,0.0
113.514,52,156568.0,600.0,88.0,600.0,776.0,0.0,1.0,0.0,0.0,0.5,0.021,0.5,0.626,0.509,0.036,0.509,0.64,0.0,0.0,-1.73,-5.45,7.17,7.25,0.0,0.0,0.0,0.0,0.0,0.0,-3.14,1.0,1.0,-0.0,0.0,0.0,-0.0,0.0,0.0,0.0,0.0,0.0,0.0,0.0,0.0,145.0,93.0,167.0,159.0,18.0,8.0,20.0,10.0,15.0,6.0,0.0
113.58,52,156620.0,600.0,88.0,600.0,778.0,0.0,1.0,0.0,0.0,0.5,0.021,0.5,0.627,0.509,0.036,0.509,0.641,0.0,0.0,-1.73,-5.46,7.17,7.25,0.0,0.0,0.0,0.0,0.0,0.0,-3.14,1.0,1.0,-0.0,-0.0,0.0,-0.0,0.0,0.0,0.0,0.0,0.0,0.0,0.0,0.0,145.0,93.0,167.0,159.0,18.0,8.0,20.0,10.0,15.0,6.0,0.0
113.618,52,156672.0,600.0,88.0,600.0,778.0,0.0,1.0,0.0,0.0,0.5,0.021,0.5,0.627,0.509,0.036,0.509,0.641,0.0,0.0,-1.73,-5.46,7.17,7.25,0.0,0.0,0.0,0.0,0.0,0.0,-3.14,1.0,1.0,-0.0,-0.0,0.0,-0.0,0.0,0.0,0.0,0.0,0.0,0.0,0.0,0.0,145.0,93.0,167.0,159.0,18.0,8.0,20.0,10.0,15.0,6.0,1.0
113.684,52,156724.0,600.0,88.0,600.0,778.0,0.0,1.0,0.0,0.0,0.5,0.021,0.5,0.627,0.509,0.036,0.509,0.641,0.0,0.0,-1.73,-5.46,7.17,7.25,0.0,0.0,0.0,0.0,0.0,0.0,-3.14,1.0,1.0,-0.0,-0.0,0.0,-0.0,0.0,0.0,0.0,0.0,0.0,0.0,0.0,0.0,145.0,93.0,167.0,159.0,18.0,8.0,20.0,10.0,15.0,6.0,0.0
113.716,53,156777.0,600.0,88.0,600.0,778.0,0.0,1.0,0.0,0.0,0.5,0.021,0.5,0.627,0.509,0.036,0.509,0.641,0.0,0.0,-1.74,-5.45,7.17,7.25,0.0,0.0,0.0,0.0,0.0,0.0,-3.14,1.0,1.0,-0.0,-0.0,0.0,-0.0,0.0,0.0,0.0,0.0,0.0,0.0,0.0,0.0,145.0,93.0,167.0,159.0,18.0,8.0,20.0,10.0,15.0,6.0,1.0
113.782,52,156829.0,600.0,88.0,600.0,779.0,0.0,1.0,0.0,0.0,0.5,0.021,0.5,0.627,0.51,0.036,0.51,0.642,0.0,0.0,-1.74,-5.45,7.17,7.25,0.0,0.0,0.0,0.0,0.0,0.0,-3.14,1.0,1.0,-0.0,-0.0,0.0,-0.0,0.0,0.0,0.0,0.0,0.0,0.0,0.0,0.0,145.0,93.0,167.0,159.0,18.0,8.0,20.0,10.0,15.0,6.0,0.0
113.825,52,156881.0,600.0,88.0,600.0,779.0,0.0,1.0,0.0,0.0,0.5,0.021,0.5,0.627,0.51,0.036,0.51,0.642,0.0,0.0,-1.75,-5.45,7.17,7.25,0.0,0.0,0.0,0.0,0.0,0.0,-3.14,1.0,1.0,-0.0,0.0,0.0,-0.0,0.0,0.0,0.0,0.0,0.0,0.0,0.0,0.0,145.0,93.0,167.0,159.0,18.0,8.0,20.0,10.0,15.0,6.0,0.0
113.89,52,156933.0,600.0,86.0,600.0,779.0,0.0,1.0,0.0,0.0,0.5,0.021,0.5,0.627,0.51,0.036,0.51,0.642,0.0,0.0,-1.75,-5.44,7.17,7.25,0.0,0.0,0.0,0.0,0.0,0.0,-3.14,1.0,1.0,-0.0,0.0,0.0,-0.0,0.0,0.0,0.0,0.0,0.0,0.0,0.0,0.0,145.0,93.0,167.0,159.0,18.0,8.0,20.0,10.0,15.0,6.0,1.0
113.953,53,156986.0,600.0,86.0,600.0,779.0,0.0,1.0,0.0,0.0,0.5,0.021,0.5,0.627,0.51,0.036,0.51,0.642,0.0,0.0,-1.75,-5.44,7.17,7.25,0.0,0.0,0.0,0.0,0.0,0.0,-3.14,1.0,1.0,-0.0,-0.0,0.0,-0.0,0.0,0.0,0.0,0.0,0.0,0.0,0.0,0.0,145.0,93.0,167.0,159.0,18.0,8.0,20.0,10.0,15.0,6.0,0.0
113.986,52,157038.0,600.0,86.0,600.0,778.0,0.0,1.0,0.0,0.0,0.5,0.021,0.5,0.627,0.509,0.035,0.509,0.642,0.0,0.0,-1.75,-5.44,7.17,7.25,0.0,0.0,0.0,0.0,0.0,0.0,-3.14,1.0,1.0,-0.0,0.0,0.0,-0.0,0.0,0.0,0.0,0.0,0.0,0.0,0.0,0.0,145.0,93.0,167.0,159.0,18.0,8.0,20.0,10.0,15.0,6.0,0.0
114.059,52,157090.0,600.0,86.0,600.0,778.0,0.0,1.0,0.0,0.0,0.5,0.021,0.5,0.627,0.509,0.035,0.509,0.642,0.0,0.0,-1.75,-5.44,7.17,7.25,0.0,0.0,0.0,0.0,0.0,0.0,-3.14,1.0,1.0,-0.0,0.0,0.0,-0.0,0.0,0.0,0.0,0.0,0.0,0.0,0.0,0.0,145.0,93.0,167.0,159.0,18.0,8.0,20.0,10.0,15.0,6.0,0.0
114.091,52,157142.0,600.0,87.0,600.0,778.0,0.0,1.0,0.0,0.0,0.5,0.021,0.5,0.627,0.509,0.035,0.509,0.642,0.0,0.0,-1.75,-5.44,7.17,7.25,0.0,0.0,0.0,0.0,0.0,0.0,-3.14,1.0,1.0,-0.0,-0.0,0.0,-0.0,0.0,0.0,0.0,0.0,0.0,0.0,0.0,0.0,145.0,93.0,167.0,159.0,18.0,8.0,20.0,10.0,15.0,6.0,0.0
114.156,52,157194.0,600.0,87.0,600.0,778.0,0.0,1.0,0.0,0.0,0.5,0.021,0.5,0.627,0.509,0.035,0.509,0.642,0.0,0.0,-1.75,-5.44,7.17,7.25,0.0,0.0,0.0,0.0,0.0,0.0,-3.14,1.0,1.0,-0.0,0.0,0.0,-0.0,0.0,0.0,0.0,0.0,0.0,0.0,0.0,0.0,145.0,93.0,167.0,159.0,18.0,8.0,20.0,10.0,15.0,6.0,0.0
114.189,52,157246.0,600.0,87.0,600.0,778.0,0.0,1.0,0.0,0.0,0.5,0.02,0.5,0.627,0.509,0.035,0.509,0.642,0.0,0.0,-1.75,-5.45,7.17,7.25,0.0,0.0,0.0,0.0,0.0,0.0,-3.14,1.0,1.0,-0.0,-0.0,0.0,-0.0,0.0,0.0,0.0,0.0,0.0,0.0,0.0,0.0,145.0,93.0,167.0,159.0,18.0,8.0,20.0,10.0,15.0,6.0,0.0
114.257,52,157298.0,600.0,87.0,600.0,778.0,0.0,1.0,0.0,0.0,0.5,0.02,0.5,0.627,0.509,0.035,0.509,0.642,0.0,0.0,-1.75,-5.45,7.17,7.25,0.0,0.0,0.0,0.0,0.0,0.0,-3.14,1.0,1.0,-0.0,-0.0,0.0,-0.0,0.0,0.0,0.0,0.0,0.0,0.0,0.0,0.0,145.0,93.0,167.0,159.0,18.0,8.0,20.0,10.0,15.0,6.0,0.0
114.29,51,157349.0,600.0,86.0,600.0,778.0,0.0,1.0,0.0,0.0,0.5,0.02,0.5,0.627,0.509,0.035,0.509,0.642,0.0,0.0,-1.75,-5.45,7.17,7.25,0.0,0.0,0.0,0.0,0.0,0.0,-3.14,1.0,1.0,-0.0,0.0,0.0,-0.0,0.0,0.0,0.0,0.0,0.0,0.0,0.0,0.0,145.0,93.0,167.0,159.0,18.0,8.0,20.0,10.0,15.0,6.0,0.0
114.357,53,157402.0,600.0,86.0,600.0,778.0,0.0,1.0,0.0,0.0,0.5,0.02,0.5,0.627,0.509,0.035,0.509,0.642,0.0,0.0,-1.75,-5.45,7.17,7.25,0.0,0.0,0.0,0.0,0.0,0.0,-3.14,1.0,1.0,-0.0,-0.0,0.0,-0.0,0.0,0.0,0.0,0.0,0.0,0.0,0.0,0.0,145.0,93.0,167.0,159.0,18.0,8.0,20.0,10.0,15.0,6.0,0.0
114.424,52,157454.0,600.0,86.0,600.0,778.0,0.0,1.0,0.0,0.0,0.5,0.02,0.5,0.627,0.509,0.035,0.509,0.642,0.0,0.0,-1.75,-5.45,7.17,7.25,0.0,0.0,0.0,0.0,0.0,0.0,-3.14,1.0,1.0,-0.0,-0.0,0.0,-0.0,0.0,0.0,0.0,0.0,0.0,0.0,0.0,0.0,145.0,93.0,167.0,159.0,18.0,8.0,20.0,10.0,15.0,6.0,1.0
114.457,52,157506.0,600.0,86.0,600.0,778.0,0.0,1.0,0.0,0.0,0.5,0.02,0.5,0.627,0.509,0.035,0.509,0.642,0.0,0.0,-1.75,-5.45,7.17,7.25,0.0,0.0,0.0,0.0,0.0,0.0,-3.14,1.0,1.0,-0.0,-0.0,0.0,-0.0,0.0,0.0,0.0,0.0,0.0,0.0,0.0,0.0,145.0,93.0,167.0,159.0,18.0,8.0,20.0,10.0,15.0,6.0,0.0
114.523,51,157557.0,600.0,86.0,600.0,778.0,0.0,1.0,0.0,0.0,0.5,0.02,0.5,0.627,0.509,0.035,0.509,0.642,0.0,0.0,-1.75,-5.45,7.17,7.25,0.0,0.0,0.0,0.0,0.0,0.0,-3.14,1.0,1.0,-0.0,-0.0,0.0,-0.0,0.0,0.0,0.0,0.0,0.0,0.0,0.0,0.0,145.0,93.0,167.0,159.0,18.0,8.0,20.0,10.0,15.0,6.0,0.0
114.556,53,157610.0,600.0,86.0,600.0,778.0,0.0,1.0,0.0,0.0,0.5,0.02,0.5,0.627,0.509,0.035,0.509,0.642,0.0,0.0,-1.75,-5.45,7.17,7.25,0.0,0.0,0.0,0.0,0.0,0.0,-3.14,1.0,1.0,-0.0,0.0,0.0,-0.0,0.0,0.0,0.0,0.0,0.0,0.0,0.0,0.0,145.0,93.0,167.0,159.0,18.0,8.0,20.0,10.0,15.0,6.0,0.0
114.621,52,157662.0,600.0,86.0,600.0,777.0,0.0,1.0,0.0,0.0,0.5,0.02,0.5,0.627,0.509,0.035,0.509,0.642,0.0,0.0,-1.75,-5.45,7.17,7.25,0.0,0.0,0.0,0.0,0.0,0.0,-3.14,1.0,1.0,-0.0,-0.0,0.0,-0.0,0.0,0.0,0.0,0.0,0.0,0.0,0.0,0.0,145.0,93.0,167.0,159.0,18.0,8.0,20.0,10.0,15.0,6.0,0.0
114.654,52,157714.0,600.0,86.0,600.0,777.0,0.0,1.0,0.0,0.0,0.5,0.02,0.5,0.627,0.509,0.035,0.509,0.642,0.0,0.0,-1.75,-5.45,7.17,7.25,0.0,0.0,0.0,0.0,0.0,0.0,-3.14,1.0,1.0,-0.0,-0.0,0.0,-0.0,0.0,0.0,0.0,0.0,0.0,0.0,0.0,0.0,145.0,93.0,167.0,159.0,18.0,8.0,20.0,10.0,15.0,6.0,0.0
114.717,52,157766.0,600.0,86.0,600.0,777.0,0.0,1.0,0.0,0.0,0.5,0.02,0.5,0.627,0.509,0.035,0.509,0.642,0.0,0.0,-1.75,-5.45,7.17,7.25,0.0,0.0,0.0,0.0,0.0,0.0,-3.14,1.0,1.0,-0.0,-0.0,0.0,-0.0,0.0,0.0,0.0,0.0,0.0,0.0,0.0,0.0,145.0,93.0,167.0,159.0,18.0,8.0,20.0,10.0,15.0,6.0,0.0
114.781,53,157819.0,600.0,86.0,600.0,777.0,0.0,1.0,0.0,0.0,0.5,0.02,0.5,0.627,0.509,0.035,0.509,0.642,0.0,0.0,-1.75,-5.45,7.17,7.25,0.0,0.0,0.0,0.0,0.0,0.0,-3.14,1.0,1.0,-0.0,-0.0,0.0,-0.0,0.0,0.0,0.0,0.0,0.0,0.0,0.0,0.0,145.0,93.0,167.0,159.0,18.0,8.0,20.0,10.0,15.0,6.0,0.0
114.822,52,157871.0,600.0,86.0,600.0,778.0,0.0,1.0,0.0,0.0,0.5,0.02,0.5,0.627,0.509,0.035,0.509,0.642,0.0,0.0,-1.75,-5.45,7.17,7.25,0.0,0.0,0.0,0.0,0.0,0.0,-3.14,1.0,1.0,-0.0,0.0,0.0,-0.0,0.0,0.0,0.0,0.0,0.0,0.0,0.0,0.0,145.0,93.0,167.0,159.0,18.0,8.0,20.0,10.0,15.0,6.0,0.0
114.888,52,157923.0,600.0,86.0,600.0,778.0,0.0,1.0,0.0,0.0,0.5,0.02,0.5,0.627,0.509,0.035,0.509,0.642,0.0,0.0,-1.75,-5.45,7.17,7.25,0.0,0.0,0.0,0.0,0.0,0.0,-3.14,1.0,1.0,-0.0,-0.0,0.0,-0.0,0.0,0.0,0.0,0.0,0.0,0.0,0.0,0.0,145.0,93.0,167.0,159.0,18.0,8.0,20.0,10.0,15.0,6.0,0.0
114.921,51,157974.0,600.0,87.0,600.0,778.0,0.0,1.0,0.0,0.0,0.5,0.02,0.5,0.627,0.509,0.035,0.509,0.642,0.0,0.0,-1.75,-5.45,7.17,7.25,0.0,0.0,0.0,0.0,0.0,0.0,-3.14,1.0,1.0,-0.0,0.0,0.0,-0.0,0.0,0.0,0.0,0.0,0.0,0.0,0.0,0.0,145.0,93.0,167.0,159.0,18.0,8.0,20.0,10.0,15.0,6.0,0.0
114.986,53,158027.0,600.0,87.0,600.0,778.0,0.0,1.0,0.0,0.0,0.5,0.02,0.5,0.627,0.509,0.035,0.509,0.642,0.0,0.0,-1.75,-5.45,7.17,7.25,0.0,0.0,0.0,0.0,0.0,0.0,-3.14,1.0,1.0,-0.0,-0.0,0.0,-0.0,0.0,0.0,0.0,0.0,0.0,0.0,0.0,0.0,145.0,93.0,167.0,159.0,18.0,8.0,20.0,10.0,15.0,6.0,0.0
115.019,52,158079.0,600.0,87.0,600.0,777.0,0.0,1.0,0.0,0.0,0.5,0.021,0.5,0.627,0.509,0.035,0.509,0.641,0.0,0.0,-1.75,-5.45,7.17,7.25,0.0,0.0,0.0,0.0,0.0,0.0,-3.14,1.0,1.0,-0.0,-0.0,0.0,-0.0,0.0,0.0,0.0,0.0,0.0,0.0,0.0,0.0,145.0,93.0,167.0,159.0,18.0,8.0,20.0,10.0,15.0,6.0,0.0
115.084,52,158131.0,600.0,87.0,600.0,777.0,0.0,1.0,0.0,0.0,0.5,0.021,0.5,0.627,0.509,0.035,0.509,0.641,0.0,0.0,-1.75,-5.45,7.17,7.25,0.0,0.0,0.0,0.0,0.0,0.0,-3.14,1.0,1.0,-0.0,-0.0,0.0,-0.0,0.0,0.0,0.0,0.0,0.0,0.0,0.0,0.0,145.0,93.0,167.0,159.0,18.0,8.0,20.0,10.0,15.0,6.0,0.0
115.15,51,158182.0,600.0,87.0,600.0,777.0,0.0,1.0,0.0,0.0,0.5,0.021,0.5,0.627,0.509,0.035,0.509,0.641,0.0,0.0,-1.75,-5.45,7.17,7.25,0.0,0.0,0.0,0.0,0.0,0.0,-3.14,1.0,1.0,-0.0,0.0,0.0,-0.0,0.0,0.0,0.0,0.0,0.0,0.0,0.0,0.0,145.0,93.0,167.0,159.0,18.0,8.0,20.0,10.0,15.0,6.0,0.0
115.182,53,158235.0,600.0,87.0,600.0,777.0,0.0,1.0,0.0,0.0,0.5,0.021,0.5,0.627,0.509,0.035,0.509,0.641,0.0,0.0,-1.75,-5.45,7.17,7.25,0.0,0.0,0.0,0.0,0.0,0.0,-3.14,1.0,1.0,-0.0,-0.0,0.0,-0.0,0.0,0.0,0.0,0.0,0.0,0.0,0.0,0.0,145.0,93.0,167.0,159.0,18.0,8.0,20.0,10.0,15.0,6.0,1.0
115.249,52,158287.0,600.0,87.0,600.0,778.0,0.0,1.0,0.0,0.0,0.5,0.021,0.5,0.627,0.509,0.035,0.509,0.642,0.0,0.0,-1.75,-5.45,7.17,7.25,0.0,0.0,0.0,0.0,0.0,0.0,-3.14,1.0,1.0,-0.0,-0.0,0.0,-0.0,0.0,0.0,0.0,0.0,0.0,0.0,0.0,0.0,145.0,93.0,167.0,159.0,18.0,8.0,20.0,10.0,15.0,6.0,0.0
115.283,52,158339.0,600.0,87.0,600.0,778.0,0.0,1.0,0.0,0.0,0.5,0.021,0.5,0.627,0.509,0.035,0.509,0.642,0.0,0.0,-1.75,-5.45,7.17,7.25,0.0,0.0,0.0,0.0,0.0,0.0,-3.14,1.0,1.0,-0.0,0.0,0.0,-0.0,0.0,0.0,0.0,0.0,0.0,0.0,0.0,0.0,145.0,93.0,167.0,159.0,18.0,8.0,20.0,10.0,15.0,6.0,0.0
115.351,51,158390.0,600.0,88.0,600.0,778.0,0.0,1.0,0.0,0.0,0.5,0.021,0.5,0.627,0.509,0.035,0.509,0.642,0.0,0.0,-1.75,-5.45,7.17,7.25,0.0,0.0,0.0,0.0,0.0,0.0,-3.14,1.0,1.0,-0.0,-0.0,0.0,-0.0,0.0,0.0,0.0,0.0,0.0,0.0,0.0,0.0,145.0,93.0,167.0,159.0,18.0,8.0,20.0,10.0,15.0,6.0,1.0
115.384,53,158443.0,600.0,88.0,600.0,778.0,0.0,1.0,0.0,0.0,0.5,0.021,0.5,0.627,0.509,0.035,0.509,0.642,0.0,0.0,-1.75,-5.45,7.17,7.25,0.0,0.0,0.0,0.0,0.0,0.0,-3.14,1.0,1.0,-0.0,-0.0,0.0,-0.0,0.0,0.0,0.0,0.0,0.0,0.0,0.0,0.0,145.0,93.0,167.0,159.0,18.0,8.0,20.0,10.0,15.0,6.0,0.0
115.45,52,158495.0,600.0,88.0,600.0,774.0,0.0,1.0,0.0,0.0,0.5,0.021,0.5,0.626,0.509,0.035,0.509,0.641,0.0,0.0,-1.75,-5.45,7.17,7.25,0.0,0.0,0.0,0.0,0.0,0.0,-3.14,1.0,1.0,-0.0,0.0,0.0,-0.0,0.0,0.0,0.0,0.0,0.0,0.0,0.0,0.0,145.0,93.0,167.0,159.0,18.0,8.0,20.0,10.0,15.0,6.0,1.0
115.513,52,158547.0,600.0,88.0,600.0,774.0,0.0,1.0,0.0,0.0,0.5,0.021,0.5,0.626,0.509,0.035,0.509,0.641,0.0,0.0,-1.75,-5.45,7.17,7.25,0.0,0.0,0.0,0.0,0.0,0.0,-3.14,1.0,1.0,-0.0,-0.0,0.0,-0.0,0.0,0.0,0.0,0.0,0.0,0.0,0.0,0.0,145.0,93.0,167.0,159.0,18.0,8.0,20.0,10.0,15.0,6.0,0.0
115.545,52,158599.0,600.0,88.0,600.0,774.0,0.0,1.0,0.0,0.0,0.5,0.021,0.5,0.626,0.509,0.035,0.509,0.641,0.0,0.0,-1.75,-5.45,7.17,7.25,0.0,0.0,0.0,0.0,0.0,0.0,-3.14,1.0,1.0,-0.0,-0.0,0.0,-0.0,0.0,0.0,0.0,0.0,0.0,0.0,0.0,0.0,145.0,93.0,167.0,159.0,18.0,8.0,20.0,10.0,15.0,6.0,0.0
115.613,53,158652.0,600.0,88.0,600.0,774.0,0.0,1.0,0.0,0.0,0.5,0.021,0.5,0.626,0.509,0.035,0.509,0.641,0.0,0.0,-1.75,-5.45,7.17,7.25,0.0,0.0,0.0,0.0,0.0,0.0,-3.14,1.0,1.0,-0.0,0.0,0.0,-0.0,0.0,0.0,0.0,0.0,0.0,0.0,0.0,0.0,145.0,93.0,167.0,159.0,18.0,8.0,20.0,10.0,15.0,6.0,0.0
115.646,52,158704.0,600.0,88.0,600.0,775.0,0.0,1.0,0.0,0.0,0.5,0.021,0.5,0.626,0.509,0.035,0.509,0.64,0.0,0.0,-1.75,-5.45,7.17,7.25,0.0,0.0,0.0,0.0,0.0,0.0,-3.14,1.0,1.0,-0.0,-0.0,0.0,-0.0,0.0,0.0,0.0,0.0,0.0,0.0,0.0,0.0,145.0,93.0,167.0,159.0,18.0,8.0,20.0,10.0,15.0,6.0,1.0
115.712,52,158756.0,600.0,88.0,600.0,775.0,0.0,1.0,0.0,0.0,0.5,0.021,0.5,0.626,0.509,0.035,0.509,0.64,0.0,0.0,-1.75,-5.45,7.17,7.25,0.0,0.0,0.0,0.0,0.0,0.0,-3.14,1.0,1.0,-0.0,0.0,0.0,-0.0,0.0,0.0,0.0,0.0,0.0,0.0,0.0,0.0,145.0,93.0,167.0,159.0,18.0,8.0,20.0,10.0,15.0,6.0,0.0
115.778,52,158808.0,600.0,88.0,600.0,775.0,0.0,1.0,0.0,0.0,0.5,0.021,0.5,0.626,0.509,0.035,0.509,0.64,0.0,0.0,-1.75,-5.45,7.17,7.25,0.0,0.0,0.0,0.0,0.0,0.0,-3.14,1.0,1.0,-0.0,0.0,0.0,-0.0,0.0,0.0,0.0,0.0,0.0,0.0,0.0,0.0,145.0,93.0,167.0,159.0,18.0,8.0,20.0,10.0,15.0,6.0,0.0
115.812,53,158861.0,600.0,88.0,600.0,775.0,0.0,1.0,0.0,0.0,0.5,0.021,0.5,0.626,0.509,0.035,0.509,0.64,0.0,0.0,-1.75,-5.45,7.17,7.25,0.0,0.0,0.0,0.0,0.0,0.0,-3.14,1.0,1.0,-0.0,0.0,0.0,0.0,0.0,0.0,0.0,0.0,0.0,0.0,0.0,0.0,145.0,93.0,167.0,159.0,18.0,8.0,20.0,10.0,15.0,6.0,0.0
115.876,52,158913.0,600.0,88.0,600.0,776.0,0.0,1.0,0.0,0.0,0.5,0.021,0.5,0.626,0.509,0.036,0.509,0.64,0.0,0.0,-1.75,-5.45,7.17,7.25,0.0,0.0,0.0,0.0,0.0,0.0,-3.14,1.0,1.0,-0.0,0.0,0.0,0.0,0.0,0.0,0.0,0.0,0.0,0.0,0.0,0.0,145.0,93.0,167.0,159.0,18.0,8.0,20.0,10.0,15.0,6.0,0.0
115.908,52,158965.0,600.0,88.0,600.0,776.0,0.0,1.0,0.0,0.0,0.5,0.021,0.5,0.626,0.509,0.036,0.509,0.64,0.0,0.0,-1.75,-5.45,7.17,7.25,0.0,0.0,0.0,0.0,0.0,0.0,-3.14,1.0,1.0,-0.0,-0.0,0.0,0.0,0.0,0.0,0.0,0.0,0.0,0.0,0.0,0.0,145.0,93.0,167.0,159.0,18.0,8.0,20.0,10.0,15.0,6.0,0.0
115.971,52,159017.0,600.0,88.0,600.0,776.0,0.0,1.0,0.0,0.0,0.5,0.021,0.5,0.626,0.509,0.036,0.509,0.64,0.0,0.0,-1.75,-5.44,7.17,7.25,0.0,0.0,0.0,0.0,0.0,0.0,-3.14,1.0,1.0,-0.0,-0.0,0.0,0.0,0.0,0.0,0.0,0.0,0.0,0.0,0.0,0.0,145.0,93.0,167.0,159.0,18.0,8.0,20.0,10.0,15.0,6.0,0.0
116.012,53,159070.0,600.0,88.0,600.0,776.0,0.0,1.0,0.0,0.0,0.5,0.021,0.5,0.626,0.509,0.036,0.509,0.64,0.0,0.0,-1.76,-5.44,7.17,7.25,0.0,0.0,0.0,0.0,0.0,0.0,-3.14,1.0,1.0,-0.0,-0.0,0.0,0.0,0.0,0.0,0.0,0.0,0.0,0.0,0.0,0.0,145.0,93.0,167.0,159.0,18.0,8.0,20.0,10.0,15.0,6.0,0.0
116.076,52,159122.0,600.0,88.0,600.0,776.0,0.0,1.0,0.0,0.0,0.5,0.021,0.5,0.626,0.509,0.036,0.509,0.64,0.0,0.0,-1.76,-5.43,7.17,7.25,0.0,0.0,0.0,0.0,0.0,0.0,-3.14,1.0,1.0,-0.0,-0.0,0.0,0.0,0.0,0.0,0.0,0.0,0.0,0.0,0.0,0.0,145.0,93.0,167.0,159.0,18.0,8.0,20.0,10.0,15.0,6.0,0.0
116.142,52,159174.0,600.0,88.0,600.0,776.0,0.0,1.0,0.0,0.0,0.5,0.021,0.5,0.626,0.509,0.036,0.509,0.64,0.0,0.0,-1.76,-5.43,7.17,7.25,0.0,0.0,0.0,0.0,0.0,0.0,-3.14,1.0,1.0,-0.0,0.0,0.0,-0.0,0.0,0.0,0.0,0.0,0.0,0.0,0.0,0.0,145.0,93.0,167.0,159.0,18.0,8.0,20.0,10.0,15.0,6.0,0.0
116.175,51,159225.0,600.0,88.0,600.0,776.0,0.0,1.0,0.0,0.0,0.5,0.021,0.5,0.626,0.509,0.036,0.509,0.64,0.0,0.0,-1.77,-5.43,7.17,7.25,0.0,0.0,0.0,0.0,0.0,0.0,-3.14,1.0,1.0,-0.0,-0.0,0.0,0.0,0.0,0.0,0.0,0.0,0.0,0.0,0.0,0.0,145.0,93.0,167.0,159.0,18.0,8.0,20.0,10.0,15.0,6.0,0.0
116.243,53,159278.0,600.0,88.0,600.0,776.0,0.0,1.0,0.0,0.0,0.5,0.021,0.5,0.626,0.509,0.036,0.509,0.64,0.0,0.0,-1.77,-5.43,7.17,7.25,0.0,0.0,0.0,0.0,0.0,0.0,-3.14,1.0,1.0,-0.0,-0.0,0.0,0.0,0.0,0.0,0.0,0.0,0.0,0.0,0.0,0.0,145.0,93.0,167.0,159.0,18.0,8.0,20.0,10.0,15.0,6.0,0.0
116.276,53,159331.0,600.0,88.0,600.0,778.0,0.0,1.0,0.0,0.0,0.5,0.021,0.5,0.626,0.509,0.036,0.509,0.641,0.0,0.0,-1.77,-5.43,7.17,7.25,0.0,0.0,0.0,0.0,0.0,0.0,-3.14,1.0,1.0,-0.0,0.0,0.0,0.0,0.0,0.0,0.0,0.0,0.0,0.0,0.0,0.0,145.0,93.0,167.0,159.0,18.0,8.0,20.0,10.0,15.0,6.0,0.0
116.341,52,159383.0,600.0,88.0,600.0,778.0,0.0,1.0,0.0,0.0,0.5,0.021,0.5,0.626,0.509,0.036,0.509,0.641,0.0,0.0,-1.77,-5.43,7.17,7.25,0.0,0.0,0.0,0.0,0.0,0.0,-3.14,1.0,1.0,-0.0,-0.0,0.0,0.0,0.0,0.0,0.0,0.0,0.0,0.0,0.0,0.0,145.0,93.0,167.0,159.0,18.0,8.0,20.0,10.0,15.0,6.0,0.0
116.373,52,159435.0,600.0,87.0,600.0,778.0,0.0,1.0,0.0,0.0,0.5,0.021,0.5,0.626,0.509,0.036,0.509,0.641,0.0,0.0,-1.77,-5.43,7.17,7.25,0.0,0.0,0.0,0.0,0.0,0.0,-3.14,1.0,1.0,-0.0,-0.0,0.0,0.0,0.0,0.0,0.0,0.0,0.0,0.0,0.0,0.0,145.0,93.0,167.0,159.0,18.0,8.0,20.0,10.0,15.0,6.0,1.0
116.439,52,159487.0,600.0,87.0,600.0,778.0,0.0,1.0,0.0,0.0,0.5,0.021,0.5,0.626,0.509,0.036,0.509,0.641,0.0,0.0,-1.77,-5.43,7.17,7.25,0.0,0.0,0.0,0.0,0.0,0.0,-3.14,1.0,1.0,-0.0,-0.0,0.0,0.0,0.0,0.0,0.0,0.0,0.0,0.0,0.0,0.0,145.0,93.0,167.0,159.0,18.0,8.0,20.0,10.0,15.0,6.0,0.0
116.507,53,159540.0,600.0,87.0,600.0,781.0,0.0,1.0,0.0,0.0,0.5,0.021,0.5,0.628,0.51,0.036,0.51,0.642,0.0,0.0,-1.77,-5.43,7.17,7.25,0.0,0.0,0.0,0.0,0.0,0.0,-3.14,1.0,1.0,-0.0,-0.0,0.0,-0.0,0.0,0.0,0.0,0.0,0.0,0.0,0.0,0.0,145.0,93.0,167.0,159.0,18.0,8.0,20.0,10.0,15.0,6.0,1.0
116.538,53,159593.0,600.0,87.0,600.0,781.0,0.0,1.0,0.0,0.0,0.5,0.021,0.5,0.628,0.51,0.036,0.51,0.642,0.0,0.0,-1.77,-5.43,7.17,7.25,0.0,0.0,0.0,0.0,0.0,0.0,-3.14,1.0,1.0,-0.0,-0.0,0.0,-0.0,0.0,0.0,0.0,0.0,0.0,0.0,0.0,0.0,145.0,93.0,167.0,159.0,18.0,8.0,20.0,10.0,15.0,6.0,1.0
116.603,52,159645.0,600.0,88.0,600.0,781.0,0.0,1.0,0.0,0.0,0.5,0.021,0.5,0.628,0.51,0.036,0.51,0.642,0.0,0.0,-1.77,-5.42,7.17,7.25,0.0,0.0,0.0,0.0,0.0,0.0,-3.14,1.0,1.0,-0.0,-0.0,0.0,0.0,0.0,0.0,0.0,0.0,0.0,0.0,0.0,0.0,145.0,93.0,167.0,159.0,18.0,8.0,20.0,10.0,15.0,6.0,0.0
116.636,52,159697.0,600.0,88.0,600.0,781.0,0.0,1.0,0.0,0.0,0.5,0.021,0.5,0.628,0.51,0.036,0.51,0.642,0.0,0.0,-1.78,-5.42,7.17,7.25,0.0,0.0,0.0,0.0,0.0,0.0,-3.14,1.0,1.0,-0.0,-0.0,0.0,-0.0,0.0,0.0,0.0,0.0,0.0,0.0,0.0,0.0,145.0,93.0,167.0,159.0,18.0,8.0,20.0,10.0,15.0,6.0,0.0
116.7,52,159749.0,600.0,88.0,600.0,783.0,0.0,1.0,0.0,0.0,0.5,0.021,0.5,0.629,0.51,0.036,0.51,0.643,0.0,0.0,-1.78,-5.42,7.17,7.25,0.0,0.0,0.0,0.0,0.0,0.0,-3.14,1.0,1.0,-0.0,-0.0,0.0,0.0,0.0,0.0,0.0,0.0,0.0,0.0,0.0,0.0,145.0,93.0,167.0,159.0,18.0,8.0,20.0,10.0,15.0,6.0,0.0
116.764,52,159801.0,600.0,88.0,600.0,783.0,0.0,1.0,0.0,0.0,0.5,0.021,0.5,0.629,0.51,0.036,0.51,0.643,0.0,0.0,-1.77,-5.42,7.17,7.25,0.0,0.0,0.0,0.0,0.0,0.0,-3.14,1.0,1.0,-0.0,0.0,0.0,0.0,0.0,0.0,0.0,0.0,0.0,0.0,0.0,0.0,145.0,93.0,167.0,159.0,18.0,8.0,20.0,10.0,15.0,6.0,0.0
116.797,52,159853.0,600.0,88.0,600.0,783.0,0.0,1.0,0.0,0.0,0.5,0.021,0.5,0.629,0.51,0.036,0.51,0.643,0.0,0.0,-1.77,-5.43,7.17,7.25,0.0,0.0,0.0,0.0,0.0,0.0,-3.14,1.0,1.0,-0.0,0.0,0.0,0.0,0.0,0.0,0.0,0.0,0.0,0.0,0.0,0.0,145.0,93.0,167.0,159.0,18.0,8.0,20.0,10.0,15.0,6.0,0.0
116.863,52,159905.0,600.0,88.0,600.0,783.0,0.0,1.0,0.0,0.0,0.5,0.021,0.5,0.629,0.51,0.036,0.51,0.643,0.0,0.0,-1.77,-5.43,7.17,7.25,0.0,0.0,0.0,0.0,0.0,0.0,-3.14,1.0,1.0,-0.0,0.0,0.0,0.0,0.0,0.0,0.0,0.0,0.0,0.0,0.0,0.0,145.0,93.0,167.0,159.0,18.0,8.0,20.0,10.0,15.0,6.0,1.0
116.896,52,159957.0,600.0,88.0,600.0,785.0,0.0,1.0,0.0,0.0,0.5,0.021,0.5,0.63,0.51,0.036,0.51,0.645,0.0,0.0,-1.77,-5.43,7.17,7.25,0.0,0.0,0.0,0.0,0.0,0.0,-3.14,1.0,1.0,-0.0,0.0,0.0,0.0,0.0,0.0,0.0,0.0,0.0,0.0,0.0,0.0,145.0,93.0,167.0,159.0,18.0,8.0,20.0,10.0,15.0,6.0,0.0
116.961,52,160009.0,600.0,88.0,600.0,785.0,0.0,1.0,0.0,0.0,0.5,0.021,0.5,0.63,0.51,0.036,0.51,0.645,0.0,0.0,-1.77,-5.43,7.17,7.25,0.0,0.0,0.0,0.0,0.0,0.0,-3.14,1.0,1.0,-0.0,0.0,0.0,0.0,0.0,0.0,0.0,0.0,0.0,0.0,0.0,0.0,145.0,93.0,167.0,159.0,18.0,8.0,20.0,10.0,15.0,6.0,0.0
117.028,52,160061.0,600.0,87.0,600.0,785.0,0.0,1.0,0.0,0.0,0.5,0.021,0.5,0.63,0.51,0.036,0.51,0.645,0.0,0.0,-1.77,-5.43,7.17,7.25,0.0,0.0,0.0,0.0,0.0,0.0,-3.14,1.0,1.0,-0.0,0.0,0.0,0.0,0.0,0.0,0.0,0.0,0.0,0.0,0.0,0.0,145.0,93.0,167.0,159.0,18.0,8.0,20.0,10.0,15.0,6.0,0.0
117.06,53,160114.0,600.0,87.0,600.0,785.0,0.0,1.0,0.0,0.0,0.5,0.021,0.5,0.63,0.51,0.036,0.51,0.645,0.0,0.0,-1.77,-5.43,7.17,7.25,0.0,0.0,0.0,0.0,0.0,0.0,-3.14,1.0,1.0,-0.0,-0.0,0.0,0.0,0.0,0.0,0.0,0.0,0.0,0.0,0.0,0.0,145.0,93.0,167.0,159.0,18.0,8.0,20.0,10.0,15.0,6.0,0.0
117.126,52,160166.0,600.0,87.0,600.0,783.0,0.0,1.0,0.0,0.0,0.5,0.021,0.5,0.63,0.51,0.035,0.51,0.645,0.0,0.0,-1.77,-5.43,7.17,7.25,0.0,0.0,0.0,0.0,0.0,0.0,-3.14,1.0,1.0,-0.0,0.0,0.0,0.0,0.0,0.0,0.0,0.0,0.0,0.0,0.0,0.0,145.0,93.0,167.0,159.0,18.0,8.0,20.0,10.0,15.0,6.0,1.0
117.159,52,160218.0,600.0,87.0,600.0,783.0,0.0,1.0,0.0,0.0,0.5,0.021,0.5,0.63,0.51,0.035,0.51,0.645,0.0,0.0,-1.76,-5.43,7.17,7.25,0.0,0.0,0.0,0.0,0.0,0.0,-3.14,1.0,1.0,-0.0,0.0,0.0,0.0,0.0,0.0,0.0,0.0,0.0,0.0,0.0,0.0,145.0,93.0,167.0,159.0,18.0,8.0,20.0,10.0,15.0,6.0,0.0
117.225,52,160270.0,600.0,87.0,600.0,783.0,0.0,1.0,0.0,0.0,0.5,0.021,0.5,0.63,0.51,0.035,0.51,0.645,0.0,0.0,-1.76,-5.43,7.17,7.25,0.0,0.0,0.0,0.0,0.0,0.0,-3.14,1.0,1.0,-0.0,0.0,0.0,-0.0,0.0,0.0,0.0,0.0,0.0,0.0,0.0,0.0,145.0,93.0,167.0,159.0,18.0,8.0,20.0,10.0,15.0,6.0,0.0
117.291,52,160322.0,600.0,87.0,600.0,783.0,0.0,1.0,0.0,0.0,0.5,0.021,0.5,0.63,0.51,0.035,0.51,0.645,0.0,0.0,-1.75,-5.43,7.17,7.25,0.0,0.0,0.0,0.0,0.0,0.0,-3.14,1.0,1.0,-0.0,-0.0,0.0,-0.0,0.0,0.0,0.0,0.0,0.0,0.0,0.0,0.0,145.0,93.0,167.0,159.0,18.0,8.0,20.0,10.0,15.0,6.0,0.0
117.324,52,160374.0,600.0,87.0,600.0,781.0,0.0,1.0,0.0,0.0,0.5,0.021,0.5,0.63,0.51,0.035,0.51,0.644,0.0,0.0,-1.75,-5.43,7.17,7.25,0.0,0.0,0.0,0.0,0.0,0.0,-3.14,1.0,1.0,-0.0,0.0,0.0,0.0,0.0,0.0,0.0,0.0,0.0,0.0,0.0,0.0,145.0,93.0,167.0,159.0,18.0,8.0,20.0,10.0,15.0,6.0,0.0
117.389,52,160426.0,600.0,87.0,600.0,781.0,0.0,1.0,0.0,0.0,0.5,0.021,0.5,0.63,0.51,0.035,0.51,0.644,0.0,0.0,-1.75,-5.43,7.17,7.25,0.0,0.0,0.0,0.0,0.0,0.0,-3.14,1.0,1.0,-0.0,-0.0,0.0,-0.0,0.0,0.0,0.0,0.0,0.0,0.0,0.0,0.0,145.0,93.0,167.0,159.0,18.0,8.0,20.0,10.0,15.0,6.0,1.0
117.423,51,160477.0,600.0,88.0,600.0,781.0,0.0,1.0,0.0,0.0,0.5,0.021,0.5,0.63,0.51,0.035,0.51,0.644,0.0,0.0,-1.75,-5.44,7.17,7.25,0.0,0.0,0.0,0.0,0.0,0.0,-3.14,1.0,1.0,-0.0,0.0,0.0,-0.0,0.0,0.0,0.0,0.0,0.0,0.0,0.0,0.0,145.0,93.0,167.0,159.0,18.0,8.0,20.0,10.0,15.0,6.0,0.0
117.489,52,160529.0,600.0,88.0,600.0,781.0,0.0,1.0,0.0,0.0,0.5,0.021,0.5,0.63,0.51,0.035,0.51,0.644,0.0,0.0,-1.75,-5.44,7.17,7.25,0.0,0.0,0.0,0.0,0.0,0.0,-3.14,1.0,1.0,-0.0,0.0,0.0,-0.0,0.0,0.0,0.0,0.0,0.0,0.0,0.0,0.0,145.0,93.0,167.0,159.0,18.0,8.0,20.0,10.0,15.0,6.0,0.0
117.522,54,160583.0,600.0,88.0,600.0,782.0,0.0,1.0,0.0,0.0,0.5,0.021,0.5,0.63,0.51,0.035,0.51,0.644,0.0,0.0,-1.75,-5.44,7.17,7.25,0.0,0.0,0.0,0.0,0.0,0.0,-3.14,1.0,1.0,-0.0,0.0,0.0,0.0,0.0,0.0,0.0,0.0,0.0,0.0,0.0,0.0,145.0,93.0,167.0,159.0,18.0,8.0,20.0,10.0,15.0,6.0,1.0
117.587,53,160636.0,600.0,88.0,600.0,782.0,0.0,1.0,0.0,0.0,0.5,0.021,0.5,0.63,0.51,0.035,0.51,0.644,0.0,0.0,-1.75,-5.44,7.17,7.25,0.0,0.0,0.0,0.0,0.0,0.0,-3.14,1.0,1.0,-0.0,0.0,0.0,0.0,0.0,0.0,0.0,0.0,0.0,0.0,0.0,0.0,145.0,93.0,167.0,159.0,18.0,8.0,20.0,10.0,15.0,6.0,0.0
117.654,52,160688.0,600.0,87.0,600.0,782.0,0.0,1.0,0.0,0.0,0.5,0.021,0.5,0.63,0.51,0.035,0.51,0.644,0.0,0.0,-1.75,-5.44,7.17,7.25,0.0,0.0,0.0,0.0,0.0,0.0,-3.14,1.0,1.0,-0.0,0.0,0.0,-0.0,0.0,0.0,0.0,0.0,0.0,0.0,0.0,0.0,145.0,93.0,167.0,159.0,18.0,8.0,20.0,10.0,15.0,6.0,0.0
117.686,52,160740.0,600.0,87.0,600.0,782.0,0.0,1.0,0.0,0.0,0.5,0.021,0.5,0.63,0.51,0.035,0.51,0.644,0.0,0.0,-1.75,-5.44,7.17,7.25,0.0,0.0,0.0,0.0,0.0,0.0,-3.14,1.0,1.0,-0.0,0.0,0.0,-0.0,0.0,0.0,0.0,0.0,0.0,0.0,0.0,0.0,145.0,93.0,167.0,159.0,18.0,8.0,20.0,10.0,15.0,6.0,0.0
117.752,52,160792.0,600.0,87.0,600.0,779.0,0.0,1.0,0.0,0.0,0.5,0.021,0.5,0.629,0.51,0.035,0.51,0.643,0.0,0.0,-1.75,-5.44,7.17,7.25,0.0,0.0,0.0,0.0,0.0,0.0,-3.14,1.0,1.0,-0.0,-0.0,0.0,-0.0,0.0,0.0,0.0,0.0,0.0,0.0,0.0,0.0,145.0,93.0,167.0,159.0,18.0,8.0,20.0,10.0,15.0,6.0,0.0
117.784,52,160844.0,600.0,87.0,600.0,779.0,0.0,1.0,0.0,0.0,0.5,0.021,0.5,0.629,0.51,0.035,0.51,0.643,0.0,0.0,-1.75,-5.44,7.17,7.25,0.0,0.0,0.0,0.0,0.0,0.0,-3.14,1.0,1.0,-0.0,0.0,0.0,-0.0,0.0,0.0,0.0,0.0,0.0,0.0,0.0,0.0,145.0,93.0,167.0,159.0,18.0,8.0,20.0,10.0,15.0,6.0,0.0
117.851,51,160895.0,600.0,86.0,600.0,779.0,0.0,1.0,0.0,0.0,0.5,0.021,0.5,0.629,0.51,0.035,0.51,0.643,0.0,0.0,-1.75,-5.44,7.17,7.25,0.0,0.0,0.0,0.0,0.0,0.0,-3.14,1.0,1.0,-0.0,0.0,0.0,-0.0,0.0,0.0,0.0,0.0,0.0,0.0,0.0,0.0,145.0,93.0,167.0,159.0,18.0,8.0,20.0,10.0,15.0,6.0,0.0
117.916,53,160948.0,600.0,86.0,600.0,779.0,0.0,1.0,0.0,0.0,0.5,0.021,0.5,0.629,0.51,0.035,0.51,0.643,0.0,0.0,-1.75,-5.44,7.17,7.25,0.0,0.0,0.0,0.0,0.0,0.0,-3.14,1.0,1.0,-0.0,0.0,0.0,-0.0,0.0,0.0,0.0,0.0,0.0,0.0,0.0,0.0,145.0,93.0,167.0,159.0,18.0,8.0,20.0,10.0,15.0,6.0,0.0
117.949,52,161000.0,600.0,86.0,600.0,776.0,0.0,1.0,0.0,0.0,0.5,0.02,0.5,0.627,0.509,0.035,0.509,0.642,0.0,0.0,-1.76,-5.43,7.17,7.25,0.0,0.0,0.0,0.0,0.0,0.0,-3.14,1.0,1.0,-0.0,0.0,0.0,-0.0,0.0,0.0,0.0,0.0,0.0,0.0,0.0,0.0,145.0,93.0,167.0,159.0,18.0,8.0,20.0,10.0,15.0,6.0,0.0
118.021,52,161052.0,600.0,86.0,600.0,776.0,0.0,1.0,0.0,0.0,0.5,0.02,0.5,0.627,0.509,0.035,0.509,0.642,0.0,0.0,-1.76,-5.43,7.17,7.25,0.0,0.0,0.0,0.0,0.0,0.0,-3.14,1.0,1.0,-0.0,0.0,0.0,-0.0,0.0,0.0,0.0,0.0,0.0,0.0,0.0,0.0,145.0,93.0,167.0,159.0,18.0,8.0,20.0,10.0,15.0,6.0,0.0
118.053,53,161105.0,600.0,87.0,600.0,776.0,0.0,1.0,0.0,0.0,0.5,0.02,0.5,0.627,0.509,0.035,0.509,0.642,0.0,0.0,-1.76,-5.43,7.17,7.25,0.0,0.0,0.0,0.0,0.0,0.0,-3.14,1.0,1.0,-0.0,0.0,0.0,-0.0,0.0,0.0,0.0,0.0,0.0,0.0,0.0,0.0,145.0,93.0,167.0,159.0,18.0,8.0,20.0,10.0,15.0,6.0,0.0
118.119,53,161158.0,600.0,87.0,600.0,776.0,0.0,1.0,0.0,0.0,0.5,0.02,0.5,0.627,0.509,0.035,0.509,0.642,0.0,0.0,-1.77,-5.43,7.17,7.25,0.0,0.0,0.0,0.0,0.0,0.0,-3.14,1.0,1.0,-0.0,-0.0,0.0,-0.0,0.0,0.0,0.0,0.0,0.0,0.0,0.0,0.0,145.0,93.0,167.0,159.0,18.0,8.0,20.0,10.0,15.0,6.0,1.0
118.151,52,161210.0,600.0,87.0,600.0,779.0,0.0,1.0,0.0,0.0,0.5,0.02,0.5,0.627,0.509,0.035,0.509,0.642,0.0,0.0,-1.77,-5.43,7.17,7.25,0.0,0.0,0.0,0.0,0.0,0.0,-3.14,1.0,1.0,-0.0,0.0,0.0,-0.0,0.0,0.0,0.0,0.0,0.0,0.0,0.0,0.0,145.0,93.0,167.0,159.0,18.0,8.0,20.0,10.0,15.0,6.0,0.0
118.225,52,161262.0,600.0,87.0,600.0,779.0,0.0,1.0,0.0,0.0,0.5,0.02,0.5,0.627,0.509,0.035,0.509,0.642,0.0,0.0,-1.77,-5.43,7.17,7.25,0.0,0.0,0.0,0.0,0.0,0.0,-3.14,1.0,1.0,-0.0,0.0,0.0,0.0,0.0,0.0,0.0,0.0,0.0,0.0,0.0,0.0,145.0,93.0,167.0,159.0,18.0,8.0,20.0,10.0,15.0,6.0,0.0
118.257,51,161313.0,600.0,87.0,600.0,779.0,0.0,1.0,0.0,0.0,0.5,0.02,0.5,0.627,0.509,0.035,0.509,0.642,0.0,0.0,-1.77,-5.43,7.17,7.25,0.0,0.0,0.0,0.0,0.0,0.0,-3.14,1.0,1.0,-0.0,-0.0,0.0,-0.0,0.0,0.0,0.0,0.0,0.0,0.0,0.0,0.0,145.0,93.0,167.0,159.0,18.0,8.0,20.0,10.0,15.0,6.0,0.0
118.323,53,161366.0,600.0,87.0,600.0,779.0,0.0,1.0,0.0,0.0,0.5,0.02,0.5,0.627,0.509,0.035,0.509,0.642,0.0,0.0,-1.77,-5.43,7.17,7.25,0.0,0.0,0.0,0.0,0.0,0.0,-3.14,1.0,1.0,-0.0,0.0,0.0,-0.0,0.0,0.0,0.0,0.0,0.0,0.0,0.0,0.0,145.0,93.0,167.0,159.0,18.0,8.0,20.0,10.0,15.0,6.0,1.0
118.39,52,161418.0,600.0,87.0,600.0,777.0,0.0,1.0,0.0,0.0,0.5,0.02,0.5,0.627,0.509,0.035,0.509,0.642,0.0,0.0,-1.77,-5.43,7.17,7.25,0.0,0.0,0.0,0.0,0.0,0.0,-3.14,1.0,1.0,-0.0,0.0,0.0,-0.0,0.0,0.0,0.0,0.0,0.0,0.0,0.0,0.0,145.0,93.0,167.0,159.0,18.0,8.0,20.0,10.0,15.0,6.0,0.0
118.427,52,161470.0,600.0,87.0,600.0,777.0,0.0,1.0,0.0,0.0,0.5,0.02,0.5,0.627,0.509,0.035,0.509,0.642,0.0,0.0,-1.77,-5.43,7.17,7.25,0.0,0.0,0.0,0.0,0.0,0.0,-3.14,1.0,1.0,-0.0,0.0,0.0,-0.0,0.0,0.0,0.0,0.0,0.0,0.0,0.0,0.0,145.0,93.0,167.0,159.0,18.0,8.0,20.0,10.0,15.0,6.0,0.0
118.491,53,161523.0,600.0,86.0,600.0,777.0,0.0,1.0,0.0,0.0,0.5,0.02,0.5,0.627,0.509,0.035,0.509,0.642,0.0,0.0,-1.77,-5.43,7.17,7.25,0.0,0.0,0.0,0.0,0.0,0.0,-3.14,1.0,1.0,-0.0,0.0,0.0,-0.0,0.0,0.0,0.0,0.0,0.0,0.0,0.0,0.0,145.0,93.0,167.0,159.0,18.0,8.0,20.0,10.0,15.0,6.0,0.0
118.524,52,161575.0,600.0,86.0,600.0,777.0,0.0,1.0,0.0,0.0,0.5,0.02,0.5,0.627,0.509,0.035,0.509,0.642,0.0,0.0,-1.77,-5.43,7.17,7.25,0.0,0.0,0.0,0.0,0.0,0.0,-3.14,1.0,1.0,-0.0,-0.0,0.0,-0.0,0.0,0.0,0.0,0.0,0.0,0.0,0.0,0.0,145.0,93.0,167.0,159.0,18.0,8.0,20.0,10.0,15.0,6.0,0.0
118.59,52,161627.0,600.0,86.0,600.0,778.0,0.0,1.0,0.0,0.0,0.5,0.02,0.5,0.627,0.509,0.035,0.509,0.642,0.0,0.0,-1.77,-5.43,7.17,7.25,0.0,0.0,0.0,0.0,0.0,0.0,-3.14,1.0,1.0,-0.0,-0.0,0.0,-0.0,0.0,0.0,0.0,0.0,0.0,0.0,0.0,0.0,145.0,93.0,167.0,159.0,18.0,8.0,20.0,10.0,15.0,6.0,0.0
118.626,52,161679.0,600.0,86.0,600.0,778.0,0.0,1.0,0.0,0.0,0.5,0.02,0.5,0.627,0.509,0.035,0.509,0.642,0.0,0.0,-1.77,-5.43,7.17,7.25,0.0,0.0,0.0,0.0,0.0,0.0,-3.14,1.0,1.0,-0.0,0.0,0.0,0.0,0.0,0.0,0.0,0.0,0.0,0.0,0.0,0.0,145.0,93.0,167.0,159.0,18.0,8.0,20.0,10.0,15.0,6.0,0.0
118.692,52,161731.0,600.0,87.0,600.0,778.0,0.0,1.0,0.0,0.0,0.5,0.02,0.5,0.627,0.509,0.035,0.509,0.642,0.0,0.0,-1.76,-5.43,7.17,7.25,0.0,0.0,0.0,0.0,0.0,0.0,-3.14,1.0,1.0,-0.0,0.0,0.0,0.0,0.0,0.0,0.0,0.0,0.0,0.0,0.0,0.0,145.0,93.0,167.0,159.0,18.0,8.0,20.0,10.0,15.0,6.0,0.0
118.725,53,161784.0,600.0,87.0,600.0,778.0,0.0,1.0,0.0,0.0,0.5,0.02,0.5,0.627,0.509,0.035,0.509,0.642,0.0,0.0,-1.76,-5.43,7.17,7.25,0.0,0.0,0.0,0.0,0.0,0.0,-3.14,1.0,1.0,-0.0,-0.0,0.0,-0.0,0.0,0.0,0.0,0.0,0.0,0.0,0.0,0.0,145.0,93.0,167.0,159.0,18.0,8.0,20.0,10.0,15.0,6.0,1.0
118.791,52,161836.0,600.0,87.0,600.0,781.0,0.0,1.0,0.0,0.0,0.5,0.02,0.5,0.628,0.51,0.035,0.51,0.643,0.0,0.0,-1.76,-5.43,7.17,7.25,0.0,0.0,0.0,0.0,0.0,0.0,-3.14,1.0,1.0,-0.0,-0.0,0.0,0.0,0.0,0.0,0.0,0.0,0.0,0.0,0.0,0.0,145.0,93.0,167.0,159.0,18.0,8.0,20.0,10.0,15.0,6.0,0.0
118.855,52,161888.0,600.0,87.0,600.0,781.0,0.0,1.0,0.0,0.0,0.5,0.02,0.5,0.628,0.51,0.035,0.51,0.643,0.0,0.0,-1.76,-5.43,7.17,7.25,0.0,0.0,0.0,0.0,0.0,0.0,-3.14,1.0,1.0,-0.0,0.0,0.0,-0.0,0.0,0.0,0.0,0.0,0.0,0.0,0.0,0.0,145.0,93.0,167.0,159.0,18.0,8.0,20.0,10.0,15.0,6.0,0.0
118.887,51,161939.0,600.0,87.0,600.0,781.0,0.0,1.0,0.0,0.0,0.5,0.02,0.5,0.628,0.51,0.035,0.51,0.643,0.0,0.0,-1.76,-5.44,7.17,7.25,0.0,0.0,0.0,0.0,0.0,0.0,-3.14,1.0,1.0,-0.0,0.0,0.0,-0.0,0.0,0.0,0.0,0.0,0.0,0.0,0.0,0.0,145.0,93.0,167.0,159.0,18.0,8.0,20.0,10.0,15.0,6.0,0.0
118.95,54,161993.0,600.0,87.0,600.0,781.0,0.0,1.0,0.0,0.0,0.5,0.02,0.5,0.628,0.51,0.035,0.51,0.643,0.0,0.0,-1.76,-5.44,7.17,7.25,0.0,0.0,0.0,0.0,0.0,0.0,-3.14,1.0,1.0,-0.0,-0.0,0.0,-0.0,0.0,0.0,0.0,0.0,0.0,0.0,0.0,0.0,145.0,93.0,167.0,159.0,18.0,8.0,20.0,10.0,15.0,6.0,0.0
118.983,52,162045.0,600.0,87.0,600.0,782.0,0.0,1.0,0.0,0.0,0.5,0.021,0.5,0.629,0.51,0.035,0.51,0.643,0.0,0.0,-1.76,-5.44,7.17,7.25,0.0,0.0,0.0,0.0,0.0,0.0,-3.14,1.0,1.0,-0.0,-0.0,0.0,-0.0,0.0,0.0,0.0,0.0,0.0,0.0,0.0,0.0,145.0,93.0,167.0,159.0,18.0,8.0,20.0,10.0,15.0,6.0,0.0
119.049,52,162097.0,600.0,87.0,600.0,782.0,0.0,1.0,0.0,0.0,0.5,0.021,0.5,0.629,0.51,0.035,0.51,0.643,0.0,0.0,-1.76,-5.44,7.17,7.25,0.0,0.0,0.0,0.0,0.0,0.0,-3.14,1.0,1.0,-0.0,-0.0,0.0,-0.0,0.0,0.0,0.0,0.0,0.0,0.0,0.0,0.0,145.0,93.0,167.0,159.0,18.0,8.0,20.0,10.0,15.0,6.0,0.0
119.114,52,162149.0,600.0,88.0,600.0,782.0,0.0,1.0,0.0,0.0,0.5,0.021,0.5,0.629,0.51,0.035,0.51,0.643,0.0,0.0,-1.75,-5.44,7.17,7.25,0.0,0.0,0.0,0.0,0.0,0.0,-3.14,1.0,1.0,-0.0,-0.0,0.0,-0.0,0.0,0.0,0.0,0.0,0.0,0.0,0.0,0.0,145.0,93.0,167.0,159.0,18.0,8.0,20.0,10.0,15.0,6.0,0.0
119.147,52,162201.0,600.0,88.0,600.0,782.0,0.0,1.0,0.0,0.0,0.5,0.021,0.5,0.629,0.51,0.035,0.51,0.643,0.0,0.0,-1.75,-5.44,7.17,7.25,0.0,0.0,0.0,0.0,0.0,0.0,-3.14,1.0,1.0,-0.0,0.0,0.0,0.0,0.0,0.0,0.0,0.0,0.0,0.0,0.0,0.0,145.0,93.0,167.0,159.0,18.0,8.0,20.0,10.0,15.0,6.0,0.0
119.217,52,162253.0,600.0,88.0,600.0,781.0,0.0,1.0,0.0,0.0,0.5,0.021,0.5,0.629,0.51,0.035,0.51,0.644,0.0,0.0,-1.75,-5.44,7.17,7.25,0.0,0.0,0.0,0.0,0.0,0.0,-3.14,1.0,1.0,-0.0,0.0,0.0,0.0,0.0,0.0,0.0,0.0,0.0,0.0,0.0,0.0,145.0,93.0,167.0,159.0,18.0,8.0,20.0,10.0,15.0,6.0,0.0
119.249,52,162305.0,600.0,88.0,600.0,781.0,0.0,1.0,0.0,0.0,0.5,0.021,0.5,0.629,0.51,0.035,0.51,0.644,0.0,0.0,-1.75,-5.44,7.17,7.25,0.0,0.0,0.0,0.0,0.0,0.0,-3.14,1.0,1.0,-0.0,0.0,0.0,-0.0,0.0,0.0,0.0,0.0,0.0,0.0,0.0,0.0,145.0,93.0,167.0,159.0,18.0,8.0,20.0,10.0,15.0,6.0,0.0
119.315,52,162357.0,600.0,88.0,600.0,781.0,0.0,1.0,0.0,0.0,0.5,0.021,0.5,0.629,0.51,0.035,0.51,0.644,0.0,0.0,-1.76,-5.44,7.17,7.25,0.0,0.0,0.0,0.0,0.0,0.0,-3.14,1.0,1.0,-0.0,-0.0,0.0,-0.0,0.0,0.0,0.0,0.0,0.0,0.0,0.0,0.0,145.0,93.0,167.0,159.0,18.0,8.0,20.0,10.0,15.0,6.0,1.0
119.349,52,162409.0,600.0,88.0,600.0,781.0,0.0,1.0,0.0,0.0,0.5,0.021,0.5,0.629,0.51,0.035,0.51,0.644,0.0,0.0,-1.76,-5.44,7.17,7.25,0.0,0.0,0.0,0.0,0.0,0.0,-3.14,1.0,1.0,-0.0,-0.0,0.0,-0.0,0.0,0.0,0.0,0.0,0.0,0.0,0.0,0.0,145.0,93.0,167.0,159.0,18.0,8.0,20.0,10.0,15.0,6.0,0.0
119.416,52,162461.0,600.0,88.0,600.0,784.0,0.0,1.0,0.0,0.0,0.5,0.021,0.5,0.63,0.51,0.036,0.51,0.645,0.0,0.0,-1.75,-5.44,7.17,7.25,0.0,0.0,0.0,0.0,0.0,0.0,-3.14,1.0,1.0,-0.0,0.0,0.0,-0.0,0.0,0.0,0.0,0.0,0.0,0.0,0.0,0.0,145.0,93.0,167.0,159.0,18.0,8.0,20.0,10.0,15.0,6.0,0.0
119.482,52,162513.0,600.0,88.0,600.0,784.0,0.0,1.0,0.0,0.0,0.5,0.021,0.5,0.63,0.51,0.036,0.51,0.645,0.0,0.0,-1.75,-5.44,7.17,7.25,0.0,0.0,0.0,0.0,0.0,0.0,-3.14,1.0,1.0,-0.0,-0.0,0.0,-0.0,0.0,0.0,0.0,0.0,0.0,0.0,0.0,0.0,145.0,93.0,167.0,159.0,18.0,8.0,20.0,10.0,15.0,6.0,0.0
119.513,51,162564.0,600.0,89.0,600.0,784.0,0.0,1.0,0.0,0.0,0.5,0.021,0.5,0.63,0.51,0.036,0.51,0.645,0.0,0.0,-1.75,-5.44,7.17,7.25,0.0,0.0,0.0,0.0,0.0,0.0,-3.14,1.0,1.0,-0.0,-0.0,0.0,-0.0,0.0,0.0,0.0,0.0,0.0,0.0,0.0,0.0,145.0,93.0,167.0,159.0,18.0,8.0,20.0,10.0,15.0,6.0,0.0
119.577,53,162617.0,600.0,89.0,600.0,784.0,0.0,1.0,0.0,0.0,0.5,0.021,0.5,0.63,0.51,0.036,0.51,0.645,0.0,0.0,-1.75,-5.44,7.17,7.25,0.0,0.0,0.0,0.0,0.0,0.0,-3.14,1.0,1.0,-0.0,-0.0,0.0,-0.0,0.0,0.0,0.0,0.0,0.0,0.0,0.0,0.0,145.0,93.0,167.0,159.0,18.0,8.0,20.0,10.0,15.0,6.0,0.0
119.612,52,162669.0,600.0,89.0,600.0,786.0,0.0,1.0,0.0,0.0,0.5,0.021,0.5,0.631,0.51,0.036,0.51,0.646,0.0,0.0,-1.75,-5.44,7.17,7.25,0.0,0.0,0.0,0.0,0.0,0.0,-3.14,1.0,1.0,-0.0,-0.0,0.0,-0.0,0.0,0.0,0.0,0.0,0.0,0.0,0.0,0.0,145.0,93.0,167.0,159.0,18.0,8.0,20.0,10.0,15.0,6.0,0.0
119.678,52,162721.0,600.0,89.0,600.0,786.0,0.0,1.0,0.0,0.0,0.5,0.021,0.5,0.631,0.51,0.036,0.51,0.646,0.0,0.0,-1.75,-5.44,7.17,7.25,0.0,0.0,0.0,0.0,0.0,0.0,-3.14,1.0,1.0,-0.0,0.0,0.0,-0.0,0.0,0.0,0.0,0.0,0.0,0.0,0.0,0.0,145.0,93.0,167.0,159.0,18.0,8.0,20.0,10.0,15.0,6.0,0.0
119.712,52,162773.0,600.0,89.0,600.0,786.0,0.0,1.0,0.0,0.0,0.5,0.021,0.5,0.631,0.51,0.036,0.51,0.646,0.0,0.0,-1.75,-5.44,7.17,7.25,0.0,0.0,0.0,0.0,0.0,0.0,-3.14,1.0,1.0,-0.0,0.0,0.0,-0.0,0.0,0.0,0.0,0.0,0.0,0.0,0.0,0.0,145.0,93.0,167.0,159.0,18.0,8.0,20.0,10.0,15.0,6.0,0.0
119.777,53,162826.0,600.0,89.0,600.0,786.0,0.0,1.0,0.0,0.0,0.5,0.021,0.5,0.631,0.51,0.036,0.51,0.646,0.0,0.0,-1.75,-5.44,7.17,7.25,0.0,0.0,0.0,0.0,0.0,0.0,-3.14,1.0,1.0,-0.0,-0.0,0.0,-0.0,0.0,0.0,0.0,0.0,0.0,0.0,0.0,0.0,145.0,93.0,167.0,159.0,18.0,8.0,20.0,10.0,15.0,6.0,0.0
119.854,52,162878.0,600.0,89.0,600.0,786.0,0.0,1.0,0.0,0.0,0.5,0.021,0.5,0.632,0.51,0.036,0.51,0.646,0.0,0.0,-1.74,-5.45,7.17,7.25,0.0,0.0,0.0,0.0,0.0,0.0,-3.14,1.0,1.0,-0.0,-0.0,0.0,-0.0,0.0,0.0,0.0,0.0,0.0,0.0,0.0,0.0,145.0,93.0,167.0,159.0,18.0,8.0,20.0,10.0,15.0,6.0,1.0
119.887,52,162930.0,600.0,89.0,600.0,786.0,0.0,1.0,0.0,0.0,0.5,0.021,0.5,0.632,0.51,0.036,0.51,0.646,0.0,0.0,-1.74,-5.45,7.17,7.25,0.0,0.0,0.0,0.0,0.0,0.0,-3.14,1.0,1.0,-0.0,0.0,0.0,-0.0,0.0,0.0,0.0,0.0,0.0,0.0,0.0,0.0,145.0,93.0,167.0,159.0,18.0,8.0,20.0,10.0,15.0,6.0,0.0
119.95,52,162982.0,600.0,88.0,600.0,786.0,0.0,1.0,0.0,0.0,0.5,0.021,0.5,0.632,0.51,0.036,0.51,0.646,0.0,0.0,-1.74,-5.45,7.17,7.25,0.0,0.0,0.0,0.0,0.0,0.0,-3.14,1.0,1.0,-0.0,0.0,0.0,-0.0,0.0,0.0,0.0,0.0,0.0,0.0,0.0,0.0,145.0,93.0,167.0,159.0,18.0,8.0,20.0,10.0,15.0,6.0,0.0
119.982,52,163034.0,600.0,88.0,600.0,786.0,0.0,1.0,0.0,0.0,0.5,0.021,0.5,0.632,0.51,0.036,0.51,0.646,0.0,0.0,-1.74,-5.45,7.17,7.25,0.0,0.0,0.0,0.0,0.0,0.0,-3.14,1.0,1.0,-0.0,-0.0,0.0,-0.0,0.0,0.0,0.0,0.0,0.0,0.0,0.0,0.0,145.0,93.0,167.0,159.0,18.0,8.0,20.0,10.0,15.0,6.0,0.0
120.049,52,163086.0,600.0,88.0,600.0,785.0,0.0,1.0,0.0,0.0,0.5,0.021,0.5,0.631,0.51,0.036,0.51,0.646,0.0,0.0,-1.74,-5.45,7.17,7.25,0.0,0.0,0.0,0.0,0.0,0.0,-3.14,1.0,1.0,-0.0,-0.0,0.0,-0.0,0.0,0.0,0.0,0.0,0.0,0.0,0.0,0.0,145.0,93.0,167.0,159.0,18.0,8.0,20.0,10.0,15.0,6.0,0.0
120.082,52,163138.0,600.0,88.0,600.0,785.0,0.0,1.0,0.0,0.0,0.5,0.021,0.5,0.631,0.51,0.036,0.51,0.646,0.0,0.0,-1.74,-5.45,7.17,7.25,0.0,0.0,0.0,0.0,0.0,0.0,-3.14,1.0,1.0,-0.0,-0.0,0.0,-0.0,0.0,0.0,0.0,0.0,0.0,0.0,0.0,0.0,145.0,93.0,167.0,159.0,18.0,8.0,20.0,10.0,15.0,6.0,0.0
120.148,52,163190.0,600.0,88.0,600.0,785.0,0.0,1.0,0.0,0.0,0.5,0.021,0.5,0.631,0.51,0.036,0.51,0.646,0.0,0.0,-1.74,-5.45,7.17,7.25,0.0,0.0,0.0,0.0,0.0,0.0,-3.14,1.0,1.0,-0.0,-0.0,0.0,-0.0,0.0,0.0,0.0,0.0,0.0,0.0,0.0,0.0,145.0,93.0,167.0,159.0,18.0,8.0,20.0,10.0,15.0,6.0,0.0
120.181,53,163243.0,600.0,88.0,600.0,785.0,0.0,1.0,0.0,0.0,0.5,0.021,0.5,0.631,0.51,0.036,0.51,0.646,0.0,0.0,-1.75,-5.45,7.17,7.25,0.0,0.0,0.0,0.0,0.0,0.0,-3.14,1.0,1.0,-0.0,0.0,0.0,-0.0,0.0,0.0,0.0,0.0,0.0,0.0,0.0,0.0,145.0,93.0,167.0,159.0,18.0,8.0,20.0,10.0,15.0,6.0,0.0
120.256,52,163295.0,600.0,88.0,600.0,784.0,0.0,1.0,0.0,0.0,0.5,0.021,0.5,0.631,0.51,0.036,0.51,0.646,0.0,0.0,-1.75,-5.45,7.17,7.25,0.0,0.0,0.0,0.0,0.0,0.0,-3.14,1.0,1.0,-0.0,0.0,0.0,-0.0,0.0,0.0,0.0,0.0,0.0,0.0,0.0,0.0,145.0,93.0,167.0,159.0,18.0,8.0,20.0,10.0,15.0,6.0,0.0
120.289,52,163347.0,600.0,88.0,600.0,784.0,0.0,1.0,0.0,0.0,0.5,0.021,0.5,0.631,0.51,0.036,0.51,0.646,0.0,0.0,-1.75,-5.44,7.17,7.25,0.0,0.0,0.0,0.0,0.0,0.0,-3.14,1.0,1.0,-0.0,0.0,0.0,-0.0,0.0,0.0,0.0,0.0,0.0,0.0,0.0,0.0,145.0,93.0,167.0,159.0,18.0,8.0,20.0,10.0,15.0,6.0,0.0
120.352,51,163398.0,600.0,88.0,600.0,784.0,0.0,1.0,0.0,0.0,0.5,0.021,0.5,0.631,0.51,0.036,0.51,0.646,0.0,0.0,-1.75,-5.44,7.17,7.25,0.0,0.0,0.0,0.0,0.0,0.0,-3.14,1.0,1.0,-0.0,0.0,0.0,-0.0,0.0,0.0,0.0,0.0,0.0,0.0,0.0,0.0,145.0,93.0,167.0,159.0,18.0,8.0,20.0,10.0,15.0,6.0,0.0
120.424,53,163451.0,600.0,88.0,600.0,784.0,0.0,1.0,0.0,0.0,0.5,0.021,0.5,0.631,0.51,0.036,0.51,0.646,0.0,0.0,-1.75,-5.44,7.17,7.25,0.0,0.0,0.0,0.0,0.0,0.0,-3.14,1.0,1.0,-0.0,0.0,0.0,-0.0,0.0,0.0,0.0,0.0,0.0,0.0,0.0,0.0,145.0,93.0,167.0,159.0,18.0,8.0,20.0,10.0,15.0,6.0,0.0
120.457,52,163503.0,600.0,88.0,600.0,783.0,0.0,1.0,0.0,0.0,0.5,0.021,0.5,0.63,0.51,0.036,0.51,0.645,0.0,0.0,-1.75,-5.44,7.17,7.25,0.0,0.0,0.0,0.0,0.0,0.0,-3.14,1.0,1.0,-0.0,0.0,0.0,-0.0,0.0,0.0,0.0,0.0,0.0,0.0,0.0,0.0,145.0,93.0,167.0,159.0,18.0,8.0,20.0,10.0,15.0,6.0,0.0
120.521,52,163555.0,600.0,88.0,600.0,783.0,0.0,1.0,0.0,0.0,0.5,0.021,0.5,0.63,0.51,0.036,0.51,0.645,0.0,0.0,-1.75,-5.44,7.17,7.25,0.0,0.0,0.0,0.0,0.0,0.0,-3.14,1.0,1.0,-0.0,-0.0,0.0,-0.0,0.0,0.0,0.0,0.0,0.0,0.0,0.0,0.0,145.0,93.0,167.0,159.0,18.0,8.0,20.0,10.0,15.0,6.0,0.0
120.552,52,163607.0,600.0,89.0,600.0,783.0,0.0,1.0,0.0,0.0,0.5,0.021,0.5,0.63,0.51,0.036,0.51,0.645,0.0,0.0,-1.75,-5.44,7.17,7.25,0.0,0.0,0.0,0.0,0.0,0.0,-3.14,1.0,1.0,-0.0,-0.0,0.0,-0.0,0.0,0.0,0.0,0.0,0.0,0.0,0.0,0.0,145.0,93.0,167.0,159.0,18.0,8.0,20.0,10.0,15.0,6.0,0.0
120.618,53,163660.0,600.0,89.0,600.0,783.0,0.0,1.0,0.0,0.0,0.5,0.021,0.5,0.63,0.51,0.036,0.51,0.645,0.0,0.0,-1.75,-5.44,7.17,7.25,0.0,0.0,0.0,0.0,0.0,0.0,-3.14,1.0,1.0,-0.0,0.0,0.0,-0.0,0.0,0.0,0.0,0.0,0.0,0.0,0.0,0.0,145.0,93.0,167.0,159.0,18.0,8.0,20.0,10.0,15.0,6.0,0.0
120.651,52,163712.0,600.0,89.0,600.0,780.0,0.0,1.0,0.0,0.0,0.5,0.021,0.5,0.629,0.51,0.036,0.51,0.644,0.0,0.0,-1.75,-5.44,7.17,7.25,0.0,0.0,0.0,0.0,0.0,0.0,-3.14,1.0,1.0,-0.0,0.0,0.0,-0.0,0.0,0.0,0.0,0.0,0.0,0.0,0.0,0.0,145.0,93.0,167.0,159.0,18.0,8.0,20.0,10.0,15.0,6.0,0.0
120.716,52,163764.0,600.0,89.0,600.0,780.0,0.0,1.0,0.0,0.0,0.5,0.021,0.5,0.629,0.51,0.036,0.51,0.644,0.0,0.0,-1.75,-5.44,7.17,7.25,0.0,0.0,0.0,0.0,0.0,0.0,-3.14,1.0,1.0,-0.0,0.0,0.0,-0.0,0.0,0.0,0.0,0.0,0.0,0.0,0.0,0.0,145.0,93.0,167.0,159.0,18.0,8.0,20.0,10.0,15.0,6.0,0.0
120.779,52,163816.0,600.0,88.0,600.0,780.0,0.0,1.0,0.0,0.0,0.5,0.021,0.5,0.629,0.51,0.036,0.51,0.644,0.0,0.0,-1.75,-5.44,7.17,7.25,0.0,0.0,0.0,0.0,0.0,0.0,-3.14,1.0,1.0,-0.0,0.0,0.0,-0.0,0.0,0.0,0.0,0.0,0.0,0.0,0.0,0.0,145.0,93.0,167.0,159.0,18.0,8.0,20.0,10.0,15.0,6.0,0.0
120.812,52,163868.0,600.0,88.0,600.0,780.0,0.0,1.0,0.0,0.0,0.5,0.021,0.5,0.629,0.51,0.036,0.51,0.644,0.0,0.0,-1.75,-5.44,7.17,7.25,0.0,0.0,0.0,0.0,0.0,0.0,-3.14,1.0,1.0,-0.0,-0.0,0.0,-0.0,0.0,0.0,0.0,0.0,0.0,0.0,0.0,0.0,145.0,93.0,167.0,159.0,18.0,8.0,20.0,10.0,15.0,6.0,0.0
120.877,52,163920.0,600.0,88.0,600.0,779.0,0.0,1.0,0.0,0.0,0.5,0.021,0.5,0.629,0.51,0.036,0.51,0.643,0.0,0.0,-1.75,-5.44,7.17,7.25,0.0,0.0,0.0,0.0,0.0,0.0,-3.14,1.0,1.0,-0.0,-0.0,0.0,-0.0,0.0,0.0,0.0,0.0,0.0,0.0,0.0,0.0,145.0,93.0,167.0,159.0,18.0,8.0,20.0,10.0,15.0,6.0,1.0
120.91,52,163972.0,600.0,88.0,600.0,779.0,0.0,1.0,0.0,0.0,0.5,0.021,0.5,0.629,0.51,0.036,0.51,0.643,0.0,0.0,-1.75,-5.44,7.17,7.25,0.0,0.0,0.0,0.0,0.0,0.0,-3.14,1.0,1.0,-0.0,0.0,0.0,-0.0,0.0,0.0,0.0,0.0,0.0,0.0,0.0,0.0,145.0,93.0,167.0,159.0,18.0,8.0,20.0,10.0,15.0,6.0,0.0
120.975,51,164023.0,600.0,89.0,600.0,779.0,0.0,1.0,0.0,0.0,0.5,0.021,0.5,0.629,0.51,0.036,0.51,0.643,0.0,0.0,-1.75,-5.44,7.17,7.25,0.0,0.0,0.0,0.0,0.0,0.0,-3.14,1.0,1.0,-0.0,-0.0,0.0,-0.0,0.0,0.0,0.0,0.0,0.0,0.0,0.0,0.0,145.0,93.0,167.0,159.0,18.0,8.0,20.0,10.0,15.0,6.0,0.0
121.051,53,164076.0,600.0,89.0,600.0,779.0,0.0,1.0,0.0,0.0,0.5,0.021,0.5,0.629,0.51,0.036,0.51,0.643,0.0,0.0,-1.75,-5.44,7.17,7.25,0.0,0.0,0.0,0.0,0.0,0.0,-3.14,1.0,1.0,-0.0,0.0,0.0,-0.0,0.0,0.0,0.0,0.0,0.0,0.0,0.0,0.0,145.0,93.0,167.0,159.0,18.0,8.0,20.0,10.0,15.0,6.0,0.0
121.083,52,164128.0,600.0,89.0,600.0,781.0,0.0,1.0,0.0,0.0,0.5,0.021,0.5,0.629,0.51,0.036,0.51,0.643,0.0,0.0,-1.75,-5.44,7.17,7.25,0.0,0.0,0.0,0.0,0.0,0.0,-3.14,1.0,1.0,-0.0,0.0,0.0,-0.0,0.0,0.0,0.0,0.0,0.0,0.0,0.0,0.0,145.0,93.0,167.0,159.0,18.0,8.0,20.0,10.0,15.0,6.0,0.0
121.149,52,164180.0,600.0,89.0,600.0,781.0,0.0,1.0,0.0,0.0,0.5,0.021,0.5,0.629,0.51,0.036,0.51,0.643,0.0,0.0,-1.75,-5.43,7.17,7.25,0.0,0.0,0.0,0.0,0.0,0.0,-3.14,1.0,1.0,-0.0,-0.0,0.0,-0.0,0.0,0.0,0.0,0.0,0.0,0.0,0.0,0.0,145.0,93.0,167.0,159.0,18.0,8.0,20.0,10.0,15.0,6.0,0.0
121.181,52,164232.0,600.0,89.0,600.0,781.0,0.0,1.0,0.0,0.0,0.5,0.021,0.5,0.629,0.51,0.036,0.51,0.643,0.0,0.0,-1.75,-5.43,7.17,7.25,0.0,0.0,0.0,0.0,0.0,0.0,-3.14,1.0,1.0,-0.0,-0.0,0.0,-0.0,0.0,0.0,0.0,0.0,0.0,0.0,0.0,0.0,145.0,93.0,167.0,159.0,18.0,8.0,20.0,10.0,15.0,6.0,0.0
121.255,53,164285.0,600.0,89.0,600.0,781.0,0.0,1.0,0.0,0.0,0.5,0.021,0.5,0.629,0.51,0.036,0.51,0.643,0.0,0.0,-1.76,-5.43,7.17,7.25,0.0,0.0,0.0,0.0,0.0,0.0,-3.14,1.0,1.0,-0.0,-0.0,0.0,-0.0,0.0,0.0,0.0,0.0,0.0,0.0,0.0,0.0,145.0,93.0,167.0,159.0,18.0,8.0,20.0,10.0,15.0,6.0,0.0
121.288,52,164337.0,600.0,89.0,600.0,784.0,0.0,1.0,0.0,0.0,0.5,0.021,0.5,0.63,0.51,0.036,0.51,0.644,0.0,0.0,-1.76,-5.43,7.17,7.25,0.0,0.0,0.0,0.0,0.0,0.0,-3.14,1.0,1.0,-0.0,0.0,0.0,-0.0,0.0,0.0,0.0,0.0,0.0,0.0,0.0,0.0,145.0,93.0,167.0,159.0,18.0,8.0,20.0,10.0,15.0,6.0,0.0
121.354,52,164389.0,600.0,89.0,600.0,784.0,0.0,1.0,0.0,0.0,0.5,0.021,0.5,0.63,0.51,0.036,0.51,0.644,0.0,0.0,-1.76,-5.43,7.17,7.25,0.0,0.0,0.0,0.0,0.0,0.0,-3.14,1.0,1.0,-0.0,0.0,0.0,-0.0,0.0,0.0,0.0,0.0,0.0,0.0,0.0,0.0,145.0,93.0,167.0,159.0,18.0,8.0,20.0,10.0,15.0,6.0,1.0
121.387,51,164440.0,600.0,88.0,600.0,784.0,0.0,1.0,0.0,0.0,0.5,0.021,0.5,0.63,0.51,0.036,0.51,0.644,0.0,0.0,-1.77,-5.43,7.17,7.25,0.0,0.0,0.0,0.0,0.0,0.0,-3.14,1.0,1.0,-0.0,0.0,0.0,-0.0,0.0,0.0,0.0,0.0,0.0,0.0,0.0,0.0,145.0,93.0,167.0,159.0,18.0,8.0,20.0,10.0,15.0,6.0,0.0
121.453,53,164493.0,600.0,88.0,600.0,784.0,0.0,1.0,0.0,0.0,0.5,0.021,0.5,0.63,0.51,0.036,0.51,0.644,0.0,0.0,-1.77,-5.43,7.17,7.25,0.0,0.0,0.0,0.0,0.0,0.0,-3.14,1.0,1.0,-0.0,-0.0,0.0,-0.0,0.0,0.0,0.0,0.0,0.0,0.0,0.0,0.0,145.0,93.0,167.0,159.0,18.0,8.0,20.0,10.0,15.0,6.0,0.0
121.485,52,164545.0,600.0,88.0,600.0,783.0,0.0,1.0,0.0,0.0,0.5,0.021,0.5,0.63,0.51,0.036,0.51,0.645,0.0,0.0,-1.77,-5.43,7.17,7.25,0.0,0.0,0.0,0.0,0.0,0.0,-3.14,1.0,1.0,-0.0,-0.0,0.0,-0.0,0.0,0.0,0.0,0.0,0.0,0.0,0.0,0.0,145.0,93.0,167.0,159.0,18.0,8.0,20.0,10.0,15.0,6.0,0.0
121.551,52,164597.0,600.0,88.0,600.0,783.0,0.0,1.0,0.0,0.0,0.5,0.021,0.5,0.63,0.51,0.036,0.51,0.645,0.0,0.0,-1.77,-5.43,7.17,7.25,0.0,0.0,0.0,0.0,0.0,0.0,-3.14,1.0,1.0,-0.0,-0.0,0.0,-0.0,0.0,0.0,0.0,0.0,0.0,0.0,0.0,0.0,145.0,93.0,167.0,159.0,18.0,8.0,20.0,10.0,15.0,6.0,0.0
121.623,52,164649.0,600.0,88.0,600.0,783.0,0.0,1.0,0.0,0.0,0.5,0.021,0.5,0.63,0.51,0.036,0.51,0.645,0.0,0.0,-1.77,-5.43,7.17,7.25,0.0,0.0,0.0,0.0,0.0,0.0,-3.14,1.0,1.0,-0.0,-0.0,0.0,-0.0,0.0,0.0,0.0,0.0,0.0,0.0,0.0,0.0,145.0,93.0,167.0,159.0,18.0,8.0,20.0,10.0,15.0,6.0,1.0
121.654,52,164701.0,600.0,88.0,600.0,783.0,0.0,1.0,0.0,0.0,0.5,0.021,0.5,0.63,0.51,0.036,0.51,0.645,0.0,0.0,-1.76,-5.43,7.17,7.25,0.0,0.0,0.0,0.0,0.0,0.0,-3.14,1.0,1.0,-0.0,-0.0,0.0,-0.0,0.0,0.0,0.0,0.0,0.0,0.0,0.0,0.0,145.0,93.0,167.0,159.0,18.0,8.0,20.0,10.0,15.0,6.0,1.0
121.719,53,164754.0,600.0,88.0,600.0,784.0,0.0,1.0,0.0,0.0,0.5,0.021,0.5,0.63,0.51,0.036,0.51,0.645,0.0,0.0,-1.76,-5.43,7.17,7.25,0.0,0.0,0.0,0.0,0.0,0.0,-3.14,1.0,1.0,-0.0,-0.0,0.0,-0.0,0.0,0.0,0.0,0.0,0.0,0.0,0.0,0.0,145.0,93.0,167.0,159.0,18.0,8.0,20.0,10.0,15.0,6.0,0.0
121.751,52,164806.0,600.0,88.0,600.0,784.0,0.0,1.0,0.0,0.0,0.5,0.021,0.5,0.63,0.51,0.036,0.51,0.645,0.0,0.0,-1.76,-5.43,7.17,7.25,0.0,0.0,0.0,0.0,0.0,0.0,-3.14,1.0,1.0,-0.0,0.0,0.0,-0.0,0.0,0.0,0.0,0.0,0.0,0.0,0.0,0.0,145.0,93.0,167.0,159.0,18.0,8.0,20.0,10.0,15.0,6.0,1.0
121.826,52,164858.0,600.0,88.0,600.0,784.0,0.0,1.0,0.0,0.0,0.5,0.021,0.5,0.63,0.51,0.036,0.51,0.645,0.0,0.0,-1.76,-5.43,7.17,7.25,0.0,0.0,0.0,0.0,0.0,0.0,-3.14,1.0,1.0,-0.0,-0.0,0.0,-0.0,0.0,0.0,0.0,0.0,0.0,0.0,0.0,0.0,145.0,93.0,167.0,159.0,18.0,8.0,20.0,10.0,15.0,6.0,0.0
121.859,52,164910.0,600.0,88.0,600.0,784.0,0.0,1.0,0.0,0.0,0.5,0.021,0.5,0.63,0.51,0.036,0.51,0.645,0.0,0.0,-1.76,-5.44,7.17,7.25,0.0,0.0,0.0,0.0,0.0,0.0,-3.14,1.0,1.0,-0.0,-0.0,0.0,-0.0,0.0,0.0,0.0,0.0,0.0,0.0,0.0,0.0,145.0,93.0,167.0,159.0,18.0,8.0,20.0,10.0,15.0,6.0,0.0
121.926,52,164962.0,600.0,88.0,600.0,783.0,0.0,1.0,0.0,0.0,0.5,0.021,0.5,0.63,0.51,0.036,0.51,0.645,0.0,0.0,-1.76,-5.44,7.17,7.25,0.0,0.0,0.0,0.0,0.0,0.0,-3.14,1.0,1.0,-0.0,-0.0,0.0,-0.0,0.0,0.0,0.0,0.0,0.0,0.0,0.0,0.0,145.0,93.0,167.0,159.0,18.0,8.0,20.0,10.0,15.0,6.0,0.0
121.958,52,165014.0,600.0,88.0,600.0,783.0,0.0,1.0,0.0,0.0,0.5,0.021,0.5,0.63,0.51,0.036,0.51,0.645,0.0,0.0,-1.76,-5.44,7.17,7.25,0.0,0.0,0.0,0.0,0.0,0.0,-3.14,1.0,1.0,-0.0,-0.0,0.0,-0.0,0.0,0.0,0.0,0.0,0.0,0.0,0.0,0.0,145.0,93.0,167.0,159.0,18.0,8.0,20.0,10.0,15.0,6.0,0.0
122.023,51,165065.0,600.0,88.0,600.0,783.0,0.0,1.0,0.0,0.0,0.5,0.021,0.5,0.63,0.51,0.036,0.51,0.645,0.0,0.0,-1.75,-5.44,7.17,7.25,0.0,0.0,0.0,0.0,0.0,0.0,-3.14,1.0,1.0,-0.0,-0.0,0.0,-0.0,0.0,0.0,0.0,0.0,0.0,0.0,0.0,0.0,145.0,93.0,167.0,159.0,18.0,8.0,20.0,10.0,15.0,6.0,0.0
122.056,53,165118.0,600.0,88.0,600.0,783.0,0.0,1.0,0.0,0.0,0.5,0.021,0.5,0.63,0.51,0.036,0.51,0.645,0.0,0.0,-1.75,-5.44,7.17,7.25,0.0,0.0,0.0,0.0,0.0,0.0,-3.14,1.0,1.0,-0.0,-0.0,0.0,-0.0,0.0,0.0,0.0,0.0,0.0,0.0,0.0,0.0,145.0,93.0,167.0,159.0,18.0,8.0,20.0,10.0,15.0,6.0,1.0
122.12,52,165170.0,600.0,88.0,600.0,782.0,0.0,1.0,0.0,0.0,0.5,0.021,0.5,0.63,0.51,0.036,0.51,0.645,0.0,0.0,-1.75,-5.44,7.17,7.25,0.0,0.0,0.0,0.0,0.0,0.0,-3.14,1.0,1.0,-0.0,0.0,0.0,-0.0,0.0,0.0,0.0,0.0,0.0,0.0,0.0,0.0,145.0,93.0,167.0,159.0,18.0,8.0,20.0,10.0,15.0,6.0,0.0
122.186,52,165222.0,600.0,88.0,600.0,782.0,0.0,1.0,0.0,0.0,0.5,0.021,0.5,0.63,0.51,0.036,0.51,0.645,0.0,0.0,-1.75,-5.44,7.17,7.25,0.0,0.0,0.0,0.0,0.0,0.0,-3.14,1.0,1.0,-0.0,0.0,0.0,-0.0,0.0,0.0,0.0,0.0,0.0,0.0,0.0,0.0,145.0,93.0,167.0,159.0,18.0,8.0,20.0,10.0,15.0,6.0,0.0
122.219,54,165276.0,600.0,87.0,600.0,782.0,0.0,1.0,0.0,0.0,0.5,0.021,0.5,0.63,0.51,0.036,0.51,0.645,0.0,0.0,-1.75,-5.44,7.17,7.25,0.0,0.0,0.0,0.0,0.0,0.0,-3.14,1.0,1.0,-0.0,-0.0,0.0,-0.0,0.0,0.0,0.0,0.0,0.0,0.0,0.0,0.0,145.0,93.0,167.0,159.0,18.0,8.0,20.0,10.0,15.0,6.0,0.0
122.283,52,165328.0,600.0,87.0,600.0,782.0,0.0,1.0,0.0,0.0,0.5,0.021,0.5,0.63,0.51,0.036,0.51,0.645,0.0,0.0,-1.75,-5.44,7.17,7.25,0.0,0.0,0.0,0.0,0.0,0.0,-3.14,1.0,1.0,-0.0,-0.0,0.0,-0.0,0.0,0.0,0.0,0.0,0.0,0.0,0.0,0.0,145.0,93.0,167.0,159.0,18.0,8.0,20.0,10.0,15.0,6.0,0.0
122.348,52,165380.0,600.0,87.0,600.0,776.0,0.0,1.0,0.0,0.0,0.5,0.021,0.5,0.628,0.51,0.036,0.51,0.643,0.0,0.0,-1.75,-5.44,7.17,7.25,0.0,0.0,0.0,0.0,0.0,0.0,-3.14,1.0,1.0,-0.0,-0.0,0.0,-0.0,0.0,0.0,0.0,0.0,0.0,0.0,0.0,0.0,145.0,93.0,167.0,159.0,18.0,8.0,20.0,10.0,15.0,6.0,0.0
122.382,52,165432.0,600.0,87.0,600.0,776.0,0.0,1.0,0.0,0.0,0.5,0.021,0.5,0.628,0.51,0.036,0.51,0.643,0.0,0.0,-1.75,-5.44,7.17,7.25,0.0,0.0,0.0,0.0,0.0,0.0,-3.14,1.0,1.0,-0.0,-0.0,0.0,-0.0,0.0,0.0,0.0,0.0,0.0,0.0,0.0,0.0,145.0,93.0,167.0,159.0,18.0,8.0,20.0,10.0,15.0,6.0,0.0
122.454,52,165484.0,600.0,89.0,600.0,776.0,0.0,1.0,0.0,0.0,0.5,0.021,0.5,0.628,0.51,0.036,0.51,0.643,0.0,0.0,-1.75,-5.44,7.17,7.25,0.0,0.0,0.0,0.0,0.0,0.0,-3.14,1.0,1.0,-0.0,0.0,0.0,-0.0,0.0,0.0,0.0,0.0,0.0,0.0,0.0,0.0,145.0,93.0,167.0,159.0,18.0,8.0,20.0,10.0,15.0,6.0,0.0
122.485,53,165537.0,600.0,89.0,600.0,776.0,0.0,1.0,0.0,0.0,0.5,0.021,0.5,0.628,0.51,0.036,0.51,0.643,0.0,0.0,-1.75,-5.44,7.17,7.25,0.0,0.0,0.0,0.0,0.0,0.0,-3.14,1.0,1.0,-0.0,-0.0,0.0,-0.0,0.0,0.0,0.0,0.0,0.0,0.0,0.0,0.0,145.0,93.0,167.0,159.0,18.0,8.0,20.0,10.0,15.0,6.0,0.0
122.549,52,165589.0,600.0,89.0,600.0,780.0,0.0,1.0,0.0,0.0,0.5,0.021,0.5,0.628,0.51,0.036,0.51,0.643,0.0,0.0,-1.75,-5.44,7.17,7.25,0.0,0.0,0.0,0.0,0.0,0.0,-3.14,1.0,1.0,-0.0,-0.0,0.0,-0.0,0.0,0.0,0.0,0.0,0.0,0.0,0.0,0.0,145.0,93.0,167.0,159.0,18.0,8.0,20.0,10.0,15.0,6.0,0.0
122.58,52,165641.0,600.0,89.0,600.0,780.0,0.0,1.0,0.0,0.0,0.5,0.021,0.5,0.628,0.51,0.036,0.51,0.643,0.0,0.0,-1.75,-5.44,7.17,7.25,0.0,0.0,0.0,0.0,0.0,0.0,-3.14,1.0,1.0,-0.0,0.0,0.0,-0.0,0.0,0.0,0.0,0.0,0.0,0.0,0.0,0.0,145.0,93.0,167.0,159.0,18.0,8.0,20.0,10.0,15.0,6.0,0.0
122.652,52,165693.0,600.0,88.0,600.0,780.0,0.0,1.0,0.0,0.0,0.5,0.021,0.5,0.628,0.51,0.036,0.51,0.643,0.0,0.0,-1.75,-5.44,7.17,7.25,0.0,0.0,0.0,0.0,0.0,0.0,-3.14,1.0,1.0,-0.0,-0.0,0.0,-0.0,0.0,0.0,0.0,0.0,0.0,0.0,0.0,0.0,145.0,93.0,167.0,159.0,18.0,8.0,20.0,10.0,15.0,6.0,0.0
122.684,52,165745.0,600.0,88.0,600.0,780.0,0.0,1.0,0.0,0.0,0.5,0.021,0.5,0.628,0.51,0.036,0.51,0.643,0.0,0.0,-1.75,-5.44,7.17,7.25,0.0,0.0,0.0,0.0,0.0,0.0,-3.14,1.0,1.0,-0.0,-0.0,0.0,-0.0,0.0,0.0,0.0,0.0,0.0,0.0,0.0,0.0,145.0,93.0,167.0,159.0,18.0,8.0,20.0,10.0,15.0,6.0,0.0
122.749,54,165799.0,600.0,88.0,600.0,779.0,0.0,1.0,0.0,0.0,0.5,0.021,0.5,0.628,0.51,0.036,0.51,0.643,0.0,0.0,-1.75,-5.44,7.17,7.25,0.0,0.0,0.0,0.0,0.0,0.0,-3.14,1.0,1.0,-0.0,0.0,0.0,-0.0,0.0,0.0,0.0,0.0,0.0,0.0,0.0,0.0,145.0,93.0,167.0,159.0,18.0,8.0,20.0,10.0,15.0,6.0,0.0
122.813,52,165851.0,600.0,88.0,600.0,779.0,0.0,1.0,0.0,0.0,0.5,0.021,0.5,0.628,0.51,0.036,0.51,0.643,0.0,0.0,-1.75,-5.45,7.17,7.25,0.0,0.0,0.0,0.0,0.0,0.0,-3.14,1.0,1.0,-0.0,0.0,0.0,-0.0,0.0,0.0,0.0,0.0,0.0,0.0,0.0,0.0,145.0,93.0,167.0,159.0,18.0,8.0,20.0,10.0,15.0,6.0,0.0
122.845,51,165902.0,600.0,87.0,600.0,779.0,0.0,1.0,0.0,0.0,0.5,0.021,0.5,0.628,0.51,0.036,0.51,0.643,0.0,0.0,-1.75,-5.45,7.17,7.25,0.0,0.0,0.0,0.0,0.0,0.0,-3.14,1.0,1.0,-0.0,-0.0,0.0,-0.0,0.0,0.0,0.0,0.0,0.0,0.0,0.0,0.0,145.0,93.0,167.0,159.0,18.0,8.0,20.0,10.0,15.0,6.0,0.0
122.911,53,165955.0,600.0,87.0,600.0,779.0,0.0,1.0,0.0,0.0,0.5,0.021,0.5,0.628,0.51,0.036,0.51,0.643,0.0,0.0,-1.75,-5.45,7.17,7.25,0.0,0.0,0.0,0.0,0.0,0.0,-3.14,1.0,1.0,-0.0,-0.0,0.0,-0.0,0.0,0.0,0.0,0.0,0.0,0.0,0.0,0.0,145.0,93.0,167.0,159.0,18.0,8.0,20.0,10.0,15.0,6.0,0.0
122.977,53,166008.0,600.0,87.0,600.0,777.0,0.0,1.0,0.0,0.0,0.5,0.021,0.5,0.627,0.51,0.036,0.51,0.642,0.0,0.0,-1.75,-5.45,7.17,7.25,0.0,0.0,0.0,0.0,0.0,0.0,-3.14,1.0,1.0,-0.0,-0.0,0.0,-0.0,0.0,0.0,0.0,0.0,0.0,0.0,0.0,0.0,145.0,93.0,167.0,159.0,18.0,8.0,20.0,10.0,15.0,6.0,0.0
123.015,52,166060.0,600.0,87.0,600.0,777.0,0.0,1.0,0.0,0.0,0.5,0.021,0.5,0.627,0.51,0.036,0.51,0.642,0.0,0.0,-1.75,-5.45,7.17,7.25,0.0,0.0,0.0,0.0,0.0,0.0,-3.14,1.0,1.0,-0.0,0.0,0.0,-0.0,0.0,0.0,0.0,0.0,0.0,0.0,0.0,0.0,145.0,93.0,167.0,159.0,18.0,8.0,20.0,10.0,15.0,6.0,1.0
123.081,52,166112.0,600.0,87.0,600.0,777.0,0.0,1.0,0.0,0.0,0.5,0.021,0.5,0.627,0.51,0.036,0.51,0.642,0.0,0.0,-1.75,-5.45,7.17,7.25,0.0,0.0,0.0,0.0,0.0,0.0,-3.14,1.0,1.0,-0.0,0.0,0.0,-0.0,0.0,0.0,0.0,0.0,0.0,0.0,0.0,0.0,145.0,93.0,167.0,159.0,18.0,8.0,20.0,10.0,15.0,6.0,0.0
123.114,52,166164.0,600.0,87.0,600.0,777.0,0.0,1.0,0.0,0.0,0.5,0.021,0.5,0.627,0.51,0.036,0.51,0.642,0.0,0.0,-1.75,-5.45,7.17,7.25,0.0,0.0,0.0,0.0,0.0,0.0,-3.14,1.0,1.0,-0.0,-0.0,0.0,-0.0,0.0,0.0,0.0,0.0,0.0,0.0,0.0,0.0,145.0,93.0,167.0,159.0,18.0,8.0,20.0,10.0,15.0,6.0,0.0
123.179,52,166216.0,600.0,87.0,600.0,778.0,0.0,1.0,0.0,0.0,0.5,0.021,0.5,0.627,0.509,0.035,0.509,0.642,0.0,0.0,-1.75,-5.45,7.17,7.25,0.0,0.0,0.0,0.0,0.0,0.0,-3.14,1.0,1.0,-0.0,0.0,0.0,-0.0,0.0,0.0,0.0,0.0,0.0,0.0,0.0,0.0,145.0,93.0,167.0,159.0,18.0,8.0,20.0,10.0,15.0,6.0,0.0
123.215,52,166268.0,600.0,87.0,600.0,778.0,0.0,1.0,0.0,0.0,0.5,0.021,0.5,0.627,0.509,0.035,0.509,0.642,0.0,0.0,-1.74,-5.45,7.17,7.25,0.0,0.0,0.0,0.0,0.0,0.0,-3.14,1.0,1.0,-0.0,-0.0,0.0,-0.0,0.0,0.0,0.0,0.0,0.0,0.0,0.0,0.0,145.0,93.0,167.0,159.0,18.0,8.0,20.0,10.0,15.0,6.0,0.0
123.278,51,166319.0,600.0,87.0,600.0,778.0,0.0,1.0,0.0,0.0,0.5,0.021,0.5,0.627,0.509,0.035,0.509,0.642,0.0,0.0,-1.74,-5.45,7.17,7.25,0.0,0.0,0.0,0.0,0.0,0.0,-3.14,1.0,1.0,-0.0,-0.0,0.0,-0.0,0.0,0.0,0.0,0.0,0.0,0.0,0.0,0.0,145.0,93.0,167.0,159.0,18.0,8.0,20.0,10.0,15.0,6.0,0.0
123.31,53,166372.0,600.0,87.0,600.0,778.0,0.0,1.0,0.0,0.0,0.5,0.021,0.5,0.627,0.509,0.035,0.509,0.642,0.0,0.0,-1.74,-5.45,7.17,7.25,0.0,0.0,0.0,0.0,0.0,0.0,-3.14,1.0,1.0,-0.0,-0.0,0.0,-0.0,0.0,0.0,0.0,0.0,0.0,0.0,0.0,0.0,145.0,93.0,167.0,159.0,18.0,8.0,20.0,10.0,15.0,6.0,0.0
123.38,52,166424.0,600.0,87.0,600.0,779.0,0.0,1.0,0.0,0.0,0.5,0.021,0.5,0.627,0.51,0.035,0.51,0.642,0.0,0.0,-1.73,-5.45,7.17,7.25,0.0,0.0,0.0,0.0,0.0,0.0,-3.14,1.0,1.0,-0.0,-0.0,0.0,-0.0,0.0,0.0,0.0,0.0,0.0,0.0,0.0,0.0,145.0,93.0,167.0,159.0,18.0,8.0,20.0,10.0,15.0,6.0,0.0
123.414,52,166476.0,600.0,87.0,600.0,779.0,0.0,1.0,0.0,0.0,0.5,0.021,0.5,0.627,0.51,0.035,0.51,0.642,0.0,0.0,-1.73,-5.45,7.17,7.25,0.0,0.0,0.0,0.0,0.0,0.0,-3.14,1.0,1.0,-0.0,-0.0,0.0,-0.0,0.0,0.0,0.0,0.0,0.0,0.0,0.0,0.0,145.0,93.0,167.0,159.0,18.0,8.0,20.0,10.0,15.0,6.0,0.0
123.478,51,166527.0,600.0,86.0,600.0,779.0,0.0,1.0,0.0,0.0,0.5,0.021,0.5,0.627,0.51,0.035,0.51,0.642,0.0,0.0,-1.73,-5.45,7.17,7.25,0.0,0.0,0.0,0.0,0.0,0.0,-3.14,1.0,1.0,-0.0,-0.0,0.0,-0.0,0.0,0.0,0.0,0.0,0.0,0.0,0.0,0.0,145.0,93.0,167.0,159.0,18.0,8.0,20.0,10.0,15.0,6.0,0.0
123.542,53,166580.0,600.0,86.0,600.0,779.0,0.0,1.0,0.0,0.0,0.5,0.021,0.5,0.627,0.51,0.035,0.51,0.642,0.0,0.0,-1.73,-5.45,7.17,7.25,0.0,0.0,0.0,0.0,0.0,0.0,-3.14,1.0,1.0,-0.0,-0.0,0.0,-0.0,0.0,0.0,0.0,0.0,0.0,0.0,0.0,0.0,145.0,93.0,167.0,159.0,18.0,8.0,20.0,10.0,15.0,6.0,1.0
123.575,52,166632.0,600.0,86.0,600.0,775.0,0.0,1.0,0.0,0.0,0.5,0.02,0.5,0.626,0.509,0.035,0.509,0.641,0.0,0.0,-1.73,-5.45,7.17,7.25,0.0,0.0,0.0,0.0,0.0,0.0,-3.14,1.0,1.0,-0.0,0.0,0.0,-0.0,0.0,0.0,0.0,0.0,0.0,0.0,0.0,0.0,145.0,93.0,167.0,159.0,18.0,8.0,20.0,10.0,15.0,6.0,0.0
123.64,52,166684.0,600.0,86.0,600.0,775.0,0.0,1.0,0.0,0.0,0.5,0.02,0.5,0.626,0.509,0.035,0.509,0.641,0.0,0.0,-1.73,-5.45,7.17,7.25,0.0,0.0,0.0,0.0,0.0,0.0,-3.14,1.0,1.0,-0.0,0.0,0.0,-0.0,0.0,0.0,0.0,0.0,0.0,0.0,0.0,0.0,145.0,93.0,167.0,159.0,18.0,8.0,20.0,10.0,15.0,6.0,0.0
123.703,52,166736.0,600.0,86.0,600.0,775.0,0.0,1.0,0.0,0.0,0.5,0.02,0.5,0.626,0.509,0.035,0.509,0.641,0.0,0.0,-1.73,-5.45,7.17,7.25,0.0,0.0,0.0,0.0,0.0,0.0,-3.14,1.0,1.0,-0.0,0.0,0.0,-0.0,0.0,0.0,0.0,0.0,0.0,0.0,0.0,0.0,145.0,93.0,167.0,159.0,18.0,8.0,20.0,10.0,15.0,6.0,0.0
123.736,52,166788.0,600.0,86.0,600.0,775.0,0.0,1.0,0.0,0.0,0.5,0.02,0.5,0.626,0.509,0.035,0.509,0.641,0.0,0.0,-1.73,-5.45,7.17,7.25,0.0,0.0,0.0,0.0,0.0,0.0,-3.14,1.0,1.0,-0.0,0.0,0.0,-0.0,0.0,0.0,0.0,0.0,0.0,0.0,0.0,0.0,145.0,93.0,167.0,159.0,18.0,8.0,20.0,10.0,15.0,6.0,0.0
123.802,52,166840.0,600.0,86.0,600.0,774.0,0.0,1.0,0.0,0.0,0.5,0.02,0.5,0.626,0.509,0.035,0.509,0.64,0.0,0.0,-1.73,-5.45,7.17,7.25,0.0,0.0,0.0,0.0,0.0,0.0,-3.14,1.0,1.0,-0.0,-0.0,0.0,-0.0,0.0,0.0,0.0,0.0,0.0,0.0,0.0,0.0,145.0,93.0,167.0,159.0,18.0,8.0,20.0,10.0,15.0,6.0,0.0
123.835,52,166892.0,600.0,86.0,600.0,774.0,0.0,1.0,0.0,0.0,0.5,0.02,0.5,0.626,0.509,0.035,0.509,0.64,0.0,0.0,-1.73,-5.45,7.17,7.25,0.0,0.0,0.0,0.0,0.0,0.0,-3.14,1.0,1.0,-0.0,-0.0,0.0,-0.0,0.0,0.0,0.0,0.0,0.0,0.0,0.0,0.0,145.0,93.0,167.0,159.0,18.0,8.0,20.0,10.0,15.0,6.0,1.0
123.901,52,166944.0,600.0,88.0,600.0,774.0,0.0,1.0,0.0,0.0,0.5,0.02,0.5,0.626,0.509,0.035,0.509,0.64,0.0,0.0,-1.73,-5.45,7.17,7.25,0.0,0.0,0.0,0.0,0.0,0.0,-3.14,1.0,1.0,-0.0,0.0,0.0,-0.0,0.0,0.0,0.0,0.0,0.0,0.0,0.0,0.0,145.0,93.0,167.0,159.0,18.0,8.0,20.0,10.0,15.0,6.0,0.0
123.935,52,166996.0,600.0,88.0,600.0,774.0,0.0,1.0,0.0,0.0,0.5,0.02,0.5,0.626,0.509,0.035,0.509,0.64,0.0,0.0,-1.73,-5.45,7.17,7.25,0.0,0.0,0.0,0.0,0.0,0.0,-3.14,1.0,1.0,-0.0,0.0,0.0,-0.0,0.0,0.0,0.0,0.0,0.0,0.0,0.0,0.0,145.0,93.0,167.0,159.0,18.0,8.0,20.0,10.0,15.0,6.0,0.0
124.002,53,167049.0,600.0,88.0,600.0,773.0,0.0,1.0,0.0,0.0,0.5,0.021,0.5,0.625,0.509,0.035,0.509,0.639,0.0,0.0,-1.73,-5.45,7.17,7.25,0.0,0.0,0.0,0.0,0.0,0.0,-3.14,1.0,1.0,-0.0,-0.0,0.0,-0.0,0.0,0.0,0.0,0.0,0.0,0.0,0.0,0.0,145.0,93.0,167.0,159.0,18.0,8.0,20.0,10.0,15.0,6.0,0.0
124.066,52,167101.0,600.0,88.0,600.0,773.0,0.0,1.0,0.0,0.0,0.5,0.021,0.5,0.625,0.509,0.035,0.509,0.639,0.0,0.0,-1.74,-5.45,7.17,7.25,0.0,0.0,0.0,0.0,0.0,0.0,-3.14,1.0,1.0,-0.0,0.0,0.0,-0.0,0.0,0.0,0.0,0.0,0.0,0.0,0.0,0.0,145.0,93.0,167.0,159.0,18.0,8.0,20.0,10.0,15.0,6.0,1.0
124.098,51,167152.0,600.0,88.0,600.0,773.0,0.0,1.0,0.0,0.0,0.5,0.021,0.5,0.625,0.509,0.035,0.509,0.639,0.0,0.0,-1.74,-5.45,7.17,7.25,0.0,0.0,0.0,0.0,0.0,0.0,-3.14,1.0,1.0,-0.0,0.0,0.0,-0.0,0.0,0.0,0.0,0.0,0.0,0.0,0.0,0.0,145.0,93.0,167.0,159.0,18.0,8.0,20.0,10.0,15.0,6.0,0.0
124.162,53,167205.0,600.0,88.0,600.0,773.0,0.0,1.0,0.0,0.0,0.5,0.021,0.5,0.625,0.509,0.035,0.509,0.639,0.0,0.0,-1.74,-5.45,7.17,7.25,0.0,0.0,0.0,0.0,0.0,0.0,-3.14,1.0,1.0,-0.0,0.0,0.0,-0.0,0.0,0.0,0.0,0.0,0.0,0.0,0.0,0.0,145.0,93.0,167.0,159.0,18.0,8.0,20.0,10.0,15.0,6.0,0.0
124.201,52,167257.0,600.0,88.0,600.0,772.0,0.0,1.0,0.0,0.0,0.5,0.021,0.5,0.624,0.509,0.035,0.509,0.639,0.0,0.0,-1.73,-5.45,7.17,7.25,0.0,0.0,0.0,0.0,0.0,0.0,-3.14,1.0,1.0,-0.0,-0.0,0.0,-0.0,0.0,0.0,0.0,0.0,0.0,0.0,0.0,0.0,145.0,93.0,167.0,159.0,18.0,8.0,20.0,10.0,15.0,6.0,1.0
124.267,52,167309.0,600.0,88.0,600.0,772.0,0.0,1.0,0.0,0.0,0.5,0.021,0.5,0.624,0.509,0.035,0.509,0.639,0.0,0.0,-1.73,-5.45,7.17,7.25,0.0,0.0,0.0,0.0,0.0,0.0,-3.14,1.0,1.0,-0.0,0.0,0.0,-0.0,0.0,0.0,0.0,0.0,0.0,0.0,0.0,0.0,145.0,93.0,167.0,159.0,18.0,8.0,20.0,10.0,15.0,6.0,1.0
124.3,52,167361.0,600.0,88.0,600.0,772.0,0.0,1.0,0.0,0.0,0.5,0.021,0.5,0.624,0.509,0.035,0.509,0.639,0.0,0.0,-1.73,-5.45,7.17,7.25,0.0,0.0,0.0,0.0,0.0,0.0,-3.14,1.0,1.0,-0.0,0.0,0.0,-0.0,0.0,0.0,0.0,0.0,0.0,0.0,0.0,0.0,145.0,93.0,167.0,159.0,18.0,8.0,20.0,10.0,15.0,6.0,0.0
124.365,52,167413.0,600.0,88.0,600.0,772.0,0.0,1.0,0.0,0.0,0.5,0.021,0.5,0.624,0.509,0.035,0.509,0.639,0.0,0.0,-1.73,-5.45,7.17,7.25,0.0,0.0,0.0,0.0,0.0,0.0,-3.14,1.0,1.0,-0.0,0.0,0.0,-0.0,0.0,0.0,0.0,0.0,0.0,0.0,0.0,0.0,145.0,93.0,167.0,159.0,18.0,8.0,20.0,10.0,15.0,6.0,0.0
124.439,53,167466.0,600.0,88.0,600.0,775.0,0.0,1.0,0.0,0.0,0.5,0.021,0.5,0.625,0.509,0.036,0.509,0.639,0.0,0.0,-1.73,-5.45,7.17,7.25,0.0,0.0,0.0,0.0,0.0,0.0,-3.14,1.0,1.0,-0.0,-0.0,0.0,-0.0,0.0,0.0,0.0,0.0,0.0,0.0,0.0,0.0,145.0,93.0,167.0,159.0,18.0,8.0,20.0,10.0,15.0,6.0,0.0
124.472,52,167518.0,600.0,88.0,600.0,775.0,0.0,1.0,0.0,0.0,0.5,0.021,0.5,0.625,0.509,0.036,0.509,0.639,0.0,0.0,-1.73,-5.45,7.17,7.25,0.0,0.0,0.0,0.0,0.0,0.0,-3.14,1.0,1.0,-0.0,-0.0,0.0,-0.0,0.0,0.0,0.0,0.0,0.0,0.0,0.0,0.0,145.0,93.0,167.0,159.0,18.0,8.0,20.0,10.0,15.0,6.0,0.0
124.538,52,167570.0,600.0,89.0,600.0,775.0,0.0,1.0,0.0,0.0,0.5,0.021,0.5,0.625,0.509,0.036,0.509,0.639,0.0,0.0,-1.73,-5.45,7.17,7.25,0.0,0.0,0.0,0.0,0.0,0.0,-3.14,1.0,1.0,-0.0,-0.0,0.0,-0.0,0.0,0.0,0.0,0.0,0.0,0.0,0.0,0.0,145.0,93.0,167.0,159.0,18.0,8.0,20.0,10.0,15.0,6.0,0.0
124.569,52,167622.0,600.0,89.0,600.0,775.0,0.0,1.0,0.0,0.0,0.5,0.021,0.5,0.625,0.509,0.036,0.509,0.639,0.0,0.0,-1.73,-5.45,7.17,7.25,0.0,0.0,0.0,0.0,0.0,0.0,-3.14,1.0,1.0,-0.0,0.0,0.0,-0.0,0.0,0.0,0.0,0.0,0.0,0.0,0.0,0.0,145.0,93.0,167.0,159.0,18.0,8.0,20.0,10.0,15.0,6.0,1.0
124.633,52,167674.0,600.0,89.0,600.0,776.0,0.0,1.0,0.0,0.0,0.5,0.021,0.5,0.625,0.509,0.036,0.509,0.64,0.0,0.0,-1.73,-5.45,7.17,7.25,0.0,0.0,0.0,0.0,0.0,0.0,-3.14,1.0,1.0,-0.0,0.0,0.0,-0.0,0.0,0.0,0.0,0.0,0.0,0.0,0.0,0.0,145.0,93.0,167.0,159.0,18.0,8.0,20.0,10.0,15.0,6.0,0.0
124.696,54,167728.0,600.0,89.0,600.0,776.0,0.0,1.0,0.0,0.0,0.5,0.021,0.5,0.625,0.509,0.036,0.509,0.64,0.0,0.0,-1.74,-5.45,7.17,7.25,0.0,0.0,0.0,0.0,0.0,0.0,-3.14,1.0,1.0,-0.0,-0.0,0.0,-0.0,0.0,0.0,0.0,0.0,0.0,0.0,0.0,0.0,145.0,93.0,167.0,159.0,18.0,8.0,20.0,10.0,15.0,6.0,0.0
124.728,52,167780.0,600.0,89.0,600.0,776.0,0.0,1.0,0.0,0.0,0.5,0.021,0.5,0.625,0.509,0.036,0.509,0.64,0.0,0.0,-1.74,-5.45,7.17,7.25,0.0,0.0,0.0,0.0,0.0,0.0,-3.14,1.0,1.0,-0.0,-0.0,0.0,-0.0,0.0,0.0,0.0,0.0,0.0,0.0,0.0,0.0,145.0,93.0,167.0,159.0,18.0,8.0,20.0,10.0,15.0,6.0,1.0
124.793,53,167833.0,600.0,89.0,600.0,776.0,0.0,1.0,0.0,0.0,0.5,0.021,0.5,0.625,0.509,0.036,0.509,0.64,0.0,0.0,-1.74,-5.45,7.17,7.25,0.0,0.0,0.0,0.0,0.0,0.0,-3.14,1.0,1.0,-0.0,0.0,0.0,-0.0,0.0,0.0,0.0,0.0,0.0,0.0,0.0,0.0,145.0,93.0,167.0,159.0,18.0,8.0,20.0,10.0,15.0,6.0,0.0
124.826,52,167885.0,600.0,89.0,600.0,779.0,0.0,1.0,0.0,0.0,0.5,0.021,0.5,0.627,0.509,0.036,0.509,0.641,0.0,0.0,-1.74,-5.45,7.17,7.25,0.0,0.0,0.0,0.0,0.0,0.0,-3.14,1.0,1.0,-0.0,-0.0,0.0,-0.0,0.0,0.0,0.0,0.0,0.0,0.0,0.0,0.0,145.0,93.0,167.0,159.0,18.0,8.0,20.0,10.0,15.0,6.0,0.0
124.89,52,167937.0,600.0,89.0,600.0,779.0,0.0,1.0,0.0,0.0,0.5,0.021,0.5,0.627,0.509,0.036,0.509,0.641,0.0,0.0,-1.74,-5.45,7.17,7.25,0.0,0.0,0.0,0.0,0.0,0.0,-3.14,1.0,1.0,-0.0,-0.0,0.0,-0.0,0.0,0.0,0.0,0.0,0.0,0.0,0.0,0.0,145.0,93.0,167.0,159.0,18.0,8.0,20.0,10.0,15.0,6.0,0.0
124.954,52,167989.0,600.0,88.0,600.0,779.0,0.0,1.0,0.0,0.0,0.5,0.021,0.5,0.627,0.509,0.036,0.509,0.641,0.0,0.0,-1.74,-5.45,7.17,7.25,0.0,0.0,0.0,0.0,0.0,0.0,-3.14,1.0,1.0,-0.0,-0.0,0.0,-0.0,0.0,0.0,0.0,0.0,0.0,0.0,0.0,0.0,145.0,93.0,167.0,159.0,18.0,8.0,20.0,10.0,15.0,6.0,0.0
124.987,52,168041.0,600.0,88.0,600.0,779.0,0.0,1.0,0.0,0.0,0.5,0.021,0.5,0.627,0.509,0.036,0.509,0.641,0.0,0.0,-1.74,-5.45,7.17,7.25,0.0,0.0,0.0,0.0,0.0,0.0,-3.14,1.0,1.0,-0.0,0.0,0.0,-0.0,0.0,0.0,0.0,0.0,0.0,0.0,0.0,0.0,145.0,93.0,167.0,159.0,18.0,8.0,20.0,10.0,15.0,6.0,0.0
125.052,52,168093.0,600.0,88.0,600.0,781.0,0.0,1.0,0.0,0.0,0.5,0.021,0.5,0.628,0.51,0.036,0.51,0.642,0.0,0.0,-1.74,-5.45,7.17,7.25,0.0,0.0,0.0,0.0,0.0,0.0,-3.14,1.0,1.0,-0.0,0.0,0.0,-0.0,0.0,0.0,0.0,0.0,0.0,0.0,0.0,0.0,145.0,93.0,167.0,159.0,18.0,8.0,20.0,10.0,15.0,6.0,0.0
125.084,54,168147.0,600.0,88.0,600.0,781.0,0.0,1.0,0.0,0.0,0.5,0.021,0.5,0.628,0.51,0.036,0.51,0.642,0.0,0.0,-1.74,-5.45,7.17,7.25,0.0,0.0,0.0,0.0,0.0,0.0,-3.14,1.0,1.0,-0.0,-0.0,0.0,-0.0,0.0,0.0,0.0,0.0,0.0,0.0,0.0,0.0,145.0,93.0,167.0,159.0,18.0,8.0,20.0,10.0,15.0,6.0,1.0
125.148,52,168199.0,600.0,88.0,600.0,781.0,0.0,1.0,0.0,0.0,0.5,0.021,0.5,0.628,0.51,0.036,0.51,0.642,0.0,0.0,-1.74,-5.45,7.17,7.25,0.0,0.0,0.0,0.0,0.0,0.0,-3.14,1.0,1.0,-0.0,0.0,0.0,-0.0,0.0,0.0,0.0,0.0,0.0,0.0,0.0,0.0,145.0,93.0,167.0,159.0,18.0,8.0,20.0,10.0,15.0,6.0,0.0
125.216,53,168252.0,600.0,88.0,600.0,781.0,0.0,1.0,0.0,0.0,0.5,0.021,0.5,0.628,0.51,0.036,0.51,0.642,0.0,0.0,-1.75,-5.45,7.17,7.25,0.0,0.0,0.0,0.0,0.0,0.0,-3.14,1.0,1.0,-0.0,0.0,0.0,-0.0,0.0,0.0,0.0,0.0,0.0,0.0,0.0,0.0,145.0,93.0,167.0,159.0,18.0,8.0,20.0,10.0,15.0,6.0,1.0
125.249,52,168304.0,600.0,88.0,600.0,780.0,0.0,1.0,0.0,0.0,0.5,0.021,0.5,0.628,0.51,0.036,0.51,0.643,0.0,0.0,-1.75,-5.45,7.17,7.25,0.0,0.0,0.0,0.0,0.0,0.0,-3.14,1.0,1.0,-0.0,0.0,0.0,-0.0,0.0,0.0,0.0,0.0,0.0,0.0,0.0,0.0,145.0,93.0,167.0,159.0,18.0,8.0,20.0,10.0,15.0,6.0,0.0
125.315,52,168356.0,600.0,88.0,600.0,780.0,0.0,1.0,0.0,0.0,0.5,0.021,0.5,0.628,0.51,0.036,0.51,0.643,0.0,0.0,-1.75,-5.44,7.17,7.25,0.0,0.0,0.0,0.0,0.0,0.0,-3.14,1.0,1.0,-0.0,-0.0,0.0,-0.0,0.0,0.0,0.0,0.0,0.0,0.0,0.0,0.0,145.0,93.0,167.0,159.0,18.0,8.0,20.0,10.0,15.0,6.0,0.0
125.35,52,168408.0,600.0,88.0,600.0,780.0,0.0,1.0,0.0,0.0,0.5,0.021,0.5,0.628,0.51,0.036,0.51,0.643,0.0,0.0,-1.75,-5.44,7.17,7.25,0.0,0.0,0.0,0.0,0.0,0.0,-3.14,1.0,1.0,-0.0,-0.0,0.0,-0.0,0.0,0.0,0.0,0.0,0.0,0.0,0.0,0.0,145.0,93.0,167.0,159.0,18.0,8.0,20.0,10.0,15.0,6.0,0.0
125.419,52,168460.0,600.0,88.0,600.0,780.0,0.0,1.0,0.0,0.0,0.5,0.021,0.5,0.628,0.51,0.036,0.51,0.643,0.0,0.0,-1.75,-5.44,7.17,7.25,0.0,0.0,0.0,0.0,0.0,0.0,-3.14,1.0,1.0,-0.0,0.0,0.0,-0.0,0.0,0.0,0.0,0.0,0.0,0.0,0.0,0.0,145.0,93.0,167.0,159.0,18.0,8.0,20.0,10.0,15.0,6.0,0.0
125.451,52,168512.0,600.0,88.0,600.0,781.0,0.0,1.0,0.0,0.0,0.5,0.021,0.5,0.629,0.51,0.036,0.51,0.643,0.0,0.0,-1.75,-5.44,7.17,7.25,0.0,0.0,0.0,0.0,0.0,0.0,-3.14,1.0,1.0,-0.0,-0.0,0.0,-0.0,0.0,0.0,0.0,0.0,0.0,0.0,0.0,0.0,145.0,93.0,167.0,159.0,18.0,8.0,20.0,10.0,15.0,6.0,1.0
125.515,52,168564.0,600.0,88.0,600.0,781.0,0.0,1.0,0.0,0.0,0.5,0.021,0.5,0.629,0.51,0.036,0.51,0.643,0.0,0.0,-1.75,-5.44,7.17,7.25,0.0,0.0,0.0,0.0,0.0,0.0,-3.14,1.0,1.0,-0.0,0.0,0.0,-0.0,0.0,0.0,0.0,0.0,0.0,0.0,0.0,0.0,145.0,93.0,167.0,159.0,18.0,8.0,20.0,10.0,15.0,6.0,0.0
125.581,52,168616.0,600.0,88.0,600.0,781.0,0.0,1.0,0.0,0.0,0.5,0.021,0.5,0.629,0.51,0.036,0.51,0.643,0.0,0.0,-1.75,-5.44,7.17,7.25,0.0,0.0,0.0,0.0,0.0,0.0,-3.14,1.0,1.0,-0.0,0.0,0.0,-0.0,0.0,0.0,0.0,0.0,0.0,0.0,0.0,0.0,145.0,93.0,167.0,159.0,18.0,8.0,20.0,10.0,15.0,6.0,0.0
125.618,53,168669.0,600.0,88.0,600.0,781.0,0.0,1.0,0.0,0.0,0.5,0.021,0.5,0.629,0.51,0.036,0.51,0.643,0.0,0.0,-1.75,-5.44,7.17,7.25,0.0,0.0,0.0,0.0,0.0,0.0,-3.14,1.0,1.0,-0.0,-0.0,0.0,-0.0,0.0,0.0,0.0,0.0,0.0,0.0,0.0,0.0,145.0,93.0,167.0,159.0,18.0,8.0,20.0,10.0,15.0,6.0,0.0
125.682,52,168721.0,600.0,88.0,600.0,784.0,0.0,1.0,0.0,0.0,0.5,0.021,0.5,0.63,0.51,0.036,0.51,0.644,0.0,0.0,-1.75,-5.44,7.17,7.25,0.0,0.0,0.0,0.0,0.0,0.0,-3.14,1.0,1.0,-0.0,-0.0,0.0,-0.0,0.0,0.0,0.0,0.0,0.0,0.0,0.0,0.0,145.0,93.0,167.0,159.0,18.0,8.0,20.0,10.0,15.0,6.0,0.0
125.714,52,168773.0,600.0,88.0,600.0,784.0,0.0,1.0,0.0,0.0,0.5,0.021,0.5,0.63,0.51,0.036,0.51,0.644,0.0,0.0,-1.75,-5.44,7.17,7.25,0.0,0.0,0.0,0.0,0.0,0.0,-3.14,1.0,1.0,-0.0,-0.0,0.0,-0.0,0.0,0.0,0.0,0.0,0.0,0.0,0.0,0.0,145.0,93.0,167.0,159.0,18.0,8.0,20.0,10.0,15.0,6.0,0.0
125.778,52,168825.0,600.0,88.0,600.0,784.0,0.0,1.0,0.0,0.0,0.5,0.021,0.5,0.63,0.51,0.036,0.51,0.644,0.0,0.0,-1.75,-5.45,7.17,7.25,0.0,0.0,0.0,0.0,0.0,0.0,-3.14,1.0,1.0,-0.0,-0.0,0.0,-0.0,0.0,0.0,0.0,0.0,0.0,0.0,0.0,0.0,145.0,93.0,167.0,159.0,18.0,8.0,20.0,10.0,15.0,6.0,0.0
125.82,52,168877.0,600.0,88.0,600.0,784.0,0.0,1.0,0.0,0.0,0.5,0.021,0.5,0.63,0.51,0.036,0.51,0.644,0.0,0.0,-1.75,-5.45,7.17,7.25,0.0,0.0,0.0,0.0,0.0,0.0,-3.14,1.0,1.0,-0.0,-0.0,0.0,-0.0,0.0,0.0,0.0,0.0,0.0,0.0,0.0,0.0,145.0,93.0,167.0,159.0,18.0,8.0,20.0,10.0,15.0,6.0,0.0
125.885,53,168930.0,600.0,88.0,600.0,781.0,0.0,1.0,0.0,0.0,0.5,0.021,0.5,0.629,0.51,0.036,0.51,0.644,0.0,0.0,-1.75,-5.45,7.17,7.25,0.0,0.0,0.0,0.0,0.0,0.0,-3.14,1.0,1.0,-0.0,0.0,0.0,-0.0,0.0,0.0,0.0,0.0,0.0,0.0,0.0,0.0,145.0,93.0,167.0,159.0,18.0,8.0,20.0,10.0,15.0,6.0,0.0
125.951,52,168982.0,600.0,88.0,600.0,781.0,0.0,1.0,0.0,0.0,0.5,0.021,0.5,0.629,0.51,0.036,0.51,0.644,0.0,0.0,-1.75,-5.44,7.17,7.25,0.0,0.0,0.0,0.0,0.0,0.0,-3.14,1.0,1.0,-0.0,0.0,0.0,-0.0,0.0,0.0,0.0,0.0,0.0,0.0,0.0,0.0,145.0,93.0,167.0,159.0,18.0,8.0,20.0,10.0,15.0,6.0,0.0
125.983,52,169034.0,600.0,88.0,600.0,781.0,0.0,1.0,0.0,0.0,0.5,0.021,0.5,0.629,0.51,0.036,0.51,0.644,0.0,0.0,-1.75,-5.44,7.17,7.25,0.0,0.0,0.0,0.0,0.0,0.0,-3.14,1.0,1.0,-0.0,0.0,0.0,-0.0,0.0,0.0,0.0,0.0,0.0,0.0,0.0,0.0,145.0,93.0,167.0,159.0,18.0,8.0,20.0,10.0,15.0,6.0,0.0
126.049,53,169087.0,600.0,88.0,600.0,781.0,0.0,1.0,0.0,0.0,0.5,0.021,0.5,0.629,0.51,0.036,0.51,0.644,0.0,0.0,-1.76,-5.44,7.17,7.25,0.0,0.0,0.0,0.0,0.0,0.0,-3.14,1.0,1.0,-0.0,-0.0,0.0,-0.0,0.0,0.0,0.0,0.0,0.0,0.0,0.0,0.0,145.0,93.0,167.0,159.0,18.0,8.0,20.0,10.0,15.0,6.0,0.0
126.08,52,169139.0,600.0,88.0,600.0,783.0,0.0,1.0,0.0,0.0,0.5,0.021,0.5,0.63,0.51,0.036,0.51,0.644,0.0,0.0,-1.76,-5.44,7.17,7.25,0.0,0.0,0.0,0.0,0.0,0.0,-3.14,1.0,1.0,-0.0,-0.0,0.0,-0.0,0.0,0.0,0.0,0.0,0.0,0.0,0.0,0.0,145.0,93.0,167.0,159.0,18.0,8.0,20.0,10.0,15.0,6.0,0.0
126.144,52,169191.0,600.0,88.0,600.0,783.0,0.0,1.0,0.0,0.0,0.5,0.021,0.5,0.63,0.51,0.036,0.51,0.644,0.0,0.0,-1.76,-5.43,7.17,7.25,0.0,0.0,0.0,0.0,0.0,0.0,-3.14,1.0,1.0,-0.0,0.0,0.0,-0.0,0.0,0.0,0.0,0.0,0.0,0.0,0.0,0.0,145.0,93.0,167.0,159.0,18.0,8.0,20.0,10.0,15.0,6.0,0.0
126.214,51,169242.0,600.0,88.0,600.0,783.0,0.0,1.0,0.0,0.0,0.5,0.021,0.5,0.63,0.51,0.036,0.51,0.644,0.0,0.0,-1.76,-5.43,7.17,7.25,0.0,0.0,0.0,0.0,0.0,0.0,-3.14,1.0,1.0,-0.0,-0.0,0.0,-0.0,0.0,0.0,0.0,0.0,0.0,0.0,0.0,0.0,145.0,93.0,167.0,159.0,18.0,8.0,20.0,10.0,15.0,6.0,1.0
126.245,53,169295.0,600.0,88.0,600.0,783.0,0.0,1.0,0.0,0.0,0.5,0.021,0.5,0.63,0.51,0.036,0.51,0.644,0.0,0.0,-1.77,-5.43,7.17,7.25,0.0,0.0,0.0,0.0,0.0,0.0,-3.14,1.0,1.0,-0.0,-0.0,0.0,-0.0,0.0,0.0,0.0,0.0,0.0,0.0,0.0,0.0,145.0,93.0,167.0,159.0,18.0,8.0,20.0,10.0,15.0,6.0,1.0
126.308,52,169347.0,600.0,88.0,600.0,784.0,0.0,1.0,0.0,0.0,0.5,0.021,0.5,0.63,0.51,0.036,0.51,0.645,0.0,0.0,-1.77,-5.43,7.17,7.25,0.0,0.0,0.0,0.0,0.0,0.0,-3.14,1.0,1.0,-0.0,0.0,0.0,-0.0,0.0,0.0,0.0,0.0,0.0,0.0,0.0,0.0,145.0,93.0,167.0,159.0,18.0,8.0,20.0,10.0,15.0,6.0,0.0
126.356,52,169399.0,600.0,88.0,600.0,784.0,0.0,1.0,0.0,0.0,0.5,0.021,0.5,0.63,0.51,0.036,0.51,0.645,0.0,0.0,-1.77,-5.43,7.17,7.25,0.0,0.0,0.0,0.0,0.0,0.0,-3.14,1.0,1.0,-0.0,-0.0,0.0,-0.0,0.0,0.0,0.0,0.0,0.0,0.0,0.0,0.0,145.0,93.0,167.0,159.0,18.0,8.0,20.0,10.0,15.0,6.0,1.0
126.39,51,169450.0,600.0,88.0,600.0,784.0,0.0,1.0,0.0,0.0,0.5,0.021,0.5,0.63,0.51,0.036,0.51,0.645,0.0,0.0,-1.77,-5.43,7.17,7.25,0.0,0.0,0.0,0.0,0.0,0.0,-3.14,1.0,1.0,-0.0,0.0,0.0,-0.0,0.0,0.0,0.0,0.0,0.0,0.0,0.0,0.0,145.0,93.0,167.0,159.0,18.0,8.0,20.0,10.0,15.0,6.0,0.0
126.457,53,169503.0,600.0,88.0,600.0,784.0,0.0,1.0,0.0,0.0,0.5,0.021,0.5,0.63,0.51,0.036,0.51,0.645,0.0,0.0,-1.77,-5.43,7.17,7.25,0.0,0.0,0.0,0.0,0.0,0.0,-3.14,1.0,1.0,-0.0,-0.0,0.0,-0.0,0.0,0.0,0.0,0.0,0.0,0.0,0.0,0.0,145.0,93.0,167.0,159.0,18.0,8.0,20.0,10.0,15.0,6.0,1.0
126.524,52,169555.0,600.0,88.0,600.0,782.0,0.0,1.0,0.0,0.0,0.5,0.021,0.5,0.63,0.51,0.036,0.51,0.645,0.0,0.0,-1.77,-5.43,7.17,7.25,0.0,0.0,0.0,0.0,0.0,0.0,-3.14,1.0,1.0,-0.0,-0.0,0.0,-0.0,0.0,0.0,0.0,0.0,0.0,0.0,0.0,0.0,145.0,93.0,167.0,159.0,18.0,8.0,20.0,10.0,15.0,6.0,0.0
126.557,52,169607.0,600.0,88.0,600.0,782.0,0.0,1.0,0.0,0.0,0.5,0.021,0.5,0.63,0.51,0.036,0.51,0.645,0.0,0.0,-1.77,-5.43,7.17,7.25,0.0,0.0,0.0,0.0,0.0,0.0,-3.14,1.0,1.0,-0.0,-0.0,0.0,-0.0,0.0,0.0,0.0,0.0,0.0,0.0,0.0,0.0,145.0,93.0,167.0,159.0,18.0,8.0,20.0,10.0,15.0,6.0,0.0
126.623,52,169659.0,600.0,88.0,600.0,782.0,0.0,1.0,0.0,0.0,0.5,0.021,0.5,0.63,0.51,0.036,0.51,0.645,0.0,0.0,-1.76,-5.43,7.17,7.25,0.0,0.0,0.0,0.0,0.0,0.0,-3.14,1.0,1.0,-0.0,-0.0,0.0,-0.0,0.0,0.0,0.0,0.0,0.0,0.0,0.0,0.0,145.0,93.0,167.0,159.0,18.0,8.0,20.0,10.0,15.0,6.0,0.0
126.656,52,169711.0,600.0,88.0,600.0,782.0,0.0,1.0,0.0,0.0,0.5,0.021,0.5,0.63,0.51,0.036,0.51,0.645,0.0,0.0,-1.76,-5.43,7.17,7.25,0.0,0.0,0.0,0.0,0.0,0.0,-3.14,1.0,1.0,-0.0,-0.0,0.0,-0.0,0.0,0.0,0.0,0.0,0.0,0.0,0.0,0.0,145.0,93.0,167.0,159.0,18.0,8.0,20.0,10.0,15.0,6.0,0.0
126.724,52,169763.0,600.0,88.0,600.0,783.0,0.0,1.0,0.0,0.0,0.5,0.021,0.5,0.63,0.51,0.036,0.51,0.645,0.0,0.0,-1.76,-5.43,7.17,7.25,0.0,0.0,0.0,0.0,0.0,0.0,-3.14,1.0,1.0,-0.0,-0.0,0.0,-0.0,0.0,0.0,0.0,0.0,0.0,0.0,0.0,0.0,145.0,93.0,167.0,159.0,18.0,8.0,20.0,10.0,15.0,6.0,1.0
126.757,52,169815.0,600.0,88.0,600.0,783.0,0.0,1.0,0.0,0.0,0.5,0.021,0.5,0.63,0.51,0.036,0.51,0.645,0.0,0.0,-1.76,-5.43,7.17,7.25,0.0,0.0,0.0,0.0,0.0,0.0,-3.14,1.0,1.0,-0.0,-0.0,0.0,-0.0,0.0,0.0,0.0,0.0,0.0,0.0,0.0,0.0,145.0,93.0,167.0,159.0,18.0,8.0,20.0,10.0,15.0,6.0,1.0
126.828,52,169867.0,600.0,88.0,600.0,783.0,0.0,1.0,0.0,0.0,0.5,0.021,0.5,0.63,0.51,0.036,0.51,0.645,0.0,0.0,-1.76,-5.44,7.17,7.25,0.0,0.0,0.0,0.0,0.0,0.0,-3.14,1.0,1.0,-0.0,0.0,0.0,-0.0,0.0,0.0,0.0,0.0,0.0,0.0,0.0,0.0,145.0,93.0,167.0,159.0,18.0,8.0,20.0,10.0,15.0,6.0,0.0
126.858,53,169920.0,600.0,88.0,600.0,783.0,0.0,1.0,0.0,0.0,0.5,0.021,0.5,0.63,0.51,0.036,0.51,0.645,0.0,0.0,-1.76,-5.44,7.17,7.25,0.0,0.0,0.0,0.0,0.0,0.0,-3.14,1.0,1.0,-0.0,-0.0,0.0,-0.0,0.0,0.0,0.0,0.0,0.0,0.0,0.0,0.0,145.0,93.0,167.0,159.0,18.0,8.0,20.0,10.0,15.0,6.0,0.0
126.916,53,169973.0,600.0,88.0,600.0,781.0,0.0,1.0,0.0,0.0,0.5,0.021,0.5,0.629,0.51,0.036,0.51,0.644,0.0,0.0,-1.76,-5.44,7.17,7.25,0.0,0.0,0.0,0.0,0.0,0.0,-3.14,1.0,1.0,-0.0,-0.0,0.0,-0.0,0.0,0.0,0.0,0.0,0.0,0.0,0.0,0.0,145.0,93.0,167.0,159.0,18.0,8.0,20.0,10.0,15.0,6.0,0.0
126.973,52,170025.0,600.0,88.0,600.0,781.0,0.0,1.0,0.0,0.0,0.5,0.021,0.5,0.629,0.51,0.036,0.51,0.644,0.0,0.0,-1.76,-5.44,7.17,7.25,0.0,0.0,0.0,0.0,0.0,0.0,-3.14,1.0,1.0,-0.0,0.0,0.0,-0.0,0.0,0.0,0.0,0.0,0.0,0.0,0.0,0.0,145.0,93.0,167.0,159.0,18.0,8.0,20.0,10.0,15.0,6.0,1.0
127.031,52,170077.0,600.0,88.0,600.0,781.0,0.0,1.0,0.0,0.0,0.5,0.021,0.5,0.629,0.51,0.036,0.51,0.644,0.0,0.0,-1.76,-5.44,7.17,7.25,0.0,0.0,0.0,0.0,0.0,0.0,-3.14,1.0,1.0,-0.0,0.0,0.0,-0.0,0.0,0.0,0.0,0.0,0.0,0.0,0.0,0.0,145.0,93.0,167.0,159.0,18.0,8.0,20.0,10.0,15.0,6.0,0.0
127.088,52,170129.0,600.0,88.0,600.0,781.0,0.0,1.0,0.0,0.0,0.5,0.021,0.5,0.629,0.51,0.036,0.51,0.644,0.0,0.0,-1.75,-5.44,7.17,7.25,0.0,0.0,0.0,0.0,0.0,0.0,-3.14,1.0,1.0,-0.0,0.0,0.0,-0.0,0.0,0.0,0.0,0.0,0.0,0.0,0.0,0.0,145.0,93.0,167.0,159.0,18.0,8.0,20.0,10.0,15.0,6.0,1.0
127.117,52,170181.0,600.0,88.0,600.0,778.0,0.0,1.0,0.0,0.0,0.5,0.021,0.5,0.628,0.51,0.036,0.51,0.643,0.0,0.0,-1.75,-5.44,7.17,7.25,0.0,0.0,0.0,0.0,0.0,0.0,-3.14,1.0,1.0,-0.0,-0.0,0.0,-0.0,0.0,0.0,0.0,0.0,0.0,0.0,0.0,0.0,145.0,93.0,167.0,159.0,18.0,8.0,20.0,10.0,15.0,6.0,0.0
127.174,52,170233.0,600.0,88.0,600.0,778.0,0.0,1.0,0.0,0.0,0.5,0.021,0.5,0.628,0.51,0.036,0.51,0.643,0.0,0.0,-1.75,-5.44,7.17,7.25,0.0,0.0,0.0,0.0,0.0,0.0,-3.14,1.0,1.0,-0.0,-0.0,0.0,-0.0,0.0,0.0,0.0,0.0,0.0,0.0,0.0,0.0,145.0,93.0,167.0,159.0,18.0,8.0,20.0,10.0,15.0,6.0,0.0
127.237,52,170285.0,600.0,89.0,600.0,778.0,0.0,1.0,0.0,0.0,0.5,0.021,0.5,0.628,0.51,0.036,0.51,0.643,0.0,0.0,-1.75,-5.44,7.17,7.25,0.0,0.0,0.0,0.0,0.0,0.0,-3.14,1.0,1.0,-0.0,0.0,0.0,-0.0,0.0,0.0,0.0,0.0,0.0,0.0,0.0,0.0,145.0,93.0,167.0,159.0,18.0,8.0,20.0,10.0,15.0,6.0,0.0
127.297,52,170337.0,600.0,89.0,600.0,778.0,0.0,1.0,0.0,0.0,0.5,0.021,0.5,0.628,0.51,0.036,0.51,0.643,0.0,0.0,-1.75,-5.44,7.17,7.25,0.0,0.0,0.0,0.0,0.0,0.0,-3.14,1.0,1.0,-0.0,0.0,0.0,-0.0,0.0,0.0,0.0,0.0,0.0,0.0,0.0,0.0,145.0,93.0,167.0,159.0,18.0,8.0,20.0,10.0,15.0,6.0,0.0
127.325,53,170390.0,600.0,89.0,600.0,779.0,0.0,1.0,0.0,0.0,0.5,0.021,0.5,0.628,0.51,0.036,0.51,0.643,0.0,0.0,-1.75,-5.44,7.17,7.25,0.0,0.0,0.0,0.0,0.0,0.0,-3.14,1.0,1.0,-0.0,-0.0,0.0,-0.0,0.0,0.0,0.0,0.0,0.0,0.0,0.0,0.0,145.0,93.0,167.0,159.0,18.0,8.0,20.0,10.0,15.0,6.0,1.0
127.385,52,170442.0,600.0,89.0,600.0,779.0,0.0,1.0,0.0,0.0,0.5,0.021,0.5,0.628,0.51,0.036,0.51,0.643,0.0,0.0,-1.75,-5.44,7.17,7.25,0.0,0.0,0.0,0.0,0.0,0.0,-3.14,1.0,1.0,-0.0,-0.0,0.0,-0.0,0.0,0.0,0.0,0.0,0.0,0.0,0.0,0.0,145.0,93.0,167.0,159.0,18.0,8.0,20.0,10.0,15.0,6.0,1.0
